time,time_rel,dt,x,xdot,theta,theta_deg,thdot,error,error_sq,d_raw,a_raw,w_raw
# Run: trial_10
# Controller: PID
# Start time: 2026-02-20 14:00:19
# Distance scale: 0.15 m per unit
1771570819.098296,0.015693,0.010000,-0.017100,0.000000,0.005411,0.3100,-0.000000,0.017100,0.00029241,-0.114000,0.3100,-0.000000
1771570819.106088,0.023485,0.007791,-0.017250,-0.019252,0.005411,0.3100,-0.000000,0.017250,0.00029756,-0.115000,0.3100,-0.000000
1771570819.137794,0.055191,0.031706,-0.017100,0.004731,0.005411,0.3100,-0.000000,0.017100,0.00029241,-0.114000,0.3100,-0.000000
1771570819.146993,0.064390,0.009199,-0.017250,-0.016306,0.005411,0.3100,-0.000000,0.017250,0.00029756,-0.115000,0.3100,-0.000000
1771570819.176589,0.093986,0.029597,-0.017250,0.000000,0.005411,0.3100,-0.000000,0.017250,0.00029756,-0.115000,0.3100,-0.000000
1771570819.186273,0.103670,0.009684,-0.017250,0.000000,0.005411,0.3100,-0.000000,0.017250,0.00029756,-0.115000,0.3100,-0.000000
1771570819.218032,0.135429,0.031759,-0.017250,0.000000,0.005411,0.3100,-0.000000,0.017250,0.00029756,-0.115000,0.3100,-0.000000
1771570819.227149,0.144546,0.009118,-0.017250,0.000000,0.005411,0.3100,-0.000000,0.017250,0.00029756,-0.115000,0.3100,-0.000000
1771570819.257753,0.175150,0.030604,-0.017250,0.000000,0.005411,0.3100,-0.000000,0.017250,0.00029756,-0.115000,0.3100,-0.000000
1771570819.266453,0.183850,0.008699,-0.017100,0.017243,0.005411,0.3100,-0.000000,0.017100,0.00029241,-0.114000,0.3100,-0.000000
1771570819.298221,0.215618,0.031768,-0.017100,0.000000,0.005411,0.3100,-0.000000,0.017100,0.00029241,-0.114000,0.3100,-0.000000
1771570819.306348,0.223745,0.008127,-0.017250,-0.018457,0.005411,0.3100,-0.000000,0.017250,0.00029756,-0.115000,0.3100,-0.000000
1771570819.338053,0.255450,0.031705,-0.017250,0.000000,0.005411,0.3100,-0.000000,0.017250,0.00029756,-0.115000,0.3100,-0.000000
1771570819.346086,0.263483,0.008033,-0.017250,0.000000,0.005411,0.3100,-0.000000,0.017250,0.00029756,-0.115000,0.3100,-0.000000
1771570819.378012,0.295409,0.031927,-0.017250,0.000000,0.005411,0.3100,-0.000000,0.017250,0.00029756,-0.115000,0.3100,-0.000000
1771570819.385954,0.303351,0.007941,-0.017250,0.000000,0.005411,0.3100,-0.000000,0.017250,0.00029756,-0.115000,0.3100,-0.000000
1771570819.417854,0.335251,0.031900,-0.017250,0.000000,0.005411,0.3100,-0.000000,0.017250,0.00029756,-0.115000,0.3100,-0.000000
1771570819.426857,0.344254,0.009003,-0.017250,0.000000,0.005411,0.3100,-0.000000,0.017250,0.00029756,-0.115000,0.3100,-0.000000
1771570819.457366,0.374763,0.030509,-0.017250,0.000000,0.005411,0.3100,-0.000000,0.017250,0.00029756,-0.115000,0.3100,-0.000000
1771570819.465676,0.383073,0.008310,-0.017250,0.000000,0.005411,0.3100,-0.000000,0.017250,0.00029756,-0.115000,0.3100,-0.000000
1771570819.498086,0.415483,0.032409,-0.017250,0.000000,0.005411,0.3100,-0.000000,0.017250,0.00029756,-0.115000,0.3100,-0.000000
1771570819.507085,0.424482,0.008999,-0.017250,0.000000,0.005411,0.3100,-0.000000,0.017250,0.00029756,-0.115000,0.3100,-0.000000
1771570819.536700,0.454097,0.029615,-0.017250,0.000000,0.005411,0.3100,-0.000000,0.017250,0.00029756,-0.115000,0.3100,-0.000000
1771570819.545697,0.463094,0.008997,-0.017250,0.000000,0.005411,0.3100,-0.000000,0.017250,0.00029756,-0.115000,0.3100,-0.000000
1771570819.578264,0.495661,0.032567,-0.017250,0.000000,0.005411,0.3100,-0.000000,0.017250,0.00029756,-0.115000,0.3100,-0.000000
1771570819.586248,0.503645,0.007983,-0.017250,0.000000,0.005411,0.3100,-0.000000,0.017250,0.00029756,-0.115000,0.3100,-0.000000
1771570819.616664,0.534061,0.030416,-0.017250,0.000000,0.005411,0.3100,-0.000000,0.017250,0.00029756,-0.115000,0.3100,-0.000000
1771570819.626991,0.544388,0.010326,-0.017250,0.000000,0.005411,0.3100,-0.000000,0.017250,0.00029756,-0.115000,0.3100,-0.000000
1771570819.657597,0.574994,0.030607,-0.017250,0.000000,0.005411,0.3100,-0.000000,0.017250,0.00029756,-0.115000,0.3100,-0.000000
1771570819.666080,0.583477,0.008482,-0.017250,0.000000,0.005411,0.3100,-0.000000,0.017250,0.00029756,-0.115000,0.3100,-0.000000
1771570819.696937,0.614334,0.030857,-0.017250,0.000000,0.005411,0.3100,-0.000000,0.017250,0.00029756,-0.115000,0.3100,-0.000000
1771570819.706542,0.623939,0.009606,-0.017250,0.000000,0.005411,0.3100,-0.000000,0.017250,0.00029756,-0.115000,0.3100,-0.000000
1771570819.737047,0.654444,0.030505,-0.017250,0.000000,0.005411,0.3100,-0.000000,0.017250,0.00029756,-0.115000,0.3100,-0.000000
1771570819.745409,0.662806,0.008361,-0.017250,0.000000,0.005411,0.3100,-0.000000,0.017250,0.00029756,-0.115000,0.3100,-0.000000
1771570819.777746,0.695143,0.032337,-0.017250,0.000000,0.005411,0.3100,-0.000000,0.017250,0.00029756,-0.115000,0.3100,-0.000000
1771570819.785498,0.702895,0.007752,-0.017400,-0.019350,0.005411,0.3100,-0.000000,0.017400,0.00030276,-0.116000,0.3100,-0.000000
1771570819.816915,0.734312,0.031417,-0.017250,0.004774,0.005411,0.3100,-0.000000,0.017250,0.00029756,-0.115000,0.3100,-0.000000
1771570819.826337,0.743734,0.009422,-0.017250,0.000000,0.005411,0.3100,-0.000000,0.017250,0.00029756,-0.115000,0.3100,-0.000000
1771570819.857407,0.774804,0.031070,-0.017250,0.000000,0.005411,0.3100,-0.000000,0.017250,0.00029756,-0.115000,0.3100,-0.000000
1771570819.865324,0.782721,0.007916,-0.017400,-0.018948,0.005411,0.3100,-0.000000,0.017400,0.00030276,-0.116000,0.3100,-0.000000
1771570819.897527,0.814924,0.032204,-0.017400,0.000000,0.005411,0.3100,-0.000000,0.017400,0.00030276,-0.116000,0.3100,-0.000000
1771570819.906508,0.823905,0.008981,-0.017400,0.000000,0.005411,0.3100,-0.000000,0.017400,0.00030276,-0.116000,0.3100,-0.000000
1771570819.936726,0.854123,0.030218,-0.017400,0.000000,0.005411,0.3100,-0.000000,0.017400,0.00030276,-0.116000,0.3100,-0.000000
1771570819.946702,0.864099,0.009975,-0.017400,0.000000,0.005411,0.3100,-0.000000,0.017400,0.00030276,-0.116000,0.3100,-0.000000
1771570819.977803,0.895200,0.031101,-0.017400,0.000000,0.005411,0.3100,-0.000000,0.017400,0.00030276,-0.116000,0.3100,-0.000000
1771570819.986073,0.903470,0.008270,-0.017400,0.000000,0.005411,0.3100,-0.000000,0.017400,0.00030276,-0.116000,0.3100,-0.000000
1771570820.017715,0.935112,0.031642,-0.017400,0.000000,0.005411,0.3100,-0.000000,0.017400,0.00030276,-0.116000,0.3100,-0.000000
1771570820.026166,0.943563,0.008451,-0.017400,0.000000,0.005411,0.3100,-0.000000,0.017400,0.00030276,-0.116000,0.3100,-0.000000
1771570820.056478,0.973875,0.030312,-0.017400,0.000000,0.005411,0.3100,-0.000000,0.017400,0.00030276,-0.116000,0.3100,-0.000000
1771570820.066384,0.983781,0.009906,-0.017400,0.000000,0.005411,0.3100,-0.000000,0.017400,0.00030276,-0.116000,0.3100,-0.000000
1771570820.097194,1.014591,0.030810,-0.017400,0.000000,0.005411,0.3100,-0.000000,0.017400,0.00030276,-0.116000,0.3100,-0.000000
1771570820.106197,1.023594,0.009003,-0.017400,0.000000,0.005411,0.3100,-0.000000,0.017400,0.00030276,-0.116000,0.3100,-0.000000
1771570820.137036,1.054433,0.030839,-0.017400,0.000000,0.005411,0.3100,-0.000000,0.017400,0.00030276,-0.116000,0.3100,-0.000000
1771570820.145828,1.063225,0.008792,-0.017400,0.000000,0.005411,0.3100,-0.000000,0.017400,0.00030276,-0.116000,0.3100,-0.000000
1771570820.178239,1.095636,0.032411,-0.017400,0.000000,0.005411,0.3100,-0.000000,0.017400,0.00030276,-0.116000,0.3100,-0.000000
1771570820.186601,1.103998,0.008362,-0.017400,0.000000,0.005411,0.3100,-0.000000,0.017400,0.00030276,-0.116000,0.3100,-0.000000
1771570820.217166,1.134563,0.030565,-0.017400,0.000000,0.005411,0.3100,-0.000000,0.017400,0.00030276,-0.116000,0.3100,-0.000000
1771570820.225435,1.142833,0.008270,-0.017400,0.000000,0.005411,0.3100,-0.000000,0.017400,0.00030276,-0.116000,0.3100,-0.000000
1771570820.257543,1.174940,0.032107,-0.017400,0.000000,0.005411,0.3100,-0.000000,0.017400,0.00030276,-0.116000,0.3100,-0.000000
1771570820.265616,1.183013,0.008074,-0.017400,0.000000,0.005411,0.3100,-0.000000,0.017400,0.00030276,-0.116000,0.3100,-0.000000
1771570820.297750,1.215147,0.032134,-0.017400,0.000000,0.005411,0.3100,-0.000000,0.017400,0.00030276,-0.116000,0.3100,-0.000000
1771570820.306560,1.223957,0.008809,-0.017400,0.000000,0.005411,0.3100,-0.000000,0.017400,0.00030276,-0.116000,0.3100,-0.000000
1771570820.337281,1.254678,0.030722,-0.017400,0.000000,0.005411,0.3100,-0.000000,0.017400,0.00030276,-0.116000,0.3100,-0.000000
1771570820.345776,1.263173,0.008494,-0.017400,0.000000,0.005411,0.3100,-0.000000,0.017400,0.00030276,-0.116000,0.3100,-0.000000
1771570820.378011,1.295408,0.032235,-0.017400,0.000000,0.005760,0.3300,-0.000000,0.017400,0.00030276,-0.116000,0.3300,-0.000000
1771570820.385998,1.303395,0.007987,-0.017400,0.000000,0.005760,0.3300,-0.000000,0.017400,0.00030276,-0.116000,0.3300,-0.000000
1771570820.417426,1.334823,0.031428,-0.017400,0.000000,0.005411,0.3100,-0.000000,0.017400,0.00030276,-0.116000,0.3100,-0.000000
1771570820.425623,1.343020,0.008197,-0.017250,0.018299,0.005411,0.3100,-0.000000,0.017250,0.00029756,-0.115000,0.3100,-0.000000
1771570820.457301,1.374698,0.031678,-0.017400,-0.004735,0.005411,0.3100,-0.000000,0.017400,0.00030276,-0.116000,0.3100,-0.000000
1771570820.465518,1.382915,0.008217,-0.017550,-0.018254,0.005411,0.3100,-0.000000,0.017550,0.00030800,-0.117000,0.3100,-0.000000
1771570820.497458,1.414855,0.031940,-0.017550,0.000000,0.005760,0.3300,-0.000000,0.017550,0.00030800,-0.117000,0.3300,-0.000000
1771570820.505819,1.423216,0.008361,-0.017250,0.035882,0.005760,0.3300,-0.000000,0.017250,0.00029756,-0.115000,0.3300,-0.000000
1771570820.538314,1.455711,0.032495,-0.017250,0.000000,0.005760,0.3300,-0.000000,0.017250,0.00029756,-0.115000,0.3300,-0.000000
1771570820.546486,1.463883,0.008173,-0.017400,-0.018354,0.005760,0.3300,-0.000000,0.017400,0.00030276,-0.116000,0.3300,-0.000000
1771570820.578280,1.495677,0.031794,-0.017400,0.000000,0.005760,0.3300,-0.000000,0.017400,0.00030276,-0.116000,0.3300,-0.000000
1771570820.585737,1.503134,0.007457,-0.017250,0.020114,0.005760,0.3300,-0.000000,0.017250,0.00029756,-0.115000,0.3300,-0.000000
1771570820.618957,1.536354,0.033220,-0.017250,0.000000,0.006109,0.3500,-0.000000,0.017250,0.00029756,-0.115000,0.3500,-0.000000
1771570820.625996,1.543393,0.007039,-0.017250,0.000000,0.006109,0.3500,-0.000000,0.017250,0.00029756,-0.115000,0.3500,-0.000000
1771570820.657110,1.574507,0.031114,-0.017250,0.000000,0.006109,0.3500,-0.000000,0.017250,0.00029756,-0.115000,0.3500,-0.000000
1771570820.665471,1.582868,0.008361,-0.015450,0.215289,0.006109,0.3500,-0.000000,0.015450,0.00023870,-0.103000,0.3500,-0.000000
1771570820.698203,1.615600,0.032732,-0.017250,-0.054992,0.006109,0.3500,-0.000000,0.017250,0.00029756,-0.115000,0.3500,-0.000000
1771570820.706482,1.623879,0.008280,-0.017550,-0.036234,0.006109,0.3500,-0.000000,0.017550,0.00030800,-0.117000,0.3500,-0.000000
1771570820.738019,1.655416,0.031537,-0.017550,0.000000,0.008029,0.4600,-0.000000,0.017550,0.00030800,-0.117000,0.4600,-0.000000
1771570820.746207,1.663604,0.008188,-0.017400,0.018321,0.008029,0.4600,0.000611,0.017400,0.00030276,-0.116000,0.4600,0.035000
1771570820.778267,1.695664,0.032061,-0.017250,0.004679,0.015359,0.8800,0.000367,0.017250,0.00029756,-0.115000,0.8800,0.021000
1771570820.786347,1.703744,0.008079,-0.017550,-0.037132,0.015359,0.8800,0.000227,0.017550,0.00030800,-0.117000,0.8800,0.013000
1771570820.816643,1.734040,0.030297,-0.017550,0.000000,0.015359,0.8800,0.000140,0.017550,0.00030800,-0.117000,0.8800,0.008000
1771570820.825102,1.742499,0.008459,-0.015900,0.195067,0.015708,0.9000,0.000087,0.015900,0.00025281,-0.106000,0.9000,0.005000
1771570820.857512,1.774909,0.032410,-0.017100,-0.037025,0.015708,0.9000,0.000052,0.017100,0.00029241,-0.114000,0.9000,0.003000
1771570820.865862,1.783259,0.008350,-0.017550,-0.053893,0.016406,0.9400,0.000035,0.017550,0.00030800,-0.117000,0.9400,0.002000
1771570820.896860,1.814257,0.030998,-0.017400,0.004839,0.020769,1.1900,0.000017,0.017400,0.00030276,-0.116000,1.1900,0.001000
1771570820.904978,1.822375,0.008117,-0.016950,0.055438,0.020769,1.1900,0.000017,0.016950,0.00028730,-0.113000,1.1900,0.001000
1771570820.937232,1.854629,0.032254,-0.017250,-0.009301,0.032987,1.8900,0.000000,0.017250,0.00029756,-0.115000,1.8900,0.000000
1771570820.945505,1.862902,0.008274,-0.017400,-0.018129,0.034907,2.0000,0.000000,0.017400,0.00030276,-0.116000,2.0000,0.000000
1771570820.977482,1.894879,0.031977,-0.017400,0.000000,0.034208,1.9600,0.000000,0.017400,0.00030276,-0.116000,1.9600,0.000000
1771570820.986243,1.903640,0.008761,-0.017250,0.017121,0.033685,1.9300,0.000000,0.017250,0.00029756,-0.115000,1.9300,0.000000
1771570821.016613,1.934010,0.030370,-0.017250,0.000000,0.034558,1.9800,0.000000,0.017250,0.00029756,-0.115000,1.9800,0.000000
1771570821.025577,1.942974,0.008965,-0.017250,0.000000,0.034558,1.9800,0.000000,0.017250,0.00029756,-0.115000,1.9800,0.000000
1771570821.057605,1.975002,0.032028,-0.017400,-0.004683,0.034208,1.9600,0.000000,0.017400,0.00030276,-0.116000,1.9600,0.000000
1771570821.065972,1.983369,0.008367,-0.017400,0.000000,0.034208,1.9600,0.000000,0.017400,0.00030276,-0.116000,1.9600,0.000000
1771570821.098142,2.015539,0.032169,-0.017400,0.000000,0.034208,1.9600,0.000000,0.017400,0.00030276,-0.116000,1.9600,0.000000
1771570821.106333,2.023731,0.008192,-0.017400,0.000000,0.034208,1.9600,0.000000,0.017400,0.00030276,-0.116000,1.9600,0.000000
1771570821.137719,2.055116,0.031386,-0.017250,0.004779,0.034208,1.9600,0.000000,0.017250,0.00029756,-0.115000,1.9600,0.000000
1771570821.146215,2.063612,0.008496,-0.017400,-0.017656,0.034208,1.9600,0.000000,0.017400,0.00030276,-0.116000,1.9600,0.000000
1771570821.177007,2.094404,0.030792,-0.017250,0.004871,0.034208,1.9600,0.000000,0.017250,0.00029756,-0.115000,1.9600,0.000000
1771570821.185307,2.102704,0.008299,-0.017400,-0.018074,0.034208,1.9600,0.000000,0.017400,0.00030276,-0.116000,1.9600,0.000000
1771570821.217470,2.134867,0.032164,-0.017400,0.000000,0.034208,1.9600,0.000000,0.017400,0.00030276,-0.116000,1.9600,0.000000
1771570821.225883,2.143280,0.008413,-0.017400,0.000000,0.034208,1.9600,0.000000,0.017400,0.00030276,-0.116000,1.9600,0.000000
1771570821.257069,2.174466,0.031186,-0.017400,0.000000,0.034208,1.9600,0.000000,0.017400,0.00030276,-0.116000,1.9600,0.000000
1771570821.265824,2.183221,0.008754,-0.017400,0.000000,0.034208,1.9600,0.000000,0.017400,0.00030276,-0.116000,1.9600,0.000000
1771570821.297663,2.215060,0.031840,-0.017400,0.000000,0.034208,1.9600,0.000000,0.017400,0.00030276,-0.116000,1.9600,0.000000
1771570821.306570,2.223967,0.008906,-0.017400,0.000000,0.034208,1.9600,0.000000,0.017400,0.00030276,-0.116000,1.9600,0.000000
1771570821.337276,2.254673,0.030706,-0.017400,0.000000,0.034208,1.9600,0.000000,0.017400,0.00030276,-0.116000,1.9600,0.000000
1771570821.345664,2.263061,0.008389,-0.017400,0.000000,0.034208,1.9600,0.000000,0.017400,0.00030276,-0.116000,1.9600,0.000000
1771570821.376772,2.294169,0.031108,-0.017400,0.000000,0.034208,1.9600,0.000000,0.017400,0.00030276,-0.116000,1.9600,0.000000
1771570821.385631,2.303028,0.008859,-0.017400,0.000000,0.034208,1.9600,0.000000,0.017400,0.00030276,-0.116000,1.9600,0.000000
1771570821.417664,2.335061,0.032032,-0.017400,0.000000,0.034208,1.9600,0.000000,0.017400,0.00030276,-0.116000,1.9600,0.000000
1771570821.426102,2.343499,0.008438,-0.017400,0.000000,0.034208,1.9600,0.000000,0.017400,0.00030276,-0.116000,1.9600,0.000000
1771570821.456820,2.374218,0.030719,-0.017400,0.000000,0.034208,1.9600,0.000000,0.017400,0.00030276,-0.116000,1.9600,0.000000
1771570821.465818,2.383215,0.008997,-0.017400,0.000000,0.034208,1.9600,0.000000,0.017400,0.00030276,-0.116000,1.9600,0.000000
1771570821.497342,2.414739,0.031524,-0.017400,0.000000,0.034208,1.9600,0.000000,0.017400,0.00030276,-0.116000,1.9600,0.000000
1771570821.506480,2.423877,0.009138,-0.017400,0.000000,0.034208,1.9600,0.000000,0.017400,0.00030276,-0.116000,1.9600,0.000000
1771570821.537055,2.454453,0.030576,-0.017400,0.000000,0.034208,1.9600,0.000000,0.017400,0.00030276,-0.116000,1.9600,0.000000
1771570821.545398,2.462795,0.008342,-0.017400,0.000000,0.034208,1.9600,0.000000,0.017400,0.00030276,-0.116000,1.9600,0.000000
1771570821.577100,2.494497,0.031703,-0.017400,0.000000,0.034208,1.9600,0.000000,0.017400,0.00030276,-0.116000,1.9600,0.000000
1771570821.585618,2.503016,0.008518,-0.017400,0.000000,0.034208,1.9600,0.000000,0.017400,0.00030276,-0.116000,1.9600,0.000000
1771570821.616330,2.533727,0.030711,-0.017400,0.000000,0.034208,1.9600,0.000000,0.017400,0.00030276,-0.116000,1.9600,0.000000
1771570821.626185,2.543582,0.009855,-0.017400,0.000000,0.034208,1.9600,0.000000,0.017400,0.00030276,-0.116000,1.9600,0.000000
1771570821.657351,2.574748,0.031166,-0.017400,0.000000,0.034208,1.9600,0.000000,0.017400,0.00030276,-0.116000,1.9600,0.000000
1771570821.665379,2.582776,0.008028,-0.017400,0.000000,0.034208,1.9600,0.000000,0.017400,0.00030276,-0.116000,1.9600,0.000000
1771570821.697661,2.615058,0.032282,-0.017250,0.004647,0.034208,1.9600,0.000000,0.017250,0.00029756,-0.115000,1.9600,0.000000
1771570821.705986,2.623383,0.008325,-0.017400,-0.018019,0.034208,1.9600,0.000000,0.017400,0.00030276,-0.116000,1.9600,0.000000
1771570821.736861,2.654258,0.030876,-0.017400,0.000000,0.034208,1.9600,0.000000,0.017400,0.00030276,-0.116000,1.9600,0.000000
1771570821.745173,2.662570,0.008312,-0.017250,0.018047,0.034208,1.9600,0.000000,0.017250,0.00029756,-0.115000,1.9600,0.000000
1771570821.777135,2.694532,0.031962,-0.016950,0.009386,0.034208,1.9600,0.000000,0.016950,0.00028730,-0.113000,1.9600,0.000000
1771570821.786043,2.703440,0.008908,-0.017400,-0.050516,0.034208,1.9600,0.000000,0.017400,0.00030276,-0.116000,1.9600,0.000000
1771570821.817700,2.735097,0.031657,-0.017400,0.000000,0.034208,1.9600,0.000000,0.017400,0.00030276,-0.116000,1.9600,0.000000
1771570821.826223,2.743620,0.008523,-0.016350,0.123196,0.034208,1.9600,0.000000,0.016350,0.00026732,-0.109000,1.9600,0.000000
1771570821.857489,2.774886,0.031266,-0.016800,-0.014392,0.034208,1.9600,0.000000,0.016800,0.00028224,-0.112000,1.9600,0.000000
1771570821.866370,2.783767,0.008881,-0.017400,-0.067561,0.034208,1.9600,0.000000,0.017400,0.00030276,-0.116000,1.9600,0.000000
1771570821.896484,2.813881,0.030114,-0.017400,0.000000,0.034208,1.9600,0.000000,0.017400,0.00030276,-0.116000,1.9600,0.000000
1771570821.905041,2.822438,0.008557,-0.017100,0.035058,0.034208,1.9600,0.000000,0.017100,0.00029241,-0.114000,1.9600,0.000000
1771570821.937271,2.854668,0.032230,-0.016500,0.018616,0.034208,1.9600,0.000000,0.016500,0.00027225,-0.110000,1.9600,0.000000
1771570821.946156,2.863553,0.008885,-0.017400,-0.101295,0.034208,1.9600,0.000000,0.017400,0.00030276,-0.116000,1.9600,0.000000
1771570821.977930,2.895327,0.031774,-0.017250,0.004721,0.034208,1.9600,0.000000,0.017250,0.00029756,-0.115000,1.9600,0.000000
1771570821.986316,2.903713,0.008386,-0.016800,0.053660,0.034208,1.9600,0.000000,0.016800,0.00028224,-0.112000,1.9600,0.000000
1771570822.017004,2.934401,0.030688,-0.016950,-0.004888,0.034208,1.9600,0.000000,0.016950,0.00028730,-0.113000,1.9600,0.000000
1771570822.025607,2.943004,0.008603,-0.016950,0.000000,0.034208,1.9600,0.000000,0.016950,0.00028730,-0.113000,1.9600,0.000000
1771570822.057804,2.975201,0.032198,-0.017100,-0.004659,0.034208,1.9600,0.000000,0.017100,0.00029241,-0.114000,1.9600,0.000000
1771570822.066053,2.983450,0.008249,-0.017400,-0.036368,0.034208,1.9600,0.000000,0.017400,0.00030276,-0.116000,1.9600,0.000000
1771570822.096524,3.013921,0.030471,-0.017100,0.009845,0.034208,1.9600,0.000000,0.017100,0.00029241,-0.114000,1.9600,0.000000
1771570822.105380,3.022777,0.008855,-0.017100,0.000000,0.034208,1.9600,0.000000,0.017100,0.00029241,-0.114000,1.9600,0.000000
1771570822.136749,3.054146,0.031370,-0.016950,0.004782,0.034208,1.9600,0.000000,0.016950,0.00028730,-0.113000,1.9600,0.000000
1771570822.147006,3.064403,0.010257,-0.017400,-0.043874,0.034208,1.9600,0.000000,0.017400,0.00030276,-0.116000,1.9600,0.000000
1771570822.177233,3.094630,0.030227,-0.017250,0.004962,0.034208,1.9600,0.000000,0.017250,0.00029756,-0.115000,1.9600,0.000000
1771570822.185172,3.102569,0.007940,-0.016800,0.056678,0.034208,1.9600,0.000000,0.016800,0.00028224,-0.112000,1.9600,0.000000
1771570822.217216,3.134614,0.032044,-0.017400,-0.018724,0.034208,1.9600,0.000000,0.017400,0.00030276,-0.116000,1.9600,0.000000
1771570822.225215,3.142612,0.007998,-0.017250,0.018754,0.034208,1.9600,0.000000,0.017250,0.00029756,-0.115000,1.9600,0.000000
1771570822.257595,3.174992,0.032380,-0.017400,-0.004632,0.034208,1.9600,0.000000,0.017400,0.00030276,-0.116000,1.9600,0.000000
1771570822.265867,3.183264,0.008272,-0.017400,0.000000,0.034208,1.9600,0.000000,0.017400,0.00030276,-0.116000,1.9600,0.000000
1771570822.296270,3.213667,0.030404,-0.017400,0.000000,0.034208,1.9600,0.000000,0.017400,0.00030276,-0.116000,1.9600,0.000000
1771570822.305143,3.222540,0.008873,-0.017400,0.000000,0.034208,1.9600,0.000000,0.017400,0.00030276,-0.116000,1.9600,0.000000
1771570822.339586,3.256983,0.034443,-0.017400,0.000000,0.034208,1.9600,0.000000,0.017400,0.00030276,-0.116000,1.9600,0.000000
1771570822.346804,3.264201,0.007218,-0.017400,0.000000,0.034208,1.9600,0.000000,0.017400,0.00030276,-0.116000,1.9600,0.000000
1771570822.377229,3.294626,0.030425,-0.017400,0.000000,0.034208,1.9600,0.000000,0.017400,0.00030276,-0.116000,1.9600,0.000000
1771570822.386145,3.303542,0.008916,-0.017400,0.000000,0.034208,1.9600,0.000000,0.017400,0.00030276,-0.116000,1.9600,0.000000
1771570822.417887,3.335284,0.031742,-0.017400,0.000000,0.034208,1.9600,0.000000,0.017400,0.00030276,-0.116000,1.9600,0.000000
1771570822.426399,3.343796,0.008512,-0.017250,0.017623,0.034208,1.9600,0.000000,0.017250,0.00029756,-0.115000,1.9600,0.000000
1771570822.456845,3.374242,0.030445,-0.017400,-0.004927,0.034208,1.9600,0.000000,0.017400,0.00030276,-0.116000,1.9600,0.000000
1771570822.466508,3.383905,0.009664,-0.017250,0.015522,0.034208,1.9600,0.000000,0.017250,0.00029756,-0.115000,1.9600,0.000000
1771570822.497116,3.414513,0.030608,-0.017250,0.000000,0.034208,1.9600,0.000000,0.017250,0.00029756,-0.115000,1.9600,0.000000
1771570822.506188,3.423585,0.009072,-0.017250,0.000000,0.034208,1.9600,0.000000,0.017250,0.00029756,-0.115000,1.9600,0.000000
1771570822.537166,3.454563,0.030978,-0.017250,0.000000,0.034208,1.9600,0.000000,0.017250,0.00029756,-0.115000,1.9600,0.000000
1771570822.545422,3.462819,0.008256,-0.017250,0.000000,0.034208,1.9600,0.000000,0.017250,0.00029756,-0.115000,1.9600,0.000000
1771570822.577497,3.494895,0.032075,-0.017400,-0.004676,0.034208,1.9600,0.000000,0.017400,0.00030276,-0.116000,1.9600,0.000000
1771570822.585481,3.502878,0.007984,-0.017250,0.018788,0.034208,1.9600,0.000000,0.017250,0.00029756,-0.115000,1.9600,0.000000
1771570822.616959,3.534356,0.031477,-0.017400,-0.004765,0.034208,1.9600,0.000000,0.017400,0.00030276,-0.116000,1.9600,0.000000
1771570822.625318,3.542715,0.008359,-0.017250,0.017944,0.034208,1.9600,0.000000,0.017250,0.00029756,-0.115000,1.9600,0.000000
1771570822.656673,3.574070,0.031355,-0.017250,0.000000,0.034208,1.9600,0.000000,0.017250,0.00029756,-0.115000,1.9600,0.000000
1771570822.666434,3.583831,0.009761,-0.017400,-0.015367,0.034208,1.9600,0.000000,0.017400,0.00030276,-0.116000,1.9600,0.000000
1771570822.696720,3.614117,0.030287,-0.017400,0.000000,0.034208,1.9600,0.000000,0.017400,0.00030276,-0.116000,1.9600,0.000000
1771570822.706342,3.623739,0.009622,-0.017250,0.015590,0.034208,1.9600,0.000000,0.017250,0.00029756,-0.115000,1.9600,0.000000
1771570822.736936,3.654333,0.030594,-0.017400,-0.004903,0.034208,1.9600,0.000000,0.017400,0.00030276,-0.116000,1.9600,0.000000
1771570822.745233,3.662630,0.008297,-0.017400,0.000000,0.034208,1.9600,0.000000,0.017400,0.00030276,-0.116000,1.9600,0.000000
1771570822.776798,3.694195,0.031565,-0.017250,0.004752,0.034208,1.9600,0.000000,0.017250,0.00029756,-0.115000,1.9600,0.000000
1771570822.785885,3.703282,0.009087,-0.017250,0.000000,0.034208,1.9600,0.000000,0.017250,0.00029756,-0.115000,1.9600,0.000000
1771570822.817193,3.734590,0.031308,-0.017250,0.000000,0.034208,1.9600,0.000000,0.017250,0.00029756,-0.115000,1.9600,0.000000
1771570822.825159,3.742556,0.007967,-0.017250,0.000000,0.034208,1.9600,0.000000,0.017250,0.00029756,-0.115000,1.9600,0.000000
1771570822.856960,3.774357,0.031801,-0.017250,0.000000,0.034208,1.9600,0.000000,0.017250,0.00029756,-0.115000,1.9600,0.000000
1771570822.866376,3.783773,0.009416,-0.017250,0.000000,0.034208,1.9600,0.000000,0.017250,0.00029756,-0.115000,1.9600,0.000000
1771570822.896787,3.814184,0.030411,-0.017400,-0.004932,0.034208,1.9600,0.000000,0.017400,0.00030276,-0.116000,1.9600,0.000000
1771570822.905765,3.823162,0.008978,-0.017400,0.000000,0.034208,1.9600,0.000000,0.017400,0.00030276,-0.116000,1.9600,0.000000
1771570822.936823,3.854220,0.031058,-0.017400,0.000000,0.034208,1.9600,0.000000,0.017400,0.00030276,-0.116000,1.9600,0.000000
1771570822.945220,3.862617,0.008396,-0.017400,0.000000,0.034208,1.9600,0.000000,0.017400,0.00030276,-0.116000,1.9600,0.000000
1771570822.976938,3.894336,0.031719,-0.017400,0.000000,0.034208,1.9600,0.000000,0.017400,0.00030276,-0.116000,1.9600,0.000000
1771570822.985357,3.902754,0.008419,-0.017400,0.000000,0.034208,1.9600,0.000000,0.017400,0.00030276,-0.116000,1.9600,0.000000
1771570823.016956,3.934353,0.031599,-0.017400,0.000000,0.034208,1.9600,0.000000,0.017400,0.00030276,-0.116000,1.9600,0.000000
1771570823.025241,3.942638,0.008286,-0.017400,0.000000,0.034208,1.9600,0.000000,0.017400,0.00030276,-0.116000,1.9600,0.000000
1771570823.057405,3.974802,0.032163,-0.017250,0.004664,0.034208,1.9600,0.000000,0.017250,0.00029756,-0.115000,1.9600,0.000000
1771570823.066134,3.983531,0.008729,-0.017250,0.000000,0.034208,1.9600,0.000000,0.017250,0.00029756,-0.115000,1.9600,0.000000
1771570823.096341,4.013738,0.030207,-0.017400,-0.004966,0.034208,1.9600,0.000000,0.017400,0.00030276,-0.116000,1.9600,0.000000
1771570823.106315,4.023712,0.009974,-0.017400,0.000000,0.034208,1.9600,0.000000,0.017400,0.00030276,-0.116000,1.9600,0.000000
1771570823.136743,4.054140,0.030429,-0.017400,0.000000,0.034208,1.9600,0.000000,0.017400,0.00030276,-0.116000,1.9600,0.000000
1771570823.145211,4.062608,0.008468,-0.017250,0.017714,0.034208,1.9600,0.000000,0.017250,0.00029756,-0.115000,1.9600,0.000000
1771570823.176522,4.093919,0.031311,-0.017400,-0.004791,0.034208,1.9600,0.000000,0.017400,0.00030276,-0.116000,1.9600,0.000000
1771570823.186848,4.104245,0.010326,-0.017400,0.000000,0.034208,1.9600,0.000000,0.017400,0.00030276,-0.116000,1.9600,0.000000
1771570823.217610,4.135007,0.030762,-0.017400,0.000000,0.034208,1.9600,0.000000,0.017400,0.00030276,-0.116000,1.9600,0.000000
1771570823.225926,4.143323,0.008317,-0.017400,0.000000,0.034208,1.9600,0.000000,0.017400,0.00030276,-0.116000,1.9600,0.000000
1771570823.256239,4.173636,0.030313,-0.017400,0.000000,0.034208,1.9600,0.000000,0.017400,0.00030276,-0.116000,1.9600,0.000000
1771570823.265186,4.182583,0.008947,-0.017400,0.000000,0.034208,1.9600,0.000000,0.017400,0.00030276,-0.116000,1.9600,0.000000
1771570823.297580,4.214977,0.032393,-0.017400,0.000000,0.034208,1.9600,0.000000,0.017400,0.00030276,-0.116000,1.9600,0.000000
1771570823.306029,4.223426,0.008450,-0.017400,0.000000,0.034208,1.9600,0.000000,0.017400,0.00030276,-0.116000,1.9600,0.000000
1771570823.337282,4.254679,0.031253,-0.017400,0.000000,0.034208,1.9600,0.000000,0.017400,0.00030276,-0.116000,1.9600,0.000000
1771570823.345093,4.262490,0.007811,-0.017400,0.000000,0.034208,1.9600,0.000000,0.017400,0.00030276,-0.116000,1.9600,0.000000
1771570823.377291,4.294688,0.032198,-0.017400,0.000000,0.034208,1.9600,0.000000,0.017400,0.00030276,-0.116000,1.9600,0.000000
1771570823.385670,4.303067,0.008379,-0.017400,0.000000,0.034208,1.9600,0.000000,0.017400,0.00030276,-0.116000,1.9600,0.000000
1771570823.417277,4.334674,0.031607,-0.017400,0.000000,0.034208,1.9600,0.000000,0.017400,0.00030276,-0.116000,1.9600,0.000000
1771570823.425629,4.343026,0.008353,-0.017400,0.000000,0.034208,1.9600,0.000000,0.017400,0.00030276,-0.116000,1.9600,0.000000
1771570823.456819,4.374216,0.031190,-0.017400,0.000000,0.034208,1.9600,0.000000,0.017400,0.00030276,-0.116000,1.9600,0.000000
1771570823.465280,4.382677,0.008461,-0.017400,0.000000,0.034208,1.9600,0.000000,0.017400,0.00030276,-0.116000,1.9600,0.000000
1771570823.497424,4.414821,0.032144,-0.017400,0.000000,0.034208,1.9600,0.000000,0.017400,0.00030276,-0.116000,1.9600,0.000000
1771570823.505915,4.423312,0.008491,-0.017400,0.000000,0.034208,1.9600,0.000000,0.017400,0.00030276,-0.116000,1.9600,0.000000
1771570823.538081,4.455478,0.032166,-0.017250,0.004663,0.034208,1.9600,0.000000,0.017250,0.00029756,-0.115000,1.9600,0.000000
1771570823.546022,4.463419,0.007941,-0.017400,-0.018890,0.034208,1.9600,0.000000,0.017400,0.00030276,-0.116000,1.9600,0.000000
1771570823.576286,4.493683,0.030264,-0.017400,0.000000,0.034208,1.9600,0.000000,0.017400,0.00030276,-0.116000,1.9600,0.000000
1771570823.585596,4.502993,0.009309,-0.017400,0.000000,0.034208,1.9600,0.000000,0.017400,0.00030276,-0.116000,1.9600,0.000000
1771570823.616641,4.534038,0.031045,-0.017400,0.000000,0.034208,1.9600,0.000000,0.017400,0.00030276,-0.116000,1.9600,0.000000
1771570823.625932,4.543329,0.009291,-0.017400,0.000000,0.034208,1.9600,0.000000,0.017400,0.00030276,-0.116000,1.9600,0.000000
1771570823.657172,4.574569,0.031241,-0.017400,0.000000,0.034208,1.9600,0.000000,0.017400,0.00030276,-0.116000,1.9600,0.000000
1771570823.665523,4.582920,0.008350,-0.017400,0.000000,0.034208,1.9600,0.000000,0.017400,0.00030276,-0.116000,1.9600,0.000000
1771570823.697638,4.615035,0.032115,-0.017250,0.004671,0.034208,1.9600,0.000000,0.017250,0.00029756,-0.115000,1.9600,0.000000
1771570823.705974,4.623371,0.008336,-0.017400,-0.017994,0.034208,1.9600,0.000000,0.017400,0.00030276,-0.116000,1.9600,0.000000
1771570823.737804,4.655201,0.031830,-0.017250,0.004712,0.034208,1.9600,0.000000,0.017250,0.00029756,-0.115000,1.9600,0.000000
1771570823.745723,4.663120,0.007919,-0.017400,-0.018942,0.034208,1.9600,0.000000,0.017400,0.00030276,-0.116000,1.9600,0.000000
1771570823.777456,4.694853,0.031733,-0.017400,0.000000,0.034208,1.9600,0.000000,0.017400,0.00030276,-0.116000,1.9600,0.000000
1771570823.786475,4.703872,0.009019,-0.017250,0.016631,0.034208,1.9600,0.000000,0.017250,0.00029756,-0.115000,1.9600,0.000000
1771570823.816336,4.733733,0.029861,-0.017400,-0.005023,0.034208,1.9600,0.000000,0.017400,0.00030276,-0.116000,1.9600,0.000000
1771570823.824924,4.742321,0.008588,-0.017250,0.017466,0.034208,1.9600,0.000000,0.017250,0.00029756,-0.115000,1.9600,0.000000
1771570823.856728,4.774125,0.031804,-0.017400,-0.004716,0.034208,1.9600,0.000000,0.017400,0.00030276,-0.116000,1.9600,0.000000
1771570823.865117,4.782514,0.008389,-0.017400,0.000000,0.034208,1.9600,0.000000,0.017400,0.00030276,-0.116000,1.9600,0.000000
1771570823.896604,4.814001,0.031487,-0.017400,0.000000,0.034208,1.9600,0.000000,0.017400,0.00030276,-0.116000,1.9600,0.000000
1771570823.905105,4.822502,0.008501,-0.017400,0.000000,0.034208,1.9600,0.000000,0.017400,0.00030276,-0.116000,1.9600,0.000000
1771570823.936806,4.854203,0.031701,-0.017400,0.000000,0.034208,1.9600,0.000000,0.017400,0.00030276,-0.116000,1.9600,0.000000
1771570823.945147,4.862544,0.008341,-0.017400,0.000000,0.034208,1.9600,0.000000,0.017400,0.00030276,-0.116000,1.9600,0.000000
1771570823.976287,4.893684,0.031139,-0.017250,0.004817,0.034208,1.9600,0.000000,0.017250,0.00029756,-0.115000,1.9600,0.000000
1771570823.986135,4.903532,0.009848,-0.017400,-0.015231,0.034208,1.9600,0.000000,0.017400,0.00030276,-0.116000,1.9600,0.000000
1771570824.016650,4.934047,0.030515,-0.017250,0.004916,0.034208,1.9600,0.000000,0.017250,0.00029756,-0.115000,1.9600,0.000000
1771570824.024847,4.942244,0.008197,-0.017250,0.000000,0.034208,1.9600,0.000000,0.017250,0.00029756,-0.115000,1.9600,0.000000
1771570824.057098,4.974495,0.032251,-0.017400,-0.004651,0.034208,1.9600,0.000000,0.017400,0.00030276,-0.116000,1.9600,0.000000
1771570824.065448,4.982845,0.008350,-0.017250,0.017964,0.034208,1.9600,0.000000,0.017250,0.00029756,-0.115000,1.9600,0.000000
1771570824.096711,5.014108,0.031263,-0.017250,0.000000,0.034208,1.9600,0.000000,0.017250,0.00029756,-0.115000,1.9600,0.000000
1771570824.105640,5.023037,0.008929,-0.017250,0.000000,0.034208,1.9600,0.000000,0.017250,0.00029756,-0.115000,1.9600,0.000000
1771570824.137645,5.055042,0.032006,-0.017400,-0.004687,0.034208,1.9600,0.000000,0.017400,0.00030276,-0.116000,1.9600,0.000000
1771570824.146535,5.063932,0.008889,-0.017250,0.016874,0.034208,1.9600,0.000000,0.017250,0.00029756,-0.115000,1.9600,0.000000
1771570824.177234,5.094631,0.030700,-0.017400,-0.004886,0.034208,1.9600,0.000000,0.017400,0.00030276,-0.116000,1.9600,0.000000
1771570824.185369,5.102766,0.008135,-0.017400,0.000000,0.034208,1.9600,0.000000,0.017400,0.00030276,-0.116000,1.9600,0.000000
1771570824.217357,5.134754,0.031988,-0.017250,0.004689,0.034208,1.9600,0.000000,0.017250,0.00029756,-0.115000,1.9600,0.000000
1771570824.225830,5.143227,0.008473,-0.017250,0.000000,0.034208,1.9600,0.000000,0.017250,0.00029756,-0.115000,1.9600,0.000000
1771570824.256370,5.173767,0.030540,-0.017250,0.000000,0.034208,1.9600,0.000000,0.017250,0.00029756,-0.115000,1.9600,0.000000
1771570824.266186,5.183583,0.009816,-0.017250,0.000000,0.034208,1.9600,0.000000,0.017250,0.00029756,-0.115000,1.9600,0.000000
1771570824.296896,5.214293,0.030710,-0.017250,0.000000,0.034208,1.9600,0.000000,0.017250,0.00029756,-0.115000,1.9600,0.000000
1771570824.305789,5.223186,0.008893,-0.017250,0.000000,0.034208,1.9600,0.000000,0.017250,0.00029756,-0.115000,1.9600,0.000000
1771570824.337390,5.254787,0.031601,-0.017250,0.000000,0.034208,1.9600,0.000000,0.017250,0.00029756,-0.115000,1.9600,0.000000
1771570824.345701,5.263098,0.008311,-0.017250,0.000000,0.034208,1.9600,0.000000,0.017250,0.00029756,-0.115000,1.9600,0.000000
1771570824.376992,5.294389,0.031291,-0.017250,0.000000,0.034208,1.9600,0.000000,0.017250,0.00029756,-0.115000,1.9600,0.000000
1771570824.385324,5.302721,0.008332,-0.017250,0.000000,0.034208,1.9600,0.000000,0.017250,0.00029756,-0.115000,1.9600,0.000000
1771570824.417100,5.334497,0.031776,-0.017250,0.000000,0.034208,1.9600,0.000000,0.017250,0.00029756,-0.115000,1.9600,0.000000
1771570824.425933,5.343330,0.008833,-0.017250,0.000000,0.034208,1.9600,0.000000,0.017250,0.00029756,-0.115000,1.9600,0.000000
1771570824.456232,5.373629,0.030299,-0.017250,0.000000,0.034208,1.9600,0.000000,0.017250,0.00029756,-0.115000,1.9600,0.000000
1771570824.466155,5.383552,0.009923,-0.017250,0.000000,0.034208,1.9600,0.000000,0.017250,0.00029756,-0.115000,1.9600,0.000000
1771570824.497116,5.414513,0.030961,-0.017250,0.000000,0.034208,1.9600,0.000000,0.017250,0.00029756,-0.115000,1.9600,0.000000
1771570824.505697,5.423094,0.008581,-0.017250,0.000000,0.034208,1.9600,0.000000,0.017250,0.00029756,-0.115000,1.9600,0.000000
1771570824.538078,5.455475,0.032382,-0.017250,0.000000,0.034208,1.9600,0.000000,0.017250,0.00029756,-0.115000,1.9600,0.000000
1771570824.546145,5.463542,0.008066,-0.017250,0.000000,0.034208,1.9600,0.000000,0.017250,0.00029756,-0.115000,1.9600,0.000000
1771570824.576634,5.494031,0.030490,-0.017250,0.000000,0.034208,1.9600,0.000000,0.017250,0.00029756,-0.115000,1.9600,0.000000
1771570824.585954,5.503351,0.009320,-0.017250,0.000000,0.034208,1.9600,0.000000,0.017250,0.00029756,-0.115000,1.9600,0.000000
1771570824.616700,5.534097,0.030746,-0.017250,0.000000,0.034208,1.9600,0.000000,0.017250,0.00029756,-0.115000,1.9600,0.000000
1771570824.625920,5.543317,0.009220,-0.017250,0.000000,0.034208,1.9600,0.000000,0.017250,0.00029756,-0.115000,1.9600,0.000000
1771570824.656362,5.573759,0.030442,-0.017250,0.000000,0.034208,1.9600,0.000000,0.017250,0.00029756,-0.115000,1.9600,0.000000
1771570824.666265,5.583663,0.009904,-0.017250,0.000000,0.034208,1.9600,0.000000,0.017250,0.00029756,-0.115000,1.9600,0.000000
1771570824.696714,5.614111,0.030449,-0.017250,0.000000,0.034208,1.9600,0.000000,0.017250,0.00029756,-0.115000,1.9600,0.000000
1771570824.705820,5.623217,0.009105,-0.017250,0.000000,0.034208,1.9600,0.000000,0.017250,0.00029756,-0.115000,1.9600,0.000000
1771570824.736294,5.653691,0.030474,-0.017250,0.000000,0.034208,1.9600,0.000000,0.017250,0.00029756,-0.115000,1.9600,0.000000
1771570824.746218,5.663615,0.009924,-0.017250,0.000000,0.034208,1.9600,0.000000,0.017250,0.00029756,-0.115000,1.9600,0.000000
1771570824.776292,5.693689,0.030074,-0.017250,0.000000,0.034208,1.9600,0.000000,0.017250,0.00029756,-0.115000,1.9600,0.000000
1771570824.786092,5.703489,0.009800,-0.017250,0.000000,0.034208,1.9600,0.000000,0.017250,0.00029756,-0.115000,1.9600,0.000000
1771570824.817022,5.734419,0.030930,-0.017250,0.000000,0.034208,1.9600,0.000000,0.017250,0.00029756,-0.115000,1.9600,0.000000
1771570824.825217,5.742614,0.008195,-0.017250,0.000000,0.034208,1.9600,0.000000,0.017250,0.00029756,-0.115000,1.9600,0.000000
1771570824.857838,5.775235,0.032621,-0.017250,0.000000,0.034208,1.9600,0.000000,0.017250,0.00029756,-0.115000,1.9600,0.000000
1771570824.865557,5.782954,0.007720,-0.017250,0.000000,0.034208,1.9600,0.000000,0.017250,0.00029756,-0.115000,1.9600,0.000000
1771570824.897360,5.814757,0.031802,-0.017250,0.000000,0.034208,1.9600,0.000000,0.017250,0.00029756,-0.115000,1.9600,0.000000
1771570824.905726,5.823123,0.008367,-0.017250,0.000000,0.034208,1.9600,0.000000,0.017250,0.00029756,-0.115000,1.9600,0.000000
1771570824.936424,5.853821,0.030698,-0.017250,0.000000,0.034208,1.9600,0.000000,0.017250,0.00029756,-0.115000,1.9600,0.000000
1771570824.944820,5.862217,0.008396,-0.017100,0.017866,0.034208,1.9600,0.000000,0.017100,0.00029241,-0.114000,1.9600,0.000000
1771570824.976594,5.893991,0.031774,-0.017100,0.000000,0.034208,1.9600,0.000000,0.017100,0.00029241,-0.114000,1.9600,0.000000
1771570824.985019,5.902416,0.008425,-0.017100,0.000000,0.034208,1.9600,0.000000,0.017100,0.00029241,-0.114000,1.9600,0.000000
1771570825.016406,5.933803,0.031387,-0.017100,0.000000,0.034208,1.9600,0.000000,0.017100,0.00029241,-0.114000,1.9600,0.000000
1771570825.024862,5.942259,0.008456,-0.017100,0.000000,0.034208,1.9600,0.000000,0.017100,0.00029241,-0.114000,1.9600,0.000000
1771570825.057960,5.975357,0.033098,-0.017100,0.000000,0.034208,1.9600,0.000000,0.017100,0.00029241,-0.114000,1.9600,0.000000
1771570825.067046,5.984443,0.009086,-0.016950,0.016508,0.034208,1.9600,0.000000,0.016950,0.00028730,-0.113000,1.9600,0.000000
1771570825.096647,6.014044,0.029600,-0.017100,-0.005068,0.034208,1.9600,0.000000,0.017100,0.00029241,-0.114000,1.9600,0.000000
1771570825.104907,6.022304,0.008260,-0.016950,0.018160,0.034208,1.9600,0.000000,0.016950,0.00028730,-0.113000,1.9600,0.000000
1771570825.138322,6.055719,0.033415,-0.017100,-0.004489,0.034208,1.9600,0.000000,0.017100,0.00029241,-0.114000,1.9600,0.000000
1771570825.144963,6.062360,0.006641,-0.017100,0.000000,0.034208,1.9600,0.000000,0.017100,0.00029241,-0.114000,1.9600,0.000000
1771570825.177195,6.094592,0.032232,-0.017100,0.000000,0.034208,1.9600,0.000000,0.017100,0.00029241,-0.114000,1.9600,0.000000
1771570825.186013,6.103410,0.008817,-0.017100,0.000000,0.034208,1.9600,0.000000,0.017100,0.00029241,-0.114000,1.9600,0.000000
1771570825.216469,6.133866,0.030456,-0.017100,0.000000,0.034208,1.9600,0.000000,0.017100,0.00029241,-0.114000,1.9600,0.000000
1771570825.224974,6.142371,0.008505,-0.016950,0.017636,0.034208,1.9600,0.000000,0.016950,0.00028730,-0.113000,1.9600,0.000000
1771570825.257082,6.174479,0.032108,-0.016950,0.000000,0.034208,1.9600,0.000000,0.016950,0.00028730,-0.113000,1.9600,0.000000
1771570825.265550,6.182947,0.008469,-0.016950,0.000000,0.034208,1.9600,0.000000,0.016950,0.00028730,-0.113000,1.9600,0.000000
1771570825.296807,6.214204,0.031256,-0.016950,0.000000,0.034208,1.9600,0.000000,0.016950,0.00028730,-0.113000,1.9600,0.000000
1771570825.305645,6.223042,0.008838,-0.016950,0.000000,0.034208,1.9600,0.000000,0.016950,0.00028730,-0.113000,1.9600,0.000000
1771570825.337379,6.254776,0.031734,-0.016950,0.000000,0.034208,1.9600,0.000000,0.016950,0.00028730,-0.113000,1.9600,0.000000
1771570825.345665,6.263062,0.008286,-0.016950,0.000000,0.034208,1.9600,0.000000,0.016950,0.00028730,-0.113000,1.9600,0.000000
1771570825.376597,6.293994,0.030931,-0.016950,0.000000,0.034208,1.9600,0.000000,0.016950,0.00028730,-0.113000,1.9600,0.000000
1771570825.385922,6.303319,0.009325,-0.016950,0.000000,0.034208,1.9600,0.000000,0.016950,0.00028730,-0.113000,1.9600,0.000000
1771570825.416999,6.334396,0.031077,-0.016950,0.000000,0.034208,1.9600,0.000000,0.016950,0.00028730,-0.113000,1.9600,0.000000
1771570825.425468,6.342865,0.008470,-0.016950,0.000000,0.034208,1.9600,0.000000,0.016950,0.00028730,-0.113000,1.9600,0.000000
1771570825.456650,6.374048,0.031182,-0.016950,0.000000,0.034208,1.9600,0.000000,0.016950,0.00028730,-0.113000,1.9600,0.000000
1771570825.465010,6.382407,0.008359,-0.016950,0.000000,0.034208,1.9600,0.000000,0.016950,0.00028730,-0.113000,1.9600,0.000000
1771570825.497250,6.414647,0.032240,-0.016950,0.000000,0.034208,1.9600,0.000000,0.016950,0.00028730,-0.113000,1.9600,0.000000
1771570825.505801,6.423198,0.008551,-0.016950,0.000000,0.034208,1.9600,0.000000,0.016950,0.00028730,-0.113000,1.9600,0.000000
1771570825.537441,6.454838,0.031639,-0.016950,0.000000,0.034208,1.9600,0.000000,0.016950,0.00028730,-0.113000,1.9600,0.000000
1771570825.546240,6.463637,0.008800,-0.016950,0.000000,0.034208,1.9600,0.000000,0.016950,0.00028730,-0.113000,1.9600,0.000000
1771570825.576638,6.494035,0.030398,-0.016950,0.000000,0.034208,1.9600,0.000000,0.016950,0.00028730,-0.113000,1.9600,0.000000
1771570825.586070,6.503467,0.009432,-0.016950,0.000000,0.034208,1.9600,0.000000,0.016950,0.00028730,-0.113000,1.9600,0.000000
1771570825.616777,6.534174,0.030708,-0.016950,0.000000,0.034208,1.9600,0.000000,0.016950,0.00028730,-0.113000,1.9600,0.000000
1771570825.625762,6.543159,0.008984,-0.016950,0.000000,0.034208,1.9600,0.000000,0.016950,0.00028730,-0.113000,1.9600,0.000000
1771570825.655846,6.573243,0.030084,-0.016950,0.000000,0.034208,1.9600,0.000000,0.016950,0.00028730,-0.113000,1.9600,0.000000
1771570825.665838,6.583235,0.009992,-0.016950,0.000000,0.034208,1.9600,0.000000,0.016950,0.00028730,-0.113000,1.9600,0.000000
1771570825.696970,6.614367,0.031132,-0.016950,0.000000,0.034208,1.9600,0.000000,0.016950,0.00028730,-0.113000,1.9600,0.000000
1771570825.705333,6.622730,0.008363,-0.016950,0.000000,0.034208,1.9600,0.000000,0.016950,0.00028730,-0.113000,1.9600,0.000000
1771570825.735969,6.653366,0.030637,-0.016950,0.000000,0.034208,1.9600,0.000000,0.016950,0.00028730,-0.113000,1.9600,0.000000
1771570825.745847,6.663244,0.009878,-0.016950,0.000000,0.034208,1.9600,0.000000,0.016950,0.00028730,-0.113000,1.9600,0.000000
1771570825.776929,6.694326,0.031082,-0.016950,0.000000,0.034208,1.9600,0.000000,0.016950,0.00028730,-0.113000,1.9600,0.000000
1771570825.785206,6.702603,0.008278,-0.017100,-0.018121,0.034208,1.9600,0.000000,0.017100,0.00029241,-0.114000,1.9600,0.000000
1771570825.816285,6.733682,0.031079,-0.016950,0.004826,0.034208,1.9600,0.000000,0.016950,0.00028730,-0.113000,1.9600,0.000000
1771570825.826564,6.743961,0.010278,-0.017100,-0.014594,0.034208,1.9600,0.000000,0.017100,0.00029241,-0.114000,1.9600,0.000000
1771570825.857305,6.774702,0.030741,-0.017100,0.000000,0.034208,1.9600,0.000000,0.017100,0.00029241,-0.114000,1.9600,0.000000
1771570825.865900,6.783297,0.008595,-0.017250,-0.017451,0.034208,1.9600,0.000000,0.017250,0.00029756,-0.115000,1.9600,0.000000
1771570825.897325,6.814722,0.031425,-0.017250,0.000000,0.034208,1.9600,0.000000,0.017250,0.00029756,-0.115000,1.9600,0.000000
1771570825.905355,6.822752,0.008030,-0.017250,0.000000,0.034208,1.9600,0.000000,0.017250,0.00029756,-0.115000,1.9600,0.000000
1771570825.937382,6.854779,0.032027,-0.017250,0.000000,0.034208,1.9600,0.000000,0.017250,0.00029756,-0.115000,1.9600,0.000000
1771570825.945732,6.863129,0.008350,-0.017250,0.000000,0.034208,1.9600,0.000000,0.017250,0.00029756,-0.115000,1.9600,0.000000
1771570825.977390,6.894787,0.031658,-0.017250,0.000000,0.034208,1.9600,0.000000,0.017250,0.00029756,-0.115000,1.9600,0.000000
1771570825.986847,6.904244,0.009457,-0.017250,0.000000,0.034208,1.9600,0.000000,0.017250,0.00029756,-0.115000,1.9600,0.000000
1771570826.017047,6.934444,0.030200,-0.016950,0.009934,0.034208,1.9600,0.000000,0.016950,0.00028730,-0.113000,1.9600,0.000000
1771570826.025395,6.942792,0.008349,-0.017100,-0.017967,0.034208,1.9600,0.000000,0.017100,0.00029241,-0.114000,1.9600,0.000000
1771570826.057278,6.974675,0.031883,-0.017100,0.000000,0.034208,1.9600,0.000000,0.017100,0.00029241,-0.114000,1.9600,0.000000
1771570826.066753,6.984150,0.009475,-0.016800,0.031664,0.034208,1.9600,0.000000,0.016800,0.00028224,-0.112000,1.9600,0.000000
1771570826.097430,7.014827,0.030677,-0.016950,-0.004890,0.034208,1.9600,0.000000,0.016950,0.00028730,-0.113000,1.9600,0.000000
1771570826.105801,7.023198,0.008371,-0.016950,0.000000,0.034208,1.9600,0.000000,0.016950,0.00028730,-0.113000,1.9600,0.000000
1771570826.136279,7.053676,0.030478,-0.016950,0.000000,0.034208,1.9600,0.000000,0.016950,0.00028730,-0.113000,1.9600,0.000000
1771570826.144670,7.062067,0.008391,-0.016950,0.000000,0.034208,1.9600,0.000000,0.016950,0.00028730,-0.113000,1.9600,0.000000
1771570826.176050,7.093447,0.031380,-0.016950,0.000000,0.034208,1.9600,0.000000,0.016950,0.00028730,-0.113000,1.9600,0.000000
1771570826.185800,7.103197,0.009750,-0.016950,0.000000,0.034208,1.9600,0.000000,0.016950,0.00028730,-0.113000,1.9600,0.000000
1771570826.216082,7.133479,0.030282,-0.016950,0.000000,0.034208,1.9600,0.000000,0.016950,0.00028730,-0.113000,1.9600,0.000000
1771570826.225949,7.143346,0.009867,-0.016950,0.000000,0.034208,1.9600,0.000000,0.016950,0.00028730,-0.113000,1.9600,0.000000
1771570826.255997,7.173394,0.030049,-0.016950,0.000000,0.034208,1.9600,0.000000,0.016950,0.00028730,-0.113000,1.9600,0.000000
1771570826.265728,7.183125,0.009731,-0.016950,0.000000,0.034208,1.9600,0.000000,0.016950,0.00028730,-0.113000,1.9600,0.000000
1771570826.297089,7.214486,0.031360,-0.016950,0.000000,0.034208,1.9600,0.000000,0.016950,0.00028730,-0.113000,1.9600,0.000000
1771570826.306103,7.223500,0.009015,-0.016950,0.000000,0.034208,1.9600,0.000000,0.016950,0.00028730,-0.113000,1.9600,0.000000
1771570826.336373,7.253770,0.030270,-0.016950,0.000000,0.034208,1.9600,0.000000,0.016950,0.00028730,-0.113000,1.9600,0.000000
1771570826.344647,7.262044,0.008274,-0.016950,0.000000,0.034208,1.9600,0.000000,0.016950,0.00028730,-0.113000,1.9600,0.000000
1771570826.376242,7.293639,0.031595,-0.016950,0.000000,0.034208,1.9600,0.000000,0.016950,0.00028730,-0.113000,1.9600,0.000000
1771570826.384649,7.302046,0.008407,-0.016950,0.000000,0.034208,1.9600,0.000000,0.016950,0.00028730,-0.113000,1.9600,0.000000
1771570826.417064,7.334461,0.032415,-0.017100,-0.004627,0.034208,1.9600,0.000000,0.017100,0.00029241,-0.114000,1.9600,0.000000
1771570826.425484,7.342881,0.008420,-0.017100,0.000000,0.034208,1.9600,0.000000,0.017100,0.00029241,-0.114000,1.9600,0.000000
1771570826.457524,7.374921,0.032040,-0.017100,0.000000,0.034208,1.9600,0.000000,0.017100,0.00029241,-0.114000,1.9600,0.000000
1771570826.465525,7.382922,0.008001,-0.017100,0.000000,0.034208,1.9600,0.000000,0.017100,0.00029241,-0.114000,1.9600,0.000000
1771570826.496239,7.413636,0.030715,-0.017100,0.000000,0.034208,1.9600,0.000000,0.017100,0.00029241,-0.114000,1.9600,0.000000
1771570826.505732,7.423129,0.009492,-0.017100,0.000000,0.034208,1.9600,0.000000,0.017100,0.00029241,-0.114000,1.9600,0.000000
1771570826.536427,7.453824,0.030695,-0.017100,0.000000,0.034208,1.9600,0.000000,0.017100,0.00029241,-0.114000,1.9600,0.000000
1771570826.546007,7.463404,0.009580,-0.017100,0.000000,0.034208,1.9600,0.000000,0.017100,0.00029241,-0.114000,1.9600,0.000000
1771570826.576527,7.493924,0.030520,-0.017100,0.000000,0.034208,1.9600,0.000000,0.017100,0.00029241,-0.114000,1.9600,0.000000
1771570826.585658,7.503055,0.009130,-0.017100,0.000000,0.034208,1.9600,0.000000,0.017100,0.00029241,-0.114000,1.9600,0.000000
1771570826.616154,7.533551,0.030496,-0.017100,0.000000,0.034208,1.9600,0.000000,0.017100,0.00029241,-0.114000,1.9600,0.000000
1771570826.625626,7.543023,0.009472,-0.016950,0.015836,0.034208,1.9600,0.000000,0.016950,0.00028730,-0.113000,1.9600,0.000000
1771570826.656894,7.574291,0.031269,-0.017100,-0.004797,0.034208,1.9600,0.000000,0.017100,0.00029241,-0.114000,1.9600,0.000000
1771570826.665461,7.582858,0.008566,-0.017100,0.000000,0.034208,1.9600,0.000000,0.017100,0.00029241,-0.114000,1.9600,0.000000
1771570826.695938,7.613335,0.030477,-0.016950,0.004922,0.034208,1.9600,0.000000,0.016950,0.00028730,-0.113000,1.9600,0.000000
1771570826.705930,7.623327,0.009992,-0.017100,-0.015011,0.034208,1.9600,0.000000,0.017100,0.00029241,-0.114000,1.9600,0.000000
1771570826.736123,7.653520,0.030193,-0.017100,0.000000,0.034208,1.9600,0.000000,0.017100,0.00029241,-0.114000,1.9600,0.000000
1771570826.744564,7.661961,0.008441,-0.016950,0.017771,0.034208,1.9600,0.000000,0.016950,0.00028730,-0.113000,1.9600,0.000000
1771570826.777145,7.694542,0.032581,-0.017100,-0.004604,0.034208,1.9600,0.000000,0.017100,0.00029241,-0.114000,1.9600,0.000000
1771570826.786133,7.703530,0.008988,-0.017100,0.000000,0.034208,1.9600,0.000000,0.017100,0.00029241,-0.114000,1.9600,0.000000
1771570826.817313,7.734710,0.031180,-0.016950,0.004811,0.034208,1.9600,0.000000,0.016950,0.00028730,-0.113000,1.9600,0.000000
1771570826.825717,7.743114,0.008404,-0.017100,-0.017849,0.034208,1.9600,0.000000,0.017100,0.00029241,-0.114000,1.9600,0.000000
1771570826.855981,7.773378,0.030263,-0.017100,0.000000,0.034208,1.9600,0.000000,0.017100,0.00029241,-0.114000,1.9600,0.000000
1771570826.865850,7.783247,0.009870,-0.017100,0.000000,0.034208,1.9600,0.000000,0.017100,0.00029241,-0.114000,1.9600,0.000000
1771570826.897462,7.814859,0.031612,-0.017100,0.000000,0.034208,1.9600,0.000000,0.017100,0.00029241,-0.114000,1.9600,0.000000
1771570826.905495,7.822892,0.008032,-0.017100,0.000000,0.034208,1.9600,0.000000,0.017100,0.00029241,-0.114000,1.9600,0.000000
1771570826.936272,7.853669,0.030777,-0.017100,0.000000,0.034208,1.9600,0.000000,0.017100,0.00029241,-0.114000,1.9600,0.000000
1771570826.944734,7.862131,0.008462,-0.017250,-0.017727,0.034208,1.9600,0.000000,0.017250,0.00029756,-0.115000,1.9600,0.000000
1771570826.977035,7.894432,0.032301,-0.017100,0.004644,0.034208,1.9600,0.000000,0.017100,0.00029241,-0.114000,1.9600,0.000000
1771570826.985815,7.903212,0.008780,-0.017100,0.000000,0.034208,1.9600,0.000000,0.017100,0.00029241,-0.114000,1.9600,0.000000
1771570827.016249,7.933646,0.030434,-0.017250,-0.004929,0.034208,1.9600,0.000000,0.017250,0.00029756,-0.115000,1.9600,0.000000
1771570827.025706,7.943103,0.009457,-0.017250,0.000000,0.034208,1.9600,0.000000,0.017250,0.00029756,-0.115000,1.9600,0.000000
1771570827.055860,7.973257,0.030154,-0.017250,0.000000,0.034208,1.9600,0.000000,0.017250,0.00029756,-0.115000,1.9600,0.000000
1771570827.065613,7.983010,0.009753,-0.017250,0.000000,0.034208,1.9600,0.000000,0.017250,0.00029756,-0.115000,1.9600,0.000000
1771570827.095795,8.013192,0.030182,-0.017250,0.000000,0.034208,1.9600,0.000000,0.017250,0.00029756,-0.115000,1.9600,0.000000
1771570827.105921,8.023318,0.010127,-0.017250,0.000000,0.034208,1.9600,0.000000,0.017250,0.00029756,-0.115000,1.9600,0.000000
1771570827.137042,8.054439,0.031121,-0.017250,0.000000,0.034208,1.9600,0.000000,0.017250,0.00029756,-0.115000,1.9600,0.000000
1771570827.145302,8.062699,0.008260,-0.017250,0.000000,0.034208,1.9600,0.000000,0.017250,0.00029756,-0.115000,1.9600,0.000000
1771570827.176390,8.093787,0.031088,-0.017250,0.000000,0.034208,1.9600,0.000000,0.017250,0.00029756,-0.115000,1.9600,0.000000
1771570827.184744,8.102141,0.008354,-0.017250,0.000000,0.034208,1.9600,0.000000,0.017250,0.00029756,-0.115000,1.9600,0.000000
1771570827.216116,8.133513,0.031372,-0.017250,0.000000,0.034208,1.9600,0.000000,0.017250,0.00029756,-0.115000,1.9600,0.000000
1771570827.225809,8.143206,0.009693,-0.017250,0.000000,0.034208,1.9600,0.000000,0.017250,0.00029756,-0.115000,1.9600,0.000000
1771570827.256181,8.173578,0.030371,-0.017250,0.000000,0.034208,1.9600,0.000000,0.017250,0.00029756,-0.115000,1.9600,0.000000
1771570827.264585,8.181982,0.008404,-0.017250,0.000000,0.034208,1.9600,0.000000,0.017250,0.00029756,-0.115000,1.9600,0.000000
1771570827.295943,8.213340,0.031358,-0.017250,0.000000,0.034208,1.9600,0.000000,0.017250,0.00029756,-0.115000,1.9600,0.000000
1771570827.306025,8.223422,0.010082,-0.017250,0.000000,0.034208,1.9600,0.000000,0.017250,0.00029756,-0.115000,1.9600,0.000000
1771570827.336314,8.253711,0.030289,-0.017250,0.000000,0.034208,1.9600,0.000000,0.017250,0.00029756,-0.115000,1.9600,0.000000
1771570827.344621,8.262018,0.008307,-0.017250,0.000000,0.034208,1.9600,0.000000,0.017250,0.00029756,-0.115000,1.9600,0.000000
1771570827.375989,8.293386,0.031367,-0.017250,0.000000,0.034208,1.9600,0.000000,0.017250,0.00029756,-0.115000,1.9600,0.000000
1771570827.385883,8.303280,0.009894,-0.017250,0.000000,0.034208,1.9600,0.000000,0.017250,0.00029756,-0.115000,1.9600,0.000000
1771570827.416411,8.333808,0.030528,-0.017250,0.000000,0.034208,1.9600,0.000000,0.017250,0.00029756,-0.115000,1.9600,0.000000
1771570827.425654,8.343051,0.009243,-0.017250,0.000000,0.034208,1.9600,0.000000,0.017250,0.00029756,-0.115000,1.9600,0.000000
1771570827.456095,8.373492,0.030441,-0.017250,0.000000,0.034208,1.9600,0.000000,0.017250,0.00029756,-0.115000,1.9600,0.000000
1771570827.464639,8.382036,0.008544,-0.017250,0.000000,0.034208,1.9600,0.000000,0.017250,0.00029756,-0.115000,1.9600,0.000000
1771570827.496614,8.414011,0.031975,-0.017250,0.000000,0.034208,1.9600,0.000000,0.017250,0.00029756,-0.115000,1.9600,0.000000
1771570827.504479,8.421876,0.007865,-0.017250,0.000000,0.034208,1.9600,0.000000,0.017250,0.00029756,-0.115000,1.9600,0.000000
1771570827.538070,8.455467,0.033591,-0.017250,0.000000,0.034208,1.9600,0.000000,0.017250,0.00029756,-0.115000,1.9600,0.000000
1771570827.545768,8.463165,0.007697,-0.017250,0.000000,0.034208,1.9600,0.000000,0.017250,0.00029756,-0.115000,1.9600,0.000000
1771570827.576068,8.493465,0.030300,-0.017250,0.000000,0.034208,1.9600,0.000000,0.017250,0.00029756,-0.115000,1.9600,0.000000
1771570827.585913,8.503310,0.009845,-0.017250,0.000000,0.034208,1.9600,0.000000,0.017250,0.00029756,-0.115000,1.9600,0.000000
1771570827.617008,8.534405,0.031095,-0.017250,0.000000,0.034208,1.9600,0.000000,0.017250,0.00029756,-0.115000,1.9600,0.000000
1771570827.625611,8.543008,0.008603,-0.017250,0.000000,0.034208,1.9600,0.000000,0.017250,0.00029756,-0.115000,1.9600,0.000000
1771570827.655821,8.573218,0.030210,-0.017250,0.000000,0.034208,1.9600,0.000000,0.017250,0.00029756,-0.115000,1.9600,0.000000
1771570827.666219,8.583616,0.010399,-0.017250,0.000000,0.034208,1.9600,0.000000,0.017250,0.00029756,-0.115000,1.9600,0.000000
1771570827.696269,8.613666,0.030050,-0.017250,0.000000,0.034208,1.9600,0.000000,0.017250,0.00029756,-0.115000,1.9600,0.000000
1771570827.704791,8.622188,0.008523,-0.017250,0.000000,0.034208,1.9600,0.000000,0.017250,0.00029756,-0.115000,1.9600,0.000000
1771570827.736510,8.653907,0.031718,-0.017250,0.000000,0.034208,1.9600,0.000000,0.017250,0.00029756,-0.115000,1.9600,0.000000
1771570827.745051,8.662448,0.008541,-0.017250,0.000000,0.034208,1.9600,0.000000,0.017250,0.00029756,-0.115000,1.9600,0.000000
1771570827.777097,8.694494,0.032046,-0.017250,0.000000,0.034208,1.9600,0.000000,0.017250,0.00029756,-0.115000,1.9600,0.000000
1771570827.785326,8.702723,0.008229,-0.017250,0.000000,0.034208,1.9600,0.000000,0.017250,0.00029756,-0.115000,1.9600,0.000000
1771570827.816869,8.734266,0.031543,-0.017250,0.000000,0.034208,1.9600,0.000000,0.017250,0.00029756,-0.115000,1.9600,0.000000
1771570827.825801,8.743198,0.008932,-0.017250,0.000000,0.034208,1.9600,0.000000,0.017250,0.00029756,-0.115000,1.9600,0.000000
1771570827.855835,8.773232,0.030035,-0.017250,0.000000,0.034208,1.9600,0.000000,0.017250,0.00029756,-0.115000,1.9600,0.000000
1771570827.865221,8.782618,0.009386,-0.017250,0.000000,0.034208,1.9600,0.000000,0.017250,0.00029756,-0.115000,1.9600,0.000000
1771570827.897005,8.814402,0.031784,-0.017250,0.000000,0.034208,1.9600,0.000000,0.017250,0.00029756,-0.115000,1.9600,0.000000
1771570827.905512,8.822909,0.008507,-0.017250,0.000000,0.034208,1.9600,0.000000,0.017250,0.00029756,-0.115000,1.9600,0.000000
1771570827.935875,8.853272,0.030363,-0.017250,0.000000,0.034208,1.9600,0.000000,0.017250,0.00029756,-0.115000,1.9600,0.000000
1771570827.945883,8.863280,0.010008,-0.017250,0.000000,0.034208,1.9600,0.000000,0.017250,0.00029756,-0.115000,1.9600,0.000000
1771570827.976313,8.893710,0.030430,-0.017250,0.000000,0.034208,1.9600,0.000000,0.017250,0.00029756,-0.115000,1.9600,0.000000
1771570827.984623,8.902020,0.008310,-0.017250,0.000000,0.034208,1.9600,0.000000,0.017250,0.00029756,-0.115000,1.9600,0.000000
1771570828.016704,8.934101,0.032081,-0.017250,0.000000,0.034208,1.9600,0.000000,0.017250,0.00029756,-0.115000,1.9600,0.000000
1771570828.024953,8.942350,0.008250,-0.017250,0.000000,0.034208,1.9600,0.000000,0.017250,0.00029756,-0.115000,1.9600,0.000000
1771570828.057256,8.974653,0.032303,-0.017250,0.000000,0.034208,1.9600,0.000000,0.017250,0.00029756,-0.115000,1.9600,0.000000
1771570828.065519,8.982916,0.008263,-0.017250,0.000000,0.034208,1.9600,0.000000,0.017250,0.00029756,-0.115000,1.9600,0.000000
1771570828.096832,9.014229,0.031312,-0.017250,0.000000,0.034208,1.9600,0.000000,0.017250,0.00029756,-0.115000,1.9600,0.000000
1771570828.105491,9.022888,0.008660,-0.017250,0.000000,0.034208,1.9600,0.000000,0.017250,0.00029756,-0.115000,1.9600,0.000000
1771570828.136190,9.053587,0.030699,-0.017250,0.000000,0.034208,1.9600,0.000000,0.017250,0.00029756,-0.115000,1.9600,0.000000
1771570828.145000,9.062397,0.008810,-0.017250,0.000000,0.034208,1.9600,0.000000,0.017250,0.00029756,-0.115000,1.9600,0.000000
1771570828.176966,9.094363,0.031966,-0.017250,0.000000,0.034208,1.9600,0.000000,0.017250,0.00029756,-0.115000,1.9600,0.000000
1771570828.185642,9.103040,0.008677,-0.017250,0.000000,0.034208,1.9600,0.000000,0.017250,0.00029756,-0.115000,1.9600,0.000000
1771570828.216357,9.133754,0.030715,-0.017250,0.000000,0.034208,1.9600,0.000000,0.017250,0.00029756,-0.115000,1.9600,0.000000
1771570828.225933,9.143330,0.009576,-0.017250,0.000000,0.034208,1.9600,0.000000,0.017250,0.00029756,-0.115000,1.9600,0.000000
1771570828.256411,9.173808,0.030478,-0.017250,0.000000,0.034208,1.9600,0.000000,0.017250,0.00029756,-0.115000,1.9600,0.000000
1771570828.264863,9.182260,0.008451,-0.017250,0.000000,0.034208,1.9600,0.000000,0.017250,0.00029756,-0.115000,1.9600,0.000000
1771570828.296478,9.213875,0.031615,-0.017250,0.000000,0.034208,1.9600,0.000000,0.017250,0.00029756,-0.115000,1.9600,0.000000
1771570828.305496,9.222893,0.009018,-0.017250,0.000000,0.034208,1.9600,0.000000,0.017250,0.00029756,-0.115000,1.9600,0.000000
1771570828.335933,9.253330,0.030437,-0.017400,-0.004928,0.034208,1.9600,0.000000,0.017400,0.00030276,-0.116000,1.9600,0.000000
1771570828.345572,9.262969,0.009639,-0.017250,0.015561,0.034208,1.9600,0.000000,0.017250,0.00029756,-0.115000,1.9600,0.000000
1771570828.376424,9.293821,0.030852,-0.017250,0.000000,0.034208,1.9600,0.000000,0.017250,0.00029756,-0.115000,1.9600,0.000000
1771570828.384841,9.302238,0.008418,-0.017250,0.000000,0.034208,1.9600,0.000000,0.017250,0.00029756,-0.115000,1.9600,0.000000
1771570828.416515,9.333912,0.031674,-0.017250,0.000000,0.034208,1.9600,0.000000,0.017250,0.00029756,-0.115000,1.9600,0.000000
1771570828.424763,9.342160,0.008248,-0.017250,0.000000,0.034208,1.9600,0.000000,0.017250,0.00029756,-0.115000,1.9600,0.000000
1771570828.456561,9.373958,0.031798,-0.017250,0.000000,0.034208,1.9600,0.000000,0.017250,0.00029756,-0.115000,1.9600,0.000000
1771570828.465388,9.382785,0.008827,-0.017250,0.000000,0.034208,1.9600,0.000000,0.017250,0.00029756,-0.115000,1.9600,0.000000
1771570828.496757,9.414154,0.031369,-0.017250,0.000000,0.034208,1.9600,0.000000,0.017250,0.00029756,-0.115000,1.9600,0.000000
1771570828.505517,9.422914,0.008759,-0.017250,0.000000,0.034208,1.9600,0.000000,0.017250,0.00029756,-0.115000,1.9600,0.000000
1771570828.535848,9.453245,0.030331,-0.017250,0.000000,0.034208,1.9600,0.000000,0.017250,0.00029756,-0.115000,1.9600,0.000000
1771570828.544367,9.461764,0.008519,-0.017250,0.000000,0.034208,1.9600,0.000000,0.017250,0.00029756,-0.115000,1.9600,0.000000
1771570828.577217,9.494614,0.032851,-0.017250,0.000000,0.034208,1.9600,0.000000,0.017250,0.00029756,-0.115000,1.9600,0.000000
1771570828.585542,9.502939,0.008324,-0.017250,0.000000,0.034208,1.9600,0.000000,0.017250,0.00029756,-0.115000,1.9600,0.000000
1771570828.616954,9.534351,0.031412,-0.017250,0.000000,0.034208,1.9600,0.000000,0.017250,0.00029756,-0.115000,1.9600,0.000000
1771570828.625482,9.542879,0.008528,-0.017250,0.000000,0.034208,1.9600,0.000000,0.017250,0.00029756,-0.115000,1.9600,0.000000
1771570828.656120,9.573517,0.030638,-0.017250,0.000000,0.034208,1.9600,0.000000,0.017250,0.00029756,-0.115000,1.9600,0.000000
1771570828.664465,9.581862,0.008345,-0.017250,0.000000,0.034208,1.9600,0.000000,0.017250,0.00029756,-0.115000,1.9600,0.000000
1771570828.695968,9.613365,0.031503,-0.017250,0.000000,0.034208,1.9600,0.000000,0.017250,0.00029756,-0.115000,1.9600,0.000000
1771570828.704692,9.622089,0.008724,-0.017250,0.000000,0.034208,1.9600,0.000000,0.017250,0.00029756,-0.115000,1.9600,0.000000
1771570828.736676,9.654073,0.031984,-0.017400,-0.004690,0.034208,1.9600,0.000000,0.017400,0.00030276,-0.116000,1.9600,0.000000
1771570828.744967,9.662364,0.008291,-0.017400,0.000000,0.034208,1.9600,0.000000,0.017400,0.00030276,-0.116000,1.9600,0.000000
1771570828.776886,9.694283,0.031919,-0.017250,0.004699,0.034208,1.9600,0.000000,0.017250,0.00029756,-0.115000,1.9600,0.000000
1771570828.785738,9.703135,0.008852,-0.017250,0.000000,0.034208,1.9600,0.000000,0.017250,0.00029756,-0.115000,1.9600,0.000000
1771570828.816127,9.733524,0.030389,-0.017250,0.000000,0.034208,1.9600,0.000000,0.017250,0.00029756,-0.115000,1.9600,0.000000
1771570828.825583,9.742980,0.009457,-0.017250,0.000000,0.034208,1.9600,0.000000,0.017250,0.00029756,-0.115000,1.9600,0.000000
1771570828.856620,9.774017,0.031036,-0.017400,-0.004833,0.034208,1.9600,0.000000,0.017400,0.00030276,-0.116000,1.9600,0.000000
1771570828.865068,9.782465,0.008448,-0.017400,0.000000,0.034208,1.9600,0.000000,0.017400,0.00030276,-0.116000,1.9600,0.000000
1771570828.896924,9.814321,0.031856,-0.017250,0.004709,0.034208,1.9600,0.000000,0.017250,0.00029756,-0.115000,1.9600,0.000000
1771570828.905686,9.823083,0.008762,-0.017250,0.000000,0.034208,1.9600,0.000000,0.017250,0.00029756,-0.115000,1.9600,0.000000
1771570828.936543,9.853940,0.030856,-0.017250,0.000000,0.034208,1.9600,0.000000,0.017250,0.00029756,-0.115000,1.9600,0.000000
1771570828.944673,9.862070,0.008130,-0.017250,0.000000,0.034208,1.9600,0.000000,0.017250,0.00029756,-0.115000,1.9600,0.000000
1771570828.976091,9.893488,0.031418,-0.017250,0.000000,0.034208,1.9600,0.000000,0.017250,0.00029756,-0.115000,1.9600,0.000000
1771570828.985866,9.903263,0.009774,-0.017250,0.000000,0.034208,1.9600,0.000000,0.017250,0.00029756,-0.115000,1.9600,0.000000
1771570829.016756,9.934153,0.030890,-0.017250,0.000000,0.034208,1.9600,0.000000,0.017250,0.00029756,-0.115000,1.9600,0.000000
1771570829.025757,9.943154,0.009001,-0.017250,0.000000,0.034208,1.9600,0.000000,0.017250,0.00029756,-0.115000,1.9600,0.000000
1771570829.056497,9.973894,0.030740,-0.017250,0.000000,0.034208,1.9600,0.000000,0.017250,0.00029756,-0.115000,1.9600,0.000000
1771570829.065863,9.983260,0.009366,-0.017250,0.000000,0.034208,1.9600,0.000000,0.017250,0.00029756,-0.115000,1.9600,0.000000
1771570829.096757,10.014154,0.030894,-0.017250,0.000000,0.034208,1.9600,0.000000,0.017250,0.00029756,-0.115000,1.9600,0.000000
1771570829.105761,10.023158,0.009004,-0.017250,0.000000,0.034208,1.9600,0.000000,0.017250,0.00029756,-0.115000,1.9600,0.000000
1771570829.137250,10.054647,0.031489,-0.017250,0.000000,0.034558,1.9800,0.000000,0.017250,0.00029756,-0.115000,1.9800,0.000000
1771570829.145428,10.062825,0.008179,-0.017250,0.000000,0.034558,1.9800,0.000000,0.017250,0.00029756,-0.115000,1.9800,0.000000
1771570829.177213,10.094610,0.031785,-0.017250,0.000000,0.034208,1.9600,0.000000,0.017250,0.00029756,-0.115000,1.9600,0.000000
1771570829.185546,10.102943,0.008332,-0.017250,0.000000,0.034208,1.9600,0.000000,0.017250,0.00029756,-0.115000,1.9600,0.000000
1771570829.215696,10.133093,0.030150,-0.017250,0.000000,0.034208,1.9600,0.000000,0.017250,0.00029756,-0.115000,1.9600,0.000000
1771570829.224868,10.142265,0.009172,-0.017250,0.000000,0.034208,1.9600,0.000000,0.017250,0.00029756,-0.115000,1.9600,0.000000
1771570829.256262,10.173659,0.031394,-0.017250,0.000000,0.034208,1.9600,0.000000,0.017250,0.00029756,-0.115000,1.9600,0.000000
1771570829.265856,10.183253,0.009594,-0.017250,0.000000,0.034208,1.9600,0.000000,0.017250,0.00029756,-0.115000,1.9600,0.000000
1771570829.296717,10.214114,0.030861,-0.017250,0.000000,0.034208,1.9600,0.000000,0.017250,0.00029756,-0.115000,1.9600,0.000000
1771570829.305633,10.223030,0.008916,-0.017250,0.000000,0.034208,1.9600,0.000000,0.017250,0.00029756,-0.115000,1.9600,0.000000
1771570829.335934,10.253331,0.030301,-0.017250,0.000000,0.034558,1.9800,0.000000,0.017250,0.00029756,-0.115000,1.9800,0.000000
1771570829.344390,10.261787,0.008456,-0.017250,0.000000,0.034558,1.9800,0.000000,0.017250,0.00029756,-0.115000,1.9800,0.000000
1771570829.376133,10.293530,0.031743,-0.017250,0.000000,0.034558,1.9800,0.000000,0.017250,0.00029756,-0.115000,1.9800,0.000000
1771570829.384998,10.302395,0.008865,-0.017250,0.000000,0.034558,1.9800,0.000000,0.017250,0.00029756,-0.115000,1.9800,0.000000
1771570829.415996,10.333393,0.030998,-0.017250,0.000000,0.034558,1.9800,0.000000,0.017250,0.00029756,-0.115000,1.9800,0.000000
1771570829.424831,10.342228,0.008835,-0.017250,0.000000,0.034558,1.9800,0.000000,0.017250,0.00029756,-0.115000,1.9800,0.000000
1771570829.456552,10.373949,0.031721,-0.017250,0.000000,0.034558,1.9800,0.000000,0.017250,0.00029756,-0.115000,1.9800,0.000000
1771570829.465531,10.382928,0.008979,-0.017250,0.000000,0.034558,1.9800,0.000000,0.017250,0.00029756,-0.115000,1.9800,0.000000
1771570829.497080,10.414477,0.031548,-0.017250,0.000000,0.034558,1.9800,0.000000,0.017250,0.00029756,-0.115000,1.9800,0.000000
1771570829.505595,10.422992,0.008516,-0.017250,0.000000,0.034558,1.9800,0.000000,0.017250,0.00029756,-0.115000,1.9800,0.000000
1771570829.536103,10.453500,0.030508,-0.017250,0.000000,0.034208,1.9600,0.000000,0.017250,0.00029756,-0.115000,1.9600,0.000000
1771570829.544591,10.461988,0.008488,-0.017250,0.000000,0.034208,1.9600,0.000000,0.017250,0.00029756,-0.115000,1.9600,0.000000
1771570829.576632,10.494029,0.032041,-0.017250,0.000000,0.034558,1.9800,0.000000,0.017250,0.00029756,-0.115000,1.9800,0.000000
1771570829.585128,10.502525,0.008496,-0.017250,0.000000,0.034558,1.9800,0.000000,0.017250,0.00029756,-0.115000,1.9800,0.000000
1771570829.615982,10.533379,0.030854,-0.017250,0.000000,0.034558,1.9800,0.000000,0.017250,0.00029756,-0.115000,1.9800,0.000000
1771570829.625824,10.543221,0.009842,-0.017250,0.000000,0.034558,1.9800,0.000000,0.017250,0.00029756,-0.115000,1.9800,0.000000
1771570829.656779,10.574176,0.030955,-0.017250,0.000000,0.034208,1.9600,0.000000,0.017250,0.00029756,-0.115000,1.9600,0.000000
1771570829.665192,10.582589,0.008413,-0.017250,0.000000,0.034208,1.9600,0.000000,0.017250,0.00029756,-0.115000,1.9600,0.000000
1771570829.696653,10.614050,0.031461,-0.017250,0.000000,0.034558,1.9800,0.000000,0.017250,0.00029756,-0.115000,1.9800,0.000000
1771570829.705163,10.622560,0.008510,-0.017250,0.000000,0.034558,1.9800,0.000000,0.017250,0.00029756,-0.115000,1.9800,0.000000
1771570829.736698,10.654095,0.031536,-0.017250,0.000000,0.034558,1.9800,0.000000,0.017250,0.00029756,-0.115000,1.9800,0.000000
1771570829.744780,10.662177,0.008081,-0.017250,0.000000,0.034558,1.9800,0.000000,0.017250,0.00029756,-0.115000,1.9800,0.000000
1771570829.775684,10.693081,0.030904,-0.017250,0.000000,0.034558,1.9800,0.000000,0.017250,0.00029756,-0.115000,1.9800,0.000000
1771570829.786692,10.704089,0.011008,-0.017250,0.000000,0.034558,1.9800,0.000000,0.017250,0.00029756,-0.115000,1.9800,0.000000
1771570829.815678,10.733075,0.028985,-0.017250,0.000000,0.034558,1.9800,0.000000,0.017250,0.00029756,-0.115000,1.9800,0.000000
1771570829.825695,10.743092,0.010017,-0.017250,0.000000,0.034558,1.9800,0.000000,0.017250,0.00029756,-0.115000,1.9800,0.000000
1771570829.856717,10.774114,0.031022,-0.017250,0.000000,0.034558,1.9800,0.000000,0.017250,0.00029756,-0.115000,1.9800,0.000000
1771570829.865135,10.782532,0.008419,-0.017250,0.000000,0.034558,1.9800,0.000000,0.017250,0.00029756,-0.115000,1.9800,0.000000
1771570829.896843,10.814240,0.031707,-0.017250,0.000000,0.034558,1.9800,0.000000,0.017250,0.00029756,-0.115000,1.9800,0.000000
1771570829.905688,10.823085,0.008845,-0.017250,0.000000,0.034558,1.9800,0.000000,0.017250,0.00029756,-0.115000,1.9800,0.000000
1771570829.937105,10.854502,0.031417,-0.017250,0.000000,0.034558,1.9800,0.000000,0.017250,0.00029756,-0.115000,1.9800,0.000000
1771570829.945459,10.862856,0.008354,-0.017250,0.000000,0.034558,1.9800,0.000000,0.017250,0.00029756,-0.115000,1.9800,0.000000
1771570829.976078,10.893475,0.030619,-0.017250,0.000000,0.034558,1.9800,0.000000,0.017250,0.00029756,-0.115000,1.9800,0.000000
1771570829.984455,10.901852,0.008377,-0.017250,0.000000,0.034558,1.9800,0.000000,0.017250,0.00029756,-0.115000,1.9800,0.000000
1771570830.016960,10.934357,0.032505,-0.017250,0.000000,0.034558,1.9800,0.000000,0.017250,0.00029756,-0.115000,1.9800,0.000000
1771570830.025537,10.942934,0.008577,-0.017250,0.000000,0.034558,1.9800,0.000000,0.017250,0.00029756,-0.115000,1.9800,0.000000
1771570830.056175,10.973572,0.030638,-0.017400,-0.004896,0.034558,1.9800,0.000000,0.017400,0.00030276,-0.116000,1.9800,0.000000
1771570830.065682,10.983079,0.009507,-0.017400,0.000000,0.034558,1.9800,0.000000,0.017400,0.00030276,-0.116000,1.9800,0.000000
1771570830.097484,11.014881,0.031802,-0.017250,0.004717,0.034558,1.9800,0.000000,0.017250,0.00029756,-0.115000,1.9800,0.000000
1771570830.104355,11.021752,0.006871,-0.017250,0.000000,0.034558,1.9800,0.000000,0.017250,0.00029756,-0.115000,1.9800,0.000000
1771570830.136494,11.053891,0.032139,-0.017250,0.000000,0.034558,1.9800,0.000000,0.017250,0.00029756,-0.115000,1.9800,0.000000
1771570830.144980,11.062377,0.008486,-0.017400,-0.017676,0.034558,1.9800,0.000000,0.017400,0.00030276,-0.116000,1.9800,0.000000
1771570830.176746,11.094143,0.031766,-0.017400,0.000000,0.034558,1.9800,0.000000,0.017400,0.00030276,-0.116000,1.9800,0.000000
1771570830.185025,11.102422,0.008279,-0.017250,0.018118,0.034558,1.9800,0.000000,0.017250,0.00029756,-0.115000,1.9800,0.000000
1771570830.216743,11.134140,0.031718,-0.017250,0.000000,0.034558,1.9800,0.000000,0.017250,0.00029756,-0.115000,1.9800,0.000000
1771570830.224782,11.142179,0.008038,-0.017400,-0.018661,0.034558,1.9800,0.000000,0.017400,0.00030276,-0.116000,1.9800,0.000000
1771570830.256648,11.174045,0.031867,-0.017400,0.000000,0.034558,1.9800,0.000000,0.017400,0.00030276,-0.116000,1.9800,0.000000
1771570830.264574,11.181971,0.007926,-0.017400,0.000000,0.034558,1.9800,0.000000,0.017400,0.00030276,-0.116000,1.9800,0.000000
1771570830.296573,11.213970,0.031999,-0.017400,0.000000,0.034558,1.9800,0.000000,0.017400,0.00030276,-0.116000,1.9800,0.000000
1771570830.304554,11.221951,0.007980,-0.017400,0.000000,0.034558,1.9800,0.000000,0.017400,0.00030276,-0.116000,1.9800,0.000000
1771570830.336513,11.253910,0.031959,-0.017400,0.000000,0.034558,1.9800,0.000000,0.017400,0.00030276,-0.116000,1.9800,0.000000
1771570830.345246,11.262643,0.008734,-0.017400,0.000000,0.034558,1.9800,0.000000,0.017400,0.00030276,-0.116000,1.9800,0.000000
1771570830.375997,11.293394,0.030751,-0.017400,0.000000,0.034558,1.9800,0.000000,0.017400,0.00030276,-0.116000,1.9800,0.000000
1771570830.384377,11.301774,0.008379,-0.017400,0.000000,0.034558,1.9800,0.000000,0.017400,0.00030276,-0.116000,1.9800,0.000000
1771570830.416569,11.333966,0.032192,-0.017400,0.000000,0.034558,1.9800,0.000000,0.017400,0.00030276,-0.116000,1.9800,0.000000
1771570830.424800,11.342197,0.008231,-0.017250,0.018224,0.034558,1.9800,0.000000,0.017250,0.00029756,-0.115000,1.9800,0.000000
1771570830.457324,11.374721,0.032524,-0.017400,-0.004612,0.034558,1.9800,0.000000,0.017400,0.00030276,-0.116000,1.9800,0.000000
1771570830.465384,11.382781,0.008060,-0.017400,0.000000,0.034558,1.9800,0.000000,0.017400,0.00030276,-0.116000,1.9800,0.000000
1771570830.496296,11.413693,0.030912,-0.017400,0.000000,0.034558,1.9800,0.000000,0.017400,0.00030276,-0.116000,1.9800,0.000000
1771570830.504214,11.421611,0.007918,-0.017400,0.000000,0.034558,1.9800,0.000000,0.017400,0.00030276,-0.116000,1.9800,0.000000
1771570830.536268,11.453665,0.032054,-0.017400,0.000000,0.034558,1.9800,0.000000,0.017400,0.00030276,-0.116000,1.9800,0.000000
1771570830.545485,11.462882,0.009217,-0.017400,0.000000,0.034558,1.9800,0.000000,0.017400,0.00030276,-0.116000,1.9800,0.000000
1771570830.576583,11.493980,0.031098,-0.017400,0.000000,0.034558,1.9800,0.000000,0.017400,0.00030276,-0.116000,1.9800,0.000000
1771570830.584987,11.502384,0.008404,-0.017400,0.000000,0.034558,1.9800,0.000000,0.017400,0.00030276,-0.116000,1.9800,0.000000
1771570830.616897,11.534294,0.031909,-0.017400,0.000000,0.034558,1.9800,0.000000,0.017400,0.00030276,-0.116000,1.9800,0.000000
1771570830.625746,11.543143,0.008849,-0.017400,0.000000,0.034558,1.9800,0.000000,0.017400,0.00030276,-0.116000,1.9800,0.000000
1771570830.656195,11.573592,0.030449,-0.017400,0.000000,0.034558,1.9800,0.000000,0.017400,0.00030276,-0.116000,1.9800,0.000000
1771570830.664594,11.581991,0.008399,-0.017400,0.000000,0.034558,1.9800,0.000000,0.017400,0.00030276,-0.116000,1.9800,0.000000
1771570830.696601,11.613998,0.032007,-0.017400,0.000000,0.034558,1.9800,0.000000,0.017400,0.00030276,-0.116000,1.9800,0.000000
1771570830.704487,11.621884,0.007886,-0.017400,0.000000,0.034558,1.9800,0.000000,0.017400,0.00030276,-0.116000,1.9800,0.000000
1771570830.736306,11.653703,0.031819,-0.017250,0.004714,0.034558,1.9800,0.000000,0.017250,0.00029756,-0.115000,1.9800,0.000000
1771570830.745720,11.663117,0.009414,-0.017250,0.000000,0.034558,1.9800,0.000000,0.017250,0.00029756,-0.115000,1.9800,0.000000
1771570830.777129,11.694526,0.031409,-0.017400,-0.004776,0.034558,1.9800,0.000000,0.017400,0.00030276,-0.116000,1.9800,0.000000
1771570830.785082,11.702479,0.007953,-0.017400,0.000000,0.034558,1.9800,0.000000,0.017400,0.00030276,-0.116000,1.9800,0.000000
1771570830.816992,11.734389,0.031910,-0.017250,0.004701,0.034558,1.9800,0.000000,0.017250,0.00029756,-0.115000,1.9800,0.000000
1771570830.824858,11.742255,0.007866,-0.017400,-0.019070,0.034558,1.9800,0.000000,0.017400,0.00030276,-0.116000,1.9800,0.000000
1771570830.856211,11.773608,0.031353,-0.017400,0.000000,0.034558,1.9800,0.000000,0.017400,0.00030276,-0.116000,1.9800,0.000000
1771570830.864160,11.781557,0.007949,-0.017400,0.000000,0.034558,1.9800,0.000000,0.017400,0.00030276,-0.116000,1.9800,0.000000
1771570830.895522,11.812919,0.031362,-0.017400,0.000000,0.034558,1.9800,0.000000,0.017400,0.00030276,-0.116000,1.9800,0.000000
1771570830.906102,11.823499,0.010580,-0.017400,0.000000,0.034558,1.9800,0.000000,0.017400,0.00030276,-0.116000,1.9800,0.000000
1771570830.936509,11.853906,0.030407,-0.017400,0.000000,0.034558,1.9800,0.000000,0.017400,0.00030276,-0.116000,1.9800,0.000000
1771570830.944925,11.862322,0.008416,-0.017250,0.017824,0.034558,1.9800,0.000000,0.017250,0.00029756,-0.115000,1.9800,0.000000
1771570830.976971,11.894368,0.032046,-0.017400,-0.004681,0.034558,1.9800,0.000000,0.017400,0.00030276,-0.116000,1.9800,0.000000
1771570830.986696,11.904093,0.009725,-0.017400,0.000000,0.034558,1.9800,0.000000,0.017400,0.00030276,-0.116000,1.9800,0.000000
1771570831.016042,11.933439,0.029346,-0.017400,0.000000,0.034558,1.9800,0.000000,0.017400,0.00030276,-0.116000,1.9800,0.000000
1771570831.024313,11.941710,0.008271,-0.017400,0.000000,0.034558,1.9800,0.000000,0.017400,0.00030276,-0.116000,1.9800,0.000000
1771570831.055744,11.973141,0.031431,-0.017400,0.000000,0.034558,1.9800,0.000000,0.017400,0.00030276,-0.116000,1.9800,0.000000
1771570831.064426,11.981823,0.008681,-0.017400,0.000000,0.034558,1.9800,0.000000,0.017400,0.00030276,-0.116000,1.9800,0.000000
1771570831.096706,12.014103,0.032280,-0.017400,0.000000,0.034558,1.9800,0.000000,0.017400,0.00030276,-0.116000,1.9800,0.000000
1771570831.105065,12.022462,0.008359,-0.017250,0.017945,0.034558,1.9800,0.000000,0.017250,0.00029756,-0.115000,1.9800,0.000000
1771570831.137190,12.054587,0.032125,-0.017400,-0.004669,0.034558,1.9800,0.000000,0.017400,0.00030276,-0.116000,1.9800,0.000000
1771570831.144713,12.062110,0.007523,-0.017400,0.000000,0.034558,1.9800,0.000000,0.017400,0.00030276,-0.116000,1.9800,0.000000
1771570831.175647,12.093044,0.030934,-0.017400,0.000000,0.034558,1.9800,0.000000,0.017400,0.00030276,-0.116000,1.9800,0.000000
1771570831.184063,12.101460,0.008416,-0.017400,0.000000,0.034558,1.9800,0.000000,0.017400,0.00030276,-0.116000,1.9800,0.000000
1771570831.216572,12.133969,0.032509,-0.017400,0.000000,0.034558,1.9800,0.000000,0.017400,0.00030276,-0.116000,1.9800,0.000000
1771570831.225476,12.142873,0.008904,-0.017400,0.000000,0.034558,1.9800,0.000000,0.017400,0.00030276,-0.116000,1.9800,0.000000
1771570831.256840,12.174237,0.031364,-0.017400,0.000000,0.034558,1.9800,0.000000,0.017400,0.00030276,-0.116000,1.9800,0.000000
1771570831.264875,12.182272,0.008035,-0.017400,0.000000,0.034558,1.9800,0.000000,0.017400,0.00030276,-0.116000,1.9800,0.000000
1771570831.296025,12.213422,0.031150,-0.017400,0.000000,0.034558,1.9800,0.000000,0.017400,0.00030276,-0.116000,1.9800,0.000000
1771570831.305010,12.222407,0.008985,-0.017400,0.000000,0.034558,1.9800,0.000000,0.017400,0.00030276,-0.116000,1.9800,0.000000
1771570831.335845,12.253242,0.030835,-0.017400,0.000000,0.034558,1.9800,0.000000,0.017400,0.00030276,-0.116000,1.9800,0.000000
1771570831.344285,12.261682,0.008440,-0.017400,0.000000,0.034558,1.9800,0.000000,0.017400,0.00030276,-0.116000,1.9800,0.000000
1771570831.376121,12.293518,0.031836,-0.017400,0.000000,0.034558,1.9800,0.000000,0.017400,0.00030276,-0.116000,1.9800,0.000000
1771570831.384893,12.302290,0.008772,-0.017400,0.000000,0.034558,1.9800,0.000000,0.017400,0.00030276,-0.116000,1.9800,0.000000
1771570831.415937,12.333334,0.031043,-0.017400,0.000000,0.034558,1.9800,0.000000,0.017400,0.00030276,-0.116000,1.9800,0.000000
1771570831.426093,12.343490,0.010156,-0.017400,0.000000,0.034558,1.9800,0.000000,0.017400,0.00030276,-0.116000,1.9800,0.000000
1771570831.456552,12.373949,0.030459,-0.017400,0.000000,0.034558,1.9800,0.000000,0.017400,0.00030276,-0.116000,1.9800,0.000000
1771570831.464868,12.382265,0.008316,-0.017400,0.000000,0.034558,1.9800,0.000000,0.017400,0.00030276,-0.116000,1.9800,0.000000
1771570831.495788,12.413185,0.030920,-0.017400,0.000000,0.034558,1.9800,0.000000,0.017400,0.00030276,-0.116000,1.9800,0.000000
1771570831.504591,12.421988,0.008803,-0.017400,0.000000,0.034558,1.9800,0.000000,0.017400,0.00030276,-0.116000,1.9800,0.000000
1771570831.536780,12.454177,0.032190,-0.017400,0.000000,0.034558,1.9800,0.000000,0.017400,0.00030276,-0.116000,1.9800,0.000000
1771570831.545574,12.462971,0.008794,-0.017400,0.000000,0.034558,1.9800,0.000000,0.017400,0.00030276,-0.116000,1.9800,0.000000
1771570831.576408,12.493805,0.030834,-0.017400,0.000000,0.034558,1.9800,0.000000,0.017400,0.00030276,-0.116000,1.9800,0.000000
1771570831.585156,12.502553,0.008748,-0.017400,0.000000,0.034558,1.9800,0.000000,0.017400,0.00030276,-0.116000,1.9800,0.000000
1771570831.616870,12.534267,0.031714,-0.017400,0.000000,0.034558,1.9800,0.000000,0.017400,0.00030276,-0.116000,1.9800,0.000000
1771570831.624607,12.542004,0.007737,-0.017250,0.019388,0.034558,1.9800,0.000000,0.017250,0.00029756,-0.115000,1.9800,0.000000
1771570831.656477,12.573874,0.031870,-0.017400,-0.004707,0.034558,1.9800,0.000000,0.017400,0.00030276,-0.116000,1.9800,0.000000
1771570831.664753,12.582150,0.008276,-0.017250,0.018125,0.034558,1.9800,0.000000,0.017250,0.00029756,-0.115000,1.9800,0.000000
1771570831.696195,12.613592,0.031442,-0.017250,0.000000,0.034558,1.9800,0.000000,0.017250,0.00029756,-0.115000,1.9800,0.000000
1771570831.706080,12.623477,0.009886,-0.017400,-0.015174,0.034558,1.9800,0.000000,0.017400,0.00030276,-0.116000,1.9800,0.000000
1771570831.736498,12.653895,0.030418,-0.017250,0.004931,0.034558,1.9800,0.000000,0.017250,0.00029756,-0.115000,1.9800,0.000000
1771570831.745571,12.662968,0.009073,-0.017250,0.000000,0.034558,1.9800,0.000000,0.017250,0.00029756,-0.115000,1.9800,0.000000
1771570831.776624,12.694021,0.031054,-0.017250,0.000000,0.034558,1.9800,0.000000,0.017250,0.00029756,-0.115000,1.9800,0.000000
1771570831.784433,12.701830,0.007808,-0.017400,-0.019210,0.034558,1.9800,0.000000,0.017400,0.00030276,-0.116000,1.9800,0.000000
1771570831.816298,12.733695,0.031865,-0.017400,0.000000,0.034558,1.9800,0.000000,0.017400,0.00030276,-0.116000,1.9800,0.000000
1771570831.824329,12.741726,0.008031,-0.017250,0.018677,0.034558,1.9800,0.000000,0.017250,0.00029756,-0.115000,1.9800,0.000000
1771570831.856860,12.774257,0.032531,-0.017400,-0.004611,0.034558,1.9800,0.000000,0.017400,0.00030276,-0.116000,1.9800,0.000000
1771570831.865996,12.783393,0.009136,-0.017400,0.000000,0.034558,1.9800,0.000000,0.017400,0.00030276,-0.116000,1.9800,0.000000
1771570831.896427,12.813824,0.030431,-0.017250,0.004929,0.034558,1.9800,0.000000,0.017250,0.00029756,-0.115000,1.9800,0.000000
1771570831.904756,12.822153,0.008329,-0.017250,0.000000,0.034558,1.9800,0.000000,0.017250,0.00029756,-0.115000,1.9800,0.000000
1771570831.935970,12.853367,0.031214,-0.017400,-0.004806,0.034558,1.9800,0.000000,0.017400,0.00030276,-0.116000,1.9800,0.000000
1771570831.944164,12.861561,0.008194,-0.017400,0.000000,0.034558,1.9800,0.000000,0.017400,0.00030276,-0.116000,1.9800,0.000000
1771570831.976560,12.893957,0.032396,-0.017400,0.000000,0.034558,1.9800,0.000000,0.017400,0.00030276,-0.116000,1.9800,0.000000
1771570831.984248,12.901645,0.007688,-0.017400,0.000000,0.034558,1.9800,0.000000,0.017400,0.00030276,-0.116000,1.9800,0.000000
1771570832.015521,12.932918,0.031273,-0.017250,0.004796,0.034558,1.9800,0.000000,0.017250,0.00029756,-0.115000,1.9800,0.000000
1771570832.025477,12.942874,0.009957,-0.017250,0.000000,0.034558,1.9800,0.000000,0.017250,0.00029756,-0.115000,1.9800,0.000000
1771570832.055657,12.973054,0.030180,-0.017400,-0.004970,0.034558,1.9800,0.000000,0.017400,0.00030276,-0.116000,1.9800,0.000000
1771570832.065423,12.982820,0.009766,-0.017250,0.015360,0.034558,1.9800,0.000000,0.017250,0.00029756,-0.115000,1.9800,0.000000
1771570832.096278,13.013675,0.030855,-0.017250,0.000000,0.034558,1.9800,0.000000,0.017250,0.00029756,-0.115000,1.9800,0.000000
1771570832.105261,13.022658,0.008983,-0.017250,0.000000,0.034558,1.9800,0.000000,0.017250,0.00029756,-0.115000,1.9800,0.000000
1771570832.136736,13.054133,0.031475,-0.017250,0.000000,0.034558,1.9800,0.000000,0.017250,0.00029756,-0.115000,1.9800,0.000000
1771570832.144968,13.062365,0.008232,-0.017250,0.000000,0.034558,1.9800,0.000000,0.017250,0.00029756,-0.115000,1.9800,0.000000
1771570832.175475,13.092872,0.030507,-0.017250,0.000000,0.034558,1.9800,0.000000,0.017250,0.00029756,-0.115000,1.9800,0.000000
1771570832.186261,13.103658,0.010786,-0.017250,0.000000,0.034558,1.9800,0.000000,0.017250,0.00029756,-0.115000,1.9800,0.000000
1771570832.216105,13.133502,0.029844,-0.017400,-0.005026,0.034558,1.9800,0.000000,0.017400,0.00030276,-0.116000,1.9800,0.000000
1771570832.224867,13.142264,0.008761,-0.017400,0.000000,0.034558,1.9800,0.000000,0.017400,0.00030276,-0.116000,1.9800,0.000000
1771570832.256708,13.174105,0.031841,-0.017250,0.004711,0.034558,1.9800,0.000000,0.017250,0.00029756,-0.115000,1.9800,0.000000
1771570832.265248,13.182645,0.008541,-0.017400,-0.017563,0.034558,1.9800,0.000000,0.017400,0.00030276,-0.116000,1.9800,0.000000
1771570832.296448,13.213845,0.031200,-0.017400,0.000000,0.034558,1.9800,0.000000,0.017400,0.00030276,-0.116000,1.9800,0.000000
1771570832.304488,13.221885,0.008040,-0.017400,0.000000,0.034558,1.9800,0.000000,0.017400,0.00030276,-0.116000,1.9800,0.000000
1771570832.335833,13.253230,0.031345,-0.017400,0.000000,0.034558,1.9800,0.000000,0.017400,0.00030276,-0.116000,1.9800,0.000000
1771570832.344130,13.261527,0.008297,-0.017400,0.000000,0.034558,1.9800,0.000000,0.017400,0.00030276,-0.116000,1.9800,0.000000
1771570832.377038,13.294435,0.032907,-0.017250,0.004558,0.034558,1.9800,0.000000,0.017250,0.00029756,-0.115000,1.9800,0.000000
1771570832.385439,13.302836,0.008402,-0.017400,-0.017853,0.034558,1.9800,0.000000,0.017400,0.00030276,-0.116000,1.9800,0.000000
1771570832.416367,13.333764,0.030927,-0.017400,0.000000,0.034558,1.9800,0.000000,0.017400,0.00030276,-0.116000,1.9800,0.000000
1771570832.424736,13.342133,0.008369,-0.017400,0.000000,0.034558,1.9800,0.000000,0.017400,0.00030276,-0.116000,1.9800,0.000000
1771570832.456267,13.373664,0.031532,-0.017400,0.000000,0.034558,1.9800,0.000000,0.017400,0.00030276,-0.116000,1.9800,0.000000
1771570832.465278,13.382675,0.009011,-0.017400,0.000000,0.034558,1.9800,0.000000,0.017400,0.00030276,-0.116000,1.9800,0.000000
1771570832.495940,13.413337,0.030662,-0.017400,0.000000,0.034558,1.9800,0.000000,0.017400,0.00030276,-0.116000,1.9800,0.000000
1771570832.504185,13.421582,0.008245,-0.017400,0.000000,0.034558,1.9800,0.000000,0.017400,0.00030276,-0.116000,1.9800,0.000000
1771570832.536636,13.454033,0.032451,-0.017400,0.000000,0.034558,1.9800,0.000000,0.017400,0.00030276,-0.116000,1.9800,0.000000
1771570832.545265,13.462662,0.008629,-0.017400,0.000000,0.034558,1.9800,0.000000,0.017400,0.00030276,-0.116000,1.9800,0.000000
1771570832.575743,13.493140,0.030478,-0.017400,0.000000,0.034558,1.9800,0.000000,0.017400,0.00030276,-0.116000,1.9800,0.000000
1771570832.586522,13.503919,0.010778,-0.017400,0.000000,0.034558,1.9800,0.000000,0.017400,0.00030276,-0.116000,1.9800,0.000000
1771570832.616252,13.533649,0.029731,-0.017400,0.000000,0.034558,1.9800,0.000000,0.017400,0.00030276,-0.116000,1.9800,0.000000
1771570832.624893,13.542290,0.008641,-0.017250,0.017360,0.034558,1.9800,0.000000,0.017250,0.00029756,-0.115000,1.9800,0.000000
1771570832.656240,13.573637,0.031348,-0.017400,-0.004785,0.034558,1.9800,0.000000,0.017400,0.00030276,-0.116000,1.9800,0.000000
1771570832.664688,13.582085,0.008448,-0.017250,0.017756,0.034558,1.9800,0.000000,0.017250,0.00029756,-0.115000,1.9800,0.000000
1771570832.696816,13.614213,0.032128,-0.017400,-0.004669,0.034558,1.9800,0.000000,0.017400,0.00030276,-0.116000,1.9800,0.000000
1771570832.704689,13.622086,0.007873,-0.017400,0.000000,0.034558,1.9800,0.000000,0.017400,0.00030276,-0.116000,1.9800,0.000000
1771570832.737307,13.654704,0.032617,-0.017400,0.000000,0.034558,1.9800,0.000000,0.017400,0.00030276,-0.116000,1.9800,0.000000
1771570832.744131,13.661528,0.006824,-0.017400,0.000000,0.034558,1.9800,0.000000,0.017400,0.00030276,-0.116000,1.9800,0.000000
1771570832.775460,13.692857,0.031329,-0.017400,0.000000,0.034558,1.9800,0.000000,0.017400,0.00030276,-0.116000,1.9800,0.000000
1771570832.785490,13.702887,0.010030,-0.017400,0.000000,0.034558,1.9800,0.000000,0.017400,0.00030276,-0.116000,1.9800,0.000000
1771570832.816631,13.734028,0.031141,-0.017400,0.000000,0.034558,1.9800,0.000000,0.017400,0.00030276,-0.116000,1.9800,0.000000
1771570832.824748,13.742145,0.008117,-0.017400,0.000000,0.034558,1.9800,0.000000,0.017400,0.00030276,-0.116000,1.9800,0.000000
1771570832.855639,13.773036,0.030891,-0.017400,0.000000,0.034558,1.9800,0.000000,0.017400,0.00030276,-0.116000,1.9800,0.000000
1771570832.864514,13.781911,0.008875,-0.017400,0.000000,0.034558,1.9800,0.000000,0.017400,0.00030276,-0.116000,1.9800,0.000000
1771570832.895470,13.812867,0.030956,-0.017400,0.000000,0.034558,1.9800,0.000000,0.017400,0.00030276,-0.116000,1.9800,0.000000
1771570832.904738,13.822135,0.009268,-0.017250,0.016185,0.034558,1.9800,0.000000,0.017250,0.00029756,-0.115000,1.9800,0.000000
1771570832.936409,13.853806,0.031671,-0.017400,-0.004736,0.034558,1.9800,0.000000,0.017400,0.00030276,-0.116000,1.9800,0.000000
1771570832.944780,13.862177,0.008371,-0.017400,0.000000,0.034558,1.9800,0.000000,0.017400,0.00030276,-0.116000,1.9800,0.000000
1771570832.976116,13.893513,0.031336,-0.017400,0.000000,0.034558,1.9800,0.000000,0.017400,0.00030276,-0.116000,1.9800,0.000000
1771570832.984200,13.901597,0.008083,-0.017400,0.000000,0.034558,1.9800,0.000000,0.017400,0.00030276,-0.116000,1.9800,0.000000
1771570833.016344,13.933741,0.032145,-0.017400,0.000000,0.034907,2.0000,0.000000,0.017400,0.00030276,-0.116000,2.0000,0.000000
1771570833.024717,13.942114,0.008373,-0.017250,0.017916,0.034907,2.0000,0.000000,0.017250,0.00029756,-0.115000,2.0000,0.000000
1771570833.055900,13.973297,0.031183,-0.017400,-0.004810,0.034558,1.9800,0.000000,0.017400,0.00030276,-0.116000,1.9800,0.000000
1771570833.065593,13.982990,0.009693,-0.017400,0.000000,0.034558,1.9800,0.000000,0.017400,0.00030276,-0.116000,1.9800,0.000000
1771570833.095588,14.012985,0.029996,-0.017400,0.000000,0.034907,2.0000,0.000000,0.017400,0.00030276,-0.116000,2.0000,0.000000
1771570833.104530,14.021927,0.008941,-0.017250,0.016776,0.034907,2.0000,0.000000,0.017250,0.00029756,-0.115000,2.0000,0.000000
1771570833.137156,14.054553,0.032626,-0.017400,-0.004598,0.034907,2.0000,0.000000,0.017400,0.00030276,-0.116000,2.0000,0.000000
1771570833.145282,14.062679,0.008126,-0.017250,0.018459,0.034907,2.0000,0.000000,0.017250,0.00029756,-0.115000,2.0000,0.000000
1771570833.177321,14.094718,0.032040,-0.017400,-0.004682,0.034907,2.0000,0.000000,0.017400,0.00030276,-0.116000,2.0000,0.000000
1771570833.185506,14.102903,0.008185,-0.017250,0.018327,0.034907,2.0000,0.000000,0.017250,0.00029756,-0.115000,2.0000,0.000000
1771570833.215689,14.133086,0.030183,-0.017400,-0.004970,0.034907,2.0000,0.000000,0.017400,0.00030276,-0.116000,2.0000,0.000000
1771570833.226046,14.143443,0.010356,-0.017400,0.000000,0.034907,2.0000,0.000000,0.017400,0.00030276,-0.116000,2.0000,0.000000
1771570833.256758,14.174155,0.030713,-0.017400,0.000000,0.034907,2.0000,0.000000,0.017400,0.00030276,-0.116000,2.0000,0.000000
1771570833.264885,14.182282,0.008126,-0.017250,0.018458,0.034907,2.0000,0.000000,0.017250,0.00029756,-0.115000,2.0000,0.000000
1771570833.295886,14.213283,0.031001,-0.017400,-0.004839,0.034907,2.0000,0.000000,0.017400,0.00030276,-0.116000,2.0000,0.000000
1771570833.304249,14.221646,0.008363,-0.017250,0.017936,0.034907,2.0000,0.000000,0.017250,0.00029756,-0.115000,2.0000,0.000000
1771570833.336365,14.253762,0.032116,-0.017250,0.000000,0.034907,2.0000,0.000000,0.017250,0.00029756,-0.115000,2.0000,0.000000
1771570833.344253,14.261650,0.007888,-0.017250,0.000000,0.034907,2.0000,0.000000,0.017250,0.00029756,-0.115000,2.0000,0.000000
1771570833.376254,14.293651,0.032001,-0.017400,-0.004687,0.034907,2.0000,0.000000,0.017400,0.00030276,-0.116000,2.0000,0.000000
1771570833.384211,14.301608,0.007957,-0.017250,0.018851,0.034907,2.0000,0.000000,0.017250,0.00029756,-0.115000,2.0000,0.000000
1771570833.415509,14.332906,0.031298,-0.017250,0.000000,0.034907,2.0000,0.000000,0.017250,0.00029756,-0.115000,2.0000,0.000000
1771570833.424980,14.342377,0.009471,-0.017250,0.000000,0.034907,2.0000,0.000000,0.017250,0.00029756,-0.115000,2.0000,0.000000
1771570833.455392,14.372789,0.030412,-0.017250,0.000000,0.034907,2.0000,0.000000,0.017250,0.00029756,-0.115000,2.0000,0.000000
1771570833.465379,14.382776,0.009987,-0.017400,-0.015020,0.034907,2.0000,0.000000,0.017400,0.00030276,-0.116000,2.0000,0.000000
1771570833.495695,14.413092,0.030316,-0.017250,0.004948,0.034907,2.0000,0.000000,0.017250,0.00029756,-0.115000,2.0000,0.000000
1771570833.504362,14.421759,0.008668,-0.017250,0.000000,0.034907,2.0000,0.000000,0.017250,0.00029756,-0.115000,2.0000,0.000000
1771570833.536309,14.453707,0.031947,-0.017250,0.000000,0.034907,2.0000,0.000000,0.017250,0.00029756,-0.115000,2.0000,0.000000
1771570833.545011,14.462408,0.008701,-0.017250,0.000000,0.034907,2.0000,0.000000,0.017250,0.00029756,-0.115000,2.0000,0.000000
1771570833.576265,14.493662,0.031254,-0.017250,0.000000,0.034907,2.0000,0.000000,0.017250,0.00029756,-0.115000,2.0000,0.000000
1771570833.584567,14.501964,0.008302,-0.017250,0.000000,0.034907,2.0000,0.000000,0.017250,0.00029756,-0.115000,2.0000,0.000000
1771570833.616599,14.533996,0.032032,-0.017250,0.000000,0.034907,2.0000,0.000000,0.017250,0.00029756,-0.115000,2.0000,0.000000
1771570833.624819,14.542216,0.008220,-0.017250,0.000000,0.034907,2.0000,0.000000,0.017250,0.00029756,-0.115000,2.0000,0.000000
1771570833.656127,14.573524,0.031308,-0.017250,0.000000,0.034907,2.0000,0.000000,0.017250,0.00029756,-0.115000,2.0000,0.000000
1771570833.664843,14.582240,0.008716,-0.017250,0.000000,0.034907,2.0000,0.000000,0.017250,0.00029756,-0.115000,2.0000,0.000000
1771570833.696129,14.613526,0.031286,-0.017250,0.000000,0.034907,2.0000,0.000000,0.017250,0.00029756,-0.115000,2.0000,0.000000
1771570833.704728,14.622125,0.008599,-0.017250,0.000000,0.034907,2.0000,0.000000,0.017250,0.00029756,-0.115000,2.0000,0.000000
1771570833.736552,14.653949,0.031824,-0.017250,0.000000,0.035256,2.0200,0.000000,0.017250,0.00029756,-0.115000,2.0200,0.000000
1771570833.744962,14.662359,0.008410,-0.017250,0.000000,0.035256,2.0200,0.000000,0.017250,0.00029756,-0.115000,2.0200,0.000000
1771570833.775637,14.693034,0.030675,-0.017250,0.000000,0.035256,2.0200,0.000000,0.017250,0.00029756,-0.115000,2.0200,0.000000
1771570833.785182,14.702579,0.009545,-0.017250,0.000000,0.035256,2.0200,0.000000,0.017250,0.00029756,-0.115000,2.0200,0.000000
1771570833.815580,14.732977,0.030398,-0.017250,0.000000,0.035256,2.0200,0.000000,0.017250,0.00029756,-0.115000,2.0200,0.000000
1771570833.824588,14.741985,0.009008,-0.017250,0.000000,0.035256,2.0200,0.000000,0.017250,0.00029756,-0.115000,2.0200,0.000000
1771570833.856956,14.774354,0.032369,-0.017250,0.000000,0.035256,2.0200,0.000000,0.017250,0.00029756,-0.115000,2.0200,0.000000
1771570833.864829,14.782226,0.007873,-0.017250,0.000000,0.035256,2.0200,0.000000,0.017250,0.00029756,-0.115000,2.0200,0.000000
1771570833.896652,14.814049,0.031822,-0.017250,0.000000,0.035256,2.0200,0.000000,0.017250,0.00029756,-0.115000,2.0200,0.000000
1771570833.904969,14.822366,0.008318,-0.017250,0.000000,0.035256,2.0200,0.000000,0.017250,0.00029756,-0.115000,2.0200,0.000000
1771570833.935407,14.852804,0.030438,-0.017250,0.000000,0.035256,2.0200,0.000000,0.017250,0.00029756,-0.115000,2.0200,0.000000
1771570833.945323,14.862720,0.009916,-0.017250,0.000000,0.035256,2.0200,0.000000,0.017250,0.00029756,-0.115000,2.0200,0.000000
1771570833.976592,14.893989,0.031269,-0.017250,0.000000,0.035256,2.0200,0.000000,0.017250,0.00029756,-0.115000,2.0200,0.000000
1771570833.985452,14.902849,0.008861,-0.017250,0.000000,0.035256,2.0200,0.000000,0.017250,0.00029756,-0.115000,2.0200,0.000000
1771570834.015899,14.933296,0.030447,-0.017250,0.000000,0.035256,2.0200,0.000000,0.017250,0.00029756,-0.115000,2.0200,0.000000
1771570834.024860,14.942257,0.008961,-0.017250,0.000000,0.035256,2.0200,0.000000,0.017250,0.00029756,-0.115000,2.0200,0.000000
1771570834.055240,14.972637,0.030380,-0.017250,0.000000,0.035256,2.0200,0.000000,0.017250,0.00029756,-0.115000,2.0200,0.000000
1771570834.065628,14.983025,0.010388,-0.017250,0.000000,0.035256,2.0200,0.000000,0.017250,0.00029756,-0.115000,2.0200,0.000000
1771570834.097378,15.014775,0.031750,-0.017250,0.000000,0.035256,2.0200,0.000000,0.017250,0.00029756,-0.115000,2.0200,0.000000
1771570834.104353,15.021750,0.006975,-0.017250,0.000000,0.035256,2.0200,0.000000,0.017250,0.00029756,-0.115000,2.0200,0.000000
1771570834.136874,15.054271,0.032521,-0.017250,0.000000,0.035256,2.0200,0.000000,0.017250,0.00029756,-0.115000,2.0200,0.000000
1771570834.144867,15.062264,0.007992,-0.017250,0.000000,0.035256,2.0200,0.000000,0.017250,0.00029756,-0.115000,2.0200,0.000000
1771570834.175826,15.093223,0.030959,-0.017250,0.000000,0.035256,2.0200,0.000000,0.017250,0.00029756,-0.115000,2.0200,0.000000
1771570834.185374,15.102771,0.009548,-0.017250,0.000000,0.035256,2.0200,0.000000,0.017250,0.00029756,-0.115000,2.0200,0.000000
1771570834.215716,15.133113,0.030342,-0.017100,0.004944,0.035605,2.0400,0.000000,0.017100,0.00029241,-0.114000,2.0400,0.000000
1771570834.224083,15.141480,0.008367,-0.017100,0.000000,0.035605,2.0400,0.000000,0.017100,0.00029241,-0.114000,2.0400,0.000000
1771570834.256549,15.173946,0.032466,-0.017100,0.000000,0.035605,2.0400,0.000000,0.017100,0.00029241,-0.114000,2.0400,0.000000
1771570834.264571,15.181968,0.008022,-0.017100,0.000000,0.035605,2.0400,0.000000,0.017100,0.00029241,-0.114000,2.0400,0.000000
1771570834.295878,15.213275,0.031307,-0.017250,-0.004791,0.035605,2.0400,0.000000,0.017250,0.00029756,-0.115000,2.0400,0.000000
1771570834.304435,15.221832,0.008557,-0.017100,0.017530,0.035605,2.0400,0.000000,0.017100,0.00029241,-0.114000,2.0400,0.000000
1771570834.337109,15.254506,0.032675,-0.017250,-0.004591,0.035605,2.0400,0.000000,0.017250,0.00029756,-0.115000,2.0400,0.000000
1771570834.345237,15.262635,0.008128,-0.017250,0.000000,0.035605,2.0400,0.000000,0.017250,0.00029756,-0.115000,2.0400,0.000000
1771570834.376183,15.293580,0.030946,-0.017100,0.004847,0.035605,2.0400,0.000000,0.017100,0.00029241,-0.114000,2.0400,0.000000
1771570834.384393,15.301790,0.008210,-0.017100,0.000000,0.035605,2.0400,0.000000,0.017100,0.00029241,-0.114000,2.0400,0.000000
1771570834.415851,15.333248,0.031458,-0.017100,0.000000,0.035605,2.0400,0.000000,0.017100,0.00029241,-0.114000,2.0400,0.000000
1771570834.424077,15.341474,0.008226,-0.017100,0.000000,0.035605,2.0400,0.000000,0.017100,0.00029241,-0.114000,2.0400,0.000000
1771570834.455947,15.373344,0.031870,-0.017250,-0.004707,0.035605,2.0400,0.000000,0.017250,0.00029756,-0.115000,2.0400,0.000000
1771570834.464559,15.381956,0.008612,-0.017250,0.000000,0.035605,2.0400,0.000000,0.017250,0.00029756,-0.115000,2.0400,0.000000
1771570834.496048,15.413445,0.031489,-0.017250,0.000000,0.035605,2.0400,0.000000,0.017250,0.00029756,-0.115000,2.0400,0.000000
1771570834.505371,15.422768,0.009323,-0.017100,0.016089,0.035605,2.0400,0.000000,0.017100,0.00029241,-0.114000,2.0400,0.000000
1771570834.535486,15.452883,0.030115,-0.017250,-0.004981,0.035605,2.0400,0.000000,0.017250,0.00029756,-0.115000,2.0400,0.000000
1771570834.545952,15.463349,0.010465,-0.017250,0.000000,0.035605,2.0400,0.000000,0.017250,0.00029756,-0.115000,2.0400,0.000000
1771570834.576426,15.493823,0.030474,-0.017250,0.000000,0.036128,2.0700,0.000000,0.017250,0.00029756,-0.115000,2.0700,0.000000
1771570834.584681,15.502078,0.008255,-0.017250,0.000000,0.036128,2.0700,0.000000,0.017250,0.00029756,-0.115000,2.0700,0.000000
1771570834.615898,15.533295,0.031217,-0.017250,0.000000,0.036128,2.0700,0.000000,0.017250,0.00029756,-0.115000,2.0700,0.000000
1771570834.624139,15.541536,0.008241,-0.017250,0.000000,0.036128,2.0700,0.000000,0.017250,0.00029756,-0.115000,2.0700,0.000000
1771570834.656594,15.573991,0.032455,-0.017250,0.000000,0.036128,2.0700,0.000000,0.017250,0.00029756,-0.115000,2.0700,0.000000
1771570834.665170,15.582567,0.008576,-0.017250,0.000000,0.036128,2.0700,0.000000,0.017250,0.00029756,-0.115000,2.0700,0.000000
1771570834.696613,15.614010,0.031442,-0.017250,0.000000,0.036128,2.0700,0.000000,0.017250,0.00029756,-0.115000,2.0700,0.000000
1771570834.704379,15.621776,0.007766,-0.017250,0.000000,0.036128,2.0700,0.000000,0.017250,0.00029756,-0.115000,2.0700,0.000000
1771570834.736831,15.654228,0.032452,-0.017250,0.000000,0.036128,2.0700,0.000000,0.017250,0.00029756,-0.115000,2.0700,0.000000
1771570834.744973,15.662370,0.008142,-0.017250,0.000000,0.036128,2.0700,0.000000,0.017250,0.00029756,-0.115000,2.0700,0.000000
1771570834.775363,15.692760,0.030391,-0.017250,0.000000,0.036128,2.0700,0.000000,0.017250,0.00029756,-0.115000,2.0700,0.000000
1771570834.785571,15.702968,0.010208,-0.017250,0.000000,0.036128,2.0700,0.000000,0.017250,0.00029756,-0.115000,2.0700,0.000000
1771570834.816351,15.733748,0.030780,-0.017250,0.000000,0.036128,2.0700,0.000000,0.017250,0.00029756,-0.115000,2.0700,0.000000
1771570834.824706,15.742103,0.008355,-0.017250,0.000000,0.036128,2.0700,0.000000,0.017250,0.00029756,-0.115000,2.0700,0.000000
1771570834.856267,15.773664,0.031561,-0.017250,0.000000,0.036128,2.0700,0.000000,0.017250,0.00029756,-0.115000,2.0700,0.000000
1771570834.864031,15.781428,0.007764,-0.017250,0.000000,0.036128,2.0700,0.000000,0.017250,0.00029756,-0.115000,2.0700,0.000000
1771570834.895255,15.812652,0.031224,-0.017400,-0.004804,0.036128,2.0700,0.000000,0.017400,0.00030276,-0.116000,2.0700,0.000000
1771570834.905203,15.822600,0.009948,-0.017250,0.015078,0.036128,2.0700,0.000000,0.017250,0.00029756,-0.115000,2.0700,0.000000
1771570834.936235,15.853632,0.031032,-0.017250,0.000000,0.036128,2.0700,0.000000,0.017250,0.00029756,-0.115000,2.0700,0.000000
1771570834.944457,15.861854,0.008223,-0.017400,-0.018242,0.036128,2.0700,0.000000,0.017400,0.00030276,-0.116000,2.0700,0.000000
1771570834.975174,15.892571,0.030716,-0.017250,0.004883,0.036128,2.0700,0.000000,0.017250,0.00029756,-0.115000,2.0700,0.000000
1771570834.985559,15.902956,0.010385,-0.017250,0.000000,0.036128,2.0700,0.000000,0.017250,0.00029756,-0.115000,2.0700,0.000000
1771570835.015851,15.933248,0.030292,-0.017250,0.000000,0.036128,2.0700,0.000000,0.017250,0.00029756,-0.115000,2.0700,0.000000
1771570835.024423,15.941820,0.008572,-0.017250,0.000000,0.036128,2.0700,0.000000,0.017250,0.00029756,-0.115000,2.0700,0.000000
1771570835.055513,15.972910,0.031090,-0.017250,0.000000,0.036128,2.0700,0.000000,0.017250,0.00029756,-0.115000,2.0700,0.000000
1771570835.063953,15.981350,0.008440,-0.017250,0.000000,0.036128,2.0700,0.000000,0.017250,0.00029756,-0.115000,2.0700,0.000000
1771570835.095418,16.012815,0.031466,-0.017400,-0.004767,0.036128,2.0700,0.000000,0.017400,0.00030276,-0.116000,2.0700,0.000000
1771570835.104774,16.022171,0.009356,-0.017250,0.016033,0.036128,2.0700,0.000000,0.017250,0.00029756,-0.115000,2.0700,0.000000
1771570835.135874,16.053271,0.031100,-0.017250,0.000000,0.036128,2.0700,0.000000,0.017250,0.00029756,-0.115000,2.0700,0.000000
1771570835.144352,16.061749,0.008479,-0.017400,-0.017691,0.036128,2.0700,0.000000,0.017400,0.00030276,-0.116000,2.0700,0.000000
1771570835.176051,16.093448,0.031698,-0.017250,0.004732,0.036128,2.0700,0.000000,0.017250,0.00029756,-0.115000,2.0700,0.000000
1771570835.184237,16.101634,0.008186,-0.017400,-0.018324,0.036128,2.0700,0.000000,0.017400,0.00030276,-0.116000,2.0700,0.000000
1771570835.216567,16.133964,0.032330,-0.017250,0.004640,0.036128,2.0700,0.000000,0.017250,0.00029756,-0.115000,2.0700,0.000000
1771570835.224811,16.142208,0.008244,-0.017400,-0.018196,0.036128,2.0700,0.000000,0.017400,0.00030276,-0.116000,2.0700,0.000000
1771570835.256125,16.173522,0.031314,-0.017400,0.000000,0.036128,2.0700,0.000000,0.017400,0.00030276,-0.116000,2.0700,0.000000
1771570835.265074,16.182471,0.008949,-0.017400,0.000000,0.036128,2.0700,0.000000,0.017400,0.00030276,-0.116000,2.0700,0.000000
1771570835.295521,16.212919,0.030447,-0.017400,0.000000,0.036128,2.0700,0.000000,0.017400,0.00030276,-0.116000,2.0700,0.000000
1771570835.303849,16.221246,0.008328,-0.017400,0.000000,0.036128,2.0700,0.000000,0.017400,0.00030276,-0.116000,2.0700,0.000000
1771570835.335857,16.253254,0.032008,-0.017400,0.000000,0.036128,2.0700,0.000000,0.017400,0.00030276,-0.116000,2.0700,0.000000
1771570835.344863,16.262260,0.009007,-0.017400,0.000000,0.036128,2.0700,0.000000,0.017400,0.00030276,-0.116000,2.0700,0.000000
1771570835.375483,16.292880,0.030619,-0.017400,0.000000,0.036128,2.0700,0.000000,0.017400,0.00030276,-0.116000,2.0700,0.000000
1771570835.386114,16.303511,0.010632,-0.017400,0.000000,0.036128,2.0700,0.000000,0.017400,0.00030276,-0.116000,2.0700,0.000000
1771570835.415240,16.332637,0.029126,-0.017400,0.000000,0.036128,2.0700,0.000000,0.017400,0.00030276,-0.116000,2.0700,0.000000
1771570835.424867,16.342264,0.009626,-0.017250,0.015582,0.036128,2.0700,0.000000,0.017250,0.00029756,-0.115000,2.0700,0.000000
1771570835.456431,16.373828,0.031564,-0.017400,-0.004752,0.036128,2.0700,0.000000,0.017400,0.00030276,-0.116000,2.0700,0.000000
1771570835.464905,16.382302,0.008474,-0.017400,0.000000,0.036128,2.0700,0.000000,0.017400,0.00030276,-0.116000,2.0700,0.000000
1771570835.496365,16.413762,0.031460,-0.017400,0.000000,0.036128,2.0700,0.000000,0.017400,0.00030276,-0.116000,2.0700,0.000000
1771570835.504568,16.421965,0.008204,-0.017400,0.000000,0.036128,2.0700,0.000000,0.017400,0.00030276,-0.116000,2.0700,0.000000
1771570835.536621,16.454018,0.032053,-0.017400,0.000000,0.036128,2.0700,0.000000,0.017400,0.00030276,-0.116000,2.0700,0.000000
1771570835.545132,16.462529,0.008512,-0.017400,0.000000,0.036128,2.0700,0.000000,0.017400,0.00030276,-0.116000,2.0700,0.000000
1771570835.576452,16.493849,0.031320,-0.017400,0.000000,0.036128,2.0700,0.000000,0.017400,0.00030276,-0.116000,2.0700,0.000000
1771570835.584814,16.502211,0.008362,-0.017400,0.000000,0.036128,2.0700,0.000000,0.017400,0.00030276,-0.116000,2.0700,0.000000
1771570835.615397,16.532794,0.030584,-0.017400,0.000000,0.036477,2.0900,0.000000,0.017400,0.00030276,-0.116000,2.0900,0.000000
1771570835.623938,16.541335,0.008540,-0.017400,0.000000,0.036477,2.0900,0.000000,0.017400,0.00030276,-0.116000,2.0900,0.000000
1771570835.657418,16.574815,0.033480,-0.017400,0.000000,0.036477,2.0900,0.000000,0.017400,0.00030276,-0.116000,2.0900,0.000000
1771570835.667115,16.584512,0.009697,-0.017400,0.000000,0.036477,2.0900,0.000000,0.017400,0.00030276,-0.116000,2.0900,0.000000
1771570835.695526,16.612923,0.028412,-0.017400,0.000000,0.036477,2.0900,0.000000,0.017400,0.00030276,-0.116000,2.0900,0.000000
1771570835.704438,16.621835,0.008912,-0.017400,0.000000,0.036477,2.0900,0.000000,0.017400,0.00030276,-0.116000,2.0900,0.000000
1771570835.737166,16.654563,0.032728,-0.017400,0.000000,0.036477,2.0900,0.000000,0.017400,0.00030276,-0.116000,2.0900,0.000000
1771570835.744082,16.661479,0.006916,-0.017400,0.000000,0.036477,2.0900,0.000000,0.017400,0.00030276,-0.116000,2.0900,0.000000
1771570835.775965,16.693362,0.031883,-0.017400,0.000000,0.036477,2.0900,0.000000,0.017400,0.00030276,-0.116000,2.0900,0.000000
1771570835.783991,16.701388,0.008026,-0.017400,0.000000,0.036477,2.0900,0.000000,0.017400,0.00030276,-0.116000,2.0900,0.000000
1771570835.815771,16.733168,0.031779,-0.017400,0.000000,0.036477,2.0900,0.000000,0.017400,0.00030276,-0.116000,2.0900,0.000000
1771570835.824432,16.741829,0.008661,-0.017400,0.000000,0.036477,2.0900,0.000000,0.017400,0.00030276,-0.116000,2.0900,0.000000
1771570835.856548,16.773945,0.032116,-0.017400,0.000000,0.036477,2.0900,0.000000,0.017400,0.00030276,-0.116000,2.0900,0.000000
1771570835.865257,16.782654,0.008709,-0.017400,0.000000,0.036477,2.0900,0.000000,0.017400,0.00030276,-0.116000,2.0900,0.000000
1771570835.896041,16.813438,0.030784,-0.017400,0.000000,0.036477,2.0900,0.000000,0.017400,0.00030276,-0.116000,2.0900,0.000000
1771570835.904927,16.822324,0.008887,-0.017400,0.000000,0.036477,2.0900,0.000000,0.017400,0.00030276,-0.116000,2.0900,0.000000
1771570835.935833,16.853230,0.030905,-0.017400,0.000000,0.036477,2.0900,0.000000,0.017400,0.00030276,-0.116000,2.0900,0.000000
1771570835.944167,16.861564,0.008334,-0.017400,0.000000,0.036477,2.0900,0.000000,0.017400,0.00030276,-0.116000,2.0900,0.000000
1771570835.975472,16.892869,0.031306,-0.017400,0.000000,0.036477,2.0900,0.000000,0.017400,0.00030276,-0.116000,2.0900,0.000000
1771570835.983858,16.901255,0.008385,-0.017400,0.000000,0.036477,2.0900,0.000000,0.017400,0.00030276,-0.116000,2.0900,0.000000
1771570836.015355,16.932752,0.031497,-0.017400,0.000000,0.036477,2.0900,0.000000,0.017400,0.00030276,-0.116000,2.0900,0.000000
1771570836.025997,16.943394,0.010642,-0.017400,0.000000,0.036477,2.0900,0.000000,0.017400,0.00030276,-0.116000,2.0900,0.000000
1771570836.056350,16.973747,0.030352,-0.017400,0.000000,0.036477,2.0900,0.000000,0.017400,0.00030276,-0.116000,2.0900,0.000000
1771570836.064439,16.981836,0.008090,-0.017400,0.000000,0.036477,2.0900,0.000000,0.017400,0.00030276,-0.116000,2.0900,0.000000
1771570836.095323,17.012720,0.030884,-0.017400,0.000000,0.036477,2.0900,0.000000,0.017400,0.00030276,-0.116000,2.0900,0.000000
1771570836.104410,17.021807,0.009087,-0.017400,0.000000,0.036477,2.0900,0.000000,0.017400,0.00030276,-0.116000,2.0900,0.000000
1771570836.136578,17.053975,0.032168,-0.017400,0.000000,0.036477,2.0900,0.000000,0.017400,0.00030276,-0.116000,2.0900,0.000000
1771570836.145673,17.063070,0.009095,-0.017400,0.000000,0.036477,2.0900,0.000000,0.017400,0.00030276,-0.116000,2.0900,0.000000
1771570836.176055,17.093452,0.030382,-0.017400,0.000000,0.036477,2.0900,0.000000,0.017400,0.00030276,-0.116000,2.0900,0.000000
1771570836.184138,17.101535,0.008083,-0.017400,0.000000,0.036477,2.0900,0.000000,0.017400,0.00030276,-0.116000,2.0900,0.000000
1771570836.216122,17.133519,0.031984,-0.017400,0.000000,0.036477,2.0900,0.000000,0.017400,0.00030276,-0.116000,2.0900,0.000000
1771570836.224178,17.141575,0.008056,-0.017400,0.000000,0.036477,2.0900,0.000000,0.017400,0.00030276,-0.116000,2.0900,0.000000
1771570836.255533,17.172930,0.031355,-0.017400,0.000000,0.036477,2.0900,0.000000,0.017400,0.00030276,-0.116000,2.0900,0.000000
1771570836.265801,17.183198,0.010268,-0.017400,0.000000,0.036477,2.0900,0.000000,0.017400,0.00030276,-0.116000,2.0900,0.000000
1771570836.296166,17.213563,0.030365,-0.017400,0.000000,0.036477,2.0900,0.000000,0.017400,0.00030276,-0.116000,2.0900,0.000000
1771570836.304734,17.222131,0.008568,-0.017400,0.000000,0.036477,2.0900,0.000000,0.017400,0.00030276,-0.116000,2.0900,0.000000
1771570836.335231,17.252628,0.030497,-0.017400,0.000000,0.036477,2.0900,0.000000,0.017400,0.00030276,-0.116000,2.0900,0.000000
1771570836.344748,17.262146,0.009518,-0.017400,0.000000,0.036477,2.0900,0.000000,0.017400,0.00030276,-0.116000,2.0900,0.000000
1771570836.375233,17.292630,0.030484,-0.017400,0.000000,0.036477,2.0900,0.000000,0.017400,0.00030276,-0.116000,2.0900,0.000000
1771570836.385225,17.302622,0.009992,-0.017400,0.000000,0.036477,2.0900,0.000000,0.017400,0.00030276,-0.116000,2.0900,0.000000
1771570836.416116,17.333513,0.030891,-0.017250,0.004856,0.036826,2.1100,0.000000,0.017250,0.00029756,-0.115000,2.1100,0.000000
1771570836.424576,17.341973,0.008460,-0.017400,-0.017731,0.036826,2.1100,0.000000,0.017400,0.00030276,-0.116000,2.1100,0.000000
1771570836.456260,17.373657,0.031684,-0.017400,0.000000,0.036826,2.1100,0.000000,0.017400,0.00030276,-0.116000,2.1100,0.000000
1771570836.464547,17.381944,0.008288,-0.017250,0.018099,0.036826,2.1100,0.000000,0.017250,0.00029756,-0.115000,2.1100,0.000000
1771570836.496337,17.413734,0.031790,-0.017400,-0.004719,0.036826,2.1100,0.000000,0.017400,0.00030276,-0.116000,2.1100,0.000000
1771570836.505237,17.422634,0.008900,-0.017400,0.000000,0.036826,2.1100,0.000000,0.017400,0.00030276,-0.116000,2.1100,0.000000
1771570836.535409,17.452806,0.030172,-0.017400,0.000000,0.036826,2.1100,0.000000,0.017400,0.00030276,-0.116000,2.1100,0.000000
1771570836.544819,17.462216,0.009410,-0.017250,0.015941,0.036826,2.1100,0.000000,0.017250,0.00029756,-0.115000,2.1100,0.000000
1771570836.575479,17.492876,0.030660,-0.017400,-0.004892,0.036826,2.1100,0.000000,0.017400,0.00030276,-0.116000,2.1100,0.000000
1771570836.585079,17.502476,0.009600,-0.017400,0.000000,0.036826,2.1100,0.000000,0.017400,0.00030276,-0.116000,2.1100,0.000000
1771570836.615634,17.533031,0.030555,-0.017400,0.000000,0.036826,2.1100,0.000000,0.017400,0.00030276,-0.116000,2.1100,0.000000
1771570836.624210,17.541607,0.008575,-0.017400,0.000000,0.036826,2.1100,0.000000,0.017400,0.00030276,-0.116000,2.1100,0.000000
1771570836.656129,17.573526,0.031919,-0.017400,0.000000,0.036826,2.1100,0.000000,0.017400,0.00030276,-0.116000,2.1100,0.000000
1771570836.664540,17.581937,0.008411,-0.017400,0.000000,0.036826,2.1100,0.000000,0.017400,0.00030276,-0.116000,2.1100,0.000000
1771570836.695137,17.612534,0.030597,-0.017400,0.000000,0.036826,2.1100,0.000000,0.017400,0.00030276,-0.116000,2.1100,0.000000
1771570836.704489,17.621886,0.009352,-0.017250,0.016039,0.036826,2.1100,0.000000,0.017250,0.00029756,-0.115000,2.1100,0.000000
1771570836.735825,17.653222,0.031336,-0.017250,0.000000,0.036826,2.1100,0.000000,0.017250,0.00029756,-0.115000,2.1100,0.000000
1771570836.743766,17.661163,0.007941,-0.017400,-0.018888,0.036826,2.1100,0.000000,0.017400,0.00030276,-0.116000,2.1100,0.000000
1771570836.776159,17.693556,0.032392,-0.017400,0.000000,0.036826,2.1100,0.000000,0.017400,0.00030276,-0.116000,2.1100,0.000000
1771570836.784360,17.701757,0.008202,-0.017400,0.000000,0.036826,2.1100,0.000000,0.017400,0.00030276,-0.116000,2.1100,0.000000
1771570836.816164,17.733561,0.031804,-0.017400,0.000000,0.036826,2.1100,0.000000,0.017400,0.00030276,-0.116000,2.1100,0.000000
1771570836.824707,17.742104,0.008543,-0.017400,0.000000,0.036826,2.1100,0.000000,0.017400,0.00030276,-0.116000,2.1100,0.000000
1771570836.856645,17.774042,0.031939,-0.017400,0.000000,0.037176,2.1300,0.000000,0.017400,0.00030276,-0.116000,2.1300,0.000000
1771570836.864428,17.781825,0.007783,-0.017400,0.000000,0.037176,2.1300,0.000000,0.017400,0.00030276,-0.116000,2.1300,0.000000
1771570836.895712,17.813109,0.031284,-0.017400,0.000000,0.037176,2.1300,0.000000,0.017400,0.00030276,-0.116000,2.1300,0.000000
1771570836.904725,17.822122,0.009013,-0.017400,0.000000,0.037176,2.1300,0.000000,0.017400,0.00030276,-0.116000,2.1300,0.000000
1771570836.936951,17.854348,0.032226,-0.017400,0.000000,0.037176,2.1300,0.000000,0.017400,0.00030276,-0.116000,2.1300,0.000000
1771570836.945223,17.862620,0.008272,-0.017400,0.000000,0.037176,2.1300,0.000000,0.017400,0.00030276,-0.116000,2.1300,0.000000
1771570836.975868,17.893265,0.030645,-0.017250,0.004895,0.037176,2.1300,0.000000,0.017250,0.00029756,-0.115000,2.1300,0.000000
1771570836.983851,17.901248,0.007983,-0.017400,-0.018790,0.037176,2.1300,0.000000,0.017400,0.00030276,-0.116000,2.1300,0.000000
1771570837.015771,17.933168,0.031920,-0.017400,0.000000,0.037176,2.1300,0.000000,0.017400,0.00030276,-0.116000,2.1300,0.000000
1771570837.024349,17.941746,0.008578,-0.017400,0.000000,0.037176,2.1300,0.000000,0.017400,0.00030276,-0.116000,2.1300,0.000000
1771570837.056204,17.973601,0.031854,-0.017400,0.000000,0.037176,2.1300,0.000000,0.017400,0.00030276,-0.116000,2.1300,0.000000
1771570837.064951,17.982348,0.008747,-0.017400,0.000000,0.037176,2.1300,0.000000,0.017400,0.00030276,-0.116000,2.1300,0.000000
1771570837.096102,18.013499,0.031152,-0.017400,0.000000,0.037176,2.1300,0.000000,0.017400,0.00030276,-0.116000,2.1300,0.000000
1771570837.104595,18.021992,0.008492,-0.017400,0.000000,0.037176,2.1300,0.000000,0.017400,0.00030276,-0.116000,2.1300,0.000000
1771570837.135215,18.052612,0.030621,-0.017400,0.000000,0.037176,2.1300,0.000000,0.017400,0.00030276,-0.116000,2.1300,0.000000
1771570837.144927,18.062324,0.009711,-0.017400,0.000000,0.037176,2.1300,0.000000,0.017400,0.00030276,-0.116000,2.1300,0.000000
1771570837.175834,18.093231,0.030907,-0.017400,0.000000,0.037176,2.1300,0.000000,0.017400,0.00030276,-0.116000,2.1300,0.000000
1771570837.184309,18.101706,0.008475,-0.017250,0.017699,0.037176,2.1300,0.000000,0.017250,0.00029756,-0.115000,2.1300,0.000000
1771570837.216011,18.133408,0.031703,-0.017400,-0.004731,0.037176,2.1300,0.000000,0.017400,0.00030276,-0.116000,2.1300,0.000000
1771570837.223714,18.141111,0.007703,-0.017400,0.000000,0.037176,2.1300,0.000000,0.017400,0.00030276,-0.116000,2.1300,0.000000
1771570837.254951,18.172348,0.031238,-0.017400,0.000000,0.037176,2.1300,0.000000,0.017400,0.00030276,-0.116000,2.1300,0.000000
1771570837.265616,18.183013,0.010665,-0.017400,0.000000,0.037176,2.1300,0.000000,0.017400,0.00030276,-0.116000,2.1300,0.000000
1771570837.296715,18.214112,0.031098,-0.017400,0.000000,0.037176,2.1300,0.000000,0.017400,0.00030276,-0.116000,2.1300,0.000000
1771570837.304688,18.222085,0.007974,-0.017400,0.000000,0.037176,2.1300,0.000000,0.017400,0.00030276,-0.116000,2.1300,0.000000
1771570837.337420,18.254817,0.032732,-0.017400,0.000000,0.037176,2.1300,0.000000,0.017400,0.00030276,-0.116000,2.1300,0.000000
1771570837.343989,18.261386,0.006569,-0.017250,0.022834,0.037176,2.1300,0.000000,0.017250,0.00029756,-0.115000,2.1300,0.000000
1771570837.375800,18.293197,0.031811,-0.017400,-0.004715,0.037176,2.1300,0.000000,0.017400,0.00030276,-0.116000,2.1300,0.000000
1771570837.384654,18.302051,0.008854,-0.017400,0.000000,0.037176,2.1300,0.000000,0.017400,0.00030276,-0.116000,2.1300,0.000000
1771570837.416841,18.334238,0.032187,-0.017400,0.000000,0.037176,2.1300,0.000000,0.017400,0.00030276,-0.116000,2.1300,0.000000
1771570837.424839,18.342236,0.007998,-0.017400,0.000000,0.037176,2.1300,0.000000,0.017400,0.00030276,-0.116000,2.1300,0.000000
1771570837.455361,18.372758,0.030522,-0.017400,0.000000,0.037525,2.1500,0.000000,0.017400,0.00030276,-0.116000,2.1500,0.000000
1771570837.464747,18.382144,0.009386,-0.017400,0.000000,0.037525,2.1500,0.000000,0.017400,0.00030276,-0.116000,2.1500,0.000000
1771570837.495076,18.412473,0.030329,-0.017400,0.000000,0.037176,2.1300,0.000000,0.017400,0.00030276,-0.116000,2.1300,0.000000
1771570837.504485,18.421882,0.009408,-0.017400,0.000000,0.037176,2.1300,0.000000,0.017400,0.00030276,-0.116000,2.1300,0.000000
1771570837.535951,18.453348,0.031466,-0.017400,0.000000,0.037525,2.1500,0.000000,0.017400,0.00030276,-0.116000,2.1500,0.000000
1771570837.544950,18.462347,0.008999,-0.017400,0.000000,0.037525,2.1500,0.000000,0.017400,0.00030276,-0.116000,2.1500,0.000000
1771570837.576424,18.493821,0.031475,-0.017400,0.000000,0.037525,2.1500,0.000000,0.017400,0.00030276,-0.116000,2.1500,0.000000
1771570837.584651,18.502048,0.008226,-0.017400,0.000000,0.037525,2.1500,0.000000,0.017400,0.00030276,-0.116000,2.1500,0.000000
1771570837.616448,18.533845,0.031798,-0.017400,0.000000,0.037525,2.1500,0.000000,0.017400,0.00030276,-0.116000,2.1500,0.000000
1771570837.624871,18.542268,0.008423,-0.017250,0.017809,0.037525,2.1500,0.000000,0.017250,0.00029756,-0.115000,2.1500,0.000000
1771570837.656030,18.573427,0.031159,-0.017250,0.000000,0.037525,2.1500,0.000000,0.017250,0.00029756,-0.115000,2.1500,0.000000
1771570837.664223,18.581620,0.008193,-0.017250,0.000000,0.037525,2.1500,0.000000,0.017250,0.00029756,-0.115000,2.1500,0.000000
1771570837.696255,18.613652,0.032032,-0.017400,-0.004683,0.037525,2.1500,0.000000,0.017400,0.00030276,-0.116000,2.1500,0.000000
1771570837.704600,18.621997,0.008345,-0.017400,0.000000,0.037525,2.1500,0.000000,0.017400,0.00030276,-0.116000,2.1500,0.000000
1771570837.735241,18.652638,0.030641,-0.017400,0.000000,0.037525,2.1500,0.000000,0.017400,0.00030276,-0.116000,2.1500,0.000000
1771570837.745040,18.662437,0.009798,-0.017400,0.000000,0.037525,2.1500,0.000000,0.017400,0.00030276,-0.116000,2.1500,0.000000
1771570837.775302,18.692699,0.030263,-0.017250,0.004957,0.037525,2.1500,0.000000,0.017250,0.00029756,-0.115000,2.1500,0.000000
1771570837.785172,18.702569,0.009870,-0.017400,-0.015198,0.037525,2.1500,0.000000,0.017400,0.00030276,-0.116000,2.1500,0.000000
1771570837.815862,18.733259,0.030690,-0.017400,0.000000,0.037525,2.1500,0.000000,0.017400,0.00030276,-0.116000,2.1500,0.000000
1771570837.824896,18.742293,0.009034,-0.017250,0.016604,0.037525,2.1500,0.000000,0.017250,0.00029756,-0.115000,2.1500,0.000000
1771570837.856543,18.773940,0.031647,-0.017250,0.000000,0.037525,2.1500,0.000000,0.017250,0.00029756,-0.115000,2.1500,0.000000
1771570837.864792,18.782189,0.008249,-0.017400,-0.018184,0.037525,2.1500,0.000000,0.017400,0.00030276,-0.116000,2.1500,0.000000
1771570837.895166,18.812563,0.030374,-0.017400,0.000000,0.037525,2.1500,0.000000,0.017400,0.00030276,-0.116000,2.1500,0.000000
1771570837.904712,18.822109,0.009547,-0.017400,0.000000,0.037525,2.1500,0.000000,0.017400,0.00030276,-0.116000,2.1500,0.000000
1771570837.935488,18.852885,0.030775,-0.017400,0.000000,0.037525,2.1500,0.000000,0.017400,0.00030276,-0.116000,2.1500,0.000000
1771570837.944041,18.861439,0.008554,-0.017250,0.017536,0.037525,2.1500,0.000000,0.017250,0.00029756,-0.115000,2.1500,0.000000
1771570837.975360,18.892757,0.031318,-0.017250,0.000000,0.037525,2.1500,0.000000,0.017250,0.00029756,-0.115000,2.1500,0.000000
1771570837.983657,18.901054,0.008297,-0.017250,0.000000,0.037525,2.1500,0.000000,0.017250,0.00029756,-0.115000,2.1500,0.000000
1771570838.015029,18.932426,0.031372,-0.017250,0.000000,0.037525,2.1500,0.000000,0.017250,0.00029756,-0.115000,2.1500,0.000000
1771570838.024430,18.941827,0.009400,-0.017400,-0.015957,0.037525,2.1500,0.000000,0.017400,0.00030276,-0.116000,2.1500,0.000000
1771570838.055465,18.972862,0.031035,-0.017250,0.004833,0.037525,2.1500,0.000000,0.017250,0.00029756,-0.115000,2.1500,0.000000
1771570838.063659,18.981056,0.008194,-0.017250,0.000000,0.037525,2.1500,0.000000,0.017250,0.00029756,-0.115000,2.1500,0.000000
1771570838.095843,19.013240,0.032184,-0.017250,0.000000,0.037525,2.1500,0.000000,0.017250,0.00029756,-0.115000,2.1500,0.000000
1771570838.105577,19.022974,0.009734,-0.017250,0.000000,0.037525,2.1500,0.000000,0.017250,0.00029756,-0.115000,2.1500,0.000000
1771570838.136018,19.053415,0.030441,-0.017250,0.000000,0.037525,2.1500,0.000000,0.017250,0.00029756,-0.115000,2.1500,0.000000
1771570838.144361,19.061758,0.008343,-0.017250,0.000000,0.037525,2.1500,0.000000,0.017250,0.00029756,-0.115000,2.1500,0.000000
1771570838.176449,19.093846,0.032087,-0.017250,0.000000,0.037525,2.1500,0.000000,0.017250,0.00029756,-0.115000,2.1500,0.000000
1771570838.184728,19.102125,0.008280,-0.017250,0.000000,0.037525,2.1500,0.000000,0.017250,0.00029756,-0.115000,2.1500,0.000000
1771570838.215921,19.133318,0.031192,-0.017250,0.000000,0.037525,2.1500,0.000000,0.017250,0.00029756,-0.115000,2.1500,0.000000
1771570838.224964,19.142361,0.009043,-0.017250,0.000000,0.037525,2.1500,0.000000,0.017250,0.00029756,-0.115000,2.1500,0.000000
1771570838.255269,19.172666,0.030305,-0.017400,-0.004950,0.037525,2.1500,0.000000,0.017400,0.00030276,-0.116000,2.1500,0.000000
1771570838.264309,19.181706,0.009039,-0.017250,0.016594,0.037525,2.1500,0.000000,0.017250,0.00029756,-0.115000,2.1500,0.000000
1771570838.296459,19.213856,0.032150,-0.017400,-0.004666,0.037525,2.1500,0.000000,0.017400,0.00030276,-0.116000,2.1500,0.000000
1771570838.304612,19.222009,0.008153,-0.017400,0.000000,0.037525,2.1500,0.000000,0.017400,0.00030276,-0.116000,2.1500,0.000000
1771570838.335042,19.252439,0.030430,-0.017400,0.000000,0.037525,2.1500,0.000000,0.017400,0.00030276,-0.116000,2.1500,0.000000
1771570838.344606,19.262003,0.009564,-0.017250,0.015684,0.037525,2.1500,0.000000,0.017250,0.00029756,-0.115000,2.1500,0.000000
1771570838.375717,19.293114,0.031112,-0.017400,-0.004821,0.037525,2.1500,0.000000,0.017400,0.00030276,-0.116000,2.1500,0.000000
1771570838.383707,19.301104,0.007989,-0.017400,0.000000,0.037525,2.1500,0.000000,0.017400,0.00030276,-0.116000,2.1500,0.000000
1771570838.416363,19.333760,0.032657,-0.017400,0.000000,0.037525,2.1500,0.000000,0.017400,0.00030276,-0.116000,2.1500,0.000000
1771570838.424694,19.342091,0.008330,-0.017400,0.000000,0.037525,2.1500,0.000000,0.017400,0.00030276,-0.116000,2.1500,0.000000
1771570838.456228,19.373625,0.031534,-0.017400,0.000000,0.037525,2.1500,0.000000,0.017400,0.00030276,-0.116000,2.1500,0.000000
1771570838.464497,19.381894,0.008269,-0.017250,0.018139,0.037525,2.1500,0.000000,0.017250,0.00029756,-0.115000,2.1500,0.000000
1771570838.496284,19.413681,0.031787,-0.017400,-0.004719,0.037525,2.1500,0.000000,0.017400,0.00030276,-0.116000,2.1500,0.000000
1771570838.504804,19.422201,0.008520,-0.017250,0.017606,0.037525,2.1500,0.000000,0.017250,0.00029756,-0.115000,2.1500,0.000000
1771570838.535638,19.453035,0.030834,-0.017250,0.000000,0.037525,2.1500,0.000000,0.017250,0.00029756,-0.115000,2.1500,0.000000
1771570838.544020,19.461417,0.008382,-0.017250,0.000000,0.037525,2.1500,0.000000,0.017250,0.00029756,-0.115000,2.1500,0.000000
1771570838.575884,19.493281,0.031864,-0.017250,0.000000,0.037525,2.1500,0.000000,0.017250,0.00029756,-0.115000,2.1500,0.000000
1771570838.583726,19.501123,0.007842,-0.017250,0.000000,0.037525,2.1500,0.000000,0.017250,0.00029756,-0.115000,2.1500,0.000000
1771570838.615031,19.532428,0.031305,-0.017250,0.000000,0.037525,2.1500,0.000000,0.017250,0.00029756,-0.115000,2.1500,0.000000
1771570838.625405,19.542802,0.010374,-0.017400,-0.014459,0.037525,2.1500,0.000000,0.017400,0.00030276,-0.116000,2.1500,0.000000
1771570838.655686,19.573083,0.030281,-0.017250,0.004954,0.037525,2.1500,0.000000,0.017250,0.00029756,-0.115000,2.1500,0.000000
1771570838.664054,19.581451,0.008368,-0.017250,0.000000,0.037525,2.1500,0.000000,0.017250,0.00029756,-0.115000,2.1500,0.000000
1771570838.696072,19.613469,0.032018,-0.017250,0.000000,0.037525,2.1500,0.000000,0.017250,0.00029756,-0.115000,2.1500,0.000000
1771570838.704033,19.621430,0.007961,-0.017250,0.000000,0.037525,2.1500,0.000000,0.017250,0.00029756,-0.115000,2.1500,0.000000
1771570838.735634,19.653031,0.031600,-0.017250,0.000000,0.037525,2.1500,0.000000,0.017250,0.00029756,-0.115000,2.1500,0.000000
1771570838.744050,19.661447,0.008417,-0.017250,0.000000,0.037525,2.1500,0.000000,0.017250,0.00029756,-0.115000,2.1500,0.000000
1771570838.775264,19.692661,0.031214,-0.017250,0.000000,0.037525,2.1500,0.000000,0.017250,0.00029756,-0.115000,2.1500,0.000000
1771570838.783611,19.701008,0.008347,-0.017250,0.000000,0.037525,2.1500,0.000000,0.017250,0.00029756,-0.115000,2.1500,0.000000
1771570838.815493,19.732890,0.031882,-0.017250,0.000000,0.037525,2.1500,0.000000,0.017250,0.00029756,-0.115000,2.1500,0.000000
1771570838.823606,19.741003,0.008113,-0.017400,-0.018489,0.037525,2.1500,0.000000,0.017400,0.00030276,-0.116000,2.1500,0.000000
1771570838.855677,19.773074,0.032071,-0.017400,0.000000,0.037525,2.1500,0.000000,0.017400,0.00030276,-0.116000,2.1500,0.000000
1771570838.863822,19.781219,0.008145,-0.017400,0.000000,0.037525,2.1500,0.000000,0.017400,0.00030276,-0.116000,2.1500,0.000000
1771570838.895940,19.813337,0.032118,-0.017400,0.000000,0.037525,2.1500,0.000000,0.017400,0.00030276,-0.116000,2.1500,0.000000
1771570838.905189,19.822586,0.009249,-0.017250,0.016218,0.037525,2.1500,0.000000,0.017250,0.00029756,-0.115000,2.1500,0.000000
1771570838.935663,19.853060,0.030473,-0.017400,-0.004922,0.037525,2.1500,0.000000,0.017400,0.00030276,-0.116000,2.1500,0.000000
1771570838.944108,19.861505,0.008445,-0.017400,0.000000,0.037525,2.1500,0.000000,0.017400,0.00030276,-0.116000,2.1500,0.000000
1771570838.976377,19.893774,0.032269,-0.017250,0.004648,0.037525,2.1500,0.000000,0.017250,0.00029756,-0.115000,2.1500,0.000000
1771570838.984478,19.901875,0.008101,-0.017250,0.000000,0.037525,2.1500,0.000000,0.017250,0.00029756,-0.115000,2.1500,0.000000
1771570839.016277,19.933674,0.031799,-0.017250,0.000000,0.037525,2.1500,0.000000,0.017250,0.00029756,-0.115000,2.1500,0.000000
1771570839.025163,19.942560,0.008886,-0.017250,0.000000,0.037525,2.1500,0.000000,0.017250,0.00029756,-0.115000,2.1500,0.000000
1771570839.055715,19.973112,0.030552,-0.017400,-0.004910,0.037525,2.1500,0.000000,0.017400,0.00030276,-0.116000,2.1500,0.000000
1771570839.065096,19.982493,0.009382,-0.017250,0.015988,0.037525,2.1500,0.000000,0.017250,0.00029756,-0.115000,2.1500,0.000000
1771570839.095702,20.013099,0.030606,-0.017250,0.000000,0.037525,2.1500,0.000000,0.017250,0.00029756,-0.115000,2.1500,0.000000
1771570839.103546,20.020943,0.007843,-0.017250,0.000000,0.037525,2.1500,0.000000,0.017250,0.00029756,-0.115000,2.1500,0.000000
1771570839.136363,20.053760,0.032817,-0.017250,0.000000,0.037525,2.1500,0.000000,0.017250,0.00029756,-0.115000,2.1500,0.000000
1771570839.144376,20.061773,0.008013,-0.017250,0.000000,0.037525,2.1500,0.000000,0.017250,0.00029756,-0.115000,2.1500,0.000000
1771570839.175938,20.093335,0.031562,-0.017250,0.000000,0.037525,2.1500,0.000000,0.017250,0.00029756,-0.115000,2.1500,0.000000
1771570839.184836,20.102233,0.008898,-0.017250,0.000000,0.037525,2.1500,0.000000,0.017250,0.00029756,-0.115000,2.1500,0.000000
1771570839.215252,20.132649,0.030416,-0.017250,0.000000,0.037525,2.1500,0.000000,0.017250,0.00029756,-0.115000,2.1500,0.000000
1771570839.223962,20.141359,0.008710,-0.017250,0.000000,0.037525,2.1500,0.000000,0.017250,0.00029756,-0.115000,2.1500,0.000000
1771570839.257239,20.174636,0.033277,-0.017250,0.000000,0.037525,2.1500,0.000000,0.017250,0.00029756,-0.115000,2.1500,0.000000
1771570839.265016,20.182413,0.007777,-0.017250,0.000000,0.037525,2.1500,0.000000,0.017250,0.00029756,-0.115000,2.1500,0.000000
1771570839.295216,20.212613,0.030200,-0.017250,0.000000,0.037525,2.1500,0.000000,0.017250,0.00029756,-0.115000,2.1500,0.000000
1771570839.304783,20.222180,0.009567,-0.017250,0.000000,0.037525,2.1500,0.000000,0.017250,0.00029756,-0.115000,2.1500,0.000000
1771570839.335393,20.252790,0.030610,-0.017250,0.000000,0.037525,2.1500,0.000000,0.017250,0.00029756,-0.115000,2.1500,0.000000
1771570839.343733,20.261130,0.008340,-0.017250,0.000000,0.037525,2.1500,0.000000,0.017250,0.00029756,-0.115000,2.1500,0.000000
1771570839.375738,20.293135,0.032006,-0.017400,-0.004687,0.037525,2.1500,0.000000,0.017400,0.00030276,-0.116000,2.1500,0.000000
1771570839.384753,20.302150,0.009015,-0.017400,0.000000,0.037525,2.1500,0.000000,0.017400,0.00030276,-0.116000,2.1500,0.000000
1771570839.415040,20.332437,0.030287,-0.017250,0.004953,0.037525,2.1500,0.000000,0.017250,0.00029756,-0.115000,2.1500,0.000000
1771570839.424576,20.341973,0.009536,-0.017250,0.000000,0.037525,2.1500,0.000000,0.017250,0.00029756,-0.115000,2.1500,0.000000
1771570839.456660,20.374057,0.032085,-0.017250,0.000000,0.037525,2.1500,0.000000,0.017250,0.00029756,-0.115000,2.1500,0.000000
1771570839.464507,20.381904,0.007847,-0.017250,0.000000,0.037525,2.1500,0.000000,0.017250,0.00029756,-0.115000,2.1500,0.000000
1771570839.495457,20.412854,0.030950,-0.017250,0.000000,0.037525,2.1500,0.000000,0.017250,0.00029756,-0.115000,2.1500,0.000000
1771570839.504722,20.422119,0.009265,-0.017250,0.000000,0.037525,2.1500,0.000000,0.017250,0.00029756,-0.115000,2.1500,0.000000
1771570839.536371,20.453768,0.031649,-0.017250,0.000000,0.037525,2.1500,0.000000,0.017250,0.00029756,-0.115000,2.1500,0.000000
1771570839.545278,20.462675,0.008907,-0.017250,0.000000,0.037525,2.1500,0.000000,0.017250,0.00029756,-0.115000,2.1500,0.000000
1771570839.575698,20.493095,0.030420,-0.017250,0.000000,0.037525,2.1500,0.000000,0.017250,0.00029756,-0.115000,2.1500,0.000000
1771570839.583531,20.500928,0.007833,-0.017250,0.000000,0.037525,2.1500,0.000000,0.017250,0.00029756,-0.115000,2.1500,0.000000
1771570839.616343,20.533740,0.032811,-0.017250,0.000000,0.037525,2.1500,0.000000,0.017250,0.00029756,-0.115000,2.1500,0.000000
1771570839.624560,20.541957,0.008218,-0.017250,0.000000,0.037525,2.1500,0.000000,0.017250,0.00029756,-0.115000,2.1500,0.000000
1771570839.654847,20.572244,0.030287,-0.017250,0.000000,0.037525,2.1500,0.000000,0.017250,0.00029756,-0.115000,2.1500,0.000000
1771570839.664553,20.581950,0.009706,-0.017250,0.000000,0.037525,2.1500,0.000000,0.017250,0.00029756,-0.115000,2.1500,0.000000
1771570839.696319,20.613716,0.031766,-0.017250,0.000000,0.037525,2.1500,0.000000,0.017250,0.00029756,-0.115000,2.1500,0.000000
1771570839.704602,20.621999,0.008283,-0.017250,0.000000,0.037525,2.1500,0.000000,0.017250,0.00029756,-0.115000,2.1500,0.000000
1771570839.735801,20.653198,0.031199,-0.017250,0.000000,0.037525,2.1500,0.000000,0.017250,0.00029756,-0.115000,2.1500,0.000000
1771570839.744632,20.662030,0.008832,-0.017250,0.000000,0.037525,2.1500,0.000000,0.017250,0.00029756,-0.115000,2.1500,0.000000
1771570839.775230,20.692627,0.030598,-0.017250,0.000000,0.037525,2.1500,0.000000,0.017250,0.00029756,-0.115000,2.1500,0.000000
1771570839.785208,20.702605,0.009978,-0.017250,0.000000,0.037525,2.1500,0.000000,0.017250,0.00029756,-0.115000,2.1500,0.000000
1771570839.814866,20.732263,0.029657,-0.017250,0.000000,0.037525,2.1500,0.000000,0.017250,0.00029756,-0.115000,2.1500,0.000000
1771570839.824936,20.742333,0.010071,-0.017250,0.000000,0.037525,2.1500,0.000000,0.017250,0.00029756,-0.115000,2.1500,0.000000
1771570839.855645,20.773042,0.030709,-0.017250,0.000000,0.037525,2.1500,0.000000,0.017250,0.00029756,-0.115000,2.1500,0.000000
1771570839.863880,20.781277,0.008235,-0.017250,0.000000,0.037525,2.1500,0.000000,0.017250,0.00029756,-0.115000,2.1500,0.000000
1771570839.895366,20.812763,0.031486,-0.017250,0.000000,0.038048,2.1800,0.000000,0.017250,0.00029756,-0.115000,2.1800,0.000000
1771570839.903723,20.821121,0.008358,-0.017250,0.000000,0.038048,2.1800,0.000000,0.017250,0.00029756,-0.115000,2.1800,0.000000
1771570839.935289,20.852686,0.031566,-0.017250,0.000000,0.038048,2.1800,0.000000,0.017250,0.00029756,-0.115000,2.1800,0.000000
1771570839.944191,20.861588,0.008901,-0.017250,0.000000,0.038048,2.1800,0.000000,0.017250,0.00029756,-0.115000,2.1800,0.000000
1771570839.974959,20.892356,0.030768,-0.017400,-0.004875,0.038048,2.1800,0.000000,0.017400,0.00030276,-0.116000,2.1800,0.000000
1771570839.983541,20.900938,0.008582,-0.017250,0.017479,0.038048,2.1800,0.000000,0.017250,0.00029756,-0.115000,2.1800,0.000000
1771570840.016715,20.934112,0.033174,-0.017400,-0.004522,0.038048,2.1800,0.000000,0.017400,0.00030276,-0.116000,2.1800,0.000000
1771570840.024583,20.941980,0.007868,-0.017250,0.019064,0.038048,2.1800,0.000000,0.017250,0.00029756,-0.115000,2.1800,0.000000
1771570840.054744,20.972141,0.030161,-0.017400,-0.004973,0.038048,2.1800,0.000000,0.017400,0.00030276,-0.116000,2.1800,0.000000
1771570840.063588,20.980985,0.008844,-0.017250,0.016961,0.038048,2.1800,0.000000,0.017250,0.00029756,-0.115000,2.1800,0.000000
1771570840.095833,21.013230,0.032245,-0.017400,-0.004652,0.038048,2.1800,0.000000,0.017400,0.00030276,-0.116000,2.1800,0.000000
1771570840.104334,21.021731,0.008501,-0.017250,0.017645,0.038048,2.1800,0.000000,0.017250,0.00029756,-0.115000,2.1800,0.000000
1771570840.135925,21.053322,0.031591,-0.017400,-0.004748,0.038048,2.1800,0.000000,0.017400,0.00030276,-0.116000,2.1800,0.000000
1771570840.144324,21.061721,0.008399,-0.017250,0.017860,0.038048,2.1800,0.000000,0.017250,0.00029756,-0.115000,2.1800,0.000000
1771570840.176072,21.093469,0.031749,-0.017400,-0.004725,0.038048,2.1800,0.000000,0.017400,0.00030276,-0.116000,2.1800,0.000000
1771570840.184015,21.101412,0.007943,-0.017400,0.000000,0.038048,2.1800,0.000000,0.017400,0.00030276,-0.116000,2.1800,0.000000
1771570840.216196,21.133593,0.032181,-0.017250,0.004661,0.038048,2.1800,0.000000,0.017250,0.00029756,-0.115000,2.1800,0.000000
1771570840.224555,21.141953,0.008360,-0.017400,-0.017943,0.038048,2.1800,0.000000,0.017400,0.00030276,-0.116000,2.1800,0.000000
1771570840.256207,21.173604,0.031652,-0.017400,0.000000,0.038048,2.1800,0.000000,0.017400,0.00030276,-0.116000,2.1800,0.000000
1771570840.264030,21.181427,0.007823,-0.017400,0.000000,0.038048,2.1800,0.000000,0.017400,0.00030276,-0.116000,2.1800,0.000000
1771570840.295382,21.212779,0.031352,-0.017400,0.000000,0.038048,2.1800,0.000000,0.017400,0.00030276,-0.116000,2.1800,0.000000
1771570840.304687,21.222084,0.009305,-0.017400,0.000000,0.038048,2.1800,0.000000,0.017400,0.00030276,-0.116000,2.1800,0.000000
1771570840.336198,21.253595,0.031511,-0.017400,0.000000,0.038048,2.1800,0.000000,0.017400,0.00030276,-0.116000,2.1800,0.000000
1771570840.344853,21.262250,0.008656,-0.017400,0.000000,0.038048,2.1800,0.000000,0.017400,0.00030276,-0.116000,2.1800,0.000000
1771570840.375144,21.292541,0.030291,-0.017400,0.000000,0.038048,2.1800,0.000000,0.017400,0.00030276,-0.116000,2.1800,0.000000
1771570840.385026,21.302423,0.009882,-0.017400,0.000000,0.038048,2.1800,0.000000,0.017400,0.00030276,-0.116000,2.1800,0.000000
1771570840.415692,21.333089,0.030665,-0.017400,0.000000,0.038048,2.1800,0.000000,0.017400,0.00030276,-0.116000,2.1800,0.000000
1771570840.424208,21.341605,0.008517,-0.017400,0.000000,0.038048,2.1800,0.000000,0.017400,0.00030276,-0.116000,2.1800,0.000000
1771570840.454674,21.372071,0.030466,-0.017400,0.000000,0.038048,2.1800,0.000000,0.017400,0.00030276,-0.116000,2.1800,0.000000
1771570840.464566,21.381963,0.009892,-0.017400,0.000000,0.038048,2.1800,0.000000,0.017400,0.00030276,-0.116000,2.1800,0.000000
1771570840.495265,21.412662,0.030698,-0.017400,0.000000,0.038048,2.1800,0.000000,0.017400,0.00030276,-0.116000,2.1800,0.000000
1771570840.503596,21.420993,0.008332,-0.017400,0.000000,0.038048,2.1800,0.000000,0.017400,0.00030276,-0.116000,2.1800,0.000000
1771570840.535907,21.453304,0.032311,-0.017400,0.000000,0.038048,2.1800,0.000000,0.017400,0.00030276,-0.116000,2.1800,0.000000
1771570840.544747,21.462144,0.008840,-0.017400,0.000000,0.038048,2.1800,0.000000,0.017400,0.00030276,-0.116000,2.1800,0.000000
1771570840.574924,21.492321,0.030176,-0.017400,0.000000,0.038048,2.1800,0.000000,0.017400,0.00030276,-0.116000,2.1800,0.000000
1771570840.584818,21.502215,0.009895,-0.017400,0.000000,0.038048,2.1800,0.000000,0.017400,0.00030276,-0.116000,2.1800,0.000000
1771570840.614542,21.531939,0.029723,-0.017400,0.000000,0.038048,2.1800,0.000000,0.017400,0.00030276,-0.116000,2.1800,0.000000
1771570840.624466,21.541863,0.009925,-0.017400,0.000000,0.038048,2.1800,0.000000,0.017400,0.00030276,-0.116000,2.1800,0.000000
1771570840.655360,21.572757,0.030893,-0.017400,0.000000,0.038048,2.1800,0.000000,0.017400,0.00030276,-0.116000,2.1800,0.000000
1771570840.663515,21.580912,0.008155,-0.017400,0.000000,0.038048,2.1800,0.000000,0.017400,0.00030276,-0.116000,2.1800,0.000000
1771570840.695538,21.612935,0.032024,-0.017400,0.000000,0.038048,2.1800,0.000000,0.017400,0.00030276,-0.116000,2.1800,0.000000
1771570840.703873,21.621270,0.008335,-0.017400,0.000000,0.038048,2.1800,0.000000,0.017400,0.00030276,-0.116000,2.1800,0.000000
1771570840.735138,21.652535,0.031265,-0.017400,0.000000,0.038048,2.1800,0.000000,0.017400,0.00030276,-0.116000,2.1800,0.000000
1771570840.744033,21.661430,0.008895,-0.017400,0.000000,0.038048,2.1800,0.000000,0.017400,0.00030276,-0.116000,2.1800,0.000000
1771570840.776064,21.693461,0.032031,-0.017400,0.000000,0.038048,2.1800,0.000000,0.017400,0.00030276,-0.116000,2.1800,0.000000
1771570840.784467,21.701864,0.008403,-0.017400,0.000000,0.038048,2.1800,0.000000,0.017400,0.00030276,-0.116000,2.1800,0.000000
1771570840.816550,21.733948,0.032083,-0.017400,0.000000,0.038048,2.1800,0.000000,0.017400,0.00030276,-0.116000,2.1800,0.000000
1771570840.824539,21.741936,0.007989,-0.017400,0.000000,0.038048,2.1800,0.000000,0.017400,0.00030276,-0.116000,2.1800,0.000000
1771570840.855695,21.773092,0.031155,-0.017400,0.000000,0.038048,2.1800,0.000000,0.017400,0.00030276,-0.116000,2.1800,0.000000
1771570840.863669,21.781066,0.007975,-0.017400,0.000000,0.038048,2.1800,0.000000,0.017400,0.00030276,-0.116000,2.1800,0.000000
1771570840.896130,21.813527,0.032461,-0.017400,0.000000,0.038048,2.1800,0.000000,0.017400,0.00030276,-0.116000,2.1800,0.000000
1771570840.903948,21.821345,0.007818,-0.017400,0.000000,0.038048,2.1800,0.000000,0.017400,0.00030276,-0.116000,2.1800,0.000000
1771570840.936162,21.853559,0.032214,-0.017400,0.000000,0.038048,2.1800,0.000000,0.017400,0.00030276,-0.116000,2.1800,0.000000
1771570840.944194,21.861591,0.008032,-0.017400,0.000000,0.038048,2.1800,0.000000,0.017400,0.00030276,-0.116000,2.1800,0.000000
1771570840.974757,21.892154,0.030564,-0.017400,0.000000,0.038048,2.1800,0.000000,0.017400,0.00030276,-0.116000,2.1800,0.000000
1771570840.984391,21.901788,0.009634,-0.017400,0.000000,0.038048,2.1800,0.000000,0.017400,0.00030276,-0.116000,2.1800,0.000000
1771570841.015504,21.932901,0.031113,-0.017400,0.000000,0.038048,2.1800,0.000000,0.017400,0.00030276,-0.116000,2.1800,0.000000
1771570841.023820,21.941217,0.008316,-0.017400,0.000000,0.038048,2.1800,0.000000,0.017400,0.00030276,-0.116000,2.1800,0.000000
1771570841.055234,21.972631,0.031414,-0.017400,0.000000,0.038048,2.1800,0.000000,0.017400,0.00030276,-0.116000,2.1800,0.000000
1771570841.063592,21.980989,0.008358,-0.017400,0.000000,0.038048,2.1800,0.000000,0.017400,0.00030276,-0.116000,2.1800,0.000000
1771570841.095535,22.012932,0.031943,-0.017400,0.000000,0.038048,2.1800,0.000000,0.017400,0.00030276,-0.116000,2.1800,0.000000
1771570841.104870,22.022267,0.009335,-0.017400,0.000000,0.038048,2.1800,0.000000,0.017400,0.00030276,-0.116000,2.1800,0.000000
1771570841.134956,22.052353,0.030086,-0.017400,0.000000,0.038397,2.2000,0.000000,0.017400,0.00030276,-0.116000,2.2000,0.000000
1771570841.145367,22.062764,0.010411,-0.017400,0.000000,0.038397,2.2000,0.000000,0.017400,0.00030276,-0.116000,2.2000,0.000000
1771570841.175537,22.092934,0.030170,-0.017400,0.000000,0.038397,2.2000,0.000000,0.017400,0.00030276,-0.116000,2.2000,0.000000
1771570841.183779,22.101176,0.008242,-0.017400,0.000000,0.038397,2.2000,0.000000,0.017400,0.00030276,-0.116000,2.2000,0.000000
1771570841.215252,22.132649,0.031473,-0.017400,0.000000,0.038397,2.2000,0.000000,0.017400,0.00030276,-0.116000,2.2000,0.000000
1771570841.223677,22.141074,0.008425,-0.017400,0.000000,0.038397,2.2000,0.000000,0.017400,0.00030276,-0.116000,2.2000,0.000000
1771570841.256391,22.173788,0.032715,-0.017400,0.000000,0.038397,2.2000,0.000000,0.017400,0.00030276,-0.116000,2.2000,0.000000
1771570841.264212,22.181609,0.007821,-0.017400,0.000000,0.038397,2.2000,0.000000,0.017400,0.00030276,-0.116000,2.2000,0.000000
1771570841.295297,22.212694,0.031084,-0.017400,0.000000,0.038397,2.2000,0.000000,0.017400,0.00030276,-0.116000,2.2000,0.000000
1771570841.303423,22.220820,0.008126,-0.017400,0.000000,0.038397,2.2000,0.000000,0.017400,0.00030276,-0.116000,2.2000,0.000000
1771570841.334860,22.252257,0.031437,-0.017400,0.000000,0.038397,2.2000,0.000000,0.017400,0.00030276,-0.116000,2.2000,0.000000
1771570841.345427,22.262824,0.010567,-0.017400,0.000000,0.038397,2.2000,0.000000,0.017400,0.00030276,-0.116000,2.2000,0.000000
1771570841.375895,22.293292,0.030468,-0.017400,0.000000,0.038397,2.2000,0.000000,0.017400,0.00030276,-0.116000,2.2000,0.000000
1771570841.384295,22.301692,0.008400,-0.017400,0.000000,0.038397,2.2000,0.000000,0.017400,0.00030276,-0.116000,2.2000,0.000000
1771570841.415154,22.332551,0.030858,-0.017400,0.000000,0.038397,2.2000,0.000000,0.017400,0.00030276,-0.116000,2.2000,0.000000
1771570841.424778,22.342175,0.009624,-0.017400,0.000000,0.038397,2.2000,0.000000,0.017400,0.00030276,-0.116000,2.2000,0.000000
1771570841.455178,22.372575,0.030400,-0.017400,0.000000,0.038397,2.2000,0.000000,0.017400,0.00030276,-0.116000,2.2000,0.000000
1771570841.464043,22.381440,0.008865,-0.017400,0.000000,0.038397,2.2000,0.000000,0.017400,0.00030276,-0.116000,2.2000,0.000000
1771570841.496122,22.413519,0.032079,-0.017400,0.000000,0.038397,2.2000,0.000000,0.017400,0.00030276,-0.116000,2.2000,0.000000
1771570841.503797,22.421194,0.007675,-0.017400,0.000000,0.038397,2.2000,0.000000,0.017400,0.00030276,-0.116000,2.2000,0.000000
1771570841.535815,22.453212,0.032018,-0.017400,0.000000,0.038397,2.2000,0.000000,0.017400,0.00030276,-0.116000,2.2000,0.000000
1771570841.544622,22.462019,0.008807,-0.017400,0.000000,0.038397,2.2000,0.000000,0.017400,0.00030276,-0.116000,2.2000,0.000000
1771570841.574716,22.492113,0.030094,-0.017400,0.000000,0.038397,2.2000,0.000000,0.017400,0.00030276,-0.116000,2.2000,0.000000
1771570841.584670,22.502067,0.009954,-0.017400,0.000000,0.038397,2.2000,0.000000,0.017400,0.00030276,-0.116000,2.2000,0.000000
1771570841.614922,22.532319,0.030252,-0.017400,0.000000,0.038397,2.2000,0.000000,0.017400,0.00030276,-0.116000,2.2000,0.000000
1771570841.623772,22.541169,0.008850,-0.017400,0.000000,0.038397,2.2000,0.000000,0.017400,0.00030276,-0.116000,2.2000,0.000000
1771570841.655361,22.572758,0.031589,-0.017400,0.000000,0.038397,2.2000,0.000000,0.017400,0.00030276,-0.116000,2.2000,0.000000
1771570841.663849,22.581246,0.008488,-0.017400,0.000000,0.038397,2.2000,0.000000,0.017400,0.00030276,-0.116000,2.2000,0.000000
1771570841.696171,22.613568,0.032321,-0.017400,0.000000,0.038746,2.2200,0.000000,0.017400,0.00030276,-0.116000,2.2200,0.000000
1771570841.705351,22.622748,0.009181,-0.017400,0.000000,0.038746,2.2200,0.000000,0.017400,0.00030276,-0.116000,2.2200,0.000000
1771570841.735591,22.652988,0.030240,-0.017400,0.000000,0.038746,2.2200,0.000000,0.017400,0.00030276,-0.116000,2.2200,0.000000
1771570841.743728,22.661125,0.008137,-0.017400,0.000000,0.038746,2.2200,0.000000,0.017400,0.00030276,-0.116000,2.2200,0.000000
1771570841.775621,22.693018,0.031893,-0.017400,0.000000,0.038746,2.2200,0.000000,0.017400,0.00030276,-0.116000,2.2200,0.000000
1771570841.783846,22.701243,0.008225,-0.017400,0.000000,0.038746,2.2200,0.000000,0.017400,0.00030276,-0.116000,2.2200,0.000000
1771570841.815442,22.732839,0.031596,-0.017400,0.000000,0.038746,2.2200,0.000000,0.017400,0.00030276,-0.116000,2.2200,0.000000
1771570841.823846,22.741243,0.008404,-0.017400,0.000000,0.038746,2.2200,0.000000,0.017400,0.00030276,-0.116000,2.2200,0.000000
1771570841.855376,22.772773,0.031531,-0.017400,0.000000,0.038746,2.2200,0.000000,0.017400,0.00030276,-0.116000,2.2200,0.000000
1771570841.864133,22.781530,0.008757,-0.017400,0.000000,0.038746,2.2200,0.000000,0.017400,0.00030276,-0.116000,2.2200,0.000000
1771570841.894684,22.812081,0.030550,-0.017400,0.000000,0.038746,2.2200,0.000000,0.017400,0.00030276,-0.116000,2.2200,0.000000
1771570841.904764,22.822161,0.010081,-0.017400,0.000000,0.038746,2.2200,0.000000,0.017400,0.00030276,-0.116000,2.2200,0.000000
1771570841.935263,22.852660,0.030499,-0.017400,0.000000,0.038746,2.2200,0.000000,0.017400,0.00030276,-0.116000,2.2200,0.000000
1771570841.943557,22.860954,0.008294,-0.017400,0.000000,0.038746,2.2200,0.000000,0.017400,0.00030276,-0.116000,2.2200,0.000000
1771570841.975274,22.892671,0.031717,-0.017400,0.000000,0.038746,2.2200,0.000000,0.017400,0.00030276,-0.116000,2.2200,0.000000
1771570841.983607,22.901004,0.008333,-0.017400,0.000000,0.038746,2.2200,0.000000,0.017400,0.00030276,-0.116000,2.2200,0.000000
1771570842.015760,22.933157,0.032153,-0.017400,0.000000,0.038746,2.2200,0.000000,0.017400,0.00030276,-0.116000,2.2200,0.000000
1771570842.023903,22.941300,0.008143,-0.017400,0.000000,0.038746,2.2200,0.000000,0.017400,0.00030276,-0.116000,2.2200,0.000000
1771570842.054807,22.972204,0.030904,-0.017400,0.000000,0.038746,2.2200,0.000000,0.017400,0.00030276,-0.116000,2.2200,0.000000
1771570842.064763,22.982160,0.009956,-0.017400,0.000000,0.038746,2.2200,0.000000,0.017400,0.00030276,-0.116000,2.2200,0.000000
1771570842.094823,23.012220,0.030060,-0.017400,0.000000,0.038746,2.2200,0.000000,0.017400,0.00030276,-0.116000,2.2200,0.000000
1771570842.105250,23.022647,0.010427,-0.017400,0.000000,0.038746,2.2200,0.000000,0.017400,0.00030276,-0.116000,2.2200,0.000000
1771570842.135501,23.052898,0.030251,-0.017400,0.000000,0.038746,2.2200,0.000000,0.017400,0.00030276,-0.116000,2.2200,0.000000
1771570842.143794,23.061191,0.008293,-0.017400,0.000000,0.038746,2.2200,0.000000,0.017400,0.00030276,-0.116000,2.2200,0.000000
1771570842.175618,23.093015,0.031824,-0.017400,0.000000,0.038746,2.2200,0.000000,0.017400,0.00030276,-0.116000,2.2200,0.000000
1771570842.183936,23.101333,0.008318,-0.017400,0.000000,0.038746,2.2200,0.000000,0.017400,0.00030276,-0.116000,2.2200,0.000000
1771570842.215252,23.132649,0.031315,-0.017400,0.000000,0.038746,2.2200,0.000000,0.017400,0.00030276,-0.116000,2.2200,0.000000
1771570842.223536,23.140933,0.008284,-0.017400,0.000000,0.038746,2.2200,0.000000,0.017400,0.00030276,-0.116000,2.2200,0.000000
1771570842.255848,23.173245,0.032312,-0.017400,0.000000,0.038746,2.2200,0.000000,0.017400,0.00030276,-0.116000,2.2200,0.000000
1771570842.264404,23.181801,0.008557,-0.017400,0.000000,0.038746,2.2200,0.000000,0.017400,0.00030276,-0.116000,2.2200,0.000000
1771570842.295160,23.212557,0.030756,-0.017400,0.000000,0.038746,2.2200,0.000000,0.017400,0.00030276,-0.116000,2.2200,0.000000
1771570842.304657,23.222054,0.009497,-0.017400,0.000000,0.038746,2.2200,0.000000,0.017400,0.00030276,-0.116000,2.2200,0.000000
1771570842.334867,23.252264,0.030209,-0.017400,0.000000,0.038746,2.2200,0.000000,0.017400,0.00030276,-0.116000,2.2200,0.000000
1771570842.343374,23.260772,0.008508,-0.017400,0.000000,0.038746,2.2200,0.000000,0.017400,0.00030276,-0.116000,2.2200,0.000000
1771570842.375588,23.292985,0.032213,-0.017400,0.000000,0.038746,2.2200,0.000000,0.017400,0.00030276,-0.116000,2.2200,0.000000
1771570842.384059,23.301456,0.008471,-0.017400,0.000000,0.038746,2.2200,0.000000,0.017400,0.00030276,-0.116000,2.2200,0.000000
1771570842.415858,23.333255,0.031799,-0.017400,0.000000,0.038746,2.2200,0.000000,0.017400,0.00030276,-0.116000,2.2200,0.000000
1771570842.424213,23.341610,0.008355,-0.017400,0.000000,0.038746,2.2200,0.000000,0.017400,0.00030276,-0.116000,2.2200,0.000000
1771570842.456518,23.373915,0.032305,-0.017400,0.000000,0.038746,2.2200,0.000000,0.017400,0.00030276,-0.116000,2.2200,0.000000
1771570842.464513,23.381910,0.007994,-0.017400,0.000000,0.038746,2.2200,0.000000,0.017400,0.00030276,-0.116000,2.2200,0.000000
1771570842.495208,23.412605,0.030696,-0.017400,0.000000,0.038746,2.2200,0.000000,0.017400,0.00030276,-0.116000,2.2200,0.000000
1771570842.503802,23.421199,0.008594,-0.017400,0.000000,0.038746,2.2200,0.000000,0.017400,0.00030276,-0.116000,2.2200,0.000000
1771570842.535764,23.453161,0.031961,-0.017400,0.000000,0.038746,2.2200,0.000000,0.017400,0.00030276,-0.116000,2.2200,0.000000
1771570842.544744,23.462142,0.008981,-0.017400,0.000000,0.038746,2.2200,0.000000,0.017400,0.00030276,-0.116000,2.2200,0.000000
1771570842.575369,23.492766,0.030625,-0.017400,0.000000,0.038746,2.2200,0.000000,0.017400,0.00030276,-0.116000,2.2200,0.000000
1771570842.583394,23.500791,0.008024,-0.017400,0.000000,0.038746,2.2200,0.000000,0.017400,0.00030276,-0.116000,2.2200,0.000000
1771570842.614973,23.532370,0.031579,-0.017400,0.000000,0.038746,2.2200,0.000000,0.017400,0.00030276,-0.116000,2.2200,0.000000
1771570842.623445,23.540842,0.008471,-0.017400,0.000000,0.038746,2.2200,0.000000,0.017400,0.00030276,-0.116000,2.2200,0.000000
1771570842.656163,23.573560,0.032718,-0.017400,0.000000,0.038746,2.2200,0.000000,0.017400,0.00030276,-0.116000,2.2200,0.000000
1771570842.664473,23.581870,0.008310,-0.017400,0.000000,0.038746,2.2200,0.000000,0.017400,0.00030276,-0.116000,2.2200,0.000000
1771570842.695976,23.613373,0.031502,-0.017400,0.000000,0.038746,2.2200,0.000000,0.017400,0.00030276,-0.116000,2.2200,0.000000
1771570842.703830,23.621227,0.007854,-0.017400,0.000000,0.038746,2.2200,0.000000,0.017400,0.00030276,-0.116000,2.2200,0.000000
1771570842.735033,23.652430,0.031203,-0.017400,0.000000,0.038746,2.2200,0.000000,0.017400,0.00030276,-0.116000,2.2200,0.000000
1771570842.743695,23.661092,0.008662,-0.017400,0.000000,0.039095,2.2400,0.000000,0.017400,0.00030276,-0.116000,2.2400,0.000000
1771570842.775633,23.693030,0.031939,-0.017400,0.000000,0.039095,2.2400,0.000000,0.017400,0.00030276,-0.116000,2.2400,0.000000
1771570842.784787,23.702184,0.009153,-0.017400,0.000000,0.039095,2.2400,0.000000,0.017400,0.00030276,-0.116000,2.2400,0.000000
1771570842.815212,23.732609,0.030425,-0.017400,0.000000,0.039095,2.2400,0.000000,0.017400,0.00030276,-0.116000,2.2400,0.000000
1771570842.823209,23.740606,0.007997,-0.017400,0.000000,0.039095,2.2400,0.000000,0.017400,0.00030276,-0.116000,2.2400,0.000000
1771570842.856111,23.773508,0.032902,-0.017400,0.000000,0.039095,2.2400,0.000000,0.017400,0.00030276,-0.116000,2.2400,0.000000
1771570842.863708,23.781105,0.007597,-0.017400,0.000000,0.039095,2.2400,0.000000,0.017400,0.00030276,-0.116000,2.2400,0.000000
1771570842.894575,23.811972,0.030868,-0.017400,0.000000,0.039095,2.2400,0.000000,0.017400,0.00030276,-0.116000,2.2400,0.000000
1771570842.905511,23.822908,0.010936,-0.017400,0.000000,0.039095,2.2400,0.000000,0.017400,0.00030276,-0.116000,2.2400,0.000000
1771570842.935636,23.853033,0.030125,-0.017400,0.000000,0.039095,2.2400,0.000000,0.017400,0.00030276,-0.116000,2.2400,0.000000
1771570842.943889,23.861286,0.008253,-0.017400,0.000000,0.039095,2.2400,0.000000,0.017400,0.00030276,-0.116000,2.2400,0.000000
1771570842.974874,23.892271,0.030985,-0.017400,0.000000,0.039095,2.2400,0.000000,0.017400,0.00030276,-0.116000,2.2400,0.000000
1771570842.984369,23.901766,0.009495,-0.017400,0.000000,0.039095,2.2400,0.000000,0.017400,0.00030276,-0.116000,2.2400,0.000000
1771570843.015136,23.932533,0.030767,-0.017400,0.000000,0.039095,2.2400,0.000000,0.017400,0.00030276,-0.116000,2.2400,0.000000
1771570843.023914,23.941311,0.008778,-0.017400,0.000000,0.039095,2.2400,0.000000,0.017400,0.00030276,-0.116000,2.2400,0.000000
1771570843.055872,23.973269,0.031958,-0.017400,0.000000,0.039095,2.2400,0.000000,0.017400,0.00030276,-0.116000,2.2400,0.000000
1771570843.064291,23.981688,0.008419,-0.017400,0.000000,0.039095,2.2400,0.000000,0.017400,0.00030276,-0.116000,2.2400,0.000000
1771570843.094788,24.012185,0.030496,-0.017400,0.000000,0.039095,2.2400,0.000000,0.017400,0.00030276,-0.116000,2.2400,0.000000
1771570843.105119,24.022516,0.010331,-0.017400,0.000000,0.039095,2.2400,0.000000,0.017400,0.00030276,-0.116000,2.2400,0.000000
1771570843.135149,24.052546,0.030030,-0.017400,0.000000,0.039095,2.2400,0.000000,0.017400,0.00030276,-0.116000,2.2400,0.000000
1771570843.143251,24.060648,0.008102,-0.017400,0.000000,0.039095,2.2400,0.000000,0.017400,0.00030276,-0.116000,2.2400,0.000000
1771570843.175448,24.092845,0.032197,-0.017400,0.000000,0.039444,2.2600,0.000000,0.017400,0.00030276,-0.116000,2.2600,0.000000
1771570843.184602,24.101999,0.009154,-0.017400,0.000000,0.039444,2.2600,0.000000,0.017400,0.00030276,-0.116000,2.2600,0.000000
1771570843.214995,24.132392,0.030393,-0.017400,0.000000,0.039444,2.2600,0.000000,0.017400,0.00030276,-0.116000,2.2600,0.000000
1771570843.223648,24.141045,0.008652,-0.017400,0.000000,0.039444,2.2600,0.000000,0.017400,0.00030276,-0.116000,2.2600,0.000000
1771570843.255562,24.172959,0.031914,-0.017400,0.000000,0.039444,2.2600,0.000000,0.017400,0.00030276,-0.116000,2.2600,0.000000
1771570843.263340,24.180737,0.007778,-0.017400,0.000000,0.039444,2.2600,0.000000,0.017400,0.00030276,-0.116000,2.2600,0.000000
1771570843.296543,24.213940,0.033202,-0.017400,0.000000,0.039444,2.2600,0.000000,0.017400,0.00030276,-0.116000,2.2600,0.000000
1771570843.304138,24.221535,0.007595,-0.017400,0.000000,0.039444,2.2600,0.000000,0.017400,0.00030276,-0.116000,2.2600,0.000000
1771570843.334637,24.252034,0.030499,-0.017400,0.000000,0.039444,2.2600,0.000000,0.017400,0.00030276,-0.116000,2.2600,0.000000
1771570843.345116,24.262513,0.010479,-0.017400,0.000000,0.039444,2.2600,0.000000,0.017400,0.00030276,-0.116000,2.2600,0.000000
1771570843.375014,24.292411,0.029898,-0.017400,0.000000,0.039444,2.2600,0.000000,0.017400,0.00030276,-0.116000,2.2600,0.000000
1771570843.384308,24.301705,0.009294,-0.017400,0.000000,0.039444,2.2600,0.000000,0.017400,0.00030276,-0.116000,2.2600,0.000000
1771570843.415287,24.332684,0.030978,-0.017400,0.000000,0.039444,2.2600,0.000000,0.017400,0.00030276,-0.116000,2.2600,0.000000
1771570843.423793,24.341190,0.008507,-0.017400,0.000000,0.039444,2.2600,0.000000,0.017400,0.00030276,-0.116000,2.2600,0.000000
1771570843.456255,24.373652,0.032461,-0.017400,0.000000,0.039444,2.2600,0.000000,0.017400,0.00030276,-0.116000,2.2600,0.000000
1771570843.464139,24.381536,0.007884,-0.017400,0.000000,0.039444,2.2600,0.000000,0.017400,0.00030276,-0.116000,2.2600,0.000000
1771570843.494842,24.412239,0.030703,-0.017400,0.000000,0.039444,2.2600,0.000000,0.017400,0.00030276,-0.116000,2.2600,0.000000
1771570843.503134,24.420531,0.008292,-0.017400,0.000000,0.039444,2.2600,0.000000,0.017400,0.00030276,-0.116000,2.2600,0.000000
1771570843.535495,24.452892,0.032361,-0.017400,0.000000,0.039444,2.2600,0.000000,0.017400,0.00030276,-0.116000,2.2600,0.000000
1771570843.544025,24.461422,0.008531,-0.017400,0.000000,0.039444,2.2600,0.000000,0.017400,0.00030276,-0.116000,2.2600,0.000000
1771570843.575544,24.492941,0.031519,-0.017400,0.000000,0.039444,2.2600,0.000000,0.017400,0.00030276,-0.116000,2.2600,0.000000
1771570843.584519,24.501916,0.008975,-0.017400,0.000000,0.039444,2.2600,0.000000,0.017400,0.00030276,-0.116000,2.2600,0.000000
1771570843.615022,24.532419,0.030503,-0.017400,0.000000,0.039968,2.2900,0.000000,0.017400,0.00030276,-0.116000,2.2900,0.000000
1771570843.623976,24.541373,0.008954,-0.017400,0.000000,0.039968,2.2900,0.000000,0.017400,0.00030276,-0.116000,2.2900,0.000000
1771570843.654974,24.572371,0.030998,-0.017400,0.000000,0.039444,2.2600,0.000000,0.017400,0.00030276,-0.116000,2.2600,0.000000
1771570843.664733,24.582130,0.009759,-0.017400,0.000000,0.039444,2.2600,0.000000,0.017400,0.00030276,-0.116000,2.2600,0.000000
1771570843.695371,24.612768,0.030638,-0.017400,0.000000,0.039968,2.2900,0.000000,0.017400,0.00030276,-0.116000,2.2900,0.000000
1771570843.703524,24.620921,0.008153,-0.017400,0.000000,0.039968,2.2900,0.000000,0.017400,0.00030276,-0.116000,2.2900,0.000000
1771570843.736005,24.653402,0.032481,-0.017400,0.000000,0.039968,2.2900,0.000000,0.017400,0.00030276,-0.116000,2.2900,0.000000
1771570843.744487,24.661884,0.008482,-0.017400,0.000000,0.039968,2.2900,0.000000,0.017400,0.00030276,-0.116000,2.2900,0.000000
1771570843.774761,24.692158,0.030274,-0.017400,0.000000,0.039968,2.2900,0.000000,0.017400,0.00030276,-0.116000,2.2900,0.000000
1771570843.784642,24.702039,0.009881,-0.017400,0.000000,0.039968,2.2900,0.000000,0.017400,0.00030276,-0.116000,2.2900,0.000000
1771570843.815575,24.732972,0.030933,-0.017400,0.000000,0.039968,2.2900,0.000000,0.017400,0.00030276,-0.116000,2.2900,0.000000
1771570843.823560,24.740957,0.007985,-0.017400,0.000000,0.039968,2.2900,0.000000,0.017400,0.00030276,-0.116000,2.2900,0.000000
1771570843.855284,24.772681,0.031724,-0.017400,0.000000,0.039968,2.2900,0.000000,0.017400,0.00030276,-0.116000,2.2900,0.000000
1771570843.863810,24.781207,0.008526,-0.017400,0.000000,0.039968,2.2900,0.000000,0.017400,0.00030276,-0.116000,2.2900,0.000000
1771570843.895255,24.812652,0.031445,-0.017400,0.000000,0.039968,2.2900,0.000000,0.017400,0.00030276,-0.116000,2.2900,0.000000
1771570843.904724,24.822121,0.009469,-0.017400,0.000000,0.039968,2.2900,0.000000,0.017400,0.00030276,-0.116000,2.2900,0.000000
1771570843.934584,24.851981,0.029860,-0.017400,0.000000,0.039968,2.2900,0.000000,0.017400,0.00030276,-0.116000,2.2900,0.000000
1771570843.943307,24.860704,0.008723,-0.017400,0.000000,0.039968,2.2900,0.000000,0.017400,0.00030276,-0.116000,2.2900,0.000000
1771570843.976216,24.893613,0.032909,-0.017400,0.000000,0.039968,2.2900,0.000000,0.017400,0.00030276,-0.116000,2.2900,0.000000
1771570843.984208,24.901605,0.007992,-0.017400,0.000000,0.039968,2.2900,0.000000,0.017400,0.00030276,-0.116000,2.2900,0.000000
1771570844.015845,24.933242,0.031636,-0.017400,0.000000,0.039968,2.2900,0.000000,0.017400,0.00030276,-0.116000,2.2900,0.000000
1771570844.024257,24.941654,0.008412,-0.017400,0.000000,0.039968,2.2900,0.000000,0.017400,0.00030276,-0.116000,2.2900,0.000000
1771570844.055846,24.973243,0.031589,-0.017400,0.000000,0.039968,2.2900,0.000000,0.017400,0.00030276,-0.116000,2.2900,0.000000
1771570844.064072,24.981469,0.008226,-0.017400,0.000000,0.039968,2.2900,0.000000,0.017400,0.00030276,-0.116000,2.2900,0.000000
1771570844.094614,25.012011,0.030542,-0.017400,0.000000,0.039968,2.2900,0.000000,0.017400,0.00030276,-0.116000,2.2900,0.000000
1771570844.104293,25.021690,0.009678,-0.017400,0.000000,0.039968,2.2900,0.000000,0.017400,0.00030276,-0.116000,2.2900,0.000000
1771570844.135072,25.052469,0.030779,-0.017400,0.000000,0.039968,2.2900,0.000000,0.017400,0.00030276,-0.116000,2.2900,0.000000
1771570844.144065,25.061462,0.008993,-0.017400,0.000000,0.039968,2.2900,0.000000,0.017400,0.00030276,-0.116000,2.2900,0.000000
1771570844.176341,25.093738,0.032276,-0.017400,0.000000,0.039968,2.2900,0.000000,0.017400,0.00030276,-0.116000,2.2900,0.000000
1771570844.185062,25.102459,0.008721,-0.017400,0.000000,0.039968,2.2900,0.000000,0.017400,0.00030276,-0.116000,2.2900,0.000000
1771570844.215562,25.132959,0.030500,-0.017400,0.000000,0.039968,2.2900,0.000000,0.017400,0.00030276,-0.116000,2.2900,0.000000
1771570844.223934,25.141331,0.008372,-0.017400,0.000000,0.039968,2.2900,0.000000,0.017400,0.00030276,-0.116000,2.2900,0.000000
1771570844.255897,25.173294,0.031963,-0.017400,0.000000,0.039968,2.2900,0.000000,0.017400,0.00030276,-0.116000,2.2900,0.000000
1771570844.264232,25.181629,0.008335,-0.017400,0.000000,0.039968,2.2900,0.000000,0.017400,0.00030276,-0.116000,2.2900,0.000000
1771570844.295961,25.213358,0.031729,-0.017400,0.000000,0.039968,2.2900,0.000000,0.017400,0.00030276,-0.116000,2.2900,0.000000
1771570844.304960,25.222357,0.008999,-0.017400,0.000000,0.039968,2.2900,0.000000,0.017400,0.00030276,-0.116000,2.2900,0.000000
1771570844.335000,25.252397,0.030041,-0.017400,0.000000,0.039968,2.2900,0.000000,0.017400,0.00030276,-0.116000,2.2900,0.000000
1771570844.343404,25.260801,0.008404,-0.017400,0.000000,0.039968,2.2900,0.000000,0.017400,0.00030276,-0.116000,2.2900,0.000000
1771570844.375883,25.293280,0.032479,-0.017400,0.000000,0.039968,2.2900,0.000000,0.017400,0.00030276,-0.116000,2.2900,0.000000
1771570844.383688,25.301085,0.007805,-0.017400,0.000000,0.039968,2.2900,0.000000,0.017400,0.00030276,-0.116000,2.2900,0.000000
1771570844.415639,25.333036,0.031951,-0.017400,0.000000,0.039968,2.2900,0.000000,0.017400,0.00030276,-0.116000,2.2900,0.000000
1771570844.423937,25.341334,0.008298,-0.017400,0.000000,0.039968,2.2900,0.000000,0.017400,0.00030276,-0.116000,2.2900,0.000000
1771570844.455475,25.372872,0.031538,-0.017400,0.000000,0.039968,2.2900,0.000000,0.017400,0.00030276,-0.116000,2.2900,0.000000
1771570844.463379,25.380776,0.007904,-0.017400,0.000000,0.039968,2.2900,0.000000,0.017400,0.00030276,-0.116000,2.2900,0.000000
1771570844.495679,25.413076,0.032300,-0.017400,0.000000,0.039968,2.2900,0.000000,0.017400,0.00030276,-0.116000,2.2900,0.000000
1771570844.503609,25.421006,0.007930,-0.017400,0.000000,0.039968,2.2900,0.000000,0.017400,0.00030276,-0.116000,2.2900,0.000000
1771570844.534637,25.452034,0.031028,-0.017400,0.000000,0.039968,2.2900,0.000000,0.017400,0.00030276,-0.116000,2.2900,0.000000
1771570844.543102,25.460499,0.008466,-0.017400,0.000000,0.039968,2.2900,0.000000,0.017400,0.00030276,-0.116000,2.2900,0.000000
1771570844.575104,25.492501,0.032002,-0.017400,0.000000,0.039968,2.2900,0.000000,0.017400,0.00030276,-0.116000,2.2900,0.000000
1771570844.583341,25.500738,0.008237,-0.017400,0.000000,0.039968,2.2900,0.000000,0.017400,0.00030276,-0.116000,2.2900,0.000000
1771570844.615357,25.532754,0.032016,-0.017400,0.000000,0.039968,2.2900,0.000000,0.017400,0.00030276,-0.116000,2.2900,0.000000
1771570844.624092,25.541489,0.008735,-0.017400,0.000000,0.039968,2.2900,0.000000,0.017400,0.00030276,-0.116000,2.2900,0.000000
1771570844.655603,25.573000,0.031511,-0.017400,0.000000,0.039968,2.2900,0.000000,0.017400,0.00030276,-0.116000,2.2900,0.000000
1771570844.663893,25.581290,0.008289,-0.017400,0.000000,0.039968,2.2900,0.000000,0.017400,0.00030276,-0.116000,2.2900,0.000000
1771570844.695729,25.613126,0.031836,-0.017400,0.000000,0.040317,2.3100,0.000000,0.017400,0.00030276,-0.116000,2.3100,0.000000
1771570844.703735,25.621132,0.008007,-0.017400,0.000000,0.040317,2.3100,0.000000,0.017400,0.00030276,-0.116000,2.3100,0.000000
1771570844.735038,25.652435,0.031302,-0.017400,0.000000,0.040317,2.3100,0.000000,0.017400,0.00030276,-0.116000,2.3100,0.000000
1771570844.743524,25.660921,0.008487,-0.017400,0.000000,0.040317,2.3100,0.000000,0.017400,0.00030276,-0.116000,2.3100,0.000000
1771570844.775383,25.692780,0.031859,-0.017400,0.000000,0.039968,2.2900,0.000000,0.017400,0.00030276,-0.116000,2.2900,0.000000
1771570844.783483,25.700880,0.008099,-0.017400,0.000000,0.039968,2.2900,0.000000,0.017400,0.00030276,-0.116000,2.2900,0.000000
1771570844.815173,25.732570,0.031691,-0.017400,0.000000,0.039968,2.2900,0.000000,0.017400,0.00030276,-0.116000,2.2900,0.000000
1771570844.823299,25.740696,0.008126,-0.017400,0.000000,0.039968,2.2900,0.000000,0.017400,0.00030276,-0.116000,2.2900,0.000000
1771570844.855177,25.772574,0.031878,-0.017400,0.000000,0.040317,2.3100,0.000000,0.017400,0.00030276,-0.116000,2.3100,0.000000
1771570844.863314,25.780711,0.008137,-0.017400,0.000000,0.040317,2.3100,0.000000,0.017400,0.00030276,-0.116000,2.3100,0.000000
1771570844.894925,25.812322,0.031611,-0.017400,0.000000,0.039968,2.2900,0.000000,0.017400,0.00030276,-0.116000,2.2900,0.000000
1771570844.903109,25.820506,0.008184,-0.017400,0.000000,0.039968,2.2900,0.000000,0.017400,0.00030276,-0.116000,2.2900,0.000000
1771570844.935044,25.852441,0.031935,-0.017400,0.000000,0.039968,2.2900,0.000000,0.017400,0.00030276,-0.116000,2.2900,0.000000
1771570844.943887,25.861284,0.008842,-0.017400,0.000000,0.039968,2.2900,0.000000,0.017400,0.00030276,-0.116000,2.2900,0.000000
1771570844.975087,25.892484,0.031201,-0.017400,0.000000,0.039968,2.2900,0.000000,0.017400,0.00030276,-0.116000,2.2900,0.000000
1771570844.983270,25.900667,0.008182,-0.017400,0.000000,0.039968,2.2900,0.000000,0.017400,0.00030276,-0.116000,2.2900,0.000000
1771570845.014847,25.932244,0.031577,-0.017400,0.000000,0.040317,2.3100,0.000000,0.017400,0.00030276,-0.116000,2.3100,0.000000
1771570845.023345,25.940742,0.008498,-0.017400,0.000000,0.040317,2.3100,0.000000,0.017400,0.00030276,-0.116000,2.3100,0.000000
1771570845.055268,25.972665,0.031923,-0.017400,0.000000,0.040317,2.3100,0.000000,0.017400,0.00030276,-0.116000,2.3100,0.000000
1771570845.063717,25.981114,0.008449,-0.017400,0.000000,0.040317,2.3100,0.000000,0.017400,0.00030276,-0.116000,2.3100,0.000000
1771570845.095460,26.012857,0.031743,-0.017400,0.000000,0.040317,2.3100,0.000000,0.017400,0.00030276,-0.116000,2.3100,0.000000
1771570845.103652,26.021049,0.008192,-0.017400,0.000000,0.040317,2.3100,0.000000,0.017400,0.00030276,-0.116000,2.3100,0.000000
1771570845.135124,26.052521,0.031473,-0.017400,0.000000,0.040317,2.3100,0.000000,0.017400,0.00030276,-0.116000,2.3100,0.000000
1771570845.143777,26.061174,0.008652,-0.017400,0.000000,0.040317,2.3100,0.000000,0.017400,0.00030276,-0.116000,2.3100,0.000000
1771570845.174334,26.091731,0.030558,-0.017400,0.000000,0.040317,2.3100,0.000000,0.017400,0.00030276,-0.116000,2.3100,0.000000
1771570845.183213,26.100610,0.008878,-0.017400,0.000000,0.040317,2.3100,0.000000,0.017400,0.00030276,-0.116000,2.3100,0.000000
1771570845.215444,26.132841,0.032231,-0.017400,0.000000,0.039968,2.2900,0.000000,0.017400,0.00030276,-0.116000,2.2900,0.000000
1771570845.223176,26.140573,0.007732,-0.017400,0.000000,0.039968,2.2900,0.000000,0.017400,0.00030276,-0.116000,2.2900,0.000000
1771570845.255336,26.172733,0.032160,-0.017400,0.000000,0.040317,2.3100,0.000000,0.017400,0.00030276,-0.116000,2.3100,0.000000
1771570845.264236,26.181633,0.008900,-0.017400,0.000000,0.040317,2.3100,0.000000,0.017400,0.00030276,-0.116000,2.3100,0.000000
1771570845.294928,26.212325,0.030691,-0.017400,0.000000,0.040317,2.3100,0.000000,0.017400,0.00030276,-0.116000,2.3100,0.000000
1771570845.304283,26.221680,0.009355,-0.017400,0.000000,0.040317,2.3100,0.000000,0.017400,0.00030276,-0.116000,2.3100,0.000000
1771570845.335056,26.252453,0.030773,-0.017400,0.000000,0.040317,2.3100,0.000000,0.017400,0.00030276,-0.116000,2.3100,0.000000
1771570845.343554,26.260952,0.008499,-0.017400,0.000000,0.040317,2.3100,0.000000,0.017400,0.00030276,-0.116000,2.3100,0.000000
1771570845.374418,26.291816,0.030864,-0.017400,0.000000,0.040317,2.3100,0.000000,0.017400,0.00030276,-0.116000,2.3100,0.000000
1771570845.383771,26.301168,0.009353,-0.017400,0.000000,0.040317,2.3100,0.000000,0.017400,0.00030276,-0.116000,2.3100,0.000000
1771570845.415395,26.332792,0.031624,-0.017400,0.000000,0.040317,2.3100,0.000000,0.017400,0.00030276,-0.116000,2.3100,0.000000
1771570845.424437,26.341834,0.009042,-0.017400,0.000000,0.040317,2.3100,0.000000,0.017400,0.00030276,-0.116000,2.3100,0.000000
1771570845.455261,26.372658,0.030824,-0.017400,0.000000,0.040317,2.3100,0.000000,0.017400,0.00030276,-0.116000,2.3100,0.000000
1771570845.463269,26.380666,0.008008,-0.017400,0.000000,0.040317,2.3100,0.000000,0.017400,0.00030276,-0.116000,2.3100,0.000000
1771570845.494638,26.412035,0.031368,-0.017400,0.000000,0.040317,2.3100,0.000000,0.017400,0.00030276,-0.116000,2.3100,0.000000
1771570845.504983,26.422380,0.010345,-0.017400,0.000000,0.040317,2.3100,0.000000,0.017400,0.00030276,-0.116000,2.3100,0.000000
1771570845.535582,26.452979,0.030599,-0.017400,0.000000,0.040317,2.3100,0.000000,0.017400,0.00030276,-0.116000,2.3100,0.000000
1771570845.543848,26.461245,0.008266,-0.017400,0.000000,0.040317,2.3100,0.000000,0.017400,0.00030276,-0.116000,2.3100,0.000000
1771570845.574603,26.492000,0.030755,-0.017400,0.000000,0.040317,2.3100,0.000000,0.017400,0.00030276,-0.116000,2.3100,0.000000
1771570845.583007,26.500404,0.008405,-0.017400,0.000000,0.040317,2.3100,0.000000,0.017400,0.00030276,-0.116000,2.3100,0.000000
1771570845.615377,26.532774,0.032369,-0.017400,0.000000,0.040317,2.3100,0.000000,0.017400,0.00030276,-0.116000,2.3100,0.000000
1771570845.624034,26.541431,0.008657,-0.017400,0.000000,0.040317,2.3100,0.000000,0.017400,0.00030276,-0.116000,2.3100,0.000000
1771570845.654505,26.571902,0.030471,-0.017400,0.000000,0.040317,2.3100,0.000000,0.017400,0.00030276,-0.116000,2.3100,0.000000
1771570845.664505,26.581902,0.010000,-0.017400,0.000000,0.040317,2.3100,0.000000,0.017400,0.00030276,-0.116000,2.3100,0.000000
1771570845.695076,26.612473,0.030571,-0.017400,0.000000,0.040317,2.3100,0.000000,0.017400,0.00030276,-0.116000,2.3100,0.000000
1771570845.703131,26.620528,0.008055,-0.017400,0.000000,0.040317,2.3100,0.000000,0.017400,0.00030276,-0.116000,2.3100,0.000000
1771570845.734901,26.652298,0.031770,-0.017400,0.000000,0.040317,2.3100,0.000000,0.017400,0.00030276,-0.116000,2.3100,0.000000
1771570845.743760,26.661157,0.008859,-0.017400,0.000000,0.040317,2.3100,0.000000,0.017400,0.00030276,-0.116000,2.3100,0.000000
1771570845.775026,26.692423,0.031266,-0.017400,0.000000,0.040317,2.3100,0.000000,0.017400,0.00030276,-0.116000,2.3100,0.000000
1771570845.783249,26.700646,0.008224,-0.017400,0.000000,0.040317,2.3100,0.000000,0.017400,0.00030276,-0.116000,2.3100,0.000000
1771570845.814784,26.732181,0.031535,-0.017400,0.000000,0.040317,2.3100,0.000000,0.017400,0.00030276,-0.116000,2.3100,0.000000
1771570845.823414,26.740811,0.008630,-0.017400,0.000000,0.040317,2.3100,0.000000,0.017400,0.00030276,-0.116000,2.3100,0.000000
1771570845.854491,26.771888,0.031077,-0.017400,0.000000,0.040317,2.3100,0.000000,0.017400,0.00030276,-0.116000,2.3100,0.000000
1771570845.864865,26.782262,0.010374,-0.017400,0.000000,0.040317,2.3100,0.000000,0.017400,0.00030276,-0.116000,2.3100,0.000000
1771570845.895217,26.812614,0.030351,-0.017400,0.000000,0.040317,2.3100,0.000000,0.017400,0.00030276,-0.116000,2.3100,0.000000
1771570845.903561,26.820958,0.008344,-0.017400,0.000000,0.040317,2.3100,0.000000,0.017400,0.00030276,-0.116000,2.3100,0.000000
1771570845.935447,26.852844,0.031886,-0.017400,0.000000,0.040317,2.3100,0.000000,0.017400,0.00030276,-0.116000,2.3100,0.000000
1771570845.943863,26.861260,0.008416,-0.017400,0.000000,0.040317,2.3100,0.000000,0.017400,0.00030276,-0.116000,2.3100,0.000000
1771570845.974460,26.891857,0.030598,-0.017400,0.000000,0.040317,2.3100,0.000000,0.017400,0.00030276,-0.116000,2.3100,0.000000
1771570845.984987,26.902384,0.010527,-0.017400,0.000000,0.040317,2.3100,0.000000,0.017400,0.00030276,-0.116000,2.3100,0.000000
1771570846.014228,26.931625,0.029241,-0.017400,0.000000,0.040317,2.3100,0.000000,0.017400,0.00030276,-0.116000,2.3100,0.000000
1771570846.024136,26.941533,0.009908,-0.017400,0.000000,0.040317,2.3100,0.000000,0.017400,0.00030276,-0.116000,2.3100,0.000000
1771570846.054312,26.971709,0.030176,-0.017400,0.000000,0.040317,2.3100,0.000000,0.017400,0.00030276,-0.116000,2.3100,0.000000
1771570846.064187,26.981584,0.009876,-0.017400,0.000000,0.040317,2.3100,0.000000,0.017400,0.00030276,-0.116000,2.3100,0.000000
1771570846.094697,27.012094,0.030510,-0.017400,0.000000,0.040317,2.3100,0.000000,0.017400,0.00030276,-0.116000,2.3100,0.000000
1771570846.103598,27.020995,0.008901,-0.017400,0.000000,0.040317,2.3100,0.000000,0.017400,0.00030276,-0.116000,2.3100,0.000000
1771570846.135487,27.052884,0.031889,-0.017400,0.000000,0.040317,2.3100,0.000000,0.017400,0.00030276,-0.116000,2.3100,0.000000
1771570846.143763,27.061160,0.008276,-0.017400,0.000000,0.040317,2.3100,0.000000,0.017400,0.00030276,-0.116000,2.3100,0.000000
1771570846.174372,27.091769,0.030609,-0.017400,0.000000,0.040317,2.3100,0.000000,0.017400,0.00030276,-0.116000,2.3100,0.000000
1771570846.184254,27.101651,0.009881,-0.017400,0.000000,0.040317,2.3100,0.000000,0.017400,0.00030276,-0.116000,2.3100,0.000000
1771570846.214539,27.131936,0.030285,-0.017400,0.000000,0.040317,2.3100,0.000000,0.017400,0.00030276,-0.116000,2.3100,0.000000
1771570846.224401,27.141798,0.009862,-0.017400,0.000000,0.040317,2.3100,0.000000,0.017400,0.00030276,-0.116000,2.3100,0.000000
1771570846.255352,27.172749,0.030950,-0.017400,0.000000,0.040666,2.3300,0.000000,0.017400,0.00030276,-0.116000,2.3300,0.000000
1771570846.264205,27.181602,0.008853,-0.017400,0.000000,0.040666,2.3300,0.000000,0.017400,0.00030276,-0.116000,2.3300,0.000000
1771570846.294760,27.212157,0.030555,-0.017400,0.000000,0.040317,2.3100,0.000000,0.017400,0.00030276,-0.116000,2.3100,0.000000
1771570846.303107,27.220504,0.008347,-0.017400,0.000000,0.040317,2.3100,0.000000,0.017400,0.00030276,-0.116000,2.3100,0.000000
1771570846.335058,27.252455,0.031951,-0.017400,0.000000,0.040666,2.3300,0.000000,0.017400,0.00030276,-0.116000,2.3300,0.000000
1771570846.343382,27.260779,0.008324,-0.017400,0.000000,0.040666,2.3300,0.000000,0.017400,0.00030276,-0.116000,2.3300,0.000000
1771570846.375427,27.292825,0.032045,-0.017400,0.000000,0.040666,2.3300,0.000000,0.017400,0.00030276,-0.116000,2.3300,0.000000
1771570846.383769,27.301166,0.008342,-0.017400,0.000000,0.040666,2.3300,0.000000,0.017400,0.00030276,-0.116000,2.3300,0.000000
1771570846.415636,27.333033,0.031867,-0.017400,0.000000,0.040666,2.3300,0.000000,0.017400,0.00030276,-0.116000,2.3300,0.000000
1771570846.423984,27.341381,0.008348,-0.017400,0.000000,0.040666,2.3300,0.000000,0.017400,0.00030276,-0.116000,2.3300,0.000000
1771570846.454458,27.371855,0.030473,-0.017400,0.000000,0.040666,2.3300,0.000000,0.017400,0.00030276,-0.116000,2.3300,0.000000
1771570846.464443,27.381840,0.009985,-0.017400,0.000000,0.040666,2.3300,0.000000,0.017400,0.00030276,-0.116000,2.3300,0.000000
1771570846.495245,27.412642,0.030802,-0.017400,0.000000,0.040666,2.3300,0.000000,0.017400,0.00030276,-0.116000,2.3300,0.000000
1771570846.503232,27.420629,0.007987,-0.017400,0.000000,0.040666,2.3300,0.000000,0.017400,0.00030276,-0.116000,2.3300,0.000000
1771570846.535187,27.452584,0.031955,-0.017400,0.000000,0.040666,2.3300,0.000000,0.017400,0.00030276,-0.116000,2.3300,0.000000
1771570846.544155,27.461552,0.008969,-0.017400,0.000000,0.040666,2.3300,0.000000,0.017400,0.00030276,-0.116000,2.3300,0.000000
1771570846.574612,27.492009,0.030456,-0.017400,0.000000,0.040666,2.3300,0.000000,0.017400,0.00030276,-0.116000,2.3300,0.000000
1771570846.583003,27.500400,0.008391,-0.017400,0.000000,0.040666,2.3300,0.000000,0.017400,0.00030276,-0.116000,2.3300,0.000000
1771570846.615509,27.532906,0.032506,-0.017400,0.000000,0.040666,2.3300,0.000000,0.017400,0.00030276,-0.116000,2.3300,0.000000
1771570846.624422,27.541819,0.008913,-0.017400,0.000000,0.040666,2.3300,0.000000,0.017400,0.00030276,-0.116000,2.3300,0.000000
1771570846.654535,27.571932,0.030113,-0.017400,0.000000,0.040666,2.3300,0.000000,0.017400,0.00030276,-0.116000,2.3300,0.000000
1771570846.664998,27.582395,0.010463,-0.017400,0.000000,0.040666,2.3300,0.000000,0.017400,0.00030276,-0.116000,2.3300,0.000000
1771570846.695614,27.613011,0.030616,-0.017400,0.000000,0.040666,2.3300,0.000000,0.017400,0.00030276,-0.116000,2.3300,0.000000
1771570846.703729,27.621126,0.008116,-0.017400,0.000000,0.040666,2.3300,0.000000,0.017400,0.00030276,-0.116000,2.3300,0.000000
1771570846.734184,27.651581,0.030455,-0.017400,0.000000,0.040666,2.3300,0.000000,0.017400,0.00030276,-0.116000,2.3300,0.000000
1771570846.743547,27.660944,0.009363,-0.017400,0.000000,0.040666,2.3300,0.000000,0.017400,0.00030276,-0.116000,2.3300,0.000000
1771570846.775531,27.692928,0.031984,-0.017400,0.000000,0.040666,2.3300,0.000000,0.017400,0.00030276,-0.116000,2.3300,0.000000
1771570846.783874,27.701271,0.008343,-0.017400,0.000000,0.040666,2.3300,0.000000,0.017400,0.00030276,-0.116000,2.3300,0.000000
1771570846.814463,27.731860,0.030590,-0.017400,0.000000,0.040666,2.3300,0.000000,0.017400,0.00030276,-0.116000,2.3300,0.000000
1771570846.822888,27.740285,0.008425,-0.017400,0.000000,0.040666,2.3300,0.000000,0.017400,0.00030276,-0.116000,2.3300,0.000000
1771570846.854335,27.771732,0.031447,-0.017400,0.000000,0.040666,2.3300,0.000000,0.017400,0.00030276,-0.116000,2.3300,0.000000
1771570846.864821,27.782218,0.010486,-0.017400,0.000000,0.040666,2.3300,0.000000,0.017400,0.00030276,-0.116000,2.3300,0.000000
1771570846.895144,27.812541,0.030322,-0.017400,0.000000,0.040666,2.3300,0.000000,0.017400,0.00030276,-0.116000,2.3300,0.000000
1771570846.902993,27.820390,0.007849,-0.017400,0.000000,0.040666,2.3300,0.000000,0.017400,0.00030276,-0.116000,2.3300,0.000000
1771570846.935801,27.853198,0.032808,-0.017400,0.000000,0.040666,2.3300,0.000000,0.017400,0.00030276,-0.116000,2.3300,0.000000
1771570846.944822,27.862219,0.009021,-0.017400,0.000000,0.040666,2.3300,0.000000,0.017400,0.00030276,-0.116000,2.3300,0.000000
1771570846.975233,27.892630,0.030411,-0.017400,0.000000,0.040666,2.3300,0.000000,0.017400,0.00030276,-0.116000,2.3300,0.000000
1771570846.983703,27.901100,0.008471,-0.017400,0.000000,0.040666,2.3300,0.000000,0.017400,0.00030276,-0.116000,2.3300,0.000000
1771570847.014827,27.932224,0.031124,-0.017400,0.000000,0.040666,2.3300,0.000000,0.017400,0.00030276,-0.116000,2.3300,0.000000
1771570847.023312,27.940709,0.008484,-0.017400,0.000000,0.040666,2.3300,0.000000,0.017400,0.00030276,-0.116000,2.3300,0.000000
1771570847.055390,27.972787,0.032079,-0.017400,0.000000,0.040666,2.3300,0.000000,0.017400,0.00030276,-0.116000,2.3300,0.000000
1771570847.063953,27.981350,0.008563,-0.017400,0.000000,0.040666,2.3300,0.000000,0.017400,0.00030276,-0.116000,2.3300,0.000000
1771570847.094919,28.012316,0.030966,-0.017400,0.000000,0.040666,2.3300,0.000000,0.017400,0.00030276,-0.116000,2.3300,0.000000
1771570847.102976,28.020373,0.008056,-0.017400,0.000000,0.040666,2.3300,0.000000,0.017400,0.00030276,-0.116000,2.3300,0.000000
1771570847.134590,28.051987,0.031614,-0.017400,0.000000,0.040666,2.3300,0.000000,0.017400,0.00030276,-0.116000,2.3300,0.000000
1771570847.143035,28.060432,0.008445,-0.017400,0.000000,0.040666,2.3300,0.000000,0.017400,0.00030276,-0.116000,2.3300,0.000000
1771570847.175324,28.092721,0.032289,-0.017400,0.000000,0.040666,2.3300,0.000000,0.017400,0.00030276,-0.116000,2.3300,0.000000
1771570847.183731,28.101128,0.008407,-0.017400,0.000000,0.040666,2.3300,0.000000,0.017400,0.00030276,-0.116000,2.3300,0.000000
1771570847.215502,28.132899,0.031772,-0.017400,0.000000,0.040666,2.3300,0.000000,0.017400,0.00030276,-0.116000,2.3300,0.000000
1771570847.223810,28.141207,0.008307,-0.017400,0.000000,0.040666,2.3300,0.000000,0.017400,0.00030276,-0.116000,2.3300,0.000000
1771570847.256632,28.174029,0.032822,-0.017400,0.000000,0.040666,2.3300,0.000000,0.017400,0.00030276,-0.116000,2.3300,0.000000
1771570847.263017,28.180414,0.006385,-0.017400,0.000000,0.040666,2.3300,0.000000,0.017400,0.00030276,-0.116000,2.3300,0.000000
1771570847.295990,28.213387,0.032973,-0.017400,0.000000,0.040666,2.3300,0.000000,0.017400,0.00030276,-0.116000,2.3300,0.000000
1771570847.304239,28.221636,0.008249,-0.017400,0.000000,0.040666,2.3300,0.000000,0.017400,0.00030276,-0.116000,2.3300,0.000000
1771570847.335207,28.252604,0.030968,-0.017400,0.000000,0.040666,2.3300,0.000000,0.017400,0.00030276,-0.116000,2.3300,0.000000
1771570847.344234,28.261631,0.009027,-0.017400,0.000000,0.040666,2.3300,0.000000,0.017400,0.00030276,-0.116000,2.3300,0.000000
1771570847.374945,28.292342,0.030712,-0.017400,0.000000,0.040666,2.3300,0.000000,0.017400,0.00030276,-0.116000,2.3300,0.000000
1771570847.383020,28.300417,0.008075,-0.017400,0.000000,0.040666,2.3300,0.000000,0.017400,0.00030276,-0.116000,2.3300,0.000000
1771570847.414574,28.331971,0.031554,-0.017400,0.000000,0.040666,2.3300,0.000000,0.017400,0.00030276,-0.116000,2.3300,0.000000
1771570847.423095,28.340492,0.008520,-0.017400,0.000000,0.040666,2.3300,0.000000,0.017400,0.00030276,-0.116000,2.3300,0.000000
1771570847.454842,28.372239,0.031747,-0.017400,0.000000,0.040666,2.3300,0.000000,0.017400,0.00030276,-0.116000,2.3300,0.000000
1771570847.463390,28.380787,0.008548,-0.017400,0.000000,0.040666,2.3300,0.000000,0.017400,0.00030276,-0.116000,2.3300,0.000000
1771570847.494434,28.411831,0.031044,-0.017400,0.000000,0.040666,2.3300,0.000000,0.017400,0.00030276,-0.116000,2.3300,0.000000
1771570847.504348,28.421745,0.009915,-0.017400,0.000000,0.040666,2.3300,0.000000,0.017400,0.00030276,-0.116000,2.3300,0.000000
1771570847.535089,28.452486,0.030740,-0.017400,0.000000,0.040666,2.3300,0.000000,0.017400,0.00030276,-0.116000,2.3300,0.000000
1771570847.543194,28.460591,0.008106,-0.017400,0.000000,0.040666,2.3300,0.000000,0.017400,0.00030276,-0.116000,2.3300,0.000000
1771570847.575254,28.492651,0.032059,-0.017400,0.000000,0.040666,2.3300,0.000000,0.017400,0.00030276,-0.116000,2.3300,0.000000
1771570847.583600,28.500997,0.008346,-0.017400,0.000000,0.040666,2.3300,0.000000,0.017400,0.00030276,-0.116000,2.3300,0.000000
1771570847.614749,28.532146,0.031149,-0.017400,0.000000,0.040666,2.3300,0.000000,0.017400,0.00030276,-0.116000,2.3300,0.000000
1771570847.623365,28.540762,0.008616,-0.017400,0.000000,0.040666,2.3300,0.000000,0.017400,0.00030276,-0.116000,2.3300,0.000000
1771570847.654591,28.571988,0.031226,-0.017400,0.000000,0.040666,2.3300,0.000000,0.017400,0.00030276,-0.116000,2.3300,0.000000
1771570847.664319,28.581716,0.009727,-0.017400,0.000000,0.040666,2.3300,0.000000,0.017400,0.00030276,-0.116000,2.3300,0.000000
1771570847.694779,28.612176,0.030461,-0.017400,0.000000,0.040666,2.3300,0.000000,0.017400,0.00030276,-0.116000,2.3300,0.000000
1771570847.703397,28.620794,0.008618,-0.017400,0.000000,0.040666,2.3300,0.000000,0.017400,0.00030276,-0.116000,2.3300,0.000000
1771570847.736443,28.653840,0.033046,-0.017400,0.000000,0.040666,2.3300,0.000000,0.017400,0.00030276,-0.116000,2.3300,0.000000
1771570847.743667,28.661064,0.007225,-0.017400,0.000000,0.040666,2.3300,0.000000,0.017400,0.00030276,-0.116000,2.3300,0.000000
1771570847.775835,28.693232,0.032168,-0.017400,0.000000,0.040666,2.3300,0.000000,0.017400,0.00030276,-0.116000,2.3300,0.000000
1771570847.784072,28.701469,0.008237,-0.017400,0.000000,0.040666,2.3300,0.000000,0.017400,0.00030276,-0.116000,2.3300,0.000000
1771570847.814405,28.731802,0.030333,-0.017400,0.000000,0.040666,2.3300,0.000000,0.017400,0.00030276,-0.116000,2.3300,0.000000
1771570847.824373,28.741770,0.009968,-0.017400,0.000000,0.040666,2.3300,0.000000,0.017400,0.00030276,-0.116000,2.3300,0.000000
1771570847.857045,28.774442,0.032672,-0.017400,0.000000,0.040666,2.3300,0.000000,0.017400,0.00030276,-0.116000,2.3300,0.000000
1771570847.863834,28.781231,0.006789,-0.017400,0.000000,0.040666,2.3300,0.000000,0.017400,0.00030276,-0.116000,2.3300,0.000000
1771570847.894965,28.812362,0.031132,-0.017400,0.000000,0.040666,2.3300,0.000000,0.017400,0.00030276,-0.116000,2.3300,0.000000
1771570847.904485,28.821882,0.009520,-0.017400,0.000000,0.040666,2.3300,0.000000,0.017400,0.00030276,-0.116000,2.3300,0.000000
1771570847.934368,28.851765,0.029883,-0.017400,0.000000,0.040666,2.3300,0.000000,0.017400,0.00030276,-0.116000,2.3300,0.000000
1771570847.942924,28.860321,0.008556,-0.017400,0.000000,0.040666,2.3300,0.000000,0.017400,0.00030276,-0.116000,2.3300,0.000000
1771570847.975210,28.892607,0.032286,-0.017400,0.000000,0.040666,2.3300,0.000000,0.017400,0.00030276,-0.116000,2.3300,0.000000
1771570847.983297,28.900694,0.008087,-0.017400,0.000000,0.040666,2.3300,0.000000,0.017400,0.00030276,-0.116000,2.3300,0.000000
1771570848.014600,28.931997,0.031303,-0.017400,0.000000,0.040666,2.3300,0.000000,0.017400,0.00030276,-0.116000,2.3300,0.000000
1771570848.024272,28.941669,0.009672,-0.017400,0.000000,0.040666,2.3300,0.000000,0.017400,0.00030276,-0.116000,2.3300,0.000000
1771570848.054532,28.971929,0.030260,-0.017400,0.000000,0.040666,2.3300,0.000000,0.017400,0.00030276,-0.116000,2.3300,0.000000
1771570848.063077,28.980474,0.008545,-0.017400,0.000000,0.040666,2.3300,0.000000,0.017400,0.00030276,-0.116000,2.3300,0.000000
1771570848.095495,29.012892,0.032418,-0.017400,0.000000,0.040666,2.3300,0.000000,0.017400,0.00030276,-0.116000,2.3300,0.000000
1771570848.105648,29.023045,0.010154,-0.017400,0.000000,0.040666,2.3300,0.000000,0.017400,0.00030276,-0.116000,2.3300,0.000000
1771570848.134355,29.051752,0.028707,-0.017400,0.000000,0.040666,2.3300,0.000000,0.017400,0.00030276,-0.116000,2.3300,0.000000
1771570848.144051,29.061448,0.009696,-0.017400,0.000000,0.040666,2.3300,0.000000,0.017400,0.00030276,-0.116000,2.3300,0.000000
1771570848.174434,29.091831,0.030383,-0.017400,0.000000,0.040666,2.3300,0.000000,0.017400,0.00030276,-0.116000,2.3300,0.000000
1771570848.183656,29.101053,0.009222,-0.017400,0.000000,0.040666,2.3300,0.000000,0.017400,0.00030276,-0.116000,2.3300,0.000000
1771570848.215547,29.132944,0.031890,-0.017400,0.000000,0.040666,2.3300,0.000000,0.017400,0.00030276,-0.116000,2.3300,0.000000
1771570848.223909,29.141306,0.008362,-0.017400,0.000000,0.040666,2.3300,0.000000,0.017400,0.00030276,-0.116000,2.3300,0.000000
1771570848.254621,29.172018,0.030712,-0.017400,0.000000,0.040666,2.3300,0.000000,0.017400,0.00030276,-0.116000,2.3300,0.000000
1771570848.262862,29.180259,0.008241,-0.017400,0.000000,0.040666,2.3300,0.000000,0.017400,0.00030276,-0.116000,2.3300,0.000000
1771570848.294836,29.212233,0.031974,-0.017400,0.000000,0.040666,2.3300,0.000000,0.017400,0.00030276,-0.116000,2.3300,0.000000
1771570848.303474,29.220871,0.008638,-0.017400,0.000000,0.040666,2.3300,0.000000,0.017400,0.00030276,-0.116000,2.3300,0.000000
1771570848.335602,29.252999,0.032128,-0.017400,0.000000,0.041015,2.3500,0.000000,0.017400,0.00030276,-0.116000,2.3500,0.000000
1771570848.344173,29.261570,0.008571,-0.017400,0.000000,0.041015,2.3500,0.000000,0.017400,0.00030276,-0.116000,2.3500,0.000000
1771570848.374955,29.292352,0.030782,-0.017400,0.000000,0.041015,2.3500,0.000000,0.017400,0.00030276,-0.116000,2.3500,0.000000
1771570848.383305,29.300702,0.008351,-0.017400,0.000000,0.041015,2.3500,0.000000,0.017400,0.00030276,-0.116000,2.3500,0.000000
1771570848.414900,29.332297,0.031595,-0.017400,0.000000,0.041015,2.3500,0.000000,0.017400,0.00030276,-0.116000,2.3500,0.000000
1771570848.423840,29.341237,0.008940,-0.017400,0.000000,0.041015,2.3500,0.000000,0.017400,0.00030276,-0.116000,2.3500,0.000000
1771570848.455290,29.372687,0.031450,-0.017400,0.000000,0.041015,2.3500,0.000000,0.017400,0.00030276,-0.116000,2.3500,0.000000
1771570848.463230,29.380627,0.007940,-0.017400,0.000000,0.041015,2.3500,0.000000,0.017400,0.00030276,-0.116000,2.3500,0.000000
1771570848.495359,29.412756,0.032129,-0.017400,0.000000,0.041015,2.3500,0.000000,0.017400,0.00030276,-0.116000,2.3500,0.000000
1771570848.503325,29.420722,0.007966,-0.017400,0.000000,0.041015,2.3500,0.000000,0.017400,0.00030276,-0.116000,2.3500,0.000000
1771570848.534355,29.451752,0.031030,-0.017400,0.000000,0.041015,2.3500,0.000000,0.017400,0.00030276,-0.116000,2.3500,0.000000
1771570848.544247,29.461644,0.009892,-0.017400,0.000000,0.041015,2.3500,0.000000,0.017400,0.00030276,-0.116000,2.3500,0.000000
1771570848.575333,29.492730,0.031086,-0.017400,0.000000,0.041015,2.3500,0.000000,0.017400,0.00030276,-0.116000,2.3500,0.000000
1771570848.584229,29.501626,0.008895,-0.017400,0.000000,0.041015,2.3500,0.000000,0.017400,0.00030276,-0.116000,2.3500,0.000000
1771570848.614469,29.531866,0.030240,-0.017400,0.000000,0.041015,2.3500,0.000000,0.017400,0.00030276,-0.116000,2.3500,0.000000
1771570848.622742,29.540139,0.008274,-0.017400,0.000000,0.041015,2.3500,0.000000,0.017400,0.00030276,-0.116000,2.3500,0.000000
1771570848.655492,29.572889,0.032749,-0.017400,0.000000,0.041015,2.3500,0.000000,0.017400,0.00030276,-0.116000,2.3500,0.000000
1771570848.663614,29.581011,0.008122,-0.017400,0.000000,0.041015,2.3500,0.000000,0.017400,0.00030276,-0.116000,2.3500,0.000000
1771570848.695563,29.612960,0.031949,-0.017400,0.000000,0.041015,2.3500,0.000000,0.017400,0.00030276,-0.116000,2.3500,0.000000
1771570848.704331,29.621728,0.008768,-0.017400,0.000000,0.041015,2.3500,0.000000,0.017400,0.00030276,-0.116000,2.3500,0.000000
1771570848.734658,29.652056,0.030328,-0.017400,0.000000,0.041015,2.3500,0.000000,0.017400,0.00030276,-0.116000,2.3500,0.000000
1771570848.743049,29.660446,0.008390,-0.017400,0.000000,0.041015,2.3500,0.000000,0.017400,0.00030276,-0.116000,2.3500,0.000000
1771570848.774192,29.691589,0.031143,-0.017400,0.000000,0.041015,2.3500,0.000000,0.017400,0.00030276,-0.116000,2.3500,0.000000
1771570848.784527,29.701924,0.010335,-0.017400,0.000000,0.041015,2.3500,0.000000,0.017400,0.00030276,-0.116000,2.3500,0.000000
1771570848.815512,29.732909,0.030985,-0.017400,0.000000,0.041015,2.3500,0.000000,0.017400,0.00030276,-0.116000,2.3500,0.000000
1771570848.824237,29.741634,0.008724,-0.017400,0.000000,0.041015,2.3500,0.000000,0.017400,0.00030276,-0.116000,2.3500,0.000000
1771570848.854687,29.772084,0.030450,-0.017400,0.000000,0.041015,2.3500,0.000000,0.017400,0.00030276,-0.116000,2.3500,0.000000
1771570848.862894,29.780291,0.008207,-0.017400,0.000000,0.041015,2.3500,0.000000,0.017400,0.00030276,-0.116000,2.3500,0.000000
1771570848.894697,29.812094,0.031803,-0.017400,0.000000,0.041015,2.3500,0.000000,0.017400,0.00030276,-0.116000,2.3500,0.000000
1771570848.903151,29.820548,0.008454,-0.017400,0.000000,0.041015,2.3500,0.000000,0.017400,0.00030276,-0.116000,2.3500,0.000000
1771570848.934752,29.852149,0.031601,-0.017400,0.000000,0.041015,2.3500,0.000000,0.017400,0.00030276,-0.116000,2.3500,0.000000
1771570848.943992,29.861389,0.009240,-0.017400,0.000000,0.041015,2.3500,0.000000,0.017400,0.00030276,-0.116000,2.3500,0.000000
1771570848.975485,29.892882,0.031493,-0.017400,0.000000,0.041015,2.3500,0.000000,0.017400,0.00030276,-0.116000,2.3500,0.000000
1771570848.983674,29.901071,0.008189,-0.017400,0.000000,0.041015,2.3500,0.000000,0.017400,0.00030276,-0.116000,2.3500,0.000000
1771570849.014886,29.932283,0.031213,-0.017400,0.000000,0.041015,2.3500,0.000000,0.017400,0.00030276,-0.116000,2.3500,0.000000
1771570849.022867,29.940264,0.007981,-0.017400,0.000000,0.041015,2.3500,0.000000,0.017400,0.00030276,-0.116000,2.3500,0.000000
1771570849.054702,29.972099,0.031835,-0.017400,0.000000,0.041015,2.3500,0.000000,0.017400,0.00030276,-0.116000,2.3500,0.000000
1771570849.063130,29.980527,0.008427,-0.017400,0.000000,0.041015,2.3500,0.000000,0.017400,0.00030276,-0.116000,2.3500,0.000000
