time,time_rel,dt,x,xdot,theta,theta_deg,thdot,error,error_sq,d_raw,a_raw,w_raw
# Run: trial_7
# Controller: PID
# Start time: 2026-02-20 13:55:40
# Distance scale: 0.15 m per unit
1771570540.841524,0.002167,0.010000,-0.003450,0.000000,0.007679,0.4400,0.000000,0.003450,0.00001190,-0.023000,0.4400,0.000000
1771570540.872785,0.033428,0.031261,-0.003450,0.000000,0.007679,0.4400,0.000000,0.003450,0.00001190,-0.023000,0.4400,0.000000
1771570540.880851,0.041494,0.008066,-0.003300,0.018597,0.007679,0.4400,0.000000,0.003300,0.00001089,-0.022000,0.4400,0.000000
1771570540.913389,0.074032,0.032538,-0.003300,0.000000,0.007679,0.4400,0.000000,0.003300,0.00001089,-0.022000,0.4400,0.000000
1771570540.920751,0.081393,0.007362,-0.003300,0.000000,0.007679,0.4400,0.000000,0.003300,0.00001089,-0.022000,0.4400,0.000000
1771570540.952386,0.113029,0.031636,-0.003300,0.000000,0.007679,0.4400,0.000000,0.003300,0.00001089,-0.022000,0.4400,0.000000
1771570540.960577,0.121219,0.008190,-0.003300,0.000000,0.007679,0.4400,0.000000,0.003300,0.00001089,-0.022000,0.4400,0.000000
1771570540.993220,0.153863,0.032644,-0.003300,0.000000,0.007679,0.4400,0.000000,0.003300,0.00001089,-0.022000,0.4400,0.000000
1771570541.002040,0.162683,0.008820,-0.003300,0.000000,0.007679,0.4400,0.000000,0.003300,0.00001089,-0.022000,0.4400,0.000000
1771570541.033414,0.194057,0.031374,-0.003300,0.000000,0.007679,0.4400,0.000000,0.003300,0.00001089,-0.022000,0.4400,0.000000
1771570541.042124,0.202766,0.008709,-0.003300,0.000000,0.007679,0.4400,0.000000,0.003300,0.00001089,-0.022000,0.4400,0.000000
1771570541.073229,0.233872,0.031105,-0.003300,0.000000,0.007679,0.4400,0.000000,0.003300,0.00001089,-0.022000,0.4400,0.000000
1771570541.081545,0.242188,0.008316,-0.003300,0.000000,0.007679,0.4400,0.000000,0.003300,0.00001089,-0.022000,0.4400,0.000000
1771570541.112431,0.273073,0.030885,-0.003300,0.000000,0.007679,0.4400,0.000000,0.003300,0.00001089,-0.022000,0.4400,0.000000
1771570541.120968,0.281610,0.008537,-0.003450,-0.017570,0.007679,0.4400,0.000000,0.003450,0.00001190,-0.023000,0.4400,0.000000
1771570541.152583,0.313226,0.031615,-0.003450,0.000000,0.007679,0.4400,0.000000,0.003450,0.00001190,-0.023000,0.4400,0.000000
1771570541.162302,0.322944,0.009718,-0.003450,0.000000,0.007679,0.4400,0.000000,0.003450,0.00001190,-0.023000,0.4400,0.000000
1771570541.192068,0.352710,0.029766,-0.003300,0.005039,0.007679,0.4400,0.000000,0.003300,0.00001089,-0.022000,0.4400,0.000000
1771570541.201511,0.362154,0.009444,-0.003450,-0.015884,0.007679,0.4400,0.000000,0.003450,0.00001190,-0.023000,0.4400,0.000000
1771570541.233192,0.393835,0.031681,-0.003450,0.000000,0.007679,0.4400,0.000000,0.003450,0.00001190,-0.023000,0.4400,0.000000
1771570541.242143,0.402786,0.008951,-0.003450,0.000000,0.007679,0.4400,0.000000,0.003450,0.00001190,-0.023000,0.4400,0.000000
1771570541.272875,0.433517,0.030732,-0.003450,0.000000,0.007679,0.4400,0.000000,0.003450,0.00001190,-0.023000,0.4400,0.000000
1771570541.280555,0.441198,0.007681,-0.003450,0.000000,0.007679,0.4400,0.000000,0.003450,0.00001190,-0.023000,0.4400,0.000000
1771570541.312647,0.473290,0.032092,-0.003450,0.000000,0.007679,0.4400,0.000000,0.003450,0.00001190,-0.023000,0.4400,0.000000
1771570541.320433,0.481076,0.007786,-0.003450,0.000000,0.007679,0.4400,0.000000,0.003450,0.00001190,-0.023000,0.4400,0.000000
1771570541.353111,0.513754,0.032678,-0.003450,0.000000,0.007679,0.4400,0.000000,0.003450,0.00001190,-0.023000,0.4400,0.000000
1771570541.361629,0.522272,0.008518,-0.003450,0.000000,0.007679,0.4400,0.000000,0.003450,0.00001190,-0.023000,0.4400,0.000000
1771570541.393042,0.553685,0.031412,-0.003450,0.000000,0.007679,0.4400,0.000000,0.003450,0.00001190,-0.023000,0.4400,0.000000
1771570541.401087,0.561730,0.008045,-0.003450,0.000000,0.007679,0.4400,0.000000,0.003450,0.00001190,-0.023000,0.4400,0.000000
1771570541.433287,0.593930,0.032200,-0.003450,0.000000,0.007679,0.4400,0.000000,0.003450,0.00001190,-0.023000,0.4400,0.000000
1771570541.442184,0.602827,0.008897,-0.003450,0.000000,0.007679,0.4400,0.000000,0.003450,0.00001190,-0.023000,0.4400,0.000000
1771570541.472823,0.633466,0.030639,-0.003450,0.000000,0.007679,0.4400,0.000000,0.003450,0.00001190,-0.023000,0.4400,0.000000
1771570541.481209,0.641852,0.008386,-0.003450,0.000000,0.007679,0.4400,0.000000,0.003450,0.00001190,-0.023000,0.4400,0.000000
1771570541.513032,0.673675,0.031823,-0.003450,0.000000,0.007679,0.4400,0.000000,0.003450,0.00001190,-0.023000,0.4400,0.000000
1771570541.521623,0.682266,0.008591,-0.003450,0.000000,0.007679,0.4400,0.000000,0.003450,0.00001190,-0.023000,0.4400,0.000000
1771570541.553467,0.714109,0.031843,-0.003450,0.000000,0.007679,0.4400,0.000000,0.003450,0.00001190,-0.023000,0.4400,0.000000
1771570541.561620,0.722263,0.008154,-0.003450,0.000000,0.007679,0.4400,0.000000,0.003450,0.00001190,-0.023000,0.4400,0.000000
1771570541.592919,0.753561,0.031298,-0.003450,0.000000,0.007679,0.4400,0.000000,0.003450,0.00001190,-0.023000,0.4400,0.000000
1771570541.601134,0.761777,0.008215,-0.003450,0.000000,0.007679,0.4400,0.000000,0.003450,0.00001190,-0.023000,0.4400,0.000000
1771570541.633841,0.794484,0.032707,-0.003300,0.004586,0.007679,0.4400,0.000000,0.003300,0.00001089,-0.022000,0.4400,0.000000
1771570541.641970,0.802613,0.008129,-0.003450,-0.018453,0.007679,0.4400,0.000000,0.003450,0.00001190,-0.023000,0.4400,0.000000
1771570541.671941,0.832584,0.029971,-0.003450,0.000000,0.007679,0.4400,0.000000,0.003450,0.00001190,-0.023000,0.4400,0.000000
1771570541.681916,0.842559,0.009975,-0.003450,0.000000,0.007679,0.4400,0.000000,0.003450,0.00001190,-0.023000,0.4400,0.000000
1771570541.712713,0.873356,0.030797,-0.003450,0.000000,0.007679,0.4400,0.000000,0.003450,0.00001190,-0.023000,0.4400,0.000000
1771570541.721357,0.881999,0.008643,-0.003300,0.017354,0.007679,0.4400,0.000000,0.003300,0.00001089,-0.022000,0.4400,0.000000
1771570541.753080,0.913723,0.031723,-0.003450,-0.004728,0.007679,0.4400,0.000000,0.003450,0.00001190,-0.023000,0.4400,0.000000
1771570541.761163,0.921806,0.008084,-0.003450,0.000000,0.007679,0.4400,0.000000,0.003450,0.00001190,-0.023000,0.4400,0.000000
1771570541.793359,0.954001,0.032195,-0.003300,0.004659,0.007679,0.4400,0.000000,0.003300,0.00001089,-0.022000,0.4400,0.000000
1771570541.801443,0.962086,0.008085,-0.003450,-0.018553,0.007679,0.4400,0.000000,0.003450,0.00001190,-0.023000,0.4400,0.000000
1771570541.832908,0.993551,0.031465,-0.003450,0.000000,0.007679,0.4400,0.000000,0.003450,0.00001190,-0.023000,0.4400,0.000000
1771570541.841030,1.001673,0.008121,-0.003450,0.000000,0.007679,0.4400,0.000000,0.003450,0.00001190,-0.023000,0.4400,0.000000
1771570541.873406,1.034049,0.032376,-0.003450,0.000000,0.007679,0.4400,0.000000,0.003450,0.00001190,-0.023000,0.4400,0.000000
1771570541.882187,1.042830,0.008781,-0.003300,0.017082,0.007679,0.4400,0.000000,0.003300,0.00001089,-0.022000,0.4400,0.000000
1771570541.912588,1.073231,0.030401,-0.003300,0.000000,0.007679,0.4400,0.000000,0.003300,0.00001089,-0.022000,0.4400,0.000000
1771570541.922195,1.082838,0.009607,-0.003300,0.000000,0.007679,0.4400,0.000000,0.003300,0.00001089,-0.022000,0.4400,0.000000
1771570541.953368,1.114011,0.031173,-0.003300,0.000000,0.007679,0.4400,0.000000,0.003300,0.00001089,-0.022000,0.4400,0.000000
1771570541.962383,1.123026,0.009015,-0.003300,0.000000,0.007679,0.4400,0.000000,0.003300,0.00001089,-0.022000,0.4400,0.000000
1771570541.993132,1.153775,0.030749,-0.003300,0.000000,0.007679,0.4400,0.000000,0.003300,0.00001089,-0.022000,0.4400,0.000000
1771570542.001350,1.161993,0.008218,-0.003300,0.000000,0.007679,0.4400,0.000000,0.003300,0.00001089,-0.022000,0.4400,0.000000
1771570542.033254,1.193897,0.031904,-0.003300,0.000000,0.007679,0.4400,0.000000,0.003300,0.00001089,-0.022000,0.4400,0.000000
1771570542.041873,1.202515,0.008618,-0.003300,0.000000,0.007679,0.4400,0.000000,0.003300,0.00001089,-0.022000,0.4400,0.000000
1771570542.072571,1.233214,0.030699,-0.003300,0.000000,0.007679,0.4400,0.000000,0.003300,0.00001089,-0.022000,0.4400,0.000000
1771570542.080984,1.241627,0.008413,-0.003300,0.000000,0.007679,0.4400,0.000000,0.003300,0.00001089,-0.022000,0.4400,0.000000
1771570542.112715,1.273357,0.031731,-0.003300,0.000000,0.007679,0.4400,0.000000,0.003300,0.00001089,-0.022000,0.4400,0.000000
1771570542.121132,1.281775,0.008417,-0.003300,0.000000,0.007679,0.4400,0.000000,0.003300,0.00001089,-0.022000,0.4400,0.000000
1771570542.152214,1.312857,0.031082,-0.003300,0.000000,0.007679,0.4400,0.000000,0.003300,0.00001089,-0.022000,0.4400,0.000000
1771570542.160957,1.321600,0.008743,-0.003300,0.000000,0.007679,0.4400,0.000000,0.003300,0.00001089,-0.022000,0.4400,0.000000
1771570542.193230,1.353873,0.032273,-0.003300,0.000000,0.007679,0.4400,0.000000,0.003300,0.00001089,-0.022000,0.4400,0.000000
1771570542.200304,1.360947,0.007074,-0.003300,0.000000,0.007679,0.4400,0.000000,0.003300,0.00001089,-0.022000,0.4400,0.000000
1771570542.232954,1.393597,0.032650,-0.003300,0.000000,0.007679,0.4400,0.000000,0.003300,0.00001089,-0.022000,0.4400,0.000000
1771570542.241176,1.401819,0.008222,-0.003300,0.000000,0.007679,0.4400,0.000000,0.003300,0.00001089,-0.022000,0.4400,0.000000
1771570542.272140,1.432783,0.030964,-0.003300,0.000000,0.007679,0.4400,0.000000,0.003300,0.00001089,-0.022000,0.4400,0.000000
1771570542.282652,1.443295,0.010512,-0.003300,0.000000,0.007679,0.4400,0.000000,0.003300,0.00001089,-0.022000,0.4400,0.000000
1771570542.313019,1.473662,0.030367,-0.003300,0.000000,0.007679,0.4400,0.000000,0.003300,0.00001089,-0.022000,0.4400,0.000000
1771570542.321349,1.481992,0.008330,-0.003300,0.000000,0.007679,0.4400,0.000000,0.003300,0.00001089,-0.022000,0.4400,0.000000
1771570542.351937,1.512580,0.030588,-0.003300,0.000000,0.007679,0.4400,0.000000,0.003300,0.00001089,-0.022000,0.4400,0.000000
1771570542.361843,1.522486,0.009906,-0.003300,0.000000,0.007679,0.4400,0.000000,0.003300,0.00001089,-0.022000,0.4400,0.000000
1771570542.392826,1.553469,0.030983,-0.003300,0.000000,0.007679,0.4400,0.000000,0.003300,0.00001089,-0.022000,0.4400,0.000000
1771570542.401069,1.561712,0.008242,-0.003300,0.000000,0.007679,0.4400,0.000000,0.003300,0.00001089,-0.022000,0.4400,0.000000
1771570542.434257,1.594899,0.033188,-0.003300,0.000000,0.007679,0.4400,0.000000,0.003300,0.00001089,-0.022000,0.4400,0.000000
1771570542.440417,1.601059,0.006160,-0.003300,0.000000,0.007679,0.4400,0.000000,0.003300,0.00001089,-0.022000,0.4400,0.000000
1771570542.472799,1.633442,0.032383,-0.003300,0.000000,0.007679,0.4400,0.000000,0.003300,0.00001089,-0.022000,0.4400,0.000000
1771570542.481042,1.641685,0.008243,-0.003300,0.000000,0.007679,0.4400,0.000000,0.003300,0.00001089,-0.022000,0.4400,0.000000
1771570542.513744,1.674387,0.032701,-0.003300,0.000000,0.007679,0.4400,0.000000,0.003300,0.00001089,-0.022000,0.4400,0.000000
1771570542.521689,1.682332,0.007946,-0.003300,0.000000,0.007679,0.4400,0.000000,0.003300,0.00001089,-0.022000,0.4400,0.000000
1771570542.552680,1.713323,0.030991,-0.003300,0.000000,0.007679,0.4400,0.000000,0.003300,0.00001089,-0.022000,0.4400,0.000000
1771570542.561642,1.722285,0.008961,-0.003300,0.000000,0.007679,0.4400,0.000000,0.003300,0.00001089,-0.022000,0.4400,0.000000
1771570542.592638,1.753281,0.030997,-0.003300,0.000000,0.007679,0.4400,0.000000,0.003300,0.00001089,-0.022000,0.4400,0.000000
1771570542.601009,1.761652,0.008371,-0.003300,0.000000,0.007679,0.4400,0.000000,0.003300,0.00001089,-0.022000,0.4400,0.000000
1771570542.633255,1.793898,0.032245,-0.003300,0.000000,0.007679,0.4400,0.000000,0.003300,0.00001089,-0.022000,0.4400,0.000000
1771570542.641512,1.802155,0.008257,-0.003300,0.000000,0.007679,0.4400,0.000000,0.003300,0.00001089,-0.022000,0.4400,0.000000
1771570542.672199,1.832842,0.030688,-0.003300,0.000000,0.007679,0.4400,0.000000,0.003300,0.00001089,-0.022000,0.4400,0.000000
1771570542.680397,1.841039,0.008197,-0.003300,0.000000,0.007679,0.4400,0.000000,0.003300,0.00001089,-0.022000,0.4400,0.000000
1771570542.712434,1.873077,0.032038,-0.003300,0.000000,0.007679,0.4400,0.000000,0.003300,0.00001089,-0.022000,0.4400,0.000000
1771570542.721762,1.882405,0.009327,-0.003300,0.000000,0.007679,0.4400,0.000000,0.003300,0.00001089,-0.022000,0.4400,0.000000
1771570542.753151,1.913794,0.031390,-0.003300,0.000000,0.007679,0.4400,0.000000,0.003300,0.00001089,-0.022000,0.4400,0.000000
1771570542.760942,1.921585,0.007791,-0.003300,0.000000,0.007679,0.4400,0.000000,0.003300,0.00001089,-0.022000,0.4400,0.000000
1771570542.792289,1.952932,0.031347,-0.003300,0.000000,0.007679,0.4400,0.000000,0.003300,0.00001089,-0.022000,0.4400,0.000000
1771570542.801438,1.962080,0.009149,-0.003300,0.000000,0.007679,0.4400,0.000000,0.003300,0.00001089,-0.022000,0.4400,0.000000
1771570542.832132,1.992775,0.030695,-0.003300,0.000000,0.007679,0.4400,0.000000,0.003300,0.00001089,-0.022000,0.4400,0.000000
1771570542.840796,2.001439,0.008664,-0.003300,0.000000,0.007679,0.4400,0.000000,0.003300,0.00001089,-0.022000,0.4400,0.000000
1771570542.872541,2.033184,0.031745,-0.003300,0.000000,0.007679,0.4400,0.000000,0.003300,0.00001089,-0.022000,0.4400,0.000000
1771570542.880909,2.041552,0.008368,-0.003300,0.000000,0.007679,0.4400,0.000000,0.003300,0.00001089,-0.022000,0.4400,0.000000
1771570542.912413,2.073056,0.031504,-0.003300,0.000000,0.007679,0.4400,0.000000,0.003300,0.00001089,-0.022000,0.4400,0.000000
1771570542.922112,2.082755,0.009699,-0.003300,0.000000,0.007679,0.4400,0.000000,0.003300,0.00001089,-0.022000,0.4400,0.000000
1771570542.952488,2.113131,0.030376,-0.003300,0.000000,0.007679,0.4400,0.000000,0.003300,0.00001089,-0.022000,0.4400,0.000000
1771570542.960589,2.121232,0.008101,-0.003300,0.000000,0.007679,0.4400,0.000000,0.003300,0.00001089,-0.022000,0.4400,0.000000
1771570542.992667,2.153310,0.032079,-0.003300,0.000000,0.007679,0.4400,0.000000,0.003300,0.00001089,-0.022000,0.4400,0.000000
1771570543.001135,2.161778,0.008468,-0.003300,0.000000,0.007679,0.4400,0.000000,0.003300,0.00001089,-0.022000,0.4400,0.000000
1771570543.031938,2.192581,0.030803,-0.003300,0.000000,0.007679,0.4400,0.000000,0.003300,0.00001089,-0.022000,0.4400,0.000000
1771570543.040667,2.201310,0.008729,-0.003300,0.000000,0.007679,0.4400,0.000000,0.003300,0.00001089,-0.022000,0.4400,0.000000
1771570543.073446,2.234089,0.032779,-0.003300,0.000000,0.007679,0.4400,0.000000,0.003300,0.00001089,-0.022000,0.4400,0.000000
1771570543.081517,2.242160,0.008071,-0.003150,0.018585,0.007679,0.4400,0.000000,0.003150,0.00000992,-0.021000,0.4400,0.000000
1771570543.112986,2.273628,0.031468,-0.003150,0.000000,0.007679,0.4400,0.000000,0.003150,0.00000992,-0.021000,0.4400,0.000000
1771570543.121160,2.281803,0.008174,-0.003300,-0.018350,0.007679,0.4400,0.000000,0.003300,0.00001089,-0.022000,0.4400,0.000000
1771570543.152042,2.312685,0.030882,-0.003300,0.000000,0.007679,0.4400,0.000000,0.003300,0.00001089,-0.022000,0.4400,0.000000
1771570543.160482,2.321125,0.008440,-0.003450,-0.017773,0.007679,0.4400,0.000000,0.003450,0.00001190,-0.023000,0.4400,0.000000
1771570543.192842,2.353485,0.032360,-0.003300,0.004635,0.007679,0.4400,0.000000,0.003300,0.00001089,-0.022000,0.4400,0.000000
1771570543.201138,2.361781,0.008296,-0.003300,0.000000,0.007679,0.4400,0.000000,0.003300,0.00001089,-0.022000,0.4400,0.000000
1771570543.232654,2.393297,0.031516,-0.003300,0.000000,0.007679,0.4400,0.000000,0.003300,0.00001089,-0.022000,0.4400,0.000000
1771570543.241007,2.401650,0.008353,-0.003450,-0.017958,0.007679,0.4400,0.000000,0.003450,0.00001190,-0.023000,0.4400,0.000000
1771570543.271655,2.432298,0.030648,-0.003300,0.004894,0.007679,0.4400,0.000000,0.003300,0.00001089,-0.022000,0.4400,0.000000
1771570543.281477,2.442120,0.009822,-0.003300,0.000000,0.007679,0.4400,0.000000,0.003300,0.00001089,-0.022000,0.4400,0.000000
1771570543.311781,2.472424,0.030304,-0.003300,0.000000,0.007679,0.4400,0.000000,0.003300,0.00001089,-0.022000,0.4400,0.000000
1771570543.321382,2.482024,0.009600,-0.003300,0.000000,0.007679,0.4400,0.000000,0.003300,0.00001089,-0.022000,0.4400,0.000000
1771570543.352704,2.513347,0.031322,-0.003300,0.000000,0.007679,0.4400,0.000000,0.003300,0.00001089,-0.022000,0.4400,0.000000
1771570543.362104,2.522747,0.009401,-0.003300,0.000000,0.007679,0.4400,0.000000,0.003300,0.00001089,-0.022000,0.4400,0.000000
1771570543.392844,2.553487,0.030740,-0.003300,0.000000,0.007679,0.4400,0.000000,0.003300,0.00001089,-0.022000,0.4400,0.000000
1771570543.402442,2.563085,0.009598,-0.003300,0.000000,0.007679,0.4400,0.000000,0.003300,0.00001089,-0.022000,0.4400,0.000000
1771570543.431428,2.592071,0.028986,-0.003300,0.000000,0.007679,0.4400,0.000000,0.003300,0.00001089,-0.022000,0.4400,0.000000
1771570543.440924,2.601567,0.009495,-0.003450,-0.015797,0.007679,0.4400,0.000000,0.003450,0.00001190,-0.023000,0.4400,0.000000
1771570543.472645,2.633288,0.031721,-0.003450,0.000000,0.007679,0.4400,0.000000,0.003450,0.00001190,-0.023000,0.4400,0.000000
1771570543.480557,2.641200,0.007912,-0.003300,0.018959,0.007679,0.4400,0.000000,0.003300,0.00001089,-0.022000,0.4400,0.000000
1771570543.513050,2.673693,0.032493,-0.003150,0.004616,0.007679,0.4400,0.000000,0.003150,0.00000992,-0.021000,0.4400,0.000000
1771570543.520991,2.681633,0.007941,-0.003300,-0.018890,0.007679,0.4400,0.000000,0.003300,0.00001089,-0.022000,0.4400,0.000000
1771570543.552476,2.713119,0.031486,-0.003300,0.000000,0.007679,0.4400,0.000000,0.003300,0.00001089,-0.022000,0.4400,0.000000
1771570543.560637,2.721280,0.008161,-0.003300,0.000000,0.007679,0.4400,0.000000,0.003300,0.00001089,-0.022000,0.4400,0.000000
1771570543.592686,2.753329,0.032048,-0.003300,0.000000,0.007679,0.4400,0.000000,0.003300,0.00001089,-0.022000,0.4400,0.000000
1771570543.601021,2.761664,0.008335,-0.003300,0.000000,0.007679,0.4400,0.000000,0.003300,0.00001089,-0.022000,0.4400,0.000000
1771570543.632978,2.793621,0.031957,-0.003150,0.004694,0.007679,0.4400,0.000000,0.003150,0.00000992,-0.021000,0.4400,0.000000
1771570543.641106,2.801749,0.008128,-0.003300,-0.018455,0.007679,0.4400,0.000000,0.003300,0.00001089,-0.022000,0.4400,0.000000
1771570543.672749,2.833391,0.031643,-0.003300,0.000000,0.007679,0.4400,0.000000,0.003300,0.00001089,-0.022000,0.4400,0.000000
1771570543.680561,2.841203,0.007812,-0.003300,0.000000,0.007679,0.4400,0.000000,0.003300,0.00001089,-0.022000,0.4400,0.000000
1771570543.712324,2.872967,0.031764,-0.003300,0.000000,0.007679,0.4400,0.000000,0.003300,0.00001089,-0.022000,0.4400,0.000000
1771570543.721632,2.882275,0.009308,-0.003300,0.000000,0.007679,0.4400,0.000000,0.003300,0.00001089,-0.022000,0.4400,0.000000
1771570543.752928,2.913571,0.031296,-0.003300,0.000000,0.007679,0.4400,0.000000,0.003300,0.00001089,-0.022000,0.4400,0.000000
1771570543.761127,2.921770,0.008199,-0.003300,0.000000,0.007679,0.4400,0.000000,0.003300,0.00001089,-0.022000,0.4400,0.000000
1771570543.792342,2.952985,0.031215,-0.003300,0.000000,0.007679,0.4400,0.000000,0.003300,0.00001089,-0.022000,0.4400,0.000000
1771570543.800721,2.961364,0.008378,-0.003300,0.000000,0.007679,0.4400,0.000000,0.003300,0.00001089,-0.022000,0.4400,0.000000
1771570543.832997,2.993639,0.032276,-0.003150,0.004647,0.007679,0.4400,0.000000,0.003150,0.00000992,-0.021000,0.4400,0.000000
1771570543.841057,3.001700,0.008060,-0.003300,-0.018609,0.007679,0.4400,0.000000,0.003300,0.00001089,-0.022000,0.4400,0.000000
1771570543.872159,3.032801,0.031101,-0.003300,0.000000,0.007679,0.4400,0.000000,0.003300,0.00001089,-0.022000,0.4400,0.000000
1771570543.880480,3.041123,0.008322,-0.003300,0.000000,0.007679,0.4400,0.000000,0.003300,0.00001089,-0.022000,0.4400,0.000000
1771570543.912683,3.073325,0.032202,-0.003300,0.000000,0.007679,0.4400,0.000000,0.003300,0.00001089,-0.022000,0.4400,0.000000
1771570543.920758,3.081400,0.008075,-0.003300,0.000000,0.007679,0.4400,0.000000,0.003300,0.00001089,-0.022000,0.4400,0.000000
1771570543.952515,3.113158,0.031757,-0.003300,0.000000,0.007679,0.4400,0.000000,0.003300,0.00001089,-0.022000,0.4400,0.000000
1771570543.960939,3.121582,0.008424,-0.003300,0.000000,0.007679,0.4400,0.000000,0.003300,0.00001089,-0.022000,0.4400,0.000000
1771570543.991551,3.152194,0.030612,-0.003150,0.004900,0.007679,0.4400,0.000000,0.003150,0.00000992,-0.021000,0.4400,0.000000
1771570544.001612,3.162255,0.010062,-0.003300,-0.014908,0.007679,0.4400,0.000000,0.003300,0.00001089,-0.022000,0.4400,0.000000
1771570544.033039,3.193682,0.031427,-0.003300,0.000000,0.007679,0.4400,0.000000,0.003300,0.00001089,-0.022000,0.4400,0.000000
1771570544.041404,3.202047,0.008365,-0.003300,0.000000,0.007679,0.4400,0.000000,0.003300,0.00001089,-0.022000,0.4400,0.000000
1771570544.073195,3.233837,0.031790,-0.003300,0.000000,0.007679,0.4400,0.000000,0.003300,0.00001089,-0.022000,0.4400,0.000000
1771570544.081115,3.241758,0.007921,-0.003300,0.000000,0.007679,0.4400,0.000000,0.003300,0.00001089,-0.022000,0.4400,0.000000
1771570544.112998,3.273641,0.031883,-0.003150,0.004705,0.007679,0.4400,0.000000,0.003150,0.00000992,-0.021000,0.4400,0.000000
1771570544.121677,3.282320,0.008679,-0.003300,-0.017283,0.007679,0.4400,0.000000,0.003300,0.00001089,-0.022000,0.4400,0.000000
1771570544.152882,3.313525,0.031205,-0.003300,0.000000,0.007679,0.4400,0.000000,0.003300,0.00001089,-0.022000,0.4400,0.000000
1771570544.161025,3.321668,0.008143,-0.003300,0.000000,0.007679,0.4400,0.000000,0.003300,0.00001089,-0.022000,0.4400,0.000000
1771570544.192872,3.353515,0.031847,-0.003300,0.000000,0.007679,0.4400,0.000000,0.003300,0.00001089,-0.022000,0.4400,0.000000
1771570544.201743,3.362386,0.008871,-0.003300,0.000000,0.007679,0.4400,0.000000,0.003300,0.00001089,-0.022000,0.4400,0.000000
1771570544.232429,3.393072,0.030686,-0.003300,0.000000,0.007679,0.4400,0.000000,0.003300,0.00001089,-0.022000,0.4400,0.000000
1771570544.240801,3.401444,0.008373,-0.003300,0.000000,0.007679,0.4400,0.000000,0.003300,0.00001089,-0.022000,0.4400,0.000000
1771570544.273286,3.433929,0.032485,-0.003300,0.000000,0.007679,0.4400,0.000000,0.003300,0.00001089,-0.022000,0.4400,0.000000
1771570544.281357,3.441999,0.008070,-0.003300,0.000000,0.007679,0.4400,0.000000,0.003300,0.00001089,-0.022000,0.4400,0.000000
1771570544.311664,3.472306,0.030307,-0.003300,0.000000,0.007679,0.4400,0.000000,0.003300,0.00001089,-0.022000,0.4400,0.000000
1771570544.322211,3.482854,0.010547,-0.003300,0.000000,0.007679,0.4400,0.000000,0.003300,0.00001089,-0.022000,0.4400,0.000000
1771570544.352350,3.512993,0.030139,-0.003300,0.000000,0.007679,0.4400,0.000000,0.003300,0.00001089,-0.022000,0.4400,0.000000
1771570544.360736,3.521379,0.008386,-0.003300,0.000000,0.007679,0.4400,0.000000,0.003300,0.00001089,-0.022000,0.4400,0.000000
1771570544.392277,3.552920,0.031541,-0.003300,0.000000,0.007679,0.4400,0.000000,0.003300,0.00001089,-0.022000,0.4400,0.000000
1771570544.401206,3.561849,0.008929,-0.003300,0.000000,0.007679,0.4400,0.000000,0.003300,0.00001089,-0.022000,0.4400,0.000000
1771570544.433604,3.594247,0.032398,-0.003300,0.000000,0.007679,0.4400,0.000000,0.003300,0.00001089,-0.022000,0.4400,0.000000
1771570544.440776,3.601419,0.007172,-0.003150,0.020914,0.007679,0.4400,0.000000,0.003150,0.00000992,-0.021000,0.4400,0.000000
1771570544.472938,3.633580,0.032161,-0.003300,-0.004664,0.007679,0.4400,0.000000,0.003300,0.00001089,-0.022000,0.4400,0.000000
1771570544.482320,3.642963,0.009382,-0.003300,0.000000,0.007679,0.4400,0.000000,0.003300,0.00001089,-0.022000,0.4400,0.000000
1771570544.511832,3.672475,0.029512,-0.003450,-0.005083,0.007679,0.4400,0.000000,0.003450,0.00001190,-0.023000,0.4400,0.000000
1771570544.521608,3.682250,0.009775,-0.003300,0.015345,0.007679,0.4400,0.000000,0.003300,0.00001089,-0.022000,0.4400,0.000000
1771570544.552923,3.713566,0.031315,-0.003300,0.000000,0.007679,0.4400,0.000000,0.003300,0.00001089,-0.022000,0.4400,0.000000
1771570544.561245,3.721888,0.008322,-0.003300,0.000000,0.007679,0.4400,0.000000,0.003300,0.00001089,-0.022000,0.4400,0.000000
1771570544.591579,3.752222,0.030334,-0.003300,0.000000,0.007679,0.4400,0.000000,0.003300,0.00001089,-0.022000,0.4400,0.000000
1771570544.602094,3.762737,0.010515,-0.003300,0.000000,0.007679,0.4400,0.000000,0.003300,0.00001089,-0.022000,0.4400,0.000000
1771570544.633429,3.794072,0.031335,-0.003300,0.000000,0.007679,0.4400,0.000000,0.003300,0.00001089,-0.022000,0.4400,0.000000
1771570544.641339,3.801982,0.007910,-0.003300,0.000000,0.007679,0.4400,0.000000,0.003300,0.00001089,-0.022000,0.4400,0.000000
1771570544.672239,3.832881,0.030900,-0.003300,0.000000,0.007679,0.4400,0.000000,0.003300,0.00001089,-0.022000,0.4400,0.000000
1771570544.680266,3.840909,0.008027,-0.003450,-0.018687,0.007679,0.4400,0.000000,0.003450,0.00001190,-0.023000,0.4400,0.000000
1771570544.712214,3.872856,0.031948,-0.003450,0.000000,0.007679,0.4400,0.000000,0.003450,0.00001190,-0.023000,0.4400,0.000000
1771570544.721743,3.882386,0.009530,-0.003300,0.015740,0.007679,0.4400,0.000000,0.003300,0.00001089,-0.022000,0.4400,0.000000
1771570544.752798,3.913441,0.031055,-0.003300,0.000000,0.007679,0.4400,0.000000,0.003300,0.00001089,-0.022000,0.4400,0.000000
1771570544.761010,3.921653,0.008212,-0.003300,0.000000,0.007679,0.4400,0.000000,0.003300,0.00001089,-0.022000,0.4400,0.000000
1771570544.793520,3.954163,0.032510,-0.003300,0.000000,0.007679,0.4400,0.000000,0.003300,0.00001089,-0.022000,0.4400,0.000000
1771570544.800607,3.961250,0.007087,-0.003300,0.000000,0.007679,0.4400,0.000000,0.003300,0.00001089,-0.022000,0.4400,0.000000
1771570544.832944,3.993587,0.032337,-0.003300,0.000000,0.007679,0.4400,0.000000,0.003300,0.00001089,-0.022000,0.4400,0.000000
1771570544.841797,4.002440,0.008853,-0.003300,0.000000,0.007679,0.4400,0.000000,0.003300,0.00001089,-0.022000,0.4400,0.000000
1771570544.872385,4.033027,0.030587,-0.003300,0.000000,0.007679,0.4400,0.000000,0.003300,0.00001089,-0.022000,0.4400,0.000000
1771570544.880588,4.041231,0.008204,-0.003450,-0.018285,0.007679,0.4400,0.000000,0.003450,0.00001190,-0.023000,0.4400,0.000000
1771570544.911693,4.072336,0.031105,-0.003450,0.000000,0.007679,0.4400,0.000000,0.003450,0.00001190,-0.023000,0.4400,0.000000
1771570544.921002,4.081645,0.009309,-0.003300,0.016114,0.007679,0.4400,0.000000,0.003300,0.00001089,-0.022000,0.4400,0.000000
1771570544.953439,4.114082,0.032437,-0.003300,0.000000,0.007679,0.4400,0.000000,0.003300,0.00001089,-0.022000,0.4400,0.000000
1771570544.961407,4.122050,0.007968,-0.003300,0.000000,0.007679,0.4400,0.000000,0.003300,0.00001089,-0.022000,0.4400,0.000000
1771570544.992090,4.152733,0.030684,-0.003300,0.000000,0.007679,0.4400,0.000000,0.003300,0.00001089,-0.022000,0.4400,0.000000
1771570545.002277,4.162920,0.010186,-0.003300,0.000000,0.007679,0.4400,0.000000,0.003300,0.00001089,-0.022000,0.4400,0.000000
1771570545.032853,4.193496,0.030576,-0.003300,0.000000,0.007679,0.4400,0.000000,0.003300,0.00001089,-0.022000,0.4400,0.000000
1771570545.041236,4.201879,0.008383,-0.003300,0.000000,0.007679,0.4400,0.000000,0.003300,0.00001089,-0.022000,0.4400,0.000000
1771570545.072629,4.233272,0.031393,-0.003300,0.000000,0.007679,0.4400,0.000000,0.003300,0.00001089,-0.022000,0.4400,0.000000
1771570545.080439,4.241082,0.007811,-0.003300,0.000000,0.007679,0.4400,0.000000,0.003300,0.00001089,-0.022000,0.4400,0.000000
1771570545.111950,4.272593,0.031511,-0.003300,0.000000,0.007679,0.4400,0.000000,0.003300,0.00001089,-0.022000,0.4400,0.000000
1771570545.120389,4.281032,0.008439,-0.003300,0.000000,0.007679,0.4400,0.000000,0.003300,0.00001089,-0.022000,0.4400,0.000000
1771570545.153040,4.313683,0.032652,-0.003300,0.000000,0.007679,0.4400,0.000000,0.003300,0.00001089,-0.022000,0.4400,0.000000
1771570545.161038,4.321681,0.007998,-0.003450,-0.018755,0.007679,0.4400,0.000000,0.003450,0.00001190,-0.023000,0.4400,0.000000
1771570545.192342,4.352984,0.031303,-0.003300,0.004792,0.007679,0.4400,0.000000,0.003300,0.00001089,-0.022000,0.4400,0.000000
1771570545.200392,4.361035,0.008050,-0.003300,0.000000,0.007679,0.4400,0.000000,0.003300,0.00001089,-0.022000,0.4400,0.000000
1771570545.232557,4.393200,0.032165,-0.003300,0.000000,0.007679,0.4400,0.000000,0.003300,0.00001089,-0.022000,0.4400,0.000000
1771570545.242044,4.402687,0.009487,-0.003450,-0.015811,0.007679,0.4400,0.000000,0.003450,0.00001190,-0.023000,0.4400,0.000000
1771570545.272491,4.433133,0.030447,-0.003450,0.000000,0.007679,0.4400,0.000000,0.003450,0.00001190,-0.023000,0.4400,0.000000
1771570545.280571,4.441214,0.008081,-0.003450,0.000000,0.007679,0.4400,0.000000,0.003450,0.00001190,-0.023000,0.4400,0.000000
1771570545.313514,4.474157,0.032943,-0.003450,0.000000,0.007679,0.4400,0.000000,0.003450,0.00001190,-0.023000,0.4400,0.000000
1771570545.320107,4.480750,0.006593,-0.003450,0.000000,0.007679,0.4400,0.000000,0.003450,0.00001190,-0.023000,0.4400,0.000000
1771570545.352509,4.513152,0.032402,-0.003450,0.000000,0.007679,0.4400,0.000000,0.003450,0.00001190,-0.023000,0.4400,0.000000
1771570545.360818,4.521461,0.008308,-0.003450,0.000000,0.007679,0.4400,0.000000,0.003450,0.00001190,-0.023000,0.4400,0.000000
1771570545.391943,4.552586,0.031125,-0.003450,0.000000,0.007679,0.4400,0.000000,0.003450,0.00001190,-0.023000,0.4400,0.000000
1771570545.400997,4.561640,0.009054,-0.003450,0.000000,0.007679,0.4400,0.000000,0.003450,0.00001190,-0.023000,0.4400,0.000000
1771570545.433477,4.594120,0.032480,-0.003450,0.000000,0.007679,0.4400,0.000000,0.003450,0.00001190,-0.023000,0.4400,0.000000
1771570545.441602,4.602245,0.008126,-0.003450,0.000000,0.007679,0.4400,0.000000,0.003450,0.00001190,-0.023000,0.4400,0.000000
1771570545.472998,4.633641,0.031396,-0.003600,-0.004778,0.007679,0.4400,0.000000,0.003600,0.00001296,-0.024000,0.4400,0.000000
1771570545.481057,4.641700,0.008059,-0.003600,0.000000,0.007679,0.4400,0.000000,0.003600,0.00001296,-0.024000,0.4400,0.000000
1771570545.511786,4.672429,0.030729,-0.003600,0.000000,0.007679,0.4400,0.000000,0.003600,0.00001296,-0.024000,0.4400,0.000000
1771570545.520394,4.681036,0.008607,-0.003600,0.000000,0.007679,0.4400,0.000000,0.003600,0.00001296,-0.024000,0.4400,0.000000
1771570545.553480,4.714123,0.033087,-0.003600,0.000000,0.007679,0.4400,0.000000,0.003600,0.00001296,-0.024000,0.4400,0.000000
1771570545.561423,4.722066,0.007943,-0.003600,0.000000,0.007679,0.4400,0.000000,0.003600,0.00001296,-0.024000,0.4400,0.000000
1771570545.591829,4.752471,0.030405,-0.003600,0.000000,0.007679,0.4400,0.000000,0.003600,0.00001296,-0.024000,0.4400,0.000000
1771570545.602072,4.762715,0.010243,-0.003600,0.000000,0.007679,0.4400,0.000000,0.003600,0.00001296,-0.024000,0.4400,0.000000
1771570545.632577,4.793220,0.030505,-0.003600,0.000000,0.007679,0.4400,0.000000,0.003600,0.00001296,-0.024000,0.4400,0.000000
1771570545.641806,4.802449,0.009229,-0.003600,0.000000,0.007679,0.4400,0.000000,0.003600,0.00001296,-0.024000,0.4400,0.000000
1771570545.672505,4.833148,0.030699,-0.003600,0.000000,0.007679,0.4400,0.000000,0.003600,0.00001296,-0.024000,0.4400,0.000000
1771570545.680610,4.841253,0.008105,-0.003600,0.000000,0.007679,0.4400,0.000000,0.003600,0.00001296,-0.024000,0.4400,0.000000
1771570545.712192,4.872835,0.031582,-0.003600,0.000000,0.007679,0.4400,0.000000,0.003600,0.00001296,-0.024000,0.4400,0.000000
1771570545.720507,4.881150,0.008315,-0.003600,0.000000,0.007679,0.4400,0.000000,0.003600,0.00001296,-0.024000,0.4400,0.000000
1771570545.752990,4.913632,0.032483,-0.003600,0.000000,0.007679,0.4400,0.000000,0.003600,0.00001296,-0.024000,0.4400,0.000000
1771570545.761455,4.922098,0.008465,-0.003600,0.000000,0.007679,0.4400,0.000000,0.003600,0.00001296,-0.024000,0.4400,0.000000
1771570545.792768,4.953411,0.031313,-0.003600,0.000000,0.007679,0.4400,0.000000,0.003600,0.00001296,-0.024000,0.4400,0.000000
1771570545.800966,4.961609,0.008198,-0.003600,0.000000,0.007679,0.4400,0.000000,0.003600,0.00001296,-0.024000,0.4400,0.000000
1771570545.832424,4.993067,0.031458,-0.003600,0.000000,0.007679,0.4400,0.000000,0.003600,0.00001296,-0.024000,0.4400,0.000000
1771570545.841018,5.001661,0.008594,-0.003600,0.000000,0.007679,0.4400,0.000000,0.003600,0.00001296,-0.024000,0.4400,0.000000
1771570545.872298,5.032940,0.031280,-0.003600,0.000000,0.007679,0.4400,0.000000,0.003600,0.00001296,-0.024000,0.4400,0.000000
1771570545.882423,5.043066,0.010126,-0.003600,0.000000,0.007679,0.4400,0.000000,0.003600,0.00001296,-0.024000,0.4400,0.000000
1771570545.911385,5.072028,0.028962,-0.003600,0.000000,0.007679,0.4400,0.000000,0.003600,0.00001296,-0.024000,0.4400,0.000000
1771570545.921663,5.082305,0.010278,-0.003600,0.000000,0.007679,0.4400,0.000000,0.003600,0.00001296,-0.024000,0.4400,0.000000
1771570545.952655,5.113298,0.030993,-0.003600,0.000000,0.007679,0.4400,0.000000,0.003600,0.00001296,-0.024000,0.4400,0.000000
1771570545.960760,5.121403,0.008105,-0.003600,0.000000,0.007679,0.4400,0.000000,0.003600,0.00001296,-0.024000,0.4400,0.000000
1771570545.991797,5.152440,0.031038,-0.003600,0.000000,0.007679,0.4400,0.000000,0.003600,0.00001296,-0.024000,0.4400,0.000000
1771570546.001084,5.161727,0.009287,-0.003600,0.000000,0.007679,0.4400,0.000000,0.003600,0.00001296,-0.024000,0.4400,0.000000
1771570546.031541,5.192184,0.030457,-0.003600,0.000000,0.007679,0.4400,0.000000,0.003600,0.00001296,-0.024000,0.4400,0.000000
1771570546.041535,5.202178,0.009993,-0.003600,0.000000,0.007679,0.4400,0.000000,0.003600,0.00001296,-0.024000,0.4400,0.000000
1771570546.072773,5.233415,0.031238,-0.003600,0.000000,0.007679,0.4400,0.000000,0.003600,0.00001296,-0.024000,0.4400,0.000000
1771570546.081942,5.242585,0.009170,-0.003600,0.000000,0.007679,0.4400,0.000000,0.003600,0.00001296,-0.024000,0.4400,0.000000
1771570546.111426,5.272069,0.029484,-0.003600,0.000000,0.007679,0.4400,0.000000,0.003600,0.00001296,-0.024000,0.4400,0.000000
1771570546.120294,5.280937,0.008868,-0.003600,0.000000,0.007679,0.4400,0.000000,0.003600,0.00001296,-0.024000,0.4400,0.000000
1771570546.152446,5.313089,0.032152,-0.003600,0.000000,0.007679,0.4400,0.000000,0.003600,0.00001296,-0.024000,0.4400,0.000000
1771570546.161264,5.321907,0.008817,-0.003600,0.000000,0.007679,0.4400,0.000000,0.003600,0.00001296,-0.024000,0.4400,0.000000
1771570546.191561,5.352204,0.030298,-0.003600,0.000000,0.007679,0.4400,0.000000,0.003600,0.00001296,-0.024000,0.4400,0.000000
1771570546.201481,5.362124,0.009920,-0.003600,0.000000,0.007679,0.4400,0.000000,0.003600,0.00001296,-0.024000,0.4400,0.000000
1771570546.231950,5.392593,0.030469,-0.003750,-0.004923,0.007679,0.4400,0.000000,0.003750,0.00001406,-0.025000,0.4400,0.000000
1771570546.241222,5.401865,0.009273,-0.003750,0.000000,0.007679,0.4400,0.000000,0.003750,0.00001406,-0.025000,0.4400,0.000000
1771570546.272447,5.433090,0.031224,-0.003750,0.000000,0.007679,0.4400,0.000000,0.003750,0.00001406,-0.025000,0.4400,0.000000
1771570546.280567,5.441210,0.008120,-0.003600,0.018473,0.007679,0.4400,0.000000,0.003600,0.00001296,-0.024000,0.4400,0.000000
1771570546.312220,5.472863,0.031653,-0.003750,-0.004739,0.007679,0.4400,0.000000,0.003750,0.00001406,-0.025000,0.4400,0.000000
1771570546.320622,5.481265,0.008402,-0.003750,0.000000,0.007679,0.4400,0.000000,0.003750,0.00001406,-0.025000,0.4400,0.000000
1771570546.351993,5.512636,0.031371,-0.003750,0.000000,0.007679,0.4400,0.000000,0.003750,0.00001406,-0.025000,0.4400,0.000000
1771570546.361779,5.522422,0.009786,-0.003750,0.000000,0.007679,0.4400,0.000000,0.003750,0.00001406,-0.025000,0.4400,0.000000
1771570546.392166,5.552809,0.030386,-0.003750,0.000000,0.007679,0.4400,0.000000,0.003750,0.00001406,-0.025000,0.4400,0.000000
1771570546.401026,5.561669,0.008861,-0.003750,0.000000,0.007679,0.4400,0.000000,0.003750,0.00001406,-0.025000,0.4400,0.000000
1771570546.431512,5.592155,0.030486,-0.003600,0.004920,0.007679,0.4400,0.000000,0.003600,0.00001296,-0.024000,0.4400,0.000000
1771570546.441545,5.602188,0.010033,-0.003600,0.000000,0.007679,0.4400,0.000000,0.003600,0.00001296,-0.024000,0.4400,0.000000
1771570546.471371,5.632014,0.029827,-0.003600,0.000000,0.007679,0.4400,0.000000,0.003600,0.00001296,-0.024000,0.4400,0.000000
1771570546.481257,5.641900,0.009886,-0.003750,-0.015173,0.007679,0.4400,0.000000,0.003750,0.00001406,-0.025000,0.4400,0.000000
1771570546.511732,5.672375,0.030475,-0.003600,0.004922,0.007679,0.4400,0.000000,0.003600,0.00001296,-0.024000,0.4400,0.000000
1771570546.520625,5.681267,0.008892,-0.003600,0.000000,0.007679,0.4400,0.000000,0.003600,0.00001296,-0.024000,0.4400,0.000000
1771570546.552488,5.713131,0.031863,-0.003600,0.000000,0.007679,0.4400,0.000000,0.003600,0.00001296,-0.024000,0.4400,0.000000
1771570546.561389,5.722032,0.008901,-0.003600,0.000000,0.007679,0.4400,0.000000,0.003600,0.00001296,-0.024000,0.4400,0.000000
1771570546.591914,5.752557,0.030525,-0.003750,-0.004914,0.007679,0.4400,0.000000,0.003750,0.00001406,-0.025000,0.4400,0.000000
1771570546.600793,5.761436,0.008879,-0.003750,0.000000,0.007679,0.4400,0.000000,0.003750,0.00001406,-0.025000,0.4400,0.000000
1771570546.632798,5.793441,0.032006,-0.003750,0.000000,0.007679,0.4400,0.000000,0.003750,0.00001406,-0.025000,0.4400,0.000000
1771570546.641346,5.801988,0.008547,-0.003750,0.000000,0.007679,0.4400,0.000000,0.003750,0.00001406,-0.025000,0.4400,0.000000
1771570546.672772,5.833415,0.031427,-0.003750,0.000000,0.007679,0.4400,0.000000,0.003750,0.00001406,-0.025000,0.4400,0.000000
1771570546.681204,5.841847,0.008432,-0.003750,0.000000,0.007679,0.4400,0.000000,0.003750,0.00001406,-0.025000,0.4400,0.000000
1771570546.713355,5.873997,0.032150,-0.003750,0.000000,0.007679,0.4400,0.000000,0.003750,0.00001406,-0.025000,0.4400,0.000000
1771570546.721478,5.882121,0.008124,-0.003750,0.000000,0.007679,0.4400,0.000000,0.003750,0.00001406,-0.025000,0.4400,0.000000
1771570546.752542,5.913185,0.031063,-0.003600,0.004829,0.007679,0.4400,0.000000,0.003600,0.00001296,-0.024000,0.4400,0.000000
1771570546.760662,5.921304,0.008120,-0.003750,-0.018473,0.007679,0.4400,0.000000,0.003750,0.00001406,-0.025000,0.4400,0.000000
1771570546.791530,5.952173,0.030868,-0.003600,0.004859,0.007679,0.4400,0.000000,0.003600,0.00001296,-0.024000,0.4400,0.000000
1771570546.801480,5.962123,0.009950,-0.003600,0.000000,0.007679,0.4400,0.000000,0.003600,0.00001296,-0.024000,0.4400,0.000000
1771570546.832671,5.993314,0.031191,-0.003600,0.000000,0.007679,0.4400,0.000000,0.003600,0.00001296,-0.024000,0.4400,0.000000
1771570546.840974,6.001617,0.008302,-0.003750,-0.018067,0.007679,0.4400,0.000000,0.003750,0.00001406,-0.025000,0.4400,0.000000
1771570546.871387,6.032030,0.030413,-0.003600,0.004932,0.007679,0.4400,0.000000,0.003600,0.00001296,-0.024000,0.4400,0.000000
1771570546.881118,6.041761,0.009732,-0.003750,-0.015414,0.007679,0.4400,0.000000,0.003750,0.00001406,-0.025000,0.4400,0.000000
1771570546.912283,6.072926,0.031164,-0.003750,0.000000,0.007679,0.4400,0.000000,0.003750,0.00001406,-0.025000,0.4400,0.000000
1771570546.920202,6.080845,0.007919,-0.003600,0.018942,0.007679,0.4400,0.000000,0.003600,0.00001296,-0.024000,0.4400,0.000000
1771570546.952279,6.112922,0.032078,-0.003750,-0.004676,0.007679,0.4400,0.000000,0.003750,0.00001406,-0.025000,0.4400,0.000000
1771570546.960697,6.121340,0.008418,-0.003600,0.017819,0.007679,0.4400,0.000000,0.003600,0.00001296,-0.024000,0.4400,0.000000
1771570546.992657,6.153300,0.031960,-0.003750,-0.004693,0.007679,0.4400,0.000000,0.003750,0.00001406,-0.025000,0.4400,0.000000
1771570547.000759,6.161402,0.008102,-0.003600,0.018514,0.007679,0.4400,0.000000,0.003600,0.00001296,-0.024000,0.4400,0.000000
1771570547.032659,6.193302,0.031900,-0.003600,0.000000,0.007679,0.4400,0.000000,0.003600,0.00001296,-0.024000,0.4400,0.000000
1771570547.041615,6.202258,0.008955,-0.003600,0.000000,0.007679,0.4400,0.000000,0.003600,0.00001296,-0.024000,0.4400,0.000000
1771570547.072116,6.232759,0.030501,-0.003600,0.000000,0.007679,0.4400,0.000000,0.003600,0.00001296,-0.024000,0.4400,0.000000
1771570547.080349,6.240992,0.008234,-0.003600,0.000000,0.007679,0.4400,0.000000,0.003600,0.00001296,-0.024000,0.4400,0.000000
1771570547.112861,6.273504,0.032511,-0.003600,0.000000,0.007679,0.4400,0.000000,0.003600,0.00001296,-0.024000,0.4400,0.000000
1771570547.121264,6.281907,0.008404,-0.003750,-0.017850,0.007679,0.4400,0.000000,0.003750,0.00001406,-0.025000,0.4400,0.000000
1771570547.152833,6.313476,0.031569,-0.003600,0.004752,0.007679,0.4400,0.000000,0.003600,0.00001296,-0.024000,0.4400,0.000000
1771570547.161034,6.321677,0.008202,-0.003750,-0.018289,0.007679,0.4400,0.000000,0.003750,0.00001406,-0.025000,0.4400,0.000000
1771570547.193085,6.353728,0.032051,-0.003750,0.000000,0.007679,0.4400,0.000000,0.003750,0.00001406,-0.025000,0.4400,0.000000
1771570547.201185,6.361828,0.008100,-0.003750,0.000000,0.007679,0.4400,0.000000,0.003750,0.00001406,-0.025000,0.4400,0.000000
1771570547.231397,6.392040,0.030212,-0.003600,0.004965,0.007679,0.4400,0.000000,0.003600,0.00001296,-0.024000,0.4400,0.000000
1771570547.241199,6.401841,0.009801,-0.003600,0.000000,0.007679,0.4400,0.000000,0.003600,0.00001296,-0.024000,0.4400,0.000000
1771570547.272606,6.433249,0.031408,-0.003600,0.000000,0.007679,0.4400,0.000000,0.003600,0.00001296,-0.024000,0.4400,0.000000
1771570547.280985,6.441628,0.008379,-0.003750,-0.017902,0.007679,0.4400,0.000000,0.003750,0.00001406,-0.025000,0.4400,0.000000
1771570547.311859,6.472502,0.030874,-0.003750,0.000000,0.007679,0.4400,0.000000,0.003750,0.00001406,-0.025000,0.4400,0.000000
1771570547.321709,6.482352,0.009850,-0.003750,0.000000,0.007679,0.4400,0.000000,0.003750,0.00001406,-0.025000,0.4400,0.000000
1771570547.352314,6.512957,0.030605,-0.003750,0.000000,0.007679,0.4400,0.000000,0.003750,0.00001406,-0.025000,0.4400,0.000000
1771570547.360569,6.521211,0.008255,-0.003750,0.000000,0.007679,0.4400,0.000000,0.003750,0.00001406,-0.025000,0.4400,0.000000
1771570547.391308,6.551951,0.030740,-0.003750,0.000000,0.007679,0.4400,0.000000,0.003750,0.00001406,-0.025000,0.4400,0.000000
1771570547.400942,6.561585,0.009634,-0.003600,0.015569,0.007679,0.4400,0.000000,0.003600,0.00001296,-0.024000,0.4400,0.000000
1771570547.431526,6.592169,0.030584,-0.003600,0.000000,0.007679,0.4400,0.000000,0.003600,0.00001296,-0.024000,0.4400,0.000000
1771570547.440650,6.601293,0.009124,-0.003750,-0.016441,0.007679,0.4400,0.000000,0.003750,0.00001406,-0.025000,0.4400,0.000000
1771570547.471230,6.631873,0.030581,-0.003750,0.000000,0.007679,0.4400,0.000000,0.003750,0.00001406,-0.025000,0.4400,0.000000
1771570547.481037,6.641680,0.009807,-0.003750,0.000000,0.007679,0.4400,0.000000,0.003750,0.00001406,-0.025000,0.4400,0.000000
1771570547.511659,6.672302,0.030621,-0.003750,0.000000,0.007679,0.4400,0.000000,0.003750,0.00001406,-0.025000,0.4400,0.000000
1771570547.520156,6.680799,0.008497,-0.003750,0.000000,0.007679,0.4400,0.000000,0.003750,0.00001406,-0.025000,0.4400,0.000000
1771570547.551693,6.712336,0.031537,-0.003750,0.000000,0.007679,0.4400,0.000000,0.003750,0.00001406,-0.025000,0.4400,0.000000
1771570547.560086,6.720728,0.008392,-0.003750,0.000000,0.007679,0.4400,0.000000,0.003750,0.00001406,-0.025000,0.4400,0.000000
1771570547.592146,6.752789,0.032060,-0.003600,0.004679,0.007679,0.4400,0.000000,0.003600,0.00001296,-0.024000,0.4400,0.000000
1771570547.600980,6.761623,0.008834,-0.003600,0.000000,0.007679,0.4400,0.000000,0.003600,0.00001296,-0.024000,0.4400,0.000000
1771570547.631668,6.792311,0.030688,-0.003750,-0.004888,0.007679,0.4400,0.000000,0.003750,0.00001406,-0.025000,0.4400,0.000000
1771570547.641389,6.802032,0.009720,-0.003750,0.000000,0.007679,0.4400,0.000000,0.003750,0.00001406,-0.025000,0.4400,0.000000
1771570547.672779,6.833421,0.031390,-0.003750,0.000000,0.007679,0.4400,0.000000,0.003750,0.00001406,-0.025000,0.4400,0.000000
1771570547.680182,6.840824,0.007403,-0.003750,0.000000,0.007679,0.4400,0.000000,0.003750,0.00001406,-0.025000,0.4400,0.000000
1771570547.711867,6.872510,0.031686,-0.003750,0.000000,0.007679,0.4400,0.000000,0.003750,0.00001406,-0.025000,0.4400,0.000000
1771570547.720202,6.880845,0.008335,-0.003750,0.000000,0.007679,0.4400,0.000000,0.003750,0.00001406,-0.025000,0.4400,0.000000
1771570547.752052,6.912695,0.031850,-0.003750,0.000000,0.007679,0.4400,0.000000,0.003750,0.00001406,-0.025000,0.4400,0.000000
1771570547.760533,6.921176,0.008481,-0.003750,0.000000,0.007679,0.4400,0.000000,0.003750,0.00001406,-0.025000,0.4400,0.000000
1771570547.792667,6.953310,0.032134,-0.003750,0.000000,0.007679,0.4400,0.000000,0.003750,0.00001406,-0.025000,0.4400,0.000000
1771570547.800731,6.961374,0.008064,-0.003750,0.000000,0.007679,0.4400,0.000000,0.003750,0.00001406,-0.025000,0.4400,0.000000
1771570547.834228,6.994871,0.033497,-0.003750,0.000000,0.007679,0.4400,0.000000,0.003750,0.00001406,-0.025000,0.4400,0.000000
1771570547.840416,7.001059,0.006188,-0.003600,0.024242,0.007679,0.4400,0.000000,0.003600,0.00001296,-0.024000,0.4400,0.000000
1771570547.871677,7.032320,0.031261,-0.003600,0.000000,0.007679,0.4400,0.000000,0.003600,0.00001296,-0.024000,0.4400,0.000000
1771570547.880077,7.040720,0.008400,-0.003750,-0.017857,0.007679,0.4400,0.000000,0.003750,0.00001406,-0.025000,0.4400,0.000000
1771570547.912926,7.073569,0.032849,-0.003600,0.004566,0.007679,0.4400,0.000000,0.003600,0.00001296,-0.024000,0.4400,0.000000
1771570547.920783,7.081425,0.007856,-0.003750,-0.019093,0.007679,0.4400,0.000000,0.003750,0.00001406,-0.025000,0.4400,0.000000
1771570547.952212,7.112854,0.031429,-0.003600,0.004773,0.007679,0.4400,0.000000,0.003600,0.00001296,-0.024000,0.4400,0.000000
1771570547.960583,7.121226,0.008372,-0.003600,0.000000,0.007679,0.4400,0.000000,0.003600,0.00001296,-0.024000,0.4400,0.000000
1771570547.991942,7.152585,0.031358,-0.003600,0.000000,0.007679,0.4400,0.000000,0.003600,0.00001296,-0.024000,0.4400,0.000000
1771570548.001349,7.161992,0.009408,-0.003600,0.000000,0.007679,0.4400,0.000000,0.003600,0.00001296,-0.024000,0.4400,0.000000
1771570548.031691,7.192334,0.030341,-0.003750,-0.004944,0.007679,0.4400,0.000000,0.003750,0.00001406,-0.025000,0.4400,0.000000
1771570548.040282,7.200924,0.008591,-0.003600,0.017461,0.007679,0.4400,0.000000,0.003600,0.00001296,-0.024000,0.4400,0.000000
1771570548.072247,7.232890,0.031966,-0.003600,0.000000,0.007679,0.4400,0.000000,0.003600,0.00001296,-0.024000,0.4400,0.000000
1771570548.080281,7.240924,0.008034,-0.003600,0.000000,0.007679,0.4400,0.000000,0.003600,0.00001296,-0.024000,0.4400,0.000000
1771570548.112111,7.272754,0.031830,-0.003600,0.000000,0.007679,0.4400,0.000000,0.003600,0.00001296,-0.024000,0.4400,0.000000
1771570548.120959,7.281602,0.008848,-0.003600,0.000000,0.007679,0.4400,0.000000,0.003600,0.00001296,-0.024000,0.4400,0.000000
1771570548.152059,7.312701,0.031100,-0.003600,0.000000,0.007679,0.4400,0.000000,0.003600,0.00001296,-0.024000,0.4400,0.000000
1771570548.160352,7.320994,0.008293,-0.003600,0.000000,0.007679,0.4400,0.000000,0.003600,0.00001296,-0.024000,0.4400,0.000000
1771570548.192642,7.353285,0.032291,-0.003600,0.000000,0.007679,0.4400,0.000000,0.003600,0.00001296,-0.024000,0.4400,0.000000
1771570548.201087,7.361729,0.008444,-0.003600,0.000000,0.007679,0.4400,0.000000,0.003600,0.00001296,-0.024000,0.4400,0.000000
1771570548.233669,7.394311,0.032582,-0.003600,0.000000,0.007679,0.4400,0.000000,0.003600,0.00001296,-0.024000,0.4400,0.000000
1771570548.241480,7.402122,0.007811,-0.003600,0.000000,0.007679,0.4400,0.000000,0.003600,0.00001296,-0.024000,0.4400,0.000000
1771570548.272657,7.433300,0.031178,-0.003600,0.000000,0.007679,0.4400,0.000000,0.003600,0.00001296,-0.024000,0.4400,0.000000
1771570548.280627,7.441270,0.007970,-0.003600,0.000000,0.007679,0.4400,0.000000,0.003600,0.00001296,-0.024000,0.4400,0.000000
1771570548.312413,7.473056,0.031786,-0.003450,0.004719,0.007679,0.4400,0.000000,0.003450,0.00001190,-0.023000,0.4400,0.000000
1771570548.320683,7.481325,0.008269,-0.003450,0.000000,0.007679,0.4400,0.000000,0.003450,0.00001190,-0.023000,0.4400,0.000000
1771570548.351472,7.512115,0.030790,-0.003450,0.000000,0.007679,0.4400,0.000000,0.003450,0.00001190,-0.023000,0.4400,0.000000
1771570548.361330,7.521973,0.009858,-0.003450,0.000000,0.007679,0.4400,0.000000,0.003450,0.00001190,-0.023000,0.4400,0.000000
1771570548.392584,7.553226,0.031254,-0.003450,0.000000,0.007679,0.4400,0.000000,0.003450,0.00001190,-0.023000,0.4400,0.000000
1771570548.400473,7.561116,0.007889,-0.003450,0.000000,0.007679,0.4400,0.000000,0.003450,0.00001190,-0.023000,0.4400,0.000000
1771570548.432774,7.593417,0.032302,-0.003450,0.000000,0.007679,0.4400,0.000000,0.003450,0.00001190,-0.023000,0.4400,0.000000
1771570548.440826,7.601469,0.008051,-0.003450,0.000000,0.007679,0.4400,0.000000,0.003450,0.00001190,-0.023000,0.4400,0.000000
1771570548.472643,7.633286,0.031817,-0.003450,0.000000,0.007679,0.4400,0.000000,0.003450,0.00001190,-0.023000,0.4400,0.000000
1771570548.480444,7.641087,0.007801,-0.003450,0.000000,0.007679,0.4400,0.000000,0.003450,0.00001190,-0.023000,0.4400,0.000000
1771570548.511249,7.671891,0.030804,-0.003450,0.000000,0.007679,0.4400,0.000000,0.003450,0.00001190,-0.023000,0.4400,0.000000
1771570548.520575,7.681218,0.009327,-0.003450,0.000000,0.007679,0.4400,0.000000,0.003450,0.00001190,-0.023000,0.4400,0.000000
1771570548.552520,7.713163,0.031945,-0.003600,-0.004696,0.007679,0.4400,0.000000,0.003600,0.00001296,-0.024000,0.4400,0.000000
1771570548.560557,7.721200,0.008037,-0.003450,0.018663,0.007679,0.4400,0.000000,0.003450,0.00001190,-0.023000,0.4400,0.000000
1771570548.591350,7.751993,0.030793,-0.003450,0.000000,0.007679,0.4400,0.000000,0.003450,0.00001190,-0.023000,0.4400,0.000000
1771570548.600964,7.761607,0.009614,-0.003450,0.000000,0.007679,0.4400,0.000000,0.003450,0.00001190,-0.023000,0.4400,0.000000
1771570548.632159,7.792801,0.031194,-0.003450,0.000000,0.007679,0.4400,0.000000,0.003450,0.00001190,-0.023000,0.4400,0.000000
1771570548.639946,7.800589,0.007787,-0.003450,0.000000,0.007679,0.4400,0.000000,0.003450,0.00001190,-0.023000,0.4400,0.000000
1771570548.672126,7.832768,0.032180,-0.003450,0.000000,0.007679,0.4400,0.000000,0.003450,0.00001190,-0.023000,0.4400,0.000000
1771570548.680128,7.840771,0.008003,-0.003450,0.000000,0.007679,0.4400,0.000000,0.003450,0.00001190,-0.023000,0.4400,0.000000
1771570548.712157,7.872800,0.032029,-0.003450,0.000000,0.007679,0.4400,0.000000,0.003450,0.00001190,-0.023000,0.4400,0.000000
1771570548.720381,7.881024,0.008224,-0.003450,0.000000,0.007679,0.4400,0.000000,0.003450,0.00001190,-0.023000,0.4400,0.000000
1771570548.752964,7.913607,0.032583,-0.003450,0.000000,0.007679,0.4400,0.000000,0.003450,0.00001190,-0.023000,0.4400,0.000000
1771570548.761026,7.921669,0.008062,-0.003600,-0.018606,0.007679,0.4400,0.000000,0.003600,0.00001296,-0.024000,0.4400,0.000000
1771570548.791863,7.952506,0.030836,-0.003600,0.000000,0.007679,0.4400,0.000000,0.003600,0.00001296,-0.024000,0.4400,0.000000
1771570548.800774,7.961416,0.008911,-0.003600,0.000000,0.007679,0.4400,0.000000,0.003600,0.00001296,-0.024000,0.4400,0.000000
1771570548.832203,7.992846,0.031430,-0.003750,-0.004773,0.007679,0.4400,0.000000,0.003750,0.00001406,-0.025000,0.4400,0.000000
1771570548.840478,8.001121,0.008275,-0.003750,0.000000,0.007679,0.4400,0.000000,0.003750,0.00001406,-0.025000,0.4400,0.000000
1771570548.872581,8.033223,0.032103,-0.003750,0.000000,0.007679,0.4400,0.000000,0.003750,0.00001406,-0.025000,0.4400,0.000000
1771570548.880554,8.041197,0.007974,-0.003750,0.000000,0.007679,0.4400,0.000000,0.003750,0.00001406,-0.025000,0.4400,0.000000
1771570548.912290,8.072933,0.031736,-0.003750,0.000000,0.007679,0.4400,0.000000,0.003750,0.00001406,-0.025000,0.4400,0.000000
1771570548.920233,8.080876,0.007943,-0.003750,0.000000,0.007679,0.4400,0.000000,0.003750,0.00001406,-0.025000,0.4400,0.000000
1771570548.951488,8.112131,0.031254,-0.003750,0.000000,0.007679,0.4400,0.000000,0.003750,0.00001406,-0.025000,0.4400,0.000000
1771570548.959922,8.120565,0.008435,-0.003750,0.000000,0.007679,0.4400,0.000000,0.003750,0.00001406,-0.025000,0.4400,0.000000
1771570548.991995,8.152638,0.032073,-0.003750,0.000000,0.007679,0.4400,0.000000,0.003750,0.00001406,-0.025000,0.4400,0.000000
1771570549.000494,8.161137,0.008499,-0.003750,0.000000,0.007679,0.4400,0.000000,0.003750,0.00001406,-0.025000,0.4400,0.000000
1771570549.032306,8.192949,0.031811,-0.003750,0.000000,0.007679,0.4400,0.000000,0.003750,0.00001406,-0.025000,0.4400,0.000000
1771570549.040621,8.201264,0.008315,-0.003750,0.000000,0.007679,0.4400,0.000000,0.003750,0.00001406,-0.025000,0.4400,0.000000
1771570549.071837,8.232480,0.031215,-0.003750,0.000000,0.007679,0.4400,0.000000,0.003750,0.00001406,-0.025000,0.4400,0.000000
1771570549.080409,8.241052,0.008572,-0.003750,0.000000,0.007679,0.4400,0.000000,0.003750,0.00001406,-0.025000,0.4400,0.000000
1771570549.112481,8.273124,0.032073,-0.003750,0.000000,0.007679,0.4400,0.000000,0.003750,0.00001406,-0.025000,0.4400,0.000000
1771570549.120307,8.280950,0.007826,-0.003750,0.000000,0.007679,0.4400,0.000000,0.003750,0.00001406,-0.025000,0.4400,0.000000
1771570549.152665,8.313308,0.032358,-0.003750,0.000000,0.007679,0.4400,0.000000,0.003750,0.00001406,-0.025000,0.4400,0.000000
1771570549.160891,8.321534,0.008226,-0.003750,0.000000,0.007679,0.4400,0.000000,0.003750,0.00001406,-0.025000,0.4400,0.000000
1771570549.192430,8.353073,0.031539,-0.003750,0.000000,0.007679,0.4400,0.000000,0.003750,0.00001406,-0.025000,0.4400,0.000000
1771570549.201221,8.361864,0.008791,-0.003750,0.000000,0.007679,0.4400,0.000000,0.003750,0.00001406,-0.025000,0.4400,0.000000
1771570549.231601,8.392244,0.030380,-0.003750,0.000000,0.007679,0.4400,0.000000,0.003750,0.00001406,-0.025000,0.4400,0.000000
1771570549.240035,8.400677,0.008434,-0.003450,0.035572,0.007679,0.4400,0.000000,0.003450,0.00001190,-0.023000,0.4400,0.000000
1771570549.272545,8.433188,0.032510,-0.003450,0.000000,0.007679,0.4400,0.000000,0.003450,0.00001190,-0.023000,0.4400,0.000000
1771570549.281208,8.441850,0.008663,-0.003450,0.000000,0.007679,0.4400,0.000000,0.003450,0.00001190,-0.023000,0.4400,0.000000
1771570549.312016,8.472659,0.030809,-0.003300,0.004869,0.007679,0.4400,0.000000,0.003300,0.00001089,-0.022000,0.4400,0.000000
1771570549.321780,8.482423,0.009763,-0.003450,-0.015363,0.007679,0.4400,0.000000,0.003450,0.00001190,-0.023000,0.4400,0.000000
1771570549.352738,8.513381,0.030958,-0.003300,0.004845,0.007679,0.4400,0.000000,0.003300,0.00001089,-0.022000,0.4400,0.000000
1771570549.361096,8.521739,0.008358,-0.003450,-0.017947,0.007679,0.4400,0.000000,0.003450,0.00001190,-0.023000,0.4400,0.000000
1771570549.392396,8.553039,0.031300,-0.003450,0.000000,0.007679,0.4400,0.000000,0.003450,0.00001190,-0.023000,0.4400,0.000000
1771570549.401086,8.561728,0.008689,-0.003450,0.000000,0.007679,0.4400,0.000000,0.003450,0.00001190,-0.023000,0.4400,0.000000
1771570549.432868,8.593511,0.031782,-0.003450,0.000000,0.007679,0.4400,0.000000,0.003450,0.00001190,-0.023000,0.4400,0.000000
1771570549.439916,8.600559,0.007048,-0.003450,0.000000,0.007679,0.4400,0.000000,0.003450,0.00001190,-0.023000,0.4400,0.000000
1771570549.471471,8.632114,0.031555,-0.003450,0.000000,0.007679,0.4400,0.000000,0.003450,0.00001190,-0.023000,0.4400,0.000000
1771570549.481196,8.641839,0.009725,-0.003450,0.000000,0.007679,0.4400,0.000000,0.003450,0.00001190,-0.023000,0.4400,0.000000
1771570549.511921,8.672564,0.030725,-0.003450,0.000000,0.007679,0.4400,0.000000,0.003450,0.00001190,-0.023000,0.4400,0.000000
1771570549.520398,8.681041,0.008477,-0.003450,0.000000,0.007679,0.4400,0.000000,0.003450,0.00001190,-0.023000,0.4400,0.000000
1771570549.551531,8.712174,0.031133,-0.003450,0.000000,0.007679,0.4400,0.000000,0.003450,0.00001190,-0.023000,0.4400,0.000000
1771570549.561907,8.722549,0.010376,-0.003450,0.000000,0.007679,0.4400,0.000000,0.003450,0.00001190,-0.023000,0.4400,0.000000
1771570549.592411,8.753053,0.030504,-0.003600,-0.004917,0.007679,0.4400,0.000000,0.003600,0.00001296,-0.024000,0.4400,0.000000
1771570549.600829,8.761472,0.008419,-0.003450,0.017818,0.007679,0.4400,0.000000,0.003450,0.00001190,-0.023000,0.4400,0.000000
1771570549.633291,8.793934,0.032462,-0.003450,0.000000,0.007679,0.4400,0.000000,0.003450,0.00001190,-0.023000,0.4400,0.000000
1771570549.639761,8.800404,0.006469,-0.003450,0.000000,0.007679,0.4400,0.000000,0.003450,0.00001190,-0.023000,0.4400,0.000000
1771570549.671865,8.832508,0.032104,-0.003450,0.000000,0.007679,0.4400,0.000000,0.003450,0.00001190,-0.023000,0.4400,0.000000
1771570549.681185,8.841827,0.009320,-0.003450,0.000000,0.007679,0.4400,0.000000,0.003450,0.00001190,-0.023000,0.4400,0.000000
1771570549.712552,8.873194,0.031367,-0.003450,0.000000,0.007679,0.4400,0.000000,0.003450,0.00001190,-0.023000,0.4400,0.000000
1771570549.721072,8.881715,0.008520,-0.003450,0.000000,0.007679,0.4400,0.000000,0.003450,0.00001190,-0.023000,0.4400,0.000000
1771570549.751693,8.912335,0.030621,-0.003300,0.004899,0.007679,0.4400,0.000000,0.003300,0.00001089,-0.022000,0.4400,0.000000
1771570549.759931,8.920573,0.008238,-0.003300,0.000000,0.007679,0.4400,0.000000,0.003300,0.00001089,-0.022000,0.4400,0.000000
1771570549.792445,8.953088,0.032515,-0.003300,0.000000,0.007679,0.4400,0.000000,0.003300,0.00001089,-0.022000,0.4400,0.000000
1771570549.800664,8.961307,0.008219,-0.003300,0.000000,0.007679,0.4400,0.000000,0.003300,0.00001089,-0.022000,0.4400,0.000000
1771570549.833118,8.993761,0.032454,-0.003300,0.000000,0.007679,0.4400,0.000000,0.003300,0.00001089,-0.022000,0.4400,0.000000
1771570549.839770,9.000413,0.006652,-0.003300,0.000000,0.007679,0.4400,0.000000,0.003300,0.00001089,-0.022000,0.4400,0.000000
1771570549.871992,9.032635,0.032222,-0.003300,0.000000,0.007679,0.4400,0.000000,0.003300,0.00001089,-0.022000,0.4400,0.000000
1771570549.880436,9.041079,0.008444,-0.003000,0.035529,0.007679,0.4400,0.000000,0.003000,0.00000900,-0.020000,0.4400,0.000000
1771570549.911946,9.072589,0.031510,-0.003000,0.000000,0.007679,0.4400,0.000000,0.003000,0.00000900,-0.020000,0.4400,0.000000
1771570549.920661,9.081304,0.008715,-0.003000,0.000000,0.007679,0.4400,0.000000,0.003000,0.00000900,-0.020000,0.4400,0.000000
1771570549.952597,9.113240,0.031935,-0.003000,0.000000,0.007679,0.4400,0.000000,0.003000,0.00000900,-0.020000,0.4400,0.000000
1771570549.960489,9.121132,0.007893,-0.002850,0.019005,0.007679,0.4400,0.000000,0.002850,0.00000812,-0.019000,0.4400,0.000000
1771570549.992699,9.153342,0.032210,-0.002700,0.004657,0.007330,0.4200,0.000000,0.002700,0.00000729,-0.018000,0.4200,0.000000
1771570550.000730,9.161373,0.008031,-0.003000,-0.037354,0.007330,0.4200,0.000000,0.003000,0.00000900,-0.020000,0.4200,0.000000
1771570550.032192,9.192835,0.031462,-0.002850,0.004768,0.007330,0.4200,0.000000,0.002850,0.00000812,-0.019000,0.4200,0.000000
1771570550.040743,9.201385,0.008551,-0.003000,-0.017543,0.007330,0.4200,0.000000,0.003000,0.00000900,-0.020000,0.4200,0.000000
1771570550.071998,9.232641,0.031255,-0.003000,0.000000,0.007330,0.4200,0.000000,0.003000,0.00000900,-0.020000,0.4200,0.000000
1771570550.080217,9.240860,0.008219,-0.002850,0.018250,0.007330,0.4200,0.000000,0.002850,0.00000812,-0.019000,0.4200,0.000000
1771570550.111925,9.272568,0.031708,-0.003000,-0.004731,0.007330,0.4200,0.000000,0.003000,0.00000900,-0.020000,0.4200,0.000000
1771570550.120379,9.281022,0.008454,-0.002850,0.017742,0.007330,0.4200,0.000000,0.002850,0.00000812,-0.019000,0.4200,0.000000
1771570550.152694,9.313337,0.032315,-0.002100,0.023209,0.006458,0.3700,0.000000,0.002100,0.00000441,-0.014000,0.3700,0.000000
1771570550.160857,9.321500,0.008163,0.002700,0.588004,0.006458,0.3700,0.000000,0.002700,0.00000729,0.018000,0.3700,0.000000
1771570550.192820,9.353463,0.031963,-0.002250,-0.154867,0.006458,0.3700,0.000000,0.002250,0.00000506,-0.015000,0.3700,0.000000
1771570550.200822,9.361465,0.008002,-0.003300,-0.131216,0.006458,0.3700,0.000000,0.003300,0.00001089,-0.022000,0.3700,0.000000
1771570550.231439,9.392081,0.030617,-0.003750,-0.014698,0.006981,0.4000,0.000000,0.003750,0.00001406,-0.025000,0.4000,0.000000
1771570550.240339,9.400982,0.008900,0.000750,0.505595,0.006981,0.4000,0.000000,0.000750,0.00000056,0.005000,0.4000,0.000000
1771570550.272630,9.433273,0.032291,-0.003150,-0.120777,0.006981,0.4000,0.000000,0.003150,0.00000992,-0.021000,0.4000,0.000000
1771570550.281399,9.442042,0.008769,-0.001950,0.136849,0.006981,0.4000,0.000000,0.001950,0.00000380,-0.013000,0.4000,0.000000
1771570550.311601,9.472244,0.030202,-0.001050,0.029799,0.006458,0.3700,0.000000,0.001050,0.00000110,-0.007000,0.3700,0.000000
1771570550.319727,9.480370,0.008126,-0.002850,-0.221511,0.006458,0.3700,0.000000,0.002850,0.00000812,-0.019000,0.3700,0.000000
1771570550.351672,9.512315,0.031945,-0.003750,-0.028173,0.005411,0.3100,0.000000,0.003750,0.00001406,-0.025000,0.3100,0.000000
1771570550.360145,9.520788,0.008473,-0.003900,-0.017704,0.005411,0.3100,0.000000,0.003900,0.00001521,-0.026000,0.3100,0.000000
1771570550.392211,9.552854,0.032066,-0.003750,0.004678,0.005411,0.3100,0.000000,0.003750,0.00001406,-0.025000,0.3100,0.000000
1771570550.400559,9.561202,0.008348,-0.003750,0.000000,0.005411,0.3100,0.000000,0.003750,0.00001406,-0.025000,0.3100,0.000000
1771570550.431165,9.591808,0.030607,-0.003600,0.004901,0.005411,0.3100,0.000000,0.003600,0.00001296,-0.024000,0.3100,0.000000
1771570550.440769,9.601412,0.009604,-0.002100,0.156185,0.005411,0.3100,0.000000,0.002100,0.00000441,-0.014000,0.3100,0.000000
1771570550.472372,9.633015,0.031603,-0.003000,-0.028479,0.004189,0.2400,0.000000,0.003000,0.00000900,-0.020000,0.2400,0.000000
1771570550.480709,9.641352,0.008337,-0.003000,0.000000,0.004189,0.2400,0.000000,0.003000,0.00000900,-0.020000,0.2400,0.000000
1771570550.511224,9.671866,0.030515,-0.003750,-0.024578,0.003491,0.2000,0.000000,0.003750,0.00001406,-0.025000,0.2000,0.000000
1771570550.521109,9.681751,0.009885,-0.001950,0.182093,0.003491,0.2000,0.000000,0.001950,0.00000380,-0.013000,0.2000,0.000000
1771570550.551035,9.711678,0.029926,-0.003600,-0.055135,0.003491,0.2000,0.000000,0.003600,0.00001296,-0.024000,0.2000,0.000000
1771570550.561485,9.722128,0.010450,-0.003750,-0.014354,0.003491,0.2000,0.000000,0.003750,0.00001406,-0.025000,0.2000,0.000000
1771570550.592490,9.753133,0.031005,-0.003000,0.024190,0.003491,0.2000,0.000000,0.003000,0.00000900,-0.020000,0.2000,0.000000
1771570550.601068,9.761710,0.008577,-0.003150,-0.017488,0.003491,0.2000,0.000000,0.003150,0.00000992,-0.021000,0.2000,0.000000
1771570550.631872,9.792515,0.030805,-0.003450,-0.009739,0.003840,0.2200,0.000000,0.003450,0.00001190,-0.023000,0.2200,0.000000
1771570550.640239,9.800882,0.008367,-0.003750,-0.035856,0.003840,0.2200,0.000000,0.003750,0.00001406,-0.025000,0.2200,0.000000
1771570550.672029,9.832672,0.031790,-0.002550,0.037748,0.003491,0.2000,0.000000,0.002550,0.00000650,-0.017000,0.2000,0.000000
1771570550.680467,9.841110,0.008438,-0.002550,0.000000,0.003491,0.2000,0.000000,0.002550,0.00000650,-0.017000,0.2000,0.000000
1771570550.711378,9.872021,0.030911,-0.003600,-0.033969,0.003491,0.2000,0.000000,0.003600,0.00001296,-0.024000,0.2000,0.000000
1771570550.719831,9.880474,0.008453,-0.001350,0.266174,0.003491,0.2000,0.000000,0.001350,0.00000182,-0.009000,0.2000,0.000000
1771570550.751529,9.912172,0.031698,-0.003300,-0.061517,0.003491,0.2000,0.000000,0.003300,0.00001089,-0.022000,0.2000,0.000000
1771570550.759838,9.920480,0.008308,-0.003750,-0.054164,0.003491,0.2000,0.000000,0.003750,0.00001406,-0.025000,0.2000,0.000000
1771570550.792707,9.953350,0.032870,-0.000300,0.104960,0.003491,0.2000,0.000000,0.000300,0.00000009,-0.002000,0.2000,0.000000
1771570550.801057,9.961700,0.008350,-0.003150,-0.341331,0.003491,0.2000,0.000000,0.003150,0.00000992,-0.021000,0.2000,0.000000
1771570550.833464,9.994107,0.032407,-0.001200,0.060173,0.003491,0.2000,0.000000,0.001200,0.00000144,-0.008000,0.2000,0.000000
1771570550.840329,10.000972,0.006865,-0.002850,-0.240340,0.003491,0.2000,0.000000,0.002850,0.00000812,-0.019000,0.2000,0.000000
1771570550.871950,10.032593,0.031621,-0.003150,-0.009487,0.003840,0.2200,0.000000,0.003150,0.00000992,-0.021000,0.2200,0.000000
1771570550.880313,10.040956,0.008362,-0.003750,-0.071751,0.003840,0.2200,0.000000,0.003750,0.00001406,-0.025000,0.2200,0.000000
1771570550.912318,10.072961,0.032006,-0.000450,0.103107,0.003840,0.2200,0.000000,0.000450,0.00000020,-0.003000,0.2200,0.000000
1771570550.920653,10.081295,0.008334,-0.002850,-0.287963,0.003840,0.2200,0.000000,0.002850,0.00000812,-0.019000,0.2200,0.000000
1771570550.952518,10.113161,0.031865,-0.003000,-0.004707,0.003840,0.2200,0.000000,0.003000,0.00000900,-0.020000,0.2200,0.000000
1771570550.960611,10.121254,0.008093,-0.002100,0.111202,0.003840,0.2200,0.000000,0.002100,0.00000441,-0.014000,0.2200,0.000000
1771570550.991114,10.151757,0.030503,-0.003600,-0.049176,0.003840,0.2200,0.000000,0.003600,0.00001296,-0.024000,0.2200,0.000000
1771570551.001013,10.161656,0.009899,-0.001050,0.257598,0.003840,0.2200,0.000000,0.001050,0.00000110,-0.007000,0.2200,0.000000
1771570551.031955,10.192598,0.030941,0.007200,0.266632,0.003840,0.2200,0.000000,0.007200,0.00005184,0.048000,0.2200,0.000000
1771570551.040725,10.201368,0.008771,-0.001350,-0.974836,0.003840,0.2200,0.000000,0.001350,0.00000182,-0.009000,0.2200,0.000000
1771570551.072160,10.232803,0.031435,0.001650,0.095436,0.000349,0.0200,0.000000,0.001650,0.00000272,0.011000,0.0200,0.000000
1771570551.080296,10.240939,0.008136,-0.003600,-0.645296,0.000349,0.0200,0.000000,0.003600,0.00001296,-0.024000,0.0200,0.000000
1771570551.112259,10.272902,0.031963,-0.003750,-0.004693,0.000000,0.0000,0.000000,0.003750,0.00001406,-0.025000,0.0000,0.000000
1771570551.120741,10.281384,0.008482,-0.003600,0.017685,0.000000,0.0000,0.000000,0.003600,0.00001296,-0.024000,0.0000,0.000000
1771570551.151778,10.312421,0.031037,-0.003600,0.000000,0.001222,0.0700,0.000000,0.003600,0.00001296,-0.024000,0.0700,0.000000
1771570551.160137,10.320780,0.008359,-0.003600,0.000000,0.001222,0.0700,0.000000,0.003600,0.00001296,-0.024000,0.0700,0.000000
1771570551.192849,10.353492,0.032712,-0.003750,-0.004586,0.001222,0.0700,0.000000,0.003750,0.00001406,-0.025000,0.0700,0.000000
1771570551.201378,10.362020,0.008529,-0.003750,0.000000,0.001222,0.0700,0.000000,0.003750,0.00001406,-0.025000,0.0700,0.000000
1771570551.232456,10.393099,0.031078,-0.003750,0.000000,0.001920,0.1100,0.000000,0.003750,0.00001406,-0.025000,0.1100,0.000000
1771570551.241872,10.402515,0.009416,-0.003750,0.000000,0.001920,0.1100,0.000000,0.003750,0.00001406,-0.025000,0.1100,0.000000
1771570551.271326,10.431969,0.029454,-0.003750,0.000000,0.001920,0.1100,0.000000,0.003750,0.00001406,-0.025000,0.1100,0.000000
1771570551.281092,10.441735,0.009765,-0.003750,0.000000,0.001920,0.1100,0.000000,0.003750,0.00001406,-0.025000,0.1100,0.000000
1771570551.311423,10.472066,0.030331,-0.003750,0.000000,0.001920,0.1100,0.000000,0.003750,0.00001406,-0.025000,0.1100,0.000000
1771570551.320890,10.481533,0.009467,-0.003750,0.000000,0.001920,0.1100,0.000000,0.003750,0.00001406,-0.025000,0.1100,0.000000
1771570551.351629,10.512272,0.030739,-0.003750,0.000000,0.001920,0.1100,0.000000,0.003750,0.00001406,-0.025000,0.1100,0.000000
1771570551.360051,10.520694,0.008422,-0.003750,0.000000,0.001920,0.1100,0.000000,0.003750,0.00001406,-0.025000,0.1100,0.000000
1771570551.392068,10.552711,0.032017,-0.003750,0.000000,0.001920,0.1100,0.000000,0.003750,0.00001406,-0.025000,0.1100,0.000000
1771570551.400588,10.561231,0.008520,-0.003750,0.000000,0.001920,0.1100,0.000000,0.003750,0.00001406,-0.025000,0.1100,0.000000
1771570551.432901,10.593544,0.032312,-0.003750,0.000000,0.001920,0.1100,0.000000,0.003750,0.00001406,-0.025000,0.1100,0.000000
1771570551.441042,10.601685,0.008142,-0.003750,0.000000,0.001920,0.1100,0.000000,0.003750,0.00001406,-0.025000,0.1100,0.000000
1771570551.472113,10.632756,0.031070,-0.003750,0.000000,0.001920,0.1100,0.000000,0.003750,0.00001406,-0.025000,0.1100,0.000000
1771570551.480376,10.641019,0.008264,-0.003750,0.000000,0.001920,0.1100,0.000000,0.003750,0.00001406,-0.025000,0.1100,0.000000
1771570551.511802,10.672445,0.031426,-0.003900,-0.004773,0.001920,0.1100,0.000000,0.003900,0.00001521,-0.026000,0.1100,0.000000
1771570551.519940,10.680583,0.008137,-0.003750,0.018434,0.001920,0.1100,0.000000,0.003750,0.00001406,-0.025000,0.1100,0.000000
1771570551.552836,10.713479,0.032896,-0.003750,0.000000,0.001920,0.1100,0.000000,0.003750,0.00001406,-0.025000,0.1100,0.000000
1771570551.560830,10.721473,0.007994,-0.003750,0.000000,0.001920,0.1100,0.000000,0.003750,0.00001406,-0.025000,0.1100,0.000000
1771570551.591175,10.751818,0.030345,-0.003750,0.000000,0.001920,0.1100,0.000000,0.003750,0.00001406,-0.025000,0.1100,0.000000
1771570551.600037,10.760680,0.008862,-0.003750,0.000000,0.001920,0.1100,0.000000,0.003750,0.00001406,-0.025000,0.1100,0.000000
1771570551.632115,10.792758,0.032078,-0.003750,0.000000,0.001920,0.1100,0.000000,0.003750,0.00001406,-0.025000,0.1100,0.000000
1771570551.639774,10.800417,0.007659,-0.003750,0.000000,0.001920,0.1100,0.000000,0.003750,0.00001406,-0.025000,0.1100,0.000000
1771570551.672294,10.832937,0.032521,-0.003750,0.000000,0.001920,0.1100,0.000000,0.003750,0.00001406,-0.025000,0.1100,0.000000
1771570551.680646,10.841289,0.008351,-0.003900,-0.017961,0.001920,0.1100,0.000000,0.003900,0.00001521,-0.026000,0.1100,0.000000
1771570551.712691,10.873334,0.032046,-0.003750,0.004681,0.001920,0.1100,0.000000,0.003750,0.00001406,-0.025000,0.1100,0.000000
1771570551.720915,10.881557,0.008223,-0.003750,0.000000,0.001920,0.1100,0.000000,0.003750,0.00001406,-0.025000,0.1100,0.000000
1771570551.751444,10.912086,0.030529,-0.003750,0.000000,0.001920,0.1100,0.000000,0.003750,0.00001406,-0.025000,0.1100,0.000000
1771570551.760571,10.921213,0.009127,-0.003750,0.000000,0.001920,0.1100,0.000000,0.003750,0.00001406,-0.025000,0.1100,0.000000
1771570551.791445,10.952088,0.030874,-0.003750,0.000000,0.001920,0.1100,0.000000,0.003750,0.00001406,-0.025000,0.1100,0.000000
1771570551.799696,10.960339,0.008251,-0.003750,0.000000,0.001920,0.1100,0.000000,0.003750,0.00001406,-0.025000,0.1100,0.000000
1771570551.831339,10.991982,0.031643,-0.003750,0.000000,0.001920,0.1100,0.000000,0.003750,0.00001406,-0.025000,0.1100,0.000000
1771570551.839900,11.000543,0.008561,-0.003750,0.000000,0.001920,0.1100,0.000000,0.003750,0.00001406,-0.025000,0.1100,0.000000
1771570551.871081,11.031724,0.031181,-0.003750,0.000000,0.001920,0.1100,0.000000,0.003750,0.00001406,-0.025000,0.1100,0.000000
1771570551.880988,11.041631,0.009907,-0.003750,0.000000,0.001920,0.1100,0.000000,0.003750,0.00001406,-0.025000,0.1100,0.000000
1771570551.911748,11.072391,0.030760,-0.003750,0.000000,0.001920,0.1100,0.000000,0.003750,0.00001406,-0.025000,0.1100,0.000000
1771570551.919925,11.080568,0.008178,-0.003750,0.000000,0.001920,0.1100,0.000000,0.003750,0.00001406,-0.025000,0.1100,0.000000
1771570551.952165,11.112808,0.032240,-0.003750,0.000000,0.001920,0.1100,0.000000,0.003750,0.00001406,-0.025000,0.1100,0.000000
1771570551.961046,11.121688,0.008880,-0.003750,0.000000,0.001920,0.1100,0.000000,0.003750,0.00001406,-0.025000,0.1100,0.000000
1771570551.992272,11.152915,0.031226,-0.003900,-0.004804,0.001920,0.1100,0.000000,0.003900,0.00001521,-0.026000,0.1100,0.000000
1771570552.001147,11.161789,0.008875,-0.003900,0.000000,0.001920,0.1100,0.000000,0.003900,0.00001521,-0.026000,0.1100,0.000000
1771570552.031976,11.192618,0.030829,-0.003750,0.004866,0.001920,0.1100,0.000000,0.003750,0.00001406,-0.025000,0.1100,0.000000
1771570552.040133,11.200776,0.008158,-0.003900,-0.018387,0.001920,0.1100,0.000000,0.003900,0.00001521,-0.026000,0.1100,0.000000
1771570552.072129,11.232772,0.031996,-0.003750,0.004688,0.001920,0.1100,0.000000,0.003750,0.00001406,-0.025000,0.1100,0.000000
1771570552.079998,11.240640,0.007868,-0.003900,-0.019064,0.001920,0.1100,0.000000,0.003900,0.00001521,-0.026000,0.1100,0.000000
1771570552.110900,11.271543,0.030903,-0.003750,0.004854,0.001920,0.1100,0.000000,0.003750,0.00001406,-0.025000,0.1100,0.000000
1771570552.120151,11.280793,0.009250,-0.003750,0.000000,0.001920,0.1100,0.000000,0.003750,0.00001406,-0.025000,0.1100,0.000000
1771570552.152293,11.312936,0.032143,-0.003750,0.000000,0.001920,0.1100,0.000000,0.003750,0.00001406,-0.025000,0.1100,0.000000
1771570552.160263,11.320905,0.007969,-0.003750,0.000000,0.001920,0.1100,0.000000,0.003750,0.00001406,-0.025000,0.1100,0.000000
1771570552.192479,11.353122,0.032217,-0.003750,0.000000,0.001920,0.1100,0.000000,0.003750,0.00001406,-0.025000,0.1100,0.000000
1771570552.201168,11.361810,0.008688,-0.003750,0.000000,0.001920,0.1100,0.000000,0.003750,0.00001406,-0.025000,0.1100,0.000000
1771570552.231221,11.391864,0.030053,-0.003750,0.000000,0.001920,0.1100,0.000000,0.003750,0.00001406,-0.025000,0.1100,0.000000
1771570552.239809,11.400452,0.008589,-0.003900,-0.017465,0.001920,0.1100,0.000000,0.003900,0.00001521,-0.026000,0.1100,0.000000
1771570552.272227,11.432870,0.032418,-0.003900,0.000000,0.001920,0.1100,0.000000,0.003900,0.00001521,-0.026000,0.1100,0.000000
1771570552.280041,11.440684,0.007814,-0.003900,0.000000,0.001920,0.1100,0.000000,0.003900,0.00001521,-0.026000,0.1100,0.000000
1771570552.312306,11.472949,0.032265,-0.003900,0.000000,0.001920,0.1100,0.000000,0.003900,0.00001521,-0.026000,0.1100,0.000000
1771570552.321051,11.481694,0.008745,-0.003900,0.000000,0.001920,0.1100,0.000000,0.003900,0.00001521,-0.026000,0.1100,0.000000
1771570552.351642,11.512285,0.030591,-0.003900,0.000000,0.001920,0.1100,0.000000,0.003900,0.00001521,-0.026000,0.1100,0.000000
1771570552.360108,11.520751,0.008466,-0.003900,0.000000,0.001920,0.1100,0.000000,0.003900,0.00001521,-0.026000,0.1100,0.000000
1771570552.392840,11.553483,0.032732,-0.003900,0.000000,0.001920,0.1100,0.000000,0.003900,0.00001521,-0.026000,0.1100,0.000000
1771570552.400834,11.561476,0.007993,-0.003900,0.000000,0.001920,0.1100,0.000000,0.003900,0.00001521,-0.026000,0.1100,0.000000
1771570552.431454,11.592097,0.030621,-0.003900,0.000000,0.001920,0.1100,0.000000,0.003900,0.00001521,-0.026000,0.1100,0.000000
1771570552.440859,11.601501,0.009404,-0.003900,0.000000,0.001920,0.1100,0.000000,0.003900,0.00001521,-0.026000,0.1100,0.000000
1771570552.472119,11.632762,0.031260,-0.003900,0.000000,0.001920,0.1100,0.000000,0.003900,0.00001521,-0.026000,0.1100,0.000000
1771570552.480996,11.641639,0.008877,-0.003750,0.016898,0.001920,0.1100,0.000000,0.003750,0.00001406,-0.025000,0.1100,0.000000
1771570552.511847,11.672490,0.030851,-0.003750,0.000000,0.001920,0.1100,0.000000,0.003750,0.00001406,-0.025000,0.1100,0.000000
1771570552.519884,11.680527,0.008037,-0.003750,0.000000,0.001920,0.1100,0.000000,0.003750,0.00001406,-0.025000,0.1100,0.000000
1771570552.552358,11.713001,0.032474,-0.003750,0.000000,0.001920,0.1100,0.000000,0.003750,0.00001406,-0.025000,0.1100,0.000000
1771570552.560426,11.721069,0.008068,-0.003750,0.000000,0.001920,0.1100,0.000000,0.003750,0.00001406,-0.025000,0.1100,0.000000
1771570552.591647,11.752290,0.031221,-0.003750,0.000000,0.001920,0.1100,0.000000,0.003750,0.00001406,-0.025000,0.1100,0.000000
1771570552.600321,11.760964,0.008674,-0.003750,0.000000,0.001920,0.1100,0.000000,0.003750,0.00001406,-0.025000,0.1100,0.000000
1771570552.632097,11.792740,0.031776,-0.003750,0.000000,0.001920,0.1100,0.000000,0.003750,0.00001406,-0.025000,0.1100,0.000000
1771570552.641080,11.801723,0.008983,-0.003750,0.000000,0.001920,0.1100,0.000000,0.003750,0.00001406,-0.025000,0.1100,0.000000
1771570552.672259,11.832902,0.031179,-0.003750,0.000000,0.001920,0.1100,0.000000,0.003750,0.00001406,-0.025000,0.1100,0.000000
1771570552.680758,11.841401,0.008499,-0.003750,0.000000,0.001920,0.1100,0.000000,0.003750,0.00001406,-0.025000,0.1100,0.000000
1771570552.712243,11.872886,0.031485,-0.003750,0.000000,0.001920,0.1100,0.000000,0.003750,0.00001406,-0.025000,0.1100,0.000000
1771570552.721049,11.881692,0.008806,-0.003750,0.000000,0.001920,0.1100,0.000000,0.003750,0.00001406,-0.025000,0.1100,0.000000
1771570552.752028,11.912671,0.030979,-0.003750,0.000000,0.001920,0.1100,0.000000,0.003750,0.00001406,-0.025000,0.1100,0.000000
1771570552.760744,11.921387,0.008716,-0.003750,0.000000,0.001920,0.1100,0.000000,0.003750,0.00001406,-0.025000,0.1100,0.000000
1771570552.790984,11.951627,0.030240,-0.003750,0.000000,0.001920,0.1100,0.000000,0.003750,0.00001406,-0.025000,0.1100,0.000000
1771570552.801443,11.962086,0.010459,-0.003750,0.000000,0.001920,0.1100,0.000000,0.003750,0.00001406,-0.025000,0.1100,0.000000
1771570552.831806,11.992449,0.030363,-0.003750,0.000000,0.001920,0.1100,0.000000,0.003750,0.00001406,-0.025000,0.1100,0.000000
1771570552.840513,12.001155,0.008707,-0.003750,0.000000,0.001920,0.1100,0.000000,0.003750,0.00001406,-0.025000,0.1100,0.000000
1771570552.872310,12.032953,0.031798,-0.003750,0.000000,0.001920,0.1100,0.000000,0.003750,0.00001406,-0.025000,0.1100,0.000000
1771570552.880874,12.041517,0.008564,-0.003750,0.000000,0.001920,0.1100,0.000000,0.003750,0.00001406,-0.025000,0.1100,0.000000
1771570552.911228,12.071871,0.030354,-0.003750,0.000000,0.001920,0.1100,0.000000,0.003750,0.00001406,-0.025000,0.1100,0.000000
1771570552.919862,12.080505,0.008634,-0.003750,0.000000,0.001920,0.1100,0.000000,0.003750,0.00001406,-0.025000,0.1100,0.000000
1771570552.952347,12.112990,0.032485,-0.003750,0.000000,0.001920,0.1100,0.000000,0.003750,0.00001406,-0.025000,0.1100,0.000000
1771570552.960714,12.121357,0.008367,-0.003750,0.000000,0.001920,0.1100,0.000000,0.003750,0.00001406,-0.025000,0.1100,0.000000
1771570552.990854,12.151497,0.030139,-0.003750,0.000000,0.001920,0.1100,0.000000,0.003750,0.00001406,-0.025000,0.1100,0.000000
1771570553.000691,12.161334,0.009838,-0.003750,0.000000,0.001920,0.1100,0.000000,0.003750,0.00001406,-0.025000,0.1100,0.000000
1771570553.030854,12.191497,0.030163,-0.003750,0.000000,0.001920,0.1100,0.000000,0.003750,0.00001406,-0.025000,0.1100,0.000000
1771570553.040378,12.201021,0.009524,-0.003750,0.000000,0.001920,0.1100,0.000000,0.003750,0.00001406,-0.025000,0.1100,0.000000
1771570553.072621,12.233264,0.032243,-0.003750,0.000000,0.001920,0.1100,0.000000,0.003750,0.00001406,-0.025000,0.1100,0.000000
1771570553.080550,12.241193,0.007929,-0.003750,0.000000,0.001920,0.1100,0.000000,0.003750,0.00001406,-0.025000,0.1100,0.000000
1771570553.113298,12.273941,0.032748,-0.003750,0.000000,0.001920,0.1100,0.000000,0.003750,0.00001406,-0.025000,0.1100,0.000000
1771570553.121557,12.282200,0.008259,-0.003750,0.000000,0.001920,0.1100,0.000000,0.003750,0.00001406,-0.025000,0.1100,0.000000
1771570553.151011,12.311654,0.029453,-0.003750,0.000000,0.001920,0.1100,0.000000,0.003750,0.00001406,-0.025000,0.1100,0.000000
1771570553.160096,12.320739,0.009085,-0.003750,0.000000,0.001920,0.1100,0.000000,0.003750,0.00001406,-0.025000,0.1100,0.000000
1771570553.192341,12.352984,0.032245,-0.003750,0.000000,0.001920,0.1100,0.000000,0.003750,0.00001406,-0.025000,0.1100,0.000000
1771570553.200740,12.361383,0.008399,-0.003750,0.000000,0.001920,0.1100,0.000000,0.003750,0.00001406,-0.025000,0.1100,0.000000
1771570553.231025,12.391668,0.030285,-0.003750,0.000000,0.001920,0.1100,0.000000,0.003750,0.00001406,-0.025000,0.1100,0.000000
1771570553.240566,12.401209,0.009541,-0.003750,0.000000,0.001920,0.1100,0.000000,0.003750,0.00001406,-0.025000,0.1100,0.000000
1771570553.271420,12.432063,0.030854,-0.003900,-0.004862,0.001920,0.1100,0.000000,0.003900,0.00001521,-0.026000,0.1100,0.000000
1771570553.279680,12.440323,0.008260,-0.003900,0.000000,0.001920,0.1100,0.000000,0.003900,0.00001521,-0.026000,0.1100,0.000000
1771570553.312190,12.472832,0.032509,-0.003900,0.000000,0.001920,0.1100,0.000000,0.003900,0.00001521,-0.026000,0.1100,0.000000
1771570553.320237,12.480880,0.008047,-0.003900,0.000000,0.001920,0.1100,0.000000,0.003900,0.00001521,-0.026000,0.1100,0.000000
1771570553.352016,12.512659,0.031779,-0.003900,0.000000,0.001920,0.1100,0.000000,0.003900,0.00001521,-0.026000,0.1100,0.000000
1771570553.360680,12.521323,0.008664,-0.003750,0.017313,0.001920,0.1100,0.000000,0.003750,0.00001406,-0.025000,0.1100,0.000000
1771570553.391882,12.552525,0.031203,-0.003900,-0.004807,0.001920,0.1100,0.000000,0.003900,0.00001521,-0.026000,0.1100,0.000000
1771570553.400731,12.561373,0.008848,-0.003900,0.000000,0.001920,0.1100,0.000000,0.003900,0.00001521,-0.026000,0.1100,0.000000
1771570553.431408,12.592051,0.030677,-0.003900,0.000000,0.001920,0.1100,0.000000,0.003900,0.00001521,-0.026000,0.1100,0.000000
1771570553.439698,12.600341,0.008291,-0.003900,0.000000,0.001920,0.1100,0.000000,0.003900,0.00001521,-0.026000,0.1100,0.000000
1771570553.471602,12.632245,0.031904,-0.003900,0.000000,0.001920,0.1100,0.000000,0.003900,0.00001521,-0.026000,0.1100,0.000000
1771570553.479769,12.640412,0.008167,-0.003900,0.000000,0.001920,0.1100,0.000000,0.003900,0.00001521,-0.026000,0.1100,0.000000
1771570553.511862,12.672505,0.032093,-0.003900,0.000000,0.001920,0.1100,0.000000,0.003900,0.00001521,-0.026000,0.1100,0.000000
1771570553.520861,12.681504,0.008999,-0.003750,0.016668,0.001920,0.1100,0.000000,0.003750,0.00001406,-0.025000,0.1100,0.000000
1771570553.551445,12.712088,0.030584,-0.003900,-0.004905,0.001920,0.1100,0.000000,0.003900,0.00001521,-0.026000,0.1100,0.000000
1771570553.559768,12.720411,0.008322,-0.003900,0.000000,0.001920,0.1100,0.000000,0.003900,0.00001521,-0.026000,0.1100,0.000000
1771570553.590856,12.751498,0.031088,-0.003750,0.004825,0.001920,0.1100,0.000000,0.003750,0.00001406,-0.025000,0.1100,0.000000
1771570553.600665,12.761307,0.009809,-0.003900,-0.015292,0.001920,0.1100,0.000000,0.003900,0.00001521,-0.026000,0.1100,0.000000
1771570553.631221,12.791864,0.030557,-0.003900,0.000000,0.001920,0.1100,0.000000,0.003900,0.00001521,-0.026000,0.1100,0.000000
1771570553.639636,12.800279,0.008415,-0.003900,0.000000,0.001920,0.1100,0.000000,0.003900,0.00001521,-0.026000,0.1100,0.000000
1771570553.671479,12.832122,0.031843,-0.003900,0.000000,0.001920,0.1100,0.000000,0.003900,0.00001521,-0.026000,0.1100,0.000000
1771570553.680878,12.841521,0.009399,-0.003900,0.000000,0.001920,0.1100,0.000000,0.003900,0.00001521,-0.026000,0.1100,0.000000
1771570553.711609,12.872252,0.030730,-0.003900,0.000000,0.001920,0.1100,0.000000,0.003900,0.00001521,-0.026000,0.1100,0.000000
1771570553.719861,12.880504,0.008252,-0.003900,0.000000,0.001920,0.1100,0.000000,0.003900,0.00001521,-0.026000,0.1100,0.000000
1771570553.752310,12.912952,0.032449,-0.003900,0.000000,0.001920,0.1100,0.000000,0.003900,0.00001521,-0.026000,0.1100,0.000000
1771570553.760379,12.921021,0.008069,-0.003900,0.000000,0.001920,0.1100,0.000000,0.003900,0.00001521,-0.026000,0.1100,0.000000
1771570553.792646,12.953289,0.032267,-0.003750,0.004649,0.001920,0.1100,0.000000,0.003750,0.00001406,-0.025000,0.1100,0.000000
1771570553.800839,12.961482,0.008193,-0.003900,-0.018308,0.001920,0.1100,0.000000,0.003900,0.00001521,-0.026000,0.1100,0.000000
1771570553.831051,12.991694,0.030212,-0.003750,0.004965,0.001920,0.1100,0.000000,0.003750,0.00001406,-0.025000,0.1100,0.000000
1771570553.841416,13.002059,0.010365,-0.003900,-0.014472,0.001920,0.1100,0.000000,0.003900,0.00001521,-0.026000,0.1100,0.000000
1771570553.872299,13.032942,0.030883,-0.003900,0.000000,0.001920,0.1100,0.000000,0.003900,0.00001521,-0.026000,0.1100,0.000000
1771570553.880512,13.041154,0.008212,-0.003750,0.018266,0.001920,0.1100,0.000000,0.003750,0.00001406,-0.025000,0.1100,0.000000
1771570553.912381,13.073024,0.031869,-0.003750,0.000000,0.001920,0.1100,0.000000,0.003750,0.00001406,-0.025000,0.1100,0.000000
1771570553.920650,13.081293,0.008269,-0.003750,0.000000,0.001920,0.1100,0.000000,0.003750,0.00001406,-0.025000,0.1100,0.000000
1771570553.952068,13.112711,0.031418,-0.003750,0.000000,0.001920,0.1100,0.000000,0.003750,0.00001406,-0.025000,0.1100,0.000000
1771570553.960259,13.120902,0.008191,-0.003900,-0.018312,0.001920,0.1100,0.000000,0.003900,0.00001521,-0.026000,0.1100,0.000000
1771570553.991941,13.152584,0.031682,-0.003900,0.000000,0.001920,0.1100,0.000000,0.003900,0.00001521,-0.026000,0.1100,0.000000
1771570554.000344,13.160987,0.008403,-0.003900,0.000000,0.001920,0.1100,0.000000,0.003900,0.00001521,-0.026000,0.1100,0.000000
1771570554.032724,13.193367,0.032380,-0.004050,-0.004633,0.001920,0.1100,0.000000,0.004050,0.00001640,-0.027000,0.1100,0.000000
1771570554.040843,13.201486,0.008120,-0.004050,0.000000,0.001920,0.1100,0.000000,0.004050,0.00001640,-0.027000,0.1100,0.000000
1771570554.071762,13.232405,0.030919,-0.004050,0.000000,0.001920,0.1100,0.000000,0.004050,0.00001640,-0.027000,0.1100,0.000000
1771570554.080126,13.240769,0.008364,-0.003900,0.017935,0.001920,0.1100,0.000000,0.003900,0.00001521,-0.026000,0.1100,0.000000
1771570554.112042,13.272685,0.031916,-0.003900,0.000000,0.001920,0.1100,0.000000,0.003900,0.00001521,-0.026000,0.1100,0.000000
1771570554.120614,13.281256,0.008572,-0.004050,-0.017500,0.001920,0.1100,0.000000,0.004050,0.00001640,-0.027000,0.1100,0.000000
1771570554.151259,13.311902,0.030646,-0.004050,0.000000,0.001920,0.1100,0.000000,0.004050,0.00001640,-0.027000,0.1100,0.000000
1771570554.160735,13.321378,0.009476,-0.004050,0.000000,0.001920,0.1100,0.000000,0.004050,0.00001640,-0.027000,0.1100,0.000000
1771570554.190840,13.351483,0.030105,-0.003750,0.009965,0.001920,0.1100,0.000000,0.003750,0.00001406,-0.025000,0.1100,0.000000
1771570554.200812,13.361455,0.009972,-0.003750,0.000000,0.001920,0.1100,0.000000,0.003750,0.00001406,-0.025000,0.1100,0.000000
1771570554.231516,13.392159,0.030704,-0.003750,0.000000,0.001920,0.1100,0.000000,0.003750,0.00001406,-0.025000,0.1100,0.000000
1771570554.240928,13.401571,0.009412,-0.003750,0.000000,0.001920,0.1100,0.000000,0.003750,0.00001406,-0.025000,0.1100,0.000000
1771570554.271333,13.431976,0.030405,-0.003750,0.000000,0.001920,0.1100,0.000000,0.003750,0.00001406,-0.025000,0.1100,0.000000
1771570554.279272,13.439914,0.007938,-0.003750,0.000000,0.001920,0.1100,0.000000,0.003750,0.00001406,-0.025000,0.1100,0.000000
1771570554.311545,13.472188,0.032273,-0.003900,-0.004648,0.001920,0.1100,0.000000,0.003900,0.00001521,-0.026000,0.1100,0.000000
1771570554.319848,13.480490,0.008303,-0.003900,0.000000,0.001920,0.1100,0.000000,0.003900,0.00001521,-0.026000,0.1100,0.000000
1771570554.352056,13.512699,0.032208,-0.003900,0.000000,0.001920,0.1100,0.000000,0.003900,0.00001521,-0.026000,0.1100,0.000000
1771570554.360422,13.521065,0.008366,-0.004050,-0.017930,0.001920,0.1100,0.000000,0.004050,0.00001640,-0.027000,0.1100,0.000000
1771570554.391605,13.552248,0.031183,-0.004050,0.000000,0.001920,0.1100,0.000000,0.004050,0.00001640,-0.027000,0.1100,0.000000
1771570554.399647,13.560290,0.008042,-0.004050,0.000000,0.001920,0.1100,0.000000,0.004050,0.00001640,-0.027000,0.1100,0.000000
1771570554.432585,13.593228,0.032938,-0.004050,0.000000,0.001920,0.1100,0.000000,0.004050,0.00001640,-0.027000,0.1100,0.000000
1771570554.440880,13.601523,0.008295,-0.003900,0.018084,0.001920,0.1100,0.000000,0.003900,0.00001521,-0.026000,0.1100,0.000000
1771570554.471861,13.632504,0.030981,-0.003900,0.000000,0.001920,0.1100,0.000000,0.003900,0.00001521,-0.026000,0.1100,0.000000
1771570554.479733,13.640375,0.007872,-0.003900,0.000000,0.001920,0.1100,0.000000,0.003900,0.00001521,-0.026000,0.1100,0.000000
1771570554.511417,13.672060,0.031685,-0.003900,0.000000,0.001920,0.1100,0.000000,0.003900,0.00001521,-0.026000,0.1100,0.000000
1771570554.520138,13.680781,0.008721,-0.003900,0.000000,0.001920,0.1100,0.000000,0.003900,0.00001521,-0.026000,0.1100,0.000000
1771570554.551796,13.712439,0.031658,-0.003900,0.000000,0.001920,0.1100,0.000000,0.003900,0.00001521,-0.026000,0.1100,0.000000
1771570554.560165,13.720808,0.008369,-0.004050,-0.017923,0.001920,0.1100,0.000000,0.004050,0.00001640,-0.027000,0.1100,0.000000
1771570554.592054,13.752697,0.031889,-0.003900,0.004704,0.001920,0.1100,0.000000,0.003900,0.00001521,-0.026000,0.1100,0.000000
1771570554.600142,13.760785,0.008088,-0.003900,0.000000,0.001920,0.1100,0.000000,0.003900,0.00001521,-0.026000,0.1100,0.000000
1771570554.631732,13.792375,0.031590,-0.003750,0.004748,0.001920,0.1100,0.000000,0.003750,0.00001406,-0.025000,0.1100,0.000000
1771570554.640564,13.801207,0.008832,-0.003750,0.000000,0.001920,0.1100,0.000000,0.003750,0.00001406,-0.025000,0.1100,0.000000
1771570554.672722,13.833365,0.032158,-0.003750,0.000000,0.001920,0.1100,0.000000,0.003750,0.00001406,-0.025000,0.1100,0.000000
1771570554.680924,13.841567,0.008202,-0.003900,-0.018289,0.001920,0.1100,0.000000,0.003900,0.00001521,-0.026000,0.1100,0.000000
1771570554.710943,13.871586,0.030020,-0.003900,0.000000,0.001920,0.1100,0.000000,0.003900,0.00001521,-0.026000,0.1100,0.000000
1771570554.720866,13.881509,0.009922,-0.003750,0.015118,0.001920,0.1100,0.000000,0.003750,0.00001406,-0.025000,0.1100,0.000000
1771570554.752566,13.913208,0.031700,-0.003750,0.000000,0.001920,0.1100,0.000000,0.003750,0.00001406,-0.025000,0.1100,0.000000
1771570554.760536,13.921179,0.007971,-0.003900,-0.018819,0.001920,0.1100,0.000000,0.003900,0.00001521,-0.026000,0.1100,0.000000
1771570554.791096,13.951739,0.030560,-0.003900,0.000000,0.001920,0.1100,0.000000,0.003900,0.00001521,-0.026000,0.1100,0.000000
1771570554.800807,13.961450,0.009711,-0.003750,0.015447,0.001920,0.1100,0.000000,0.003750,0.00001406,-0.025000,0.1100,0.000000
1771570554.831910,13.992553,0.031103,-0.003900,-0.004823,0.001920,0.1100,0.000000,0.003900,0.00001521,-0.026000,0.1100,0.000000
1771570554.839828,14.000471,0.007918,-0.003900,0.000000,0.001920,0.1100,0.000000,0.003900,0.00001521,-0.026000,0.1100,0.000000
1771570554.871993,14.032636,0.032166,-0.003900,0.000000,0.001920,0.1100,0.000000,0.003900,0.00001521,-0.026000,0.1100,0.000000
1771570554.880131,14.040774,0.008138,-0.003900,0.000000,0.001920,0.1100,0.000000,0.003900,0.00001521,-0.026000,0.1100,0.000000
1771570554.911269,14.071912,0.031138,-0.003750,0.004817,0.001920,0.1100,0.000000,0.003750,0.00001406,-0.025000,0.1100,0.000000
1771570554.919407,14.080050,0.008138,-0.003900,-0.018432,0.001920,0.1100,0.000000,0.003900,0.00001521,-0.026000,0.1100,0.000000
1771570554.952496,14.113138,0.033088,-0.004050,-0.004533,0.001920,0.1100,0.000000,0.004050,0.00001640,-0.027000,0.1100,0.000000
1771570554.960534,14.121177,0.008038,-0.003900,0.018661,0.001920,0.1100,0.000000,0.003900,0.00001521,-0.026000,0.1100,0.000000
1771570554.991776,14.152419,0.031242,-0.003900,0.000000,0.001920,0.1100,0.000000,0.003900,0.00001521,-0.026000,0.1100,0.000000
1771570554.999598,14.160241,0.007822,-0.003750,0.019176,0.001920,0.1100,0.000000,0.003750,0.00001406,-0.025000,0.1100,0.000000
1771570555.031368,14.192011,0.031770,-0.003900,-0.004722,0.001920,0.1100,0.000000,0.003900,0.00001521,-0.026000,0.1100,0.000000
1771570555.040615,14.201258,0.009247,-0.004050,-0.016221,0.001920,0.1100,0.000000,0.004050,0.00001640,-0.027000,0.1100,0.000000
1771570555.071000,14.231643,0.030385,-0.004050,0.000000,0.001920,0.1100,0.000000,0.004050,0.00001640,-0.027000,0.1100,0.000000
1771570555.080750,14.241393,0.009750,-0.004050,0.000000,0.001920,0.1100,0.000000,0.004050,0.00001640,-0.027000,0.1100,0.000000
1771570555.111361,14.272004,0.030612,-0.004050,0.000000,0.001920,0.1100,0.000000,0.004050,0.00001640,-0.027000,0.1100,0.000000
1771570555.119609,14.280252,0.008248,-0.004050,0.000000,0.001920,0.1100,0.000000,0.004050,0.00001640,-0.027000,0.1100,0.000000
1771570555.151958,14.312600,0.032348,-0.004050,0.000000,0.001920,0.1100,0.000000,0.004050,0.00001640,-0.027000,0.1100,0.000000
1771570555.160355,14.320998,0.008398,-0.004050,0.000000,0.001920,0.1100,0.000000,0.004050,0.00001640,-0.027000,0.1100,0.000000
1771570555.192122,14.352765,0.031766,-0.004050,0.000000,0.001920,0.1100,0.000000,0.004050,0.00001640,-0.027000,0.1100,0.000000
1771570555.201010,14.361652,0.008888,-0.004050,0.000000,0.001920,0.1100,0.000000,0.004050,0.00001640,-0.027000,0.1100,0.000000
1771570555.231275,14.391918,0.030265,-0.004050,0.000000,0.001920,0.1100,0.000000,0.004050,0.00001640,-0.027000,0.1100,0.000000
1771570555.239625,14.400268,0.008350,-0.004050,0.000000,0.001920,0.1100,0.000000,0.004050,0.00001640,-0.027000,0.1100,0.000000
1771570555.271864,14.432507,0.032239,-0.004050,0.000000,0.001920,0.1100,0.000000,0.004050,0.00001640,-0.027000,0.1100,0.000000
1771570555.279847,14.440490,0.007984,-0.004050,0.000000,0.001920,0.1100,0.000000,0.004050,0.00001640,-0.027000,0.1100,0.000000
1771570555.311736,14.472379,0.031889,-0.004050,0.000000,0.001920,0.1100,0.000000,0.004050,0.00001640,-0.027000,0.1100,0.000000
1771570555.320374,14.481017,0.008637,-0.004050,0.000000,0.001920,0.1100,0.000000,0.004050,0.00001640,-0.027000,0.1100,0.000000
1771570555.350979,14.511622,0.030606,-0.004050,0.000000,0.001920,0.1100,0.000000,0.004050,0.00001640,-0.027000,0.1100,0.000000
1771570555.359790,14.520433,0.008811,-0.004050,0.000000,0.001920,0.1100,0.000000,0.004050,0.00001640,-0.027000,0.1100,0.000000
1771570555.392044,14.552687,0.032254,-0.004050,0.000000,0.001920,0.1100,0.000000,0.004050,0.00001640,-0.027000,0.1100,0.000000
1771570555.400154,14.560797,0.008110,-0.004050,0.000000,0.001920,0.1100,0.000000,0.004050,0.00001640,-0.027000,0.1100,0.000000
1771570555.431599,14.592242,0.031445,-0.004050,0.000000,0.001920,0.1100,0.000000,0.004050,0.00001640,-0.027000,0.1100,0.000000
1771570555.439402,14.600045,0.007803,-0.003900,0.019223,0.001920,0.1100,0.000000,0.003900,0.00001521,-0.026000,0.1100,0.000000
1771570555.470735,14.631378,0.031332,-0.003900,0.000000,0.001920,0.1100,0.000000,0.003900,0.00001521,-0.026000,0.1100,0.000000
1771570555.480636,14.641279,0.009901,-0.003750,0.015150,0.001920,0.1100,0.000000,0.003750,0.00001406,-0.025000,0.1100,0.000000
1771570555.511771,14.672414,0.031135,-0.003750,0.000000,0.001920,0.1100,0.000000,0.003750,0.00001406,-0.025000,0.1100,0.000000
1771570555.519815,14.680458,0.008044,-0.003900,-0.018647,0.001920,0.1100,0.000000,0.003900,0.00001521,-0.026000,0.1100,0.000000
1771570555.551379,14.712022,0.031564,-0.003900,0.000000,0.001920,0.1100,0.000000,0.003900,0.00001521,-0.026000,0.1100,0.000000
1771570555.561354,14.721997,0.009975,-0.003900,0.000000,0.001920,0.1100,0.000000,0.003900,0.00001521,-0.026000,0.1100,0.000000
1771570555.592057,14.752700,0.030703,-0.003900,0.000000,0.001920,0.1100,0.000000,0.003900,0.00001521,-0.026000,0.1100,0.000000
1771570555.600808,14.761451,0.008751,-0.004050,-0.017141,0.001920,0.1100,0.000000,0.004050,0.00001640,-0.027000,0.1100,0.000000
1771570555.631433,14.792076,0.030625,-0.003900,0.004898,0.001920,0.1100,0.000000,0.003900,0.00001521,-0.026000,0.1100,0.000000
1771570555.639915,14.800558,0.008482,-0.003900,0.000000,0.001920,0.1100,0.000000,0.003900,0.00001521,-0.026000,0.1100,0.000000
1771570555.671035,14.831678,0.031120,-0.004050,-0.004820,0.001920,0.1100,0.000000,0.004050,0.00001640,-0.027000,0.1100,0.000000
1771570555.679410,14.840053,0.008375,-0.004050,0.000000,0.001920,0.1100,0.000000,0.004050,0.00001640,-0.027000,0.1100,0.000000
1771570555.711899,14.872541,0.032489,-0.004050,0.000000,0.001920,0.1100,0.000000,0.004050,0.00001640,-0.027000,0.1100,0.000000
1771570555.719748,14.880391,0.007850,-0.004050,0.000000,0.001920,0.1100,0.000000,0.004050,0.00001640,-0.027000,0.1100,0.000000
1771570555.750854,14.911497,0.031106,-0.004050,0.000000,0.001920,0.1100,0.000000,0.004050,0.00001640,-0.027000,0.1100,0.000000
1771570555.761291,14.921933,0.010436,-0.004050,0.000000,0.001920,0.1100,0.000000,0.004050,0.00001640,-0.027000,0.1100,0.000000
1771570555.791475,14.952117,0.030184,-0.004050,0.000000,0.001920,0.1100,0.000000,0.004050,0.00001640,-0.027000,0.1100,0.000000
1771570555.800090,14.960733,0.008615,-0.004050,0.000000,0.001920,0.1100,0.000000,0.004050,0.00001640,-0.027000,0.1100,0.000000
1771570555.832140,14.992783,0.032050,-0.004050,0.000000,0.001920,0.1100,0.000000,0.004050,0.00001640,-0.027000,0.1100,0.000000
1771570555.840647,15.001289,0.008506,-0.004050,0.000000,0.001920,0.1100,0.000000,0.004050,0.00001640,-0.027000,0.1100,0.000000
1771570555.871337,15.031980,0.030691,-0.004050,0.000000,0.001920,0.1100,0.000000,0.004050,0.00001640,-0.027000,0.1100,0.000000
1771570555.879607,15.040250,0.008270,-0.004050,0.000000,0.001920,0.1100,0.000000,0.004050,0.00001640,-0.027000,0.1100,0.000000
1771570555.911750,15.072393,0.032143,-0.004050,0.000000,0.001920,0.1100,0.000000,0.004050,0.00001640,-0.027000,0.1100,0.000000
1771570555.920015,15.080657,0.008265,-0.004050,0.000000,0.001920,0.1100,0.000000,0.004050,0.00001640,-0.027000,0.1100,0.000000
1771570555.951819,15.112462,0.031805,-0.004050,0.000000,0.001920,0.1100,0.000000,0.004050,0.00001640,-0.027000,0.1100,0.000000
1771570555.960167,15.120810,0.008348,-0.003900,0.017969,0.001920,0.1100,0.000000,0.003900,0.00001521,-0.026000,0.1100,0.000000
1771570555.991520,15.152163,0.031353,-0.003900,0.000000,0.001920,0.1100,0.000000,0.003900,0.00001521,-0.026000,0.1100,0.000000
1771570556.000499,15.161142,0.008980,-0.003900,0.000000,0.001920,0.1100,0.000000,0.003900,0.00001521,-0.026000,0.1100,0.000000
1771570556.030803,15.191446,0.030304,-0.003900,0.000000,0.001920,0.1100,0.000000,0.003900,0.00001521,-0.026000,0.1100,0.000000
1771570556.041125,15.201768,0.010322,-0.003900,0.000000,0.001920,0.1100,0.000000,0.003900,0.00001521,-0.026000,0.1100,0.000000
1771570556.070858,15.231500,0.029732,-0.003900,0.000000,0.001920,0.1100,0.000000,0.003900,0.00001521,-0.026000,0.1100,0.000000
1771570556.080623,15.241266,0.009765,-0.003900,0.000000,0.001920,0.1100,0.000000,0.003900,0.00001521,-0.026000,0.1100,0.000000
1771570556.110947,15.271590,0.030325,-0.003900,0.000000,0.001920,0.1100,0.000000,0.003900,0.00001521,-0.026000,0.1100,0.000000
1771570556.121377,15.282020,0.010429,-0.003900,0.000000,0.001920,0.1100,0.000000,0.003900,0.00001521,-0.026000,0.1100,0.000000
1771570556.152114,15.312757,0.030737,-0.003900,0.000000,0.001920,0.1100,0.000000,0.003900,0.00001521,-0.026000,0.1100,0.000000
1771570556.159354,15.319997,0.007241,-0.003900,0.000000,0.001920,0.1100,0.000000,0.003900,0.00001521,-0.026000,0.1100,0.000000
1771570556.191429,15.352072,0.032075,-0.003900,0.000000,0.001920,0.1100,0.000000,0.003900,0.00001521,-0.026000,0.1100,0.000000
1771570556.199315,15.359958,0.007886,-0.003900,0.000000,0.001920,0.1100,0.000000,0.003900,0.00001521,-0.026000,0.1100,0.000000
1771570556.231937,15.392580,0.032622,-0.003900,0.000000,0.001920,0.1100,0.000000,0.003900,0.00001521,-0.026000,0.1100,0.000000
1771570556.240258,15.400901,0.008321,-0.003900,0.000000,0.001920,0.1100,0.000000,0.003900,0.00001521,-0.026000,0.1100,0.000000
1771570556.270825,15.431468,0.030567,-0.003900,0.000000,0.001920,0.1100,0.000000,0.003900,0.00001521,-0.026000,0.1100,0.000000
1771570556.279405,15.440048,0.008580,-0.003900,0.000000,0.001920,0.1100,0.000000,0.003900,0.00001521,-0.026000,0.1100,0.000000
1771570556.311514,15.472157,0.032109,-0.003900,0.000000,0.001920,0.1100,0.000000,0.003900,0.00001521,-0.026000,0.1100,0.000000
1771570556.319639,15.480282,0.008125,-0.003900,0.000000,0.001920,0.1100,0.000000,0.003900,0.00001521,-0.026000,0.1100,0.000000
1771570556.352065,15.512708,0.032426,-0.003900,0.000000,0.001920,0.1100,0.000000,0.003900,0.00001521,-0.026000,0.1100,0.000000
1771570556.360511,15.521154,0.008446,-0.003900,0.000000,0.001920,0.1100,0.000000,0.003900,0.00001521,-0.026000,0.1100,0.000000
1771570556.391118,15.551761,0.030607,-0.003900,0.000000,0.001920,0.1100,0.000000,0.003900,0.00001521,-0.026000,0.1100,0.000000
1771570556.400757,15.561399,0.009639,-0.003900,0.000000,0.001920,0.1100,0.000000,0.003900,0.00001521,-0.026000,0.1100,0.000000
1771570556.430794,15.591437,0.030038,-0.003900,0.000000,0.001920,0.1100,0.000000,0.003900,0.00001521,-0.026000,0.1100,0.000000
1771570556.440741,15.601384,0.009947,-0.003900,0.000000,0.001920,0.1100,0.000000,0.003900,0.00001521,-0.026000,0.1100,0.000000
1771570556.471873,15.632516,0.031132,-0.004050,-0.004818,0.001920,0.1100,0.000000,0.004050,0.00001640,-0.027000,0.1100,0.000000
1771570556.480140,15.640783,0.008267,-0.003900,0.018145,0.001920,0.1100,0.000000,0.003900,0.00001521,-0.026000,0.1100,0.000000
1771570556.511750,15.672393,0.031610,-0.003900,0.000000,0.001920,0.1100,0.000000,0.003900,0.00001521,-0.026000,0.1100,0.000000
1771570556.519359,15.680002,0.007610,-0.003900,0.000000,0.001920,0.1100,0.000000,0.003900,0.00001521,-0.026000,0.1100,0.000000
1771570556.551986,15.712629,0.032627,-0.003900,0.000000,0.001920,0.1100,0.000000,0.003900,0.00001521,-0.026000,0.1100,0.000000
1771570556.560005,15.720648,0.008019,-0.003900,0.000000,0.001920,0.1100,0.000000,0.003900,0.00001521,-0.026000,0.1100,0.000000
1771570556.592585,15.753228,0.032580,-0.003900,0.000000,0.001920,0.1100,0.000000,0.003900,0.00001521,-0.026000,0.1100,0.000000
1771570556.600958,15.761601,0.008373,-0.003900,0.000000,0.001920,0.1100,0.000000,0.003900,0.00001521,-0.026000,0.1100,0.000000
1771570556.631334,15.791977,0.030375,-0.003900,0.000000,0.001920,0.1100,0.000000,0.003900,0.00001521,-0.026000,0.1100,0.000000
1771570556.641221,15.801863,0.009887,-0.003900,0.000000,0.001920,0.1100,0.000000,0.003900,0.00001521,-0.026000,0.1100,0.000000
1771570556.671846,15.832489,0.030625,-0.003900,0.000000,0.001920,0.1100,0.000000,0.003900,0.00001521,-0.026000,0.1100,0.000000
1771570556.680374,15.841017,0.008528,-0.003900,0.000000,0.001920,0.1100,0.000000,0.003900,0.00001521,-0.026000,0.1100,0.000000
1771570556.711908,15.872551,0.031535,-0.003900,0.000000,0.001920,0.1100,0.000000,0.003900,0.00001521,-0.026000,0.1100,0.000000
1771570556.719122,15.879765,0.007214,-0.003900,0.000000,0.001920,0.1100,0.000000,0.003900,0.00001521,-0.026000,0.1100,0.000000
1771570556.751719,15.912362,0.032597,-0.003900,0.000000,0.001920,0.1100,0.000000,0.003900,0.00001521,-0.026000,0.1100,0.000000
1771570556.759668,15.920311,0.007949,-0.004050,-0.018871,0.001920,0.1100,0.000000,0.004050,0.00001640,-0.027000,0.1100,0.000000
1771570556.790895,15.951538,0.031227,-0.003900,0.004803,0.001920,0.1100,0.000000,0.003900,0.00001521,-0.026000,0.1100,0.000000
1771570556.799869,15.960512,0.008974,-0.003900,0.000000,0.001920,0.1100,0.000000,0.003900,0.00001521,-0.026000,0.1100,0.000000
1771570556.830936,15.991579,0.031067,-0.003900,0.000000,0.001920,0.1100,0.000000,0.003900,0.00001521,-0.026000,0.1100,0.000000
1771570556.839241,15.999884,0.008305,-0.004050,-0.018061,0.001920,0.1100,0.000000,0.004050,0.00001640,-0.027000,0.1100,0.000000
1771570556.871876,16.032519,0.032635,-0.003900,0.004596,0.001920,0.1100,0.000000,0.003900,0.00001521,-0.026000,0.1100,0.000000
1771570556.880290,16.040932,0.008414,-0.003900,0.000000,0.001920,0.1100,0.000000,0.003900,0.00001521,-0.026000,0.1100,0.000000
1771570556.911589,16.072232,0.031299,-0.003900,0.000000,0.001920,0.1100,0.000000,0.003900,0.00001521,-0.026000,0.1100,0.000000
1771570556.919844,16.080487,0.008255,-0.003900,0.000000,0.001920,0.1100,0.000000,0.003900,0.00001521,-0.026000,0.1100,0.000000
1771570556.950582,16.111225,0.030738,-0.003900,0.000000,0.001920,0.1100,0.000000,0.003900,0.00001521,-0.026000,0.1100,0.000000
1771570556.960626,16.121269,0.010044,-0.003900,0.000000,0.001920,0.1100,0.000000,0.003900,0.00001521,-0.026000,0.1100,0.000000
1771570556.990577,16.151220,0.029952,-0.003900,0.000000,0.001920,0.1100,0.000000,0.003900,0.00001521,-0.026000,0.1100,0.000000
1771570557.001379,16.162022,0.010802,-0.003900,0.000000,0.001920,0.1100,0.000000,0.003900,0.00001521,-0.026000,0.1100,0.000000
1771570557.030924,16.191567,0.029544,-0.003900,0.000000,0.001920,0.1100,0.000000,0.003900,0.00001521,-0.026000,0.1100,0.000000
1771570557.039593,16.200236,0.008670,-0.003900,0.000000,0.001920,0.1100,0.000000,0.003900,0.00001521,-0.026000,0.1100,0.000000
1771570557.071296,16.231939,0.031703,-0.003900,0.000000,0.001920,0.1100,0.000000,0.003900,0.00001521,-0.026000,0.1100,0.000000
1771570557.080126,16.240769,0.008830,-0.003750,0.016988,0.001920,0.1100,0.000000,0.003750,0.00001406,-0.025000,0.1100,0.000000
1771570557.110775,16.271418,0.030649,-0.003750,0.000000,0.001920,0.1100,0.000000,0.003750,0.00001406,-0.025000,0.1100,0.000000
1771570557.119519,16.280162,0.008744,-0.003750,0.000000,0.001920,0.1100,0.000000,0.003750,0.00001406,-0.025000,0.1100,0.000000
1771570557.150537,16.311179,0.031018,-0.003750,0.000000,0.001920,0.1100,0.000000,0.003750,0.00001406,-0.025000,0.1100,0.000000
1771570557.161082,16.321725,0.010546,-0.003750,0.000000,0.001920,0.1100,0.000000,0.003750,0.00001406,-0.025000,0.1100,0.000000
1771570557.192176,16.352818,0.031093,-0.003900,-0.004824,0.001920,0.1100,0.000000,0.003900,0.00001521,-0.026000,0.1100,0.000000
1771570557.200912,16.361555,0.008736,-0.003900,0.000000,0.001920,0.1100,0.000000,0.003900,0.00001521,-0.026000,0.1100,0.000000
1771570557.231253,16.391896,0.030341,-0.003900,0.000000,0.001920,0.1100,0.000000,0.003900,0.00001521,-0.026000,0.1100,0.000000
1771570557.240659,16.401302,0.009406,-0.003900,0.000000,0.001920,0.1100,0.000000,0.003900,0.00001521,-0.026000,0.1100,0.000000
1771570557.270501,16.431144,0.029843,-0.003900,0.000000,0.001920,0.1100,0.000000,0.003900,0.00001521,-0.026000,0.1100,0.000000
1771570557.280449,16.441092,0.009948,-0.003900,0.000000,0.001920,0.1100,0.000000,0.003900,0.00001521,-0.026000,0.1100,0.000000
1771570557.311834,16.472476,0.031385,-0.003750,0.004779,0.001920,0.1100,0.000000,0.003750,0.00001406,-0.025000,0.1100,0.000000
1771570557.319780,16.480422,0.007946,-0.003750,0.000000,0.001920,0.1100,0.000000,0.003750,0.00001406,-0.025000,0.1100,0.000000
1771570557.351070,16.511713,0.031290,-0.003900,-0.004794,0.001920,0.1100,0.000000,0.003900,0.00001521,-0.026000,0.1100,0.000000
1771570557.360441,16.521084,0.009371,-0.003750,0.016006,0.001920,0.1100,0.000000,0.003750,0.00001406,-0.025000,0.1100,0.000000
1771570557.390815,16.551458,0.030374,-0.003900,-0.004938,0.001920,0.1100,0.000000,0.003900,0.00001521,-0.026000,0.1100,0.000000
1771570557.400847,16.561490,0.010033,-0.003750,0.014951,0.001920,0.1100,0.000000,0.003750,0.00001406,-0.025000,0.1100,0.000000
1771570557.431253,16.591896,0.030406,-0.003750,0.000000,0.001920,0.1100,0.000000,0.003750,0.00001406,-0.025000,0.1100,0.000000
1771570557.440282,16.600925,0.009029,-0.003750,0.000000,0.001920,0.1100,0.000000,0.003750,0.00001406,-0.025000,0.1100,0.000000
1771570557.471359,16.632002,0.031077,-0.003750,0.000000,0.001920,0.1100,0.000000,0.003750,0.00001406,-0.025000,0.1100,0.000000
1771570557.479447,16.640090,0.008088,-0.003750,0.000000,0.001920,0.1100,0.000000,0.003750,0.00001406,-0.025000,0.1100,0.000000
1771570557.511904,16.672546,0.032456,-0.003750,0.000000,0.001920,0.1100,0.000000,0.003750,0.00001406,-0.025000,0.1100,0.000000
1771570557.520456,16.681098,0.008552,-0.003900,-0.017540,0.001920,0.1100,0.000000,0.003900,0.00001521,-0.026000,0.1100,0.000000
1771570557.550946,16.711589,0.030491,-0.003750,0.004920,0.001920,0.1100,0.000000,0.003750,0.00001406,-0.025000,0.1100,0.000000
1771570557.560155,16.720798,0.009209,-0.003750,0.000000,0.001920,0.1100,0.000000,0.003750,0.00001406,-0.025000,0.1100,0.000000
1771570557.591194,16.751837,0.031038,-0.003750,0.000000,0.001920,0.1100,0.000000,0.003750,0.00001406,-0.025000,0.1100,0.000000
1771570557.600609,16.761251,0.009415,-0.003750,0.000000,0.001920,0.1100,0.000000,0.003750,0.00001406,-0.025000,0.1100,0.000000
1771570557.630684,16.791327,0.030075,-0.003750,0.000000,0.001920,0.1100,0.000000,0.003750,0.00001406,-0.025000,0.1100,0.000000
1771570557.640602,16.801244,0.009918,-0.003900,-0.015124,0.001920,0.1100,0.000000,0.003900,0.00001521,-0.026000,0.1100,0.000000
1771570557.671676,16.832319,0.031075,-0.003900,0.000000,0.001920,0.1100,0.000000,0.003900,0.00001521,-0.026000,0.1100,0.000000
1771570557.679621,16.840263,0.007944,-0.003900,0.000000,0.001920,0.1100,0.000000,0.003900,0.00001521,-0.026000,0.1100,0.000000
1771570557.712693,16.873336,0.033072,-0.003900,0.000000,0.001920,0.1100,0.000000,0.003900,0.00001521,-0.026000,0.1100,0.000000
1771570557.719377,16.880020,0.006684,-0.003900,0.000000,0.001920,0.1100,0.000000,0.003900,0.00001521,-0.026000,0.1100,0.000000
1771570557.751612,16.912255,0.032235,-0.003750,0.004653,0.001920,0.1100,0.000000,0.003750,0.00001406,-0.025000,0.1100,0.000000
1771570557.760010,16.920653,0.008398,-0.003750,0.000000,0.001920,0.1100,0.000000,0.003750,0.00001406,-0.025000,0.1100,0.000000
1771570557.790992,16.951634,0.030982,-0.003750,0.000000,0.001920,0.1100,0.000000,0.003750,0.00001406,-0.025000,0.1100,0.000000
1771570557.799411,16.960054,0.008420,-0.003750,0.000000,0.001920,0.1100,0.000000,0.003750,0.00001406,-0.025000,0.1100,0.000000
1771570557.831621,16.992264,0.032210,-0.003750,0.000000,0.001920,0.1100,0.000000,0.003750,0.00001406,-0.025000,0.1100,0.000000
1771570557.839735,17.000378,0.008114,-0.003750,0.000000,0.001920,0.1100,0.000000,0.003750,0.00001406,-0.025000,0.1100,0.000000
1771570557.871709,17.032352,0.031974,-0.003900,-0.004691,0.001920,0.1100,0.000000,0.003900,0.00001521,-0.026000,0.1100,0.000000
1771570557.879935,17.040578,0.008226,-0.003900,0.000000,0.001920,0.1100,0.000000,0.003900,0.00001521,-0.026000,0.1100,0.000000
1771570557.912006,17.072649,0.032071,-0.003900,0.000000,0.001920,0.1100,0.000000,0.003900,0.00001521,-0.026000,0.1100,0.000000
1771570557.920481,17.081124,0.008475,-0.003900,0.000000,0.001920,0.1100,0.000000,0.003900,0.00001521,-0.026000,0.1100,0.000000
1771570557.951660,17.112303,0.031179,-0.003900,0.000000,0.001920,0.1100,0.000000,0.003900,0.00001521,-0.026000,0.1100,0.000000
1771570557.959859,17.120502,0.008199,-0.003900,0.000000,0.001920,0.1100,0.000000,0.003900,0.00001521,-0.026000,0.1100,0.000000
1771570557.991591,17.152234,0.031733,-0.003900,0.000000,0.001920,0.1100,0.000000,0.003900,0.00001521,-0.026000,0.1100,0.000000
1771570557.999748,17.160390,0.008156,-0.003900,0.000000,0.001920,0.1100,0.000000,0.003900,0.00001521,-0.026000,0.1100,0.000000
1771570558.030785,17.191427,0.031037,-0.003900,0.000000,0.001920,0.1100,0.000000,0.003900,0.00001521,-0.026000,0.1100,0.000000
1771570558.040754,17.201397,0.009969,-0.003900,0.000000,0.001920,0.1100,0.000000,0.003900,0.00001521,-0.026000,0.1100,0.000000
1771570558.071274,17.231917,0.030520,-0.003900,0.000000,0.001920,0.1100,0.000000,0.003900,0.00001521,-0.026000,0.1100,0.000000
1771570558.079780,17.240422,0.008506,-0.003900,0.000000,0.001920,0.1100,0.000000,0.003900,0.00001521,-0.026000,0.1100,0.000000
1771570558.110449,17.271092,0.030669,-0.003900,0.000000,0.001920,0.1100,0.000000,0.003900,0.00001521,-0.026000,0.1100,0.000000
1771570558.119924,17.280567,0.009475,-0.003900,0.000000,0.001920,0.1100,0.000000,0.003900,0.00001521,-0.026000,0.1100,0.000000
1771570558.151875,17.312518,0.031950,-0.003900,0.000000,0.001920,0.1100,0.000000,0.003900,0.00001521,-0.026000,0.1100,0.000000
1771570558.160630,17.321272,0.008755,-0.003900,0.000000,0.001920,0.1100,0.000000,0.003900,0.00001521,-0.026000,0.1100,0.000000
1771570558.191470,17.352113,0.030840,-0.003900,0.000000,0.001920,0.1100,0.000000,0.003900,0.00001521,-0.026000,0.1100,0.000000
1771570558.201338,17.361981,0.009868,-0.003900,0.000000,0.001920,0.1100,0.000000,0.003900,0.00001521,-0.026000,0.1100,0.000000
1771570558.230974,17.391617,0.029636,-0.003900,0.000000,0.001920,0.1100,0.000000,0.003900,0.00001521,-0.026000,0.1100,0.000000
1771570558.239285,17.399928,0.008311,-0.003900,0.000000,0.001920,0.1100,0.000000,0.003900,0.00001521,-0.026000,0.1100,0.000000
1771570558.270969,17.431612,0.031684,-0.003750,0.004734,0.001920,0.1100,0.000000,0.003750,0.00001406,-0.025000,0.1100,0.000000
1771570558.279412,17.440055,0.008443,-0.003750,0.000000,0.001920,0.1100,0.000000,0.003750,0.00001406,-0.025000,0.1100,0.000000
1771570558.311753,17.472396,0.032341,-0.003750,0.000000,0.001920,0.1100,0.000000,0.003750,0.00001406,-0.025000,0.1100,0.000000
1771570558.319812,17.480455,0.008059,-0.003900,-0.018612,0.001920,0.1100,0.000000,0.003900,0.00001521,-0.026000,0.1100,0.000000
1771570558.351155,17.511798,0.031343,-0.003900,0.000000,0.001920,0.1100,0.000000,0.003900,0.00001521,-0.026000,0.1100,0.000000
1771570558.359784,17.520427,0.008629,-0.003900,0.000000,0.001920,0.1100,0.000000,0.003900,0.00001521,-0.026000,0.1100,0.000000
1771570558.391357,17.552000,0.031573,-0.003750,0.004751,0.001920,0.1100,0.000000,0.003750,0.00001406,-0.025000,0.1100,0.000000
1771570558.399988,17.560631,0.008631,-0.003750,0.000000,0.001920,0.1100,0.000000,0.003750,0.00001406,-0.025000,0.1100,0.000000
1771570558.431795,17.592438,0.031807,-0.003750,0.000000,0.001920,0.1100,0.000000,0.003750,0.00001406,-0.025000,0.1100,0.000000
1771570558.440325,17.600967,0.008530,-0.003750,0.000000,0.001920,0.1100,0.000000,0.003750,0.00001406,-0.025000,0.1100,0.000000
1771570558.472388,17.633031,0.032064,-0.003750,0.000000,0.001920,0.1100,0.000000,0.003750,0.00001406,-0.025000,0.1100,0.000000
1771570558.480285,17.640928,0.007897,-0.003750,0.000000,0.001920,0.1100,0.000000,0.003750,0.00001406,-0.025000,0.1100,0.000000
1771570558.510748,17.671391,0.030463,-0.003750,0.000000,0.001920,0.1100,0.000000,0.003750,0.00001406,-0.025000,0.1100,0.000000
1771570558.520411,17.681054,0.009663,-0.003750,0.000000,0.001920,0.1100,0.000000,0.003750,0.00001406,-0.025000,0.1100,0.000000
1771570558.551807,17.712450,0.031395,-0.003750,0.000000,0.001920,0.1100,0.000000,0.003750,0.00001406,-0.025000,0.1100,0.000000
1771570558.560733,17.721376,0.008926,-0.003750,0.000000,0.001920,0.1100,0.000000,0.003750,0.00001406,-0.025000,0.1100,0.000000
1771570558.591354,17.751997,0.030621,-0.003900,-0.004899,0.001920,0.1100,0.000000,0.003900,0.00001521,-0.026000,0.1100,0.000000
1771570558.599845,17.760488,0.008491,-0.003750,0.017666,0.001920,0.1100,0.000000,0.003750,0.00001406,-0.025000,0.1100,0.000000
1771570558.630429,17.791072,0.030584,-0.003750,0.000000,0.001920,0.1100,0.000000,0.003750,0.00001406,-0.025000,0.1100,0.000000
1771570558.640415,17.801058,0.009986,-0.003750,0.000000,0.001920,0.1100,0.000000,0.003750,0.00001406,-0.025000,0.1100,0.000000
1771570558.672284,17.832927,0.031869,-0.003750,0.000000,0.001920,0.1100,0.000000,0.003750,0.00001406,-0.025000,0.1100,0.000000
1771570558.679074,17.839717,0.006790,-0.003750,0.000000,0.001920,0.1100,0.000000,0.003750,0.00001406,-0.025000,0.1100,0.000000
1771570558.712424,17.873066,0.033349,-0.003750,0.000000,0.001920,0.1100,0.000000,0.003750,0.00001406,-0.025000,0.1100,0.000000
1771570558.720188,17.880831,0.007764,-0.003750,0.000000,0.001920,0.1100,0.000000,0.003750,0.00001406,-0.025000,0.1100,0.000000
1771570558.751040,17.911683,0.030852,-0.003750,0.000000,0.001920,0.1100,0.000000,0.003750,0.00001406,-0.025000,0.1100,0.000000
1771570558.759105,17.919748,0.008065,-0.003900,-0.018598,0.001920,0.1100,0.000000,0.003900,0.00001521,-0.026000,0.1100,0.000000
1771570558.790869,17.951511,0.031763,-0.003900,0.000000,0.001920,0.1100,0.000000,0.003900,0.00001521,-0.026000,0.1100,0.000000
1771570558.799997,17.960640,0.009129,-0.003900,0.000000,0.001920,0.1100,0.000000,0.003900,0.00001521,-0.026000,0.1100,0.000000
1771570558.830655,17.991298,0.030658,-0.003750,0.004893,0.001920,0.1100,0.000000,0.003750,0.00001406,-0.025000,0.1100,0.000000
1771570558.839965,18.000607,0.009310,-0.003750,0.000000,0.001920,0.1100,0.000000,0.003750,0.00001406,-0.025000,0.1100,0.000000
1771570558.871825,18.032468,0.031861,-0.003750,0.000000,0.001920,0.1100,0.000000,0.003750,0.00001406,-0.025000,0.1100,0.000000
1771570558.879731,18.040374,0.007905,-0.003750,0.000000,0.001920,0.1100,0.000000,0.003750,0.00001406,-0.025000,0.1100,0.000000
1771570558.911172,18.071815,0.031441,-0.003900,-0.004771,0.001920,0.1100,0.000000,0.003900,0.00001521,-0.026000,0.1100,0.000000
1771570558.920098,18.080741,0.008926,-0.003750,0.016805,0.001920,0.1100,0.000000,0.003750,0.00001406,-0.025000,0.1100,0.000000
1771570558.951107,18.111750,0.031009,-0.003750,0.000000,0.001920,0.1100,0.000000,0.003750,0.00001406,-0.025000,0.1100,0.000000
1771570558.960207,18.120850,0.009100,-0.003750,0.000000,0.001920,0.1100,0.000000,0.003750,0.00001406,-0.025000,0.1100,0.000000
1771570558.990728,18.151371,0.030522,-0.003750,0.000000,0.001920,0.1100,0.000000,0.003750,0.00001406,-0.025000,0.1100,0.000000
1771570559.001369,18.162012,0.010641,-0.003750,0.000000,0.001920,0.1100,0.000000,0.003750,0.00001406,-0.025000,0.1100,0.000000
1771570559.031494,18.192137,0.030125,-0.003750,0.000000,0.001920,0.1100,0.000000,0.003750,0.00001406,-0.025000,0.1100,0.000000
1771570559.040357,18.201000,0.008863,-0.003750,0.000000,0.001920,0.1100,0.000000,0.003750,0.00001406,-0.025000,0.1100,0.000000
1771570559.071916,18.232559,0.031559,-0.003750,0.000000,0.002269,0.1300,0.000000,0.003750,0.00001406,-0.025000,0.1300,0.000000
1771570559.080959,18.241601,0.009042,-0.003750,0.000000,0.002269,0.1300,0.000000,0.003750,0.00001406,-0.025000,0.1300,0.000000
1771570559.110498,18.271141,0.029539,-0.003750,0.000000,0.002618,0.1500,0.000000,0.003750,0.00001406,-0.025000,0.1500,0.000000
1771570559.120551,18.281194,0.010053,-0.003750,0.000000,0.002618,0.1500,0.000000,0.003750,0.00001406,-0.025000,0.1500,0.000000
1771570559.151647,18.312290,0.031096,-0.003750,0.000000,0.002618,0.1500,0.000000,0.003750,0.00001406,-0.025000,0.1500,0.000000
1771570559.159238,18.319881,0.007591,-0.003750,0.000000,0.002618,0.1500,0.000000,0.003750,0.00001406,-0.025000,0.1500,0.000000
1771570559.191322,18.351964,0.032083,-0.003750,0.000000,0.002618,0.1500,0.000000,0.003750,0.00001406,-0.025000,0.1500,0.000000
1771570559.200033,18.360676,0.008712,-0.003750,0.000000,0.002618,0.1500,0.000000,0.003750,0.00001406,-0.025000,0.1500,0.000000
1771570559.231808,18.392451,0.031775,-0.003750,0.000000,0.002618,0.1500,0.000000,0.003750,0.00001406,-0.025000,0.1500,0.000000
1771570559.239800,18.400443,0.007991,-0.003750,0.000000,0.002618,0.1500,0.000000,0.003750,0.00001406,-0.025000,0.1500,0.000000
1771570559.271165,18.431808,0.031365,-0.003750,0.000000,0.002618,0.1500,0.000000,0.003750,0.00001406,-0.025000,0.1500,0.000000
1771570559.279126,18.439769,0.007961,-0.003750,0.000000,0.002618,0.1500,0.000000,0.003750,0.00001406,-0.025000,0.1500,0.000000
1771570559.311524,18.472167,0.032398,-0.003750,0.000000,0.002618,0.1500,0.000000,0.003750,0.00001406,-0.025000,0.1500,0.000000
1771570559.319629,18.480272,0.008105,-0.003750,0.000000,0.002618,0.1500,0.000000,0.003750,0.00001406,-0.025000,0.1500,0.000000
1771570559.350631,18.511274,0.031002,-0.003750,0.000000,0.002618,0.1500,0.000000,0.003750,0.00001406,-0.025000,0.1500,0.000000
1771570559.359246,18.519888,0.008614,-0.003750,0.000000,0.002618,0.1500,0.000000,0.003750,0.00001406,-0.025000,0.1500,0.000000
1771570559.391758,18.552401,0.032512,-0.003750,0.000000,0.002618,0.1500,0.000000,0.003750,0.00001406,-0.025000,0.1500,0.000000
1771570559.400738,18.561381,0.008981,-0.003750,0.000000,0.002618,0.1500,0.000000,0.003750,0.00001406,-0.025000,0.1500,0.000000
1771570559.431572,18.592215,0.030833,-0.003750,0.000000,0.002618,0.1500,0.000000,0.003750,0.00001406,-0.025000,0.1500,0.000000
1771570559.439564,18.600206,0.007992,-0.003750,0.000000,0.002618,0.1500,0.000000,0.003750,0.00001406,-0.025000,0.1500,0.000000
1771570559.471856,18.632499,0.032293,-0.003750,0.000000,0.002618,0.1500,0.000000,0.003750,0.00001406,-0.025000,0.1500,0.000000
1771570559.480069,18.640712,0.008213,-0.003750,0.000000,0.002618,0.1500,0.000000,0.003750,0.00001406,-0.025000,0.1500,0.000000
1771570559.511048,18.671691,0.030979,-0.003750,0.000000,0.002618,0.1500,0.000000,0.003750,0.00001406,-0.025000,0.1500,0.000000
1771570559.519941,18.680584,0.008893,-0.003750,0.000000,0.002618,0.1500,0.000000,0.003750,0.00001406,-0.025000,0.1500,0.000000
1771570559.550637,18.711280,0.030696,-0.003750,0.000000,0.002618,0.1500,0.000000,0.003750,0.00001406,-0.025000,0.1500,0.000000
1771570559.559035,18.719678,0.008398,-0.003750,0.000000,0.002618,0.1500,0.000000,0.003750,0.00001406,-0.025000,0.1500,0.000000
1771570559.590790,18.751433,0.031755,-0.003750,0.000000,0.002618,0.1500,0.000000,0.003750,0.00001406,-0.025000,0.1500,0.000000
1771570559.600360,18.761003,0.009570,-0.003750,0.000000,0.002618,0.1500,0.000000,0.003750,0.00001406,-0.025000,0.1500,0.000000
1771570559.630847,18.791490,0.030486,-0.003600,0.004920,0.002618,0.1500,0.000000,0.003600,0.00001296,-0.024000,0.1500,0.000000
1771570559.639417,18.800060,0.008570,-0.003750,-0.017502,0.002618,0.1500,0.000000,0.003750,0.00001406,-0.025000,0.1500,0.000000
1771570559.671394,18.832037,0.031977,-0.003750,0.000000,0.002618,0.1500,0.000000,0.003750,0.00001406,-0.025000,0.1500,0.000000
1771570559.679796,18.840439,0.008402,-0.003600,0.017853,0.002618,0.1500,0.000000,0.003600,0.00001296,-0.024000,0.1500,0.000000
1771570559.712302,18.872945,0.032506,-0.003750,-0.004615,0.002618,0.1500,0.000000,0.003750,0.00001406,-0.025000,0.1500,0.000000
1771570559.720408,18.881051,0.008106,-0.003900,-0.018505,0.002618,0.1500,0.000000,0.003900,0.00001521,-0.026000,0.1500,0.000000
1771570559.751409,18.912051,0.031001,-0.003750,0.004839,0.003491,0.2000,0.000000,0.003750,0.00001406,-0.025000,0.2000,0.000000
1771570559.759739,18.920382,0.008331,-0.003750,0.000000,0.003491,0.2000,0.000000,0.003750,0.00001406,-0.025000,0.2000,0.000000
1771570559.791274,18.951917,0.031534,-0.003600,0.004757,0.004189,0.2400,0.000000,0.003600,0.00001296,-0.024000,0.2400,0.000000
1771570559.799096,18.959738,0.007822,-0.003900,-0.038354,0.004189,0.2400,0.000000,0.003900,0.00001521,-0.026000,0.2400,0.000000
1771570559.831608,18.992250,0.032512,-0.003750,0.004614,0.004189,0.2400,0.000000,0.003750,0.00001406,-0.025000,0.2400,0.000000
1771570559.839733,19.000376,0.008125,-0.003750,0.000000,0.004189,0.2400,0.000000,0.003750,0.00001406,-0.025000,0.2400,0.000000
1771570559.870251,19.030894,0.030518,-0.003750,0.000000,0.004189,0.2400,0.000000,0.003750,0.00001406,-0.025000,0.2400,0.000000
1771570559.880142,19.040785,0.009891,-0.003900,-0.015166,0.004189,0.2400,0.000000,0.003900,0.00001521,-0.026000,0.2400,0.000000
1771570559.910420,19.071063,0.030279,-0.003600,0.009908,0.004189,0.2400,0.000000,0.003600,0.00001296,-0.024000,0.2400,0.000000
1771570559.920094,19.080737,0.009674,-0.003900,-0.031012,0.004189,0.2400,0.000000,0.003900,0.00001521,-0.026000,0.2400,0.000000
1771570559.953069,19.113712,0.032975,-0.003900,0.000000,0.004189,0.2400,0.000000,0.003900,0.00001521,-0.026000,0.2400,0.000000
1771570559.959617,19.120260,0.006549,-0.003900,0.000000,0.004189,0.2400,0.000000,0.003900,0.00001521,-0.026000,0.2400,0.000000
1771570559.990661,19.151304,0.031044,-0.003900,0.000000,0.004189,0.2400,0.000000,0.003900,0.00001521,-0.026000,0.2400,0.000000
1771570560.000341,19.160984,0.009680,-0.003750,0.015496,0.004189,0.2400,0.000000,0.003750,0.00001406,-0.025000,0.2400,0.000000
1771570560.031698,19.192341,0.031357,-0.003750,0.000000,0.004189,0.2400,0.000000,0.003750,0.00001406,-0.025000,0.2400,0.000000
1771570560.039831,19.200474,0.008133,-0.003750,0.000000,0.004189,0.2400,0.000000,0.003750,0.00001406,-0.025000,0.2400,0.000000
1771570560.071041,19.231684,0.031210,-0.003750,0.000000,0.004189,0.2400,0.000000,0.003750,0.00001406,-0.025000,0.2400,0.000000
1771570560.080036,19.240679,0.008995,-0.003750,0.000000,0.004189,0.2400,0.000000,0.003750,0.00001406,-0.025000,0.2400,0.000000
1771570560.110802,19.271445,0.030766,-0.003900,-0.004875,0.004189,0.2400,0.000000,0.003900,0.00001521,-0.026000,0.2400,0.000000
1771570560.118963,19.279606,0.008161,-0.003600,0.036760,0.004189,0.2400,0.000000,0.003600,0.00001296,-0.024000,0.2400,0.000000
1771570560.151211,19.311853,0.032247,-0.003750,-0.004652,0.004189,0.2400,0.000000,0.003750,0.00001406,-0.025000,0.2400,0.000000
1771570560.160073,19.320715,0.008862,-0.003600,0.016926,0.004189,0.2400,0.000000,0.003600,0.00001296,-0.024000,0.2400,0.000000
1771570560.191148,19.351790,0.031075,-0.003600,0.000000,0.004189,0.2400,0.000000,0.003600,0.00001296,-0.024000,0.2400,0.000000
1771570560.199617,19.360260,0.008469,-0.003600,0.000000,0.004189,0.2400,0.000000,0.003600,0.00001296,-0.024000,0.2400,0.000000
1771570560.230554,19.391197,0.030937,-0.003600,0.000000,0.004189,0.2400,0.000000,0.003600,0.00001296,-0.024000,0.2400,0.000000
1771570560.239117,19.399760,0.008563,-0.003600,0.000000,0.004189,0.2400,0.000000,0.003600,0.00001296,-0.024000,0.2400,0.000000
1771570560.271622,19.432265,0.032505,-0.003600,0.000000,0.004189,0.2400,0.000000,0.003600,0.00001296,-0.024000,0.2400,0.000000
1771570560.280472,19.441115,0.008849,-0.003750,-0.016950,0.004189,0.2400,0.000000,0.003750,0.00001406,-0.025000,0.2400,0.000000
1771570560.312687,19.473330,0.032216,-0.003900,-0.004656,0.004189,0.2400,0.000000,0.003900,0.00001521,-0.026000,0.2400,0.000000
1771570560.319612,19.480255,0.006925,-0.003900,0.000000,0.004189,0.2400,0.000000,0.003900,0.00001521,-0.026000,0.2400,0.000000
1771570560.351662,19.512305,0.032049,-0.003900,0.000000,0.004189,0.2400,0.000000,0.003900,0.00001521,-0.026000,0.2400,0.000000
1771570560.360712,19.521354,0.009050,-0.003900,0.000000,0.004189,0.2400,0.000000,0.003900,0.00001521,-0.026000,0.2400,0.000000
1771570560.391538,19.552181,0.030827,-0.003900,0.000000,0.004189,0.2400,0.000000,0.003900,0.00001521,-0.026000,0.2400,0.000000
1771570560.399262,19.559905,0.007723,-0.003750,0.019422,0.004189,0.2400,0.000000,0.003750,0.00001406,-0.025000,0.2400,0.000000
1771570560.431645,19.592288,0.032383,-0.003750,0.000000,0.004189,0.2400,0.000000,0.003750,0.00001406,-0.025000,0.2400,0.000000
1771570560.440269,19.600912,0.008624,-0.003900,-0.017394,0.004189,0.2400,0.000000,0.003900,0.00001521,-0.026000,0.2400,0.000000
1771570560.470651,19.631294,0.030382,-0.003600,0.009874,0.004538,0.2600,0.000000,0.003600,0.00001296,-0.024000,0.2600,0.000000
1771570560.480521,19.641164,0.009870,-0.003900,-0.030394,0.004538,0.2600,0.000000,0.003900,0.00001521,-0.026000,0.2600,0.000000
1771570560.510723,19.671365,0.030201,-0.003900,0.000000,0.004538,0.2600,0.000000,0.003900,0.00001521,-0.026000,0.2600,0.000000
1771570560.519744,19.680387,0.009022,-0.003900,0.000000,0.004538,0.2600,0.000000,0.003900,0.00001521,-0.026000,0.2600,0.000000
1771570560.551714,19.712357,0.031970,-0.003900,0.000000,0.004189,0.2400,0.000000,0.003900,0.00001521,-0.026000,0.2400,0.000000
1771570560.560728,19.721370,0.009014,-0.003600,0.033282,0.004189,0.2400,0.000000,0.003600,0.00001296,-0.024000,0.2400,0.000000
1771570560.591447,19.752090,0.030720,-0.003600,0.000000,0.004189,0.2400,0.000000,0.003600,0.00001296,-0.024000,0.2400,0.000000
1771570560.599863,19.760506,0.008416,-0.003750,-0.017824,0.004189,0.2400,0.000000,0.003750,0.00001406,-0.025000,0.2400,0.000000
1771570560.630421,19.791064,0.030559,-0.003600,0.004909,0.004189,0.2400,0.000000,0.003600,0.00001296,-0.024000,0.2400,0.000000
1771570560.638943,19.799586,0.008522,-0.003900,-0.035205,0.004189,0.2400,0.000000,0.003900,0.00001521,-0.026000,0.2400,0.000000
1771570560.671820,19.832463,0.032877,-0.003750,0.004562,0.004189,0.2400,0.000000,0.003750,0.00001406,-0.025000,0.2400,0.000000
1771570560.680027,19.840670,0.008207,-0.003750,0.000000,0.004189,0.2400,0.000000,0.003750,0.00001406,-0.025000,0.2400,0.000000
1771570560.711241,19.871884,0.031215,-0.003900,-0.004805,0.004189,0.2400,0.000000,0.003900,0.00001521,-0.026000,0.2400,0.000000
1771570560.719814,19.880457,0.008573,-0.003600,0.034994,0.004189,0.2400,0.000000,0.003600,0.00001296,-0.024000,0.2400,0.000000
1771570560.750256,19.910899,0.030442,-0.003600,0.000000,0.004189,0.2400,0.000000,0.003600,0.00001296,-0.024000,0.2400,0.000000
1771570560.760632,19.921274,0.010375,-0.003600,0.000000,0.004189,0.2400,0.000000,0.003600,0.00001296,-0.024000,0.2400,0.000000
1771570560.791557,19.952200,0.030926,-0.003600,0.000000,0.004189,0.2400,0.000000,0.003600,0.00001296,-0.024000,0.2400,0.000000
1771570560.799728,19.960371,0.008171,-0.003600,0.000000,0.004189,0.2400,0.000000,0.003600,0.00001296,-0.024000,0.2400,0.000000
1771570560.831306,19.991949,0.031578,-0.003600,0.000000,0.004189,0.2400,0.000000,0.003600,0.00001296,-0.024000,0.2400,0.000000
1771570560.839459,20.000102,0.008152,-0.003600,0.000000,0.004189,0.2400,0.000000,0.003600,0.00001296,-0.024000,0.2400,0.000000
1771570560.870674,20.031317,0.031215,-0.003600,0.000000,0.004189,0.2400,0.000000,0.003600,0.00001296,-0.024000,0.2400,0.000000
1771570560.879659,20.040302,0.008985,-0.003600,0.000000,0.004189,0.2400,0.000000,0.003600,0.00001296,-0.024000,0.2400,0.000000
1771570560.911125,20.071768,0.031466,-0.003600,0.000000,0.004189,0.2400,0.000000,0.003600,0.00001296,-0.024000,0.2400,0.000000
1771570560.920139,20.080782,0.009014,-0.003600,0.000000,0.004189,0.2400,0.000000,0.003600,0.00001296,-0.024000,0.2400,0.000000
1771570560.952564,20.113207,0.032425,-0.003600,0.000000,0.004189,0.2400,0.000000,0.003600,0.00001296,-0.024000,0.2400,0.000000
1771570560.960744,20.121387,0.008180,-0.003600,0.000000,0.004189,0.2400,0.000000,0.003600,0.00001296,-0.024000,0.2400,0.000000
1771570560.990416,20.151059,0.029672,-0.003600,0.000000,0.004189,0.2400,0.000000,0.003600,0.00001296,-0.024000,0.2400,0.000000
1771570560.999709,20.160352,0.009293,-0.003600,0.000000,0.004189,0.2400,0.000000,0.003600,0.00001296,-0.024000,0.2400,0.000000
1771570561.031554,20.192197,0.031845,-0.003600,0.000000,0.004189,0.2400,0.000000,0.003600,0.00001296,-0.024000,0.2400,0.000000
1771570561.040463,20.201106,0.008909,-0.003600,0.000000,0.004189,0.2400,0.000000,0.003600,0.00001296,-0.024000,0.2400,0.000000
1771570561.071639,20.232281,0.031175,-0.003600,0.000000,0.004189,0.2400,0.000000,0.003600,0.00001296,-0.024000,0.2400,0.000000
1771570561.080375,20.241018,0.008736,-0.003600,0.000000,0.004189,0.2400,0.000000,0.003600,0.00001296,-0.024000,0.2400,0.000000
1771570561.111014,20.271657,0.030639,-0.003600,0.000000,0.004189,0.2400,0.000000,0.003600,0.00001296,-0.024000,0.2400,0.000000
1771570561.119834,20.280477,0.008820,-0.003600,0.000000,0.004189,0.2400,0.000000,0.003600,0.00001296,-0.024000,0.2400,0.000000
1771570561.151302,20.311945,0.031468,-0.003600,0.000000,0.004189,0.2400,0.000000,0.003600,0.00001296,-0.024000,0.2400,0.000000
1771570561.160240,20.320883,0.008938,-0.003600,0.000000,0.004189,0.2400,0.000000,0.003600,0.00001296,-0.024000,0.2400,0.000000
1771570561.191628,20.352271,0.031388,-0.003600,0.000000,0.004189,0.2400,0.000000,0.003600,0.00001296,-0.024000,0.2400,0.000000
1771570561.200355,20.360998,0.008728,-0.003600,0.000000,0.004189,0.2400,0.000000,0.003600,0.00001296,-0.024000,0.2400,0.000000
1771570561.231004,20.391647,0.030649,-0.003600,0.000000,0.004189,0.2400,0.000000,0.003600,0.00001296,-0.024000,0.2400,0.000000
1771570561.239405,20.400048,0.008401,-0.003600,0.000000,0.004189,0.2400,0.000000,0.003600,0.00001296,-0.024000,0.2400,0.000000
1771570561.271757,20.432400,0.032351,-0.003600,0.000000,0.004189,0.2400,0.000000,0.003600,0.00001296,-0.024000,0.2400,0.000000
1771570561.279469,20.440112,0.007712,-0.003600,0.000000,0.004189,0.2400,0.000000,0.003600,0.00001296,-0.024000,0.2400,0.000000
1771570561.311365,20.472008,0.031896,-0.003600,0.000000,0.004189,0.2400,0.000000,0.003600,0.00001296,-0.024000,0.2400,0.000000
1771570561.320471,20.481113,0.009106,-0.003600,0.000000,0.004189,0.2400,0.000000,0.003600,0.00001296,-0.024000,0.2400,0.000000
1771570561.351250,20.511893,0.030779,-0.003600,0.000000,0.004189,0.2400,0.000000,0.003600,0.00001296,-0.024000,0.2400,0.000000
1771570561.359986,20.520628,0.008736,-0.003600,0.000000,0.004189,0.2400,0.000000,0.003600,0.00001296,-0.024000,0.2400,0.000000
1771570561.390581,20.551224,0.030595,-0.003600,0.000000,0.004189,0.2400,0.000000,0.003600,0.00001296,-0.024000,0.2400,0.000000
1771570561.398872,20.559515,0.008291,-0.003600,0.000000,0.004189,0.2400,0.000000,0.003600,0.00001296,-0.024000,0.2400,0.000000
1771570561.431556,20.592199,0.032684,-0.003600,0.000000,0.004538,0.2600,0.000000,0.003600,0.00001296,-0.024000,0.2600,0.000000
1771570561.439698,20.600340,0.008141,-0.003600,0.000000,0.004538,0.2600,0.000000,0.003600,0.00001296,-0.024000,0.2600,0.000000
1771570561.470319,20.630961,0.030621,-0.003600,0.000000,0.004189,0.2400,0.000000,0.003600,0.00001296,-0.024000,0.2400,0.000000
1771570561.480508,20.641150,0.010189,-0.003600,0.000000,0.004189,0.2400,0.000000,0.003600,0.00001296,-0.024000,0.2400,0.000000
1771570561.510674,20.671317,0.030166,-0.003600,0.000000,0.004189,0.2400,0.000000,0.003600,0.00001296,-0.024000,0.2400,0.000000
1771570561.519862,20.680505,0.009188,-0.003600,0.000000,0.004189,0.2400,0.000000,0.003600,0.00001296,-0.024000,0.2400,0.000000
1771570561.550308,20.710951,0.030446,-0.003600,0.000000,0.004538,0.2600,0.000000,0.003600,0.00001296,-0.024000,0.2600,0.000000
1771570561.559471,20.720114,0.009163,-0.003600,0.000000,0.004538,0.2600,0.000000,0.003600,0.00001296,-0.024000,0.2600,0.000000
1771570561.591734,20.752377,0.032264,-0.003600,0.000000,0.004189,0.2400,0.000000,0.003600,0.00001296,-0.024000,0.2400,0.000000
1771570561.600612,20.761255,0.008878,-0.003600,0.000000,0.004189,0.2400,0.000000,0.003600,0.00001296,-0.024000,0.2400,0.000000
1771570561.630824,20.791467,0.030212,-0.003600,0.000000,0.004189,0.2400,0.000000,0.003600,0.00001296,-0.024000,0.2400,0.000000
1771570561.639030,20.799673,0.008206,-0.003600,0.000000,0.004189,0.2400,0.000000,0.003600,0.00001296,-0.024000,0.2400,0.000000
1771570561.670361,20.831004,0.031331,-0.003600,0.000000,0.004189,0.2400,0.000000,0.003600,0.00001296,-0.024000,0.2400,0.000000
1771570561.679658,20.840301,0.009297,-0.003600,0.000000,0.004189,0.2400,0.000000,0.003600,0.00001296,-0.024000,0.2400,0.000000
1771570561.710706,20.871349,0.031048,-0.003600,0.000000,0.004189,0.2400,0.000000,0.003600,0.00001296,-0.024000,0.2400,0.000000
1771570561.718929,20.879572,0.008223,-0.003600,0.000000,0.004189,0.2400,0.000000,0.003600,0.00001296,-0.024000,0.2400,0.000000
1771570561.750842,20.911485,0.031913,-0.003600,0.000000,0.004189,0.2400,0.000000,0.003600,0.00001296,-0.024000,0.2400,0.000000
1771570561.759378,20.920021,0.008536,-0.003600,0.000000,0.004189,0.2400,0.000000,0.003600,0.00001296,-0.024000,0.2400,0.000000
1771570561.791579,20.952222,0.032201,-0.003600,0.000000,0.004189,0.2400,0.000000,0.003600,0.00001296,-0.024000,0.2400,0.000000
1771570561.799780,20.960423,0.008201,-0.003600,0.000000,0.004189,0.2400,0.000000,0.003600,0.00001296,-0.024000,0.2400,0.000000
1771570561.831239,20.991882,0.031459,-0.003600,0.000000,0.004538,0.2600,0.000000,0.003600,0.00001296,-0.024000,0.2600,0.000000
1771570561.839945,21.000588,0.008706,-0.003600,0.000000,0.004538,0.2600,0.000000,0.003600,0.00001296,-0.024000,0.2600,0.000000
1771570561.871211,21.031854,0.031265,-0.003600,0.000000,0.004189,0.2400,0.000000,0.003600,0.00001296,-0.024000,0.2400,0.000000
1771570561.878897,21.039540,0.007686,-0.003600,0.000000,0.004189,0.2400,0.000000,0.003600,0.00001296,-0.024000,0.2400,0.000000
1771570561.911151,21.071794,0.032254,-0.003600,0.000000,0.004189,0.2400,0.000000,0.003600,0.00001296,-0.024000,0.2400,0.000000
1771570561.919325,21.079968,0.008174,-0.003600,0.000000,0.004189,0.2400,0.000000,0.003600,0.00001296,-0.024000,0.2400,0.000000
1771570561.951899,21.112542,0.032574,-0.003600,0.000000,0.004189,0.2400,0.000000,0.003600,0.00001296,-0.024000,0.2400,0.000000
1771570561.959881,21.120524,0.007982,-0.003600,0.000000,0.004189,0.2400,0.000000,0.003600,0.00001296,-0.024000,0.2400,0.000000
1771570561.992081,21.152724,0.032200,-0.003600,0.000000,0.004189,0.2400,0.000000,0.003600,0.00001296,-0.024000,0.2400,0.000000
1771570562.000280,21.160923,0.008199,-0.003600,0.000000,0.004189,0.2400,0.000000,0.003600,0.00001296,-0.024000,0.2400,0.000000
1771570562.030639,21.191282,0.030360,-0.003600,0.000000,0.004189,0.2400,0.000000,0.003600,0.00001296,-0.024000,0.2400,0.000000
1771570562.039352,21.199995,0.008713,-0.003600,0.000000,0.004189,0.2400,0.000000,0.003600,0.00001296,-0.024000,0.2400,0.000000
1771570562.071131,21.231774,0.031779,-0.003600,0.000000,0.004189,0.2400,0.000000,0.003600,0.00001296,-0.024000,0.2400,0.000000
1771570562.079771,21.240414,0.008640,-0.003600,0.000000,0.004189,0.2400,0.000000,0.003600,0.00001296,-0.024000,0.2400,0.000000
1771570562.110341,21.270984,0.030570,-0.003600,0.000000,0.004189,0.2400,0.000000,0.003600,0.00001296,-0.024000,0.2400,0.000000
1771570562.119971,21.280614,0.009630,-0.003600,0.000000,0.004189,0.2400,0.000000,0.003600,0.00001296,-0.024000,0.2400,0.000000
1771570562.150171,21.310814,0.030200,-0.003600,0.000000,0.004189,0.2400,0.000000,0.003600,0.00001296,-0.024000,0.2400,0.000000
1771570562.160268,21.320911,0.010098,-0.003600,0.000000,0.004189,0.2400,0.000000,0.003600,0.00001296,-0.024000,0.2400,0.000000
1771570562.191482,21.352124,0.031213,-0.003600,0.000000,0.004538,0.2600,0.000000,0.003600,0.00001296,-0.024000,0.2600,0.000000
1771570562.200895,21.361538,0.009414,-0.003600,0.000000,0.004538,0.2600,0.000000,0.003600,0.00001296,-0.024000,0.2600,0.000000
1771570562.231476,21.392119,0.030581,-0.003600,0.000000,0.004189,0.2400,0.000000,0.003600,0.00001296,-0.024000,0.2400,0.000000
1771570562.239923,21.400565,0.008447,-0.003600,0.000000,0.004189,0.2400,0.000000,0.003600,0.00001296,-0.024000,0.2400,0.000000
1771570562.270735,21.431378,0.030813,-0.003600,0.000000,0.004189,0.2400,0.000000,0.003600,0.00001296,-0.024000,0.2400,0.000000
1771570562.278682,21.439325,0.007947,-0.003600,0.000000,0.004189,0.2400,0.000000,0.003600,0.00001296,-0.024000,0.2400,0.000000
1771570562.310760,21.471403,0.032079,-0.003600,0.000000,0.004189,0.2400,0.000000,0.003600,0.00001296,-0.024000,0.2400,0.000000
1771570562.320053,21.480696,0.009293,-0.003600,0.000000,0.004189,0.2400,0.000000,0.003600,0.00001296,-0.024000,0.2400,0.000000
1771570562.351016,21.511658,0.030962,-0.003600,0.000000,0.004538,0.2600,0.000000,0.003600,0.00001296,-0.024000,0.2600,0.000000
1771570562.359406,21.520049,0.008390,-0.003600,0.000000,0.004538,0.2600,0.000000,0.003600,0.00001296,-0.024000,0.2600,0.000000
1771570562.391567,21.552210,0.032161,-0.003600,0.000000,0.004538,0.2600,0.000000,0.003600,0.00001296,-0.024000,0.2600,0.000000
1771570562.399813,21.560456,0.008246,-0.003600,0.000000,0.004538,0.2600,0.000000,0.003600,0.00001296,-0.024000,0.2600,0.000000
1771570562.431522,21.592165,0.031709,-0.003600,0.000000,0.004189,0.2400,0.000000,0.003600,0.00001296,-0.024000,0.2400,0.000000
1771570562.439744,21.600387,0.008222,-0.003600,0.000000,0.004189,0.2400,0.000000,0.003600,0.00001296,-0.024000,0.2400,0.000000
1771570562.470705,21.631348,0.030962,-0.003600,0.000000,0.004538,0.2600,0.000000,0.003600,0.00001296,-0.024000,0.2600,0.000000
1771570562.478853,21.639496,0.008147,-0.003600,0.000000,0.004538,0.2600,0.000000,0.003600,0.00001296,-0.024000,0.2600,0.000000
1771570562.510259,21.670902,0.031407,-0.003600,0.000000,0.004538,0.2600,0.000000,0.003600,0.00001296,-0.024000,0.2600,0.000000
1771570562.520355,21.680998,0.010095,-0.003600,0.000000,0.004538,0.2600,0.000000,0.003600,0.00001296,-0.024000,0.2600,0.000000
1771570562.551307,21.711950,0.030952,-0.003600,0.000000,0.004538,0.2600,0.000000,0.003600,0.00001296,-0.024000,0.2600,0.000000
1771570562.559356,21.719999,0.008049,-0.003600,0.000000,0.004538,0.2600,0.000000,0.003600,0.00001296,-0.024000,0.2600,0.000000
1771570562.591734,21.752377,0.032378,-0.003600,0.000000,0.004538,0.2600,0.000000,0.003600,0.00001296,-0.024000,0.2600,0.000000
1771570562.599814,21.760457,0.008080,-0.003600,0.000000,0.004538,0.2600,0.000000,0.003600,0.00001296,-0.024000,0.2600,0.000000
1771570562.630509,21.791152,0.030695,-0.003600,0.000000,0.004189,0.2400,0.000000,0.003600,0.00001296,-0.024000,0.2400,0.000000
1771570562.639592,21.800235,0.009083,-0.003600,0.000000,0.004189,0.2400,0.000000,0.003600,0.00001296,-0.024000,0.2400,0.000000
1771570562.671331,21.831974,0.031739,-0.003600,0.000000,0.004189,0.2400,0.000000,0.003600,0.00001296,-0.024000,0.2400,0.000000
1771570562.680196,21.840839,0.008865,-0.003600,0.000000,0.004189,0.2400,0.000000,0.003600,0.00001296,-0.024000,0.2400,0.000000
1771570562.710943,21.871586,0.030747,-0.003600,0.000000,0.004538,0.2600,0.000000,0.003600,0.00001296,-0.024000,0.2600,0.000000
1771570562.718737,21.879380,0.007794,-0.003600,0.000000,0.004538,0.2600,0.000000,0.003600,0.00001296,-0.024000,0.2600,0.000000
1771570562.750412,21.911055,0.031675,-0.003600,0.000000,0.004538,0.2600,0.000000,0.003600,0.00001296,-0.024000,0.2600,0.000000
1771570562.760287,21.920929,0.009874,-0.003600,0.000000,0.004538,0.2600,0.000000,0.003600,0.00001296,-0.024000,0.2600,0.000000
1771570562.791443,21.952086,0.031157,-0.003600,0.000000,0.004538,0.2600,0.000000,0.003600,0.00001296,-0.024000,0.2600,0.000000
1771570562.800958,21.961601,0.009515,-0.003600,0.000000,0.004538,0.2600,0.000000,0.003600,0.00001296,-0.024000,0.2600,0.000000
1771570562.831577,21.992219,0.030619,-0.003600,0.000000,0.004538,0.2600,0.000000,0.003600,0.00001296,-0.024000,0.2600,0.000000
1771570562.840023,22.000665,0.008446,-0.003600,0.000000,0.004538,0.2600,0.000000,0.003600,0.00001296,-0.024000,0.2600,0.000000
1771570562.870780,22.031423,0.030758,-0.003600,0.000000,0.004538,0.2600,0.000000,0.003600,0.00001296,-0.024000,0.2600,0.000000
1771570562.878906,22.039549,0.008126,-0.003600,0.000000,0.004538,0.2600,0.000000,0.003600,0.00001296,-0.024000,0.2600,0.000000
1771570562.910828,22.071470,0.031921,-0.003600,0.000000,0.004538,0.2600,0.000000,0.003600,0.00001296,-0.024000,0.2600,0.000000
1771570562.919453,22.080096,0.008625,-0.003600,0.000000,0.004538,0.2600,0.000000,0.003600,0.00001296,-0.024000,0.2600,0.000000
1771570562.950919,22.111562,0.031466,-0.003600,0.000000,0.004189,0.2400,0.000000,0.003600,0.00001296,-0.024000,0.2400,0.000000
1771570562.959224,22.119867,0.008305,-0.003600,0.000000,0.004189,0.2400,0.000000,0.003600,0.00001296,-0.024000,0.2400,0.000000
1771570562.991096,22.151739,0.031872,-0.003600,0.000000,0.004538,0.2600,0.000000,0.003600,0.00001296,-0.024000,0.2600,0.000000
1771570562.999013,22.159656,0.007917,-0.003600,0.000000,0.004538,0.2600,0.000000,0.003600,0.00001296,-0.024000,0.2600,0.000000
1771570563.030170,22.190813,0.031157,-0.003600,0.000000,0.004189,0.2400,0.000000,0.003600,0.00001296,-0.024000,0.2400,0.000000
1771570563.038721,22.199364,0.008551,-0.003600,0.000000,0.004189,0.2400,0.000000,0.003600,0.00001296,-0.024000,0.2400,0.000000
1771570563.071563,22.232205,0.032842,-0.003600,0.000000,0.004189,0.2400,0.000000,0.003600,0.00001296,-0.024000,0.2400,0.000000
1771570563.079259,22.239902,0.007697,-0.003600,0.000000,0.004189,0.2400,0.000000,0.003600,0.00001296,-0.024000,0.2400,0.000000
1771570563.111823,22.272465,0.032563,-0.003600,0.000000,0.004538,0.2600,0.000000,0.003600,0.00001296,-0.024000,0.2600,0.000000
1771570563.119976,22.280619,0.008154,-0.003600,0.000000,0.004538,0.2600,0.000000,0.003600,0.00001296,-0.024000,0.2600,0.000000
1771570563.150898,22.311541,0.030922,-0.003600,0.000000,0.004538,0.2600,0.000000,0.003600,0.00001296,-0.024000,0.2600,0.000000
1771570563.159509,22.320152,0.008611,-0.003600,0.000000,0.004538,0.2600,0.000000,0.003600,0.00001296,-0.024000,0.2600,0.000000
1771570563.190559,22.351202,0.031050,-0.003600,0.000000,0.004538,0.2600,0.000000,0.003600,0.00001296,-0.024000,0.2600,0.000000
1771570563.200167,22.360810,0.009608,-0.003600,0.000000,0.004538,0.2600,0.000000,0.003600,0.00001296,-0.024000,0.2600,0.000000
1771570563.230596,22.391239,0.030429,-0.003600,0.000000,0.004538,0.2600,0.000000,0.003600,0.00001296,-0.024000,0.2600,0.000000
1771570563.239886,22.400529,0.009290,-0.003600,0.000000,0.004538,0.2600,0.000000,0.003600,0.00001296,-0.024000,0.2600,0.000000
1771570563.270564,22.431206,0.030678,-0.003600,0.000000,0.004538,0.2600,0.000000,0.003600,0.00001296,-0.024000,0.2600,0.000000
1771570563.279597,22.440240,0.009034,-0.003600,0.000000,0.004538,0.2600,0.000000,0.003600,0.00001296,-0.024000,0.2600,0.000000
1771570563.310382,22.471025,0.030784,-0.003600,0.000000,0.004538,0.2600,0.000000,0.003600,0.00001296,-0.024000,0.2600,0.000000
1771570563.320230,22.480873,0.009849,-0.003600,0.000000,0.004538,0.2600,0.000000,0.003600,0.00001296,-0.024000,0.2600,0.000000
1771570563.352497,22.513140,0.032267,-0.003600,0.000000,0.004538,0.2600,0.000000,0.003600,0.00001296,-0.024000,0.2600,0.000000
1771570563.358963,22.519606,0.006466,-0.003600,0.000000,0.004538,0.2600,0.000000,0.003600,0.00001296,-0.024000,0.2600,0.000000
1771570563.391124,22.551767,0.032161,-0.003600,0.000000,0.004538,0.2600,0.000000,0.003600,0.00001296,-0.024000,0.2600,0.000000
1771570563.399069,22.559712,0.007945,-0.003600,0.000000,0.004538,0.2600,0.000000,0.003600,0.00001296,-0.024000,0.2600,0.000000
1771570563.431143,22.591786,0.032074,-0.003600,0.000000,0.004538,0.2600,0.000000,0.003600,0.00001296,-0.024000,0.2600,0.000000
1771570563.438983,22.599626,0.007841,-0.003600,0.000000,0.004538,0.2600,0.000000,0.003600,0.00001296,-0.024000,0.2600,0.000000
1771570563.470191,22.630834,0.031208,-0.003600,0.000000,0.004189,0.2400,0.000000,0.003600,0.00001296,-0.024000,0.2400,0.000000
1771570563.480563,22.641206,0.010372,-0.003600,0.000000,0.004189,0.2400,0.000000,0.003600,0.00001296,-0.024000,0.2400,0.000000
1771570563.510860,22.671503,0.030297,-0.003600,0.000000,0.004538,0.2600,0.000000,0.003600,0.00001296,-0.024000,0.2600,0.000000
1771570563.519836,22.680479,0.008976,-0.003600,0.000000,0.004538,0.2600,0.000000,0.003600,0.00001296,-0.024000,0.2600,0.000000
1771570563.550783,22.711426,0.030947,-0.003600,0.000000,0.004538,0.2600,0.000000,0.003600,0.00001296,-0.024000,0.2600,0.000000
1771570563.559249,22.719892,0.008466,-0.003600,0.000000,0.004538,0.2600,0.000000,0.003600,0.00001296,-0.024000,0.2600,0.000000
1771570563.590889,22.751532,0.031640,-0.003600,0.000000,0.004189,0.2400,0.000000,0.003600,0.00001296,-0.024000,0.2400,0.000000
1771570563.599220,22.759862,0.008331,-0.003600,0.000000,0.004189,0.2400,0.000000,0.003600,0.00001296,-0.024000,0.2400,0.000000
1771570563.631244,22.791887,0.032024,-0.003600,0.000000,0.004189,0.2400,0.000000,0.003600,0.00001296,-0.024000,0.2400,0.000000
1771570563.639431,22.800074,0.008187,-0.003600,0.000000,0.004189,0.2400,0.000000,0.003600,0.00001296,-0.024000,0.2400,0.000000
1771570563.670231,22.830874,0.030800,-0.003600,0.000000,0.004189,0.2400,0.000000,0.003600,0.00001296,-0.024000,0.2400,0.000000
1771570563.678712,22.839355,0.008481,-0.003600,0.000000,0.004189,0.2400,0.000000,0.003600,0.00001296,-0.024000,0.2400,0.000000
1771570563.711478,22.872120,0.032766,-0.003600,0.000000,0.004538,0.2600,0.000000,0.003600,0.00001296,-0.024000,0.2600,0.000000
1771570563.720520,22.881163,0.009043,-0.003600,0.000000,0.004538,0.2600,0.000000,0.003600,0.00001296,-0.024000,0.2600,0.000000
1771570563.750734,22.911377,0.030214,-0.003600,0.000000,0.004538,0.2600,0.000000,0.003600,0.00001296,-0.024000,0.2600,0.000000
1771570563.759176,22.919819,0.008442,-0.003600,0.000000,0.004538,0.2600,0.000000,0.003600,0.00001296,-0.024000,0.2600,0.000000
1771570563.790576,22.951219,0.031400,-0.003600,0.000000,0.004538,0.2600,0.000000,0.003600,0.00001296,-0.024000,0.2600,0.000000
1771570563.798911,22.959554,0.008335,-0.003600,0.000000,0.004538,0.2600,0.000000,0.003600,0.00001296,-0.024000,0.2600,0.000000
1771570563.830713,22.991356,0.031802,-0.003600,0.000000,0.004538,0.2600,0.000000,0.003600,0.00001296,-0.024000,0.2600,0.000000
1771570563.839997,23.000640,0.009284,-0.003600,0.000000,0.004538,0.2600,0.000000,0.003600,0.00001296,-0.024000,0.2600,0.000000
1771570563.870963,23.031606,0.030966,-0.003600,0.000000,0.004538,0.2600,0.000000,0.003600,0.00001296,-0.024000,0.2600,0.000000
1771570563.879270,23.039913,0.008307,-0.003600,0.000000,0.004538,0.2600,0.000000,0.003600,0.00001296,-0.024000,0.2600,0.000000
1771570563.910895,23.071538,0.031625,-0.003600,0.000000,0.004538,0.2600,0.000000,0.003600,0.00001296,-0.024000,0.2600,0.000000
1771570563.918662,23.079304,0.007766,-0.003600,0.000000,0.004538,0.2600,0.000000,0.003600,0.00001296,-0.024000,0.2600,0.000000
1771570563.950968,23.111611,0.032306,-0.003600,0.000000,0.004538,0.2600,0.000000,0.003600,0.00001296,-0.024000,0.2600,0.000000
1771570563.959117,23.119760,0.008149,-0.003600,0.000000,0.004538,0.2600,0.000000,0.003600,0.00001296,-0.024000,0.2600,0.000000
1771570563.990832,23.151474,0.031715,-0.003600,0.000000,0.004538,0.2600,0.000000,0.003600,0.00001296,-0.024000,0.2600,0.000000
1771570564.000651,23.161294,0.009819,-0.003600,0.000000,0.004538,0.2600,0.000000,0.003600,0.00001296,-0.024000,0.2600,0.000000
1771570564.031422,23.192065,0.030771,-0.003600,0.000000,0.004538,0.2600,0.000000,0.003600,0.00001296,-0.024000,0.2600,0.000000
1771570564.040374,23.201017,0.008952,-0.003600,0.000000,0.004538,0.2600,0.000000,0.003600,0.00001296,-0.024000,0.2600,0.000000
1771570564.071427,23.232070,0.031053,-0.003600,0.000000,0.004538,0.2600,0.000000,0.003600,0.00001296,-0.024000,0.2600,0.000000
1771570564.079555,23.240198,0.008128,-0.003600,0.000000,0.004538,0.2600,0.000000,0.003600,0.00001296,-0.024000,0.2600,0.000000
1771570564.110436,23.271079,0.030881,-0.003600,0.000000,0.004538,0.2600,0.000000,0.003600,0.00001296,-0.024000,0.2600,0.000000
1771570564.118700,23.279342,0.008263,-0.003600,0.000000,0.004538,0.2600,0.000000,0.003600,0.00001296,-0.024000,0.2600,0.000000
1771570564.150451,23.311094,0.031751,-0.003600,0.000000,0.004538,0.2600,0.000000,0.003600,0.00001296,-0.024000,0.2600,0.000000
1771570564.159380,23.320023,0.008929,-0.003600,0.000000,0.004538,0.2600,0.000000,0.003600,0.00001296,-0.024000,0.2600,0.000000
1771570564.191437,23.352080,0.032057,-0.003600,0.000000,0.004538,0.2600,0.000000,0.003600,0.00001296,-0.024000,0.2600,0.000000
1771570564.198849,23.359492,0.007412,-0.003600,0.000000,0.004538,0.2600,0.000000,0.003600,0.00001296,-0.024000,0.2600,0.000000
1771570564.230669,23.391312,0.031820,-0.003600,0.000000,0.004538,0.2600,0.000000,0.003600,0.00001296,-0.024000,0.2600,0.000000
1771570564.240122,23.400765,0.009453,-0.003600,0.000000,0.004538,0.2600,0.000000,0.003600,0.00001296,-0.024000,0.2600,0.000000
1771570564.270400,23.431042,0.030277,-0.003600,0.000000,0.004538,0.2600,0.000000,0.003600,0.00001296,-0.024000,0.2600,0.000000
1771570564.280164,23.440807,0.009765,-0.003600,0.000000,0.004538,0.2600,0.000000,0.003600,0.00001296,-0.024000,0.2600,0.000000
1771570564.311898,23.472540,0.031733,-0.003600,0.000000,0.004538,0.2600,0.000000,0.003600,0.00001296,-0.024000,0.2600,0.000000
1771570564.320006,23.480649,0.008109,-0.003600,0.000000,0.004538,0.2600,0.000000,0.003600,0.00001296,-0.024000,0.2600,0.000000
1771570564.350598,23.511241,0.030591,-0.003600,0.000000,0.004538,0.2600,0.000000,0.003600,0.00001296,-0.024000,0.2600,0.000000
1771570564.359521,23.520164,0.008923,-0.003600,0.000000,0.004538,0.2600,0.000000,0.003600,0.00001296,-0.024000,0.2600,0.000000
1771570564.390237,23.550879,0.030716,-0.003600,0.000000,0.004538,0.2600,0.000000,0.003600,0.00001296,-0.024000,0.2600,0.000000
1771570564.398890,23.559533,0.008654,-0.003600,0.000000,0.004538,0.2600,0.000000,0.003600,0.00001296,-0.024000,0.2600,0.000000
1771570564.430108,23.590750,0.031217,-0.003600,0.000000,0.004538,0.2600,0.000000,0.003600,0.00001296,-0.024000,0.2600,0.000000
1771570564.439502,23.600145,0.009395,-0.003600,0.000000,0.004538,0.2600,0.000000,0.003600,0.00001296,-0.024000,0.2600,0.000000
1771570564.469967,23.630610,0.030464,-0.003600,0.000000,0.004538,0.2600,0.000000,0.003600,0.00001296,-0.024000,0.2600,0.000000
1771570564.479951,23.640594,0.009984,-0.003600,0.000000,0.004538,0.2600,0.000000,0.003600,0.00001296,-0.024000,0.2600,0.000000
1771570564.510374,23.671016,0.030423,-0.003450,0.004931,0.004538,0.2600,0.000000,0.003450,0.00001190,-0.023000,0.2600,0.000000
1771570564.519141,23.679784,0.008768,-0.003600,-0.017108,0.004538,0.2600,0.000000,0.003600,0.00001296,-0.024000,0.2600,0.000000
1771570564.550908,23.711551,0.031767,-0.003600,0.000000,0.004538,0.2600,0.000000,0.003600,0.00001296,-0.024000,0.2600,0.000000
1771570564.559232,23.719874,0.008323,-0.003450,0.018021,0.004538,0.2600,0.000000,0.003450,0.00001190,-0.023000,0.2600,0.000000
1771570564.591316,23.751959,0.032084,-0.003450,0.000000,0.004538,0.2600,0.000000,0.003450,0.00001190,-0.023000,0.2600,0.000000
1771570564.600245,23.760887,0.008929,-0.003600,-0.016800,0.004538,0.2600,0.000000,0.003600,0.00001296,-0.024000,0.2600,0.000000
1771570564.630611,23.791254,0.030366,-0.003450,0.004940,0.004538,0.2600,0.000000,0.003450,0.00001190,-0.023000,0.2600,0.000000
1771570564.639127,23.799770,0.008516,-0.003450,0.000000,0.004538,0.2600,0.000000,0.003450,0.00001190,-0.023000,0.2600,0.000000
1771570564.670563,23.831206,0.031436,-0.003750,-0.009543,0.004538,0.2600,0.000000,0.003750,0.00001406,-0.025000,0.2600,0.000000
1771570564.679350,23.839993,0.008787,-0.003750,0.000000,0.004538,0.2600,0.000000,0.003750,0.00001406,-0.025000,0.2600,0.000000
1771570564.709797,23.870440,0.030447,-0.003750,0.000000,0.004538,0.2600,0.000000,0.003750,0.00001406,-0.025000,0.2600,0.000000
1771570564.719866,23.880508,0.010068,-0.003450,0.029797,0.004538,0.2600,0.000000,0.003450,0.00001190,-0.023000,0.2600,0.000000
1771570564.751202,23.911845,0.031337,-0.003450,0.000000,0.004538,0.2600,0.000000,0.003450,0.00001190,-0.023000,0.2600,0.000000
1771570564.759620,23.920263,0.008418,-0.003450,0.000000,0.004538,0.2600,0.000000,0.003450,0.00001190,-0.023000,0.2600,0.000000
1771570564.790971,23.951613,0.031351,-0.003450,0.000000,0.004538,0.2600,0.000000,0.003450,0.00001190,-0.023000,0.2600,0.000000
1771570564.799389,23.960032,0.008419,-0.003450,0.000000,0.004538,0.2600,0.000000,0.003450,0.00001190,-0.023000,0.2600,0.000000
1771570564.831233,23.991876,0.031844,-0.003450,0.000000,0.004538,0.2600,0.000000,0.003450,0.00001190,-0.023000,0.2600,0.000000
1771570564.839816,24.000459,0.008583,-0.003450,0.000000,0.004538,0.2600,0.000000,0.003450,0.00001190,-0.023000,0.2600,0.000000
1771570564.871021,24.031664,0.031205,-0.003450,0.000000,0.004538,0.2600,0.000000,0.003450,0.00001190,-0.023000,0.2600,0.000000
1771570564.879141,24.039783,0.008119,-0.003450,0.000000,0.004538,0.2600,0.000000,0.003450,0.00001190,-0.023000,0.2600,0.000000
1771570564.910876,24.071519,0.031736,-0.003450,0.000000,0.004538,0.2600,0.000000,0.003450,0.00001190,-0.023000,0.2600,0.000000
1771570564.919780,24.080423,0.008904,-0.003450,0.000000,0.004538,0.2600,0.000000,0.003450,0.00001190,-0.023000,0.2600,0.000000
1771570564.951187,24.111830,0.031407,-0.003450,0.000000,0.004538,0.2600,0.000000,0.003450,0.00001190,-0.023000,0.2600,0.000000
1771570564.958906,24.119549,0.007719,-0.003450,0.000000,0.004538,0.2600,0.000000,0.003450,0.00001190,-0.023000,0.2600,0.000000
1771570564.991107,24.151750,0.032201,-0.003450,0.000000,0.005061,0.2900,0.000000,0.003450,0.00001190,-0.023000,0.2900,0.000000
1771570565.000036,24.160679,0.008929,-0.003450,0.000000,0.005061,0.2900,0.000000,0.003450,0.00001190,-0.023000,0.2900,0.000000
1771570565.031101,24.191744,0.031065,-0.003450,0.000000,0.005061,0.2900,0.000000,0.003450,0.00001190,-0.023000,0.2900,0.000000
1771570565.040074,24.200717,0.008973,-0.003450,0.000000,0.005061,0.2900,0.000000,0.003450,0.00001190,-0.023000,0.2900,0.000000
1771570565.070825,24.231468,0.030751,-0.003450,0.000000,0.005061,0.2900,0.000000,0.003450,0.00001190,-0.023000,0.2900,0.000000
1771570565.079204,24.239847,0.008379,-0.003450,0.000000,0.005061,0.2900,0.000000,0.003450,0.00001190,-0.023000,0.2900,0.000000
1771570565.111051,24.271693,0.031847,-0.003450,0.000000,0.005061,0.2900,0.000000,0.003450,0.00001190,-0.023000,0.2900,0.000000
1771570565.119873,24.280516,0.008822,-0.003450,0.000000,0.005061,0.2900,0.000000,0.003450,0.00001190,-0.023000,0.2900,0.000000
1771570565.150322,24.310965,0.030449,-0.003450,0.000000,0.005061,0.2900,0.000000,0.003450,0.00001190,-0.023000,0.2900,0.000000
1771570565.158756,24.319399,0.008434,-0.003450,0.000000,0.005061,0.2900,0.000000,0.003450,0.00001190,-0.023000,0.2900,0.000000
1771570565.190556,24.351199,0.031800,-0.003450,0.000000,0.005061,0.2900,0.000000,0.003450,0.00001190,-0.023000,0.2900,0.000000
1771570565.199515,24.360158,0.008959,-0.003450,0.000000,0.005061,0.2900,0.000000,0.003450,0.00001190,-0.023000,0.2900,0.000000
1771570565.230423,24.391066,0.030908,-0.003450,0.000000,0.005061,0.2900,0.000000,0.003450,0.00001190,-0.023000,0.2900,0.000000
1771570565.239919,24.400562,0.009496,-0.003450,0.000000,0.005061,0.2900,0.000000,0.003450,0.00001190,-0.023000,0.2900,0.000000
1771570565.271799,24.432442,0.031880,-0.003450,0.000000,0.005061,0.2900,0.000000,0.003450,0.00001190,-0.023000,0.2900,0.000000
1771570565.279827,24.440470,0.008028,-0.003450,0.000000,0.005061,0.2900,0.000000,0.003450,0.00001190,-0.023000,0.2900,0.000000
1771570565.311329,24.471972,0.031502,-0.003450,0.000000,0.005061,0.2900,0.000000,0.003450,0.00001190,-0.023000,0.2900,0.000000
1771570565.319769,24.480412,0.008440,-0.003450,0.000000,0.005061,0.2900,0.000000,0.003450,0.00001190,-0.023000,0.2900,0.000000
1771570565.349992,24.510635,0.030223,-0.003450,0.000000,0.005061,0.2900,0.000000,0.003450,0.00001190,-0.023000,0.2900,0.000000
1771570565.359154,24.519797,0.009162,-0.003450,0.000000,0.005061,0.2900,0.000000,0.003450,0.00001190,-0.023000,0.2900,0.000000
1771570565.390301,24.550944,0.031147,-0.003450,0.000000,0.005061,0.2900,0.000000,0.003450,0.00001190,-0.023000,0.2900,0.000000
1771570565.398699,24.559342,0.008397,-0.003450,0.000000,0.005061,0.2900,0.000000,0.003450,0.00001190,-0.023000,0.2900,0.000000
1771570565.430514,24.591157,0.031815,-0.003450,0.000000,0.005061,0.2900,0.000000,0.003450,0.00001190,-0.023000,0.2900,0.000000
1771570565.438744,24.599387,0.008230,-0.003450,0.000000,0.005061,0.2900,0.000000,0.003450,0.00001190,-0.023000,0.2900,0.000000
1771570565.471287,24.631930,0.032543,-0.003450,0.000000,0.005061,0.2900,0.000000,0.003450,0.00001190,-0.023000,0.2900,0.000000
1771570565.480206,24.640849,0.008919,-0.003450,0.000000,0.005061,0.2900,0.000000,0.003450,0.00001190,-0.023000,0.2900,0.000000
1771570565.511048,24.671690,0.030842,-0.003450,0.000000,0.005061,0.2900,0.000000,0.003450,0.00001190,-0.023000,0.2900,0.000000
1771570565.519378,24.680021,0.008330,-0.003600,-0.018006,0.005061,0.2900,0.000000,0.003600,0.00001296,-0.024000,0.2900,0.000000
1771570565.551568,24.712211,0.032190,-0.003600,0.000000,0.005061,0.2900,0.000000,0.003600,0.00001296,-0.024000,0.2900,0.000000
1771570565.559522,24.720165,0.007954,-0.003600,0.000000,0.005061,0.2900,0.000000,0.003600,0.00001296,-0.024000,0.2900,0.000000
1771570565.590021,24.750664,0.030499,-0.003600,0.000000,0.005061,0.2900,0.000000,0.003600,0.00001296,-0.024000,0.2900,0.000000
1771570565.599677,24.760320,0.009656,-0.003600,0.000000,0.005061,0.2900,0.000000,0.003600,0.00001296,-0.024000,0.2900,0.000000
1771570565.630449,24.791092,0.030772,-0.003600,0.000000,0.005061,0.2900,0.000000,0.003600,0.00001296,-0.024000,0.2900,0.000000
1771570565.639363,24.800006,0.008914,-0.003600,0.000000,0.005061,0.2900,0.000000,0.003600,0.00001296,-0.024000,0.2900,0.000000
1771570565.670171,24.830814,0.030809,-0.003600,0.000000,0.005061,0.2900,0.000000,0.003600,0.00001296,-0.024000,0.2900,0.000000
1771570565.679749,24.840391,0.009577,-0.003600,0.000000,0.005061,0.2900,0.000000,0.003600,0.00001296,-0.024000,0.2900,0.000000
1771570565.710375,24.871018,0.030627,-0.003600,0.000000,0.005061,0.2900,0.000000,0.003600,0.00001296,-0.024000,0.2900,0.000000
1771570565.719981,24.880624,0.009606,-0.003450,0.015615,0.005061,0.2900,0.000000,0.003450,0.00001190,-0.023000,0.2900,0.000000
1771570565.750063,24.910706,0.030082,-0.003450,0.000000,0.005061,0.2900,0.000000,0.003450,0.00001190,-0.023000,0.2900,0.000000
1771570565.760030,24.920673,0.009968,-0.003450,0.000000,0.005061,0.2900,0.000000,0.003450,0.00001190,-0.023000,0.2900,0.000000
1771570565.790797,24.951440,0.030767,-0.003450,0.000000,0.005061,0.2900,0.000000,0.003450,0.00001190,-0.023000,0.2900,0.000000
1771570565.799045,24.959687,0.008247,-0.003600,-0.018188,0.005061,0.2900,0.000000,0.003600,0.00001296,-0.024000,0.2900,0.000000
1771570565.830687,24.991330,0.031642,-0.003600,0.000000,0.005061,0.2900,0.000000,0.003600,0.00001296,-0.024000,0.2900,0.000000
1771570565.838900,24.999542,0.008213,-0.003600,0.000000,0.005061,0.2900,0.000000,0.003600,0.00001296,-0.024000,0.2900,0.000000
1771570565.869978,25.030621,0.031078,-0.003450,0.004827,0.005061,0.2900,0.000000,0.003450,0.00001190,-0.023000,0.2900,0.000000
1771570565.879797,25.040440,0.009820,-0.003600,-0.015275,0.005061,0.2900,0.000000,0.003600,0.00001296,-0.024000,0.2900,0.000000
1771570565.911322,25.071965,0.031525,-0.003600,0.000000,0.005061,0.2900,0.000000,0.003600,0.00001296,-0.024000,0.2900,0.000000
1771570565.919388,25.080031,0.008065,-0.003600,0.000000,0.005061,0.2900,0.000000,0.003600,0.00001296,-0.024000,0.2900,0.000000
1771570565.951449,25.112092,0.032061,-0.003600,0.000000,0.005061,0.2900,0.000000,0.003600,0.00001296,-0.024000,0.2900,0.000000
1771570565.959669,25.120312,0.008220,-0.003600,0.000000,0.005061,0.2900,0.000000,0.003600,0.00001296,-0.024000,0.2900,0.000000
1771570565.990246,25.150889,0.030577,-0.003600,0.000000,0.005061,0.2900,0.000000,0.003600,0.00001296,-0.024000,0.2900,0.000000
1771570565.999878,25.160521,0.009632,-0.003600,0.000000,0.005061,0.2900,0.000000,0.003600,0.00001296,-0.024000,0.2900,0.000000
1771570566.031303,25.191946,0.031425,-0.003600,0.000000,0.005061,0.2900,0.000000,0.003600,0.00001296,-0.024000,0.2900,0.000000
1771570566.040265,25.200907,0.008962,-0.003600,0.000000,0.005061,0.2900,0.000000,0.003600,0.00001296,-0.024000,0.2900,0.000000
1771570566.070881,25.231524,0.030616,-0.003600,0.000000,0.005061,0.2900,0.000000,0.003600,0.00001296,-0.024000,0.2900,0.000000
1771570566.079160,25.239803,0.008279,-0.003450,0.018117,0.005061,0.2900,0.000000,0.003450,0.00001190,-0.023000,0.2900,0.000000
1771570566.110364,25.271007,0.031204,-0.003450,0.000000,0.005061,0.2900,0.000000,0.003450,0.00001190,-0.023000,0.2900,0.000000
1771570566.119392,25.280035,0.009027,-0.003600,-0.016616,0.005061,0.2900,0.000000,0.003600,0.00001296,-0.024000,0.2900,0.000000
1771570566.151113,25.311756,0.031721,-0.003600,0.000000,0.005061,0.2900,0.000000,0.003600,0.00001296,-0.024000,0.2900,0.000000
1771570566.159471,25.320114,0.008358,-0.003600,0.000000,0.005061,0.2900,0.000000,0.003600,0.00001296,-0.024000,0.2900,0.000000
1771570566.190659,25.351301,0.031188,-0.003600,0.000000,0.005061,0.2900,0.000000,0.003600,0.00001296,-0.024000,0.2900,0.000000
1771570566.198986,25.359629,0.008327,-0.003600,0.000000,0.005061,0.2900,0.000000,0.003600,0.00001296,-0.024000,0.2900,0.000000
1771570566.230352,25.390995,0.031366,-0.003600,0.000000,0.005061,0.2900,0.000000,0.003600,0.00001296,-0.024000,0.2900,0.000000
1771570566.240072,25.400715,0.009721,-0.003600,0.000000,0.005061,0.2900,0.000000,0.003600,0.00001296,-0.024000,0.2900,0.000000
1771570566.270363,25.431006,0.030290,-0.003600,0.000000,0.005061,0.2900,0.000000,0.003600,0.00001296,-0.024000,0.2900,0.000000
1771570566.279797,25.440440,0.009434,-0.003600,0.000000,0.005061,0.2900,0.000000,0.003600,0.00001296,-0.024000,0.2900,0.000000
1771570566.310979,25.471622,0.031182,-0.003600,0.000000,0.005061,0.2900,0.000000,0.003600,0.00001296,-0.024000,0.2900,0.000000
1771570566.318773,25.479415,0.007794,-0.003600,0.000000,0.005061,0.2900,0.000000,0.003600,0.00001296,-0.024000,0.2900,0.000000
1771570566.351137,25.511780,0.032364,-0.003600,0.000000,0.005061,0.2900,0.000000,0.003600,0.00001296,-0.024000,0.2900,0.000000
1771570566.359224,25.519867,0.008088,-0.003450,0.018547,0.005061,0.2900,0.000000,0.003450,0.00001190,-0.023000,0.2900,0.000000
1771570566.391754,25.552397,0.032530,-0.003450,0.000000,0.005061,0.2900,0.000000,0.003450,0.00001190,-0.023000,0.2900,0.000000
1771570566.399974,25.560617,0.008219,-0.003450,0.000000,0.005061,0.2900,0.000000,0.003450,0.00001190,-0.023000,0.2900,0.000000
1771570566.430176,25.590819,0.030202,-0.003450,0.000000,0.005061,0.2900,0.000000,0.003450,0.00001190,-0.023000,0.2900,0.000000
1771570566.440452,25.601095,0.010276,-0.003450,0.000000,0.005061,0.2900,0.000000,0.003450,0.00001190,-0.023000,0.2900,0.000000
1771570566.470657,25.631300,0.030205,-0.003450,0.000000,0.005061,0.2900,0.000000,0.003450,0.00001190,-0.023000,0.2900,0.000000
1771570566.478679,25.639322,0.008022,-0.003600,-0.018698,0.005061,0.2900,0.000000,0.003600,0.00001296,-0.024000,0.2900,0.000000
1771570566.510995,25.671638,0.032316,-0.003600,0.000000,0.005061,0.2900,0.000000,0.003600,0.00001296,-0.024000,0.2900,0.000000
1771570566.518947,25.679590,0.007952,-0.003450,0.018863,0.005061,0.2900,0.000000,0.003450,0.00001190,-0.023000,0.2900,0.000000
1771570566.552046,25.712689,0.033098,-0.003450,0.000000,0.005061,0.2900,0.000000,0.003450,0.00001190,-0.023000,0.2900,0.000000
1771570566.559899,25.720542,0.007854,-0.003450,0.000000,0.005061,0.2900,0.000000,0.003450,0.00001190,-0.023000,0.2900,0.000000
1771570566.591758,25.752401,0.031858,-0.003450,0.000000,0.005061,0.2900,0.000000,0.003450,0.00001190,-0.023000,0.2900,0.000000
1771570566.599657,25.760300,0.007899,-0.003450,0.000000,0.005061,0.2900,0.000000,0.003450,0.00001190,-0.023000,0.2900,0.000000
1771570566.630810,25.791453,0.031153,-0.003450,0.000000,0.005061,0.2900,0.000000,0.003450,0.00001190,-0.023000,0.2900,0.000000
1771570566.639250,25.799893,0.008440,-0.003450,0.000000,0.005061,0.2900,0.000000,0.003450,0.00001190,-0.023000,0.2900,0.000000
1771570566.670527,25.831170,0.031276,-0.003450,0.000000,0.005061,0.2900,0.000000,0.003450,0.00001190,-0.023000,0.2900,0.000000
1771570566.679312,25.839955,0.008785,-0.003450,0.000000,0.005061,0.2900,0.000000,0.003450,0.00001190,-0.023000,0.2900,0.000000
1771570566.711099,25.871742,0.031787,-0.003450,0.000000,0.005061,0.2900,0.000000,0.003450,0.00001190,-0.023000,0.2900,0.000000
1771570566.719489,25.880132,0.008391,-0.003450,0.000000,0.005061,0.2900,0.000000,0.003450,0.00001190,-0.023000,0.2900,0.000000
1771570566.750486,25.911129,0.030997,-0.003600,-0.004839,0.005061,0.2900,0.000000,0.003600,0.00001296,-0.024000,0.2900,0.000000
1771570566.758821,25.919463,0.008335,-0.003600,0.000000,0.005061,0.2900,0.000000,0.003600,0.00001296,-0.024000,0.2900,0.000000
1771570566.790597,25.951240,0.031776,-0.003600,0.000000,0.005061,0.2900,0.000000,0.003600,0.00001296,-0.024000,0.2900,0.000000
1771570566.799038,25.959681,0.008441,-0.003600,0.000000,0.005061,0.2900,0.000000,0.003600,0.00001296,-0.024000,0.2900,0.000000
1771570566.831246,25.991889,0.032208,-0.003600,0.000000,0.005061,0.2900,0.000000,0.003600,0.00001296,-0.024000,0.2900,0.000000
1771570566.839935,26.000578,0.008689,-0.003600,0.000000,0.005061,0.2900,0.000000,0.003600,0.00001296,-0.024000,0.2900,0.000000
1771570566.870551,26.031193,0.030616,-0.003600,0.000000,0.005061,0.2900,0.000000,0.003600,0.00001296,-0.024000,0.2900,0.000000
1771570566.878834,26.039477,0.008283,-0.003600,0.000000,0.005061,0.2900,0.000000,0.003600,0.00001296,-0.024000,0.2900,0.000000
1771570566.909945,26.070587,0.031111,-0.003600,0.000000,0.005061,0.2900,0.000000,0.003600,0.00001296,-0.024000,0.2900,0.000000
1771570566.920419,26.081062,0.010475,-0.003600,0.000000,0.005061,0.2900,0.000000,0.003600,0.00001296,-0.024000,0.2900,0.000000
1771570566.950542,26.111185,0.030123,-0.003450,0.004980,0.005061,0.2900,0.000000,0.003450,0.00001190,-0.023000,0.2900,0.000000
1771570566.959979,26.120622,0.009437,-0.003600,-0.015895,0.005061,0.2900,0.000000,0.003600,0.00001296,-0.024000,0.2900,0.000000
1771570566.990840,26.151483,0.030860,-0.003600,0.000000,0.005061,0.2900,0.000000,0.003600,0.00001296,-0.024000,0.2900,0.000000
1771570566.999192,26.159834,0.008352,-0.003600,0.000000,0.005061,0.2900,0.000000,0.003600,0.00001296,-0.024000,0.2900,0.000000
1771570567.031460,26.192103,0.032268,-0.003600,0.000000,0.005411,0.3100,0.000000,0.003600,0.00001296,-0.024000,0.3100,0.000000
1771570567.039729,26.200372,0.008269,-0.003600,0.000000,0.005411,0.3100,0.000000,0.003600,0.00001296,-0.024000,0.3100,0.000000
1771570567.069945,26.230588,0.030216,-0.003600,0.000000,0.005411,0.3100,0.000000,0.003600,0.00001296,-0.024000,0.3100,0.000000
1771570567.079828,26.240471,0.009883,-0.003600,0.000000,0.005411,0.3100,0.000000,0.003600,0.00001296,-0.024000,0.3100,0.000000
1771570567.110609,26.271251,0.030781,-0.003450,0.004873,0.005411,0.3100,0.000000,0.003450,0.00001190,-0.023000,0.3100,0.000000
1771570567.118503,26.279145,0.007894,-0.003450,0.000000,0.005411,0.3100,0.000000,0.003450,0.00001190,-0.023000,0.3100,0.000000
1771570567.151736,26.312379,0.033233,-0.003450,0.000000,0.005411,0.3100,0.000000,0.003450,0.00001190,-0.023000,0.3100,0.000000
1771570567.159955,26.320598,0.008219,-0.003450,0.000000,0.005411,0.3100,0.000000,0.003450,0.00001190,-0.023000,0.3100,0.000000
1771570567.190296,26.350939,0.030341,-0.003450,0.000000,0.005411,0.3100,0.000000,0.003450,0.00001190,-0.023000,0.3100,0.000000
1771570567.199783,26.360426,0.009487,-0.003450,0.000000,0.005411,0.3100,0.000000,0.003450,0.00001190,-0.023000,0.3100,0.000000
1771570567.230220,26.390863,0.030437,-0.003450,0.000000,0.005411,0.3100,0.000000,0.003450,0.00001190,-0.023000,0.3100,0.000000
1771570567.239712,26.400355,0.009492,-0.003450,0.000000,0.005411,0.3100,0.000000,0.003450,0.00001190,-0.023000,0.3100,0.000000
1771570567.270457,26.431099,0.030745,-0.003450,0.000000,0.005411,0.3100,0.000000,0.003450,0.00001190,-0.023000,0.3100,0.000000
1771570567.280277,26.440920,0.009821,-0.003450,0.000000,0.005411,0.3100,0.000000,0.003450,0.00001190,-0.023000,0.3100,0.000000
1771570567.310926,26.471569,0.030648,-0.003450,0.000000,0.005411,0.3100,0.000000,0.003450,0.00001190,-0.023000,0.3100,0.000000
1771570567.319421,26.480063,0.008495,-0.003600,-0.017658,0.005411,0.3100,0.000000,0.003600,0.00001296,-0.024000,0.3100,0.000000
1771570567.351681,26.512324,0.032260,-0.003450,0.004650,0.005411,0.3100,0.000000,0.003450,0.00001190,-0.023000,0.3100,0.000000
1771570567.359820,26.520463,0.008139,-0.003600,-0.018429,0.005411,0.3100,0.000000,0.003600,0.00001296,-0.024000,0.3100,0.000000
1771570567.390167,26.550810,0.030347,-0.003450,0.004943,0.005411,0.3100,0.000000,0.003450,0.00001190,-0.023000,0.3100,0.000000
1771570567.399666,26.560309,0.009499,-0.003600,-0.015791,0.005411,0.3100,0.000000,0.003600,0.00001296,-0.024000,0.3100,0.000000
1771570567.430031,26.590674,0.030365,-0.003600,0.000000,0.005411,0.3100,0.000000,0.003600,0.00001296,-0.024000,0.3100,0.000000
1771570567.438252,26.598895,0.008221,-0.003450,0.018246,0.005411,0.3100,0.000000,0.003450,0.00001190,-0.023000,0.3100,0.000000
1771570567.471054,26.631697,0.032802,-0.003750,-0.009146,0.005411,0.3100,0.000000,0.003750,0.00001406,-0.025000,0.3100,0.000000
1771570567.478833,26.639476,0.007780,-0.003750,0.000000,0.005411,0.3100,0.000000,0.003750,0.00001406,-0.025000,0.3100,0.000000
1771570567.510477,26.671120,0.031643,-0.003750,0.000000,0.005411,0.3100,0.000000,0.003750,0.00001406,-0.025000,0.3100,0.000000
1771570567.519354,26.679997,0.008877,-0.003750,0.000000,0.005411,0.3100,0.000000,0.003750,0.00001406,-0.025000,0.3100,0.000000
1771570567.551606,26.712249,0.032252,-0.003750,0.000000,0.005411,0.3100,0.000000,0.003750,0.00001406,-0.025000,0.3100,0.000000
1771570567.559878,26.720521,0.008272,-0.003600,0.018133,0.005411,0.3100,0.000000,0.003600,0.00001296,-0.024000,0.3100,0.000000
1771570567.590322,26.750965,0.030444,-0.003600,0.000000,0.005411,0.3100,0.000000,0.003600,0.00001296,-0.024000,0.3100,0.000000
1771570567.598979,26.759621,0.008657,-0.003600,0.000000,0.005411,0.3100,0.000000,0.003600,0.00001296,-0.024000,0.3100,0.000000
1771570567.631032,26.791675,0.032053,-0.003600,0.000000,0.005411,0.3100,0.000000,0.003600,0.00001296,-0.024000,0.3100,0.000000
1771570567.638829,26.799472,0.007798,-0.003450,0.019236,0.005411,0.3100,0.000000,0.003450,0.00001190,-0.023000,0.3100,0.000000
1771570567.671132,26.831775,0.032302,-0.003600,-0.004644,0.005411,0.3100,0.000000,0.003600,0.00001296,-0.024000,0.3100,0.000000
1771570567.679562,26.840204,0.008430,-0.003450,0.017794,0.005411,0.3100,0.000000,0.003450,0.00001190,-0.023000,0.3100,0.000000
1771570567.710729,26.871372,0.031167,-0.003600,-0.004813,0.005411,0.3100,0.000000,0.003600,0.00001296,-0.024000,0.3100,0.000000
1771570567.719553,26.880196,0.008824,-0.003600,0.000000,0.005411,0.3100,0.000000,0.003600,0.00001296,-0.024000,0.3100,0.000000
1771570567.750038,26.910681,0.030485,-0.003600,0.000000,0.005411,0.3100,0.000000,0.003600,0.00001296,-0.024000,0.3100,0.000000
1771570567.758503,26.919146,0.008466,-0.003600,0.000000,0.005411,0.3100,0.000000,0.003600,0.00001296,-0.024000,0.3100,0.000000
1771570567.790034,26.950677,0.031530,-0.003750,-0.004757,0.005411,0.3100,0.000000,0.003750,0.00001406,-0.025000,0.3100,0.000000
1771570567.799812,26.960455,0.009778,-0.003600,0.015341,0.005411,0.3100,0.000000,0.003600,0.00001296,-0.024000,0.3100,0.000000
1771570567.830684,26.991327,0.030873,-0.003600,0.000000,0.005411,0.3100,0.000000,0.003600,0.00001296,-0.024000,0.3100,0.000000
1771570567.838750,26.999393,0.008066,-0.003750,-0.018597,0.005411,0.3100,0.000000,0.003750,0.00001406,-0.025000,0.3100,0.000000
1771570567.870280,27.030923,0.031530,-0.003600,0.004757,0.005411,0.3100,0.000000,0.003600,0.00001296,-0.024000,0.3100,0.000000
1771570567.879224,27.039867,0.008944,-0.003600,0.000000,0.005411,0.3100,0.000000,0.003600,0.00001296,-0.024000,0.3100,0.000000
1771570567.910775,27.071418,0.031551,-0.003750,-0.004754,0.005411,0.3100,0.000000,0.003750,0.00001406,-0.025000,0.3100,0.000000
1771570567.919074,27.079717,0.008299,-0.003750,0.000000,0.005411,0.3100,0.000000,0.003750,0.00001406,-0.025000,0.3100,0.000000
1771570567.949721,27.110364,0.030647,-0.003600,0.004894,0.005411,0.3100,0.000000,0.003600,0.00001296,-0.024000,0.3100,0.000000
1771570567.959709,27.120352,0.009988,-0.003600,0.000000,0.005411,0.3100,0.000000,0.003600,0.00001296,-0.024000,0.3100,0.000000
1771570567.990534,27.151177,0.030825,-0.003600,0.000000,0.005411,0.3100,0.000000,0.003600,0.00001296,-0.024000,0.3100,0.000000
1771570567.999850,27.160492,0.009316,-0.003750,-0.016102,0.005411,0.3100,0.000000,0.003750,0.00001406,-0.025000,0.3100,0.000000
1771570568.030379,27.191022,0.030529,-0.003750,0.000000,0.005411,0.3100,0.000000,0.003750,0.00001406,-0.025000,0.3100,0.000000
1771570568.039063,27.199706,0.008684,-0.003750,0.000000,0.005411,0.3100,0.000000,0.003750,0.00001406,-0.025000,0.3100,0.000000
1771570568.071066,27.231709,0.032003,-0.003750,0.000000,0.005411,0.3100,0.000000,0.003750,0.00001406,-0.025000,0.3100,0.000000
1771570568.079447,27.240090,0.008381,-0.003750,0.000000,0.005411,0.3100,0.000000,0.003750,0.00001406,-0.025000,0.3100,0.000000
1771570568.110418,27.271061,0.030971,-0.003750,0.000000,0.005411,0.3100,0.000000,0.003750,0.00001406,-0.025000,0.3100,0.000000
1771570568.118906,27.279549,0.008488,-0.003750,0.000000,0.005411,0.3100,0.000000,0.003750,0.00001406,-0.025000,0.3100,0.000000
1771570568.151388,27.312031,0.032482,-0.003750,0.000000,0.005411,0.3100,0.000000,0.003750,0.00001406,-0.025000,0.3100,0.000000
1771570568.159317,27.319959,0.007929,-0.003750,0.000000,0.005411,0.3100,0.000000,0.003750,0.00001406,-0.025000,0.3100,0.000000
1771570568.189669,27.350312,0.030353,-0.003750,0.000000,0.005411,0.3100,0.000000,0.003750,0.00001406,-0.025000,0.3100,0.000000
1771570568.199584,27.360227,0.009915,-0.003750,0.000000,0.005411,0.3100,0.000000,0.003750,0.00001406,-0.025000,0.3100,0.000000
1771570568.230002,27.390645,0.030417,-0.003750,0.000000,0.005411,0.3100,0.000000,0.003750,0.00001406,-0.025000,0.3100,0.000000
1771570568.238379,27.399022,0.008377,-0.003750,0.000000,0.005411,0.3100,0.000000,0.003750,0.00001406,-0.025000,0.3100,0.000000
1771570568.271163,27.431806,0.032784,-0.003750,0.000000,0.005411,0.3100,0.000000,0.003750,0.00001406,-0.025000,0.3100,0.000000
1771570568.279484,27.440127,0.008321,-0.003750,0.000000,0.005411,0.3100,0.000000,0.003750,0.00001406,-0.025000,0.3100,0.000000
1771570568.310004,27.470647,0.030520,-0.003750,0.000000,0.005411,0.3100,0.000000,0.003750,0.00001406,-0.025000,0.3100,0.000000
1771570568.320647,27.481290,0.010643,-0.003750,0.000000,0.005411,0.3100,0.000000,0.003750,0.00001406,-0.025000,0.3100,0.000000
1771570568.350680,27.511323,0.030033,-0.003750,0.000000,0.005411,0.3100,0.000000,0.003750,0.00001406,-0.025000,0.3100,0.000000
1771570568.358883,27.519526,0.008203,-0.003750,0.000000,0.005411,0.3100,0.000000,0.003750,0.00001406,-0.025000,0.3100,0.000000
1771570568.390635,27.551278,0.031753,-0.003750,0.000000,0.005411,0.3100,0.000000,0.003750,0.00001406,-0.025000,0.3100,0.000000
1771570568.398744,27.559386,0.008108,-0.003600,0.018500,0.005411,0.3100,0.000000,0.003600,0.00001296,-0.024000,0.3100,0.000000
1771570568.429618,27.590261,0.030874,-0.003600,0.000000,0.005411,0.3100,0.000000,0.003600,0.00001296,-0.024000,0.3100,0.000000
1771570568.438818,27.599461,0.009201,-0.003600,0.000000,0.005411,0.3100,0.000000,0.003600,0.00001296,-0.024000,0.3100,0.000000
1771570568.471036,27.631679,0.032217,-0.003750,-0.004656,0.005411,0.3100,0.000000,0.003750,0.00001406,-0.025000,0.3100,0.000000
1771570568.479259,27.639902,0.008223,-0.003750,0.000000,0.005411,0.3100,0.000000,0.003750,0.00001406,-0.025000,0.3100,0.000000
1771570568.510113,27.670756,0.030855,-0.003750,0.000000,0.005411,0.3100,0.000000,0.003750,0.00001406,-0.025000,0.3100,0.000000
1771570568.519664,27.680307,0.009551,-0.003750,0.000000,0.005411,0.3100,0.000000,0.003750,0.00001406,-0.025000,0.3100,0.000000
1771570568.550380,27.711023,0.030716,-0.003750,0.000000,0.005411,0.3100,0.000000,0.003750,0.00001406,-0.025000,0.3100,0.000000
1771570568.558908,27.719551,0.008528,-0.003750,0.000000,0.005411,0.3100,0.000000,0.003750,0.00001406,-0.025000,0.3100,0.000000
1771570568.590949,27.751592,0.032042,-0.003750,0.000000,0.005411,0.3100,0.000000,0.003750,0.00001406,-0.025000,0.3100,0.000000
1771570568.598680,27.759323,0.007730,-0.003750,0.000000,0.005411,0.3100,0.000000,0.003750,0.00001406,-0.025000,0.3100,0.000000
1771570568.629910,27.790552,0.031230,-0.003750,0.000000,0.005411,0.3100,0.000000,0.003750,0.00001406,-0.025000,0.3100,0.000000
1771570568.638379,27.799022,0.008470,-0.003750,0.000000,0.005411,0.3100,0.000000,0.003750,0.00001406,-0.025000,0.3100,0.000000
1771570568.670602,27.831245,0.032223,-0.003750,0.000000,0.005411,0.3100,0.000000,0.003750,0.00001406,-0.025000,0.3100,0.000000
1771570568.678533,27.839176,0.007931,-0.003750,0.000000,0.005411,0.3100,0.000000,0.003750,0.00001406,-0.025000,0.3100,0.000000
1771570568.709639,27.870282,0.031106,-0.003750,0.000000,0.005411,0.3100,0.000000,0.003750,0.00001406,-0.025000,0.3100,0.000000
1771570568.719547,27.880190,0.009908,-0.003750,0.000000,0.005411,0.3100,0.000000,0.003750,0.00001406,-0.025000,0.3100,0.000000
1771570568.750529,27.911172,0.030982,-0.003600,0.004841,0.005411,0.3100,0.000000,0.003600,0.00001296,-0.024000,0.3100,0.000000
1771570568.758976,27.919619,0.008447,-0.003750,-0.017758,0.005411,0.3100,0.000000,0.003750,0.00001406,-0.025000,0.3100,0.000000
1771570568.791210,27.951853,0.032235,-0.003750,0.000000,0.005411,0.3100,0.000000,0.003750,0.00001406,-0.025000,0.3100,0.000000
1771570568.799174,27.959817,0.007964,-0.003750,0.000000,0.005411,0.3100,0.000000,0.003750,0.00001406,-0.025000,0.3100,0.000000
1771570568.830038,27.990680,0.030863,-0.003600,0.004860,0.005411,0.3100,0.000000,0.003600,0.00001296,-0.024000,0.3100,0.000000
1771570568.838725,27.999368,0.008688,-0.003600,0.000000,0.005411,0.3100,0.000000,0.003600,0.00001296,-0.024000,0.3100,0.000000
1771570568.870772,28.031415,0.032047,-0.003750,-0.004681,0.005411,0.3100,0.000000,0.003750,0.00001406,-0.025000,0.3100,0.000000
1771570568.879535,28.040178,0.008763,-0.003750,0.000000,0.005411,0.3100,0.000000,0.003750,0.00001406,-0.025000,0.3100,0.000000
1771570568.910862,28.071505,0.031327,-0.003750,0.000000,0.005411,0.3100,0.000000,0.003750,0.00001406,-0.025000,0.3100,0.000000
1771570568.919204,28.079846,0.008342,-0.003750,0.000000,0.005411,0.3100,0.000000,0.003750,0.00001406,-0.025000,0.3100,0.000000
1771570568.949677,28.110320,0.030473,-0.003750,0.000000,0.005411,0.3100,0.000000,0.003750,0.00001406,-0.025000,0.3100,0.000000
1771570568.958529,28.119171,0.008852,-0.003750,0.000000,0.005411,0.3100,0.000000,0.003750,0.00001406,-0.025000,0.3100,0.000000
1771570568.990113,28.150756,0.031584,-0.003750,0.000000,0.005411,0.3100,0.000000,0.003750,0.00001406,-0.025000,0.3100,0.000000
1771570568.998650,28.159293,0.008537,-0.003750,0.000000,0.005411,0.3100,0.000000,0.003750,0.00001406,-0.025000,0.3100,0.000000
1771570569.031043,28.191686,0.032393,-0.003750,0.000000,0.005411,0.3100,0.000000,0.003750,0.00001406,-0.025000,0.3100,0.000000
1771570569.039893,28.200536,0.008850,-0.003750,0.000000,0.005411,0.3100,0.000000,0.003750,0.00001406,-0.025000,0.3100,0.000000
1771570569.069650,28.230293,0.029757,-0.003750,0.000000,0.005411,0.3100,0.000000,0.003750,0.00001406,-0.025000,0.3100,0.000000
1771570569.079499,28.240142,0.009848,-0.003750,0.000000,0.005411,0.3100,0.000000,0.003750,0.00001406,-0.025000,0.3100,0.000000
1771570569.110214,28.270857,0.030715,-0.003750,0.000000,0.005411,0.3100,0.000000,0.003750,0.00001406,-0.025000,0.3100,0.000000
1771570569.118637,28.279279,0.008422,-0.003750,0.000000,0.005411,0.3100,0.000000,0.003750,0.00001406,-0.025000,0.3100,0.000000
1771570569.150070,28.310713,0.031433,-0.003750,0.000000,0.005411,0.3100,0.000000,0.003750,0.00001406,-0.025000,0.3100,0.000000
1771570569.158697,28.319340,0.008627,-0.003750,0.000000,0.005411,0.3100,0.000000,0.003750,0.00001406,-0.025000,0.3100,0.000000
1771570569.189909,28.350551,0.031211,-0.003750,0.000000,0.005411,0.3100,0.000000,0.003750,0.00001406,-0.025000,0.3100,0.000000
1771570569.199625,28.360268,0.009717,-0.003750,0.000000,0.005411,0.3100,0.000000,0.003750,0.00001406,-0.025000,0.3100,0.000000
1771570569.229793,28.390435,0.030168,-0.003750,0.000000,0.005411,0.3100,0.000000,0.003750,0.00001406,-0.025000,0.3100,0.000000
1771570569.238653,28.399296,0.008860,-0.003750,0.000000,0.005411,0.3100,0.000000,0.003750,0.00001406,-0.025000,0.3100,0.000000
1771570569.270913,28.431556,0.032260,-0.003750,0.000000,0.005411,0.3100,0.000000,0.003750,0.00001406,-0.025000,0.3100,0.000000
1771570569.278824,28.439467,0.007911,-0.003750,0.000000,0.005411,0.3100,0.000000,0.003750,0.00001406,-0.025000,0.3100,0.000000
1771570569.311621,28.472264,0.032797,-0.003750,0.000000,0.005411,0.3100,0.000000,0.003750,0.00001406,-0.025000,0.3100,0.000000
1771570569.318086,28.478729,0.006464,-0.003750,0.000000,0.005411,0.3100,0.000000,0.003750,0.00001406,-0.025000,0.3100,0.000000
1771570569.349934,28.510577,0.031848,-0.003750,0.000000,0.005411,0.3100,0.000000,0.003750,0.00001406,-0.025000,0.3100,0.000000
1771570569.359060,28.519703,0.009126,-0.003750,0.000000,0.005411,0.3100,0.000000,0.003750,0.00001406,-0.025000,0.3100,0.000000
1771570569.391023,28.551666,0.031962,-0.003750,0.000000,0.005411,0.3100,0.000000,0.003750,0.00001406,-0.025000,0.3100,0.000000
1771570569.399326,28.559968,0.008303,-0.003750,0.000000,0.005411,0.3100,0.000000,0.003750,0.00001406,-0.025000,0.3100,0.000000
1771570569.430763,28.591406,0.031437,-0.003750,0.000000,0.005411,0.3100,0.000000,0.003750,0.00001406,-0.025000,0.3100,0.000000
1771570569.438938,28.599581,0.008175,-0.003750,0.000000,0.005411,0.3100,0.000000,0.003750,0.00001406,-0.025000,0.3100,0.000000
1771570569.471352,28.631995,0.032414,-0.003750,0.000000,0.005411,0.3100,0.000000,0.003750,0.00001406,-0.025000,0.3100,0.000000
1771570569.479456,28.640099,0.008104,-0.003750,0.000000,0.005411,0.3100,0.000000,0.003750,0.00001406,-0.025000,0.3100,0.000000
1771570569.509661,28.670304,0.030204,-0.003750,0.000000,0.005411,0.3100,0.000000,0.003750,0.00001406,-0.025000,0.3100,0.000000
1771570569.519109,28.679751,0.009448,-0.003750,0.000000,0.005411,0.3100,0.000000,0.003750,0.00001406,-0.025000,0.3100,0.000000
1771570569.551689,28.712332,0.032581,-0.003750,0.000000,0.005411,0.3100,0.000000,0.003750,0.00001406,-0.025000,0.3100,0.000000
1771570569.558211,28.718854,0.006522,-0.003750,0.000000,0.005411,0.3100,0.000000,0.003750,0.00001406,-0.025000,0.3100,0.000000
1771570569.590678,28.751321,0.032467,-0.003750,0.000000,0.005411,0.3100,0.000000,0.003750,0.00001406,-0.025000,0.3100,0.000000
1771570569.598748,28.759391,0.008070,-0.003750,0.000000,0.005411,0.3100,0.000000,0.003750,0.00001406,-0.025000,0.3100,0.000000
1771570569.629769,28.790411,0.031021,-0.003750,0.000000,0.005411,0.3100,0.000000,0.003750,0.00001406,-0.025000,0.3100,0.000000
1771570569.638536,28.799179,0.008768,-0.003750,0.000000,0.005411,0.3100,0.000000,0.003750,0.00001406,-0.025000,0.3100,0.000000
1771570569.670264,28.830907,0.031728,-0.003750,0.000000,0.005411,0.3100,0.000000,0.003750,0.00001406,-0.025000,0.3100,0.000000
1771570569.679524,28.840167,0.009261,-0.003750,0.000000,0.005411,0.3100,0.000000,0.003750,0.00001406,-0.025000,0.3100,0.000000
1771570569.710466,28.871109,0.030941,-0.003750,0.000000,0.005411,0.3100,0.000000,0.003750,0.00001406,-0.025000,0.3100,0.000000
1771570569.720046,28.880689,0.009580,-0.003750,0.000000,0.005411,0.3100,0.000000,0.003750,0.00001406,-0.025000,0.3100,0.000000
1771570569.750466,28.911109,0.030420,-0.003750,0.000000,0.005411,0.3100,0.000000,0.003750,0.00001406,-0.025000,0.3100,0.000000
1771570569.758782,28.919425,0.008316,-0.003750,0.000000,0.005411,0.3100,0.000000,0.003750,0.00001406,-0.025000,0.3100,0.000000
1771570569.789897,28.950540,0.031115,-0.003750,0.000000,0.005411,0.3100,0.000000,0.003750,0.00001406,-0.025000,0.3100,0.000000
1771570569.798857,28.959500,0.008960,-0.003750,0.000000,0.005411,0.3100,0.000000,0.003750,0.00001406,-0.025000,0.3100,0.000000
1771570569.830957,28.991600,0.032100,-0.003750,0.000000,0.005411,0.3100,0.000000,0.003750,0.00001406,-0.025000,0.3100,0.000000
1771570569.839123,28.999765,0.008165,-0.003900,-0.018370,0.005411,0.3100,0.000000,0.003900,0.00001521,-0.026000,0.3100,0.000000
1771570569.869745,29.030387,0.030622,-0.003750,0.004898,0.005411,0.3100,0.000000,0.003750,0.00001406,-0.025000,0.3100,0.000000
1771570569.879667,29.040310,0.009923,-0.003900,-0.015117,0.005411,0.3100,0.000000,0.003900,0.00001521,-0.026000,0.3100,0.000000
1771570569.909718,29.070361,0.030051,-0.003750,0.004992,0.005411,0.3100,0.000000,0.003750,0.00001406,-0.025000,0.3100,0.000000
1771570569.918126,29.078769,0.008408,-0.003900,-0.017841,0.005411,0.3100,0.000000,0.003900,0.00001521,-0.026000,0.3100,0.000000
1771570569.951363,29.112006,0.033237,-0.003900,0.000000,0.005411,0.3100,0.000000,0.003900,0.00001521,-0.026000,0.3100,0.000000
1771570569.959625,29.120268,0.008262,-0.003900,0.000000,0.005411,0.3100,0.000000,0.003900,0.00001521,-0.026000,0.3100,0.000000
1771570569.990080,29.150723,0.030455,-0.003750,0.004925,0.005411,0.3100,0.000000,0.003750,0.00001406,-0.025000,0.3100,0.000000
1771570569.999066,29.159708,0.008985,-0.003900,-0.016694,0.005411,0.3100,0.000000,0.003900,0.00001521,-0.026000,0.3100,0.000000
1771570570.030015,29.190658,0.030949,-0.003750,0.004847,0.005411,0.3100,0.000000,0.003750,0.00001406,-0.025000,0.3100,0.000000
1771570570.038333,29.198976,0.008318,-0.003900,-0.018032,0.005411,0.3100,0.000000,0.003900,0.00001521,-0.026000,0.3100,0.000000
1771570570.070875,29.231518,0.032542,-0.003750,0.004609,0.005411,0.3100,0.000000,0.003750,0.00001406,-0.025000,0.3100,0.000000
1771570570.079240,29.239883,0.008365,-0.003750,0.000000,0.005411,0.3100,0.000000,0.003750,0.00001406,-0.025000,0.3100,0.000000
1771570570.110795,29.271438,0.031555,-0.003750,0.000000,0.005411,0.3100,0.000000,0.003750,0.00001406,-0.025000,0.3100,0.000000
1771570570.118638,29.279280,0.007842,-0.003900,-0.019127,0.005411,0.3100,0.000000,0.003900,0.00001521,-0.026000,0.3100,0.000000
1771570570.150860,29.311503,0.032222,-0.003750,0.004655,0.005411,0.3100,0.000000,0.003750,0.00001406,-0.025000,0.3100,0.000000
1771570570.159209,29.319852,0.008349,-0.003750,0.000000,0.005411,0.3100,0.000000,0.003750,0.00001406,-0.025000,0.3100,0.000000
1771570570.189470,29.350113,0.030261,-0.003750,0.000000,0.005411,0.3100,0.000000,0.003750,0.00001406,-0.025000,0.3100,0.000000
1771570570.199064,29.359707,0.009594,-0.003750,0.000000,0.005411,0.3100,0.000000,0.003750,0.00001406,-0.025000,0.3100,0.000000
1771570570.230127,29.390769,0.031062,-0.003750,0.000000,0.005411,0.3100,0.000000,0.003750,0.00001406,-0.025000,0.3100,0.000000
1771570570.239669,29.400312,0.009543,-0.003900,-0.015719,0.005411,0.3100,0.000000,0.003900,0.00001521,-0.026000,0.3100,0.000000
1771570570.270439,29.431082,0.030770,-0.003750,0.004875,0.005411,0.3100,0.000000,0.003750,0.00001406,-0.025000,0.3100,0.000000
1771570570.278656,29.439299,0.008217,-0.003750,0.000000,0.005411,0.3100,0.000000,0.003750,0.00001406,-0.025000,0.3100,0.000000
1771570570.310314,29.470957,0.031657,-0.003900,-0.004738,0.005411,0.3100,0.000000,0.003900,0.00001521,-0.026000,0.3100,0.000000
1771570570.318570,29.479213,0.008256,-0.003900,0.000000,0.005411,0.3100,0.000000,0.003900,0.00001521,-0.026000,0.3100,0.000000
1771570570.350835,29.511478,0.032265,-0.003750,0.004649,0.005411,0.3100,0.000000,0.003750,0.00001406,-0.025000,0.3100,0.000000
1771570570.358719,29.519362,0.007884,-0.003900,-0.019026,0.005411,0.3100,0.000000,0.003900,0.00001521,-0.026000,0.3100,0.000000
1771570570.390106,29.550749,0.031387,-0.003750,0.004779,0.005411,0.3100,0.000000,0.003750,0.00001406,-0.025000,0.3100,0.000000
1771570570.398743,29.559386,0.008636,-0.003750,0.000000,0.005411,0.3100,0.000000,0.003750,0.00001406,-0.025000,0.3100,0.000000
1771570570.430337,29.590980,0.031595,-0.003900,-0.004748,0.005411,0.3100,0.000000,0.003900,0.00001521,-0.026000,0.3100,0.000000
1771570570.439792,29.600435,0.009455,-0.003900,0.000000,0.005411,0.3100,0.000000,0.003900,0.00001521,-0.026000,0.3100,0.000000
1771570570.470455,29.631098,0.030663,-0.003900,0.000000,0.005411,0.3100,0.000000,0.003900,0.00001521,-0.026000,0.3100,0.000000
1771570570.479296,29.639939,0.008841,-0.003750,0.016967,0.005411,0.3100,0.000000,0.003750,0.00001406,-0.025000,0.3100,0.000000
1771570570.509852,29.670495,0.030556,-0.003900,-0.004909,0.005411,0.3100,0.000000,0.003900,0.00001521,-0.026000,0.3100,0.000000
1771570570.519833,29.680476,0.009981,-0.003750,0.015029,0.005411,0.3100,0.000000,0.003750,0.00001406,-0.025000,0.3100,0.000000
1771570570.549744,29.710387,0.029911,-0.003900,-0.005015,0.005411,0.3100,0.000000,0.003900,0.00001521,-0.026000,0.3100,0.000000
1771570570.558680,29.719323,0.008936,-0.003750,0.016786,0.005411,0.3100,0.000000,0.003750,0.00001406,-0.025000,0.3100,0.000000
1771570570.590297,29.750940,0.031617,-0.003750,0.000000,0.005411,0.3100,0.000000,0.003750,0.00001406,-0.025000,0.3100,0.000000
1771570570.598401,29.759044,0.008104,-0.003750,0.000000,0.005411,0.3100,0.000000,0.003750,0.00001406,-0.025000,0.3100,0.000000
1771570570.630284,29.790927,0.031883,-0.003750,0.000000,0.005411,0.3100,0.000000,0.003750,0.00001406,-0.025000,0.3100,0.000000
1771570570.638543,29.799186,0.008259,-0.003750,0.000000,0.005411,0.3100,0.000000,0.003750,0.00001406,-0.025000,0.3100,0.000000
1771570570.670411,29.831053,0.031868,-0.003750,0.000000,0.005411,0.3100,0.000000,0.003750,0.00001406,-0.025000,0.3100,0.000000
1771570570.678783,29.839426,0.008372,-0.003750,0.000000,0.005411,0.3100,0.000000,0.003750,0.00001406,-0.025000,0.3100,0.000000
1771570570.710565,29.871207,0.031782,-0.003900,-0.004720,0.005411,0.3100,0.000000,0.003900,0.00001521,-0.026000,0.3100,0.000000
1771570570.718965,29.879608,0.008400,-0.003900,0.000000,0.005411,0.3100,0.000000,0.003900,0.00001521,-0.026000,0.3100,0.000000
1771570570.750344,29.910987,0.031379,-0.003900,0.000000,0.005411,0.3100,0.000000,0.003900,0.00001521,-0.026000,0.3100,0.000000
1771570570.758528,29.919171,0.008184,-0.003900,0.000000,0.005411,0.3100,0.000000,0.003900,0.00001521,-0.026000,0.3100,0.000000
1771570570.790505,29.951148,0.031977,-0.003900,0.000000,0.005411,0.3100,0.000000,0.003900,0.00001521,-0.026000,0.3100,0.000000
1771570570.798944,29.959587,0.008439,-0.003900,0.000000,0.005411,0.3100,0.000000,0.003900,0.00001521,-0.026000,0.3100,0.000000
1771570570.830472,29.991115,0.031528,-0.003900,0.000000,0.005411,0.3100,0.000000,0.003900,0.00001521,-0.026000,0.3100,0.000000
1771570570.838712,29.999354,0.008239,-0.003900,0.000000,0.005411,0.3100,0.000000,0.003900,0.00001521,-0.026000,0.3100,0.000000
