time,time_rel,dt,x,xdot,theta,theta_deg,thdot,error,error_sq,d_raw,a_raw,w_raw
# Run: trial_2
# Controller: PID
# Start time: 2026-02-20 13:51:41
# Distance scale: 0.15 m per unit
1771570301.581795,0.004677,0.010000,-0.004050,0.000000,0.008901,0.5100,0.000000,0.004050,0.00001640,-0.027000,0.5100,0.000000
1771570301.612812,0.035694,0.031017,-0.003900,0.004836,0.008901,0.5100,0.000000,0.003900,0.00001521,-0.026000,0.5100,0.000000
1771570301.620935,0.043818,0.008124,-0.004050,-0.018465,0.008901,0.5100,0.000000,0.004050,0.00001640,-0.027000,0.5100,0.000000
1771570301.653310,0.076192,0.032374,-0.004050,0.000000,0.008901,0.5100,0.000000,0.004050,0.00001640,-0.027000,0.5100,0.000000
1771570301.661223,0.084105,0.007913,-0.004050,0.000000,0.008901,0.5100,0.000000,0.004050,0.00001640,-0.027000,0.5100,0.000000
1771570301.692688,0.115571,0.031465,-0.003900,0.004767,0.008901,0.5100,0.000000,0.003900,0.00001521,-0.026000,0.5100,0.000000
1771570301.701264,0.124146,0.008576,-0.003900,0.000000,0.008901,0.5100,0.000000,0.003900,0.00001521,-0.026000,0.5100,0.000000
1771570301.732589,0.155472,0.031326,-0.003900,0.000000,0.009250,0.5300,0.000000,0.003900,0.00001521,-0.026000,0.5300,0.000000
1771570301.740730,0.163612,0.008140,-0.003900,0.000000,0.009250,0.5300,0.000000,0.003900,0.00001521,-0.026000,0.5300,0.000000
1771570301.772313,0.195195,0.031584,-0.004050,-0.004749,0.008901,0.5100,0.000000,0.004050,0.00001640,-0.027000,0.5100,0.000000
1771570301.781927,0.204809,0.009614,-0.003900,0.015603,0.008901,0.5100,0.000000,0.003900,0.00001521,-0.026000,0.5100,0.000000
1771570301.812739,0.235621,0.030812,-0.003900,0.000000,0.008901,0.5100,0.000000,0.003900,0.00001521,-0.026000,0.5100,0.000000
1771570301.820876,0.243759,0.008137,-0.004050,-0.018433,0.008901,0.5100,0.000000,0.004050,0.00001640,-0.027000,0.5100,0.000000
1771570301.852580,0.275463,0.031704,-0.003900,0.004731,0.008901,0.5100,0.000000,0.003900,0.00001521,-0.026000,0.5100,0.000000
1771570301.861382,0.284264,0.008801,-0.003900,0.000000,0.008901,0.5100,0.000000,0.003900,0.00001521,-0.026000,0.5100,0.000000
1771570301.893731,0.316613,0.032349,-0.003900,0.000000,0.008901,0.5100,0.000000,0.003900,0.00001521,-0.026000,0.5100,0.000000
1771570301.903256,0.326138,0.009525,-0.003900,0.000000,0.008901,0.5100,0.000000,0.003900,0.00001521,-0.026000,0.5100,0.000000
1771570301.933926,0.356809,0.030670,-0.003900,0.000000,0.008901,0.5100,0.000000,0.003900,0.00001521,-0.026000,0.5100,0.000000
1771570301.940976,0.363858,0.007050,-0.004050,-0.021278,0.008901,0.5100,0.000000,0.004050,0.00001640,-0.027000,0.5100,0.000000
1771570301.972899,0.395781,0.031923,-0.003900,0.004699,0.008901,0.5100,0.000000,0.003900,0.00001521,-0.026000,0.5100,0.000000
1771570301.981162,0.404044,0.008263,-0.004050,-0.018153,0.008901,0.5100,0.000000,0.004050,0.00001640,-0.027000,0.5100,0.000000
1771570302.011861,0.434743,0.030699,-0.003900,0.004886,0.008901,0.5100,0.000000,0.003900,0.00001521,-0.026000,0.5100,0.000000
1771570302.021818,0.444700,0.009957,-0.003900,0.000000,0.008901,0.5100,0.000000,0.003900,0.00001521,-0.026000,0.5100,0.000000
1771570302.053057,0.475940,0.031240,-0.003900,0.000000,0.008901,0.5100,0.000000,0.003900,0.00001521,-0.026000,0.5100,0.000000
1771570302.061480,0.484362,0.008422,-0.003900,0.000000,0.008901,0.5100,0.000000,0.003900,0.00001521,-0.026000,0.5100,0.000000
1771570302.092927,0.515809,0.031447,-0.003900,0.000000,0.008901,0.5100,0.000000,0.003900,0.00001521,-0.026000,0.5100,0.000000
1771570302.101284,0.524166,0.008357,-0.003900,0.000000,0.008901,0.5100,0.000000,0.003900,0.00001521,-0.026000,0.5100,0.000000
1771570302.132549,0.555432,0.031265,-0.003900,0.000000,0.008901,0.5100,0.000000,0.003900,0.00001521,-0.026000,0.5100,0.000000
1771570302.141369,0.564252,0.008820,-0.003900,0.000000,0.008901,0.5100,0.000000,0.003900,0.00001521,-0.026000,0.5100,0.000000
1771570302.172140,0.595023,0.030771,-0.003900,0.000000,0.008901,0.5100,0.000000,0.003900,0.00001521,-0.026000,0.5100,0.000000
1771570302.181577,0.604460,0.009437,-0.003900,0.000000,0.008901,0.5100,0.000000,0.003900,0.00001521,-0.026000,0.5100,0.000000
1771570302.211930,0.634813,0.030353,-0.003900,0.000000,0.008901,0.5100,0.000000,0.003900,0.00001521,-0.026000,0.5100,0.000000
1771570302.221086,0.643968,0.009156,-0.003900,0.000000,0.008901,0.5100,0.000000,0.003900,0.00001521,-0.026000,0.5100,0.000000
1771570302.253206,0.676088,0.032120,-0.003900,0.000000,0.008901,0.5100,0.000000,0.003900,0.00001521,-0.026000,0.5100,0.000000
1771570302.261065,0.683948,0.007859,-0.003900,0.000000,0.008901,0.5100,0.000000,0.003900,0.00001521,-0.026000,0.5100,0.000000
1771570302.292685,0.715567,0.031619,-0.003900,0.000000,0.009250,0.5300,0.000000,0.003900,0.00001521,-0.026000,0.5300,0.000000
1771570302.301498,0.724381,0.008814,-0.003900,0.000000,0.009250,0.5300,0.000000,0.003900,0.00001521,-0.026000,0.5300,0.000000
1771570302.332110,0.754993,0.030612,-0.003900,0.000000,0.008901,0.5100,0.000000,0.003900,0.00001521,-0.026000,0.5100,0.000000
1771570302.341862,0.764745,0.009752,-0.003900,0.000000,0.008901,0.5100,0.000000,0.003900,0.00001521,-0.026000,0.5100,0.000000
1771570302.372500,0.795382,0.030637,-0.003900,0.000000,0.008901,0.5100,0.000000,0.003900,0.00001521,-0.026000,0.5100,0.000000
1771570302.382091,0.804973,0.009591,-0.003900,0.000000,0.008901,0.5100,0.000000,0.003900,0.00001521,-0.026000,0.5100,0.000000
1771570302.413033,0.835916,0.030943,-0.003900,0.000000,0.008901,0.5100,0.000000,0.003900,0.00001521,-0.026000,0.5100,0.000000
1771570302.421402,0.844285,0.008369,-0.003900,0.000000,0.008901,0.5100,0.000000,0.003900,0.00001521,-0.026000,0.5100,0.000000
1771570302.452138,0.875020,0.030736,-0.003900,0.000000,0.008901,0.5100,0.000000,0.003900,0.00001521,-0.026000,0.5100,0.000000
1771570302.460587,0.883469,0.008449,-0.003900,0.000000,0.008901,0.5100,0.000000,0.003900,0.00001521,-0.026000,0.5100,0.000000
1771570302.492137,0.915020,0.031550,-0.003900,0.000000,0.008901,0.5100,0.000000,0.003900,0.00001521,-0.026000,0.5100,0.000000
1771570302.501736,0.924618,0.009599,-0.003900,0.000000,0.008901,0.5100,0.000000,0.003900,0.00001521,-0.026000,0.5100,0.000000
1771570302.533051,0.955933,0.031315,-0.003900,0.000000,0.009250,0.5300,0.000000,0.003900,0.00001521,-0.026000,0.5300,0.000000
1771570302.540570,0.963453,0.007519,-0.003900,0.000000,0.009250,0.5300,0.000000,0.003900,0.00001521,-0.026000,0.5300,0.000000
1771570302.572955,0.995837,0.032385,-0.003900,0.000000,0.008901,0.5100,0.000000,0.003900,0.00001521,-0.026000,0.5100,0.000000
1771570302.581914,1.004797,0.008959,-0.003900,0.000000,0.008901,0.5100,0.000000,0.003900,0.00001521,-0.026000,0.5100,0.000000
1771570302.611675,1.034557,0.029761,-0.003900,0.000000,0.008901,0.5100,0.000000,0.003900,0.00001521,-0.026000,0.5100,0.000000
1771570302.620313,1.043195,0.008638,-0.003900,0.000000,0.008901,0.5100,0.000000,0.003900,0.00001521,-0.026000,0.5100,0.000000
1771570302.652439,1.075322,0.032127,-0.003900,0.000000,0.008901,0.5100,0.000000,0.003900,0.00001521,-0.026000,0.5100,0.000000
1771570302.661081,1.083964,0.008642,-0.003900,0.000000,0.008901,0.5100,0.000000,0.003900,0.00001521,-0.026000,0.5100,0.000000
1771570302.691707,1.114589,0.030625,-0.003900,0.000000,0.008901,0.5100,0.000000,0.003900,0.00001521,-0.026000,0.5100,0.000000
1771570302.701131,1.124013,0.009424,-0.003900,0.000000,0.008901,0.5100,0.000000,0.003900,0.00001521,-0.026000,0.5100,0.000000
1771570302.732609,1.155491,0.031478,-0.003900,0.000000,0.009250,0.5300,0.000000,0.003900,0.00001521,-0.026000,0.5300,0.000000
1771570302.741119,1.164001,0.008510,-0.003900,0.000000,0.009250,0.5300,0.000000,0.003900,0.00001521,-0.026000,0.5300,0.000000
1771570302.772608,1.195490,0.031489,-0.003900,0.000000,0.008901,0.5100,0.000000,0.003900,0.00001521,-0.026000,0.5100,0.000000
1771570302.781571,1.204453,0.008963,-0.003900,0.000000,0.008901,0.5100,0.000000,0.003900,0.00001521,-0.026000,0.5100,0.000000
1771570302.812581,1.235463,0.031009,-0.003900,0.000000,0.008901,0.5100,0.000000,0.003900,0.00001521,-0.026000,0.5100,0.000000
1771570302.821188,1.244071,0.008608,-0.003900,0.000000,0.008901,0.5100,0.000000,0.003900,0.00001521,-0.026000,0.5100,0.000000
1771570302.852577,1.275459,0.031389,-0.003900,0.000000,0.009250,0.5300,0.000000,0.003900,0.00001521,-0.026000,0.5300,0.000000
1771570302.861560,1.284442,0.008983,-0.003900,0.000000,0.009250,0.5300,0.000000,0.003900,0.00001521,-0.026000,0.5300,0.000000
1771570302.892484,1.315366,0.030924,-0.003900,0.000000,0.008901,0.5100,0.000000,0.003900,0.00001521,-0.026000,0.5100,0.000000
1771570302.901070,1.323952,0.008586,-0.003900,0.000000,0.008901,0.5100,0.000000,0.003900,0.00001521,-0.026000,0.5100,0.000000
1771570302.932613,1.355495,0.031543,-0.003900,0.000000,0.008901,0.5100,0.000000,0.003900,0.00001521,-0.026000,0.5100,0.000000
1771570302.941667,1.364550,0.009054,-0.003900,0.000000,0.008901,0.5100,0.000000,0.003900,0.00001521,-0.026000,0.5100,0.000000
1771570302.972996,1.395878,0.031328,-0.003900,0.000000,0.009250,0.5300,0.000000,0.003900,0.00001521,-0.026000,0.5300,0.000000
1771570302.981772,1.404655,0.008777,-0.003900,0.000000,0.009250,0.5300,0.000000,0.003900,0.00001521,-0.026000,0.5300,0.000000
1771570303.012723,1.435605,0.030951,-0.003900,0.000000,0.009250,0.5300,0.000000,0.003900,0.00001521,-0.026000,0.5300,0.000000
1771570303.021771,1.444653,0.009048,-0.003900,0.000000,0.009250,0.5300,0.000000,0.003900,0.00001521,-0.026000,0.5300,0.000000
1771570303.052755,1.475637,0.030984,-0.003900,0.000000,0.008901,0.5100,0.000000,0.003900,0.00001521,-0.026000,0.5100,0.000000
1771570303.060896,1.483778,0.008141,-0.003900,0.000000,0.008901,0.5100,0.000000,0.003900,0.00001521,-0.026000,0.5100,0.000000
1771570303.091841,1.514724,0.030946,-0.003900,0.000000,0.009250,0.5300,0.000000,0.003900,0.00001521,-0.026000,0.5300,0.000000
1771570303.102189,1.525071,0.010348,-0.003900,0.000000,0.009250,0.5300,0.000000,0.003900,0.00001521,-0.026000,0.5300,0.000000
1771570303.132334,1.555216,0.030144,-0.003900,0.000000,0.008901,0.5100,0.000000,0.003900,0.00001521,-0.026000,0.5100,0.000000
1771570303.140849,1.563731,0.008515,-0.003900,0.000000,0.008901,0.5100,0.000000,0.003900,0.00001521,-0.026000,0.5100,0.000000
1771570303.172072,1.594954,0.031223,-0.003900,0.000000,0.009250,0.5300,0.000000,0.003900,0.00001521,-0.026000,0.5300,0.000000
1771570303.181002,1.603884,0.008930,-0.003900,0.000000,0.009250,0.5300,0.000000,0.003900,0.00001521,-0.026000,0.5300,0.000000
1771570303.212848,1.635730,0.031846,-0.003900,0.000000,0.008901,0.5100,0.000000,0.003900,0.00001521,-0.026000,0.5100,0.000000
1771570303.221029,1.643911,0.008181,-0.003900,0.000000,0.008901,0.5100,0.000000,0.003900,0.00001521,-0.026000,0.5100,0.000000
1771570303.252757,1.675639,0.031728,-0.003900,0.000000,0.008901,0.5100,0.000000,0.003900,0.00001521,-0.026000,0.5100,0.000000
1771570303.261285,1.684168,0.008528,-0.003900,0.000000,0.008901,0.5100,0.000000,0.003900,0.00001521,-0.026000,0.5100,0.000000
1771570303.292469,1.715352,0.031184,-0.003900,0.000000,0.008901,0.5100,0.000000,0.003900,0.00001521,-0.026000,0.5100,0.000000
1771570303.301621,1.724503,0.009152,-0.003900,0.000000,0.008901,0.5100,0.000000,0.003900,0.00001521,-0.026000,0.5100,0.000000
1771570303.333195,1.756078,0.031574,-0.003900,0.000000,0.009250,0.5300,0.000000,0.003900,0.00001521,-0.026000,0.5300,0.000000
1771570303.341409,1.764292,0.008214,-0.003900,0.000000,0.009250,0.5300,0.000000,0.003900,0.00001521,-0.026000,0.5300,0.000000
1771570303.372696,1.795578,0.031287,-0.003900,0.000000,0.008901,0.5100,0.000000,0.003900,0.00001521,-0.026000,0.5100,0.000000
1771570303.382446,1.805328,0.009750,-0.003900,0.000000,0.008901,0.5100,0.000000,0.003900,0.00001521,-0.026000,0.5100,0.000000
1771570303.411777,1.834659,0.029331,-0.003900,0.000000,0.008901,0.5100,0.000000,0.003900,0.00001521,-0.026000,0.5100,0.000000
1771570303.421643,1.844525,0.009866,-0.003900,0.000000,0.008901,0.5100,0.000000,0.003900,0.00001521,-0.026000,0.5100,0.000000
1771570303.451946,1.874829,0.030303,-0.003900,0.000000,0.008901,0.5100,0.000000,0.003900,0.00001521,-0.026000,0.5100,0.000000
1771570303.460870,1.883752,0.008924,-0.003900,0.000000,0.008901,0.5100,0.000000,0.003900,0.00001521,-0.026000,0.5100,0.000000
1771570303.491820,1.914702,0.030950,-0.003900,0.000000,0.008901,0.5100,0.000000,0.003900,0.00001521,-0.026000,0.5100,0.000000
1771570303.501749,1.924631,0.009929,-0.003900,0.000000,0.008901,0.5100,0.000000,0.003900,0.00001521,-0.026000,0.5100,0.000000
1771570303.532454,1.955337,0.030705,-0.003900,0.000000,0.008901,0.5100,0.000000,0.003900,0.00001521,-0.026000,0.5100,0.000000
1771570303.540904,1.963786,0.008449,-0.003900,0.000000,0.008901,0.5100,0.000000,0.003900,0.00001521,-0.026000,0.5100,0.000000
1771570303.573034,1.995916,0.032130,-0.003900,0.000000,0.008901,0.5100,0.000000,0.003900,0.00001521,-0.026000,0.5100,0.000000
1771570303.581281,2.004164,0.008248,-0.003900,0.000000,0.008901,0.5100,0.000000,0.003900,0.00001521,-0.026000,0.5100,0.000000
1771570303.611785,2.034667,0.030504,-0.003900,0.000000,0.009250,0.5300,0.000000,0.003900,0.00001521,-0.026000,0.5300,0.000000
1771570303.620300,2.043183,0.008515,-0.003900,0.000000,0.009250,0.5300,0.000000,0.003900,0.00001521,-0.026000,0.5300,0.000000
1771570303.653253,2.076135,0.032953,-0.003900,0.000000,0.008901,0.5100,0.000000,0.003900,0.00001521,-0.026000,0.5100,0.000000
1771570303.661854,2.084737,0.008601,-0.003900,0.000000,0.008901,0.5100,0.000000,0.003900,0.00001521,-0.026000,0.5100,0.000000
1771570303.693138,2.116020,0.031284,-0.003900,0.000000,0.008901,0.5100,0.000000,0.003900,0.00001521,-0.026000,0.5100,0.000000
1771570303.701357,2.124239,0.008219,-0.003900,0.000000,0.008901,0.5100,0.000000,0.003900,0.00001521,-0.026000,0.5100,0.000000
1771570303.732813,2.155695,0.031456,-0.003900,0.000000,0.009250,0.5300,0.000000,0.003900,0.00001521,-0.026000,0.5300,0.000000
1771570303.741344,2.164227,0.008532,-0.003900,0.000000,0.009250,0.5300,0.000000,0.003900,0.00001521,-0.026000,0.5300,0.000000
1771570303.772159,2.195041,0.030814,-0.003900,0.000000,0.009250,0.5300,0.000000,0.003900,0.00001521,-0.026000,0.5300,0.000000
1771570303.780961,2.203843,0.008802,-0.003900,0.000000,0.009250,0.5300,0.000000,0.003900,0.00001521,-0.026000,0.5300,0.000000
1771570303.813564,2.236446,0.032603,-0.003900,0.000000,0.009250,0.5300,0.000000,0.003900,0.00001521,-0.026000,0.5300,0.000000
1771570303.820329,2.243212,0.006765,-0.003900,0.000000,0.009250,0.5300,0.000000,0.003900,0.00001521,-0.026000,0.5300,0.000000
1771570303.852899,2.275782,0.032570,-0.003900,0.000000,0.008901,0.5100,0.000000,0.003900,0.00001521,-0.026000,0.5100,0.000000
1771570303.860934,2.283816,0.008034,-0.003900,0.000000,0.008901,0.5100,0.000000,0.003900,0.00001521,-0.026000,0.5100,0.000000
1771570303.891788,2.314671,0.030855,-0.003900,0.000000,0.008901,0.5100,0.000000,0.003900,0.00001521,-0.026000,0.5100,0.000000
1771570303.901313,2.324195,0.009525,-0.003900,0.000000,0.008901,0.5100,0.000000,0.003900,0.00001521,-0.026000,0.5100,0.000000
1771570303.932391,2.355274,0.031078,-0.003900,0.000000,0.008901,0.5100,0.000000,0.003900,0.00001521,-0.026000,0.5100,0.000000
1771570303.940903,2.363785,0.008512,-0.003900,0.000000,0.008901,0.5100,0.000000,0.003900,0.00001521,-0.026000,0.5100,0.000000
1771570303.972286,2.395168,0.031383,-0.003750,0.004780,0.009250,0.5300,0.000000,0.003750,0.00001406,-0.025000,0.5300,0.000000
1771570303.980555,2.403437,0.008270,-0.003750,0.000000,0.009250,0.5300,0.000000,0.003750,0.00001406,-0.025000,0.5300,0.000000
1771570304.013510,2.436393,0.032955,-0.003900,-0.004552,0.008901,0.5100,0.000000,0.003900,0.00001521,-0.026000,0.5100,0.000000
1771570304.021784,2.444666,0.008274,-0.003750,0.018129,0.008901,0.5100,0.000000,0.003750,0.00001406,-0.025000,0.5100,0.000000
1771570304.051789,2.474671,0.030005,-0.003750,0.000000,0.008901,0.5100,0.000000,0.003750,0.00001406,-0.025000,0.5100,0.000000
1771570304.060253,2.483135,0.008464,-0.003750,0.000000,0.008901,0.5100,0.000000,0.003750,0.00001406,-0.025000,0.5100,0.000000
1771570304.092737,2.515619,0.032484,-0.003750,0.000000,0.009250,0.5300,0.000000,0.003750,0.00001406,-0.025000,0.5300,0.000000
1771570304.101304,2.524186,0.008567,-0.003750,0.000000,0.009250,0.5300,0.000000,0.003750,0.00001406,-0.025000,0.5300,0.000000
1771570304.132703,2.555585,0.031399,-0.003900,-0.004777,0.009250,0.5300,0.000000,0.003900,0.00001521,-0.026000,0.5300,0.000000
1771570304.140940,2.563823,0.008238,-0.003750,0.018209,0.009250,0.5300,0.000000,0.003750,0.00001406,-0.025000,0.5300,0.000000
1771570304.172829,2.595711,0.031888,-0.003750,0.000000,0.008901,0.5100,0.000000,0.003750,0.00001406,-0.025000,0.5100,0.000000
1771570304.181129,2.604012,0.008301,-0.003750,0.000000,0.008901,0.5100,0.000000,0.003750,0.00001406,-0.025000,0.5100,0.000000
1771570304.212852,2.635735,0.031723,-0.003900,-0.004728,0.008901,0.5100,0.000000,0.003900,0.00001521,-0.026000,0.5100,0.000000
1771570304.221063,2.643946,0.008211,-0.003750,0.018268,0.008901,0.5100,0.000000,0.003750,0.00001406,-0.025000,0.5100,0.000000
1771570304.251821,2.674704,0.030758,-0.003750,0.000000,0.009250,0.5300,0.000000,0.003750,0.00001406,-0.025000,0.5300,0.000000
1771570304.260742,2.683625,0.008921,-0.003750,0.000000,0.009250,0.5300,0.000000,0.003750,0.00001406,-0.025000,0.5300,0.000000
1771570304.291876,2.714758,0.031134,-0.003750,0.000000,0.008901,0.5100,0.000000,0.003750,0.00001406,-0.025000,0.5100,0.000000
1771570304.300716,2.723599,0.008840,-0.003750,0.000000,0.008901,0.5100,0.000000,0.003750,0.00001406,-0.025000,0.5100,0.000000
1771570304.333128,2.756010,0.032411,-0.003750,0.000000,0.008901,0.5100,0.000000,0.003750,0.00001406,-0.025000,0.5100,0.000000
1771570304.341650,2.764533,0.008523,-0.003750,0.000000,0.008901,0.5100,0.000000,0.003750,0.00001406,-0.025000,0.5100,0.000000
1771570304.371947,2.794829,0.030296,-0.003900,-0.004951,0.008901,0.5100,0.000000,0.003900,0.00001521,-0.026000,0.5100,0.000000
1771570304.380297,2.803180,0.008351,-0.003750,0.017962,0.008901,0.5100,0.000000,0.003750,0.00001406,-0.025000,0.5100,0.000000
1771570304.413087,2.835969,0.032789,-0.003750,0.000000,0.008901,0.5100,0.000000,0.003750,0.00001406,-0.025000,0.5100,0.000000
1771570304.420291,2.843174,0.007205,-0.003750,0.000000,0.008901,0.5100,0.000000,0.003750,0.00001406,-0.025000,0.5100,0.000000
1771570304.452117,2.874999,0.031825,-0.003750,0.000000,0.009250,0.5300,0.000000,0.003750,0.00001406,-0.025000,0.5300,0.000000
1771570304.461514,2.884396,0.009397,-0.003750,0.000000,0.009250,0.5300,0.000000,0.003750,0.00001406,-0.025000,0.5300,0.000000
1771570304.491679,2.914562,0.030166,-0.003750,0.000000,0.008901,0.5100,0.000000,0.003750,0.00001406,-0.025000,0.5100,0.000000
1771570304.501339,2.924222,0.009660,-0.003750,0.000000,0.008901,0.5100,0.000000,0.003750,0.00001406,-0.025000,0.5100,0.000000
1771570304.532905,2.955787,0.031566,-0.003750,0.000000,0.008901,0.5100,0.000000,0.003750,0.00001406,-0.025000,0.5100,0.000000
1771570304.541384,2.964266,0.008478,-0.003750,0.000000,0.008901,0.5100,0.000000,0.003750,0.00001406,-0.025000,0.5100,0.000000
1771570304.572928,2.995811,0.031545,-0.003750,0.000000,0.008901,0.5100,0.000000,0.003750,0.00001406,-0.025000,0.5100,0.000000
1771570304.581303,3.004186,0.008375,-0.003750,0.000000,0.008901,0.5100,0.000000,0.003750,0.00001406,-0.025000,0.5100,0.000000
1771570304.613035,3.035917,0.031732,-0.003750,0.000000,0.008901,0.5100,0.000000,0.003750,0.00001406,-0.025000,0.5100,0.000000
1771570304.621976,3.044859,0.008941,-0.003750,0.000000,0.008901,0.5100,0.000000,0.003750,0.00001406,-0.025000,0.5100,0.000000
1771570304.653098,3.075981,0.031122,-0.003750,0.000000,0.008901,0.5100,0.000000,0.003750,0.00001406,-0.025000,0.5100,0.000000
1771570304.661376,3.084258,0.008277,-0.003750,0.000000,0.008901,0.5100,0.000000,0.003750,0.00001406,-0.025000,0.5100,0.000000
1771570304.693301,3.116184,0.031926,-0.003750,0.000000,0.008901,0.5100,0.000000,0.003750,0.00001406,-0.025000,0.5100,0.000000
1771570304.701665,3.124547,0.008364,-0.003750,0.000000,0.008901,0.5100,0.000000,0.003750,0.00001406,-0.025000,0.5100,0.000000
1771570304.732498,3.155380,0.030833,-0.003750,0.000000,0.008901,0.5100,0.000000,0.003750,0.00001406,-0.025000,0.5100,0.000000
1771570304.741723,3.164605,0.009225,-0.003750,0.000000,0.008901,0.5100,0.000000,0.003750,0.00001406,-0.025000,0.5100,0.000000
1771570304.772465,3.195347,0.030742,-0.003750,0.000000,0.008901,0.5100,0.000000,0.003750,0.00001406,-0.025000,0.5100,0.000000
1771570304.781325,3.204207,0.008860,-0.003750,0.000000,0.008901,0.5100,0.000000,0.003750,0.00001406,-0.025000,0.5100,0.000000
1771570304.811649,3.234531,0.030324,-0.003750,0.000000,0.009250,0.5300,0.000000,0.003750,0.00001406,-0.025000,0.5300,0.000000
1771570304.821913,3.244795,0.010263,-0.003750,0.000000,0.009250,0.5300,0.000000,0.003750,0.00001406,-0.025000,0.5300,0.000000
1771570304.853235,3.276117,0.031322,-0.003750,0.000000,0.008901,0.5100,0.000000,0.003750,0.00001406,-0.025000,0.5100,0.000000
1771570304.861355,3.284237,0.008120,-0.003750,0.000000,0.008901,0.5100,0.000000,0.003750,0.00001406,-0.025000,0.5100,0.000000
1771570304.891979,3.314861,0.030623,-0.003750,0.000000,0.008901,0.5100,0.000000,0.003750,0.00001406,-0.025000,0.5100,0.000000
1771570304.900403,3.323286,0.008425,-0.003750,0.000000,0.008901,0.5100,0.000000,0.003750,0.00001406,-0.025000,0.5100,0.000000
1771570304.933457,3.356340,0.033054,-0.003750,0.000000,0.008901,0.5100,0.000000,0.003750,0.00001406,-0.025000,0.5100,0.000000
1771570304.940139,3.363021,0.006682,-0.003750,0.000000,0.008901,0.5100,0.000000,0.003750,0.00001406,-0.025000,0.5100,0.000000
1771570304.972481,3.395363,0.032341,-0.003750,0.000000,0.008901,0.5100,0.000000,0.003750,0.00001406,-0.025000,0.5100,0.000000
1771570304.980165,3.403047,0.007684,-0.003750,0.000000,0.008901,0.5100,0.000000,0.003750,0.00001406,-0.025000,0.5100,0.000000
1771570305.011881,3.434763,0.031716,-0.003750,0.000000,0.008901,0.5100,0.000000,0.003750,0.00001406,-0.025000,0.5100,0.000000
1771570305.021737,3.444619,0.009856,-0.003750,0.000000,0.008901,0.5100,0.000000,0.003750,0.00001406,-0.025000,0.5100,0.000000
1771570305.052688,3.475570,0.030951,-0.003750,0.000000,0.008901,0.5100,0.000000,0.003750,0.00001406,-0.025000,0.5100,0.000000
1771570305.062092,3.484974,0.009404,-0.003750,0.000000,0.008901,0.5100,0.000000,0.003750,0.00001406,-0.025000,0.5100,0.000000
1771570305.092249,3.515131,0.030157,-0.003750,0.000000,0.008901,0.5100,0.000000,0.003750,0.00001406,-0.025000,0.5100,0.000000
1771570305.100575,3.523458,0.008327,-0.003750,0.000000,0.008901,0.5100,0.000000,0.003750,0.00001406,-0.025000,0.5100,0.000000
1771570305.134377,3.557259,0.033801,-0.003750,0.000000,0.008901,0.5100,0.000000,0.003750,0.00001406,-0.025000,0.5100,0.000000
1771570305.141594,3.564476,0.007217,-0.003750,0.000000,0.008901,0.5100,0.000000,0.003750,0.00001406,-0.025000,0.5100,0.000000
1771570305.172586,3.595468,0.030992,-0.003750,0.000000,0.008901,0.5100,0.000000,0.003750,0.00001406,-0.025000,0.5100,0.000000
1771570305.180915,3.603797,0.008329,-0.003750,0.000000,0.008901,0.5100,0.000000,0.003750,0.00001406,-0.025000,0.5100,0.000000
1771570305.212483,3.635365,0.031568,-0.003750,0.000000,0.008901,0.5100,0.000000,0.003750,0.00001406,-0.025000,0.5100,0.000000
1771570305.221839,3.644721,0.009356,-0.003750,0.000000,0.008901,0.5100,0.000000,0.003750,0.00001406,-0.025000,0.5100,0.000000
1771570305.253096,3.675978,0.031257,-0.003750,0.000000,0.008901,0.5100,0.000000,0.003750,0.00001406,-0.025000,0.5100,0.000000
1771570305.261039,3.683921,0.007943,-0.003750,0.000000,0.008901,0.5100,0.000000,0.003750,0.00001406,-0.025000,0.5100,0.000000
1771570305.292422,3.715305,0.031383,-0.003750,0.000000,0.009250,0.5300,0.000000,0.003750,0.00001406,-0.025000,0.5300,0.000000
1771570305.300997,3.723879,0.008574,-0.003750,0.000000,0.009250,0.5300,0.000000,0.003750,0.00001406,-0.025000,0.5300,0.000000
1771570305.331347,3.754230,0.030351,-0.003750,0.000000,0.008901,0.5100,0.000000,0.003750,0.00001406,-0.025000,0.5100,0.000000
1771570305.341472,3.764354,0.010124,-0.003750,0.000000,0.008901,0.5100,0.000000,0.003750,0.00001406,-0.025000,0.5100,0.000000
1771570305.372055,3.794937,0.030583,-0.003750,0.000000,0.008901,0.5100,0.000000,0.003750,0.00001406,-0.025000,0.5100,0.000000
1771570305.380291,3.803173,0.008236,-0.003750,0.000000,0.008901,0.5100,0.000000,0.003750,0.00001406,-0.025000,0.5100,0.000000
1771570305.411813,3.834696,0.031523,-0.003750,0.000000,0.008901,0.5100,0.000000,0.003750,0.00001406,-0.025000,0.5100,0.000000
1771570305.421268,3.844151,0.009455,-0.003750,0.000000,0.008901,0.5100,0.000000,0.003750,0.00001406,-0.025000,0.5100,0.000000
1771570305.453350,3.876232,0.032081,-0.003750,0.000000,0.008901,0.5100,0.000000,0.003750,0.00001406,-0.025000,0.5100,0.000000
1771570305.461281,3.884163,0.007931,-0.003750,0.000000,0.008901,0.5100,0.000000,0.003750,0.00001406,-0.025000,0.5100,0.000000
1771570305.492060,3.914943,0.030779,-0.003750,0.000000,0.008901,0.5100,0.000000,0.003750,0.00001406,-0.025000,0.5100,0.000000
1771570305.500489,3.923371,0.008429,-0.003750,0.000000,0.008901,0.5100,0.000000,0.003750,0.00001406,-0.025000,0.5100,0.000000
1771570305.532124,3.955006,0.031635,-0.003750,0.000000,0.008901,0.5100,0.000000,0.003750,0.00001406,-0.025000,0.5100,0.000000
1771570305.540720,3.963603,0.008597,-0.003750,0.000000,0.008901,0.5100,0.000000,0.003750,0.00001406,-0.025000,0.5100,0.000000
1771570305.573156,3.996038,0.032435,-0.003750,0.000000,0.009250,0.5300,0.000000,0.003750,0.00001406,-0.025000,0.5300,0.000000
1771570305.581450,4.004332,0.008294,-0.003750,0.000000,0.009250,0.5300,0.000000,0.003750,0.00001406,-0.025000,0.5300,0.000000
1771570305.613147,4.036029,0.031697,-0.003750,0.000000,0.008901,0.5100,0.000000,0.003750,0.00001406,-0.025000,0.5100,0.000000
1771570305.621254,4.044137,0.008108,-0.003750,0.000000,0.008901,0.5100,0.000000,0.003750,0.00001406,-0.025000,0.5100,0.000000
1771570305.652167,4.075049,0.030912,-0.003750,0.000000,0.008901,0.5100,0.000000,0.003750,0.00001406,-0.025000,0.5100,0.000000
1771570305.660151,4.083034,0.007985,-0.003750,0.000000,0.008901,0.5100,0.000000,0.003750,0.00001406,-0.025000,0.5100,0.000000
1771570305.692944,4.115827,0.032793,-0.003750,0.000000,0.008901,0.5100,0.000000,0.003750,0.00001406,-0.025000,0.5100,0.000000
1771570305.701783,4.124665,0.008838,-0.003750,0.000000,0.008901,0.5100,0.000000,0.003750,0.00001406,-0.025000,0.5100,0.000000
1771570305.733552,4.156434,0.031769,-0.003750,0.000000,0.009250,0.5300,0.000000,0.003750,0.00001406,-0.025000,0.5300,0.000000
1771570305.741242,4.164124,0.007690,-0.003750,0.000000,0.009250,0.5300,0.000000,0.003750,0.00001406,-0.025000,0.5300,0.000000
1771570305.771763,4.194645,0.030521,-0.003750,0.000000,0.008901,0.5100,0.000000,0.003750,0.00001406,-0.025000,0.5100,0.000000
1771570305.780355,4.203237,0.008592,-0.003750,0.000000,0.008901,0.5100,0.000000,0.003750,0.00001406,-0.025000,0.5100,0.000000
1771570305.812246,4.235128,0.031891,-0.003750,0.000000,0.009250,0.5300,0.000000,0.003750,0.00001406,-0.025000,0.5300,0.000000
1771570305.820465,4.243347,0.008219,-0.003750,0.000000,0.009250,0.5300,0.000000,0.003750,0.00001406,-0.025000,0.5300,0.000000
1771570305.852514,4.275397,0.032049,-0.003750,0.000000,0.008901,0.5100,0.000000,0.003750,0.00001406,-0.025000,0.5100,0.000000
1771570305.860713,4.283595,0.008198,-0.003750,0.000000,0.008901,0.5100,0.000000,0.003750,0.00001406,-0.025000,0.5100,0.000000
1771570305.892726,4.315609,0.032014,-0.003750,0.000000,0.008901,0.5100,0.000000,0.003750,0.00001406,-0.025000,0.5100,0.000000
1771570305.901555,4.324438,0.008829,-0.003750,0.000000,0.008901,0.5100,0.000000,0.003750,0.00001406,-0.025000,0.5100,0.000000
1771570305.932569,4.355451,0.031013,-0.003750,0.000000,0.008901,0.5100,0.000000,0.003750,0.00001406,-0.025000,0.5100,0.000000
1771570305.941726,4.364608,0.009157,-0.003750,0.000000,0.008901,0.5100,0.000000,0.003750,0.00001406,-0.025000,0.5100,0.000000
1771570305.972656,4.395538,0.030930,-0.003750,0.000000,0.009250,0.5300,0.000000,0.003750,0.00001406,-0.025000,0.5300,0.000000
1771570305.980346,4.403229,0.007690,-0.003750,0.000000,0.009250,0.5300,0.000000,0.003750,0.00001406,-0.025000,0.5300,0.000000
1771570306.012477,4.435359,0.032130,-0.003750,0.000000,0.008901,0.5100,0.000000,0.003750,0.00001406,-0.025000,0.5100,0.000000
1771570306.021620,4.444502,0.009143,-0.003900,-0.016406,0.008901,0.5100,0.000000,0.003900,0.00001521,-0.026000,0.5100,0.000000
1771570306.052410,4.475292,0.030790,-0.003750,0.004872,0.008901,0.5100,0.000000,0.003750,0.00001406,-0.025000,0.5100,0.000000
1771570306.060732,4.483614,0.008322,-0.003900,-0.018025,0.008901,0.5100,0.000000,0.003900,0.00001521,-0.026000,0.5100,0.000000
1771570306.092098,4.514980,0.031366,-0.003750,0.004782,0.008901,0.5100,0.000000,0.003750,0.00001406,-0.025000,0.5100,0.000000
1771570306.100293,4.523176,0.008196,-0.003750,0.000000,0.008901,0.5100,0.000000,0.003750,0.00001406,-0.025000,0.5100,0.000000
1771570306.133415,4.556297,0.033121,-0.003750,0.000000,0.008901,0.5100,0.000000,0.003750,0.00001406,-0.025000,0.5100,0.000000
1771570306.141551,4.564434,0.008137,-0.003750,0.000000,0.008901,0.5100,0.000000,0.003750,0.00001406,-0.025000,0.5100,0.000000
1771570306.172197,4.595079,0.030646,-0.003900,-0.004895,0.008901,0.5100,0.000000,0.003900,0.00001521,-0.026000,0.5100,0.000000
1771570306.180407,4.603289,0.008210,-0.003750,0.018270,0.008901,0.5100,0.000000,0.003750,0.00001406,-0.025000,0.5100,0.000000
1771570306.212120,4.635002,0.031713,-0.003750,0.000000,0.008901,0.5100,0.000000,0.003750,0.00001406,-0.025000,0.5100,0.000000
1771570306.220208,4.643090,0.008088,-0.003750,0.000000,0.008901,0.5100,0.000000,0.003750,0.00001406,-0.025000,0.5100,0.000000
1771570306.252803,4.675685,0.032595,-0.003750,0.000000,0.008901,0.5100,0.000000,0.003750,0.00001406,-0.025000,0.5100,0.000000
1771570306.260485,4.683368,0.007682,-0.003750,0.000000,0.008901,0.5100,0.000000,0.003750,0.00001406,-0.025000,0.5100,0.000000
1771570306.291954,4.714836,0.031468,-0.003750,0.000000,0.008901,0.5100,0.000000,0.003750,0.00001406,-0.025000,0.5100,0.000000
1771570306.301082,4.723964,0.009128,-0.003750,0.000000,0.008901,0.5100,0.000000,0.003750,0.00001406,-0.025000,0.5100,0.000000
1771570306.331814,4.754696,0.030732,-0.003750,0.000000,0.008901,0.5100,0.000000,0.003750,0.00001406,-0.025000,0.5100,0.000000
1771570306.341380,4.764262,0.009566,-0.003750,0.000000,0.008901,0.5100,0.000000,0.003750,0.00001406,-0.025000,0.5100,0.000000
1771570306.372279,4.795162,0.030900,-0.003750,0.000000,0.008901,0.5100,0.000000,0.003750,0.00001406,-0.025000,0.5100,0.000000
1771570306.381382,4.804265,0.009103,-0.003750,0.000000,0.008901,0.5100,0.000000,0.003750,0.00001406,-0.025000,0.5100,0.000000
1771570306.414277,4.837159,0.032894,-0.003750,0.000000,0.008901,0.5100,0.000000,0.003750,0.00001406,-0.025000,0.5100,0.000000
1771570306.421614,4.844496,0.007338,-0.003750,0.000000,0.008901,0.5100,0.000000,0.003750,0.00001406,-0.025000,0.5100,0.000000
1771570306.452793,4.875675,0.031178,-0.003750,0.000000,0.008901,0.5100,0.000000,0.003750,0.00001406,-0.025000,0.5100,0.000000
1771570306.460318,4.883201,0.007526,-0.003750,0.000000,0.008901,0.5100,0.000000,0.003750,0.00001406,-0.025000,0.5100,0.000000
1771570306.492389,4.915271,0.032070,-0.003750,0.000000,0.009250,0.5300,0.000000,0.003750,0.00001406,-0.025000,0.5300,0.000000
1771570306.501151,4.924033,0.008762,-0.003750,0.000000,0.009250,0.5300,0.000000,0.003750,0.00001406,-0.025000,0.5300,0.000000
1771570306.534202,4.957084,0.033051,-0.003900,-0.004538,0.008901,0.5100,0.000000,0.003900,0.00001521,-0.026000,0.5100,0.000000
1771570306.540989,4.963871,0.006787,-0.003750,0.022101,0.008901,0.5100,0.000000,0.003750,0.00001406,-0.025000,0.5100,0.000000
1771570306.573183,4.996065,0.032194,-0.003750,0.000000,0.009250,0.5300,0.000000,0.003750,0.00001406,-0.025000,0.5300,0.000000
1771570306.580020,5.002903,0.006838,-0.003750,0.000000,0.009250,0.5300,0.000000,0.003750,0.00001406,-0.025000,0.5300,0.000000
1771570306.611405,5.034288,0.031385,-0.003750,0.000000,0.008901,0.5100,0.000000,0.003750,0.00001406,-0.025000,0.5100,0.000000
1771570306.621408,5.044291,0.010003,-0.003750,0.000000,0.008901,0.5100,0.000000,0.003750,0.00001406,-0.025000,0.5100,0.000000
1771570306.652761,5.075644,0.031353,-0.003750,0.000000,0.008901,0.5100,0.000000,0.003750,0.00001406,-0.025000,0.5100,0.000000
1771570306.661420,5.084303,0.008659,-0.003750,0.000000,0.008901,0.5100,0.000000,0.003750,0.00001406,-0.025000,0.5100,0.000000
1771570306.692492,5.115375,0.031072,-0.003900,-0.004827,0.008901,0.5100,0.000000,0.003900,0.00001521,-0.026000,0.5100,0.000000
1771570306.700583,5.123466,0.008091,-0.003750,0.018540,0.008901,0.5100,0.000000,0.003750,0.00001406,-0.025000,0.5100,0.000000
1771570306.732496,5.155378,0.031913,-0.003900,-0.004700,0.008901,0.5100,0.000000,0.003900,0.00001521,-0.026000,0.5100,0.000000
1771570306.741618,5.164500,0.009122,-0.003750,0.016443,0.008901,0.5100,0.000000,0.003750,0.00001406,-0.025000,0.5100,0.000000
1771570306.772482,5.195365,0.030864,-0.003750,0.000000,0.008901,0.5100,0.000000,0.003750,0.00001406,-0.025000,0.5100,0.000000
1771570306.780759,5.203641,0.008277,-0.003900,-0.018123,0.008901,0.5100,0.000000,0.003900,0.00001521,-0.026000,0.5100,0.000000
1771570306.812420,5.235302,0.031661,-0.003750,0.004738,0.008901,0.5100,0.000000,0.003750,0.00001406,-0.025000,0.5100,0.000000
1771570306.821708,5.244591,0.009289,-0.003900,-0.016149,0.008901,0.5100,0.000000,0.003900,0.00001521,-0.026000,0.5100,0.000000
1771570306.851464,5.274347,0.029756,-0.003750,0.005041,0.008901,0.5100,0.000000,0.003750,0.00001406,-0.025000,0.5100,0.000000
1771570306.862530,5.285412,0.011065,-0.003900,-0.013556,0.008901,0.5100,0.000000,0.003900,0.00001521,-0.026000,0.5100,0.000000
1771570306.891712,5.314594,0.029182,-0.003900,0.000000,0.008901,0.5100,0.000000,0.003900,0.00001521,-0.026000,0.5100,0.000000
1771570306.899949,5.322831,0.008237,-0.003750,0.018211,0.008901,0.5100,0.000000,0.003750,0.00001406,-0.025000,0.5100,0.000000
1771570306.931355,5.354238,0.031407,-0.003750,0.000000,0.008901,0.5100,0.000000,0.003750,0.00001406,-0.025000,0.5100,0.000000
1771570306.940295,5.363177,0.008940,-0.003750,0.000000,0.008901,0.5100,0.000000,0.003750,0.00001406,-0.025000,0.5100,0.000000
1771570306.971735,5.394617,0.031440,-0.003900,-0.004771,0.008901,0.5100,0.000000,0.003900,0.00001521,-0.026000,0.5100,0.000000
1771570306.980620,5.403502,0.008885,-0.003750,0.016883,0.008901,0.5100,0.000000,0.003750,0.00001406,-0.025000,0.5100,0.000000
1771570307.012123,5.435005,0.031503,-0.003750,0.000000,0.008901,0.5100,0.000000,0.003750,0.00001406,-0.025000,0.5100,0.000000
1771570307.020621,5.443503,0.008498,-0.003750,0.000000,0.008901,0.5100,0.000000,0.003750,0.00001406,-0.025000,0.5100,0.000000
1771570307.051946,5.474828,0.031325,-0.003900,-0.004789,0.008901,0.5100,0.000000,0.003900,0.00001521,-0.026000,0.5100,0.000000
1771570307.061060,5.483943,0.009115,-0.003750,0.016457,0.008901,0.5100,0.000000,0.003750,0.00001406,-0.025000,0.5100,0.000000
1771570307.093082,5.515964,0.032022,-0.003750,0.000000,0.008901,0.5100,0.000000,0.003750,0.00001406,-0.025000,0.5100,0.000000
1771570307.102890,5.525772,0.009808,-0.003750,0.000000,0.008901,0.5100,0.000000,0.003750,0.00001406,-0.025000,0.5100,0.000000
1771570307.132487,5.555369,0.029597,-0.003750,0.000000,0.008901,0.5100,0.000000,0.003750,0.00001406,-0.025000,0.5100,0.000000
1771570307.141570,5.564453,0.009084,-0.003750,0.000000,0.008901,0.5100,0.000000,0.003750,0.00001406,-0.025000,0.5100,0.000000
1771570307.172513,5.595395,0.030942,-0.003750,0.000000,0.008901,0.5100,0.000000,0.003750,0.00001406,-0.025000,0.5100,0.000000
1771570307.181351,5.604233,0.008838,-0.003750,0.000000,0.008901,0.5100,0.000000,0.003750,0.00001406,-0.025000,0.5100,0.000000
1771570307.211862,5.634744,0.030511,-0.003750,0.000000,0.008901,0.5100,0.000000,0.003750,0.00001406,-0.025000,0.5100,0.000000
1771570307.220101,5.642984,0.008240,-0.003750,0.000000,0.008901,0.5100,0.000000,0.003750,0.00001406,-0.025000,0.5100,0.000000
1771570307.253213,5.676095,0.033112,-0.003750,0.000000,0.009250,0.5300,0.000000,0.003750,0.00001406,-0.025000,0.5300,0.000000
1771570307.261492,5.684374,0.008279,-0.003750,0.000000,0.009250,0.5300,0.000000,0.003750,0.00001406,-0.025000,0.5300,0.000000
1771570307.292030,5.714912,0.030538,-0.003750,0.000000,0.008901,0.5100,0.000000,0.003750,0.00001406,-0.025000,0.5100,0.000000
1771570307.301055,5.723937,0.009025,-0.003750,0.000000,0.008901,0.5100,0.000000,0.003750,0.00001406,-0.025000,0.5100,0.000000
1771570307.331789,5.754672,0.030735,-0.003750,0.000000,0.008901,0.5100,0.000000,0.003750,0.00001406,-0.025000,0.5100,0.000000
1771570307.340011,5.762893,0.008222,-0.003750,0.000000,0.008901,0.5100,0.000000,0.003750,0.00001406,-0.025000,0.5100,0.000000
1771570307.372472,5.795354,0.032460,-0.003750,0.000000,0.008901,0.5100,0.000000,0.003750,0.00001406,-0.025000,0.5100,0.000000
1771570307.382970,5.805853,0.010499,-0.003900,-0.014287,0.008901,0.5100,0.000000,0.003900,0.00001521,-0.026000,0.5100,0.000000
1771570307.413405,5.836287,0.030435,-0.003750,0.004929,0.008901,0.5100,0.000000,0.003750,0.00001406,-0.025000,0.5100,0.000000
1771570307.420375,5.843257,0.006970,-0.003750,0.000000,0.008901,0.5100,0.000000,0.003750,0.00001406,-0.025000,0.5100,0.000000
1771570307.453740,5.876622,0.033365,-0.003750,0.000000,0.008901,0.5100,0.000000,0.003750,0.00001406,-0.025000,0.5100,0.000000
1771570307.460474,5.883356,0.006734,-0.003900,-0.022276,0.008901,0.5100,0.000000,0.003900,0.00001521,-0.026000,0.5100,0.000000
1771570307.492124,5.915007,0.031651,-0.003750,0.004739,0.008901,0.5100,0.000000,0.003750,0.00001406,-0.025000,0.5100,0.000000
1771570307.500889,5.923771,0.008765,-0.003750,0.000000,0.008901,0.5100,0.000000,0.003750,0.00001406,-0.025000,0.5100,0.000000
1771570307.532078,5.954961,0.031189,-0.003750,0.000000,0.008901,0.5100,0.000000,0.003750,0.00001406,-0.025000,0.5100,0.000000
1771570307.540601,5.963483,0.008523,-0.003900,-0.017600,0.008901,0.5100,0.000000,0.003900,0.00001521,-0.026000,0.5100,0.000000
1771570307.571823,5.994705,0.031222,-0.003750,0.004804,0.008901,0.5100,0.000000,0.003750,0.00001406,-0.025000,0.5100,0.000000
1771570307.580020,6.002903,0.008197,-0.003750,0.000000,0.008901,0.5100,0.000000,0.003750,0.00001406,-0.025000,0.5100,0.000000
1771570307.611163,6.034045,0.031143,-0.003750,0.000000,0.008901,0.5100,0.000000,0.003750,0.00001406,-0.025000,0.5100,0.000000
1771570307.620553,6.043435,0.009389,-0.003750,0.000000,0.008901,0.5100,0.000000,0.003750,0.00001406,-0.025000,0.5100,0.000000
1771570307.651616,6.074498,0.031064,-0.003900,-0.004829,0.009250,0.5300,0.000000,0.003900,0.00001521,-0.026000,0.5300,0.000000
1771570307.661230,6.084112,0.009614,-0.003750,0.015602,0.009250,0.5300,0.000000,0.003750,0.00001406,-0.025000,0.5300,0.000000
1771570307.691951,6.114833,0.030720,-0.003750,0.000000,0.009250,0.5300,0.000000,0.003750,0.00001406,-0.025000,0.5300,0.000000
1771570307.701261,6.124143,0.009310,-0.003900,-0.016111,0.009250,0.5300,0.000000,0.003900,0.00001521,-0.026000,0.5300,0.000000
1771570307.731495,6.154377,0.030234,-0.003900,0.000000,0.008901,0.5100,0.000000,0.003900,0.00001521,-0.026000,0.5100,0.000000
1771570307.741860,6.164743,0.010365,-0.003900,0.000000,0.008901,0.5100,0.000000,0.003900,0.00001521,-0.026000,0.5100,0.000000
1771570307.772064,6.194947,0.030204,-0.003900,0.000000,0.008901,0.5100,0.000000,0.003900,0.00001521,-0.026000,0.5100,0.000000
1771570307.780980,6.203862,0.008916,-0.003900,0.000000,0.008901,0.5100,0.000000,0.003900,0.00001521,-0.026000,0.5100,0.000000
1771570307.812659,6.235541,0.031678,-0.003900,0.000000,0.009250,0.5300,0.000000,0.003900,0.00001521,-0.026000,0.5300,0.000000
1771570307.821303,6.244185,0.008644,-0.003900,0.000000,0.009250,0.5300,0.000000,0.003900,0.00001521,-0.026000,0.5300,0.000000
1771570307.852572,6.275454,0.031269,-0.003900,0.000000,0.009250,0.5300,0.000000,0.003900,0.00001521,-0.026000,0.5300,0.000000
1771570307.861323,6.284206,0.008752,-0.003900,0.000000,0.009250,0.5300,0.000000,0.003900,0.00001521,-0.026000,0.5300,0.000000
1771570307.891361,6.314243,0.030037,-0.003900,0.000000,0.009250,0.5300,0.000000,0.003900,0.00001521,-0.026000,0.5300,0.000000
1771570307.901987,6.324870,0.010627,-0.003900,0.000000,0.009250,0.5300,0.000000,0.003900,0.00001521,-0.026000,0.5300,0.000000
1771570307.932309,6.355191,0.030322,-0.003900,0.000000,0.008901,0.5100,0.000000,0.003900,0.00001521,-0.026000,0.5100,0.000000
1771570307.941427,6.364309,0.009118,-0.003900,0.000000,0.008901,0.5100,0.000000,0.003900,0.00001521,-0.026000,0.5100,0.000000
1771570307.971919,6.394801,0.030492,-0.003900,0.000000,0.009250,0.5300,0.000000,0.003900,0.00001521,-0.026000,0.5300,0.000000
1771570307.980045,6.402927,0.008126,-0.003750,0.018459,0.009250,0.5300,0.000000,0.003750,0.00001406,-0.025000,0.5300,0.000000
1771570308.012152,6.435035,0.032108,-0.003900,-0.004672,0.009250,0.5300,0.000000,0.003900,0.00001521,-0.026000,0.5300,0.000000
1771570308.020358,6.443240,0.008206,-0.003750,0.018280,0.009250,0.5300,0.000000,0.003750,0.00001406,-0.025000,0.5300,0.000000
1771570308.051649,6.474531,0.031291,-0.003900,-0.004794,0.009250,0.5300,0.000000,0.003900,0.00001521,-0.026000,0.5300,0.000000
1771570308.060460,6.483342,0.008811,-0.003900,0.000000,0.009250,0.5300,0.000000,0.003900,0.00001521,-0.026000,0.5300,0.000000
1771570308.091614,6.514496,0.031154,-0.003900,0.000000,0.009250,0.5300,0.000000,0.003900,0.00001521,-0.026000,0.5300,0.000000
1771570308.101404,6.524286,0.009790,-0.003900,0.000000,0.009250,0.5300,0.000000,0.003900,0.00001521,-0.026000,0.5300,0.000000
1771570308.132205,6.555087,0.030801,-0.003900,0.000000,0.009250,0.5300,0.000000,0.003900,0.00001521,-0.026000,0.5300,0.000000
1771570308.140176,6.563058,0.007971,-0.003900,0.000000,0.009250,0.5300,0.000000,0.003900,0.00001521,-0.026000,0.5300,0.000000
1771570308.171653,6.594535,0.031477,-0.003900,0.000000,0.009250,0.5300,0.000000,0.003900,0.00001521,-0.026000,0.5300,0.000000
1771570308.181109,6.603992,0.009456,-0.003750,0.015862,0.009250,0.5300,0.000000,0.003750,0.00001406,-0.025000,0.5300,0.000000
1771570308.211876,6.634758,0.030767,-0.003750,0.000000,0.009250,0.5300,0.000000,0.003750,0.00001406,-0.025000,0.5300,0.000000
1771570308.220906,6.643789,0.009030,-0.003750,0.000000,0.009250,0.5300,0.000000,0.003750,0.00001406,-0.025000,0.5300,0.000000
1771570308.252753,6.675635,0.031847,-0.003750,0.000000,0.008901,0.5100,0.000000,0.003750,0.00001406,-0.025000,0.5100,0.000000
1771570308.260822,6.683705,0.008070,-0.003750,0.000000,0.008901,0.5100,0.000000,0.003750,0.00001406,-0.025000,0.5100,0.000000
1771570308.291487,6.714369,0.030664,-0.003750,0.000000,0.008901,0.5100,0.000000,0.003750,0.00001406,-0.025000,0.5100,0.000000
1771570308.301400,6.724283,0.009914,-0.003750,0.000000,0.008901,0.5100,0.000000,0.003750,0.00001406,-0.025000,0.5100,0.000000
1771570308.331568,6.754450,0.030167,-0.003750,0.000000,0.009250,0.5300,0.000000,0.003750,0.00001406,-0.025000,0.5300,0.000000
1771570308.340634,6.763516,0.009066,-0.003750,0.000000,0.009250,0.5300,0.000000,0.003750,0.00001406,-0.025000,0.5300,0.000000
1771570308.372402,6.795285,0.031769,-0.003750,0.000000,0.009250,0.5300,0.000000,0.003750,0.00001406,-0.025000,0.5300,0.000000
1771570308.381521,6.804404,0.009119,-0.003750,0.000000,0.009250,0.5300,0.000000,0.003750,0.00001406,-0.025000,0.5300,0.000000
1771570308.412345,6.835227,0.030823,-0.003750,0.000000,0.009250,0.5300,0.000000,0.003750,0.00001406,-0.025000,0.5300,0.000000
1771570308.421383,6.844265,0.009038,-0.003750,0.000000,0.009250,0.5300,0.000000,0.003750,0.00001406,-0.025000,0.5300,0.000000
1771570308.453502,6.876384,0.032119,-0.003750,0.000000,0.009250,0.5300,0.000000,0.003750,0.00001406,-0.025000,0.5300,0.000000
1771570308.459851,6.882733,0.006349,-0.003750,0.000000,0.009250,0.5300,0.000000,0.003750,0.00001406,-0.025000,0.5300,0.000000
1771570308.491529,6.914411,0.031678,-0.003750,0.000000,0.008901,0.5100,0.000000,0.003750,0.00001406,-0.025000,0.5100,0.000000
1771570308.500992,6.923874,0.009463,-0.003750,0.000000,0.008901,0.5100,0.000000,0.003750,0.00001406,-0.025000,0.5100,0.000000
1771570308.531813,6.954695,0.030821,-0.003750,0.000000,0.009250,0.5300,0.000000,0.003750,0.00001406,-0.025000,0.5300,0.000000
1771570308.540020,6.962902,0.008207,-0.003750,0.000000,0.009250,0.5300,0.000000,0.003750,0.00001406,-0.025000,0.5300,0.000000
1771570308.571327,6.994210,0.031308,-0.003750,0.000000,0.009250,0.5300,0.000000,0.003750,0.00001406,-0.025000,0.5300,0.000000
1771570308.582049,7.004932,0.010722,-0.003750,0.000000,0.009250,0.5300,0.000000,0.003750,0.00001406,-0.025000,0.5300,0.000000
1771570308.613119,7.036001,0.031070,-0.003750,0.000000,0.009250,0.5300,0.000000,0.003750,0.00001406,-0.025000,0.5300,0.000000
1771570308.621274,7.044156,0.008155,-0.003750,0.000000,0.009250,0.5300,0.000000,0.003750,0.00001406,-0.025000,0.5300,0.000000
1771570308.652302,7.075184,0.031028,-0.003750,0.000000,0.008901,0.5100,0.000000,0.003750,0.00001406,-0.025000,0.5100,0.000000
1771570308.660354,7.083236,0.008052,-0.003750,0.000000,0.008901,0.5100,0.000000,0.003750,0.00001406,-0.025000,0.5100,0.000000
1771570308.692519,7.115401,0.032165,-0.003750,0.000000,0.008901,0.5100,0.000000,0.003750,0.00001406,-0.025000,0.5100,0.000000
1771570308.700564,7.123447,0.008046,-0.003750,0.000000,0.008901,0.5100,0.000000,0.003750,0.00001406,-0.025000,0.5100,0.000000
1771570308.732080,7.154963,0.031516,-0.003750,0.000000,0.008901,0.5100,0.000000,0.003750,0.00001406,-0.025000,0.5100,0.000000
1771570308.740518,7.163400,0.008438,-0.003750,0.000000,0.008901,0.5100,0.000000,0.003750,0.00001406,-0.025000,0.5100,0.000000
1771570308.771273,7.194155,0.030755,-0.003750,0.000000,0.009250,0.5300,0.000000,0.003750,0.00001406,-0.025000,0.5300,0.000000
1771570308.781082,7.203964,0.009809,-0.003750,0.000000,0.009250,0.5300,0.000000,0.003750,0.00001406,-0.025000,0.5300,0.000000
1771570308.812437,7.235319,0.031355,-0.003900,-0.004784,0.008901,0.5100,0.000000,0.003900,0.00001521,-0.026000,0.5100,0.000000
1771570308.820827,7.243710,0.008391,-0.003750,0.017877,0.008901,0.5100,0.000000,0.003750,0.00001406,-0.025000,0.5100,0.000000
1771570308.852405,7.275287,0.031578,-0.003750,0.000000,0.008901,0.5100,0.000000,0.003750,0.00001406,-0.025000,0.5100,0.000000
1771570308.861524,7.284406,0.009119,-0.003750,0.000000,0.008901,0.5100,0.000000,0.003750,0.00001406,-0.025000,0.5100,0.000000
1771570308.892898,7.315781,0.031374,-0.003900,-0.004781,0.008901,0.5100,0.000000,0.003900,0.00001521,-0.026000,0.5100,0.000000
1771570308.900829,7.323711,0.007931,-0.003750,0.018914,0.008901,0.5100,0.000000,0.003750,0.00001406,-0.025000,0.5100,0.000000
1771570308.931885,7.354768,0.031057,-0.003750,0.000000,0.009250,0.5300,0.000000,0.003750,0.00001406,-0.025000,0.5300,0.000000
1771570308.941581,7.364463,0.009695,-0.003900,-0.015471,0.009250,0.5300,0.000000,0.003900,0.00001521,-0.026000,0.5300,0.000000
1771570308.972947,7.395829,0.031366,-0.003750,0.004782,0.009250,0.5300,0.000000,0.003750,0.00001406,-0.025000,0.5300,0.000000
1771570308.980638,7.403520,0.007691,-0.003900,-0.019504,0.009250,0.5300,0.000000,0.003900,0.00001521,-0.026000,0.5300,0.000000
1771570309.011888,7.434770,0.031250,-0.003900,0.000000,0.009250,0.5300,0.000000,0.003900,0.00001521,-0.026000,0.5300,0.000000
1771570309.020231,7.443113,0.008343,-0.003900,0.000000,0.009250,0.5300,0.000000,0.003900,0.00001521,-0.026000,0.5300,0.000000
1771570309.052287,7.475169,0.032056,-0.003900,0.000000,0.008901,0.5100,0.000000,0.003900,0.00001521,-0.026000,0.5100,0.000000
1771570309.060225,7.483107,0.007938,-0.003900,0.000000,0.008901,0.5100,0.000000,0.003900,0.00001521,-0.026000,0.5100,0.000000
1771570309.091887,7.514770,0.031663,-0.003900,0.000000,0.008901,0.5100,0.000000,0.003900,0.00001521,-0.026000,0.5100,0.000000
1771570309.101064,7.523946,0.009176,-0.003900,0.000000,0.008901,0.5100,0.000000,0.003900,0.00001521,-0.026000,0.5100,0.000000
1771570309.132203,7.555085,0.031139,-0.003900,0.000000,0.008901,0.5100,0.000000,0.003900,0.00001521,-0.026000,0.5100,0.000000
1771570309.140647,7.563530,0.008445,-0.003900,0.000000,0.008901,0.5100,0.000000,0.003900,0.00001521,-0.026000,0.5100,0.000000
1771570309.171971,7.594853,0.031323,-0.003900,0.000000,0.008901,0.5100,0.000000,0.003900,0.00001521,-0.026000,0.5100,0.000000
1771570309.179806,7.602689,0.007836,-0.003900,0.000000,0.008901,0.5100,0.000000,0.003900,0.00001521,-0.026000,0.5100,0.000000
1771570309.211878,7.634760,0.032071,-0.003900,0.000000,0.009250,0.5300,0.000000,0.003900,0.00001521,-0.026000,0.5300,0.000000
1771570309.220035,7.642918,0.008158,-0.003900,0.000000,0.009250,0.5300,0.000000,0.003900,0.00001521,-0.026000,0.5300,0.000000
1771570309.252964,7.675846,0.032928,-0.003900,0.000000,0.008901,0.5100,0.000000,0.003900,0.00001521,-0.026000,0.5100,0.000000
1771570309.260695,7.683578,0.007732,-0.003900,0.000000,0.008901,0.5100,0.000000,0.003900,0.00001521,-0.026000,0.5100,0.000000
1771570309.291952,7.714834,0.031257,-0.003900,0.000000,0.009250,0.5300,0.000000,0.003900,0.00001521,-0.026000,0.5300,0.000000
1771570309.300790,7.723672,0.008837,-0.003900,0.000000,0.009250,0.5300,0.000000,0.003900,0.00001521,-0.026000,0.5300,0.000000
1771570309.332816,7.755699,0.032027,-0.003900,0.000000,0.008901,0.5100,0.000000,0.003900,0.00001521,-0.026000,0.5100,0.000000
1771570309.340489,7.763371,0.007673,-0.003900,0.000000,0.008901,0.5100,0.000000,0.003900,0.00001521,-0.026000,0.5100,0.000000
1771570309.371787,7.794670,0.031298,-0.003900,0.000000,0.009250,0.5300,0.000000,0.003900,0.00001521,-0.026000,0.5300,0.000000
1771570309.380300,7.803183,0.008513,-0.003900,0.000000,0.009250,0.5300,0.000000,0.003900,0.00001521,-0.026000,0.5300,0.000000
1771570309.411954,7.834836,0.031654,-0.003900,0.000000,0.008901,0.5100,0.000000,0.003900,0.00001521,-0.026000,0.5100,0.000000
1771570309.420674,7.843556,0.008719,-0.003900,0.000000,0.008901,0.5100,0.000000,0.003900,0.00001521,-0.026000,0.5100,0.000000
1771570309.451463,7.874345,0.030789,-0.003900,0.000000,0.009250,0.5300,0.000000,0.003900,0.00001521,-0.026000,0.5300,0.000000
1771570309.460621,7.883503,0.009158,-0.003900,0.000000,0.009250,0.5300,0.000000,0.003900,0.00001521,-0.026000,0.5300,0.000000
1771570309.491882,7.914764,0.031260,-0.003900,0.000000,0.009250,0.5300,0.000000,0.003900,0.00001521,-0.026000,0.5300,0.000000
1771570309.499946,7.922828,0.008064,-0.003900,0.000000,0.009250,0.5300,0.000000,0.003900,0.00001521,-0.026000,0.5300,0.000000
1771570309.531559,7.954441,0.031613,-0.003900,0.000000,0.009250,0.5300,0.000000,0.003900,0.00001521,-0.026000,0.5300,0.000000
1771570309.541189,7.964071,0.009630,-0.003900,0.000000,0.009250,0.5300,0.000000,0.003900,0.00001521,-0.026000,0.5300,0.000000
1771570309.571795,7.994678,0.030607,-0.003900,0.000000,0.009250,0.5300,0.000000,0.003900,0.00001521,-0.026000,0.5300,0.000000
1771570309.581288,8.004170,0.009492,-0.003900,0.000000,0.009250,0.5300,0.000000,0.003900,0.00001521,-0.026000,0.5300,0.000000
1771570309.613605,8.036487,0.032317,-0.003900,0.000000,0.009250,0.5300,0.000000,0.003900,0.00001521,-0.026000,0.5300,0.000000
1771570309.620505,8.043388,0.006901,-0.003900,0.000000,0.009250,0.5300,0.000000,0.003900,0.00001521,-0.026000,0.5300,0.000000
1771570309.652416,8.075298,0.031910,-0.003900,0.000000,0.008901,0.5100,0.000000,0.003900,0.00001521,-0.026000,0.5100,0.000000
1771570309.660493,8.083375,0.008078,-0.003900,0.000000,0.008901,0.5100,0.000000,0.003900,0.00001521,-0.026000,0.5100,0.000000
1771570309.691611,8.114494,0.031118,-0.003900,0.000000,0.009250,0.5300,0.000000,0.003900,0.00001521,-0.026000,0.5300,0.000000
1771570309.701743,8.124625,0.010132,-0.003900,0.000000,0.009250,0.5300,0.000000,0.003900,0.00001521,-0.026000,0.5300,0.000000
1771570309.731249,8.154131,0.029505,-0.003900,0.000000,0.008901,0.5100,0.000000,0.003900,0.00001521,-0.026000,0.5100,0.000000
1771570309.739772,8.162654,0.008523,-0.003900,0.000000,0.008901,0.5100,0.000000,0.003900,0.00001521,-0.026000,0.5100,0.000000
1771570309.772151,8.195033,0.032379,-0.003900,0.000000,0.008901,0.5100,0.000000,0.003900,0.00001521,-0.026000,0.5100,0.000000
1771570309.780090,8.202972,0.007939,-0.003900,0.000000,0.008901,0.5100,0.000000,0.003900,0.00001521,-0.026000,0.5100,0.000000
1771570309.811960,8.234842,0.031870,-0.003900,0.000000,0.009250,0.5300,0.000000,0.003900,0.00001521,-0.026000,0.5300,0.000000
1771570309.820186,8.243069,0.008227,-0.003900,0.000000,0.009250,0.5300,0.000000,0.003900,0.00001521,-0.026000,0.5300,0.000000
1771570309.852759,8.275642,0.032573,-0.003900,0.000000,0.008901,0.5100,0.000000,0.003900,0.00001521,-0.026000,0.5100,0.000000
1771570309.860438,8.283320,0.007679,-0.003900,0.000000,0.008901,0.5100,0.000000,0.003900,0.00001521,-0.026000,0.5100,0.000000
1771570309.892138,8.315021,0.031701,-0.003900,0.000000,0.008901,0.5100,0.000000,0.003900,0.00001521,-0.026000,0.5100,0.000000
1771570309.900305,8.323187,0.008166,-0.003900,0.000000,0.008901,0.5100,0.000000,0.003900,0.00001521,-0.026000,0.5100,0.000000
1771570309.932158,8.355040,0.031853,-0.003900,0.000000,0.009250,0.5300,0.000000,0.003900,0.00001521,-0.026000,0.5300,0.000000
1771570309.941619,8.364501,0.009461,-0.003900,0.000000,0.009250,0.5300,0.000000,0.003900,0.00001521,-0.026000,0.5300,0.000000
1771570309.972169,8.395051,0.030550,-0.003900,0.000000,0.008901,0.5100,0.000000,0.003900,0.00001521,-0.026000,0.5100,0.000000
1771570309.981351,8.404233,0.009182,-0.003900,0.000000,0.008901,0.5100,0.000000,0.003900,0.00001521,-0.026000,0.5100,0.000000
1771570310.012063,8.434945,0.030712,-0.003900,0.000000,0.009250,0.5300,0.000000,0.003900,0.00001521,-0.026000,0.5300,0.000000
1771570310.020064,8.442946,0.008001,-0.003900,0.000000,0.009250,0.5300,0.000000,0.003900,0.00001521,-0.026000,0.5300,0.000000
1771570310.051919,8.474801,0.031855,-0.003900,0.000000,0.009250,0.5300,0.000000,0.003900,0.00001521,-0.026000,0.5300,0.000000
1771570310.060809,8.483691,0.008890,-0.003900,0.000000,0.009250,0.5300,0.000000,0.003900,0.00001521,-0.026000,0.5300,0.000000
1771570310.091282,8.514164,0.030473,-0.003900,0.000000,0.008901,0.5100,0.000000,0.003900,0.00001521,-0.026000,0.5100,0.000000
1771570310.100347,8.523230,0.009065,-0.003900,0.000000,0.008901,0.5100,0.000000,0.003900,0.00001521,-0.026000,0.5100,0.000000
1771570310.131197,8.554079,0.030850,-0.003900,0.000000,0.008901,0.5100,0.000000,0.003900,0.00001521,-0.026000,0.5100,0.000000
1771570310.140611,8.563493,0.009414,-0.003900,0.000000,0.008901,0.5100,0.000000,0.003900,0.00001521,-0.026000,0.5100,0.000000
1771570310.171406,8.594289,0.030795,-0.003900,0.000000,0.008901,0.5100,0.000000,0.003900,0.00001521,-0.026000,0.5100,0.000000
1771570310.180908,8.603790,0.009501,-0.003900,0.000000,0.008901,0.5100,0.000000,0.003900,0.00001521,-0.026000,0.5100,0.000000
1771570310.211174,8.634057,0.030267,-0.003900,0.000000,0.008901,0.5100,0.000000,0.003900,0.00001521,-0.026000,0.5100,0.000000
1771570310.220991,8.643874,0.009817,-0.003750,0.015280,0.008901,0.5100,0.000000,0.003750,0.00001406,-0.025000,0.5100,0.000000
1771570310.251988,8.674870,0.030997,-0.003750,0.000000,0.008901,0.5100,0.000000,0.003750,0.00001406,-0.025000,0.5100,0.000000
1771570310.260424,8.683307,0.008436,-0.003900,-0.017780,0.008901,0.5100,0.000000,0.003900,0.00001521,-0.026000,0.5100,0.000000
1771570310.292161,8.715043,0.031737,-0.003900,0.000000,0.009250,0.5300,0.000000,0.003900,0.00001521,-0.026000,0.5300,0.000000
1771570310.300686,8.723568,0.008525,-0.003900,0.000000,0.009250,0.5300,0.000000,0.003900,0.00001521,-0.026000,0.5300,0.000000
1771570310.332746,8.755628,0.032060,-0.003900,0.000000,0.008901,0.5100,0.000000,0.003900,0.00001521,-0.026000,0.5100,0.000000
1771570310.341099,8.763981,0.008353,-0.003900,0.000000,0.008901,0.5100,0.000000,0.003900,0.00001521,-0.026000,0.5100,0.000000
1771570310.371784,8.794667,0.030686,-0.003900,0.000000,0.009250,0.5300,0.000000,0.003900,0.00001521,-0.026000,0.5300,0.000000
1771570310.379733,8.802616,0.007949,-0.003900,0.000000,0.009250,0.5300,0.000000,0.003900,0.00001521,-0.026000,0.5300,0.000000
1771570310.412573,8.835455,0.032839,-0.003900,0.000000,0.008901,0.5100,0.000000,0.003900,0.00001521,-0.026000,0.5100,0.000000
1771570310.420749,8.843631,0.008176,-0.003900,0.000000,0.008901,0.5100,0.000000,0.003900,0.00001521,-0.026000,0.5100,0.000000
1771570310.452165,8.875047,0.031416,-0.003900,0.000000,0.009250,0.5300,0.000000,0.003900,0.00001521,-0.026000,0.5300,0.000000
1771570310.460924,8.883806,0.008759,-0.003900,0.000000,0.009250,0.5300,0.000000,0.003900,0.00001521,-0.026000,0.5300,0.000000
1771570310.492411,8.915294,0.031488,-0.003900,0.000000,0.008901,0.5100,0.000000,0.003900,0.00001521,-0.026000,0.5100,0.000000
1771570310.500409,8.923291,0.007998,-0.003900,0.000000,0.008901,0.5100,0.000000,0.003900,0.00001521,-0.026000,0.5100,0.000000
1771570310.532784,8.955667,0.032375,-0.003900,0.000000,0.009250,0.5300,0.000000,0.003900,0.00001521,-0.026000,0.5300,0.000000
1771570310.539788,8.962671,0.007004,-0.003900,0.000000,0.009250,0.5300,0.000000,0.003900,0.00001521,-0.026000,0.5300,0.000000
1771570310.572034,8.994917,0.032246,-0.003900,0.000000,0.008901,0.5100,0.000000,0.003900,0.00001521,-0.026000,0.5100,0.000000
1771570310.580013,9.002895,0.007979,-0.003900,0.000000,0.008901,0.5100,0.000000,0.003900,0.00001521,-0.026000,0.5100,0.000000
1771570310.611187,9.034070,0.031174,-0.003900,0.000000,0.008901,0.5100,0.000000,0.003900,0.00001521,-0.026000,0.5100,0.000000
1771570310.621657,9.044539,0.010470,-0.003900,0.000000,0.008901,0.5100,0.000000,0.003900,0.00001521,-0.026000,0.5100,0.000000
1771570310.652396,9.075279,0.030739,-0.003900,0.000000,0.009250,0.5300,0.000000,0.003900,0.00001521,-0.026000,0.5300,0.000000
1771570310.660391,9.083273,0.007995,-0.003900,0.000000,0.009250,0.5300,0.000000,0.003900,0.00001521,-0.026000,0.5300,0.000000
1771570310.691309,9.114191,0.030918,-0.003900,0.000000,0.009250,0.5300,0.000000,0.003900,0.00001521,-0.026000,0.5300,0.000000
1771570310.699867,9.122749,0.008558,-0.003900,0.000000,0.009250,0.5300,0.000000,0.003900,0.00001521,-0.026000,0.5300,0.000000
1771570310.731189,9.154071,0.031322,-0.003900,0.000000,0.008901,0.5100,0.000000,0.003900,0.00001521,-0.026000,0.5100,0.000000
1771570310.740548,9.163430,0.009359,-0.003900,0.000000,0.008901,0.5100,0.000000,0.003900,0.00001521,-0.026000,0.5100,0.000000
1771570310.771368,9.194250,0.030820,-0.003900,0.000000,0.009250,0.5300,0.000000,0.003900,0.00001521,-0.026000,0.5300,0.000000
1771570310.780313,9.203195,0.008945,-0.003900,0.000000,0.009250,0.5300,0.000000,0.003900,0.00001521,-0.026000,0.5300,0.000000
1771570310.811992,9.234874,0.031680,-0.003900,0.000000,0.008901,0.5100,0.000000,0.003900,0.00001521,-0.026000,0.5100,0.000000
1771570310.820875,9.243757,0.008883,-0.003900,0.000000,0.008901,0.5100,0.000000,0.003900,0.00001521,-0.026000,0.5100,0.000000
1771570310.852255,9.275138,0.031380,-0.003900,0.000000,0.009250,0.5300,0.000000,0.003900,0.00001521,-0.026000,0.5300,0.000000
1771570310.861294,9.284176,0.009038,-0.003900,0.000000,0.009250,0.5300,0.000000,0.003900,0.00001521,-0.026000,0.5300,0.000000
1771570310.892357,9.315239,0.031063,-0.003900,0.000000,0.008901,0.5100,0.000000,0.003900,0.00001521,-0.026000,0.5100,0.000000
1771570310.901242,9.324124,0.008884,-0.003900,0.000000,0.008901,0.5100,0.000000,0.003900,0.00001521,-0.026000,0.5100,0.000000
1771570310.932210,9.355093,0.030969,-0.003900,0.000000,0.008901,0.5100,0.000000,0.003900,0.00001521,-0.026000,0.5100,0.000000
1771570310.940216,9.363098,0.008006,-0.003900,0.000000,0.008901,0.5100,0.000000,0.003900,0.00001521,-0.026000,0.5100,0.000000
1771570310.972531,9.395413,0.032315,-0.003900,0.000000,0.009250,0.5300,0.000000,0.003900,0.00001521,-0.026000,0.5300,0.000000
1771570310.980944,9.403827,0.008414,-0.003900,0.000000,0.009250,0.5300,0.000000,0.003900,0.00001521,-0.026000,0.5300,0.000000
1771570311.011443,9.434326,0.030499,-0.003900,0.000000,0.008901,0.5100,0.000000,0.003900,0.00001521,-0.026000,0.5100,0.000000
1771570311.020345,9.443227,0.008902,-0.003900,0.000000,0.008901,0.5100,0.000000,0.003900,0.00001521,-0.026000,0.5100,0.000000
1771570311.052018,9.474900,0.031673,-0.003900,0.000000,0.008901,0.5100,0.000000,0.003900,0.00001521,-0.026000,0.5100,0.000000
1771570311.061110,9.483992,0.009092,-0.003900,0.000000,0.008901,0.5100,0.000000,0.003900,0.00001521,-0.026000,0.5100,0.000000
1771570311.091794,9.514676,0.030684,-0.003900,0.000000,0.008901,0.5100,0.000000,0.003900,0.00001521,-0.026000,0.5100,0.000000
1771570311.101595,9.524477,0.009801,-0.003900,0.000000,0.008901,0.5100,0.000000,0.003900,0.00001521,-0.026000,0.5100,0.000000
1771570311.133485,9.556367,0.031890,-0.003900,0.000000,0.008901,0.5100,0.000000,0.003900,0.00001521,-0.026000,0.5100,0.000000
1771570311.140246,9.563128,0.006761,-0.003900,0.000000,0.008901,0.5100,0.000000,0.003900,0.00001521,-0.026000,0.5100,0.000000
1771570311.171528,9.594410,0.031282,-0.003900,0.000000,0.008901,0.5100,0.000000,0.003900,0.00001521,-0.026000,0.5100,0.000000
1771570311.180369,9.603251,0.008841,-0.003900,0.000000,0.008901,0.5100,0.000000,0.003900,0.00001521,-0.026000,0.5100,0.000000
1771570311.210982,9.633865,0.030614,-0.003900,0.000000,0.009250,0.5300,0.000000,0.003900,0.00001521,-0.026000,0.5300,0.000000
1771570311.221347,9.644230,0.010365,-0.003900,0.000000,0.009250,0.5300,0.000000,0.003900,0.00001521,-0.026000,0.5300,0.000000
1771570311.251450,9.674332,0.030103,-0.003900,0.000000,0.008901,0.5100,0.000000,0.003900,0.00001521,-0.026000,0.5100,0.000000
1771570311.260784,9.683666,0.009334,-0.003900,0.000000,0.008901,0.5100,0.000000,0.003900,0.00001521,-0.026000,0.5100,0.000000
1771570311.292595,9.715477,0.031811,-0.003900,0.000000,0.008901,0.5100,0.000000,0.003900,0.00001521,-0.026000,0.5100,0.000000
1771570311.300471,9.723354,0.007876,-0.003900,0.000000,0.008901,0.5100,0.000000,0.003900,0.00001521,-0.026000,0.5100,0.000000
1771570311.331746,9.754629,0.031275,-0.003900,0.000000,0.008901,0.5100,0.000000,0.003900,0.00001521,-0.026000,0.5100,0.000000
1771570311.340227,9.763109,0.008481,-0.003900,0.000000,0.008901,0.5100,0.000000,0.003900,0.00001521,-0.026000,0.5100,0.000000
1771570311.371567,9.794449,0.031340,-0.003900,0.000000,0.008901,0.5100,0.000000,0.003900,0.00001521,-0.026000,0.5100,0.000000
1771570311.380461,9.803343,0.008894,-0.003900,0.000000,0.008901,0.5100,0.000000,0.003900,0.00001521,-0.026000,0.5100,0.000000
1771570311.411559,9.834441,0.031098,-0.003900,0.000000,0.008901,0.5100,0.000000,0.003900,0.00001521,-0.026000,0.5100,0.000000
1771570311.419667,9.842550,0.008109,-0.003900,0.000000,0.008901,0.5100,0.000000,0.003900,0.00001521,-0.026000,0.5100,0.000000
1771570311.451262,9.874144,0.031595,-0.003900,0.000000,0.008901,0.5100,0.000000,0.003900,0.00001521,-0.026000,0.5100,0.000000
1771570311.461685,9.884567,0.010423,-0.003900,0.000000,0.008901,0.5100,0.000000,0.003900,0.00001521,-0.026000,0.5100,0.000000
1771570311.492010,9.914893,0.030325,-0.003900,0.000000,0.008901,0.5100,0.000000,0.003900,0.00001521,-0.026000,0.5100,0.000000
1771570311.501292,9.924174,0.009282,-0.003900,0.000000,0.008901,0.5100,0.000000,0.003900,0.00001521,-0.026000,0.5100,0.000000
1771570311.531511,9.954394,0.030219,-0.003900,0.000000,0.009250,0.5300,0.000000,0.003900,0.00001521,-0.026000,0.5300,0.000000
1771570311.539803,9.962685,0.008292,-0.003900,0.000000,0.009250,0.5300,0.000000,0.003900,0.00001521,-0.026000,0.5300,0.000000
1771570311.571195,9.994077,0.031392,-0.003900,0.000000,0.008901,0.5100,0.000000,0.003900,0.00001521,-0.026000,0.5100,0.000000
1771570311.580261,10.003144,0.009067,-0.003900,0.000000,0.008901,0.5100,0.000000,0.003900,0.00001521,-0.026000,0.5100,0.000000
1771570311.612301,10.035183,0.032040,-0.004050,-0.004682,0.008901,0.5100,0.000000,0.004050,0.00001640,-0.027000,0.5100,0.000000
1771570311.620444,10.043326,0.008143,-0.004050,0.000000,0.008901,0.5100,0.000000,0.004050,0.00001640,-0.027000,0.5100,0.000000
1771570311.652012,10.074894,0.031568,-0.003900,0.004752,0.008901,0.5100,0.000000,0.003900,0.00001521,-0.026000,0.5100,0.000000
1771570311.660221,10.083103,0.008209,-0.003900,0.000000,0.008901,0.5100,0.000000,0.003900,0.00001521,-0.026000,0.5100,0.000000
1771570311.691822,10.114705,0.031601,-0.003900,0.000000,0.008901,0.5100,0.000000,0.003900,0.00001521,-0.026000,0.5100,0.000000
1771570311.700359,10.123242,0.008537,-0.004050,-0.017570,0.008901,0.5100,0.000000,0.004050,0.00001640,-0.027000,0.5100,0.000000
1771570311.732428,10.155310,0.032068,-0.004050,0.000000,0.008901,0.5100,0.000000,0.004050,0.00001640,-0.027000,0.5100,0.000000
1771570311.741334,10.164216,0.008906,-0.003900,0.016842,0.008901,0.5100,0.000000,0.003900,0.00001521,-0.026000,0.5100,0.000000
1771570311.772245,10.195127,0.030911,-0.004050,-0.004853,0.008901,0.5100,0.000000,0.004050,0.00001640,-0.027000,0.5100,0.000000
1771570311.780708,10.203590,0.008463,-0.003900,0.017724,0.008901,0.5100,0.000000,0.003900,0.00001521,-0.026000,0.5100,0.000000
1771570311.811661,10.234544,0.030953,-0.003900,0.000000,0.008901,0.5100,0.000000,0.003900,0.00001521,-0.026000,0.5100,0.000000
1771570311.820144,10.243027,0.008483,-0.003900,0.000000,0.008901,0.5100,0.000000,0.003900,0.00001521,-0.026000,0.5100,0.000000
1771570311.852296,10.275178,0.032151,-0.003900,0.000000,0.009250,0.5300,0.000000,0.003900,0.00001521,-0.026000,0.5300,0.000000
1771570311.860627,10.283509,0.008331,-0.003900,0.000000,0.009250,0.5300,0.000000,0.003900,0.00001521,-0.026000,0.5300,0.000000
1771570311.892472,10.315354,0.031845,-0.003900,0.000000,0.008901,0.5100,0.000000,0.003900,0.00001521,-0.026000,0.5100,0.000000
1771570311.900454,10.323337,0.007982,-0.003900,0.000000,0.008901,0.5100,0.000000,0.003900,0.00001521,-0.026000,0.5100,0.000000
1771570311.931206,10.354088,0.030751,-0.003900,0.000000,0.008901,0.5100,0.000000,0.003900,0.00001521,-0.026000,0.5100,0.000000
1771570311.940645,10.363527,0.009439,-0.003900,0.000000,0.008901,0.5100,0.000000,0.003900,0.00001521,-0.026000,0.5100,0.000000
1771570311.971736,10.394618,0.031091,-0.004050,-0.004825,0.008901,0.5100,0.000000,0.004050,0.00001640,-0.027000,0.5100,0.000000
1771570311.979868,10.402750,0.008132,-0.003900,0.018446,0.008901,0.5100,0.000000,0.003900,0.00001521,-0.026000,0.5100,0.000000
1771570312.011754,10.434636,0.031886,-0.003900,0.000000,0.008901,0.5100,0.000000,0.003900,0.00001521,-0.026000,0.5100,0.000000
1771570312.020855,10.443738,0.009102,-0.003900,0.000000,0.008901,0.5100,0.000000,0.003900,0.00001521,-0.026000,0.5100,0.000000
1771570312.052164,10.475046,0.031308,-0.003900,0.000000,0.008901,0.5100,0.000000,0.003900,0.00001521,-0.026000,0.5100,0.000000
1771570312.060153,10.483036,0.007990,-0.003900,0.000000,0.008901,0.5100,0.000000,0.003900,0.00001521,-0.026000,0.5100,0.000000
1771570312.093276,10.516158,0.033123,-0.003900,0.000000,0.009250,0.5300,0.000000,0.003900,0.00001521,-0.026000,0.5300,0.000000
1771570312.100032,10.522914,0.006756,-0.003900,0.000000,0.009250,0.5300,0.000000,0.003900,0.00001521,-0.026000,0.5300,0.000000
1771570312.131226,10.554108,0.031194,-0.003900,0.000000,0.009250,0.5300,0.000000,0.003900,0.00001521,-0.026000,0.5300,0.000000
1771570312.140520,10.563403,0.009294,-0.003900,0.000000,0.009250,0.5300,0.000000,0.003900,0.00001521,-0.026000,0.5300,0.000000
1771570312.171119,10.594002,0.030599,-0.003900,0.000000,0.009250,0.5300,0.000000,0.003900,0.00001521,-0.026000,0.5300,0.000000
1771570312.181103,10.603985,0.009984,-0.004050,-0.015025,0.009250,0.5300,0.000000,0.004050,0.00001640,-0.027000,0.5300,0.000000
1771570312.212187,10.635069,0.031084,-0.003900,0.004826,0.008901,0.5100,0.000000,0.003900,0.00001521,-0.026000,0.5100,0.000000
1771570312.221416,10.644298,0.009229,-0.004050,-0.016253,0.008901,0.5100,0.000000,0.004050,0.00001640,-0.027000,0.5100,0.000000
1771570312.251754,10.674636,0.030338,-0.004050,0.000000,0.008901,0.5100,0.000000,0.004050,0.00001640,-0.027000,0.5100,0.000000
1771570312.259935,10.682818,0.008181,-0.004050,0.000000,0.008901,0.5100,0.000000,0.004050,0.00001640,-0.027000,0.5100,0.000000
1771570312.291823,10.714705,0.031887,-0.004050,0.000000,0.009250,0.5300,0.000000,0.004050,0.00001640,-0.027000,0.5300,0.000000
1771570312.300024,10.722906,0.008201,-0.004050,0.000000,0.009250,0.5300,0.000000,0.004050,0.00001640,-0.027000,0.5300,0.000000
1771570312.332489,10.755372,0.032465,-0.004050,0.000000,0.008901,0.5100,0.000000,0.004050,0.00001640,-0.027000,0.5100,0.000000
1771570312.340923,10.763805,0.008434,-0.004050,0.000000,0.008901,0.5100,0.000000,0.004050,0.00001640,-0.027000,0.5100,0.000000
1771570312.371691,10.794574,0.030768,-0.004050,0.000000,0.008901,0.5100,0.000000,0.004050,0.00001640,-0.027000,0.5100,0.000000
1771570312.379818,10.802701,0.008127,-0.004050,0.000000,0.008901,0.5100,0.000000,0.004050,0.00001640,-0.027000,0.5100,0.000000
1771570312.410878,10.833760,0.031059,-0.004050,0.000000,0.009250,0.5300,0.000000,0.004050,0.00001640,-0.027000,0.5300,0.000000
1771570312.421571,10.844453,0.010693,-0.003900,0.014027,0.009250,0.5300,0.000000,0.003900,0.00001521,-0.026000,0.5300,0.000000
1771570312.450676,10.873558,0.029105,-0.004050,-0.005154,0.009250,0.5300,0.000000,0.004050,0.00001640,-0.027000,0.5300,0.000000
1771570312.459595,10.882477,0.008919,-0.003900,0.016818,0.009250,0.5300,0.000000,0.003900,0.00001521,-0.026000,0.5300,0.000000
1771570312.491562,10.914444,0.031967,-0.003900,0.000000,0.008901,0.5100,0.000000,0.003900,0.00001521,-0.026000,0.5100,0.000000
1771570312.500669,10.923552,0.009107,-0.003900,0.000000,0.008901,0.5100,0.000000,0.003900,0.00001521,-0.026000,0.5100,0.000000
1771570312.531058,10.953940,0.030389,-0.003900,0.000000,0.009250,0.5300,0.000000,0.003900,0.00001521,-0.026000,0.5300,0.000000
1771570312.540931,10.963813,0.009873,-0.003900,0.000000,0.009250,0.5300,0.000000,0.003900,0.00001521,-0.026000,0.5300,0.000000
1771570312.572197,10.995080,0.031266,-0.003900,0.000000,0.009250,0.5300,0.000000,0.003900,0.00001521,-0.026000,0.5300,0.000000
1771570312.580528,11.003410,0.008330,-0.003900,0.000000,0.009250,0.5300,0.000000,0.003900,0.00001521,-0.026000,0.5300,0.000000
1771570312.611542,11.034424,0.031014,-0.003900,0.000000,0.009250,0.5300,0.000000,0.003900,0.00001521,-0.026000,0.5300,0.000000
1771570312.619962,11.042845,0.008421,-0.003900,0.000000,0.009250,0.5300,0.000000,0.003900,0.00001521,-0.026000,0.5300,0.000000
1771570312.651861,11.074744,0.031899,-0.003900,0.000000,0.009250,0.5300,0.000000,0.003900,0.00001521,-0.026000,0.5300,0.000000
1771570312.660208,11.083090,0.008347,-0.003900,0.000000,0.009250,0.5300,0.000000,0.003900,0.00001521,-0.026000,0.5300,0.000000
1771570312.692031,11.114913,0.031823,-0.003900,0.000000,0.009250,0.5300,0.000000,0.003900,0.00001521,-0.026000,0.5300,0.000000
1771570312.700806,11.123688,0.008775,-0.003900,0.000000,0.009250,0.5300,0.000000,0.003900,0.00001521,-0.026000,0.5300,0.000000
1771570312.732054,11.154937,0.031249,-0.004050,-0.004800,0.009250,0.5300,0.000000,0.004050,0.00001640,-0.027000,0.5300,0.000000
1771570312.739552,11.162434,0.007497,-0.004050,0.000000,0.009250,0.5300,0.000000,0.004050,0.00001640,-0.027000,0.5300,0.000000
1771570312.771044,11.193927,0.031493,-0.003900,0.004763,0.008901,0.5100,0.000000,0.003900,0.00001521,-0.026000,0.5100,0.000000
1771570312.780988,11.203870,0.009943,-0.004050,-0.015085,0.008901,0.5100,0.000000,0.004050,0.00001640,-0.027000,0.5100,0.000000
1771570312.811943,11.234825,0.030955,-0.003900,0.004846,0.008901,0.5100,0.000000,0.003900,0.00001521,-0.026000,0.5100,0.000000
1771570312.820205,11.243087,0.008262,-0.003900,0.000000,0.008901,0.5100,0.000000,0.003900,0.00001521,-0.026000,0.5100,0.000000
1771570312.850786,11.273669,0.030582,-0.003900,0.000000,0.008901,0.5100,0.000000,0.003900,0.00001521,-0.026000,0.5100,0.000000
1771570312.861239,11.284121,0.010453,-0.004050,-0.014351,0.008901,0.5100,0.000000,0.004050,0.00001640,-0.027000,0.5100,0.000000
1771570312.890801,11.313683,0.029562,-0.004050,0.000000,0.009250,0.5300,0.000000,0.004050,0.00001640,-0.027000,0.5300,0.000000
1771570312.901222,11.324104,0.010421,-0.003900,0.014394,0.009250,0.5300,0.000000,0.003900,0.00001521,-0.026000,0.5300,0.000000
1771570312.932055,11.354937,0.030833,-0.003900,0.000000,0.009250,0.5300,0.000000,0.003900,0.00001521,-0.026000,0.5300,0.000000
1771570312.940122,11.363005,0.008068,-0.003900,0.000000,0.009250,0.5300,0.000000,0.003900,0.00001521,-0.026000,0.5300,0.000000
1771570312.972188,11.395071,0.032066,-0.003900,0.000000,0.008901,0.5100,0.000000,0.003900,0.00001521,-0.026000,0.5100,0.000000
1771570312.980532,11.403414,0.008344,-0.004050,-0.017978,0.008901,0.5100,0.000000,0.004050,0.00001640,-0.027000,0.5100,0.000000
1771570313.011910,11.434792,0.031378,-0.004050,0.000000,0.008901,0.5100,0.000000,0.004050,0.00001640,-0.027000,0.5100,0.000000
1771570313.020514,11.443397,0.008605,-0.004050,0.000000,0.008901,0.5100,0.000000,0.004050,0.00001640,-0.027000,0.5100,0.000000
1771570313.051909,11.474792,0.031395,-0.004050,0.000000,0.008901,0.5100,0.000000,0.004050,0.00001640,-0.027000,0.5100,0.000000
1771570313.060191,11.483073,0.008281,-0.004050,0.000000,0.008901,0.5100,0.000000,0.004050,0.00001640,-0.027000,0.5100,0.000000
1771570313.091935,11.514817,0.031744,-0.004050,0.000000,0.008901,0.5100,0.000000,0.004050,0.00001640,-0.027000,0.5100,0.000000
1771570313.102387,11.525269,0.010452,-0.003900,0.014352,0.008901,0.5100,0.000000,0.003900,0.00001521,-0.026000,0.5100,0.000000
1771570313.130773,11.553655,0.028386,-0.003900,0.000000,0.009250,0.5300,0.000000,0.003900,0.00001521,-0.026000,0.5300,0.000000
1771570313.140531,11.563414,0.009758,-0.004050,-0.015371,0.009250,0.5300,0.000000,0.004050,0.00001640,-0.027000,0.5300,0.000000
1771570313.170879,11.593761,0.030347,-0.003900,0.004943,0.009250,0.5300,0.000000,0.003900,0.00001521,-0.026000,0.5300,0.000000
1771570313.179518,11.602401,0.008640,-0.004050,-0.017362,0.009250,0.5300,0.000000,0.004050,0.00001640,-0.027000,0.5300,0.000000
1771570313.210947,11.633830,0.031429,-0.003900,0.004773,0.008901,0.5100,0.000000,0.003900,0.00001521,-0.026000,0.5100,0.000000
1771570313.219546,11.642428,0.008598,-0.003900,0.000000,0.008901,0.5100,0.000000,0.003900,0.00001521,-0.026000,0.5100,0.000000
1771570313.251777,11.674659,0.032231,-0.003900,0.000000,0.009250,0.5300,0.000000,0.003900,0.00001521,-0.026000,0.5300,0.000000
1771570313.259903,11.682785,0.008126,-0.004050,-0.018460,0.009250,0.5300,0.000000,0.004050,0.00001640,-0.027000,0.5300,0.000000
1771570313.291203,11.714085,0.031300,-0.003900,0.004792,0.008901,0.5100,0.000000,0.003900,0.00001521,-0.026000,0.5100,0.000000
1771570313.301402,11.724284,0.010199,-0.004050,-0.014707,0.008901,0.5100,0.000000,0.004050,0.00001640,-0.027000,0.5100,0.000000
1771570313.331417,11.754299,0.030015,-0.003900,0.004998,0.009250,0.5300,0.000000,0.003900,0.00001521,-0.026000,0.5300,0.000000
1771570313.339995,11.762877,0.008579,-0.003900,0.000000,0.009250,0.5300,0.000000,0.003900,0.00001521,-0.026000,0.5300,0.000000
1771570313.371735,11.794617,0.031740,-0.003900,0.000000,0.008901,0.5100,0.000000,0.003900,0.00001521,-0.026000,0.5100,0.000000
1771570313.380426,11.803308,0.008691,-0.003900,0.000000,0.008901,0.5100,0.000000,0.003900,0.00001521,-0.026000,0.5100,0.000000
1771570313.412467,11.835349,0.032041,-0.003900,0.000000,0.009250,0.5300,0.000000,0.003900,0.00001521,-0.026000,0.5300,0.000000
1771570313.420458,11.843340,0.007991,-0.003900,0.000000,0.009250,0.5300,0.000000,0.003900,0.00001521,-0.026000,0.5300,0.000000
1771570313.450576,11.873458,0.030118,-0.003900,0.000000,0.008901,0.5100,0.000000,0.003900,0.00001521,-0.026000,0.5100,0.000000
1771570313.460616,11.883498,0.010040,-0.004050,-0.014940,0.008901,0.5100,0.000000,0.004050,0.00001640,-0.027000,0.5100,0.000000
1771570313.492299,11.915181,0.031683,-0.003900,0.004734,0.008901,0.5100,0.000000,0.003900,0.00001521,-0.026000,0.5100,0.000000
1771570313.500993,11.923875,0.008694,-0.003900,0.000000,0.008901,0.5100,0.000000,0.003900,0.00001521,-0.026000,0.5100,0.000000
1771570313.532296,11.955178,0.031303,-0.003900,0.000000,0.008901,0.5100,0.000000,0.003900,0.00001521,-0.026000,0.5100,0.000000
1771570313.540148,11.963031,0.007852,-0.003900,0.000000,0.008901,0.5100,0.000000,0.003900,0.00001521,-0.026000,0.5100,0.000000
1771570313.571953,11.994835,0.031805,-0.003900,0.000000,0.008901,0.5100,0.000000,0.003900,0.00001521,-0.026000,0.5100,0.000000
1771570313.579865,12.002748,0.007912,-0.003900,0.000000,0.008901,0.5100,0.000000,0.003900,0.00001521,-0.026000,0.5100,0.000000
1771570313.612008,12.034890,0.032143,-0.003900,0.000000,0.008901,0.5100,0.000000,0.003900,0.00001521,-0.026000,0.5100,0.000000
1771570313.621145,12.044027,0.009137,-0.003900,0.000000,0.008901,0.5100,0.000000,0.003900,0.00001521,-0.026000,0.5100,0.000000
1771570313.651039,12.073921,0.029894,-0.003900,0.000000,0.008901,0.5100,0.000000,0.003900,0.00001521,-0.026000,0.5100,0.000000
1771570313.660869,12.083751,0.009830,-0.003900,0.000000,0.008901,0.5100,0.000000,0.003900,0.00001521,-0.026000,0.5100,0.000000
1771570313.690847,12.113729,0.029978,-0.003900,0.000000,0.008901,0.5100,0.000000,0.003900,0.00001521,-0.026000,0.5100,0.000000
1771570313.700587,12.123469,0.009740,-0.003900,0.000000,0.008901,0.5100,0.000000,0.003900,0.00001521,-0.026000,0.5100,0.000000
1771570313.731397,12.154279,0.030810,-0.003900,0.000000,0.008901,0.5100,0.000000,0.003900,0.00001521,-0.026000,0.5100,0.000000
1771570313.739992,12.162874,0.008595,-0.003900,0.000000,0.008901,0.5100,0.000000,0.003900,0.00001521,-0.026000,0.5100,0.000000
1771570313.770993,12.193876,0.031002,-0.003900,0.000000,0.009250,0.5300,0.000000,0.003900,0.00001521,-0.026000,0.5300,0.000000
1771570313.781022,12.203904,0.010029,-0.003900,0.000000,0.009250,0.5300,0.000000,0.003900,0.00001521,-0.026000,0.5300,0.000000
1771570313.810807,12.233690,0.029785,-0.003900,0.000000,0.008901,0.5100,0.000000,0.003900,0.00001521,-0.026000,0.5100,0.000000
1771570313.820301,12.243183,0.009494,-0.003900,0.000000,0.008901,0.5100,0.000000,0.003900,0.00001521,-0.026000,0.5100,0.000000
1771570313.851807,12.274689,0.031506,-0.003900,0.000000,0.008901,0.5100,0.000000,0.003900,0.00001521,-0.026000,0.5100,0.000000
1771570313.860282,12.283164,0.008475,-0.003900,0.000000,0.008901,0.5100,0.000000,0.003900,0.00001521,-0.026000,0.5100,0.000000
1771570313.891693,12.314575,0.031411,-0.003900,0.000000,0.009250,0.5300,0.000000,0.003900,0.00001521,-0.026000,0.5300,0.000000
1771570313.899862,12.322744,0.008169,-0.003900,0.000000,0.009250,0.5300,0.000000,0.003900,0.00001521,-0.026000,0.5300,0.000000
1771570313.932263,12.355145,0.032401,-0.003900,0.000000,0.009250,0.5300,0.000000,0.003900,0.00001521,-0.026000,0.5300,0.000000
1771570313.940667,12.363549,0.008404,-0.003900,0.000000,0.009250,0.5300,0.000000,0.003900,0.00001521,-0.026000,0.5300,0.000000
1771570313.971596,12.394478,0.030929,-0.003900,0.000000,0.008901,0.5100,0.000000,0.003900,0.00001521,-0.026000,0.5100,0.000000
1771570313.979741,12.402623,0.008145,-0.003900,0.000000,0.008901,0.5100,0.000000,0.003900,0.00001521,-0.026000,0.5100,0.000000
1771570314.010916,12.433798,0.031175,-0.003900,0.000000,0.008901,0.5100,0.000000,0.003900,0.00001521,-0.026000,0.5100,0.000000
1771570314.019496,12.442378,0.008580,-0.003900,0.000000,0.008901,0.5100,0.000000,0.003900,0.00001521,-0.026000,0.5100,0.000000
1771570314.051672,12.474554,0.032176,-0.003900,0.000000,0.008901,0.5100,0.000000,0.003900,0.00001521,-0.026000,0.5100,0.000000
1771570314.059679,12.482561,0.008007,-0.003900,0.000000,0.008901,0.5100,0.000000,0.003900,0.00001521,-0.026000,0.5100,0.000000
1771570314.091994,12.514877,0.032315,-0.003900,0.000000,0.008901,0.5100,0.000000,0.003900,0.00001521,-0.026000,0.5100,0.000000
1771570314.100248,12.523131,0.008254,-0.003900,0.000000,0.008901,0.5100,0.000000,0.003900,0.00001521,-0.026000,0.5100,0.000000
1771570314.131927,12.554809,0.031678,-0.003900,0.000000,0.009250,0.5300,0.000000,0.003900,0.00001521,-0.026000,0.5300,0.000000
1771570314.141458,12.564341,0.009531,-0.003900,0.000000,0.009250,0.5300,0.000000,0.003900,0.00001521,-0.026000,0.5300,0.000000
1771570314.172077,12.594959,0.030619,-0.003900,0.000000,0.008901,0.5100,0.000000,0.003900,0.00001521,-0.026000,0.5100,0.000000
1771570314.179522,12.602404,0.007445,-0.003900,0.000000,0.008901,0.5100,0.000000,0.003900,0.00001521,-0.026000,0.5100,0.000000
1771570314.211742,12.634625,0.032221,-0.003900,0.000000,0.008901,0.5100,0.000000,0.003900,0.00001521,-0.026000,0.5100,0.000000
1771570314.220321,12.643203,0.008579,-0.003900,0.000000,0.008901,0.5100,0.000000,0.003900,0.00001521,-0.026000,0.5100,0.000000
1771570314.251268,12.674150,0.030947,-0.003900,0.000000,0.009250,0.5300,0.000000,0.003900,0.00001521,-0.026000,0.5300,0.000000
1771570314.259536,12.682418,0.008268,-0.003900,0.000000,0.009250,0.5300,0.000000,0.003900,0.00001521,-0.026000,0.5300,0.000000
1771570314.290820,12.713702,0.031285,-0.003900,0.000000,0.008901,0.5100,0.000000,0.003900,0.00001521,-0.026000,0.5100,0.000000
1771570314.300694,12.723577,0.009874,-0.003900,0.000000,0.008901,0.5100,0.000000,0.003900,0.00001521,-0.026000,0.5100,0.000000
1771570314.331477,12.754359,0.030783,-0.003900,0.000000,0.008901,0.5100,0.000000,0.003900,0.00001521,-0.026000,0.5100,0.000000
1771570314.339835,12.762717,0.008358,-0.003900,0.000000,0.008901,0.5100,0.000000,0.003900,0.00001521,-0.026000,0.5100,0.000000
1771570314.371299,12.794181,0.031464,-0.003900,0.000000,0.008901,0.5100,0.000000,0.003900,0.00001521,-0.026000,0.5100,0.000000
1771570314.379618,12.802500,0.008319,-0.003900,0.000000,0.008901,0.5100,0.000000,0.003900,0.00001521,-0.026000,0.5100,0.000000
1771570314.411659,12.834541,0.032041,-0.003900,0.000000,0.008901,0.5100,0.000000,0.003900,0.00001521,-0.026000,0.5100,0.000000
1771570314.420059,12.842942,0.008400,-0.003900,0.000000,0.008901,0.5100,0.000000,0.003900,0.00001521,-0.026000,0.5100,0.000000
1771570314.451293,12.874175,0.031234,-0.003900,0.000000,0.008901,0.5100,0.000000,0.003900,0.00001521,-0.026000,0.5100,0.000000
1771570314.459678,12.882560,0.008385,-0.003900,0.000000,0.008901,0.5100,0.000000,0.003900,0.00001521,-0.026000,0.5100,0.000000
1771570314.491490,12.914372,0.031812,-0.003900,0.000000,0.009250,0.5300,0.000000,0.003900,0.00001521,-0.026000,0.5300,0.000000
1771570314.499462,12.922344,0.007972,-0.003900,0.000000,0.009250,0.5300,0.000000,0.003900,0.00001521,-0.026000,0.5300,0.000000
1771570314.531259,12.954141,0.031797,-0.004050,-0.004717,0.008901,0.5100,0.000000,0.004050,0.00001640,-0.027000,0.5100,0.000000
1771570314.540648,12.963531,0.009390,-0.003900,0.015975,0.008901,0.5100,0.000000,0.003900,0.00001521,-0.026000,0.5100,0.000000
1771570314.572032,12.994914,0.031384,-0.003900,0.000000,0.008901,0.5100,0.000000,0.003900,0.00001521,-0.026000,0.5100,0.000000
1771570314.580739,13.003621,0.008707,-0.003900,0.000000,0.008901,0.5100,0.000000,0.003900,0.00001521,-0.026000,0.5100,0.000000
1771570314.610788,13.033671,0.030050,-0.003900,0.000000,0.008901,0.5100,0.000000,0.003900,0.00001521,-0.026000,0.5100,0.000000
1771570314.620946,13.043828,0.010157,-0.003900,0.000000,0.008901,0.5100,0.000000,0.003900,0.00001521,-0.026000,0.5100,0.000000
1771570314.651831,13.074713,0.030885,-0.003900,0.000000,0.008901,0.5100,0.000000,0.003900,0.00001521,-0.026000,0.5100,0.000000
1771570314.661257,13.084140,0.009426,-0.003900,0.000000,0.008901,0.5100,0.000000,0.003900,0.00001521,-0.026000,0.5100,0.000000
1771570314.691721,13.114604,0.030464,-0.003900,0.000000,0.008901,0.5100,0.000000,0.003900,0.00001521,-0.026000,0.5100,0.000000
1771570314.700683,13.123566,0.008962,-0.003900,0.000000,0.008901,0.5100,0.000000,0.003900,0.00001521,-0.026000,0.5100,0.000000
1771570314.731510,13.154392,0.030827,-0.003900,0.000000,0.008901,0.5100,0.000000,0.003900,0.00001521,-0.026000,0.5100,0.000000
1771570314.740086,13.162969,0.008576,-0.003900,0.000000,0.008901,0.5100,0.000000,0.003900,0.00001521,-0.026000,0.5100,0.000000
1771570314.771847,13.194730,0.031761,-0.004050,-0.004723,0.009250,0.5300,0.000000,0.004050,0.00001640,-0.027000,0.5300,0.000000
1771570314.780008,13.202890,0.008161,-0.004050,0.000000,0.009250,0.5300,0.000000,0.004050,0.00001640,-0.027000,0.5300,0.000000
1771570314.811486,13.234369,0.031478,-0.004050,0.000000,0.008901,0.5100,0.000000,0.004050,0.00001640,-0.027000,0.5100,0.000000
1771570314.821078,13.243960,0.009592,-0.004050,0.000000,0.008901,0.5100,0.000000,0.004050,0.00001640,-0.027000,0.5100,0.000000
1771570314.852041,13.274924,0.030963,-0.004050,0.000000,0.008901,0.5100,0.000000,0.004050,0.00001640,-0.027000,0.5100,0.000000
1771570314.860893,13.283775,0.008851,-0.004050,0.000000,0.008901,0.5100,0.000000,0.004050,0.00001640,-0.027000,0.5100,0.000000
1771570314.890903,13.313785,0.030010,-0.004050,0.000000,0.009250,0.5300,0.000000,0.004050,0.00001640,-0.027000,0.5300,0.000000
1771570314.899413,13.322295,0.008510,-0.004050,0.000000,0.009250,0.5300,0.000000,0.004050,0.00001640,-0.027000,0.5300,0.000000
1771570314.930707,13.353589,0.031294,-0.004050,0.000000,0.009250,0.5300,0.000000,0.004050,0.00001640,-0.027000,0.5300,0.000000
1771570314.939483,13.362365,0.008776,-0.004050,0.000000,0.009250,0.5300,0.000000,0.004050,0.00001640,-0.027000,0.5300,0.000000
1771570314.972139,13.395022,0.032656,-0.004050,0.000000,0.008901,0.5100,0.000000,0.004050,0.00001640,-0.027000,0.5100,0.000000
1771570314.981057,13.403939,0.008917,-0.004050,0.000000,0.008901,0.5100,0.000000,0.004050,0.00001640,-0.027000,0.5100,0.000000
1771570315.011570,13.434452,0.030513,-0.004050,0.000000,0.008901,0.5100,0.000000,0.004050,0.00001640,-0.027000,0.5100,0.000000
1771570315.019718,13.442600,0.008148,-0.004050,0.000000,0.008901,0.5100,0.000000,0.004050,0.00001640,-0.027000,0.5100,0.000000
1771570315.051809,13.474691,0.032090,-0.004050,0.000000,0.008901,0.5100,0.000000,0.004050,0.00001640,-0.027000,0.5100,0.000000
1771570315.060106,13.482988,0.008297,-0.004050,0.000000,0.008901,0.5100,0.000000,0.004050,0.00001640,-0.027000,0.5100,0.000000
1771570315.091201,13.514083,0.031095,-0.004050,0.000000,0.008901,0.5100,0.000000,0.004050,0.00001640,-0.027000,0.5100,0.000000
1771570315.100967,13.523849,0.009766,-0.004050,0.000000,0.008901,0.5100,0.000000,0.004050,0.00001640,-0.027000,0.5100,0.000000
1771570315.132026,13.554908,0.031059,-0.004050,0.000000,0.009250,0.5300,0.000000,0.004050,0.00001640,-0.027000,0.5300,0.000000
1771570315.140133,13.563016,0.008108,-0.004050,0.000000,0.009250,0.5300,0.000000,0.004050,0.00001640,-0.027000,0.5300,0.000000
1771570315.171629,13.594512,0.031496,-0.003900,0.004763,0.008901,0.5100,0.000000,0.003900,0.00001521,-0.026000,0.5100,0.000000
1771570315.179950,13.602832,0.008320,-0.004050,-0.018028,0.008901,0.5100,0.000000,0.004050,0.00001640,-0.027000,0.5100,0.000000
1771570315.211772,13.634655,0.031822,-0.003900,0.004714,0.009250,0.5300,0.000000,0.003900,0.00001521,-0.026000,0.5300,0.000000
1771570315.220064,13.642946,0.008291,-0.003900,0.000000,0.009250,0.5300,0.000000,0.003900,0.00001521,-0.026000,0.5300,0.000000
1771570315.251987,13.674870,0.031924,-0.004050,-0.004699,0.008901,0.5100,0.000000,0.004050,0.00001640,-0.027000,0.5100,0.000000
1771570315.260442,13.683324,0.008454,-0.004050,0.000000,0.008901,0.5100,0.000000,0.004050,0.00001640,-0.027000,0.5100,0.000000
1771570315.292034,13.714916,0.031592,-0.004050,0.000000,0.008901,0.5100,0.000000,0.004050,0.00001640,-0.027000,0.5100,0.000000
1771570315.300401,13.723283,0.008367,-0.004050,0.000000,0.008901,0.5100,0.000000,0.004050,0.00001640,-0.027000,0.5100,0.000000
1771570315.330971,13.753854,0.030571,-0.003900,0.004907,0.008901,0.5100,0.000000,0.003900,0.00001521,-0.026000,0.5100,0.000000
1771570315.340232,13.763115,0.009261,-0.003900,0.000000,0.008901,0.5100,0.000000,0.003900,0.00001521,-0.026000,0.5100,0.000000
1771570315.371690,13.794572,0.031457,-0.003900,0.000000,0.008901,0.5100,0.000000,0.003900,0.00001521,-0.026000,0.5100,0.000000
1771570315.380617,13.803499,0.008928,-0.004050,-0.016802,0.008901,0.5100,0.000000,0.004050,0.00001640,-0.027000,0.5100,0.000000
1771570315.411191,13.834073,0.030574,-0.004050,0.000000,0.008901,0.5100,0.000000,0.004050,0.00001640,-0.027000,0.5100,0.000000
1771570315.419547,13.842429,0.008356,-0.004050,0.000000,0.008901,0.5100,0.000000,0.004050,0.00001640,-0.027000,0.5100,0.000000
1771570315.451505,13.874388,0.031959,-0.004050,0.000000,0.009250,0.5300,0.000000,0.004050,0.00001640,-0.027000,0.5300,0.000000
1771570315.459476,13.882359,0.007971,-0.004050,0.000000,0.009250,0.5300,0.000000,0.004050,0.00001640,-0.027000,0.5300,0.000000
1771570315.490913,13.913795,0.031437,-0.004050,0.000000,0.009250,0.5300,0.000000,0.004050,0.00001640,-0.027000,0.5300,0.000000
1771570315.499343,13.922225,0.008430,-0.004050,0.000000,0.009250,0.5300,0.000000,0.004050,0.00001640,-0.027000,0.5300,0.000000
1771570315.530598,13.953480,0.031255,-0.004050,0.000000,0.009250,0.5300,0.000000,0.004050,0.00001640,-0.027000,0.5300,0.000000
1771570315.540522,13.963405,0.009924,-0.004050,0.000000,0.009250,0.5300,0.000000,0.004050,0.00001640,-0.027000,0.5300,0.000000
1771570315.572315,13.995197,0.031792,-0.004050,0.000000,0.008901,0.5100,0.000000,0.004050,0.00001640,-0.027000,0.5100,0.000000
1771570315.580031,14.002913,0.007716,-0.004050,0.000000,0.008901,0.5100,0.000000,0.004050,0.00001640,-0.027000,0.5100,0.000000
1771570315.611524,14.034406,0.031493,-0.004050,0.000000,0.009250,0.5300,0.000000,0.004050,0.00001640,-0.027000,0.5300,0.000000
1771570315.619970,14.042852,0.008446,-0.004050,0.000000,0.009250,0.5300,0.000000,0.004050,0.00001640,-0.027000,0.5300,0.000000
1771570315.652088,14.074971,0.032119,-0.004050,0.000000,0.008901,0.5100,0.000000,0.004050,0.00001640,-0.027000,0.5100,0.000000
1771570315.660589,14.083471,0.008500,-0.004050,0.000000,0.008901,0.5100,0.000000,0.004050,0.00001640,-0.027000,0.5100,0.000000
1771570315.692278,14.115160,0.031689,-0.004050,0.000000,0.009250,0.5300,0.000000,0.004050,0.00001640,-0.027000,0.5300,0.000000
1771570315.700332,14.123215,0.008054,-0.004050,0.000000,0.009250,0.5300,0.000000,0.004050,0.00001640,-0.027000,0.5300,0.000000
1771570315.731994,14.154877,0.031662,-0.004050,0.000000,0.009250,0.5300,0.000000,0.004050,0.00001640,-0.027000,0.5300,0.000000
1771570315.740069,14.162951,0.008075,-0.004050,0.000000,0.009250,0.5300,0.000000,0.004050,0.00001640,-0.027000,0.5300,0.000000
1771570315.770806,14.193688,0.030736,-0.004050,0.000000,0.008901,0.5100,0.000000,0.004050,0.00001640,-0.027000,0.5100,0.000000
1771570315.780381,14.203263,0.009575,-0.004050,0.000000,0.008901,0.5100,0.000000,0.004050,0.00001640,-0.027000,0.5100,0.000000
1771570315.810656,14.233539,0.030276,-0.003900,0.004954,0.008901,0.5100,0.000000,0.003900,0.00001521,-0.026000,0.5100,0.000000
1771570315.820487,14.243369,0.009831,-0.004050,-0.015258,0.008901,0.5100,0.000000,0.004050,0.00001640,-0.027000,0.5100,0.000000
1771570315.852540,14.275423,0.032053,-0.004050,0.000000,0.008901,0.5100,0.000000,0.004050,0.00001640,-0.027000,0.5100,0.000000
1771570315.860484,14.283367,0.007944,-0.004050,0.000000,0.008901,0.5100,0.000000,0.004050,0.00001640,-0.027000,0.5100,0.000000
1771570315.891577,14.314459,0.031092,-0.003900,0.004824,0.008901,0.5100,0.000000,0.003900,0.00001521,-0.026000,0.5100,0.000000
1771570315.899625,14.322507,0.008048,-0.003900,0.000000,0.008901,0.5100,0.000000,0.003900,0.00001521,-0.026000,0.5100,0.000000
1771570315.931390,14.354273,0.031766,-0.003900,0.000000,0.008901,0.5100,0.000000,0.003900,0.00001521,-0.026000,0.5100,0.000000
1771570315.940468,14.363351,0.009078,-0.003900,0.000000,0.008901,0.5100,0.000000,0.003900,0.00001521,-0.026000,0.5100,0.000000
1771570315.970716,14.393599,0.030248,-0.003900,0.000000,0.008901,0.5100,0.000000,0.003900,0.00001521,-0.026000,0.5100,0.000000
1771570315.980476,14.403359,0.009760,-0.003900,0.000000,0.008901,0.5100,0.000000,0.003900,0.00001521,-0.026000,0.5100,0.000000
1771570316.011472,14.434354,0.030996,-0.003900,0.000000,0.009250,0.5300,0.000000,0.003900,0.00001521,-0.026000,0.5300,0.000000
1771570316.019999,14.442881,0.008527,-0.003900,0.000000,0.009250,0.5300,0.000000,0.003900,0.00001521,-0.026000,0.5300,0.000000
1771570316.050613,14.473495,0.030614,-0.003900,0.000000,0.008901,0.5100,0.000000,0.003900,0.00001521,-0.026000,0.5100,0.000000
1771570316.059484,14.482366,0.008871,-0.003900,0.000000,0.008901,0.5100,0.000000,0.003900,0.00001521,-0.026000,0.5100,0.000000
1771570316.092340,14.515222,0.032856,-0.003900,0.000000,0.008901,0.5100,0.000000,0.003900,0.00001521,-0.026000,0.5100,0.000000
1771570316.100430,14.523313,0.008091,-0.003900,0.000000,0.008901,0.5100,0.000000,0.003900,0.00001521,-0.026000,0.5100,0.000000
1771570316.130697,14.553580,0.030267,-0.003900,0.000000,0.008901,0.5100,0.000000,0.003900,0.00001521,-0.026000,0.5100,0.000000
1771570316.140562,14.563444,0.009865,-0.003900,0.000000,0.008901,0.5100,0.000000,0.003900,0.00001521,-0.026000,0.5100,0.000000
1771570316.171256,14.594138,0.030694,-0.003900,0.000000,0.008901,0.5100,0.000000,0.003900,0.00001521,-0.026000,0.5100,0.000000
1771570316.179269,14.602152,0.008013,-0.003900,0.000000,0.008901,0.5100,0.000000,0.003900,0.00001521,-0.026000,0.5100,0.000000
1771570316.211600,14.634482,0.032331,-0.003900,0.000000,0.009250,0.5300,0.000000,0.003900,0.00001521,-0.026000,0.5300,0.000000
1771570316.220709,14.643591,0.009109,-0.003900,0.000000,0.009250,0.5300,0.000000,0.003900,0.00001521,-0.026000,0.5300,0.000000
1771570316.251323,14.674205,0.030614,-0.003900,0.000000,0.008901,0.5100,0.000000,0.003900,0.00001521,-0.026000,0.5100,0.000000
1771570316.260201,14.683083,0.008878,-0.004050,-0.016896,0.008901,0.5100,0.000000,0.004050,0.00001640,-0.027000,0.5100,0.000000
1771570316.292081,14.714963,0.031880,-0.003900,0.004705,0.009250,0.5300,0.000000,0.003900,0.00001521,-0.026000,0.5300,0.000000
1771570316.301455,14.724337,0.009374,-0.004050,-0.016002,0.009250,0.5300,0.000000,0.004050,0.00001640,-0.027000,0.5300,0.000000
1771570316.330655,14.753537,0.029200,-0.003900,0.005137,0.008901,0.5100,0.000000,0.003900,0.00001521,-0.026000,0.5100,0.000000
1771570316.340264,14.763146,0.009609,-0.004050,-0.015610,0.008901,0.5100,0.000000,0.004050,0.00001640,-0.027000,0.5100,0.000000
1771570316.371781,14.794663,0.031517,-0.004050,0.000000,0.008901,0.5100,0.000000,0.004050,0.00001640,-0.027000,0.5100,0.000000
1771570316.379807,14.802690,0.008026,-0.003900,0.018688,0.008901,0.5100,0.000000,0.003900,0.00001521,-0.026000,0.5100,0.000000
1771570316.411026,14.833909,0.031219,-0.004050,-0.004805,0.008901,0.5100,0.000000,0.004050,0.00001640,-0.027000,0.5100,0.000000
1771570316.420063,14.842946,0.009037,-0.003900,0.016598,0.008901,0.5100,0.000000,0.003900,0.00001521,-0.026000,0.5100,0.000000
1771570316.451151,14.874034,0.031088,-0.003900,0.000000,0.008901,0.5100,0.000000,0.003900,0.00001521,-0.026000,0.5100,0.000000
1771570316.460221,14.883103,0.009069,-0.003900,0.000000,0.008901,0.5100,0.000000,0.003900,0.00001521,-0.026000,0.5100,0.000000
1771570316.491095,14.913977,0.030874,-0.003900,0.000000,0.008901,0.5100,0.000000,0.003900,0.00001521,-0.026000,0.5100,0.000000
1771570316.500551,14.923434,0.009457,-0.003900,0.000000,0.008901,0.5100,0.000000,0.003900,0.00001521,-0.026000,0.5100,0.000000
1771570316.531235,14.954117,0.030683,-0.003900,0.000000,0.008901,0.5100,0.000000,0.003900,0.00001521,-0.026000,0.5100,0.000000
1771570316.539962,14.962844,0.008728,-0.003900,0.000000,0.008901,0.5100,0.000000,0.003900,0.00001521,-0.026000,0.5100,0.000000
1771570316.571239,14.994121,0.031277,-0.003900,0.000000,0.008901,0.5100,0.000000,0.003900,0.00001521,-0.026000,0.5100,0.000000
1771570316.579529,15.002411,0.008290,-0.003900,0.000000,0.008901,0.5100,0.000000,0.003900,0.00001521,-0.026000,0.5100,0.000000
1771570316.611553,15.034436,0.032024,-0.003900,0.000000,0.008901,0.5100,0.000000,0.003900,0.00001521,-0.026000,0.5100,0.000000
1771570316.619769,15.042651,0.008215,-0.003900,0.000000,0.008901,0.5100,0.000000,0.003900,0.00001521,-0.026000,0.5100,0.000000
1771570316.650657,15.073539,0.030888,-0.003900,0.000000,0.008901,0.5100,0.000000,0.003900,0.00001521,-0.026000,0.5100,0.000000
1771570316.660525,15.083407,0.009868,-0.003900,0.000000,0.008901,0.5100,0.000000,0.003900,0.00001521,-0.026000,0.5100,0.000000
1771570316.691009,15.113891,0.030484,-0.003900,0.000000,0.009250,0.5300,0.000000,0.003900,0.00001521,-0.026000,0.5300,0.000000
1771570316.699657,15.122540,0.008649,-0.003900,0.000000,0.009250,0.5300,0.000000,0.003900,0.00001521,-0.026000,0.5300,0.000000
1771570316.731436,15.154318,0.031779,-0.003900,0.000000,0.008901,0.5100,0.000000,0.003900,0.00001521,-0.026000,0.5100,0.000000
1771570316.739977,15.162859,0.008541,-0.003900,0.000000,0.008901,0.5100,0.000000,0.003900,0.00001521,-0.026000,0.5100,0.000000
1771570316.772285,15.195167,0.032308,-0.003900,0.000000,0.008901,0.5100,0.000000,0.003900,0.00001521,-0.026000,0.5100,0.000000
1771570316.780531,15.203413,0.008247,-0.003900,0.000000,0.008901,0.5100,0.000000,0.003900,0.00001521,-0.026000,0.5100,0.000000
1771570316.811816,15.234698,0.031285,-0.003900,0.000000,0.008901,0.5100,0.000000,0.003900,0.00001521,-0.026000,0.5100,0.000000
1771570316.820697,15.243580,0.008881,-0.003900,0.000000,0.008901,0.5100,0.000000,0.003900,0.00001521,-0.026000,0.5100,0.000000
1771570316.851243,15.274125,0.030545,-0.003900,0.000000,0.008901,0.5100,0.000000,0.003900,0.00001521,-0.026000,0.5100,0.000000
1771570316.860173,15.283055,0.008930,-0.003900,0.000000,0.008901,0.5100,0.000000,0.003900,0.00001521,-0.026000,0.5100,0.000000
1771570316.891083,15.313966,0.030910,-0.003900,0.000000,0.008901,0.5100,0.000000,0.003900,0.00001521,-0.026000,0.5100,0.000000
1771570316.899082,15.321964,0.007998,-0.003900,0.000000,0.008901,0.5100,0.000000,0.003900,0.00001521,-0.026000,0.5100,0.000000
1771570316.931262,15.354145,0.032180,-0.003900,0.000000,0.008901,0.5100,0.000000,0.003900,0.00001521,-0.026000,0.5100,0.000000
1771570316.940610,15.363493,0.009348,-0.003900,0.000000,0.008901,0.5100,0.000000,0.003900,0.00001521,-0.026000,0.5100,0.000000
1771570316.970908,15.393791,0.030298,-0.003900,0.000000,0.008901,0.5100,0.000000,0.003900,0.00001521,-0.026000,0.5100,0.000000
1771570316.980521,15.403404,0.009613,-0.003900,0.000000,0.008901,0.5100,0.000000,0.003900,0.00001521,-0.026000,0.5100,0.000000
1771570317.012528,15.435411,0.032007,-0.003900,0.000000,0.008901,0.5100,0.000000,0.003900,0.00001521,-0.026000,0.5100,0.000000
1771570317.020595,15.443477,0.008066,-0.003900,0.000000,0.008901,0.5100,0.000000,0.003900,0.00001521,-0.026000,0.5100,0.000000
1771570317.051049,15.473932,0.030455,-0.003900,0.000000,0.008901,0.5100,0.000000,0.003900,0.00001521,-0.026000,0.5100,0.000000
1771570317.059147,15.482029,0.008098,-0.003900,0.000000,0.008901,0.5100,0.000000,0.003900,0.00001521,-0.026000,0.5100,0.000000
1771570317.091772,15.514654,0.032625,-0.003900,0.000000,0.008901,0.5100,0.000000,0.003900,0.00001521,-0.026000,0.5100,0.000000
1771570317.100134,15.523016,0.008362,-0.003900,0.000000,0.008901,0.5100,0.000000,0.003900,0.00001521,-0.026000,0.5100,0.000000
1771570317.130588,15.553470,0.030454,-0.003900,0.000000,0.008901,0.5100,0.000000,0.003900,0.00001521,-0.026000,0.5100,0.000000
1771570317.140041,15.562923,0.009453,-0.003900,0.000000,0.008901,0.5100,0.000000,0.003900,0.00001521,-0.026000,0.5100,0.000000
1771570317.171182,15.594064,0.031141,-0.003900,0.000000,0.008901,0.5100,0.000000,0.003900,0.00001521,-0.026000,0.5100,0.000000
1771570317.179855,15.602737,0.008673,-0.003900,0.000000,0.008901,0.5100,0.000000,0.003900,0.00001521,-0.026000,0.5100,0.000000
1771570317.212252,15.635134,0.032398,-0.003900,0.000000,0.008901,0.5100,0.000000,0.003900,0.00001521,-0.026000,0.5100,0.000000
1771570317.220684,15.643566,0.008432,-0.003900,0.000000,0.008901,0.5100,0.000000,0.003900,0.00001521,-0.026000,0.5100,0.000000
1771570317.251484,15.674366,0.030800,-0.003900,0.000000,0.009250,0.5300,0.000000,0.003900,0.00001521,-0.026000,0.5300,0.000000
1771570317.259537,15.682419,0.008053,-0.003900,0.000000,0.009250,0.5300,0.000000,0.003900,0.00001521,-0.026000,0.5300,0.000000
1771570317.291412,15.714294,0.031875,-0.003900,0.000000,0.008901,0.5100,0.000000,0.003900,0.00001521,-0.026000,0.5100,0.000000
1771570317.299609,15.722492,0.008198,-0.003900,0.000000,0.008901,0.5100,0.000000,0.003900,0.00001521,-0.026000,0.5100,0.000000
1771570317.331117,15.753999,0.031507,-0.003900,0.000000,0.008901,0.5100,0.000000,0.003900,0.00001521,-0.026000,0.5100,0.000000
1771570317.339186,15.762068,0.008069,-0.003900,0.000000,0.008901,0.5100,0.000000,0.003900,0.00001521,-0.026000,0.5100,0.000000
1771570317.371230,15.794112,0.032044,-0.003900,0.000000,0.008901,0.5100,0.000000,0.003900,0.00001521,-0.026000,0.5100,0.000000
1771570317.379553,15.802435,0.008323,-0.003900,0.000000,0.008901,0.5100,0.000000,0.003900,0.00001521,-0.026000,0.5100,0.000000
1771570317.410901,15.833783,0.031348,-0.003900,0.000000,0.009250,0.5300,0.000000,0.003900,0.00001521,-0.026000,0.5300,0.000000
1771570317.420315,15.843197,0.009414,-0.003900,0.000000,0.009250,0.5300,0.000000,0.003900,0.00001521,-0.026000,0.5300,0.000000
1771570317.450935,15.873818,0.030621,-0.003900,0.000000,0.008901,0.5100,0.000000,0.003900,0.00001521,-0.026000,0.5100,0.000000
1771570317.459571,15.882453,0.008636,-0.003900,0.000000,0.008901,0.5100,0.000000,0.003900,0.00001521,-0.026000,0.5100,0.000000
1771570317.491340,15.914223,0.031769,-0.003900,0.000000,0.008901,0.5100,0.000000,0.003900,0.00001521,-0.026000,0.5100,0.000000
1771570317.500413,15.923295,0.009073,-0.003900,0.000000,0.008901,0.5100,0.000000,0.003900,0.00001521,-0.026000,0.5100,0.000000
1771570317.530823,15.953705,0.030410,-0.003900,0.000000,0.008901,0.5100,0.000000,0.003900,0.00001521,-0.026000,0.5100,0.000000
1771570317.539542,15.962425,0.008719,-0.003900,0.000000,0.008901,0.5100,0.000000,0.003900,0.00001521,-0.026000,0.5100,0.000000
1771570317.571293,15.994175,0.031751,-0.003900,0.000000,0.008901,0.5100,0.000000,0.003900,0.00001521,-0.026000,0.5100,0.000000
1771570317.581092,16.003974,0.009799,-0.003900,0.000000,0.008901,0.5100,0.000000,0.003900,0.00001521,-0.026000,0.5100,0.000000
1771570317.611981,16.034864,0.030890,-0.003900,0.000000,0.008901,0.5100,0.000000,0.003900,0.00001521,-0.026000,0.5100,0.000000
1771570317.619130,16.042012,0.007149,-0.003900,0.000000,0.008901,0.5100,0.000000,0.003900,0.00001521,-0.026000,0.5100,0.000000
1771570317.650430,16.073313,0.031300,-0.003900,0.000000,0.009250,0.5300,0.000000,0.003900,0.00001521,-0.026000,0.5300,0.000000
1771570317.660300,16.083182,0.009870,-0.003900,0.000000,0.009250,0.5300,0.000000,0.003900,0.00001521,-0.026000,0.5300,0.000000
1771570317.691578,16.114460,0.031278,-0.003900,0.000000,0.008901,0.5100,0.000000,0.003900,0.00001521,-0.026000,0.5100,0.000000
1771570317.700019,16.122901,0.008441,-0.003900,0.000000,0.008901,0.5100,0.000000,0.003900,0.00001521,-0.026000,0.5100,0.000000
1771570317.730703,16.153586,0.030685,-0.003900,0.000000,0.008901,0.5100,0.000000,0.003900,0.00001521,-0.026000,0.5100,0.000000
1771570317.740711,16.163593,0.010008,-0.003900,0.000000,0.008901,0.5100,0.000000,0.003900,0.00001521,-0.026000,0.5100,0.000000
1771570317.771484,16.194366,0.030773,-0.003900,0.000000,0.008901,0.5100,0.000000,0.003900,0.00001521,-0.026000,0.5100,0.000000
1771570317.779739,16.202621,0.008255,-0.003900,0.000000,0.008901,0.5100,0.000000,0.003900,0.00001521,-0.026000,0.5100,0.000000
1771570317.811102,16.233984,0.031363,-0.003900,0.000000,0.009250,0.5300,0.000000,0.003900,0.00001521,-0.026000,0.5300,0.000000
1771570317.819366,16.242249,0.008265,-0.003900,0.000000,0.009250,0.5300,0.000000,0.003900,0.00001521,-0.026000,0.5300,0.000000
1771570317.851483,16.274365,0.032116,-0.003900,0.000000,0.008901,0.5100,0.000000,0.003900,0.00001521,-0.026000,0.5100,0.000000
1771570317.859823,16.282705,0.008340,-0.003750,0.017986,0.008901,0.5100,0.000000,0.003750,0.00001406,-0.025000,0.5100,0.000000
1771570317.892343,16.315225,0.032520,-0.003900,-0.004613,0.008901,0.5100,0.000000,0.003900,0.00001521,-0.026000,0.5100,0.000000
1771570317.900597,16.323479,0.008254,-0.003900,0.000000,0.008901,0.5100,0.000000,0.003900,0.00001521,-0.026000,0.5100,0.000000
1771570317.931953,16.354836,0.031357,-0.003900,0.000000,0.008901,0.5100,0.000000,0.003900,0.00001521,-0.026000,0.5100,0.000000
1771570317.940084,16.362966,0.008130,-0.003900,0.000000,0.008901,0.5100,0.000000,0.003900,0.00001521,-0.026000,0.5100,0.000000
1771570317.970834,16.393717,0.030751,-0.003900,0.000000,0.008901,0.5100,0.000000,0.003900,0.00001521,-0.026000,0.5100,0.000000
1771570317.979667,16.402549,0.008832,-0.003900,0.000000,0.008901,0.5100,0.000000,0.003900,0.00001521,-0.026000,0.5100,0.000000
1771570318.011728,16.434610,0.032061,-0.003900,0.000000,0.008901,0.5100,0.000000,0.003900,0.00001521,-0.026000,0.5100,0.000000
1771570318.019712,16.442595,0.007985,-0.003900,0.000000,0.008901,0.5100,0.000000,0.003900,0.00001521,-0.026000,0.5100,0.000000
1771570318.050495,16.473377,0.030782,-0.003900,0.000000,0.009250,0.5300,0.000000,0.003900,0.00001521,-0.026000,0.5300,0.000000
1771570318.060517,16.483399,0.010022,-0.003750,0.014967,0.009250,0.5300,0.000000,0.003750,0.00001406,-0.025000,0.5300,0.000000
1771570318.090851,16.513733,0.030334,-0.003900,-0.004945,0.008901,0.5100,0.000000,0.003900,0.00001521,-0.026000,0.5100,0.000000
1771570318.100832,16.523714,0.009981,-0.003900,0.000000,0.008901,0.5100,0.000000,0.003900,0.00001521,-0.026000,0.5100,0.000000
1771570318.133202,16.556084,0.032370,-0.003900,0.000000,0.008901,0.5100,0.000000,0.003900,0.00001521,-0.026000,0.5100,0.000000
1771570318.139069,16.561951,0.005867,-0.003900,0.000000,0.008901,0.5100,0.000000,0.003900,0.00001521,-0.026000,0.5100,0.000000
1771570318.171610,16.594492,0.032541,-0.003900,0.000000,0.008901,0.5100,0.000000,0.003900,0.00001521,-0.026000,0.5100,0.000000
1771570318.179901,16.602783,0.008291,-0.003900,0.000000,0.008901,0.5100,0.000000,0.003900,0.00001521,-0.026000,0.5100,0.000000
1771570318.210544,16.633427,0.030643,-0.003900,0.000000,0.008901,0.5100,0.000000,0.003900,0.00001521,-0.026000,0.5100,0.000000
1771570318.220946,16.643828,0.010402,-0.003900,0.000000,0.008901,0.5100,0.000000,0.003900,0.00001521,-0.026000,0.5100,0.000000
1771570318.252099,16.674982,0.031153,-0.003900,0.000000,0.008901,0.5100,0.000000,0.003900,0.00001521,-0.026000,0.5100,0.000000
1771570318.260400,16.683283,0.008301,-0.003900,0.000000,0.008901,0.5100,0.000000,0.003900,0.00001521,-0.026000,0.5100,0.000000
1771570318.290813,16.713696,0.030413,-0.003900,0.000000,0.008901,0.5100,0.000000,0.003900,0.00001521,-0.026000,0.5100,0.000000
1771570318.301058,16.723941,0.010245,-0.003900,0.000000,0.008901,0.5100,0.000000,0.003900,0.00001521,-0.026000,0.5100,0.000000
1771570318.331328,16.754210,0.030270,-0.003900,0.000000,0.008901,0.5100,0.000000,0.003900,0.00001521,-0.026000,0.5100,0.000000
1771570318.339751,16.762633,0.008423,-0.003900,0.000000,0.008901,0.5100,0.000000,0.003900,0.00001521,-0.026000,0.5100,0.000000
1771570318.371144,16.794026,0.031393,-0.003750,0.004778,0.008901,0.5100,0.000000,0.003750,0.00001406,-0.025000,0.5100,0.000000
1771570318.379156,16.802038,0.008012,-0.003900,-0.018722,0.008901,0.5100,0.000000,0.003900,0.00001521,-0.026000,0.5100,0.000000
1771570318.411312,16.834194,0.032156,-0.003750,0.004665,0.009250,0.5300,0.000000,0.003750,0.00001406,-0.025000,0.5300,0.000000
1771570318.419143,16.842026,0.007832,-0.003750,0.000000,0.009250,0.5300,0.000000,0.003750,0.00001406,-0.025000,0.5300,0.000000
1771570318.451824,16.874706,0.032681,-0.003750,0.000000,0.008901,0.5100,0.000000,0.003750,0.00001406,-0.025000,0.5100,0.000000
1771570318.459510,16.882393,0.007687,-0.003900,-0.019514,0.008901,0.5100,0.000000,0.003900,0.00001521,-0.026000,0.5100,0.000000
1771570318.492296,16.915179,0.032786,-0.003900,0.000000,0.009250,0.5300,0.000000,0.003900,0.00001521,-0.026000,0.5300,0.000000
1771570318.500471,16.923354,0.008175,-0.003900,0.000000,0.009250,0.5300,0.000000,0.003900,0.00001521,-0.026000,0.5300,0.000000
1771570318.531762,16.954645,0.031291,-0.003750,0.004794,0.008901,0.5100,0.000000,0.003750,0.00001406,-0.025000,0.5100,0.000000
1771570318.540241,16.963124,0.008479,-0.003900,-0.017691,0.008901,0.5100,0.000000,0.003900,0.00001521,-0.026000,0.5100,0.000000
1771570318.571054,16.993937,0.030813,-0.003900,0.000000,0.008901,0.5100,0.000000,0.003900,0.00001521,-0.026000,0.5100,0.000000
1771570318.579060,17.001943,0.008006,-0.003900,0.000000,0.008901,0.5100,0.000000,0.003900,0.00001521,-0.026000,0.5100,0.000000
1771570318.610915,17.033798,0.031855,-0.003750,0.004709,0.009250,0.5300,0.000000,0.003750,0.00001406,-0.025000,0.5300,0.000000
1771570318.618833,17.041715,0.007917,-0.003900,-0.018946,0.009250,0.5300,0.000000,0.003900,0.00001521,-0.026000,0.5300,0.000000
1771570318.651512,17.074394,0.032680,-0.003900,0.000000,0.008901,0.5100,0.000000,0.003900,0.00001521,-0.026000,0.5100,0.000000
1771570318.659992,17.082874,0.008479,-0.003900,0.000000,0.008901,0.5100,0.000000,0.003900,0.00001521,-0.026000,0.5100,0.000000
1771570318.690979,17.113861,0.030987,-0.003900,0.000000,0.009250,0.5300,0.000000,0.003900,0.00001521,-0.026000,0.5300,0.000000
1771570318.701012,17.123894,0.010033,-0.003900,0.000000,0.009250,0.5300,0.000000,0.003900,0.00001521,-0.026000,0.5300,0.000000
1771570318.731571,17.154454,0.030559,-0.003750,0.004908,0.009250,0.5300,0.000000,0.003750,0.00001406,-0.025000,0.5300,0.000000
1771570318.739630,17.162512,0.008059,-0.003900,-0.018614,0.009250,0.5300,0.000000,0.003900,0.00001521,-0.026000,0.5300,0.000000
1771570318.771701,17.194584,0.032071,-0.003900,0.000000,0.008901,0.5100,0.000000,0.003900,0.00001521,-0.026000,0.5100,0.000000
1771570318.780197,17.203079,0.008496,-0.003900,0.000000,0.008901,0.5100,0.000000,0.003900,0.00001521,-0.026000,0.5100,0.000000
1771570318.811672,17.234554,0.031475,-0.003900,0.000000,0.008901,0.5100,0.000000,0.003900,0.00001521,-0.026000,0.5100,0.000000
1771570318.819892,17.242774,0.008220,-0.003900,0.000000,0.008901,0.5100,0.000000,0.003900,0.00001521,-0.026000,0.5100,0.000000
1771570318.851635,17.274517,0.031743,-0.003900,0.000000,0.008901,0.5100,0.000000,0.003900,0.00001521,-0.026000,0.5100,0.000000
1771570318.860131,17.283013,0.008496,-0.003750,0.017655,0.008901,0.5100,0.000000,0.003750,0.00001406,-0.025000,0.5100,0.000000
1771570318.890630,17.313512,0.030499,-0.003750,0.000000,0.008901,0.5100,0.000000,0.003750,0.00001406,-0.025000,0.5100,0.000000
1771570318.898951,17.321833,0.008321,-0.003750,0.000000,0.008901,0.5100,0.000000,0.003750,0.00001406,-0.025000,0.5100,0.000000
1771570318.931674,17.354556,0.032723,-0.003750,0.000000,0.008901,0.5100,0.000000,0.003750,0.00001406,-0.025000,0.5100,0.000000
1771570318.940071,17.362953,0.008397,-0.003750,0.000000,0.008901,0.5100,0.000000,0.003750,0.00001406,-0.025000,0.5100,0.000000
1771570318.970525,17.393408,0.030454,-0.003750,0.000000,0.009250,0.5300,0.000000,0.003750,0.00001406,-0.025000,0.5300,0.000000
1771570318.980336,17.403219,0.009811,-0.003750,0.000000,0.009250,0.5300,0.000000,0.003750,0.00001406,-0.025000,0.5300,0.000000
1771570319.010991,17.433874,0.030655,-0.003750,0.000000,0.008901,0.5100,0.000000,0.003750,0.00001406,-0.025000,0.5100,0.000000
1771570319.019755,17.442638,0.008764,-0.003750,0.000000,0.008901,0.5100,0.000000,0.003750,0.00001406,-0.025000,0.5100,0.000000
1771570319.050555,17.473437,0.030799,-0.003750,0.000000,0.008901,0.5100,0.000000,0.003750,0.00001406,-0.025000,0.5100,0.000000
1771570319.059365,17.482248,0.008811,-0.003750,0.000000,0.008901,0.5100,0.000000,0.003750,0.00001406,-0.025000,0.5100,0.000000
1771570319.090660,17.513542,0.031295,-0.003900,-0.004793,0.008901,0.5100,0.000000,0.003900,0.00001521,-0.026000,0.5100,0.000000
1771570319.099354,17.522236,0.008694,-0.003900,0.000000,0.008901,0.5100,0.000000,0.003900,0.00001521,-0.026000,0.5100,0.000000
1771570319.131372,17.554255,0.032019,-0.003750,0.004685,0.008901,0.5100,0.000000,0.003750,0.00001406,-0.025000,0.5100,0.000000
1771570319.140434,17.563316,0.009061,-0.003750,0.000000,0.008901,0.5100,0.000000,0.003750,0.00001406,-0.025000,0.5100,0.000000
1771570319.171516,17.594398,0.031082,-0.003900,-0.004826,0.008901,0.5100,0.000000,0.003900,0.00001521,-0.026000,0.5100,0.000000
1771570319.180243,17.603125,0.008727,-0.003900,0.000000,0.008901,0.5100,0.000000,0.003900,0.00001521,-0.026000,0.5100,0.000000
1771570319.212033,17.634916,0.031791,-0.003900,0.000000,0.009250,0.5300,0.000000,0.003900,0.00001521,-0.026000,0.5300,0.000000
1771570319.219019,17.641901,0.006986,-0.003900,0.000000,0.009250,0.5300,0.000000,0.003900,0.00001521,-0.026000,0.5300,0.000000
1771570319.251222,17.674104,0.032203,-0.003900,0.000000,0.008901,0.5100,0.000000,0.003900,0.00001521,-0.026000,0.5100,0.000000
1771570319.259530,17.682412,0.008308,-0.003900,0.000000,0.008901,0.5100,0.000000,0.003900,0.00001521,-0.026000,0.5100,0.000000
1771570319.290680,17.713562,0.031150,-0.003900,0.000000,0.008901,0.5100,0.000000,0.003900,0.00001521,-0.026000,0.5100,0.000000
1771570319.300301,17.723183,0.009621,-0.003750,0.015590,0.008901,0.5100,0.000000,0.003750,0.00001406,-0.025000,0.5100,0.000000
1771570319.330328,17.753211,0.030027,-0.003900,-0.004995,0.008901,0.5100,0.000000,0.003900,0.00001521,-0.026000,0.5100,0.000000
1771570319.339690,17.762573,0.009362,-0.003900,0.000000,0.008901,0.5100,0.000000,0.003900,0.00001521,-0.026000,0.5100,0.000000
1771570319.370483,17.793366,0.030793,-0.003900,0.000000,0.008901,0.5100,0.000000,0.003900,0.00001521,-0.026000,0.5100,0.000000
1771570319.378997,17.801879,0.008513,-0.003900,0.000000,0.008901,0.5100,0.000000,0.003900,0.00001521,-0.026000,0.5100,0.000000
1771570319.410504,17.833386,0.031507,-0.003900,0.000000,0.008901,0.5100,0.000000,0.003900,0.00001521,-0.026000,0.5100,0.000000
1771570319.422344,17.845226,0.011840,-0.003900,0.000000,0.008901,0.5100,0.000000,0.003900,0.00001521,-0.026000,0.5100,0.000000
1771570319.451270,17.874152,0.028926,-0.003900,0.000000,0.008901,0.5100,0.000000,0.003900,0.00001521,-0.026000,0.5100,0.000000
1771570319.459650,17.882532,0.008380,-0.003900,0.000000,0.008901,0.5100,0.000000,0.003900,0.00001521,-0.026000,0.5100,0.000000
1771570319.492191,17.915073,0.032541,-0.003900,0.000000,0.008901,0.5100,0.000000,0.003900,0.00001521,-0.026000,0.5100,0.000000
1771570319.499520,17.922402,0.007329,-0.003900,0.000000,0.008901,0.5100,0.000000,0.003900,0.00001521,-0.026000,0.5100,0.000000
1771570319.531426,17.954309,0.031906,-0.003900,0.000000,0.008901,0.5100,0.000000,0.003900,0.00001521,-0.026000,0.5100,0.000000
1771570319.540224,17.963106,0.008798,-0.003900,0.000000,0.008901,0.5100,0.000000,0.003900,0.00001521,-0.026000,0.5100,0.000000
1771570319.571393,17.994276,0.031169,-0.003900,0.000000,0.008901,0.5100,0.000000,0.003900,0.00001521,-0.026000,0.5100,0.000000
1771570319.579805,18.002687,0.008411,-0.003900,0.000000,0.008901,0.5100,0.000000,0.003900,0.00001521,-0.026000,0.5100,0.000000
1771570319.610918,18.033800,0.031113,-0.003900,0.000000,0.008901,0.5100,0.000000,0.003900,0.00001521,-0.026000,0.5100,0.000000
1771570319.618913,18.041795,0.007995,-0.003900,0.000000,0.008901,0.5100,0.000000,0.003900,0.00001521,-0.026000,0.5100,0.000000
1771570319.650898,18.073781,0.031986,-0.003900,0.000000,0.008901,0.5100,0.000000,0.003900,0.00001521,-0.026000,0.5100,0.000000
1771570319.659791,18.082673,0.008892,-0.003900,0.000000,0.008901,0.5100,0.000000,0.003900,0.00001521,-0.026000,0.5100,0.000000
1771570319.690451,18.113333,0.030660,-0.003900,0.000000,0.008901,0.5100,0.000000,0.003900,0.00001521,-0.026000,0.5100,0.000000
1771570319.700196,18.123079,0.009745,-0.003900,0.000000,0.008901,0.5100,0.000000,0.003900,0.00001521,-0.026000,0.5100,0.000000
1771570319.730796,18.153679,0.030600,-0.003900,0.000000,0.008901,0.5100,0.000000,0.003900,0.00001521,-0.026000,0.5100,0.000000
1771570319.739698,18.162580,0.008902,-0.003900,0.000000,0.008901,0.5100,0.000000,0.003900,0.00001521,-0.026000,0.5100,0.000000
1771570319.770575,18.193457,0.030876,-0.003900,0.000000,0.008901,0.5100,0.000000,0.003900,0.00001521,-0.026000,0.5100,0.000000
1771570319.780264,18.203147,0.009690,-0.003900,0.000000,0.008901,0.5100,0.000000,0.003900,0.00001521,-0.026000,0.5100,0.000000
1771570319.810376,18.233258,0.030111,-0.003900,0.000000,0.008901,0.5100,0.000000,0.003900,0.00001521,-0.026000,0.5100,0.000000
1771570319.819885,18.242767,0.009509,-0.003900,0.000000,0.008901,0.5100,0.000000,0.003900,0.00001521,-0.026000,0.5100,0.000000
1771570319.850608,18.273490,0.030723,-0.003900,0.000000,0.008901,0.5100,0.000000,0.003900,0.00001521,-0.026000,0.5100,0.000000
1771570319.859059,18.281941,0.008451,-0.003900,0.000000,0.008901,0.5100,0.000000,0.003900,0.00001521,-0.026000,0.5100,0.000000
1771570319.890539,18.313421,0.031481,-0.003900,0.000000,0.009250,0.5300,0.000000,0.003900,0.00001521,-0.026000,0.5300,0.000000
1771570319.899058,18.321940,0.008519,-0.003900,0.000000,0.009250,0.5300,0.000000,0.003900,0.00001521,-0.026000,0.5300,0.000000
1771570319.931359,18.354241,0.032301,-0.003900,0.000000,0.009250,0.5300,0.000000,0.003900,0.00001521,-0.026000,0.5300,0.000000
1771570319.939809,18.362692,0.008451,-0.003900,0.000000,0.009250,0.5300,0.000000,0.003900,0.00001521,-0.026000,0.5300,0.000000
1771570319.972102,18.394984,0.032292,-0.003900,0.000000,0.009250,0.5300,0.000000,0.003900,0.00001521,-0.026000,0.5300,0.000000
1771570319.980103,18.402985,0.008001,-0.003900,0.000000,0.009250,0.5300,0.000000,0.003900,0.00001521,-0.026000,0.5300,0.000000
1771570320.012163,18.435046,0.032060,-0.003900,0.000000,0.008901,0.5100,0.000000,0.003900,0.00001521,-0.026000,0.5100,0.000000
1771570320.020665,18.443547,0.008502,-0.003900,0.000000,0.008901,0.5100,0.000000,0.003900,0.00001521,-0.026000,0.5100,0.000000
1771570320.050456,18.473338,0.029791,-0.003900,0.000000,0.009250,0.5300,0.000000,0.003900,0.00001521,-0.026000,0.5300,0.000000
1771570320.060735,18.483617,0.010279,-0.003900,0.000000,0.009250,0.5300,0.000000,0.003900,0.00001521,-0.026000,0.5300,0.000000
1771570320.090485,18.513367,0.029751,-0.003900,0.000000,0.009250,0.5300,0.000000,0.003900,0.00001521,-0.026000,0.5300,0.000000
1771570320.100096,18.522978,0.009610,-0.003900,0.000000,0.009250,0.5300,0.000000,0.003900,0.00001521,-0.026000,0.5300,0.000000
1771570320.130514,18.553396,0.030418,-0.003900,0.000000,0.009250,0.5300,0.000000,0.003900,0.00001521,-0.026000,0.5300,0.000000
1771570320.140876,18.563758,0.010362,-0.003900,0.000000,0.009250,0.5300,0.000000,0.003900,0.00001521,-0.026000,0.5300,0.000000
1771570320.170201,18.593083,0.029325,-0.003900,0.000000,0.009250,0.5300,0.000000,0.003900,0.00001521,-0.026000,0.5300,0.000000
1771570320.179905,18.602787,0.009704,-0.003900,0.000000,0.009250,0.5300,0.000000,0.003900,0.00001521,-0.026000,0.5300,0.000000
1771570320.211328,18.634211,0.031424,-0.003900,0.000000,0.008901,0.5100,0.000000,0.003900,0.00001521,-0.026000,0.5100,0.000000
1771570320.219372,18.642254,0.008043,-0.003900,0.000000,0.008901,0.5100,0.000000,0.003900,0.00001521,-0.026000,0.5100,0.000000
1771570320.251719,18.674601,0.032347,-0.003900,0.000000,0.008901,0.5100,0.000000,0.003900,0.00001521,-0.026000,0.5100,0.000000
1771570320.259920,18.682802,0.008201,-0.003900,0.000000,0.008901,0.5100,0.000000,0.003900,0.00001521,-0.026000,0.5100,0.000000
1771570320.290750,18.713632,0.030830,-0.003900,0.000000,0.008901,0.5100,0.000000,0.003900,0.00001521,-0.026000,0.5100,0.000000
1771570320.299993,18.722875,0.009243,-0.003900,0.000000,0.008901,0.5100,0.000000,0.003900,0.00001521,-0.026000,0.5100,0.000000
1771570320.330663,18.753546,0.030671,-0.004050,-0.004891,0.008901,0.5100,0.000000,0.004050,0.00001640,-0.027000,0.5100,0.000000
1771570320.339368,18.762250,0.008704,-0.003900,0.017233,0.008901,0.5100,0.000000,0.003900,0.00001521,-0.026000,0.5100,0.000000
1771570320.370912,18.793794,0.031544,-0.003900,0.000000,0.009250,0.5300,0.000000,0.003900,0.00001521,-0.026000,0.5300,0.000000
1771570320.379867,18.802749,0.008955,-0.003900,0.000000,0.009250,0.5300,0.000000,0.003900,0.00001521,-0.026000,0.5300,0.000000
1771570320.410901,18.833783,0.031034,-0.003900,0.000000,0.008901,0.5100,0.000000,0.003900,0.00001521,-0.026000,0.5100,0.000000
1771570320.420648,18.843530,0.009747,-0.003900,0.000000,0.008901,0.5100,0.000000,0.003900,0.00001521,-0.026000,0.5100,0.000000
1771570320.451659,18.874541,0.031011,-0.003900,0.000000,0.008901,0.5100,0.000000,0.003900,0.00001521,-0.026000,0.5100,0.000000
1771570320.460100,18.882982,0.008441,-0.003900,0.000000,0.008901,0.5100,0.000000,0.003900,0.00001521,-0.026000,0.5100,0.000000
1771570320.491548,18.914430,0.031448,-0.003900,0.000000,0.008901,0.5100,0.000000,0.003900,0.00001521,-0.026000,0.5100,0.000000
1771570320.499806,18.922688,0.008258,-0.003900,0.000000,0.008901,0.5100,0.000000,0.003900,0.00001521,-0.026000,0.5100,0.000000
1771570320.530877,18.953760,0.031071,-0.003900,0.000000,0.008901,0.5100,0.000000,0.003900,0.00001521,-0.026000,0.5100,0.000000
1771570320.539205,18.962087,0.008327,-0.003900,0.000000,0.008901,0.5100,0.000000,0.003900,0.00001521,-0.026000,0.5100,0.000000
1771570320.571076,18.993959,0.031872,-0.003900,0.000000,0.008901,0.5100,0.000000,0.003900,0.00001521,-0.026000,0.5100,0.000000
1771570320.580375,19.003258,0.009299,-0.003900,0.000000,0.008901,0.5100,0.000000,0.003900,0.00001521,-0.026000,0.5100,0.000000
1771570320.610806,19.033689,0.030431,-0.003900,0.000000,0.008901,0.5100,0.000000,0.003900,0.00001521,-0.026000,0.5100,0.000000
1771570320.618996,19.041878,0.008190,-0.003900,0.000000,0.008901,0.5100,0.000000,0.003900,0.00001521,-0.026000,0.5100,0.000000
1771570320.650369,19.073251,0.031373,-0.003900,0.000000,0.008901,0.5100,0.000000,0.003900,0.00001521,-0.026000,0.5100,0.000000
1771570320.658977,19.081859,0.008608,-0.003900,0.000000,0.008901,0.5100,0.000000,0.003900,0.00001521,-0.026000,0.5100,0.000000
1771570320.691077,19.113960,0.032101,-0.003900,0.000000,0.009250,0.5300,0.000000,0.003900,0.00001521,-0.026000,0.5300,0.000000
1771570320.699313,19.122195,0.008235,-0.003900,0.000000,0.009250,0.5300,0.000000,0.003900,0.00001521,-0.026000,0.5300,0.000000
1771570320.730658,19.153540,0.031345,-0.003900,0.000000,0.008901,0.5100,0.000000,0.003900,0.00001521,-0.026000,0.5100,0.000000
1771570320.739000,19.161882,0.008342,-0.003900,0.000000,0.008901,0.5100,0.000000,0.003900,0.00001521,-0.026000,0.5100,0.000000
1771570320.770774,19.193656,0.031774,-0.003900,0.000000,0.009250,0.5300,0.000000,0.003900,0.00001521,-0.026000,0.5300,0.000000
1771570320.779312,19.202194,0.008538,-0.003900,0.000000,0.009250,0.5300,0.000000,0.003900,0.00001521,-0.026000,0.5300,0.000000
1771570320.810872,19.233754,0.031559,-0.003900,0.000000,0.009250,0.5300,0.000000,0.003900,0.00001521,-0.026000,0.5300,0.000000
1771570320.818999,19.241882,0.008128,-0.003900,0.000000,0.009250,0.5300,0.000000,0.003900,0.00001521,-0.026000,0.5300,0.000000
1771570320.851688,19.274570,0.032689,-0.003900,0.000000,0.008901,0.5100,0.000000,0.003900,0.00001521,-0.026000,0.5100,0.000000
1771570320.859890,19.282773,0.008202,-0.003900,0.000000,0.008901,0.5100,0.000000,0.003900,0.00001521,-0.026000,0.5100,0.000000
1771570320.890759,19.313641,0.030868,-0.003900,0.000000,0.009250,0.5300,0.000000,0.003900,0.00001521,-0.026000,0.5300,0.000000
1771570320.899543,19.322425,0.008784,-0.003900,0.000000,0.009250,0.5300,0.000000,0.003900,0.00001521,-0.026000,0.5300,0.000000
1771570320.930740,19.353622,0.031197,-0.003900,0.000000,0.009250,0.5300,0.000000,0.003900,0.00001521,-0.026000,0.5300,0.000000
1771570320.939425,19.362308,0.008686,-0.003900,0.000000,0.009250,0.5300,0.000000,0.003900,0.00001521,-0.026000,0.5300,0.000000
1771570320.971009,19.393892,0.031584,-0.003900,0.000000,0.008901,0.5100,0.000000,0.003900,0.00001521,-0.026000,0.5100,0.000000
1771570320.979351,19.402233,0.008342,-0.003900,0.000000,0.008901,0.5100,0.000000,0.003900,0.00001521,-0.026000,0.5100,0.000000
1771570321.011559,19.434442,0.032208,-0.003900,0.000000,0.009250,0.5300,0.000000,0.003900,0.00001521,-0.026000,0.5300,0.000000
1771570321.019756,19.442638,0.008196,-0.003900,0.000000,0.009250,0.5300,0.000000,0.003900,0.00001521,-0.026000,0.5300,0.000000
1771570321.050179,19.473062,0.030424,-0.003900,0.000000,0.008901,0.5100,0.000000,0.003900,0.00001521,-0.026000,0.5100,0.000000
1771570321.060796,19.483678,0.010617,-0.003900,0.000000,0.008901,0.5100,0.000000,0.003900,0.00001521,-0.026000,0.5100,0.000000
1771570321.090236,19.513118,0.029440,-0.004050,-0.005095,0.008901,0.5100,0.000000,0.004050,0.00001640,-0.027000,0.5100,0.000000
1771570321.099562,19.522444,0.009326,-0.003900,0.016083,0.008901,0.5100,0.000000,0.003900,0.00001521,-0.026000,0.5100,0.000000
1771570321.130576,19.553458,0.031013,-0.003900,0.000000,0.008901,0.5100,0.000000,0.003900,0.00001521,-0.026000,0.5100,0.000000
1771570321.140440,19.563322,0.009864,-0.003900,0.000000,0.008901,0.5100,0.000000,0.003900,0.00001521,-0.026000,0.5100,0.000000
1771570321.171194,19.594076,0.030754,-0.003900,0.000000,0.008901,0.5100,0.000000,0.003900,0.00001521,-0.026000,0.5100,0.000000
1771570321.179817,19.602700,0.008623,-0.003900,0.000000,0.008901,0.5100,0.000000,0.003900,0.00001521,-0.026000,0.5100,0.000000
1771570321.210224,19.633106,0.030406,-0.003900,0.000000,0.008901,0.5100,0.000000,0.003900,0.00001521,-0.026000,0.5100,0.000000
1771570321.219941,19.642823,0.009717,-0.003900,0.000000,0.008901,0.5100,0.000000,0.003900,0.00001521,-0.026000,0.5100,0.000000
1771570321.250922,19.673805,0.030981,-0.003900,0.000000,0.008901,0.5100,0.000000,0.003900,0.00001521,-0.026000,0.5100,0.000000
1771570321.260340,19.683222,0.009418,-0.003900,0.000000,0.008901,0.5100,0.000000,0.003900,0.00001521,-0.026000,0.5100,0.000000
1771570321.290368,19.713250,0.030028,-0.003900,0.000000,0.008901,0.5100,0.000000,0.003900,0.00001521,-0.026000,0.5100,0.000000
1771570321.300249,19.723131,0.009881,-0.003900,0.000000,0.008901,0.5100,0.000000,0.003900,0.00001521,-0.026000,0.5100,0.000000
1771570321.330548,19.753430,0.030299,-0.003900,0.000000,0.008901,0.5100,0.000000,0.003900,0.00001521,-0.026000,0.5100,0.000000
1771570321.338817,19.761700,0.008270,-0.003900,0.000000,0.008901,0.5100,0.000000,0.003900,0.00001521,-0.026000,0.5100,0.000000
1771570321.371019,19.793901,0.032202,-0.003900,0.000000,0.009250,0.5300,0.000000,0.003900,0.00001521,-0.026000,0.5300,0.000000
1771570321.379035,19.801917,0.008016,-0.003900,0.000000,0.009250,0.5300,0.000000,0.003900,0.00001521,-0.026000,0.5300,0.000000
1771570321.411137,19.834019,0.032102,-0.003900,0.000000,0.009250,0.5300,0.000000,0.003900,0.00001521,-0.026000,0.5300,0.000000
1771570321.418963,19.841845,0.007826,-0.003900,0.000000,0.009250,0.5300,0.000000,0.003900,0.00001521,-0.026000,0.5300,0.000000
1771570321.450998,19.873881,0.032036,-0.003900,0.000000,0.008901,0.5100,0.000000,0.003900,0.00001521,-0.026000,0.5100,0.000000
1771570321.459261,19.882143,0.008263,-0.003900,0.000000,0.008901,0.5100,0.000000,0.003900,0.00001521,-0.026000,0.5100,0.000000
1771570321.490192,19.913075,0.030931,-0.003900,0.000000,0.008901,0.5100,0.000000,0.003900,0.00001521,-0.026000,0.5100,0.000000
1771570321.500114,19.922997,0.009922,-0.003900,0.000000,0.008901,0.5100,0.000000,0.003900,0.00001521,-0.026000,0.5100,0.000000
1771570321.530401,19.953283,0.030286,-0.003900,0.000000,0.008901,0.5100,0.000000,0.003900,0.00001521,-0.026000,0.5100,0.000000
1771570321.539156,19.962039,0.008756,-0.003900,0.000000,0.008901,0.5100,0.000000,0.003900,0.00001521,-0.026000,0.5100,0.000000
1771570321.571301,19.994184,0.032145,-0.004050,-0.004666,0.008901,0.5100,0.000000,0.004050,0.00001640,-0.027000,0.5100,0.000000
1771570321.579522,20.002404,0.008221,-0.004050,0.000000,0.008901,0.5100,0.000000,0.004050,0.00001640,-0.027000,0.5100,0.000000
1771570321.611039,20.033922,0.031517,-0.003900,0.004759,0.009250,0.5300,0.000000,0.003900,0.00001521,-0.026000,0.5300,0.000000
1771570321.619900,20.042782,0.008860,-0.003900,0.000000,0.009250,0.5300,0.000000,0.003900,0.00001521,-0.026000,0.5300,0.000000
1771570321.651479,20.074361,0.031579,-0.003900,0.000000,0.008901,0.5100,0.000000,0.003900,0.00001521,-0.026000,0.5100,0.000000
1771570321.660226,20.083109,0.008748,-0.003900,0.000000,0.008901,0.5100,0.000000,0.003900,0.00001521,-0.026000,0.5100,0.000000
1771570321.690891,20.113773,0.030664,-0.003900,0.000000,0.008901,0.5100,0.000000,0.003900,0.00001521,-0.026000,0.5100,0.000000
1771570321.699167,20.122050,0.008277,-0.003900,0.000000,0.008901,0.5100,0.000000,0.003900,0.00001521,-0.026000,0.5100,0.000000
1771570321.731088,20.153970,0.031920,-0.003900,0.000000,0.008901,0.5100,0.000000,0.003900,0.00001521,-0.026000,0.5100,0.000000
1771570321.739486,20.162368,0.008398,-0.003900,0.000000,0.008901,0.5100,0.000000,0.003900,0.00001521,-0.026000,0.5100,0.000000
1771570321.771221,20.194104,0.031735,-0.003900,0.000000,0.008901,0.5100,0.000000,0.003900,0.00001521,-0.026000,0.5100,0.000000
1771570321.779686,20.202569,0.008465,-0.003900,0.000000,0.008901,0.5100,0.000000,0.003900,0.00001521,-0.026000,0.5100,0.000000
1771570321.810106,20.232988,0.030419,-0.003900,0.000000,0.008901,0.5100,0.000000,0.003900,0.00001521,-0.026000,0.5100,0.000000
1771570321.820633,20.243515,0.010527,-0.003900,0.000000,0.008901,0.5100,0.000000,0.003900,0.00001521,-0.026000,0.5100,0.000000
1771570321.852769,20.275651,0.032136,-0.003900,0.000000,0.008901,0.5100,0.000000,0.003900,0.00001521,-0.026000,0.5100,0.000000
1771570321.859300,20.282182,0.006531,-0.003900,0.000000,0.008901,0.5100,0.000000,0.003900,0.00001521,-0.026000,0.5100,0.000000
1771570321.890758,20.313640,0.031458,-0.003900,0.000000,0.008901,0.5100,0.000000,0.003900,0.00001521,-0.026000,0.5100,0.000000
1771570321.899238,20.322120,0.008480,-0.003900,0.000000,0.008901,0.5100,0.000000,0.003900,0.00001521,-0.026000,0.5100,0.000000
1771570321.931988,20.354870,0.032750,-0.003900,0.000000,0.008901,0.5100,0.000000,0.003900,0.00001521,-0.026000,0.5100,0.000000
1771570321.940118,20.363001,0.008131,-0.003900,0.000000,0.008901,0.5100,0.000000,0.003900,0.00001521,-0.026000,0.5100,0.000000
1771570321.971145,20.394028,0.031027,-0.003900,0.000000,0.008901,0.5100,0.000000,0.003900,0.00001521,-0.026000,0.5100,0.000000
1771570321.979703,20.402585,0.008557,-0.003900,0.000000,0.008901,0.5100,0.000000,0.003900,0.00001521,-0.026000,0.5100,0.000000
1771570322.010725,20.433607,0.031022,-0.003900,0.000000,0.008901,0.5100,0.000000,0.003900,0.00001521,-0.026000,0.5100,0.000000
1771570322.019190,20.442072,0.008465,-0.003900,0.000000,0.008901,0.5100,0.000000,0.003900,0.00001521,-0.026000,0.5100,0.000000
1771570322.050164,20.473047,0.030975,-0.003900,0.000000,0.009250,0.5300,0.000000,0.003900,0.00001521,-0.026000,0.5300,0.000000
1771570322.060217,20.483099,0.010053,-0.003900,0.000000,0.009250,0.5300,0.000000,0.003900,0.00001521,-0.026000,0.5300,0.000000
1771570322.090093,20.512975,0.029876,-0.003900,0.000000,0.009250,0.5300,0.000000,0.003900,0.00001521,-0.026000,0.5300,0.000000
1771570322.099870,20.522753,0.009777,-0.003900,0.000000,0.009250,0.5300,0.000000,0.003900,0.00001521,-0.026000,0.5300,0.000000
1771570322.130753,20.553635,0.030882,-0.003900,0.000000,0.009250,0.5300,0.000000,0.003900,0.00001521,-0.026000,0.5300,0.000000
1771570322.139746,20.562629,0.008994,-0.003900,0.000000,0.009250,0.5300,0.000000,0.003900,0.00001521,-0.026000,0.5300,0.000000
1771570322.171600,20.594482,0.031854,-0.003900,0.000000,0.009250,0.5300,0.000000,0.003900,0.00001521,-0.026000,0.5300,0.000000
1771570322.180024,20.602907,0.008425,-0.003900,0.000000,0.009250,0.5300,0.000000,0.003900,0.00001521,-0.026000,0.5300,0.000000
1771570322.211278,20.634160,0.031254,-0.003900,0.000000,0.009250,0.5300,0.000000,0.003900,0.00001521,-0.026000,0.5300,0.000000
1771570322.219835,20.642718,0.008557,-0.003900,0.000000,0.009250,0.5300,0.000000,0.003900,0.00001521,-0.026000,0.5300,0.000000
1771570322.250855,20.673738,0.031020,-0.003900,0.000000,0.009250,0.5300,0.000000,0.003900,0.00001521,-0.026000,0.5300,0.000000
1771570322.259065,20.681947,0.008209,-0.003900,0.000000,0.009250,0.5300,0.000000,0.003900,0.00001521,-0.026000,0.5300,0.000000
1771570322.290959,20.713842,0.031895,-0.003900,0.000000,0.008901,0.5100,0.000000,0.003900,0.00001521,-0.026000,0.5100,0.000000
1771570322.299513,20.722395,0.008553,-0.003900,0.000000,0.008901,0.5100,0.000000,0.003900,0.00001521,-0.026000,0.5100,0.000000
1771570322.331996,20.754879,0.032484,-0.003900,0.000000,0.009250,0.5300,0.000000,0.003900,0.00001521,-0.026000,0.5300,0.000000
1771570322.340205,20.763087,0.008208,-0.003900,0.000000,0.009250,0.5300,0.000000,0.003900,0.00001521,-0.026000,0.5300,0.000000
1771570322.371102,20.793984,0.030897,-0.003900,0.000000,0.009250,0.5300,0.000000,0.003900,0.00001521,-0.026000,0.5300,0.000000
1771570322.379460,20.802343,0.008358,-0.003900,0.000000,0.009250,0.5300,0.000000,0.003900,0.00001521,-0.026000,0.5300,0.000000
1771570322.412099,20.834981,0.032639,-0.003900,0.000000,0.008901,0.5100,0.000000,0.003900,0.00001521,-0.026000,0.5100,0.000000
1771570322.419050,20.841932,0.006951,-0.003900,0.000000,0.008901,0.5100,0.000000,0.003900,0.00001521,-0.026000,0.5100,0.000000
1771570322.451447,20.874330,0.032398,-0.003900,0.000000,0.008901,0.5100,0.000000,0.003900,0.00001521,-0.026000,0.5100,0.000000
1771570322.459557,20.882439,0.008110,-0.003900,0.000000,0.008901,0.5100,0.000000,0.003900,0.00001521,-0.026000,0.5100,0.000000
1771570322.490922,20.913804,0.031365,-0.003900,0.000000,0.009250,0.5300,0.000000,0.003900,0.00001521,-0.026000,0.5300,0.000000
1771570322.499738,20.922620,0.008816,-0.003900,0.000000,0.009250,0.5300,0.000000,0.003900,0.00001521,-0.026000,0.5300,0.000000
1771570322.530461,20.953343,0.030723,-0.003900,0.000000,0.009250,0.5300,0.000000,0.003900,0.00001521,-0.026000,0.5300,0.000000
1771570322.540268,20.963151,0.009808,-0.003900,0.000000,0.009250,0.5300,0.000000,0.003900,0.00001521,-0.026000,0.5300,0.000000
1771570322.570649,20.993531,0.030381,-0.003900,0.000000,0.008901,0.5100,0.000000,0.003900,0.00001521,-0.026000,0.5100,0.000000
1771570322.579529,21.002412,0.008880,-0.003900,0.000000,0.008901,0.5100,0.000000,0.003900,0.00001521,-0.026000,0.5100,0.000000
1771570322.610612,21.033494,0.031082,-0.003900,0.000000,0.008901,0.5100,0.000000,0.003900,0.00001521,-0.026000,0.5100,0.000000
1771570322.618858,21.041740,0.008246,-0.003900,0.000000,0.008901,0.5100,0.000000,0.003900,0.00001521,-0.026000,0.5100,0.000000
1771570322.650782,21.073664,0.031924,-0.003900,0.000000,0.008901,0.5100,0.000000,0.003900,0.00001521,-0.026000,0.5100,0.000000
1771570322.659338,21.082220,0.008556,-0.003900,0.000000,0.008901,0.5100,0.000000,0.003900,0.00001521,-0.026000,0.5100,0.000000
1771570322.690816,21.113698,0.031478,-0.003900,0.000000,0.009250,0.5300,0.000000,0.003900,0.00001521,-0.026000,0.5300,0.000000
1771570322.699128,21.122011,0.008312,-0.003900,0.000000,0.009250,0.5300,0.000000,0.003900,0.00001521,-0.026000,0.5300,0.000000
1771570322.730994,21.153876,0.031866,-0.003900,0.000000,0.009250,0.5300,0.000000,0.003900,0.00001521,-0.026000,0.5300,0.000000
1771570322.740238,21.163121,0.009244,-0.003900,0.000000,0.009250,0.5300,0.000000,0.003900,0.00001521,-0.026000,0.5300,0.000000
1771570322.771083,21.193965,0.030844,-0.003900,0.000000,0.009250,0.5300,0.000000,0.003900,0.00001521,-0.026000,0.5300,0.000000
1771570322.779921,21.202803,0.008838,-0.003900,0.000000,0.009250,0.5300,0.000000,0.003900,0.00001521,-0.026000,0.5300,0.000000
1771570322.811350,21.234232,0.031429,-0.003900,0.000000,0.009250,0.5300,0.000000,0.003900,0.00001521,-0.026000,0.5300,0.000000
1771570322.820139,21.243021,0.008789,-0.003900,0.000000,0.009250,0.5300,0.000000,0.003900,0.00001521,-0.026000,0.5300,0.000000
1771570322.851084,21.273966,0.030944,-0.003900,0.000000,0.009250,0.5300,0.000000,0.003900,0.00001521,-0.026000,0.5300,0.000000
1771570322.859555,21.282437,0.008471,-0.003900,0.000000,0.009250,0.5300,0.000000,0.003900,0.00001521,-0.026000,0.5300,0.000000
1771570322.891991,21.314874,0.032437,-0.003900,0.000000,0.009250,0.5300,0.000000,0.003900,0.00001521,-0.026000,0.5300,0.000000
1771570322.900077,21.322959,0.008085,-0.003900,0.000000,0.009250,0.5300,0.000000,0.003900,0.00001521,-0.026000,0.5300,0.000000
1771570322.930712,21.353594,0.030635,-0.003900,0.000000,0.008901,0.5100,0.000000,0.003900,0.00001521,-0.026000,0.5100,0.000000
1771570322.939636,21.362519,0.008925,-0.003900,0.000000,0.008901,0.5100,0.000000,0.003900,0.00001521,-0.026000,0.5100,0.000000
1771570322.970898,21.393780,0.031261,-0.003900,0.000000,0.009250,0.5300,0.000000,0.003900,0.00001521,-0.026000,0.5300,0.000000
1771570322.979165,21.402047,0.008267,-0.003900,0.000000,0.009250,0.5300,0.000000,0.003900,0.00001521,-0.026000,0.5300,0.000000
1771570323.010612,21.433495,0.031447,-0.003900,0.000000,0.009250,0.5300,0.000000,0.003900,0.00001521,-0.026000,0.5300,0.000000
1771570323.019142,21.442025,0.008530,-0.003900,0.000000,0.009250,0.5300,0.000000,0.003900,0.00001521,-0.026000,0.5300,0.000000
1771570323.051497,21.474379,0.032354,-0.003900,0.000000,0.008901,0.5100,0.000000,0.003900,0.00001521,-0.026000,0.5100,0.000000
1771570323.060334,21.483217,0.008838,-0.003900,0.000000,0.008901,0.5100,0.000000,0.003900,0.00001521,-0.026000,0.5100,0.000000
1771570323.091967,21.514850,0.031633,-0.003900,0.000000,0.009250,0.5300,0.000000,0.003900,0.00001521,-0.026000,0.5300,0.000000
1771570323.099702,21.522584,0.007735,-0.003900,0.000000,0.009250,0.5300,0.000000,0.003900,0.00001521,-0.026000,0.5300,0.000000
1771570323.131227,21.554109,0.031524,-0.003900,0.000000,0.009250,0.5300,0.000000,0.003900,0.00001521,-0.026000,0.5300,0.000000
1771570323.139839,21.562722,0.008613,-0.003900,0.000000,0.009250,0.5300,0.000000,0.003900,0.00001521,-0.026000,0.5300,0.000000
1771570323.171211,21.594093,0.031372,-0.003900,0.000000,0.009250,0.5300,0.000000,0.003900,0.00001521,-0.026000,0.5300,0.000000
1771570323.180283,21.603165,0.009072,-0.003900,0.000000,0.009250,0.5300,0.000000,0.003900,0.00001521,-0.026000,0.5300,0.000000
1771570323.211118,21.634000,0.030835,-0.003900,0.000000,0.009250,0.5300,0.000000,0.003900,0.00001521,-0.026000,0.5300,0.000000
1771570323.219217,21.642100,0.008100,-0.003900,0.000000,0.009250,0.5300,0.000000,0.003900,0.00001521,-0.026000,0.5300,0.000000
1771570323.251312,21.674194,0.032095,-0.003900,0.000000,0.009250,0.5300,0.000000,0.003900,0.00001521,-0.026000,0.5300,0.000000
1771570323.260325,21.683208,0.009013,-0.003900,0.000000,0.009250,0.5300,0.000000,0.003900,0.00001521,-0.026000,0.5300,0.000000
1771570323.291133,21.714015,0.030807,-0.003900,0.000000,0.008901,0.5100,0.000000,0.003900,0.00001521,-0.026000,0.5100,0.000000
1771570323.300944,21.723827,0.009812,-0.003900,0.000000,0.008901,0.5100,0.000000,0.003900,0.00001521,-0.026000,0.5100,0.000000
1771570323.330715,21.753597,0.029770,-0.003900,0.000000,0.008901,0.5100,0.000000,0.003900,0.00001521,-0.026000,0.5100,0.000000
1771570323.339853,21.762735,0.009138,-0.003900,0.000000,0.008901,0.5100,0.000000,0.003900,0.00001521,-0.026000,0.5100,0.000000
1771570323.371783,21.794666,0.031930,-0.003900,0.000000,0.009250,0.5300,0.000000,0.003900,0.00001521,-0.026000,0.5300,0.000000
1771570323.379940,21.802822,0.008157,-0.003900,0.000000,0.009250,0.5300,0.000000,0.003900,0.00001521,-0.026000,0.5300,0.000000
1771570323.410776,21.833659,0.030836,-0.003900,0.000000,0.009250,0.5300,0.000000,0.003900,0.00001521,-0.026000,0.5300,0.000000
1771570323.419273,21.842155,0.008496,-0.003900,0.000000,0.009250,0.5300,0.000000,0.003900,0.00001521,-0.026000,0.5300,0.000000
1771570323.450842,21.873724,0.031569,-0.003900,0.000000,0.009250,0.5300,0.000000,0.003900,0.00001521,-0.026000,0.5300,0.000000
1771570323.460618,21.883500,0.009776,-0.003900,0.000000,0.009250,0.5300,0.000000,0.003900,0.00001521,-0.026000,0.5300,0.000000
1771570323.491016,21.913898,0.030398,-0.003900,0.000000,0.009250,0.5300,0.000000,0.003900,0.00001521,-0.026000,0.5300,0.000000
1771570323.499811,21.922693,0.008795,-0.003900,0.000000,0.009250,0.5300,0.000000,0.003900,0.00001521,-0.026000,0.5300,0.000000
1771570323.530879,21.953761,0.031068,-0.003900,0.000000,0.009250,0.5300,0.000000,0.003900,0.00001521,-0.026000,0.5300,0.000000
1771570323.540532,21.963414,0.009653,-0.003900,0.000000,0.009250,0.5300,0.000000,0.003900,0.00001521,-0.026000,0.5300,0.000000
1771570323.571287,21.994170,0.030756,-0.003900,0.000000,0.009250,0.5300,0.000000,0.003900,0.00001521,-0.026000,0.5300,0.000000
1771570323.579750,22.002632,0.008462,-0.003900,0.000000,0.009250,0.5300,0.000000,0.003900,0.00001521,-0.026000,0.5300,0.000000
1771570323.609947,22.032829,0.030197,-0.003900,0.000000,0.009250,0.5300,0.000000,0.003900,0.00001521,-0.026000,0.5300,0.000000
1771570323.619456,22.042338,0.009509,-0.003900,0.000000,0.009250,0.5300,0.000000,0.003900,0.00001521,-0.026000,0.5300,0.000000
1771570323.651128,22.074010,0.031672,-0.003900,0.000000,0.009250,0.5300,0.000000,0.003900,0.00001521,-0.026000,0.5300,0.000000
1771570323.659160,22.082042,0.008032,-0.003900,0.000000,0.009250,0.5300,0.000000,0.003900,0.00001521,-0.026000,0.5300,0.000000
1771570323.690666,22.113549,0.031507,-0.003900,0.000000,0.009250,0.5300,0.000000,0.003900,0.00001521,-0.026000,0.5300,0.000000
1771570323.700083,22.122966,0.009417,-0.003900,0.000000,0.009250,0.5300,0.000000,0.003900,0.00001521,-0.026000,0.5300,0.000000
1771570323.730060,22.152942,0.029976,-0.003900,0.000000,0.008901,0.5100,0.000000,0.003900,0.00001521,-0.026000,0.5100,0.000000
1771570323.740070,22.162953,0.010011,-0.003900,0.000000,0.008901,0.5100,0.000000,0.003900,0.00001521,-0.026000,0.5100,0.000000
1771570323.771786,22.194669,0.031716,-0.003900,0.000000,0.009250,0.5300,0.000000,0.003900,0.00001521,-0.026000,0.5300,0.000000
1771570323.780021,22.202903,0.008234,-0.003900,0.000000,0.009250,0.5300,0.000000,0.003900,0.00001521,-0.026000,0.5300,0.000000
1771570323.810692,22.233574,0.030671,-0.003900,0.000000,0.009250,0.5300,0.000000,0.003900,0.00001521,-0.026000,0.5300,0.000000
1771570323.819166,22.242048,0.008474,-0.003900,0.000000,0.009250,0.5300,0.000000,0.003900,0.00001521,-0.026000,0.5300,0.000000
1771570323.850972,22.273854,0.031806,-0.003900,0.000000,0.008901,0.5100,0.000000,0.003900,0.00001521,-0.026000,0.5100,0.000000
1771570323.859738,22.282620,0.008766,-0.003900,0.000000,0.008901,0.5100,0.000000,0.003900,0.00001521,-0.026000,0.5100,0.000000
1771570323.890986,22.313868,0.031248,-0.003900,0.000000,0.009250,0.5300,0.000000,0.003900,0.00001521,-0.026000,0.5300,0.000000
1771570323.899310,22.322192,0.008324,-0.003900,0.000000,0.009250,0.5300,0.000000,0.003900,0.00001521,-0.026000,0.5300,0.000000
1771570323.930225,22.353107,0.030915,-0.003750,0.004852,0.008901,0.5100,0.000000,0.003750,0.00001406,-0.025000,0.5100,0.000000
1771570323.939511,22.362393,0.009286,-0.003750,0.000000,0.008901,0.5100,0.000000,0.003750,0.00001406,-0.025000,0.5100,0.000000
1771570323.970025,22.392907,0.030514,-0.003750,0.000000,0.009250,0.5300,0.000000,0.003750,0.00001406,-0.025000,0.5300,0.000000
1771570323.980584,22.403467,0.010560,-0.003750,0.000000,0.009250,0.5300,0.000000,0.003750,0.00001406,-0.025000,0.5300,0.000000
1771570324.010799,22.433681,0.030215,-0.003750,0.000000,0.008901,0.5100,0.000000,0.003750,0.00001406,-0.025000,0.5100,0.000000
1771570324.020225,22.443107,0.009426,-0.003900,-0.015913,0.008901,0.5100,0.000000,0.003900,0.00001521,-0.026000,0.5100,0.000000
1771570324.051800,22.474683,0.031575,-0.003900,0.000000,0.008901,0.5100,0.000000,0.003900,0.00001521,-0.026000,0.5100,0.000000
1771570324.060684,22.483566,0.008883,-0.003900,0.000000,0.008901,0.5100,0.000000,0.003900,0.00001521,-0.026000,0.5100,0.000000
1771570324.091261,22.514143,0.030577,-0.003750,0.004906,0.009250,0.5300,0.000000,0.003750,0.00001406,-0.025000,0.5300,0.000000
1771570324.099440,22.522322,0.008179,-0.003750,0.000000,0.009250,0.5300,0.000000,0.003750,0.00001406,-0.025000,0.5300,0.000000
1771570324.130665,22.553548,0.031226,-0.003900,-0.004804,0.008901,0.5100,0.000000,0.003900,0.00001521,-0.026000,0.5100,0.000000
1771570324.138982,22.561864,0.008317,-0.003750,0.018036,0.008901,0.5100,0.000000,0.003750,0.00001406,-0.025000,0.5100,0.000000
1771570324.171300,22.594183,0.032319,-0.003900,-0.004641,0.008901,0.5100,0.000000,0.003900,0.00001521,-0.026000,0.5100,0.000000
1771570324.179672,22.602554,0.008371,-0.003900,0.000000,0.008901,0.5100,0.000000,0.003900,0.00001521,-0.026000,0.5100,0.000000
1771570324.210550,22.633432,0.030879,-0.003750,0.004858,0.009250,0.5300,0.000000,0.003750,0.00001406,-0.025000,0.5300,0.000000
1771570324.220162,22.643044,0.009612,-0.003750,0.000000,0.009250,0.5300,0.000000,0.003750,0.00001406,-0.025000,0.5300,0.000000
1771570324.251729,22.674611,0.031567,-0.003750,0.000000,0.008901,0.5100,0.000000,0.003750,0.00001406,-0.025000,0.5100,0.000000
1771570324.260051,22.682933,0.008322,-0.003750,0.000000,0.008901,0.5100,0.000000,0.003750,0.00001406,-0.025000,0.5100,0.000000
1771570324.290958,22.713840,0.030907,-0.003750,0.000000,0.008901,0.5100,0.000000,0.003750,0.00001406,-0.025000,0.5100,0.000000
1771570324.300031,22.722914,0.009073,-0.003750,0.000000,0.008901,0.5100,0.000000,0.003750,0.00001406,-0.025000,0.5100,0.000000
1771570324.331046,22.753929,0.031015,-0.003750,0.000000,0.008901,0.5100,0.000000,0.003750,0.00001406,-0.025000,0.5100,0.000000
1771570324.341324,22.764206,0.010278,-0.003750,0.000000,0.008901,0.5100,0.000000,0.003750,0.00001406,-0.025000,0.5100,0.000000
1771570324.371111,22.793994,0.029788,-0.003750,0.000000,0.008901,0.5100,0.000000,0.003750,0.00001406,-0.025000,0.5100,0.000000
1771570324.380339,22.803222,0.009228,-0.003750,0.000000,0.008901,0.5100,0.000000,0.003750,0.00001406,-0.025000,0.5100,0.000000
1771570324.410977,22.833859,0.030638,-0.003750,0.000000,0.008901,0.5100,0.000000,0.003750,0.00001406,-0.025000,0.5100,0.000000
1771570324.419629,22.842511,0.008652,-0.003750,0.000000,0.008901,0.5100,0.000000,0.003750,0.00001406,-0.025000,0.5100,0.000000
1771570324.450622,22.873505,0.030993,-0.003750,0.000000,0.008901,0.5100,0.000000,0.003750,0.00001406,-0.025000,0.5100,0.000000
1771570324.460185,22.883067,0.009563,-0.003750,0.000000,0.008901,0.5100,0.000000,0.003750,0.00001406,-0.025000,0.5100,0.000000
1771570324.490983,22.913865,0.030798,-0.003750,0.000000,0.009250,0.5300,0.000000,0.003750,0.00001406,-0.025000,0.5300,0.000000
1771570324.499992,22.922874,0.009009,-0.003750,0.000000,0.009250,0.5300,0.000000,0.003750,0.00001406,-0.025000,0.5300,0.000000
1771570324.531204,22.954086,0.031212,-0.003750,0.000000,0.008901,0.5100,0.000000,0.003750,0.00001406,-0.025000,0.5100,0.000000
1771570324.539929,22.962811,0.008725,-0.003750,0.000000,0.008901,0.5100,0.000000,0.003750,0.00001406,-0.025000,0.5100,0.000000
1771570324.570360,22.993242,0.030431,-0.003750,0.000000,0.008901,0.5100,0.000000,0.003750,0.00001406,-0.025000,0.5100,0.000000
1771570324.579234,23.002116,0.008874,-0.003750,0.000000,0.008901,0.5100,0.000000,0.003750,0.00001406,-0.025000,0.5100,0.000000
1771570324.610993,23.033875,0.031759,-0.003750,0.000000,0.008901,0.5100,0.000000,0.003750,0.00001406,-0.025000,0.5100,0.000000
1771570324.619884,23.042766,0.008891,-0.003750,0.000000,0.008901,0.5100,0.000000,0.003750,0.00001406,-0.025000,0.5100,0.000000
1771570324.652114,23.074996,0.032230,-0.003750,0.000000,0.008901,0.5100,0.000000,0.003750,0.00001406,-0.025000,0.5100,0.000000
1771570324.658665,23.081547,0.006551,-0.003750,0.000000,0.008901,0.5100,0.000000,0.003750,0.00001406,-0.025000,0.5100,0.000000
1771570324.690803,23.113686,0.032138,-0.003750,0.000000,0.008901,0.5100,0.000000,0.003750,0.00001406,-0.025000,0.5100,0.000000
1771570324.699677,23.122560,0.008874,-0.003750,0.000000,0.008901,0.5100,0.000000,0.003750,0.00001406,-0.025000,0.5100,0.000000
1771570324.731352,23.154234,0.031674,-0.003750,0.000000,0.008901,0.5100,0.000000,0.003750,0.00001406,-0.025000,0.5100,0.000000
1771570324.739591,23.162473,0.008240,-0.003750,0.000000,0.008901,0.5100,0.000000,0.003750,0.00001406,-0.025000,0.5100,0.000000
1771570324.770427,23.193310,0.030836,-0.003750,0.000000,0.008901,0.5100,0.000000,0.003750,0.00001406,-0.025000,0.5100,0.000000
1771570324.779348,23.202231,0.008921,-0.003750,0.000000,0.008901,0.5100,0.000000,0.003750,0.00001406,-0.025000,0.5100,0.000000
1771570324.810864,23.233746,0.031516,-0.003750,0.000000,0.008901,0.5100,0.000000,0.003750,0.00001406,-0.025000,0.5100,0.000000
1771570324.819641,23.242524,0.008777,-0.003750,0.000000,0.008901,0.5100,0.000000,0.003750,0.00001406,-0.025000,0.5100,0.000000
1771570324.850881,23.273763,0.031239,-0.003750,0.000000,0.008901,0.5100,0.000000,0.003750,0.00001406,-0.025000,0.5100,0.000000
1771570324.860048,23.282930,0.009167,-0.003750,0.000000,0.008901,0.5100,0.000000,0.003750,0.00001406,-0.025000,0.5100,0.000000
1771570324.890191,23.313073,0.030143,-0.003750,0.000000,0.008901,0.5100,0.000000,0.003750,0.00001406,-0.025000,0.5100,0.000000
1771570324.899194,23.322076,0.009002,-0.003750,0.000000,0.008901,0.5100,0.000000,0.003750,0.00001406,-0.025000,0.5100,0.000000
1771570324.930653,23.353535,0.031460,-0.003750,0.000000,0.009250,0.5300,0.000000,0.003750,0.00001406,-0.025000,0.5300,0.000000
1771570324.939273,23.362155,0.008620,-0.003750,0.000000,0.009250,0.5300,0.000000,0.003750,0.00001406,-0.025000,0.5300,0.000000
1771570324.970892,23.393774,0.031619,-0.003750,0.000000,0.009250,0.5300,0.000000,0.003750,0.00001406,-0.025000,0.5300,0.000000
1771570324.979650,23.402532,0.008758,-0.003750,0.000000,0.009250,0.5300,0.000000,0.003750,0.00001406,-0.025000,0.5300,0.000000
1771570325.009884,23.432766,0.030235,-0.003750,0.000000,0.008901,0.5100,0.000000,0.003750,0.00001406,-0.025000,0.5100,0.000000
1771570325.018988,23.441871,0.009104,-0.003750,0.000000,0.008901,0.5100,0.000000,0.003750,0.00001406,-0.025000,0.5100,0.000000
1771570325.050650,23.473532,0.031661,-0.003750,0.000000,0.008901,0.5100,0.000000,0.003750,0.00001406,-0.025000,0.5100,0.000000
1771570325.059612,23.482495,0.008963,-0.003750,0.000000,0.008901,0.5100,0.000000,0.003750,0.00001406,-0.025000,0.5100,0.000000
1771570325.090430,23.513312,0.030818,-0.003750,0.000000,0.008901,0.5100,0.000000,0.003750,0.00001406,-0.025000,0.5100,0.000000
1771570325.098640,23.521522,0.008210,-0.003750,0.000000,0.008901,0.5100,0.000000,0.003750,0.00001406,-0.025000,0.5100,0.000000
1771570325.131557,23.554440,0.032918,-0.003750,0.000000,0.009250,0.5300,0.000000,0.003750,0.00001406,-0.025000,0.5300,0.000000
1771570325.139580,23.562463,0.008023,-0.003750,0.000000,0.009250,0.5300,0.000000,0.003750,0.00001406,-0.025000,0.5300,0.000000
1771570325.170368,23.593250,0.030787,-0.003750,0.000000,0.008901,0.5100,0.000000,0.003750,0.00001406,-0.025000,0.5100,0.000000
1771570325.178434,23.601317,0.008066,-0.003750,0.000000,0.008901,0.5100,0.000000,0.003750,0.00001406,-0.025000,0.5100,0.000000
1771570325.210729,23.633612,0.032295,-0.003750,0.000000,0.008901,0.5100,0.000000,0.003750,0.00001406,-0.025000,0.5100,0.000000
1771570325.219786,23.642668,0.009057,-0.003750,0.000000,0.008901,0.5100,0.000000,0.003750,0.00001406,-0.025000,0.5100,0.000000
1771570325.253594,23.676476,0.033808,-0.003750,0.000000,0.008901,0.5100,0.000000,0.003750,0.00001406,-0.025000,0.5100,0.000000
1771570325.259600,23.682482,0.006006,-0.003750,0.000000,0.008901,0.5100,0.000000,0.003750,0.00001406,-0.025000,0.5100,0.000000
1771570325.290204,23.713086,0.030604,-0.003750,0.000000,0.008901,0.5100,0.000000,0.003750,0.00001406,-0.025000,0.5100,0.000000
1771570325.299339,23.722221,0.009135,-0.003750,0.000000,0.008901,0.5100,0.000000,0.003750,0.00001406,-0.025000,0.5100,0.000000
1771570325.330957,23.753839,0.031618,-0.003750,0.000000,0.008901,0.5100,0.000000,0.003750,0.00001406,-0.025000,0.5100,0.000000
1771570325.340674,23.763556,0.009717,-0.003750,0.000000,0.008901,0.5100,0.000000,0.003750,0.00001406,-0.025000,0.5100,0.000000
1771570325.371659,23.794541,0.030985,-0.003750,0.000000,0.008901,0.5100,0.000000,0.003750,0.00001406,-0.025000,0.5100,0.000000
1771570325.379635,23.802517,0.007976,-0.003750,0.000000,0.008901,0.5100,0.000000,0.003750,0.00001406,-0.025000,0.5100,0.000000
1771570325.411072,23.833954,0.031437,-0.003750,0.000000,0.009250,0.5300,0.000000,0.003750,0.00001406,-0.025000,0.5300,0.000000
1771570325.420359,23.843241,0.009287,-0.003750,0.000000,0.009250,0.5300,0.000000,0.003750,0.00001406,-0.025000,0.5300,0.000000
1771570325.451232,23.874115,0.030874,-0.003750,0.000000,0.008901,0.5100,0.000000,0.003750,0.00001406,-0.025000,0.5100,0.000000
1771570325.459612,23.882495,0.008380,-0.003750,0.000000,0.008901,0.5100,0.000000,0.003750,0.00001406,-0.025000,0.5100,0.000000
1771570325.490690,23.913573,0.031078,-0.003750,0.000000,0.008901,0.5100,0.000000,0.003750,0.00001406,-0.025000,0.5100,0.000000
1771570325.499229,23.922112,0.008539,-0.003750,0.000000,0.008901,0.5100,0.000000,0.003750,0.00001406,-0.025000,0.5100,0.000000
1771570325.530262,23.953145,0.031033,-0.003750,0.000000,0.008901,0.5100,0.000000,0.003750,0.00001406,-0.025000,0.5100,0.000000
1771570325.539496,23.962378,0.009233,-0.003750,0.000000,0.008901,0.5100,0.000000,0.003750,0.00001406,-0.025000,0.5100,0.000000
1771570325.571254,23.994136,0.031758,-0.003750,0.000000,0.008901,0.5100,0.000000,0.003750,0.00001406,-0.025000,0.5100,0.000000
1771570325.579887,24.002769,0.008634,-0.003750,0.000000,0.008901,0.5100,0.000000,0.003750,0.00001406,-0.025000,0.5100,0.000000
1771570325.610947,24.033830,0.031060,-0.003750,0.000000,0.008901,0.5100,0.000000,0.003750,0.00001406,-0.025000,0.5100,0.000000
1771570325.620606,24.043488,0.009659,-0.003750,0.000000,0.008901,0.5100,0.000000,0.003750,0.00001406,-0.025000,0.5100,0.000000
1771570325.651259,24.074141,0.030653,-0.003750,0.000000,0.008901,0.5100,0.000000,0.003750,0.00001406,-0.025000,0.5100,0.000000
1771570325.659635,24.082518,0.008376,-0.003750,0.000000,0.008901,0.5100,0.000000,0.003750,0.00001406,-0.025000,0.5100,0.000000
1771570325.690711,24.113593,0.031075,-0.003750,0.000000,0.008901,0.5100,0.000000,0.003750,0.00001406,-0.025000,0.5100,0.000000
1771570325.699726,24.122608,0.009015,-0.003750,0.000000,0.008901,0.5100,0.000000,0.003750,0.00001406,-0.025000,0.5100,0.000000
1771570325.730863,24.153745,0.031137,-0.003750,0.000000,0.009250,0.5300,0.000000,0.003750,0.00001406,-0.025000,0.5300,0.000000
1771570325.739072,24.161954,0.008209,-0.003750,0.000000,0.009250,0.5300,0.000000,0.003750,0.00001406,-0.025000,0.5300,0.000000
1771570325.770444,24.193327,0.031373,-0.003750,0.000000,0.008901,0.5100,0.000000,0.003750,0.00001406,-0.025000,0.5100,0.000000
1771570325.779424,24.202306,0.008980,-0.003750,0.000000,0.008901,0.5100,0.000000,0.003750,0.00001406,-0.025000,0.5100,0.000000
1771570325.810333,24.233215,0.030909,-0.003750,0.000000,0.009250,0.5300,0.000000,0.003750,0.00001406,-0.025000,0.5300,0.000000
1771570325.819226,24.242108,0.008893,-0.003750,0.000000,0.009250,0.5300,0.000000,0.003750,0.00001406,-0.025000,0.5300,0.000000
1771570325.850898,24.273780,0.031672,-0.003750,0.000000,0.008901,0.5100,0.000000,0.003750,0.00001406,-0.025000,0.5100,0.000000
1771570325.859567,24.282450,0.008670,-0.003750,0.000000,0.008901,0.5100,0.000000,0.003750,0.00001406,-0.025000,0.5100,0.000000
1771570325.890247,24.313129,0.030679,-0.003750,0.000000,0.008901,0.5100,0.000000,0.003750,0.00001406,-0.025000,0.5100,0.000000
1771570325.900408,24.323291,0.010161,-0.003750,0.000000,0.008901,0.5100,0.000000,0.003750,0.00001406,-0.025000,0.5100,0.000000
1771570325.930291,24.353174,0.029883,-0.003750,0.000000,0.009250,0.5300,0.000000,0.003750,0.00001406,-0.025000,0.5300,0.000000
1771570325.938704,24.361586,0.008412,-0.003750,0.000000,0.009250,0.5300,0.000000,0.003750,0.00001406,-0.025000,0.5300,0.000000
1771570325.971640,24.394522,0.032936,-0.003750,0.000000,0.008901,0.5100,0.000000,0.003750,0.00001406,-0.025000,0.5100,0.000000
1771570325.979717,24.402599,0.008077,-0.003750,0.000000,0.008901,0.5100,0.000000,0.003750,0.00001406,-0.025000,0.5100,0.000000
1771570326.010940,24.433823,0.031224,-0.003750,0.000000,0.009250,0.5300,0.000000,0.003750,0.00001406,-0.025000,0.5300,0.000000
1771570326.019249,24.442132,0.008309,-0.003750,0.000000,0.009250,0.5300,0.000000,0.003750,0.00001406,-0.025000,0.5300,0.000000
1771570326.050377,24.473259,0.031127,-0.003750,0.000000,0.009250,0.5300,0.000000,0.003750,0.00001406,-0.025000,0.5300,0.000000
1771570326.059143,24.482025,0.008766,-0.003750,0.000000,0.009250,0.5300,0.000000,0.003750,0.00001406,-0.025000,0.5300,0.000000
1771570326.091198,24.514080,0.032055,-0.003750,0.000000,0.008901,0.5100,0.000000,0.003750,0.00001406,-0.025000,0.5100,0.000000
1771570326.099745,24.522627,0.008547,-0.003750,0.000000,0.008901,0.5100,0.000000,0.003750,0.00001406,-0.025000,0.5100,0.000000
1771570326.131266,24.554148,0.031521,-0.003750,0.000000,0.009250,0.5300,0.000000,0.003750,0.00001406,-0.025000,0.5300,0.000000
1771570326.139712,24.562594,0.008446,-0.003750,0.000000,0.009250,0.5300,0.000000,0.003750,0.00001406,-0.025000,0.5300,0.000000
1771570326.171329,24.594211,0.031617,-0.003750,0.000000,0.009250,0.5300,0.000000,0.003750,0.00001406,-0.025000,0.5300,0.000000
1771570326.179887,24.602769,0.008558,-0.003750,0.000000,0.009250,0.5300,0.000000,0.003750,0.00001406,-0.025000,0.5300,0.000000
1771570326.212227,24.635109,0.032340,-0.003750,0.000000,0.009250,0.5300,0.000000,0.003750,0.00001406,-0.025000,0.5300,0.000000
1771570326.219317,24.642199,0.007090,-0.003750,0.000000,0.009250,0.5300,0.000000,0.003750,0.00001406,-0.025000,0.5300,0.000000
1771570326.251027,24.673909,0.031710,-0.003750,0.000000,0.008901,0.5100,0.000000,0.003750,0.00001406,-0.025000,0.5100,0.000000
1771570326.259056,24.681938,0.008029,-0.003750,0.000000,0.008901,0.5100,0.000000,0.003750,0.00001406,-0.025000,0.5100,0.000000
1771570326.289800,24.712682,0.030744,-0.003750,0.000000,0.008901,0.5100,0.000000,0.003750,0.00001406,-0.025000,0.5100,0.000000
1771570326.300920,24.723802,0.011120,-0.003750,0.000000,0.008901,0.5100,0.000000,0.003750,0.00001406,-0.025000,0.5100,0.000000
1771570326.331903,24.754785,0.030983,-0.003750,0.000000,0.009250,0.5300,0.000000,0.003750,0.00001406,-0.025000,0.5300,0.000000
1771570326.339558,24.762440,0.007655,-0.003750,0.000000,0.009250,0.5300,0.000000,0.003750,0.00001406,-0.025000,0.5300,0.000000
1771570326.370534,24.793416,0.030976,-0.003750,0.000000,0.008901,0.5100,0.000000,0.003750,0.00001406,-0.025000,0.5100,0.000000
1771570326.379244,24.802126,0.008710,-0.003750,0.000000,0.008901,0.5100,0.000000,0.003750,0.00001406,-0.025000,0.5100,0.000000
1771570326.409877,24.832759,0.030633,-0.003750,0.000000,0.008901,0.5100,0.000000,0.003750,0.00001406,-0.025000,0.5100,0.000000
1771570326.420195,24.843077,0.010319,-0.003750,0.000000,0.008901,0.5100,0.000000,0.003750,0.00001406,-0.025000,0.5100,0.000000
1771570326.451620,24.874502,0.031425,-0.003750,0.000000,0.009250,0.5300,0.000000,0.003750,0.00001406,-0.025000,0.5300,0.000000
1771570326.458703,24.881585,0.007083,-0.003750,0.000000,0.009250,0.5300,0.000000,0.003750,0.00001406,-0.025000,0.5300,0.000000
1771570326.491198,24.914080,0.032495,-0.003750,0.000000,0.008901,0.5100,0.000000,0.003750,0.00001406,-0.025000,0.5100,0.000000
1771570326.500792,24.923674,0.009594,-0.003900,-0.015634,0.008901,0.5100,0.000000,0.003900,0.00001521,-0.026000,0.5100,0.000000
1771570326.530913,24.953795,0.030121,-0.003750,0.004980,0.009250,0.5300,0.000000,0.003750,0.00001406,-0.025000,0.5300,0.000000
1771570326.539243,24.962126,0.008331,-0.003750,0.000000,0.009250,0.5300,0.000000,0.003750,0.00001406,-0.025000,0.5300,0.000000
1771570326.571640,24.994523,0.032397,-0.003900,-0.004630,0.008901,0.5100,0.000000,0.003900,0.00001521,-0.026000,0.5100,0.000000
1771570326.578416,25.001298,0.006776,-0.003900,0.000000,0.008901,0.5100,0.000000,0.003900,0.00001521,-0.026000,0.5100,0.000000
1771570326.610713,25.033596,0.032297,-0.003900,0.000000,0.008901,0.5100,0.000000,0.003900,0.00001521,-0.026000,0.5100,0.000000
1771570326.618992,25.041874,0.008278,-0.003900,0.000000,0.008901,0.5100,0.000000,0.003900,0.00001521,-0.026000,0.5100,0.000000
1771570326.651381,25.074264,0.032390,-0.003900,0.000000,0.009250,0.5300,0.000000,0.003900,0.00001521,-0.026000,0.5300,0.000000
1771570326.659874,25.082756,0.008492,-0.003900,0.000000,0.009250,0.5300,0.000000,0.003900,0.00001521,-0.026000,0.5300,0.000000
1771570326.689641,25.112524,0.029768,-0.003900,0.000000,0.008901,0.5100,0.000000,0.003900,0.00001521,-0.026000,0.5100,0.000000
1771570326.699781,25.122663,0.010140,-0.003900,0.000000,0.008901,0.5100,0.000000,0.003900,0.00001521,-0.026000,0.5100,0.000000
1771570326.730632,25.153514,0.030851,-0.003900,0.000000,0.008901,0.5100,0.000000,0.003900,0.00001521,-0.026000,0.5100,0.000000
1771570326.739256,25.162138,0.008624,-0.003900,0.000000,0.008901,0.5100,0.000000,0.003900,0.00001521,-0.026000,0.5100,0.000000
1771570326.771542,25.194425,0.032287,-0.003900,0.000000,0.008901,0.5100,0.000000,0.003900,0.00001521,-0.026000,0.5100,0.000000
1771570326.779747,25.202630,0.008205,-0.003900,0.000000,0.008901,0.5100,0.000000,0.003900,0.00001521,-0.026000,0.5100,0.000000
1771570326.810085,25.232968,0.030338,-0.003900,0.000000,0.009250,0.5300,0.000000,0.003900,0.00001521,-0.026000,0.5300,0.000000
1771570326.818983,25.241865,0.008898,-0.003900,0.000000,0.009250,0.5300,0.000000,0.003900,0.00001521,-0.026000,0.5300,0.000000
1771570326.850644,25.273526,0.031661,-0.003900,0.000000,0.008901,0.5100,0.000000,0.003900,0.00001521,-0.026000,0.5100,0.000000
1771570326.859113,25.281995,0.008469,-0.003900,0.000000,0.008901,0.5100,0.000000,0.003900,0.00001521,-0.026000,0.5100,0.000000
1771570326.891537,25.314419,0.032424,-0.003900,0.000000,0.009250,0.5300,0.000000,0.003900,0.00001521,-0.026000,0.5300,0.000000
1771570326.900087,25.322970,0.008551,-0.003900,0.000000,0.009250,0.5300,0.000000,0.003900,0.00001521,-0.026000,0.5300,0.000000
1771570326.931435,25.354318,0.031348,-0.003900,0.000000,0.008901,0.5100,0.000000,0.003900,0.00001521,-0.026000,0.5100,0.000000
1771570326.939739,25.362621,0.008303,-0.003900,0.000000,0.008901,0.5100,0.000000,0.003900,0.00001521,-0.026000,0.5100,0.000000
1771570326.970601,25.393484,0.030863,-0.003900,0.000000,0.009250,0.5300,0.000000,0.003900,0.00001521,-0.026000,0.5300,0.000000
1771570326.979549,25.402432,0.008948,-0.003900,0.000000,0.009250,0.5300,0.000000,0.003900,0.00001521,-0.026000,0.5300,0.000000
1771570327.011027,25.433909,0.031477,-0.003900,0.000000,0.008901,0.5100,0.000000,0.003900,0.00001521,-0.026000,0.5100,0.000000
1771570327.018379,25.441262,0.007353,-0.003900,0.000000,0.008901,0.5100,0.000000,0.003900,0.00001521,-0.026000,0.5100,0.000000
1771570327.050297,25.473180,0.031918,-0.003900,0.000000,0.008901,0.5100,0.000000,0.003900,0.00001521,-0.026000,0.5100,0.000000
1771570327.059266,25.482149,0.008969,-0.003900,0.000000,0.008901,0.5100,0.000000,0.003900,0.00001521,-0.026000,0.5100,0.000000
1771570327.089733,25.512616,0.030467,-0.003900,0.000000,0.009250,0.5300,0.000000,0.003900,0.00001521,-0.026000,0.5300,0.000000
1771570327.100110,25.522993,0.010377,-0.003900,0.000000,0.009250,0.5300,0.000000,0.003900,0.00001521,-0.026000,0.5300,0.000000
1771570327.130879,25.553761,0.030768,-0.003900,0.000000,0.008901,0.5100,0.000000,0.003900,0.00001521,-0.026000,0.5100,0.000000
1771570327.139835,25.562717,0.008956,-0.003900,0.000000,0.008901,0.5100,0.000000,0.003900,0.00001521,-0.026000,0.5100,0.000000
1771570327.170673,25.593556,0.030838,-0.003900,0.000000,0.009250,0.5300,0.000000,0.003900,0.00001521,-0.026000,0.5300,0.000000
1771570327.179528,25.602410,0.008854,-0.003900,0.000000,0.009250,0.5300,0.000000,0.003900,0.00001521,-0.026000,0.5300,0.000000
1771570327.210072,25.632955,0.030545,-0.003900,0.000000,0.008901,0.5100,0.000000,0.003900,0.00001521,-0.026000,0.5100,0.000000
1771570327.219204,25.642086,0.009132,-0.003900,0.000000,0.008901,0.5100,0.000000,0.003900,0.00001521,-0.026000,0.5100,0.000000
1771570327.250873,25.673755,0.031669,-0.003900,0.000000,0.008901,0.5100,0.000000,0.003900,0.00001521,-0.026000,0.5100,0.000000
1771570327.259847,25.682729,0.008974,-0.003900,0.000000,0.008901,0.5100,0.000000,0.003900,0.00001521,-0.026000,0.5100,0.000000
1771570327.289604,25.712487,0.029758,-0.003900,0.000000,0.009250,0.5300,0.000000,0.003900,0.00001521,-0.026000,0.5300,0.000000
1771570327.299378,25.722261,0.009774,-0.003900,0.000000,0.009250,0.5300,0.000000,0.003900,0.00001521,-0.026000,0.5300,0.000000
1771570327.331195,25.754077,0.031816,-0.003900,0.000000,0.009250,0.5300,0.000000,0.003900,0.00001521,-0.026000,0.5300,0.000000
1771570327.339139,25.762022,0.007945,-0.003900,0.000000,0.009250,0.5300,0.000000,0.003900,0.00001521,-0.026000,0.5300,0.000000
1771570327.370000,25.792883,0.030861,-0.003900,0.000000,0.009250,0.5300,0.000000,0.003900,0.00001521,-0.026000,0.5300,0.000000
1771570327.378964,25.801846,0.008963,-0.003900,0.000000,0.009250,0.5300,0.000000,0.003900,0.00001521,-0.026000,0.5300,0.000000
1771570327.410628,25.833510,0.031664,-0.003900,0.000000,0.008901,0.5100,0.000000,0.003900,0.00001521,-0.026000,0.5100,0.000000
1771570327.419714,25.842596,0.009086,-0.003900,0.000000,0.008901,0.5100,0.000000,0.003900,0.00001521,-0.026000,0.5100,0.000000
1771570327.449661,25.872544,0.029948,-0.003900,0.000000,0.008901,0.5100,0.000000,0.003900,0.00001521,-0.026000,0.5100,0.000000
1771570327.460174,25.883057,0.010513,-0.003900,0.000000,0.008901,0.5100,0.000000,0.003900,0.00001521,-0.026000,0.5100,0.000000
1771570327.490104,25.912986,0.029930,-0.003900,0.000000,0.008901,0.5100,0.000000,0.003900,0.00001521,-0.026000,0.5100,0.000000
1771570327.498623,25.921505,0.008519,-0.003900,0.000000,0.008901,0.5100,0.000000,0.003900,0.00001521,-0.026000,0.5100,0.000000
1771570327.530591,25.953473,0.031968,-0.003900,0.000000,0.008901,0.5100,0.000000,0.003900,0.00001521,-0.026000,0.5100,0.000000
1771570327.538881,25.961764,0.008290,-0.003900,0.000000,0.008901,0.5100,0.000000,0.003900,0.00001521,-0.026000,0.5100,0.000000
1771570327.570660,25.993542,0.031779,-0.003900,0.000000,0.009250,0.5300,0.000000,0.003900,0.00001521,-0.026000,0.5300,0.000000
1771570327.579117,26.001999,0.008456,-0.003900,0.000000,0.009250,0.5300,0.000000,0.003900,0.00001521,-0.026000,0.5300,0.000000
1771570327.611488,26.034370,0.032371,-0.003900,0.000000,0.008901,0.5100,0.000000,0.003900,0.00001521,-0.026000,0.5100,0.000000
1771570327.618397,26.041279,0.006909,-0.003900,0.000000,0.008901,0.5100,0.000000,0.003900,0.00001521,-0.026000,0.5100,0.000000
1771570327.650566,26.073448,0.032169,-0.003900,0.000000,0.008901,0.5100,0.000000,0.003900,0.00001521,-0.026000,0.5100,0.000000
1771570327.659061,26.081944,0.008496,-0.003900,0.000000,0.008901,0.5100,0.000000,0.003900,0.00001521,-0.026000,0.5100,0.000000
1771570327.691294,26.114176,0.032233,-0.003900,0.000000,0.009250,0.5300,0.000000,0.003900,0.00001521,-0.026000,0.5300,0.000000
1771570327.699632,26.122514,0.008338,-0.003900,0.000000,0.009250,0.5300,0.000000,0.003900,0.00001521,-0.026000,0.5300,0.000000
1771570327.730035,26.152917,0.030402,-0.003900,0.000000,0.009250,0.5300,0.000000,0.003900,0.00001521,-0.026000,0.5300,0.000000
1771570327.739283,26.162165,0.009248,-0.003900,0.000000,0.009250,0.5300,0.000000,0.003900,0.00001521,-0.026000,0.5300,0.000000
1771570327.770495,26.193377,0.031212,-0.003900,0.000000,0.009250,0.5300,0.000000,0.003900,0.00001521,-0.026000,0.5300,0.000000
1771570327.779223,26.202106,0.008729,-0.003900,0.000000,0.009250,0.5300,0.000000,0.003900,0.00001521,-0.026000,0.5300,0.000000
1771570327.813155,26.236038,0.033932,-0.003900,0.000000,0.008901,0.5100,0.000000,0.003900,0.00001521,-0.026000,0.5100,0.000000
1771570327.818366,26.241249,0.005211,-0.003900,0.000000,0.008901,0.5100,0.000000,0.003900,0.00001521,-0.026000,0.5100,0.000000
1771570327.850907,26.273789,0.032541,-0.003900,0.000000,0.008901,0.5100,0.000000,0.003900,0.00001521,-0.026000,0.5100,0.000000
1771570327.859815,26.282697,0.008908,-0.003900,0.000000,0.008901,0.5100,0.000000,0.003900,0.00001521,-0.026000,0.5100,0.000000
1771570327.891205,26.314088,0.031390,-0.003900,0.000000,0.009250,0.5300,0.000000,0.003900,0.00001521,-0.026000,0.5300,0.000000
1771570327.899299,26.322182,0.008094,-0.003900,0.000000,0.009250,0.5300,0.000000,0.003900,0.00001521,-0.026000,0.5300,0.000000
1771570327.929843,26.352725,0.030543,-0.003900,0.000000,0.009250,0.5300,0.000000,0.003900,0.00001521,-0.026000,0.5300,0.000000
1771570327.938797,26.361679,0.008954,-0.003900,0.000000,0.009250,0.5300,0.000000,0.003900,0.00001521,-0.026000,0.5300,0.000000
1771570327.969872,26.392755,0.031076,-0.003900,0.000000,0.009250,0.5300,0.000000,0.003900,0.00001521,-0.026000,0.5300,0.000000
1771570327.978185,26.401067,0.008312,-0.003900,0.000000,0.009250,0.5300,0.000000,0.003900,0.00001521,-0.026000,0.5300,0.000000
1771570328.010388,26.433270,0.032203,-0.003900,0.000000,0.008901,0.5100,0.000000,0.003900,0.00001521,-0.026000,0.5100,0.000000
1771570328.019119,26.442001,0.008731,-0.003900,0.000000,0.008901,0.5100,0.000000,0.003900,0.00001521,-0.026000,0.5100,0.000000
1771570328.049939,26.472821,0.030820,-0.003900,0.000000,0.008901,0.5100,0.000000,0.003900,0.00001521,-0.026000,0.5100,0.000000
1771570328.058828,26.481710,0.008889,-0.003900,0.000000,0.008901,0.5100,0.000000,0.003900,0.00001521,-0.026000,0.5100,0.000000
1771570328.091303,26.514185,0.032475,-0.003900,0.000000,0.008901,0.5100,0.000000,0.003900,0.00001521,-0.026000,0.5100,0.000000
1771570328.099397,26.522280,0.008094,-0.003900,0.000000,0.008901,0.5100,0.000000,0.003900,0.00001521,-0.026000,0.5100,0.000000
1771570328.130836,26.553718,0.031439,-0.003900,0.000000,0.009250,0.5300,0.000000,0.003900,0.00001521,-0.026000,0.5300,0.000000
1771570328.139539,26.562421,0.008703,-0.003900,0.000000,0.009250,0.5300,0.000000,0.003900,0.00001521,-0.026000,0.5300,0.000000
1771570328.171074,26.593957,0.031535,-0.003900,0.000000,0.008901,0.5100,0.000000,0.003900,0.00001521,-0.026000,0.5100,0.000000
1771570328.179457,26.602339,0.008383,-0.003900,0.000000,0.008901,0.5100,0.000000,0.003900,0.00001521,-0.026000,0.5100,0.000000
1771570328.210073,26.632955,0.030616,-0.003900,0.000000,0.009250,0.5300,0.000000,0.003900,0.00001521,-0.026000,0.5300,0.000000
1771570328.218946,26.641828,0.008873,-0.003900,0.000000,0.009250,0.5300,0.000000,0.003900,0.00001521,-0.026000,0.5300,0.000000
1771570328.249831,26.672714,0.030886,-0.003900,0.000000,0.008901,0.5100,0.000000,0.003900,0.00001521,-0.026000,0.5100,0.000000
1771570328.258826,26.681708,0.008995,-0.003900,0.000000,0.008901,0.5100,0.000000,0.003900,0.00001521,-0.026000,0.5100,0.000000
1771570328.290671,26.713554,0.031845,-0.003750,0.004710,0.008901,0.5100,0.000000,0.003750,0.00001406,-0.025000,0.5100,0.000000
1771570328.299080,26.721962,0.008409,-0.003750,0.000000,0.008901,0.5100,0.000000,0.003750,0.00001406,-0.025000,0.5100,0.000000
1771570328.330172,26.753054,0.031092,-0.003750,0.000000,0.008901,0.5100,0.000000,0.003750,0.00001406,-0.025000,0.5100,0.000000
1771570328.338461,26.761344,0.008289,-0.003900,-0.018096,0.008901,0.5100,0.000000,0.003900,0.00001521,-0.026000,0.5100,0.000000
1771570328.370856,26.793739,0.032395,-0.003750,0.004630,0.008901,0.5100,0.000000,0.003750,0.00001406,-0.025000,0.5100,0.000000
1771570328.379800,26.802682,0.008944,-0.003900,-0.016772,0.008901,0.5100,0.000000,0.003900,0.00001521,-0.026000,0.5100,0.000000
1771570328.411399,26.834282,0.031600,-0.003900,0.000000,0.008901,0.5100,0.000000,0.003900,0.00001521,-0.026000,0.5100,0.000000
1771570328.419560,26.842442,0.008161,-0.003900,0.000000,0.008901,0.5100,0.000000,0.003900,0.00001521,-0.026000,0.5100,0.000000
1771570328.449698,26.872580,0.030138,-0.003900,0.000000,0.008901,0.5100,0.000000,0.003900,0.00001521,-0.026000,0.5100,0.000000
1771570328.460069,26.882951,0.010371,-0.003900,0.000000,0.008901,0.5100,0.000000,0.003900,0.00001521,-0.026000,0.5100,0.000000
1771570328.489530,26.912413,0.029461,-0.003900,0.000000,0.008901,0.5100,0.000000,0.003900,0.00001521,-0.026000,0.5100,0.000000
1771570328.499606,26.922488,0.010076,-0.003900,0.000000,0.008901,0.5100,0.000000,0.003900,0.00001521,-0.026000,0.5100,0.000000
1771570328.530279,26.953162,0.030673,-0.003900,0.000000,0.008901,0.5100,0.000000,0.003900,0.00001521,-0.026000,0.5100,0.000000
1771570328.539183,26.962065,0.008904,-0.003900,0.000000,0.008901,0.5100,0.000000,0.003900,0.00001521,-0.026000,0.5100,0.000000
1771570328.570080,26.992962,0.030897,-0.003900,0.000000,0.008901,0.5100,0.000000,0.003900,0.00001521,-0.026000,0.5100,0.000000
1771570328.578155,27.001038,0.008075,-0.003900,0.000000,0.008901,0.5100,0.000000,0.003900,0.00001521,-0.026000,0.5100,0.000000
1771570328.610612,27.033495,0.032457,-0.003900,0.000000,0.008901,0.5100,0.000000,0.003900,0.00001521,-0.026000,0.5100,0.000000
1771570328.619631,27.042513,0.009019,-0.003900,0.000000,0.008901,0.5100,0.000000,0.003900,0.00001521,-0.026000,0.5100,0.000000
1771570328.649298,27.072181,0.029667,-0.003900,0.000000,0.008901,0.5100,0.000000,0.003900,0.00001521,-0.026000,0.5100,0.000000
1771570328.658802,27.081684,0.009503,-0.003900,0.000000,0.008901,0.5100,0.000000,0.003900,0.00001521,-0.026000,0.5100,0.000000
1771570328.691502,27.114385,0.032701,-0.004050,-0.004587,0.008901,0.5100,0.000000,0.004050,0.00001640,-0.027000,0.5100,0.000000
1771570328.698158,27.121040,0.006655,-0.004050,0.000000,0.008901,0.5100,0.000000,0.004050,0.00001640,-0.027000,0.5100,0.000000
1771570328.730232,27.153115,0.032075,-0.004050,0.000000,0.008901,0.5100,0.000000,0.004050,0.00001640,-0.027000,0.5100,0.000000
1771570328.738689,27.161572,0.008457,-0.004050,0.000000,0.008901,0.5100,0.000000,0.004050,0.00001640,-0.027000,0.5100,0.000000
1771570328.770028,27.192910,0.031338,-0.004050,0.000000,0.008901,0.5100,0.000000,0.004050,0.00001640,-0.027000,0.5100,0.000000
1771570328.778456,27.201339,0.008429,-0.004050,0.000000,0.008901,0.5100,0.000000,0.004050,0.00001640,-0.027000,0.5100,0.000000
1771570328.810826,27.233709,0.032370,-0.004050,0.000000,0.008901,0.5100,0.000000,0.004050,0.00001640,-0.027000,0.5100,0.000000
1771570328.818319,27.241201,0.007493,-0.004050,0.000000,0.008901,0.5100,0.000000,0.004050,0.00001640,-0.027000,0.5100,0.000000
1771570328.851654,27.274537,0.033335,-0.004050,0.000000,0.008901,0.5100,0.000000,0.004050,0.00001640,-0.027000,0.5100,0.000000
1771570328.859034,27.281916,0.007379,-0.004050,0.000000,0.008901,0.5100,0.000000,0.004050,0.00001640,-0.027000,0.5100,0.000000
1771570328.890549,27.313432,0.031516,-0.004050,0.000000,0.008901,0.5100,0.000000,0.004050,0.00001640,-0.027000,0.5100,0.000000
1771570328.898839,27.321722,0.008290,-0.004050,0.000000,0.008901,0.5100,0.000000,0.004050,0.00001640,-0.027000,0.5100,0.000000
1771570328.929903,27.352785,0.031063,-0.004050,0.000000,0.008901,0.5100,0.000000,0.004050,0.00001640,-0.027000,0.5100,0.000000
1771570328.938918,27.361801,0.009016,-0.004050,0.000000,0.008901,0.5100,0.000000,0.004050,0.00001640,-0.027000,0.5100,0.000000
1771570328.970729,27.393611,0.031810,-0.004050,0.000000,0.008901,0.5100,0.000000,0.004050,0.00001640,-0.027000,0.5100,0.000000
1771570328.979605,27.402487,0.008876,-0.004050,0.000000,0.008901,0.5100,0.000000,0.004050,0.00001640,-0.027000,0.5100,0.000000
1771570329.010188,27.433070,0.030583,-0.004050,0.000000,0.008901,0.5100,0.000000,0.004050,0.00001640,-0.027000,0.5100,0.000000
1771570329.020033,27.442916,0.009846,-0.004050,0.000000,0.008901,0.5100,0.000000,0.004050,0.00001640,-0.027000,0.5100,0.000000
1771570329.051475,27.474358,0.031442,-0.004050,0.000000,0.008901,0.5100,0.000000,0.004050,0.00001640,-0.027000,0.5100,0.000000
1771570329.058331,27.481214,0.006856,-0.004050,0.000000,0.008901,0.5100,0.000000,0.004050,0.00001640,-0.027000,0.5100,0.000000
1771570329.090616,27.513499,0.032285,-0.004050,0.000000,0.008901,0.5100,0.000000,0.004050,0.00001640,-0.027000,0.5100,0.000000
1771570329.098825,27.521707,0.008208,-0.004050,0.000000,0.008901,0.5100,0.000000,0.004050,0.00001640,-0.027000,0.5100,0.000000
1771570329.130491,27.553374,0.031667,-0.004050,0.000000,0.009250,0.5300,0.000000,0.004050,0.00001640,-0.027000,0.5300,0.000000
1771570329.139401,27.562283,0.008909,-0.004050,0.000000,0.009250,0.5300,0.000000,0.004050,0.00001640,-0.027000,0.5300,0.000000
1771570329.170560,27.593442,0.031159,-0.004050,0.000000,0.008901,0.5100,0.000000,0.004050,0.00001640,-0.027000,0.5100,0.000000
1771570329.179003,27.601886,0.008444,-0.004050,0.000000,0.008901,0.5100,0.000000,0.004050,0.00001640,-0.027000,0.5100,0.000000
1771570329.210632,27.633514,0.031629,-0.004050,0.000000,0.008901,0.5100,0.000000,0.004050,0.00001640,-0.027000,0.5100,0.000000
1771570329.219396,27.642278,0.008764,-0.004050,0.000000,0.008901,0.5100,0.000000,0.004050,0.00001640,-0.027000,0.5100,0.000000
1771570329.250499,27.673382,0.031103,-0.004050,0.000000,0.008901,0.5100,0.000000,0.004050,0.00001640,-0.027000,0.5100,0.000000
1771570329.259174,27.682056,0.008674,-0.004050,0.000000,0.008901,0.5100,0.000000,0.004050,0.00001640,-0.027000,0.5100,0.000000
1771570329.291514,27.714396,0.032340,-0.004050,0.000000,0.008901,0.5100,0.000000,0.004050,0.00001640,-0.027000,0.5100,0.000000
1771570329.298031,27.720913,0.006517,-0.004050,0.000000,0.008901,0.5100,0.000000,0.004050,0.00001640,-0.027000,0.5100,0.000000
1771570329.330203,27.753085,0.032172,-0.004050,0.000000,0.008901,0.5100,0.000000,0.004050,0.00001640,-0.027000,0.5100,0.000000
1771570329.339235,27.762118,0.009032,-0.004050,0.000000,0.008901,0.5100,0.000000,0.004050,0.00001640,-0.027000,0.5100,0.000000
1771570329.370474,27.793356,0.031239,-0.004050,0.000000,0.009250,0.5300,0.000000,0.004050,0.00001640,-0.027000,0.5300,0.000000
1771570329.379308,27.802190,0.008834,-0.004050,0.000000,0.009250,0.5300,0.000000,0.004050,0.00001640,-0.027000,0.5300,0.000000
1771570329.410819,27.833701,0.031511,-0.004050,0.000000,0.009250,0.5300,0.000000,0.004050,0.00001640,-0.027000,0.5300,0.000000
1771570329.419187,27.842070,0.008368,-0.004050,0.000000,0.009250,0.5300,0.000000,0.004050,0.00001640,-0.027000,0.5300,0.000000
1771570329.450405,27.873287,0.031218,-0.004050,0.000000,0.008901,0.5100,0.000000,0.004050,0.00001640,-0.027000,0.5100,0.000000
1771570329.459247,27.882129,0.008842,-0.004050,0.000000,0.008901,0.5100,0.000000,0.004050,0.00001640,-0.027000,0.5100,0.000000
1771570329.490505,27.913387,0.031258,-0.004050,0.000000,0.008901,0.5100,0.000000,0.004050,0.00001640,-0.027000,0.5100,0.000000
1771570329.498611,27.921494,0.008107,-0.004050,0.000000,0.008901,0.5100,0.000000,0.004050,0.00001640,-0.027000,0.5100,0.000000
1771570329.530494,27.953376,0.031882,-0.004050,0.000000,0.008901,0.5100,0.000000,0.004050,0.00001640,-0.027000,0.5100,0.000000
1771570329.540037,27.962919,0.009543,-0.004050,0.000000,0.008901,0.5100,0.000000,0.004050,0.00001640,-0.027000,0.5100,0.000000
1771570329.571135,27.994017,0.031097,-0.004050,0.000000,0.009250,0.5300,0.000000,0.004050,0.00001640,-0.027000,0.5300,0.000000
1771570329.578677,28.001559,0.007542,-0.004050,0.000000,0.009250,0.5300,0.000000,0.004050,0.00001640,-0.027000,0.5300,0.000000
1771570329.610044,28.032926,0.031367,-0.004200,-0.004782,0.008901,0.5100,0.000000,0.004200,0.00001764,-0.028000,0.5100,0.000000
1771570329.618450,28.041333,0.008406,-0.004200,0.000000,0.008901,0.5100,0.000000,0.004200,0.00001764,-0.028000,0.5100,0.000000
1771570329.651289,28.074172,0.032839,-0.004200,0.000000,0.008901,0.5100,0.000000,0.004200,0.00001764,-0.028000,0.5100,0.000000
1771570329.658808,28.081690,0.007518,-0.004200,0.000000,0.008901,0.5100,0.000000,0.004200,0.00001764,-0.028000,0.5100,0.000000
1771570329.691237,28.114119,0.032429,-0.004200,0.000000,0.008901,0.5100,0.000000,0.004200,0.00001764,-0.028000,0.5100,0.000000
1771570329.698155,28.121037,0.006918,-0.004200,0.000000,0.008901,0.5100,0.000000,0.004200,0.00001764,-0.028000,0.5100,0.000000
1771570329.730061,28.152944,0.031907,-0.004200,0.000000,0.008901,0.5100,0.000000,0.004200,0.00001764,-0.028000,0.5100,0.000000
1771570329.739243,28.162125,0.009182,-0.004200,0.000000,0.008901,0.5100,0.000000,0.004200,0.00001764,-0.028000,0.5100,0.000000
1771570329.769542,28.192425,0.030299,-0.004200,0.000000,0.008901,0.5100,0.000000,0.004200,0.00001764,-0.028000,0.5100,0.000000
1771570329.780065,28.202947,0.010523,-0.004200,0.000000,0.008901,0.5100,0.000000,0.004200,0.00001764,-0.028000,0.5100,0.000000
1771570329.811243,28.234125,0.031178,-0.004200,0.000000,0.008901,0.5100,0.000000,0.004200,0.00001764,-0.028000,0.5100,0.000000
1771570329.819402,28.242285,0.008159,-0.004050,0.018384,0.008901,0.5100,0.000000,0.004050,0.00001640,-0.027000,0.5100,0.000000
1771570329.850345,28.273228,0.030943,-0.004200,-0.004848,0.008901,0.5100,0.000000,0.004200,0.00001764,-0.028000,0.5100,0.000000
1771570329.858927,28.281810,0.008582,-0.004050,0.017479,0.008901,0.5100,0.000000,0.004050,0.00001640,-0.027000,0.5100,0.000000
1771570329.891252,28.314134,0.032325,-0.004050,0.000000,0.008901,0.5100,0.000000,0.004050,0.00001640,-0.027000,0.5100,0.000000
1771570329.899668,28.322550,0.008416,-0.004050,0.000000,0.008901,0.5100,0.000000,0.004050,0.00001640,-0.027000,0.5100,0.000000
1771570329.930599,28.353481,0.030931,-0.004050,0.000000,0.008901,0.5100,0.000000,0.004050,0.00001640,-0.027000,0.5100,0.000000
1771570329.939094,28.361976,0.008495,-0.004050,0.000000,0.008901,0.5100,0.000000,0.004050,0.00001640,-0.027000,0.5100,0.000000
1771570329.969993,28.392876,0.030899,-0.004050,0.000000,0.008901,0.5100,0.000000,0.004050,0.00001640,-0.027000,0.5100,0.000000
1771570329.979540,28.402422,0.009546,-0.004050,0.000000,0.008901,0.5100,0.000000,0.004050,0.00001640,-0.027000,0.5100,0.000000
1771570330.010776,28.433658,0.031236,-0.004050,0.000000,0.008901,0.5100,0.000000,0.004050,0.00001640,-0.027000,0.5100,0.000000
1771570330.019281,28.442163,0.008506,-0.004050,0.000000,0.008901,0.5100,0.000000,0.004050,0.00001640,-0.027000,0.5100,0.000000
1771570330.050246,28.473129,0.030965,-0.004050,0.000000,0.008901,0.5100,0.000000,0.004050,0.00001640,-0.027000,0.5100,0.000000
1771570330.058851,28.481734,0.008605,-0.004050,0.000000,0.008901,0.5100,0.000000,0.004050,0.00001640,-0.027000,0.5100,0.000000
1771570330.089894,28.512776,0.031042,-0.004050,0.000000,0.009250,0.5300,0.000000,0.004050,0.00001640,-0.027000,0.5300,0.000000
1771570330.098757,28.521639,0.008863,-0.004200,-0.016924,0.009250,0.5300,0.000000,0.004200,0.00001764,-0.028000,0.5300,0.000000
1771570330.130691,28.553573,0.031934,-0.004200,0.000000,0.008901,0.5100,0.000000,0.004200,0.00001764,-0.028000,0.5100,0.000000
1771570330.139825,28.562707,0.009134,-0.004050,0.016422,0.008901,0.5100,0.000000,0.004050,0.00001640,-0.027000,0.5100,0.000000
1771570330.170912,28.593794,0.031087,-0.004200,-0.004825,0.008901,0.5100,0.000000,0.004200,0.00001764,-0.028000,0.5100,0.000000
1771570330.179288,28.602171,0.008377,-0.004200,0.000000,0.008901,0.5100,0.000000,0.004200,0.00001764,-0.028000,0.5100,0.000000
1771570330.210347,28.633229,0.031059,-0.004200,0.000000,0.008901,0.5100,0.000000,0.004200,0.00001764,-0.028000,0.5100,0.000000
1771570330.218877,28.641759,0.008530,-0.004200,0.000000,0.008901,0.5100,0.000000,0.004200,0.00001764,-0.028000,0.5100,0.000000
1771570330.251881,28.674764,0.033004,-0.004200,0.000000,0.009250,0.5300,0.000000,0.004200,0.00001764,-0.028000,0.5300,0.000000
1771570330.258558,28.681441,0.006677,-0.004200,0.000000,0.009250,0.5300,0.000000,0.004200,0.00001764,-0.028000,0.5300,0.000000
1771570330.290499,28.713381,0.031940,-0.004200,0.000000,0.008901,0.5100,0.000000,0.004200,0.00001764,-0.028000,0.5100,0.000000
1771570330.299309,28.722191,0.008810,-0.004200,0.000000,0.008901,0.5100,0.000000,0.004200,0.00001764,-0.028000,0.5100,0.000000
1771570330.329350,28.752232,0.030041,-0.004200,0.000000,0.008901,0.5100,0.000000,0.004200,0.00001764,-0.028000,0.5100,0.000000
1771570330.339812,28.762694,0.010463,-0.004200,0.000000,0.008901,0.5100,0.000000,0.004200,0.00001764,-0.028000,0.5100,0.000000
1771570330.370500,28.793382,0.030688,-0.004200,0.000000,0.008901,0.5100,0.000000,0.004200,0.00001764,-0.028000,0.5100,0.000000
1771570330.378817,28.801699,0.008317,-0.004050,0.018034,0.008901,0.5100,0.000000,0.004050,0.00001640,-0.027000,0.5100,0.000000
1771570330.409421,28.832304,0.030604,-0.004050,0.000000,0.009250,0.5300,0.000000,0.004050,0.00001640,-0.027000,0.5300,0.000000
1771570330.419928,28.842810,0.010507,-0.004200,-0.014276,0.009250,0.5300,0.000000,0.004200,0.00001764,-0.028000,0.5300,0.000000
1771570330.450251,28.873134,0.030323,-0.004050,0.004947,0.009250,0.5300,0.000000,0.004050,0.00001640,-0.027000,0.5300,0.000000
1771570330.458970,28.881852,0.008719,-0.004050,0.000000,0.009250,0.5300,0.000000,0.004050,0.00001640,-0.027000,0.5300,0.000000
1771570330.490785,28.913668,0.031815,-0.004050,0.000000,0.008901,0.5100,0.000000,0.004050,0.00001640,-0.027000,0.5100,0.000000
1771570330.499710,28.922592,0.008924,-0.004050,0.000000,0.008901,0.5100,0.000000,0.004050,0.00001640,-0.027000,0.5100,0.000000
1771570330.530480,28.953362,0.030771,-0.004050,0.000000,0.008901,0.5100,0.000000,0.004050,0.00001640,-0.027000,0.5100,0.000000
1771570330.539264,28.962146,0.008784,-0.004050,0.000000,0.008901,0.5100,0.000000,0.004050,0.00001640,-0.027000,0.5100,0.000000
1771570330.570761,28.993643,0.031497,-0.004050,0.000000,0.008901,0.5100,0.000000,0.004050,0.00001640,-0.027000,0.5100,0.000000
1771570330.579680,29.002562,0.008919,-0.004050,0.000000,0.008901,0.5100,0.000000,0.004050,0.00001640,-0.027000,0.5100,0.000000
1771570330.609936,29.032818,0.030256,-0.004050,0.000000,0.008901,0.5100,0.000000,0.004050,0.00001640,-0.027000,0.5100,0.000000
1771570330.618798,29.041681,0.008863,-0.004050,0.000000,0.008901,0.5100,0.000000,0.004050,0.00001640,-0.027000,0.5100,0.000000
1771570330.651103,29.073985,0.032305,-0.004050,0.000000,0.008901,0.5100,0.000000,0.004050,0.00001640,-0.027000,0.5100,0.000000
1771570330.659451,29.082334,0.008348,-0.004050,0.000000,0.008901,0.5100,0.000000,0.004050,0.00001640,-0.027000,0.5100,0.000000
1771570330.690196,29.113079,0.030745,-0.004050,0.000000,0.009250,0.5300,0.000000,0.004050,0.00001640,-0.027000,0.5300,0.000000
1771570330.698624,29.121507,0.008428,-0.004050,0.000000,0.009250,0.5300,0.000000,0.004050,0.00001640,-0.027000,0.5300,0.000000
1771570330.730887,29.153769,0.032262,-0.004050,0.000000,0.008901,0.5100,0.000000,0.004050,0.00001640,-0.027000,0.5100,0.000000
1771570330.739173,29.162055,0.008286,-0.004050,0.000000,0.008901,0.5100,0.000000,0.004050,0.00001640,-0.027000,0.5100,0.000000
1771570330.769805,29.192687,0.030632,-0.004050,0.000000,0.008901,0.5100,0.000000,0.004050,0.00001640,-0.027000,0.5100,0.000000
1771570330.778180,29.201062,0.008375,-0.004050,0.000000,0.008901,0.5100,0.000000,0.004050,0.00001640,-0.027000,0.5100,0.000000
1771570330.809317,29.232199,0.031137,-0.004050,0.000000,0.008901,0.5100,0.000000,0.004050,0.00001640,-0.027000,0.5100,0.000000
1771570330.819324,29.242206,0.010007,-0.004050,0.000000,0.008901,0.5100,0.000000,0.004050,0.00001640,-0.027000,0.5100,0.000000
1771570330.850935,29.273817,0.031611,-0.004200,-0.004745,0.008901,0.5100,0.000000,0.004200,0.00001764,-0.028000,0.5100,0.000000
1771570330.859281,29.282163,0.008346,-0.004050,0.017972,0.008901,0.5100,0.000000,0.004050,0.00001640,-0.027000,0.5100,0.000000
1771570330.889810,29.312692,0.030529,-0.004050,0.000000,0.008901,0.5100,0.000000,0.004050,0.00001640,-0.027000,0.5100,0.000000
1771570330.898683,29.321566,0.008873,-0.004050,0.000000,0.008901,0.5100,0.000000,0.004050,0.00001640,-0.027000,0.5100,0.000000
1771570330.929933,29.352816,0.031250,-0.004050,0.000000,0.008901,0.5100,0.000000,0.004050,0.00001640,-0.027000,0.5100,0.000000
1771570330.938465,29.361347,0.008532,-0.004200,-0.017581,0.008901,0.5100,0.000000,0.004200,0.00001764,-0.028000,0.5100,0.000000
1771570330.970102,29.392984,0.031636,-0.004050,0.004741,0.008901,0.5100,0.000000,0.004050,0.00001640,-0.027000,0.5100,0.000000
1771570330.978955,29.401837,0.008853,-0.004200,-0.016943,0.008901,0.5100,0.000000,0.004200,0.00001764,-0.028000,0.5100,0.000000
1771570331.010190,29.433072,0.031235,-0.004050,0.004802,0.009250,0.5300,0.000000,0.004050,0.00001640,-0.027000,0.5300,0.000000
1771570331.018501,29.441384,0.008312,-0.004050,0.000000,0.009250,0.5300,0.000000,0.004050,0.00001640,-0.027000,0.5300,0.000000
1771570331.050303,29.473186,0.031802,-0.004050,0.000000,0.009250,0.5300,0.000000,0.004050,0.00001640,-0.027000,0.5300,0.000000
1771570331.059941,29.482824,0.009638,-0.004050,0.000000,0.009250,0.5300,0.000000,0.004050,0.00001640,-0.027000,0.5300,0.000000
1771570331.090788,29.513670,0.030846,-0.004050,0.000000,0.008901,0.5100,0.000000,0.004050,0.00001640,-0.027000,0.5100,0.000000
1771570331.100315,29.523198,0.009528,-0.004050,0.000000,0.008901,0.5100,0.000000,0.004050,0.00001640,-0.027000,0.5100,0.000000
1771570331.134419,29.557302,0.034104,-0.004050,0.000000,0.008901,0.5100,0.000000,0.004050,0.00001640,-0.027000,0.5100,0.000000
1771570331.144691,29.567574,0.010272,-0.004050,0.000000,0.008901,0.5100,0.000000,0.004050,0.00001640,-0.027000,0.5100,0.000000
1771570331.169891,29.592773,0.025200,-0.004050,0.000000,0.008901,0.5100,0.000000,0.004050,0.00001640,-0.027000,0.5100,0.000000
1771570331.178585,29.601467,0.008694,-0.004050,0.000000,0.008901,0.5100,0.000000,0.004050,0.00001640,-0.027000,0.5100,0.000000
1771570331.211042,29.633925,0.032458,-0.004050,0.000000,0.008901,0.5100,0.000000,0.004050,0.00001640,-0.027000,0.5100,0.000000
1771570331.219304,29.642186,0.008261,-0.004050,0.000000,0.008901,0.5100,0.000000,0.004050,0.00001640,-0.027000,0.5100,0.000000
1771570331.249301,29.672183,0.029997,-0.004050,0.000000,0.009250,0.5300,0.000000,0.004050,0.00001640,-0.027000,0.5300,0.000000
1771570331.258554,29.681436,0.009253,-0.004050,0.000000,0.009250,0.5300,0.000000,0.004050,0.00001640,-0.027000,0.5300,0.000000
1771570331.290542,29.713425,0.031989,-0.004050,0.000000,0.008901,0.5100,0.000000,0.004050,0.00001640,-0.027000,0.5100,0.000000
1771570331.299534,29.722416,0.008991,-0.004050,0.000000,0.008901,0.5100,0.000000,0.004050,0.00001640,-0.027000,0.5100,0.000000
1771570331.330135,29.753017,0.030601,-0.004050,0.000000,0.008901,0.5100,0.000000,0.004050,0.00001640,-0.027000,0.5100,0.000000
1771570331.339058,29.761940,0.008923,-0.004050,0.000000,0.008901,0.5100,0.000000,0.004050,0.00001640,-0.027000,0.5100,0.000000
1771570331.369715,29.792598,0.030658,-0.004200,-0.004893,0.008901,0.5100,0.000000,0.004200,0.00001764,-0.028000,0.5100,0.000000
1771570331.378624,29.801507,0.008909,-0.004050,0.016837,0.008901,0.5100,0.000000,0.004050,0.00001640,-0.027000,0.5100,0.000000
1771570331.409621,29.832503,0.030997,-0.004050,0.000000,0.009250,0.5300,0.000000,0.004050,0.00001640,-0.027000,0.5300,0.000000
1771570331.419205,29.842087,0.009584,-0.004050,0.000000,0.009250,0.5300,0.000000,0.004050,0.00001640,-0.027000,0.5300,0.000000
1771570331.450938,29.873820,0.031733,-0.004050,0.000000,0.009250,0.5300,0.000000,0.004050,0.00001640,-0.027000,0.5300,0.000000
1771570331.459141,29.882024,0.008204,-0.004050,0.000000,0.009250,0.5300,0.000000,0.004050,0.00001640,-0.027000,0.5300,0.000000
1771570331.490287,29.913169,0.031145,-0.004050,0.000000,0.008901,0.5100,0.000000,0.004050,0.00001640,-0.027000,0.5100,0.000000
1771570331.498489,29.921371,0.008202,-0.004050,0.000000,0.008901,0.5100,0.000000,0.004050,0.00001640,-0.027000,0.5100,0.000000
1771570331.529191,29.952074,0.030703,-0.004050,0.000000,0.008901,0.5100,0.000000,0.004050,0.00001640,-0.027000,0.5100,0.000000
1771570331.540033,29.962915,0.010841,-0.003900,0.013836,0.008901,0.5100,0.000000,0.003900,0.00001521,-0.026000,0.5100,0.000000
1771570331.570303,29.993185,0.030270,-0.004050,-0.004955,0.008901,0.5100,0.000000,0.004050,0.00001640,-0.027000,0.5100,0.000000
