time,time_rel,dt,x,xdot,theta,theta_deg,thdot,theta_cmd,theta_cmd_dot,action_raw,action_used,setpoint_desired,setpoint_sent,armed,rl_enabled,error,error_sq
# Run: trial_7
# Controller: RL
# Start time: 2026-02-20 17:10:57
# Observation dim: 6
1771582257.248279,-0.009545,0.010000,0.002200,-0.005700,0.002304,0.1320,-0.000000,-0.011264,0.586108,0.000000,0.000000,0.0000,0.0000,0,1,0.002200,0.00000484
1771582257.267060,0.009236,0.010000,0.002300,-0.000500,0.002304,0.1320,-0.000000,0.000000,0.000000,0.027298,0.027298,0.6825,0.6825,1,1,0.002300,0.00000529
1771582257.267060,0.009236,0.010000,0.002300,-0.000500,0.002304,0.1320,-0.000000,0.000000,0.000000,0.027298,0.027298,0.6825,0.6825,1,1,0.002300,0.00000529
1771582257.288038,0.030215,0.010000,0.002200,-0.002700,0.002304,0.1320,-0.000000,0.002382,0.238224,-0.205113,-0.205113,-5.1278,-0.5175,1,1,0.002200,0.00000484
1771582257.288038,0.030215,0.010000,0.002200,-0.002700,0.002304,0.1320,-0.000000,0.004288,0.190579,-0.216739,-0.216739,-5.4185,-1.7175,1,1,0.002200,0.00000484
1771582257.307174,0.049351,0.010000,0.002200,-0.002400,0.002304,0.1320,-0.000000,0.001624,-0.266416,0.313746,0.313746,7.8436,-0.5175,1,1,0.002200,0.00000484
1771582257.307174,0.049351,0.010000,0.002200,-0.002400,0.002304,0.1320,-0.000000,-0.004696,-0.632012,0.436332,0.436332,10.9083,0.6825,1,1,0.002200,0.00000484
1771582257.326446,0.068622,0.010000,0.002500,0.005700,0.002304,0.1320,-0.000000,-0.005564,-0.086730,-0.097402,-0.097402,-2.4351,-0.5175,1,1,0.002500,0.00000625
1771582257.338117,0.080293,0.010000,0.002400,0.002100,0.000768,0.0440,-0.038345,-0.002069,0.349495,-0.190103,-0.190103,-4.7526,-1.7175,1,1,0.002400,0.00000576
1771582257.346422,0.088598,0.010000,0.002500,0.002100,0.000000,0.0000,-0.047944,-0.003461,-0.139283,-0.231403,-0.231403,-5.7851,-2.9175,1,1,0.002500,0.00000625
1771582257.346422,0.088598,0.010000,0.002500,0.002100,0.000000,0.0000,-0.047944,-0.008764,-0.530306,0.436332,0.436332,10.9083,-1.7175,1,1,0.002500,0.00000625
1771582257.367193,0.109370,0.010000,0.002500,0.002700,-0.000384,-0.0220,-0.045536,-0.017196,-0.843123,0.436332,0.436332,10.9083,-0.5175,1,1,0.002500,0.00000625
1771582257.377077,0.119253,0.010000,0.002800,0.010400,-0.000384,-0.0220,-0.034156,-0.019752,-0.255620,0.126019,0.126019,3.1505,0.6825,1,1,0.002800,0.00000784
1771582257.387763,0.129940,0.010000,0.002500,0.000400,-0.000384,-0.0220,-0.025621,-0.017608,0.214383,-0.163449,-0.163449,-4.0862,-0.5175,1,1,0.002500,0.00000625
1771582257.407556,0.149733,0.010000,0.002400,-0.003600,-0.000768,-0.0440,-0.028798,-0.011704,0.590386,-0.284374,-0.284374,-7.1094,-1.7175,1,1,0.002400,0.00000576
1771582257.417768,0.159945,0.010000,0.002300,-0.003600,-0.001152,-0.0660,-0.031189,-0.011170,0.053429,0.020634,0.020634,0.5159,-0.5175,1,1,0.002300,0.00000529
1771582257.426641,0.168817,0.010000,0.002400,-0.002000,-0.000768,-0.0440,-0.013806,-0.014931,-0.376135,0.435483,0.435483,10.8871,0.6825,1,1,0.002400,0.00000576
1771582257.426641,0.168817,0.010000,0.002400,-0.002000,-0.000768,-0.0440,-0.013806,-0.013752,0.117971,-0.064570,-0.064570,-1.6143,-0.5175,1,1,0.002400,0.00000576
1771582257.446779,0.188956,0.010000,0.002000,-0.010400,-0.000768,-0.0440,-0.010350,-0.008619,0.513256,-0.145962,-0.145962,-3.6491,-1.7175,1,1,0.002000,0.00000400
1771582257.458382,0.200559,0.010000,0.002700,0.008900,-0.000768,-0.0440,-0.007767,-0.008702,-0.008275,0.047001,0.047001,1.1750,-0.5175,1,1,0.002700,0.00000729
1771582257.466194,0.208371,0.010000,0.003400,0.025200,-0.000768,-0.0440,-0.005829,-0.012957,-0.425499,0.436112,0.436112,10.9028,0.6825,1,1,0.003400,0.00001156
1771582257.466194,0.208371,0.010000,0.003400,0.025200,-0.000768,-0.0440,-0.005829,-0.012172,0.078480,0.003812,0.003812,0.0953,0.0953,1,1,0.003400,0.00001156
1771582257.487176,0.229353,0.010000,0.002000,-0.016300,-0.000768,-0.0440,-0.004363,-0.007355,0.481663,-0.110422,-0.110422,-2.7605,-1.1047,1,1,0.002000,0.00000400
1771582257.499331,0.241507,0.010000,0.002100,-0.010600,-0.000768,-0.0440,-0.003281,-0.005552,0.180373,-0.183841,-0.183841,-4.5960,-2.3047,1,1,0.002100,0.00000441
1771582257.506138,0.248314,0.010000,0.002000,-0.010000,-0.000768,-0.0440,-0.002461,-0.008297,-0.274581,0.354700,0.354700,8.8675,-1.1047,1,1,0.002000,0.00000400
1771582257.506138,0.248314,0.010000,0.002000,-0.010000,-0.000768,-0.0440,-0.002461,-0.014683,-0.638544,0.436332,0.436332,10.9083,0.0953,1,1,0.002000,0.00000400
1771582257.526855,0.269031,0.010000,0.002300,-0.000700,-0.000384,-0.0220,0.007749,-0.015602,-0.091956,-0.044139,-0.044139,-1.1035,-1.1035,1,1,0.002300,0.00000529
1771582257.538633,0.280809,0.010000,0.002900,0.016200,0.000768,0.0440,0.034575,-0.012149,0.345314,-0.164750,-0.164750,-4.1187,-2.3035,1,1,0.002900,0.00000841
1771582257.546766,0.288942,0.010000,0.003200,0.017500,0.001536,0.0880,0.045099,-0.013571,-0.142204,-0.215530,-0.215530,-5.3883,-3.5035,1,1,0.003200,0.00001024
1771582257.546766,0.288942,0.010000,0.003200,0.017500,0.001536,0.0880,0.045099,-0.018898,-0.532642,0.436332,0.436332,10.9083,-2.3035,1,1,0.003200,0.00001024
1771582257.576421,0.318597,0.010000,0.002200,-0.006900,0.002688,0.1540,0.049340,-0.027348,-0.844992,0.436332,0.436332,10.9083,-1.1035,1,1,0.002200,0.00000484
1771582257.576421,0.318597,0.010000,0.002200,-0.006900,0.002688,0.1540,0.049340,-0.029919,-0.257115,0.265081,0.265081,6.6270,0.0965,1,1,0.002200,0.00000484
1771582257.588456,0.330632,0.010000,0.002600,0.003100,0.002304,0.1320,0.027419,-0.027787,0.213187,-0.125008,-0.125008,-3.1252,-1.1035,1,1,0.002600,0.00000676
1771582257.606472,0.348649,0.010000,0.004100,0.041500,0.001152,0.0660,-0.008203,-0.021893,0.589429,-0.330490,-0.330490,-8.2623,-2.3035,1,1,0.004100,0.00001681
1771582257.618299,0.360475,0.010000,0.003600,0.016900,-0.006144,-0.3520,-0.188304,-0.021366,0.052664,-0.072622,-0.072622,-1.8156,-1.8156,1,1,0.003600,0.00001296
1771582257.626510,0.368686,0.010000,0.003500,0.010100,-0.009582,-0.5490,-0.227521,-0.025133,-0.376748,0.431771,0.431771,10.7943,-0.6156,1,1,0.003500,0.00001225
1771582257.626510,0.368686,0.010000,0.003500,0.010100,-0.009582,-0.5490,-0.227521,-0.026444,-0.131081,-0.231448,-0.231448,-5.7862,-1.8156,1,1,0.003500,0.00001225
1771582257.650388,0.392564,0.010000,0.006300,0.079500,-0.013806,-0.7910,-0.276094,-0.023304,0.314014,-0.305155,-0.305155,-7.6289,-3.0156,1,1,0.006300,0.00003969
1771582257.658610,0.400786,0.010000,0.004100,0.002700,-0.024923,-1.4280,-0.485114,-0.024981,-0.167667,-0.335625,-0.335625,-8.3906,-4.2156,1,1,0.004100,0.00001681
1771582257.668193,0.410370,0.010000,0.003000,-0.025500,-0.031067,-1.7800,-0.517228,-0.030511,-0.553013,0.436331,0.436331,10.9083,-3.0156,1,1,0.003000,0.00000900
1771582257.668193,0.410370,0.010000,0.003000,-0.025500,-0.031067,-1.7800,-0.517228,-0.039124,-0.861289,0.436332,0.436332,10.9083,-1.8156,1,1,0.003000,0.00000900
1771582257.690262,0.432439,0.010000,0.002200,-0.038700,-0.036041,-2.0650,-0.512551,-0.041825,-0.270152,0.009872,0.009872,0.2468,-0.6156,1,1,0.002200,0.00000484
1771582257.707017,0.449194,0.010000,0.002100,-0.024200,-0.048712,-2.7910,-0.549569,-0.039798,0.202757,0.038969,0.038969,0.9742,0.5844,1,1,0.002100,0.00000441
1771582257.707017,0.449194,0.010000,0.002100,-0.024200,-0.048712,-2.7910,-0.549569,-0.033987,0.581085,-0.164835,-0.164835,-4.1209,-0.6156,1,1,0.002100,0.00000441
1771582257.728349,0.470525,0.010000,0.002400,-0.009000,-0.052150,-2.9880,-0.498466,-0.025149,0.883747,-0.394702,-0.394702,-9.8676,-1.8156,1,1,0.002400,0.00000576
1771582257.736238,0.478414,0.010000,0.002700,0.000200,-0.055222,-3.1640,-0.450539,-0.022268,0.288118,0.062406,0.062406,1.5602,-0.6156,1,1,0.002700,0.00000729
1771582257.746793,0.488969,0.010000,0.002400,-0.006400,-0.055222,-3.1640,-0.337913,-0.024152,-0.188384,-0.240910,-0.240910,-6.0227,-1.8156,1,1,0.002400,0.00000576
1771582257.746793,0.488969,0.010000,0.002400,-0.006400,-0.055222,-3.1640,-0.337913,-0.021470,0.268172,-0.004044,-0.004044,-0.1011,-0.6156,1,1,0.002400,0.00000576
1771582257.768241,0.510417,0.010000,0.001500,-0.027700,-0.054838,-3.1420,-0.243840,-0.023514,-0.204342,-0.147197,-0.147197,-3.6799,-1.8156,1,1,0.001500,0.00000225
1771582257.777184,0.519361,0.010000,0.001000,-0.033700,-0.052534,-3.0100,-0.125367,-0.020960,0.255406,0.005346,0.005346,0.1337,-0.6156,1,1,0.001000,0.00000100
1771582257.787117,0.529294,0.010000,0.001200,-0.021400,-0.051382,-2.9440,-0.065258,-0.023105,-0.214555,-0.046946,-0.046946,-1.1736,-1.1736,1,1,0.001200,0.00000144
1771582257.787117,0.529294,0.010000,0.001200,-0.021400,-0.051382,-2.9440,-0.065258,-0.020633,0.247235,0.059524,0.059524,1.4881,0.0264,1,1,0.001200,0.00000144
1771582257.806769,0.548945,0.010000,0.002000,0.005700,-0.049463,-2.8340,-0.001012,-0.020603,0.002982,0.138113,0.138113,3.4528,1.2264,1,1,0.002000,0.00000400
1771582257.826970,0.569146,0.010000,0.001000,-0.024200,-0.045256,-2.5930,0.088122,-0.016391,0.421265,0.121649,0.121649,3.0412,2.4264,1,1,0.001000,0.00000100
1771582257.826970,0.569146,0.010000,0.001000,-0.024200,-0.045256,-2.5930,0.088122,-0.008832,0.755891,-0.246694,-0.246694,-6.1673,1.2264,1,1,0.001000,0.00000100
1771582257.847270,0.589446,0.010000,0.002700,0.025800,-0.043720,-2.5050,0.104441,0.001404,1.023592,-0.425419,-0.425419,-10.6355,0.0264,1,1,0.002700,0.00000729
1771582257.857092,0.599268,0.010000,0.000400,-0.038700,-0.040265,-2.3070,0.164619,0.005404,0.399994,0.019168,0.019168,0.4792,0.4792,1,1,0.000400,0.00000016
1771582257.865959,0.608136,0.010000,-0.000400,-0.048100,-0.038729,-2.2190,0.161809,0.004415,-0.098884,0.092789,0.092789,2.3197,1.6792,1,1,0.000400,0.00000016
1771582257.865959,0.608136,0.010000,-0.000400,-0.048100,-0.038729,-2.2190,0.161809,0.005205,0.078960,0.185067,0.185067,4.6267,2.8792,1,1,0.000400,0.00000016
1771582257.889082,0.631258,0.010000,-0.000700,-0.044300,-0.037193,-2.1310,0.159715,0.010026,0.482047,0.071032,0.071032,1.7758,1.7758,1,1,0.000700,0.00000049
1771582257.897194,0.639370,0.010000,-0.000400,-0.025100,-0.033755,-1.9340,0.206071,0.018071,0.804517,-0.289465,-0.289465,-7.2366,0.5758,1,1,0.000400,0.00000016
1771582257.905976,0.648152,0.010000,0.001000,0.015200,-0.032603,-1.8680,0.183312,0.020655,0.258457,0.068446,0.068446,1.7112,1.7112,1,1,0.001000,0.00000100
1771582257.905976,0.648152,0.010000,0.001000,0.015200,-0.032603,-1.8680,0.183312,0.018534,-0.212113,-0.032366,-0.032366,-0.8091,0.5112,1,1,0.001000,0.00000100
1771582257.930421,0.672597,0.010000,-0.001000,-0.038000,-0.030299,-1.7360,0.195006,0.020800,0.226623,0.089096,0.089096,2.2274,1.7112,1,1,0.001000,0.00000100
1771582257.936561,0.678738,0.010000,-0.001800,-0.048700,-0.023387,-1.3400,0.318837,0.018425,-0.237580,0.416082,0.416082,10.4020,2.9112,1,1,0.001800,0.00000324
1771582257.946955,0.689132,0.010000,-0.001400,-0.027000,-0.018413,-1.0550,0.363762,0.020713,0.228815,0.129956,0.129956,3.2489,3.2489,1,1,0.001400,0.00000196
1771582257.967660,0.709837,0.010000,-0.003400,-0.069200,-0.011502,-0.6590,0.445391,0.026732,0.601931,-0.001401,-0.001401,-0.0350,2.0489,1,1,0.003400,0.00001156
1771582257.976895,0.719072,0.010000,-0.003800,-0.062700,0.001920,0.1100,0.669596,0.032726,0.599441,-0.163037,-0.163037,-4.0759,0.8489,1,1,0.003800,0.00001444
1771582257.986342,0.728518,0.010000,-0.004300,-0.059400,0.007662,0.4390,0.646016,0.033333,0.060674,-0.024676,-0.024676,-0.6169,-0.3511,1,1,0.004300,0.00001849
1771582257.986342,0.728518,0.010000,-0.004300,-0.059400,0.007662,0.4390,0.646016,0.029630,-0.370340,0.436325,0.436325,10.9081,0.8489,1,1,0.004300,0.00001849
1771582258.008174,0.750351,0.010000,-0.004000,-0.037300,0.013422,0.7690,0.628319,0.022478,-0.715151,0.436332,0.436332,10.9083,2.0489,1,1,0.004000,0.00001600
1771582258.016955,0.759131,0.010000,-0.004800,-0.049000,0.022619,1.2960,0.701343,0.020946,-0.153242,-0.066755,-0.066755,-1.6689,0.8489,1,1,0.004800,0.00002304
1771582258.026919,0.769096,0.010000,-0.004700,-0.032400,0.025691,1.4720,0.602697,0.023909,0.296286,-0.098749,-0.098749,-2.4687,-0.3511,1,1,0.004700,0.00002209
1771582258.026919,0.769096,0.010000,-0.004700,-0.032400,0.025691,1.4720,0.602697,0.022090,-0.181850,0.193529,0.193529,4.8382,0.8489,1,1,0.004700,0.00002209
1771582258.048881,0.791058,0.010000,-0.005400,-0.043700,0.026459,1.5160,0.471204,0.016447,-0.564359,0.436332,0.436332,10.9083,2.0489,1,1,0.005400,0.00002916
1771582258.056664,0.798841,0.010000,-0.006400,-0.056200,0.024923,1.4280,0.315049,0.016121,-0.032608,0.002728,0.002728,0.0682,0.8489,1,1,0.006400,0.00004096
1771582258.066852,0.809028,0.010000,-0.007900,-0.079600,0.023003,1.3180,0.188356,0.020048,0.392792,-0.124940,-0.124940,-3.1235,-0.3511,1,1,0.007900,0.00006241
1771582258.086700,0.828877,0.010000,-0.008800,-0.083500,0.020333,1.1650,0.074159,0.019002,-0.104645,-0.087911,-0.087911,-2.1978,-1.5511,1,1,0.008800,0.00007744
1771582258.096458,0.838635,0.010000,-0.009100,-0.069400,0.014573,0.8350,-0.088191,0.013976,-0.502595,0.436332,0.436332,10.9083,-0.3511,1,1,0.009100,0.00008281
1771582258.107033,0.849209,0.010000,-0.009500,-0.062300,0.011502,0.6590,-0.142855,0.005766,-0.820955,0.436332,0.436332,10.9083,0.8489,1,1,0.009500,0.00009025
1771582258.107033,0.849209,0.010000,-0.009500,-0.062300,0.011502,0.6590,-0.142855,0.003388,-0.237885,0.389088,0.389088,9.7272,2.0489,1,1,0.009500,0.00009025
1771582258.126670,0.868847,0.010000,-0.008700,-0.025300,0.008430,0.4830,-0.183836,0.005673,0.228571,-0.075508,-0.075508,-1.8877,0.8489,1,1,0.008700,0.00007569
1771582258.137559,0.879735,0.010000,-0.009100,-0.030400,0.002304,0.1320,-0.291278,0.011691,0.601736,-0.320124,-0.320124,-8.0031,-0.3511,1,1,0.009100,0.00008281
1771582258.148121,0.890298,0.010000,-0.008200,-0.000700,-0.001152,-0.0660,-0.304734,0.012316,0.062510,-0.057081,-0.057081,-1.4270,-1.4270,1,1,0.008200,0.00006724
1771582258.148121,0.890298,0.010000,-0.008200,-0.000700,-0.001152,-0.0660,-0.304734,0.008627,-0.368871,0.434750,0.434750,10.8688,-0.2270,1,1,0.008200,0.00006724
1771582258.167135,0.909312,0.010000,-0.009400,-0.030000,-0.004224,-0.2420,-0.305258,0.001920,-0.670670,0.436332,0.436332,10.9083,0.9730,1,1,0.009400,0.00008836
1771582258.177822,0.919998,0.010000,-0.007200,0.032400,-0.009198,-0.5270,-0.353569,0.000744,-0.117657,-0.289624,-0.289624,-7.2406,-0.2270,1,1,0.007200,0.00005184
1771582258.188726,0.930903,0.010000,-0.008100,0.001100,-0.011118,-0.6370,-0.313112,0.003991,0.324753,0.055998,0.055998,1.4000,0.9730,1,1,0.008100,0.00006561
1771582258.188726,0.930903,0.010000,-0.008100,0.001100,-0.011118,-0.6370,-0.313112,0.002401,-0.159076,-0.294963,-0.294963,-7.3741,-0.2270,1,1,0.008100,0.00006561
1771582258.208102,0.950279,0.010000,-0.008900,-0.016900,-0.012654,-0.7250,-0.273196,0.005317,0.291618,0.058632,0.058632,1.4658,0.9730,1,1,0.008900,0.00007921
1771582258.216918,0.959094,0.010000,-0.005800,0.063200,-0.013422,-0.7690,-0.224065,0.003461,-0.185585,-0.353033,-0.353033,-8.8258,-0.2270,1,1,0.005800,0.00003364
1771582258.226225,0.968401,0.010000,-0.010900,-0.078800,-0.012654,-0.7250,-0.148877,0.006165,0.270411,0.099126,0.099126,2.4781,0.9730,1,1,0.010900,0.00011881
1771582258.226225,0.968401,0.010000,-0.010900,-0.078800,-0.012654,-0.7250,-0.148877,0.004140,-0.202550,0.187093,0.187093,4.6773,2.1730,1,1,0.010900,0.00011881
1771582258.258220,1.000396,0.010000,-0.013300,-0.085300,-0.011118,-0.6370,-0.047787,0.006708,0.256839,0.064056,0.064056,1.6014,1.6014,1,1,0.013300,0.00017689
1771582258.267317,1.009494,0.010000,-0.014000,-0.079800,-0.011118,-0.6370,-0.035849,0.012951,0.624350,-0.163136,-0.163136,-4.0784,0.4014,1,1,0.014000,0.00019600
1771582258.267317,1.009494,0.010000,-0.014000,-0.079800,-0.011118,-0.6370,-0.035849,0.015951,0.299967,0.121529,0.121529,3.0382,1.6014,1,1,0.014000,0.00019600
1771582258.288856,1.031033,0.010000,-0.014900,-0.082400,-0.010350,-0.5930,-0.007714,0.014162,-0.178905,0.189673,0.189673,4.7418,2.8014,1,1,0.014900,0.00022201
1771582258.297213,1.039389,0.010000,-0.015200,-0.071300,-0.008430,-0.4830,0.042150,0.016920,0.275755,0.101936,0.101936,2.5484,2.5484,1,1,0.015200,0.00023104
1771582258.305698,1.047875,0.010000,-0.014500,-0.036100,-0.007662,-0.4390,0.050789,0.023314,0.639483,-0.204318,-0.204318,-5.1080,1.3484,1,1,0.014500,0.00021025
1771582258.305698,1.047875,0.010000,-0.014500,-0.036100,-0.007662,-0.4390,0.050789,0.027547,0.423270,0.127834,0.127834,3.1959,2.5484,1,1,0.014500,0.00021025
1771582258.327739,1.069915,0.010000,-0.015000,-0.039300,-0.006912,-0.3960,0.057264,0.026744,-0.080263,0.056232,0.056232,1.4058,1.4058,1,1,0.015000,0.00022500
1771582258.336905,1.079081,0.010000,-0.015500,-0.041300,-0.004992,-0.2860,0.090897,0.030291,0.354668,0.083301,0.083301,2.0825,2.0825,1,1,0.015500,0.00024025
1771582258.347999,1.090176,0.010000,-0.016500,-0.056700,-0.004224,-0.2420,0.087336,0.029140,-0.115105,0.011272,0.011272,0.2818,0.8825,1,1,0.016500,0.00027225
1771582258.368073,1.110250,0.010000,-0.016700,-0.045500,-0.003840,-0.2200,0.075102,0.030581,0.144140,0.128187,0.128187,3.2047,2.0825,1,1,0.016700,0.00027889
1771582258.376463,1.118640,0.010000,-0.017500,-0.055500,-0.004224,-0.2420,0.046740,0.027546,-0.303567,0.435906,0.435906,10.8976,3.2825,1,1,0.017500,0.00030625
1771582258.387408,1.129585,0.010000,-0.018000,-0.053800,-0.004608,-0.2640,0.025464,0.029306,0.176025,0.100417,0.100417,2.5104,2.5104,1,1,0.018000,0.00032400
1771582258.387408,1.129585,0.010000,-0.018000,-0.053800,-0.004608,-0.2640,0.025464,0.034903,0.559699,-0.061730,-0.061730,-1.5432,1.3104,1,1,0.018000,0.00032400
1771582258.406746,1.148922,0.010000,-0.017000,-0.014900,-0.004992,-0.2860,0.009512,0.036685,0.178243,0.110528,0.110528,2.7632,2.5104,1,1,0.017000,0.00028900
1771582258.417763,1.159940,0.010000,-0.016800,-0.007000,-0.004608,-0.2640,0.016720,0.033923,-0.276285,0.423708,0.423708,10.5927,3.7104,1,1,0.016800,0.00028224
1771582258.427180,1.169356,0.010000,-0.018900,-0.056700,-0.004224,-0.2420,0.022131,0.035901,0.197851,0.140678,0.140678,3.5170,3.5170,1,1,0.018900,0.00035721
1771582258.427180,1.169356,0.010000,-0.018900,-0.056700,-0.004224,-0.2420,0.022131,0.041673,0.577160,-0.102460,-0.102460,-2.5615,2.3170,1,1,0.018900,0.00035721
1771582258.446277,1.188453,0.010000,-0.019800,-0.066200,-0.004224,-0.2420,0.016598,0.045615,0.394196,0.133410,0.133410,3.3353,3.3353,1,1,0.019800,0.00039204
1771582258.457042,1.199219,0.010000,-0.020500,-0.067500,-0.004224,-0.2420,0.012444,0.044580,-0.103522,0.011234,0.011234,0.2809,2.1353,1,1,0.020500,0.00042025
1771582258.466760,1.208936,0.010000,-0.021800,-0.081700,-0.004224,-0.2420,0.009338,0.047306,0.272635,0.225400,0.225400,5.6350,3.3353,1,1,0.021800,0.00047524
1771582258.487677,1.229854,0.010000,-0.022300,-0.075100,-0.003840,-0.2200,0.016581,0.045298,-0.200771,0.404742,0.404742,10.1185,4.5353,1,1,0.022300,0.00049729
1771582258.496535,1.238711,0.010000,-0.021800,-0.043600,-0.003072,-0.1760,0.031608,0.047881,0.258262,0.185125,0.185125,4.6281,4.6281,1,1,0.021800,0.00047524
1771582258.507035,1.249212,0.010000,-0.022900,-0.060100,-0.002688,-0.1540,0.033301,0.054136,0.625489,-0.175068,-0.175068,-4.3767,3.4281,1,1,0.022900,0.00052441
1771582258.507035,1.249212,0.010000,-0.022900,-0.060100,-0.002688,-0.1540,0.033301,0.059464,0.532805,-0.008358,-0.008358,-0.2090,2.2281,1,1,0.022900,0.00052441
1771582258.526748,1.268925,0.010000,-0.023900,-0.069100,-0.001536,-0.0880,0.053739,0.059537,0.007365,0.070668,0.070668,1.7667,1.7667,1,1,0.023900,0.00057121
1771582258.536722,1.278899,0.010000,-0.024400,-0.063900,0.001920,0.1100,0.126589,0.055407,-0.412987,0.436331,0.436331,10.9083,2.9667,1,1,0.024400,0.00059536
1771582258.547728,1.289905,0.010000,-0.024600,-0.054600,0.003456,0.1980,0.133291,0.050493,-0.491455,0.436332,0.436332,10.9083,4.1667,1,1,0.024600,0.00060516
1771582258.547728,1.289905,0.010000,-0.024600,-0.054600,0.003456,0.1980,0.133291,0.050750,0.025715,0.140764,0.140764,3.5191,3.5191,1,1,0.024600,0.00060516
1771582258.567136,1.309313,0.010000,-0.025200,-0.055400,0.004608,0.2640,0.128735,0.055145,0.439451,0.061255,0.061255,1.5314,2.3191,1,1,0.025200,0.00063504
1771582258.579270,1.321447,0.010000,-0.025700,-0.053700,0.004224,0.2420,0.086952,0.056400,0.125504,0.204110,0.204110,5.1027,3.5191,1,1,0.025700,0.00066049
1771582258.587075,1.329252,0.010000,-0.026500,-0.060400,0.003840,0.2200,0.055641,0.053215,-0.318476,0.436269,0.436269,10.9067,4.7191,1,1,0.026500,0.00070225
1771582258.587075,1.329252,0.010000,-0.026500,-0.060400,0.003840,0.2200,0.055641,0.054856,0.164098,0.186234,0.186234,4.6559,4.6559,1,1,0.026500,0.00070225
1771582258.615794,1.357971,0.010000,-0.027100,-0.046500,0.004608,0.2640,0.048066,0.060357,0.550158,-0.043885,-0.043885,-1.0971,3.4559,1,1,0.027100,0.00073441
1771582258.626273,1.368449,0.010000,-0.027200,-0.038200,0.005376,0.3080,0.055222,0.064538,0.418052,0.043725,0.043725,1.0931,2.2559,1,1,0.027200,0.00073984
1771582258.626273,1.368449,0.010000,-0.027200,-0.038200,0.005376,0.3080,0.055222,0.063694,-0.084437,0.068138,0.068138,1.7035,1.7035,1,1,0.027200,0.00073984
1771582258.647447,1.389623,0.010000,-0.027300,-0.030800,0.007278,0.4170,0.089361,0.058829,-0.486429,0.436332,0.436332,10.9083,2.9035,1,1,0.027300,0.00074529
1771582258.657202,1.399379,0.010000,-0.027600,-0.030200,0.011118,0.6370,0.162892,0.053010,-0.581966,0.436332,0.436332,10.9083,4.1035,1,1,0.027600,0.00076176
1771582258.667554,1.409731,0.010000,-0.027900,-0.031500,0.012654,0.7250,0.160518,0.052543,-0.046694,0.154154,0.154154,3.8538,3.8538,1,1,0.027900,0.00077841
1771582258.667554,1.409731,0.010000,-0.027900,-0.031500,0.012654,0.7250,0.160518,0.056358,0.381524,0.054979,0.054979,1.3745,2.6538,1,1,0.027900,0.00077841
1771582258.687414,1.429590,0.010000,-0.028600,-0.040900,0.013422,0.7690,0.139557,0.058539,0.218087,0.178504,0.178504,4.4626,3.8538,1,1,0.028600,0.00081796
1771582258.700630,1.442806,0.010000,-0.028700,-0.032500,0.013806,0.7910,0.114267,0.056095,-0.244410,0.432611,0.432611,10.8153,5.0538,1,1,0.028700,0.00082369
1771582258.707774,1.449951,0.010000,-0.028900,-0.028700,0.014573,0.8350,0.104877,0.058328,0.223351,0.148870,0.148870,3.7217,3.8538,1,1,0.028900,0.00083521
1771582258.707774,1.449951,0.010000,-0.028900,-0.028700,0.014573,0.8350,0.104877,0.064304,0.597560,-0.179089,-0.179089,-4.4772,2.6538,1,1,0.028900,0.00083521
1771582258.735673,1.477850,0.010000,-0.029800,-0.038300,0.018797,1.0770,0.159663,0.064895,0.059169,0.176250,0.176250,4.4063,3.8538,1,1,0.029800,0.00088804
1771582258.746940,1.489116,0.010000,-0.030300,-0.040400,0.021084,1.2080,0.177273,0.061180,-0.371544,0.436327,0.436327,10.9082,5.0538,1,1,0.030300,0.00091809
1771582258.746940,1.489116,0.010000,-0.030300,-0.040400,0.021084,1.2080,0.177273,0.062396,0.121644,0.198571,0.198571,4.9643,4.9643,1,1,0.030300,0.00091809
1771582258.766563,1.508740,0.010000,-0.030300,-0.031500,0.023387,1.3400,0.190468,0.067558,0.516194,0.061465,0.061465,1.5366,3.7643,1,1,0.030300,0.00091809
1771582258.776749,1.518926,0.010000,-0.030500,-0.027800,0.028763,1.6480,0.277071,0.071375,0.381686,0.110641,0.110641,2.7660,2.7660,1,1,0.030500,0.00093025
1771582258.787616,1.529792,0.010000,-0.030900,-0.030500,0.032603,1.8680,0.303687,0.070240,-0.113530,0.265421,0.265421,6.6355,3.9660,1,1,0.030900,0.00095481
1771582258.787616,1.529792,0.010000,-0.030900,-0.030500,0.032603,1.8680,0.303687,0.065847,-0.439273,0.436332,0.436332,10.9083,5.1660,1,1,0.030900,0.00095481
1771582258.806959,1.549135,0.010000,-0.030900,-0.022500,0.035657,2.0430,0.304455,0.066522,0.067461,0.192566,0.192566,4.8142,4.8142,1,1,0.030900,0.00095481
1771582258.816495,1.558672,0.010000,-0.030700,-0.014100,0.038729,2.2190,0.305049,0.071250,0.472848,0.099356,0.099356,2.4839,3.6142,1,1,0.030700,0.00094249
1771582258.828658,1.570835,0.010000,-0.030600,-0.007200,0.039113,2.2410,0.238377,0.073805,0.255452,0.104299,0.104299,2.6075,2.6075,1,1,0.030600,0.00093636
1771582258.828658,1.570835,0.010000,-0.030600,-0.007200,0.039113,2.2410,0.238377,0.071660,-0.214517,0.424295,0.424295,10.6074,3.8075,1,1,0.030600,0.00093636
1771582258.850447,1.592624,0.010000,-0.030500,-0.002200,0.039881,2.2850,0.197955,0.066430,-0.523013,0.436332,0.436332,10.9083,5.0075,1,1,0.030500,0.00093025
1771582258.860889,1.603066,0.010000,-0.029900,0.011900,0.040265,2.3070,0.158057,0.066434,0.000469,-0.022576,-0.022576,-0.5644,3.8075,1,1,0.029900,0.00089401
1771582258.867059,1.609235,0.010000,-0.029600,0.017700,0.039497,2.2630,0.099362,0.070627,0.419254,-0.027385,-0.027385,-0.6846,2.6075,1,1,0.029600,0.00087616
1771582258.887725,1.629901,0.010000,-0.029000,0.027100,0.038345,2.1970,0.045763,0.069792,-0.083476,-0.207083,-0.207083,-5.1771,1.4075,1,1,0.029000,0.00084100
1771582258.896185,1.638361,0.010000,-0.028800,0.025900,0.037961,2.1750,0.024731,0.064935,-0.485660,0.436332,0.436332,10.9083,2.6075,1,1,0.028800,0.00082944
1771582258.896185,1.638361,0.010000,-0.028800,0.025900,0.037961,2.1750,0.024731,0.056861,-0.807407,0.436332,0.436332,10.9083,3.8075,1,1,0.028800,0.00082944
1771582258.907858,1.650035,0.010000,-0.028600,0.025000,0.037961,2.1750,0.018553,0.054591,-0.227046,0.324557,0.324557,8.1139,5.0075,1,1,0.028600,0.00081796
1771582258.927759,1.669935,0.010000,-0.028400,0.024400,0.037193,2.1310,-0.005253,0.056963,0.237242,0.038524,0.038524,0.9631,3.8075,1,1,0.028400,0.00080656
1771582258.937585,1.679762,0.010000,-0.028200,0.023700,0.034523,1.9780,-0.071052,0.063050,0.608673,-0.351622,-0.351622,-8.7905,2.6075,1,1,0.028200,0.00079524
1771582258.946252,1.688429,0.010000,-0.028100,0.019500,0.034139,1.9560,-0.062884,0.063731,0.068059,0.108154,0.108154,2.7038,2.7038,1,1,0.028100,0.00078961
1771582258.946252,1.688429,0.010000,-0.028100,0.019500,0.034139,1.9560,-0.062884,0.060086,-0.364432,0.436077,0.436077,10.9019,3.9038,1,1,0.028100,0.00078961
1771582258.967466,1.709642,0.010000,-0.027900,0.018900,0.034523,1.9780,-0.037577,0.057507,-0.257908,0.402060,0.402060,10.0515,5.1038,1,1,0.027900,0.00077841
1771582258.975699,1.717875,0.010000,-0.027400,0.026400,0.034907,2.0000,-0.018588,0.059633,0.212552,0.040248,0.040248,1.0062,3.9038,1,1,0.027400,0.00075076
1771582258.986830,1.729007,0.010000,-0.027300,0.023800,0.034523,1.9780,-0.023527,0.065522,0.588921,-0.291898,-0.291898,-7.2975,2.7038,1,1,0.027300,0.00074529
1771582258.986830,1.729007,0.010000,-0.027300,0.023800,0.034523,1.9780,-0.023527,0.066045,0.052258,0.073925,0.073925,1.8481,1.8481,1,1,0.027300,0.00074529
1771582259.006252,1.748429,0.010000,-0.027400,0.013600,0.034523,1.9780,-0.017645,0.062274,-0.377073,0.436240,0.436240,10.9060,3.0481,1,1,0.027400,0.00075076
1771582259.026095,1.768272,0.010000,-0.027100,0.015100,0.036425,2.0870,0.028414,0.056270,-0.600356,0.436332,0.436332,10.9083,4.2481,1,1,0.027100,0.00073441
1771582259.026095,1.768272,0.010000,-0.027100,0.015100,0.036425,2.0870,0.028414,0.055656,-0.061406,-0.113902,-0.113902,-2.8475,3.0481,1,1,0.027100,0.00073441
1771582259.047374,1.789551,0.010000,-0.027000,0.013000,0.036425,2.0870,0.021310,0.059354,0.369754,-0.034105,-0.034105,-0.8526,1.8481,1,1,0.027000,0.00072900
1771582259.056785,1.798962,0.010000,-0.026800,0.013500,0.035273,2.0210,-0.012776,0.058123,-0.123076,-0.214401,-0.214401,-5.3600,0.6481,1,1,0.026800,0.00071824
1771582259.067986,1.810163,0.010000,-0.026700,0.013300,0.035657,2.0430,0.000000,0.052950,-0.517340,0.436332,0.436332,10.9083,1.8481,1,1,0.026700,0.00071289
1771582259.067986,1.810163,0.010000,-0.026700,0.013300,0.035657,2.0430,0.000000,0.044622,-0.832751,0.436332,0.436332,10.9083,3.0481,1,1,0.026700,0.00071289
1771582259.088089,1.830265,0.010000,-0.026100,0.024200,0.035273,2.0210,-0.009582,0.042149,-0.247322,0.363028,0.363028,9.0757,4.2481,1,1,0.026100,0.00068121
1771582259.096705,1.838882,0.010000,-0.025700,0.027900,0.033371,1.9120,-0.055117,0.044359,0.221022,0.039129,0.039129,0.9782,3.0481,1,1,0.025700,0.00066049
1771582259.108382,1.850559,0.010000,-0.025500,0.027200,0.032219,1.8460,-0.070110,0.050316,0.595696,-0.345587,-0.345587,-8.6397,1.8481,1,1,0.025500,0.00065025
1771582259.108382,1.850559,0.010000,-0.025500,0.027200,0.032219,1.8460,-0.070110,0.050893,0.057678,0.086569,0.086569,2.1642,2.1642,1,1,0.025500,0.00065025
1771582259.126395,1.868571,0.010000,-0.024700,0.040600,0.031835,1.8240,-0.062169,0.047165,-0.372736,0.435568,0.435568,10.8892,3.3642,1,1,0.024700,0.00061009
1771582259.146711,1.888887,0.010000,-0.023200,0.055900,0.034139,1.9560,0.010577,0.045287,-0.187855,-0.236373,-0.236373,-5.9093,2.1642,1,1,0.023200,0.00053824
1771582259.146711,1.888887,0.010000,-0.023200,0.055900,0.034139,1.9560,0.010577,0.047973,0.268595,-0.123627,-0.123627,-3.0907,0.9642,1,1,0.023200,0.00053824
1771582259.166594,1.908771,0.010000,-0.023200,0.040800,0.034139,1.9560,0.007924,0.045933,-0.204003,-0.005675,-0.005675,-0.1419,-0.1419,1,1,0.023200,0.00053824
1771582259.176228,1.918404,0.010000,-0.023500,0.025400,0.032987,1.8900,-0.022811,0.040112,-0.582082,0.436332,0.436332,10.9083,1.0581,1,1,0.023500,0.00055225
1771582259.186913,1.929089,0.010000,-0.023300,0.023800,0.032603,1.8680,-0.026704,0.031594,-0.851760,0.436332,0.436332,10.9083,2.2581,1,1,0.023300,0.00054289
1771582259.186913,1.929089,0.010000,-0.023300,0.023800,0.032603,1.8680,-0.026704,0.028969,-0.262529,0.382021,0.382021,9.5505,3.4581,1,1,0.023300,0.00054289
1771582259.206512,1.948689,0.010000,-0.021600,0.058800,0.032219,1.8460,-0.029618,0.031058,0.208856,-0.056383,-0.056383,-1.4096,2.2581,1,1,0.021600,0.00046656
1771582259.218120,1.960296,0.010000,-0.021400,0.049400,0.032219,1.8460,-0.022201,0.036917,0.585964,-0.331723,-0.331723,-8.2931,1.0581,1,1,0.021400,0.00045796
1771582259.226348,1.968525,0.010000,-0.021900,0.025000,0.032219,1.8460,-0.016650,0.037416,0.049892,0.083369,0.083369,2.0842,2.0842,1,1,0.021900,0.00047961
1771582259.226348,1.968525,0.010000,-0.021900,0.025000,0.032219,1.8460,-0.016650,0.033627,-0.378966,0.436079,0.436079,10.9020,3.2842,1,1,0.021900,0.00047961
1771582259.249009,1.991185,0.010000,-0.020400,0.055500,0.032603,1.8680,-0.002897,0.034177,0.054997,0.011352,0.011352,0.2838,2.0842,1,1,0.020400,0.00041616
1771582259.257000,1.999177,0.010000,-0.018800,0.081200,0.032603,1.8680,-0.002182,0.038805,0.462877,-0.214437,-0.214437,-5.3609,0.8842,1,1,0.018800,0.00035344
1771582259.266853,2.009030,0.010000,-0.019100,0.054500,0.032603,1.8680,-0.001641,0.038320,-0.048578,-0.188501,-0.188501,-4.7125,-0.3158,1,1,0.019100,0.00036481
1771582259.287268,2.029445,0.010000,-0.018200,0.063500,0.032603,1.8680,-0.001222,0.033742,-0.457741,0.436297,0.436297,10.9074,0.8842,1,1,0.018200,0.00033124
1771582259.297652,2.039829,0.010000,-0.017700,0.060700,0.032603,1.8680,-0.000925,0.025891,-0.785072,0.436332,0.436332,10.9083,2.0842,1,1,0.017700,0.00031329
1771582259.307101,2.049277,0.010000,-0.018300,0.029700,0.032219,1.8460,-0.010280,0.023800,-0.209178,0.029792,0.029792,0.7448,0.8842,1,1,0.018300,0.00033489
1771582259.307101,2.049277,0.010000,-0.018300,0.029700,0.032219,1.8460,-0.010280,0.026315,0.251536,-0.059241,-0.059241,-1.4810,-0.3158,1,1,0.018300,0.00033489
1771582259.328453,2.070630,0.010000,-0.016800,0.060900,0.031451,1.8020,-0.026878,0.024138,-0.217650,-0.225816,-0.225816,-5.6454,-1.5158,1,1,0.016800,0.00028224
1771582259.337148,2.079325,0.010000,-0.016800,0.044000,0.029531,1.6920,-0.068103,0.018208,-0.592999,0.436332,0.436332,10.9083,-0.3158,1,1,0.016800,0.00028224
1771582259.347831,2.090007,0.010000,-0.016300,0.047400,0.029147,1.6700,-0.060668,0.009276,-0.893278,0.436332,0.436332,10.9083,0.8842,1,1,0.016300,0.00026569
1771582259.347831,2.090007,0.010000,-0.016300,0.047400,0.029147,1.6700,-0.060668,0.006318,-0.295744,0.371335,0.371335,9.2834,2.0842,1,1,0.016300,0.00026569
1771582259.367283,2.109459,0.010000,-0.015000,0.067700,0.029147,1.6700,-0.045501,0.008141,0.182284,-0.026524,-0.026524,-0.6631,0.8842,1,1,0.015000,0.00022500
1771582259.377464,2.119640,0.010000,-0.014800,0.054900,0.027227,1.5600,-0.082065,0.013788,0.564706,-0.353635,-0.353635,-8.8409,-0.3158,1,1,0.014800,0.00021904
1771582259.388611,2.130787,0.010000,-0.014300,0.054500,0.026075,1.4940,-0.090303,0.014117,0.032886,-0.024743,-0.024743,-0.6186,-0.6186,1,1,0.014300,0.00020449
1771582259.388611,2.130787,0.010000,-0.014300,0.054500,0.026075,1.4940,-0.090303,0.010191,-0.392570,0.434805,0.434805,10.8701,0.5814,1,1,0.014300,0.00020449
1771582259.416886,2.159063,0.010000,-0.013100,0.059900,0.027227,1.5600,-0.022044,0.005994,-0.419754,0.435940,0.435940,10.8985,1.7814,1,1,0.013100,0.00017161
1771582259.426718,2.168895,0.010000,-0.013100,0.044100,0.027227,1.5600,-0.016528,0.006825,0.083076,0.104622,0.104622,2.6155,2.6155,1,1,0.013100,0.00017161
1771582259.426718,2.168895,0.010000,-0.013100,0.044100,0.027227,1.5600,-0.016528,0.011678,0.485340,-0.235184,-0.235184,-5.8796,1.4155,1,1,0.013100,0.00017161
1771582259.447392,2.189569,0.010000,-0.010800,0.091100,0.027227,1.5600,-0.012392,0.018472,0.679438,-0.418344,-0.418344,-10.4586,0.2155,1,1,0.010800,0.00011664
1771582259.457955,2.200131,0.010000,-0.008400,0.129400,0.027227,1.5600,-0.009303,0.019719,0.124671,-0.302398,-0.302398,-7.5600,-0.9845,1,1,0.008400,0.00007056
1771582259.466136,2.208312,0.010000,-0.008900,0.084100,0.027227,1.5600,-0.006964,0.016528,-0.319142,0.286888,0.286888,7.1722,0.2155,1,1,0.008900,0.00007921
1771582259.466136,2.208312,0.010000,-0.008900,0.084100,0.027227,1.5600,-0.006964,0.009786,-0.674193,0.436332,0.436332,10.9083,1.4155,1,1,0.008900,0.00007921
1771582259.486592,2.228768,0.010000,-0.009800,0.040300,0.027227,1.5600,-0.005236,0.008581,-0.120475,-0.263112,-0.263112,-6.5778,0.2155,1,1,0.009800,0.00009604
1771582259.498582,2.240759,0.010000,-0.007800,0.080300,0.026843,1.5380,-0.013509,0.011806,0.322499,-0.240350,-0.240350,-6.0087,-0.9845,1,1,0.007800,0.00006084
1771582259.506872,2.249049,0.010000,-0.009000,0.029200,0.026459,1.5160,-0.019722,0.010197,-0.160880,-0.302819,-0.302819,-7.5705,-2.1845,1,1,0.009000,0.00008100
1771582259.506872,2.249049,0.010000,-0.009000,0.029200,0.026459,1.5160,-0.019722,0.004721,-0.547583,0.436332,0.436332,10.9083,-0.9845,1,1,0.009000,0.00008100
1771582259.527863,2.270039,0.010000,-0.008200,0.041900,0.026075,1.4940,-0.024382,-0.003848,-0.856945,0.436332,0.436332,10.9083,0.2155,1,1,0.008200,0.00006724
1771582259.546098,2.288275,0.010000,-0.007500,0.031500,0.026843,1.5380,0.003072,-0.006515,-0.266677,0.274078,0.274078,6.8520,1.4155,1,1,0.007500,0.00005625
1771582259.546098,2.288275,0.010000,-0.007500,0.031500,0.026843,1.5380,0.003072,-0.004460,0.205537,-0.103284,-0.103284,-2.5821,0.2155,1,1,0.007500,0.00005625
1771582259.567379,2.309556,0.010000,-0.004400,0.102200,0.026459,1.5160,-0.007295,0.001374,0.583309,-0.402722,-0.402722,-10.0681,-0.9845,1,1,0.004400,0.00001936
1771582259.577507,2.319684,0.010000,-0.003300,0.102000,0.025307,1.4500,-0.034226,0.001851,0.047768,-0.195985,-0.195985,-4.8996,-2.1845,1,1,0.003300,0.00001089
1771582259.586906,2.329082,0.010000,-0.004700,0.042800,0.024539,1.4060,-0.044838,-0.001955,-0.380665,0.433489,0.433489,10.8372,-0.9845,1,1,0.004700,0.00002209
1771582259.586906,2.329082,0.010000,-0.004700,0.042800,0.024539,1.4060,-0.044838,-0.009190,-0.723411,0.436332,0.436332,10.9083,0.2155,1,1,0.004700,0.00002209
1771582259.606331,2.348507,0.010000,-0.005000,0.025400,0.024155,1.3840,-0.043214,-0.010788,-0.159850,-0.290140,-0.290140,-7.2535,-0.9845,1,1,0.005000,0.00002500
1771582259.616739,2.358916,0.010000,-0.003600,0.053200,0.021852,1.2520,-0.089937,-0.007878,0.290999,-0.229258,-0.229258,-5.7314,-2.1845,1,1,0.003600,0.00001296
1771582259.627039,2.369216,0.010000,-0.003000,0.054900,0.019949,1.1430,-0.115384,-0.009739,-0.186080,-0.349091,-0.349091,-8.7273,-3.3845,1,1,0.003000,0.00000900
1771582259.627039,2.369216,0.010000,-0.003000,0.054900,0.019949,1.1430,-0.115384,-0.015416,-0.567743,0.436332,0.436332,10.9083,-2.1845,1,1,0.003000,0.00000900
1771582259.647463,2.389639,0.010000,-0.002500,0.052500,0.017261,0.9890,-0.153659,-0.024147,-0.873073,0.436332,0.436332,10.9083,-0.9845,1,1,0.002500,0.00000625
1771582259.656082,2.398258,0.010000,-0.002400,0.043200,0.011502,0.6590,-0.259059,-0.026943,-0.279579,0.029689,0.029689,0.7422,0.2155,1,1,0.002400,0.00000576
1771582259.666419,2.408595,0.010000,-0.001400,0.056400,0.008046,0.4610,-0.280579,-0.024991,0.195215,-0.211636,-0.211636,-5.2909,-0.9845,1,1,0.001400,0.00000196
1771582259.666419,2.408595,0.010000,-0.001400,0.056400,0.008046,0.4610,-0.280579,-0.019240,0.575051,-0.378535,-0.378535,-9.4634,-2.1845,1,1,0.001400,0.00000196
1771582259.688606,2.430782,0.010000,0.000900,0.100300,0.004224,0.2420,-0.306305,-0.018828,0.041162,-0.256188,-0.256188,-6.4047,-3.3845,1,1,0.000900,0.00000081
1771582259.696442,2.438619,0.010000,-0.000100,0.049100,-0.003840,-0.2200,-0.431061,-0.022688,-0.385949,0.411408,0.411408,10.2852,-2.1845,1,1,0.000100,0.00000001
1771582259.706403,2.448580,0.010000,0.000500,0.052500,-0.006912,-0.3960,-0.399995,-0.029964,-0.727639,0.436332,0.436332,10.9083,-0.9845,1,1,0.000500,0.00000025
1771582259.706403,2.448580,0.010000,0.000500,0.052500,-0.006912,-0.3960,-0.399995,-0.031597,-0.163232,-0.297670,-0.297670,-7.4417,-2.1845,1,1,0.000500,0.00000025
1771582259.736440,2.478617,0.010000,0.001900,0.059500,-0.013806,-0.7910,-0.380796,-0.028714,0.288294,-0.211079,-0.211079,-5.2770,-3.3845,1,1,0.001900,0.00000361
1771582259.736440,2.478617,0.010000,0.001900,0.059500,-0.013806,-0.7910,-0.380796,-0.030596,-0.188244,-0.314983,-0.314983,-7.8746,-4.5845,1,1,0.001900,0.00000361
1771582259.748725,2.490902,0.010000,0.001500,0.035200,-0.015725,-0.9010,-0.333532,-0.036291,-0.569474,0.436330,0.436330,10.9083,-3.3845,1,1,0.001500,0.00000225
1771582259.768303,2.510479,0.010000,0.001600,0.028400,-0.016109,-0.9230,-0.259740,-0.045036,-0.874458,0.436332,0.436332,10.9083,-2.1845,1,1,0.001600,0.00000256
1771582259.778243,2.520420,0.010000,0.002200,0.036100,-0.016109,-0.9230,-0.194796,-0.047842,-0.280688,-0.047882,-0.047882,-1.1970,-1.1970,1,1,0.002200,0.00000484
1771582259.788078,2.530255,0.010000,0.005300,0.105100,-0.015725,-0.9010,-0.136520,-0.045899,0.194329,-0.252872,-0.252872,-6.3218,-2.3970,1,1,0.005300,0.00002809
1771582259.788078,2.530255,0.010000,0.005300,0.105100,-0.015725,-0.9010,-0.136520,-0.040898,0.500135,-0.211580,-0.211580,-5.2895,-3.5970,1,1,0.005300,0.00002809
1771582259.807001,2.549178,0.010000,0.003000,0.020200,-0.014957,-0.8570,-0.083217,-0.041085,-0.018771,0.096711,0.096711,2.4178,-2.3970,1,1,0.003000,0.00000900
1771582259.816706,2.558882,0.010000,0.004600,0.056500,-0.013422,-0.7690,-0.024051,-0.045424,-0.433896,0.435367,0.435367,10.8842,-1.1970,1,1,0.004600,0.00002116
1771582259.828803,2.570980,0.010000,0.005600,0.066200,-0.012654,-0.7250,0.001134,-0.044707,0.071762,0.150667,0.150667,3.7667,0.0030,1,1,0.005600,0.00003136
1771582259.828803,2.570980,0.010000,0.005600,0.066200,-0.012654,-0.7250,0.001134,-0.039944,0.476289,-0.126739,-0.126739,-3.1685,-1.1970,1,1,0.005600,0.00003136
1771582259.847706,2.589883,0.010000,0.004600,0.025400,-0.011502,-0.6590,0.029618,-0.031945,0.799910,-0.419579,-0.419579,-10.4895,-2.3970,1,1,0.004600,0.00002116
1771582259.857479,2.599656,0.010000,0.004700,0.021400,-0.008814,-0.5050,0.089326,-0.029734,0.221049,0.000322,0.000322,0.0080,-1.1970,1,1,0.004700,0.00002209
1771582259.865513,2.607689,0.010000,0.005700,0.040200,-0.007278,-0.4170,0.105331,-0.032155,-0.242040,-0.195019,-0.195019,-4.8755,-2.3970,1,1,0.005700,0.00003249
1771582259.865513,2.607689,0.010000,0.005700,0.040200,-0.007278,-0.4170,0.105331,-0.029902,0.225247,0.007342,0.007342,0.1836,-1.1970,1,1,0.005700,0.00003249
1771582259.891885,2.634062,0.010000,0.005700,0.030900,-0.005376,-0.3080,0.126938,-0.032289,-0.238681,-0.140361,-0.140361,-3.5090,-2.3970,1,1,0.005700,0.00003249
1771582259.907360,2.649537,0.010000,0.007100,0.047500,0.001920,0.1100,0.222407,-0.030010,0.227934,0.025469,0.025469,0.6367,-1.1970,1,1,0.007100,0.00005041
1771582259.907360,2.649537,0.010000,0.007100,0.047500,0.001920,0.1100,0.222407,-0.032375,-0.236532,-0.229177,-0.229177,-5.7294,-2.3970,1,1,0.007100,0.00005041
1771582259.927283,2.669460,0.010000,0.007900,0.054800,0.004224,0.2420,0.224327,-0.030078,0.229654,0.004643,0.004643,0.1161,-1.1970,1,1,0.007900,0.00006241
1771582259.935483,2.677660,0.010000,0.008300,0.050700,0.008046,0.4610,0.264121,-0.032430,-0.235156,-0.240227,-0.240227,-6.0057,-2.3970,1,1,0.008300,0.00006889
1771582259.946074,2.688250,0.010000,0.007600,0.019700,0.009966,0.5710,0.246022,-0.030123,0.230754,-0.099228,-0.099228,-2.4807,-2.4807,1,1,0.007600,0.00005776
1771582259.946074,2.688250,0.010000,0.007600,0.019700,0.009966,0.5710,0.246022,-0.032465,-0.234276,-0.042531,-0.042531,-1.0633,-1.2807,1,1,0.007600,0.00005776
1771582259.968040,2.710216,0.010000,0.008300,0.032500,0.011502,0.6590,0.222861,-0.034631,-0.216622,-0.269527,-0.269527,-6.7382,-2.4807,1,1,0.008300,0.00006889
1771582259.976282,2.718458,0.010000,0.009300,0.049500,0.011886,0.6810,0.176732,-0.032176,0.245582,-0.155604,-0.155604,-3.8901,-3.6807,1,1,0.009300,0.00008649
1771582259.986747,2.728923,0.010000,0.008900,0.027100,0.011118,0.6370,0.113377,-0.034400,-0.222414,-0.257886,-0.257886,-6.4471,-4.8807,1,1,0.008900,0.00007921
1771582259.986747,2.728923,0.010000,0.008900,0.027100,0.011118,0.6370,0.113377,-0.040368,-0.596810,0.436332,0.436332,10.9083,-3.6807,1,1,0.008900,0.00007921
1771582260.017508,2.759685,0.010000,0.008100,0.000400,0.008430,0.4830,-0.000942,-0.049331,-0.896327,0.436332,0.436332,10.9083,-2.4807,1,1,0.008100,0.00006561
1771582260.026680,2.768857,0.010000,0.009500,0.034100,0.006144,0.3520,-0.058224,-0.052313,-0.298183,0.167465,0.167465,4.1866,-1.2807,1,1,0.009500,0.00009025
1771582260.026680,2.768857,0.010000,0.009500,0.034100,0.006144,0.3520,-0.058224,-0.050510,0.180333,-0.227499,-0.227499,-5.6875,-2.4807,1,1,0.009500,0.00009025
1771582260.048654,2.790831,0.010000,0.008900,0.012000,0.001920,0.1100,-0.149138,-0.044878,0.563145,-0.319300,-0.319300,-7.9825,-3.6807,1,1,0.008900,0.00007921
1771582260.058004,2.800181,0.010000,0.009000,0.011400,-0.008046,-0.4610,-0.361126,-0.044562,0.031637,-0.196058,-0.196058,-4.9015,-4.8807,1,1,0.009000,0.00008100
1771582260.067139,2.809315,0.010000,0.008700,0.001000,-0.013806,-0.7910,-0.414655,-0.048498,-0.393569,0.430016,0.430016,10.7504,-3.6807,1,1,0.008700,0.00007569
1771582260.067139,2.809315,0.010000,0.008700,0.001000,-0.013806,-0.7910,-0.414655,-0.055835,-0.733734,0.436332,0.436332,10.9083,-2.4807,1,1,0.008700,0.00007569
1771582260.086781,2.828957,0.010000,0.010000,0.032100,-0.019565,-1.1210,-0.454798,-0.057516,-0.168108,-0.288678,-0.288678,-7.2170,-3.6807,1,1,0.010000,0.00010000
1771582260.096639,2.838816,0.010000,0.009800,0.020000,-0.032987,-1.8900,-0.676664,-0.054672,0.284392,-0.108365,-0.108365,-2.7091,-2.7091,1,1,0.009800,0.00009604
1771582260.106274,2.848451,0.010000,0.009700,0.013000,-0.038345,-2.1970,-0.641723,-0.056586,-0.191365,-0.296812,-0.296812,-7.4203,-3.9091,1,1,0.009700,0.00009409
1771582260.106274,2.848451,0.010000,0.009700,0.013000,-0.038345,-2.1970,-0.641723,-0.054725,0.186049,-0.201606,-0.201606,-5.0402,-5.0402,1,1,0.009700,0.00009409
1771582260.137326,2.879503,0.010000,0.009600,0.005900,-0.050615,-2.9000,-0.636609,-0.057426,-0.270040,-0.036303,-0.036303,-0.9076,-3.8402,1,1,0.009600,0.00009216
1771582260.147864,2.890040,0.010000,0.009600,0.004700,-0.053302,-3.0540,-0.544560,-0.063534,-0.610834,0.436330,0.436330,10.9083,-2.6402,1,1,0.009600,0.00009216
1771582260.147864,2.890040,0.010000,0.009600,0.004700,-0.053302,-3.0540,-0.544560,-0.064232,-0.069788,-0.064905,-0.064905,-1.6226,-1.6226,1,1,0.009600,0.00009216
1771582260.168470,2.910646,0.010000,0.009700,0.004900,-0.054838,-3.1420,-0.446769,-0.060601,0.363048,0.092416,0.092416,2.3104,-0.4226,1,1,0.009700,0.00009409
1771582260.178064,2.920240,0.010000,0.009600,0.002200,-0.054838,-3.1420,-0.335086,-0.054145,0.645621,-0.221781,-0.221781,-5.5445,-1.6226,1,1,0.009600,0.00009216
1771582260.186904,2.929080,0.010000,0.009600,-0.000100,-0.054070,-3.0980,-0.232129,-0.044791,0.935375,-0.401427,-0.401427,-10.0357,-2.8226,1,1,0.009600,0.00009216
1771582260.186904,2.929080,0.010000,0.009600,-0.000100,-0.054070,-3.0980,-0.232129,-0.041497,0.329421,-0.001901,-0.001901,-0.0475,-1.6226,1,1,0.009600,0.00009216
1771582260.207640,2.949816,0.010000,0.009400,-0.003000,-0.052150,-2.9880,-0.126170,-0.043051,-0.155342,-0.092391,-0.092391,-2.3098,-2.3098,1,1,0.009400,0.00008836
1771582260.219191,2.961368,0.010000,0.009500,-0.001900,-0.045256,-2.5930,0.077946,-0.040105,0.294605,0.017841,0.017841,0.4460,-1.1098,1,1,0.009500,0.00009025
1771582260.226382,2.968559,0.010000,0.009600,0.002400,-0.041033,-2.3510,0.163921,-0.040146,-0.004176,0.196226,0.196226,4.9057,0.0902,1,1,0.009600,0.00009216
1771582260.226382,2.968559,0.010000,0.009600,0.002400,-0.041033,-2.3510,0.163921,-0.035991,0.415538,0.098645,0.098645,2.4661,1.2902,1,1,0.009600,0.00009216
1771582260.248935,2.991112,0.010000,0.009500,-0.000000,-0.036425,-2.0870,0.237993,-0.028478,0.751310,-0.268726,-0.268726,-6.7181,0.0902,1,1,0.009500,0.00009025
1771582260.259015,3.001192,0.010000,0.010000,0.010300,-0.027227,-1.5600,0.408599,-0.018279,1.019927,-0.428829,-0.428829,-10.7207,-1.1098,1,1,0.010000,0.00010000
1771582260.267125,3.009301,0.010000,0.009600,-0.001400,-0.023003,-1.3180,0.411898,-0.014308,0.397062,0.030641,0.030641,0.7660,0.0902,1,1,0.009600,0.00009216
1771582260.286346,3.028523,0.010000,0.008800,-0.022000,-0.019565,-1.1210,0.395212,-0.015320,-0.101229,-0.091442,-0.091442,-2.2860,-1.1098,1,1,0.008800,0.00007744
1771582260.296946,3.039122,0.010000,0.009200,-0.006300,-0.017645,-1.0110,0.344353,-0.011941,0.337896,-0.060023,-0.060023,-1.5006,-1.5006,1,1,0.009200,0.00008464
1771582260.306464,3.048641,0.010000,0.010300,0.022600,-0.018797,-1.0770,0.229493,-0.013427,-0.148562,-0.222816,-0.222816,-5.5704,-2.7006,1,1,0.010300,0.00010609
1771582260.306464,3.048641,0.010000,0.010300,0.022600,-0.018797,-1.0770,0.229493,-0.015979,-0.255259,0.110926,0.110926,2.7731,-1.5006,1,1,0.010300,0.00010609
1771582260.329336,3.071512,0.010000,0.008000,-0.038300,-0.019181,-1.0990,0.162543,-0.022210,-0.623086,0.436332,0.436332,10.9083,-0.3006,1,1,0.008000,0.00006400
1771582260.338728,3.080905,0.010000,0.007500,-0.041400,-0.021468,-1.2300,0.064385,-0.023006,-0.079590,0.047689,0.047689,1.1922,0.8994,1,1,0.007500,0.00005625
1771582260.347615,3.089792,0.010000,0.008700,-0.002500,-0.023003,-1.3180,0.009931,-0.019454,0.355207,-0.107476,-0.107476,-2.6869,-0.3006,1,1,0.008700,0.00007569
1771582260.347615,3.089792,0.010000,0.008700,-0.002500,-0.023003,-1.3180,0.009931,-0.012424,0.703045,-0.316478,-0.316478,-7.9120,-1.5006,1,1,0.008700,0.00007569
1771582260.367455,3.109632,0.010000,0.008300,-0.011500,-0.025307,-1.4500,-0.050073,-0.010988,0.143557,-0.179682,-0.179682,-4.4920,-2.7006,1,1,0.008300,0.00006889
1771582260.378702,3.120878,0.010000,0.008000,-0.016500,-0.027611,-1.5820,-0.095086,-0.014028,-0.304034,0.396248,0.396248,9.9062,-1.5006,1,1,0.008000,0.00006400
1771582260.387774,3.129951,0.010000,0.008400,-0.001800,-0.027611,-1.5820,-0.071314,-0.020650,-0.662106,0.436332,0.436332,10.9083,-0.3006,1,1,0.008400,0.00007056
1771582260.387774,3.129951,0.010000,0.008400,-0.001800,-0.027611,-1.5820,-0.071314,-0.021758,-0.110806,-0.035313,-0.035313,-0.8828,-0.8828,1,1,0.008400,0.00007056
1771582260.407632,3.149809,0.010000,0.009100,0.015300,-0.027611,-1.5820,-0.053477,-0.018455,0.330234,-0.148581,-0.148581,-3.7145,-2.0828,1,1,0.009100,0.00008281
1771582260.416965,3.159142,0.010000,0.008500,-0.002600,-0.027611,-1.5820,-0.040108,-0.017846,0.060940,0.037605,0.037605,0.9401,-0.8828,1,1,0.008500,0.00007225
1771582260.427253,3.169429,0.010000,0.008300,-0.006300,-0.027611,-1.5820,-0.030089,-0.021547,-0.370127,0.434414,0.434414,10.8604,0.3172,1,1,0.008300,0.00006889
1771582260.446749,3.188925,0.010000,0.007600,-0.022700,-0.027227,-1.5600,-0.012968,-0.020319,0.122777,-0.093427,-0.093427,-2.3357,-0.8828,1,1,0.007600,0.00005776
1771582260.458235,3.200411,0.010000,0.007300,-0.024500,-0.027611,-1.5820,-0.019321,-0.015148,0.517101,0.014417,0.014417,0.3604,0.3172,1,1,0.007300,0.00005329
1771582260.468130,3.210307,0.010000,0.006700,-0.033000,-0.027611,-1.5820,-0.014486,-0.015200,-0.005198,0.109089,0.109089,2.7272,1.5172,1,1,0.006700,0.00004489
1771582260.468130,3.210307,0.010000,0.006700,-0.033000,-0.027611,-1.5820,-0.014486,-0.011053,0.414720,-0.030440,-0.030440,-0.7610,0.3172,1,1,0.006700,0.00004489
1771582260.489316,3.231493,0.010000,0.006100,-0.039600,-0.026843,-1.5380,0.008308,-0.003547,0.750655,-0.338360,-0.338360,-8.4590,-0.8828,1,1,0.006100,0.00003721
1771582260.498265,3.240442,0.010000,0.006700,-0.016800,-0.025691,-1.4720,0.034994,-0.001730,0.181645,-0.116427,-0.116427,-2.9107,-2.0828,1,1,0.006700,0.00004489
1771582260.509210,3.251387,0.010000,0.005000,-0.053100,-0.025307,-1.4500,0.035832,-0.004466,-0.273563,0.414271,0.414271,10.3568,-0.8828,1,1,0.005000,0.00002500
1771582260.509210,3.251387,0.010000,0.005000,-0.053100,-0.025307,-1.4500,0.035832,-0.010843,-0.637729,0.436332,0.436332,10.9083,0.3172,1,1,0.005000,0.00002500
1771582260.526917,3.269094,0.010000,0.006400,-0.006800,-0.025307,-1.4500,0.026878,-0.011756,-0.091304,0.041752,0.041752,1.0438,1.0438,1,1,0.006400,0.00004096
1771582260.546126,3.288302,0.010000,0.005400,-0.019000,-0.025307,-1.4500,0.015115,-0.008298,0.345835,-0.089855,-0.089855,-2.2464,-0.1562,1,1,0.005400,0.00002916
1771582260.546126,3.288302,0.010000,0.005400,-0.019000,-0.025307,-1.4500,0.015115,-0.002995,0.530311,-0.019014,-0.019014,-0.4753,-0.4753,1,1,0.005400,0.00002916
1771582260.568158,3.310335,0.010000,0.004500,-0.036800,-0.025307,-1.4500,0.011345,-0.002941,0.005370,0.106358,0.106358,2.6590,0.7247,1,1,0.004500,0.00002025
1771582260.577188,3.319364,0.010000,0.003600,-0.050500,-0.024539,-1.4060,0.027681,-0.004012,-0.107109,0.007183,0.007183,0.1796,0.1796,1,1,0.003600,0.00001296
1771582260.586581,3.328757,0.010000,0.004000,-0.027800,-0.024155,-1.3840,0.030351,-0.000680,0.333192,-0.103072,-0.103072,-2.5768,-1.0204,1,1,0.004000,0.00001600
1771582260.586581,3.328757,0.010000,0.004000,-0.027800,-0.024155,-1.3840,0.030351,0.000083,0.076289,0.063511,0.063511,1.5878,0.1796,1,1,0.004000,0.00001600
1771582260.606190,3.348366,0.010000,0.002200,-0.064900,-0.024155,-1.3840,0.022759,-0.003496,-0.357848,0.435993,0.435993,10.8998,1.3796,1,1,0.002200,0.00000484
1771582260.617245,3.359421,0.010000,0.004000,-0.003400,-0.024539,-1.4060,0.007487,-0.002170,0.132601,-0.013037,-0.013037,-0.3259,0.1796,1,1,0.004000,0.00001600
1771582260.627803,3.369980,0.010000,0.001800,-0.057200,-0.024539,-1.4060,0.005620,0.003080,0.524960,0.018038,0.018038,0.4509,0.4509,1,1,0.001800,0.00000324
1771582260.627803,3.369980,0.010000,0.001800,-0.057200,-0.024539,-1.4060,0.005620,0.003091,0.001089,0.082562,0.082562,2.0640,1.6509,1,1,0.001800,0.00000324
1771582260.649043,3.391219,0.010000,0.001700,-0.047400,-0.024155,-1.3840,0.013788,0.004047,0.095593,0.020374,0.020374,0.5093,0.5093,1,1,0.001700,0.00000289
1771582260.658011,3.400187,0.010000,0.000600,-0.062500,-0.023771,-1.3620,0.019932,0.009000,0.495353,0.070149,0.070149,1.7537,1.7093,1,1,0.000600,0.00000036
1771582260.667207,3.409384,0.010000,0.001000,-0.035600,-0.023387,-1.3400,0.024539,0.008978,-0.002211,0.097663,0.097663,2.4416,2.4416,1,1,0.001000,0.00000100
1771582260.667207,3.409384,0.010000,0.001000,-0.035600,-0.023387,-1.3400,0.024539,0.013149,0.417110,-0.027653,-0.027653,-0.6913,1.2416,1,1,0.001000,0.00000100
1771582260.689595,3.431772,0.010000,0.001600,-0.011600,-0.023003,-1.3180,0.027995,0.019042,0.589287,-0.147940,-0.147940,-3.6985,0.0416,1,1,0.001600,0.00000256
1771582260.698198,3.440374,0.010000,0.000100,-0.047400,-0.022235,-1.2740,0.040160,0.019568,0.052551,0.097280,0.097280,2.4320,1.2416,1,1,0.000100,0.00000001
1771582260.707284,3.449460,0.010000,0.000800,-0.017100,-0.021468,-1.2300,0.049306,0.015799,-0.376838,0.436060,0.436060,10.9015,2.4416,1,1,0.000800,0.00000064
1771582260.707284,3.449460,0.010000,0.000800,-0.017100,-0.021468,-1.2300,0.049306,0.016973,0.117408,0.021536,0.021536,0.5384,1.2416,1,1,0.000800,0.00000064
1771582260.736067,3.478243,0.010000,-0.003200,-0.092400,-0.019565,-1.1210,0.073269,0.022101,0.512806,0.079360,0.079360,1.9840,1.9840,1,1,0.003200,0.00001024
1771582260.746968,3.489144,0.010000,-0.003800,-0.086200,-0.018797,-1.0770,0.074124,0.022015,-0.008635,0.056302,0.056302,1.4075,1.4075,1,1,0.003800,0.00001444
1771582260.746968,3.489144,0.010000,-0.003800,-0.086200,-0.018797,-1.0770,0.074124,0.024537,0.252243,-0.098612,-0.098612,-2.4653,0.2075,1,1,0.003800,0.00001444
1771582260.767687,3.509863,0.010000,-0.004000,-0.068700,-0.017261,-0.9890,0.093951,0.024543,0.000576,0.076926,0.076926,1.9232,1.4075,1,1,0.004000,0.00001600
1771582260.776064,3.518241,0.010000,-0.003400,-0.036800,-0.009966,-0.5710,0.252619,0.020359,-0.418419,0.436325,0.436325,10.9081,2.6075,1,1,0.003400,0.00001156
1771582260.788982,3.531158,0.010000,-0.004400,-0.053000,-0.004992,-0.2860,0.314107,0.021200,0.084144,0.156225,0.156225,3.9056,3.8075,1,1,0.004400,0.00001936
1771582260.788982,3.531158,0.010000,-0.004400,-0.053000,-0.004992,-0.2860,0.314107,0.026062,0.486194,-0.000440,-0.000440,-0.0110,2.6075,1,1,0.004400,0.00001936
1771582260.807777,3.549953,0.010000,-0.004500,-0.042100,-0.000768,-0.0440,0.341037,0.034141,0.807834,-0.392767,-0.392767,-9.8192,1.4075,1,1,0.004500,0.00002025
1771582260.816775,3.558952,0.010000,-0.006700,-0.085000,0.006528,0.3740,0.437938,0.036415,0.227389,-0.032054,-0.032054,-0.8014,0.2075,1,1,0.006700,0.00004489
1771582260.827620,3.569796,0.010000,-0.007800,-0.092800,0.009198,0.5270,0.395561,0.034045,-0.236968,0.433763,0.433763,10.8441,1.4075,1,1,0.007800,0.00006084
1771582260.846943,3.589119,0.010000,-0.008700,-0.091300,0.011886,0.6810,0.363779,0.027960,-0.608454,0.436332,0.436332,10.9083,2.6075,1,1,0.008700,0.00007569
1771582260.857011,3.599187,0.010000,-0.008600,-0.066200,0.015341,0.8790,0.359119,0.027282,-0.067884,0.027498,0.027498,0.6874,1.4075,1,1,0.008600,0.00007396
1771582260.866888,3.609064,0.010000,-0.009600,-0.074100,0.015725,0.9010,0.278939,0.030927,0.364572,-0.099007,-0.099007,-2.4752,0.2075,1,1,0.009600,0.00009216
1771582260.866888,3.609064,0.010000,-0.009600,-0.074100,0.015725,0.9010,0.278939,0.029655,-0.127221,0.099006,0.099006,2.4751,1.4075,1,1,0.009600,0.00009216
1771582260.887477,3.629653,0.010000,-0.008600,-0.032400,0.015341,0.8790,0.199613,0.024449,-0.520656,0.436332,0.436332,10.9083,2.6075,1,1,0.008600,0.00007396
1771582260.897560,3.639737,0.010000,-0.009600,-0.047200,0.014190,0.8130,0.120951,0.024472,0.002354,0.054358,0.054358,1.3590,1.4075,1,1,0.009600,0.00009216
1771582260.905824,3.648001,0.010000,-0.008600,-0.010900,0.013422,0.7690,0.071541,0.028680,0.420762,-0.160622,-0.160622,-4.0156,0.2075,1,1,0.008600,0.00007396
1771582260.905824,3.648001,0.010000,-0.008600,-0.010900,0.013422,0.7690,0.071541,0.027857,-0.082269,-0.081618,-0.081618,-2.0405,-0.9925,1,1,0.008600,0.00007396
1771582260.929142,3.671319,0.010000,-0.011600,-0.084700,0.011886,0.6810,0.015307,0.023010,-0.484694,0.436332,0.436332,10.9083,0.2075,1,1,0.011600,0.00013456
1771582260.935827,3.678004,0.010000,-0.012400,-0.081400,0.008046,0.4610,-0.084404,0.014944,-0.806635,0.436332,0.436332,10.9083,1.4075,1,1,0.012400,0.00015376
1771582260.949190,3.691366,0.010000,-0.013100,-0.078700,0.006144,0.3520,-0.111230,0.012679,-0.226429,0.399999,0.399999,10.0000,2.6075,1,1,0.013100,0.00017161
1771582260.949190,3.691366,0.010000,-0.013100,-0.078700,0.006144,0.3520,-0.111230,0.015057,0.237736,0.057477,0.057477,1.4369,1.4369,1,1,0.013100,0.00017161
1771582260.975658,3.717835,0.010000,-0.014100,-0.063600,-0.001920,-0.1100,-0.249530,0.021147,0.609068,-0.241535,-0.241535,-6.0384,0.2369,1,1,0.014100,0.00019881
1771582260.987144,3.729321,0.010000,-0.015000,-0.069700,-0.004224,-0.2420,-0.244660,0.021934,0.078636,0.073236,0.073236,1.8309,1.4369,1,1,0.015000,0.00022500
1771582260.987144,3.729321,0.010000,-0.015000,-0.069700,-0.004224,-0.2420,-0.244660,0.018374,-0.355970,0.436189,0.436189,10.9047,2.6369,1,1,0.015000,0.00022500
1771582261.006477,3.748654,0.010000,-0.015800,-0.072700,-0.005760,-0.3300,-0.221849,0.019715,0.134103,0.080848,0.080848,2.0212,2.0212,1,1,0.015800,0.00024964
1771582261.017081,3.759257,0.010000,-0.016500,-0.070400,-0.007662,-0.4390,-0.214326,0.024977,0.526161,-0.006569,-0.006569,-0.1642,0.8212,1,1,0.016500,0.00027225
1771582261.026232,3.768409,0.010000,-0.017400,-0.075100,-0.007278,-0.4170,-0.151163,0.027037,0.205994,0.168371,0.168371,4.2093,2.0212,1,1,0.017400,0.00030276
1771582261.026232,3.768409,0.010000,-0.017400,-0.075100,-0.007278,-0.4170,-0.151163,0.024496,-0.254084,0.426892,0.426892,10.6723,3.2212,1,1,0.017400,0.00030276
1771582261.047344,3.789521,0.010000,-0.016800,-0.040900,-0.006144,-0.3520,-0.084596,0.026652,0.215612,0.145435,0.145435,3.6359,3.6359,1,1,0.016800,0.00028224
1771582261.057207,3.799384,0.010000,-0.017600,-0.051900,-0.003456,-0.1980,0.003665,0.032566,0.591369,-0.147930,-0.147930,-3.6982,2.4359,1,1,0.017600,0.00030976
1771582261.068881,3.811057,0.010000,-0.018900,-0.072300,-0.002688,-0.1540,0.021921,0.038744,0.617844,-0.169098,-0.169098,-4.2275,1.2359,1,1,0.018900,0.00035721
1771582261.068881,3.811057,0.010000,-0.018900,-0.072300,-0.002688,-0.1540,0.021921,0.039498,0.075396,0.087450,0.087450,2.1862,2.1862,1,1,0.018900,0.00035721
1771582261.086972,3.829149,0.010000,-0.020400,-0.090500,-0.001920,-0.1100,0.035622,0.035912,-0.358562,0.436320,0.436320,10.9080,3.3862,1,1,0.020400,0.00041616
1771582261.106543,3.848720,0.010000,-0.022300,-0.088800,0.001152,0.0660,0.082345,0.036361,0.044896,0.113515,0.113515,2.8379,2.8379,1,1,0.022300,0.00049729
1771582261.106543,3.848720,0.010000,-0.022300,-0.088800,0.001152,0.0660,0.082345,0.040909,0.454796,0.141334,0.141334,3.5333,3.5333,1,1,0.022300,0.00049729
1771582261.126811,3.868987,0.010000,-0.023200,-0.087200,0.001536,0.0880,0.071349,0.042634,0.172414,0.140518,0.140518,3.5129,3.5129,1,1,0.023200,0.00053824
1771582261.135849,3.878025,0.010000,-0.023300,-0.070000,0.002304,0.1320,0.072693,0.046440,0.380699,0.138927,0.138927,3.4732,3.4732,1,1,0.023300,0.00054289
1771582261.147089,3.889266,0.010000,-0.024300,-0.077700,0.003072,0.1760,0.073688,0.049415,0.297438,0.201857,0.201857,5.0464,4.6732,1,1,0.024300,0.00059049
1771582261.147089,3.889266,0.010000,-0.024300,-0.077700,0.003072,0.1760,0.073688,0.051656,0.224066,0.176407,0.176407,4.4102,4.4102,1,1,0.024300,0.00059049
1771582261.167530,3.909706,0.010000,-0.025800,-0.095200,0.004224,0.2420,0.084038,0.057637,0.598132,-0.077446,-0.077446,-1.9362,3.2102,1,1,0.025800,0.00066564
1771582261.179781,3.921957,0.010000,-0.026500,-0.087100,0.007662,0.4390,0.149313,0.061504,0.386700,0.131175,0.131175,3.2794,3.2794,1,1,0.026500,0.00070225
1771582261.188202,3.930379,0.010000,-0.026400,-0.063600,0.010734,0.6150,0.188688,0.060409,-0.109519,0.130230,0.130230,3.2558,3.2558,1,1,0.026400,0.00069696
1771582261.188202,3.930379,0.010000,-0.026400,-0.063600,0.010734,0.6150,0.188688,0.059774,-0.063459,0.121071,0.121071,3.0268,3.0268,1,1,0.026400,0.00069696
1771582261.206113,3.948289,0.010000,-0.027600,-0.079300,0.014957,0.8570,0.246964,0.059184,-0.059007,0.138099,0.138099,3.4525,3.4525,1,1,0.027600,0.00076176
1771582261.216685,3.958861,0.010000,-0.027800,-0.062400,0.024155,1.3840,0.415319,0.057913,-0.127139,0.348409,0.348409,8.7102,4.6525,1,1,0.027800,0.00077284
1771582261.228345,3.970521,0.010000,-0.028100,-0.054300,0.029531,1.6920,0.445722,0.058382,0.046892,0.193069,0.193069,4.8267,4.8267,1,1,0.028100,0.00078961
1771582261.247081,3.989257,0.010000,-0.029600,-0.078800,0.034139,1.9560,0.449335,0.062945,0.456392,0.174436,0.174436,4.3609,4.3609,1,1,0.029600,0.00087616
1771582261.257760,3.999937,0.010000,-0.029900,-0.068100,0.041033,2.3510,0.509584,0.067205,0.425935,0.139313,0.139313,3.4828,3.4828,1,1,0.029900,0.00089401
1771582261.266732,4.008909,0.010000,-0.029000,-0.027300,0.042953,2.4610,0.430119,0.068986,0.178142,0.121006,0.121006,3.0251,3.0251,1,1,0.029000,0.00084100
1771582261.266732,4.008909,0.010000,-0.029000,-0.027300,0.042953,2.4610,0.430119,0.067346,-0.163993,0.409555,0.409555,10.2389,4.2251,1,1,0.029000,0.00084100
1771582261.288460,4.030637,0.010000,-0.030600,-0.060500,0.044104,2.5270,0.351352,0.064437,-0.290951,0.436284,0.436284,10.9071,5.4251,1,1,0.030600,0.00093636
1771582261.296988,4.039165,0.010000,-0.030600,-0.044900,0.043720,2.5050,0.253928,0.066298,0.186118,0.080976,0.080976,2.0244,4.2251,1,1,0.030600,0.00093636
1771582261.305403,4.047580,0.010000,-0.030600,-0.033400,0.042569,2.4390,0.161687,0.071976,0.567773,-0.123146,-0.123146,-3.0787,3.0251,1,1,0.030600,0.00093636
1771582261.305403,4.047580,0.010000,-0.030600,-0.033400,0.042569,2.4390,0.161687,0.072329,0.035340,0.077219,0.077219,1.9305,1.9305,1,1,0.030600,0.00093636
1771582261.326083,4.068260,0.010000,-0.030500,-0.022600,0.041417,2.3730,0.092502,0.068423,-0.390607,0.436328,0.436328,10.9082,3.1305,1,1,0.030500,0.00093025
1771582261.336215,4.078391,0.010000,-0.030700,-0.021800,0.041801,2.3950,0.078959,0.061477,-0.694600,0.436332,0.436332,10.9083,4.3305,1,1,0.030700,0.00094249
1771582261.349840,4.092017,0.010000,-0.031000,-0.024000,0.041801,2.3950,0.059219,0.060109,-0.136801,0.228869,0.228869,5.7217,5.5305,1,1,0.031000,0.00096100
1771582261.365911,4.108088,0.010000,-0.030900,-0.016900,0.041417,2.3730,0.034837,0.063203,0.309438,0.028879,0.028879,0.7220,4.3305,1,1,0.030900,0.00095481
1771582261.376916,4.119092,0.010000,-0.030700,-0.006300,0.037961,2.1750,-0.060161,0.069868,0.666430,-0.386922,-0.386922,-9.6730,3.1305,1,1,0.030700,0.00094249
1771582261.386425,4.128602,0.010000,-0.029800,0.016400,0.036809,2.1090,-0.073880,0.071010,0.114265,0.123750,0.123750,3.0938,3.0938,1,1,0.029800,0.00088804
1771582261.386425,4.128602,0.010000,-0.029800,0.016400,0.036809,2.1090,-0.073880,0.067736,-0.327467,0.435154,0.435154,10.8789,4.2938,1,1,0.029800,0.00088804
1771582261.407497,4.149673,0.010000,-0.030300,0.001500,0.037193,2.1310,-0.045832,0.064988,-0.274790,0.430726,0.430726,10.7681,5.4938,1,1,0.030300,0.00091809
1771582261.417047,4.159223,0.010000,-0.030700,-0.009300,0.037961,2.1750,-0.015202,0.066978,0.199047,0.068763,0.068763,1.7191,4.2938,1,1,0.030700,0.00094249
1771582261.427188,4.169365,0.010000,-0.029800,0.014000,0.037961,2.1750,-0.011397,0.072759,0.578117,-0.277606,-0.277606,-6.9402,3.0938,1,1,0.029800,0.00088804
1771582261.427188,4.169365,0.010000,-0.029800,0.014000,0.037961,2.1750,-0.011397,0.073196,0.043614,0.082067,0.082067,2.0517,2.0517,1,1,0.029800,0.00088804
1771582261.446412,4.188589,0.010000,-0.028900,0.033900,0.038729,2.2190,0.010629,0.069356,-0.383988,0.436207,0.436207,10.9052,3.2517,1,1,0.028900,0.00083521
1771582261.456448,4.198624,0.010000,-0.027700,0.055200,0.041417,2.3730,0.075084,0.062646,-0.670944,0.436332,0.436332,10.9083,4.4517,1,1,0.027700,0.00076729
1771582261.467458,4.209634,0.010000,-0.028100,0.031300,0.042185,2.4170,0.075485,0.061467,-0.117876,-0.243990,-0.243990,-6.0998,3.2517,1,1,0.028100,0.00078961
1771582261.487288,4.229464,0.010000,-0.027300,0.044700,0.042569,2.4390,0.066200,0.064713,0.324578,-0.070316,-0.070316,-1.7579,2.0517,1,1,0.027300,0.00074529
1771582261.496870,4.239046,0.010000,-0.027500,0.028600,0.041033,2.3510,0.011310,0.063121,-0.159216,-0.135243,-0.135243,-3.3811,0.8517,1,1,0.027500,0.00075625
1771582261.506686,4.248862,0.010000,-0.027100,0.030200,0.039113,2.2410,-0.039462,0.057659,-0.546252,0.436332,0.436332,10.9083,2.0517,1,1,0.027100,0.00073441
1771582261.506686,4.248862,0.010000,-0.027100,0.030200,0.039113,2.2410,-0.039462,0.049100,-0.855881,0.436332,0.436332,10.9083,3.2517,1,1,0.027100,0.00073441
1771582261.527637,4.269814,0.010000,-0.026000,0.051200,0.036809,2.1090,-0.087127,0.046441,-0.265826,0.314797,0.314797,7.8699,4.4517,1,1,0.026000,0.00067600
1771582261.537501,4.279677,0.010000,-0.026400,0.028400,0.031835,1.8240,-0.189979,0.048504,0.206219,0.011587,0.011587,0.2897,3.2517,1,1,0.026400,0.00069696
1771582261.547850,4.290026,0.010000,-0.025700,0.037300,0.030299,1.7360,-0.180834,0.054342,0.583854,-0.361607,-0.361607,-9.0402,2.0517,1,1,0.025700,0.00066049
1771582261.547850,4.290026,0.010000,-0.025700,0.037300,0.030299,1.7360,-0.180834,0.054824,0.048204,0.024412,0.024412,0.6103,0.8517,1,1,0.025700,0.00066049
1771582261.567773,4.309950,0.010000,-0.025000,0.045900,0.030299,1.7360,-0.135630,0.051021,-0.380316,0.435330,0.435330,10.8832,2.0517,1,1,0.025000,0.00062500
1771582261.576446,4.318623,0.010000,-0.024700,0.042700,0.033755,1.9340,-0.015429,0.043790,-0.723132,0.436332,0.436332,10.9083,3.2517,1,1,0.024700,0.00061009
1771582261.587211,4.329387,0.010000,-0.023500,0.060500,0.035273,2.0210,0.026773,0.042194,-0.159626,-0.338947,-0.338947,-8.4737,2.0517,1,1,0.023500,0.00055225
1771582261.606723,4.348899,0.010000,-0.022900,0.061100,0.036425,2.0870,0.048852,0.045105,0.291178,-0.116364,-0.116364,-2.9091,0.8517,1,1,0.022900,0.00052441
1771582261.616608,4.358784,0.010000,-0.022400,0.058000,0.036425,2.0870,0.036634,0.043246,-0.185937,-0.240364,-0.240364,-6.0091,-0.3483,1,1,0.022400,0.00050176
1771582261.627539,4.369716,0.010000,-0.020900,0.080700,0.035273,2.0210,-0.001292,0.037570,-0.567628,0.436332,0.436332,10.9083,0.8517,1,1,0.020900,0.00043681
1771582261.627539,4.369716,0.010000,-0.020900,0.080700,0.035273,2.0210,-0.001292,0.028840,-0.872982,0.436332,0.436332,10.9083,2.0517,1,1,0.020900,0.00043681
1771582261.646924,4.389101,0.010000,-0.021400,0.049800,0.034139,1.9560,-0.029723,0.026045,-0.279506,0.354849,0.354849,8.8712,3.2517,1,1,0.021400,0.00045796
1771582261.656915,4.399091,0.010000,-0.020100,0.068400,0.031835,1.8240,-0.079814,0.027998,0.195274,-0.094332,-0.094332,-2.3583,2.0517,1,1,0.020100,0.00040401
1771582261.667344,4.409520,0.010000,-0.020000,0.054100,0.031451,1.8020,-0.069447,0.033748,0.575098,-0.339744,-0.339744,-8.4936,0.8517,1,1,0.020000,0.00040000
1771582261.667344,4.409520,0.010000,-0.020000,0.054100,0.031451,1.8020,-0.069447,0.034160,0.041200,-0.028635,-0.028635,-0.7159,-0.3483,1,1,0.020000,0.00040000
1771582261.689873,4.432050,0.010000,-0.017900,0.092800,0.031835,1.8240,-0.042499,0.030301,-0.385919,0.429443,0.429443,10.7361,0.8517,1,1,0.017900,0.00032041
1771582261.696901,4.439077,0.010000,-0.017300,0.085100,0.033371,1.9120,0.006475,0.023025,-0.727615,0.436332,0.436332,10.9083,2.0517,1,1,0.017300,0.00029929
1771582261.707420,4.449596,0.010000,-0.018000,0.047500,0.034139,1.9560,0.024033,0.021393,-0.163213,-0.321039,-0.321039,-8.0260,0.8517,1,1,0.018000,0.00032400
1771582261.725897,4.468074,0.010000,-0.018100,0.032700,0.034139,1.9560,0.018029,0.024276,0.288309,-0.096106,-0.096106,-2.4026,-0.3483,1,1,0.018100,0.00032761
1771582261.736410,4.478586,0.010000,-0.016500,0.064800,0.032603,1.8680,-0.024836,0.022394,-0.188232,-0.348086,-0.348086,-8.7022,-1.5483,1,1,0.016500,0.00027225
1771582261.746125,4.488302,0.010000,-0.015600,0.069600,0.031451,1.8020,-0.047386,0.016699,-0.569465,0.436332,0.436332,10.9083,-0.3483,1,1,0.015600,0.00024336
1771582261.746125,4.488302,0.010000,-0.015600,0.069600,0.031451,1.8020,-0.047386,0.007955,-0.874451,0.436332,0.436332,10.9083,0.8517,1,1,0.015600,0.00024336
1771582261.767244,4.509421,0.010000,-0.015300,0.060800,0.029915,1.7140,-0.073897,0.005148,-0.280681,0.211716,0.211716,5.2929,2.0517,1,1,0.015300,0.00023409
1771582261.776301,4.518478,0.010000,-0.014000,0.076600,0.026459,1.5160,-0.141703,0.007091,0.194334,-0.137690,-0.137690,-3.4422,0.8517,1,1,0.014000,0.00019600
1771582261.787915,4.530092,0.010000,-0.014600,0.043000,0.024155,1.3840,-0.163799,0.012835,0.574346,-0.380326,-0.380326,-9.5081,-0.3483,1,1,0.014600,0.00021316
1771582261.787915,4.530092,0.010000,-0.014600,0.043000,0.024155,1.3840,-0.163799,0.013241,0.040598,0.017575,0.017575,0.4394,0.4394,1,1,0.014600,0.00021316
1771582261.815529,4.557705,0.010000,-0.012400,0.069900,0.025307,1.4500,-0.058591,0.009377,-0.386401,0.432372,0.432372,10.8093,1.6394,1,1,0.012400,0.00015376
1771582261.826041,4.568218,0.010000,-0.011600,0.071700,0.026459,1.5160,-0.015167,0.009035,-0.034163,-0.160662,-0.160662,-4.0166,0.4394,1,1,0.011600,0.00013456
1771582261.826041,4.568218,0.010000,-0.011600,0.071700,0.026459,1.5160,-0.015167,0.012950,0.391549,-0.215237,-0.215237,-5.3809,-0.7606,1,1,0.011600,0.00013456
1771582261.847869,4.590046,0.010000,-0.009500,0.105200,0.027227,1.5600,0.007802,0.011894,-0.105640,-0.346940,-0.346940,-8.6735,-1.9606,1,1,0.009500,0.00009025
1771582261.856977,4.599154,0.010000,-0.007800,0.122800,0.027995,1.6040,0.025028,0.006860,-0.503391,0.436113,0.436113,10.9028,-0.7606,1,1,0.007800,0.00006084
1771582261.867206,4.609383,0.010000,-0.007800,0.092300,0.027611,1.5820,0.009180,-0.001356,-0.821592,0.436332,0.436332,10.9083,0.4394,1,1,0.007800,0.00006084
1771582261.867206,4.609383,0.010000,-0.007800,0.092300,0.027611,1.5820,0.009180,-0.003740,-0.238394,-0.328163,-0.328163,-8.2041,-0.7606,1,1,0.007800,0.00006084
1771582261.886903,4.629079,0.010000,-0.007300,0.081800,0.027227,1.5600,-0.002705,-0.001458,0.228164,-0.175290,-0.175290,-4.3823,-1.9606,1,1,0.007300,0.00005329
1771582261.897385,4.639562,0.010000,-0.008500,0.031700,0.025307,1.4500,-0.049969,-0.003822,-0.236348,0.049869,0.049869,1.2467,-0.7606,1,1,0.008500,0.00007225
1771582261.906754,4.648931,0.010000,-0.007900,0.036700,0.023771,1.3620,-0.075817,-0.009901,-0.607958,0.436332,0.436332,10.9083,0.4394,1,1,0.007900,0.00006241
1771582261.906754,4.648931,0.010000,-0.007900,0.036700,0.023771,1.3620,-0.075817,-0.010576,-0.067487,-0.111889,-0.111889,-2.7972,-0.7606,1,1,0.007900,0.00006241
1771582261.928080,4.670257,0.010000,-0.006300,0.068500,0.022235,1.2740,-0.095225,-0.006927,0.364889,-0.257305,-0.257305,-6.4326,-1.9606,1,1,0.006300,0.00003969
1771582261.947173,4.689349,0.010000,-0.003700,0.094900,0.015725,0.9010,-0.192580,-0.008197,-0.126968,-0.347835,-0.347835,-8.6959,-3.1606,1,1,0.003700,0.00001369
1771582261.947173,4.689349,0.010000,-0.003700,0.094900,0.015725,0.9010,-0.192580,-0.013401,-0.520453,0.436245,0.436245,10.9061,-1.9606,1,1,0.003700,0.00001369
1771582261.966670,4.708847,0.010000,-0.003800,0.068300,0.013422,0.7690,-0.201952,-0.021754,-0.835241,0.436332,0.436332,10.9083,-0.7606,1,1,0.003800,0.00001444
1771582261.977738,4.719915,0.010000,-0.004900,0.024500,0.007662,0.4390,-0.295275,-0.024247,-0.249314,-0.141268,-0.141268,-3.5317,-1.9606,1,1,0.004900,0.00002401
1771582261.986109,4.728286,0.010000,-0.004400,0.031000,0.004224,0.2420,-0.307736,-0.022053,0.219428,-0.185109,-0.185109,-4.6277,-3.1606,1,1,0.004400,0.00001936
1771582261.986109,4.728286,0.010000,-0.004400,0.031000,0.004224,0.2420,-0.307736,-0.024486,-0.243337,-0.236190,-0.236190,-5.9047,-4.3606,1,1,0.004400,0.00001936
1771582262.006964,4.749141,0.010000,-0.003500,0.044800,0.000768,0.0440,-0.317091,-0.030621,-0.613549,0.436332,0.436332,10.9083,-3.1606,1,1,0.003500,0.00001225
1771582262.016257,4.758433,0.010000,-0.002300,0.064700,-0.004992,-0.2860,-0.381634,-0.039719,-0.909718,0.436332,0.436332,10.9083,-1.9606,1,1,0.002300,0.00000529
1771582262.026784,4.768960,0.010000,-0.002500,0.042300,-0.007662,-0.4390,-0.353342,-0.042808,-0.308895,0.094798,0.094798,2.3699,-0.7606,1,1,0.002500,0.00000625
1771582262.026784,4.768960,0.010000,-0.002500,0.042300,-0.007662,-0.4390,-0.353342,-0.041090,0.171763,-0.188747,-0.188747,-4.7187,-1.9606,1,1,0.002500,0.00000625
1771582262.047249,4.789426,0.010000,-0.000600,0.079500,-0.010734,-0.6150,-0.341701,-0.035527,0.556289,-0.302798,-0.302798,-7.5700,-3.1606,1,1,0.000600,0.00000036
1771582262.056926,4.799102,0.010000,-0.000600,0.058700,-0.017261,-0.9890,-0.419263,-0.035266,0.026152,-0.126689,-0.126689,-3.1672,-3.1672,1,1,0.000600,0.00000036
1771582262.067020,4.809196,0.010000,0.000300,0.068600,-0.020333,-1.1650,-0.391146,-0.039245,-0.397957,0.391615,0.391615,9.7904,-1.9672,1,1,0.000300,0.00000009
1771582262.067020,4.809196,0.010000,0.000300,0.068600,-0.020333,-1.1650,-0.391146,-0.042452,-0.320668,-0.122537,-0.122537,-3.0634,-3.0634,1,1,0.000300,0.00000009
1771582262.088752,4.830929,0.010000,0.000500,0.055500,-0.023771,-1.3620,-0.379644,-0.040828,0.162345,-0.270628,-0.270628,-6.7657,-4.2634,1,1,0.000500,0.00000025
1771582262.095225,4.837402,0.010000,0.000000,0.029500,-0.029147,-1.6700,-0.418949,-0.043356,-0.252770,-0.260608,-0.260608,-6.5152,-5.4634,1,1,0.000000,0.00000000
1771582262.106115,4.848292,0.010000,0.002000,0.072200,-0.031451,-1.8020,-0.371738,-0.049567,-0.621095,0.436331,0.436331,10.9083,-4.2634,1,1,0.002000,0.00000400
1771582262.106115,4.848292,0.010000,0.002000,0.072200,-0.031451,-1.8020,-0.371738,-0.058725,-0.915755,0.436332,0.436332,10.9083,-3.0634,1,1,0.002000,0.00000400
1771582262.136685,4.878862,0.010000,0.001000,0.019300,-0.038345,-2.1970,-0.367305,-0.061862,-0.313725,0.087142,0.087142,2.1785,-1.8634,1,1,0.001000,0.00000100
1771582262.146966,4.889143,0.010000,0.002200,0.044500,-0.040649,-2.3290,-0.332991,-0.060183,0.167899,-0.211806,-0.211806,-5.2951,-3.0634,1,1,0.002200,0.00000484
1771582262.146966,4.889143,0.010000,0.002200,0.044500,-0.040649,-2.3290,-0.332991,-0.054651,0.553198,-0.143256,-0.143256,-3.5814,-3.5814,1,1,0.002200,0.00000484
1771582262.167386,4.909563,0.010000,0.001700,0.019200,-0.042569,-2.4390,-0.297683,-0.054414,0.023679,0.115684,0.115684,2.8921,-2.3814,1,1,0.001700,0.00000289
1771582262.177701,4.919877,0.010000,0.001500,0.010900,-0.045256,-2.5930,-0.290370,-0.056033,-0.161866,-0.184126,-0.184126,-4.6031,-3.5814,1,1,0.001500,0.00000225
1771582262.186619,4.928795,0.010000,0.003100,0.046300,-0.046024,-2.6370,-0.236963,-0.053139,0.289386,-0.128730,-0.128730,-3.2182,-3.2182,1,1,0.003100,0.00000961
1771582262.186619,4.928795,0.010000,0.003100,0.046300,-0.046024,-2.6370,-0.236963,-0.055013,-0.187370,-0.165007,-0.165007,-4.1252,-4.1252,1,1,0.003100,0.00000961
1771582262.207227,4.949404,0.010000,0.003700,0.050400,-0.046408,-2.6590,-0.187309,-0.055244,-0.023129,0.139993,0.139993,3.4998,-2.9252,1,1,0.003700,0.00001369
1771582262.215795,4.957972,0.010000,0.004500,0.057500,-0.045640,-2.6150,-0.121300,-0.058595,-0.335080,0.300743,0.300743,7.5186,-1.7252,1,1,0.004500,0.00002025
1771582262.227964,4.970140,0.010000,0.003800,0.025500,-0.044872,-2.5710,-0.071803,-0.057086,0.150815,-0.024283,-0.024283,-0.6071,-0.6071,1,1,0.003800,0.00001444
1771582262.227964,4.970140,0.010000,0.003800,0.025500,-0.044872,-2.5710,-0.071803,-0.051691,0.539531,-0.024678,-0.024678,-0.6169,-0.6169,1,1,0.003800,0.00001444
1771582262.246997,4.989174,0.010000,0.002900,-0.003600,-0.044104,-2.5270,-0.034680,-0.043472,0.821913,-0.351362,-0.351362,-8.7841,-1.8169,1,1,0.002900,0.00000841
1771582262.258937,5.001114,0.010000,0.002800,-0.003300,-0.042185,-2.4170,0.021921,-0.036931,0.654086,-0.168633,-0.168633,-4.2158,-3.0169,1,1,0.002800,0.00000784
1771582262.268686,5.010863,0.010000,0.003300,0.009500,-0.041033,-2.3510,0.045204,-0.035887,0.104390,0.134151,0.134151,3.3538,-1.8169,1,1,0.003300,0.00001089
1771582262.268686,5.010863,0.010000,0.003300,0.009500,-0.041033,-2.3510,0.045204,-0.039241,-0.335367,0.423466,0.423466,10.5867,-0.6169,1,1,0.003300,0.00001089
1771582262.288674,5.030851,0.010000,0.002800,-0.006900,-0.039113,-2.2410,0.081838,-0.037735,0.150585,0.056244,0.056244,1.4061,0.5831,1,1,0.002800,0.00000784
1771582262.299483,5.041660,0.010000,0.003400,0.010400,-0.035657,-2.0430,0.147672,-0.032342,0.539347,0.093693,0.093693,2.3423,1.7831,1,1,0.003400,0.00001156
1771582262.305772,5.047948,0.010000,0.004300,0.030000,-0.033755,-1.9340,0.158685,-0.023838,0.850357,-0.397898,-0.397898,-9.9474,0.5831,1,1,0.004300,0.00001849
1771582262.326478,5.068655,0.010000,0.002500,-0.021500,-0.032219,-1.8460,0.157359,-0.012846,1.099165,-0.430381,-0.430381,-10.7595,-0.6169,1,1,0.002500,0.00000625
1771582262.337425,5.079601,0.010000,0.002500,-0.017200,-0.029147,-1.6700,0.194726,-0.008242,0.460453,0.100295,0.100295,2.5074,0.5831,1,1,0.002500,0.00000625
1771582262.346918,5.089095,0.010000,0.002600,-0.010400,-0.026843,-1.5380,0.203575,-0.008747,-0.050517,0.117624,0.117624,2.9406,1.7831,1,1,0.002600,0.00000676
1771582262.346918,5.089095,0.010000,0.002600,-0.010400,-0.026843,-1.5380,0.203575,-0.004962,0.378465,0.041028,0.041028,1.0257,1.0257,1,1,0.002600,0.00000676
1771582262.367343,5.109519,0.010000,0.002800,-0.001600,-0.024923,-1.4280,0.200608,0.002254,0.721651,-0.282733,-0.282733,-7.0683,-0.1743,1,1,0.002800,0.00000784
1771582262.376383,5.118560,0.010000,0.002000,-0.022700,-0.019949,-1.1430,0.275099,0.005384,0.312952,-0.020442,-0.020442,-0.5111,-0.5111,1,1,0.002000,0.00000400
1771582262.387332,5.129509,0.010000,0.001900,-0.019000,-0.016877,-0.9670,0.283023,0.003698,-0.168517,-0.070030,-0.070030,-1.7508,-1.7111,1,1,0.001900,0.00000361
1771582262.387332,5.129509,0.010000,0.001900,-0.019000,-0.016877,-0.9670,0.283023,0.001175,-0.252360,0.392035,0.392035,9.8009,-0.5111,1,1,0.001900,0.00000361
1771582262.407535,5.149711,0.010000,0.001400,-0.025500,-0.012270,-0.7030,0.327319,-0.005033,-0.620767,0.436332,0.436332,10.9083,0.6889,1,1,0.001400,0.00000196
1771582262.416558,5.158735,0.010000,0.002200,-0.000500,-0.000384,-0.0220,0.542693,-0.005810,-0.077735,-0.289074,-0.289074,-7.2269,-0.5111,1,1,0.002200,0.00000484
1771582262.426163,5.168340,0.010000,0.002000,-0.004700,0.005376,0.3080,0.550826,-0.002243,0.356691,-0.042729,-0.042729,-1.0682,-1.0682,1,1,0.002000,0.00000400
1771582262.447234,5.189411,0.010000,0.001200,-0.023300,0.010734,0.6150,0.547353,-0.003578,-0.133526,-0.344098,-0.344098,-8.6025,-2.2682,1,1,0.001200,0.00000144
1771582262.456785,5.198962,0.010000,0.001200,-0.016900,0.020333,1.1650,0.650188,-0.006592,-0.301312,0.433439,0.433439,10.8360,-1.0682,1,1,0.001200,0.00000144
1771582262.467244,5.209421,0.010000,0.001200,-0.012400,0.022619,1.2960,0.545171,-0.013191,-0.659928,0.436332,0.436332,10.9083,0.1318,1,1,0.001200,0.00000144
1771582262.467244,5.209421,0.010000,0.001200,-0.012400,0.022619,1.2960,0.545171,-0.014282,-0.109064,-0.342203,-0.342203,-8.5551,-1.0682,1,1,0.001200,0.00000144
1771582262.486870,5.229047,0.010000,0.004200,0.065600,0.023003,1.3180,0.418460,-0.010965,0.331628,-0.097839,-0.097839,-2.4460,-2.2682,1,1,0.004200,0.00001764
1771582262.495407,5.237584,0.010000,0.002100,-0.004900,0.020333,1.1650,0.246737,-0.012501,-0.153577,-0.237443,-0.237443,-5.9361,-3.4682,1,1,0.002100,0.00000441
1771582262.505790,5.247966,0.010000,0.002100,-0.004300,0.019181,1.0990,0.156294,-0.017918,-0.541740,0.436332,0.436332,10.9083,-2.2682,1,1,0.002100,0.00000441
1771582262.505790,5.247966,0.010000,0.002100,-0.004300,0.019181,1.0990,0.156294,-0.026441,-0.852271,0.436332,0.436332,10.9083,-1.0682,1,1,0.002100,0.00000441
1771582262.528879,5.271056,0.010000,0.001900,-0.006700,0.018029,1.0330,0.088453,-0.029071,-0.262938,0.331576,0.331576,8.2894,0.1318,1,1,0.001900,0.00000361
1771582262.536544,5.278721,0.010000,0.001600,-0.012100,0.012654,0.7250,-0.067876,-0.026985,0.208529,-0.212995,-0.212995,-5.3249,-1.0682,1,1,0.001600,0.00000256
1771582262.545865,5.288042,0.010000,0.002700,0.018700,0.009582,0.5490,-0.127618,-0.021128,0.585702,-0.364602,-0.364602,-9.1151,-2.2682,1,1,0.002700,0.00000729
1771582262.566736,5.308913,0.010000,0.001400,-0.020100,0.006912,0.3960,-0.162822,-0.020631,0.049683,-0.083013,-0.083013,-2.0753,-2.0753,1,1,0.001400,0.00000196
1771582262.576764,5.318941,0.010000,0.001800,-0.005000,0.003456,0.1980,-0.208392,-0.024423,-0.379133,0.434945,0.434945,10.8736,-0.8753,1,1,0.001800,0.00000324
1771582262.585785,5.327962,0.010000,0.002000,0.002300,0.001920,0.1100,-0.194657,-0.026782,-0.235971,-0.169703,-0.169703,-4.2426,-2.0753,1,1,0.002000,0.00000400
1771582262.585785,5.327962,0.010000,0.002000,0.002300,0.001920,0.1100,-0.194657,-0.024481,0.230102,-0.203573,-0.203573,-5.0893,-3.2753,1,1,0.002000,0.00000400
1771582262.607779,5.349955,0.010000,0.002200,0.005900,0.000768,0.0440,-0.174742,-0.026829,-0.234798,-0.176516,-0.176516,-4.4129,-4.4129,1,1,0.002200,0.00000484
1771582262.616168,5.358345,0.010000,0.002300,0.006900,0.000384,0.0220,-0.140656,-0.032897,-0.606717,0.436332,0.436332,10.9083,-3.2129,1,1,0.002300,0.00000529
1771582262.626384,5.368560,0.010000,0.002800,0.016800,0.000384,0.0220,-0.105488,-0.041721,-0.882458,0.436332,0.436332,10.9083,-2.0129,1,1,0.002800,0.00000784
1771582262.626384,5.368560,0.010000,0.002800,0.016800,0.000384,0.0220,-0.105488,-0.044592,-0.287087,0.232875,0.232875,5.8219,-0.8129,1,1,0.002800,0.00000784
1771582262.645967,5.388143,0.010000,0.003000,0.019000,0.000384,0.0220,-0.079116,-0.042700,0.189209,-0.122643,-0.122643,-3.0661,-2.0129,1,1,0.003000,0.00000900
1771582262.657647,5.399824,0.010000,0.002400,-0.001600,-0.003072,-0.1760,-0.145630,-0.036997,0.570247,-0.281321,-0.281321,-7.0330,-3.2129,1,1,0.002400,0.00000576
1771582262.666084,5.408260,0.010000,0.002600,0.005300,-0.006528,-0.3740,-0.195512,-0.036624,0.037318,0.006185,0.006185,0.1546,-2.0129,1,1,0.002600,0.00000676
1771582262.666084,5.408260,0.010000,0.002600,0.005300,-0.006528,-0.3740,-0.195512,-0.040514,-0.389024,0.434487,0.434487,10.8622,-0.8129,1,1,0.002600,0.00000676
1771582262.687460,5.429636,0.010000,0.003000,0.012100,-0.009198,-0.5270,-0.213733,-0.039438,0.107659,-0.130895,-0.130895,-3.2724,-2.0129,1,1,0.003000,0.00000900
1771582262.697484,5.439660,0.010000,0.003100,0.013500,-0.013422,-0.7690,-0.265761,-0.034388,0.505007,-0.183596,-0.183596,-4.5899,-3.2129,1,1,0.003100,0.00000961
1771582262.705824,5.448001,0.010000,0.002500,-0.005400,-0.016109,-0.9230,-0.266442,-0.034537,-0.014874,0.035632,0.035632,0.8908,-2.0129,1,1,0.002500,0.00000625
1771582262.705824,5.448001,0.010000,0.002500,-0.005400,-0.016109,-0.9230,-0.266442,-0.038844,-0.430778,0.436116,0.436116,10.9029,-0.8129,1,1,0.002500,0.00000625
1771582262.726969,5.469146,0.010000,0.002400,-0.007500,-0.018797,-1.0770,-0.266931,-0.038102,0.074257,-0.037587,-0.037587,-0.9397,-0.9397,1,1,0.002400,0.00000576
1771582262.738679,5.480855,0.010000,0.002200,-0.011200,-0.024923,-1.4280,-0.353604,-0.033319,0.478284,-0.031290,-0.031290,-0.7823,-0.7823,1,1,0.002200,0.00000484
1771582262.747839,5.490016,0.010000,0.002300,-0.004800,-0.027227,-1.5600,-0.322729,-0.029935,0.338372,0.044846,0.044846,1.1211,0.4177,1,1,0.002300,0.00000529
1771582262.767573,5.509749,0.010000,0.002300,-0.003800,-0.029147,-1.6700,-0.289986,-0.026679,0.325644,0.016246,0.016246,0.4062,0.4062,1,1,0.002300,0.00000529
1771582262.777089,5.519265,0.010000,0.002800,0.009400,-0.032219,-1.8460,-0.294193,-0.019885,0.679394,-0.303785,-0.303785,-7.5946,-0.7938,1,1,0.002800,0.00000784
1771582262.786441,5.528617,0.010000,0.002800,0.007100,-0.032987,-1.8900,-0.239808,-0.014490,0.539474,-0.128581,-0.128581,-3.2145,-1.9938,1,1,0.002800,0.00000784
1771582262.786441,5.528617,0.010000,0.002800,0.007100,-0.032987,-1.8900,-0.239808,-0.014363,0.012700,0.072853,0.072853,1.8213,-0.7938,1,1,0.002800,0.00000784
1771582262.807698,5.549875,0.010000,0.002500,-0.001100,-0.032987,-1.8900,-0.179856,-0.018450,-0.408719,0.435973,0.435973,10.8993,0.4062,1,1,0.002500,0.00000625
1771582262.816693,5.558870,0.010000,0.002300,-0.005200,-0.032219,-1.8460,-0.115715,-0.017531,0.091904,-0.004134,-0.004134,-0.1033,-0.1033,1,1,0.002300,0.00000529
1771582262.825495,5.567671,0.010000,0.001800,-0.018100,-0.031451,-1.8020,-0.067614,-0.012607,0.492402,0.055095,0.055095,1.3774,1.0967,1,1,0.001800,0.00000324
1771582262.825495,5.567671,0.010000,0.001800,-0.018100,-0.031451,-1.8020,-0.067614,-0.010447,0.216069,-0.090026,-0.090026,-2.2506,-0.1033,1,1,0.001800,0.00000324
1771582262.846393,5.588570,0.010000,0.002100,-0.005900,-0.030683,-1.7580,-0.031538,-0.004529,0.591734,-0.160006,-0.160006,-4.0001,-1.3033,1,1,0.002100,0.00000441
1771582262.866033,5.608210,0.010000,0.002000,-0.004600,-0.026459,-1.5160,0.070948,-0.003984,0.054508,0.146449,0.146449,3.6612,-0.1033,1,1,0.002000,0.00000400
1771582262.866033,5.608210,0.010000,0.002000,-0.004600,-0.026459,-1.5160,0.070948,-0.007737,-0.375273,0.435677,0.435677,10.8919,1.0967,1,1,0.002000,0.00000400
1771582262.887468,5.629645,0.010000,0.002400,0.007300,-0.024923,-1.4280,0.091560,-0.006550,0.118661,0.136557,0.136557,3.4139,2.2967,1,1,0.002400,0.00000576
1771582262.896509,5.638685,0.010000,0.006200,0.099600,-0.021852,-1.2520,0.145368,-0.001412,0.513808,-0.031128,-0.031128,-0.7782,1.0967,1,1,0.006200,0.00003844
1771582262.906582,5.648759,0.010000,0.002200,-0.025200,-0.020333,-1.1650,0.147376,0.006887,0.829925,-0.389943,-0.389943,-9.7486,-0.1033,1,1,0.002200,0.00000484
1771582262.906582,5.648759,0.010000,0.002200,-0.025200,-0.020333,-1.1650,0.147376,0.009338,0.245061,-0.051390,-0.051390,-1.2848,-1.2848,1,1,0.002200,0.00000484
1771582262.927547,5.669724,0.010000,0.000800,-0.053500,-0.018797,-1.0770,0.148877,0.007109,-0.222830,0.355844,0.355844,8.8961,-0.0848,1,1,0.000800,0.00000064
1771582262.935679,5.677856,0.010000,0.001200,-0.031700,-0.015341,-0.8790,0.197955,0.001203,-0.590653,0.436332,0.436332,10.9083,1.1152,1,1,0.001200,0.00000144
1771582262.946266,5.688442,0.010000,0.001400,-0.017800,-0.013038,-0.7470,0.205984,0.000666,-0.053643,0.108813,0.108813,2.7203,2.3152,1,1,0.001400,0.00000196
1771582262.946266,5.688442,0.010000,0.001400,-0.017800,-0.013038,-0.7470,0.205984,0.004426,0.375964,-0.038145,-0.038145,-0.9536,1.1152,1,1,0.001400,0.00000196
1771582262.967316,5.709493,0.010000,0.001100,-0.021000,-0.011118,-0.6370,0.202423,0.011623,0.719650,-0.356335,-0.356335,-8.9084,-0.0848,1,1,0.001100,0.00000121
1771582262.976621,5.718798,0.010000,0.000300,-0.035300,-0.007278,-0.4170,0.247697,0.013191,0.156841,0.038041,0.038041,0.9510,0.9510,1,1,0.000300,0.00000009
1771582262.987488,5.729664,0.010000,0.002200,0.020300,-0.005760,-0.3300,0.224118,0.010257,-0.293406,0.400820,0.400820,10.0205,2.1510,1,1,0.002200,0.00000484
1771582262.987488,5.729664,0.010000,0.002200,0.020300,-0.005760,-0.3300,0.224118,0.011525,0.126834,0.147355,0.147355,3.6839,3.3510,1,1,0.002200,0.00000484
1771582263.006670,5.748846,0.010000,0.000200,-0.033600,-0.003456,-0.1980,0.225619,0.016729,0.520346,-0.068789,-0.068789,-1.7197,2.1510,1,1,0.000200,0.00000004
1771582263.025396,5.767572,0.010000,0.000300,-0.016200,0.005760,0.3300,0.318662,0.025080,0.835156,-0.422330,-0.422330,-10.5582,0.9510,1,1,0.000300,0.00000009
1771582263.025396,5.767572,0.010000,0.000300,-0.016200,0.005760,0.3300,0.318662,0.027573,0.249246,-0.119538,-0.119538,-2.9884,-0.2490,1,1,0.000300,0.00000009
1771582263.025396,5.767572,0.010000,0.000300,-0.016200,0.005760,0.3300,0.318662,0.025378,-0.219483,0.292569,0.292569,7.3142,0.9510,1,1,0.000300,0.00000009
1771582263.056752,5.798928,0.010000,-0.000500,-0.022800,0.014573,0.8350,0.380586,0.019433,-0.594465,0.436332,0.436332,10.9083,2.1510,1,1,0.000500,0.00000025
1771582263.066215,5.808391,0.010000,0.000800,0.014000,0.016493,0.9450,0.333375,0.018866,-0.056693,-0.187021,-0.187021,-4.6755,0.9510,1,1,0.000800,0.00000064
1771582263.066215,5.808391,0.010000,0.000800,0.014000,0.016493,0.9450,0.333375,0.022602,0.373525,-0.157179,-0.157179,-3.9295,-0.2490,1,1,0.000800,0.00000064
1771582263.087481,5.829657,0.010000,0.000800,0.011800,0.018413,1.0550,0.297963,0.021401,-0.120059,-0.289455,-0.289455,-7.2364,-1.4490,1,1,0.000800,0.00000064
1771582263.096266,5.838442,0.010000,-0.000600,-0.026500,0.020333,1.1650,0.271416,0.016252,-0.514927,0.436332,0.436332,10.9083,-0.2490,1,1,0.000600,0.00000036
1771582263.106615,5.848791,0.010000,-0.000700,-0.023200,0.021084,1.2080,0.222739,0.007944,-0.830820,0.436332,0.436332,10.9083,0.9510,1,1,0.000700,0.00000049
1771582263.106615,5.848791,0.010000,-0.000700,-0.023200,0.021084,1.2080,0.222739,0.005486,-0.245777,0.383373,0.383373,9.5843,2.1510,1,1,0.000700,0.00000049
1771582263.126063,5.868240,0.010000,-0.000400,-0.010300,0.021084,1.2080,0.167045,0.007708,0.222257,-0.192294,-0.192294,-4.8073,0.9510,1,1,0.000400,0.00000016
1771582263.136844,5.879020,0.010000,-0.000700,-0.014700,0.019949,1.1430,0.096517,0.013675,0.596685,-0.377860,-0.377860,-9.4465,-0.2490,1,1,0.000700,0.00000049
1771582263.145317,5.887494,0.010000,-0.000300,-0.001200,0.019565,1.1210,0.062814,0.014260,0.058469,-0.034032,-0.034032,-0.8508,-0.8508,1,1,0.000300,0.00000009
1771582263.145317,5.887494,0.010000,-0.000300,-0.001200,0.019565,1.1210,0.062814,0.010539,-0.372104,0.435789,0.435789,10.8947,0.3492,1,1,0.000300,0.00000009
1771582263.166778,5.908955,0.010000,-0.000600,-0.008400,0.018797,1.0770,0.027925,0.005461,-0.507763,0.436332,0.436332,10.9083,1.5492,1,1,0.000600,0.00000036
1771582263.176402,5.918578,0.010000,0.000900,0.032400,0.018413,1.0550,0.011362,0.005588,0.012669,-0.049603,-0.049603,-1.2401,0.3492,1,1,0.000900,0.00000081
1771582263.186247,5.928423,0.010000,0.003000,0.075900,0.018413,1.0550,0.008517,0.009878,0.429014,-0.325468,-0.325468,-8.1367,-0.8508,1,1,0.003000,0.00000900
1771582263.186247,5.928423,0.010000,0.003000,0.075900,0.018413,1.0550,0.008517,0.009121,-0.075668,-0.274795,-0.274795,-6.8699,-2.0508,1,1,0.003000,0.00000900
1771582263.216859,5.959035,0.010000,-0.000600,-0.023600,0.017645,1.0110,-0.011990,0.004327,-0.479413,0.436331,0.436331,10.9083,-0.8508,1,1,0.000600,0.00000036
1771582263.226204,5.968380,0.010000,0.000100,0.001300,0.017261,0.9890,-0.018570,-0.003697,-0.802410,0.436332,0.436332,10.9083,0.3492,1,1,0.000100,0.00000001
1771582263.226204,5.968380,0.010000,0.000100,0.001300,0.017261,0.9890,-0.018570,-0.005927,-0.223049,0.029686,0.029686,0.7422,0.7422,1,1,0.000100,0.00000001
1771582263.246009,5.988186,0.010000,-0.000200,-0.006500,0.016877,0.9670,-0.023527,-0.003523,0.240440,-0.250038,-0.250038,-6.2509,-0.4578,1,1,0.000200,0.00000004
1771582263.257033,5.999209,0.010000,-0.000300,-0.008400,0.015725,0.9010,-0.046408,-0.000228,0.329521,-0.237604,-0.237604,-5.9401,-1.6578,1,1,0.000300,0.00000009
1771582263.265777,6.007953,0.010000,-0.000300,-0.006300,0.015725,0.9010,-0.034802,-0.001780,-0.155262,-0.275987,-0.275987,-6.8997,-2.8578,1,1,0.000300,0.00000009
1771582263.265777,6.007953,0.010000,-0.000300,-0.006300,0.015725,0.9010,-0.034802,-0.007211,-0.543089,0.436332,0.436332,10.9083,-1.6578,1,1,0.000300,0.00000009
1771582263.286304,6.028480,0.010000,-0.000700,-0.014300,0.015341,0.8790,-0.035692,-0.015745,-0.853350,0.436332,0.436332,10.9083,-0.4578,1,1,0.000700,0.00000049
1771582263.296761,6.038938,0.010000,-0.000700,-0.011700,0.015725,0.9010,-0.017174,-0.018383,-0.263801,0.331942,0.331942,8.2986,0.7422,1,1,0.000700,0.00000049
1771582263.307981,6.050158,0.010000,-0.000600,-0.004100,0.015341,0.8790,-0.022480,-0.016304,0.207838,-0.199014,-0.199014,-4.9754,-0.4578,1,1,0.000600,0.00000036
1771582263.307981,6.050158,0.010000,-0.000600,-0.004100,0.015341,0.8790,-0.022480,-0.010453,0.585150,-0.364405,-0.364405,-9.1101,-1.6578,1,1,0.000600,0.00000036
1771582263.327461,6.069638,0.010000,-0.000000,0.010400,0.014957,0.8570,-0.026442,-0.009960,0.049241,-0.010616,-0.010616,-0.2654,-0.4578,1,1,0.000000,0.00000000
1771582263.345943,6.088119,0.010000,-0.000400,-0.001200,0.013806,0.7910,-0.036442,-0.013755,-0.379486,0.435702,0.435702,10.8926,0.7422,1,1,0.000400,0.00000016
1771582263.345943,6.088119,0.010000,-0.000400,-0.001200,0.013806,0.7910,-0.036442,-0.012602,0.115290,-0.097737,-0.097737,-2.4434,-0.4578,1,1,0.000400,0.00000016
1771582263.366323,6.108500,0.010000,-0.000600,-0.006300,0.013422,0.7690,-0.036914,-0.007491,0.511111,-0.263387,-0.263387,-6.5847,-1.6578,1,1,0.000600,0.00000036
1771582263.376549,6.118725,0.010000,-0.000600,-0.005600,0.013422,0.7690,-0.027698,-0.007591,-0.009990,0.008396,0.008396,0.2099,-0.4578,1,1,0.000600,0.00000036
1771582263.385911,6.128088,0.010000,-0.000500,-0.000400,0.013038,0.7470,-0.030351,-0.011860,-0.426871,0.436269,0.436269,10.9067,0.7422,1,1,0.000500,0.00000025
1771582263.385911,6.128088,0.010000,-0.000500,-0.000400,0.013038,0.7470,-0.030351,-0.011086,0.077382,-0.044345,-0.044345,-1.1086,-0.4578,1,1,0.000500,0.00000025
1771582263.407437,6.149613,0.010000,0.000200,0.017700,0.013038,0.7470,-0.022759,-0.006278,0.480785,-0.282512,-0.282512,-7.0628,-1.6578,1,1,0.000200,0.00000004
1771582263.415796,6.157972,0.010000,-0.000200,0.001700,0.011886,0.6810,-0.045832,-0.006621,-0.034251,-0.007861,-0.007861,-0.1965,-0.4578,1,1,0.000200,0.00000004
1771582263.425682,6.167859,0.010000,-0.000300,0.000800,0.011886,0.6810,-0.034383,-0.011084,-0.446280,0.436307,0.436307,10.9077,0.7422,1,1,0.000300,0.00000009
1771582263.425682,6.167859,0.010000,-0.000300,0.000800,0.011886,0.6810,-0.034383,-0.010465,0.061855,-0.016601,-0.016601,-0.4150,-0.4150,1,1,0.000300,0.00000009
1771582263.445735,6.187912,0.010000,-0.000500,-0.005700,0.011502,0.6590,-0.035378,-0.005781,0.468363,-0.232104,-0.232104,-5.8026,-1.6150,1,1,0.000500,0.00000025
1771582263.466307,6.208483,0.010000,-0.000600,-0.004500,0.011118,0.6370,-0.027088,-0.006074,-0.029239,0.013922,0.013922,0.3480,-0.4150,1,1,0.000600,0.00000036
1771582263.466307,6.208483,0.010000,-0.000600,-0.004500,0.011118,0.6370,-0.027088,-0.010497,-0.442270,0.436308,0.436308,10.9077,0.7850,1,1,0.000600,0.00000036
1771582263.488114,6.230291,0.010000,-0.000400,0.001400,0.011118,0.6370,-0.020316,-0.009846,0.065063,-0.005044,-0.005044,-0.1261,-0.1261,1,1,0.000400,0.00000016
1771582263.496398,6.238575,0.010000,-0.000500,-0.000500,0.010734,0.6150,-0.024819,-0.005137,0.470930,-0.233309,-0.233309,-5.8327,-1.3261,1,1,0.000500,0.00000025
1771582263.506501,6.248678,0.010000,-0.000300,0.003300,0.010734,0.6150,-0.018623,-0.004549,0.058713,-0.002256,-0.002256,-0.0564,-0.1261,1,1,0.000300,0.00000009
1771582263.506501,6.248678,0.010000,-0.000300,0.003300,0.010734,0.6150,-0.018623,-0.008269,-0.371909,0.435335,0.435335,10.8834,1.0739,1,1,0.000300,0.00000009
1771582263.528460,6.270637,0.010000,-0.000500,-0.001100,0.010734,0.6150,-0.013963,-0.007055,0.121352,-0.082656,-0.082656,-2.0664,-0.1261,1,1,0.000500,0.00000025
1771582263.537316,6.279492,0.010000,-0.000600,-0.003400,0.011118,0.6370,-0.000890,-0.001895,0.515961,-0.255056,-0.255056,-6.3764,-1.3261,1,1,0.000600,0.00000036
1771582263.546988,6.289165,0.010000,-0.000400,0.002600,0.011118,0.6370,-0.000663,-0.001957,-0.006111,0.021898,0.021898,0.5474,-0.1261,1,1,0.000400,0.00000016
1771582263.566313,6.308489,0.010000,-0.000300,0.004500,0.011502,0.6590,0.009093,-0.006194,-0.423767,0.436258,0.436258,10.9065,1.0739,1,1,0.000300,0.00000009
1771582263.577110,6.319287,0.010000,-0.000600,-0.004200,0.011502,0.6590,0.006824,-0.005396,0.079865,-0.020558,-0.020558,-0.5140,-0.1261,1,1,0.000600,0.00000036
1771582263.586709,6.328886,0.010000,-0.000300,0.003600,0.011502,0.6590,0.005114,-0.000568,0.482771,-0.257932,-0.257932,-6.4483,-1.3261,1,1,0.000300,0.00000009
1771582263.586709,6.328886,0.010000,-0.000300,0.003600,0.011502,0.6590,0.005114,-0.000894,-0.032662,0.002014,0.002014,0.0504,-0.1261,1,1,0.000300,0.00000009
1771582263.606708,6.348884,0.010000,-0.000400,0.000700,0.011886,0.6810,0.013422,-0.005345,-0.445009,0.436310,0.436310,10.9078,1.0739,1,1,0.000400,0.00000016
1771582263.616086,6.358263,0.010000,-0.000500,-0.002400,0.011886,0.6810,0.010071,-0.004716,0.062872,0.003777,0.003777,0.0944,0.0944,1,1,0.000500,0.00000025
1771582263.626901,6.369077,0.010000,-0.000300,0.003400,0.011886,0.6810,0.007557,-0.000024,0.469177,-0.253168,-0.253168,-6.3292,-1.1056,1,1,0.000300,0.00000009
1771582263.626901,6.369077,0.010000,-0.000300,0.003400,0.011886,0.6810,0.007557,0.000310,0.033441,0.005631,0.005631,0.1408,0.0944,1,1,0.000300,0.00000009
1771582263.645656,6.387832,0.010000,-0.000500,-0.003800,0.011886,0.6810,0.005655,-0.003611,-0.392126,0.436080,0.436080,10.9020,1.2944,1,1,0.000500,0.00000025
1771582263.656862,6.399038,0.010000,-0.000700,-0.006200,0.011886,0.6810,0.004241,-0.002559,0.105178,-0.076961,-0.076961,-1.9240,0.0944,1,1,0.000700,0.00000049
1771582263.666267,6.408444,0.010000,-0.000400,0.002600,0.011886,0.6810,0.003176,0.002471,0.503022,-0.270112,-0.270112,-6.7528,-1.1056,1,1,0.000400,0.00000016
1771582263.687050,6.429227,0.010000,-0.000200,0.005500,0.011886,0.6810,0.002391,0.002306,-0.016462,0.005207,0.005207,0.1302,0.0944,1,1,0.000200,0.00000004
1771582263.696622,6.438798,0.010000,-0.000400,-0.001000,0.011886,0.6810,0.001798,-0.002014,-0.432048,0.436292,0.436292,10.9073,1.2944,1,1,0.000400,0.00000016
1771582263.707008,6.449184,0.010000,-0.000400,0.000200,0.011886,0.6810,0.001344,-0.001282,0.073240,-0.026312,-0.026312,-0.6578,0.0944,1,1,0.000400,0.00000016
1771582263.707008,6.449184,0.010000,-0.000400,0.000200,0.011886,0.6810,0.001344,0.003493,0.477471,-0.261294,-0.261294,-6.5324,-1.1056,1,1,0.000400,0.00000016
1771582263.727412,6.469589,0.010000,-0.000300,0.001800,0.011886,0.6810,0.001012,0.003124,-0.036902,-0.013203,-0.013203,-0.3301,-0.3301,1,1,0.000300,0.00000009
1771582263.736552,6.478728,0.010000,-0.000600,-0.005400,0.011886,0.6810,0.000750,-0.001360,-0.448401,0.436318,0.436318,10.9079,0.8699,1,1,0.000600,0.00000036
1771582263.745799,6.487975,0.010000,-0.000500,-0.001700,0.011886,0.6810,0.000559,-0.002240,-0.088018,-0.130567,-0.130567,-3.2642,-0.3301,1,1,0.000500,0.00000025
1771582263.745799,6.487975,0.010000,-0.000500,-0.001700,0.011886,0.6810,0.000559,0.001245,0.348464,-0.212404,-0.212404,-5.3101,-1.5301,1,1,0.000500,0.00000025
1771582263.766742,6.508919,0.010000,-0.000400,0.001100,0.011886,0.6810,0.000419,-0.000157,-0.140108,-0.248335,-0.248335,-6.2084,-2.7301,1,1,0.000400,0.00000016
1771582263.776456,6.518633,0.010000,-0.000500,-0.001700,0.011886,0.6810,0.000314,-0.005466,-0.530965,0.436332,0.436332,10.9083,-1.5301,1,1,0.000500,0.00000025
1771582263.786583,6.528759,0.010000,-0.000300,0.005300,0.011886,0.6810,0.000244,-0.013903,-0.843651,0.436332,0.436332,10.9083,-0.3301,1,1,0.000300,0.00000009
1771582263.786583,6.528759,0.010000,-0.000300,0.005300,0.011886,0.6810,0.000244,-0.016463,-0.256042,0.243789,0.243789,6.0947,0.8699,1,1,0.000300,0.00000009
1771582263.815931,6.558107,0.010000,-0.000100,0.008800,0.009582,0.5490,-0.057386,-0.014323,0.214046,-0.196367,-0.196367,-4.9092,-0.3301,1,1,0.000100,0.00000001
1771582263.826213,6.568389,0.010000,-0.000100,0.006000,0.008430,0.4830,-0.071803,-0.008421,0.590115,-0.341161,-0.341161,-8.5290,-1.5301,1,1,0.000100,0.00000001
1771582263.826213,6.568389,0.010000,-0.000100,0.006000,0.008430,0.4830,-0.071803,-0.007889,0.053213,-0.018692,-0.018692,-0.4673,-0.4673,1,1,0.000100,0.00000001
1771582263.846557,6.588734,0.010000,-0.000300,-0.000700,0.007662,0.4390,-0.073025,-0.011652,-0.376308,0.435516,0.435516,10.8879,0.7327,1,1,0.000300,0.00000009
1771582263.856481,6.598658,0.010000,-0.000600,-0.007800,0.006144,0.3520,-0.093113,-0.010953,0.069931,-0.040019,-0.040019,-1.0005,-0.4673,1,1,0.000600,0.00000036
1771582263.866587,6.608764,0.010000,-0.000500,-0.004000,0.006144,0.3520,-0.069848,-0.006205,0.474823,-0.177284,-0.177284,-4.4321,-1.6673,1,1,0.000500,0.00000025
1771582263.866587,6.608764,0.010000,-0.000500,-0.004000,0.006144,0.3520,-0.069848,-0.006595,-0.039020,0.003051,0.003051,0.0763,-0.4673,1,1,0.000500,0.00000025
1771582263.887112,6.629289,0.010000,-0.000700,-0.006400,0.006144,0.3520,-0.052377,-0.011096,-0.450095,0.436316,0.436316,10.9079,0.7327,1,1,0.000700,0.00000049
1771582263.896389,6.638566,0.010000,-0.000800,-0.009100,0.006528,0.3740,-0.029706,-0.010508,0.058803,0.021010,0.021010,0.5252,0.5252,1,1,0.000800,0.00000064
1771582263.907433,6.649610,0.010000,-0.000700,-0.003400,0.006912,0.3960,-0.012689,-0.005849,0.465921,-0.176513,-0.176513,-4.4128,-0.6748,1,1,0.000700,0.00000049
1771582263.907433,6.649610,0.010000,-0.000700,-0.003400,0.006912,0.3960,-0.012689,-0.002846,0.300320,-0.164691,-0.164691,-4.1173,-1.8748,1,1,0.000700,0.00000049
1771582263.926031,6.668207,0.010000,-0.000600,-0.000800,0.006912,0.3960,-0.009512,-0.004632,-0.178623,-0.233038,-0.233038,-5.8260,-3.0748,1,1,0.000600,0.00000036
1771582263.935936,6.678113,0.010000,-0.000900,-0.005900,0.007662,0.4390,0.012043,-0.010250,-0.561777,0.436332,0.436332,10.9083,-1.8748,1,1,0.000900,0.00000081
1771582263.946811,6.688988,0.010000,-0.000700,-0.000700,0.008046,0.4610,0.018623,-0.018933,-0.868301,0.436332,0.436332,10.9083,-0.6748,1,1,0.000700,0.00000049
1771582263.966316,6.708493,0.010000,-0.000900,-0.004900,0.008430,0.4830,0.023544,-0.021690,-0.275762,0.360872,0.360872,9.0218,0.5252,1,1,0.000900,0.00000081
1771582263.977081,6.719258,0.010000,-0.000700,0.001000,0.006912,0.3960,-0.020682,-0.019708,0.198270,-0.132785,-0.132785,-3.3196,-0.6748,1,1,0.000700,0.00000049
1771582263.986588,6.728765,0.010000,-0.000500,0.005200,0.005760,0.3300,-0.044279,-0.013933,0.577495,-0.308408,-0.308408,-7.7102,-1.8748,1,1,0.000500,0.00000025
1771582263.986588,6.728765,0.010000,-0.000500,0.005200,0.005760,0.3300,-0.044279,-0.013501,0.043117,0.034565,0.034565,0.8641,-0.6748,1,1,0.000500,0.00000025
1771582264.007749,6.749925,0.010000,-0.000700,-0.001800,0.004608,0.2640,-0.061977,-0.017345,-0.384386,0.435822,0.435822,10.8956,0.5252,1,1,0.000700,0.00000049
1771582264.016025,6.758201,0.010000,-0.000800,-0.003700,0.003072,0.1760,-0.084823,-0.016232,0.111371,-0.074345,-0.074345,-1.8586,-0.6748,1,1,0.000800,0.00000064
1771582264.025296,6.767472,0.010000,-0.000800,-0.001800,0.002688,0.1540,-0.073199,-0.011152,0.507975,-0.179671,-0.179671,-4.4918,-1.8748,1,1,0.000800,0.00000064
1771582264.025296,6.767472,0.010000,-0.000800,-0.001800,0.002688,0.1540,-0.073199,-0.011277,-0.012499,0.031885,0.031885,0.7971,-0.6748,1,1,0.000800,0.00000064
1771582264.047228,6.789404,0.010000,-0.001000,-0.006200,0.002688,0.1540,-0.054908,-0.015566,-0.428878,0.436284,0.436284,10.9071,0.5252,1,1,0.001000,0.00000100
1771582264.056772,6.798949,0.010000,-0.001000,-0.006100,0.003456,0.1980,-0.022009,-0.014808,0.075777,0.035007,0.035007,0.8752,0.8752,1,1,0.001000,0.00000100
1771582264.065981,6.808157,0.010000,-0.000900,-0.001200,0.004224,0.2420,0.002670,-0.010013,0.479500,-0.140403,-0.140403,-3.5101,-0.3248,1,1,0.000900,0.00000081
1771582264.065981,6.808157,0.010000,-0.000900,-0.001200,0.004224,0.2420,0.002670,-0.004955,0.505750,-0.175506,-0.175506,-4.3876,-1.5248,1,1,0.000900,0.00000081
1771582264.095618,6.837794,0.010000,-0.001000,-0.003800,0.005760,0.3300,0.037455,-0.005098,-0.014279,0.063229,0.063229,1.5807,-0.3248,1,1,0.001000,0.00000100
1771582264.106832,6.849009,0.010000,-0.000900,-0.000000,0.006528,0.3740,0.047264,-0.009401,-0.430302,0.436291,0.436291,10.9073,0.8752,1,1,0.000900,0.00000081
1771582264.106832,6.849009,0.010000,-0.000900,-0.000000,0.006528,0.3740,0.047264,-0.008655,0.074637,0.066311,0.066311,1.6578,1.6578,1,1,0.000900,0.00000081
1771582264.126971,6.869148,0.010000,-0.001000,-0.000400,0.007278,0.4170,0.054629,-0.003869,0.478589,-0.169421,-0.169421,-4.2355,0.4578,1,1,0.001000,0.00000100
1771582264.135881,6.878058,0.010000,-0.001100,-0.004100,0.008430,0.4830,0.069726,0.002692,0.656053,-0.383606,-0.383606,-9.5901,-0.7422,1,1,0.001100,0.00000121
1771582264.146514,6.888691,0.010000,-0.001000,-0.000200,0.008814,0.5050,0.061889,0.003751,0.105964,-0.015796,-0.015796,-0.3949,-0.3949,1,1,0.001000,0.00000100
1771582264.146514,6.888691,0.010000,-0.001000,-0.000200,0.008814,0.5050,0.061889,0.000410,-0.334108,0.432593,0.432593,10.8148,0.8051,1,1,0.001000,0.00000100
1771582264.165959,6.908136,0.010000,-0.001000,-0.000300,0.009198,0.5270,0.056008,-0.001050,-0.146048,-0.206237,-0.206237,-5.1559,-0.3949,1,1,0.001000,0.00000100
1771582264.176630,6.918807,0.010000,-0.001100,-0.001800,0.010350,0.5930,0.070756,0.001970,0.302041,-0.158134,-0.158134,-3.9534,-1.5949,1,1,0.001100,0.00000121
1771582264.186514,6.928691,0.010000,-0.000900,0.002300,0.010350,0.5930,0.053075,0.000198,-0.177246,-0.229448,-0.229448,-5.7362,-2.7949,1,1,0.000900,0.00000081
1771582264.186514,6.928691,0.010000,-0.000900,0.002300,0.010350,0.5930,0.053075,-0.005409,-0.560676,0.436332,0.436332,10.9083,-1.5949,1,1,0.000900,0.00000081
1771582264.210518,6.952695,0.010000,-0.001000,0.000300,0.010734,0.6150,0.049393,-0.014083,-0.867420,0.436332,0.436332,10.9083,-0.3949,1,1,0.001000,0.00000100
1771582264.216674,6.958850,0.010000,-0.001000,-0.000900,0.010734,0.6150,0.037036,-0.016834,-0.275057,0.358658,0.358658,8.9664,0.8051,1,1,0.001000,0.00000100
1771582264.226143,6.968319,0.010000,-0.001000,0.000500,0.010350,0.5930,0.018204,-0.014845,0.198834,-0.147894,-0.147894,-3.6974,-0.3949,1,1,0.001000,0.00000100
1771582264.245606,6.987782,0.010000,-0.000800,0.004100,0.009198,0.5270,-0.015115,-0.009066,0.577946,-0.325458,-0.325458,-8.1364,-1.5949,1,1,0.000800,0.00000064
1771582264.245606,6.987782,0.010000,-0.000800,0.004100,0.009198,0.5270,-0.015115,-0.008631,0.043478,0.026479,0.026479,0.6620,-0.3949,1,1,0.000800,0.00000064
1771582264.266032,7.008209,0.010000,-0.000800,0.004600,0.007662,0.4390,-0.039654,-0.012472,-0.384097,0.435740,0.435740,10.8935,0.8051,1,1,0.000800,0.00000064
1771582264.266032,7.008209,0.010000,-0.000800,0.004600,0.007662,0.4390,-0.039654,-0.011356,0.111602,-0.056586,-0.056586,-1.4146,-0.3949,1,1,0.000800,0.00000064
1771582264.287117,7.029294,0.010000,-0.000900,-0.000700,0.007662,0.4390,-0.029740,-0.006275,0.508160,-0.218013,-0.218013,-5.4503,-1.5949,1,1,0.000900,0.00000081
1771582264.296240,7.038417,0.010000,-0.001000,-0.002700,0.007278,0.4170,-0.031905,-0.006398,-0.012351,0.029323,0.029323,0.7331,-0.3949,1,1,0.001000,0.00000100
1771582264.306896,7.049073,0.010000,-0.001000,-0.001200,0.007278,0.4170,-0.023928,-0.010686,-0.428760,0.436281,0.436281,10.9070,0.8051,1,1,0.001000,0.00000100
1771582264.306896,7.049073,0.010000,-0.001000,-0.001200,0.007278,0.4170,-0.023928,-0.009927,0.075871,0.007525,0.007525,0.1881,0.1881,1,1,0.001000,0.00000100
1771582264.326475,7.068651,0.010000,-0.000800,0.004700,0.007278,0.4170,-0.017942,-0.005131,0.479576,-0.198036,-0.198036,-4.9509,-1.0119,1,1,0.000800,0.00000064
1771582264.336346,7.078522,0.010000,-0.000900,-0.000000,0.007278,0.4170,-0.013456,-0.003448,0.168294,-0.147282,-0.147282,-3.6821,-2.2119,1,1,0.000900,0.00000081
1771582264.346877,7.089053,0.010000,-0.001000,-0.001500,0.007662,0.4390,-0.000506,-0.006291,-0.284244,0.383230,0.383230,9.5808,-1.0119,1,1,0.001000,0.00000100
1771582264.346877,7.089053,0.010000,-0.001000,-0.001500,0.007662,0.4390,-0.000506,-0.012753,-0.646274,0.436332,0.436332,10.9083,0.1881,1,1,0.001000,0.00000100
1771582264.366389,7.108566,0.010000,-0.001000,-0.001500,0.008046,0.4610,0.009215,-0.013735,-0.098140,-0.102450,-0.102450,-2.5613,-1.0119,1,1,0.001000,0.00000100
1771582264.376689,7.118865,0.010000,-0.000800,0.003400,0.008430,0.4830,0.016493,-0.010331,0.340367,-0.149907,-0.149907,-3.7477,-2.2119,1,1,0.000800,0.00000064
1771582264.385630,7.127806,0.010000,-0.000700,0.005000,0.008430,0.4830,0.012374,-0.011797,-0.146586,-0.216093,-0.216093,-5.4023,-3.4119,1,1,0.000700,0.00000049
1771582264.385630,7.127806,0.010000,-0.000700,0.005000,0.008430,0.4830,0.012374,-0.017159,-0.536148,0.436332,0.436332,10.9083,-2.2119,1,1,0.000700,0.00000049
1771582264.407754,7.149930,0.010000,-0.000800,0.002100,0.008814,0.5050,0.018867,-0.025637,-0.847797,0.436332,0.436332,10.9083,-1.0119,1,1,0.000800,0.00000064
1771582264.415692,7.157869,0.010000,-0.000800,-0.000500,0.008814,0.5050,0.014155,-0.028230,-0.259359,0.270395,0.270395,6.7599,0.1881,1,1,0.000800,0.00000064
1771582264.426911,7.169087,0.010000,-0.000800,0.001000,0.008430,0.4830,0.001030,-0.026116,0.211392,-0.119818,-0.119818,-2.9954,-1.0119,1,1,0.000800,0.00000064
1771582264.426911,7.169087,0.010000,-0.000800,0.001000,0.008430,0.4830,0.001030,-0.020236,0.587993,-0.331209,-0.331209,-8.2802,-2.2119,1,1,0.000800,0.00000064
1771582264.447337,7.189514,0.010000,0.000000,0.021500,0.006912,0.3960,-0.037577,-0.019721,0.051515,0.049570,0.049570,1.2392,-1.0119,1,1,0.000000,0.00000000
1771582264.466579,7.208756,0.010000,-0.000500,0.003700,0.003840,0.2200,-0.083462,-0.023498,-0.377667,0.435281,0.435281,10.8820,0.1881,1,1,0.000500,0.00000025
1771582264.466579,7.208756,0.010000,-0.000500,0.003700,0.003840,0.2200,-0.083462,-0.022330,0.116745,-0.077744,-0.077744,-1.9436,-1.0119,1,1,0.000500,0.00000025
1771582264.487397,7.229573,0.010000,-0.001000,-0.009800,0.003072,0.1760,-0.081769,-0.017208,0.512275,-0.182463,-0.182463,-4.5616,-2.2119,1,1,0.001000,0.00000100
1771582264.497609,7.239785,0.010000,-0.001200,-0.011100,0.002304,0.1320,-0.080495,-0.017298,-0.009059,0.034010,0.034010,0.8503,-1.0119,1,1,0.001200,0.00000144
1771582264.505767,7.247943,0.010000,-0.001000,-0.004300,0.002304,0.1320,-0.060371,-0.021559,-0.426126,0.436266,0.436266,10.9067,0.1881,1,1,0.001000,0.00000100
1771582264.505767,7.247943,0.010000,-0.001000,-0.004300,0.002304,0.1320,-0.060371,-0.020780,0.077978,0.015833,0.015833,0.3958,0.3958,1,1,0.001000,0.00000100
1771582264.525757,7.267934,0.010000,-0.001100,-0.005100,0.002304,0.1320,-0.045274,-0.015967,0.481262,-0.114450,-0.114450,-2.8613,-0.8042,1,1,0.001100,0.00000121
1771582264.535726,7.277902,0.010000,-0.001100,-0.005600,0.002304,0.1320,-0.033964,-0.011392,0.457512,-0.095079,-0.095079,-2.3770,-2.0042,1,1,0.001100,0.00000121
1771582264.546090,7.288267,0.010000,-0.001000,-0.001300,0.002688,0.1540,-0.015882,-0.011921,-0.052870,0.037471,0.037471,0.9368,-0.8042,1,1,0.001000,0.00000100
1771582264.546090,7.288267,0.010000,-0.001000,-0.001300,0.002688,0.1540,-0.015882,-0.016532,-0.461175,0.436321,0.436321,10.9080,0.3958,1,1,0.001000,0.00000100
1771582264.575381,7.317558,0.010000,-0.001200,-0.004500,0.003456,0.1980,0.010245,-0.016033,0.049939,0.081013,0.081013,2.0253,1.5958,1,1,0.001200,0.00000144
1771582264.585977,7.328153,0.010000,-0.001100,0.000000,0.003840,0.2200,0.017261,-0.011445,0.458830,-0.113366,-0.113366,-2.8341,0.3958,1,1,0.001100,0.00000121
1771582264.585977,7.328153,0.010000,-0.001100,0.000000,0.003840,0.2200,0.017261,-0.003585,0.785943,-0.425386,-0.425386,-10.6347,-0.8042,1,1,0.001100,0.00000121
1771582264.605648,7.347825,0.010000,-0.001000,0.001700,0.004224,0.2420,0.022532,-0.001486,0.209876,-0.131089,-0.131089,-3.2772,-2.0042,1,1,0.001000,0.00000100
1771582264.617263,7.359439,0.010000,-0.001100,-0.002000,0.006144,0.3520,0.064839,-0.003996,-0.250979,0.290711,0.290711,7.2678,-0.8042,1,1,0.001100,0.00000121
1771582264.625121,7.367298,0.010000,-0.000700,0.008300,0.007278,0.4170,0.077388,-0.010193,-0.619662,0.436332,0.436332,10.9083,0.3958,1,1,0.000700,0.00000049
1771582264.625121,7.367298,0.010000,-0.000700,0.008300,0.007278,0.4170,0.077388,-0.010961,-0.076850,-0.033160,-0.033160,-0.8290,-0.8042,1,1,0.000700,0.00000049
1771582264.646761,7.388938,0.010000,-0.000700,0.006600,0.007662,0.4390,0.067632,-0.007387,0.357399,-0.155005,-0.155005,-3.8751,-2.0042,1,1,0.000700,0.00000049
1771582264.656258,7.398435,0.010000,-0.001100,-0.004700,0.009198,0.5270,0.089082,-0.008717,-0.132960,-0.148514,-0.148514,-3.7129,-3.2042,1,1,0.001100,0.00000121
1771582264.666688,7.408864,0.010000,-0.000800,0.003000,0.009198,0.5270,0.066811,-0.013969,-0.525247,0.436332,0.436332,10.9083,-2.0042,1,1,0.000800,0.00000064
1771582264.666688,7.408864,0.010000,-0.000800,0.003000,0.009198,0.5270,0.066811,-0.022360,-0.839077,0.436332,0.436332,10.9083,-0.8042,1,1,0.000800,0.00000064
1771582264.687353,7.429529,0.010000,0.000000,0.023200,0.009198,0.5270,0.050108,-0.024884,-0.252382,0.112396,0.112396,2.8099,0.3958,1,1,0.000000,0.00000000
1771582264.696153,7.438329,0.010000,-0.000500,0.005100,0.007278,0.4170,-0.010367,-0.022714,0.216973,-0.130317,-0.130317,-3.2579,-0.8042,1,1,0.000500,0.00000025
1771582264.707011,7.449188,0.010000,-0.000000,0.014900,0.005760,0.3300,-0.046112,-0.016790,0.592458,-0.332149,-0.332149,-8.3037,-2.0042,1,1,0.000000,0.00000000
1771582264.727234,7.469410,0.010000,-0.000600,-0.003600,0.004224,0.2420,-0.072937,-0.016239,0.055087,0.016988,0.016988,0.4247,-0.8042,1,1,0.000600,0.00000036
1771582264.736572,7.478748,0.010000,-0.000500,0.000700,0.002304,0.1320,-0.102643,-0.019987,-0.374809,0.435252,0.435252,10.8813,0.3958,1,1,0.000500,0.00000025
1771582264.746055,7.488231,0.010000,-0.001000,-0.011600,0.001536,0.0880,-0.096150,-0.018797,0.119031,-0.089585,-0.089585,-2.2396,-0.8042,1,1,0.001000,0.00000100
1771582264.746055,7.488231,0.010000,-0.001000,-0.011600,0.001536,0.0880,-0.096150,-0.013656,0.514104,-0.176081,-0.176081,-4.4020,-2.0042,1,1,0.001000,0.00000100
1771582264.766026,7.508203,0.010000,-0.001000,-0.009200,0.001152,0.0660,-0.081699,-0.013732,-0.007596,0.035154,0.035154,0.8789,-0.8042,1,1,0.001000,0.00000100
1771582264.776694,7.518871,0.010000,-0.001100,-0.008400,0.000768,0.0440,-0.070860,-0.017981,-0.424956,0.436274,0.436274,10.9068,0.3958,1,1,0.001100,0.00000121
1771582264.786754,7.528930,0.010000,-0.000900,-0.003200,0.000768,0.0440,-0.053145,-0.017192,0.078915,0.019718,0.019718,0.4930,0.4930,1,1,0.000900,0.00000081
1771582264.786754,7.528930,0.010000,-0.000900,-0.003200,0.000768,0.0440,-0.053145,-0.012372,0.482011,-0.110102,-0.110102,-2.7525,-0.7070,1,1,0.000900,0.00000081
1771582264.806773,7.548950,0.010000,-0.001000,-0.004200,0.000768,0.0440,-0.039863,-0.008177,0.419512,-0.108718,-0.108718,-2.7180,-1.9070,1,1,0.001000,0.00000100
1771582264.817656,7.559833,0.010000,-0.001200,-0.007300,0.001152,0.0660,-0.020316,-0.009009,-0.083269,-0.027394,-0.027394,-0.6849,-0.7070,1,1,0.001200,0.00000144
1771582264.826198,7.568374,0.010000,-0.001100,-0.002700,0.001536,0.0880,-0.005637,-0.013864,-0.485494,0.436329,0.436329,10.9082,0.4930,1,1,0.001100,0.00000121
1771582264.845866,7.588043,0.010000,-0.001100,-0.002300,0.001920,0.1100,0.005358,-0.013560,0.030484,0.081765,0.081765,2.0441,1.6930,1,1,0.001100,0.00000121
1771582264.845866,7.588043,0.010000,-0.001100,-0.002300,0.001920,0.1100,0.005358,-0.009127,0.443266,-0.097462,-0.097462,-2.4365,0.4930,1,1,0.001100,0.00000121
1771582264.866501,7.608678,0.010000,-0.001100,-0.000900,0.002304,0.1320,0.010210,-0.001392,0.773492,-0.422025,-0.422025,-10.5506,-0.7070,1,1,0.001100,0.00000121
1771582264.866501,7.608678,0.010000,-0.001100,-0.000900,0.002304,0.1320,0.010210,0.000607,0.199914,-0.132058,-0.132058,-3.3015,-1.9070,1,1,0.001100,0.00000121
1771582264.887397,7.629574,0.010000,-0.001100,-0.000600,0.002688,0.1540,0.017244,-0.001982,-0.258948,0.303926,0.303926,7.5982,-0.7070,1,1,0.001100,0.00000121
1771582264.897962,7.640138,0.010000,-0.000900,0.004200,0.004224,0.2420,0.051278,-0.008243,-0.626037,0.436332,0.436332,10.9083,0.4930,1,1,0.000900,0.00000081
1771582264.906358,7.648534,0.010000,-0.000600,0.011500,0.004608,0.2640,0.048049,-0.009062,-0.081951,-0.054011,-0.054011,-1.3503,-0.7070,1,1,0.000600,0.00000036
1771582264.906358,7.648534,0.010000,-0.000600,0.011500,0.004608,0.2640,0.048049,-0.005529,0.353319,-0.147113,-0.147113,-3.6778,-1.9070,1,1,0.000600,0.00000036
1771582264.926198,7.668375,0.010000,-0.000800,0.001900,0.004992,0.2860,0.045623,-0.006891,-0.136224,-0.176016,-0.176016,-4.4004,-3.1070,1,1,0.000800,0.00000064
1771582264.937657,7.679833,0.010000,-0.001000,-0.003400,0.006144,0.3520,0.062971,-0.012170,-0.527858,0.436332,0.436332,10.9083,-1.9070,1,1,0.001000,0.00000100
1771582264.948129,7.690306,0.010000,-0.000900,-0.000100,0.006528,0.3740,0.056828,-0.020581,-0.841166,0.436332,0.436332,10.9083,-0.7070,1,1,0.000900,0.00000081
1771582264.948129,7.690306,0.010000,-0.000900,-0.000100,0.006528,0.3740,0.056828,-0.023122,-0.254054,0.272404,0.272404,6.8101,0.4930,1,1,0.000900,0.00000081
1771582264.967113,7.709290,0.010000,-0.001100,-0.003900,0.006528,0.3740,0.042621,-0.020966,0.215636,-0.093329,-0.093329,-2.3332,-0.7070,1,1,0.001100,0.00000121
1771582264.976630,7.718807,0.010000,-0.001200,-0.005200,0.003072,0.1760,-0.054332,-0.015052,0.591388,-0.306703,-0.306703,-7.6676,-1.9070,1,1,0.001200,0.00000144
1771582264.987061,7.729237,0.010000,-0.000900,0.002700,0.000384,0.0220,-0.107861,-0.014509,0.054231,0.019096,0.019096,0.4774,-0.7070,1,1,0.000900,0.00000081
1771582264.987061,7.729237,0.010000,-0.000900,0.002700,0.000384,0.0220,-0.107861,-0.018264,-0.375494,0.435219,0.435219,10.8805,0.4930,1,1,0.000900,0.00000081
1771582265.008388,7.750564,0.010000,-0.001100,-0.003600,-0.001920,-0.1100,-0.138422,-0.017080,0.118484,-0.098326,-0.098326,-2.4582,-0.7070,1,1,0.001100,0.00000121
1771582265.015548,7.757725,0.010000,-0.000800,0.005700,-0.006144,-0.3520,-0.209265,-0.011943,0.513666,-0.190695,-0.190695,-4.7674,-1.9070,1,1,0.000800,0.00000064
1771582265.026573,7.768750,0.010000,-0.000700,0.007700,-0.008430,-0.4830,-0.214484,-0.012022,-0.007946,0.012669,0.012669,0.3167,-0.7070,1,1,0.000700,0.00000049
1771582265.026573,7.768750,0.010000,-0.000700,0.007700,-0.008430,-0.4830,-0.214484,-0.016275,-0.425236,0.436123,0.436123,10.9031,0.4930,1,1,0.000700,0.00000049
1771582265.055357,7.797534,0.010000,-0.001200,-0.006800,-0.016109,-0.9230,-0.295606,-0.015488,0.078690,-0.059027,-0.059027,-1.4757,-0.7070,1,1,0.001200,0.00000144
1771582265.066797,7.808973,0.010000,-0.001000,-0.001000,-0.018797,-1.0770,-0.288817,-0.010670,0.481831,-0.048569,-0.048569,-1.2142,-1.2142,1,1,0.001000,0.00000100
1771582265.066797,7.808973,0.010000,-0.001000,-0.001000,-0.018797,-1.0770,-0.288817,-0.011004,-0.033414,-0.025571,-0.025571,-0.6393,-0.6393,1,1,0.001000,0.00000100
1771582265.087264,7.829441,0.010000,-0.000600,0.010000,-0.022235,-1.2740,-0.302902,-0.013041,-0.203775,-0.303856,-0.303856,-7.5964,-1.8393,1,1,0.000600,0.00000036
1771582265.095315,7.837491,0.010000,-0.000600,0.007700,-0.028379,-1.6260,-0.380569,-0.012665,0.037679,-0.039345,-0.039345,-0.9836,-0.9836,1,1,0.000600,0.00000036
1771582265.107341,7.849517,0.010000,-0.000900,-0.002500,-0.031067,-1.7800,-0.352539,-0.016552,-0.388736,0.434127,0.434127,10.8532,0.2164,1,1,0.000900,0.00000081
1771582265.107341,7.849517,0.010000,-0.000900,-0.002500,-0.031067,-1.7800,-0.352539,-0.016675,-0.012310,-0.002066,-0.002066,-0.0516,-0.0516,1,1,0.000900,0.00000081
1771582265.128694,7.870871,0.010000,-0.000200,0.015600,-0.033371,-1.9120,-0.321926,-0.012585,0.409031,0.143098,0.143098,3.5774,1.1484,1,1,0.000200,0.00000004
1771582265.137678,7.879855,0.010000,-0.000400,0.005600,-0.037193,-2.1310,-0.337320,-0.010248,0.233667,-0.140273,-0.140273,-3.5068,-0.0516,1,1,0.000400,0.00000016
1771582265.145821,7.887997,0.010000,0.002700,0.083000,-0.038729,-2.2190,-0.291348,-0.004190,0.605813,-0.124387,-0.124387,-3.1097,-1.2516,1,1,0.002700,0.00000729
1771582265.145821,7.887997,0.010000,0.002700,0.083000,-0.038729,-2.2190,-0.291348,-0.003532,0.065771,-0.179154,-0.179154,-4.4789,-2.4516,1,1,0.002700,0.00000729
1771582265.176536,7.918712,0.010000,-0.001000,-0.024700,-0.041033,-2.3510,-0.214222,-0.007195,-0.366262,0.434264,0.434264,10.8566,-1.2516,1,1,0.001000,0.00000100
1771582265.186670,7.928847,0.010000,-0.001400,-0.029000,-0.041417,-2.3730,-0.170239,-0.014314,-0.711889,0.436332,0.436332,10.9083,-0.0516,1,1,0.001400,0.00000196
1771582265.186670,7.928847,0.010000,-0.001400,-0.029000,-0.041417,-2.3730,-0.170239,-0.015820,-0.150632,-0.138805,-0.138805,-3.4701,-1.2516,1,1,0.001400,0.00000196
1771582265.206718,7.948895,0.010000,-0.001500,-0.024800,-0.041417,-2.3730,-0.127688,-0.012836,0.298373,0.047160,0.047160,1.1790,-0.0516,1,1,0.001500,0.00000225
1771582265.217133,7.959310,0.010000,-0.002300,-0.038000,-0.041033,-2.3510,-0.086184,-0.014638,-0.180180,-0.087765,-0.087765,-2.1941,-1.2516,1,1,0.002300,0.00000529
1771582265.227589,7.969765,0.010000,-0.002300,-0.028700,-0.041033,-2.3510,-0.064630,-0.011891,0.274735,0.058655,0.058655,1.4664,-0.0516,1,1,0.002300,0.00000529
1771582265.227589,7.969765,0.010000,-0.002300,-0.028700,-0.041033,-2.3510,-0.064630,-0.013882,-0.199091,-0.042464,-0.042464,-1.0616,-1.0616,1,1,0.002300,0.00000529
1771582265.246481,7.988657,0.010000,-0.002700,-0.030500,-0.041033,-2.3510,-0.048468,-0.011286,0.259606,0.069109,0.069109,1.7277,0.1384,1,1,0.002700,0.00000729
1771582265.255411,7.997588,0.010000,-0.003100,-0.034800,-0.040649,-2.3290,-0.026773,-0.012734,-0.144852,-0.060891,-0.060891,-1.5223,-1.0616,1,1,0.003100,0.00000961
1771582265.266120,8.008296,0.010000,-0.003600,-0.038700,-0.040649,-2.3290,-0.020071,-0.009704,0.302997,0.101253,0.101253,2.5313,0.1384,1,1,0.003600,0.00001296
1771582265.266120,8.008296,0.010000,-0.003600,-0.038700,-0.040649,-2.3290,-0.020071,-0.011469,-0.176481,-0.062411,-0.062411,-1.5603,-1.0616,1,1,0.003600,0.00001296
1771582265.286059,8.028235,0.010000,-0.004100,-0.039800,-0.040649,-2.3290,-0.015062,-0.008692,0.277694,0.110620,0.110620,2.7655,0.1384,1,1,0.004100,0.00001681
1771582265.296591,8.038768,0.010000,-0.004300,-0.035600,-0.040649,-2.3290,-0.011292,-0.010659,-0.196724,-0.004249,-0.004249,-0.1062,-0.1062,1,1,0.004300,0.00001849
1771582265.306746,8.048923,0.010000,-0.004900,-0.040700,-0.040649,-2.3290,-0.008465,-0.008044,0.261500,0.130200,0.130200,3.2550,1.0938,1,1,0.004900,0.00002401
1771582265.306746,8.048923,0.010000,-0.004900,-0.040700,-0.040649,-2.3290,-0.008465,-0.006806,0.123803,0.049332,0.049332,1.2333,1.2333,1,1,0.004900,0.00002401
1771582265.337029,8.079206,0.010000,-0.005000,-0.030500,-0.040649,-2.3290,-0.004765,-0.001627,0.517921,0.065581,0.065581,1.6395,1.6395,1,1,0.005000,0.00002500
1771582265.345903,8.088079,0.010000,-0.004700,-0.014100,-0.040649,-2.3290,-0.003578,0.003003,0.463043,0.150781,0.150781,3.7695,2.8395,1,1,0.004700,0.00002209
1771582265.345903,8.088079,0.010000,-0.004700,-0.014100,-0.040649,-2.3290,-0.003578,0.008126,0.512235,0.077157,0.077157,1.9289,1.9289,1,1,0.004700,0.00002209
1771582265.368282,8.110459,0.010000,-0.005800,-0.037600,-0.040265,-2.3070,0.006912,0.016412,0.828667,-0.338822,-0.338822,-8.4705,0.7289,1,1,0.005800,0.00003364
1771582265.376051,8.118228,0.010000,-0.007200,-0.063600,-0.039113,-2.2410,0.033947,0.019863,0.345073,0.074735,0.074735,1.8684,1.8684,1,1,0.007200,0.00005184
1771582265.386446,8.128623,0.010000,-0.006300,-0.025900,-0.037577,-2.1530,0.063809,0.018435,-0.142820,-0.015643,-0.015643,-0.3911,0.6684,1,1,0.006300,0.00003969
1771582265.386446,8.128623,0.010000,-0.006300,-0.025900,-0.037577,-2.1530,0.063809,0.021270,0.283484,0.145220,0.145220,3.6305,1.8684,1,1,0.006300,0.00003969
1771582265.406880,8.149057,0.010000,-0.005500,0.000900,-0.036041,-2.0650,0.086202,0.019349,-0.192092,0.062916,0.062916,1.5729,1.5729,1,1,0.005500,0.00003025
1771582265.417697,8.159873,0.010000,-0.008000,-0.060700,-0.032987,-1.8900,0.141354,0.022001,0.265206,0.144303,0.144303,3.6076,2.7729,1,1,0.008000,0.00006400
1771582265.425681,8.167857,0.010000,-0.008100,-0.048900,-0.031451,-1.8020,0.144356,0.023091,0.109031,0.169927,0.169927,4.2482,3.9729,1,1,0.008100,0.00006561
1771582265.425681,8.167857,0.010000,-0.008100,-0.048900,-0.031451,-1.8020,0.144356,0.028152,0.506104,0.095330,0.095330,2.3832,2.7729,1,1,0.008100,0.00006561
1771582265.445424,8.187600,0.010000,-0.008700,-0.052700,-0.029915,-1.7140,0.146625,0.036390,0.823762,-0.289814,-0.289814,-7.2453,1.5729,1,1,0.008700,0.00007569
1771582265.466125,8.208302,0.010000,-0.011800,-0.113100,-0.022235,-1.2740,0.250263,0.038791,0.240131,0.126999,0.126999,3.1750,2.7729,1,1,0.011800,0.00013924
1771582265.466125,8.208302,0.010000,-0.011800,-0.113100,-0.022235,-1.2740,0.250263,0.036523,-0.226774,0.432649,0.432649,10.8162,3.9729,1,1,0.011800,0.00013924
1771582265.486152,8.228328,0.010000,-0.014000,-0.138300,-0.015341,-0.8790,0.360271,0.038898,0.237460,0.170684,0.170684,4.2671,4.2671,1,1,0.014000,0.00019600
1771582265.495721,8.237897,0.010000,-0.014200,-0.108900,-0.000384,-0.0220,0.644114,0.044986,0.608847,0.169090,0.169090,4.2273,4.2273,1,1,0.014200,0.00020164
1771582265.507197,8.249373,0.010000,-0.014100,-0.078900,0.006144,0.3520,0.646069,0.050884,0.589767,0.031118,0.031118,0.7779,3.0273,1,1,0.014100,0.00019881
1771582265.507197,8.249373,0.010000,-0.014100,-0.078900,0.006144,0.3520,0.646069,0.055463,0.457910,-0.004583,-0.004583,-0.1146,1.8273,1,1,0.014100,0.00019881
1771582265.528703,8.270880,0.010000,-0.017200,-0.138400,0.012654,0.7250,0.647535,0.054938,-0.052551,-0.101154,-0.101154,-2.5289,0.6273,1,1,0.017200,0.00029584
1771582265.536552,8.278728,0.010000,-0.018000,-0.123200,0.026459,1.5160,0.830794,0.050329,-0.460920,0.436332,0.436332,10.9083,1.8273,1,1,0.018000,0.00032400
1771582265.545563,8.287740,0.010000,-0.017500,-0.078900,0.033755,1.9340,0.805260,0.042452,-0.787615,0.436332,0.436332,10.9083,3.0273,1,1,0.017500,0.00030625
1771582265.545563,8.287740,0.010000,-0.017500,-0.078900,0.033755,1.9340,0.805260,0.040340,-0.211213,0.431901,0.431901,10.7975,4.2273,1,1,0.017500,0.00030625
1771582265.566439,8.308615,0.010000,-0.019700,-0.114200,0.039881,2.2850,0.757333,0.042839,0.249909,-0.067579,-0.067579,-1.6895,3.0273,1,1,0.019700,0.00038809
1771582265.575227,8.317404,0.010000,-0.020200,-0.099700,0.049079,2.8120,0.798104,0.049027,0.618806,-0.192779,-0.192779,-4.8195,1.8273,1,1,0.020200,0.00040804
1771582265.587327,8.329504,0.010000,-0.021900,-0.117500,0.052150,2.9880,0.675268,0.049789,0.076166,-0.124431,-0.124431,-3.1108,0.6273,1,1,0.021900,0.00047961
1771582265.587327,8.329504,0.010000,-0.021900,-0.117500,0.052150,2.9880,0.675268,0.046210,-0.357946,0.436332,0.436332,10.9083,1.8273,1,1,0.021900,0.00047961
1771582265.607186,8.349363,0.010000,-0.021900,-0.087000,0.053686,3.0760,0.544805,0.039157,-0.705236,0.436332,0.436332,10.9083,3.0273,1,1,0.021900,0.00047961
1771582265.615687,8.357864,0.010000,-0.022600,-0.082700,0.054070,3.0980,0.418198,0.037704,-0.145310,0.397913,0.397913,9.9478,4.2273,1,1,0.022600,0.00051076
1771582265.626310,8.368487,0.010000,-0.023100,-0.075200,0.052534,3.0100,0.275291,0.040730,0.302631,-0.113693,-0.113693,-2.8423,3.0273,1,1,0.023100,0.00053361
1771582265.626310,8.368487,0.010000,-0.023100,-0.075200,0.052534,3.0100,0.275291,0.047340,0.660984,-0.355644,-0.355644,-8.8911,1.8273,1,1,0.023100,0.00053361
1771582265.656396,8.398572,0.010000,-0.025300,-0.086000,0.043337,2.4830,-0.058469,0.048439,0.109908,-0.182602,-0.182602,-4.5651,0.6273,1,1,0.025300,0.00064009
1771582265.666795,8.408971,0.010000,-0.025500,-0.069500,0.039497,2.2630,-0.139731,0.045130,-0.330953,0.436281,0.436281,10.9070,1.8273,1,1,0.025500,0.00065025
1771582265.666795,8.408971,0.010000,-0.025500,-0.069500,0.039497,2.2630,-0.139731,0.038293,-0.683641,0.436332,0.436332,10.9083,3.0273,1,1,0.025500,0.00065025
1771582265.685612,8.427788,0.010000,-0.026300,-0.071800,0.035273,2.0210,-0.210260,0.037013,-0.128034,-0.133455,-0.133455,-3.3364,1.8273,1,1,0.026300,0.00069169
1771582265.696651,8.438828,0.010000,-0.026900,-0.069000,0.026459,1.5160,-0.378195,0.040178,0.316452,0.211626,0.211626,5.2907,3.0273,1,1,0.026900,0.00072361
1771582265.705665,8.447842,0.010000,-0.026800,-0.049800,0.022235,1.2740,-0.389104,0.038520,-0.165717,-0.134994,-0.134994,-3.3749,1.8273,1,1,0.026800,0.00071824
1771582265.705665,8.447842,0.010000,-0.026800,-0.049800,0.022235,1.2740,-0.389104,0.041383,0.286305,0.189894,0.189894,4.7473,3.0273,1,1,0.026800,0.00071824
1771582265.725358,8.467535,0.010000,-0.026600,-0.032200,0.019181,1.0990,-0.368526,0.039485,-0.189835,-0.002949,-0.002949,-0.0737,1.8273,1,1,0.026600,0.00070756
1771582265.738497,8.480673,0.010000,-0.027000,-0.034000,0.019565,1.1210,-0.266808,0.042155,0.267011,0.124383,0.124383,3.1096,3.0273,1,1,0.027000,0.00072900
1771582265.745783,8.487959,0.010000,-0.026900,-0.022200,0.020717,1.1870,-0.171339,0.040103,-0.205270,0.327515,0.327515,8.1879,4.2273,1,1,0.026900,0.00072361
1771582265.745783,8.487959,0.010000,-0.026900,-0.022200,0.020717,1.1870,-0.171339,0.042649,0.254663,0.087446,0.087446,2.1862,3.0273,1,1,0.026900,0.00072361
1771582265.776116,8.518292,0.010000,-0.026700,-0.011800,0.023003,1.3180,-0.046042,0.048875,0.622609,-0.334501,-0.334501,-8.3625,1.8273,1,1,0.026700,0.00071289
1771582265.786200,8.528376,0.010000,-0.027000,-0.016000,0.023771,1.3620,-0.015359,0.049667,0.079208,0.150925,0.150925,3.7731,3.0273,1,1,0.027000,0.00072900
1771582265.786200,8.528376,0.010000,-0.027000,-0.016000,0.023771,1.3620,-0.015359,0.046112,-0.355512,0.436256,0.436256,10.9064,4.2273,1,1,0.027000,0.00072900
1771582265.807906,8.550082,0.010000,-0.027000,-0.011800,0.024923,1.4280,0.017244,0.047457,0.134469,0.145282,0.145282,3.6320,3.6320,1,1,0.027000,0.00072900
1771582265.816059,8.558235,0.010000,-0.027000,-0.009500,0.025691,1.4720,0.032097,0.052721,0.526454,-0.082507,-0.082507,-2.0627,2.4320,1,1,0.027000,0.00072900
1771582265.826516,8.568693,0.010000,-0.026100,0.014600,0.026075,1.4940,0.033667,0.054855,0.213394,0.104744,0.104744,2.6186,2.6186,1,1,0.026100,0.00068121
1771582265.826516,8.568693,0.010000,-0.026100,0.014600,0.026075,1.4940,0.033667,0.052374,-0.248164,0.392691,0.392691,9.8173,3.8186,1,1,0.026100,0.00068121
1771582265.846497,8.588674,0.010000,-0.027100,-0.013000,0.027227,1.5600,0.054018,0.051040,-0.133414,0.054768,0.054768,1.3692,2.6186,1,1,0.027100,0.00073441
1771582265.856015,8.598192,0.010000,-0.027300,-0.015400,0.028763,1.6480,0.078854,0.054161,0.312148,0.068413,0.068413,1.7103,1.7103,1,1,0.027300,0.00074529
1771582265.866020,8.608197,0.010000,-0.026700,0.003400,0.029147,1.6700,0.068731,0.052469,-0.169161,0.173130,0.173130,4.3283,2.9103,1,1,0.026700,0.00071289
1771582265.866020,8.608197,0.010000,-0.026700,0.003400,0.029147,1.6700,0.068731,0.047946,-0.452372,0.436331,0.436331,10.9083,4.1103,1,1,0.026700,0.00071289
1771582265.895581,8.637757,0.010000,-0.026700,0.001600,0.029531,1.6920,0.045850,0.048516,0.056981,0.158169,0.158169,3.9542,3.9542,1,1,0.026700,0.00071289
1771582265.906548,8.648724,0.010000,-0.026800,-0.001000,0.029531,1.6920,0.034383,0.053160,0.464464,0.020709,0.020709,0.5177,2.7542,1,1,0.026800,0.00071824
1771582265.906548,8.648724,0.010000,-0.026800,-0.001000,0.029531,1.6920,0.034383,0.056331,0.317079,0.041357,0.041357,1.0339,1.5542,1,1,0.026800,0.00071824
1771582265.925586,8.667763,0.010000,-0.026300,0.010200,0.029531,1.6920,0.025796,0.054679,-0.165215,0.040717,0.040717,1.0179,1.0179,1,1,0.026300,0.00069169
1771582265.936076,8.678252,0.010000,-0.026100,0.012900,0.030299,1.7360,0.038519,0.049168,-0.551051,0.436332,0.436332,10.9083,2.2179,1,1,0.026100,0.00068121
1771582265.946044,8.688221,0.010000,-0.026300,0.005500,0.030299,1.7360,0.028885,0.042888,-0.628047,0.436332,0.436332,10.9083,3.4179,1,1,0.026300,0.00069169
1771582265.946044,8.688221,0.010000,-0.026300,0.005500,0.030299,1.7360,0.028885,0.042052,-0.083559,-0.076435,-0.076435,-1.9109,2.2179,1,1,0.026300,0.00069169
1771582265.967340,8.709517,0.010000,-0.025800,0.015600,0.029915,1.7140,0.012078,0.045573,0.352032,-0.003918,-0.003918,-0.0980,1.0179,1,1,0.025800,0.00066564
1771582265.975121,8.717298,0.010000,-0.026100,0.004900,0.029147,1.6700,-0.010123,0.044200,-0.137253,-0.127018,-0.127018,-3.1754,-0.1821,1,1,0.026100,0.00068121
1771582265.987720,8.729896,0.010000,-0.025600,0.017300,0.029147,1.6700,-0.007592,0.038913,-0.528682,0.436332,0.436332,10.9083,1.0179,1,1,0.025600,0.00065536
1771582265.987720,8.729896,0.010000,-0.025600,0.017300,0.029147,1.6700,-0.007592,0.030495,-0.841824,0.436332,0.436332,10.9083,2.2179,1,1,0.025600,0.00065536
1771582266.015624,8.757801,0.010000,-0.024400,0.034800,0.028763,1.6480,-0.013858,0.027949,-0.254580,0.325855,0.325855,8.1464,3.4179,1,1,0.024400,0.00059536
1771582266.025761,8.767938,0.010000,-0.024100,0.033600,0.028379,1.6260,-0.019984,0.030101,0.215215,0.049567,0.049567,1.2392,2.2179,1,1,0.024100,0.00058081
1771582266.025761,8.767938,0.010000,-0.024100,0.033600,0.028379,1.6260,-0.019984,0.036012,0.591051,-0.309643,-0.309643,-7.7411,1.0179,1,1,0.024100,0.00058081
1771582266.046238,8.788414,0.010000,-0.023400,0.043400,0.028379,1.6260,-0.014992,0.036551,0.053962,0.056279,0.056279,1.4070,1.4070,1,1,0.023400,0.00054756
1771582266.056509,8.798686,0.010000,-0.023100,0.039500,0.028763,1.6480,-0.001658,0.032794,-0.375710,0.435753,0.435753,10.8938,2.6070,1,1,0.023100,0.00053361
1771582266.066596,8.808772,0.010000,-0.022900,0.034600,0.029147,1.6700,0.008343,0.031147,-0.164758,-0.247512,-0.247512,-6.1878,1.4070,1,1,0.022900,0.00052441
1771582266.066596,8.808772,0.010000,-0.022900,0.034600,0.029147,1.6700,0.008343,0.034018,0.287073,-0.049090,-0.049090,-1.2273,0.2070,1,1,0.022900,0.00052441
1771582266.087913,8.830090,0.010000,-0.022700,0.029100,0.028763,1.6480,-0.003334,0.032125,-0.189221,-0.066676,-0.066676,-1.6669,-0.9930,1,1,0.022700,0.00051529
1771582266.096429,8.838606,0.010000,-0.022300,0.032800,0.028763,1.6480,-0.002496,0.026423,-0.570256,0.436332,0.436332,10.9083,0.2070,1,1,0.022300,0.00049729
1771582266.107330,8.849506,0.010000,-0.021000,0.056800,0.028763,1.6480,-0.001868,0.017672,-0.875084,0.436332,0.436332,10.9083,1.4070,1,1,0.021000,0.00044100
1771582266.107330,8.849506,0.010000,-0.021000,0.056800,0.028763,1.6480,-0.001868,0.014860,-0.281188,0.333264,0.333264,8.3316,2.6070,1,1,0.021000,0.00044100
1771582266.135777,8.877953,0.010000,-0.021000,0.034700,0.026075,1.4940,-0.065764,0.016799,0.193929,0.049970,0.049970,1.2493,1.4070,1,1,0.021000,0.00044100
1771582266.145770,8.887947,0.010000,-0.020200,0.047900,0.023771,1.3620,-0.106849,0.022540,0.574022,-0.334007,-0.334007,-8.3502,0.2070,1,1,0.020200,0.00040804
1771582266.145770,8.887947,0.010000,-0.020200,0.047900,0.023771,1.3620,-0.106849,0.022943,0.040339,0.024844,0.024844,0.6211,0.6211,1,1,0.020200,0.00040804
1771582266.167193,8.909369,0.010000,-0.020000,0.039500,0.021852,1.2520,-0.128072,0.019077,-0.386608,0.435487,0.435487,10.8872,1.8211,1,1,0.020000,0.00040000
1771582266.176240,8.918416,0.010000,-0.018400,0.070000,0.021468,1.2300,-0.105645,0.017430,-0.164731,-0.348163,-0.348163,-8.7041,0.6211,1,1,0.018400,0.00033856
1771582266.186503,8.928680,0.010000,-0.017400,0.077500,0.022235,1.2740,-0.060057,0.020301,0.287094,-0.217527,-0.217527,-5.4382,-0.5789,1,1,0.017400,0.00030276
1771582266.186503,8.928680,0.010000,-0.017400,0.077500,0.022235,1.2740,-0.060057,0.018408,-0.189204,-0.375016,-0.375016,-9.3754,-1.7789,1,1,0.017400,0.00030276
1771582266.206436,8.948613,0.010000,-0.018600,0.028800,0.022235,1.2740,-0.045047,0.012706,-0.570242,0.436332,0.436332,10.9083,-0.5789,1,1,0.018600,0.00034596
1771582266.217785,8.959962,0.010000,-0.018500,0.024300,0.022235,1.2740,-0.033790,0.003955,-0.875073,0.436332,0.436332,10.9083,0.6211,1,1,0.018500,0.00034225
1771582266.225968,8.968144,0.010000,-0.018400,0.019100,0.021468,1.2300,-0.044506,0.001144,-0.281179,0.394656,0.394656,9.8664,1.8211,1,1,0.018400,0.00033856
1771582266.225968,8.968144,0.010000,-0.018400,0.019100,0.021468,1.2300,-0.044506,0.003083,0.193936,0.053417,0.053417,1.3354,1.3354,1,1,0.018400,0.00033856
1771582266.247783,8.989960,0.010000,-0.016500,0.062500,0.020333,1.1650,-0.062151,0.008823,0.574028,-0.310572,-0.310572,-7.7643,0.1354,1,1,0.016500,0.00027225
1771582266.257577,8.999754,0.010000,-0.016100,0.056700,0.014573,0.8350,-0.190415,0.011720,0.289690,-0.176935,-0.176935,-4.4234,-1.0646,1,1,0.016100,0.00025921
1771582266.266029,9.008206,0.010000,-0.016200,0.040700,0.010734,0.6150,-0.238691,0.009849,-0.187127,-0.292743,-0.292743,-7.3186,-2.2646,1,1,0.016200,0.00026244
1771582266.286106,9.028283,0.010000,-0.016400,0.024300,0.006528,0.3740,-0.284471,0.004163,-0.568581,0.436332,0.436332,10.9083,-1.0646,1,1,0.016400,0.00026896
1771582266.286106,9.028283,0.010000,-0.016400,0.024300,0.006528,0.3740,-0.284471,-0.004574,-0.873743,0.436332,0.436332,10.9083,0.1354,1,1,0.016400,0.00026896
1771582266.306895,9.049071,0.010000,-0.015600,0.032600,-0.006912,-0.3960,-0.440451,-0.007376,-0.280116,-0.010905,-0.010905,-0.2726,-0.2726,1,1,0.015600,0.00024336
1771582266.306895,9.049071,0.010000,-0.015600,0.032600,-0.006912,-0.3960,-0.440451,-0.005428,0.194786,-0.122846,-0.122846,-3.0712,-1.4726,1,1,0.015600,0.00024336
1771582266.327342,9.069518,0.010000,-0.014900,0.040000,-0.011502,-0.6590,-0.445391,-0.005294,0.013390,-0.053422,-0.053422,-1.3355,-1.3355,1,1,0.014900,0.00022201
1771582266.335723,9.077899,0.010000,-0.014400,0.044600,-0.017261,-0.9890,-0.477854,-0.009376,-0.408167,0.431087,0.431087,10.7772,-0.1355,1,1,0.014400,0.00020736
1771582266.346934,9.089110,0.010000,-0.014200,0.037400,-0.016877,-0.9670,-0.348804,-0.012162,-0.278681,-0.008164,-0.008164,-0.2041,-0.2041,1,1,0.014200,0.00020164
1771582266.346934,9.089110,0.010000,-0.014200,0.037400,-0.016877,-0.9670,-0.348804,-0.010203,0.195934,-0.227402,-0.227402,-5.6850,-1.4041,1,1,0.014200,0.00020164
1771582266.367465,9.109642,0.010000,-0.014200,0.027900,-0.016109,-0.9230,-0.242426,-0.008875,0.132816,0.017062,0.017062,0.4265,-0.2041,1,1,0.014200,0.00020164
1771582266.375787,9.117963,0.010000,-0.014100,0.023300,-0.013422,-0.7690,-0.114703,-0.012001,-0.312626,0.404149,0.404149,10.1037,0.9959,1,1,0.014100,0.00019881
1771582266.387135,9.129311,0.010000,-0.014100,0.016700,-0.012654,-0.7250,-0.066864,-0.010313,0.168778,0.106075,0.106075,2.6519,2.1959,1,1,0.014100,0.00019881
1771582266.387135,9.129311,0.010000,-0.014100,0.016700,-0.012654,-0.7250,-0.066864,-0.004774,0.553902,-0.097019,-0.097019,-2.4255,0.9959,1,1,0.014100,0.00019881
1771582266.407639,9.149816,0.010000,-0.013400,0.031100,-0.011886,-0.6810,-0.030962,0.003846,0.862000,-0.420307,-0.420307,-10.5077,-0.2041,1,1,0.013400,0.00017956
1771582266.425425,9.167601,0.010000,-0.012300,0.039000,-0.011118,-0.6370,0.001763,0.006553,0.270721,-0.094285,-0.094285,-2.3571,-1.4041,1,1,0.012300,0.00015129
1771582266.425425,9.167601,0.010000,-0.012300,0.039000,-0.011118,-0.6370,0.001763,0.004530,-0.202302,-0.195472,-0.195472,-4.8868,-2.6041,1,1,0.012300,0.00015129
1771582266.446515,9.188692,0.010000,-0.012500,0.023300,-0.009198,-0.5270,0.049253,-0.001277,-0.580721,0.436332,0.436332,10.9083,-1.4041,1,1,0.012500,0.00015625
1771582266.456396,9.198572,0.010000,-0.012600,0.014600,-0.006528,-0.3740,0.104057,-0.010112,-0.883456,0.436332,0.436332,10.9083,-0.2041,1,1,0.012600,0.00015876
1771582266.466757,9.208934,0.010000,-0.012400,0.015700,-0.006144,-0.3520,0.087633,-0.012991,-0.287885,0.399274,0.399274,9.9818,0.9959,1,1,0.012400,0.00015376
1771582266.466757,9.208934,0.010000,-0.012400,0.015700,-0.006144,-0.3520,0.087633,-0.011105,0.188571,0.175179,0.175179,4.3795,2.1959,1,1,0.012400,0.00015376
1771582266.487394,9.229571,0.010000,-0.013800,-0.022100,-0.006144,-0.3520,0.065712,-0.005408,0.569736,-0.092853,-0.092853,-2.3213,0.9959,1,1,0.013800,0.00019044
1771582266.495258,9.237435,0.010000,-0.012800,0.006600,-0.006912,-0.3960,0.030107,0.003339,0.874667,-0.422209,-0.422209,-10.5552,-0.2041,1,1,0.012800,0.00016384
1771582266.505978,9.248155,0.010000,-0.011600,0.036100,-0.007278,-0.4170,0.013003,0.006148,0.280855,-0.068960,-0.068960,-1.7240,-1.4041,1,1,0.011600,0.00013456
1771582266.505978,9.248155,0.010000,-0.011600,0.036100,-0.007278,-0.4170,0.013003,0.004206,-0.194195,-0.205036,-0.205036,-5.1259,-2.6041,1,1,0.011600,0.00013456
1771582266.526166,9.268343,0.010000,-0.010800,0.046900,-0.008046,-0.4610,-0.009425,-0.001537,-0.574235,0.436332,0.436332,10.9083,-1.4041,1,1,0.010800,0.00011664
1771582266.536194,9.278371,0.010000,-0.012200,0.000500,-0.008814,-0.5050,-0.026250,-0.010319,-0.878267,0.436332,0.436332,10.9083,-0.2041,1,1,0.012200,0.00014884
1771582266.546453,9.288629,0.010000,-0.012400,-0.005100,-0.009198,-0.5270,-0.029269,-0.013157,-0.283735,0.407332,0.407332,10.1833,0.9959,1,1,0.012400,0.00015376
1771582266.546453,9.288629,0.010000,-0.012400,-0.005100,-0.009198,-0.5270,-0.029269,-0.011238,0.191891,0.130957,0.130957,3.2739,2.1959,1,1,0.012400,0.00015376
1771582266.567355,9.309531,0.010000,-0.012700,-0.011600,-0.009582,-0.5490,-0.031538,-0.005514,0.572392,-0.130682,-0.130682,-3.2671,0.9959,1,1,0.012700,0.00016129
1771582266.585550,9.327726,0.010000,-0.012300,0.004800,-0.010350,-0.5930,-0.032114,0.003254,0.876793,-0.420813,-0.420813,-10.5203,-0.2041,1,1,0.012300,0.00015129
1771582266.585550,9.327726,0.010000,-0.012300,0.004800,-0.010350,-0.5930,-0.032114,0.006080,0.282555,0.049073,0.049073,1.2268,0.9959,1,1,0.012300,0.00015129
1771582266.607626,9.349802,0.010000,-0.012800,-0.009500,-0.009966,-0.5710,-0.014504,0.004151,-0.192835,0.017910,0.017910,0.4477,0.4477,1,1,0.012800,0.00016384
1771582266.616714,9.358891,0.010000,-0.013000,-0.011100,-0.009198,-0.5270,0.008290,0.006797,0.264611,0.096365,0.096365,2.4091,1.6477,1,1,0.013000,0.00016900
1771582266.625067,9.367244,0.010000,-0.011600,0.025400,-0.008430,-0.4830,0.025395,0.007001,0.020346,0.142804,0.142804,3.5701,2.8477,1,1,0.011600,0.00013456
1771582266.625067,9.367244,0.010000,-0.011600,0.025400,-0.008430,-0.4830,0.025395,0.011352,0.435156,0.143505,0.143505,3.5876,3.5876,1,1,0.011600,0.00013456
1771582266.647440,9.389616,0.010000,-0.013600,-0.029900,-0.008046,-0.4610,0.028641,0.019022,0.767004,-0.361053,-0.361053,-9.0263,2.3876,1,1,0.013600,0.00018496
1771582266.658675,9.400852,0.010000,-0.013800,-0.027700,-0.008430,-0.4830,0.011886,0.027741,0.871870,-0.410527,-0.410527,-10.2632,1.1876,1,1,0.013800,0.00019044
1771582266.665171,9.407347,0.010000,-0.013700,-0.018700,-0.007662,-0.4390,0.028100,0.030527,0.278617,0.075632,0.075632,1.8908,1.8908,1,1,0.013700,0.00018769
1771582266.665171,9.407347,0.010000,-0.013700,-0.018700,-0.007662,-0.4390,0.028100,0.028567,-0.195986,0.210637,0.210637,5.2659,3.0908,1,1,0.013700,0.00018769
1771582266.686312,9.428488,0.010000,-0.013400,-0.005900,-0.006528,-0.3740,0.049829,0.029454,0.088664,0.171438,0.171438,4.2859,4.2859,1,1,0.013400,0.00017956
1771582266.696106,9.438283,0.010000,-0.014000,-0.020100,-0.003456,-0.1980,0.114075,0.034352,0.489810,0.060459,0.060459,1.5115,3.0859,1,1,0.014000,0.00019600
1771582266.706999,9.449176,0.010000,-0.013900,-0.012100,-0.002304,-0.1320,0.114319,0.042442,0.809033,-0.397430,-0.397430,-9.9358,1.8859,1,1,0.013900,0.00019321
1771582266.727143,9.469320,0.010000,-0.013400,0.003600,-0.001536,-0.0880,0.104912,0.044726,0.228347,0.039421,0.039421,0.9855,0.9855,1,1,0.013400,0.00017956
1771582266.736092,9.478268,0.010000,-0.013700,-0.005300,0.001536,0.0880,0.155387,0.042364,-0.236201,0.386961,0.386961,9.6740,2.1855,1,1,0.013700,0.00018769
1771582266.746024,9.488200,0.010000,-0.013700,-0.004100,0.003072,0.1760,0.154881,0.037331,-0.503266,0.436332,0.436332,10.9083,3.3855,1,1,0.013700,0.00018769
1771582266.746024,9.488200,0.010000,-0.013700,-0.004100,0.003072,0.1760,0.154881,0.037494,0.016266,0.140995,0.140995,3.5249,3.5249,1,1,0.013700,0.00018769
1771582266.766641,9.508818,0.010000,-0.014000,-0.009500,0.004608,0.2640,0.154514,0.041813,0.431892,0.038808,0.038808,0.9702,2.3249,1,1,0.014000,0.00019600
1771582266.775048,9.517225,0.010000,-0.014000,-0.008300,0.005376,0.3080,0.135054,0.045754,0.394160,0.006906,0.006906,0.1727,1.1249,1,1,0.014000,0.00019600
1771582266.786123,9.528299,0.010000,-0.013900,-0.002700,0.005376,0.3080,0.101299,0.044719,-0.103551,0.002319,0.002319,0.0580,0.0580,1,1,0.013900,0.00019321
1771582266.786123,9.528299,0.010000,-0.013900,-0.002700,0.005376,0.3080,0.101299,0.039702,-0.501720,0.436332,0.436332,10.9083,1.2580,1,1,0.013900,0.00019321
1771582266.806508,9.548685,0.010000,-0.013900,-0.003100,0.004992,0.2860,0.066392,0.031964,-0.773799,0.436332,0.436332,10.9083,2.4580,1,1,0.013900,0.00019321
1771582266.817233,9.559409,0.010000,-0.014000,-0.005100,0.006528,0.3740,0.088139,0.029962,-0.200160,0.236088,0.236088,5.9022,3.6580,1,1,0.014000,0.00019600
1771582266.828241,9.570418,0.010000,-0.013800,0.002400,0.006912,0.3960,0.075695,0.032550,0.258751,0.030797,0.030797,0.7699,2.4580,1,1,0.013800,0.00019044
1771582266.828241,9.570418,0.010000,-0.013800,0.002400,0.006912,0.3960,0.075695,0.038808,0.625880,-0.247730,-0.247730,-6.1933,1.2580,1,1,0.013800,0.00019044
1771582266.846761,9.588937,0.010000,-0.013400,0.011900,0.006912,0.3960,0.056776,0.039627,0.081825,0.150751,0.150751,3.7688,2.4580,1,1,0.013400,0.00017956
1771582266.856413,9.598590,0.010000,-0.013600,0.004000,0.006912,0.3960,0.042569,0.036093,-0.353419,0.435790,0.435790,10.8948,3.6580,1,1,0.013600,0.00018496
1771582266.866304,9.608480,0.010000,-0.013000,0.017900,0.007278,0.4170,0.041521,0.037454,0.136144,0.091041,0.091041,2.2760,2.4580,1,1,0.013000,0.00016900
1771582266.885726,9.627903,0.010000,-0.013500,0.000500,0.007278,0.4170,0.031137,0.042732,0.527794,-0.066751,-0.066751,-1.6688,1.2580,1,1,0.013500,0.00018225
1771582266.896032,9.638209,0.010000,-0.013700,-0.004500,0.007662,0.4390,0.032934,0.042765,0.003356,0.100047,0.100047,2.5012,2.4580,1,1,0.013700,0.00018769
1771582266.906761,9.648937,0.010000,-0.013700,-0.002300,0.008046,0.4610,0.034296,0.038603,-0.416194,0.436315,0.436315,10.9079,3.6580,1,1,0.013700,0.00018769
1771582266.906761,9.648937,0.010000,-0.013700,-0.002300,0.008046,0.4610,0.034296,0.039463,0.085924,0.127379,0.127379,3.1845,3.1845,1,1,0.013700,0.00018769
1771582266.926124,9.668300,0.010000,-0.013600,-0.000000,0.008430,0.4830,0.035308,0.044339,0.487618,-0.016544,-0.016544,-0.4136,1.9845,1,1,0.013600,0.00018496
1771582266.936226,9.678403,0.010000,-0.013700,-0.003800,0.008814,0.5050,0.036076,0.046587,0.224814,-0.011596,-0.011596,-0.2899,0.7845,1,1,0.013700,0.00018769
1771582266.945241,9.687417,0.010000,-0.013600,0.000800,0.009966,0.5710,0.055816,0.044197,-0.239028,0.355775,0.355775,8.8944,1.9845,1,1,0.013600,0.00018496
1771582266.945241,9.687417,0.010000,-0.013600,0.000800,0.009966,0.5710,0.055816,0.038096,-0.610101,0.436332,0.436332,10.9083,3.1845,1,1,0.013600,0.00018496
1771582266.966680,9.708857,0.010000,-0.013700,-0.001000,0.010734,0.6150,0.061034,0.037404,-0.069202,-0.003777,-0.003777,-0.0944,1.9845,1,1,0.013700,0.00018769
1771582266.977453,9.719629,0.010000,-0.013800,-0.005300,0.011886,0.6810,0.074543,0.041039,0.363517,-0.069108,-0.069108,-1.7277,0.7845,1,1,0.013800,0.00019044
1771582266.987249,9.729426,0.010000,-0.013800,-0.003100,0.011886,0.6810,0.055903,0.039758,-0.128065,-0.074630,-0.074630,-1.8657,-0.4155,1,1,0.013800,0.00019044
1771582266.987249,9.729426,0.010000,-0.013800,-0.003100,0.011886,0.6810,0.055903,0.034545,-0.521331,0.436332,0.436332,10.9083,0.7845,1,1,0.013800,0.00019044
1771582267.006310,9.748487,0.010000,-0.013400,0.007600,0.013038,0.7470,0.070686,0.026186,-0.835944,0.436332,0.436332,10.9083,1.9845,1,1,0.013400,0.00017956
1771582267.017143,9.759319,0.010000,-0.013400,0.005800,0.014957,0.8570,0.100950,0.023687,-0.249876,0.375158,0.375158,9.3789,3.1845,1,1,0.013400,0.00017956
1771582267.025881,9.768058,0.010000,-0.013600,0.000500,0.015341,0.8790,0.085312,0.025877,0.218978,0.016141,0.016141,0.4035,1.9845,1,1,0.013600,0.00018496
1771582267.025881,9.768058,0.010000,-0.013600,0.000500,0.015341,0.8790,0.085312,0.031817,0.594062,-0.238518,-0.238518,-5.9629,0.7845,1,1,0.013600,0.00018496
1771582267.055698,9.797874,0.010000,-0.013300,0.006900,0.015341,0.8790,0.047979,0.032381,0.056370,0.120353,0.120353,3.0088,1.9845,1,1,0.013300,0.00017689
1771582267.066262,9.808439,0.010000,-0.013100,0.010300,0.015341,0.8790,0.035989,0.028643,-0.373783,0.436058,0.436058,10.9014,3.1845,1,1,0.013100,0.00017161
1771582267.066262,9.808439,0.010000,-0.013100,0.010300,0.015341,0.8790,0.035989,0.029842,0.119853,0.100093,0.100093,2.5023,2.5023,1,1,0.013100,0.00017161
1771582267.086818,9.828995,0.010000,-0.013500,-0.004200,0.015341,0.8790,0.026983,0.034989,0.514761,-0.135909,-0.135909,-3.3977,1.3023,1,1,0.013500,0.00018225
1771582267.097475,9.839652,0.010000,-0.013700,-0.007400,0.015725,0.9010,0.029828,0.036726,0.173696,0.010801,0.010801,0.2700,0.2700,1,1,0.013700,0.00018769
1771582267.106916,9.849093,0.010000,-0.013700,-0.006200,0.016493,0.9450,0.041539,0.033927,-0.279922,0.425501,0.425501,10.6375,1.4700,1,1,0.013700,0.00018769
1771582267.106916,9.849093,0.010000,-0.013700,-0.006200,0.016493,0.9450,0.041539,0.028084,-0.584281,0.436332,0.436332,10.9083,2.6700,1,1,0.013700,0.00018769
1771582267.127398,9.869575,0.010000,-0.013400,0.004500,0.018029,1.0330,0.069516,0.027599,-0.048545,-0.002043,-0.002043,-0.0511,1.4700,1,1,0.013400,0.00017956
1771582267.134978,9.877155,0.010000,-0.013600,-0.003400,0.019565,1.1210,0.090478,0.031399,0.380043,-0.101580,-0.101580,-2.5395,0.2700,1,1,0.013600,0.00018496
1771582267.145686,9.887862,0.010000,-0.012300,0.030600,0.019565,1.1210,0.067858,0.030251,-0.114845,-0.235008,-0.235008,-5.8752,-0.9300,1,1,0.012300,0.00015129
1771582267.145686,9.887862,0.010000,-0.012300,0.030600,0.019565,1.1210,0.067858,0.025143,-0.510755,0.436332,0.436332,10.9083,0.2700,1,1,0.012300,0.00015129
1771582267.165865,9.908041,0.010000,-0.010100,0.077000,0.019565,1.1210,0.050894,0.016868,-0.827483,0.436332,0.436332,10.9083,1.4700,1,1,0.010100,0.00010201
1771582267.174942,9.917119,0.010000,-0.012200,0.006900,0.020717,1.1870,0.066933,0.014437,-0.243107,0.335282,0.335282,8.3820,2.6700,1,1,0.012200,0.00014884
1771582267.185898,9.928074,0.010000,-0.013300,-0.022500,0.020717,1.1870,0.050196,0.016681,0.224393,-0.032617,-0.032617,-0.8154,1.4700,1,1,0.013300,0.00017689
1771582267.185898,9.928074,0.010000,-0.013300,-0.022500,0.020717,1.1870,0.050196,0.022665,0.598394,-0.299012,-0.299012,-7.4753,0.2700,1,1,0.013300,0.00017689
1771582267.216561,9.958738,0.010000,-0.013300,-0.015600,0.019949,1.1430,0.009058,0.023263,0.059836,0.071712,0.071712,1.7928,1.4700,1,1,0.013300,0.00017689
1771582267.225131,9.967307,0.010000,-0.013200,-0.007300,0.019181,1.0990,-0.012374,0.019553,-0.371010,0.436149,0.436149,10.9037,2.6700,1,1,0.013200,0.00017424
1771582267.225131,9.967307,0.010000,-0.013200,-0.007300,0.019181,1.0990,-0.012374,0.020774,0.122071,0.052667,0.052667,1.3167,1.4700,1,1,0.013200,0.00017424
1771582267.247170,9.989347,0.010000,-0.013100,-0.005000,0.019181,1.0990,-0.009285,0.025939,0.516536,-0.202360,-0.202360,-5.0590,0.2700,1,1,0.013100,0.00017161
1771582267.256668,9.998845,0.010000,-0.013200,-0.005900,0.019565,1.1210,0.002618,0.025883,-0.005651,0.055826,0.055826,1.3957,1.3957,1,1,0.013200,0.00017424
1771582267.267599,10.009775,0.010000,-0.013100,-0.001000,0.019565,1.1210,0.001972,0.021649,-0.423399,0.436315,0.436315,10.9079,2.5957,1,1,0.013100,0.00017161
1771582267.267599,10.009775,0.010000,-0.013100,-0.001000,0.019565,1.1210,0.001972,0.022191,0.054197,0.086131,0.086131,2.1533,2.1533,1,1,0.013100,0.00017161
1771582267.286398,10.028575,0.010000,-0.013200,-0.003400,0.019565,1.1210,0.001484,0.026813,0.462236,-0.132203,-0.132203,-3.3051,0.9533,1,1,0.013200,0.00017424
1771582267.297895,10.040071,0.010000,-0.013300,-0.005400,0.019565,1.1210,0.001100,0.028967,0.215375,-0.046107,-0.046107,-1.1527,-0.2467,1,1,0.013300,0.00017689
1771582267.307831,10.050008,0.010000,-0.013200,-0.001700,0.019949,1.1430,0.010420,0.026501,-0.246579,0.366799,0.366799,9.1700,0.9533,1,1,0.013200,0.00017424
1771582267.307831,10.050008,0.010000,-0.013200,-0.001700,0.019949,1.1430,0.010420,0.020340,-0.616142,0.436332,0.436332,10.9083,2.1533,1,1,0.013200,0.00017424
1771582267.336443,10.078619,0.010000,-0.009700,0.082100,0.021468,1.2300,0.039410,0.019599,-0.074035,-0.264518,-0.264518,-6.6130,0.9533,1,1,0.009700,0.00009409
1771582267.345839,10.088015,0.010000,-0.012100,0.002600,0.021468,1.2300,0.029566,0.023196,0.359651,-0.126018,-0.126018,-3.1505,-0.2467,1,1,0.012100,0.00014641
1771582267.345839,10.088015,0.010000,-0.012100,0.002600,0.021468,1.2300,0.029566,0.021884,-0.131158,-0.173884,-0.173884,-4.3471,-1.4467,1,1,0.012100,0.00014641
1771582267.367221,10.109398,0.010000,-0.004500,0.192000,0.021468,1.2300,0.022166,0.016646,-0.523806,0.433203,0.433203,10.8301,-0.2467,1,1,0.004500,0.00002025
1771582267.376108,10.118284,0.010000,-0.011200,-0.024300,0.021852,1.2520,0.026215,0.008267,-0.837923,0.436332,0.436332,10.9083,0.9533,1,1,0.011200,0.00012544
1771582267.385766,10.127942,0.010000,-0.006100,0.108900,0.021852,1.2520,0.019670,0.005752,-0.251460,-0.335767,-0.335767,-8.3942,-0.2467,1,1,0.006100,0.00003721
1771582267.385766,10.127942,0.010000,-0.006100,0.108900,0.021852,1.2520,0.019670,0.007930,0.217711,-0.227129,-0.227129,-5.6782,-1.4467,1,1,0.006100,0.00003721
1771582267.407596,10.149772,0.010000,-0.008600,0.020200,0.021084,1.2080,-0.004433,0.005482,-0.244710,0.214787,0.214787,5.3697,-0.2467,1,1,0.008600,0.00007396
1771582267.415686,10.157862,0.010000,-0.004600,0.116000,0.019181,1.0990,-0.051260,-0.000664,-0.614647,0.436331,0.436331,10.9083,0.9533,1,1,0.004600,0.00002116
1771582267.429110,10.171286,0.010000,-0.006100,0.047800,0.017645,1.0110,-0.076794,-0.001392,-0.072839,-0.152367,-0.152367,-3.8092,-0.2467,1,1,0.006100,0.00003721
1771582267.429110,10.171286,0.010000,-0.006100,0.047800,0.017645,1.0110,-0.076794,0.002214,0.360608,-0.234829,-0.234829,-5.8707,-1.4467,1,1,0.006100,0.00003721
1771582267.455797,10.197973,0.010000,-0.011400,-0.075000,0.009966,0.5710,-0.222966,0.000910,-0.130393,-0.165071,-0.165071,-4.1268,-2.6467,1,1,0.011400,0.00012996
1771582267.466394,10.208571,0.010000,-0.011000,-0.046900,0.006912,0.3960,-0.243927,-0.004322,-0.523193,0.436332,0.436332,10.9083,-1.4467,1,1,0.011000,0.00012100
1771582267.466394,10.208571,0.010000,-0.011000,-0.046900,0.006912,0.3960,-0.243927,-0.012697,-0.837433,0.436332,0.436332,10.9083,-0.2467,1,1,0.011000,0.00012100
1771582267.487157,10.229333,0.010000,-0.011000,-0.035800,0.003072,0.1760,-0.278816,-0.015207,-0.251068,0.278437,0.278437,6.9609,0.9533,1,1,0.011000,0.00012100
1771582267.497148,10.239324,0.010000,-0.011500,-0.038700,-0.006144,-0.3520,-0.439212,-0.013027,0.218025,0.217620,0.217620,5.4405,2.1533,1,1,0.011500,0.00013225
1771582267.505991,10.248168,0.010000,-0.008200,0.053300,-0.011118,-0.6370,-0.454047,-0.007094,0.593299,-0.317989,-0.317989,-7.9497,0.9533,1,1,0.008200,0.00006724
1771582267.505991,10.248168,0.010000,-0.008200,0.053300,-0.011118,-0.6370,-0.454047,0.001841,0.893518,-0.431152,-0.431152,-10.7788,-0.2467,1,1,0.008200,0.00006724
1771582267.527375,10.269551,0.010000,-0.011000,-0.029000,-0.014957,-0.8570,-0.436402,0.004801,0.295935,0.240920,0.240920,6.0230,0.9533,1,1,0.011000,0.00012100
1771582267.535761,10.277937,0.010000,-0.010800,-0.017300,-0.013806,-0.7910,-0.298539,0.002979,-0.182131,-0.250350,-0.250350,-6.2588,-0.2467,1,1,0.010800,0.00011664
1771582267.547133,10.289310,0.010000,-0.011000,-0.017900,-0.011118,-0.6370,-0.156800,0.005711,0.273175,0.045950,0.045950,1.1488,0.9533,1,1,0.011000,0.00012100
1771582267.547133,10.289310,0.010000,-0.011000,-0.017900,-0.011118,-0.6370,-0.156800,0.003708,-0.200339,-0.084972,-0.084972,-2.1243,-0.2467,1,1,0.011000,0.00012100
1771582267.566383,10.308560,0.010000,-0.010000,0.012100,-0.007662,-0.4390,-0.031311,0.006294,0.258607,0.007183,0.007183,0.1796,0.1796,1,1,0.010000,0.00010000
1771582267.576255,10.318432,0.010000,-0.012500,-0.053600,-0.001920,-0.1100,0.120323,0.004174,-0.211993,0.383863,0.383863,9.5966,1.3796,1,1,0.012500,0.00015625
1771582267.585296,10.327473,0.010000,-0.012100,-0.031800,-0.000384,-0.0220,0.128596,0.003966,-0.020794,0.135926,0.135926,3.3981,2.5796,1,1,0.012100,0.00014641
1771582267.605805,10.347981,0.010000,-0.013000,-0.046100,0.000768,0.0440,0.125210,0.007988,0.402244,0.132688,0.132688,3.3172,3.3172,1,1,0.013000,0.00016900
1771582267.617309,10.359485,0.010000,-0.013800,-0.054100,0.001536,0.0880,0.113080,0.015395,0.740674,-0.322422,-0.322422,-8.0606,2.1172,1,1,0.013800,0.00019044
1771582267.626295,10.368472,0.010000,-0.013700,-0.038600,0.001152,0.0660,0.075224,0.023895,0.850024,-0.411779,-0.411779,-10.2945,0.9172,1,1,0.013700,0.00018769
1771582267.626295,10.368472,0.010000,-0.013700,-0.038600,0.001152,0.0660,0.075224,0.026507,0.261140,0.057855,0.057855,1.4464,1.4464,1,1,0.013700,0.00018769
1771582267.646241,10.388418,0.010000,-0.013400,-0.021600,0.000768,0.0440,0.046827,0.024407,-0.209967,0.314827,0.314827,7.8707,2.6464,1,1,0.013400,0.00017956
1771582267.656713,10.398889,0.010000,-0.013800,-0.026000,0.001920,0.1100,0.063879,0.024574,0.016745,0.096696,0.096696,2.4174,2.4174,1,1,0.013800,0.00019044
1771582267.666376,10.408553,0.010000,-0.013900,-0.021200,0.001920,0.1100,0.047909,0.028897,0.432275,0.091973,0.091973,2.2993,2.2993,1,1,0.013900,0.00019321
1771582267.666376,10.408553,0.010000,-0.013900,-0.021200,0.001920,0.1100,0.047909,0.031556,0.265888,0.038377,0.038377,0.9594,1.0993,1,1,0.013900,0.00019321
1771582267.685514,10.427691,0.010000,-0.014000,-0.017500,0.001920,0.1100,0.035936,0.033271,0.171493,0.039793,0.039793,0.9948,0.9948,1,1,0.014000,0.00019600
1771582267.695958,10.438134,0.010000,-0.014200,-0.019900,0.002688,0.1540,0.046129,0.030454,-0.281685,0.430771,0.430771,10.7693,2.1948,1,1,0.014200,0.00020164
1771582267.706706,10.448882,0.010000,-0.014100,-0.011000,0.003072,0.1760,0.044174,0.027836,-0.261819,0.415320,0.415320,10.3830,3.3948,1,1,0.014100,0.00019881
1771582267.726393,10.468570,0.010000,-0.014100,-0.010000,0.003072,0.1760,0.033144,0.029930,0.209424,0.036797,0.036797,0.9199,2.1948,1,1,0.014100,0.00019881
1771582267.735845,10.478022,0.010000,-0.013400,0.009900,0.003072,0.1760,0.024853,0.035794,0.586418,-0.182786,-0.182786,-4.5696,0.9948,1,1,0.013400,0.00017956
1771582267.746751,10.488928,0.010000,-0.013800,-0.001800,0.003456,0.1980,0.028222,0.036297,0.050256,0.136327,0.136327,3.4082,2.1948,1,1,0.013800,0.00019044
1771582267.746751,10.488928,0.010000,-0.013800,-0.001800,0.003456,0.1980,0.028222,0.032510,-0.378675,0.436204,0.436204,10.9051,3.3948,1,1,0.013800,0.00019044
1771582267.766983,10.509160,0.010000,-0.013900,-0.003100,0.004224,0.2420,0.040352,0.033670,0.115939,0.121157,0.121157,3.0289,3.0289,1,1,0.013900,0.00019321
1771582267.776361,10.518538,0.010000,-0.014300,-0.011900,0.005376,0.3080,0.059027,0.038786,0.511631,-0.023612,-0.023612,-0.5903,1.8289,1,1,0.014300,0.00020449
1771582267.785877,10.528053,0.010000,-0.014300,-0.009900,0.006528,0.3740,0.073025,0.041602,0.281576,-0.008188,-0.008188,-0.2047,0.6289,1,1,0.014300,0.00020449
1771582267.785877,10.528053,0.010000,-0.014300,-0.009900,0.006528,0.3740,0.073025,0.039665,-0.193618,0.225156,0.225156,5.6289,1.8289,1,1,0.014300,0.00020449
1771582267.807758,10.549934,0.010000,-0.014400,-0.010000,0.008430,0.4830,0.102713,0.033928,-0.573773,0.436332,0.436332,10.9083,3.0289,1,1,0.014400,0.00020736
1771582267.815721,10.557897,0.010000,-0.014400,-0.008000,0.014190,0.8130,0.220837,0.033526,-0.040140,0.067314,0.067314,1.6828,1.8289,1,1,0.014400,0.00020736
1771582267.826113,10.568289,0.010000,-0.014400,-0.004100,0.017261,0.9890,0.242322,0.037394,0.386767,0.002905,0.002905,0.0726,0.6289,1,1,0.014400,0.00020736
1771582267.846501,10.588677,0.010000,-0.014100,0.004000,0.019949,1.1430,0.248866,0.036299,-0.109465,-0.104719,-0.104719,-2.6180,-0.5711,1,1,0.014100,0.00019881
1771582267.856599,10.598776,0.010000,-0.014000,0.004700,0.026459,1.5160,0.349624,0.031235,-0.506451,0.436332,0.436332,10.9083,0.6289,1,1,0.014000,0.00019600
1771582267.865020,10.607196,0.010000,-0.013700,0.010000,0.029915,1.7140,0.348507,0.022994,-0.824040,0.436332,0.436332,10.9083,1.8289,1,1,0.013700,0.00018769
1771582267.865020,10.607196,0.010000,-0.013700,0.010000,0.029915,1.7140,0.348507,0.020591,-0.240353,0.400165,0.400165,10.0041,3.0289,1,1,0.013700,0.00018769
1771582267.887212,10.629389,0.010000,-0.012500,0.039500,0.032603,1.8680,0.328488,0.022857,0.226597,0.073489,0.073489,1.8372,1.8372,1,1,0.012500,0.00015625
1771582267.896113,10.638289,0.010000,-0.012500,0.028800,0.036041,2.0650,0.332660,0.028858,0.600156,-0.344406,-0.344406,-8.6102,0.6372,1,1,0.012500,0.00015625
1771582267.906631,10.648808,0.010000,-0.013200,0.003000,0.036809,2.1090,0.268659,0.029500,0.064144,0.081554,0.081554,2.0389,1.8372,1,1,0.013200,0.00017424
1771582267.906631,10.648808,0.010000,-0.013200,0.003000,0.036809,2.1090,0.268659,0.025824,-0.367564,0.436218,0.436218,10.9055,3.0372,1,1,0.013200,0.00017424
1771582267.925372,10.667548,0.010000,-0.011400,0.047800,0.036809,2.1090,0.201498,0.027072,0.124828,0.031932,0.031932,0.7983,1.8372,1,1,0.011400,0.00012996
1771582267.936145,10.678322,0.010000,-0.011000,0.047500,0.036425,2.0870,0.141546,0.032260,0.518741,-0.337566,-0.337566,-8.4392,0.6372,1,1,0.011000,0.00012100
1771582267.946563,10.688740,0.010000,-0.010300,0.053000,0.035657,2.0430,0.086987,0.032221,-0.003886,-0.120686,-0.120686,-3.0171,-0.5628,1,1,0.010300,0.00010609
1771582267.946563,10.688740,0.010000,-0.010300,0.053000,0.035657,2.0430,0.086987,0.028001,-0.421988,0.436144,0.436144,10.9036,0.6372,1,1,0.010300,0.00010609
1771582267.965377,10.707554,0.010000,-0.010000,0.045800,0.034907,2.0000,0.046059,0.020436,-0.756469,0.436332,0.436332,10.9083,1.8372,1,1,0.010000,0.00010000
1771582267.985493,10.727670,0.010000,-0.009500,0.043900,0.031835,1.8240,-0.038799,0.018574,-0.186296,-0.319765,-0.319765,-7.9941,0.6372,1,1,0.009500,0.00009025
1771582267.985493,10.727670,0.010000,-0.009500,0.043900,0.031835,1.8240,-0.038799,0.021272,0.269842,-0.222883,-0.222883,-5.5721,-0.5628,1,1,0.009500,0.00009025
1771582268.006915,10.749092,0.010000,-0.010300,0.011900,0.030683,1.7580,-0.057875,0.019242,-0.203005,-0.008011,-0.008011,-0.2003,-0.2003,1,1,0.010300,0.00010609
1771582268.015522,10.757698,0.010000,-0.010500,0.006100,0.027995,1.6040,-0.110514,0.013429,-0.581283,0.436332,0.436332,10.9083,0.9997,1,1,0.010500,0.00011025
1771582268.026279,10.768456,0.010000,-0.010800,-0.003100,0.026843,1.5380,-0.111649,0.010044,-0.338493,0.434403,0.434403,10.8601,2.1997,1,1,0.010800,0.00011664
1771582268.026279,10.768456,0.010000,-0.010800,-0.003100,0.026843,1.5380,-0.111649,0.011525,0.148085,-0.081725,-0.081725,-2.0431,0.9997,1,1,0.010800,0.00011664
1771582268.046813,10.788990,0.010000,-0.010200,0.012000,0.025691,1.4720,-0.112504,0.016898,0.537347,-0.340392,-0.340392,-8.5098,-0.2003,1,1,0.010200,0.00010404
1771582268.056154,10.798331,0.010000,-0.010500,0.002100,0.026459,1.5160,-0.065206,0.017008,0.010998,0.008083,0.008083,0.2021,0.2021,1,1,0.010500,0.00011025
1771582268.067749,10.809926,0.010000,-0.010300,0.004700,0.027227,1.5600,-0.029723,0.012908,-0.410080,0.436274,0.436274,10.9069,1.4021,1,1,0.010300,0.00010609
1771582268.067749,10.809926,0.010000,-0.010300,0.004700,0.027227,1.5600,-0.029723,0.011031,-0.187618,-0.086384,-0.086384,-2.1596,0.2021,1,1,0.010300,0.00010609
1771582268.086829,10.829005,0.010000,-0.009900,0.015700,0.027611,1.5820,-0.012706,0.013719,0.268785,-0.169340,-0.169340,-4.2335,-0.9979,1,1,0.009900,0.00009801
1771582268.095377,10.837554,0.010000,-0.009300,0.024900,0.027995,1.6040,0.000052,0.011681,-0.203851,-0.079030,-0.079030,-1.9758,-1.9758,1,1,0.009300,0.00008649
1771582268.107948,10.850125,0.010000,-0.009700,0.009000,0.027611,1.5820,-0.009547,0.005861,-0.581960,0.436332,0.436332,10.9083,-0.7758,1,1,0.009700,0.00009409
1771582268.107948,10.850125,0.010000,-0.009700,0.009000,0.027611,1.5820,-0.009547,-0.002208,-0.806891,0.436332,0.436332,10.9083,0.4242,1,1,0.009700,0.00009409
1771582268.134956,10.877132,0.010000,-0.008800,0.016600,0.026843,1.5380,-0.024539,-0.004474,-0.226634,0.110153,0.110153,2.7538,1.6242,1,1,0.008800,0.00007744
1771582268.145607,10.887784,0.010000,-0.008400,0.023000,0.026075,1.4940,-0.037577,-0.002098,0.237572,-0.139772,-0.139772,-3.4943,0.4242,1,1,0.008400,0.00007056
1771582268.145607,10.887784,0.010000,-0.008400,0.023000,0.026075,1.4940,-0.037577,0.003991,0.608937,-0.402330,-0.402330,-10.0582,-0.7758,1,1,0.008400,0.00007056
1771582268.145607,10.887784,0.010000,-0.008400,0.023000,0.026075,1.4940,-0.037577,0.004674,0.068270,0.058636,0.058636,1.4659,0.4242,1,1,0.008400,0.00007056
1771582268.176670,10.918846,0.010000,-0.007600,0.031100,0.024923,1.4280,-0.047508,0.001031,-0.364263,0.433473,0.433473,10.8368,1.6242,1,1,0.007600,0.00005776
1771582268.185979,10.928156,0.010000,-0.007700,0.021300,0.025307,1.4500,-0.026040,0.002306,0.127469,-0.010445,-0.010445,-0.2611,0.4242,1,1,0.007700,0.00005929
1771582268.185979,10.928156,0.010000,-0.007700,0.021300,0.025307,1.4500,-0.026040,0.007514,0.520854,-0.312677,-0.312677,-7.8169,-0.7758,1,1,0.007700,0.00005929
1771582268.207662,10.949839,0.010000,-0.006200,0.052700,0.025307,1.4500,-0.019530,0.007492,-0.002196,-0.073338,-0.073338,-1.8335,-1.8335,1,1,0.006200,0.00003844
1771582268.216086,10.958262,0.010000,-0.005800,0.051000,0.025691,1.4720,-0.005061,0.003286,-0.420636,0.435912,0.435912,10.8978,-0.6335,1,1,0.005800,0.00003364
1771582268.227221,10.969398,0.010000,-0.004900,0.059400,0.025307,1.4500,-0.013387,-0.003771,-0.705717,0.436332,0.436332,10.9083,0.5665,1,1,0.004900,0.00002401
1771582268.227221,10.969398,0.010000,-0.004900,0.059400,0.025307,1.4500,-0.013387,-0.005228,-0.145695,-0.324124,-0.324124,-8.1031,-0.6335,1,1,0.004900,0.00002401
1771582268.247255,10.989432,0.010000,-0.003800,0.071400,0.025307,1.4500,-0.010036,-0.002205,0.302323,-0.231714,-0.231714,-5.7929,-1.8335,1,1,0.003800,0.00001444
1771582268.257313,10.999490,0.010000,-0.004300,0.042600,0.023387,1.3400,-0.055467,-0.003975,-0.177021,-0.334301,-0.334301,-8.3575,-3.0335,1,1,0.004300,0.00001849
1771582268.265224,11.007400,0.010000,-0.005000,0.014500,0.021468,1.2300,-0.089535,-0.009580,-0.560495,0.436332,0.436332,10.9083,-1.8335,1,1,0.005000,0.00002500
1771582268.265224,11.007400,0.010000,-0.005000,0.014500,0.021468,1.2300,-0.089535,-0.018253,-0.867275,0.436332,0.436332,10.9083,-0.6335,1,1,0.005000,0.00002500
1771582268.286416,11.028592,0.010000,-0.004500,0.021400,0.019949,1.1430,-0.105505,-0.021002,-0.274941,0.287390,0.287390,7.1848,0.5665,1,1,0.004500,0.00002025
1771582268.306439,11.048616,0.010000,-0.005200,-0.001700,0.011118,0.6370,-0.248692,-0.019013,0.198926,-0.147515,-0.147515,-3.6879,-0.6335,1,1,0.005200,0.00002704
1771582268.306439,11.048616,0.010000,-0.005200,-0.001700,0.011118,0.6370,-0.248692,-0.013233,0.578020,-0.357222,-0.357222,-8.9305,-1.8335,1,1,0.005200,0.00002704
1771582268.325665,11.067842,0.010000,-0.004000,0.027200,0.007662,0.4390,-0.272812,-0.012797,0.043537,-0.071912,-0.071912,-1.7978,-1.7978,1,1,0.004000,0.00001600
1771582268.336171,11.078348,0.010000,-0.002800,0.051000,0.001152,0.0660,-0.367584,-0.016638,-0.384050,0.419856,0.419856,10.4964,-0.5978,1,1,0.002800,0.00000784
1771582268.345720,11.087896,0.010000,-0.003700,0.014400,-0.001920,-0.1100,-0.352399,-0.019586,-0.294789,0.219509,0.219509,5.4877,0.6022,1,1,0.003700,0.00001369
1771582268.345720,11.087896,0.010000,-0.003700,0.014400,-0.001920,-0.1100,-0.352399,-0.017755,0.183048,-0.190468,-0.190468,-4.7617,-0.5978,1,1,0.003700,0.00001369
1771582268.367098,11.109274,0.010000,-0.003500,0.017300,-0.004608,-0.2640,-0.331403,-0.012102,0.565317,-0.302879,-0.302879,-7.5720,-1.7978,1,1,0.003500,0.00001225
1771582268.375629,11.117805,0.010000,-0.003100,0.023900,-0.008046,-0.4610,-0.334841,-0.011768,0.033375,-0.073770,-0.073770,-1.8442,-1.8442,1,1,0.003100,0.00000961
1771582268.385699,11.127875,0.010000,-0.002500,0.032800,-0.008814,-0.5050,-0.270299,-0.015690,-0.392179,0.431864,0.431864,10.7966,-0.6442,1,1,0.002500,0.00000625
1771582268.385699,11.127875,0.010000,-0.002500,0.032800,-0.008814,-0.5050,-0.270299,-0.018990,-0.329960,0.359878,0.359878,8.9970,0.5558,1,1,0.002500,0.00000625
1771582268.406836,11.149012,0.010000,-0.002000,0.035400,-0.008814,-0.5050,-0.202737,-0.017441,0.154911,-0.140549,-0.140549,-3.5137,-0.6442,1,1,0.002000,0.00000400
1771582268.415684,11.157860,0.010000,-0.002400,0.016300,-0.007662,-0.4390,-0.123290,-0.012013,0.542808,-0.214032,-0.214032,-5.3508,-1.8442,1,1,0.002400,0.00000576
1771582268.426301,11.168478,0.010000,-0.000700,0.055500,-0.007278,-0.4170,-0.082868,-0.011859,0.015367,0.003717,0.003717,0.0929,-0.6442,1,1,0.000700,0.00000049
1771582268.446916,11.189092,0.010000,-0.001200,0.029100,-0.006528,-0.3740,-0.042987,-0.015925,-0.406585,0.435761,0.435761,10.8940,0.5558,1,1,0.001200,0.00000144
1771582268.456836,11.199012,0.010000,-0.001200,0.020800,-0.005760,-0.3300,-0.013055,-0.014989,0.093611,0.081112,0.081112,2.0278,1.7558,1,1,0.001200,0.00000144
1771582268.465689,11.207866,0.010000,-0.001000,0.022200,-0.004992,-0.2860,0.009372,-0.010051,0.493768,-0.056140,-0.056140,-1.4035,0.5558,1,1,0.001000,0.00000100
1771582268.465689,11.207866,0.010000,-0.001000,0.022200,-0.004992,-0.2860,0.009372,-0.001912,0.813893,-0.424804,-0.424804,-10.6201,-0.6442,1,1,0.001000,0.00000100
1771582268.487492,11.229669,0.010000,-0.000500,0.029100,-0.004608,-0.2640,0.016616,0.000410,0.232236,-0.086319,-0.086319,-2.1580,-1.8442,1,1,0.000500,0.00000025
1771582268.495941,11.238118,0.010000,-0.000400,0.024800,-0.001920,-0.1100,0.079570,-0.001921,-0.233091,-0.022645,-0.022645,-0.5661,-0.6442,1,1,0.000400,0.00000016
1771582268.507272,11.249449,0.010000,-0.000500,0.015600,-0.000384,-0.0220,0.098035,-0.007974,-0.605351,0.436332,0.436332,10.9083,0.5558,1,1,0.000500,0.00000025
1771582268.507272,11.249449,0.010000,-0.000500,0.015600,-0.000384,-0.0220,0.098035,-0.008628,-0.065402,0.016444,0.016444,0.4111,0.4111,1,1,0.000500,0.00000025
1771582268.526036,11.268212,0.010000,-0.000100,0.021600,0.001152,0.0660,0.111876,-0.004963,0.366557,-0.117761,-0.117761,-2.9440,-0.7889,1,1,0.000100,0.00000001
1771582268.537848,11.280024,0.010000,-0.000400,0.007500,0.003456,0.1980,0.141424,-0.002535,0.242754,-0.041432,-0.041432,-1.0358,-1.0358,1,1,0.000400,0.00000016
1771582268.547938,11.290115,0.010000,-0.000500,0.003200,0.004608,0.2640,0.134827,-0.004782,-0.224676,0.126825,0.126825,3.1706,0.1642,1,1,0.000500,0.00000025
1771582268.547938,11.290115,0.010000,-0.000500,0.003200,0.004608,0.2640,0.134827,-0.007441,-0.265928,0.355072,0.355072,8.8768,1.3642,1,1,0.000500,0.00000025
1771582268.575316,11.317493,0.010000,-0.000400,0.004700,0.006144,0.3520,0.109397,-0.005380,0.206137,-0.079120,-0.079120,-1.9780,0.1642,1,1,0.000400,0.00000016
1771582268.585794,11.327970,0.010000,-0.000800,-0.007600,0.006144,0.3520,0.082048,0.000458,0.583789,-0.291231,-0.291231,-7.2808,-1.0358,1,1,0.000800,0.00000064
1771582268.585794,11.327970,0.010000,-0.000800,-0.007600,0.006144,0.3520,0.082048,0.000940,0.048152,0.071334,0.071334,1.7833,0.1642,1,1,0.000800,0.00000064
1771582268.607198,11.349375,0.010000,-0.000900,-0.007300,0.006144,0.3520,0.061540,-0.002864,-0.380358,0.435996,0.435996,10.8999,1.3642,1,1,0.000900,0.00000081
1771582268.615786,11.357962,0.010000,-0.000800,-0.002700,0.006528,0.3740,0.055746,-0.001718,0.114593,-0.012261,-0.012261,-0.3065,0.1642,1,1,0.000800,0.00000064
1771582268.626007,11.368184,0.010000,-0.000800,-0.003500,0.006528,0.3740,0.041801,0.003388,0.510553,-0.202816,-0.202816,-5.0704,-1.0358,1,1,0.000800,0.00000064
1771582268.626007,11.368184,0.010000,-0.000800,-0.003500,0.006528,0.3740,0.041801,0.003283,-0.010436,0.052625,0.052625,1.3156,0.1642,1,1,0.000800,0.00000064
1771582268.645925,11.388102,0.010000,-0.000300,0.011000,0.006528,0.3740,0.031346,-0.000989,-0.427228,0.436263,0.436263,10.9066,1.3642,1,1,0.000300,0.00000009
1771582268.657379,11.399556,0.010000,-0.000100,0.013000,0.006528,0.3740,0.023510,-0.000218,0.077097,0.021453,0.021453,0.5363,0.5363,1,1,0.000100,0.00000001
1771582268.666244,11.408420,0.010000,-0.000600,-0.003000,0.006528,0.3740,0.017645,0.004588,0.480556,-0.192620,-0.192620,-4.8155,-0.6637,1,1,0.000600,0.00000036
1771582268.666244,11.408420,0.010000,-0.000600,-0.003000,0.006528,0.3740,0.017645,0.005542,0.095466,-0.033255,-0.033255,-0.8314,-0.8314,1,1,0.000600,0.00000036
1771582268.685654,11.427830,0.010000,-0.000600,-0.002200,0.006528,0.3740,0.013230,0.002117,-0.342506,0.433601,0.433601,10.8400,0.3686,1,1,0.000600,0.00000036
1771582268.695844,11.438020,0.010000,-0.000700,-0.004100,0.006528,0.3740,0.009913,-0.001208,-0.332547,0.432016,0.432016,10.8004,1.5686,1,1,0.000700,0.00000049
1771582268.706666,11.448843,0.010000,-0.000600,-0.001200,0.006528,0.3740,0.007435,0.000320,0.152841,-0.131551,-0.131551,-3.2888,0.3686,1,1,0.000600,0.00000036
1771582268.725973,11.468150,0.010000,-0.000700,-0.001900,0.006528,0.3740,0.005585,0.005732,0.541152,-0.237503,-0.237503,-5.9376,-0.8314,1,1,0.000700,0.00000049
1771582268.736621,11.478798,0.010000,-0.000800,-0.004700,0.006528,0.3740,0.004189,0.005872,0.014043,0.029606,0.029606,0.7402,0.3686,1,1,0.000800,0.00000064
1771582268.745311,11.487487,0.010000,-0.000600,0.001700,0.006528,0.3740,0.003142,0.001796,-0.407645,0.436196,0.436196,10.9049,1.5686,1,1,0.000600,0.00000036
1771582268.745311,11.487487,0.010000,-0.000600,0.001700,0.006528,0.3740,0.003142,0.002723,0.092763,-0.030630,-0.030630,-0.7658,0.3686,1,1,0.000600,0.00000036
1771582268.767210,11.509387,0.010000,-0.000500,0.002700,0.006528,0.3740,0.002356,0.007654,0.493089,-0.216680,-0.216680,-5.4170,-0.8314,1,1,0.000500,0.00000025
1771582268.776220,11.518397,0.010000,-0.000900,-0.005900,0.006528,0.3740,0.001763,0.007410,-0.024407,0.026817,0.026817,0.6704,0.3686,1,1,0.000900,0.00000081
1771582268.786144,11.528321,0.010000,-0.000800,-0.004300,0.006528,0.3740,0.001326,0.003026,-0.438405,0.436309,0.436309,10.9077,1.5686,1,1,0.000800,0.00000064
1771582268.786144,11.528321,0.010000,-0.000800,-0.004300,0.006528,0.3740,0.001326,0.003707,0.068155,0.010666,0.010666,0.2666,0.3686,1,1,0.000800,0.00000064
1771582268.807235,11.549412,0.010000,-0.000800,-0.002500,0.006528,0.3740,0.000995,0.008442,0.473403,-0.198940,-0.198940,-4.9735,-0.8314,1,1,0.000800,0.00000064
1771582268.816671,11.558847,0.010000,-0.000900,-0.003400,0.006528,0.3740,0.000750,0.008040,-0.040157,0.013264,0.013264,0.3316,0.3316,1,1,0.000900,0.00000081
1771582268.826888,11.569065,0.010000,-0.000900,-0.002800,0.006528,0.3740,0.000559,0.003530,-0.451004,0.436320,0.436320,10.9080,1.5316,1,1,0.000900,0.00000081
1771582268.826888,11.569065,0.010000,-0.000900,-0.002800,0.006528,0.3740,0.000559,0.003981,0.045149,0.016238,0.016238,0.4060,0.4060,1,1,0.000900,0.00000081
1771582268.848572,11.590749,0.010000,-0.001000,-0.004000,0.006912,0.3960,0.010001,0.008531,0.454998,-0.197643,-0.197643,-4.9411,-0.7940,1,1,0.001000,0.00000100
1771582268.856263,11.598439,0.010000,-0.000900,-0.002600,0.006528,0.3740,-0.002077,0.008242,-0.028922,0.021033,0.021033,0.5258,0.4060,1,1,0.000900,0.00000081
1771582268.865618,11.607794,0.010000,-0.000900,-0.000900,0.006912,0.3960,0.008029,0.003822,-0.442016,0.436311,0.436311,10.9078,1.6060,1,1,0.000900,0.00000081
1771582268.865618,11.607794,0.010000,-0.000900,-0.000900,0.006912,0.3960,0.008029,0.004475,0.065266,0.019443,0.019443,0.4861,0.4861,1,1,0.000900,0.00000081
1771582268.895782,11.637958,0.010000,-0.001000,-0.002300,0.006528,0.3740,-0.005079,0.009186,0.471092,-0.197478,-0.197478,-4.9369,-0.7139,1,1,0.001000,0.00000100
1771582268.895782,11.637958,0.010000,-0.001000,-0.002300,0.006528,0.3740,-0.005079,0.009045,-0.014042,0.026660,0.026660,0.6665,0.4861,1,1,0.001000,0.00000100
1771582268.907133,11.649310,0.010000,-0.000900,0.000400,0.006528,0.3740,-0.003805,0.004744,-0.430112,0.436291,0.436291,10.9073,1.6861,1,1,0.000900,0.00000081
1771582268.926395,11.668571,0.010000,-0.000900,-0.000300,0.006912,0.3960,0.006737,0.005492,0.074789,0.003572,0.003572,0.0893,0.4861,1,1,0.000900,0.00000081
1771582268.935545,11.677722,0.010000,-0.001000,-0.001900,0.006912,0.3960,0.005044,0.010279,0.478710,-0.205124,-0.205124,-5.1281,-0.7139,1,1,0.001000,0.00000100
1771582268.946567,11.688743,0.010000,-0.000900,-0.000200,0.006912,0.3960,0.003787,0.009920,-0.035911,0.011383,0.011383,0.2846,0.2846,1,1,0.000900,0.00000081
1771582268.946567,11.688743,0.010000,-0.000900,-0.000200,0.006912,0.3960,0.003787,0.005444,-0.447608,0.436316,0.436316,10.9079,1.4846,1,1,0.000900,0.00000081
1771582268.966945,11.709122,0.010000,-0.001000,-0.000900,0.006912,0.3960,0.002845,0.005348,-0.009538,0.033902,0.033902,0.8475,0.8475,1,1,0.001000,0.00000100
1771582268.975165,11.717341,0.010000,-0.001000,-0.002000,0.006912,0.3960,0.002129,0.009461,0.411249,-0.206566,-0.206566,-5.1642,-0.3525,1,1,0.001000,0.00000100
1771582268.986380,11.728556,0.010000,-0.000900,0.000600,0.006912,0.3960,0.001606,0.010527,0.106632,-0.073243,-0.073243,-1.8311,-1.5525,1,1,0.000900,0.00000081
1771582268.986380,11.728556,0.010000,-0.000900,0.000600,0.006912,0.3960,0.001606,0.007192,-0.333574,0.431566,0.431566,10.7892,-0.3525,1,1,0.000900,0.00000081
1771582269.007526,11.749703,0.010000,-0.001000,-0.000400,0.006912,0.3960,0.001204,0.000334,-0.685738,0.436332,0.436332,10.9083,0.8475,1,1,0.001000,0.00000100
1771582269.027513,11.769689,0.010000,-0.001000,0.000700,0.006912,0.3960,0.000681,-0.000963,-0.129711,-0.207780,-0.207780,-5.1945,-0.3525,1,1,0.001000,0.00000100
1771582269.027513,11.769689,0.010000,-0.001000,0.000700,0.006912,0.3960,0.000681,0.002188,0.315110,-0.170909,-0.170909,-4.2727,-1.5525,1,1,0.001000,0.00000100
1771582269.047320,11.789496,0.010000,-0.001000,-0.000000,0.006528,0.3740,-0.009076,0.000520,-0.166791,-0.237393,-0.237393,-5.9348,-2.7525,1,1,0.001000,0.00000100
1771582269.056025,11.798201,0.010000,-0.001000,0.000200,0.006528,0.3740,-0.006807,-0.005003,-0.552312,0.436332,0.436332,10.9083,-1.5525,1,1,0.001000,0.00000100
1771582269.066070,11.808247,0.010000,-0.000900,0.000700,0.006144,0.3520,-0.014696,-0.013610,-0.860729,0.436332,0.436332,10.9083,-0.3525,1,1,0.000900,0.00000081
1771582269.066070,11.808247,0.010000,-0.000900,0.000700,0.006144,0.3520,-0.014696,-0.016307,-0.269704,0.316372,0.316372,7.9093,0.8475,1,1,0.000900,0.00000081
1771582269.086272,11.828449,0.010000,-0.001000,-0.000100,0.005760,0.3300,-0.020612,-0.014276,0.203116,-0.132496,-0.132496,-3.3124,-0.3525,1,1,0.001000,0.00000100
1771582269.097797,11.839974,0.010000,-0.001000,-0.001200,0.004608,0.2640,-0.044227,-0.008462,0.581372,-0.304734,-0.304734,-7.6184,-1.5525,1,1,0.001000,0.00000100
1771582269.106851,11.849028,0.010000,-0.001000,0.000200,0.004224,0.2420,-0.042743,-0.008000,0.046218,0.032921,0.032921,0.8230,-0.3525,1,1,0.001000,0.00000100
1771582269.106851,11.849028,0.010000,-0.001000,0.000200,0.004224,0.2420,-0.042743,-0.011819,-0.381904,0.435787,0.435787,10.8947,0.8475,1,1,0.001000,0.00000100
1771582269.126200,11.868376,0.010000,-0.000900,0.000800,0.004224,0.2420,-0.032062,-0.010686,0.113356,-0.039437,-0.039437,-0.9859,-0.3525,1,1,0.000900,0.00000081
1771582269.136361,11.878537,0.010000,-0.001000,-0.000100,0.004224,0.2420,-0.024051,-0.005590,0.509563,-0.183205,-0.183205,-4.5801,-1.5525,1,1,0.001000,0.00000100
1771582269.148242,11.890419,0.010000,-0.000900,0.000500,0.004608,0.2640,-0.008447,-0.005702,-0.011228,0.047874,0.047874,1.1968,-0.3525,1,1,0.000900,0.00000081
1771582269.148242,11.890419,0.010000,-0.000900,0.000500,0.004608,0.2640,-0.008447,-0.009981,-0.427862,0.436278,0.436278,10.9069,0.8475,1,1,0.000900,0.00000081
1771582269.165505,11.907681,0.010000,-0.001000,-0.000500,0.004608,0.2640,-0.006336,-0.009215,0.076590,0.035354,0.035354,0.8838,0.8838,1,1,0.001000,0.00000100
1771582269.185879,11.928055,0.010000,-0.001000,0.000100,0.005376,0.3080,0.013212,-0.004413,0.480151,-0.155260,-0.155260,-3.8815,-0.3162,1,1,0.001000,0.00000100
1771582269.185879,11.928055,0.010000,-0.001000,0.000100,0.005376,0.3080,0.013212,-0.000446,0.396788,-0.173145,-0.173145,-4.3286,-1.5162,1,1,0.001000,0.00000100
1771582269.207366,11.949543,0.010000,-0.001000,-0.000900,0.005376,0.3080,0.009913,-0.001460,-0.101449,-0.135082,-0.135082,-3.3770,-2.7162,1,1,0.001000,0.00000100
1771582269.216738,11.958914,0.010000,-0.001000,-0.001600,0.005376,0.3080,0.007435,-0.006460,-0.500038,0.436331,0.436331,10.9083,-1.5162,1,1,0.001000,0.00000100
1771582269.226202,11.968378,0.010000,-0.001000,-0.000500,0.005376,0.3080,0.005568,-0.014650,-0.818910,0.436332,0.436332,10.9083,-0.3162,1,1,0.001000,0.00000100
1771582269.226202,11.968378,0.010000,-0.001000,-0.000500,0.005376,0.3080,0.005568,-0.017012,-0.236249,0.130564,0.130564,3.2641,0.8838,1,1,0.001000,0.00000100
1771582269.246228,11.988405,0.010000,-0.001000,-0.000000,0.004992,0.2860,-0.005411,-0.014713,0.229880,-0.125761,-0.125761,-3.1440,-0.3162,1,1,0.001000,0.00000100
1771582269.257232,11.999409,0.010000,-0.001000,-0.000800,0.003456,0.1980,-0.042412,-0.008685,0.602783,-0.316299,-0.316299,-7.9075,-1.5162,1,1,0.001000,0.00000100
1771582269.265468,12.007645,0.010000,-0.001000,0.000400,0.002688,0.1540,-0.050981,-0.008052,0.063347,0.025530,0.025530,0.6382,-0.3162,1,1,0.001000,0.00000100
1771582269.265468,12.007645,0.010000,-0.001000,0.000400,0.002688,0.1540,-0.050981,-0.011734,-0.368201,0.435212,0.435212,10.8803,0.8838,1,1,0.001000,0.00000100
1771582269.286256,12.028433,0.010000,-0.001000,-0.000500,0.002304,0.1320,-0.047822,-0.010491,0.124318,-0.068008,-0.068008,-1.7002,-0.3162,1,1,0.001000,0.00000100
1771582269.296210,12.038386,0.010000,-0.001000,-0.000700,0.001920,0.1100,-0.045448,-0.005307,0.518334,-0.178307,-0.178307,-4.4577,-1.5162,1,1,0.001000,0.00000100
1771582269.306674,12.048851,0.010000,-0.001000,-0.000500,0.002304,0.1320,-0.024504,-0.005350,-0.004212,0.050323,0.050323,1.2581,-0.3162,1,1,0.001000,0.00000100
1771582269.327085,12.069262,0.010000,-0.001100,-0.001700,0.002688,0.1540,-0.008796,-0.009572,-0.422249,0.436267,0.436267,10.9067,0.8838,1,1,0.001100,0.00000121
1771582269.336639,12.078815,0.010000,-0.001100,-0.000700,0.003456,0.1980,0.012584,-0.008761,0.081080,0.051149,0.051149,1.2787,1.2787,1,1,0.001100,0.00000121
1771582269.346864,12.089040,0.010000,-0.001100,-0.001400,0.003840,0.2200,0.019024,-0.003924,0.483743,-0.134440,-0.134440,-3.3610,0.0787,1,1,0.001100,0.00000121
1771582269.346864,12.089040,0.010000,-0.001100,-0.001400,0.003840,0.2200,0.019024,0.001325,0.524835,-0.188222,-0.188222,-4.7055,-1.1213,1,1,0.001100,0.00000121
1771582269.366784,12.108960,0.010000,-0.001100,-0.001200,0.004224,0.2420,0.023859,0.001334,0.000989,0.060174,0.060174,1.5043,0.0787,1,1,0.001100,0.00000121
1771582269.374975,12.117152,0.010000,-0.001100,-0.000900,0.005376,0.3080,0.046653,-0.002846,-0.418088,0.436265,0.436265,10.9066,1.2787,1,1,0.001100,0.00000121
1771582269.386452,12.128628,0.010000,-0.001100,-0.000500,0.005760,0.3300,0.044576,-0.002002,0.084409,0.047119,0.047119,1.1780,1.1780,1,1,0.001100,0.00000121
1771582269.386452,12.128628,0.010000,-0.001100,-0.000500,0.005760,0.3300,0.044576,0.002862,0.486406,-0.166350,-0.166350,-4.1587,-0.0220,1,1,0.001100,0.00000121
1771582269.406904,12.149080,0.010000,-0.001100,0.000400,0.005760,0.3300,0.033441,0.006401,0.353957,-0.175011,-0.175011,-4.3753,-1.2220,1,1,0.001100,0.00000121
1771582269.415699,12.157875,0.010000,-0.001100,0.000500,0.006528,0.3740,0.044244,0.005044,-0.135714,-0.203127,-0.203127,-5.0782,-2.4220,1,1,0.001100,0.00000121
1771582269.426217,12.168394,0.010000,-0.001200,-0.002300,0.006528,0.3740,0.033179,-0.000230,-0.527450,0.436332,0.436332,10.9083,-1.2220,1,1,0.001200,0.00000144
1771582269.426217,12.168394,0.010000,-0.001200,-0.002300,0.006528,0.3740,0.033179,-0.008639,-0.840839,0.436332,0.436332,10.9083,-0.0220,1,1,0.001200,0.00000144
1771582269.445680,12.187856,0.010000,-0.001100,-0.001000,0.006912,0.3960,0.034470,-0.011177,-0.253792,0.277241,0.277241,6.9310,1.1780,1,1,0.001100,0.00000121
1771582269.466029,12.208205,0.010000,-0.001100,0.000500,0.006912,0.3960,0.019391,-0.009018,0.215845,-0.133453,-0.133453,-3.3363,-0.0220,1,1,0.001100,0.00000121
1771582269.466029,12.208205,0.010000,-0.001100,0.000500,0.006912,0.3960,0.019391,-0.003103,0.591555,-0.321124,-0.321124,-8.0281,-1.2220,1,1,0.001100,0.00000121
1771582269.485417,12.227594,0.010000,-0.001100,-0.000500,0.006912,0.3960,0.014539,-0.002559,0.054365,0.042805,0.042805,1.0701,-0.0220,1,1,0.001100,0.00000121
1771582269.495928,12.238105,0.010000,-0.001100,-0.000700,0.006912,0.3960,0.010908,-0.006313,-0.375387,0.435732,0.435732,10.8933,1.1780,1,1,0.001100,0.00000121
1771582269.506485,12.248661,0.010000,-0.001100,-0.000700,0.006912,0.3960,0.008186,-0.005127,0.118570,-0.042895,-0.042895,-1.0724,-0.0220,1,1,0.001100,0.00000121
1771582269.506485,12.248661,0.010000,-0.001100,-0.000700,0.006912,0.3960,0.008186,0.000010,0.513735,-0.213733,-0.213733,-5.3433,-1.2220,1,1,0.001100,0.00000121
1771582269.527405,12.269582,0.010000,-0.001000,0.002300,0.006912,0.3960,0.006144,-0.000069,-0.007891,0.044154,0.044154,1.1039,-0.0220,1,1,0.001000,0.00000100
1771582269.536961,12.279138,0.010000,-0.001000,0.003000,0.006912,0.3960,0.004608,-0.004321,-0.425192,0.436270,0.436270,10.9068,1.1780,1,1,0.001000,0.00000100
1771582269.545076,12.287252,0.010000,-0.001000,0.000500,0.006912,0.3960,0.003456,-0.003533,0.078725,0.016054,0.016054,0.4013,0.4013,1,1,0.001000,0.00000100
1771582269.545076,12.287252,0.010000,-0.001000,0.000500,0.006912,0.3960,0.003456,0.001285,0.481859,-0.191747,-0.191747,-4.7937,-0.7987,1,1,0.001000,0.00000100
1771582269.566283,12.308460,0.010000,-0.001100,-0.000800,0.006912,0.3960,0.002583,0.002429,0.114395,-0.061291,-0.061291,-1.5323,-1.5323,1,1,0.001100,0.00000121
1771582269.585722,12.327899,0.010000,-0.001000,0.001100,0.006912,0.3960,0.001449,-0.000845,-0.327363,0.429176,0.429176,10.7294,-0.3323,1,1,0.001000,0.00000100
1771582269.585722,12.327899,0.010000,-0.001000,0.001100,0.006912,0.3960,0.001449,-0.006024,-0.517974,0.436332,0.436332,10.9083,0.8677,1,1,0.001000,0.00000100
1771582269.607791,12.349967,0.010000,-0.001000,0.001200,0.006912,0.3960,0.001100,-0.005979,0.004500,0.048542,0.048542,1.2136,1.2136,1,1,0.001000,0.00000100
1771582269.616649,12.358825,0.010000,-0.000900,0.002500,0.006528,0.3740,-0.008762,-0.001755,0.422479,-0.184459,-0.184459,-4.6115,0.0136,1,1,0.000900,0.00000081
1771582269.626090,12.368266,0.010000,-0.000900,0.003900,0.006528,0.3740,-0.006580,0.002833,0.458702,-0.190490,-0.190490,-4.7622,-1.1864,1,1,0.000900,0.00000081
1771582269.626090,12.368266,0.010000,-0.000900,0.003900,0.006528,0.3740,-0.006580,0.002313,-0.051917,-0.003854,-0.003854,-0.0964,-0.0964,1,1,0.000900,0.00000081
1771582269.645454,12.387631,0.010000,-0.001000,-0.000400,0.006528,0.3740,-0.004939,-0.002291,-0.460413,0.436323,0.436323,10.9081,1.1036,1,1,0.001000,0.00000100
1771582269.655707,12.397883,0.010000,-0.001100,-0.002500,0.006528,0.3740,-0.003700,-0.002169,0.012179,0.040109,0.040109,1.0027,1.0027,1,1,0.001100,0.00000121
1771582269.664821,12.406997,0.010000,-0.001100,-0.001400,0.006528,0.3740,-0.002775,0.002117,0.428622,-0.186686,-0.186686,-4.6672,-0.1973,1,1,0.001100,0.00000121
1771582269.664821,12.406997,0.010000,-0.001100,-0.001400,0.006528,0.3740,-0.002775,0.005194,0.307674,-0.174369,-0.174369,-4.3592,-1.3973,1,1,0.001100,0.00000121
1771582269.688583,12.430759,0.010000,-0.001100,-0.000900,0.006528,0.3740,-0.002077,0.003467,-0.172740,-0.231542,-0.231542,-5.7886,-2.5973,1,1,0.001100,0.00000121
1771582269.695888,12.438065,0.010000,-0.001100,-0.001500,0.006912,0.3960,0.008029,-0.002104,-0.557071,0.436332,0.436332,10.9083,-1.3973,1,1,0.001100,0.00000121
1771582269.707225,12.449401,0.010000,-0.001100,-0.001500,0.006912,0.3960,0.006021,-0.010750,-0.864536,0.436332,0.436332,10.9083,-0.1973,1,1,0.001100,0.00000121
1771582269.726362,12.468539,0.010000,-0.001100,-0.000800,0.006912,0.3960,0.004520,-0.013477,-0.272750,0.344034,0.344034,8.6009,1.0027,1,1,0.001100,0.00000121
1771582269.735390,12.477566,0.010000,-0.001000,0.000500,0.005376,0.3080,-0.034959,-0.011470,0.200679,-0.139625,-0.139625,-3.4906,-0.1973,1,1,0.001000,0.00000100
1771582269.746106,12.488282,0.010000,-0.000900,0.003900,0.004608,0.2640,-0.045396,-0.005676,0.579422,-0.304283,-0.304283,-7.6071,-1.3973,1,1,0.000900,0.00000081
1771582269.746106,12.488282,0.010000,-0.000900,0.003900,0.004608,0.2640,-0.045396,-0.005229,0.044659,0.025987,0.025987,0.6497,-0.1973,1,1,0.000900,0.00000081
1771582269.766657,12.508834,0.010000,-0.001000,-0.000100,0.004224,0.2420,-0.043633,-0.009061,-0.383152,0.435837,0.435837,10.8959,1.0027,1,1,0.001000,0.00000100
1771582269.777785,12.519961,0.010000,-0.001000,0.000700,0.004224,0.2420,-0.032725,-0.007937,0.112358,-0.043858,-0.043858,-1.0964,-0.1973,1,1,0.001000,0.00000100
1771582269.787327,12.529504,0.010000,-0.001000,-0.000500,0.004224,0.2420,-0.024539,-0.002850,0.508765,-0.183656,-0.183656,-4.5914,-1.3973,1,1,0.001000,0.00000100
1771582269.787327,12.529504,0.010000,-0.001000,-0.000500,0.004224,0.2420,-0.024539,-0.002968,-0.011867,0.039935,0.039935,0.9984,-0.1973,1,1,0.001000,0.00000100
1771582269.806786,12.548962,0.010000,-0.001000,0.000500,0.004608,0.2640,-0.008814,-0.007252,-0.428373,0.436281,0.436281,10.9070,1.0027,1,1,0.001000,0.00000100
1771582269.816692,12.558868,0.010000,-0.000800,0.004100,0.005376,0.3080,0.012566,-0.006490,0.076181,0.043047,0.043047,1.0762,1.0762,1,1,0.000800,0.00000064
1771582269.825453,12.567629,0.010000,-0.000800,0.004800,0.005760,0.3300,0.019007,-0.001692,0.479824,-0.175083,-0.175083,-4.3771,-0.1238,1,1,0.000800,0.00000064
1771582269.825453,12.567629,0.010000,-0.000800,0.004800,0.005760,0.3300,0.019007,0.002403,0.409500,-0.192462,-0.192462,-4.8116,-1.3238,1,1,0.000800,0.00000064
1771582269.845621,12.587798,0.010000,-0.001000,-0.001700,0.006144,0.3520,0.023841,0.001490,-0.091279,-0.094162,-0.094162,-2.3541,-2.3541,1,1,0.001000,0.00000100
1771582269.865426,12.607602,0.010000,-0.000800,0.003700,0.007278,0.4170,0.037385,-0.003429,-0.491902,0.436330,0.436330,10.9083,-1.1541,1,1,0.000800,0.00000064
1771582269.865426,12.607602,0.010000,-0.000800,0.003700,0.007278,0.4170,0.037385,-0.010960,-0.753142,0.436332,0.436332,10.9083,0.0459,1,1,0.000800,0.00000064
1771582269.886529,12.628705,0.010000,-0.000800,0.002300,0.007278,0.4170,0.028030,-0.012797,-0.183635,-0.214761,-0.214761,-5.3690,-1.1541,1,1,0.000800,0.00000064
1771582269.896621,12.638798,0.010000,-0.000800,0.002200,0.006912,0.3960,0.011432,-0.010077,0.271971,-0.141779,-0.141779,-3.5445,-2.3541,1,1,0.000800,0.00000064
1771582269.906973,12.649150,0.010000,-0.001000,-0.002300,0.006528,0.3740,-0.001012,-0.012090,-0.201302,-0.128485,-0.128485,-3.2121,-3.2121,1,1,0.001000,0.00000100
1771582269.906973,12.649150,0.010000,-0.001000,-0.002300,0.006528,0.3740,-0.001012,-0.017889,-0.579921,0.436332,0.436332,10.9083,-2.0121,1,1,0.001000,0.00000100
1771582269.926769,12.668946,0.010000,-0.001000,-0.003200,0.006144,0.3520,-0.010350,-0.025524,-0.763463,0.436332,0.436332,10.9083,-0.8121,1,1,0.001000,0.00000100
1771582269.936144,12.678320,0.010000,-0.001100,-0.003200,0.005376,0.3080,-0.026930,-0.027443,-0.191891,-0.200409,-0.200409,-5.0102,-2.0121,1,1,0.001100,0.00000121
1771582269.946782,12.688959,0.010000,-0.001100,-0.003800,0.004224,0.2420,-0.048956,-0.024789,0.265366,-0.119281,-0.119281,-2.9820,-2.9820,1,1,0.001100,0.00000121
1771582269.946782,12.688959,0.010000,-0.001100,-0.003800,0.004224,0.2420,-0.048956,-0.026855,-0.206586,-0.173375,-0.173375,-4.3344,-4.1820,1,1,0.001100,0.00000121
1771582269.967611,12.709788,0.010000,-0.000900,0.001300,0.003072,0.1760,-0.065485,-0.031893,-0.503827,0.436330,0.436330,10.9082,-2.9820,1,1,0.000900,0.00000081
1771582269.975042,12.717219,0.010000,-0.000900,0.002500,0.001536,0.0880,-0.087458,-0.040113,-0.821940,0.436332,0.436332,10.9083,-1.7820,1,1,0.000900,0.00000081
1771582269.985235,12.727411,0.010000,-0.001100,-0.003100,0.000768,0.0440,-0.084771,-0.042499,-0.238673,-0.013395,-0.013395,-0.3349,-0.5820,1,1,0.001100,0.00000121
1771582269.985235,12.727411,0.010000,-0.001100,-0.003100,0.000768,0.0440,-0.084771,-0.040220,0.227940,-0.069025,-0.069025,-1.7256,-1.7256,1,1,0.001100,0.00000121
1771582270.009172,12.751349,0.010000,-0.001100,-0.001600,-0.001536,-0.0880,-0.121108,-0.034208,0.601231,-0.314937,-0.314937,-7.8734,-2.9256,1,1,0.001100,0.00000121
1771582270.016036,12.758213,0.010000,-0.001100,-0.002700,-0.011886,-0.6810,-0.349694,-0.033390,0.081794,-0.103697,-0.103697,-2.5924,-2.5924,1,1,0.001100,0.00000121
1771582270.026625,12.768801,0.010000,-0.001100,-0.002400,-0.017645,-1.0110,-0.406068,-0.036924,-0.353444,0.417455,0.417455,10.4364,-1.3924,1,1,0.001100,0.00000121
1771582270.046587,12.788764,0.010000,-0.001100,-0.000600,-0.023003,-1.3180,-0.438776,-0.038589,-0.166445,-0.288419,-0.288419,-7.2105,-2.5924,1,1,0.001100,0.00000121
1771582270.056782,12.798958,0.010000,-0.001100,-0.000600,-0.034907,-2.0000,-0.626294,-0.035731,0.285723,0.132528,0.132528,3.3132,-1.3924,1,1,0.001100,0.00000121
1771582270.065841,12.808017,0.010000,-0.000800,0.006300,-0.040649,-2.3290,-0.613536,-0.037634,-0.190300,-0.284617,-0.284617,-7.1154,-2.5924,1,1,0.000800,0.00000064
1771582270.065841,12.808017,0.010000,-0.000800,0.006300,-0.040649,-2.3290,-0.613536,-0.034968,0.266639,0.128641,0.128641,3.2160,-1.3924,1,1,0.000800,0.00000064
1771582270.086074,12.828250,0.010000,-0.000700,0.007300,-0.046024,-2.6370,-0.594372,-0.037024,-0.205568,-0.254640,-0.254640,-6.3660,-2.5924,1,1,0.000700,0.00000049
1771582270.096523,12.838699,0.010000,-0.001000,-0.000800,-0.054454,-3.1200,-0.656698,-0.034479,0.254425,0.192959,0.192959,4.8240,-1.3924,1,1,0.001000,0.00000100
1771582270.106884,12.849060,0.010000,-0.000200,0.017700,-0.057142,-3.2740,-0.559640,-0.036633,-0.215339,-0.217334,-0.217334,-5.4334,-2.5924,1,1,0.000200,0.00000004
1771582270.106884,12.849060,0.010000,-0.000200,0.017700,-0.057142,-3.2740,-0.559640,-0.034167,0.246608,0.035741,0.035741,0.8935,-1.3924,1,1,0.000200,0.00000004
1771582270.127955,12.870131,0.010000,-0.000800,0.000000,-0.058294,-3.3400,-0.448497,-0.036383,-0.221593,-0.158602,-0.158602,-3.9650,-2.5924,1,1,0.000800,0.00000064
1771582270.145845,12.888022,0.010000,-0.001100,-0.007500,-0.057142,-3.2740,-0.225915,-0.033967,0.241605,0.049470,0.049470,1.2368,-1.3924,1,1,0.001100,0.00000121
1771582270.145845,12.888022,0.010000,-0.001100,-0.007500,-0.057142,-3.2740,-0.225915,-0.036222,-0.225595,-0.110991,-0.110991,-2.7748,-2.5924,1,1,0.001100,0.00000121
1771582270.166506,12.908683,0.010000,-0.001900,-0.024400,-0.056374,-3.2300,-0.150255,-0.033838,0.238403,0.101312,0.101312,2.5328,-1.3924,1,1,0.001900,0.00000361
1771582270.176342,12.918519,0.010000,-0.002300,-0.029100,-0.055222,-3.1640,-0.083933,-0.036120,-0.228157,-0.057016,-0.057016,-1.4254,-1.4254,1,1,0.002300,0.00000529
1771582270.187146,12.929322,0.010000,-0.002200,-0.019900,-0.054838,-3.1420,-0.053355,-0.033756,0.236354,0.169483,0.169483,4.2371,-0.2254,1,1,0.002200,0.00000484
1771582270.187146,12.929322,0.010000,-0.002200,-0.019900,-0.054838,-3.1420,-0.053355,-0.031981,0.177575,0.114738,0.114738,2.8685,0.9746,1,1,0.002200,0.00000484
1771582270.207454,12.949630,0.010000,-0.003600,-0.049400,-0.054454,-3.1200,-0.030439,-0.026371,0.560939,0.060628,0.060628,1.5157,1.5157,1,1,0.003600,0.00001296
1771582270.216532,12.958708,0.010000,-0.003500,-0.035300,-0.053686,-3.0760,-0.003648,-0.017695,0.867630,-0.328178,-0.328178,-8.2044,0.3157,1,1,0.003500,0.00001225
1771582270.226018,12.968194,0.010000,-0.003800,-0.032400,-0.052918,-3.0320,0.016441,-0.008865,0.882980,-0.337188,-0.337188,-8.4297,-0.8843,1,1,0.003800,0.00001444
1771582270.226018,12.968194,0.010000,-0.003800,-0.032400,-0.052918,-3.0320,0.016441,-0.005990,0.287505,0.186752,0.186752,4.6688,0.3157,1,1,0.003800,0.00001444
1771582270.246281,12.988458,0.010000,-0.003900,-0.027200,-0.050999,-2.9220,0.060266,-0.007879,-0.188875,0.011310,0.011310,0.2828,0.2828,1,1,0.003900,0.00001521
1771582270.257027,12.999204,0.010000,-0.004400,-0.034200,-0.044872,-2.5710,0.198601,-0.005201,0.267779,0.220171,0.220171,5.5043,1.4828,1,1,0.004400,0.00001936
1771582270.266047,13.008223,0.010000,-0.004000,-0.015900,-0.041033,-2.3510,0.244817,-0.003174,0.202723,0.219754,0.219754,5.4938,2.6828,1,1,0.004000,0.00001600
1771582270.286378,13.028554,0.010000,-0.004900,-0.034700,-0.037961,-2.1750,0.260316,0.002637,0.581057,0.118861,0.118861,2.9715,2.9715,1,1,0.004900,0.00002401
1771582270.296835,13.039011,0.010000,-0.006100,-0.055100,-0.032987,-1.8900,0.319866,0.011474,0.883725,-0.247323,-0.247323,-6.1831,1.7715,1,1,0.006100,0.00003721
1771582270.306957,13.049133,0.010000,-0.007500,-0.075500,-0.031067,-1.7800,0.287840,0.019552,0.807784,-0.131277,-0.131277,-3.2819,0.5715,1,1,0.007500,0.00005625
1771582270.306957,13.049133,0.010000,-0.007500,-0.075500,-0.031067,-1.7800,0.287840,0.021825,0.227348,0.165683,0.165683,4.1421,1.7715,1,1,0.007500,0.00005625
1771582270.325177,13.067354,0.010000,-0.009000,-0.094300,-0.027611,-1.5820,0.302169,0.019455,-0.237001,0.430436,0.430436,10.7609,2.9715,1,1,0.009000,0.00008100
1771582270.336277,13.078453,0.010000,-0.009300,-0.079300,-0.015341,-0.8790,0.533425,0.021748,0.229279,0.195929,0.195929,4.8982,4.1715,1,1,0.009300,0.00008649
1771582270.346227,13.088403,0.010000,-0.008600,-0.041000,-0.007278,-0.4170,0.601406,0.027771,0.602302,0.036354,0.036354,0.9089,2.9715,1,1,0.008600,0.00007396
1771582270.346227,13.088403,0.010000,-0.008600,-0.041000,-0.007278,-0.4170,0.601406,0.036778,0.900721,-0.337089,-0.337089,-8.4272,1.7715,1,1,0.008600,0.00007396
1771582270.368560,13.110736,0.010000,-0.008300,-0.022600,0.000384,0.0220,0.642805,0.039795,0.301697,0.092215,0.092215,2.3054,2.3054,1,1,0.008300,0.00006889
1771582270.374979,13.117156,0.010000,-0.011800,-0.105400,0.014190,0.8130,0.827251,0.038020,-0.177521,0.407693,0.407693,10.1923,3.5054,1,1,0.011800,0.00013924
1771582270.386122,13.128299,0.010000,-0.012200,-0.090200,0.019565,1.1210,0.754663,0.038463,0.044326,-0.110458,-0.110458,-2.7614,2.3054,1,1,0.012200,0.00014884
1771582270.406358,13.148535,0.010000,-0.013400,-0.097600,0.023771,1.3620,0.671446,0.043007,0.454340,-0.095204,-0.095204,-2.3801,1.1054,1,1,0.013400,0.00017956
1771582270.415958,13.158135,0.010000,-0.015300,-0.120000,0.029915,1.7140,0.656994,0.042453,-0.055407,-0.211972,-0.211972,-5.2993,-0.0946,1,1,0.015300,0.00023409
1771582270.425567,13.167743,0.010000,-0.015900,-0.105300,0.031451,1.8020,0.531086,0.037821,-0.463205,0.436332,0.436332,10.9083,1.1054,1,1,0.015900,0.00025281
1771582270.425567,13.167743,0.010000,-0.015900,-0.105300,0.031451,1.8020,0.531086,0.029926,-0.789443,0.436332,0.436332,10.9083,2.3054,1,1,0.015900,0.00025281
1771582270.446425,13.188602,0.010000,-0.013500,-0.019200,0.031451,1.8020,0.398319,0.027799,-0.212675,0.402795,0.402795,10.0699,3.5054,1,1,0.013500,0.00018225
1771582270.457123,13.199300,0.010000,-0.017400,-0.110200,0.027611,1.5820,0.202860,0.030287,0.248739,-0.137527,-0.137527,-3.4382,2.3054,1,1,0.017400,0.00030276
1771582270.464943,13.207119,0.010000,-0.018400,-0.108500,0.024539,1.4060,0.075451,0.036465,0.617870,-0.133151,-0.133151,-3.3288,1.1054,1,1,0.018400,0.00033856
1771582270.464943,13.207119,0.010000,-0.018400,-0.108500,0.024539,1.4060,0.075451,0.037220,0.075417,-0.064883,-0.064883,-1.6221,-0.0946,1,1,0.018400,0.00033856
1771582270.486178,13.228355,0.010000,-0.018400,-0.081200,0.021084,1.2080,-0.029706,0.033634,-0.358545,0.436319,0.436319,10.9080,1.1054,1,1,0.018400,0.00033856
1771582270.495392,13.237569,0.010000,-0.019400,-0.085400,0.012654,0.7250,-0.233193,0.026577,-0.705715,0.436332,0.436332,10.9083,2.3054,1,1,0.019400,0.00037636
1771582270.511260,13.253437,0.010000,-0.019300,-0.063000,0.008046,0.4610,-0.289952,0.025120,-0.145693,-0.144644,-0.144644,-3.6161,1.1054,1,1,0.019300,0.00037249
1771582270.511260,13.253437,0.010000,-0.019300,-0.063000,0.008046,0.4610,-0.289952,0.028143,0.302324,0.212328,0.212328,5.3082,2.3054,1,1,0.019300,0.00037249
1771582270.536087,13.278264,0.010000,-0.021700,-0.080500,-0.006528,-0.3740,-0.496249,0.026373,-0.177019,0.256246,0.256246,6.4061,3.5054,1,1,0.021700,0.00047089
1771582270.546634,13.288811,0.010000,-0.022400,-0.078200,-0.010350,-0.5930,-0.468062,0.029146,0.277263,0.375152,0.375152,9.3788,4.7054,1,1,0.022400,0.00050176
1771582270.546634,13.288811,0.010000,-0.022400,-0.078200,-0.010350,-0.5930,-0.468062,0.035553,0.640690,-0.266301,-0.266301,-6.6575,3.5054,1,1,0.022400,0.00050176
1771582270.566498,13.308675,0.010000,-0.023100,-0.076200,-0.011886,-0.6810,-0.389400,0.044867,0.931431,-0.399567,-0.399567,-9.9892,2.3054,1,1,0.023100,0.00053361
1771582270.575835,13.318011,0.010000,-0.023700,-0.073500,-0.009198,-0.5270,-0.224938,0.048130,0.326266,0.282000,0.282000,7.0500,3.5054,1,1,0.023700,0.00056169
1771582270.585857,13.328033,0.010000,-0.024200,-0.066300,-0.006528,-0.3740,-0.101596,0.046551,-0.157867,0.158141,0.158141,3.9535,3.9535,1,1,0.024200,0.00058564
1771582270.585857,13.328033,0.010000,-0.024200,-0.066300,-0.006528,-0.3740,-0.101596,0.049477,0.292586,0.233298,0.233298,5.8324,5.1535,1,1,0.024200,0.00058564
1771582270.606179,13.348355,0.010000,-0.026000,-0.096500,-0.003840,-0.2200,-0.009076,0.053382,0.390502,0.229640,0.229640,5.7410,5.7410,1,1,0.026000,0.00067600
1771582270.616521,13.358697,0.010000,-0.026600,-0.087100,0.000384,0.0220,0.098646,0.060695,0.731280,-0.254233,-0.254233,-6.3558,4.5410,1,1,0.026600,0.00070756
1771582270.625053,13.367229,0.010000,-0.027000,-0.075300,0.002304,0.1320,0.121929,0.068596,0.790099,-0.318844,-0.318844,-7.9711,3.3410,1,1,0.027000,0.00072900
1771582270.625053,13.367229,0.010000,-0.027000,-0.075300,0.002304,0.1320,0.121929,0.070728,0.213200,0.212835,0.212835,5.3209,4.5410,1,1,0.027000,0.00072900
1771582270.645905,13.388081,0.010000,-0.028700,-0.099400,0.006144,0.3520,0.187309,0.068244,-0.248319,0.436086,0.436086,10.9022,5.7410,1,1,0.028700,0.00082369
1771582270.657655,13.399832,0.010000,-0.028700,-0.072700,0.018797,1.0770,0.456875,0.070447,0.220224,0.227231,0.227231,5.6808,5.6808,1,1,0.028700,0.00082369
1771582270.666173,13.408350,0.010000,-0.028900,-0.059900,0.026075,1.4940,0.524821,0.076397,0.595058,0.159345,0.159345,3.9836,4.4808,1,1,0.028900,0.00083521
1771582270.685969,13.428146,0.010000,-0.031000,-0.097400,0.033755,1.9340,0.585366,0.080947,0.455016,0.157728,0.157728,3.9432,3.9432,1,1,0.031000,0.00096100
1771582270.696091,13.438268,0.010000,-0.030900,-0.070400,0.047944,2.7470,0.793758,0.080399,-0.054866,-0.050454,-0.050454,-1.2614,2.7432,1,1,0.030900,0.00095481
1771582270.706936,13.449113,0.010000,-0.032100,-0.083700,0.054070,3.0980,0.748711,0.078083,-0.231540,0.436172,0.436172,10.9043,3.9432,1,1,0.032100,0.00103041
1771582270.706936,13.449113,0.010000,-0.032100,-0.083700,0.054070,3.0980,0.748711,0.072042,-0.604111,0.436332,0.436332,10.9083,5.1432,1,1,0.032100,0.00103041
1771582270.727986,13.470162,0.010000,-0.031900,-0.057700,0.058678,3.3620,0.676577,0.071398,-0.064410,0.001927,0.001927,0.0482,3.9432,1,1,0.031900,0.00101761
1771582270.735310,13.477486,0.010000,-0.032200,-0.050900,0.064036,3.6690,0.641653,0.075072,0.367351,-0.010544,-0.010544,-0.2636,2.7432,1,1,0.032200,0.00103684
1771582270.747621,13.489797,0.010000,-0.032800,-0.053300,0.064804,3.7130,0.500421,0.073822,-0.124998,0.400916,0.400916,10.0229,3.9432,1,1,0.032800,0.00107584
1771582270.747621,13.489797,0.010000,-0.032800,-0.053300,0.064804,3.7130,0.500421,0.068633,-0.518878,0.436332,0.436332,10.9083,5.1432,1,1,0.032800,0.00107584
1771582270.765696,13.507872,0.010000,-0.033200,-0.048600,0.064036,3.6690,0.356134,0.068671,0.003777,-0.097921,-0.097921,-2.4480,3.9432,1,1,0.033200,0.00110224
1771582270.775642,13.517818,0.010000,-0.033100,-0.034400,0.059062,3.3840,0.142471,0.072890,0.421901,-0.118598,-0.118598,-2.9649,2.7432,1,1,0.033100,0.00109561
1771582270.785821,13.527997,0.010000,-0.032600,-0.013600,0.055222,3.1640,0.010978,0.072076,-0.081359,-0.161692,-0.161692,-4.0423,1.5432,1,1,0.032600,0.00106276
1771582270.785821,13.527997,0.010000,-0.032600,-0.013600,0.055222,3.1640,0.010978,0.067236,-0.483966,0.436332,0.436332,10.9083,2.7432,1,1,0.032600,0.00106276
1771582270.807880,13.550057,0.010000,-0.032200,-0.000400,0.050999,2.9220,-0.097232,0.059176,-0.806052,0.436332,0.436332,10.9083,3.9432,1,1,0.032200,0.00103684
1771582270.815659,13.557836,0.010000,-0.032300,-0.003700,0.040265,2.3070,-0.341369,0.056916,-0.225962,0.343931,0.343931,8.5983,5.1432,1,1,0.032300,0.00104329
1771582270.825162,13.567338,0.010000,-0.032400,-0.005100,0.034523,1.9780,-0.399837,0.059297,0.238109,0.078481,0.078481,1.9620,3.9432,1,1,0.032400,0.00104976
1771582270.846082,13.588259,0.010000,-0.030500,0.045600,0.029147,1.6700,-0.434098,0.065391,0.609366,-0.412678,-0.412678,-10.3169,2.7432,1,1,0.030500,0.00093025
1771582270.856502,13.598679,0.010000,-0.030400,0.035100,0.026075,1.4940,-0.402281,0.066077,0.068614,0.003368,0.003368,0.0842,1.5432,1,1,0.030400,0.00092416
1771582270.865107,13.607284,0.010000,-0.030900,0.014300,0.027995,1.6040,-0.253771,0.062437,-0.363988,0.435988,0.435988,10.8997,2.7432,1,1,0.030900,0.00095481
1771582270.865107,13.607284,0.010000,-0.030900,0.014300,0.027995,1.6040,-0.253771,0.055337,-0.710069,0.436332,0.436332,10.9083,3.9432,1,1,0.030900,0.00095481
1771582270.886646,13.628823,0.010000,-0.030300,0.025600,0.029531,1.6920,-0.151983,0.053845,-0.149176,-0.248919,-0.248919,-6.2230,2.7432,1,1,0.030300,0.00091809
1771582270.895985,13.638162,0.010000,-0.029600,0.036000,0.031067,1.7800,-0.075625,0.056840,0.299538,-0.100802,-0.100802,-2.5200,1.5432,1,1,0.029600,0.00087616
1771582270.906210,13.648386,0.010000,-0.030000,0.017700,0.030683,1.7580,-0.066305,0.055048,-0.179249,0.009878,0.009878,0.2470,0.3432,1,1,0.030000,0.00090000
1771582270.906210,13.648386,0.010000,-0.030000,0.017700,0.030683,1.7580,-0.066305,0.049425,-0.562278,0.436332,0.436332,10.9083,1.5432,1,1,0.030000,0.00090000
1771582270.926452,13.668628,0.010000,-0.028300,0.055400,0.030683,1.7580,-0.049742,0.040738,-0.868701,0.436332,0.436332,10.9083,2.7432,1,1,0.028300,0.00080089
1771582270.935730,13.677907,0.010000,-0.028600,0.035100,0.031067,1.7800,-0.027716,0.037977,-0.276082,0.399967,0.399967,9.9992,3.9432,1,1,0.028600,0.00081796
1771582270.947372,13.689549,0.010000,-0.028400,0.030400,0.030683,1.7580,-0.030369,0.039957,0.198013,0.064166,0.064166,1.6041,2.7432,1,1,0.028400,0.00080656
1771582270.947372,13.689549,0.010000,-0.028400,0.030400,0.030683,1.7580,-0.030369,0.045730,0.577290,-0.281355,-0.281355,-7.0339,1.5432,1,1,0.028400,0.00080656
1771582270.964619,13.706795,0.010000,-0.027900,0.035400,0.029915,1.7140,-0.041958,0.046160,0.042953,0.066816,0.066816,1.6704,1.6704,1,1,0.027900,0.00077841
1771582270.986142,13.728319,0.010000,-0.027000,0.038200,0.030299,1.7360,-0.014015,0.042314,-0.384517,0.436067,0.436067,10.9017,2.8704,1,1,0.027000,0.00072900
1771582270.986142,13.728319,0.010000,-0.027000,0.038200,0.030299,1.7360,-0.014015,0.039682,-0.263211,0.363733,0.363733,9.0933,4.0704,1,1,0.027000,0.00072900
1771582271.006118,13.748294,0.010000,-0.027000,0.029100,0.030299,1.7360,-0.010507,0.041765,0.208311,0.060231,0.060231,1.5058,2.8704,1,1,0.027000,0.00072900
1771582271.015649,13.757825,0.010000,-0.026700,0.030900,0.030299,1.7360,-0.007889,0.047621,0.585527,-0.272845,-0.272845,-6.8211,1.6704,1,1,0.026700,0.00071289
1771582271.026691,13.768867,0.010000,-0.026200,0.034300,0.030683,1.7580,0.003683,0.048116,0.049543,0.067148,0.067148,1.6787,1.6787,1,1,0.026200,0.00068644
1771582271.026691,13.768867,0.010000,-0.026200,0.034300,0.030683,1.7580,0.003683,0.044324,-0.379245,0.436062,0.436062,10.9015,2.8787,1,1,0.026200,0.00068644
1771582271.046586,13.788763,0.010000,-0.025700,0.039100,0.031067,1.7800,0.012339,0.041319,-0.300500,0.421054,0.421054,10.5263,4.0787,1,1,0.025700,0.00066049
1771582271.058054,13.800230,0.010000,-0.025300,0.039800,0.030683,1.7580,-0.000332,0.043104,0.178479,0.065916,0.065916,1.6479,2.8787,1,1,0.025300,0.00064009
1771582271.066210,13.808387,0.010000,-0.024800,0.042100,0.030683,1.7580,-0.000244,0.048720,0.561663,-0.203410,-0.203410,-5.0852,1.6787,1,1,0.024800,0.00061504
1771582271.066210,13.808387,0.010000,-0.024800,0.042100,0.030683,1.7580,-0.000244,0.049025,0.030451,0.025272,0.025272,0.6318,0.6318,1,1,0.024800,0.00061504
1771582271.085503,13.827680,0.010000,-0.023200,0.069700,0.030683,1.7580,-0.000192,0.045079,-0.394518,0.435511,0.435511,10.8878,1.8318,1,1,0.023200,0.00053824
1771582271.095170,13.837347,0.010000,-0.022900,0.060900,0.032219,1.8460,0.038205,0.038269,-0.681048,0.436332,0.436332,10.9083,3.0318,1,1,0.022900,0.00052441
1771582271.108165,13.850341,0.010000,-0.023200,0.039000,0.032603,1.8680,0.038240,0.037009,-0.125960,-0.261820,-0.261820,-6.5455,1.8318,1,1,0.023200,0.00053824
1771582271.125830,13.868007,0.010000,-0.021900,0.060600,0.032603,1.8680,0.028676,0.040191,0.318111,-0.106623,-0.106623,-2.6656,0.6318,1,1,0.021900,0.00047961
1771582271.136486,13.878662,0.010000,-0.022100,0.041300,0.031067,1.7800,-0.016842,0.038547,-0.164390,-0.288868,-0.288868,-7.2217,-0.5682,1,1,0.022100,0.00048841
1771582271.146007,13.888183,0.010000,-0.021900,0.035300,0.030683,1.7580,-0.022218,0.033043,-0.550391,0.436332,0.436332,10.9083,0.6318,1,1,0.021900,0.00047961
1771582271.146007,13.888183,0.010000,-0.021900,0.035300,0.030683,1.7580,-0.022218,0.024451,-0.859192,0.436332,0.436332,10.9083,1.8318,1,1,0.021900,0.00047961
1771582271.166593,13.908770,0.010000,-0.019300,0.092900,0.029915,1.7140,-0.035832,0.021766,-0.268474,-0.075034,-0.075034,-1.8759,0.6318,1,1,0.019300,0.00037249
1771582271.175650,13.917826,0.010000,-0.019500,0.063800,0.027995,1.6040,-0.074822,0.023807,0.204099,-0.086506,-0.086506,-2.1627,-0.5682,1,1,0.019500,0.00038025
1771582271.186435,13.928611,0.010000,-0.019700,0.043400,0.026459,1.5160,-0.094457,0.021251,-0.255599,0.208792,0.208792,5.2198,0.6318,1,1,0.019700,0.00038809
1771582271.186435,13.928611,0.010000,-0.019700,0.043400,0.026459,1.5160,-0.094457,0.015017,-0.623359,0.436332,0.436332,10.9083,1.8318,1,1,0.019700,0.00038809
1771582271.205508,13.947685,0.010000,-0.018500,0.063000,0.025691,1.4720,-0.090024,0.014219,-0.079808,-0.217213,-0.217213,-5.4303,0.6318,1,1,0.018500,0.00034225
1771582271.215138,13.957314,0.010000,-0.017800,0.062500,0.026459,1.5160,-0.048346,0.017770,0.355033,-0.148547,-0.148547,-3.7137,-0.5682,1,1,0.017800,0.00031684
1771582271.225273,13.967450,0.010000,-0.018400,0.033600,0.026843,1.5380,-0.026669,0.016421,-0.134853,-0.249438,-0.249438,-6.2360,-1.7682,1,1,0.018400,0.00033856
1771582271.225273,13.967450,0.010000,-0.018400,0.033600,0.026843,1.5380,-0.026669,0.011154,-0.526761,0.436332,0.436332,10.9083,-0.5682,1,1,0.018400,0.00033856
1771582271.246534,13.988711,0.010000,-0.016900,0.062400,0.026843,1.5380,-0.020001,0.002751,-0.840288,0.436332,0.436332,10.9083,0.6318,1,1,0.016900,0.00028561
1771582271.265195,14.007371,0.010000,-0.016200,0.047100,0.026459,1.5160,-0.020839,0.000217,-0.253351,0.147200,0.147200,3.6800,1.8318,1,1,0.016200,0.00026244
1771582271.265195,14.007371,0.010000,-0.016200,0.047100,0.026459,1.5160,-0.020839,0.002379,0.216198,-0.012075,-0.012075,-0.3019,0.6318,1,1,0.016200,0.00026244
1771582271.285305,14.027482,0.010000,-0.015100,0.063300,0.025691,1.4720,-0.034802,0.008298,0.591837,-0.369091,-0.369091,-9.2273,-0.5682,1,1,0.015100,0.00022801
1771582271.297025,14.039201,0.010000,-0.013900,0.077600,0.023387,1.3400,-0.083619,0.008843,0.054591,-0.054121,-0.054121,-1.3530,-1.3530,1,1,0.013900,0.00019321
1771582271.305720,14.047896,0.010000,-0.014700,0.038100,0.023003,1.3180,-0.072309,0.005091,-0.375206,0.434828,0.434828,10.8707,-0.1530,1,1,0.014700,0.00021609
1771582271.305720,14.047896,0.010000,-0.014700,0.038100,0.023003,1.3180,-0.072309,-0.000650,-0.574122,0.436332,0.436332,10.9083,1.0470,1,1,0.014700,0.00021609
1771582271.326196,14.068372,0.010000,-0.011900,0.100000,0.023771,1.3620,-0.035064,-0.001054,-0.040419,-0.211983,-0.211983,-5.2996,-0.1530,1,1,0.011900,0.00014161
1771582271.335230,14.077407,0.010000,-0.012400,0.062100,0.023771,1.3620,-0.026285,0.002811,0.386544,-0.175249,-0.175249,-4.3812,-1.3530,1,1,0.012400,0.00015376
1771582271.346111,14.088287,0.010000,-0.012200,0.051700,0.023387,1.3400,-0.029304,0.001715,-0.109644,-0.240017,-0.240017,-6.0004,-2.5530,1,1,0.012200,0.00014884
1771582271.346111,14.088287,0.010000,-0.012200,0.051700,0.023387,1.3400,-0.029304,-0.003351,-0.506594,0.436329,0.436329,10.9082,-1.3530,1,1,0.012200,0.00014884
1771582271.365349,14.107525,0.010000,-0.009400,0.106800,0.022619,1.2960,-0.041155,-0.011593,-0.824154,0.436332,0.436332,10.9083,-0.1530,1,1,0.009400,0.00008836
1771582271.375428,14.117605,0.010000,-0.010100,0.064200,0.021084,1.2080,-0.069220,-0.013997,-0.240444,-0.245694,-0.245694,-6.1424,-1.3530,1,1,0.010100,0.00010201
1771582271.385669,14.127846,0.010000,-0.009800,0.056200,0.020333,1.1650,-0.071087,-0.011732,0.226523,-0.107859,-0.107859,-2.6965,-2.5530,1,1,0.009800,0.00009604
1771582271.385669,14.127846,0.010000,-0.009800,0.056200,0.020333,1.1650,-0.071087,-0.014108,-0.237660,-0.210893,-0.210893,-5.2723,-3.7530,1,1,0.009800,0.00009604
1771582271.417034,14.159211,0.010000,-0.007000,0.100400,0.014190,0.8130,-0.181392,-0.020198,-0.609007,0.436331,0.436331,10.9083,-2.5530,1,1,0.007000,0.00004900
1771582271.425195,14.167372,0.010000,-0.007900,0.052300,0.011502,0.6590,-0.203156,-0.029259,-0.906085,0.436332,0.436332,10.9083,-1.3530,1,1,0.007900,0.00006241
1771582271.425195,14.167372,0.010000,-0.007900,0.052300,0.011502,0.6590,-0.203156,-0.032319,-0.305989,0.265002,0.265002,6.6250,-0.1530,1,1,0.007900,0.00006241
1771582271.446965,14.189142,0.010000,-0.007700,0.043700,0.007662,0.4390,-0.248238,-0.030578,0.174088,-0.108820,-0.108820,-2.7205,-1.3530,1,1,0.007700,0.00005929
1771582271.456053,14.198230,0.010000,-0.006600,0.062000,-0.001536,-0.0880,-0.416278,-0.024997,0.558149,-0.346001,-0.346001,-8.6500,-2.5530,1,1,0.006600,0.00004356
1771582271.466518,14.208694,0.010000,-0.006000,0.061200,-0.006144,-0.3520,-0.427257,-0.024720,0.027641,-0.148076,-0.148076,-3.7019,-3.7019,1,1,0.006000,0.00003600
1771582271.466518,14.208694,0.010000,-0.006000,0.061200,-0.006144,-0.3520,-0.427257,-0.028688,-0.396767,0.414740,0.414740,10.3685,-2.5019,1,1,0.006000,0.00003600
1771582271.485943,14.228119,0.010000,-0.004100,0.092800,-0.011118,-0.6370,-0.445076,-0.035872,-0.718443,0.436332,0.436332,10.9083,-1.3019,1,1,0.004100,0.00001681
1771582271.496872,14.239049,0.010000,-0.004600,0.057600,-0.020333,-1.1650,-0.563916,-0.037431,-0.155875,-0.303424,-0.303424,-7.5856,-2.5019,1,1,0.004600,0.00002116
1771582271.508213,14.250390,0.010000,-0.004400,0.046900,-0.024539,-1.4060,-0.528398,-0.034489,0.294179,0.004771,0.004771,0.1193,-1.3019,1,1,0.004400,0.00001936
1771582271.508213,14.250390,0.010000,-0.004400,0.046900,-0.024539,-1.4060,-0.528398,-0.036325,-0.183536,-0.323585,-0.323585,-8.0896,-2.5019,1,1,0.004400,0.00001936
1771582271.525808,14.267985,0.010000,-0.004500,0.034200,-0.029147,-1.6700,-0.511347,-0.033604,0.272050,0.017773,0.017773,0.4443,-1.3019,1,1,0.004500,0.00002025
1771582271.546449,14.288625,0.010000,-0.004100,0.028900,-0.044488,-2.5490,-0.606415,-0.035617,-0.201239,-0.283198,-0.283198,-7.0800,-2.5019,1,1,0.004100,0.00001681
1771582271.546449,14.288625,0.010000,-0.004100,0.028900,-0.044488,-2.5490,-0.606415,-0.033038,0.257888,0.107412,0.107412,2.6853,-1.3019,1,1,0.004100,0.00001681
1771582271.566002,14.308178,0.010000,-0.003600,0.034900,-0.049079,-2.8120,-0.569850,-0.035163,-0.212569,-0.262239,-0.262239,-6.5560,-2.5019,1,1,0.003600,0.00001296
1771582271.577104,14.319281,0.010000,-0.003000,0.041300,-0.056374,-3.2300,-0.609556,-0.032675,0.248824,-0.008142,-0.008142,-0.2035,-1.3019,1,1,0.003000,0.00000900
1771582271.585594,14.327770,0.010000,-0.003500,0.018500,-0.058294,-3.3400,-0.505098,-0.034873,-0.219820,-0.188454,-0.188454,-4.7114,-2.5019,1,1,0.003500,0.00001225
1771582271.585594,14.327770,0.010000,-0.003500,0.018500,-0.058294,-3.3400,-0.505098,-0.032443,0.243023,0.066932,0.066932,1.6733,-1.3019,1,1,0.003500,0.00001225
1771582271.606747,14.348924,0.010000,-0.003700,0.009000,-0.058294,-3.3400,-0.378824,-0.034688,-0.224460,-0.137268,-0.137268,-3.4317,-2.5019,1,1,0.003700,0.00001369
1771582271.615064,14.357241,0.010000,-0.003500,0.011500,-0.056374,-3.2300,-0.236178,-0.032295,0.239311,0.008820,0.008820,0.2205,-1.3019,1,1,0.003500,0.00001225
1771582271.629488,14.371665,0.010000,-0.002400,0.035600,-0.055222,-3.1640,-0.148370,-0.034569,-0.227430,0.011433,0.011433,0.2858,-0.1019,1,1,0.002400,0.00000576
1771582271.629488,14.371665,0.010000,-0.002400,0.035600,-0.055222,-3.1640,-0.148370,-0.032200,0.236935,-0.062051,-0.062051,-1.5513,-1.3019,1,1,0.002400,0.00000576
1771582271.645238,14.387414,0.010000,-0.003300,0.003800,-0.054070,-3.0980,-0.082519,-0.026115,0.608427,-0.056330,-0.056330,-1.4082,-1.4082,1,1,0.003300,0.00001089
1771582271.664880,14.407057,0.010000,-0.003400,-0.000100,-0.051766,-2.9660,0.001518,-0.025437,0.067862,0.170235,0.170235,4.2559,-0.2082,1,1,0.003400,0.00001156
1771582271.664880,14.407057,0.010000,-0.003400,-0.000100,-0.051766,-2.9660,0.001518,-0.025265,0.017166,0.144863,0.144863,3.6216,0.9918,1,1,0.003400,0.00001156
1771582271.686555,14.428732,0.010000,-0.003600,-0.006300,-0.050231,-2.8780,0.039497,-0.020939,0.432612,0.216009,0.216009,5.4002,2.1918,1,1,0.003600,0.00001296
1771582271.696292,14.438468,0.010000,-0.003500,-0.002300,-0.046792,-2.6810,0.115907,-0.013289,0.764968,-0.242247,-0.242247,-6.0562,0.9918,1,1,0.003500,0.00001225
1771582271.705224,14.447401,0.010000,-0.003700,-0.006400,-0.045256,-2.5930,0.125280,-0.002981,1.030854,-0.412642,-0.412642,-10.3161,-0.2082,1,1,0.003700,0.00001369
1771582271.705224,14.447401,0.010000,-0.003700,-0.006400,-0.045256,-2.5930,0.125280,0.001077,0.405804,0.143053,0.143053,3.5763,0.9918,1,1,0.003700,0.00001369
1771582271.726322,14.468498,0.010000,-0.004100,-0.014000,-0.042185,-2.4170,0.170658,0.000135,-0.094236,0.104842,0.104842,2.6210,2.1918,1,1,0.004100,0.00001681
1771582271.737437,14.479613,0.010000,-0.003600,0.001800,-0.034139,-1.9560,0.329326,0.003570,0.343490,0.140877,0.140877,3.5219,3.3918,1,1,0.003600,0.00001296
1771582271.745327,14.487503,0.010000,-0.003700,-0.000700,-0.029531,-1.6920,0.362051,0.010507,0.693671,-0.055086,-0.055086,-1.3771,2.1918,1,1,0.003700,0.00001369
1771582271.745327,14.487503,0.010000,-0.003700,-0.000700,-0.029531,-1.6920,0.362051,0.020245,0.973816,-0.409641,-0.409641,-10.2410,0.9918,1,1,0.003700,0.00001369
1771582271.767289,14.509466,0.010000,-0.003300,0.009800,-0.024155,-1.3840,0.405754,0.023846,0.360174,0.076453,0.076453,1.9113,1.9113,1,1,0.003300,0.00001089
1771582271.775786,14.517963,0.010000,-0.003800,-0.006500,-0.009198,-0.5270,0.678217,0.022539,-0.130740,-0.351795,-0.351795,-8.7949,0.7113,1,1,0.003800,0.00001444
1771582271.786200,14.528376,0.010000,-0.003900,-0.006600,0.000000,0.0000,0.738763,0.024703,0.216398,0.093355,0.093355,2.3339,1.9113,1,1,0.003900,0.00001521
1771582271.806759,14.548935,0.010000,-0.005100,-0.034200,0.009198,0.5270,0.784176,0.022245,-0.245760,0.422204,0.422204,10.5551,3.1113,1,1,0.005100,0.00002601
1771582271.815251,14.557427,0.010000,-0.004900,-0.020600,0.025307,1.4500,0.990806,0.024468,0.222271,-0.174490,-0.174490,-4.3622,1.9113,1,1,0.004900,0.00002401
1771582271.825938,14.568115,0.010000,-0.004900,-0.016800,0.031451,1.8020,0.896506,0.030435,0.596696,-0.276413,-0.276413,-6.9103,0.7113,1,1,0.004900,0.00002401
1771582271.825938,14.568115,0.010000,-0.004900,-0.016800,0.031451,1.8020,0.896506,0.031020,0.058477,-0.249799,-0.249799,-6.2450,-0.4887,1,1,0.004900,0.00002401
1771582271.847015,14.589191,0.010000,-0.004400,-0.000100,0.034523,1.9780,0.749078,0.027299,-0.372097,0.436290,0.436290,10.9073,0.7113,1,1,0.004400,0.00001936
1771582271.857050,14.599227,0.010000,-0.004600,-0.005900,0.035273,2.0210,0.580985,0.020133,-0.716557,0.436332,0.436332,10.9083,1.9113,1,1,0.004600,0.00002116
1771582271.865392,14.607568,0.010000,-0.005000,-0.013100,0.034139,1.9560,0.406976,0.018590,-0.154366,-0.041339,-0.041339,-1.0335,0.7113,1,1,0.005000,0.00002500
1771582271.865392,14.607568,0.010000,-0.005000,-0.013100,0.034139,1.9560,0.406976,0.021544,0.295386,-0.159401,-0.159401,-3.9850,-0.4887,1,1,0.005000,0.00002500
1771582271.884750,14.626926,0.010000,-0.004800,-0.005800,0.031451,1.8020,0.238115,0.019718,-0.182570,0.150179,0.150179,3.7545,0.7113,1,1,0.004800,0.00002304
1771582271.895373,14.637549,0.010000,-0.004400,0.006500,0.024155,1.3840,-0.003578,0.014068,-0.564935,0.436332,0.436332,10.9083,1.9113,1,1,0.004400,0.00001936
1771582271.905699,14.647876,0.010000,-0.003700,0.022700,0.020333,1.1650,-0.098559,0.013738,-0.033069,-0.108016,-0.108016,-2.7004,0.7113,1,1,0.003700,0.00001369
1771582271.905699,14.647876,0.010000,-0.003700,0.022700,0.020333,1.1650,-0.098559,0.017662,0.392424,-0.291751,-0.291751,-7.2938,-0.4887,1,1,0.003700,0.00001369
1771582271.936016,14.678192,0.010000,-0.003900,0.012200,0.010350,0.5930,-0.283145,0.016613,-0.104940,-0.283610,-0.283610,-7.0902,-1.6887,1,1,0.003900,0.00001521
1771582271.945204,14.687381,0.010000,-0.003900,0.007900,0.007278,0.4170,-0.289044,0.011584,-0.502831,0.436329,0.436329,10.9082,-0.4887,1,1,0.003900,0.00001521
1771582271.945204,14.687381,0.010000,-0.003900,0.007900,0.007278,0.4170,-0.289044,0.003373,-0.821144,0.436332,0.436332,10.9083,0.7113,1,1,0.003900,0.00001521
1771582271.966604,14.708781,0.010000,-0.003900,0.005800,0.004224,0.2420,-0.293495,0.000993,-0.238036,-0.115964,-0.115964,-2.8991,-0.4887,1,1,0.003900,0.00001521
1771582271.975461,14.717637,0.010000,-0.003500,0.013900,-0.000384,-0.0220,-0.335156,0.003277,0.228450,-0.225427,-0.225427,-5.6357,-1.6887,1,1,0.003500,0.00001225
1771582271.986475,14.728652,0.010000,-0.003800,0.004400,-0.002688,-0.1540,-0.308906,0.000916,-0.236119,-0.193698,-0.193698,-4.8424,-2.8887,1,1,0.003800,0.00001444
1771582271.986475,14.728652,0.010000,-0.003800,0.004400,-0.002688,-0.1540,-0.308906,-0.005162,-0.607774,0.436332,0.436332,10.9083,-1.6887,1,1,0.003800,0.00001444
1771582272.006037,14.748213,0.010000,-0.003200,0.019100,-0.004224,-0.2420,-0.270020,-0.014213,-0.905098,0.436332,0.436332,10.9083,-0.4887,1,1,0.003200,0.00001024
1771582272.018499,14.760676,0.010000,-0.002400,0.032300,-0.005760,-0.3300,-0.240873,-0.017265,-0.305200,0.259303,0.259303,6.4826,0.7113,1,1,0.002400,0.00000576
1771582272.024811,14.766988,0.010000,-0.002700,0.018300,-0.005760,-0.3300,-0.180642,-0.015518,0.174719,-0.106365,-0.106365,-2.6591,-0.4887,1,1,0.002700,0.00000729
1771582272.024811,14.766988,0.010000,-0.002700,0.018300,-0.005760,-0.3300,-0.180642,-0.009931,0.558654,-0.255197,-0.255197,-6.3799,-1.6887,1,1,0.002700,0.00000729
1771582272.046961,14.789137,0.010000,-0.002400,0.019500,-0.005376,-0.3080,-0.125908,-0.009651,0.028045,0.063938,0.063938,1.5984,-0.4887,1,1,0.002400,0.00000576
1771582272.056988,14.799165,0.010000,-0.001100,0.048500,-0.004992,-0.2860,-0.084840,-0.013615,-0.396443,0.433589,0.433589,10.8397,0.7113,1,1,0.001100,0.00000121
1771582272.064227,14.806404,0.010000,-0.001900,0.016500,-0.004608,-0.2640,-0.054035,-0.012598,0.101724,0.018809,0.018809,0.4702,0.4702,1,1,0.001900,0.00000361
1771582272.064227,14.806404,0.010000,-0.001900,0.016500,-0.004608,-0.2640,-0.054035,-0.007595,0.500258,-0.085672,-0.085672,-2.1418,-0.7298,1,1,0.001900,0.00000361
1771582272.086147,14.828324,0.010000,-0.002000,0.009700,-0.004224,-0.2420,-0.030945,-0.004435,0.316050,-0.106456,-0.106456,-2.6614,-1.9298,1,1,0.002000,0.00000400
1771582272.106328,14.848505,0.010000,-0.002500,-0.005300,-0.003072,-0.1760,0.006562,-0.006095,-0.166039,-0.142795,-0.142795,-3.5699,-3.1298,1,1,0.002500,0.00000625
1771582272.106328,14.848505,0.010000,-0.002500,-0.005300,-0.003072,-0.1760,0.006562,-0.011612,-0.551711,0.436332,0.436332,10.9083,-1.9298,1,1,0.002500,0.00000625
1771582272.127675,14.869851,0.010000,-0.002300,0.000100,-0.002688,-0.1540,0.014504,-0.020215,-0.860247,0.436332,0.436332,10.9083,-0.7298,1,1,0.002300,0.00000529
1771582272.136683,14.878860,0.010000,-0.001500,0.019400,-0.002304,-0.1320,0.020473,-0.022908,-0.269319,0.264758,0.264758,6.6189,0.4702,1,1,0.001500,0.00000225
1771582272.145096,14.887272,0.010000,-0.000800,0.033400,-0.001920,-0.1100,0.024941,-0.020874,0.203424,-0.002786,-0.002786,-0.0696,-0.0696,1,1,0.000800,0.00000064
1771582272.145096,14.887272,0.010000,-0.000800,0.033400,-0.001920,-0.1100,0.024941,-0.015058,0.581618,-0.252786,-0.252786,-6.3197,-1.2696,1,1,0.000800,0.00000064
1771582272.167092,14.909269,0.010000,0.000200,0.050600,-0.001920,-0.1100,0.018710,-0.012289,0.276840,-0.098062,-0.098062,-2.4516,-2.4516,1,1,0.000200,0.00000004
1771582272.175349,14.917526,0.010000,0.003000,0.107800,-0.001536,-0.0880,0.023614,-0.014263,-0.197407,-0.382508,-0.382508,-9.5627,-3.6516,1,1,0.003000,0.00000900
1771582272.184774,14.926950,0.010000,-0.001500,-0.033100,-0.001152,-0.0660,0.027297,-0.019968,-0.570492,0.436332,0.436332,10.9083,-2.4516,1,1,0.001500,0.00000225
1771582272.184774,14.926950,0.010000,-0.001500,-0.033100,-0.001152,-0.0660,0.027297,-0.028721,-0.875272,0.436332,0.436332,10.9083,-1.2516,1,1,0.001500,0.00000225
1771582272.216134,14.958311,0.010000,-0.001500,-0.015000,-0.000768,-0.0440,0.022550,-0.031534,-0.281339,0.389954,0.389954,9.7488,-0.0516,1,1,0.001500,0.00000225
1771582272.225707,14.967883,0.010000,-0.001200,-0.002700,-0.000768,-0.0440,0.016912,-0.029596,0.193808,-0.032362,-0.032362,-0.8090,-0.8090,1,1,0.001200,0.00000144
1771582272.225707,14.967883,0.010000,-0.001200,-0.002700,-0.000768,-0.0440,0.016912,-0.023857,0.573925,-0.243670,-0.243670,-6.0917,-2.0090,1,1,0.001200,0.00000144
1771582272.246591,14.988767,0.010000,-0.001700,-0.014200,-0.000768,-0.0440,0.012689,-0.021910,0.194731,-0.047373,-0.047373,-1.1843,-1.1843,1,1,0.001700,0.00000289
1771582272.257044,14.999221,0.010000,-0.001400,-0.003500,-0.000768,-0.0440,0.009512,-0.024541,-0.263094,0.305922,0.305922,7.6480,0.0157,1,1,0.001400,0.00000196
1771582272.265852,15.008029,0.010000,-0.002100,-0.020500,-0.000768,-0.0440,0.007138,-0.023767,0.077401,0.090468,0.090468,2.2617,1.2157,1,1,0.002100,0.00000441
1771582272.265852,15.008029,0.010000,-0.002100,-0.020500,-0.000768,-0.0440,0.007138,-0.018959,0.480799,-0.022467,-0.022467,-0.5617,0.0157,1,1,0.002100,0.00000441
1771582272.287095,15.029271,0.010000,-0.002200,-0.019200,-0.000768,-0.0440,0.005358,-0.010923,0.803519,-0.420135,-0.420135,-10.5034,-1.1843,1,1,0.002200,0.00000484
1771582272.295660,15.037837,0.010000,-0.002200,-0.012600,-0.000768,-0.0440,0.004014,-0.008684,0.223936,-0.092895,-0.092895,-2.3224,-2.3224,1,1,0.002200,0.00000484
1771582272.304874,15.047050,0.010000,-0.002300,-0.012500,-0.000768,-0.0440,0.003002,-0.011081,-0.239730,0.232273,0.232273,5.8068,-1.1224,1,1,0.002300,0.00000529
1771582272.304874,15.047050,0.010000,-0.002300,-0.012500,-0.000768,-0.0440,0.003002,-0.016972,-0.589039,0.436332,0.436332,10.9083,0.0776,1,1,0.002300,0.00000529
1771582272.325550,15.067726,0.010000,-0.002200,-0.006700,-0.000768,-0.0440,0.002251,-0.017495,-0.052352,0.068705,0.068705,1.7176,1.2776,1,1,0.002200,0.00000484
1771582272.334529,15.076706,0.010000,-0.002200,-0.006700,-0.000384,-0.0220,0.011275,-0.013725,0.376997,-0.053426,-0.053426,-1.3357,0.0776,1,1,0.002200,0.00000484
1771582272.345622,15.087799,0.010000,-0.002500,-0.011900,-0.000384,-0.0220,0.008465,-0.006521,0.720477,-0.398427,-0.398427,-9.9607,-1.1224,1,1,0.002500,0.00000625
1771582272.366191,15.108368,0.010000,-0.001800,0.009800,-0.000384,-0.0220,0.006353,-0.004945,0.157502,-0.067481,-0.067481,-1.6870,-1.6870,1,1,0.001800,0.00000324
1771582272.376629,15.118805,0.010000,-0.001100,0.023400,0.000384,0.0220,0.023928,-0.007874,-0.292877,0.357025,0.357025,8.9256,-0.4870,1,1,0.001100,0.00000121
1771582272.384784,15.126961,0.010000,-0.000800,0.026900,0.000768,0.0440,0.027541,-0.012188,-0.431396,0.436228,0.436228,10.9057,0.7130,1,1,0.000800,0.00000064
1771582272.384784,15.126961,0.010000,-0.000800,0.026900,0.000768,0.0440,0.027541,-0.011451,0.073763,0.113647,0.113647,2.8412,1.9130,1,1,0.000800,0.00000064
1771582272.405122,15.147298,0.010000,-0.001300,0.007400,0.001152,0.0660,0.030247,-0.006672,0.477889,-0.088678,-0.088678,-2.2170,0.7130,1,1,0.001300,0.00000169
1771582272.416708,15.158885,0.010000,-0.001100,0.010100,0.001536,0.0880,0.032271,0.001340,0.801190,-0.426408,-0.426408,-10.6602,-0.4870,1,1,0.001100,0.00000121
1771582272.424634,15.166811,0.010000,-0.001600,-0.004600,0.001920,0.1100,0.033790,0.003561,0.222073,-0.117936,-0.117936,-2.9484,-1.6870,1,1,0.001600,0.00000256
1771582272.424634,15.166811,0.010000,-0.001600,-0.004600,0.001920,0.1100,0.033790,0.001149,-0.241220,0.237007,0.237007,5.9252,-0.4870,1,1,0.001600,0.00000256
1771582272.445058,15.187234,0.010000,-0.002300,-0.022800,0.002688,0.1540,0.044523,-0.004970,-0.611855,0.436332,0.436332,10.9083,0.7130,1,1,0.002300,0.00000529
1771582272.457973,15.200150,0.010000,-0.002400,-0.018800,0.003840,0.2200,0.062151,-0.005676,-0.070605,0.040871,0.040871,1.0218,1.0218,1,1,0.002400,0.00000576
1771582272.464580,15.206757,0.010000,-0.001700,0.004400,0.004224,0.2420,0.056200,-0.002052,0.362395,-0.138050,-0.138050,-3.4512,-0.1782,1,1,0.001700,0.00000289
1771582272.486443,15.228620,0.010000,-0.002300,-0.013000,0.004224,0.2420,0.042150,0.001925,0.397708,-0.129138,-0.129138,-3.2284,-1.3782,1,1,0.002300,0.00000529
1771582272.496376,15.238552,0.010000,-0.001700,0.005300,0.004608,0.2640,0.041207,0.000918,-0.100713,-0.116301,-0.116301,-2.9075,-2.5782,1,1,0.001700,0.00000289
1771582272.506024,15.248200,0.010000,-0.001300,0.015000,0.004608,0.2640,0.030892,-0.004076,-0.499449,0.436330,0.436330,10.9083,-1.3782,1,1,0.001300,0.00000169
1771582272.506024,15.248200,0.010000,-0.001300,0.015000,0.004608,0.2640,0.030892,-0.012261,-0.818438,0.436332,0.436332,10.9083,-0.1782,1,1,0.001300,0.00000169
1771582272.526817,15.268994,0.010000,-0.002000,-0.006900,0.004608,0.2640,0.023178,-0.014620,-0.235872,0.186638,0.186638,4.6659,1.0218,1,1,0.002000,0.00000400
1771582272.535876,15.278053,0.010000,-0.002100,-0.006800,0.003456,0.1980,-0.011380,-0.012318,0.230182,-0.106126,-0.106126,-2.6531,-0.1782,1,1,0.002100,0.00000441
1771582272.546322,15.288498,0.010000,-0.001000,0.022100,0.002688,0.1540,-0.027716,-0.006288,0.603024,-0.322563,-0.322563,-8.0641,-1.3782,1,1,0.001000,0.00000100
1771582272.546322,15.288498,0.010000,-0.001000,0.022100,0.002688,0.1540,-0.027716,-0.005652,0.063540,0.055345,0.055345,1.3836,-0.1782,1,1,0.001000,0.00000100
1771582272.565719,15.307895,0.010000,-0.001400,0.007100,0.001920,0.1100,-0.039951,-0.009333,-0.368047,0.434947,0.434947,10.8737,1.0218,1,1,0.001400,0.00000196
1771582272.576126,15.318302,0.010000,-0.001800,-0.005700,0.001536,0.0880,-0.039549,-0.008088,0.124442,-0.049865,-0.049865,-1.2466,-0.1782,1,1,0.001800,0.00000324
1771582272.584971,15.327147,0.010000,-0.002100,-0.011600,0.001920,0.1100,-0.020071,-0.002904,0.518432,-0.137144,-0.137144,-3.4286,-1.3782,1,1,0.002100,0.00000441
1771582272.584971,15.327147,0.010000,-0.002100,-0.011600,0.001920,0.1100,-0.020071,-0.002945,-0.004133,0.053999,0.053999,1.3500,-0.1782,1,1,0.002100,0.00000441
1771582272.607239,15.349416,0.010000,-0.002200,-0.012500,0.001920,0.1100,-0.015062,-0.007167,-0.422186,0.436293,0.436293,10.9073,1.0218,1,1,0.002200,0.00000484
1771582272.615066,15.357243,0.010000,-0.001800,0.002700,0.002304,0.1320,-0.001710,-0.006356,0.081131,0.052341,0.052341,1.3085,1.3085,1,1,0.001800,0.00000324
1771582272.625896,15.368073,0.010000,-0.001800,0.000400,0.002304,0.1320,-0.001274,-0.001518,0.483784,-0.113851,-0.113851,-2.8463,0.1085,1,1,0.001800,0.00000324
1771582272.625896,15.368073,0.010000,-0.001800,0.000400,0.002304,0.1320,-0.001274,0.003353,0.487119,-0.120215,-0.120215,-3.0054,-1.0915,1,1,0.001800,0.00000324
1771582272.646470,15.388647,0.010000,-0.002000,-0.003200,0.002304,0.1320,-0.000960,0.003061,-0.029184,0.052840,0.052840,1.3210,0.1085,1,1,0.002000,0.00000400
1771582272.665511,15.407687,0.010000,-0.001400,0.010400,0.002688,0.1540,0.006650,-0.001361,-0.442226,0.436301,0.436301,10.9075,1.3085,1,1,0.001400,0.00000196
1771582272.665511,15.407687,0.010000,-0.001400,0.010400,0.002688,0.1540,0.006650,-0.000710,0.065098,0.068060,0.068060,1.7015,1.7015,1,1,0.001400,0.00000196
1771582272.686211,15.428387,0.010000,-0.002400,-0.017100,0.002688,0.1540,0.004992,0.004000,0.470958,-0.086518,-0.086518,-2.1630,0.5015,1,1,0.002400,0.00000576
1771582272.696575,15.438751,0.010000,-0.001900,-0.002000,0.002688,0.1540,0.003735,0.009139,0.513937,-0.162203,-0.162203,-4.0551,-0.6985,1,1,0.001900,0.00000361
1771582272.706964,15.449140,0.010000,-0.001800,0.000900,0.002688,0.1540,0.002810,0.009062,-0.007729,0.051631,0.051631,1.2908,0.5015,1,1,0.001800,0.00000324
1771582272.706964,15.449140,0.010000,-0.001800,0.000900,0.002688,0.1540,0.002810,0.004811,-0.425062,0.436283,0.436283,10.9071,1.7015,1,1,0.001800,0.00000324
1771582272.726129,15.468305,0.010000,-0.001800,0.001500,0.003072,0.1760,0.011694,0.005600,0.078829,0.039282,0.039282,0.9821,0.9821,1,1,0.001800,0.00000324
1771582272.735550,15.477726,0.010000,-0.001700,0.004600,0.004224,0.2420,0.037525,0.010419,0.481942,-0.155874,-0.155874,-3.8969,-0.2179,1,1,0.001700,0.00000289
1771582272.747691,15.489867,0.010000,-0.002100,-0.007800,0.004608,0.2640,0.037734,0.011763,0.134422,-0.056337,-0.056337,-1.4084,-1.4084,1,1,0.002100,0.00000441
1771582272.747691,15.489867,0.010000,-0.002100,-0.007800,0.004608,0.2640,0.037734,0.008650,-0.311342,0.428488,0.428488,10.7122,-0.2084,1,1,0.002100,0.00000441
1771582272.768356,15.510532,0.010000,-0.001400,0.011200,0.004992,0.2860,0.037891,0.002003,-0.664629,0.436332,0.436332,10.9083,0.9916,1,1,0.001400,0.00000196
1771582272.785209,15.527386,0.010000,-0.001100,0.013900,0.005760,0.3300,0.035692,0.000875,-0.112824,-0.173393,-0.173393,-4.3348,-0.2084,1,1,0.001100,0.00000121
1771582272.785209,15.527386,0.010000,-0.001100,0.013900,0.005760,0.3300,0.035692,0.004161,0.328620,-0.171956,-0.171956,-4.2989,-1.4084,1,1,0.001100,0.00000121
1771582272.806954,15.549131,0.010000,-0.002000,-0.011700,0.005760,0.3300,0.026773,0.002602,-0.155983,-0.182123,-0.182123,-4.5531,-2.6084,1,1,0.002000,0.00000400
1771582272.814837,15.557014,0.010000,-0.002400,-0.018000,0.005760,0.3300,0.020071,-0.002835,-0.543666,0.436332,0.436332,10.9083,-1.4084,1,1,0.002400,0.00000576
1771582272.826477,15.568654,0.010000,-0.002500,-0.016400,0.005760,0.3300,0.015062,-0.011373,-0.853812,0.436332,0.436332,10.9083,-0.2084,1,1,0.002500,0.00000625
1771582272.826477,15.568654,0.010000,-0.002500,-0.016400,0.005760,0.3300,0.015062,-0.014015,-0.264170,0.361591,0.361591,9.0398,0.9916,1,1,0.002500,0.00000625
1771582272.846351,15.588527,0.010000,-0.001300,0.017500,0.005376,0.3080,0.001710,-0.011939,0.207543,-0.101151,-0.101151,-2.5288,-0.2084,1,1,0.001300,0.00000169
1771582272.856254,15.598431,0.010000,-0.001300,0.012500,0.003840,0.2200,-0.037071,-0.006090,0.584913,-0.302939,-0.302939,-7.5735,-1.4084,1,1,0.001300,0.00000169
1771582272.866895,15.609072,0.010000,0.001600,0.082300,0.003072,0.1760,-0.046984,-0.005600,0.049052,-0.097438,-0.097438,-2.4359,-2.4359,1,1,0.001600,0.00000256
1771582272.866895,15.609072,0.010000,0.001600,0.082300,0.003072,0.1760,-0.046984,-0.009396,-0.379638,0.400847,0.400847,10.0212,-1.2359,1,1,0.001600,0.00000256
1771582272.887584,15.629761,0.010000,-0.001600,-0.018000,0.002304,0.1320,-0.054402,-0.016020,-0.662379,0.436332,0.436332,10.9083,-0.0359,1,1,0.001600,0.00000256
1771582272.896831,15.639007,0.010000,-0.002100,-0.026400,0.001536,0.0880,-0.059987,-0.017130,-0.111024,-0.115326,-0.115326,-2.8832,-1.2359,1,1,0.002100,0.00000441
1771582272.904665,15.646841,0.010000,-0.002300,-0.024100,0.001152,0.0660,-0.054576,-0.013830,0.330060,-0.066983,-0.066983,-1.6746,-1.6746,1,1,0.002300,0.00000529
1771582272.904665,15.646841,0.010000,-0.002300,-0.024100,0.001152,0.0660,-0.054576,-0.015378,-0.154831,-0.172199,-0.172199,-4.3050,-2.8746,1,1,0.002300,0.00000529
1771582272.926125,15.668302,0.010000,-0.002300,-0.017500,0.001152,0.0660,-0.040928,-0.018148,-0.276974,0.381417,0.381417,9.5354,-1.6746,1,1,0.002300,0.00000529
1771582272.946259,15.688436,0.010000,-0.002100,-0.007400,0.001536,0.0880,-0.013439,-0.024552,-0.640459,0.436332,0.436332,10.9083,-0.4746,1,1,0.002100,0.00000441
1771582272.946259,15.688436,0.010000,-0.002100,-0.007400,0.001536,0.0880,-0.013439,-0.025487,-0.093488,-0.019187,-0.019187,-0.4797,-0.4797,1,1,0.002100,0.00000441
1771582272.966143,15.708320,0.010000,-0.002100,-0.004100,0.001536,0.0880,-0.010071,-0.022046,0.344089,-0.057426,-0.057426,-1.4356,-1.4356,1,1,0.002100,0.00000441
1771582272.975841,15.718018,0.010000,-0.001800,0.005000,0.001152,0.0660,-0.017139,-0.019311,0.273484,-0.094188,-0.094188,-2.3547,-2.3547,1,1,0.001800,0.00000324
1771582272.985424,15.727600,0.010000,-0.002000,-0.002200,0.001152,0.0660,-0.012863,-0.020460,-0.114907,-0.110061,-0.110061,-2.7515,-2.7515,1,1,0.002000,0.00000400
1771582272.985424,15.727600,0.010000,-0.002000,-0.002200,0.001152,0.0660,-0.012863,-0.024588,-0.412738,0.436211,0.436211,10.9053,-1.5515,1,1,0.002000,0.00000400
1771582273.006367,15.748544,0.010000,-0.002100,-0.005200,0.001152,0.0660,-0.009652,-0.029275,-0.468710,0.436324,0.436324,10.9081,-0.3515,1,1,0.002100,0.00000441
1771582273.017485,15.759662,0.010000,-0.001800,0.003200,0.001152,0.0660,-0.007226,-0.028836,0.043911,0.116954,0.116954,2.9239,0.8485,1,1,0.001800,0.00000324
1771582273.025285,15.767461,0.010000,-0.001700,0.005500,0.001152,0.0660,-0.005428,-0.024296,0.454008,-0.067541,-0.067541,-1.6885,-0.3515,1,1,0.001700,0.00000289
1771582273.025285,15.767461,0.010000,-0.001700,0.005500,0.001152,0.0660,-0.005428,-0.016475,0.782086,-0.424299,-0.424299,-10.6075,-1.5515,1,1,0.001700,0.00000289
1771582273.045109,15.787285,0.010000,-0.002000,-0.003500,0.001152,0.0660,-0.004067,-0.014407,0.206789,-0.077016,-0.077016,-1.9254,-1.9254,1,1,0.002000,0.00000400
1771582273.065657,15.807834,0.010000,-0.002400,-0.008900,0.001152,0.0660,-0.002286,-0.016941,-0.253447,0.283932,0.283932,7.0983,-0.7254,1,1,0.002400,0.00000576
1771582273.065657,15.807834,0.010000,-0.002400,-0.008900,0.001152,0.0660,-0.002286,-0.020274,-0.333264,0.432649,0.432649,10.8162,0.4746,1,1,0.002400,0.00000576
1771582273.086120,15.828297,0.010000,-0.000400,0.043500,0.001152,0.0660,-0.001710,-0.018751,0.152268,0.025210,0.025210,0.6303,0.6303,1,1,0.000400,0.00000016
1771582273.097158,15.839334,0.010000,-0.001200,0.011500,0.001152,0.0660,-0.001292,-0.013345,0.540693,-0.219754,-0.219754,-5.4938,-0.5697,1,1,0.001200,0.00000144
1771582273.105698,15.847875,0.010000,-0.002200,-0.016400,0.001152,0.0660,-0.000960,-0.008476,0.486890,-0.063806,-0.063806,-1.5951,-1.5951,1,1,0.002200,0.00000484
1771582273.105698,15.847875,0.010000,-0.002200,-0.016400,0.001152,0.0660,-0.000960,-0.008769,-0.029367,0.058383,0.058383,1.4596,-0.3951,1,1,0.002200,0.00000484
1771582273.125793,15.867970,0.010000,-0.002500,-0.021100,0.001536,0.0880,0.008866,-0.012584,-0.381426,0.436123,0.436123,10.9031,0.8049,1,1,0.002500,0.00000625
1771582273.136152,15.878329,0.010000,-0.001900,0.000400,0.001920,0.1100,0.016232,-0.011446,0.113738,0.031726,0.031726,0.7932,0.7932,1,1,0.001900,0.00000361
1771582273.147867,15.890044,0.010000,0.001900,0.094100,0.001920,0.1100,0.012182,-0.006347,0.509870,-0.303778,-0.303778,-7.5945,-0.4068,1,1,0.001900,0.00000361
1771582273.147867,15.890044,0.010000,0.001900,0.094100,0.001920,0.1100,0.012182,-0.002309,0.403815,-0.246113,-0.246113,-6.1528,-1.6068,1,1,0.001900,0.00000361
1771582273.174570,15.916747,0.010000,0.004400,0.109500,0.002304,0.1320,0.014032,-0.003268,-0.095827,-0.307702,-0.307702,-7.6926,-2.8068,1,1,0.004400,0.00001936
1771582273.185371,15.927548,0.010000,0.003200,0.050100,0.002688,0.1540,0.020124,-0.008223,-0.495541,0.436316,0.436316,10.9079,-1.6068,1,1,0.003200,0.00001024
1771582273.185371,15.927548,0.010000,0.003200,0.050100,0.002688,0.1540,0.020124,-0.016376,-0.815312,0.436332,0.436332,10.9083,-0.4068,1,1,0.003200,0.00001024
1771582273.185371,15.927548,0.010000,0.003200,0.050100,0.002688,0.1540,0.020124,-0.018710,-0.233370,-0.293211,-0.293211,-7.3303,-1.6068,1,1,0.003200,0.00001024
1771582273.216712,15.958888,0.010000,0.000800,-0.033100,0.002304,0.1320,0.001728,-0.016388,0.232183,-0.140766,-0.140766,-3.5191,-2.8068,1,1,0.000800,0.00000064
1771582273.225181,15.967357,0.010000,-0.000700,-0.062300,0.001536,0.0880,-0.017872,-0.018719,-0.233133,0.336053,0.336053,8.4013,-1.6068,1,1,0.000700,0.00000049
1771582273.225181,15.967357,0.010000,-0.000700,-0.062300,0.001536,0.0880,-0.017872,-0.024773,-0.605385,0.436332,0.436332,10.9083,-0.4068,1,1,0.000700,0.00000049
1771582273.247380,15.989556,0.010000,-0.002000,-0.079100,0.001152,0.0660,-0.023003,-0.025427,-0.065429,-0.024818,-0.024818,-0.6205,-0.6205,1,1,0.002000,0.00000400
1771582273.256486,15.998663,0.010000,-0.001500,-0.046700,0.000000,0.0000,-0.046007,-0.021762,0.366536,0.010025,0.010025,0.2506,0.2506,1,1,0.001500,0.00000225
1771582273.265483,16.007659,0.010000,-0.001900,-0.044800,-0.000768,-0.0440,-0.053686,-0.019575,0.218664,-0.078168,-0.078168,-1.9542,-0.9494,1,1,0.001900,0.00000361
1771582273.265483,16.007659,0.010000,-0.001900,-0.044800,-0.000768,-0.0440,-0.053686,-0.014786,0.478994,-0.000748,-0.000748,-0.0187,-0.0187,1,1,0.001900,0.00000361
1771582273.286527,16.028703,0.010000,-0.001800,-0.031800,-0.001920,-0.1100,-0.069028,-0.015142,-0.035684,0.022457,0.022457,0.5614,0.5614,1,1,0.001800,0.00000324
1771582273.297894,16.040071,0.010000,-0.000100,0.019900,-0.002688,-0.1540,-0.070948,-0.012179,0.296319,-0.156445,-0.156445,-3.9111,-0.6386,1,1,0.000100,0.00000001
1771582273.308320,16.050497,0.010000,-0.001000,-0.008400,-0.002688,-0.1540,-0.053215,-0.007784,0.439556,-0.051170,-0.051170,-1.2792,-1.2792,1,1,0.001000,0.00000100
1771582273.308320,16.050497,0.010000,-0.001000,-0.008400,-0.002688,-0.1540,-0.053215,-0.008456,-0.067234,-0.000293,-0.000293,-0.0073,-0.0792,1,1,0.001000,0.00000100
1771582273.327916,16.070093,0.010000,-0.002000,-0.030000,-0.002688,-0.1540,-0.039898,-0.011230,-0.277422,0.405588,0.405588,10.1397,1.1208,1,1,0.002000,0.00000400
1771582273.335960,16.078137,0.010000,-0.001800,-0.018500,-0.002304,-0.1320,-0.020333,-0.009261,0.196942,-0.097464,-0.097464,-2.4366,-0.0792,1,1,0.001800,0.00000324
1771582273.346328,16.088505,0.010000,-0.001900,-0.016200,-0.001920,-0.1100,-0.005672,-0.003496,0.576432,-0.236243,-0.236243,-5.9061,-1.2792,1,1,0.001900,0.00000361
1771582273.366343,16.108520,0.010000,-0.001800,-0.011200,-0.001536,-0.0880,0.005341,-0.003074,0.042267,0.078821,0.078821,1.9705,-0.0792,1,1,0.001800,0.00000324
1771582273.375135,16.117311,0.010000,-0.001800,-0.007400,-0.000768,-0.0440,0.023178,-0.006924,-0.385066,0.436055,0.436055,10.9014,1.1208,1,1,0.001800,0.00000324
1771582273.386149,16.128325,0.010000,-0.001600,-0.000800,-0.000384,-0.0220,0.026965,-0.005816,0.110827,0.035959,0.035959,0.8990,0.8990,1,1,0.001600,0.00000256
1771582273.386149,16.128325,0.010000,-0.001600,-0.000800,-0.000384,-0.0220,0.026965,-0.000741,0.507540,-0.109561,-0.109561,-2.7390,-0.3010,1,1,0.001600,0.00000256
1771582273.407111,16.149288,0.010000,-0.001800,-0.004100,0.000000,0.0000,0.029810,0.002545,0.328616,-0.113214,-0.113214,-2.8304,-1.5010,1,1,0.001800,0.00000324
1771582273.416735,16.158912,0.010000,-0.001200,0.009800,0.000768,0.0440,0.041539,0.000986,-0.155986,-0.205837,-0.205837,-5.1459,-2.7010,1,1,0.001200,0.00000144
1771582273.427577,16.169753,0.010000,-0.001500,0.000200,0.000768,0.0440,0.031154,-0.004451,-0.543668,0.436332,0.436332,10.9083,-1.5010,1,1,0.001500,0.00000225
1771582273.427577,16.169753,0.010000,-0.001500,0.000200,0.000768,0.0440,0.031154,-0.012989,-0.853814,0.436332,0.436332,10.9083,-0.3010,1,1,0.001500,0.00000225
1771582273.446993,16.189169,0.010000,-0.001600,-0.002500,0.001152,0.0660,0.032952,-0.015631,-0.264172,0.329964,0.329964,8.2491,0.8990,1,1,0.001600,0.00000256
1771582273.457459,16.199636,0.010000,-0.001500,0.001800,0.001152,0.0660,0.024714,-0.013556,0.207542,-0.064565,-0.064565,-1.6141,-0.3010,1,1,0.001500,0.00000225
1771582273.466434,16.208610,0.010000,-0.001800,-0.007400,0.001152,0.0660,0.018535,-0.007706,0.584912,-0.269291,-0.269291,-6.7323,-1.5010,1,1,0.001800,0.00000324
1771582273.466434,16.208610,0.010000,-0.001800,-0.007400,0.001152,0.0660,0.018535,-0.007216,0.049051,0.085772,0.085772,2.1443,-0.3010,1,1,0.001800,0.00000324
1771582273.486229,16.228406,0.010000,-0.001800,-0.004400,0.001152,0.0660,0.013893,-0.011012,-0.379638,0.435901,0.435901,10.8975,0.8990,1,1,0.001800,0.00000324
1771582273.496242,16.238419,0.010000,-0.001400,0.006500,0.001152,0.0660,0.010420,-0.009861,0.115168,0.019604,0.019604,0.4901,0.4901,1,1,0.001400,0.00000196
1771582273.506965,16.249141,0.010000,-0.001600,-0.000200,0.001152,0.0660,0.007819,-0.004751,0.511014,-0.136903,-0.136903,-3.4226,-0.7099,1,1,0.001600,0.00000256
1771582273.525069,16.267246,0.010000,-0.001300,0.007000,0.001152,0.0660,0.005864,-0.002090,0.266088,-0.128872,-0.128872,-3.2218,-1.9099,1,1,0.001300,0.00000169
1771582273.536041,16.278218,0.010000,-0.001800,-0.006700,0.001152,0.0660,0.004398,-0.004150,-0.206009,-0.041521,-0.041521,-1.0380,-1.0380,1,1,0.001800,0.00000324
1771582273.545464,16.287640,0.010000,-0.001600,0.000100,0.001536,0.0880,0.012881,-0.009987,-0.583686,0.436332,0.436332,10.9083,0.1620,1,1,0.001600,0.00000256
1771582273.545464,16.287640,0.010000,-0.001600,0.000100,0.001536,0.0880,0.012881,-0.011613,-0.162608,-0.181188,-0.181188,-4.5297,-1.0380,1,1,0.001600,0.00000256
1771582273.565454,16.307631,0.010000,-0.001400,0.005200,0.001152,0.0660,0.000070,-0.008725,0.288793,-0.120442,-0.120442,-3.0111,-2.2380,1,1,0.001400,0.00000196
1771582273.578416,16.320593,0.010000,0.000400,0.049000,0.001152,0.0660,0.000052,-0.010603,-0.187845,-0.313450,-0.313450,-7.8363,-3.4380,1,1,0.000400,0.00000016
1771582273.586013,16.328190,0.010000,-0.001000,0.000300,0.001152,0.0660,0.000035,-0.016295,-0.569155,0.436332,0.436332,10.9083,-2.2380,1,1,0.001000,0.00000100
1771582273.586013,16.328190,0.010000,-0.001000,0.000300,0.001152,0.0660,0.000035,-0.025037,-0.874203,0.436332,0.436332,10.9083,-1.0380,1,1,0.001000,0.00000100
1771582273.607162,16.349338,0.010000,-0.000600,0.011200,0.001152,0.0660,0.000035,-0.027842,-0.280483,0.329069,0.329069,8.2267,0.1620,1,1,0.000600,0.00000036
1771582273.617048,16.359224,0.010000,0.001200,0.053900,0.000768,0.0440,-0.009564,-0.025897,0.194492,-0.030791,-0.030791,-0.7698,-0.7698,1,1,0.001200,0.00000144
1771582273.625513,16.367690,0.010000,0.001200,0.041000,0.000000,0.0000,-0.026354,-0.020152,0.574473,-0.281790,-0.281790,-7.0448,-1.9698,1,1,0.001200,0.00000144
1771582273.625513,16.367690,0.010000,0.001200,0.041000,0.000000,0.0000,-0.026354,-0.018809,0.134334,0.000221,0.000221,0.0055,-0.7698,1,1,0.001200,0.00000144
1771582273.657296,16.399472,0.010000,-0.001000,-0.020600,-0.001152,-0.0660,-0.038781,-0.021923,-0.311412,0.425542,0.425542,10.6385,0.4302,1,1,0.001000,0.00000100
1771582273.666129,16.408306,0.010000,-0.002000,-0.041000,-0.001536,-0.0880,-0.038676,-0.020225,0.169750,-0.062089,-0.062089,-1.5522,-0.7698,1,1,0.002000,0.00000400
1771582273.666129,16.408306,0.010000,-0.002000,-0.041000,-0.001536,-0.0880,-0.038676,-0.014678,0.554679,-0.178460,-0.178460,-4.4615,-1.9698,1,1,0.002000,0.00000400
1771582273.686749,16.428925,0.010000,-0.002400,-0.041000,-0.001536,-0.0880,-0.029007,-0.014430,0.024864,0.067401,0.067401,1.6850,-0.7698,1,1,0.002400,0.00000576
1771582273.694757,16.436934,0.010000,-0.002500,-0.032600,-0.001152,-0.0660,-0.012165,-0.018420,-0.398988,0.436259,0.436259,10.9065,0.4302,1,1,0.002500,0.00000625
1771582273.707682,16.449859,0.010000,-0.002600,-0.026900,-0.000768,-0.0440,0.000454,-0.017423,0.099689,0.042961,0.042961,1.0740,1.0740,1,1,0.002600,0.00000676
1771582273.707682,16.449859,0.010000,-0.002600,-0.026900,-0.000768,-0.0440,0.000454,-0.012437,0.498630,-0.042366,-0.042366,-1.0591,-0.1260,1,1,0.002600,0.00000676
1771582273.725131,16.467308,0.010000,-0.002300,-0.014600,-0.000768,-0.0440,0.000349,-0.006200,0.623633,-0.303908,-0.303908,-7.5977,-1.3260,1,1,0.002300,0.00000529
1771582273.736014,16.478190,0.010000,-0.001900,0.000100,-0.000384,-0.0220,0.009844,-0.005400,0.080027,0.074992,0.074992,1.8748,-0.1260,1,1,0.001900,0.00000361
1771582273.744887,16.487064,0.010000,-0.002500,-0.013800,-0.000384,-0.0220,0.007383,-0.008948,-0.354857,0.435410,0.435410,10.8852,1.0740,1,1,0.002500,0.00000625
1771582273.744887,16.487064,0.010000,-0.002500,-0.013800,-0.000384,-0.0220,0.007383,-0.007599,0.134993,-0.017777,-0.017777,-0.4444,-0.1260,1,1,0.002500,0.00000625
1771582273.774777,16.516954,0.010000,-0.000100,0.026600,-0.000384,-0.0220,0.004154,-0.002330,0.526874,-0.185755,-0.185755,-4.6439,-1.3260,1,1,0.000100,0.00000001
1771582273.785545,16.527721,0.010000,0.000200,0.029300,0.000000,0.0000,0.012706,-0.002304,0.002620,0.046023,0.046023,1.1506,-0.1260,1,1,0.000200,0.00000004
1771582273.785545,16.527721,0.010000,0.000200,0.029300,0.000000,0.0000,0.012706,-0.006471,-0.416783,0.436065,0.436065,10.9016,1.0740,1,1,0.000200,0.00000004
1771582273.805081,16.547257,0.010000,0.001800,0.061500,0.000000,0.0000,0.009529,-0.005617,0.085453,0.028575,0.028575,0.7144,0.7144,1,1,0.001800,0.00000324
1771582273.815504,16.557680,0.010000,0.002000,0.051100,0.000000,0.0000,0.007138,-0.000744,0.487241,-0.237496,-0.237496,-5.9374,-0.4856,1,1,0.002000,0.00000400
1771582273.825511,16.567688,0.010000,0.003400,0.072500,0.000000,0.0000,0.005358,0.001898,0.264254,-0.158729,-0.158729,-3.9682,-1.6856,1,1,0.003400,0.00001156
1771582273.825511,16.567688,0.010000,0.003400,0.072500,0.000000,0.0000,0.005358,-0.000177,-0.207476,-0.367264,-0.367264,-9.1816,-2.8856,1,1,0.003400,0.00001156
1771582273.847336,16.589512,0.010000,0.006200,0.124700,0.000384,0.0220,0.013614,-0.006025,-0.584860,0.436322,0.436322,10.9081,-1.6856,1,1,0.006200,0.00003844
1771582273.856563,16.598739,0.010000,0.007800,0.132800,0.000384,0.0220,0.010210,-0.014893,-0.886767,0.436332,0.436332,10.9083,-0.4856,1,1,0.007800,0.00006084
1771582273.864836,16.607012,0.010000,0.002300,-0.038100,0.000768,0.0440,0.017244,-0.017798,-0.290534,0.418830,0.418830,10.4707,0.7144,1,1,0.002300,0.00000529
1771582273.864836,16.607012,0.010000,0.002300,-0.038100,0.000768,0.0440,0.017244,-0.015934,0.186451,-0.146926,-0.146926,-3.6731,-0.4856,1,1,0.002300,0.00000529
1771582273.895534,16.637711,0.010000,0.005700,0.074900,0.000384,0.0220,0.002513,-0.010253,0.568040,-0.335006,-0.335006,-8.3752,-1.6856,1,1,0.005700,0.00003249
1771582273.905340,16.647516,0.010000,0.001000,-0.061000,0.000384,0.0220,0.001885,-0.009898,0.035553,0.026842,0.026842,0.6710,-0.4856,1,1,0.001000,0.00000100
1771582273.905340,16.647516,0.010000,0.001000,-0.061000,0.000384,0.0220,0.001885,-0.013802,-0.390437,0.436270,0.436270,10.9067,0.7144,1,1,0.001000,0.00000100
1771582273.925554,16.667731,0.010000,-0.000200,-0.078000,0.000384,0.0220,0.001414,-0.012737,0.106530,-0.086696,-0.086696,-2.1674,-0.4856,1,1,0.000200,0.00000004
1771582273.936328,16.678505,0.010000,0.001300,-0.019800,0.000384,0.0220,0.001065,-0.007696,0.504103,-0.117932,-0.117932,-2.9483,-1.6856,1,1,0.001300,0.00000169
1771582273.944578,16.686754,0.010000,0.006800,0.121900,0.000384,0.0220,0.000785,-0.007852,-0.015597,-0.210120,-0.210120,-5.2530,-2.8856,1,1,0.006800,0.00004624
1771582273.944578,16.686754,0.010000,0.006800,0.121900,0.000384,0.0220,0.000785,-0.012165,-0.431356,0.408583,0.408583,10.2146,-1.6856,1,1,0.006800,0.00004624
1771582273.966132,16.708309,0.010000,-0.000400,-0.088400,0.000384,0.0220,0.000593,-0.019805,-0.763964,0.436332,0.436332,10.9083,-0.4856,1,1,0.000400,0.00000016
1771582273.974563,16.716740,0.010000,-0.000500,-0.068200,0.000768,0.0440,0.010036,-0.021728,-0.192292,0.072866,0.072866,1.8217,0.7144,1,1,0.000500,0.00000025
1771582273.986773,16.728950,0.010000,0.001100,-0.011300,0.000768,0.0440,0.007522,-0.019078,0.265045,-0.111930,-0.111930,-2.7983,-0.4856,1,1,0.001100,0.00000121
1771582273.986773,16.728950,0.010000,0.001100,-0.011300,0.000768,0.0440,0.007522,-0.012768,0.630915,-0.333082,-0.333082,-8.3271,-1.6856,1,1,0.001100,0.00000121
1771582274.007476,16.749652,0.010000,-0.001500,-0.074400,0.000000,0.0000,-0.013526,-0.011910,0.085853,-0.035122,-0.035122,-0.8781,-0.8781,1,1,0.001500,0.00000225
1771582274.016327,16.758504,0.010000,-0.001400,-0.053400,-0.001152,-0.0660,-0.038903,-0.015412,-0.350197,0.435826,0.435826,10.8956,0.3219,1,1,0.001400,0.00000196
1771582274.025343,16.767519,0.010000,-0.001600,-0.043400,-0.001536,-0.0880,-0.038764,-0.015394,0.001736,0.051908,0.051908,1.2977,1.2977,1,1,0.001600,0.00000256
1771582274.046386,16.788563,0.010000,-0.001300,-0.025300,-0.002304,-0.1320,-0.048258,-0.011192,0.420268,-0.027290,-0.027290,-0.6823,0.0977,1,1,0.001300,0.00000169
1771582274.055417,16.797593,0.010000,-0.001500,-0.024000,-0.003072,-0.1760,-0.055362,-0.004424,0.676819,-0.358380,-0.358380,-8.9595,-1.1023,1,1,0.001500,0.00000225
1771582274.065983,16.808159,0.010000,-0.001400,-0.015800,-0.003072,-0.1760,-0.041521,-0.003198,0.122576,-0.053740,-0.053740,-1.3435,-1.3435,1,1,0.001400,0.00000196
1771582274.065983,16.808159,0.010000,-0.001400,-0.015800,-0.003072,-0.1760,-0.041521,-0.006406,-0.320818,0.430581,0.430581,10.7645,-0.1435,1,1,0.001400,0.00000196
1771582274.086117,16.828294,0.010000,-0.002100,-0.029900,-0.003072,-0.1760,-0.031137,-0.009815,-0.340850,0.435068,0.435068,10.8767,1.0565,1,1,0.002100,0.00000441
1771582274.095712,16.837889,0.010000,-0.002000,-0.019300,-0.003072,-0.1760,-0.023353,-0.008353,0.146199,-0.066252,-0.066252,-1.6563,-0.1435,1,1,0.002000,0.00000400
1771582274.105751,16.847928,0.010000,-0.001600,-0.004300,-0.002688,-0.1540,-0.007924,-0.002994,0.535838,-0.155000,-0.155000,-3.8750,-1.3435,1,1,0.001600,0.00000256
1771582274.105751,16.847928,0.010000,-0.001600,-0.004300,-0.002688,-0.1540,-0.007924,-0.002896,0.009791,0.076042,0.076042,1.9010,-0.1435,1,1,0.001600,0.00000256
1771582274.125719,16.867895,0.010000,-0.001500,-0.000700,-0.002304,-0.1320,0.003648,-0.007007,-0.411046,0.436226,0.436226,10.9057,1.0565,1,1,0.001500,0.00000225
1771582274.134969,16.877146,0.010000,-0.001500,-0.002000,-0.000384,-0.0220,0.050667,-0.006106,0.090042,0.086690,0.086690,2.1672,2.1672,1,1,0.001500,0.00000225
1771582274.145175,16.887352,0.010000,-0.001800,-0.007500,0.000384,0.0220,0.057177,-0.001197,0.490913,-0.078415,-0.078415,-1.9604,0.9672,1,1,0.001800,0.00000324
1771582274.165531,16.907708,0.010000,-0.001800,-0.004800,0.001152,0.0660,0.062064,0.006607,0.780454,-0.418706,-0.418706,-10.4676,-0.2328,1,1,0.001800,0.00000324
1771582274.176556,16.918732,0.010000,-0.002200,-0.014100,0.002688,0.1540,0.084893,0.008662,0.205484,-0.109612,-0.109612,-2.7403,-1.4328,1,1,0.002200,0.00000484
1771582274.186711,16.928887,0.010000,-0.001700,0.002400,0.003456,0.1980,0.082851,0.006117,-0.254492,0.314370,0.314370,7.8592,-0.2328,1,1,0.001700,0.00000289
1771582274.186711,16.928887,0.010000,-0.001700,0.002400,0.003456,0.1980,0.082851,-0.000107,-0.622472,0.436332,0.436332,10.9083,0.9672,1,1,0.001700,0.00000289
1771582274.207124,16.949300,0.010000,-0.001300,0.011200,0.004224,0.2420,0.081315,-0.000898,-0.079099,-0.057295,-0.057295,-1.4324,-0.2328,1,1,0.001300,0.00000169
1771582274.215900,16.958076,0.010000,0.005900,0.186900,0.004992,0.2860,0.080163,0.002658,0.355600,-0.341886,-0.341886,-8.5472,-1.4328,1,1,0.005900,0.00003481
1771582274.225498,16.967674,0.010000,0.000600,0.009800,0.005376,0.3080,0.069708,0.001314,-0.134399,-0.208608,-0.208608,-5.2152,-2.6328,1,1,0.000600,0.00000036
1771582274.225498,16.967674,0.010000,0.000600,0.009800,0.005376,0.3080,0.069708,-0.003950,-0.526398,0.436332,0.436332,10.9083,-1.4328,1,1,0.000600,0.00000036
1771582274.246145,16.988321,0.010000,0.003400,0.075300,0.005376,0.3080,0.052273,-0.012350,-0.839998,0.436332,0.436332,10.9083,-0.2328,1,1,0.003400,0.00001156
1771582274.254528,16.996705,0.010000,0.008600,0.186300,0.005760,0.3300,0.048799,-0.014882,-0.253119,-0.427614,-0.427614,-10.6903,-1.4328,1,1,0.008600,0.00007396
1771582274.266337,17.008514,0.010000,0.008400,0.136000,0.005376,0.3080,0.027018,-0.012718,0.216384,-0.304520,-0.304520,-7.6130,-2.6328,1,1,0.008400,0.00007056
1771582274.266337,17.008514,0.010000,0.008400,0.136000,0.005376,0.3080,0.027018,-0.015175,-0.245772,-0.411188,-0.411188,-10.2797,-3.8328,1,1,0.008400,0.00007056
1771582274.285490,17.027666,0.010000,-0.000600,-0.123900,0.004224,0.2420,-0.008500,-0.021330,-0.615497,0.436332,0.436332,10.9083,-2.6328,1,1,0.000600,0.00000036
1771582274.294655,17.036831,0.010000,-0.000300,-0.085700,0.001920,0.1100,-0.063897,-0.030443,-0.911276,0.436332,0.436332,10.9083,-1.4328,1,1,0.000300,0.00000009
1771582274.306058,17.048234,0.010000,-0.002000,-0.104600,0.000384,0.0220,-0.086272,-0.033545,-0.310142,0.433349,0.433349,10.8337,-0.2328,1,1,0.002000,0.00000400
1771582274.325252,17.067429,0.010000,-0.001100,-0.057100,-0.002688,-0.1540,-0.141407,-0.031837,0.170765,-0.121492,-0.121492,-3.0373,-1.4328,1,1,0.001100,0.00000121
1771582274.336256,17.078432,0.010000,0.001000,0.008800,-0.012654,-0.7250,-0.355332,-0.026282,0.555491,-0.266901,-0.266901,-6.6725,-2.6328,1,1,0.001000,0.00000100
1771582274.346563,17.088739,0.010000,-0.001800,-0.061400,-0.018413,-1.0550,-0.410309,-0.026027,0.025514,-0.050953,-0.050953,-1.2738,-1.4328,1,1,0.001800,0.00000324
1771582274.346563,17.088739,0.010000,-0.001800,-0.061400,-0.018413,-1.0550,-0.410309,-0.030012,-0.398468,0.436034,0.436034,10.9008,-0.2328,1,1,0.001800,0.00000324
1771582274.366014,17.108191,0.010000,0.000900,0.021300,-0.024155,-1.3840,-0.451534,-0.029011,0.100105,-0.189899,-0.189899,-4.7475,-1.4328,1,1,0.000900,0.00000081
1771582274.375308,17.117484,0.010000,-0.001600,-0.047100,-0.035273,-2.0210,-0.616695,-0.024021,0.498963,0.047951,0.047951,1.1988,-0.2328,1,1,0.001600,0.00000256
1771582274.386567,17.128744,0.010000,-0.001800,-0.041100,-0.040649,-2.3290,-0.596746,-0.024218,-0.019709,0.037628,0.037628,0.9407,0.9407,1,1,0.001800,0.00000324
1771582274.386567,17.128744,0.010000,-0.001800,-0.041100,-0.040649,-2.3290,-0.596746,-0.020187,0.403112,0.213586,0.213586,5.3396,2.1407,1,1,0.001800,0.00000324
1771582274.407121,17.149298,0.010000,-0.001300,-0.018500,-0.045256,-2.5930,-0.562607,-0.012866,0.732103,-0.361491,-0.361491,-9.0373,0.9407,1,1,0.001300,0.00000169
1771582274.416121,17.158297,0.010000,0.001000,0.043600,-0.052534,-3.0100,-0.604111,-0.002820,1.004562,-0.423673,-0.423673,-10.5918,-0.2593,1,1,0.001000,0.00000100
1771582274.428694,17.170871,0.010000,-0.000700,-0.010300,-0.054454,-3.1200,-0.501014,0.001028,0.384770,0.170102,0.170102,4.2525,0.9407,1,1,0.000700,0.00000049
1771582274.428694,17.170871,0.010000,-0.000700,-0.010300,-0.054454,-3.1200,-0.501014,-0.000083,-0.111063,-0.212894,-0.212894,-5.3224,-0.2593,1,1,0.000700,0.00000049
1771582274.454592,17.196768,0.010000,-0.002600,-0.040600,-0.051382,-2.9440,-0.202737,0.003217,0.330029,0.151518,0.151518,3.7879,0.9407,1,1,0.002600,0.00000676
1771582274.465657,17.207833,0.010000,-0.003300,-0.048000,-0.048328,-2.7690,-0.075346,0.001669,-0.154856,-0.091982,-0.091982,-2.2995,-0.2593,1,1,0.003300,0.00001089
1771582274.465657,17.207833,0.010000,-0.003300,-0.048000,-0.048328,-2.7690,-0.075346,0.004619,0.294994,0.094304,0.094304,2.3576,0.9407,1,1,0.003300,0.00001089
1771582274.486350,17.228526,0.010000,-0.003900,-0.051800,-0.045256,-2.5930,0.020193,0.002790,-0.182884,-0.013078,-0.013078,-0.3270,-0.2593,1,1,0.003900,0.00001521
1771582274.494947,17.237123,0.010000,-0.003500,-0.028000,-0.038729,-2.2190,0.178128,0.005515,0.272572,0.158106,0.158106,3.9526,0.9407,1,1,0.003500,0.00001225
1771582274.507537,17.249713,0.010000,-0.004000,-0.034300,-0.035273,-2.0210,0.219877,0.003507,-0.200821,0.138005,0.138005,3.4501,2.1407,1,1,0.004000,0.00001600
1771582274.507537,17.249713,0.010000,-0.004000,-0.034300,-0.035273,-2.0210,0.219877,0.006089,0.258222,0.168142,0.168142,4.2035,3.3407,1,1,0.004000,0.00001600
1771582274.527057,17.269234,0.010000,-0.004800,-0.044800,-0.031451,-1.8020,0.260787,0.012344,0.625457,-0.006662,-0.006662,-0.1666,2.1407,1,1,0.004800,0.00002304
1771582274.536423,17.278600,0.010000,-0.003400,0.000300,-0.023003,-1.3180,0.406505,0.021536,0.919244,-0.396642,-0.396642,-9.9161,0.9407,1,1,0.003400,0.00001156
1771582274.545519,17.287695,0.010000,-0.004400,-0.023600,-0.016493,-0.9450,0.467870,0.024702,0.316516,0.087513,0.087513,2.1878,2.1407,1,1,0.004400,0.00001936
1771582274.545519,17.287695,0.010000,-0.004400,-0.023600,-0.016493,-0.9450,0.467870,0.023045,-0.165666,-0.047884,-0.047884,-1.1971,0.9407,1,1,0.004400,0.00001936
1771582274.566359,17.308535,0.010000,-0.004700,-0.026400,-0.008046,-0.4610,0.561821,0.025908,0.286346,0.093612,0.093612,2.3403,2.1407,1,1,0.004700,0.00002209
1771582274.575867,17.318043,0.010000,-0.005200,-0.032300,0.008814,0.5050,0.843221,0.024010,-0.189802,0.192317,0.192317,4.8079,3.3407,1,1,0.005200,0.00002704
1771582274.585074,17.327250,0.010000,-0.004300,-0.000700,0.016493,0.9450,0.824162,0.026681,0.267037,-0.007975,-0.007975,-0.1994,2.1407,1,1,0.004300,0.00001849
1771582274.585074,17.327250,0.010000,-0.004300,-0.000700,0.016493,0.9450,0.824162,0.033006,0.632509,-0.204487,-0.204487,-5.1122,0.9407,1,1,0.004300,0.00001849
1771582274.605810,17.347986,0.010000,-0.005700,-0.037400,0.023387,1.3400,0.790687,0.033877,0.087128,-0.092096,-0.092096,-2.3024,-0.2593,1,1,0.005700,0.00003249
1771582274.624741,17.366918,0.010000,-0.007200,-0.048300,0.032987,1.8900,0.629313,0.030385,-0.349176,0.436310,0.436310,10.9077,0.9407,1,1,0.007200,0.00005184
1771582274.624741,17.366918,0.010000,-0.007200,-0.048300,0.032987,1.8900,0.629313,0.023403,-0.698220,0.436332,0.436332,10.9083,2.1407,1,1,0.007200,0.00005184
1771582274.646380,17.388556,0.010000,-0.008600,-0.070000,0.031835,1.8240,0.443226,0.022006,-0.139697,0.152402,0.152402,3.8101,3.3407,1,1,0.008600,0.00007396
1771582274.656873,17.399050,0.010000,-0.008800,-0.058900,0.024539,1.4060,0.150255,0.025077,0.307121,-0.196265,-0.196265,-4.9066,2.1407,1,1,0.008800,0.00007744
1771582274.665684,17.407860,0.010000,-0.008600,-0.038400,0.019565,1.1210,-0.011938,0.031723,0.664576,-0.389343,-0.389343,-9.7336,0.9407,1,1,0.008600,0.00007396
1771582274.665684,17.407860,0.010000,-0.008600,-0.038400,0.019565,1.1210,-0.011938,0.032851,0.112782,-0.095065,-0.095065,-2.3766,-0.2593,1,1,0.008600,0.00007396
1771582274.685848,17.428025,0.010000,-0.008800,-0.034200,0.014957,0.8570,-0.124006,0.029564,-0.328654,0.435409,0.435409,10.8852,0.9407,1,1,0.008800,0.00007744
1771582274.696346,17.438522,0.010000,-0.009500,-0.042700,0.005760,0.3300,-0.323095,0.022746,-0.681802,0.436332,0.436332,10.9083,2.1407,1,1,0.009500,0.00009025
1771582274.706680,17.448856,0.010000,-0.007700,0.014000,0.000768,0.0440,-0.366955,0.021481,-0.126562,-0.323042,-0.323042,-8.0761,0.9407,1,1,0.007700,0.00005929
1771582274.706680,17.448856,0.010000,-0.007700,0.014000,0.000768,0.0440,-0.366955,0.024657,0.317629,-0.146665,-0.146665,-3.6666,-0.2593,1,1,0.007700,0.00005929
1771582274.725281,17.467458,0.010000,-0.008500,-0.009700,-0.003456,-0.1980,-0.380674,0.023009,-0.164776,-0.335288,-0.335288,-8.3822,-1.4593,1,1,0.008500,0.00007225
1771582274.738122,17.480299,0.010000,-0.001100,0.175900,-0.009966,-0.5710,-0.448497,0.017502,-0.550700,0.432887,0.432887,10.8222,-0.2593,1,1,0.001100,0.00000121
1771582274.744274,17.486451,0.010000,-0.006000,0.010800,-0.011118,-0.6370,-0.365140,0.008908,-0.859439,0.436332,0.436332,10.9083,0.9407,1,1,0.006000,0.00003600
1771582274.744274,17.486451,0.010000,-0.006000,0.010800,-0.011118,-0.6370,-0.365140,0.006221,-0.268672,0.029056,0.029056,0.7264,0.7264,1,1,0.006000,0.00003600
1771582274.774597,17.516774,0.010000,-0.008800,-0.037900,-0.009582,-0.5490,-0.169437,0.008261,0.203941,0.002259,0.002259,0.0565,0.0565,1,1,0.008800,0.00007744
1771582274.785188,17.527364,0.010000,-0.009600,-0.048700,-0.009198,-0.5270,-0.117496,0.009144,0.088344,0.067515,0.067515,1.6879,1.2565,1,1,0.009600,0.00009216
1771582274.785188,17.527364,0.010000,-0.009600,-0.048700,-0.009198,-0.5270,-0.117496,0.007512,-0.163165,-0.104475,-0.104475,-2.6119,0.0565,1,1,0.009600,0.00009216
1771582274.806897,17.549074,0.010000,-0.008900,-0.019200,-0.008430,-0.4830,-0.068941,0.010396,0.288347,0.009776,0.009776,0.2444,0.2444,1,1,0.008900,0.00007921
1771582274.815045,17.557221,0.010000,-0.008900,-0.014100,-0.008430,-0.4830,-0.051714,0.008514,-0.188202,-0.061798,-0.061798,-1.5449,-0.9556,1,1,0.008900,0.00007921
1771582274.826259,17.568436,0.010000,-0.009200,-0.018300,-0.008430,-0.4830,-0.038781,0.007664,-0.084967,-0.004515,-0.004515,-0.1129,-0.1129,1,1,0.009200,0.00008464
1771582274.826259,17.568436,0.010000,-0.009200,-0.018300,-0.008430,-0.4830,-0.038781,0.002796,-0.486853,0.436331,0.436331,10.9083,1.0871,1,1,0.009200,0.00008464
1771582274.846394,17.588570,0.010000,-0.011000,-0.058900,-0.008814,-0.5050,-0.038676,0.001843,-0.095315,-0.020478,-0.020478,-0.5120,-0.1129,1,1,0.011000,0.00012100
1771582274.854708,17.596885,0.010000,-0.010300,-0.026200,-0.008814,-0.5050,-0.029007,0.005269,0.342627,0.112497,0.112497,2.8124,1.0871,1,1,0.010300,0.00010609
1771582274.865556,17.607732,0.010000,-0.010200,-0.018600,-0.008814,-0.5050,-0.021747,0.003821,-0.144777,-0.062812,-0.062812,-1.5703,-0.1129,1,1,0.010200,0.00010404
1771582274.865556,17.607732,0.010000,-0.010200,-0.018600,-0.008814,-0.5050,-0.021747,0.006852,0.303057,0.065046,0.065046,1.6262,1.0871,1,1,0.010200,0.00010404
1771582274.886056,17.628232,0.010000,-0.010100,-0.009400,-0.008430,-0.4830,-0.006720,0.005087,-0.176433,-0.027992,-0.027992,-0.6998,-0.1129,1,1,0.010100,0.00010201
1771582274.905056,17.647232,0.010000,-0.011300,-0.036400,-0.008814,-0.5050,-0.010978,0.007865,0.277732,0.097735,0.097735,2.4434,1.0871,1,1,0.011300,0.00012769
1771582274.905056,17.647232,0.010000,-0.011300,-0.036400,-0.008814,-0.5050,-0.010978,0.005898,-0.196693,0.153504,0.153504,3.8376,2.2871,1,1,0.011300,0.00012769
1771582274.926062,17.668239,0.010000,-0.011000,-0.020500,-0.008430,-0.4830,0.001361,0.008513,0.261525,0.062917,0.062917,1.5729,1.5729,1,1,0.011000,0.00012100
1771582274.935161,17.677337,0.010000,-0.008500,0.046400,-0.008814,-0.5050,-0.008570,0.014794,0.628099,-0.222161,-0.222161,-5.5540,0.3729,1,1,0.008500,0.00007225
1771582274.946330,17.688507,0.010000,-0.010800,-0.021000,-0.008046,-0.4610,0.012741,0.017326,0.253178,0.045998,0.045998,1.1500,1.1500,1,1,0.010800,0.00011664
1771582274.946330,17.688507,0.010000,-0.010800,-0.021000,-0.008046,-0.4610,0.012741,0.015162,-0.216337,0.283959,0.283959,7.0990,2.3500,1,1,0.010800,0.00011664
1771582274.965859,17.708035,0.010000,-0.011400,-0.031900,-0.006912,-0.3960,0.038327,0.016144,0.098164,0.132164,0.132164,3.3041,3.3041,1,1,0.011400,0.00012996
1771582274.975474,17.717651,0.010000,-0.010100,0.008300,-0.004608,-0.2640,0.086272,0.021118,0.497410,0.065483,0.065483,1.6371,2.1041,1,1,0.010100,0.00010201
1771582274.984925,17.727102,0.010000,-0.006500,0.097000,-0.003840,-0.2200,0.083881,0.028428,0.730986,-0.308984,-0.308984,-7.7246,0.9041,1,1,0.006500,0.00004225
1771582274.984925,17.727102,0.010000,-0.006500,0.097000,-0.003840,-0.2200,0.083881,0.030087,0.165910,-0.145083,-0.145083,-3.6271,-0.2959,1,1,0.006500,0.00004225
1771582275.014436,17.756612,0.010000,-0.012500,-0.059200,-0.002688,-0.1540,0.075939,0.027226,-0.286151,0.435172,0.435172,10.8793,0.9041,1,1,0.012500,0.00015625
1771582275.025544,17.767720,0.010000,-0.012400,-0.042000,-0.001920,-0.1100,0.076131,0.020748,-0.647800,0.436332,0.436332,10.9083,2.1041,1,1,0.012400,0.00015376
1771582275.025544,17.767720,0.010000,-0.012400,-0.042000,-0.001920,-0.1100,0.076131,0.019754,-0.099361,0.023058,0.023058,0.5764,0.9041,1,1,0.012400,0.00015376
1771582275.045364,17.787541,0.010000,-0.013600,-0.059600,-0.001536,-0.0880,0.066689,0.023148,0.339390,0.053614,0.053614,1.3403,1.3403,1,1,0.013600,0.00018496
1771582275.055884,17.798060,0.010000,-0.013300,-0.038500,-0.002304,-0.1320,0.030840,0.021674,-0.147367,-0.010876,-0.010876,-0.2719,0.1403,1,1,0.013300,0.00017689
1771582275.065748,17.807924,0.010000,-0.013800,-0.040300,-0.003072,-0.1760,0.003962,0.022018,0.034387,0.082937,0.082937,2.0734,1.3403,1,1,0.013800,0.00019044
1771582275.065748,17.807924,0.010000,-0.013800,-0.040300,-0.003072,-0.1760,0.003962,0.018104,-0.391369,0.436309,0.436309,10.9077,2.5403,1,1,0.013800,0.00019044
1771582275.085895,17.828072,0.010000,-0.013300,-0.018900,-0.003840,-0.2200,-0.016214,0.019162,0.105783,0.125252,0.125252,3.1313,3.1313,1,1,0.013300,0.00017689
1771582275.095819,17.837995,0.010000,-0.013700,-0.025000,-0.004224,-0.2420,-0.021747,0.024197,0.503506,0.009696,0.009696,0.2424,1.9313,1,1,0.013700,0.00018769
1771582275.107881,17.850058,0.010000,-0.014300,-0.032200,-0.003840,-0.2200,-0.006720,0.030288,0.609089,-0.198201,-0.198201,-4.9550,0.7313,1,1,0.014300,0.00020449
1771582275.107881,17.850058,0.010000,-0.014300,-0.032200,-0.003840,-0.2200,-0.006720,0.030972,0.068393,0.114333,0.114333,2.8583,1.9313,1,1,0.014300,0.00020449
1771582275.125011,17.867188,0.010000,-0.014700,-0.034100,-0.003840,-0.2200,-0.005044,0.027330,-0.364165,0.436251,0.436251,10.9063,3.1313,1,1,0.014700,0.00021609
1771582275.144261,17.886438,0.010000,-0.014400,-0.012900,-0.002304,-0.1320,0.028327,0.028606,0.127547,0.116141,0.116141,2.9035,2.9035,1,1,0.014400,0.00020736
1771582275.144261,17.886438,0.010000,-0.014400,-0.012900,-0.002304,-0.1320,0.028327,0.033815,0.520917,-0.023305,-0.023305,-0.5826,1.7035,1,1,0.014400,0.00020736
1771582275.165914,17.908091,0.010000,-0.014100,-0.002000,-0.001920,-0.1100,0.030823,0.037187,0.337218,0.003347,0.003347,0.0837,0.5035,1,1,0.014100,0.00019881
1771582275.175831,17.918008,0.010000,-0.014700,-0.015500,-0.001536,-0.0880,0.032707,0.035696,-0.149105,0.018621,0.018621,0.4655,0.4655,1,1,0.014700,0.00021609
1771582275.184360,17.926537,0.010000,-0.015100,-0.021700,-0.001152,-0.0660,0.034121,0.030315,-0.538163,0.436332,0.436332,10.9083,1.6655,1,1,0.015100,0.00022801
1771582275.184360,17.926537,0.010000,-0.015100,-0.021700,-0.001152,-0.0660,0.034121,0.025877,-0.443791,0.436329,0.436329,10.9082,2.8655,1,1,0.015100,0.00022801
1771582275.206006,17.948182,0.010000,-0.015200,-0.018200,-0.001152,-0.0660,0.025587,0.026515,0.063846,0.139584,0.139584,3.4896,3.4896,1,1,0.015200,0.00023104
1771582275.215020,17.957196,0.010000,-0.015000,-0.009700,-0.001920,-0.1100,0.000017,0.031215,0.469956,0.083569,0.083569,2.0892,2.2896,1,1,0.015000,0.00022500
1771582275.226590,17.968766,0.010000,-0.015200,-0.012500,-0.002688,-0.1540,-0.019164,0.037153,0.593809,-0.164788,-0.164788,-4.1197,1.0896,1,1,0.015200,0.00023104
1771582275.226590,17.968766,0.010000,-0.015200,-0.012500,-0.002688,-0.1540,-0.019164,0.037714,0.056168,0.126262,0.126262,3.1565,2.2896,1,1,0.015200,0.00023104
1771582275.247828,17.990004,0.010000,-0.015100,-0.005900,-0.002688,-0.1540,-0.014364,0.033975,-0.373945,0.436177,0.436177,10.9044,3.4896,1,1,0.015100,0.00022801
1771582275.264931,18.007107,0.010000,-0.015100,-0.005000,0.000768,0.0440,0.063827,0.035172,0.119723,0.149033,0.149033,3.7258,3.7258,1,1,0.015100,0.00022801
1771582275.264931,18.007107,0.010000,-0.015100,-0.005000,0.000768,0.0440,0.063827,0.040319,0.514658,0.014588,0.014588,0.3647,2.5258,1,1,0.015100,0.00022801
1771582275.287646,18.029822,0.010000,-0.014500,0.012100,0.001536,0.0880,0.067038,0.045261,0.494184,0.053041,0.053041,1.3260,1.3260,1,1,0.014500,0.00021025
1771582275.296422,18.038598,0.010000,-0.013600,0.029600,0.002688,0.1540,0.079046,0.045025,-0.023532,0.029284,0.029284,0.7321,0.7321,1,1,0.013600,0.00018496
1771582275.304866,18.047043,0.010000,-0.013500,0.025000,0.003456,0.1980,0.078453,0.040649,-0.437638,0.436317,0.436317,10.9079,1.9321,1,1,0.013500,0.00018225
1771582275.304866,18.047043,0.010000,-0.013500,0.025000,0.003456,0.1980,0.078453,0.035075,-0.557426,0.436332,0.436332,10.9083,3.1321,1,1,0.013500,0.00018225
1771582275.325972,18.068148,0.010000,-0.014600,-0.009000,0.003840,0.2200,0.068434,0.034804,-0.027062,0.112882,0.112882,2.8220,2.8220,1,1,0.014600,0.00021316
1771582275.335229,18.077405,0.010000,-0.014700,-0.008600,0.003456,0.1980,0.041731,0.038776,0.397230,0.058233,0.058233,1.4558,1.6220,1,1,0.014700,0.00021609
1771582275.345167,18.087343,0.010000,-0.014900,-0.010300,0.002688,0.1540,0.012130,0.040872,0.209554,0.020019,0.020019,0.5005,0.5005,1,1,0.014900,0.00022201
1771582275.345167,18.087343,0.010000,-0.014900,-0.010300,0.002688,0.1540,0.012130,0.038359,-0.251236,0.402537,0.402537,10.0634,1.7005,1,1,0.014900,0.00022201
1771582275.368476,18.110653,0.010000,-0.015000,-0.012000,0.001920,0.1100,-0.010088,0.032435,-0.592494,0.436332,0.436332,10.9083,2.9005,1,1,0.015000,0.00022500
1771582275.374642,18.116818,0.010000,-0.014900,-0.005300,0.002304,0.1320,0.002025,0.031883,-0.055116,0.064449,0.064449,1.6112,1.7005,1,1,0.014900,0.00022201
1771582275.386042,18.128219,0.010000,-0.014900,-0.005300,0.002304,0.1320,0.001518,0.035631,0.374786,0.056329,0.056329,1.4082,1.4082,1,1,0.014900,0.00022201
1771582275.386042,18.128219,0.010000,-0.014900,-0.005300,0.002304,0.1320,0.001518,0.034441,-0.119050,-0.036652,-0.036652,-0.9163,0.2082,1,1,0.014900,0.00022201
1771582275.407647,18.149824,0.010000,-0.015100,-0.006800,0.002304,0.1320,0.001134,0.032468,-0.197252,0.161206,0.161206,4.0301,1.4082,1,1,0.015100,0.00022801
1771582275.416775,18.158952,0.010000,-0.014700,0.002900,0.002304,0.1320,0.000855,0.026701,-0.576680,0.436332,0.436332,10.9083,2.6082,1,1,0.014700,0.00021609
1771582275.427385,18.169561,0.010000,-0.015000,-0.005300,0.002688,0.1540,0.010228,0.026277,-0.042465,0.085502,0.085502,2.1375,2.1375,1,1,0.015000,0.00022500
1771582275.444884,18.187061,0.010000,-0.015100,-0.006600,0.002304,0.1320,-0.001920,0.030126,0.384907,0.096006,0.096006,2.4001,2.4001,1,1,0.015100,0.00022801
1771582275.456175,18.198351,0.010000,-0.015000,-0.000100,0.001152,0.0660,-0.030194,0.031562,0.143628,0.069586,0.069586,1.7397,1.7397,1,1,0.015000,0.00022500
1771582275.464378,18.206554,0.010000,-0.014900,0.000800,0.000384,0.0220,-0.041818,0.033628,0.206565,0.015147,0.015147,0.3787,0.5397,1,1,0.014900,0.00022201
1771582275.464378,18.206554,0.010000,-0.014900,0.000800,0.000384,0.0220,-0.041818,0.032975,-0.065302,0.017775,0.017775,0.4444,0.4444,1,1,0.014900,0.00022201
1771582275.484589,18.226766,0.010000,-0.015100,-0.003600,0.000000,0.0000,-0.040963,0.028264,-0.471120,0.436331,0.436331,10.9083,1.6444,1,1,0.015100,0.00022801
1771582275.496283,18.238460,0.010000,-0.014300,0.016000,0.000768,0.0440,-0.011537,0.024162,-0.410156,0.436265,0.436265,10.9066,2.8444,1,1,0.014300,0.00020449
1771582275.504606,18.246782,0.010000,-0.014800,-0.000200,0.000768,0.0440,-0.008657,0.025070,0.090754,0.156183,0.156183,3.9046,3.9046,1,1,0.014800,0.00021904
1771582275.504606,18.246782,0.010000,-0.014800,-0.000200,0.000768,0.0440,-0.008657,0.029984,0.491483,0.043319,0.043319,1.0830,2.7046,1,1,0.014800,0.00021904
1771582275.525825,18.268001,0.010000,-0.014800,0.001000,0.000384,0.0220,-0.016074,0.037617,0.763266,-0.394958,-0.394958,-9.8739,1.5046,1,1,0.014800,0.00021904
1771582275.536190,18.278366,0.010000,-0.014900,-0.002000,-0.001152,-0.0660,-0.050405,0.039534,0.191734,0.007576,0.007576,0.1894,0.3046,1,1,0.014900,0.00022201
1771582275.544489,18.286666,0.010000,-0.014500,0.007600,-0.001152,-0.0660,-0.037804,0.036879,-0.265492,0.376603,0.376603,9.4151,1.5046,1,1,0.014500,0.00021025
1771582275.544489,18.286666,0.010000,-0.014500,0.007600,-0.001152,-0.0660,-0.037804,0.030567,-0.631272,0.436332,0.436332,10.9083,2.7046,1,1,0.014500,0.00021025
1771582275.564722,18.306898,0.010000,-0.015100,-0.009500,0.000000,0.0000,0.000401,0.029705,-0.086139,0.001077,0.001077,0.0269,1.5046,1,1,0.015100,0.00022801
1771582275.574929,18.317106,0.010000,-0.014300,0.013500,0.001152,0.0660,0.029060,0.033205,0.349968,-0.010048,-0.010048,-0.2512,0.3046,1,1,0.014300,0.00020449
1771582275.585053,18.327229,0.010000,-0.014900,-0.005800,0.001152,0.0660,0.021799,0.031816,-0.138905,-0.019454,-0.019454,-0.4864,-0.4864,1,1,0.014900,0.00022201
1771582275.606598,18.348774,0.010000,-0.015000,-0.005200,0.001152,0.0660,0.016354,0.026516,-0.530003,0.436332,0.436332,10.9083,0.7136,1,1,0.015000,0.00022500
1771582275.616093,18.358270,0.010000,-0.014900,-0.002900,0.001536,0.0880,0.021852,0.019515,-0.700088,0.436332,0.436332,10.9083,1.9136,1,1,0.014900,0.00022201
1771582275.624453,18.366630,0.010000,-0.014500,0.008300,0.001152,0.0660,0.006807,0.018103,-0.141191,-0.076093,-0.076093,-1.9023,0.7136,1,1,0.014500,0.00021025
1771582275.624453,18.366630,0.010000,-0.014500,0.008300,0.001152,0.0660,0.006807,0.021162,0.305926,0.009024,0.009024,0.2256,0.2256,1,1,0.014500,0.00021025
1771582275.646418,18.388595,0.010000,-0.015100,-0.009100,0.000768,0.0440,-0.004485,0.019421,-0.174138,-0.014341,-0.014341,-0.3585,-0.3585,1,1,0.015100,0.00022801
1771582275.657530,18.399707,0.010000,-0.014400,0.010600,-0.000384,-0.0220,-0.032132,0.016324,-0.309673,0.425864,0.425864,10.6466,0.8415,1,1,0.014400,0.00020736
1771582275.664251,18.406427,0.010000,-0.014800,-0.002200,-0.000768,-0.0440,-0.033685,0.011808,-0.451631,0.436327,0.436327,10.9082,2.0415,1,1,0.014800,0.00021904
1771582275.664251,18.406427,0.010000,-0.014800,-0.002200,-0.000768,-0.0440,-0.033685,0.012384,0.057575,0.160931,0.160931,4.0233,3.2415,1,1,0.014800,0.00021904
1771582275.686340,18.428517,0.010000,-0.013800,0.025500,-0.001536,-0.0880,-0.044436,0.017033,0.464939,0.105736,0.105736,2.6434,2.6434,1,1,0.013800,0.00019044
1771582275.695363,18.437539,0.010000,-0.013300,0.030500,-0.003456,-0.1980,-0.081263,0.024941,0.790830,-0.414989,-0.414989,-10.3747,1.4434,1,1,0.013300,0.00017689
1771582275.704784,18.446960,0.010000,-0.014400,-0.004600,-0.004224,-0.2420,-0.080128,0.029180,0.423892,0.132964,0.132964,3.3241,2.6434,1,1,0.014400,0.00020736
1771582275.704784,18.446960,0.010000,-0.014400,-0.004600,-0.004224,-0.2420,-0.080128,0.028383,-0.079765,-0.039117,-0.039117,-0.9779,1.4434,1,1,0.014400,0.00020736
1771582275.726261,18.468437,0.010000,-0.015200,-0.023800,-0.003840,-0.2200,-0.050510,0.031933,0.355067,0.119791,0.119791,2.9948,2.6434,1,1,0.015200,0.00023104
1771582275.744916,18.487092,0.010000,-0.015200,-0.014100,0.000768,0.0440,0.069866,0.030585,-0.134826,0.028024,0.028024,0.7006,1.4434,1,1,0.015200,0.00023104
1771582275.744916,18.487092,0.010000,-0.015200,-0.014100,0.000768,0.0440,0.069866,0.033695,0.311019,0.052094,0.052094,1.3024,1.3024,1,1,0.015200,0.00023104
1771582275.765734,18.507911,0.010000,-0.015200,-0.010900,0.002688,0.1540,0.100339,0.031995,-0.170064,0.084101,0.084101,2.1025,2.1025,1,1,0.015200,0.00023104
1771582275.775217,18.517394,0.010000,-0.015100,-0.005100,0.006144,0.3520,0.161530,0.030142,-0.185283,0.210802,0.210802,5.2700,3.3025,1,1,0.015100,0.00022801
1771582275.786019,18.528196,0.010000,-0.015200,-0.006300,0.007662,0.4390,0.159506,0.031453,0.131085,0.185735,0.185735,4.6434,4.5025,1,1,0.015200,0.00023104
1771582275.786019,18.528196,0.010000,-0.015200,-0.006300,0.007662,0.4390,0.159506,0.036690,0.523747,-0.001898,-0.001898,-0.0474,3.3025,1,1,0.015200,0.00023104
1771582275.806200,18.548376,0.010000,-0.015100,-0.001700,0.008814,0.5050,0.148388,0.045069,0.837877,-0.423001,-0.423001,-10.5750,2.1025,1,1,0.015100,0.00022801
1771582275.814495,18.556672,0.010000,-0.015000,0.000100,0.013038,0.7470,0.216752,0.047583,0.251422,0.077206,0.077206,1.9301,1.9301,1,1,0.015000,0.00022500
1771582275.824877,18.567053,0.010000,-0.015200,-0.002700,0.016493,0.9450,0.248849,0.045406,-0.217741,0.383480,0.383480,9.5870,3.1301,1,1,0.015200,0.00023104
1771582275.824877,18.567053,0.010000,-0.015200,-0.002700,0.016493,0.9450,0.248849,0.043062,-0.234366,0.406103,0.406103,10.1526,4.3301,1,1,0.015200,0.00023104
1771582275.845248,18.587425,0.010000,-0.015200,-0.002100,0.019949,1.1430,0.272917,0.045376,0.231386,0.093757,0.093757,2.3439,3.1301,1,1,0.015200,0.00023104
1771582275.856181,18.598357,0.010000,-0.014900,0.005600,0.026843,1.5380,0.377270,0.051416,0.603988,-0.216881,-0.216881,-5.4220,1.9301,1,1,0.014900,0.00022201
1771582275.866896,18.609073,0.010000,-0.014900,0.004000,0.031067,1.7800,0.388406,0.052059,0.064311,0.069185,0.069185,1.7296,1.7296,1,1,0.014900,0.00022201
1771582275.884979,18.627156,0.010000,-0.015000,0.001200,0.035657,2.0430,0.406365,0.048385,-0.367430,0.436288,0.436288,10.9072,2.9296,1,1,0.015000,0.00022500
1771582275.895396,18.637572,0.010000,-0.014700,0.008300,0.042953,2.4610,0.486929,0.044745,-0.363940,0.436283,0.436283,10.9071,4.1296,1,1,0.014700,0.00021609
1771582275.906479,18.648656,0.010000,-0.014800,0.001400,0.045640,2.6150,0.432301,0.046022,0.127727,0.042626,0.042626,1.0657,2.9296,1,1,0.014800,0.00021904
1771582275.906479,18.648656,0.010000,-0.014800,0.001400,0.045640,2.6150,0.432301,0.051233,0.521060,-0.315649,-0.315649,-7.8912,1.7296,1,1,0.014800,0.00021904
1771582275.926313,18.668489,0.010000,-0.014700,0.005900,0.047560,2.7250,0.372174,0.051213,-0.002031,-0.155334,-0.155334,-3.8834,0.5296,1,1,0.014700,0.00021609
1771582275.934432,18.676609,0.010000,-0.013400,0.036600,0.049079,2.8120,0.317475,0.047008,-0.420504,0.436311,0.436311,10.9078,1.7296,1,1,0.013400,0.00017956
1771582275.945221,18.687398,0.010000,-0.014100,0.009800,0.048712,2.7910,0.228516,0.039455,-0.755282,0.436332,0.436332,10.9083,2.9296,1,1,0.014100,0.00019881
1771582275.945221,18.687398,0.010000,-0.014100,0.009800,0.048712,2.7910,0.228516,0.037601,-0.185346,0.250128,0.250128,6.2532,4.1296,1,1,0.014100,0.00019881
1771582275.965799,18.707976,0.010000,-0.012300,0.051100,0.047176,2.7030,0.133046,0.040307,0.270602,-0.232778,-0.232778,-5.8195,2.9296,1,1,0.012300,0.00015129
1771582275.974577,18.716753,0.010000,-0.011700,0.053400,0.042953,2.4610,-0.005690,0.046661,0.635360,-0.417775,-0.417775,-10.4444,1.7296,1,1,0.011700,0.00013689
1771582275.985214,18.727391,0.010000,-0.012800,0.012100,0.039881,2.2850,-0.080966,0.047555,0.089409,-0.031802,-0.031802,-0.7950,0.5296,1,1,0.012800,0.00016384
1771582275.985214,18.727391,0.010000,-0.012800,0.012100,0.039881,2.2850,-0.080966,0.044082,-0.347352,0.434841,0.434841,10.8710,1.7296,1,1,0.012800,0.00016384
1771582276.014358,18.756534,0.010000,-0.011100,0.032100,0.034523,1.9780,-0.165387,0.037114,-0.696760,0.436332,0.436332,10.9083,2.9296,1,1,0.011100,0.00012321
1771582276.024764,18.766941,0.010000,-0.010100,0.050100,0.033755,1.9340,-0.143204,0.035729,-0.138529,-0.352424,-0.352424,-8.8106,1.7296,1,1,0.010100,0.00010201
1771582276.024764,18.766941,0.010000,-0.010100,0.050100,0.033755,1.9340,-0.143204,0.038809,0.308056,-0.308081,-0.308081,-7.7020,0.5296,1,1,0.010100,0.00010201
1771582276.046221,18.788398,0.010000,-0.008900,0.066400,0.032987,1.8900,-0.126589,0.037085,-0.172434,-0.380587,-0.380587,-9.5147,-0.6704,1,1,0.008900,0.00007921
1771582276.057232,18.799409,0.010000,-0.009700,0.031300,0.033371,1.9120,-0.085347,0.031517,-0.556827,0.436332,0.436332,10.9083,0.5296,1,1,0.009700,0.00009409
1771582276.066066,18.808242,0.010000,-0.009800,0.020800,0.033755,1.9340,-0.054419,0.022873,-0.864340,0.436332,0.436332,10.9083,1.7296,1,1,0.009800,0.00009604
1771582276.066066,18.808242,0.010000,-0.009800,0.020800,0.033755,1.9340,-0.054419,0.020147,-0.272593,0.361435,0.361435,9.0359,2.9296,1,1,0.009800,0.00009604
1771582276.086013,18.828190,0.010000,-0.008900,0.036500,0.033755,1.9340,-0.040823,0.022155,0.200804,-0.158620,-0.158620,-3.9655,1.7296,1,1,0.008900,0.00007921
1771582276.095419,18.837595,0.010000,-0.008600,0.036200,0.033371,1.9120,-0.040195,0.027951,0.579523,-0.384804,-0.384804,-9.6201,0.5296,1,1,0.008600,0.00007396
1771582276.104828,18.847005,0.010000,-0.007900,0.043300,0.032987,1.8900,-0.039741,0.028398,0.044739,-0.058047,-0.058047,-1.4512,-0.6704,1,1,0.007900,0.00006241
1771582276.104828,18.847005,0.010000,-0.007900,0.043300,0.032987,1.8900,-0.039741,0.024567,-0.383088,0.434523,0.434523,10.8631,0.5296,1,1,0.007900,0.00006241
1771582276.125769,18.867945,0.010000,-0.008200,0.025100,0.033371,1.9120,-0.020211,0.017314,-0.725349,0.436332,0.436332,10.9083,1.7296,1,1,0.008200,0.00006724
1771582276.134331,18.876508,0.010000,-0.007400,0.039100,0.034523,1.9780,0.013596,0.015700,-0.161400,-0.333033,-0.333033,-8.3258,0.5296,1,1,0.007400,0.00005476
1771582276.144733,18.886909,0.010000,-0.007000,0.040100,0.034523,1.9780,0.010193,0.018597,0.289759,-0.254664,-0.254664,-6.3666,-0.6704,1,1,0.007000,0.00004900
1771582276.144733,18.886909,0.010000,-0.007000,0.040100,0.034523,1.9780,0.010193,0.016727,-0.187072,-0.292197,-0.292197,-7.3049,-1.8704,1,1,0.007000,0.00004900
1771582276.165822,18.907999,0.010000,-0.005400,0.068900,0.034523,1.9780,0.007645,0.011041,-0.568537,0.436332,0.436332,10.9083,-0.6704,1,1,0.005400,0.00002916
1771582276.176334,18.918511,0.010000,-0.004800,0.067400,0.034139,1.9560,-0.003857,0.002304,-0.873708,0.436332,0.436332,10.9083,0.5296,1,1,0.004800,0.00002304
1771582276.186668,18.928844,0.010000,-0.005200,0.040500,0.033755,1.9340,-0.012479,-0.000497,-0.280088,0.280776,0.280776,7.0194,1.7296,1,1,0.005200,0.00002704
1771582276.207093,18.949270,0.010000,-0.004400,0.049400,0.032987,1.8900,-0.028536,0.001451,0.194809,-0.178956,-0.178956,-4.4739,0.5296,1,1,0.004400,0.00001936
1771582276.215279,18.957455,0.010000,-0.004800,0.028400,0.031451,1.8020,-0.059743,0.007199,0.574726,-0.398747,-0.398747,-9.9687,-0.6704,1,1,0.004800,0.00002304
1771582276.226122,18.968298,0.010000,-0.004600,0.026600,0.030683,1.7580,-0.063984,0.007608,0.040902,-0.026327,-0.026327,-0.6582,-0.6582,1,1,0.004600,0.00002116
1771582276.226122,18.968298,0.010000,-0.004600,0.026600,0.030683,1.7580,-0.063984,0.003746,-0.386158,0.435170,0.435170,10.8792,0.5418,1,1,0.004600,0.00002116
1771582276.245737,18.987914,0.010000,-0.003300,0.051500,0.029915,1.7140,-0.067160,0.000699,-0.304662,0.299381,0.299381,7.4845,1.7418,1,1,0.003300,0.00001089
1771582276.256407,18.998584,0.010000,-0.002700,0.053400,0.029147,1.6700,-0.069551,0.002451,0.175149,-0.172645,-0.172645,-4.3161,0.5418,1,1,0.002700,0.00000729
1771582276.264956,19.007132,0.010000,-0.002100,0.054700,0.029147,1.6700,-0.052168,0.008041,0.558998,-0.392956,-0.392956,-9.8239,-0.6582,1,1,0.002100,0.00000441
1771582276.264956,19.007132,0.010000,-0.002100,0.054700,0.029147,1.6700,-0.052168,0.008324,0.028320,-0.119079,-0.119079,-2.9770,-1.8582,1,1,0.002100,0.00000441
1771582276.295949,19.038126,0.010000,-0.000600,0.061600,0.029531,1.6920,-0.019757,0.004362,-0.396223,0.431451,0.431451,10.7863,-0.6582,1,1,0.000600,0.00000036
1771582276.305432,19.047608,0.010000,-0.000600,0.046300,0.029915,1.7140,-0.005236,-0.002997,-0.735858,0.436332,0.436332,10.9083,0.5418,1,1,0.000600,0.00000036
1771582276.305432,19.047608,0.010000,-0.000600,0.046300,0.029915,1.7140,-0.005236,-0.004695,-0.169807,-0.347013,-0.347013,-8.6753,-0.6582,1,1,0.000600,0.00000036
1771582276.325898,19.068075,0.010000,0.002300,0.105500,0.030299,1.7360,0.005672,-0.001865,0.283033,-0.330855,-0.330855,-8.2714,-1.8582,1,1,0.002300,0.00000529
1771582276.336224,19.078401,0.010000,0.001000,0.047900,0.030299,1.7360,0.004259,-0.003789,-0.192452,-0.363967,-0.363967,-9.0992,-3.0582,1,1,0.001000,0.00000100
1771582276.346191,19.088367,0.010000,0.001500,0.047200,0.030299,1.7360,0.003194,-0.009517,-0.572841,0.436332,0.436332,10.9083,-1.8582,1,1,0.001500,0.00000225
1771582276.346191,19.088367,0.010000,0.001500,0.047200,0.030299,1.7360,0.003194,-0.018289,-0.877152,0.436332,0.436332,10.9083,-0.6582,1,1,0.001500,0.00000225
1771582276.367836,19.110013,0.010000,0.001800,0.043200,0.029915,1.7140,-0.007191,-0.021117,-0.282842,0.186541,0.186541,4.6635,0.5418,1,1,0.001800,0.00000324
1771582276.375746,19.117922,0.010000,0.002200,0.043100,0.027995,1.6040,-0.053337,-0.019191,0.192605,-0.253249,-0.253249,-6.3312,-0.6582,1,1,0.002200,0.00000484
1771582276.385628,19.127805,0.010000,0.002000,0.028400,0.024923,1.4280,-0.116693,-0.013462,0.572963,-0.402438,-0.402438,-10.0609,-1.8582,1,1,0.002000,0.00000400
1771582276.385628,19.127805,0.010000,0.002000,0.028400,0.024923,1.4280,-0.116693,-0.013067,0.039491,-0.097620,-0.097620,-2.4405,-2.4405,1,1,0.002000,0.00000400
1771582276.407402,19.149578,0.010000,0.004000,0.069700,0.021084,1.2080,-0.183399,-0.016940,-0.387286,0.408087,0.408087,10.2022,-1.2405,1,1,0.004000,0.00001600
1771582276.425537,19.167714,0.010000,0.006600,0.090700,0.011118,0.6370,-0.306899,-0.022071,-0.513100,0.435869,0.435869,10.8967,-0.0405,1,1,0.006600,0.00004356
1771582276.425537,19.167714,0.010000,0.006600,0.090700,0.011118,0.6370,-0.306899,-0.021987,0.008399,-0.262194,-0.262194,-6.5548,-1.2405,1,1,0.006600,0.00004356
1771582276.445921,19.188097,0.010000,0.004800,0.024100,0.008814,0.5050,-0.287700,-0.017731,0.425598,-0.280434,-0.280434,-7.0109,-2.4405,1,1,0.004800,0.00002304
1771582276.455128,19.197304,0.010000,0.005100,0.025500,0.005376,0.3080,-0.302064,-0.018515,-0.078401,-0.246026,-0.246026,-6.1506,-3.6405,1,1,0.005100,0.00002601
1771582276.465327,19.207504,0.010000,0.007700,0.082600,0.004608,0.2640,-0.245725,-0.023331,-0.481600,0.435258,0.435258,10.8815,-2.4405,1,1,0.007700,0.00005929
1771582276.465327,19.207504,0.010000,0.007700,0.082600,0.004608,0.2640,-0.245725,-0.031372,-0.804159,0.436332,0.436332,10.9083,-1.2405,1,1,0.007700,0.00005929
1771582276.485449,19.227626,0.010000,0.006700,0.038100,0.004224,0.2420,-0.193871,-0.033617,-0.224448,-0.322007,-0.322007,-8.0502,-2.4405,1,1,0.006700,0.00004489
1771582276.498156,19.240332,0.010000,0.007700,0.053400,0.004224,0.2420,-0.145403,-0.031224,0.239321,-0.270905,-0.270905,-6.7726,-3.6405,1,1,0.007700,0.00005929
1771582276.505979,19.248156,0.010000,0.009200,0.077600,0.004224,0.2420,-0.109048,-0.033498,-0.227422,-0.355277,-0.355277,-8.8819,-4.8405,1,1,0.009200,0.00008464
1771582276.505979,19.248156,0.010000,0.009200,0.077600,0.004224,0.2420,-0.109048,-0.039506,-0.600817,0.436331,0.436331,10.9083,-3.6405,1,1,0.009200,0.00008464
1771582276.525165,19.267342,0.010000,0.008500,0.041900,0.004224,0.2420,-0.081786,-0.048501,-0.899533,0.436332,0.436332,10.9083,-2.4405,1,1,0.008500,0.00007225
1771582276.536400,19.278577,0.010000,0.009400,0.053700,0.004224,0.2420,-0.061348,-0.051509,-0.300747,0.003985,0.003985,0.0996,-1.2405,1,1,0.009400,0.00008836
1771582276.547177,19.289354,0.010000,0.009100,0.031200,0.003072,0.1760,-0.074770,-0.049726,0.178281,-0.222897,-0.222897,-5.5724,-2.4405,1,1,0.009100,0.00008281
1771582276.547177,19.289354,0.010000,0.009100,0.031200,0.003072,0.1760,-0.074770,-0.044111,0.561504,-0.342086,-0.342086,-8.5521,-3.6405,1,1,0.009100,0.00008281
1771582276.568145,19.310321,0.010000,0.011200,0.076200,-0.000768,-0.0440,-0.151948,-0.043808,0.030324,-0.120030,-0.120030,-3.0008,-3.0008,1,1,0.011200,0.00012544
1771582276.575372,19.317548,0.010000,0.010500,0.040700,-0.009198,-0.5270,-0.324893,-0.047754,-0.394620,0.415101,0.415101,10.3775,-1.8008,1,1,0.010500,0.00011025
1771582276.585918,19.328095,0.010000,0.010000,0.018100,-0.013422,-0.7690,-0.349118,-0.048678,-0.092387,-0.194574,-0.194574,-4.8644,-3.0008,1,1,0.010000,0.00010000
1771582276.585918,19.328095,0.010000,0.010000,0.018100,-0.013422,-0.7690,-0.349118,-0.045228,0.344970,-0.190513,-0.190513,-4.7628,-4.2008,1,1,0.010000,0.00010000
1771582276.616587,19.358763,0.010000,0.013200,0.080000,-0.027611,-1.5820,-0.522360,-0.046657,-0.142903,-0.231103,-0.231103,-5.7776,-5.4008,1,1,0.013200,0.00017424
1771582276.625398,19.367575,0.010000,0.013200,0.060300,-0.031835,-1.8240,-0.497227,-0.051989,-0.533202,0.436106,0.436106,10.9027,-4.2008,1,1,0.013200,0.00017424
1771582276.625398,19.367575,0.010000,0.013200,0.060300,-0.031835,-1.8240,-0.497227,-0.060443,-0.845440,0.436332,0.436332,10.9083,-3.0008,1,1,0.013200,0.00017424
1771582276.647044,19.389221,0.010000,0.014100,0.065500,-0.034907,-2.0000,-0.449614,-0.063018,-0.257473,-0.298354,-0.298354,-7.4589,-4.2008,1,1,0.014100,0.00019881
1771582276.654878,19.397054,0.010000,0.013900,0.046100,-0.038729,-2.2190,-0.433086,-0.060889,0.212900,-0.305450,-0.305450,-7.6363,-5.4008,1,1,0.013900,0.00019321
1771582276.665872,19.408048,0.010000,0.014000,0.035300,-0.039497,-2.2630,-0.343987,-0.063375,-0.248559,-0.252064,-0.252064,-6.3016,-6.3016,1,1,0.014000,0.00019600
1771582276.665872,19.408048,0.010000,0.014000,0.035300,-0.039497,-2.2630,-0.343987,-0.069552,-0.617726,0.436331,0.436331,10.9083,-5.1016,1,1,0.014000,0.00019600
1771582276.687277,19.429453,0.010000,0.015300,0.058700,-0.039497,-2.2630,-0.257995,-0.077638,-0.808632,0.436332,0.436332,10.9083,-3.9016,1,1,0.015300,0.00023409
1771582276.696527,19.438704,0.010000,0.015500,0.050800,-0.037577,-2.1530,-0.145560,-0.079919,-0.228027,-0.191527,-0.191527,-4.7882,-4.7882,1,1,0.015500,0.00024025
1771582276.704244,19.446420,0.010000,0.015700,0.042900,-0.036425,-2.0870,-0.080407,-0.077554,0.236458,-0.124458,-0.124458,-3.1114,-3.5882,1,1,0.015700,0.00024649
1771582276.704244,19.446420,0.010000,0.015700,0.042900,-0.036425,-2.0870,-0.080407,-0.078757,-0.120305,-0.019708,-0.019708,-0.4927,-2.3882,1,1,0.015700,0.00024649
1771582276.735527,19.477704,0.010000,0.017200,0.058600,-0.037193,-2.1310,-0.062012,-0.075531,0.322635,-0.131008,-0.131008,-3.2752,-3.2752,1,1,0.017200,0.00029584
1771582276.746772,19.488949,0.010000,0.017000,0.037400,-0.037193,-2.1310,-0.046513,-0.068761,0.676987,-0.254381,-0.254381,-6.3595,-4.4752,1,1,0.017000,0.00028900
1771582276.746772,19.488949,0.010000,0.017000,0.037400,-0.037193,-2.1310,-0.046513,-0.066441,0.231961,-0.144400,-0.144400,-3.6100,-3.6100,1,1,0.017000,0.00028900
1771582276.766479,19.508656,0.010000,0.016700,0.019900,-0.037193,-2.1310,-0.034872,-0.068774,-0.233310,-0.130828,-0.130828,-3.2707,-3.2707,1,1,0.016700,0.00027889
1771582276.775813,19.517990,0.010000,0.016700,0.016300,-0.034907,-2.0000,0.031364,-0.067621,0.115361,0.013469,0.013469,0.3367,-2.0707,1,1,0.016700,0.00027889
1771582276.785691,19.527867,0.010000,0.016800,0.015400,-0.032603,-1.8680,0.081053,-0.065513,0.210727,-0.090694,-0.090694,-2.2674,-2.2674,1,1,0.016800,0.00028224
1771582276.785691,19.527867,0.010000,0.016800,0.015400,-0.032603,-1.8680,0.081053,-0.059639,0.587460,-0.072304,-0.072304,-1.8076,-1.8076,1,1,0.016800,0.00028224
1771582276.807225,19.549402,0.010000,0.016900,0.012900,-0.030683,-1.7580,0.108717,-0.055626,0.401320,0.007905,0.007905,0.1976,-0.6076,1,1,0.016900,0.00028561
1771582276.815335,19.557512,0.010000,0.017000,0.013200,-0.030299,-1.7360,0.091124,-0.050810,0.481542,0.001163,0.001163,0.0291,0.0291,1,1,0.017000,0.00028900
1771582276.826223,19.568400,0.010000,0.017000,0.009000,-0.030683,-1.7580,0.058765,-0.042769,0.804113,-0.391805,-0.391805,-9.7951,-1.1709,1,1,0.017000,0.00028900
1771582276.826223,19.568400,0.010000,0.017000,0.009000,-0.030683,-1.7580,0.058765,-0.034114,0.865528,-0.417461,-0.417461,-10.4365,-2.3709,1,1,0.017000,0.00028900
1771582276.855255,19.597431,0.010000,0.016900,0.004300,-0.029147,-1.6700,0.071401,-0.031378,0.273544,-0.183318,-0.183318,-4.5830,-3.5709,1,1,0.016900,0.00028561
1771582276.864777,19.606953,0.010000,0.016900,0.001300,-0.027995,-1.6040,0.082310,-0.033379,-0.200044,-0.181807,-0.181807,-4.5452,-4.5452,1,1,0.016900,0.00028561
1771582276.864777,19.606953,0.010000,0.016900,0.001300,-0.027995,-1.6040,0.082310,-0.039168,-0.578914,0.436332,0.436332,10.9083,-3.3452,1,1,0.016900,0.00028561
1771582276.886614,19.628790,0.010000,0.016600,-0.004300,-0.027227,-1.5600,0.080913,-0.047200,-0.803202,0.436332,0.436332,10.9083,-2.1452,1,1,0.016600,0.00027556
1771582276.894834,19.637011,0.010000,0.016700,-0.001300,-0.027611,-1.5820,0.051103,-0.049437,-0.223683,-0.162345,-0.162345,-4.0586,-3.3452,1,1,0.016700,0.00027889
1771582276.907083,19.649260,0.010000,0.016500,-0.007800,-0.028379,-1.6260,0.019146,-0.047038,0.239933,-0.197370,-0.197370,-4.9342,-4.5452,1,1,0.016500,0.00027225
1771582276.907083,19.649260,0.010000,0.016500,-0.007800,-0.028379,-1.6260,0.019146,-0.049307,-0.226933,-0.149935,-0.149935,-3.7484,-3.7484,1,1,0.016500,0.00027225
1771582276.925531,19.667708,0.010000,0.016400,-0.007900,-0.028763,-1.6480,0.004765,-0.055311,-0.600425,0.436332,0.436332,10.9083,-2.5484,1,1,0.016400,0.00026896
1771582276.936556,19.678732,0.010000,0.020700,0.102600,-0.028763,-1.6480,0.003578,-0.057333,-0.202206,-0.351510,-0.351510,-8.7877,-3.7484,1,1,0.020700,0.00042849
1771582276.944921,19.687098,0.010000,0.018200,0.014900,-0.029147,-1.6700,-0.006912,-0.054762,0.257114,-0.199727,-0.199727,-4.9932,-4.9484,1,1,0.018200,0.00033124
1771582276.944921,19.687098,0.010000,0.018200,0.014900,-0.029147,-1.6700,-0.006912,-0.056894,-0.213188,-0.211606,-0.211606,-5.2902,-5.2902,1,1,0.018200,0.00033124
1771582276.975897,19.718073,0.010000,0.016200,-0.031100,-0.030299,-1.7360,-0.027855,-0.062788,-0.589429,0.436332,0.436332,10.9083,-4.0902,1,1,0.016200,0.00026244
1771582276.986211,19.728387,0.010000,0.015800,-0.034800,-0.030683,-1.7580,-0.030473,-0.068697,-0.590848,0.436332,0.436332,10.9083,-2.8902,1,1,0.015800,0.00024964
1771582276.986211,19.728387,0.010000,0.015800,-0.034800,-0.030683,-1.7580,-0.030473,-0.069235,-0.053800,0.119055,0.119055,2.9764,-1.6902,1,1,0.015800,0.00024964
1771582277.007401,19.749577,0.010000,0.015700,-0.027300,-0.031835,-1.8240,-0.051627,-0.065476,0.375839,-0.053656,-0.053656,-1.3414,-1.3414,1,1,0.015700,0.00024649
1771582277.014858,19.757035,0.010000,0.015700,-0.021800,-0.032987,-1.8900,-0.067474,-0.058281,0.719550,-0.317088,-0.317088,-7.9272,-2.5414,1,1,0.015700,0.00024649
1771582277.025464,19.767640,0.010000,0.015200,-0.026700,-0.032987,-1.8900,-0.050615,-0.051307,0.697381,-0.274960,-0.274960,-6.8740,-3.7414,1,1,0.015200,0.00023104
1771582277.025464,19.767640,0.010000,0.015200,-0.026700,-0.032987,-1.8900,-0.050615,-0.049917,0.139026,-0.235718,-0.235718,-5.8929,-4.9414,1,1,0.015200,0.00023104
1771582277.044902,19.787079,0.010000,0.014400,-0.040100,-0.031835,-1.8240,-0.009198,-0.052993,-0.307659,0.392833,0.392833,9.8208,-3.7414,1,1,0.014400,0.00020736
1771582277.055175,19.797352,0.010000,0.014500,-0.029600,-0.029531,-1.6920,0.050632,-0.059643,-0.665006,0.436332,0.436332,10.9083,-2.5414,1,1,0.014500,0.00021025
1771582277.065162,19.807339,0.010000,0.013900,-0.035000,-0.028763,-1.6480,0.057142,-0.060775,-0.113126,0.071109,0.071109,1.7777,-1.3414,1,1,0.013900,0.00019321
1771582277.086561,19.828737,0.010000,0.014100,-0.021400,-0.029147,-1.6700,0.033266,-0.057491,0.328378,-0.087641,-0.087641,-2.1910,-2.1910,1,1,0.014100,0.00019881
1771582277.095569,19.837746,0.010000,0.014300,-0.011200,-0.030683,-1.7580,-0.013387,-0.050675,0.681582,-0.267252,-0.267252,-6.6813,-3.3910,1,1,0.014300,0.00020449
1771582277.105636,19.847812,0.010000,0.014600,-0.002000,-0.031067,-1.7800,-0.019635,-0.048188,0.248688,-0.189650,-0.189650,-4.7413,-4.5910,1,1,0.014600,0.00021316
1771582277.105636,19.847812,0.010000,0.014600,-0.002000,-0.031067,-1.7800,-0.019635,-0.050387,-0.219929,-0.133604,-0.133604,-3.3401,-3.3910,1,1,0.014600,0.00021316
1771582277.124854,19.867030,0.010000,0.012700,-0.048700,-0.031067,-1.7800,-0.014731,-0.056336,-0.594822,0.436332,0.436332,10.9083,-2.1910,1,1,0.012700,0.00016129
1771582277.135671,19.877848,0.010000,0.013400,-0.019800,-0.030683,-1.7580,-0.001449,-0.056905,-0.056979,0.128835,0.128835,3.2209,-0.9910,1,1,0.013400,0.00017956
1771582277.145265,19.887441,0.010000,0.013800,-0.005100,-0.030683,-1.7580,-0.001100,-0.053172,0.373296,-0.053765,-0.053765,-1.3441,-1.3441,1,1,0.013800,0.00019044
1771582277.145265,19.887441,0.010000,0.013800,-0.005100,-0.030683,-1.7580,-0.001100,-0.045997,0.717516,-0.319120,-0.319120,-7.9780,-2.5441,1,1,0.013800,0.00019044
1771582277.166549,19.908726,0.010000,0.010900,-0.075600,-0.030683,-1.7580,-0.000820,-0.041490,0.450755,0.125754,0.125754,3.1439,-1.3441,1,1,0.010900,0.00011881
1771582277.175048,19.917224,0.010000,0.011800,-0.033100,-0.030683,-1.7580,-0.000611,-0.042073,-0.058275,0.099065,0.099065,2.4766,-0.1441,1,1,0.011800,0.00013924
1771582277.184451,19.926628,0.010000,0.010000,-0.070200,-0.030683,-1.7580,-0.000454,-0.038350,0.372259,-0.083821,-0.083821,-2.0955,-1.3441,1,1,0.010000,0.00010000
1771582277.184451,19.926628,0.010000,0.010000,-0.070200,-0.030683,-1.7580,-0.000454,-0.031183,0.716686,-0.262735,-0.262735,-6.5684,-2.5441,1,1,0.010000,0.00010000
1771582277.207850,19.950027,0.010000,0.010200,-0.046800,-0.030683,-1.7580,-0.000349,-0.029638,0.154470,-0.188874,-0.188874,-4.7218,-3.7441,1,1,0.010200,0.00010404
1771582277.214526,19.956702,0.010000,0.009900,-0.043900,-0.029915,-1.7140,0.018919,-0.032591,-0.295303,0.406611,0.406611,10.1653,-2.5441,1,1,0.009900,0.00009801
1771582277.224789,19.966965,0.010000,0.009800,-0.035300,-0.029531,-1.6920,0.023771,-0.039143,-0.655121,0.436332,0.436332,10.9083,-1.3441,1,1,0.009800,0.00009604
1771582277.224789,19.966965,0.010000,0.009800,-0.035300,-0.029531,-1.6920,0.023771,-0.040195,-0.105218,0.037197,0.037197,0.9299,-0.1441,1,1,0.009800,0.00009604
1771582277.255466,19.997643,0.010000,0.009400,-0.032400,-0.030683,-1.7580,-0.015394,-0.036848,0.334705,-0.079869,-0.079869,-1.9967,-1.3441,1,1,0.009400,0.00008836
1771582277.266117,20.008293,0.010000,0.008900,-0.036900,-0.031067,-1.7800,-0.021136,-0.029981,0.686643,-0.266781,-0.266781,-6.6695,-2.5441,1,1,0.008900,0.00007921
1771582277.266117,20.008293,0.010000,0.008900,-0.036900,-0.031067,-1.7800,-0.021136,-0.028677,0.130435,-0.139625,-0.139625,-3.4906,-3.4906,1,1,0.008900,0.00007921
1771582277.285099,20.027276,0.010000,0.008000,-0.049700,-0.031067,-1.7800,-0.015848,-0.031822,-0.314531,0.423973,0.423973,10.5993,-2.2906,1,1,0.008000,0.00006400
1771582277.296319,20.038495,0.010000,0.007600,-0.046400,-0.029531,-1.6920,0.026459,-0.037642,-0.582015,0.436332,0.436332,10.9083,-1.0906,1,1,0.007600,0.00005776
1771582277.305104,20.047280,0.010000,0.008100,-0.023800,-0.029147,-1.6700,0.029444,-0.038110,-0.046733,0.121614,0.121614,3.0403,0.1094,1,1,0.008100,0.00006561
1771582277.305104,20.047280,0.010000,0.008100,-0.023800,-0.029147,-1.6700,0.029444,-0.034295,0.381493,-0.025301,-0.025301,-0.6325,-0.6325,1,1,0.008100,0.00006561
1771582277.325851,20.068027,0.010000,0.006500,-0.058200,-0.029531,-1.6920,0.012497,-0.027054,0.724073,-0.298181,-0.298181,-7.4545,-1.8325,1,1,0.006500,0.00004225
1771582277.335819,20.077996,0.010000,0.007300,-0.022000,-0.029915,-1.7140,-0.000227,-0.023851,0.320289,-0.092611,-0.092611,-2.3153,-2.3153,1,1,0.007300,0.00005329
1771582277.347282,20.089458,0.010000,0.006200,-0.045400,-0.029915,-1.7140,-0.000157,-0.025478,-0.162648,-0.055293,-0.055293,-1.3823,-1.3823,1,1,0.006200,0.00003844
1771582277.347282,20.089458,0.010000,0.006200,-0.045400,-0.029915,-1.7140,-0.000157,-0.028464,-0.298627,0.414649,0.414649,10.3662,-0.1823,1,1,0.006200,0.00003844
1771582277.366733,20.108910,0.010000,0.004900,-0.066500,-0.029147,-1.6700,0.019059,-0.027596,0.086757,0.005694,0.005694,0.1424,0.1424,1,1,0.004900,0.00002401
1771582277.374857,20.117034,0.010000,0.005500,-0.033300,-0.027611,-1.5820,0.052639,-0.022714,0.488285,0.060568,0.060568,1.5142,1.3424,1,1,0.005500,0.00003025
1771582277.385037,20.127214,0.010000,0.005200,-0.034600,-0.026843,-1.5380,0.058661,-0.017674,0.503961,0.048818,0.048818,1.2205,1.2205,1,1,0.005200,0.00002704
1771582277.385037,20.127214,0.010000,0.005200,-0.034600,-0.026843,-1.5380,0.058661,-0.009453,0.822048,-0.376856,-0.376856,-9.4214,0.0205,1,1,0.005200,0.00002704
1771582277.414660,20.156837,0.010000,0.004200,-0.036700,-0.027227,-1.5600,0.023405,-0.003303,0.615091,-0.169269,-0.169269,-4.2317,-1.1795,1,1,0.004200,0.00001764
1771582277.425431,20.167608,0.010000,0.003500,-0.046400,-0.027227,-1.5600,0.017558,-0.002571,0.073194,0.087301,0.087301,2.1825,0.0205,1,1,0.003500,0.00001225
1771582277.425431,20.167608,0.010000,0.003500,-0.046400,-0.027227,-1.5600,0.017558,-0.006174,-0.360324,0.435806,0.435806,10.8952,1.2205,1,1,0.003500,0.00001225
1771582277.445080,20.187257,0.010000,0.002400,-0.061600,-0.026843,-1.5380,0.022759,-0.004868,0.130620,-0.089967,-0.089967,-2.2492,0.0205,1,1,0.002400,0.00000576
1771582277.455880,20.198057,0.010000,0.002200,-0.049900,-0.026075,-1.4940,0.036233,0.000366,0.523375,0.021683,0.021683,0.5421,0.5421,1,1,0.002200,0.00000484
1771582277.465176,20.207352,0.010000,0.000700,-0.075400,-0.025691,-1.4720,0.036774,0.000364,-0.000179,0.080949,0.080949,2.0237,1.7421,1,1,0.000700,0.00000049
1771582277.465176,20.207352,0.010000,0.000700,-0.075400,-0.025691,-1.4720,0.036774,0.002184,0.181933,-0.102152,-0.102152,-2.5538,0.5421,1,1,0.000700,0.00000049
1771582277.487283,20.229459,0.010000,0.001000,-0.048700,-0.025691,-1.4720,0.027576,0.007828,0.564425,-0.072198,-0.072198,-1.8049,-0.6579,1,1,0.001000,0.00000100
1771582277.496327,20.238504,0.010000,0.001000,-0.038200,-0.026075,-1.4940,0.011100,0.008154,0.032661,0.112146,0.112146,2.8036,0.5421,1,1,0.001000,0.00000100
1771582277.506140,20.248316,0.010000,0.000400,-0.043500,-0.026075,-1.4940,0.008325,0.004227,-0.392750,0.436243,0.436243,10.9061,1.7421,1,1,0.000400,0.00000016
1771582277.506140,20.248316,0.010000,0.000400,-0.043500,-0.026075,-1.4940,0.008325,0.005274,0.104679,-0.003152,-0.003152,-0.0788,0.5421,1,1,0.000400,0.00000016
1771582277.525187,20.267363,0.010000,-0.001300,-0.074400,-0.025691,-1.4720,0.015830,0.010300,0.502622,0.075194,0.075194,1.8799,1.7421,1,1,0.001300,0.00000169
1771582277.535553,20.277729,0.010000,-0.002500,-0.084700,-0.025307,-1.4500,0.021450,0.010132,-0.016781,0.061610,0.061610,1.5402,1.5402,1,1,0.002500,0.00000625
1771582277.545579,20.287755,0.010000,-0.003200,-0.082600,-0.025691,-1.4720,0.006510,0.014187,0.405454,0.079302,0.079302,1.9825,1.9825,1,1,0.003200,0.00001024
1771582277.545579,20.287755,0.010000,-0.003200,-0.082600,-0.025691,-1.4720,0.006510,0.016726,0.253913,-0.088986,-0.088986,-2.2247,0.7825,1,1,0.003200,0.00001024
1771582277.575073,20.317250,0.010000,-0.004700,-0.079500,-0.025307,-1.4500,0.013247,0.020301,0.357523,0.007538,0.007538,0.1885,0.1885,1,1,0.004700,0.00002209
1771582277.585247,20.327424,0.010000,-0.004700,-0.061300,-0.024539,-1.4060,0.029112,0.018972,-0.132860,-0.054064,-0.054064,-1.3516,-1.0115,1,1,0.004700,0.00002209
1771582277.585247,20.327424,0.010000,-0.004700,-0.061300,-0.024539,-1.4060,0.029112,0.015836,-0.313666,0.435227,0.435227,10.8807,0.1885,1,1,0.004700,0.00002209
1771582277.606564,20.348740,0.010000,-0.007800,-0.123300,-0.023003,-1.3180,0.060179,0.009138,-0.669812,0.436332,0.436332,10.9083,1.3885,1,1,0.007800,0.00006084
1771582277.614030,20.356206,0.010000,-0.006000,-0.046300,-0.016877,-0.9670,0.198531,0.007968,-0.116970,0.076760,0.076760,1.9190,1.9190,1,1,0.006000,0.00003600
1771582277.625018,20.367194,0.010000,-0.008300,-0.091800,-0.013038,-0.7470,0.244782,0.011221,0.325303,-0.040899,-0.040899,-1.0225,0.7190,1,1,0.008300,0.00006889
1771582277.625018,20.367194,0.010000,-0.008300,-0.091800,-0.013038,-0.7470,0.244782,0.015675,0.445441,0.109922,0.109922,2.7481,1.9190,1,1,0.008300,0.00006889
1771582277.645899,20.388076,0.010000,-0.009700,-0.105300,-0.008430,-0.4830,0.298626,0.015050,-0.062527,0.086216,0.086216,2.1554,2.1554,1,1,0.009700,0.00009409
1771582277.654770,20.396946,0.010000,-0.009800,-0.081600,0.000384,0.0220,0.444483,0.018739,0.368858,-0.019866,-0.019866,-0.4966,0.9554,1,1,0.009800,0.00009604
1771582277.666792,20.408969,0.010000,-0.011100,-0.093500,0.004608,0.2640,0.438828,0.022515,0.377605,-0.020150,-0.020150,-0.5037,-0.2446,1,1,0.011100,0.00012321
1771582277.666792,20.408969,0.010000,-0.011100,-0.093500,0.004608,0.2640,0.438828,0.021347,-0.116795,-0.030714,-0.030714,-0.7678,-0.7678,1,1,0.011100,0.00012321
1771582277.684289,20.426466,0.010000,-0.013800,-0.136600,0.007662,0.4390,0.405824,0.016224,-0.512315,0.436332,0.436332,10.9083,0.4322,1,1,0.013800,0.00019044
1771582277.695462,20.437639,0.010000,-0.012300,-0.066400,0.011502,0.6590,0.400239,0.010299,-0.592500,0.436332,0.436332,10.9083,1.6322,1,1,0.012300,0.00015129
1771582277.707627,20.449804,0.010000,-0.015400,-0.126000,0.011886,0.6810,0.309761,0.009747,-0.055121,0.052478,0.052478,1.3120,1.3120,1,1,0.015400,0.00023716
1771582277.725650,20.467826,0.010000,-0.015900,-0.107800,0.011502,0.6590,0.222739,0.013495,0.374782,0.030625,0.030625,0.7656,0.7656,1,1,0.015900,0.00025281
1771582277.736001,20.478178,0.010000,-0.017600,-0.123900,0.008814,0.5050,0.099938,0.015376,0.188054,-0.134339,-0.134339,-3.3585,-0.4344,1,1,0.017600,0.00030976
1771582277.745374,20.487551,0.010000,-0.017800,-0.096700,0.006912,0.3960,0.027018,0.014973,-0.040262,0.049382,0.049382,1.2345,0.7656,1,1,0.017800,0.00031684
1771582277.745374,20.487551,0.010000,-0.017800,-0.096700,0.006912,0.3960,0.027018,0.010462,-0.451089,0.436332,0.436332,10.9083,1.9656,1,1,0.017800,0.00031684
1771582277.765970,20.508146,0.010000,-0.020600,-0.143100,0.004224,0.2420,-0.046845,0.011042,0.058008,0.054590,0.054590,1.3647,1.3647,1,1,0.020600,0.00042436
1771582277.775502,20.517678,0.010000,-0.021600,-0.131500,-0.000768,-0.0440,-0.159767,0.015695,0.465285,0.110260,0.110260,2.7565,2.5647,1,1,0.021600,0.00046656
1771582277.785944,20.528121,0.010000,-0.022600,-0.125100,-0.003456,-0.1980,-0.186942,0.017320,0.162480,0.149768,0.149768,3.7442,3.7442,1,1,0.022600,0.00051076
1771582277.785944,20.528121,0.010000,-0.022600,-0.125100,-0.003456,-0.1980,-0.186942,0.022809,0.548863,0.055578,0.055578,1.3894,2.5442,1,1,0.022600,0.00051076
1771582277.805980,20.548157,0.010000,-0.024900,-0.150100,-0.005760,-0.3300,-0.197728,0.031317,0.850800,-0.224891,-0.224891,-5.6223,1.3442,1,1,0.024900,0.00062001
1771582277.816617,20.558794,0.010000,-0.026000,-0.141000,-0.007662,-0.4390,-0.196227,0.033934,0.261761,0.282465,0.282465,7.0616,2.5442,1,1,0.026000,0.00067600
1771582277.824230,20.566406,0.010000,-0.027000,-0.130100,-0.006912,-0.3960,-0.128002,0.031840,-0.209470,0.428386,0.428386,10.7097,3.7442,1,1,0.027000,0.00072900
1771582277.824230,20.566406,0.010000,-0.027000,-0.130100,-0.006912,-0.3960,-0.128002,0.034353,0.251303,0.264395,0.264395,6.6099,4.9442,1,1,0.027000,0.00072900
1771582277.854847,20.597024,0.010000,-0.029000,-0.117600,-0.004224,-0.2420,-0.014469,0.040552,0.619921,-0.079871,-0.079871,-1.9968,3.7442,1,1,0.029000,0.00084100
1771582277.865293,20.607469,0.010000,-0.029900,-0.110500,-0.003840,-0.2200,-0.001274,0.049700,0.914816,-0.328568,-0.328568,-8.2142,2.5442,1,1,0.029900,0.00089401
1771582277.865293,20.607469,0.010000,-0.029900,-0.110500,-0.003840,-0.2200,-0.001274,0.052830,0.312974,0.270147,0.270147,6.7537,3.7442,1,1,0.029900,0.00089401
1771582277.884727,20.626903,0.010000,-0.032400,-0.145600,-0.002688,-0.1540,0.027803,0.051145,-0.168500,0.427886,0.427886,10.6971,4.9442,1,1,0.032400,0.00104976
1771582277.896338,20.638515,0.010000,-0.031400,-0.082900,0.001152,0.0660,0.116728,0.053986,0.284079,0.264294,0.264294,6.6073,6.1442,1,1,0.031400,0.00098596
1771582277.904351,20.646527,0.010000,-0.032400,-0.086600,0.003072,0.1760,0.135490,0.060447,0.646142,-0.111411,-0.111411,-2.7853,4.9442,1,1,0.032400,0.00104976
1771582277.904351,20.646527,0.010000,-0.032400,-0.086600,0.003072,0.1760,0.135490,0.069805,0.935793,-0.365581,-0.365581,-9.1395,3.7442,1,1,0.032400,0.00104976
1771582277.925917,20.668093,0.010000,-0.036300,-0.163900,0.005376,0.3080,0.159139,0.073102,0.329755,0.222746,0.222746,5.5686,4.9442,1,1,0.036300,0.00131769
1771582277.934522,20.676699,0.010000,-0.038100,-0.166400,0.014957,0.8570,0.359032,0.071552,-0.155075,0.435343,0.435343,10.8836,6.1442,1,1,0.038100,0.00145161
1771582277.944916,20.687093,0.010000,-0.037700,-0.116300,0.022235,1.2740,0.451447,0.074500,0.294819,0.241816,0.241816,6.0454,6.0454,1,1,0.037700,0.00142129
1771582277.944916,20.687093,0.010000,-0.037700,-0.116300,0.022235,1.2740,0.451447,0.081047,0.654734,0.139135,0.139135,3.4784,4.8454,1,1,0.037700,0.00142129
1771582277.964967,20.707143,0.010000,-0.039800,-0.139200,0.029531,1.6920,0.520736,0.085940,0.489300,0.200497,0.200497,5.0124,5.0124,1,1,0.039800,0.00158404
1771582277.984495,20.726672,0.010000,-0.041100,-0.108200,0.050231,2.8780,0.721955,0.085666,-0.027439,0.217699,0.217699,5.4425,5.4425,1,1,0.041100,0.00168921
1771582277.984495,20.726672,0.010000,-0.041100,-0.108200,0.050231,2.8780,0.721955,0.086029,0.036353,0.231976,0.231976,5.7994,5.7994,1,1,0.041100,0.00168921
1771582278.007227,20.749403,0.010000,-0.041600,-0.093400,0.055606,3.1860,0.675687,0.087821,0.179197,0.128251,0.128251,3.2063,4.5994,1,1,0.041600,0.00173056
1771582278.014926,20.757103,0.010000,-0.041000,-0.056400,0.062902,3.6040,0.688934,0.090501,0.267943,0.143055,0.143055,3.5764,3.5764,1,1,0.041000,0.00168100
1771582278.025286,20.767463,0.010000,-0.041600,-0.057300,0.065572,3.7570,0.583813,0.088456,-0.204524,0.435941,0.435941,10.8985,4.7764,1,1,0.041600,0.00173056
1771582278.025286,20.767463,0.010000,-0.041600,-0.057300,0.065572,3.7570,0.583813,0.083248,-0.520725,0.436332,0.436332,10.9083,5.9764,1,1,0.041600,0.00173056
1771582278.045422,20.787599,0.010000,-0.043400,-0.088300,0.067492,3.8670,0.485795,0.083271,0.002299,0.013388,0.013388,0.3347,4.7764,1,1,0.043400,0.00188356
1771582278.054884,20.797061,0.010000,-0.045400,-0.114600,0.069412,3.9770,0.412282,0.087478,0.420718,0.136947,0.136947,3.4237,3.5764,1,1,0.045400,0.00206116
1771582278.064930,20.807106,0.010000,-0.045600,-0.091400,0.069796,3.9990,0.318802,0.086655,-0.082304,0.374943,0.374943,9.3736,4.7764,1,1,0.045600,0.00207936
1771582278.064930,20.807106,0.010000,-0.045600,-0.091400,0.069796,3.9990,0.318802,0.081808,-0.484722,0.436332,0.436332,10.9083,5.9764,1,1,0.045600,0.00207936
1771582278.087265,20.829441,0.010000,-0.047100,-0.106900,0.070180,4.0210,0.248692,0.082119,0.031101,-0.076837,-0.076837,-1.9209,4.7764,1,1,0.047100,0.00221841
1771582278.097244,20.839420,0.010000,-0.047400,-0.086000,0.069796,3.9990,0.176924,0.086557,0.443760,0.052784,0.052784,1.3196,3.5764,1,1,0.047400,0.00224676
1771582278.107517,20.849694,0.010000,-0.047700,-0.072100,0.069796,3.9990,0.132697,0.085918,-0.063871,0.065386,0.065386,1.6347,2.3764,1,1,0.047700,0.00227529
1771582278.107517,20.849694,0.010000,-0.047700,-0.072100,0.069796,3.9990,0.132697,0.081218,-0.469976,0.436332,0.436332,10.9083,3.5764,1,1,0.047700,0.00227529
1771582278.134381,20.876558,0.010000,-0.047900,-0.039200,0.071332,4.0870,0.108193,0.073270,-0.794860,0.436332,0.436332,10.9083,4.7764,1,1,0.047900,0.00229441
1771582278.145574,20.887751,0.010000,-0.047600,-0.020200,0.070948,4.0650,0.071558,0.071100,-0.217009,0.430554,0.430554,10.7639,5.9764,1,1,0.047600,0.00226576
1771582278.145574,20.887751,0.010000,-0.047600,-0.020200,0.070948,4.0650,0.071558,0.073552,0.245272,-0.050412,-0.050412,-1.2603,4.7764,1,1,0.047600,0.00226576
1771582278.164692,20.906868,0.010000,-0.048200,-0.030500,0.070564,4.0430,0.044087,0.079703,0.615097,-0.362658,-0.362658,-9.0665,3.5764,1,1,0.048200,0.00232324
1771582278.174542,20.916719,0.010000,-0.047300,-0.001700,0.070948,4.0650,0.042656,0.080435,0.073198,-0.031769,-0.031769,-0.7942,2.3764,1,1,0.047300,0.00223729
1771582278.185587,20.927763,0.010000,-0.046800,0.012000,0.070948,4.0650,0.031992,0.076832,-0.360320,0.436297,0.436297,10.9074,3.5764,1,1,0.046800,0.00219024
1771582278.185587,20.927763,0.010000,-0.046800,0.012000,0.070948,4.0650,0.031992,0.069761,-0.707135,0.436332,0.436332,10.9083,4.7764,1,1,0.046800,0.00219024
1771582278.207349,20.949525,0.010000,-0.045500,0.042500,0.070948,4.0650,0.023998,0.068292,-0.146829,-0.080240,-0.080240,-2.0060,3.5764,1,1,0.045500,0.00207025
1771582278.214071,20.956247,0.010000,-0.045500,0.030300,0.070180,4.0210,-0.001187,0.071307,0.301416,-0.055096,-0.055096,-1.3774,2.3764,1,1,0.045500,0.00207025
1771582278.224584,20.966761,0.010000,-0.044500,0.048900,0.069796,3.9990,-0.010472,0.069529,-0.177747,0.089559,0.089559,2.2390,2.2390,1,1,0.044500,0.00198025
1771582278.224584,20.966761,0.010000,-0.044500,0.048900,0.069796,3.9990,-0.010472,0.063918,-0.561076,0.436332,0.436332,10.9083,3.4390,1,1,0.044500,0.00198025
1771582278.245757,20.987934,0.010000,-0.042800,0.078300,0.070180,4.0210,0.001728,0.058950,-0.496821,0.436331,0.436331,10.9083,4.6390,1,1,0.042800,0.00183184
1771582278.265147,21.007324,0.010000,-0.042000,0.062900,0.069796,3.9990,-0.008604,0.059164,0.021423,-0.146735,-0.146735,-3.6684,3.4390,1,1,0.042000,0.00176400
1771582278.265147,21.007324,0.010000,-0.042000,0.062900,0.069796,3.9990,-0.008604,0.063525,0.436017,-0.197686,-0.197686,-4.9422,2.2390,1,1,0.042000,0.00176400
1771582278.285960,21.028137,0.010000,-0.040100,0.095200,0.069412,3.9770,-0.016040,0.062824,-0.070065,-0.344351,-0.344351,-8.6088,1.0390,1,1,0.040100,0.00160801
1771582278.295091,21.037267,0.010000,-0.040600,0.058000,0.069796,3.9990,-0.002443,0.058075,-0.474931,0.436331,0.436331,10.9083,2.2390,1,1,0.040600,0.00164836
1771582278.304959,21.047136,0.010000,-0.038300,0.100800,0.069796,3.9990,-0.001833,0.050086,-0.798824,0.436332,0.436332,10.9083,3.4390,1,1,0.038300,0.00146689
1771582278.304959,21.047136,0.010000,-0.038300,0.100800,0.069796,3.9990,-0.001833,0.047885,-0.220180,-0.027397,-0.027397,-0.6849,2.2390,1,1,0.038300,0.00146689
1771582278.325612,21.067788,0.010000,-0.038700,0.066500,0.069412,3.9770,-0.010961,0.050312,0.242735,-0.140259,-0.140259,-3.5065,1.0390,1,1,0.038700,0.00149769
1771582278.335153,21.077330,0.010000,-0.039400,0.030600,0.067876,3.8890,-0.046565,0.048065,-0.224691,0.365301,0.365301,9.1325,2.2390,1,1,0.039400,0.00155236
1771582278.345753,21.087930,0.010000,-0.038600,0.043500,0.066340,3.8010,-0.073286,0.042079,-0.598632,0.436332,0.436332,10.9083,3.4390,1,1,0.038600,0.00148996
1771582278.345753,21.087930,0.010000,-0.038600,0.043500,0.066340,3.8010,-0.073286,0.041478,-0.060027,-0.247528,-0.247528,-6.1882,2.2390,1,1,0.038600,0.00148996
1771582278.369670,21.111846,0.010000,-0.036500,0.085300,0.064804,3.7130,-0.093305,0.045187,0.370858,-0.218036,-0.218036,-5.4509,1.0390,1,1,0.036500,0.00133225
1771582278.374262,21.116439,0.010000,-0.032300,0.168500,0.058678,3.3620,-0.223385,0.043965,-0.122193,-0.419256,-0.419256,-10.4814,-0.1610,1,1,0.032300,0.00104329
1771582278.384819,21.126995,0.010000,-0.032800,0.115200,0.053302,3.0540,-0.301750,0.038799,-0.516633,0.436265,0.436265,10.9066,1.0390,1,1,0.032800,0.00107584
1771582278.404763,21.146940,0.010000,-0.032800,0.084900,0.047560,2.7250,-0.370132,0.030477,-0.832186,0.436332,0.436332,10.9083,2.2390,1,1,0.032800,0.00107584
1771582278.404763,21.146940,0.010000,-0.032800,0.084900,0.047560,2.7250,-0.370132,0.028008,-0.246869,-0.240304,-0.240304,-6.0076,1.0390,1,1,0.032800,0.00107584
1771582278.424736,21.166912,0.010000,-0.030200,0.105500,0.025691,1.4720,-0.666000,0.030222,0.221383,-0.210971,-0.210971,-5.2743,-0.1610,1,1,0.030200,0.00091204
1771582278.424736,21.166912,0.010000,-0.030200,0.105500,0.025691,1.4720,-0.666000,0.027804,-0.241772,-0.397642,-0.397642,-9.9411,-1.3610,1,1,0.030200,0.00091204
1771582278.424736,21.166912,0.010000,-0.030200,0.105500,0.025691,1.4720,-0.666000,0.021681,-0.612297,0.436324,0.436324,10.9081,-0.1610,1,1,0.030200,0.00091204
1771582278.454832,21.197009,0.010000,-0.026700,0.133700,0.015341,0.8790,-0.599922,0.012594,-0.908716,0.436332,0.436332,10.9083,1.0390,1,1,0.026700,0.00071289
1771582278.465866,21.208043,0.010000,-0.026300,0.110500,0.014190,0.8130,-0.478709,0.009513,-0.308094,-0.251445,-0.251445,-6.2861,-0.1610,1,1,0.026300,0.00069169
1771582278.465866,21.208043,0.010000,-0.026300,0.110500,0.014190,0.8130,-0.478709,0.011237,0.172404,-0.340596,-0.340596,-8.5149,-1.3610,1,1,0.026300,0.00069169
1771582278.486510,21.228687,0.010000,-0.024200,0.135900,0.012654,0.7250,-0.397377,0.008428,-0.280956,-0.402898,-0.402898,-10.0724,-2.5610,1,1,0.024200,0.00058564
1771582278.496207,21.238384,0.010000,-0.023000,0.131900,0.012270,0.7030,-0.307614,0.001991,-0.643644,0.436331,0.436331,10.9083,-1.3610,1,1,0.023000,0.00052900
1771582278.507655,21.249832,0.010000,-0.022000,0.123500,0.012270,0.7030,-0.230715,-0.007347,-0.933794,0.436332,0.436332,10.9083,-0.1610,1,1,0.022000,0.00048400
1771582278.507655,21.249832,0.010000,-0.022000,0.123500,0.012270,0.7030,-0.230715,-0.010628,-0.328156,0.044210,0.044210,1.1053,1.0390,1,1,0.022000,0.00048400
1771582278.525974,21.268150,0.010000,-0.019800,0.147900,0.011502,0.6590,-0.192213,-0.009065,0.156354,-0.340778,-0.340778,-8.5195,-0.1610,1,1,0.019800,0.00039204
1771582278.534218,21.276394,0.010000,-0.018300,0.148600,0.007662,0.4390,-0.240035,-0.003625,0.543962,-0.204247,-0.204247,-5.1062,-1.3610,1,1,0.018300,0.00033489
1771582278.544666,21.286842,0.010000,-0.018400,0.109500,0.004608,0.2640,-0.256720,-0.003462,0.016291,-0.227639,-0.227639,-5.6910,-2.5610,1,1,0.018400,0.00033856
1771582278.544666,21.286842,0.010000,-0.018400,0.109500,0.004608,0.2640,-0.256720,-0.007521,-0.405846,0.404113,0.404113,10.1028,-1.3610,1,1,0.018400,0.00033856
1771582278.574633,21.316810,0.010000,-0.016500,0.099800,-0.006528,-0.3740,-0.398476,-0.014956,-0.743556,0.436332,0.436332,10.9083,-0.1610,1,1,0.016500,0.00027225
1771582278.585754,21.327930,0.010000,-0.015700,0.092900,-0.009966,-0.5710,-0.385142,-0.016716,-0.175966,-0.367588,-0.367588,-9.1897,-1.3610,1,1,0.015700,0.00024649
1771582278.585754,21.327930,0.010000,-0.015700,0.092900,-0.009966,-0.5710,-0.385142,-0.013935,0.278106,-0.290951,-0.290951,-7.2738,-2.5610,1,1,0.015700,0.00024649
1771582278.606986,21.349162,0.010000,-0.014300,0.106200,-0.013038,-0.7470,-0.365559,-0.015899,-0.196394,-0.390422,-0.390422,-9.7605,-3.7610,1,1,0.014300,0.00020449
1771582278.616201,21.358378,0.010000,-0.013100,0.109400,-0.013806,-0.7910,-0.293337,-0.021659,-0.575994,0.436315,0.436315,10.9079,-2.5610,1,1,0.013100,0.00017161
1771582278.626222,21.368398,0.010000,-0.011100,0.132100,-0.013038,-0.7470,-0.200835,-0.030455,-0.879674,0.436332,0.436332,10.9083,-1.3610,1,1,0.011100,0.00012321
1771582278.626222,21.368398,0.010000,-0.011100,0.132100,-0.013038,-0.7470,-0.200835,-0.033304,-0.284860,-0.389619,-0.389619,-9.7405,-2.5610,1,1,0.011100,0.00012321
1771582278.645597,21.387774,0.010000,-0.009400,0.140400,-0.012270,-0.7030,-0.131441,-0.031394,0.190991,-0.335889,-0.335889,-8.3972,-3.7610,1,1,0.009400,0.00008836
1771582278.655489,21.397666,0.010000,-0.010200,0.086500,-0.012270,-0.7030,-0.098594,-0.034055,-0.266087,-0.302627,-0.302627,-7.5657,-4.9610,1,1,0.010200,0.00010404
1771582278.665424,21.407601,0.010000,-0.009500,0.081700,-0.012270,-0.7030,-0.073932,-0.040372,-0.631748,0.436332,0.436332,10.9083,-3.7610,1,1,0.009500,0.00009025
1771582278.665424,21.407601,0.010000,-0.009500,0.081700,-0.012270,-0.7030,-0.073932,-0.049615,-0.924278,0.436332,0.436332,10.9083,-2.5610,1,1,0.009500,0.00009025
1771582278.685845,21.428021,0.010000,-0.009300,0.065500,-0.012270,-0.7030,-0.055449,-0.052821,-0.320543,0.280618,0.280618,7.0154,-1.3610,1,1,0.009300,0.00008649
1771582278.697247,21.439423,0.010000,-0.008400,0.071500,-0.013038,-0.7470,-0.060772,-0.051196,0.162445,-0.027069,-0.027069,-0.6767,-0.6767,1,1,0.008400,0.00007056
1771582278.706503,21.448679,0.010000,-0.007300,0.082600,-0.014190,-0.8130,-0.074334,-0.045708,0.548835,-0.086009,-0.086009,-2.1502,-1.8767,1,1,0.007300,0.00005329
1771582278.706503,21.448679,0.010000,-0.007300,0.082600,-0.014190,-0.8130,-0.074334,-0.038929,0.677934,-0.322727,-0.322727,-8.0682,-3.0767,1,1,0.007300,0.00005329
1771582278.734154,21.476331,0.010000,-0.006600,0.065900,-0.025691,-1.4720,-0.310267,-0.037694,0.123468,-0.244320,-0.244320,-6.1080,-4.2767,1,1,0.006600,0.00004356
1771582278.734154,21.476331,0.010000,-0.006600,0.065900,-0.025691,-1.4720,-0.310267,-0.040895,-0.320104,0.058100,0.058100,1.4525,-3.0767,1,1,0.006600,0.00004356
1771582278.746463,21.488640,0.010000,-0.005300,0.081900,-0.029531,-1.6920,-0.328576,-0.047645,-0.674963,0.436332,0.436332,10.9083,-1.8767,1,1,0.005300,0.00002809
1771582278.766261,21.508438,0.010000,-0.005000,0.068800,-0.033371,-1.9120,-0.342294,-0.048855,-0.121091,-0.191358,-0.191358,-4.7839,-3.0767,1,1,0.005000,0.00002500
1771582278.774167,21.516343,0.010000,-0.005000,0.051000,-0.041801,-2.3950,-0.467644,-0.045635,0.322006,0.074196,0.074196,1.8549,-1.8767,1,1,0.005000,0.00002500
1771582278.785265,21.527442,0.010000,-0.005300,0.031500,-0.045640,-2.6150,-0.446612,-0.047248,-0.161274,-0.264947,-0.264947,-6.6237,-3.0767,1,1,0.005300,0.00002809
1771582278.785265,21.527442,0.010000,-0.005300,0.031500,-0.045640,-2.6150,-0.446612,-0.044350,0.289860,0.109683,0.109683,2.7421,-1.8767,1,1,0.005300,0.00002809
1771582278.806453,21.548630,0.010000,-0.005000,0.031000,-0.049463,-2.8340,-0.430835,-0.046219,-0.186991,-0.226767,-0.226767,-5.6692,-3.0767,1,1,0.005000,0.00002500
1771582278.815302,21.557479,0.010000,-0.004500,0.036500,-0.055222,-3.1640,-0.466928,-0.043527,0.269286,0.015679,0.015679,0.3920,-1.8767,1,1,0.004500,0.00002025
1771582278.824887,21.567063,0.010000,-0.005000,0.014900,-0.057142,-3.2740,-0.398145,-0.045561,-0.203450,-0.156553,-0.156553,-3.9138,-3.0767,1,1,0.005000,0.00002500
1771582278.824887,21.567063,0.010000,-0.005000,0.014900,-0.057142,-3.2740,-0.398145,-0.043000,0.256119,0.115563,0.115563,2.8891,-1.8767,1,1,0.005000,0.00002500
1771582278.846971,21.589148,0.010000,-0.003500,0.047600,-0.057910,-3.3180,-0.317772,-0.045140,-0.213984,-0.096339,-0.096339,-2.4085,-2.4085,1,1,0.003500,0.00001225
1771582278.854856,21.597033,0.010000,-0.004100,0.020400,-0.057142,-3.2740,-0.219161,-0.042663,0.247692,-0.020246,-0.020246,-0.5062,-1.2085,1,1,0.004100,0.00001681
1771582278.864393,21.606570,0.010000,-0.003100,0.041300,-0.056758,-3.2520,-0.154776,-0.042537,0.012542,0.156442,0.156442,3.9110,-0.0085,1,1,0.003100,0.00000961
1771582278.864393,21.606570,0.010000,-0.003100,0.041300,-0.056758,-3.2520,-0.154776,-0.038248,0.428913,0.210171,0.210171,5.2543,1.1915,1,1,0.003100,0.00000961
1771582278.895694,21.637871,0.010000,-0.004600,-0.006400,-0.056374,-3.2300,-0.079866,-0.030628,0.762009,-0.274758,-0.274758,-6.8689,-0.0085,1,1,0.004600,0.00002116
1771582278.905045,21.647221,0.010000,-0.004600,-0.004400,-0.055222,-3.1640,-0.031137,-0.020343,1.028486,-0.401032,-0.401032,-10.0258,-1.2085,1,1,0.004600,0.00002116
1771582278.905045,21.647221,0.010000,-0.004600,-0.004400,-0.055222,-3.1640,-0.031137,-0.016304,0.403910,0.215642,0.215642,5.3911,-0.0085,1,1,0.004600,0.00002116
1771582278.925800,21.667977,0.010000,-0.003900,0.014400,-0.052918,-3.0320,0.034174,-0.017262,-0.095751,0.044052,0.044052,1.1013,1.1013,1,1,0.003900,0.00001521
1771582278.935502,21.677678,0.010000,-0.003400,0.023300,-0.047560,-2.7250,0.159855,-0.013839,0.342278,0.064612,0.064612,1.6153,1.6153,1,1,0.003400,0.00001156
1771582278.944328,21.686505,0.010000,-0.003600,0.012900,-0.044488,-2.5490,0.196594,-0.007227,0.661204,-0.041496,-0.041496,-1.0374,0.4153,1,1,0.003600,0.00001296
1771582278.944328,21.686505,0.010000,-0.003600,0.012900,-0.044488,-2.5490,0.196594,-0.000143,0.708379,-0.123477,-0.123477,-3.0869,-0.7847,1,1,0.003600,0.00001296
1771582278.964545,21.706722,0.010000,-0.004400,-0.010000,-0.041033,-2.3510,0.233717,0.001335,0.147824,0.207608,0.207608,5.1902,0.4153,1,1,0.004400,0.00001936
1771582278.975568,21.717744,0.010000,-0.004800,-0.018500,-0.032219,-1.8460,0.395806,-0.001671,-0.300620,0.432114,0.432114,10.8028,1.6153,1,1,0.004800,0.00002304
1771582278.985290,21.727466,0.010000,-0.004300,-0.002100,-0.026459,-1.5160,0.440661,0.000113,0.178383,0.268495,0.268495,6.7124,2.8153,1,1,0.004300,0.00001849
1771582278.985290,21.727466,0.010000,-0.004300,-0.002100,-0.026459,-1.5160,0.440661,0.005729,0.561586,0.191309,0.191309,4.7827,4.0153,1,1,0.004300,0.00001849
1771582279.015496,21.757672,0.010000,-0.005000,-0.016200,-0.004608,-0.2640,0.753616,0.014410,0.868148,-0.267736,-0.267736,-6.6934,2.8153,1,1,0.005000,0.00002500
1771582279.024976,21.767153,0.010000,-0.005200,-0.017800,0.003456,0.1980,0.766549,0.025544,1.113397,-0.426666,-0.426666,-10.6666,1.6153,1,1,0.005200,0.00002704
1771582279.024976,21.767153,0.010000,-0.005200,-0.017800,0.003456,0.1980,0.766549,0.030263,0.471839,0.012164,0.012164,0.3041,0.4153,1,1,0.005200,0.00002704
1771582279.044363,21.786539,0.010000,-0.005000,-0.007500,0.011502,0.6590,0.776235,0.029848,-0.041408,-0.334318,-0.334318,-8.3579,-0.7847,1,1,0.005000,0.00002500
1771582279.055712,21.797889,0.010000,-0.004900,-0.004300,0.029147,1.6700,1.023199,0.025328,-0.452006,0.436332,0.436332,10.9083,0.4153,1,1,0.004900,0.00002401
1771582279.065147,21.807323,0.010000,-0.005100,-0.007500,0.037961,2.1750,0.987909,0.017524,-0.780483,0.436332,0.436332,10.9083,1.6153,1,1,0.005100,0.00002601
1771582279.065147,21.807323,0.010000,-0.005100,-0.007500,0.037961,2.1750,0.987909,0.015468,-0.205508,0.209450,0.209450,5.2363,2.8153,1,1,0.005100,0.00002601
1771582279.086346,21.828522,0.010000,-0.005300,-0.010800,0.046408,2.6590,0.951850,0.018013,0.254473,-0.280779,-0.280779,-7.0195,1.6153,1,1,0.005300,0.00002809
1771582279.094123,21.836299,0.010000,-0.005400,-0.010300,0.058294,3.3400,1.011104,0.024238,0.622457,-0.365576,-0.365576,-9.1394,0.4153,1,1,0.005400,0.00002916
1771582279.104582,21.846759,0.010000,-0.004300,0.019700,0.060982,3.4940,0.825436,0.025029,0.079087,-0.322214,-0.322214,-8.0554,-0.7847,1,1,0.004300,0.00001849
1771582279.104582,21.846759,0.010000,-0.004300,0.019700,0.060982,3.4940,0.825436,0.021473,-0.355610,0.436107,0.436107,10.9027,0.4153,1,1,0.004300,0.00001849
1771582279.125365,21.867541,0.010000,-0.004700,0.005600,0.062518,3.5820,0.657431,0.014439,-0.703367,0.436332,0.436332,10.9083,1.6153,1,1,0.004700,0.00002209
1771582279.135486,21.877662,0.010000,-0.004400,0.009400,0.060982,3.4940,0.454728,0.013001,-0.143814,-0.181500,-0.181500,-4.5375,0.4153,1,1,0.004400,0.00001936
1771582279.146221,21.888398,0.010000,-0.004400,0.007900,0.057526,3.2960,0.254748,0.016039,0.303828,-0.345351,-0.345351,-8.6338,-0.7847,1,1,0.004400,0.00001936
1771582279.165665,21.907842,0.010000,-0.004100,0.014900,0.054070,3.0980,0.104772,0.014281,-0.175817,-0.133028,-0.133028,-3.3257,-1.9847,1,1,0.004100,0.00001681
1771582279.174575,21.916752,0.010000,-0.003800,0.017700,0.046792,2.6810,-0.103568,0.008685,-0.559533,0.436332,0.436332,10.9083,-0.7847,1,1,0.003800,0.00001444
1771582279.185153,21.927329,0.010000,-0.003600,0.018700,0.043337,2.4830,-0.163974,0.000020,-0.866505,0.436332,0.436332,10.9083,0.4153,1,1,0.003600,0.00001296
1771582279.185153,21.927329,0.010000,-0.003600,0.018700,0.043337,2.4830,-0.163974,-0.002723,-0.274325,0.315645,0.315645,7.8911,1.6153,1,1,0.003600,0.00001296
1771582279.205245,21.947422,0.010000,-0.002800,0.033300,0.039113,2.2410,-0.228446,-0.000729,0.199419,-0.324183,-0.324183,-8.1046,0.4153,1,1,0.002800,0.00000784
1771582279.216231,21.958408,0.010000,-0.002500,0.032900,0.026843,1.5380,-0.478133,0.005056,0.578414,-0.405374,-0.405374,-10.1343,-0.7847,1,1,0.002500,0.00000625
1771582279.226519,21.968695,0.010000,-0.002100,0.035000,0.020333,1.1650,-0.521574,0.005494,0.043852,-0.271464,-0.271464,-6.7866,-1.9847,1,1,0.002100,0.00000441
1771582279.226519,21.968695,0.010000,-0.002100,0.035000,0.020333,1.1650,-0.521574,0.001656,-0.383797,0.423152,0.423152,10.5788,-0.7847,1,1,0.002100,0.00000441
1771582279.245807,21.987984,0.010000,-0.000900,0.056000,0.014190,0.8130,-0.544578,-0.005603,-0.725917,0.436332,0.436332,10.9083,0.4153,1,1,0.000900,0.00000081
1771582279.254817,21.996994,0.010000,-0.000500,0.051500,0.002688,0.1540,-0.696055,-0.007222,-0.161854,-0.243420,-0.243420,-6.0855,-0.7847,1,1,0.000500,0.00000025
1771582279.265136,22.007312,0.010000,-0.000600,0.036200,-0.002304,-0.1320,-0.646679,-0.004328,0.289396,-0.275170,-0.275170,-6.8793,-1.9847,1,1,0.000600,0.00000036
1771582279.286086,22.028262,0.010000,0.000700,0.060900,-0.006912,-0.3960,-0.600062,-0.006201,-0.187363,-0.316300,-0.316300,-7.9075,-3.1847,1,1,0.000700,0.00000049
1771582279.295464,22.037641,0.010000,0.002800,0.098200,-0.012270,-0.7030,-0.584266,-0.011889,-0.568769,0.436124,0.436124,10.9031,-1.9847,1,1,0.002800,0.00000784
1771582279.306172,22.048348,0.010000,0.000400,0.013100,-0.012654,-0.7250,-0.447782,-0.020628,-0.873894,0.436332,0.436332,10.9083,-0.7847,1,1,0.000400,0.00000016
1771582279.306172,22.048348,0.010000,0.000400,0.013100,-0.012654,-0.7250,-0.447782,-0.023430,-0.280236,-0.087914,-0.087914,-2.1979,-1.9847,1,1,0.000400,0.00000016
1771582279.326448,22.068624,0.010000,0.000500,0.010700,-0.012654,-0.7250,-0.335836,-0.021483,0.194690,-0.212508,-0.212508,-5.3127,-3.1847,1,1,0.000500,0.00000025
1771582279.335871,22.078048,0.010000,0.001800,0.040500,-0.011118,-0.6370,-0.213524,-0.024115,-0.263127,-0.188552,-0.188552,-4.7138,-4.3847,1,1,0.001800,0.00000324
1771582279.345138,22.087314,0.010000,0.001000,0.010200,-0.009966,-0.5710,-0.131388,-0.030408,-0.629381,0.436332,0.436332,10.9083,-3.1847,1,1,0.001000,0.00000100
1771582279.345138,22.087314,0.010000,0.001000,0.010200,-0.009966,-0.5710,-0.131388,-0.039632,-0.922384,0.436332,0.436332,10.9083,-1.9847,1,1,0.001000,0.00000100
1771582279.365410,22.107587,0.010000,0.001500,0.022500,-0.009198,-0.5270,-0.079360,-0.042823,-0.319028,0.382161,0.382161,9.5540,-0.7847,1,1,0.001500,0.00000225
1771582279.374377,22.116554,0.010000,0.001500,0.016000,-0.007662,-0.4390,-0.021171,-0.041186,0.163657,-0.037711,-0.037711,-0.9428,-0.9428,1,1,0.001500,0.00000225
1771582279.385490,22.127666,0.010000,0.001400,0.008800,-0.006912,-0.3960,0.003299,-0.035688,0.549804,-0.179513,-0.179513,-4.4878,-2.1428,1,1,0.001400,0.00000196
1771582279.385490,22.127666,0.010000,0.001400,0.008800,-0.006912,-0.3960,0.003299,-0.031841,0.384673,-0.030837,-0.030837,-0.7709,-0.9428,1,1,0.001400,0.00000196
1771582279.405597,22.147773,0.010000,0.000800,-0.007300,-0.006528,-0.3740,0.012060,-0.032953,-0.111141,-0.034711,-0.034711,-0.8678,-0.8678,1,1,0.000800,0.00000064
1771582279.414629,22.156806,0.010000,0.002100,0.027200,-0.004608,-0.2640,0.056985,-0.029653,0.329966,-0.067850,-0.067850,-1.6962,-1.6962,1,1,0.002100,0.00000441
1771582279.425187,22.167363,0.010000,0.001200,-0.001900,-0.003456,-0.1980,0.071506,-0.026752,0.290145,-0.049834,-0.049834,-1.2459,-1.2459,1,1,0.001200,0.00000144
1771582279.445020,22.187196,0.010000,0.000700,-0.015700,-0.002688,-0.1540,0.072798,-0.027322,-0.057071,0.099705,0.099705,2.4926,-0.0459,1,1,0.000700,0.00000049
1771582279.455214,22.197390,0.010000,0.001200,0.001000,-0.000384,-0.0220,0.112120,-0.026207,0.111559,0.115955,0.115955,2.8989,1.1541,1,1,0.001200,0.00000144
1771582279.465885,22.208061,0.010000,0.001900,0.018400,0.000384,0.0220,0.103271,-0.021125,0.508126,-0.158408,-0.158408,-3.9602,-0.0459,1,1,0.001900,0.00000361
1771582279.465885,22.208061,0.010000,0.001900,0.018400,0.000384,0.0220,0.103271,-0.012872,0.825380,-0.428839,-0.428839,-10.7210,-1.2459,1,1,0.001900,0.00000361
1771582279.484798,22.226974,0.010000,0.003000,0.040800,0.000768,0.0440,0.087040,-0.010457,0.241425,-0.084557,-0.084557,-2.1139,-2.1139,1,1,0.003000,0.00000900
1771582279.496936,22.239112,0.010000,0.002700,0.025000,0.002304,0.1320,0.103620,-0.012715,-0.225739,-0.130144,-0.130144,-3.2536,-3.2536,1,1,0.002700,0.00000729
1771582279.505599,22.247776,0.010000,0.002600,0.015300,0.003456,0.1980,0.106483,-0.017551,-0.483607,0.436327,0.436327,10.9082,-2.0536,1,1,0.002600,0.00000676
1771582279.505599,22.247776,0.010000,0.002600,0.015300,0.003456,0.1980,0.106483,-0.025398,-0.784707,0.436332,0.436332,10.9083,-0.8536,1,1,0.002600,0.00000676
1771582279.526034,22.268211,0.010000,0.002700,0.013300,0.004224,0.2420,0.099030,-0.027487,-0.208887,-0.184071,-0.184071,-4.6018,-2.0536,1,1,0.002700,0.00000729
1771582279.535309,22.277485,0.010000,0.003000,0.018800,0.004608,0.2640,0.083863,-0.024969,0.251770,-0.111007,-0.111007,-2.7752,-2.7752,1,1,0.003000,0.00000900
1771582279.544310,22.286486,0.010000,0.003600,0.029200,0.004608,0.2640,0.062902,-0.027144,-0.217463,-0.245637,-0.245637,-6.1409,-3.9752,1,1,0.003600,0.00001296
1771582279.544310,22.286486,0.010000,0.003600,0.029200,0.004608,0.2640,0.062902,-0.031402,-0.425848,0.436087,0.436087,10.9022,-2.7752,1,1,0.003600,0.00001296
1771582279.564818,22.306995,0.010000,0.005300,0.063600,0.004608,0.2640,0.047176,-0.038998,-0.759557,0.436332,0.436332,10.9083,-1.5752,1,1,0.005300,0.00002809
1771582279.577730,22.319906,0.010000,0.004400,0.025900,0.003840,0.2200,0.016214,-0.040885,-0.188767,-0.259741,-0.259741,-6.4935,-2.7752,1,1,0.004400,0.00001936
1771582279.585365,22.327541,0.010000,0.003600,-0.001300,0.003072,0.1760,-0.007016,-0.038207,0.267866,-0.120338,-0.120338,-3.0084,-3.0084,1,1,0.003600,0.00001296
1771582279.585365,22.327541,0.010000,0.003600,-0.001300,0.003072,0.1760,-0.007016,-0.040253,-0.204586,-0.215931,-0.215931,-5.3983,-4.2084,1,1,0.003600,0.00001296
1771582279.615521,22.357698,0.010000,0.005000,0.029700,-0.000768,-0.0440,-0.095033,-0.042704,-0.245093,-0.195510,-0.195510,-4.8877,-4.8877,1,1,0.005000,0.00002500
1771582279.625662,22.367838,0.010000,0.007700,0.090000,-0.003072,-0.1760,-0.128788,-0.048853,-0.614953,0.436331,0.436331,10.9083,-3.6877,1,1,0.007700,0.00005929
1771582279.625662,22.367838,0.010000,0.007700,0.090000,-0.003072,-0.1760,-0.128788,-0.056144,-0.729085,0.436332,0.436332,10.9083,-2.4877,1,1,0.007700,0.00005929
1771582279.645880,22.388057,0.010000,0.004000,-0.026200,-0.006912,-0.3960,-0.192475,-0.057788,-0.164389,-0.199316,-0.199316,-4.9829,-3.6877,1,1,0.004000,0.00001600
1771582279.654642,22.396818,0.010000,0.004000,-0.019300,-0.020333,-1.1650,-0.479913,-0.054914,0.287368,0.065206,0.065206,1.6302,-2.4877,1,1,0.004000,0.00001600
1771582279.664491,22.406667,0.010000,0.003900,-0.016700,-0.029147,-1.6700,-0.580444,-0.056804,-0.188985,-0.250478,-0.250478,-6.2619,-3.6877,1,1,0.003900,0.00001521
1771582279.664491,22.406667,0.010000,0.003900,-0.016700,-0.029147,-1.6700,-0.580444,-0.054127,0.267691,0.112628,0.112628,2.8157,-2.4877,1,1,0.003900,0.00001521
1771582279.686094,22.428271,0.010000,0.005100,0.015900,-0.037961,-2.1750,-0.655842,-0.056174,-0.204726,-0.286863,-0.286863,-7.1716,-3.6877,1,1,0.005100,0.00002601
1771582279.694339,22.436516,0.010000,0.006100,0.038500,-0.053302,-3.0540,-0.875370,-0.053623,0.255098,-0.085607,-0.085607,-2.1402,-2.4877,1,1,0.006100,0.00003721
1771582279.706481,22.448658,0.010000,0.007400,0.061900,-0.059446,-3.4060,-0.809937,-0.055771,-0.214800,0.065701,0.065701,1.6425,-1.2877,1,1,0.007400,0.00005476
1771582279.706481,22.448658,0.010000,0.007400,0.061900,-0.059446,-3.4060,-0.809937,-0.053301,0.247039,-0.171752,-0.171752,-4.2938,-2.4877,1,1,0.007400,0.00005476
1771582279.735887,22.478064,0.010000,0.005600,0.012400,-0.067876,-3.8890,-0.632961,-0.047136,0.616510,-0.226656,-0.226656,-5.6664,-3.6877,1,1,0.005600,0.00003136
1771582279.745267,22.487444,0.010000,0.005200,-0.001200,-0.065956,-3.7790,-0.426785,-0.046393,0.074329,-0.011337,-0.011337,-0.2834,-2.4877,1,1,0.005200,0.00002704
1771582279.745267,22.487444,0.010000,0.005200,-0.001200,-0.065956,-3.7790,-0.426785,-0.049987,-0.359416,0.369987,0.369987,9.2497,-1.2877,1,1,0.005200,0.00002704
1771582279.745267,22.487444,0.010000,0.005200,-0.001200,-0.065956,-3.7790,-0.426785,-0.048673,0.131346,-0.164523,-0.164523,-4.1131,-2.4877,1,1,0.005200,0.00002704
1771582279.774122,22.516299,0.010000,0.003900,-0.028100,-0.054070,-3.0980,0.033179,-0.043434,0.523956,0.072305,0.072305,1.8076,-1.2877,1,1,0.003900,0.00001521
1771582279.784757,22.526934,0.010000,0.003900,-0.020100,-0.049463,-2.8340,0.139940,-0.043431,0.000286,0.198949,0.198949,4.9737,-0.0877,1,1,0.003900,0.00001521
1771582279.784757,22.526934,0.010000,0.003900,-0.020100,-0.049463,-2.8340,0.139940,-0.039240,0.419108,0.157773,0.157773,3.9443,1.1123,1,1,0.003900,0.00001521
1771582279.807826,22.550002,0.010000,0.003300,-0.030700,-0.045256,-2.5930,0.210417,-0.031698,0.754165,-0.180972,-0.180972,-4.5243,-0.0877,1,1,0.003300,0.00001089
1771582279.815830,22.558007,0.010000,0.003000,-0.031400,-0.037193,-2.1310,0.359136,-0.021476,1.022211,-0.410081,-0.410081,-10.2520,-1.2877,1,1,0.003000,0.00000900
1771582279.825840,22.568017,0.010000,0.002100,-0.045700,-0.033371,-1.9120,0.365228,-0.017487,0.398890,0.051621,0.051621,1.2905,-0.0877,1,1,0.002100,0.00000441
1771582279.825840,22.568017,0.010000,0.002100,-0.045700,-0.033371,-1.9120,0.365228,-0.018485,-0.099767,0.029041,0.029041,0.7260,0.7260,1,1,0.002100,0.00000441
1771582279.846026,22.588203,0.010000,0.001300,-0.054900,-0.029531,-1.6920,0.369800,-0.015094,0.339065,0.022526,0.022526,0.5632,0.5632,1,1,0.001300,0.00000169
1771582279.858475,22.600651,0.010000,0.001300,-0.040700,-0.022235,-1.2740,0.459510,-0.009541,0.555315,0.101667,0.101667,2.5417,1.7632,1,1,0.001300,0.00000169
1771582279.867585,22.609761,0.010000,0.001500,-0.025600,-0.019181,-1.0990,0.421322,-0.005667,0.387397,0.029084,0.029084,0.7271,0.7271,1,1,0.001500,0.00000225
1771582279.867585,22.609761,0.010000,0.001500,-0.025600,-0.019181,-1.0990,0.421322,0.001621,0.728797,-0.255643,-0.255643,-6.3911,-0.4729,1,1,0.001500,0.00000225
1771582279.885998,22.628175,0.010000,0.000600,-0.040700,-0.016109,-0.9230,0.392699,0.003835,0.221386,0.101078,0.101078,2.5269,0.7271,1,1,0.000600,0.00000036
1771582279.894563,22.636739,0.010000,0.000500,-0.033900,-0.013422,-0.7690,0.361632,0.001417,-0.241770,0.398733,0.398733,9.9683,1.9271,1,1,0.000500,0.00000025
1771582279.905339,22.647515,0.010000,-0.000100,-0.038700,-0.013422,-0.7690,0.271224,0.003672,0.225463,0.031612,0.031612,0.7903,0.7903,1,1,0.000100,0.00000001
1771582279.925803,22.667980,0.010000,0.001700,0.014200,-0.013806,-0.7910,0.193836,0.009664,0.599249,-0.145622,-0.145622,-3.6405,-0.4097,1,1,0.001700,0.00000289
1771582279.936481,22.678658,0.010000,0.000200,-0.025300,-0.014190,-0.8130,0.135787,0.010490,0.082586,0.112958,0.112958,2.8240,0.7903,1,1,0.000200,0.00000004
1771582279.944903,22.687079,0.010000,-0.000100,-0.028400,-0.014573,-0.8350,0.092258,0.006962,-0.352810,0.435836,0.435836,10.8959,1.9903,1,1,0.000100,0.00000001
1771582279.944903,22.687079,0.010000,-0.000100,-0.028400,-0.014573,-0.8350,0.092258,0.008328,0.136631,0.023357,0.023357,0.5839,0.7903,1,1,0.000100,0.00000001
1771582279.965947,22.708123,0.010000,-0.001800,-0.063400,-0.014573,-0.8350,0.069185,0.013610,0.528184,0.001508,0.001508,0.0377,0.0377,1,1,0.001800,0.00000324
1771582279.974731,22.716908,0.010000,-0.002000,-0.050800,-0.015341,-0.8790,0.032725,0.013647,0.003668,0.075115,0.075115,1.8779,1.2377,1,1,0.002000,0.00000400
1771582279.985640,22.727817,0.010000,-0.002800,-0.059200,-0.015725,-0.9010,0.014957,0.011049,-0.259776,0.420225,0.420225,10.5056,2.4377,1,1,0.002800,0.00000784
1771582279.985640,22.727817,0.010000,-0.002800,-0.059200,-0.015725,-0.9010,0.014957,0.013160,0.211059,-0.062886,-0.062886,-1.5721,1.2377,1,1,0.002800,0.00000784
1771582280.007447,22.749623,0.010000,-0.003100,-0.052700,-0.016109,-0.9230,0.001623,0.019037,0.587726,-0.144245,-0.144245,-3.6061,0.0377,1,1,0.003100,0.00000961
1771582280.014064,22.756240,0.010000,-0.003200,-0.041300,-0.016877,-0.9670,-0.017959,0.019550,0.051302,0.087732,0.087732,2.1933,1.2377,1,1,0.003200,0.00001024
1771582280.026357,22.768534,0.010000,-0.004500,-0.063400,-0.017261,-0.9890,-0.023056,0.015772,-0.377838,0.436274,0.436274,10.9069,2.4377,1,1,0.004500,0.00002025
1771582280.026357,22.768534,0.010000,-0.004500,-0.063400,-0.017261,-0.9890,-0.023056,0.016938,0.116609,-0.030703,-0.030703,-0.7676,1.2377,1,1,0.004500,0.00002025
1771582280.055096,22.797272,0.010000,-0.004900,-0.043700,-0.017261,-0.9890,-0.010577,0.022059,0.512166,0.010138,0.010138,0.2534,0.2534,1,1,0.004900,0.00002401
1771582280.064718,22.806895,0.010000,-0.004500,-0.022900,-0.016493,-0.9450,0.011240,0.021968,-0.009146,0.078218,0.078218,1.9555,1.4534,1,1,0.004500,0.00002025
1771582280.064718,22.806895,0.010000,-0.004500,-0.022900,-0.016493,-0.9450,0.011240,0.018459,-0.350886,0.435773,0.435773,10.8943,2.6534,1,1,0.004500,0.00002025
1771582280.084882,22.827059,0.010000,-0.006100,-0.056900,-0.013422,-0.7690,0.085137,0.019841,0.138170,-0.021001,-0.021001,-0.5250,1.4534,1,1,0.006100,0.00003721
1771582280.095560,22.837737,0.010000,-0.007300,-0.072800,-0.006912,-0.3960,0.226840,0.025135,0.529415,0.044056,0.044056,1.1014,1.1014,1,1,0.007300,0.00005329
1771582280.104693,22.846869,0.010000,-0.008100,-0.074200,-0.003456,-0.1980,0.256406,0.025181,0.004653,0.095494,0.095494,2.3873,2.3014,1,1,0.008100,0.00006561
1771582280.104693,22.846869,0.010000,-0.008100,-0.074200,-0.003456,-0.1980,0.256406,0.023990,-0.119162,0.042113,0.042113,1.0528,1.1014,1,1,0.008100,0.00006561
1771582280.124612,22.866788,0.010000,-0.008200,-0.058900,0.000000,0.0000,0.278589,0.027225,0.323549,-0.040775,-0.040775,-1.0194,-0.0986,1,1,0.008200,0.00006724
1771582280.136679,22.878855,0.010000,-0.009300,-0.072300,0.005376,0.3080,0.343167,0.025625,-0.160040,0.263246,0.263246,6.5812,1.1014,1,1,0.009300,0.00008649
1771582280.145623,22.887799,0.010000,-0.009600,-0.059500,0.007278,0.4170,0.305310,0.020156,-0.546911,0.436332,0.436332,10.9083,2.3014,1,1,0.009600,0.00009216
1771582280.145623,22.887799,0.010000,-0.009600,-0.059500,0.007278,0.4170,0.305310,0.019969,-0.018650,0.107491,0.107491,2.6873,2.6873,1,1,0.009600,0.00009216
1771582280.167194,22.909371,0.010000,-0.009700,-0.047200,0.008430,0.4830,0.257750,0.024009,0.403959,-0.024841,-0.024841,-0.6210,1.4873,1,1,0.009700,0.00009409
1771582280.183917,22.926094,0.010000,-0.010200,-0.031200,0.008046,0.4610,0.132994,0.028587,0.457857,-0.017614,-0.017614,-0.4404,0.2873,1,1,0.010200,0.00010404
1771582280.183917,22.926094,0.010000,-0.010200,-0.031200,0.008046,0.4610,0.132994,0.028061,-0.052594,0.067721,0.067721,1.6930,1.4873,1,1,0.010200,0.00010404
1771582280.205095,22.947271,0.010000,-0.012100,-0.070800,0.007278,0.4170,0.080582,0.023452,-0.460954,0.436332,0.436332,10.9083,2.6873,1,1,0.012100,0.00014641
1771582280.214472,22.956648,0.010000,-0.013700,-0.094000,0.004992,0.2860,0.002915,0.023953,0.050116,-0.010807,-0.010807,-0.2702,1.4873,1,1,0.013700,0.00018769
1771582280.224878,22.967054,0.010000,-0.013300,-0.060300,0.003840,0.2200,-0.026581,0.028543,0.458972,0.090659,0.090659,2.2665,2.2665,1,1,0.013300,0.00017689
1771582280.224878,22.967054,0.010000,-0.013300,-0.060300,0.003840,0.2200,-0.026581,0.028026,-0.051702,-0.041443,-0.041443,-1.0361,1.0665,1,1,0.013300,0.00017689
1771582280.246120,22.988297,0.010000,-0.013900,-0.061600,0.002304,0.1320,-0.058294,0.030332,0.230633,0.043319,0.043319,1.0830,1.0830,1,1,0.013900,0.00019321
1771582280.254457,22.996634,0.010000,-0.012200,-0.001900,0.000000,0.0000,-0.101247,0.027988,-0.234373,0.245063,0.245063,6.1266,2.2830,1,1,0.012200,0.00014884
1771582280.264922,23.007099,0.010000,-0.015000,-0.071900,-0.000768,-0.0440,-0.095103,0.026171,-0.181741,0.213380,0.213380,5.3345,3.4830,1,1,0.015000,0.00022500
1771582280.264922,23.007099,0.010000,-0.015000,-0.071900,-0.000768,-0.0440,-0.095103,0.028906,0.273486,0.145158,0.145158,3.6289,3.6289,1,1,0.015000,0.00022500
1771582280.287050,23.029226,0.010000,-0.016500,-0.091700,-0.001152,-0.0660,-0.080913,0.035282,0.637668,-0.195505,-0.195505,-4.8876,2.4289,1,1,0.016500,0.00027225
1771582280.295382,23.037558,0.010000,-0.016200,-0.060600,-0.000768,-0.0440,-0.051103,0.040893,0.561092,-0.106432,-0.106432,-2.6608,1.2289,1,1,0.016200,0.00026244
1771582280.304291,23.046467,0.010000,-0.017300,-0.073300,0.000000,0.0000,-0.019146,0.041193,0.029995,-0.019852,-0.019852,-0.4963,0.0289,1,1,0.017300,0.00029929
1771582280.304291,23.046467,0.010000,-0.017300,-0.073300,0.000000,0.0000,-0.019146,0.037245,-0.394883,0.436328,0.436328,10.9082,1.2289,1,1,0.017300,0.00029929
1771582280.334559,23.076736,0.010000,-0.017000,-0.026000,0.002688,0.1540,0.049148,0.029897,-0.734785,0.436332,0.436332,10.9083,2.4289,1,1,0.017000,0.00028900
1771582280.345592,23.087769,0.010000,-0.017400,-0.028000,0.002688,0.1540,0.036861,0.028207,-0.168949,0.108977,0.108977,2.7244,2.7244,1,1,0.017400,0.00030276
1771582280.345592,23.087769,0.010000,-0.017400,-0.028000,0.002688,0.1540,0.036861,0.031044,0.283720,0.087010,0.087010,2.1753,2.1753,1,1,0.017400,0.00030276
1771582280.365306,23.107483,0.010000,-0.019600,-0.078100,0.002304,0.1320,0.018064,0.034346,0.330113,0.163756,0.163756,4.0939,3.3753,1,1,0.019600,0.00038416
1771582280.375606,23.117782,0.010000,-0.019900,-0.064300,0.000384,0.0220,-0.034400,0.035069,0.072396,0.083042,0.083042,2.0760,2.1753,1,1,0.019900,0.00039601
1771582280.385903,23.128079,0.010000,-0.020300,-0.059300,0.000384,0.0220,-0.025796,0.039837,0.476796,0.077752,0.077752,1.9438,1.9438,1,1,0.020300,0.00041209
1771582280.385903,23.128079,0.010000,-0.020300,-0.059300,0.000384,0.0220,-0.025796,0.039463,-0.037442,0.009914,0.009914,0.2479,0.7438,1,1,0.020300,0.00041209
1771582280.405380,23.147556,0.010000,-0.022100,-0.088800,0.000768,0.0440,-0.009756,0.038356,-0.110742,0.037666,0.037666,0.9416,0.9416,1,1,0.022100,0.00048841
1771582280.414569,23.156746,0.010000,-0.022300,-0.070800,0.002304,0.1320,0.031032,0.033281,-0.507473,0.436332,0.436332,10.9083,2.1416,1,1,0.022300,0.00049729
1771582280.425258,23.167435,0.010000,-0.022500,-0.058700,0.003072,0.1760,0.042446,0.029912,-0.336920,0.436277,0.436277,10.9069,3.3416,1,1,0.022500,0.00050625
1771582280.425258,23.167435,0.010000,-0.022500,-0.058700,0.003072,0.1760,0.042446,0.031405,0.149343,0.154442,0.154442,3.8610,3.8610,1,1,0.022500,0.00050625
1771582280.454617,23.196794,0.010000,-0.024300,-0.071200,0.002304,0.1320,0.002304,0.036789,0.538353,-0.031893,-0.031893,-0.7973,2.6610,1,1,0.024300,0.00059049
1771582280.464518,23.206695,0.010000,-0.024600,-0.060900,0.001920,0.1100,-0.007854,0.042908,0.611985,-0.178302,-0.178302,-4.4576,1.4610,1,1,0.024600,0.00060516
1771582280.464518,23.206695,0.010000,-0.024600,-0.060900,0.001920,0.1100,-0.007854,0.043616,0.070709,0.115080,0.115080,2.8770,2.6610,1,1,0.024600,0.00060516
1771582280.484878,23.227055,0.010000,-0.025700,-0.074200,0.002688,0.1540,0.013282,0.039992,-0.362312,0.436322,0.436322,10.9080,3.8610,1,1,0.025700,0.00066049
1771582280.496903,23.239080,0.010000,-0.025500,-0.049700,0.004608,0.2640,0.057893,0.041283,0.129030,0.219199,0.219199,5.4800,5.0610,1,1,0.025500,0.00065025
1771582280.504665,23.246842,0.010000,-0.026700,-0.065900,0.005760,0.3300,0.072187,0.046504,0.522103,-0.016064,-0.016064,-0.4016,3.8610,1,1,0.026700,0.00071289
1771582280.504665,23.246842,0.010000,-0.026700,-0.065900,0.005760,0.3300,0.072187,0.054869,0.836561,-0.370681,-0.370681,-9.2670,2.6610,1,1,0.026700,0.00071289
1771582280.525431,23.267608,0.010000,-0.027300,-0.064400,0.006912,0.3960,0.082903,0.057373,0.250370,0.200977,0.200977,5.0244,3.8610,1,1,0.027300,0.00074529
1771582280.534083,23.276259,0.010000,-0.027700,-0.059300,0.011502,0.6590,0.177221,0.055187,-0.218583,0.432374,0.432374,10.8093,5.0610,1,1,0.027700,0.00076729
1771582280.545449,23.287626,0.010000,-0.027400,-0.036000,0.014957,0.8570,0.219213,0.057627,0.244013,0.178313,0.178313,4.4578,4.4578,1,1,0.027400,0.00075076
1771582280.565029,23.307205,0.010000,-0.028600,-0.059300,0.018413,1.0550,0.250682,0.063768,0.614089,-0.125864,-0.125864,-3.1466,3.2578,1,1,0.028600,0.00081796
1771582280.565029,23.307205,0.010000,-0.028600,-0.059300,0.018413,1.0550,0.250682,0.066575,0.280705,0.173453,0.173453,4.3363,4.3363,1,1,0.028600,0.00081796
1771582280.585891,23.328068,0.010000,-0.029000,-0.040200,0.034139,1.9560,0.474171,0.064632,-0.194315,0.430588,0.430588,10.7647,5.5363,1,1,0.029000,0.00084100
1771582280.585891,23.328068,0.010000,-0.029000,-0.040200,0.034139,1.9560,0.474171,0.066842,0.221021,0.193209,0.193209,4.8302,4.8302,1,1,0.029000,0.00084100
1771582280.606293,23.348469,0.010000,-0.029300,-0.037500,0.039497,2.2630,0.489862,0.072799,0.595696,0.044403,0.044403,1.1101,3.6302,1,1,0.029300,0.00085849
1771582280.615695,23.357872,0.010000,-0.030200,-0.049100,0.047944,2.7470,0.578315,0.075100,0.230082,0.124313,0.124313,3.1078,3.1078,1,1,0.030200,0.00091204
1771582280.626522,23.368698,0.010000,-0.030700,-0.050400,0.050615,2.9000,0.500840,0.072752,-0.234813,0.435901,0.435901,10.8975,4.3078,1,1,0.030700,0.00094249
1771582280.626522,23.368698,0.010000,-0.030700,-0.050400,0.050615,2.9000,0.500840,0.069050,-0.370208,0.436331,0.436331,10.9083,5.5078,1,1,0.030700,0.00094249
1771582280.644230,23.386407,0.010000,-0.031100,-0.046800,0.052150,2.9880,0.413992,0.070277,0.122712,0.094196,0.094196,2.3549,4.3078,1,1,0.031100,0.00096721
1771582280.656274,23.398451,0.010000,-0.030900,-0.031000,0.052918,3.0320,0.329658,0.075448,0.517049,-0.090174,-0.090174,-2.2543,3.1078,1,1,0.030900,0.00095481
1771582280.663920,23.406096,0.010000,-0.030600,-0.017100,0.051766,2.9660,0.218480,0.075395,-0.005240,-0.055046,-0.055046,-1.3762,1.9078,1,1,0.030600,0.00093636
1771582280.663920,23.406096,0.010000,-0.030600,-0.017100,0.051766,2.9660,0.218480,0.071164,-0.423071,0.436332,0.436332,10.9083,3.1078,1,1,0.030600,0.00093636
1771582280.694469,23.436646,0.010000,-0.029300,0.019500,0.049847,2.8560,0.082153,0.063591,-0.757336,0.436332,0.436332,10.9083,4.3078,1,1,0.029300,0.00085849
1771582280.704980,23.447157,0.010000,-0.028300,0.041600,0.049079,2.8120,0.042446,0.061721,-0.186990,0.032465,0.032465,0.8116,3.1078,1,1,0.028300,0.00080089
1771582280.704980,23.447157,0.010000,-0.028300,0.041600,0.049079,2.8120,0.042446,0.064414,0.269287,-0.081279,-0.081279,-2.0320,1.9078,1,1,0.028300,0.00080089
1771582280.724569,23.466745,0.010000,-0.029100,0.010200,0.047944,2.7470,0.003072,0.062380,-0.203449,0.310435,0.310435,7.7609,3.1078,1,1,0.029100,0.00084681
1771582280.736022,23.478199,0.010000,-0.028800,0.016200,0.044488,2.5490,-0.083985,0.056563,-0.581638,0.436332,0.436332,10.9083,4.3078,1,1,0.028800,0.00082944
1771582280.743868,23.486044,0.010000,-0.028500,0.019600,0.042569,2.4390,-0.110933,0.056099,-0.046432,-0.149842,-0.149842,-3.7460,3.1078,1,1,0.028500,0.00081225
1771582280.743868,23.486044,0.010000,-0.028500,0.019600,0.042569,2.4390,-0.110933,0.059916,0.381734,-0.105011,-0.105011,-2.6253,1.9078,1,1,0.028500,0.00081225
1771582280.766556,23.508732,0.010000,-0.027800,0.032300,0.039881,2.2850,-0.150308,0.058781,-0.113492,-0.294473,-0.294473,-7.3618,0.7078,1,1,0.027800,0.00077284
1771582280.774736,23.516913,0.010000,-0.027400,0.032600,0.035273,2.0210,-0.227783,0.053685,-0.509673,0.436332,0.436332,10.9083,1.9078,1,1,0.027400,0.00075076
1771582280.784292,23.526469,0.010000,-0.027000,0.034900,0.034523,1.9780,-0.190014,0.045418,-0.826617,0.436332,0.436332,10.9083,3.1078,1,1,0.027000,0.00072900
1771582280.784292,23.526469,0.010000,-0.027000,0.034900,0.034523,1.9780,-0.190014,0.042994,-0.242415,0.238663,0.238663,5.9666,4.3078,1,1,0.027000,0.00072900
1771582280.814450,23.556627,0.010000,-0.026900,0.021500,0.034139,1.9560,-0.116466,0.045244,0.224947,0.033423,0.033423,0.8356,3.1078,1,1,0.026900,0.00072361
1771582280.825903,23.568079,0.010000,-0.026800,0.018700,0.034139,1.9560,-0.087354,0.051232,0.598837,-0.362286,-0.362286,-9.0571,1.9078,1,1,0.026800,0.00071824
1771582280.825903,23.568079,0.010000,-0.026800,0.018700,0.034139,1.9560,-0.087354,0.051834,0.060190,0.109461,0.109461,2.7365,2.7365,1,1,0.026800,0.00071824
1771582280.845402,23.587579,0.010000,-0.026400,0.024700,0.034523,1.9780,-0.055920,0.048127,-0.370727,0.436033,0.436033,10.9008,3.9365,1,1,0.026400,0.00069696
1771582280.854764,23.596940,0.010000,-0.026000,0.028000,0.035657,2.0430,-0.013177,0.048054,-0.007310,-0.003080,-0.003080,-0.0770,2.7365,1,1,0.026000,0.00067600
1771582280.864700,23.606877,0.010000,-0.025700,0.028900,0.035657,2.0430,-0.009879,0.052184,0.413031,-0.085313,-0.085313,-2.1328,1.5365,1,1,0.025700,0.00066049
1771582280.864700,23.606877,0.010000,-0.025700,0.028900,0.035657,2.0430,-0.009879,0.051299,-0.088454,-0.218507,-0.218507,-5.4627,0.3365,1,1,0.025700,0.00066049
1771582280.885210,23.627386,0.010000,-0.023800,0.069500,0.036041,2.0650,0.002164,0.046403,-0.489642,0.436327,0.436327,10.9082,1.5365,1,1,0.023800,0.00056644
1771582280.895846,23.638022,0.010000,-0.024200,0.042700,0.036041,2.0650,0.001623,0.038297,-0.810593,0.436332,0.436332,10.9083,2.7365,1,1,0.024200,0.00058564
1771582280.907496,23.649673,0.010000,-0.023900,0.040100,0.035657,2.0430,-0.008360,0.036001,-0.229595,0.183475,0.183475,4.5869,3.9365,1,1,0.023900,0.00057121
1771582280.907496,23.649673,0.010000,-0.023900,0.040100,0.035657,2.0430,-0.008360,0.038353,0.235203,-0.010658,-0.010658,-0.2664,2.7365,1,1,0.023900,0.00057121
1771582280.925026,23.667203,0.010000,-0.023100,0.049200,0.034523,1.9780,-0.035029,0.044424,0.607041,-0.364376,-0.364376,-9.1094,1.5365,1,1,0.023100,0.00053361
1771582280.933928,23.676104,0.010000,-0.022900,0.041300,0.032987,1.8900,-0.064630,0.045091,0.066754,0.047037,0.047037,1.1759,1.1759,1,1,0.022900,0.00052441
1771582280.944428,23.686604,0.010000,-0.022200,0.050100,0.032987,1.8900,-0.048468,0.041436,-0.365476,0.434451,0.434451,10.8613,2.3759,1,1,0.022200,0.00049284
1771582280.944428,23.686604,0.010000,-0.022200,0.050100,0.032987,1.8900,-0.048468,0.037254,-0.418253,0.436198,0.436198,10.9050,3.5759,1,1,0.022200,0.00049284
1771582280.974546,23.716723,0.010000,-0.021600,0.041300,0.033755,1.9340,-0.010489,0.038097,0.084277,0.091136,0.091136,2.2784,2.3759,1,1,0.021600,0.00046656
1771582280.985045,23.727221,0.010000,-0.020400,0.060800,0.033371,1.9120,-0.017453,0.042960,0.486301,-0.215195,-0.215195,-5.3799,1.1759,1,1,0.020400,0.00041616
1771582280.985045,23.727221,0.010000,-0.020400,0.060800,0.033371,1.9120,-0.017453,0.042661,-0.029839,-0.171689,-0.171689,-4.2922,-0.0241,1,1,0.020400,0.00041616
1771582281.005681,23.747858,0.010000,-0.019700,0.062200,0.033755,1.9340,-0.003508,0.038234,-0.442750,0.436268,0.436268,10.9067,1.1759,1,1,0.019700,0.00038809
1771582281.015819,23.757996,0.010000,-0.018000,0.090000,0.034139,1.9560,0.006964,0.030503,-0.773079,0.436332,0.436332,10.9083,2.3759,1,1,0.018000,0.00032400
1771582281.026131,23.768307,0.010000,-0.018000,0.066300,0.033755,1.9340,-0.004363,0.028507,-0.199584,-0.304409,-0.304409,-7.6102,1.1759,1,1,0.018000,0.00032400
1771582281.026131,23.768307,0.010000,-0.018000,0.066300,0.033755,1.9340,-0.004363,0.031099,0.259212,-0.147091,-0.147091,-3.6773,-0.0241,1,1,0.018000,0.00032400
1771582281.046978,23.789155,0.010000,-0.018700,0.033300,0.033371,1.9120,-0.012863,0.028984,-0.211510,0.028704,0.028704,0.7176,0.7176,1,1,0.018700,0.00034969
1771582281.055725,23.797902,0.010000,-0.017900,0.044200,0.032987,1.8900,-0.019234,0.023103,-0.588087,0.436332,0.436332,10.9083,1.9176,1,1,0.017900,0.00032041
1771582281.064008,23.806185,0.010000,-0.017800,0.036900,0.033371,1.9120,-0.004835,0.020988,-0.211570,-0.016160,-0.016160,-0.4040,0.7176,1,1,0.017800,0.00031684
1771582281.064008,23.806185,0.010000,-0.017800,0.036900,0.033371,1.9120,-0.004835,0.023484,0.249623,-0.078278,-0.078278,-1.9569,-0.4824,1,1,0.017800,0.00031684
1771582281.086879,23.829055,0.010000,-0.016400,0.060800,0.033371,1.9120,-0.003630,0.021292,-0.219181,-0.194258,-0.194258,-4.8564,-1.6824,1,1,0.016400,0.00026896
1771582281.095198,23.837375,0.010000,-0.015100,0.080200,0.032987,1.8900,-0.012305,0.015350,-0.594224,0.436332,0.436332,10.9083,-0.4824,1,1,0.015100,0.00022801
1771582281.105272,23.847449,0.010000,-0.015600,0.046500,0.032987,1.8900,-0.009233,0.006407,-0.894258,0.436332,0.436332,10.9083,0.7176,1,1,0.015600,0.00024336
1771582281.105272,23.847449,0.010000,-0.015600,0.046500,0.032987,1.8900,-0.009233,0.003442,-0.296527,0.388780,0.388780,9.7195,1.9176,1,1,0.015600,0.00024336
1771582281.135882,23.878058,0.010000,-0.014300,0.046200,0.030683,1.7580,-0.060319,0.005258,0.181657,-0.030475,-0.030475,-0.7619,0.7176,1,1,0.014300,0.00020449
1771582281.145130,23.887306,0.010000,-0.013300,0.060400,0.029147,1.6700,-0.083584,0.010900,0.564205,-0.372182,-0.372182,-9.3045,-0.4824,1,1,0.013300,0.00017689
1771582281.145130,23.887306,0.010000,-0.013300,0.060400,0.029147,1.6700,-0.083584,0.011225,0.032485,-0.047111,-0.047111,-1.1778,-1.1778,1,1,0.013300,0.00017689
1771582281.166357,23.908533,0.010000,-0.010200,0.122700,0.027995,1.6040,-0.091455,0.007296,-0.392891,0.390473,0.390473,9.7618,0.0222,1,1,0.010200,0.00010404
1771582281.175281,23.917457,0.010000,-0.009800,0.103100,0.029147,1.6700,-0.039828,0.001726,-0.557053,0.436328,0.436328,10.9082,1.2222,1,1,0.009800,0.00009604
1771582281.185249,23.927425,0.010000,-0.010100,0.069900,0.029531,1.6920,-0.020281,0.001458,-0.026763,-0.143429,-0.143429,-3.5857,0.0222,1,1,0.010100,0.00010201
1771582281.185249,23.927425,0.010000,-0.010100,0.069900,0.029531,1.6920,-0.020281,0.005433,0.397468,-0.238102,-0.238102,-5.9525,-1.1778,1,1,0.010100,0.00010201
1771582281.206244,23.948420,0.010000,-0.009300,0.071900,0.029915,1.7140,-0.005620,0.004424,-0.100904,-0.297865,-0.297865,-7.4466,-2.3778,1,1,0.009300,0.00008649
1771582281.217270,23.959447,0.010000,-0.008500,0.073400,0.029531,1.6920,-0.013806,-0.000572,-0.499602,0.436314,0.436314,10.9079,-1.1778,1,1,0.008500,0.00007225
1771582281.225126,23.967302,0.010000,-0.008400,0.057200,0.029147,1.6700,-0.019949,-0.008758,-0.818561,0.436332,0.436332,10.9083,0.0222,1,1,0.008400,0.00007056
1771582281.225126,23.967302,0.010000,-0.008400,0.057200,0.029147,1.6700,-0.019949,-0.011117,-0.235970,-0.169578,-0.169578,-4.2395,-1.1778,1,1,0.008400,0.00007056
1771582281.245949,23.988125,0.010000,-0.006400,0.094700,0.028763,1.6480,-0.024539,-0.008816,0.230103,-0.231462,-0.231462,-5.7866,-2.3778,1,1,0.006400,0.00004096
1771582281.258522,24.000698,0.010000,-0.007800,0.034300,0.026843,1.5380,-0.066340,-0.011164,-0.234796,-0.014252,-0.014252,-0.3563,-1.1778,1,1,0.007800,0.00006084
1771582281.265654,24.007830,0.010000,-0.006500,0.057700,0.024923,1.4280,-0.097704,-0.017232,-0.606716,0.436332,0.436332,10.9083,0.0222,1,1,0.006500,0.00004225
1771582281.285399,24.027575,0.010000,-0.005000,0.083200,0.023003,1.3180,-0.121213,-0.017897,-0.066494,-0.230549,-0.230549,-5.7637,-1.1778,1,1,0.005000,0.00002500
1771582281.295772,24.037948,0.010000,-0.005000,0.060600,0.017645,1.0110,-0.225130,-0.014240,0.365684,-0.288153,-0.288153,-7.2038,-2.3778,1,1,0.005000,0.00002500
1771582281.306437,24.048613,0.010000,-0.004900,0.048300,0.014190,0.8130,-0.255132,-0.015503,-0.126332,-0.266962,-0.266962,-6.6740,-3.5778,1,1,0.004900,0.00002401
1771582281.306437,24.048613,0.010000,-0.004900,0.048300,0.014190,0.8130,-0.255132,-0.020702,-0.519945,0.436322,0.436322,10.9080,-2.3778,1,1,0.004900,0.00002401
1771582281.325644,24.067820,0.010000,-0.003300,0.076400,0.010734,0.6150,-0.277630,-0.029051,-0.834835,0.436332,0.436332,10.9083,-1.1778,1,1,0.003300,0.00001089
1771582281.334919,24.077096,0.010000,-0.003400,0.054300,0.003456,0.1980,-0.390395,-0.031541,-0.248989,-0.310915,-0.310915,-7.7729,-2.3778,1,1,0.003400,0.00001156
1771582281.345553,24.087729,0.010000,-0.002200,0.070200,0.000000,0.0000,-0.379086,-0.029344,0.219688,-0.235323,-0.235323,-5.8831,-3.5778,1,1,0.002200,0.00000484
1771582281.345553,24.087729,0.010000,-0.002200,0.070200,0.000000,0.0000,-0.379086,-0.031775,-0.243129,-0.337267,-0.337267,-8.4317,-4.7778,1,1,0.002200,0.00000484
1771582281.365390,24.107566,0.010000,-0.001800,0.064600,-0.003072,-0.1760,-0.361004,-0.037909,-0.613382,0.436331,0.436331,10.9083,-3.5778,1,1,0.001800,0.00000324
1771582281.375116,24.117292,0.010000,-0.001300,0.059800,-0.008046,-0.4610,-0.395387,-0.047005,-0.909585,0.436332,0.436332,10.9083,-2.3778,1,1,0.001300,0.00000169
1771582281.383845,24.126022,0.010000,-0.000300,0.069700,-0.009966,-0.5710,-0.344476,-0.050093,-0.308789,-0.136717,-0.136717,-3.4179,-3.4179,1,1,0.000300,0.00000009
1771582281.383845,24.126022,0.010000,-0.000300,0.069700,-0.009966,-0.5710,-0.344476,-0.048374,0.171848,-0.242697,-0.242697,-6.0674,-4.6179,1,1,0.000300,0.00000009
1771582281.415184,24.157360,0.010000,0.001000,0.067000,-0.014190,-0.8130,-0.287246,-0.050630,-0.225595,-0.302283,-0.302283,-7.5571,-5.8179,1,1,0.001000,0.00000100
1771582281.425183,24.167360,0.010000,0.000600,0.042000,-0.014957,-0.8570,-0.234607,-0.056624,-0.599355,0.436332,0.436332,10.9083,-4.6179,1,1,0.000600,0.00000036
1771582281.425183,24.167360,0.010000,0.000600,0.042000,-0.014957,-0.8570,-0.234607,-0.065607,-0.898363,0.436332,0.436332,10.9083,-3.4179,1,1,0.000600,0.00000036
1771582281.446607,24.188783,0.010000,0.001200,0.045700,-0.015341,-0.8790,-0.185546,-0.068605,-0.299812,0.021105,0.021105,0.5276,-2.2179,1,1,0.001200,0.00000144
1771582281.454882,24.197059,0.010000,0.002200,0.059500,-0.016493,-0.9450,-0.167918,-0.066815,0.179030,-0.089938,-0.089938,-2.2484,-2.2484,1,1,0.002200,0.00000484
1771582281.465739,24.207916,0.010000,0.001900,0.036100,-0.021084,-1.2080,-0.240995,-0.061194,0.562103,-0.247035,-0.247035,-6.1759,-3.4484,1,1,0.001900,0.00000361
1771582281.465739,24.207916,0.010000,0.001900,0.036100,-0.021084,-1.2080,-0.240995,-0.056804,0.439025,0.020799,0.020799,0.5200,-2.2484,1,1,0.001900,0.00000361
1771582281.485180,24.227356,0.010000,0.002200,0.035200,-0.026843,-1.5380,-0.324544,-0.057480,-0.067659,-0.040473,-0.040473,-1.0118,-1.0484,1,1,0.002200,0.00000484
1771582281.494333,24.236509,0.010000,0.002100,0.024900,-0.036809,-2.1090,-0.492689,-0.053833,0.364752,0.096318,0.096318,2.4080,0.1516,1,1,0.002100,0.00000441
1771582281.504385,24.246561,0.010000,0.003300,0.048600,-0.040649,-2.3290,-0.465392,-0.046726,0.710680,-0.327523,-0.327523,-8.1881,-1.0484,1,1,0.003300,0.00001089
1771582281.504385,24.246561,0.010000,0.003300,0.048600,-0.040649,-2.3290,-0.465392,-0.036852,0.987423,-0.428259,-0.428259,-10.7065,-2.2484,1,1,0.003300,0.00001089
1771582281.524943,24.267119,0.010000,0.002800,0.024400,-0.044488,-2.5490,-0.444919,-0.033141,0.371060,0.130542,0.130542,3.2636,-1.0484,1,1,0.002800,0.00000784
1771582281.544259,24.286436,0.010000,0.004000,0.043500,-0.052150,-2.9880,-0.403660,-0.034362,-0.122031,-0.260289,-0.260289,-6.5072,-2.2484,1,1,0.004000,0.00001600
1771582281.544259,24.286436,0.010000,0.004000,0.043500,-0.052150,-2.9880,-0.403660,-0.031149,0.321254,0.045514,0.045514,1.1378,-1.0484,1,1,0.004000,0.00001600
1771582281.544259,24.286436,0.010000,0.004000,0.043500,-0.052150,-2.9880,-0.403660,-0.032768,-0.161876,-0.311700,-0.311700,-7.7925,-2.2484,1,1,0.004000,0.00001600
1771582281.575362,24.317539,0.010000,0.004900,0.041500,-0.049079,-2.8120,-0.152751,-0.029874,0.289378,-0.110798,-0.110798,-2.7699,-2.7699,1,1,0.004900,0.00002401
1771582281.585418,24.327594,0.010000,0.004100,0.012400,-0.046792,-2.6810,-0.057037,-0.031748,-0.187376,-0.050257,-0.050257,-1.2564,-1.5699,1,1,0.004100,0.00001681
1771582281.585418,24.327594,0.010000,0.004100,0.012400,-0.046792,-2.6810,-0.057037,-0.035067,-0.331935,0.418298,0.418298,10.4575,-0.3699,1,1,0.004100,0.00001681
1771582281.606683,24.348860,0.010000,0.003600,-0.002600,-0.044488,-2.5490,0.014748,-0.033534,0.153331,-0.006279,-0.006279,-0.1570,-0.1570,1,1,0.003600,0.00001296
1771582281.616211,24.358388,0.010000,0.003500,-0.004300,-0.039881,-2.2850,0.126100,-0.028118,0.541544,0.064524,0.064524,1.6131,1.0430,1,1,0.003500,0.00001225
1771582281.625946,24.368122,0.010000,0.003800,0.003100,-0.037193,-2.1310,0.161687,-0.023043,0.507570,0.142776,0.142776,3.5694,2.2430,1,1,0.003800,0.00001444
1771582281.625946,24.368122,0.010000,0.003800,0.003100,-0.037193,-2.1310,0.161687,-0.014793,0.824935,-0.356689,-0.356689,-8.9172,1.0430,1,1,0.003800,0.00001444
1771582281.644736,24.386913,0.010000,0.003600,-0.001800,-0.034907,-2.0000,0.178792,-0.004005,1.078827,-0.430678,-0.430678,-10.7670,-0.1570,1,1,0.003600,0.00001296
1771582281.654465,24.396641,0.010000,0.004200,0.013700,-0.029915,-1.7140,0.258728,0.000437,0.444182,0.082169,0.082169,2.0542,1.0430,1,1,0.004200,0.00001764
1771582281.665026,24.407203,0.010000,0.004900,0.027500,-0.027611,-1.5820,0.251572,-0.000199,-0.063533,-0.011428,-0.011428,-0.2857,-0.1570,1,1,0.004900,0.00002401
1771582281.665026,24.407203,0.010000,0.004900,0.027500,-0.027611,-1.5820,0.251572,0.003482,0.368053,0.025446,0.025446,0.6362,0.6362,1,1,0.004900,0.00002401
1771582281.695162,24.437338,0.010000,0.003700,-0.015200,-0.011118,-0.6370,0.529795,0.002238,-0.124437,-0.328416,-0.328416,-8.2104,-0.5638,1,1,0.003700,0.00001369
1771582281.704439,24.446615,0.010000,0.003600,-0.015200,-0.003840,-0.2200,0.579502,0.004011,0.177309,0.124294,0.124294,3.1074,0.6362,1,1,0.003600,0.00001296
1771582281.704439,24.446615,0.010000,0.003600,-0.015200,-0.003840,-0.2200,0.579502,0.001240,-0.277032,0.425161,0.425161,10.6290,1.8362,1,1,0.003600,0.00001296
1771582281.725337,24.467514,0.010000,0.003300,-0.017400,0.003840,0.2200,0.626381,0.003213,0.197254,0.018306,0.018306,0.4577,0.6362,1,1,0.003300,0.00001089
1771582281.734304,24.476481,0.010000,0.003000,-0.020600,0.017645,1.0110,0.814929,0.008980,0.576682,-0.258525,-0.258525,-6.4631,-0.5638,1,1,0.003000,0.00000900
1771582281.744654,24.486830,0.010000,0.003500,-0.002600,0.024155,1.3840,0.774176,0.009404,0.042466,-0.232666,-0.232666,-5.8166,-1.7638,1,1,0.003500,0.00001225
1771582281.744654,24.486830,0.010000,0.003500,-0.002600,0.024155,1.3840,0.774176,0.005555,-0.384906,0.436280,0.436280,10.9070,-0.5638,1,1,0.003500,0.00001225
1771582281.764893,24.507069,0.010000,0.002900,-0.017800,0.029531,1.6920,0.714852,-0.001713,-0.726804,0.436332,0.436332,10.9083,0.6362,1,1,0.002900,0.00000841
1771582281.774728,24.516904,0.010000,0.002500,-0.023300,0.032219,1.8460,0.603256,-0.003338,-0.162564,-0.147461,-0.147461,-3.6865,-0.5638,1,1,0.002500,0.00000625
1771582281.786719,24.528896,0.010000,0.003400,0.005700,0.030299,1.7360,0.404498,-0.000450,0.288828,-0.204238,-0.204238,-5.1059,-1.7638,1,1,0.003400,0.00001156
1771582281.786719,24.528896,0.010000,0.003400,0.005700,0.030299,1.7360,0.404498,-0.002328,-0.187817,-0.047464,-0.047464,-1.1866,-1.1866,1,1,0.003400,0.00001156
1771582281.815115,24.557291,0.010000,0.002200,-0.019400,0.021852,1.2520,0.035779,-0.008020,-0.569132,0.436332,0.436332,10.9083,0.0134,1,1,0.002200,0.00000484
1771582281.815115,24.557291,0.010000,0.002200,-0.019400,0.021852,1.2520,0.035779,-0.010558,-0.253806,0.334934,0.334934,8.3734,1.2134,1,1,0.002200,0.00000484
1771582281.826289,24.568465,0.010000,0.002400,-0.010000,0.019181,1.0990,-0.040265,-0.008399,0.215834,-0.283235,-0.283235,-7.0809,0.0134,1,1,0.002400,0.00000576
1771582281.845331,24.587508,0.010000,0.002500,-0.004100,0.015725,0.9010,-0.116483,-0.002484,0.591546,-0.380582,-0.380582,-9.5146,-1.1866,1,1,0.002500,0.00000625
1771582281.855919,24.598095,0.010000,0.002600,-0.001600,0.010734,0.6150,-0.212005,-0.001940,0.054358,-0.164828,-0.164828,-4.1207,-2.3866,1,1,0.002600,0.00000676
1771582281.866595,24.608771,0.010000,0.002900,0.005300,0.009198,0.5270,-0.197344,-0.005694,-0.375393,0.433618,0.433618,10.8405,-1.1866,1,1,0.002900,0.00000841
1771582281.866595,24.608771,0.010000,0.002900,0.005300,0.009198,0.5270,-0.197344,-0.012886,-0.719193,0.436332,0.436332,10.9083,0.0134,1,1,0.002900,0.00000841
1771582281.885017,24.627193,0.010000,0.002900,0.006000,0.007662,0.4390,-0.186366,-0.014451,-0.156475,-0.291946,-0.291946,-7.2986,-1.1866,1,1,0.002900,0.00000841
1771582281.895909,24.638085,0.010000,0.002900,0.002800,0.006528,0.3740,-0.168529,-0.011514,0.293699,-0.245357,-0.245357,-6.1339,-2.3866,1,1,0.002900,0.00000841
1771582281.903835,24.646011,0.010000,0.003000,0.005400,0.006912,0.3960,-0.116815,-0.013353,-0.183920,-0.292503,-0.292503,-7.3126,-3.5866,1,1,0.003000,0.00000900
1771582281.903835,24.646011,0.010000,0.003000,0.005400,0.006912,0.3960,-0.116815,-0.019013,-0.566015,0.436332,0.436332,10.9083,-2.3866,1,1,0.003000,0.00000900
1771582281.924784,24.666960,0.010000,0.003000,0.003700,0.007278,0.4170,-0.078016,-0.027730,-0.871691,0.436332,0.436332,10.9083,-1.1866,1,1,0.003000,0.00000900
1771582281.936162,24.678338,0.010000,0.002800,-0.001900,0.008814,0.5050,-0.020176,-0.030515,-0.278474,0.321146,0.321146,8.0287,0.0134,1,1,0.002800,0.00000784
1771582281.944449,24.686625,0.010000,0.002900,0.000400,0.009582,0.5490,0.004049,-0.028554,0.196100,-0.201518,-0.201518,-5.0379,-1.1866,1,1,0.002900,0.00000841
1771582281.944449,24.686625,0.010000,0.002900,0.000400,0.009582,0.5490,0.004049,-0.022796,0.575759,-0.340658,-0.340658,-8.5164,-2.3866,1,1,0.002900,0.00000841
1771582281.965743,24.707919,0.010000,0.002700,-0.004400,0.009582,0.5490,0.003037,-0.022379,0.041728,0.008708,0.008708,0.2177,-1.1866,1,1,0.002700,0.00000729
1771582281.984322,24.726499,0.010000,0.002900,0.003300,0.009198,0.5270,-0.005480,-0.026234,-0.385497,0.435555,0.435555,10.8889,0.0134,1,1,0.002900,0.00000841
1771582281.984322,24.726499,0.010000,0.002900,0.003300,0.009198,0.5270,-0.005480,-0.025129,0.110482,-0.081736,-0.081736,-2.0434,-1.1866,1,1,0.002900,0.00000841
1771582282.004929,24.747105,0.010000,0.002900,0.001600,0.009198,0.5270,-0.004119,-0.020057,0.507264,-0.266802,-0.266802,-6.6701,-2.3866,1,1,0.002900,0.00000841
1771582282.015236,24.757413,0.010000,0.002700,-0.004000,0.009198,0.5270,-0.003089,-0.020187,-0.013067,0.022256,0.022256,0.5564,-1.1866,1,1,0.002700,0.00000729
1771582282.025018,24.767194,0.010000,0.003200,0.010400,0.009198,0.5270,-0.002321,-0.024481,-0.429333,0.436218,0.436218,10.9054,0.0134,1,1,0.003200,0.00001024
1771582282.025018,24.767194,0.010000,0.003200,0.010400,0.009198,0.5270,-0.002321,-0.023726,0.075413,-0.034875,-0.034875,-0.8719,-0.8719,1,1,0.003200,0.00001024
1771582282.045411,24.787588,0.010000,0.002600,-0.006600,0.009198,0.5270,-0.001728,-0.018934,0.479209,-0.225880,-0.225880,-5.6470,-2.0719,1,1,0.002600,0.00000676
1771582282.055671,24.797848,0.010000,0.002400,-0.011200,0.009198,0.5270,-0.001309,-0.018191,0.074343,-0.036970,-0.036970,-0.9243,-0.9243,1,1,0.002400,0.00000576
1771582282.065231,24.807407,0.010000,0.002500,-0.004800,0.009582,0.5490,0.008604,-0.021785,-0.359405,0.434526,0.434526,10.8631,0.2757,1,1,0.002500,0.00000625
1771582282.065231,24.807407,0.010000,0.002500,-0.004800,0.009582,0.5490,0.008604,-0.020654,0.113074,-0.088010,-0.088010,-2.2002,-0.9243,1,1,0.002500,0.00000625
1771582282.087920,24.830097,0.010000,0.002500,-0.004700,0.010350,0.5930,0.025639,-0.015561,0.509338,-0.263722,-0.263722,-6.5930,-2.1243,1,1,0.002500,0.00000625
1771582282.094307,24.836484,0.010000,0.002500,-0.004600,0.011886,0.6810,0.057578,-0.015675,-0.011409,0.040161,0.040161,1.0040,-0.9243,1,1,0.002500,0.00000625
1771582282.104612,24.846788,0.010000,0.002700,0.003600,0.012654,0.7250,0.062361,-0.019955,-0.428006,0.436256,0.436256,10.9064,0.2757,1,1,0.002700,0.00000729
1771582282.104612,24.846788,0.010000,0.002700,0.003600,0.012654,0.7250,0.062361,-0.019190,0.076474,-0.012401,-0.012401,-0.3100,-0.3100,1,1,0.002700,0.00000729
1771582282.134752,24.876929,0.010000,0.002400,-0.004500,0.014573,0.8350,0.075817,-0.014390,0.480058,-0.282791,-0.282791,-7.0698,-1.5100,1,1,0.002400,0.00000576
1771582282.145116,24.887292,0.010000,0.002600,0.000100,0.014190,0.8130,0.047281,-0.012594,0.179576,-0.206945,-0.206945,-5.1736,-2.7100,1,1,0.002600,0.00000676
1771582282.145116,24.887292,0.010000,0.002600,0.000100,0.014190,0.8130,0.047281,-0.015346,-0.275218,0.343812,0.343812,8.5953,-1.5100,1,1,0.002600,0.00000676
1771582282.165116,24.907293,0.010000,0.002600,0.000700,0.014190,0.8130,0.035465,-0.021737,-0.639053,0.436332,0.436332,10.9083,-0.3100,1,1,0.002600,0.00000676
1771582282.175258,24.917435,0.010000,0.002400,-0.003500,0.014190,0.8130,0.026599,-0.022660,-0.092364,-0.108827,-0.108827,-2.7207,-1.5100,1,1,0.002400,0.00000576
1771582282.183785,24.925962,0.010000,0.002500,-0.000700,0.014190,0.8130,0.019949,-0.019210,0.344988,-0.223642,-0.223642,-5.5911,-2.7100,1,1,0.002500,0.00000625
1771582282.183785,24.925962,0.010000,0.002500,-0.000700,0.014190,0.8130,0.019949,-0.020639,-0.142889,-0.233565,-0.233565,-5.8391,-3.9100,1,1,0.002500,0.00000625
1771582282.205833,24.948010,0.010000,0.002500,-0.000900,0.013806,0.7910,0.005376,-0.025971,-0.533190,0.436332,0.436332,10.9083,-2.7100,1,1,0.002500,0.00000625
1771582282.214845,24.957021,0.010000,0.002500,-0.000800,0.013422,0.7690,-0.005550,-0.034425,-0.845431,0.436332,0.436332,10.9083,-1.5100,1,1,0.002500,0.00000625
1771582282.225306,24.967482,0.010000,0.002500,0.000500,0.012654,0.7250,-0.023335,-0.037000,-0.257466,0.188518,0.188518,4.7129,-0.3100,1,1,0.002500,0.00000625
1771582282.225306,24.967482,0.010000,0.002500,0.000500,0.012654,0.7250,-0.023335,-0.034871,0.212906,-0.204128,-0.204128,-5.1032,-1.5100,1,1,0.002500,0.00000625
1771582282.245881,24.988057,0.010000,0.002700,0.003800,0.009966,0.5710,-0.084614,-0.028979,0.589204,-0.360494,-0.360494,-9.0123,-2.7100,1,1,0.002700,0.00000729
1771582282.256233,24.998410,0.010000,0.002500,-0.000100,0.004608,0.2640,-0.197693,-0.028454,0.052484,-0.094017,-0.094017,-2.3504,-2.3504,1,1,0.002500,0.00000625
1771582282.264488,25.006664,0.010000,0.002800,0.005300,0.002304,0.1320,-0.205792,-0.032223,-0.376892,0.433257,0.433257,10.8314,-1.1504,1,1,0.002800,0.00000784
1771582282.264488,25.006664,0.010000,0.002800,0.005300,0.002304,0.1320,-0.205792,-0.033983,-0.175994,-0.262287,-0.262287,-6.5572,-2.3504,1,1,0.002800,0.00000784
1771582282.285313,25.027490,0.010000,0.002600,-0.001000,0.000000,0.0000,-0.211866,-0.031202,0.278084,-0.172457,-0.172457,-4.3114,-3.5504,1,1,0.002600,0.00000676
1771582282.295120,25.037297,0.010000,0.002500,-0.003100,-0.003072,-0.1760,-0.235602,-0.033166,-0.196412,-0.271645,-0.271645,-6.7911,-4.7504,1,1,0.002500,0.00000625
1771582282.305752,25.047929,0.010000,0.002600,0.000600,-0.004992,-0.2860,-0.224641,-0.038926,-0.576008,0.436332,0.436332,10.9083,-3.5504,1,1,0.002600,0.00000676
1771582282.325979,25.068155,0.010000,0.002700,0.003700,-0.006528,-0.3740,-0.206822,-0.047723,-0.879686,0.436332,0.436332,10.9083,-2.3504,1,1,0.002700,0.00000729
1771582282.335643,25.077820,0.010000,0.002400,-0.004500,-0.012654,-0.7250,-0.308522,-0.050572,-0.284870,0.065623,0.065623,1.6406,-1.1504,1,1,0.002400,0.00000576
1771582282.344182,25.086359,0.010000,0.002700,0.002200,-0.018029,-1.0330,-0.365612,-0.048662,0.190983,-0.161059,-0.161059,-4.0265,-2.3504,1,1,0.002700,0.00000729
1771582282.344182,25.086359,0.010000,0.002700,0.002200,-0.018029,-1.0330,-0.365612,-0.042945,0.571666,-0.278116,-0.278116,-6.9529,-3.5504,1,1,0.002700,0.00000729
1771582282.367721,25.109897,0.010000,0.002700,0.002400,-0.024155,-1.3840,-0.427606,-0.042561,0.038454,-0.098985,-0.098985,-2.4746,-2.4746,1,1,0.002700,0.00000729
1771582282.376062,25.118238,0.010000,0.002700,0.001700,-0.036041,-2.0650,-0.617916,-0.046442,-0.388116,0.412639,0.412639,10.3160,-1.2746,1,1,0.002700,0.00000729
1771582282.383799,25.125975,0.010000,0.003000,0.010100,-0.040649,-2.3290,-0.578489,-0.045792,0.065037,-0.259274,-0.259274,-6.4819,-2.4746,1,1,0.003000,0.00000900
1771582282.383799,25.125975,0.010000,0.003000,0.010100,-0.040649,-2.3290,-0.578489,-0.041083,0.470909,-0.010833,-0.010833,-0.2708,-1.2746,1,1,0.003000,0.00000900
1771582282.405131,25.147308,0.010000,0.002500,-0.005300,-0.045256,-2.5930,-0.548906,-0.041504,-0.042152,-0.057527,-0.057527,-1.4382,-1.4382,1,1,0.002500,0.00000625
1771582282.425359,25.167535,0.010000,0.002700,0.003300,-0.053686,-3.0760,-0.476545,-0.037653,0.385158,0.157012,0.157012,3.9253,-0.2382,1,1,0.002700,0.00000729
1771582282.425359,25.167535,0.010000,0.002700,0.003300,-0.053686,-3.0760,-0.476545,-0.035142,0.251035,0.004140,0.004140,0.1035,0.1035,1,1,0.002700,0.00000729
1771582282.446153,25.188330,0.010000,0.002300,-0.007800,-0.054070,-3.0980,-0.366990,-0.028945,0.619707,-0.181143,-0.181143,-4.5286,-1.0965,1,1,0.002300,0.00000529
1771582282.454620,25.196797,0.010000,0.003000,0.010900,-0.052534,-3.0100,-0.236894,-0.022795,0.615030,-0.169518,-0.169518,-4.2379,-2.2965,1,1,0.003000,0.00000900
1771582282.465554,25.207730,0.010000,0.002500,-0.004900,-0.050615,-2.9000,-0.129730,-0.022063,0.073145,0.098156,0.098156,2.4539,-1.0965,1,1,0.002500,0.00000625
1771582282.465554,25.207730,0.010000,0.002500,-0.004900,-0.050615,-2.9000,-0.129730,-0.025667,-0.360363,0.431680,0.431680,10.7920,0.1035,1,1,0.002500,0.00000625
1771582282.485531,25.227708,0.010000,0.002000,-0.016600,-0.047944,-2.7470,-0.030194,-0.024361,0.130589,-0.002782,-0.002782,-0.0696,-0.0696,1,1,0.002000,0.00000400
1771582282.496650,25.238827,0.010000,0.002100,-0.008300,-0.042185,-2.4170,0.121161,-0.019128,0.523350,0.115321,0.115321,2.8830,1.1304,1,1,0.002100,0.00000441
1771582282.504680,25.246856,0.010000,0.003400,0.025300,-0.039497,-2.2630,0.157987,-0.015545,0.358272,0.077181,0.077181,1.9295,1.9295,1,1,0.003400,0.00001156
1771582282.504680,25.246856,0.010000,0.003400,0.025300,-0.039497,-2.2630,0.157987,-0.008490,0.705496,-0.186891,-0.186891,-4.6723,0.7295,1,1,0.003400,0.00001156
1771582282.525504,25.267680,0.010000,0.002300,-0.007300,-0.037193,-2.1310,0.176016,-0.000057,0.843333,-0.354270,-0.354270,-8.8567,-0.4705,1,1,0.002300,0.00000529
1771582282.545185,25.287362,0.010000,0.001400,-0.020400,-0.031451,-1.8020,0.218847,0.002501,0.255787,0.105735,0.105735,2.6434,0.7295,1,1,0.001400,0.00000196
1771582282.545185,25.287362,0.010000,0.001400,-0.020400,-0.031451,-1.8020,0.218847,0.000359,-0.214249,0.193630,0.193630,4.8408,1.9295,1,1,0.001400,0.00000196
1771582282.565756,25.307932,0.010000,0.000500,-0.038000,-0.029147,-1.6700,0.221657,0.002834,0.247480,0.096445,0.096445,2.4111,2.4111,1,1,0.000500,0.00000025
1771582282.574361,25.316538,0.010000,0.000800,-0.019900,-0.023387,-1.3400,0.310058,0.009002,0.616863,-0.035056,-0.035056,-0.8764,1.2111,1,1,0.000800,0.00000064
1771582282.586040,25.328217,0.010000,0.003300,0.047700,-0.019949,-1.1430,0.318837,0.015618,0.661598,-0.093844,-0.093844,-2.3461,0.0111,1,1,0.003300,0.00001089
1771582282.586040,25.328217,0.010000,0.003300,0.047700,-0.019949,-1.1430,0.318837,0.016722,0.110399,0.213430,0.213430,5.3357,1.2111,1,1,0.003300,0.00001089
1771582282.604879,25.347055,0.010000,-0.000400,-0.056000,-0.014573,-0.8350,0.373343,0.013417,-0.330560,0.436112,0.436112,10.9028,2.4111,1,1,0.000400,0.00000016
1771582282.613758,25.355934,0.010000,0.000000,-0.031600,-0.000768,-0.0440,0.625159,0.014961,0.154431,0.157179,0.157179,3.9295,3.6111,1,1,0.000000,0.00000000
1771582282.625441,25.367617,0.010000,-0.000300,-0.032200,0.006144,0.3520,0.641443,0.020385,0.542424,-0.163630,-0.163630,-4.0908,2.4111,1,1,0.000300,0.00000009
1771582282.625441,25.367617,0.010000,-0.000300,-0.032200,0.006144,0.3520,0.641443,0.028913,0.852818,-0.381969,-0.381969,-9.5492,1.2111,1,1,0.000300,0.00000009
1771582282.645846,25.388023,0.010000,-0.001700,-0.058400,0.012270,0.7030,0.634480,0.031547,0.263376,-0.105764,-0.105764,-2.6441,0.0111,1,1,0.001700,0.00000289
1771582282.657263,25.399439,0.010000,-0.002500,-0.064600,0.023003,1.3180,0.744313,0.029465,-0.208179,0.395083,0.395083,9.8771,1.2111,1,1,0.002500,0.00000625
1771582282.664017,25.406194,0.010000,-0.002400,-0.045400,0.027611,1.5820,0.673278,0.023611,-0.585422,0.436332,0.436332,10.9083,2.4111,1,1,0.002400,0.00000576
1771582282.684227,25.426404,0.010000,-0.003000,-0.050000,0.031451,1.8020,0.600830,0.023116,-0.049458,-0.322145,-0.322145,-8.0536,1.2111,1,1,0.003000,0.00000900
1771582282.695043,25.437220,0.010000,-0.004200,-0.068300,0.035273,2.0210,0.546497,0.026910,0.379312,-0.261927,-0.261927,-6.5482,0.0111,1,1,0.004200,0.00001764
1771582282.704706,25.446882,0.010000,-0.003800,-0.040900,0.034139,1.9560,0.381110,0.025755,-0.115429,-0.243094,-0.243094,-6.0774,-1.1889,1,1,0.003800,0.00001444
1771582282.704706,25.446882,0.010000,-0.003800,-0.040900,0.034139,1.9560,0.381110,0.020643,-0.511222,0.436332,0.436332,10.9083,0.0111,1,1,0.003800,0.00001444
1771582282.726659,25.468836,0.010000,-0.003700,-0.026700,0.032987,1.8900,0.257070,0.012365,-0.827857,0.436332,0.436332,10.9083,1.2111,1,1,0.003700,0.00001369
1771582282.735972,25.478149,0.010000,-0.004400,-0.037900,0.027227,1.5600,0.048991,0.009930,-0.243407,0.391004,0.391004,9.7751,2.4111,1,1,0.004400,0.00001936
1771582282.745186,25.487362,0.010000,-0.002700,0.014900,0.023387,1.3400,-0.059132,0.012172,0.224154,-0.254834,-0.254834,-6.3708,1.2111,1,1,0.002700,0.00000729
1771582282.745186,25.487362,0.010000,-0.002700,0.014900,0.023387,1.3400,-0.059132,0.018154,0.598202,-0.398800,-0.398800,-9.9700,0.0111,1,1,0.002700,0.00000729
1771582282.764439,25.506615,0.010000,-0.004800,-0.041800,0.019565,1.1210,-0.140220,0.018751,0.059683,-0.129326,-0.129326,-3.2332,-1.1889,1,1,0.004800,0.00002304
1771582282.777836,25.520013,0.010000,-0.004900,-0.034700,0.012270,0.7030,-0.287334,0.015040,-0.371133,0.436035,0.436035,10.9009,0.0111,1,1,0.004900,0.00002401
1771582282.785898,25.528075,0.010000,-0.004500,-0.015500,0.008814,0.5050,-0.301785,0.007882,-0.715785,0.436332,0.436332,10.9083,1.2111,1,1,0.004500,0.00002025
1771582282.785898,25.528075,0.010000,-0.004500,-0.015500,0.008814,0.5050,-0.301785,0.006344,-0.153749,-0.286320,-0.286320,-7.1580,0.0111,1,1,0.004500,0.00002025
1771582282.815512,25.557689,0.010000,-0.003300,0.023000,-0.000384,-0.0220,-0.380674,0.009303,0.295880,-0.201204,-0.201204,-5.0301,-1.1889,1,1,0.003300,0.00001089
1771582282.815512,25.557689,0.010000,-0.003300,0.023000,-0.000384,-0.0220,-0.380674,0.007481,-0.182175,-0.340773,-0.340773,-8.5193,-2.3889,1,1,0.003300,0.00001089
1771582282.826118,25.568295,0.010000,-0.001800,0.055200,-0.002688,-0.1540,-0.343027,0.001835,-0.564619,0.436329,0.436329,10.9082,-1.1889,1,1,0.001800,0.00000324
1771582282.845721,25.587898,0.010000,-0.004600,-0.029600,-0.004608,-0.2640,-0.305206,-0.006871,-0.870574,0.436332,0.436332,10.9083,0.0111,1,1,0.004600,0.00002116
1771582282.853814,25.595991,0.010000,-0.004700,-0.023700,-0.006528,-0.3740,-0.276844,-0.009647,-0.277581,0.340736,0.340736,8.5184,1.2111,1,1,0.004700,0.00002209
1771582282.866398,25.608574,0.010000,-0.004800,-0.021700,-0.006144,-0.3520,-0.198043,-0.007678,0.196815,-0.071737,-0.071737,-1.7934,0.0111,1,1,0.004800,0.00002304
1771582282.866398,25.608574,0.010000,-0.004800,-0.021700,-0.006144,-0.3520,-0.198043,-0.001915,0.576331,-0.246597,-0.246597,-6.1649,-1.1889,1,1,0.004800,0.00002304
1771582282.885701,25.627877,0.010000,-0.004700,-0.012300,-0.006144,-0.3520,-0.148528,-0.001493,0.042186,0.057049,0.057049,1.4262,0.0111,1,1,0.004700,0.00002209
1771582282.895614,25.637790,0.010000,-0.003400,0.022800,-0.005376,-0.3080,-0.092223,-0.005345,-0.385131,0.435071,0.435071,10.8768,1.2111,1,1,0.003400,0.00001156
1771582282.904636,25.646812,0.010000,-0.003700,0.009600,-0.005376,-0.3080,-0.069167,-0.004237,0.110775,0.005707,0.005707,0.1427,0.1427,1,1,0.003700,0.00001369
1771582282.904636,25.646812,0.010000,-0.003700,0.009600,-0.005376,-0.3080,-0.069167,0.000838,0.507499,-0.094450,-0.094450,-2.3612,-1.0573,1,1,0.003700,0.00001369
1771582282.927263,25.669440,0.010000,-0.003700,0.006200,-0.005376,-0.3080,-0.051871,0.001169,0.033041,0.089638,0.089638,2.2410,0.1427,1,1,0.003700,0.00001369
1771582282.934664,25.676841,0.010000,-0.003700,0.005200,-0.005376,-0.3080,-0.038903,-0.002756,-0.392447,0.436040,0.436040,10.9010,1.3427,1,1,0.003700,0.00001369
1771582282.944406,25.686583,0.010000,-0.003800,0.000700,-0.005376,-0.3080,-0.029182,-0.001707,0.104922,0.031652,0.031652,0.7913,0.7913,1,1,0.003800,0.00001444
1771582282.965284,25.707460,0.010000,-0.004600,-0.018200,-0.005376,-0.3080,-0.021886,0.003322,0.502816,-0.027470,-0.027470,-0.6868,-0.4087,1,1,0.004600,0.00002116
1771582282.975872,25.718049,0.010000,-0.004700,-0.017400,-0.005376,-0.3080,-0.016406,0.005419,0.209786,-0.073742,-0.073742,-1.8435,-1.6087,1,1,0.004700,0.00002209
1771582282.984381,25.726557,0.010000,-0.005000,-0.020300,-0.004992,-0.2860,-0.002723,0.002909,-0.251050,0.362452,0.362452,9.0613,-0.4087,1,1,0.005000,0.00002500
1771582282.984381,25.726557,0.010000,-0.005000,-0.020300,-0.004992,-0.2860,-0.002723,-0.003288,-0.619719,0.436332,0.436332,10.9083,0.7913,1,1,0.005000,0.00002500
1771582283.006601,25.748778,0.010000,-0.004300,0.002800,-0.003840,-0.2200,0.026721,-0.004057,-0.076896,0.040163,0.040163,1.0041,1.0041,1,1,0.004300,0.00001849
1771582283.015531,25.757707,0.010000,-0.004500,-0.002800,-0.001920,-0.1100,0.067981,-0.000484,0.357362,-0.047491,-0.047491,-1.1873,-0.1959,1,1,0.004500,0.00002025
1771582283.026077,25.768253,0.010000,-0.004300,0.002600,-0.001152,-0.0660,0.070162,0.003118,0.360157,-0.073376,-0.073376,-1.8344,-1.3959,1,1,0.004300,0.00001849
1771582283.026077,25.768253,0.010000,-0.004300,0.002600,-0.001152,-0.0660,0.070162,0.001810,-0.130753,-0.102120,-0.102120,-2.5530,-2.5530,1,1,0.004300,0.00001849
1771582283.045412,25.787589,0.010000,-0.004800,-0.009500,-0.000384,-0.0220,0.071785,-0.003424,-0.523482,0.436332,0.436332,10.9083,-1.3530,1,1,0.004800,0.00002304
1771582283.054192,25.796368,0.010000,-0.004900,-0.010800,0.000384,0.0220,0.073025,-0.011651,-0.822678,0.436332,0.436332,10.9083,-0.1530,1,1,0.004900,0.00002401
1771582283.066471,25.808647,0.010000,-0.004700,-0.003800,0.000384,0.0220,0.054768,-0.014044,-0.239264,0.259367,0.259367,6.4842,1.0470,1,1,0.004700,0.00002209
1771582283.066471,25.808647,0.010000,-0.004700,-0.003800,0.000384,0.0220,0.054768,-0.011769,0.227468,0.008133,0.008133,0.2033,0.2033,1,1,0.004700,0.00002209
1771582283.094635,25.836811,0.010000,-0.002600,0.050600,0.000384,0.0220,0.028414,-0.005761,0.600853,-0.294439,-0.294439,-7.3610,-0.9967,1,1,0.002600,0.00000676
1771582283.103693,25.845870,0.010000,0.000900,0.125300,0.000384,0.0220,0.021310,-0.003899,0.186186,-0.231015,-0.231015,-5.7754,-2.1967,1,1,0.000900,0.00000081
1771582283.103693,25.845870,0.010000,0.000900,0.125300,0.000384,0.0220,0.021310,-0.006598,-0.269930,-0.387575,-0.387575,-9.6894,-3.3967,1,1,0.000900,0.00000081
1771582283.125776,25.867952,0.010000,-0.004000,-0.028000,0.000384,0.0220,0.015987,-0.012946,-0.634823,0.436332,0.436332,10.9083,-2.1967,1,1,0.004000,0.00001600
1771582283.133701,25.875878,0.010000,-0.004200,-0.026200,0.000384,0.0220,0.011990,-0.022214,-0.926738,0.436332,0.436332,10.9083,-0.9967,1,1,0.004200,0.00001764
1771582283.145438,25.887615,0.010000,-0.003400,0.000800,0.000000,0.0000,-0.000593,-0.025439,-0.322511,0.427129,0.427129,10.6782,0.2033,1,1,0.003400,0.00001156
1771582283.145438,25.887615,0.010000,-0.003400,0.000800,0.000000,0.0000,-0.000593,-0.023830,0.160870,-0.012479,-0.012479,-0.3120,-0.3120,1,1,0.003400,0.00001156
1771582283.166131,25.908308,0.010000,-0.004000,-0.015200,-0.000768,-0.0440,-0.019618,-0.018354,0.547575,-0.193728,-0.193728,-4.8432,-1.5120,1,1,0.004000,0.00001600
1771582283.175013,25.917189,0.010000,-0.004100,-0.012500,-0.001920,-0.1100,-0.043476,-0.015772,0.258188,-0.044996,-0.044996,-1.1249,-1.1249,1,1,0.004100,0.00001681
1771582283.185713,25.927889,0.010000,-0.003000,0.017200,-0.002304,-0.1320,-0.042202,-0.017896,-0.212329,-0.188382,-0.188382,-4.7095,-2.3249,1,1,0.003000,0.00000900
1771582283.185713,25.927889,0.010000,-0.003000,0.017200,-0.002304,-0.1320,-0.042202,-0.018243,-0.034748,0.057608,0.057608,1.4402,-1.1249,1,1,0.003000,0.00000900
1771582283.204888,25.947065,0.010000,-0.004000,-0.013300,-0.002688,-0.1540,-0.041242,-0.022710,-0.446677,0.436317,0.436317,10.9079,0.0751,1,1,0.004000,0.00001600
1771582283.215167,25.957343,0.010000,-0.004400,-0.019200,-0.002688,-0.1540,-0.030927,-0.022095,0.061537,0.109343,0.109343,2.7336,1.2751,1,1,0.004400,0.00001936
1771582283.225934,25.968110,0.010000,-0.004400,-0.013400,-0.002688,-0.1540,-0.023195,-0.017414,0.468109,0.019425,0.019425,0.4856,0.4856,1,1,0.004400,0.00001936
1771582283.245724,25.987900,0.010000,-0.004200,-0.005000,-0.002688,-0.1540,-0.017401,-0.009480,0.793366,-0.417036,-0.417036,-10.4259,-0.7144,1,1,0.004200,0.00001764
1771582283.256947,25.999124,0.010000,-0.004100,-0.002000,-0.002688,-0.1540,-0.013055,-0.005889,0.359112,-0.040878,-0.040878,-1.0219,-1.0219,1,1,0.004100,0.00001681
1771582283.265812,26.007989,0.010000,-0.003500,0.013900,-0.002688,-0.1540,-0.009791,-0.007205,-0.131590,-0.152913,-0.152913,-3.8228,-2.2219,1,1,0.003500,0.00001225
1771582283.265812,26.007989,0.010000,-0.003500,0.013900,-0.002688,-0.1540,-0.009791,-0.009331,-0.212634,-0.127103,-0.127103,-3.1776,-3.1776,1,1,0.003500,0.00001225
1771582283.284348,26.026525,0.010000,-0.003200,0.018500,-0.002688,-0.1540,-0.007330,-0.015221,-0.588986,0.436332,0.436332,10.9083,-1.9776,1,1,0.003200,0.00001024
1771582283.294840,26.037016,0.010000,-0.004000,-0.006500,-0.002304,-0.1320,0.004084,-0.023269,-0.804765,0.436332,0.436332,10.9083,-0.7776,1,1,0.004000,0.00001600
1771582283.305682,26.047859,0.010000,-0.003800,0.000600,-0.002304,-0.1320,0.003054,-0.025518,-0.224933,0.024454,0.024454,0.6114,0.4224,1,1,0.003800,0.00001444
1771582283.305682,26.047859,0.010000,-0.003800,0.000600,-0.002304,-0.1320,0.003054,-0.023129,0.238933,-0.008000,-0.008000,-0.2000,-0.2000,1,1,0.003800,0.00001444
1771582283.324291,26.066468,0.010000,-0.002800,0.024000,-0.002688,-0.1540,-0.007295,-0.017028,0.610025,-0.282276,-0.282276,-7.0569,-1.4000,1,1,0.002800,0.00000784
1771582283.334631,26.076807,0.010000,-0.004100,-0.015000,-0.002688,-0.1540,-0.005463,-0.014321,0.270753,-0.034687,-0.034687,-0.8672,-0.8672,1,1,0.004100,0.00001681
1771582283.344744,26.086921,0.010000,-0.004400,-0.016600,-0.003072,-0.1760,-0.013683,-0.016343,-0.202277,-0.039885,-0.039885,-0.9971,-0.9971,1,1,0.004400,0.00001936
1771582283.344744,26.086921,0.010000,-0.004400,-0.016600,-0.003072,-0.1760,-0.013683,-0.016102,0.024172,0.105858,0.105858,2.6464,0.2029,1,1,0.004400,0.00001936
1771582283.374072,26.116249,0.010000,-0.004200,-0.007300,-0.002688,-0.1540,-0.000506,-0.016362,-0.026025,0.083031,0.083031,2.0758,1.4029,1,1,0.004200,0.00001764
1771582283.384911,26.127087,0.010000,-0.004200,-0.006100,-0.002688,-0.1540,-0.000384,-0.012381,0.398059,0.016572,0.016572,0.4143,0.4143,1,1,0.004200,0.00001764
1771582283.384911,26.127087,0.010000,-0.004200,-0.006100,-0.002688,-0.1540,-0.000384,-0.005008,0.737326,-0.396916,-0.396916,-9.9229,-0.7857,1,1,0.004200,0.00001764
1771582283.405471,26.147648,0.010000,-0.004700,-0.016500,-0.002688,-0.1540,-0.000279,-0.002560,0.244783,-0.062796,-0.062796,-1.5699,-1.5699,1,1,0.004700,0.00002209
1771582283.414053,26.156229,0.010000,-0.004800,-0.014300,-0.001920,-0.1100,0.018954,-0.004791,-0.223052,0.196187,0.196187,4.9047,-0.3699,1,1,0.004800,0.00002304
1771582283.424456,26.166632,0.010000,-0.004700,-0.008400,-0.001536,-0.0880,0.023806,-0.009313,-0.452181,0.436323,0.436323,10.9081,0.8301,1,1,0.004700,0.00002209
1771582283.424456,26.166632,0.010000,-0.004700,-0.008400,-0.001536,-0.0880,0.023806,-0.008741,0.057135,0.130710,0.130710,3.2678,2.0301,1,1,0.004700,0.00002209
1771582283.445724,26.187900,0.010000,-0.004700,-0.005700,-0.000768,-0.0440,0.037036,-0.004095,0.464587,0.011946,0.011946,0.2986,0.8301,1,1,0.004700,0.00002209
1771582283.454875,26.197051,0.010000,-0.004700,-0.006100,-0.000384,-0.0220,0.037367,0.003810,0.790548,-0.416003,-0.416003,-10.4001,-0.3699,1,1,0.004700,0.00002209
1771582283.464746,26.206922,0.010000,-0.004600,-0.002300,-0.000384,-0.0220,0.028013,0.005946,0.213560,-0.052336,-0.052336,-1.3084,-1.3084,1,1,0.004600,0.00002116
1771582283.464746,26.206922,0.010000,-0.004600,-0.002300,-0.000384,-0.0220,0.028013,0.003465,-0.248031,0.303633,0.303633,7.5908,-0.1084,1,1,0.004600,0.00002116
1771582283.484336,26.226513,0.010000,-0.004600,-0.000200,-0.000384,-0.0220,0.021014,-0.001795,-0.526028,0.436332,0.436332,10.9083,1.0916,1,1,0.004600,0.00002116
1771582283.496655,26.238831,0.010000,-0.004700,-0.002500,-0.000384,-0.0220,0.015760,-0.001814,-0.001943,0.090160,0.090160,2.2540,2.2540,1,1,0.004700,0.00002209
1771582283.506450,26.248626,0.010000,-0.004600,0.000200,-0.000384,-0.0220,0.011816,0.002359,0.417325,-0.043582,-0.043582,-1.0896,1.0540,1,1,0.004600,0.00002116
1771582283.525187,26.267364,0.010000,-0.004700,-0.001200,-0.000384,-0.0220,0.008866,0.009755,0.739619,-0.402794,-0.402794,-10.0698,-0.1460,1,1,0.004700,0.00002209
1771582283.535023,26.277199,0.010000,-0.004800,-0.003600,-0.000384,-0.0220,0.006650,0.011483,0.172817,-0.074541,-0.074541,-1.8635,-1.3460,1,1,0.004800,0.00002304
1771582283.545243,26.287420,0.010000,-0.004600,0.000100,0.000000,0.0000,0.014573,0.008677,-0.280626,0.394102,0.394102,9.8526,-0.1460,1,1,0.004600,0.00002116
1771582283.545243,26.287420,0.010000,-0.004600,0.000100,0.000000,0.0000,0.014573,0.002243,-0.643380,0.436332,0.436332,10.9083,1.0540,1,1,0.004600,0.00002116
1771582283.564749,26.306926,0.010000,-0.004600,0.000100,0.000000,0.0000,0.010926,0.001285,-0.095825,-0.054514,-0.054514,-1.3629,-0.1460,1,1,0.004600,0.00002116
1771582283.574166,26.316343,0.010000,-0.004700,-0.001800,0.000000,0.0000,0.008203,0.004707,0.342219,-0.078724,-0.078724,-1.9681,-1.3460,1,1,0.004700,0.00002209
1771582283.585837,26.328014,0.010000,-0.004600,0.001500,0.000000,0.0000,0.006144,0.003256,-0.145104,-0.173938,-0.173938,-4.3484,-2.5460,1,1,0.004600,0.00002116
1771582283.585837,26.328014,0.010000,-0.004600,0.001500,0.000000,0.0000,0.006144,-0.002094,-0.534962,0.436332,0.436332,10.9083,-1.3460,1,1,0.004600,0.00002116
1771582283.605391,26.347568,0.010000,-0.004600,0.000700,0.000000,0.0000,0.004608,-0.010562,-0.846849,0.436332,0.436332,10.9083,-0.1460,1,1,0.004600,0.00002116
1771582283.615831,26.358008,0.010000,-0.004700,-0.002100,-0.000384,-0.0220,-0.006126,-0.013148,-0.258600,0.313617,0.313617,7.8404,1.0540,1,1,0.004700,0.00002209
1771582283.623716,26.365892,0.010000,-0.004600,0.000900,-0.000384,-0.0220,-0.004590,-0.011028,0.211999,-0.026458,-0.026458,-0.6614,-0.1460,1,1,0.004600,0.00002116
1771582283.623716,26.365892,0.010000,-0.004600,0.000900,-0.000384,-0.0220,-0.004590,-0.005143,0.588478,-0.263142,-0.263142,-6.5786,-1.3460,1,1,0.004600,0.00002116
1771582283.645086,26.387263,0.010000,-0.004600,0.001100,-0.000768,-0.0440,-0.013038,-0.004624,0.051904,0.112765,0.112765,2.8191,-0.1460,1,1,0.004600,0.00002116
1771582283.664291,26.406467,0.010000,-0.004600,0.002800,-0.000768,-0.0440,-0.007330,-0.008398,-0.377356,0.435814,0.435814,10.8953,1.0540,1,1,0.004600,0.00002116
1771582283.664291,26.406467,0.010000,-0.004600,0.002800,-0.000768,-0.0440,-0.007330,-0.007228,0.116994,0.049481,0.049481,1.2370,1.2370,1,1,0.004600,0.00002116
1771582283.686101,26.428277,0.010000,-0.004600,0.000200,-0.000768,-0.0440,-0.005498,-0.002103,0.512474,-0.098763,-0.098763,-2.4691,0.0370,1,1,0.004600,0.00002116
1771582283.695700,26.437877,0.010000,-0.004800,-0.003100,-0.000768,-0.0440,-0.004119,0.002636,0.473865,-0.014086,-0.014086,-0.3522,-0.3522,1,1,0.004800,0.00002304
1771582283.705017,26.447193,0.010000,-0.004600,0.002000,-0.000768,-0.0440,-0.003089,0.002238,-0.039787,0.057036,0.057036,1.4259,0.8478,1,1,0.004600,0.00002116
1771582283.705017,26.447193,0.010000,-0.004600,0.002000,-0.000768,-0.0440,-0.003089,0.000561,-0.167677,-0.164662,-0.164662,-4.1165,-0.3522,1,1,0.004600,0.00002116
1771582283.725788,26.467964,0.010000,-0.004700,-0.000600,-0.000768,-0.0440,-0.002321,0.003408,0.284737,-0.086128,-0.086128,-2.1532,-1.5522,1,1,0.004700,0.00002209
1771582283.733679,26.475855,0.010000,-0.004800,-0.002600,-0.000384,-0.0220,0.007854,0.001497,-0.191089,-0.121262,-0.121262,-3.0315,-2.7522,1,1,0.004800,0.00002304
1771582283.744427,26.486603,0.010000,-0.004600,0.002700,-0.000384,-0.0220,0.005882,-0.004220,-0.571750,0.436332,0.436332,10.9083,-1.5522,1,1,0.004600,0.00002116
1771582283.744427,26.486603,0.010000,-0.004600,0.002700,-0.000384,-0.0220,0.005882,-0.012983,-0.876279,0.436332,0.436332,10.9083,-0.3522,1,1,0.004600,0.00002116
1771582283.766981,26.509158,0.010000,-0.004600,0.001200,0.000000,0.0000,0.013998,-0.015804,-0.282144,0.389374,0.389374,9.7343,0.8478,1,1,0.004600,0.00002116
1771582283.776726,26.518902,0.010000,-0.004700,-0.001200,-0.000384,-0.0220,0.000908,-0.013873,0.193163,-0.022045,-0.022045,-0.5511,-0.3522,1,1,0.004700,0.00002209
1771582283.784987,26.527164,0.010000,-0.004600,0.002700,-0.000384,-0.0220,0.000681,-0.008139,0.573410,-0.238960,-0.238960,-5.9740,-1.5522,1,1,0.004600,0.00002116
1771582283.804550,26.546726,0.010000,-0.004700,-0.000900,-0.000768,-0.0440,-0.009076,-0.007740,0.039849,0.117645,0.117645,2.9411,-0.3522,1,1,0.004700,0.00002209
1771582283.814777,26.556953,0.010000,-0.004700,-0.002200,-0.000768,-0.0440,-0.006807,-0.011610,-0.387000,0.436058,0.436058,10.9014,0.8478,1,1,0.004700,0.00002209
1771582283.824835,26.567011,0.010000,-0.004600,0.002500,-0.000768,-0.0440,-0.005096,-0.010517,0.109279,0.068199,0.068199,1.7050,1.7050,1,1,0.004600,0.00002116
1771582283.824835,26.567011,0.010000,-0.004600,0.002500,-0.000768,-0.0440,-0.005096,-0.005454,0.506302,-0.086667,-0.086667,-2.1667,0.5050,1,1,0.004600,0.00002116
1771582283.844430,26.586607,0.010000,-0.004600,-0.000100,-0.000768,-0.0440,-0.003822,0.001588,0.704234,-0.382756,-0.382756,-9.5689,-0.6950,1,1,0.004600,0.00002116
1771582283.856161,26.598338,0.010000,-0.004700,-0.000600,-0.000768,-0.0440,-0.002862,0.003033,0.144508,-0.008364,-0.008364,-0.2091,-0.2091,1,1,0.004700,0.00002209
1771582283.865577,26.607754,0.010000,-0.004500,0.002600,-0.000768,-0.0440,-0.002147,0.000000,-0.303272,0.416932,0.416932,10.4233,0.9909,1,1,0.004500,0.00002025
1771582283.865577,26.607754,0.010000,-0.004500,0.002600,-0.000768,-0.0440,-0.002147,-0.000730,-0.072995,0.018677,0.018677,0.4669,0.4669,1,1,0.004500,0.00002025
1771582283.885711,26.627888,0.010000,-0.004600,0.001000,0.000000,0.0000,0.017558,0.002875,0.360483,-0.080652,-0.080652,-2.0163,-0.7331,1,1,0.004600,0.00002116
1771582283.893727,26.635904,0.010000,-0.004700,-0.001700,0.000768,0.0440,0.032341,0.003930,0.105486,0.072433,0.072433,1.8108,0.4669,1,1,0.004700,0.00002209
1771582283.904133,26.646309,0.010000,-0.004500,0.003100,0.001152,0.0660,0.033842,0.000585,-0.334490,0.432861,0.432861,10.8215,1.6669,1,1,0.004500,0.00002025
1771582283.904133,26.646309,0.010000,-0.004500,0.003100,0.001152,0.0660,0.033842,0.002098,0.151287,0.001162,0.001162,0.0291,0.4669,1,1,0.004500,0.00002025
1771582283.934291,26.676468,0.010000,-0.004600,-0.000000,0.001536,0.0880,0.026232,0.007497,0.539908,-0.159634,-0.159634,-3.9909,-0.7331,1,1,0.004600,0.00002116
1771582283.945167,26.687344,0.010000,-0.004500,0.003400,0.001536,0.0880,0.019670,0.007628,0.013048,0.090659,0.090659,2.2665,0.4669,1,1,0.004500,0.00002025
1771582283.945167,26.687344,0.010000,-0.004500,0.003400,0.001536,0.0880,0.019670,0.003543,-0.408441,0.436236,0.436236,10.9059,1.6669,1,1,0.004500,0.00002025
1771582283.965045,26.707222,0.010000,-0.004500,0.002000,0.001920,0.1100,0.024347,0.004464,0.092126,0.082782,0.082782,2.0695,2.0695,1,1,0.004500,0.00002025
1771582283.975386,26.717562,0.010000,-0.004600,-0.000500,0.001536,0.0880,0.008674,0.009390,0.492580,-0.072290,-0.072290,-1.8072,0.8695,1,1,0.004600,0.00002116
1771582283.984320,26.726497,0.010000,-0.004400,0.003200,0.001536,0.0880,0.006493,0.014736,0.534600,-0.153452,-0.153452,-3.8363,-0.3305,1,1,0.004400,0.00001936
1771582283.984320,26.726497,0.010000,-0.004400,0.003200,0.001536,0.0880,0.006493,0.014824,0.008801,0.075896,0.075896,1.8974,0.8695,1,1,0.004400,0.00001936
1771582284.005227,26.747403,0.010000,-0.004500,0.000900,0.001920,0.1100,0.014469,0.010706,-0.411838,0.436262,0.436262,10.9066,2.0695,1,1,0.004500,0.00002025
1771582284.015366,26.757542,0.010000,-0.004600,-0.001800,0.002304,0.1320,0.020438,0.011600,0.089408,0.065465,0.065465,1.6366,1.6366,1,1,0.004600,0.00002116
1771582284.025099,26.767276,0.010000,-0.004400,0.002500,0.002304,0.1320,0.015324,0.016504,0.490406,-0.087240,-0.087240,-2.1810,0.4366,1,1,0.004400,0.00001936
1771582284.025099,26.767276,0.010000,-0.004400,0.002500,0.002304,0.1320,0.015324,0.018916,0.241212,-0.125379,-0.125379,-3.1345,-0.7634,1,1,0.004400,0.00001936
1771582284.048631,26.790807,0.010000,-0.004500,0.000200,0.002304,0.1320,0.011502,0.016657,-0.225909,0.161127,0.161127,4.0282,0.4366,1,1,0.004500,0.00002025
1771582284.056093,26.798270,0.010000,-0.004500,-0.001000,0.002688,0.1540,0.018204,0.010661,-0.599606,0.436332,0.436332,10.9083,1.6366,1,1,0.004500,0.00002025
1771582284.065395,26.807571,0.010000,-0.004400,0.002000,0.002688,0.1540,0.013648,0.010053,-0.060806,0.026812,0.026812,0.6703,0.6703,1,1,0.004400,0.00001936
1771582284.065395,26.807571,0.010000,-0.004400,0.002000,0.002688,0.1540,0.013648,0.013755,0.370234,-0.128005,-0.128005,-3.2001,-0.5297,1,1,0.004400,0.00001936
1771582284.094405,26.836582,0.010000,-0.004500,-0.001300,0.002688,0.1540,0.007679,0.013344,-0.041130,0.043498,0.043498,1.0875,0.6703,1,1,0.004500,0.00002025
1771582284.105269,26.847446,0.010000,-0.004400,0.001700,0.002304,0.1320,-0.003822,0.008826,-0.451783,0.436322,0.436322,10.9080,1.8703,1,1,0.004400,0.00001936
1771582284.105269,26.847446,0.010000,-0.004400,0.001700,0.002304,0.1320,-0.003822,0.009401,0.057453,0.074579,0.074579,1.8645,1.8645,1,1,0.004400,0.00001936
1771582284.125861,26.868038,0.010000,-0.004500,-0.000600,0.002304,0.1320,-0.002862,0.014049,0.464841,-0.073232,-0.073232,-1.8308,0.6645,1,1,0.004500,0.00002025
1771582284.133692,26.875868,0.010000,-0.004500,-0.001800,0.002304,0.1320,-0.002147,0.017748,0.369846,-0.128643,-0.128643,-3.2161,-0.5355,1,1,0.004500,0.00002025
1771582284.144316,26.886493,0.010000,-0.004400,0.001600,0.002688,0.1540,0.007976,0.016518,-0.123002,-0.174112,-0.174112,-4.3528,-1.7355,1,1,0.004400,0.00001936
1771582284.144316,26.886493,0.010000,-0.004400,0.001600,0.002688,0.1540,0.007976,0.011345,-0.517281,0.436332,0.436332,10.9083,-0.5355,1,1,0.004400,0.00001936
1771582284.166253,26.908430,0.010000,-0.004500,0.000500,0.002688,0.1540,0.005986,0.003018,-0.832704,0.436332,0.436332,10.9083,0.6645,1,1,0.004500,0.00002025
1771582284.174622,26.916799,0.010000,-0.004500,-0.002000,0.002688,0.1540,0.004485,0.000545,-0.247284,0.276846,0.276846,6.9211,1.8645,1,1,0.004500,0.00002025
1771582284.186051,26.928227,0.010000,-0.004400,0.002400,0.002688,0.1540,0.003368,0.002755,0.221052,-0.075510,-0.075510,-1.8877,0.6645,1,1,0.004400,0.00001936
1771582284.186051,26.928227,0.010000,-0.004400,0.002400,0.002688,0.1540,0.003368,0.008713,0.595720,-0.280973,-0.280973,-7.0243,-0.5355,1,1,0.004400,0.00001936
1771582284.204911,26.947087,0.010000,-0.004400,0.000900,0.002688,0.1540,0.002531,0.009290,0.057697,0.076241,0.076241,1.9060,0.6645,1,1,0.004400,0.00001936
1771582284.214868,26.957044,0.010000,-0.004600,-0.003100,0.002304,0.1320,-0.007697,0.005562,-0.372721,0.435891,0.435891,10.8973,1.8645,1,1,0.004600,0.00002116
1771582284.225951,26.968128,0.010000,-0.004400,0.001800,0.002304,0.1320,-0.005777,0.006769,0.120702,-0.005085,-0.005085,-0.1271,0.6645,1,1,0.004400,0.00001936
1771582284.245083,26.987259,0.010000,-0.004500,-0.000000,0.002304,0.1320,-0.004328,0.011924,0.515441,-0.127395,-0.127395,-3.1849,-0.5355,1,1,0.004500,0.00002025
1771582284.254637,26.996813,0.010000,-0.004600,-0.002300,0.002304,0.1320,-0.003246,0.011859,-0.006526,0.065363,0.065363,1.6341,0.6645,1,1,0.004600,0.00002116
1771582284.265166,27.007343,0.010000,-0.004500,-0.000200,0.002304,0.1320,-0.002443,0.007618,-0.424100,0.436293,0.436293,10.9073,1.8645,1,1,0.004500,0.00002025
1771582284.265166,27.007343,0.010000,-0.004500,-0.000200,0.002304,0.1320,-0.002443,0.008413,0.079599,0.066156,0.066156,1.6539,1.6539,1,1,0.004500,0.00002025
1771582284.286007,27.028184,0.010000,-0.004500,0.001000,0.002304,0.1320,-0.001833,0.013239,0.482558,-0.076449,-0.076449,-1.9112,0.4539,1,1,0.004500,0.00002025
1771582284.293775,27.035952,0.010000,-0.004500,-0.001400,0.002304,0.1320,-0.001361,0.016364,0.312539,-0.135013,-0.135013,-3.3753,-0.7461,1,1,0.004500,0.00002025
1771582284.304254,27.046431,0.010000,-0.004400,0.003200,0.002304,0.1320,-0.001030,0.014676,-0.168848,-0.208330,-0.208330,-5.2082,-1.9461,1,1,0.004400,0.00001936
1771582284.304254,27.046431,0.010000,-0.004400,0.003200,0.002304,0.1320,-0.001030,0.009136,-0.553958,0.436332,0.436332,10.9083,-0.7461,1,1,0.004400,0.00001936
1771582284.335263,27.077440,0.010000,-0.004600,-0.003000,0.002688,0.1540,0.009006,0.000516,-0.862045,0.436332,0.436332,10.9083,0.4539,1,1,0.004600,0.00002116
1771582284.345700,27.087877,0.010000,-0.004400,0.002100,0.002304,0.1320,-0.002827,-0.002192,-0.270757,0.356876,0.356876,8.9219,1.6539,1,1,0.004400,0.00001936
1771582284.345700,27.087877,0.010000,-0.004400,0.002100,0.002304,0.1320,-0.002827,-0.000169,0.202273,-0.057655,-0.057655,-1.4414,0.4539,1,1,0.004400,0.00001936
1771582284.365609,27.107785,0.010000,-0.004400,0.000600,0.002304,0.1320,-0.002129,0.005638,0.580698,-0.261583,-0.261583,-6.5396,-0.7461,1,1,0.004400,0.00001936
1771582284.375248,27.117424,0.010000,-0.004600,-0.002500,0.001920,0.1100,-0.011188,0.006095,0.045679,0.074182,0.074182,1.8546,0.4539,1,1,0.004600,0.00002116
1771582284.384825,27.127001,0.010000,-0.004400,0.003300,0.001920,0.1100,-0.008378,0.002272,-0.382336,0.435960,0.435960,10.8990,1.6539,1,1,0.004400,0.00001936
1771582284.384825,27.127001,0.010000,-0.004400,0.003300,0.001920,0.1100,-0.008378,0.003402,0.113010,0.014851,0.014851,0.3713,0.4539,1,1,0.004400,0.00001936
1771582284.404288,27.146464,0.010000,-0.004400,0.000500,0.001536,0.0880,-0.015882,0.008495,0.509287,-0.112043,-0.112043,-2.8011,-0.7461,1,1,0.004400,0.00001936
1771582284.415457,27.157634,0.010000,-0.004500,-0.001900,0.001536,0.0880,-0.011903,0.008380,-0.011449,0.064199,0.064199,1.6050,0.4539,1,1,0.004500,0.00002025
1771582284.423713,27.165890,0.010000,-0.004400,0.001400,0.001920,0.1100,0.000663,0.004100,-0.428038,0.436296,0.436296,10.9074,1.6539,1,1,0.004400,0.00001936
1771582284.423713,27.165890,0.010000,-0.004400,0.001400,0.001920,0.1100,0.000663,0.004864,0.076448,0.080541,0.080541,2.0135,2.0135,1,1,0.004400,0.00001936
1771582284.455027,27.197203,0.010000,-0.004500,-0.001300,0.001920,0.1100,0.000367,0.009664,0.480038,-0.061947,-0.061947,-1.5487,0.8135,1,1,0.004500,0.00002025
1771582284.465717,27.207894,0.010000,-0.004400,0.002200,0.001920,0.1100,0.000279,0.014760,0.509563,-0.114501,-0.114501,-2.8625,-0.3865,1,1,0.004400,0.00001936
1771582284.465717,27.207894,0.010000,-0.004400,0.002200,0.001920,0.1100,0.000279,0.014648,-0.011229,0.065283,0.065283,1.6321,0.8135,1,1,0.004400,0.00001936
1771582284.484882,27.227058,0.010000,-0.004400,0.001400,0.001920,0.1100,0.000209,0.010369,-0.427862,0.436299,0.436299,10.9075,2.0135,1,1,0.004400,0.00001936
1771582284.493733,27.235910,0.010000,-0.004500,-0.001500,0.002688,0.1540,0.019338,0.011135,0.076589,0.077151,0.077151,1.9288,1.9288,1,1,0.004500,0.00002025
1771582284.504256,27.246432,0.010000,-0.004400,0.001600,0.002688,0.1540,0.014504,0.015937,0.480151,-0.087104,-0.087104,-2.1776,0.7288,1,1,0.004400,0.00001936
1771582284.504256,27.246432,0.010000,-0.004400,0.001600,0.002688,0.1540,0.014504,0.019482,0.354541,-0.138195,-0.138195,-3.4549,-0.4712,1,1,0.004400,0.00001936
1771582284.524701,27.266878,0.010000,-0.004400,-0.000400,0.002688,0.1540,0.010873,0.018130,-0.135246,-0.193087,-0.193087,-4.8272,-1.6712,1,1,0.004400,0.00001936
1771582284.536109,27.278285,0.010000,-0.004500,-0.002800,0.002688,0.1540,0.008151,0.012859,-0.527076,0.436332,0.436332,10.9083,-0.4712,1,1,0.004500,0.00002025
1771582284.544439,27.286616,0.010000,-0.004400,0.001600,0.002688,0.1540,0.006109,0.004453,-0.840540,0.436332,0.436332,10.9083,0.7288,1,1,0.004400,0.00001936
1771582284.544439,27.286616,0.010000,-0.004400,0.001600,0.002688,0.1540,0.006109,0.001918,-0.253553,0.296983,0.296983,7.4246,1.9288,1,1,0.004400,0.00001936
1771582284.565559,27.307736,0.010000,-0.004400,0.000800,0.002688,0.1540,0.004590,0.004078,0.216037,-0.074113,-0.074113,-1.8528,0.7288,1,1,0.004400,0.00001936
1771582284.574693,27.316869,0.010000,-0.004500,-0.002000,0.002304,0.1320,-0.006144,0.009995,0.591708,-0.273989,-0.273989,-6.8497,-0.4712,1,1,0.004500,0.00002025
1771582284.585335,27.327511,0.010000,-0.004400,0.002200,0.002304,0.1320,-0.004608,0.010540,0.054488,0.071505,0.071505,1.7876,0.7288,1,1,0.004400,0.00001936
1771582284.604904,27.347080,0.010000,-0.004400,0.000900,0.001920,0.1100,-0.013038,0.006787,-0.375289,0.435876,0.435876,10.8969,1.9288,1,1,0.004400,0.00001936
1771582284.614398,27.356575,0.010000,-0.004500,-0.001500,0.002304,0.1320,-0.000192,0.007974,0.118648,-0.002579,-0.002579,-0.0645,0.7288,1,1,0.004500,0.00002025
1771582284.625642,27.367818,0.010000,-0.004400,0.001900,0.002304,0.1320,-0.000140,0.013112,0.513797,-0.125069,-0.125069,-3.1267,-0.4712,1,1,0.004400,0.00001936
1771582284.625642,27.367818,0.010000,-0.004400,0.001900,0.002304,0.1320,-0.000140,0.013033,-0.007841,0.065923,0.065923,1.6481,0.7288,1,1,0.004400,0.00001936
1771582284.646011,27.388188,0.010000,-0.004400,0.001000,0.002304,0.1320,-0.000105,0.008782,-0.425152,0.436294,0.436294,10.9073,1.9288,1,1,0.004400,0.00001936
1771582284.653493,27.395670,0.010000,-0.004500,-0.001800,0.002304,0.1320,-0.000087,0.009569,0.078757,0.064835,0.064835,1.6209,1.6209,1,1,0.004500,0.00002025
1771582284.663875,27.406052,0.010000,-0.004300,0.002400,0.002304,0.1320,-0.000070,0.014388,0.481885,-0.085436,-0.085436,-2.1359,0.4209,1,1,0.004300,0.00001849
1771582284.663875,27.406052,0.010000,-0.004300,0.002400,0.002304,0.1320,-0.000070,0.017169,0.278024,-0.140814,-0.140814,-3.5204,-0.7791,1,1,0.004300,0.00001849
1771582284.684466,27.426643,0.010000,-0.004300,0.001700,0.002304,0.1320,-0.000052,0.015204,-0.196460,-0.096928,-0.096928,-2.4232,-1.9791,1,1,0.004300,0.00001849
1771582284.704533,27.446710,0.010000,-0.004300,0.002000,0.002688,0.1540,0.007156,0.009443,-0.576047,0.436332,0.436332,10.9083,-0.7791,1,1,0.004300,0.00001849
1771582284.704533,27.446710,0.010000,-0.004300,0.002000,0.002688,0.1540,0.007156,0.000646,-0.879717,0.436332,0.436332,10.9083,0.4209,1,1,0.004300,0.00001849
1771582284.726173,27.468349,0.010000,-0.004400,-0.000000,0.002688,0.1540,0.005376,-0.002203,-0.284894,0.396510,0.396510,9.9128,1.6209,1,1,0.004400,0.00001936
1771582284.734103,27.476279,0.010000,-0.004500,-0.001700,0.001920,0.1100,-0.015149,-0.000293,0.190964,-0.065162,-0.065162,-1.6290,0.4209,1,1,0.004500,0.00002025
1771582284.746546,27.488723,0.010000,-0.004300,0.002500,0.001536,0.0880,-0.020944,0.005423,0.571650,-0.251782,-0.251782,-6.2945,-0.7791,1,1,0.004300,0.00001849
1771582284.746546,27.488723,0.010000,-0.004300,0.002500,0.001536,0.0880,-0.020944,0.005808,0.038441,0.072027,0.072027,1.8007,0.4209,1,1,0.004300,0.00001849
1771582284.765915,27.508091,0.010000,-0.004400,0.000000,0.001152,0.0660,-0.025290,0.001927,-0.388126,0.436074,0.436074,10.9019,1.6209,1,1,0.004400,0.00001936
1771582284.775689,27.517866,0.010000,-0.004400,-0.001700,0.001152,0.0660,-0.018972,0.003010,0.108378,0.012333,0.012333,0.3083,0.4209,1,1,0.004400,0.00001936
1771582284.784998,27.527174,0.010000,-0.004300,0.001600,0.001152,0.0660,-0.014224,0.008066,0.505581,-0.101784,-0.101784,-2.5446,-0.7791,1,1,0.004300,0.00001849
1771582284.784998,27.527174,0.010000,-0.004300,0.001600,0.001152,0.0660,-0.014224,0.007922,-0.014414,0.064686,0.064686,1.6171,0.4209,1,1,0.004300,0.00001849
1771582284.804318,27.546494,0.010000,-0.004300,0.001400,0.001536,0.0880,-0.001082,0.003618,-0.430410,0.436300,0.436300,10.9075,1.6209,1,1,0.004300,0.00001849
1771582284.816713,27.558889,0.010000,-0.004500,-0.002200,0.001920,0.1100,0.008779,0.004363,0.074551,0.086589,0.086589,2.1647,2.1647,1,1,0.004500,0.00002025
1771582284.824551,27.566728,0.010000,-0.004400,0.000300,0.002304,0.1320,0.016162,0.009149,0.478520,-0.061090,-0.061090,-1.5272,0.9647,1,1,0.004400,0.00001936
1771582284.824551,27.566728,0.010000,-0.004400,0.000300,0.002304,0.1320,0.016162,0.014875,0.572662,-0.233673,-0.233673,-5.8418,-0.2353,1,1,0.004400,0.00001936
1771582284.844558,27.586735,0.010000,-0.004400,0.000500,0.002304,0.1320,0.012130,0.015268,0.039251,0.074017,0.074017,1.8504,0.9647,1,1,0.004400,0.00001936
1771582284.863667,27.605844,0.010000,-0.004300,0.001700,0.002304,0.1320,0.006824,0.011393,-0.387478,0.436091,0.436091,10.9023,2.1647,1,1,0.004300,0.00001849
1771582284.863667,27.605844,0.010000,-0.004300,0.001700,0.002304,0.1320,0.006824,0.012482,0.108896,0.012812,0.012812,0.3203,0.9647,1,1,0.004300,0.00001849
1771582284.863667,27.605844,0.010000,-0.004300,0.001700,0.002304,0.1320,0.006824,0.017542,0.505996,-0.114487,-0.114487,-2.8622,-0.2353,1,1,0.004300,0.00001849
1771582284.895043,27.637220,0.010000,-0.004400,-0.001600,0.002304,0.1320,0.003840,0.017401,-0.014082,0.059887,0.059887,1.4972,0.9647,1,1,0.004400,0.00001936
1771582284.904265,27.646442,0.010000,-0.004300,0.001000,0.002304,0.1320,0.002880,0.013100,-0.430145,0.436304,0.436304,10.9076,2.1647,1,1,0.004300,0.00001849
1771582284.904265,27.646442,0.010000,-0.004300,0.001000,0.002304,0.1320,0.002880,0.013847,0.074763,0.062190,0.062190,1.5547,1.5547,1,1,0.004300,0.00001849
1771582284.926133,27.668309,0.010000,-0.004300,0.001900,0.002304,0.1320,0.002164,0.018634,0.478690,-0.094568,-0.094568,-2.3642,0.3547,1,1,0.004300,0.00001849
1771582284.934472,27.676649,0.010000,-0.004400,-0.002200,0.002304,0.1320,0.001623,0.020334,0.170024,-0.115516,-0.115516,-2.8879,-0.8453,1,1,0.004400,0.00001936
1771582284.944833,27.687010,0.010000,-0.004300,0.001700,0.002304,0.1320,0.001222,0.017506,-0.282860,0.395171,0.395171,9.8793,0.3547,1,1,0.004300,0.00001849
1771582284.944833,27.687010,0.010000,-0.004300,0.001700,0.002304,0.1320,0.001222,0.011054,-0.645167,0.436332,0.436332,10.9083,1.5547,1,1,0.004300,0.00001849
1771582284.964083,27.706259,0.010000,-0.004300,0.000500,0.002304,0.1320,0.000908,0.010082,-0.097255,-0.107247,-0.107247,-2.6812,0.3547,1,1,0.004300,0.00001849
1771582284.973701,27.715878,0.010000,-0.004400,-0.002000,0.002304,0.1320,0.000681,0.013492,0.341075,-0.117188,-0.117188,-2.9297,-0.8453,1,1,0.004400,0.00001936
1771582284.983346,27.725522,0.010000,-0.004300,0.001100,0.002304,0.1320,0.000506,0.012032,-0.146019,-0.204440,-0.204440,-5.1110,-2.0453,1,1,0.004300,0.00001849
1771582284.983346,27.725522,0.010000,-0.004300,0.001100,0.002304,0.1320,0.000506,0.006675,-0.535694,0.436332,0.436332,10.9083,-0.8453,1,1,0.004300,0.00001849
1771582285.015058,27.757234,0.010000,-0.004400,-0.001600,0.002304,0.1320,0.000297,-0.001799,-0.847434,0.436332,0.436332,10.9083,0.3547,1,1,0.004400,0.00001936
1771582285.024606,27.766783,0.010000,-0.004300,0.002700,0.002304,0.1320,0.000209,-0.004390,-0.259068,0.310000,0.310000,7.7500,1.5547,1,1,0.004300,0.00001849
1771582285.024606,27.766783,0.010000,-0.004300,0.002700,0.002304,0.1320,0.000209,-0.002274,0.211624,-0.056118,-0.056118,-1.4030,0.3547,1,1,0.004300,0.00001849
1771582285.046613,27.788789,0.010000,-0.004300,0.001600,0.001920,0.1100,-0.009425,0.003608,0.588178,-0.274318,-0.274318,-6.8579,-0.8453,1,1,0.004300,0.00001849
1771582285.055360,27.797536,0.010000,-0.004400,-0.002300,0.001152,0.0660,-0.026250,0.004125,0.051664,0.071534,0.071534,1.7884,0.3547,1,1,0.004400,0.00001936
1771582285.064762,27.806939,0.010000,-0.004300,0.001000,0.001152,0.0660,-0.019687,0.000349,-0.377548,0.435879,0.435879,10.8970,1.5547,1,1,0.004300,0.00001849
1771582285.064762,27.806939,0.010000,-0.004300,0.001000,0.001152,0.0660,-0.019687,0.001518,0.116841,0.003500,0.003500,0.0875,0.3547,1,1,0.004300,0.00001849
1771582285.084803,27.826980,0.010000,-0.004300,0.001200,0.001152,0.0660,-0.014765,0.006641,0.512352,-0.113164,-0.113164,-2.8291,-0.8453,1,1,0.004300,0.00001849
1771582285.094049,27.836225,0.010000,-0.004400,-0.002300,0.001152,0.0660,-0.011065,0.006551,-0.008998,0.066915,0.066915,1.6729,0.3547,1,1,0.004400,0.00001936
1771582285.107404,27.849581,0.010000,-0.004300,0.001000,0.001152,0.0660,-0.008308,0.002291,-0.426077,0.436292,0.436292,10.9073,1.5547,1,1,0.004300,0.00001849
1771582285.107404,27.849581,0.010000,-0.004300,0.001000,0.001152,0.0660,-0.008308,0.003071,0.078017,0.077397,0.077397,1.9349,1.9349,1,1,0.004300,0.00001849
1771582285.124931,27.867108,0.010000,-0.004300,0.000900,0.001536,0.0880,0.003351,0.007884,0.481293,-0.060484,-0.060484,-1.5121,0.7349,1,1,0.004300,0.00001849
1771582285.135186,27.877363,0.010000,-0.004400,-0.002500,0.001536,0.0880,0.002513,0.013061,0.517747,-0.122485,-0.122485,-3.0621,-0.4651,1,1,0.004400,0.00001936
1771582285.145824,27.888001,0.010000,-0.004300,0.000500,0.001536,0.0880,0.001885,0.013014,-0.004682,0.068758,0.068758,1.7189,0.7349,1,1,0.004300,0.00001849
1771582285.165980,27.908156,0.010000,-0.004400,-0.000300,0.001920,0.1100,0.011013,0.008788,-0.422624,0.436291,0.436291,10.9073,1.9349,1,1,0.004400,0.00001936
1771582285.174201,27.916378,0.010000,-0.004500,-0.002800,0.002304,0.1320,0.017837,0.009596,0.080780,0.074963,0.074963,1.8741,1.8741,1,1,0.004500,0.00002025
1771582285.184917,27.927094,0.010000,-0.004300,0.001600,0.002688,0.1540,0.022969,0.014431,0.483503,-0.084212,-0.084212,-2.1053,0.6741,1,1,0.004300,0.00001849
1771582285.184917,27.927094,0.010000,-0.004300,0.001600,0.002688,0.1540,0.022969,0.018087,0.365558,-0.140202,-0.140202,-3.5050,-0.5259,1,1,0.004300,0.00001849
1771582285.205179,27.947356,0.010000,-0.004400,0.000100,0.002688,0.1540,0.017226,0.016822,-0.126432,-0.173701,-0.173701,-4.3425,-1.7259,1,1,0.004400,0.00001936
1771582285.216230,27.958407,0.010000,-0.004400,-0.000900,0.003072,0.1760,0.022515,0.011622,-0.520025,0.436332,0.436332,10.9083,-0.5259,1,1,0.004400,0.00001936
1771582285.224564,27.966740,0.010000,-0.004300,0.001000,0.003072,0.1760,0.016877,0.003273,-0.834899,0.436332,0.436332,10.9083,0.6741,1,1,0.004300,0.00001849
1771582285.224564,27.966740,0.010000,-0.004300,0.001000,0.003072,0.1760,0.016877,0.000783,-0.249040,0.278222,0.278222,6.9555,1.8741,1,1,0.004300,0.00001849
1771582285.244401,27.986578,0.010000,-0.004300,0.000400,0.003072,0.1760,0.012654,0.002979,0.219647,-0.073555,-0.073555,-1.8389,0.6741,1,1,0.004300,0.00001849
1771582285.254751,27.996928,0.010000,-0.004400,-0.001700,0.002688,0.1540,-0.000087,0.008925,0.594597,-0.279240,-0.279240,-6.9810,-0.5259,1,1,0.004400,0.00001936
1771582285.264874,28.007051,0.010000,-0.004300,0.000900,0.002304,0.1320,-0.009652,0.009493,0.056798,0.068508,0.068508,1.7127,0.6741,1,1,0.004300,0.00001849
1771582285.285183,28.027359,0.010000,-0.004400,0.000100,0.002304,0.1320,-0.007243,0.005759,-0.373440,0.435848,0.435848,10.8962,1.8741,1,1,0.004400,0.00001936
1771582285.293560,28.035737,0.010000,-0.004400,-0.002100,0.002304,0.1320,-0.005428,0.006960,0.120127,-0.007614,-0.007614,-0.1903,0.6741,1,1,0.004400,0.00001936
1771582285.304628,28.046804,0.010000,-0.004300,0.001800,0.002304,0.1320,-0.004067,0.012110,0.514980,-0.129156,-0.129156,-3.2289,-0.5259,1,1,0.004300,0.00001849
1771582285.304628,28.046804,0.010000,-0.004300,0.001800,0.002304,0.1320,-0.004067,0.012041,-0.006895,0.064956,0.064956,1.6239,0.6741,1,1,0.004300,0.00001849
1771582285.325398,28.067575,0.010000,-0.004400,0.000300,0.002688,0.1540,0.006528,0.007797,-0.424395,0.436293,0.436293,10.9073,1.8741,1,1,0.004400,0.00001936
1771582285.334389,28.076566,0.010000,-0.004500,-0.002200,0.002688,0.1540,0.004904,0.008590,0.079363,0.067947,0.067947,1.6987,1.6987,1,1,0.004500,0.00002025
1771582285.343030,28.085207,0.010000,-0.004300,0.001800,0.002688,0.1540,0.003683,0.013414,0.482370,-0.086967,-0.086967,-2.1742,0.4987,1,1,0.004300,0.00001849
1771582285.343030,28.085207,0.010000,-0.004300,0.001800,0.002688,0.1540,0.003683,0.016661,0.324671,-0.141059,-0.141059,-3.5265,-0.7013,1,1,0.004300,0.00001849
1771582285.365375,28.107552,0.010000,-0.004400,-0.001000,0.002688,0.1540,0.002758,0.015069,-0.159143,-0.197949,-0.197949,-4.9487,-1.9013,1,1,0.004400,0.00001936
1771582285.374696,28.116873,0.010000,-0.004500,-0.002900,0.002688,0.1540,0.002059,0.009607,-0.546193,0.436332,0.436332,10.9083,-0.7013,1,1,0.004500,0.00002025
1771582285.385905,28.128081,0.010000,-0.004300,0.001500,0.002688,0.1540,0.001553,0.001049,-0.855834,0.436332,0.436332,10.9083,0.4987,1,1,0.004300,0.00001849
1771582285.385905,28.128081,0.010000,-0.004300,0.001500,0.002688,0.1540,0.001553,-0.001609,-0.265788,0.343716,0.343716,8.5929,1.6987,1,1,0.004300,0.00001849
1771582285.404770,28.146947,0.010000,-0.004300,0.001700,0.002688,0.1540,0.001169,0.000454,0.206249,-0.061768,-0.061768,-1.5442,0.4987,1,1,0.004300,0.00001849
1771582285.424314,28.166490,0.010000,-0.004300,0.001600,0.001920,0.1100,-0.016127,0.006292,0.583878,-0.269068,-0.269068,-6.7267,-0.7013,1,1,0.004300,0.00001849
1771582285.424314,28.166490,0.010000,-0.004300,0.001600,0.001920,0.1100,-0.016127,0.006775,0.048223,0.070973,0.070973,1.7743,0.4987,1,1,0.004300,0.00001849
1771582285.444739,28.186916,0.010000,-0.004300,0.001600,0.001920,0.1100,-0.012095,0.002972,-0.380300,0.435945,0.435945,10.8986,1.6987,1,1,0.004300,0.00001849
1771582285.453459,28.195636,0.010000,-0.004500,-0.003100,0.001920,0.1100,-0.009076,0.004118,0.114639,0.005454,0.005454,0.1363,0.4987,1,1,0.004500,0.00002025
1771582285.463849,28.206026,0.010000,-0.004400,0.000500,0.001920,0.1100,-0.006807,0.009224,0.510590,-0.116050,-0.116050,-2.9013,-0.7013,1,1,0.004400,0.00001936
1771582285.463849,28.206026,0.010000,-0.004400,0.000500,0.001920,0.1100,-0.006807,0.009120,-0.010407,0.066041,0.066041,1.6510,0.4987,1,1,0.004400,0.00001936
1771582285.486174,28.228351,0.010000,-0.004300,0.000900,0.002304,0.1320,0.004485,0.004848,-0.427205,0.436296,0.436296,10.9074,1.6987,1,1,0.004300,0.00001849
1771582285.495948,28.238125,0.010000,-0.004400,-0.002000,0.002304,0.1320,0.003368,0.005619,0.077115,0.075519,0.075519,1.8880,1.8880,1,1,0.004400,0.00001936
1771582285.504329,28.246505,0.010000,-0.004400,0.000100,0.002304,0.1320,0.002531,0.010425,0.480571,-0.069037,-0.069037,-1.7259,0.6880,1,1,0.004400,0.00001936
1771582285.504329,28.246505,0.010000,-0.004400,0.000100,0.002304,0.1320,0.002531,0.014930,0.450534,-0.078862,-0.078862,-1.9715,-0.5120,1,1,0.004400,0.00001936
1771582285.525031,28.267207,0.010000,-0.004400,0.000400,0.002304,0.1320,0.001885,0.014346,-0.058452,0.022457,0.022457,0.5614,0.5614,1,1,0.004400,0.00001936
1771582285.534467,28.276643,0.010000,-0.004500,-0.002100,0.002688,0.1540,0.011013,0.009689,-0.465641,0.436328,0.436328,10.9082,1.7614,1,1,0.004500,0.00002025
1771582285.545599,28.287775,0.010000,-0.004400,-0.000200,0.002688,0.1540,0.008255,0.009711,0.002192,0.073290,0.073290,1.8322,1.8322,1,1,0.004400,0.00001936
1771582285.565392,28.307568,0.010000,-0.004400,0.000400,0.002688,0.1540,0.006196,0.013917,0.420632,-0.115476,-0.115476,-2.8869,0.6322,1,1,0.004400,0.00001936
1771582285.575117,28.317294,0.010000,-0.004500,-0.001600,0.002688,0.1540,0.004643,0.017530,0.361224,-0.129688,-0.129688,-3.2422,-0.5678,1,1,0.004500,0.00002025
1771582285.584680,28.326856,0.010000,-0.004400,-0.000200,0.002688,0.1540,0.003491,0.016231,-0.129899,-0.187878,-0.187878,-4.6969,-1.7678,1,1,0.004400,0.00001936
1771582285.584680,28.326856,0.010000,-0.004400,-0.000200,0.002688,0.1540,0.003491,0.011003,-0.522799,0.436332,0.436332,10.9083,-0.5678,1,1,0.004400,0.00001936
1771582285.605979,28.348155,0.010000,-0.004400,-0.000400,0.002688,0.1540,0.002618,0.002631,-0.837118,0.436332,0.436332,10.9083,0.6322,1,1,0.004400,0.00001936
1771582285.614394,28.356571,0.010000,-0.004500,-0.001100,0.002688,0.1540,0.001955,0.000123,-0.250815,0.289507,0.289507,7.2377,1.8322,1,1,0.004500,0.00002025
1771582285.624265,28.366441,0.010000,-0.004400,0.001300,0.002688,0.1540,0.001466,0.002306,0.218227,-0.072596,-0.072596,-1.8149,0.6322,1,1,0.004400,0.00001936
1771582285.624265,28.366441,0.010000,-0.004400,0.001300,0.002688,0.1540,0.001466,0.008240,0.593460,-0.278616,-0.278616,-6.9654,-0.5678,1,1,0.004400,0.00001936
1771582285.644672,28.386848,0.010000,-0.004400,0.000900,0.002688,0.1540,0.001100,0.008799,0.055889,0.076035,0.076035,1.9009,0.6322,1,1,0.004400,0.00001936
1771582285.654192,28.396369,0.010000,-0.004500,-0.001100,0.002688,0.1540,0.000820,0.005057,-0.374168,0.435890,0.435890,10.8972,1.8322,1,1,0.004500,0.00002025
1771582285.664782,28.406959,0.010000,-0.004400,-0.000100,0.002688,0.1540,0.000628,0.006253,0.119545,-0.000390,-0.000390,-0.0098,0.6322,1,1,0.004400,0.00001936
1771582285.684255,28.426431,0.010000,-0.004400,0.000500,0.002688,0.1540,0.000471,0.011398,0.514515,-0.129865,-0.129865,-3.2466,-0.5678,1,1,0.004400,0.00001936
1771582285.693392,28.435569,0.010000,-0.004500,-0.001700,0.002688,0.1540,0.000349,0.011325,-0.007267,0.065723,0.065723,1.6431,0.6322,1,1,0.004500,0.00002025
1771582285.704117,28.446294,0.010000,-0.004400,0.000500,0.002688,0.1540,0.000262,0.007078,-0.424693,0.436293,0.436293,10.9073,1.8322,1,1,0.004400,0.00001936
1771582285.704117,28.446294,0.010000,-0.004400,0.000500,0.002688,0.1540,0.000262,0.007870,0.079125,0.067390,0.067390,1.6848,1.6848,1,1,0.004400,0.00001936
1771582285.725092,28.467269,0.010000,-0.004400,0.000400,0.002688,0.1540,0.000192,0.012691,0.482179,-0.081706,-0.081706,-2.0426,0.4848,1,1,0.004400,0.00001936
1771582285.735259,28.477435,0.010000,-0.004500,-0.001100,0.002688,0.1540,0.000140,0.016034,0.334264,-0.125306,-0.125306,-3.1327,-0.7152,1,1,0.004500,0.00002025
1771582285.745925,28.488101,0.010000,-0.004400,0.000900,0.002688,0.1540,0.000105,0.014519,-0.151468,-0.209143,-0.209143,-5.2286,-1.9152,1,1,0.004400,0.00001936
1771582285.745925,28.488101,0.010000,-0.004400,0.000900,0.002688,0.1540,0.000105,0.009119,-0.540054,0.436332,0.436332,10.9083,-0.7152,1,1,0.004400,0.00001936
1771582285.766694,28.508870,0.010000,-0.004400,0.000700,0.002688,0.1540,0.000087,0.000610,-0.850922,0.436332,0.436332,10.9083,0.4848,1,1,0.004400,0.00001936
1771582285.773410,28.515587,0.010000,-0.004500,-0.001800,0.002688,0.1540,0.000070,-0.002009,-0.261858,0.337393,0.337393,8.4348,1.6848,1,1,0.004500,0.00002025
1771582285.785939,28.528115,0.010000,-0.004400,0.000900,0.002688,0.1540,0.000052,0.000085,0.209392,-0.060038,-0.060038,-1.5010,0.4848,1,1,0.004400,0.00001936
1771582285.785939,28.528115,0.010000,-0.004400,0.000900,0.002688,0.1540,0.000052,0.005949,0.586393,-0.270937,-0.270937,-6.7734,-0.7152,1,1,0.004400,0.00001936
1771582285.806831,28.549007,0.010000,-0.004400,0.001500,0.002304,0.1320,-0.009547,0.006451,0.050235,0.075692,0.075692,1.8923,0.4848,1,1,0.004400,0.00001936
1771582285.814650,28.556827,0.010000,-0.004400,-0.000200,0.002304,0.1320,-0.007156,0.002664,-0.378691,0.435945,0.435945,10.8986,1.6848,1,1,0.004400,0.00001936
1771582285.824988,28.567165,0.010000,-0.004300,0.001900,0.002304,0.1320,-0.005376,0.003824,0.115926,0.006857,0.006857,0.1714,0.4848,1,1,0.004300,0.00001849
1771582285.844560,28.586736,0.010000,-0.004400,0.000300,0.001920,0.1100,-0.013614,0.008940,0.511620,-0.119898,-0.119898,-2.9974,-0.7152,1,1,0.004400,0.00001936
1771582285.855464,28.597640,0.010000,-0.004500,-0.002000,0.001920,0.1100,-0.010210,0.008844,-0.009583,0.064341,0.064341,1.6085,0.4848,1,1,0.004500,0.00002025
1771582285.864862,28.607038,0.010000,-0.004400,0.001600,0.001920,0.1100,-0.007662,0.004579,-0.426545,0.436293,0.436293,10.9073,1.6848,1,1,0.004400,0.00001936
1771582285.864862,28.607038,0.010000,-0.004400,0.001600,0.001920,0.1100,-0.007662,0.005355,0.077643,0.072638,0.072638,1.8160,1.8160,1,1,0.004400,0.00001936
1771582285.884716,28.626893,0.010000,-0.004400,0.000700,0.001920,0.1100,-0.005742,0.010165,0.480993,-0.068092,-0.068092,-1.7023,0.6160,1,1,0.004400,0.00001936
1771582285.895708,28.637884,0.010000,-0.004500,-0.002300,0.001920,0.1100,-0.004311,0.014471,0.430592,-0.094209,-0.094209,-2.3552,-0.5840,1,1,0.004500,0.00002025
1771582285.904953,28.647129,0.010000,-0.004400,0.001300,0.002304,0.1320,0.006353,0.013727,-0.074405,-0.021984,-0.021984,-0.5496,-0.5496,1,1,0.004400,0.00001936
1771582285.904953,28.647129,0.010000,-0.004400,0.001300,0.002304,0.1320,0.006353,0.008943,-0.478403,0.436330,0.436330,10.9082,0.6504,1,1,0.004400,0.00001936
1771582285.924835,28.667011,0.010000,-0.004300,0.001700,0.002688,0.1540,0.014347,0.005236,-0.370701,0.435764,0.435764,10.8941,1.8504,1,1,0.004300,0.00001849
1771582285.933562,28.675739,0.010000,-0.004300,0.000900,0.003072,0.1760,0.020351,0.006459,0.122318,0.011346,0.011346,0.2836,0.6504,1,1,0.004300,0.00001849
1771582285.944104,28.686280,0.010000,-0.004300,0.002900,0.003456,0.1980,0.024853,0.011626,0.516733,-0.135907,-0.135907,-3.3977,-0.5496,1,1,0.004300,0.00001849
1771582285.944104,28.686280,0.010000,-0.004300,0.002900,0.003456,0.1980,0.024853,0.011571,-0.005492,0.072931,0.072931,1.8233,0.6504,1,1,0.004300,0.00001849
1771582285.974106,28.716283,0.010000,-0.004400,-0.001900,0.003840,0.2200,0.021171,0.007339,-0.423273,0.436295,0.436295,10.9074,1.8504,1,1,0.004400,0.00001936
1771582285.984485,28.726662,0.010000,-0.004300,0.002100,0.003840,0.2200,0.015882,0.008141,0.080261,0.073116,0.073116,1.8279,1.8279,1,1,0.004300,0.00001849
1771582285.984485,28.726662,0.010000,-0.004300,0.002100,0.003840,0.2200,0.015882,0.012972,0.483088,-0.100214,-0.100214,-2.5053,0.6279,1,1,0.004300,0.00001849
1771582286.004285,28.746461,0.010000,-0.004300,0.001700,0.003840,0.2200,0.011903,0.016758,0.378618,-0.145924,-0.145924,-3.6481,-0.5721,1,1,0.004300,0.00001849
1771582286.014775,28.756951,0.010000,-0.004400,-0.000700,0.004224,0.2420,0.018518,0.015598,-0.115984,-0.157452,-0.157452,-3.9363,-1.7721,1,1,0.004400,0.00001936
1771582286.024661,28.766837,0.010000,-0.004200,0.002200,0.004224,0.2420,0.013893,0.010482,-0.511667,0.436332,0.436332,10.9083,-0.5721,1,1,0.004200,0.00001764
1771582286.024661,28.766837,0.010000,-0.004200,0.002200,0.004224,0.2420,0.013893,0.002200,-0.828212,0.436332,0.436332,10.9083,0.6279,1,1,0.004200,0.00001764
1771582286.044055,28.786231,0.010000,-0.004300,0.000400,0.004224,0.2420,0.010420,-0.000237,-0.243691,0.243256,0.243256,6.0814,1.8279,1,1,0.004300,0.00001849
1771582286.054487,28.796664,0.010000,-0.004400,-0.002000,0.003456,0.1980,-0.011362,0.002002,0.223926,-0.084865,-0.084865,-2.1216,0.6279,1,1,0.004400,0.00001936
1771582286.063989,28.806165,0.010000,-0.004300,0.001900,0.003072,0.1760,-0.018117,0.007982,0.598020,-0.292074,-0.292074,-7.3018,-0.5721,1,1,0.004300,0.00001849
1771582286.063989,28.806165,0.010000,-0.004300,0.001900,0.003072,0.1760,-0.018117,0.008578,0.059537,0.064520,0.064520,1.6130,0.6279,1,1,0.004300,0.00001849
1771582286.084838,28.827015,0.010000,-0.004300,-0.000200,0.003072,0.1760,-0.013579,0.004865,-0.371249,0.435781,0.435781,10.8945,1.8279,1,1,0.004300,0.00001849
1771582286.105133,28.847309,0.010000,-0.004300,0.000700,0.003072,0.1760,-0.007645,0.006084,0.121880,-0.009722,-0.009722,-0.2430,0.6279,1,1,0.004300,0.00001849
1771582286.105133,28.847309,0.010000,-0.004300,0.000700,0.003072,0.1760,-0.007645,0.011248,0.516383,-0.141083,-0.141083,-3.5271,-0.5721,1,1,0.004300,0.00001849
1771582286.124847,28.867023,0.010000,-0.004400,-0.001000,0.003072,0.1760,-0.005725,0.011190,-0.005773,0.062380,0.062380,1.5595,0.6279,1,1,0.004400,0.00001936
1771582286.134798,28.876974,0.010000,-0.004400,-0.002200,0.003456,0.1980,0.005288,0.006955,-0.423497,0.436295,0.436295,10.9074,1.8279,1,1,0.004400,0.00001936
1771582286.146459,28.888635,0.010000,-0.004300,0.002000,0.003456,0.1980,0.003962,0.007756,0.080081,0.066487,0.066487,1.6622,1.6622,1,1,0.004300,0.00001849
1771582286.146459,28.888635,0.010000,-0.004300,0.002000,0.003456,0.1980,0.003962,0.012585,0.482944,-0.096705,-0.096705,-2.4176,0.4622,1,1,0.004300,0.00001849
1771582286.164194,28.906370,0.010000,-0.004300,0.001000,0.003456,0.1980,0.002967,0.015870,0.328504,-0.139097,-0.139097,-3.4774,-0.7378,1,1,0.004300,0.00001849
1771582286.174959,28.917135,0.010000,-0.004400,-0.001100,0.003456,0.1980,0.002234,0.014309,-0.156076,-0.203797,-0.203797,-5.0949,-1.9378,1,1,0.004400,0.00001936
1771582286.184554,28.926731,0.010000,-0.004300,0.001100,0.003456,0.1980,0.001676,0.008872,-0.543740,0.436332,0.436332,10.9083,-0.7378,1,1,0.004300,0.00001849
1771582286.184554,28.926731,0.010000,-0.004300,0.001100,0.003456,0.1980,0.001676,0.000333,-0.853871,0.436332,0.436332,10.9083,0.4622,1,1,0.004300,0.00001849
1771582286.206393,28.948569,0.010000,-0.004300,0.000400,0.003456,0.1980,0.001257,-0.002309,-0.264218,0.339533,0.339533,8.4883,1.6622,1,1,0.004300,0.00001849
1771582286.214607,28.956783,0.010000,-0.004400,-0.002000,0.003456,0.1980,0.000942,-0.000234,0.207505,-0.066391,-0.066391,-1.6598,0.4622,1,1,0.004400,0.00001936
1771582286.224284,28.966460,0.010000,-0.004400,0.000100,0.003456,0.1980,0.000698,0.005615,0.584883,-0.272401,-0.272401,-6.8100,-0.7378,1,1,0.004400,0.00001936
1771582286.224284,28.966460,0.010000,-0.004400,0.000100,0.003456,0.1980,0.000698,0.006105,0.049027,0.075341,0.075341,1.8835,0.4622,1,1,0.004400,0.00001936
1771582286.245335,28.987511,0.010000,-0.004300,0.000700,0.003456,0.1980,0.000524,0.002309,-0.379657,0.435952,0.435952,10.8988,1.6622,1,1,0.004300,0.00001849
1771582286.254837,28.997013,0.010000,-0.004400,-0.001200,0.003456,0.1980,0.000401,0.003460,0.115153,0.009614,0.009614,0.2403,0.4622,1,1,0.004400,0.00001936
1771582286.265489,29.007665,0.010000,-0.004300,0.001000,0.003456,0.1980,0.000297,0.008570,0.511002,-0.133265,-0.133265,-3.3316,-0.7378,1,1,0.004300,0.00001849
1771582286.285550,29.027726,0.010000,-0.004300,0.000100,0.003456,0.1980,0.000227,0.008470,-0.010078,0.064405,0.064405,1.6101,0.4622,1,1,0.004300,0.00001849
1771582286.294424,29.036600,0.010000,-0.004400,-0.001700,0.003456,0.1980,0.000175,0.004200,-0.426941,0.436299,0.436299,10.9075,1.6622,1,1,0.004400,0.00001936
1771582286.304573,29.046749,0.010000,-0.004300,0.000600,0.003456,0.1980,0.000122,0.004973,0.077326,0.070345,0.070345,1.7586,1.7586,1,1,0.004300,0.00001849
1771582286.304573,29.046749,0.010000,-0.004300,0.000600,0.003456,0.1980,0.000122,0.009781,0.480740,-0.087919,-0.087919,-2.1980,0.5586,1,1,0.004300,0.00001849
1771582286.325941,29.068118,0.010000,-0.004300,0.000300,0.003456,0.1980,0.000087,0.013963,0.418256,-0.127257,-0.127257,-3.1814,-0.6414,1,1,0.004300,0.00001849
1771582286.335678,29.077854,0.010000,-0.004400,-0.001600,0.003456,0.1980,0.000070,0.013121,-0.084274,-0.069559,-0.069559,-1.7390,-1.7390,1,1,0.004400,0.00001936
1771582286.343480,29.085656,0.010000,-0.004400,0.000400,0.003456,0.1980,0.000052,0.008258,-0.486298,0.436331,0.436331,10.9083,-0.5390,1,1,0.004400,0.00001936
1771582286.343480,29.085656,0.010000,-0.004400,0.000400,0.003456,0.1980,0.000052,0.000536,-0.772174,0.436332,0.436332,10.9083,0.6610,1,1,0.004400,0.00001936
1771582286.365363,29.107540,0.010000,-0.004300,0.000600,0.003456,0.1980,0.000035,-0.001453,-0.198860,-0.101430,-0.101430,-2.5358,-0.5390,1,1,0.004300,0.00001849
1771582286.376297,29.118474,0.010000,-0.004400,-0.001300,0.003456,0.1980,0.000035,0.001145,0.259791,-0.106297,-0.106297,-2.6574,-1.7390,1,1,0.004400,0.00001936
1771582286.384172,29.126348,0.010000,-0.004400,0.000700,0.003456,0.1980,0.000017,-0.000965,-0.211046,0.001678,0.001678,0.0420,-0.5390,1,1,0.004400,0.00001936
1771582286.384172,29.126348,0.010000,-0.004400,0.000700,0.003456,0.1980,0.000017,-0.006842,-0.587716,0.436332,0.436332,10.9083,0.6610,1,1,0.004400,0.00001936
1771582286.404605,29.146782,0.010000,-0.004400,0.000400,0.003456,0.1980,0.000017,-0.007355,-0.051294,0.047302,0.047302,1.1826,1.1826,1,1,0.004400,0.00001936
1771582286.424681,29.166857,0.010000,-0.004300,0.001800,0.003456,0.1980,0.000017,-0.003577,0.377844,-0.087121,-0.087121,-2.1780,-0.0174,1,1,0.004300,0.00001849
1771582286.424681,29.166857,0.010000,-0.004300,0.001800,0.003456,0.1980,0.000017,0.001266,0.484326,-0.090396,-0.090396,-2.2599,-1.2174,1,1,0.004300,0.00001849
1771582286.443939,29.186116,0.010000,-0.004300,0.000600,0.003456,0.1980,0.000000,0.000952,-0.031418,0.057488,0.057488,1.4372,-0.0174,1,1,0.004300,0.00001849
1771582286.454835,29.197011,0.010000,-0.004400,-0.001200,0.003456,0.1980,0.000000,-0.003488,-0.444014,0.436316,0.436316,10.9079,1.1826,1,1,0.004400,0.00001936
1771582286.463314,29.205490,0.010000,-0.004400,0.000400,0.003456,0.1980,0.000000,-0.002851,0.063668,0.094387,0.094387,2.3597,2.3597,1,1,0.004400,0.00001936
1771582286.463314,29.205490,0.010000,-0.004400,0.000400,0.003456,0.1980,0.000000,0.001847,0.469813,-0.063392,-0.063392,-1.5848,1.1597,1,1,0.004400,0.00001936
1771582286.485435,29.227612,0.010000,-0.004300,0.001300,0.003456,0.1980,0.000000,0.009714,0.786748,-0.422738,-0.422738,-10.5685,-0.0403,1,1,0.004300,0.00001849
1771582286.496807,29.238983,0.010000,-0.004400,-0.000900,0.003456,0.1980,0.000000,0.011820,0.210520,-0.098715,-0.098715,-2.4679,-1.2403,1,1,0.004400,0.00001936
1771582286.504558,29.246734,0.010000,-0.004300,0.001400,0.003840,0.2200,0.009582,0.009315,-0.250463,0.289339,0.289339,7.2335,-0.0403,1,1,0.004300,0.00001849
1771582286.504558,29.246734,0.010000,-0.004300,0.001400,0.003840,0.2200,0.009582,0.003122,-0.619250,0.436332,0.436332,10.9083,1.1597,1,1,0.004300,0.00001849
1771582286.523956,29.266133,0.010000,-0.004300,0.001400,0.003840,0.2200,0.007191,0.002357,-0.076521,-0.008410,-0.008410,-0.2102,-0.0403,1,1,0.004300,0.00001849
1771582286.533718,29.275895,0.010000,-0.004300,-0.000300,0.004608,0.2640,0.024574,0.005934,0.357662,-0.118968,-0.118968,-2.9742,-1.2403,1,1,0.004300,0.00001849
1771582286.544379,29.286556,0.010000,-0.004200,0.002500,0.004608,0.2640,0.018431,0.004606,-0.132749,-0.174985,-0.174985,-4.3746,-2.4403,1,1,0.004200,0.00001764
1771582286.564279,29.306455,0.010000,-0.004300,0.000400,0.004608,0.2640,0.013823,-0.000644,-0.525078,0.436332,0.436332,10.9083,-1.2403,1,1,0.004300,0.00001849
1771582286.574335,29.316511,0.010000,-0.004300,-0.000400,0.004608,0.2640,0.010367,-0.009034,-0.838942,0.436332,0.436332,10.9083,-0.0403,1,1,0.004300,0.00001849
1771582286.583902,29.326079,0.010000,-0.004200,0.002600,0.004224,0.2420,-0.001815,-0.011557,-0.252274,0.262202,0.262202,6.5550,1.1597,1,1,0.004200,0.00001764
1771582286.583902,29.326079,0.010000,-0.004200,0.002600,0.004224,0.2420,-0.001815,-0.009386,0.217060,-0.055738,-0.055738,-1.3935,-0.0403,1,1,0.004200,0.00001764
1771582286.605349,29.347525,0.010000,-0.004200,0.001900,0.003840,0.2200,-0.010943,-0.003461,0.592527,-0.292340,-0.292340,-7.3085,-1.2403,1,1,0.004200,0.00001764
1771582286.613745,29.355921,0.010000,-0.004300,-0.001000,0.003072,0.1760,-0.027384,-0.002909,0.055142,0.080226,0.080226,2.0057,-0.0403,1,1,0.004300,0.00001849
1771582286.626142,29.368318,0.010000,-0.004300,0.000400,0.002688,0.1540,-0.030124,-0.006657,-0.374765,0.435771,0.435771,10.8943,1.1597,1,1,0.004300,0.00001849
1771582286.626142,29.368318,0.010000,-0.004300,0.000400,0.002688,0.1540,-0.030124,-0.005466,0.119067,0.009267,0.009267,0.2317,0.2317,1,1,0.004300,0.00001849
1771582286.645469,29.387646,0.010000,-0.004300,-0.001000,0.002304,0.1320,-0.032184,-0.000325,0.514133,-0.139347,-0.139347,-3.4837,-0.9683,1,1,0.004300,0.00001849
1771582286.654896,29.397073,0.010000,-0.004400,-0.002000,0.001920,0.1100,-0.033720,0.000549,0.087368,0.044879,0.044879,1.1220,0.2317,1,1,0.004400,0.00001936
1771582286.663078,29.405255,0.010000,-0.004300,0.000900,0.001536,0.0880,-0.034889,-0.002941,-0.348985,0.434323,0.434323,10.8581,1.4317,1,1,0.004300,0.00001849
1771582286.663078,29.405255,0.010000,-0.004300,0.000900,0.001536,0.0880,-0.034889,-0.001544,0.139691,-0.036791,-0.036791,-0.9198,0.2317,1,1,0.004300,0.00001849
1771582286.693535,29.435712,0.010000,-0.004400,-0.003100,0.001920,0.1100,-0.012427,0.003762,0.530632,-0.161041,-0.161041,-4.0260,-0.9683,1,1,0.004400,0.00001936
1771582286.704633,29.446809,0.010000,-0.004300,0.000600,0.001920,0.1100,-0.009320,0.003818,0.005626,0.076113,0.076113,1.9028,0.2317,1,1,0.004300,0.00001849
1771582286.704633,29.446809,0.010000,-0.004300,0.000600,0.001920,0.1100,-0.009320,-0.000325,-0.414378,0.436259,0.436259,10.9065,1.4317,1,1,0.004300,0.00001849
1771582286.724273,29.466450,0.010000,-0.004300,0.000400,0.002304,0.1320,0.002601,0.000548,0.087377,0.072559,0.072559,1.8140,1.8140,1,1,0.004300,0.00001849
1771582286.734054,29.476231,0.010000,-0.004400,-0.002600,0.002304,0.1320,0.001955,0.005436,0.488780,-0.079397,-0.079397,-1.9849,0.6140,1,1,0.004400,0.00001936
1771582286.744389,29.486565,0.010000,-0.004300,0.001500,0.002304,0.1320,0.001466,0.010681,0.524478,-0.142699,-0.142699,-3.5675,-0.5860,1,1,0.004300,0.00001849
1771582286.744389,29.486565,0.010000,-0.004300,0.001500,0.002304,0.1320,0.001466,0.010688,0.000704,0.070514,0.070514,1.7629,0.6140,1,1,0.004300,0.00001849
1771582286.765135,29.507311,0.010000,-0.004400,-0.000800,0.002688,0.1540,0.010681,0.006505,-0.418316,0.436281,0.436281,10.9070,1.8140,1,1,0.004400,0.00001936
1771582286.776094,29.518271,0.010000,-0.004500,-0.004100,0.003456,0.1980,0.027192,0.007347,0.084226,0.076644,0.076644,1.9161,1.9161,1,1,0.004500,0.00002025
1771582286.784534,29.526711,0.010000,-0.004300,0.002000,0.003840,0.2200,0.029985,0.012210,0.486260,-0.095255,-0.095255,-2.3814,0.7161,1,1,0.004300,0.00001849
1771582286.784534,29.526711,0.010000,-0.004300,0.002000,0.003840,0.2200,0.029985,0.016456,0.424654,-0.134524,-0.134524,-3.3631,-0.4839,1,1,0.004300,0.00001849
1771582286.806508,29.548684,0.010000,-0.004300,0.001100,0.004224,0.2420,0.032062,0.015665,-0.079156,-0.036824,-0.036824,-0.9206,-0.9206,1,1,0.004300,0.00001849
1771582286.814653,29.556829,0.010000,-0.004400,-0.001200,0.004608,0.2640,0.033632,0.010843,-0.482204,0.436331,0.436331,10.9083,0.2794,1,1,0.004400,0.00001936
1771582286.824228,29.566404,0.010000,-0.004300,0.001900,0.004608,0.2640,0.025237,0.005461,-0.538200,0.436332,0.436332,10.9083,1.4794,1,1,0.004300,0.00001849
1771582286.824228,29.566404,0.010000,-0.004300,0.001900,0.004608,0.2640,0.025237,0.005344,-0.011681,0.071287,0.071287,1.7822,1.7822,1,1,0.004300,0.00001849
1771582286.855099,29.597275,0.010000,-0.004400,-0.001900,0.004608,0.2640,0.011798,0.009439,0.409534,-0.123479,-0.123479,-3.0870,0.5822,1,1,0.004400,0.00001936
1771582286.865478,29.607654,0.010000,-0.004300,0.000900,0.004608,0.2640,0.008849,0.013772,0.433311,-0.125419,-0.125419,-3.1355,-0.6178,1,1,0.004300,0.00001849
1771582286.865478,29.607654,0.010000,-0.004300,0.000900,0.004608,0.2640,0.008849,0.013050,-0.072230,-0.024513,-0.024513,-0.6128,-0.6128,1,1,0.004300,0.00001849
1771582286.884692,29.626868,0.010000,-0.004300,0.000600,0.004608,0.2640,0.006632,0.008283,-0.476663,0.436330,0.436330,10.9082,0.5872,1,1,0.004300,0.00001849
1771582286.894818,29.636994,0.010000,-0.004400,-0.001100,0.004992,0.2860,0.014556,0.004487,-0.379583,0.435995,0.435995,10.8999,1.7872,1,1,0.004400,0.00001936
1771582286.903929,29.646105,0.010000,-0.004300,0.002400,0.004992,0.2860,0.010926,0.005640,0.115213,0.008409,0.008409,0.2102,0.5872,1,1,0.004300,0.00001849
1771582286.903929,29.646105,0.010000,-0.004300,0.002400,0.004992,0.2860,0.010926,0.010750,0.511049,-0.151095,-0.151095,-3.7774,-0.6128,1,1,0.004300,0.00001849
1771582286.927051,29.669227,0.010000,-0.004300,0.001200,0.004608,0.2640,-0.001396,0.010650,-0.010040,0.058452,0.058452,1.4613,0.5872,1,1,0.004300,0.00001849
1771582286.933867,29.676044,0.010000,-0.004400,-0.001600,0.004992,0.2860,0.008535,0.006381,-0.426911,0.436300,0.436300,10.9075,1.7872,1,1,0.004400,0.00001936
1771582286.944601,29.686778,0.010000,-0.004300,0.001300,0.004608,0.2640,-0.003176,0.007154,0.077350,0.059791,0.059791,1.4948,1.4948,1,1,0.004300,0.00001849
1771582286.965034,29.707210,0.010000,-0.004300,0.000300,0.004992,0.2860,0.007208,0.011962,0.480759,-0.113800,-0.113800,-2.8450,0.2948,1,1,0.004300,0.00001849
1771582286.976068,29.718245,0.010000,-0.004400,-0.002000,0.004992,0.2860,0.005393,0.014787,0.282538,-0.143165,-0.143165,-3.5791,-0.9052,1,1,0.004400,0.00001936
1771582286.983958,29.726134,0.010000,-0.004300,0.001300,0.004992,0.2860,0.004049,0.012859,-0.192849,-0.119292,-0.119292,-2.9823,-2.1052,1,1,0.004300,0.00001849
1771582286.983958,29.726134,0.010000,-0.004300,0.001300,0.004992,0.2860,0.004049,0.007127,-0.573158,0.436332,0.436332,10.9083,-0.9052,1,1,0.004300,0.00001849
1771582287.004525,29.746701,0.010000,-0.004400,-0.001000,0.004992,0.2860,0.003037,-0.001647,-0.877406,0.436332,0.436332,10.9083,0.2948,1,1,0.004400,0.00001936
1771582287.015235,29.757411,0.010000,-0.004400,-0.001900,0.004608,0.2640,-0.007313,-0.004478,-0.283045,0.393178,0.393178,9.8295,1.4948,1,1,0.004400,0.00001936
1771582287.025633,29.767810,0.010000,-0.004300,0.001100,0.004608,0.2640,-0.005480,-0.002553,0.192443,-0.068568,-0.068568,-1.7142,0.2948,1,1,0.004300,0.00001849
1771582287.025633,29.767810,0.010000,-0.004300,0.001100,0.004608,0.2640,-0.005480,0.003175,0.572833,-0.264957,-0.264957,-6.6239,-0.9052,1,1,0.004300,0.00001849
1771582287.046581,29.788757,0.010000,-0.004300,0.000600,0.004224,0.2420,-0.013701,0.003569,0.039388,0.066784,0.066784,1.6696,0.2948,1,1,0.004300,0.00001849
1771582287.054376,29.796553,0.010000,-0.004400,-0.001500,0.004224,0.2420,-0.010280,-0.000305,-0.387369,0.436080,0.436080,10.9020,1.4948,1,1,0.004400,0.00001936
1771582287.067099,29.809276,0.010000,-0.004300,0.000500,0.004224,0.2420,-0.007697,0.000785,0.108984,0.015905,0.015905,0.3976,0.3976,1,1,0.004300,0.00001849
1771582287.067099,29.809276,0.010000,-0.004300,0.000500,0.004224,0.2420,-0.007697,0.005846,0.506066,-0.137022,-0.137022,-3.4256,-0.8024,1,1,0.004300,0.00001849
1771582287.084589,29.826765,0.010000,-0.004400,-0.000300,0.004224,0.2420,-0.005777,0.006065,0.021883,0.073000,0.073000,1.8250,0.3976,1,1,0.004400,0.00001936
1771582287.104257,29.846433,0.010000,-0.004400,-0.000500,0.004224,0.2420,-0.003246,0.002051,-0.401373,0.436205,0.436205,10.9051,1.5976,1,1,0.004400,0.00001936
1771582287.104257,29.846433,0.010000,-0.004400,-0.000500,0.004224,0.2420,-0.003246,0.003029,0.097781,0.037723,0.037723,0.9431,0.9431,1,1,0.004400,0.00001936
1771582287.124601,29.866778,0.010000,-0.004400,0.000400,0.004224,0.2420,-0.002443,0.008000,0.497104,-0.121651,-0.121651,-3.0413,-0.2569,1,1,0.004400,0.00001936
1771582287.134483,29.876660,0.010000,-0.004400,-0.001700,0.004224,0.2420,-0.001833,0.009692,0.169194,-0.090217,-0.090217,-2.2554,-1.4569,1,1,0.004400,0.00001936
1771582287.145660,29.887836,0.010000,-0.004400,-0.000400,0.004224,0.2420,-0.001379,0.006857,-0.283523,0.396040,0.396040,9.9010,-0.2569,1,1,0.004400,0.00001936
1771582287.145660,29.887836,0.010000,-0.004400,-0.000400,0.004224,0.2420,-0.001379,0.000400,-0.645698,0.436332,0.436332,10.9083,0.9431,1,1,0.004400,0.00001936
1771582287.164320,29.906497,0.010000,-0.004400,-0.000100,0.004224,0.2420,-0.001030,-0.000577,-0.097679,-0.096080,-0.096080,-2.4020,-0.2569,1,1,0.004400,0.00001936
1771582287.174152,29.916328,0.010000,-0.004400,-0.001500,0.004224,0.2420,-0.000768,0.002830,0.340736,-0.103337,-0.103337,-2.5834,-1.4569,1,1,0.004400,0.00001936
1771582287.186933,29.929109,0.010000,-0.004400,0.001100,0.004224,0.2420,-0.000576,0.001367,-0.146291,-0.193717,-0.193717,-4.8429,-2.6569,1,1,0.004400,0.00001936
1771582287.186933,29.929109,0.010000,-0.004400,0.001100,0.004224,0.2420,-0.000576,-0.003992,-0.535911,0.436332,0.436332,10.9083,-1.4569,1,1,0.004400,0.00001936
1771582287.215698,29.957874,0.010000,-0.004400,-0.001100,0.004224,0.2420,-0.000332,-0.012468,-0.847608,0.436332,0.436332,10.9083,-0.2569,1,1,0.004400,0.00001936
1771582287.224749,29.966926,0.010000,-0.004400,0.000500,0.004224,0.2420,-0.000244,-0.015060,-0.259208,0.305423,0.305423,7.6356,0.9431,1,1,0.004400,0.00001936
1771582287.224749,29.966926,0.010000,-0.004400,0.000500,0.004224,0.2420,-0.000244,-0.012945,0.211513,-0.036411,-0.036411,-0.9103,-0.2569,1,1,0.004400,0.00001936
1771582287.243812,29.985989,0.010000,-0.004300,0.003400,0.003456,0.1980,-0.019356,-0.007064,0.588089,-0.288390,-0.288390,-7.2097,-1.4569,1,1,0.004300,0.00001849
1771582287.253955,29.996132,0.010000,-0.004000,0.009100,0.002688,0.1540,-0.033685,-0.006548,0.051593,0.092280,0.092280,2.3070,-0.2569,1,1,0.004000,0.00001600
