time,time_rel,dt,x,xdot,theta,theta_deg,thdot,theta_cmd,theta_cmd_dot,action_raw,action_used,setpoint_desired,setpoint_sent,armed,rl_enabled,error,error_sq
# Experiment: A (Regulation)
# Trial: 7
# Controller: RL (Simulation)
# Start time: 2026-02-22 13:43:00
# Notes: Ball starts at center (0cm)
1771742580.997514,0.000000,0.010000,-0.001523,-0.039276,0.026553,1.5214,0.890445,-0.010156,-1.015600,0.095830,0.095830,5.4906,5.4906,1,1,0.001523,0.00000232
1771742581.007514,0.010000,0.010000,-0.001489,-0.034521,0.027201,1.5585,0.854700,-0.010156,0.000000,-0.032824,-0.032824,-1.8807,-1.8807,1,1,0.001489,0.00000222
1771742581.017514,0.020000,0.010000,-0.001419,-0.030477,0.027641,1.5837,0.832647,-0.010156,0.000000,-0.051128,-0.051128,-2.9294,-2.9294,1,1,0.001419,0.00000201
1771742581.027514,0.030000,0.010000,-0.001320,-0.026934,0.027958,1.6019,0.819922,-0.010156,0.000000,-0.077603,-0.077603,-4.4463,-4.4463,1,1,0.001320,0.00000174
1771742581.037514,0.040000,0.010000,-0.001192,-0.023765,0.028210,1.6163,0.813710,-0.010156,0.000000,-0.104861,-0.104861,-6.0081,-6.0081,1,1,0.001192,0.00000142
1771742581.047514,0.050000,0.010000,-0.001040,-0.020890,0.028441,1.6296,0.812187,-0.010156,0.000000,-0.134032,-0.134032,-7.6795,-7.6795,1,1,0.001040,0.00000108
1771742581.057514,0.060000,0.010000,-0.000866,-0.018260,0.028682,1.6434,0.814161,-0.010156,0.000000,-0.164223,-0.164223,-9.4093,-9.4093,1,1,0.000866,0.00000075
1771742581.067514,0.070000,0.010000,-0.000671,-0.015846,0.028956,1.6591,0.818848,-0.010156,0.000000,-0.190274,-0.190274,-10.9019,-10.9019,1,1,0.000671,0.00000045
1771742581.077514,0.080000,0.010000,-0.000457,-0.013629,0.029284,1.6778,0.825725,-0.010156,0.000000,-0.214729,-0.214729,-12.3031,-12.3031,1,1,0.000457,0.00000021
1771742581.087514,0.090000,0.010000,-0.000225,-0.011598,0.029680,1.7005,0.834439,-0.010156,0.000000,-0.234937,-0.234937,-13.4609,-13.4609,1,1,0.000225,0.00000005
1771742581.097514,0.100000,0.010000,0.000023,-0.009746,0.030158,1.7279,0.844750,-0.010156,0.000000,-0.253185,-0.253185,-14.5065,-14.5065,1,1,0.000023,0.00000000
1771742581.107514,0.110000,0.010000,0.000284,-0.008071,0.030732,1.7608,0.856498,-0.010156,0.000000,-0.270046,-0.270046,-15.4725,-15.4725,1,1,0.000284,0.00000008
1771742581.117514,0.120000,0.010000,0.000559,-0.006576,0.031412,1.7998,0.869589,-0.010156,0.000000,-0.285687,-0.285687,-16.3687,-16.3687,1,1,0.000559,0.00000031
1771742581.127515,0.130000,0.010000,0.000845,-0.005273,0.032210,1.8455,0.884000,-0.006665,0.349066,-0.297448,-0.297448,-17.0425,-17.0425,1,1,0.000845,0.00000071
1771742581.137515,0.140000,0.010000,0.001141,-0.004184,0.033135,1.8985,0.899757,-0.007102,-0.043633,-0.331156,-0.331156,-18.9738,-18.9738,1,1,0.001141,0.00000130
1771742581.147515,0.150000,0.010000,0.001445,-0.003313,0.034200,1.9595,0.916805,-0.010974,-0.387245,-0.303400,-0.303400,-17.3835,-17.3835,1,1,0.001445,0.00000209
1771742581.157515,0.160000,0.010000,0.001755,-0.002629,0.035414,2.0291,0.934900,-0.017853,-0.687905,-0.277993,-0.277993,-15.9278,-15.9278,1,1,0.001755,0.00000308
1771742581.167515,0.170000,0.010000,0.002075,-0.000817,0.036661,2.1005,0.924262,-0.027363,-0.950983,-0.245354,-0.245354,-14.0578,-14.0578,1,1,0.002075,0.00000431
1771742581.177515,0.180000,0.010000,0.002405,-0.000029,0.037548,2.1514,0.842160,-0.039175,-1.181176,-0.197319,-0.197319,-11.3055,-11.3055,1,1,0.002405,0.00000578
1771742581.187515,0.190000,0.010000,0.002732,-0.000148,0.038082,2.1819,0.819411,-0.053001,-1.382595,-0.081974,-0.081974,-4.6968,-4.6968,1,1,0.002732,0.00000746
1771742581.197515,0.200000,0.010000,0.003058,0.000029,0.038133,2.1848,0.717917,-0.068589,-1.558836,-0.003935,-0.003935,-0.2254,-0.2254,1,1,0.003058,0.00000935
1771742581.207515,0.210000,0.010000,0.003377,-0.000114,0.037754,2.1632,0.693011,-0.085720,-1.713048,0.028521,0.028521,1.6342,1.6342,1,1,0.003377,0.00001141
1771742581.217515,0.220000,0.010000,0.003695,0.000033,0.036835,2.1105,0.579786,-0.104199,-1.847982,0.040456,0.040456,2.3179,2.3179,1,1,0.003695,0.00001365
1771742581.227515,0.230000,0.010000,0.004006,-0.000133,0.035478,2.0328,0.563272,-0.122823,-1.862324,0.037954,0.037954,2.1746,2.1746,1,1,0.004006,0.00001605
1771742581.237514,0.240000,0.010000,0.004316,0.000023,0.033602,1.9253,0.449031,-0.141225,-1.840288,0.033463,0.033463,1.9173,1.9173,1,1,0.004316,0.00001863
1771742581.247514,0.250000,0.010000,0.004619,-0.000210,0.031337,1.7955,0.445294,-0.159283,-1.805768,0.059351,0.059351,3.4006,3.4006,1,1,0.004619,0.00002133
1771742581.257514,0.260000,0.010000,0.004920,0.000010,0.028596,1.6384,0.332095,-0.176554,-1.727062,0.039336,0.039336,2.2538,2.2538,1,1,0.004920,0.00002421
1771742581.267514,0.270000,0.010000,0.005214,-0.000444,0.025480,1.4599,0.331426,-0.195156,-1.860245,0.041783,0.041783,2.3940,2.3940,1,1,0.005214,0.00002719
1771742581.277514,0.280000,0.010000,0.005507,0.000007,0.022012,1.2612,0.245767,-0.208687,-1.353046,0.038022,0.038022,2.1785,2.1785,1,1,0.005507,0.00003033
1771742581.287514,0.290000,0.010000,0.005772,-0.005903,0.018619,1.0668,0.331461,-0.217350,-0.866333,0.034619,0.034619,1.9835,1.9835,1,1,0.005772,0.00003332
1771742581.297514,0.300000,0.010000,0.006040,0.000005,0.014794,0.8476,0.157052,-0.221440,-0.408975,0.050893,0.050893,2.9159,2.9159,1,1,0.006040,0.00003648
1771742581.307514,0.310000,0.010000,0.006236,-0.021086,0.011798,0.6760,0.496210,-0.221528,-0.008788,0.061433,0.061433,3.5198,3.5198,1,1,0.006236,0.00003888
1771742581.317514,0.320000,0.010000,0.006445,0.000002,0.007698,0.4410,-0.044323,-0.218114,0.341377,0.122205,0.122205,7.0018,7.0018,1,1,0.006445,0.00004154
1771742581.327514,0.330000,0.010000,0.006610,-0.025828,0.003494,0.2002,0.365717,-0.211636,0.647770,0.055375,0.055375,3.1728,3.1728,1,1,0.006610,0.00004369
1771742581.337514,0.340000,0.010000,0.006654,-0.033107,0.000963,0.0552,0.437989,-0.202478,0.915865,0.132047,0.132047,7.5657,7.5657,1,1,0.006654,0.00004428
1771742581.347514,0.350000,0.010000,0.006656,-0.036738,-0.001314,-0.0753,0.441243,-0.190973,1.150448,0.149615,0.149615,8.5723,8.5723,1,1,0.006656,0.00004430
1771742581.357514,0.360000,0.010000,0.006586,-0.050272,-0.002858,-0.1637,0.615844,-0.177416,1.355708,0.135053,0.135053,7.7380,7.7380,1,1,0.006586,0.00004338
1771742581.367514,0.370000,0.010000,0.006495,-0.043794,-0.004579,-0.2624,0.434220,-0.162063,1.535310,0.167245,0.167245,9.5824,9.5824,1,1,0.006495,0.00004218
1771742581.377515,0.380000,0.010000,0.006352,-0.060653,-0.005962,-0.3416,0.664090,-0.145138,1.692462,0.115298,0.115298,6.6061,6.6061,1,1,0.006352,0.00004035
1771742581.387515,0.390000,0.010000,0.006107,-0.071150,-0.006112,-0.3502,0.779177,-0.126839,1.829970,0.077185,0.077185,4.4223,4.4223,1,1,0.006107,0.00003729
1771742581.397515,0.400000,0.010000,0.005812,-0.073784,-0.005977,-0.3425,0.756225,-0.107336,1.950290,0.097412,0.097412,5.5813,5.5813,1,1,0.005812,0.00003378
1771742581.407515,0.410000,0.010000,0.005466,-0.083520,-0.005491,-0.3146,0.861299,-0.089166,1.816974,0.086847,0.086847,4.9760,4.9760,1,1,0.005466,0.00002988
1771742581.417515,0.420000,0.010000,0.005119,-0.083314,-0.004784,-0.2741,0.883786,-0.073693,1.547314,0.113326,0.113326,6.4931,6.4931,1,1,0.005119,0.00002620
1771742581.427515,0.430000,0.010000,0.004773,-0.082860,-0.003940,-0.2258,0.897289,-0.058120,1.557316,0.127214,0.127214,7.2888,7.2888,1,1,0.004773,0.00002279
1771742581.437515,0.440000,0.010000,0.004430,-0.082471,-0.003007,-0.1723,0.905816,-0.043176,1.494406,0.156168,0.156168,8.9478,8.9478,1,1,0.004430,0.00001962
1771742581.447515,0.450000,0.010000,0.004087,-0.082131,-0.002019,-0.1157,0.910567,-0.026609,1.656671,0.182060,0.182060,10.4313,10.4313,1,1,0.004087,0.00001671
1771742581.457515,0.460000,0.010000,0.003747,-0.081827,-0.001002,-0.0574,0.912439,-0.015604,1.100521,0.246478,0.246478,14.1222,14.1222,1,1,0.003747,0.00001404
1771742581.467515,0.470000,0.010000,0.003407,-0.081551,0.000022,0.0012,0.912103,-0.002483,1.312022,0.212601,0.212601,12.1811,12.1811,1,1,0.003407,0.00001161
1771742581.477515,0.480000,0.010000,0.003068,-0.081294,0.001037,0.0594,0.910056,0.012487,1.497085,0.272519,0.272519,15.6142,15.6142,1,1,0.003068,0.00000941
1771742581.487514,0.490000,0.010000,0.002730,-0.081052,0.002033,0.1165,0.906670,0.027808,1.532071,0.329881,0.329881,18.9008,18.9008,1,1,0.002730,0.00000745
1771742581.497514,0.500000,0.010000,0.002393,-0.080822,0.002999,0.1718,0.902220,0.044704,1.689628,0.351350,0.351350,20.1309,20.1309,1,1,0.002393,0.00000573
1771742581.507514,0.510000,0.010000,0.002058,-0.080600,0.003927,0.2250,0.896910,0.055998,1.129359,0.367047,0.367047,21.0302,21.0302,1,1,0.002058,0.00000423
1771742581.517514,0.520000,0.010000,0.001723,-0.080385,0.004812,0.2757,0.890889,0.062389,0.639123,0.338838,0.338838,19.4140,19.4140,1,1,0.001723,0.00000297
1771742581.527514,0.530000,0.010000,0.001388,-0.080174,0.005648,0.3236,0.884269,0.066767,0.437788,0.293840,0.293840,16.8358,16.8358,1,1,0.001388,0.00000193
1771742581.537514,0.540000,0.010000,0.001055,-0.079967,0.006431,0.3684,0.877129,0.069277,0.251002,0.281429,0.281429,16.1247,16.1247,1,1,0.001055,0.00000111
1771742581.547514,0.550000,0.010000,0.000724,-0.079651,0.007150,0.4097,0.868925,0.074783,0.550605,0.279316,0.279316,16.0036,16.0036,1,1,0.000724,0.00000052
1771742581.557514,0.560000,0.010000,0.000395,-0.079206,0.007798,0.4468,0.859724,0.081337,0.655384,0.305317,0.305317,17.4934,17.4934,1,1,0.000395,0.00000016
1771742581.567514,0.570000,0.010000,0.000073,-0.078391,0.008355,0.4787,0.848399,0.090562,0.922527,0.323056,0.323056,18.5097,18.5097,1,1,0.000073,0.00000001
1771742581.577514,0.580000,0.010000,-0.000240,-0.077262,0.008808,0.5046,0.835693,0.102000,1.143727,0.351605,0.351605,20.1455,20.1455,1,1,0.000240,0.00000006
1771742581.587514,0.590000,0.010000,-0.000543,-0.075871,0.009149,0.5242,0.822145,0.115498,1.349827,0.348933,0.348933,19.9924,19.9924,1,1,0.000543,0.00000029
1771742581.597514,0.600000,0.010000,-0.000839,-0.074985,0.009497,0.5441,0.821253,0.127636,1.213788,0.335013,0.335013,19.1948,19.1948,1,1,0.000839,0.00000070
1771742581.607514,0.610000,0.010000,-0.001161,-0.077231,0.010816,0.6197,0.923920,0.141747,1.411130,0.304703,0.304703,17.4582,17.4582,1,1,0.001161,0.00000135
1771742581.617514,0.620000,0.010000,-0.001442,-0.072647,0.011601,0.6647,0.865127,0.157585,1.583805,0.254594,0.254594,14.5871,14.5871,1,1,0.001442,0.00000208
1771742581.627515,0.630000,0.010000,-0.001754,-0.074748,0.014271,0.8177,1.066048,0.174934,1.734895,0.186365,0.186365,10.6779,10.6779,1,1,0.001754,0.00000308
1771742581.637515,0.640000,0.010000,-0.001990,-0.066400,0.015875,0.9096,0.950855,0.193605,1.867099,-0.009624,-0.009624,-0.5514,-0.5514,1,1,0.001990,0.00000396
1771742581.647515,0.650000,0.010000,-0.002292,-0.072500,0.019764,1.1324,1.195067,0.211759,1.815408,-0.134067,-0.134067,-7.6815,-7.6815,1,1,0.002292,0.00000525
1771742581.657515,0.660000,0.010000,-0.002488,-0.060685,0.022130,1.2679,1.031239,0.224153,1.239416,-0.333235,-0.333235,-19.0930,-19.0930,1,1,0.002488,0.00000619
1771742581.667515,0.670000,0.010000,-0.002742,-0.066540,0.025970,1.4880,1.189094,0.231507,0.735423,-0.275134,-0.275134,-15.7640,-15.7640,1,1,0.002742,0.00000752
1771742581.677515,0.680000,0.010000,-0.002884,-0.054001,0.028292,1.6210,1.025929,0.237484,0.597610,-0.348415,-0.348415,-19.9627,-19.9627,1,1,0.002884,0.00000832
1771742581.687515,0.690000,0.010000,-0.003126,-0.064327,0.032947,1.8877,1.276126,0.245963,0.847918,-0.267083,-0.267083,-15.3027,-15.3027,1,1,0.003126,0.00000977
1771742581.697515,0.700000,0.010000,-0.003233,-0.049346,0.035804,2.0514,1.083348,0.255599,0.963661,-0.393096,-0.393096,-22.5228,-22.5228,1,1,0.003233,0.00001045
1771742581.707515,0.710000,0.010000,-0.003409,-0.056169,0.040536,2.3225,1.284929,0.267522,1.192269,-0.362566,-0.362566,-20.7735,-20.7735,1,1,0.003409,0.00001162
1771742581.717515,0.720000,0.010000,-0.003443,-0.040407,0.043468,2.4905,1.092295,0.277698,1.017637,-0.415505,-0.415505,-23.8067,-23.8067,1,1,0.003443,0.00001186
1771742581.727515,0.730000,0.010000,-0.003574,-0.050181,0.048881,2.8007,1.359475,0.284863,0.716431,-0.400227,-0.400227,-22.9313,-22.9313,1,1,0.003574,0.00001278
1771742581.737514,0.740000,0.010000,-0.003547,-0.032534,0.052307,2.9969,1.147152,0.287641,0.277811,-0.420740,-0.420740,-24.1066,-24.1066,1,1,0.003547,0.00001258
1771742581.747514,0.750000,0.010000,-0.003489,-0.028657,0.056074,3.2128,1.185288,0.286581,-0.105981,-0.416788,-0.416788,-23.8802,-23.8802,1,1,0.003489,0.00001217
1771742581.757514,0.760000,0.010000,-0.003304,-0.014356,0.058500,3.3518,1.043071,0.282163,-0.441799,-0.415523,-0.415523,-23.8077,-23.8077,1,1,0.003304,0.00001092
1771742581.767514,0.770000,0.010000,-0.003174,-0.019732,0.062865,3.6019,1.253322,0.274807,-0.735640,-0.393188,-0.393188,-22.5280,-22.5280,1,1,0.003174,0.00001007
1771742581.777514,0.780000,0.010000,-0.002908,-0.004444,0.065787,3.7693,1.100724,0.264879,-0.992751,-0.410384,-0.410384,-23.5133,-23.5133,1,1,0.002908,0.00000846
1771742581.787514,0.790000,0.010000,-0.002567,-0.000005,0.068027,3.8977,1.056183,0.252702,-1.217723,-0.381518,-0.381518,-21.8594,-21.8594,1,1,0.002567,0.00000659
1771742581.797514,0.800000,0.010000,-0.002211,-0.000003,0.070137,4.0186,1.056669,0.238556,-1.414574,-0.340739,-0.340739,-19.5229,-19.5229,1,1,0.002211,0.00000489
1771742581.807514,0.810000,0.010000,-0.001856,-0.000001,0.072291,4.1420,1.062470,0.222688,-1.586818,-0.305224,-0.305224,-17.4880,-17.4880,1,1,0.001856,0.00000344
1771742581.817514,0.820000,0.010000,-0.001502,0.000000,0.074524,4.2699,1.072443,0.205313,-1.737531,-0.279926,-0.279926,-16.0386,-16.0386,1,1,0.001502,0.00000225
1771742581.827514,0.830000,0.010000,-0.001148,0.000002,0.076865,4.4040,1.085741,0.186619,-1.869406,-0.250308,-0.250308,-14.3416,-14.3416,1,1,0.001148,0.00000132
1771742581.837514,0.840000,0.010000,-0.000795,0.000003,0.079337,4.5457,1.101740,0.166771,-1.984796,-0.209367,-0.209367,-11.9959,-11.9959,1,1,0.000795,0.00000063
1771742581.847514,0.850000,0.010000,-0.000442,0.000005,0.081958,4.6959,1.119983,0.145913,-2.085762,-0.184050,-0.184050,-10.5453,-10.5453,1,1,0.000442,0.00000020
1771742581.857514,0.860000,0.010000,-0.000089,0.000007,0.084746,4.8556,1.140139,0.124172,-2.174108,-0.191266,-0.191266,-10.9587,-10.9587,1,1,0.000089,0.00000001
1771742581.867514,0.870000,0.010000,0.000263,0.000009,0.087713,5.0256,1.161966,0.101658,-2.251410,-0.195764,-0.195764,-11.2165,-11.2165,1,1,0.000263,0.00000007
1771742581.877515,0.880000,0.010000,0.000616,0.000010,0.090566,5.1890,1.111739,0.078467,-2.319050,-0.191051,-0.191051,-10.9464,-10.9464,1,1,0.000616,0.00000038
1771742581.887515,0.890000,0.010000,0.000972,0.001859,0.092607,5.3060,0.952212,0.054685,-2.378234,-0.168898,-0.168898,-9.6772,-9.6772,1,1,0.000972,0.00000095
1771742581.897515,0.900000,0.010000,0.001321,0.000011,0.094089,5.3909,0.941560,0.030385,-2.430021,-0.153034,-0.153034,-8.7682,-8.7682,1,1,0.001321,0.00000174
1771742581.907515,0.910000,0.010000,0.001686,0.006382,0.094565,5.4182,0.704262,0.005631,-2.475334,-0.118651,-0.118651,-6.7982,-6.7982,1,1,0.001686,0.00000284
1771742581.917515,0.920000,0.010000,0.002040,0.000012,0.094807,5.4321,0.835482,-0.019518,-2.514983,-0.092568,-0.092568,-5.3038,-5.3038,1,1,0.002040,0.00000416
1771742581.927515,0.930000,0.010000,0.002458,0.020749,0.093432,5.3533,0.337367,-0.045015,-2.549676,-0.007919,-0.007919,-0.4537,-0.4537,1,1,0.002458,0.00000604
1771742581.937515,0.940000,0.010000,0.002852,0.000012,0.091903,5.2657,0.698959,-0.070815,-2.580033,-0.086449,-0.086449,-4.9531,-4.9531,1,1,0.002852,0.00000813
1771742581.947515,0.950000,0.010000,0.003291,0.028042,0.088951,5.0965,0.061827,-0.096881,-2.606594,-0.018263,-0.018263,-1.0464,-1.0464,1,1,0.003291,0.00001083
1771742581.957515,0.960000,0.010000,0.003701,0.000010,0.085827,4.9175,0.532032,-0.116198,-1.931704,0.070791,0.070791,4.0560,4.0560,1,1,0.003701,0.00001370
1771742581.967515,0.970000,0.010000,0.004080,0.016165,0.082499,4.7268,0.100147,-0.129610,-1.341175,-0.038281,-0.038281,-2.1933,-2.1933,1,1,0.004080,0.00001665
1771742581.977515,0.980000,0.010000,0.004427,-0.002788,0.079411,4.5499,0.504563,-0.137855,-0.824463,0.036203,0.036203,2.0743,2.0743,1,1,0.004427,0.00001960
1771742581.987514,0.990000,0.010000,0.004782,0.014210,0.075786,4.3422,0.046418,-0.144531,-0.667638,-0.084751,-0.084751,-4.8559,-4.8559,1,1,0.004782,0.00002287
1771742581.997514,1.000000,0.010000,0.005103,-0.005738,0.072381,4.1471,0.467589,-0.150935,-0.640412,0.054144,0.054144,3.1022,3.1022,1,1,0.005103,0.00002604
1771742582.007514,1.010000,0.010000,0.005415,0.007833,0.068708,3.9367,0.060599,-0.155950,-0.501452,-0.050681,-0.050681,-2.9038,-2.9038,1,1,0.005415,0.00002932
1771742582.017514,1.020000,0.010000,0.005678,-0.012944,0.065416,3.7480,0.479943,-0.157568,-0.161856,0.054530,0.054530,3.1243,3.1243,1,1,0.005678,0.00003224
1771742582.027514,1.030000,0.010000,0.005925,0.000003,0.061894,3.5463,0.084002,-0.157002,0.056675,-0.061558,-0.061558,-3.5270,-3.5270,1,1,0.005925,0.00003511
1771742582.037514,1.040000,0.010000,0.006119,-0.021227,0.058760,3.3667,0.496428,-0.153015,0.398656,0.030612,0.030612,1.7539,1.7539,1,1,0.006119,0.00003745
1771742582.047514,1.050000,0.010000,0.006328,-0.000542,0.055528,3.1815,0.138223,-0.146036,0.697890,-0.087071,-0.087071,-4.9888,-4.9888,1,1,0.006328,0.00004005
1771742582.057514,1.060000,0.010000,0.006520,-0.021461,0.052729,3.0212,0.531831,-0.136439,0.959720,0.005748,0.005748,0.3293,0.3293,1,1,0.006520,0.00004251
1771742582.067514,1.070000,0.010000,0.006700,-0.007132,0.050277,2.8807,0.295149,-0.130190,0.624881,-0.218844,-0.218844,-12.5389,-12.5389,1,1,0.006700,0.00004490
1771742582.077514,1.080000,0.010000,0.006852,-0.025684,0.048446,2.7757,0.635043,-0.121232,0.895836,-0.047006,-0.047006,-2.6933,-2.6933,1,1,0.006852,0.00004695
1771742582.087514,1.090000,0.010000,0.007011,-0.008840,0.046556,2.6675,0.344593,-0.109903,1.132923,-0.257078,-0.257078,-14.7295,-14.7295,1,1,0.007011,0.00004915
1771742582.097514,1.100000,0.010000,0.007151,-0.026975,0.045038,2.5805,0.668570,-0.100950,0.895270,-0.159886,-0.159886,-9.1608,-9.1608,1,1,0.007151,0.00005113
1771742582.107514,1.110000,0.010000,0.007259,-0.019788,0.044079,2.5255,0.540582,-0.089626,1.132427,-0.294868,-0.294868,-16.8947,-16.8947,1,1,0.007259,0.00005269
1771742582.117514,1.120000,0.010000,0.007329,-0.034557,0.043769,2.5078,0.798079,-0.083208,0.641808,-0.288529,-0.288529,-16.5315,-16.5315,1,1,0.007329,0.00005371
1771742582.127515,1.130000,0.010000,0.007430,-0.015169,0.042872,2.4564,0.450912,-0.074101,0.910648,-0.291579,-0.291579,-16.7062,-16.7062,1,1,0.007430,0.00005520
1771742582.137515,1.140000,0.010000,0.007525,-0.031949,0.042030,2.4082,0.741152,-0.069624,0.447751,-0.228906,-0.228906,-13.1153,-13.1153,1,1,0.007525,0.00005663
1771742582.147515,1.150000,0.010000,0.007566,-0.031376,0.042081,2.4111,0.721627,-0.062215,0.740848,-0.267078,-0.267078,-15.3024,-15.3024,1,1,0.007566,0.00005724
1771742582.157515,1.160000,0.010000,0.007588,-0.035964,0.042370,2.4276,0.792880,-0.059223,0.299176,-0.325216,-0.325216,-18.6335,-18.6335,1,1,0.007588,0.00005758
1771742582.167515,1.170000,0.010000,0.007613,-0.031545,0.042533,2.4370,0.705278,-0.053115,0.610845,-0.243153,-0.243153,-13.9316,-13.9316,1,1,0.007613,0.00005796
1771742582.177515,1.180000,0.010000,0.007602,-0.043684,0.043261,2.4786,0.909838,-0.051261,0.185423,-0.308539,-0.308539,-17.6780,-17.6780,1,1,0.007602,0.00005779
1771742582.187515,1.190000,0.010000,0.007639,-0.022189,0.043054,2.4668,0.521931,-0.046148,0.511311,-0.237522,-0.237522,-13.6090,-13.6090,1,1,0.007639,0.00005835
1771742582.197515,1.200000,0.010000,0.007683,-0.037901,0.042673,2.4450,0.791276,-0.045164,0.098332,-0.213252,-0.213252,-12.2184,-12.2184,1,1,0.007683,0.00005902
1771742582.207515,1.210000,0.010000,0.007670,-0.038372,0.043188,2.4745,0.789377,-0.045395,-0.023028,-0.208965,-0.208965,-11.9728,-11.9728,1,1,0.007670,0.00005884
1771742582.217515,1.220000,0.010000,0.007665,-0.036330,0.043511,2.4930,0.744141,-0.049087,-0.369216,-0.171272,-0.171272,-9.8132,-9.8132,1,1,0.007665,0.00005875
1771742582.227515,1.230000,0.010000,0.007660,-0.037783,0.043755,2.5070,0.761295,-0.055808,-0.672129,-0.065852,-0.065852,-3.7730,-3.7730,1,1,0.007660,0.00005867
1771742582.237514,1.240000,0.010000,0.007682,-0.030012,0.043451,2.4895,0.616363,-0.065180,-0.937179,-0.011836,-0.011836,-0.6782,-0.6782,1,1,0.007682,0.00005901
1771742582.247514,1.250000,0.010000,0.007685,-0.040757,0.043419,2.4877,0.797782,-0.076871,-1.169098,0.018333,0.018333,1.0504,1.0504,1,1,0.007685,0.00005906
1771742582.257514,1.260000,0.010000,0.007778,-0.010493,0.041731,2.3910,0.256135,-0.090591,-1.372026,0.027395,0.027395,1.5696,1.5696,1,1,0.007778,0.00006049
1771742582.267514,1.270000,0.010000,0.007885,-0.031525,0.039733,2.2766,0.617830,-0.106087,-1.549589,0.101215,0.101215,5.7992,5.7992,1,1,0.007885,0.00006217
1771742582.277514,1.280000,0.010000,0.007988,-0.015022,0.037683,2.1591,0.312873,-0.123136,-1.704956,0.045549,0.045549,2.6097,2.6097,1,1,0.007988,0.00006381
1771742582.287514,1.290000,0.010000,0.008062,-0.035360,0.036030,2.0644,0.654121,-0.141545,-1.840902,0.092222,0.092222,5.2839,5.2839,1,1,0.008062,0.00006500
1771742582.297514,1.300000,0.010000,0.008213,0.000001,0.032598,1.8677,-0.046538,-0.154246,-1.270090,0.056300,0.056300,3.2257,3.2257,1,1,0.008213,0.00006746
1771742582.307514,1.310000,0.010000,0.008364,-0.027777,0.028762,1.6479,0.418987,-0.168850,-1.460395,0.093514,0.093514,5.3580,5.3580,1,1,0.008364,0.00006996
1771742582.317514,1.320000,0.010000,0.008454,-0.019289,0.025729,1.4742,0.236909,-0.178138,-0.928780,0.054009,0.054009,3.0945,3.0945,1,1,0.008454,0.00007147
1771742582.327514,1.330000,0.010000,0.008477,-0.042012,0.023587,1.3514,0.598970,-0.182774,-0.463616,0.067302,0.067302,3.8561,3.8561,1,1,0.008477,0.00007186
1771742582.337514,1.340000,0.010000,0.008587,-0.001875,0.019456,1.1147,-0.170692,-0.186048,-0.327388,0.097337,0.097337,5.5770,5.5770,1,1,0.008587,0.00007374
1771742582.347514,1.350000,0.010000,0.008699,-0.033188,0.014875,0.8523,0.335776,-0.185422,0.062601,0.069025,0.069025,3.9549,3.9549,1,1,0.008699,0.00007567
1771742582.357514,1.360000,0.010000,0.008641,-0.048025,0.012812,0.7341,0.540504,-0.181384,0.403842,0.077812,0.077812,4.4583,4.4583,1,1,0.008641,0.00007467
1771742582.367514,1.370000,0.010000,0.008596,-0.032560,0.010043,0.5754,0.209102,-0.174359,0.702428,0.116246,0.116246,6.6604,6.6604,1,1,0.008596,0.00007388
1771742582.377515,1.380000,0.010000,0.008501,-0.056377,0.007641,0.4378,0.566174,-0.164723,0.963690,0.075141,0.075141,4.3053,4.3053,1,1,0.008501,0.00007226
1771742582.387515,1.390000,0.010000,0.008330,-0.054603,0.006013,0.3445,0.467964,-0.152800,1.192295,0.099407,0.099407,5.6956,5.6956,1,1,0.008330,0.00006939
1771742582.397515,1.400000,0.010000,0.008085,-0.073168,0.005129,0.2939,0.726900,-0.138876,1.392324,0.066795,0.066795,3.8271,3.8271,1,1,0.008085,0.00006537
1771742582.407515,1.410000,0.010000,0.007816,-0.064430,0.004192,0.2402,0.517833,-0.123203,1.567349,-0.010635,-0.010635,-0.6093,-0.6093,1,1,0.007816,0.00006110
1771742582.417515,1.420000,0.010000,0.007500,-0.081401,0.003545,0.2031,0.750037,-0.105998,1.720496,0.012680,0.012680,0.7265,0.7265,1,1,0.007500,0.00005625
1771742582.427515,1.430000,0.010000,0.007145,-0.085281,0.003841,0.2201,0.849864,-0.087453,1.854500,0.007173,0.007173,0.4110,0.4110,1,1,0.007145,0.00005105
1771742582.437515,1.440000,0.010000,0.006793,-0.084379,0.004588,0.2629,0.897253,-0.067735,1.971753,0.049035,0.049035,2.8095,2.8095,1,1,0.006793,0.00004615
1771742582.447515,1.450000,0.010000,0.006445,-0.083649,0.005669,0.3248,0.932118,-0.052517,1.521810,0.117638,0.117638,6.7402,6.7402,1,1,0.006445,0.00004153
1771742582.457515,1.460000,0.010000,0.006098,-0.083047,0.006996,0.4009,0.957588,-0.037540,1.497741,0.088268,0.088268,5.0574,5.0574,1,1,0.006098,0.00003719
1771742582.467515,1.470000,0.010000,0.005754,-0.082539,0.008502,0.4871,0.976008,-0.020944,1.659589,0.141891,0.141891,8.1298,8.1298,1,1,0.005754,0.00003311
1771742582.477515,1.480000,0.010000,0.005412,-0.082101,0.010138,0.5809,0.989136,-0.009698,1.124616,0.225503,0.225503,12.9204,12.9204,1,1,0.005412,0.00002929
1771742582.487514,1.490000,0.010000,0.005072,-0.081715,0.011867,0.6799,0.998284,0.001241,1.093873,0.175216,0.175216,10.0391,10.0391,1,1,0.005072,0.00002572
1771742582.497514,1.500000,0.010000,0.004733,-0.081367,0.013660,0.7826,1.004436,0.014303,1.306205,0.207203,0.207203,11.8719,11.8719,1,1,0.004733,0.00002240
1771742582.507514,1.510000,0.010000,0.004395,-0.081048,0.015497,0.8879,1.008329,0.022242,0.793863,0.269916,0.269916,15.4650,15.4650,1,1,0.004395,0.00001932
1771742582.517514,1.520000,0.010000,0.004059,-0.080748,0.017361,0.9947,1.010511,0.031887,0.964567,0.189819,0.189819,10.8758,10.8758,1,1,0.004059,0.00001647
1771742582.527514,1.530000,0.010000,0.003723,-0.080464,0.019242,1.1025,1.011395,0.036837,0.494930,0.249491,0.249491,14.2948,14.2948,1,1,0.003723,0.00001386
1771742582.537514,1.540000,0.010000,0.003389,-0.080190,0.021129,1.2106,1.011288,0.037677,0.083998,0.152060,0.152060,8.7124,8.7124,1,1,0.003389,0.00001149
1771742582.547514,1.550000,0.010000,0.003056,-0.079923,0.023017,1.3188,1.010418,0.034921,-0.275567,0.083007,0.083007,4.7560,4.7560,1,1,0.003056,0.00000934
1771742582.557514,1.560000,0.010000,0.002724,-0.079618,0.024897,1.4265,1.008729,0.031452,-0.346842,0.072820,0.072820,4.1723,4.1723,1,1,0.002724,0.00000742
1771742582.567514,1.570000,0.010000,0.002396,-0.079116,0.026756,1.5330,1.005535,0.031908,0.045579,0.057128,0.057128,3.2732,3.2732,1,1,0.002396,0.00000574
1771742582.577514,1.580000,0.010000,0.002075,-0.078124,0.028569,1.6369,0.999613,0.035798,0.388947,0.057964,0.057964,3.3211,3.3211,1,1,0.002075,0.00000431
1771742582.587514,1.590000,0.010000,0.001765,-0.076686,0.030318,1.7371,0.991865,0.042356,0.655880,0.094695,0.094695,5.4256,5.4256,1,1,0.001765,0.00000312
1771742582.597514,1.600000,0.010000,0.001470,-0.074888,0.031995,1.8332,0.983226,0.051586,0.922961,0.154140,0.154140,8.8315,8.8315,1,1,0.001470,0.00000216
1771742582.607514,1.610000,0.010000,0.001192,-0.072757,0.033596,1.9249,0.974103,0.063153,1.156656,0.227816,0.227816,13.0529,13.0529,1,1,0.001192,0.00000142
1771742582.617514,1.620000,0.010000,0.000933,-0.070334,0.035119,2.0121,0.964908,0.076764,1.361140,0.254275,0.254275,14.5689,14.5689,1,1,0.000933,0.00000087
1771742582.627515,1.630000,0.010000,0.000697,-0.067653,0.036565,2.0950,0.955937,0.092165,1.540064,0.233183,0.233183,13.3604,13.3604,1,1,0.000697,0.00000049
1771742582.637515,1.640000,0.010000,0.000484,-0.064747,0.037940,2.1738,0.947436,0.109131,1.696621,0.177598,0.177598,10.1756,10.1756,1,1,0.000484,0.00000023
1771742582.647515,1.650000,0.010000,0.000297,-0.061646,0.039247,2.2487,0.939592,0.120486,1.135478,0.023644,0.023644,1.3547,1.3547,1,1,0.000297,0.00000009
1771742582.657515,1.660000,0.010000,0.000136,-0.058377,0.040494,2.3201,0.932564,0.133912,1.342609,-0.007815,-0.007815,-0.4478,-0.4478,1,1,0.000136,0.00000002
1771742582.667515,1.670000,0.010000,0.000004,-0.054969,0.041688,2.3885,0.926491,0.142169,0.825717,-0.135554,-0.135554,-7.7667,-7.7667,1,1,0.000004,0.00000000
1771742582.677515,1.680000,0.010000,-0.000099,-0.051445,0.042838,2.4544,0.921471,0.145903,0.373437,-0.167963,-0.167963,-9.6235,-9.6235,1,1,0.000099,0.00000001
1771742582.687515,1.690000,0.010000,-0.000172,-0.047833,0.043953,2.5183,0.917623,0.145680,-0.022309,-0.190349,-0.190349,-10.9062,-10.9062,1,1,0.000172,0.00000003
1771742582.697515,1.700000,0.010000,-0.000215,-0.044157,0.045044,2.5808,0.915047,0.141994,-0.368586,-0.182680,-0.182680,-10.4668,-10.4668,1,1,0.000215,0.00000005
1771742582.707515,1.710000,0.010000,-0.000226,-0.040440,0.046122,2.6426,0.913832,0.135279,-0.671579,-0.154367,-0.154367,-8.8446,-8.8446,1,1,0.000226,0.00000005
1771742582.717515,1.720000,0.010000,-0.000207,-0.036704,0.047198,2.7043,0.914052,0.130206,-0.507290,-0.119149,-0.119149,-6.8267,-6.8267,1,1,0.000207,0.00000004
1771742582.727515,1.730000,0.010000,-0.000156,-0.032970,0.048286,2.7666,0.915772,0.129258,-0.094813,-0.161967,-0.161967,-9.2800,-9.2800,1,1,0.000156,0.00000002
1771742582.737514,1.740000,0.010000,-0.000075,-0.029256,0.049398,2.8303,0.919045,0.131919,0.266104,-0.221933,-0.221933,-12.7158,-12.7158,1,1,0.000075,0.00000001
1771742582.747514,1.750000,0.010000,0.000037,-0.025581,0.050547,2.8961,0.923916,0.137738,0.581907,-0.268683,-0.268683,-15.3944,-15.3944,1,1,0.000037,0.00000000
1771742582.757514,1.760000,0.010000,0.000180,-0.021958,0.051746,2.9648,0.930418,0.146320,0.858235,-0.285988,-0.285988,-16.3859,-16.3859,1,1,0.000180,0.00000003
1771742582.767514,1.770000,0.010000,0.000352,-0.018402,0.053010,3.0373,0.938578,0.150339,0.401889,-0.319993,-0.319993,-18.3342,-18.3342,1,1,0.000352,0.00000012
1771742582.777514,1.780000,0.010000,0.000554,-0.014920,0.054353,3.1142,0.948354,0.150365,0.002587,-0.291581,-0.291581,-16.7064,-16.7064,1,1,0.000554,0.00000031
1771742582.787514,1.790000,0.010000,0.000784,-0.011519,0.055786,3.1963,0.959708,0.146897,-0.346802,-0.265635,-0.265635,-15.2198,-15.2198,1,1,0.000784,0.00000061
1771742582.797514,1.800000,0.010000,0.001034,-0.010017,0.057368,3.2869,0.982954,0.140372,-0.652517,-0.252188,-0.252188,-14.4493,-14.4493,1,1,0.001034,0.00000107
1771742582.807514,1.810000,0.010000,0.001297,-0.008666,0.059139,3.3884,1.005913,0.131171,-0.920019,-0.233003,-0.233003,-13.3501,-13.3501,1,1,0.001297,0.00000168
1771742582.817514,1.820000,0.010000,0.001570,-0.007302,0.061095,3.5005,1.027894,0.119631,-1.154082,-0.218309,-0.218309,-12.5082,-12.5082,1,1,0.001570,0.00000247
1771742582.827514,1.830000,0.010000,0.001856,-0.005939,0.063231,3.6229,1.049528,0.106042,-1.358888,-0.236080,-0.236080,-13.5264,-13.5264,1,1,0.001856,0.00000344
1771742582.837514,1.840000,0.010000,0.002152,-0.004594,0.065549,3.7557,1.071309,0.090661,-1.538093,-0.243007,-0.243007,-13.9233,-13.9233,1,1,0.002152,0.00000463
1771742582.847514,1.850000,0.010000,0.002460,-0.003272,0.068052,3.8991,1.093528,0.073712,-1.694897,-0.240466,-0.240466,-13.7777,-13.7777,1,1,0.002460,0.00000605
1771742582.857514,1.860000,0.010000,0.002779,-0.001859,0.070733,4.0527,1.113239,0.055391,-1.832101,-0.229133,-0.229133,-13.1284,-13.1284,1,1,0.002779,0.00000772
1771742582.867514,1.870000,0.010000,0.003111,0.000018,0.072706,4.1658,0.922706,0.035869,-1.952154,-0.211793,-0.211793,-12.1349,-12.1349,1,1,0.003111,0.00000968
1771742582.877515,1.880000,0.010000,0.003442,0.000021,0.074220,4.2525,0.961175,0.015297,-2.057201,-0.165079,-0.165079,-9.4583,-9.4583,1,1,0.003442,0.00001185
1771742582.887515,1.890000,0.010000,0.003794,0.005035,0.074866,4.2895,0.717118,-0.006194,-2.149116,-0.119081,-0.119081,-6.8229,-6.8229,1,1,0.003794,0.00001440
1771742582.897515,1.900000,0.010000,0.004134,-0.000134,0.075298,4.3142,0.858246,-0.028489,-2.229543,-0.061558,-0.061558,-3.5270,-3.5270,1,1,0.004134,0.00001709
1771742582.907515,1.910000,0.010000,0.004527,0.016712,0.074306,4.2574,0.398520,-0.051488,-2.299916,0.045803,0.045803,2.6243,2.6243,1,1,0.004527,0.00002049
1771742582.917515,1.920000,0.010000,0.004898,-0.000038,0.073098,4.1882,0.714037,-0.075103,-2.361492,-0.046099,-0.046099,-2.6413,-2.6413,1,1,0.004898,0.00002400
1771742582.927515,1.930000,0.010000,0.005294,0.019562,0.070822,4.0578,0.198783,-0.097239,-2.213555,0.070413,0.070413,4.0344,4.0344,1,1,0.005294,0.00002803
1771742582.937515,1.940000,0.010000,0.005661,-0.001406,0.068444,3.9216,0.587776,-0.114210,-1.697055,0.071715,0.071715,4.1090,4.1090,1,1,0.005661,0.00003204
1771742582.947515,1.950000,0.010000,0.006014,0.012806,0.065621,3.7598,0.162711,-0.127222,-1.301242,0.039435,0.039435,2.2595,2.2595,1,1,0.006014,0.00003617
1771742582.957515,1.960000,0.010000,0.006325,-0.006941,0.063002,3.6098,0.553462,-0.140829,-1.360729,0.051862,0.051862,2.9715,2.9715,1,1,0.006325,0.00004000
1771742582.967515,1.970000,0.010000,0.006658,0.014542,0.059346,3.4003,-0.014663,-0.153601,-1.277226,0.064607,0.064607,3.7017,3.7017,1,1,0.006658,0.00004433
1771742582.977515,1.980000,0.010000,0.006954,-0.009724,0.055686,3.1906,0.441947,-0.164459,-1.085802,0.116530,0.116530,6.6767,6.6767,1,1,0.006954,0.00004835
1771742582.987514,1.990000,0.010000,0.007208,0.000172,0.052043,2.9819,0.075066,-0.172544,-0.808420,0.073029,0.073029,4.1843,4.1843,1,1,0.007208,0.00005195
1771742582.997514,2.000000,0.010000,0.007389,-0.023285,0.048940,2.8041,0.500955,-0.177450,-0.490619,0.094494,0.094494,5.4141,5.4141,1,1,0.007389,0.00005460
1771742583.007514,2.010000,0.010000,0.007586,0.000002,0.044899,2.5725,-0.070362,-0.178252,-0.080226,0.054920,0.054920,3.1467,3.1467,1,1,0.007586,0.00005755
1771742583.017514,2.020000,0.010000,0.007742,-0.027140,0.040938,2.3456,0.407750,-0.175463,0.278868,0.076328,0.076328,4.3733,4.3733,1,1,0.007742,0.00005993
1771742583.027514,2.030000,0.010000,0.007844,-0.017497,0.037825,2.1672,0.227908,-0.169533,0.593076,0.045750,0.045750,2.6213,2.6213,1,1,0.007844,0.00006153
1771742583.037514,2.040000,0.010000,0.007889,-0.039252,0.035635,2.0418,0.596142,-0.160853,0.868007,0.071858,0.071858,4.1172,4.1172,1,1,0.007889,0.00006223
1771742583.047514,2.050000,0.010000,0.007969,-0.012533,0.032642,1.8703,0.105663,-0.149767,1.108572,-0.042736,-0.042736,-2.4486,-2.4486,1,1,0.007969,0.00006350
1771742583.057514,2.060000,0.010000,0.008038,-0.036923,0.029685,1.7008,0.512453,-0.136576,1.319066,0.037706,0.037706,2.1604,2.1604,1,1,0.008038,0.00006460
1771742583.067514,2.070000,0.010000,0.007975,-0.048189,0.028790,1.6496,0.680263,-0.121544,1.503249,-0.099310,-0.099310,-5.6900,-5.6900,1,1,0.007975,0.00006360
1771742583.077514,2.080000,0.010000,0.007903,-0.040864,0.027783,1.5919,0.519031,-0.104900,1.664409,-0.220759,-0.220759,-12.6485,-12.6485,1,1,0.007903,0.00006246
1771742583.087514,2.090000,0.010000,0.007786,-0.057361,0.027313,1.5649,0.777200,-0.086845,1.805423,-0.138554,-0.138554,-7.9385,-7.9385,1,1,0.007786,0.00006062
1771742583.097514,2.100000,0.010000,0.007610,-0.057933,0.027593,1.5810,0.753304,-0.067914,1.893157,-0.226830,-0.226830,-12.9964,-12.9964,1,1,0.007610,0.00005791
1771742583.107514,2.110000,0.010000,0.007383,-0.069483,0.028509,1.6335,0.924878,-0.047858,2.005578,-0.206953,-0.206953,-11.8575,-11.8575,1,1,0.007383,0.00005450
1771742583.117514,2.120000,0.010000,0.007132,-0.065561,0.029576,1.6946,0.825727,-0.032747,1.511089,-0.050838,-0.050838,-2.9128,-2.9128,1,1,0.007132,0.00005086
1771742583.127515,2.130000,0.010000,0.006854,-0.075024,0.030895,1.7702,0.967129,-0.016842,1.590521,-0.107182,-0.107182,-6.1411,-6.1411,1,1,0.006854,0.00004698
1771742583.137515,2.140000,0.010000,0.006528,-0.079141,0.032881,1.8840,1.017199,-0.006416,1.042640,0.048895,0.048895,2.8015,2.8015,1,1,0.006528,0.00004261
1771742583.147515,2.150000,0.010000,0.006193,-0.080394,0.035103,2.0113,1.051466,0.003927,1.034299,-0.017782,-0.017782,-1.0188,-1.0188,1,1,0.006193,0.00003835
1771742583.157515,2.160000,0.010000,0.005868,-0.077888,0.037331,2.1389,1.031664,0.009487,0.555945,0.013326,0.013326,0.7635,0.7635,1,1,0.005868,0.00003443
1771742583.167515,2.170000,0.010000,0.005531,-0.080889,0.039776,2.2790,1.085823,0.017283,0.779642,-0.100565,-0.100565,-5.7619,-5.7619,1,1,0.005531,0.00003059
1771742583.177515,2.180000,0.010000,0.005213,-0.076269,0.042124,2.4135,1.035030,0.020614,0.333121,-0.038587,-0.038587,-2.2109,-2.2109,1,1,0.005213,0.00002718
1771742583.187515,2.190000,0.010000,0.004893,-0.078619,0.044568,2.5535,1.084788,0.022751,0.213648,-0.134939,-0.134939,-7.7314,-7.7314,1,1,0.004893,0.00002394
1771742583.197515,2.200000,0.010000,0.004600,-0.070619,0.046633,2.6719,0.956723,0.021130,-0.162124,-0.157455,-0.157455,-9.0215,-9.0215,1,1,0.004600,0.00002116
1771742583.207515,2.210000,0.010000,0.004324,-0.073452,0.048558,2.7822,1.028247,0.016220,-0.490924,-0.164025,-0.164025,-9.3979,-9.3979,1,1,0.004324,0.00001870
1771742583.217515,2.220000,0.010000,0.004077,-0.064903,0.050184,2.8753,0.902391,0.008434,-0.778624,-0.134931,-0.134931,-7.7309,-7.7309,1,1,0.004077,0.00001662
1771742583.227515,2.230000,0.010000,0.003848,-0.067905,0.051737,2.9643,0.987345,-0.001869,-1.030362,-0.046150,-0.046150,-2.6442,-2.6442,1,1,0.003848,0.00001481
1771742583.237514,2.240000,0.010000,0.003686,-0.050058,0.052386,3.0015,0.705127,-0.014376,-1.250633,-0.058361,-0.058361,-3.3438,-3.3438,1,1,0.003686,0.00001358
1771742583.247514,2.250000,0.010000,0.003560,-0.056218,0.052703,3.0197,0.853974,-0.021828,-0.745238,0.070412,0.070412,4.0343,4.0343,1,1,0.003560,0.00001268
1771742583.257514,2.260000,0.010000,0.003441,-0.050307,0.053244,3.0506,0.788898,-0.031840,-1.001149,-0.042390,-0.042390,-2.4288,-2.4288,1,1,0.003441,0.00001184
1771742583.267514,2.270000,0.010000,0.003336,-0.052242,0.053881,3.0872,0.865812,-0.037109,-0.526939,0.014330,0.014330,0.8210,0.8210,1,1,0.003336,0.00001113
1771742583.277514,2.280000,0.010000,0.003280,-0.039596,0.054014,3.0948,0.684443,-0.038229,-0.112006,-0.087091,-0.087091,-4.9899,-4.9899,1,1,0.003280,0.00001076
1771742583.287514,2.290000,0.010000,0.003244,-0.045506,0.054167,3.1035,0.835225,-0.035718,0.251060,-0.185946,-0.185946,-10.6539,-10.6539,1,1,0.003244,0.00001052
1771742583.297514,2.300000,0.010000,0.003217,-0.038897,0.054520,3.1238,0.762939,-0.037012,-0.129388,-0.284928,-0.284928,-16.3252,-16.3252,1,1,0.003217,0.00001035
1771742583.307514,2.310000,0.010000,0.003197,-0.043178,0.055146,3.1596,0.885904,-0.037209,-0.019687,-0.206507,-0.206507,-11.8320,-11.8320,1,1,0.003197,0.00001022
1771742583.317514,2.320000,0.010000,0.003243,-0.024510,0.054990,3.1507,0.600318,-0.040872,-0.366292,-0.249158,-0.249158,-14.2757,-14.2757,1,1,0.003243,0.00001052
1771742583.327514,2.330000,0.010000,0.003323,-0.031968,0.054632,3.1302,0.780850,-0.047568,-0.669571,-0.142233,-0.142233,-8.1493,-8.1493,1,1,0.003323,0.00001104
1771742583.337514,2.340000,0.010000,0.003421,-0.021844,0.054323,3.1125,0.646223,-0.056917,-0.934941,-0.097670,-0.097670,-5.5961,-5.5961,1,1,0.003421,0.00001171
1771742583.347514,2.350000,0.010000,0.003527,-0.028699,0.054262,3.1090,0.813294,-0.066669,-0.975166,-0.062280,-0.062280,-3.5684,-3.5684,1,1,0.003527,0.00001244
1771742583.357514,2.360000,0.010000,0.003708,-0.005587,0.053131,3.0442,0.421867,-0.071711,-0.504205,-0.028822,-0.028822,-1.6514,-1.6514,1,1,0.003708,0.00001375
1771742583.367514,2.370000,0.010000,0.003918,-0.017244,0.051730,2.9639,0.670621,-0.072632,-0.092113,-0.066970,-0.066970,-3.8371,-3.8371,1,1,0.003918,0.00001535
1771742583.377515,2.380000,0.010000,0.004078,-0.020102,0.051539,2.9530,0.758082,-0.069947,0.268467,-0.170512,-0.170512,-9.7696,-9.7696,1,1,0.004078,0.00001663
1771742583.387515,2.390000,0.010000,0.004273,-0.009588,0.051017,2.9231,0.606017,-0.066503,0.344461,-0.270451,-0.270451,-15.4957,-15.4957,1,1,0.004273,0.00001826
1771742583.397515,2.400000,0.010000,0.004467,-0.018579,0.050792,2.9102,0.798446,-0.059998,0.650469,-0.285937,-0.285937,-16.3830,-16.3830,1,1,0.004467,0.00001995
1771742583.407515,2.410000,0.010000,0.004675,-0.008152,0.050510,2.8940,0.628826,-0.057797,0.220095,-0.345154,-0.345154,-19.7759,-19.7759,1,1,0.004675,0.00002185
1771742583.417515,2.420000,0.010000,0.004879,-0.017314,0.050469,2.8917,0.819755,-0.059362,-0.156483,-0.286251,-0.286251,-16.4010,-16.4010,1,1,0.004879,0.00002381
1771742583.427515,2.430000,0.010000,0.005112,-0.003165,0.049853,2.8564,0.525324,-0.064222,-0.485988,-0.199104,-0.199104,-11.4078,-11.4078,1,1,0.005112,0.00002614
1771742583.437515,2.440000,0.010000,0.005341,-0.014990,0.049231,2.8207,0.758888,-0.071965,-0.774306,-0.114087,-0.114087,-6.5367,-6.5367,1,1,0.005341,0.00002853
1771742583.447515,2.450000,0.010000,0.005593,0.000010,0.048125,2.7574,0.451440,-0.082231,-1.026583,-0.045015,-0.045015,-2.5792,-2.5792,1,1,0.005593,0.00003128
1771742583.457515,2.460000,0.010000,0.005834,-0.013984,0.047099,2.6986,0.716848,-0.089731,-0.750024,-0.009101,-0.009101,-0.5214,-0.5214,1,1,0.005834,0.00003403
1771742583.467515,2.470000,0.010000,0.006085,0.000010,0.045792,2.6237,0.432298,-0.092803,-0.307205,-0.002143,-0.002143,-0.1228,-0.1228,1,1,0.006085,0.00003703
1771742583.477515,2.480000,0.010000,0.006319,-0.015127,0.044693,2.5607,0.710093,-0.092000,0.080261,-0.052055,-0.052055,-2.9825,-2.9825,1,1,0.006319,0.00003993
1771742583.487514,2.490000,0.010000,0.006553,-0.002596,0.043641,2.5004,0.494114,-0.087807,0.419294,-0.135240,-0.135240,-7.7487,-7.7487,1,1,0.006553,0.00004294
1771742583.497514,2.500000,0.010000,0.006767,-0.017272,0.042961,2.4615,0.756033,-0.085203,0.260469,-0.209035,-0.209035,-11.9768,-11.9768,1,1,0.006767,0.00004580
1771742583.507514,2.510000,0.010000,0.006997,-0.001323,0.041843,2.3974,0.436106,-0.086414,-0.121155,-0.195311,-0.195311,-11.1905,-11.1905,1,1,0.006997,0.00004896
1771742583.517514,2.520000,0.010000,0.007211,-0.017800,0.040851,2.3406,0.723491,-0.090965,-0.455077,-0.065562,-0.065562,-3.7564,-3.7564,1,1,0.007211,0.00005200
1771742583.527514,2.530000,0.010000,0.007438,-0.000640,0.039413,2.2582,0.381037,-0.098438,-0.747258,-0.014293,-0.014293,-0.8189,-0.8189,1,1,0.007438,0.00005533
1771742583.537514,2.540000,0.010000,0.007646,-0.018862,0.038122,2.1842,0.692026,-0.108467,-1.002917,0.042858,0.042858,2.4556,2.4556,1,1,0.007646,0.00005846
1771742583.547514,2.550000,0.010000,0.007869,0.000006,0.036057,2.0659,0.251773,-0.120733,-1.226618,0.049213,0.049213,2.8197,2.8197,1,1,0.007869,0.00006191
1771742583.557514,2.560000,0.010000,0.008061,-0.021380,0.034005,1.9484,0.610621,-0.130529,-0.979640,0.094680,0.094680,5.4248,5.4248,1,1,0.008061,0.00006498
1771742583.567514,2.570000,0.010000,0.008258,-0.002271,0.031666,1.8143,0.248763,-0.135611,-0.508119,0.048835,0.048835,2.7980,2.7980,1,1,0.008258,0.00006820
1771742583.577514,2.580000,0.010000,0.008427,-0.024362,0.029613,1.6967,0.610169,-0.136566,-0.095539,0.091742,0.091742,5.2565,5.2565,1,1,0.008427,0.00007101
1771742583.587514,2.590000,0.010000,0.008581,-0.009253,0.027543,1.5781,0.311267,-0.133911,0.265470,0.052530,0.052530,3.0097,3.0097,1,1,0.008581,0.00007363
1771742583.597514,2.600000,0.010000,0.008695,-0.030694,0.025884,1.4830,0.651884,-0.128098,0.581352,0.065189,0.065189,3.7351,3.7351,1,1,0.008695,0.00007561
1771742583.607514,2.610000,0.010000,0.008778,-0.020095,0.024427,1.3995,0.424122,-0.119520,0.857749,-0.042979,-0.042979,-2.4625,-2.4625,1,1,0.008778,0.00007706
1771742583.617514,2.620000,0.010000,0.008814,-0.039729,0.023461,1.3442,0.725768,-0.115506,0.401464,-0.055161,-0.055161,-3.1605,-3.1605,1,1,0.008814,0.00007768
1771742583.627515,2.630000,0.010000,0.008860,-0.020622,0.021907,1.2552,0.343474,-0.115484,0.002215,-0.038470,-0.038470,-2.2041,-2.2041,1,1,0.008860,0.00007850
1771742583.637515,2.640000,0.010000,0.008880,-0.041969,0.020441,1.1712,0.671394,-0.118955,-0.347127,0.073527,0.073527,4.2128,4.2128,1,1,0.008880,0.00007886
1771742583.647515,2.650000,0.010000,0.008864,-0.032804,0.019185,1.0992,0.458929,-0.118502,0.045329,0.027275,0.027275,1.5627,1.5627,1,1,0.008864,0.00007856
1771742583.657515,2.660000,0.010000,0.008796,-0.052018,0.018408,1.0547,0.744364,-0.114614,0.388729,0.055108,0.055108,3.1575,3.1575,1,1,0.008796,0.00007736
1771742583.667515,2.670000,0.010000,0.008717,-0.038522,0.017359,0.9946,0.452742,-0.107722,0.689204,0.002287,0.002287,0.1310,0.1310,1,1,0.008717,0.00007598
1771742583.677515,2.680000,0.010000,0.008602,-0.057692,0.016514,0.9462,0.735975,-0.098201,0.952119,-0.014546,-0.014546,-0.8334,-0.8334,1,1,0.008602,0.00007399
1771742583.687515,2.690000,0.010000,0.008405,-0.061091,0.016620,0.9523,0.739506,-0.086379,1.182170,-0.117721,-0.117721,-6.7449,-6.7449,1,1,0.008405,0.00007065
1771742583.697515,2.700000,0.010000,0.008147,-0.072675,0.017356,0.9944,0.888590,-0.072545,1.383465,-0.152954,-0.152954,-8.7636,-8.7636,1,1,0.008147,0.00006637
1771742583.707515,2.710000,0.010000,0.007870,-0.067380,0.017970,1.0296,0.742155,-0.056949,1.559597,-0.103227,-0.103227,-5.9145,-5.9145,1,1,0.007870,0.00006193
1771742583.717515,2.720000,0.010000,0.007558,-0.079806,0.018795,1.0769,0.912567,-0.043264,1.368483,-0.109439,-0.109439,-6.2704,-6.2704,1,1,0.007558,0.00005712
1771742583.727515,2.730000,0.010000,0.007210,-0.083396,0.020355,1.1663,0.990757,-0.029707,1.355661,-0.032666,-0.032666,-1.8716,-1.8716,1,1,0.007210,0.00005199
1771742583.737514,2.740000,0.010000,0.006866,-0.082673,0.022248,1.2747,1.025794,-0.021336,0.837138,0.044866,0.044866,2.5706,2.5706,1,1,0.006866,0.00004714
1771742583.747514,2.750000,0.010000,0.006542,-0.077762,0.024077,1.3795,0.976366,-0.017502,0.383429,-0.042197,-0.042197,-2.4177,-2.4177,1,1,0.006542,0.00004279
1771742583.757514,2.760000,0.010000,0.006212,-0.079004,0.025900,1.4839,0.988039,-0.017637,-0.013565,-0.076865,-0.076865,-4.4040,-4.4040,1,1,0.006212,0.00003859
1771742583.767514,2.770000,0.010000,0.005881,-0.079527,0.027783,1.5919,1.001370,-0.014265,0.337196,-0.023711,-0.023711,-1.3585,-1.3585,1,1,0.005881,0.00003458
1771742583.777514,2.780000,0.010000,0.005548,-0.079904,0.029768,1.7056,1.018309,-0.009073,0.519248,-0.095809,-0.095809,-5.4895,-5.4895,1,1,0.005548,0.00003078
1771742583.787514,2.790000,0.010000,0.005210,-0.081077,0.031947,1.8304,1.053656,-0.001050,0.802261,-0.101578,-0.101578,-5.8200,-5.8200,1,1,0.005210,0.00002714
1771742583.797514,2.800000,0.010000,0.004889,-0.077075,0.034033,1.9500,1.008610,0.002479,0.352912,-0.039051,-0.039051,-2.2374,-2.2374,1,1,0.004889,0.00002390
1771742583.807514,2.810000,0.010000,0.004565,-0.078567,0.036141,2.0707,1.034216,0.002076,-0.040267,-0.119510,-0.119510,-6.8474,-6.8474,1,1,0.004565,0.00002084
1771742583.817514,2.820000,0.010000,0.004267,-0.071796,0.037844,2.1683,0.920228,-0.001767,-0.384300,-0.109154,-0.109154,-6.2541,-6.2541,1,1,0.004267,0.00001821
1771742583.827514,2.830000,0.010000,0.003979,-0.075037,0.039445,2.2600,0.989182,-0.008620,-0.685328,-0.021968,-0.021968,-1.2587,-1.2587,1,1,0.003979,0.00001583
1771742583.837514,2.840000,0.010000,0.003729,-0.063859,0.040499,2.3204,0.806082,-0.018107,-0.948728,-0.016602,-0.016602,-0.9512,-0.9512,1,1,0.003729,0.00001390
1771742583.847514,2.850000,0.010000,0.003499,-0.068415,0.041355,2.3695,0.907933,-0.029524,-1.141649,0.102831,0.102831,5.8918,5.8918,1,1,0.003499,0.00001224
1771742583.857514,2.860000,0.010000,0.003294,-0.059127,0.041951,2.4036,0.766079,-0.036023,-0.649877,0.068745,0.068745,3.9388,3.9388,1,1,0.003294,0.00001085
1771742583.867514,2.870000,0.010000,0.003103,-0.063760,0.042520,2.4362,0.875727,-0.038218,-0.219577,0.063232,0.063232,3.6229,3.6229,1,1,0.003103,0.00000963
1771742583.877515,2.880000,0.010000,0.002923,-0.057937,0.043135,2.4715,0.801132,-0.038716,-0.049737,-0.040985,-0.040985,-2.3482,-2.3482,1,1,0.002923,0.00000854
1771742583.887515,2.890000,0.010000,0.002751,-0.061300,0.043881,2.5142,0.893349,-0.042642,-0.392586,-0.074308,-0.074308,-4.2575,-4.2575,1,1,0.002751,0.00000757
1771742583.897515,2.900000,0.010000,0.002619,-0.049164,0.044166,2.5305,0.711194,-0.042586,0.005553,-0.030149,-0.030149,-1.7274,-1.7274,1,1,0.002619,0.00000686
1771742583.907515,2.910000,0.010000,0.002512,-0.053781,0.044334,2.5402,0.830450,-0.046028,-0.344207,-0.108092,-0.108092,-6.1932,-6.1932,1,1,0.002512,0.00000631
1771742583.917515,2.920000,0.010000,0.002423,-0.046179,0.044489,2.5490,0.732383,-0.052531,-0.650247,-0.027232,-0.027232,-1.5603,-1.5603,1,1,0.002423,0.00000587
1771742583.927515,2.930000,0.010000,0.002345,-0.050079,0.044764,2.5648,0.841203,-0.054730,-0.219900,0.032231,0.032231,1.8467,1.8467,1,1,0.002345,0.00000550
1771742583.937515,2.940000,0.010000,0.002316,-0.035631,0.044489,2.5490,0.622891,-0.060144,-0.541478,-0.057555,-0.057555,-3.2976,-3.2976,1,1,0.002316,0.00000537
1771742583.947515,2.950000,0.010000,0.002314,-0.041486,0.044086,2.5259,0.767931,-0.066271,-0.612625,0.024813,0.024813,1.4217,1.4217,1,1,0.002314,0.00000535
1771742583.957515,2.960000,0.010000,0.002319,-0.035360,0.043876,2.5139,0.697953,-0.068140,-0.186981,0.013511,0.013511,0.7741,0.7741,1,1,0.002319,0.00000538
1771742583.967515,2.970000,0.010000,0.002328,-0.039781,0.043926,2.5168,0.816376,-0.066286,0.185458,-0.047174,-0.047174,-2.7029,-2.7029,1,1,0.002328,0.00000542
1771742583.977515,2.980000,0.010000,0.002366,-0.029798,0.043788,2.5089,0.677042,-0.061172,0.511341,-0.162922,-0.162922,-9.3348,-9.3348,1,1,0.002366,0.00000560
1771742583.987514,2.990000,0.010000,0.002418,-0.034698,0.043715,2.5047,0.803534,-0.053207,0.796490,-0.277746,-0.277746,-15.9137,-15.9137,1,1,0.002418,0.00000585
1771742583.997514,3.000000,0.010000,0.002445,-0.037185,0.044411,2.5445,0.886139,-0.042748,1.045994,-0.336036,-0.336036,-19.2534,-19.2534,1,1,0.002445,0.00000598
1771742584.007514,3.010000,0.010000,0.002497,-0.029680,0.044989,2.5777,0.790756,-0.037086,0.566179,-0.326490,-0.326490,-18.7065,-18.7065,1,1,0.002497,0.00000624
1771742584.017514,3.020000,0.010000,0.002563,-0.032551,0.045632,2.6145,0.881442,-0.035622,0.146341,-0.326651,-0.326651,-18.7157,-18.7157,1,1,0.002563,0.00000657
1771742584.027514,3.030000,0.010000,0.002648,-0.026203,0.046273,2.6513,0.807558,-0.034938,0.068416,-0.268207,-0.268207,-15.3671,-15.3671,1,1,0.002648,0.00000701
1771742584.037514,3.040000,0.010000,0.002744,-0.028950,0.047046,2.6956,0.896511,-0.037830,-0.289202,-0.262778,-0.262778,-15.0561,-15.0561,1,1,0.002744,0.00000753
1771742584.047514,3.050000,0.010000,0.002881,-0.017535,0.047436,2.7179,0.732622,-0.036870,0.096014,-0.204100,-0.204100,-11.6940,-11.6940,1,1,0.002881,0.00000830
1771742584.057514,3.060000,0.010000,0.003038,-0.022059,0.047789,2.7381,0.853007,-0.032539,0.433078,-0.287199,-0.287199,-16.4553,-16.4553,1,1,0.003038,0.00000923
1771742584.067514,3.070000,0.010000,0.003187,-0.020455,0.048593,2.7842,0.862848,-0.032241,0.029878,-0.336316,-0.336316,-19.2695,-19.2695,1,1,0.003187,0.00001016
1771742584.077514,3.080000,0.010000,0.003351,-0.018744,0.049471,2.8345,0.870587,-0.028488,0.375209,-0.283851,-0.283851,-16.2635,-16.2635,1,1,0.003351,0.00001123
1771742584.087514,3.090000,0.010000,0.003523,-0.018206,0.050504,2.8937,0.899046,-0.023239,0.524990,-0.336363,-0.336363,-19.2722,-19.2722,1,1,0.003523,0.00001241
1771742584.097514,3.100000,0.010000,0.003723,-0.012419,0.051371,2.9434,0.833902,-0.022136,0.110301,-0.351101,-0.351101,-20.1166,-20.1166,1,1,0.003723,0.00001386
1771742584.107514,3.110000,0.010000,0.003929,-0.015653,0.052430,3.0040,0.929015,-0.024661,-0.252553,-0.321584,-0.321584,-18.4254,-18.4254,1,1,0.003929,0.00001544
1771742584.117514,3.120000,0.010000,0.004175,-0.003735,0.052775,3.0238,0.679013,-0.030362,-0.570049,-0.267434,-0.267434,-15.3228,-15.3228,1,1,0.004175,0.00001743
1771742584.127515,3.130000,0.010000,0.004428,-0.011130,0.052995,3.0364,0.846442,-0.038840,-0.847859,-0.198230,-0.198230,-11.3577,-11.3577,1,1,0.004428,0.00001961
1771742584.137515,3.140000,0.010000,0.004703,0.000013,0.052815,3.0261,0.612031,-0.049750,-1.090943,-0.136676,-0.136676,-7.8310,-7.8310,1,1,0.004703,0.00002212
1771742584.147515,3.150000,0.010000,0.004974,-0.009461,0.052691,3.0190,0.811799,-0.062786,-1.303641,-0.067275,-0.067275,-3.8546,-3.8546,1,1,0.004974,0.00002474
1771742584.157515,3.160000,0.010000,0.005253,0.000109,0.051744,2.9647,0.449310,-0.077683,-1.489751,0.020606,0.020606,1.1806,1.1806,1,1,0.005253,0.00002759
1771742584.167515,3.170000,0.010000,0.005498,-0.013340,0.050688,2.9042,0.713545,-0.094209,-1.652598,0.012835,0.012835,0.7354,0.7354,1,1,0.005498,0.00003023
1771742584.177515,3.180000,0.010000,0.005754,0.000006,0.048853,2.7991,0.310470,-0.107946,-1.373628,0.096365,0.096365,5.5213,5.5213,1,1,0.005754,0.00003311
1771742584.187515,3.190000,0.010000,0.005976,-0.016923,0.046991,2.6924,0.628053,-0.123456,-1.550990,0.071765,0.071765,4.1118,4.1118,1,1,0.005976,0.00003572
1771742584.197515,3.200000,0.010000,0.006211,0.000004,0.044244,2.5350,0.156511,-0.140517,-1.706182,0.081768,0.081768,4.6850,4.6850,1,1,0.006211,0.00003858
1771742584.207515,3.210000,0.010000,0.006409,-0.020656,0.041466,2.3758,0.529917,-0.158434,-1.791670,0.100234,0.100234,5.7430,5.7430,1,1,0.006409,0.00004108
1771742584.217515,3.220000,0.010000,0.006623,0.000002,0.037729,2.1617,-0.003775,-0.177602,-1.916777,0.053396,0.053396,3.0593,3.0593,1,1,0.006623,0.00004386
1771742584.227515,3.230000,0.010000,0.006796,-0.024486,0.033979,1.9469,0.424898,-0.197864,-2.026246,0.082511,0.082511,4.7275,4.7275,1,1,0.006796,0.00004619
1771742584.237514,3.240000,0.010000,0.006987,0.000001,0.029354,1.6819,-0.132412,-0.213329,-1.546493,0.046611,0.046611,2.6706,2.6706,1,1,0.006987,0.00004882
1771742584.247514,3.250000,0.010000,0.007137,-0.028025,0.024868,1.4248,0.344298,-0.223370,-1.004116,0.014216,0.014216,0.8145,0.8145,1,1,0.007137,0.00005093
1771742584.257514,3.260000,0.010000,0.007287,-0.004960,0.020142,1.1540,-0.090573,-0.228666,-0.529535,0.058503,0.058503,3.3520,3.3520,1,1,0.007287,0.00005310
1771742584.267514,3.270000,0.010000,0.007397,-0.032695,0.015862,0.9088,0.364432,-0.229809,-0.114277,0.026586,0.026586,1.5233,1.5233,1,1,0.007397,0.00005472
1771742584.277514,3.280000,0.010000,0.007492,-0.013604,0.011508,0.6594,-0.015845,-0.227318,0.249073,0.098472,0.098472,5.6420,5.6420,1,1,0.007492,0.00005613
1771742584.287514,3.290000,0.010000,0.007538,-0.040184,0.007614,0.4362,0.403505,-0.221648,0.567005,0.053135,0.053135,3.0444,3.0444,1,1,0.007538,0.00005682
1771742584.297514,3.300000,0.010000,0.007535,-0.029772,0.004114,0.2357,0.162280,-0.213196,0.845195,0.135571,0.135571,7.7676,7.7676,1,1,0.007535,0.00005677
1771742584.307514,3.310000,0.010000,0.007467,-0.053130,0.001255,0.0719,0.512188,-0.202310,1.088612,0.089286,0.089286,5.1157,5.1157,1,1,0.007467,0.00005576
1771742584.317514,3.320000,0.010000,0.007356,-0.043919,-0.001405,-0.0805,0.282153,-0.189294,1.301601,0.166036,0.166036,9.5132,9.5132,1,1,0.007356,0.00005411
1771742584.327514,3.330000,0.010000,0.007186,-0.064857,-0.003590,-0.2057,0.581936,-0.174414,1.487967,0.109149,0.109149,6.2538,6.2538,1,1,0.007186,0.00005164
1771742584.337514,3.340000,0.010000,0.006932,-0.067373,-0.004911,-0.2814,0.552843,-0.157904,1.651037,0.124244,0.124244,7.1187,7.1187,1,1,0.006932,0.00004806
1771742584.347514,3.350000,0.010000,0.006604,-0.082559,-0.005525,-0.3166,0.747651,-0.139966,1.793723,0.116911,0.116911,6.6985,6.6985,1,1,0.006604,0.00004361
1771742584.357514,3.360000,0.010000,0.006253,-0.084069,-0.005506,-0.3155,0.804898,-0.120781,1.918573,0.091931,0.091931,5.2672,5.2672,1,1,0.006253,0.00003911
1771742584.367514,3.370000,0.010000,0.005902,-0.084367,-0.005135,-0.2942,0.850674,-0.100503,2.027818,0.120029,0.120029,6.8772,6.8772,1,1,0.005902,0.00003483
1771742584.377515,3.380000,0.010000,0.005553,-0.083733,-0.004502,-0.2579,0.877689,-0.086163,1.433978,0.118286,0.118286,6.7773,6.7773,1,1,0.005553,0.00003084
1771742584.387515,3.390000,0.010000,0.005206,-0.083209,-0.003682,-0.2110,0.896511,-0.070125,1.603797,0.101784,0.101784,5.8318,5.8318,1,1,0.005206,0.00002711
1771742584.397515,3.400000,0.010000,0.004861,-0.082768,-0.002735,-0.1567,0.909157,-0.058036,1.208884,0.126860,0.126860,7.2685,7.2685,1,1,0.004861,0.00002363
1771742584.407515,3.410000,0.010000,0.004518,-0.082388,-0.001703,-0.0976,0.917135,-0.043968,1.406840,0.137963,0.137963,7.9047,7.9047,1,1,0.004518,0.00002041
1771742584.417515,3.420000,0.010000,0.004176,-0.082054,-0.000619,-0.0355,0.921572,-0.031830,1.213787,0.165153,0.165153,9.4626,9.4626,1,1,0.004176,0.00001744
1771742584.427515,3.430000,0.010000,0.003835,-0.081753,0.000490,0.0281,0.923310,-0.017718,1.411130,0.176234,0.176234,10.0975,10.0975,1,1,0.003835,0.00001471
1771742584.437515,3.440000,0.010000,0.003496,-0.081478,0.001608,0.0921,0.922976,-0.004343,1.337550,0.236787,0.236787,13.5669,13.5669,1,1,0.003496,0.00001222
1771742584.447515,3.450000,0.010000,0.003157,-0.081221,0.002717,0.1557,0.921038,0.010851,1.519422,0.267766,0.267766,15.3419,15.3419,1,1,0.003157,0.00000997
1771742584.457515,3.460000,0.010000,0.002820,-0.080978,0.003808,0.2182,0.917845,0.023138,1.228715,0.332108,0.332108,19.0284,19.0284,1,1,0.002820,0.00000795
1771742584.467515,3.470000,0.010000,0.002484,-0.080746,0.004871,0.2791,0.913654,0.035777,1.263823,0.318334,0.318334,18.2392,18.2392,1,1,0.002484,0.00000617
1771742584.477515,3.480000,0.010000,0.002148,-0.080521,0.005899,0.3380,0.908657,0.045918,1.014175,0.337431,0.337431,19.3334,19.3334,1,1,0.002148,0.00000461
1771742584.487514,3.490000,0.010000,0.001813,-0.080302,0.006887,0.3946,0.902996,0.051670,0.575155,0.318448,0.318448,18.2457,18.2457,1,1,0.001813,0.00000329
1771742584.497514,3.500000,0.010000,0.001480,-0.080087,0.007828,0.4485,0.896773,0.060193,0.852326,0.272884,0.272884,15.6351,15.6351,1,1,0.001480,0.00000219
1771742584.507514,3.510000,0.010000,0.001147,-0.079857,0.008720,0.4996,0.889969,0.067455,0.726154,0.318912,0.318912,18.2723,18.2723,1,1,0.001147,0.00000132
1771742584.517514,3.520000,0.010000,0.000816,-0.079499,0.009550,0.5472,0.882039,0.071746,0.429110,0.313567,0.313567,17.9661,17.9661,1,1,0.000816,0.00000067
1771742584.527514,3.530000,0.010000,0.000490,-0.078883,0.010305,0.5904,0.872494,0.078635,0.688926,0.278754,0.278754,15.9714,15.9714,1,1,0.000490,0.00000024
1771742584.537514,3.540000,0.010000,0.000172,-0.077899,0.010967,0.6284,0.861077,0.086051,0.741592,0.319673,0.319673,18.3159,18.3159,1,1,0.000172,0.00000003
1771742584.547514,3.550000,0.010000,-0.000136,-0.076614,0.011527,0.6604,0.848545,0.095939,0.988771,0.331690,0.331690,19.0044,19.0044,1,1,0.000136,0.00000002
1771742584.557514,3.560000,0.010000,-0.000432,-0.075073,0.011977,0.6862,0.835348,0.105976,1.003694,0.345926,0.345926,19.8201,19.8201,1,1,0.000432,0.00000019
1771742584.567514,3.570000,0.010000,-0.000714,-0.073314,0.012316,0.7056,0.821844,0.118249,1.227298,0.333084,0.333084,19.0843,19.0843,1,1,0.000714,0.00000051
1771742584.577514,3.580000,0.010000,-0.000995,-0.072989,0.012814,0.7342,0.837508,0.132478,1.422952,0.320277,0.320277,18.3505,18.3505,1,1,0.000995,0.00000099
1771742584.587514,3.590000,0.010000,-0.001316,-0.076891,0.014262,0.8172,0.937870,0.148420,1.594149,0.285377,0.285377,16.3509,16.3509,1,1,0.001316,0.00000173
1771742584.597514,3.600000,0.010000,-0.001591,-0.071714,0.015137,0.8673,0.875096,0.165859,1.743946,0.222142,0.222142,12.7278,12.7278,1,1,0.001591,0.00000253
1771742584.607514,3.610000,0.010000,-0.001900,-0.074175,0.018103,1.0372,1.098120,0.184609,1.875019,0.120673,0.120673,6.9141,6.9141,1,1,0.001900,0.00000361
1771742584.617514,3.620000,0.010000,-0.002126,-0.064890,0.019912,1.1409,0.973250,0.201339,1.672977,-0.178063,-0.178063,-10.2023,-10.2023,1,1,0.002126,0.00000452
1771742584.627515,3.630000,0.010000,-0.002428,-0.072699,0.023483,1.3455,1.161358,0.212487,1.114789,-0.215808,-0.215808,-12.3649,-12.3649,1,1,0.002428,0.00000590
1771742584.637515,3.640000,0.010000,-0.002628,-0.061243,0.025654,1.4698,1.010721,0.225732,1.324507,-0.321295,-0.321295,-18.4088,-18.4088,1,1,0.002628,0.00000691
1771742584.647515,3.650000,0.010000,-0.002924,-0.071080,0.030043,1.7214,1.248223,0.236712,1.097942,-0.286547,-0.286547,-16.4180,-16.4180,1,1,0.002924,0.00000855
1771742584.657515,3.660000,0.010000,-0.003093,-0.057019,0.032733,1.8754,1.065502,0.242828,0.611633,-0.385236,-0.385236,-22.0724,-22.0724,1,1,0.003093,0.00000957
1771742584.667515,3.670000,0.010000,-0.003302,-0.060659,0.036719,2.1038,1.204573,0.251670,0.884245,-0.313597,-0.313597,-17.9678,-17.9678,1,1,0.003302,0.00001090
1771742584.677515,3.680000,0.010000,-0.003385,-0.046703,0.039147,2.2430,1.037491,0.261673,1.000247,-0.389998,-0.389998,-22.3452,-22.3452,1,1,0.003385,0.00001146
1771742584.687515,3.690000,0.010000,-0.003616,-0.061970,0.044910,2.5732,1.395667,0.272204,1.053168,-0.363211,-0.363211,-20.8104,-20.8104,1,1,0.003616,0.00001308
1771742584.697515,3.700000,0.010000,-0.003683,-0.043642,0.048523,2.7802,1.165461,0.279814,0.760993,-0.420833,-0.420833,-24.1119,-24.1119,1,1,0.003683,0.00001356
1771742584.707515,3.710000,0.010000,-0.003698,-0.037489,0.052063,2.9830,1.158529,0.284872,0.505786,-0.408837,-0.408837,-23.4246,-23.4246,1,1,0.003698,0.00001367
1771742584.717515,3.720000,0.010000,-0.003659,-0.031112,0.055540,3.1822,1.153069,0.285807,0.093497,-0.415619,-0.415619,-23.8132,-23.8132,1,1,0.003659,0.00001339
1771742584.727515,3.730000,0.010000,-0.003547,-0.022501,0.058629,3.3592,1.112811,0.283135,-0.267256,-0.417093,-0.417093,-23.8977,-23.8977,1,1,0.003547,0.00001258
1771742584.737514,3.740000,0.010000,-0.003384,-0.016470,0.061787,3.5402,1.122186,0.277305,-0.582915,-0.406414,-0.406414,-23.2858,-23.2858,1,1,0.003384,0.00001145
1771742584.747514,3.750000,0.010000,-0.003105,-0.003407,0.063881,3.6601,1.010009,0.268714,-0.859116,-0.399109,-0.399109,-22.8673,-22.8673,1,1,0.003105,0.00000964
1771742584.757514,3.760000,0.010000,-0.002829,-0.003150,0.067038,3.8410,1.126695,0.257706,-1.100793,-0.371947,-0.371947,-21.3110,-21.3110,1,1,0.002829,0.00000801
1771742584.767514,3.770000,0.010000,-0.002482,-0.000005,0.069497,3.9819,1.086645,0.244584,-1.312260,-0.375459,-0.375459,-21.5122,-21.5122,1,1,0.002482,0.00000616
1771742584.777514,3.780000,0.010000,-0.002125,-0.000003,0.071825,4.1153,1.082831,0.229611,-1.497293,-0.339006,-0.339006,-19.4236,-19.4236,1,1,0.002125,0.00000452
1771742584.787514,3.790000,0.010000,-0.001769,-0.000001,0.074170,4.2496,1.085554,0.213019,-1.659197,-0.310106,-0.310106,-17.7678,-17.7678,1,1,0.001769,0.00000313
1771742584.797514,3.800000,0.010000,-0.001414,0.000000,0.076576,4.3875,1.093366,0.195010,-1.800863,-0.287306,-0.287306,-16.4614,-16.4614,1,1,0.001414,0.00000200
1771742584.807514,3.810000,0.010000,-0.001059,0.000002,0.079077,4.5308,1.105194,0.175762,-1.924821,-0.247352,-0.247352,-14.1722,-14.1722,1,1,0.001059,0.00000112
1771742584.817514,3.820000,0.010000,-0.000705,0.000004,0.081700,4.6811,1.120244,0.155429,-2.033284,-0.210463,-0.210463,-12.0586,-12.0586,1,1,0.000705,0.00000050
1771742584.827514,3.830000,0.010000,-0.000352,0.000006,0.084468,4.8396,1.137932,0.134147,-2.128190,-0.191014,-0.191014,-10.9443,-10.9443,1,1,0.000352,0.00000012
1771742584.837514,3.840000,0.010000,0.000002,0.000007,0.087399,5.0076,1.157832,0.112035,-2.211232,-0.195855,-0.195855,-11.2217,-11.2217,1,1,0.000002,0.00000000
1771742584.847514,3.850000,0.010000,0.000355,0.000009,0.090509,5.1858,1.179635,0.089196,-2.283894,-0.195614,-0.195614,-11.2079,-11.2079,1,1,0.000355,0.00000013
1771742584.857514,3.860000,0.010000,0.000734,0.006377,0.092712,5.3120,0.938937,0.065721,-2.347473,-0.185895,-0.185895,-10.6510,-10.6510,1,1,0.000734,0.00000054
1771742584.867514,3.870000,0.010000,0.001101,0.000012,0.094640,5.4224,1.061777,0.041690,-2.403105,-0.161286,-0.161286,-9.2410,-9.2410,1,1,0.001101,0.00000121
1771742584.877515,3.880000,0.010000,0.001530,0.020059,0.094987,5.4424,0.578473,0.017172,-2.451782,-0.131856,-0.131856,-7.5548,-7.5548,1,1,0.001530,0.00000234
1771742584.887515,3.890000,0.010000,0.001936,0.000013,0.094972,5.4415,0.876795,-0.007771,-2.494375,-0.119878,-0.119878,-6.8685,-6.8685,1,1,0.001936,0.00000375
1771742584.897515,3.900000,0.010000,0.002355,0.020498,0.093925,5.3815,0.383844,-0.033088,-2.531644,-0.023486,-0.023486,-1.3456,-1.3456,1,1,0.002355,0.00000555
1771742584.907515,3.910000,0.010000,0.002751,0.000013,0.092692,5.3109,0.733315,-0.058730,-2.564255,-0.117326,-0.117326,-6.7223,-6.7223,1,1,0.002751,0.00000757
1771742584.917515,3.920000,0.010000,0.003187,0.026883,0.090090,5.1618,0.118808,-0.084658,-2.592789,-0.021413,-0.021413,-1.2269,-1.2269,1,1,0.003187,0.00001016
1771742584.927515,3.930000,0.010000,0.003595,0.000011,0.087312,5.0026,0.569461,-0.109989,-2.533096,0.042943,0.042943,2.4605,2.4605,1,1,0.003595,0.00001292
1771742584.937515,3.940000,0.010000,0.004004,0.022891,0.083763,4.7993,0.017375,-0.128663,-1.867393,0.006228,0.006228,0.3568,0.3568,1,1,0.004004,0.00001603
1771742584.947515,3.950000,0.010000,0.004385,-0.000591,0.080243,4.5976,0.467957,-0.141512,-1.284903,0.091996,0.091996,5.2710,5.2710,1,1,0.004385,0.00001923
1771742584.957515,3.960000,0.010000,0.004745,0.013490,0.076570,4.3871,0.064386,-0.149264,-0.775224,-0.040197,-0.040197,-2.3031,-2.3031,1,1,0.004745,0.00002251
1771742584.967515,3.970000,0.010000,0.005063,-0.006044,0.073275,4.1983,0.479571,-0.155088,-0.582381,0.048630,0.048630,2.7863,2.7863,1,1,0.005063,0.00002563
1771742584.977515,3.980000,0.010000,0.005394,0.012667,0.069306,3.9709,-0.020165,-0.160154,-0.506577,-0.058714,-0.058714,-3.3640,-3.3640,1,1,0.005394,0.00002909
1771742584.987514,3.990000,0.010000,0.005687,-0.009675,0.065533,3.7548,0.428480,-0.163372,-0.321762,0.075932,0.075932,4.3506,4.3506,1,1,0.005687,0.00003234
1771742584.997514,4.000000,0.010000,0.005945,0.000004,0.061955,3.5497,0.111809,-0.163111,0.026067,-0.039266,-0.039266,-2.2498,-2.2498,1,1,0.005945,0.00003535
1771742585.007514,4.010000,0.010000,0.006143,-0.020720,0.058993,3.3800,0.515040,-0.159392,0.371875,0.021575,0.021575,1.2362,1.2362,1,1,0.006143,0.00003774
1771742585.017514,4.020000,0.010000,0.006357,0.000003,0.055480,3.1788,0.055478,-0.154453,0.493925,-0.082095,-0.082095,-4.7037,-4.7037,1,1,0.006357,0.00004041
1771742585.027514,4.030000,0.010000,0.006543,-0.022546,0.052180,2.9897,0.478031,-0.146640,0.781250,0.049977,0.049977,2.8635,2.8635,1,1,0.006543,0.00004281
1771742585.037514,4.040000,0.010000,0.006704,-0.010041,0.049453,2.8334,0.272828,-0.142976,0.366436,-0.130992,-0.130992,-7.5053,-7.5053,1,1,0.006704,0.00004494
1771742585.047514,4.050000,0.010000,0.006829,-0.029043,0.047479,2.7204,0.619543,-0.136279,0.669697,0.007987,0.007987,0.4576,0.4576,1,1,0.006829,0.00004663
1771742585.057514,4.060000,0.010000,0.006988,-0.005097,0.044926,2.5741,0.198608,-0.126929,0.935051,-0.137899,-0.137899,-7.9010,-7.9010,1,1,0.006988,0.00004883
1771742585.067514,4.070000,0.010000,0.007141,-0.026045,0.042503,2.4353,0.570865,-0.115256,1.167235,-0.039867,-0.039867,-2.2842,-2.2842,1,1,0.007141,0.00005100
1771742585.077514,4.080000,0.010000,0.007204,-0.030463,0.041646,2.3861,0.644406,-0.101552,1.370397,-0.244709,-0.244709,-14.0208,-14.0208,1,1,0.007204,0.00005190
1771742585.087514,4.090000,0.010000,0.007262,-0.028019,0.040824,2.3390,0.594653,-0.093052,0.850031,-0.291948,-0.291948,-16.7274,-16.7274,1,1,0.007262,0.00005274
1771742585.097514,4.100000,0.010000,0.007270,-0.041801,0.040818,2.3387,0.829488,-0.082123,1.092843,-0.260117,-0.260117,-14.9036,-14.9036,1,1,0.007270,0.00005285
1771742585.107514,4.110000,0.010000,0.007331,-0.017840,0.039796,2.2801,0.397513,-0.076052,0.607172,-0.314887,-0.314887,-18.0417,-18.0417,1,1,0.007331,0.00005374
1771742585.117514,4.120000,0.010000,0.007398,-0.035573,0.038594,2.2113,0.701224,-0.067248,0.880341,-0.122359,-0.122359,-7.0107,-7.0107,1,1,0.007398,0.00005473
1771742585.127515,4.130000,0.010000,0.007368,-0.044358,0.039003,2.2347,0.842737,-0.063036,0.421233,-0.309780,-0.309780,-17.7491,-17.7491,1,1,0.007368,0.00005429
1771742585.137515,4.140000,0.010000,0.007358,-0.032184,0.038936,2.2309,0.614874,-0.055860,0.717645,-0.240022,-0.240022,-13.7523,-13.7523,1,1,0.007358,0.00005414
1771742585.147515,4.150000,0.010000,0.007332,-0.045810,0.039061,2.2380,0.843212,-0.053071,0.278873,-0.259401,-0.259401,-14.8626,-14.8626,1,1,0.007332,0.00005376
1771742585.157515,4.160000,0.010000,0.007287,-0.039205,0.039405,2.2577,0.713772,-0.047140,0.593080,-0.207911,-0.207911,-11.9124,-11.9124,1,1,0.007287,0.00005310
1771742585.167515,4.170000,0.010000,0.007216,-0.050805,0.040126,2.2990,0.907011,-0.045441,0.169879,-0.281864,-0.281864,-16.1496,-16.1496,1,1,0.007216,0.00005207
1771742585.177515,4.180000,0.010000,0.007165,-0.036359,0.040380,2.3136,0.641416,-0.040464,0.497710,-0.200820,-0.200820,-11.5061,-11.5061,1,1,0.007165,0.00005134
1771742585.187515,4.190000,0.010000,0.007110,-0.049166,0.040653,2.3293,0.858930,-0.039600,0.086430,-0.238463,-0.238463,-13.6629,-13.6629,1,1,0.007110,0.00005055
1771742585.197515,4.200000,0.010000,0.007034,-0.043508,0.041196,2.3604,0.750212,-0.039633,-0.003345,-0.170864,-0.170864,-9.7898,-9.7898,1,1,0.007034,0.00004948
1771742585.207515,4.210000,0.010000,0.006934,-0.053996,0.042120,2.4133,0.928459,-0.043153,-0.351993,-0.145525,-0.145525,-8.3379,-8.3379,1,1,0.006934,0.00004808
1771742585.217515,4.220000,0.010000,0.006905,-0.028491,0.041734,2.3912,0.472764,-0.049724,-0.657060,-0.088426,-0.088426,-5.0664,-5.0664,1,1,0.006905,0.00004768
1771742585.227515,4.230000,0.010000,0.006898,-0.044125,0.040953,2.3465,0.745529,-0.058964,-0.923993,0.069896,0.069896,4.0048,4.0048,1,1,0.006898,0.00004758
1771742585.237514,4.240000,0.010000,0.006859,-0.038748,0.040668,2.3301,0.644747,-0.070539,-1.157560,0.049285,0.049285,2.8238,2.8238,1,1,0.006859,0.00004705
1771742585.247514,4.250000,0.010000,0.006803,-0.047346,0.040652,2.3292,0.791104,-0.077177,-0.663799,0.042691,0.042691,2.4460,2.4460,1,1,0.006803,0.00004628
1771742585.257514,4.260000,0.010000,0.006814,-0.024110,0.039385,2.2566,0.375193,-0.086476,-0.929890,0.021311,0.021311,1.2210,1.2210,1,1,0.006814,0.00004643
1771742585.267514,4.270000,0.010000,0.006832,-0.041539,0.037982,2.1762,0.677611,-0.098103,-1.162720,0.085160,0.085160,4.8793,4.8793,1,1,0.006832,0.00004667
1771742585.277514,4.280000,0.010000,0.006861,-0.024309,0.036285,2.0790,0.364344,-0.111768,-1.366445,0.022902,0.022902,1.3122,1.3122,1,1,0.006861,0.00004708
1771742585.287514,4.290000,0.010000,0.006875,-0.042086,0.034800,1.9939,0.667985,-0.123786,-1.201788,0.078067,0.078067,4.4729,4.4729,1,1,0.006875,0.00004727
1771742585.297514,4.300000,0.010000,0.006951,-0.012408,0.032086,1.8384,0.130251,-0.137792,-1.400630,0.035456,0.035456,2.0315,2.0315,1,1,0.006951,0.00004832
1771742585.307514,4.310000,0.010000,0.007034,-0.034903,0.029153,1.6703,0.511664,-0.146557,-0.876486,0.093071,0.093071,5.3326,5.3326,1,1,0.007034,0.00004948
1771742585.317514,4.320000,0.010000,0.007082,-0.024483,0.026640,1.5264,0.305134,-0.157717,-1.115991,0.058390,0.058390,3.3455,3.3455,1,1,0.007082,0.00005016
1771742585.327514,4.330000,0.010000,0.007084,-0.043939,0.024754,1.4183,0.622554,-0.163991,-0.627426,0.081254,0.081254,4.6555,4.6555,1,1,0.007084,0.00005018
1771742585.337514,4.340000,0.010000,0.007151,-0.012020,0.021449,1.2290,0.029377,-0.165990,-0.199932,0.092103,0.092103,5.2771,5.2771,1,1,0.007151,0.00005114
1771742585.347514,4.350000,0.010000,0.007221,-0.036980,0.017851,1.0228,0.437460,-0.164249,0.174125,0.098610,0.098610,5.6499,5.6499,1,1,0.007221,0.00005215
1771742585.357514,4.360000,0.010000,0.007161,-0.047480,0.016225,0.9296,0.581869,-0.159235,0.501426,0.078509,0.078509,4.4983,4.4983,1,1,0.007161,0.00005128
1771742585.367514,4.370000,0.010000,0.007100,-0.038680,0.014245,0.8162,0.383142,-0.151357,0.787813,0.100534,0.100534,5.7602,5.7602,1,1,0.007100,0.00005041
1771742585.377515,4.380000,0.010000,0.006990,-0.056953,0.012754,0.7307,0.660689,-0.140973,1.038402,0.073255,0.073255,4.1972,4.1972,1,1,0.006990,0.00004887
1771742585.387515,4.390000,0.010000,0.006839,-0.051809,0.011598,0.6645,0.521913,-0.128396,1.257668,0.013324,0.013324,0.7634,0.7634,1,1,0.006839,0.00004677
1771742585.397515,4.400000,0.010000,0.006640,-0.067100,0.010903,0.6247,0.744268,-0.113901,1.449525,-0.031222,-0.031222,-1.7889,-1.7889,1,1,0.006640,0.00004408
1771742585.407515,4.410000,0.010000,0.006381,-0.068469,0.010833,0.6207,0.719896,-0.097727,1.617401,-0.038880,-0.038880,-2.2276,-2.2276,1,1,0.006381,0.00004072
1771742585.417515,4.420000,0.010000,0.006072,-0.079281,0.011279,0.6463,0.864705,-0.080084,1.764291,-0.075726,-0.075726,-4.3388,-4.3388,1,1,0.006072,0.00003687
1771742585.427515,4.430000,0.010000,0.005734,-0.081071,0.012228,0.7006,0.897558,-0.065641,1.444250,0.018724,0.018724,1.0728,1.0728,1,1,0.005734,0.00003288
1771742585.437515,4.440000,0.010000,0.005389,-0.082695,0.013442,0.7702,0.945052,-0.049514,1.612784,0.018919,0.018919,1.0840,1.0840,1,1,0.005389,0.00002905
1771742585.447515,4.450000,0.010000,0.005047,-0.082126,0.014873,0.8522,0.967380,-0.036026,1.348791,0.092944,0.092944,5.3253,5.3253,1,1,0.005047,0.00002547
1771742585.457515,4.460000,0.010000,0.004707,-0.081640,0.016462,0.9432,0.983464,-0.021366,1.465990,0.095417,0.095417,5.4670,5.4670,1,1,0.004707,0.00002216
1771742585.467515,4.470000,0.010000,0.004369,-0.081216,0.018166,1.0408,0.994861,-0.007182,1.418363,0.169403,0.169403,9.7060,9.7060,1,1,0.004369,0.00001908
1771742585.477515,4.480000,0.010000,0.004032,-0.080837,0.019951,1.1431,1.002739,0.006042,1.322398,0.205547,0.205547,11.7770,11.7770,1,1,0.004032,0.00001625
1771742585.487514,4.490000,0.010000,0.003696,-0.080492,0.021793,1.2486,1.007968,0.015100,0.905844,0.223414,0.223414,12.8007,12.8007,1,1,0.003696,0.00001366
1771742585.497514,4.500000,0.010000,0.003362,-0.080172,0.023672,1.3563,1.011201,0.025779,1.067917,0.166069,0.166069,9.5150,9.5150,1,1,0.003362,0.00001130
1771742585.507514,4.510000,0.010000,0.003029,-0.079869,0.025577,1.4654,1.012925,0.031714,0.593450,0.223549,0.223549,12.8084,12.8084,1,1,0.003029,0.00000918
1771742585.517514,4.520000,0.010000,0.002698,-0.079506,0.027491,1.5751,1.013113,0.033416,0.170203,0.124940,0.124940,7.1585,7.1585,1,1,0.002698,0.00000728
1771742585.527514,4.530000,0.010000,0.002372,-0.078839,0.029392,1.6841,1.010810,0.031415,-0.200139,0.046517,0.046517,2.6652,2.6652,1,1,0.002372,0.00000563
1771742585.537514,4.540000,0.010000,0.002055,-0.077631,0.031251,1.7906,1.005364,0.026173,-0.524187,0.028773,0.028773,1.6486,1.6486,1,1,0.002055,0.00000422
1771742585.547514,4.550000,0.010000,0.001750,-0.075988,0.033051,1.8937,0.998125,0.018095,-0.807730,0.010485,0.010485,0.6008,0.6008,1,1,0.001750,0.00000306
1771742585.557514,4.560000,0.010000,0.001462,-0.073978,0.034784,1.9930,0.989953,0.014518,-0.357698,0.033770,0.033770,1.9349,1.9349,1,1,0.001462,0.00000214
1771742585.567514,4.570000,0.010000,0.001193,-0.071638,0.036443,2.0880,0.981336,0.014879,0.036080,-0.009830,-0.009830,-0.5632,-0.5632,1,1,0.001193,0.00000142
1771742585.577514,4.580000,0.010000,0.000945,-0.069009,0.038030,2.1790,0.972702,0.018686,0.380636,-0.047940,-0.047940,-2.7468,-2.7468,1,1,0.000945,0.00000089
1771742585.587514,4.590000,0.010000,0.000721,-0.066128,0.039546,2.2658,0.964368,0.025507,0.682123,-0.085233,-0.085233,-4.8835,-4.8835,1,1,0.000721,0.00000052
1771742585.597514,4.600000,0.010000,0.000522,-0.063028,0.040995,2.3488,0.956580,0.034966,0.945923,-0.025117,-0.025117,-1.4391,-1.4391,1,1,0.000522,0.00000027
1771742585.607514,4.610000,0.010000,0.000350,-0.059738,0.042383,2.4284,0.949537,0.046734,1.176749,0.053378,0.053378,3.0583,3.0583,1,1,0.000350,0.00000012
1771742585.617514,4.620000,0.010000,0.000207,-0.056287,0.043718,2.5049,0.943403,0.060521,1.378721,0.095519,0.095519,5.4728,5.4728,1,1,0.000207,0.00000004
1771742585.627515,4.630000,0.010000,0.000093,-0.052704,0.045009,2.5788,0.938317,0.073714,1.319347,0.092201,0.092201,5.2827,5.2827,1,1,0.000093,0.00000001
1771742585.637515,4.640000,0.010000,0.000010,-0.049014,0.046264,2.6507,0.934401,0.088749,1.503494,0.004630,0.004630,0.2653,0.2653,1,1,0.000010,0.00000000
1771742585.647515,4.650000,0.010000,-0.000042,-0.045244,0.047494,2.7212,0.931755,0.098414,0.966492,-0.129288,-0.129288,-7.4076,-7.4076,1,1,0.000042,0.00000000
1771742585.657515,4.660000,0.010000,-0.000062,-0.041416,0.048711,2.7909,0.930476,0.103380,0.496614,-0.166308,-0.166308,-9.5288,-9.5288,1,1,0.000062,0.00000000
1771742585.667515,4.670000,0.010000,-0.000050,-0.037554,0.049926,2.8605,0.930653,0.104235,0.085472,-0.227180,-0.227180,-13.0165,-13.0165,1,1,0.000050,0.00000000
1771742585.677515,4.680000,0.010000,-0.000005,-0.033680,0.051152,2.9308,0.932360,0.101492,-0.274278,-0.251243,-0.251243,-14.3951,-14.3951,1,1,0.000005,0.00000000
1771742585.687515,4.690000,0.010000,0.000071,-0.029815,0.052402,3.0024,0.935660,0.095602,-0.589059,-0.241684,-0.241684,-13.8475,-13.8475,1,1,0.000071,0.00000001
1771742585.697515,4.700000,0.010000,0.000180,-0.025973,0.053689,3.0762,0.940563,0.086957,-0.864493,-0.235658,-0.235658,-13.5022,-13.5022,1,1,0.000180,0.00000003
1771742585.707515,4.710000,0.010000,0.000320,-0.022173,0.055028,3.1528,0.947139,0.075902,-1.105497,-0.224535,-0.224535,-12.8649,-12.8649,1,1,0.000320,0.00000010
1771742585.717515,4.720000,0.010000,0.000492,-0.018429,0.056431,3.2333,0.955419,0.062738,-1.316376,-0.218627,-0.218627,-12.5264,-12.5264,1,1,0.000492,0.00000024
1771742585.727515,4.730000,0.010000,0.000695,-0.014754,0.057915,3.3183,0.965423,0.051756,-1.098193,-0.217423,-0.217423,-12.4574,-12.4574,1,1,0.000695,0.00000048
1771742585.737514,4.740000,0.010000,0.000927,-0.011322,0.059497,3.4089,0.978095,0.045637,-0.611853,-0.265704,-0.265704,-15.2237,-15.2237,1,1,0.000927,0.00000086
1771742585.747514,4.750000,0.010000,0.001179,-0.009842,0.061240,3.5088,1.002928,0.043774,-0.186305,-0.294227,-0.294227,-16.8580,-16.8580,1,1,0.001179,0.00000139
1771742585.757514,4.760000,0.010000,0.001444,-0.008393,0.063180,3.6199,1.026559,0.045635,0.186049,-0.315894,-0.315894,-18.0994,-18.0994,1,1,0.001444,0.00000208
1771742585.767514,4.770000,0.010000,0.001721,-0.006926,0.065310,3.7420,1.049240,0.043772,-0.186273,-0.338184,-0.338184,-19.3765,-19.3765,1,1,0.001721,0.00000296
1771742585.777514,4.780000,0.010000,0.002010,-0.005330,0.067613,3.8739,1.068058,0.038652,-0.512055,-0.306979,-0.306979,-17.5886,-17.5886,1,1,0.002010,0.00000404
1771742585.787514,4.790000,0.010000,0.002329,0.000016,0.069474,3.9806,0.942544,0.030681,-0.797114,-0.286969,-0.286969,-16.4421,-16.4421,1,1,0.002329,0.00000543
1771742585.797514,4.800000,0.010000,0.002663,-0.000013,0.071210,4.0800,1.009156,0.020215,-1.046540,-0.266714,-0.266714,-15.2816,-15.2816,1,1,0.002663,0.00000709
1771742585.807514,4.810000,0.010000,0.003005,0.001419,0.072428,4.1498,0.826421,0.007567,-1.264789,-0.256171,-0.256171,-14.6775,-14.6775,1,1,0.003005,0.00000903
1771742585.817514,4.820000,0.010000,0.003338,0.000019,0.073402,4.2056,0.910660,-0.006990,-1.455756,-0.217958,-0.217958,-12.4881,-12.4881,1,1,0.003338,0.00001114
1771742585.827514,4.830000,0.010000,0.003692,0.006051,0.073578,4.2157,0.646622,-0.023219,-1.622852,-0.177555,-0.177555,-10.1731,-10.1731,1,1,0.003692,0.00001363
1771742585.837514,4.840000,0.010000,0.004027,-0.001612,0.073703,4.2229,0.843850,-0.040909,-1.769062,-0.108644,-0.108644,-6.2249,-6.2249,1,1,0.004027,0.00001622
1771742585.847514,4.850000,0.010000,0.004414,0.016655,0.072477,4.1526,0.355781,-0.059879,-1.896995,-0.000093,-0.000093,-0.0053,-0.0053,1,1,0.004414,0.00001948
1771742585.857514,4.860000,0.010000,0.004782,-0.000372,0.070972,4.0664,0.679777,-0.079572,-1.969292,-0.045841,-0.045841,-2.6265,-2.6265,1,1,0.004782,0.00002287
1771742585.867514,4.870000,0.010000,0.005151,0.013596,0.068843,3.9444,0.264494,-0.100294,-2.072197,0.033923,0.033923,1.9437,1.9437,1,1,0.005151,0.00002653
1771742585.877515,4.880000,0.010000,0.005488,-0.003255,0.066772,3.8258,0.611019,-0.121917,-2.162238,0.043992,0.043992,2.5205,2.5205,1,1,0.005488,0.00003012
1771742585.887515,4.890000,0.010000,0.005881,0.023756,0.063123,3.6167,-0.051285,-0.144327,-2.241024,0.105188,0.105188,6.0268,6.0268,1,1,0.005881,0.00003458
1771742585.897515,4.900000,0.010000,0.006245,-0.002643,0.059249,3.3947,0.425151,-0.167427,-2.309962,0.140722,0.140722,8.0628,8.0628,1,1,0.006245,0.00003900
1771742585.907515,4.910000,0.010000,0.006585,0.013093,0.055027,3.1528,-0.043230,-0.184871,-1.744400,0.069461,0.069461,3.9798,3.9798,1,1,0.006585,0.00004336
1771742585.917515,4.920000,0.010000,0.006864,-0.011799,0.051169,2.9318,0.418959,-0.197633,-1.276228,0.094180,0.094180,5.3961,5.3961,1,1,0.006864,0.00004712
1771742585.927515,4.930000,0.010000,0.007154,0.010894,0.046326,2.6543,-0.190729,-0.206268,-0.863519,0.032977,0.032977,1.8895,1.8895,1,1,0.007154,0.00005118
1771742585.937515,4.940000,0.010000,0.007386,-0.018246,0.041646,2.3862,0.329872,-0.212506,-0.623786,0.054309,0.054309,3.1117,3.1117,1,1,0.007386,0.00005456
1771742585.947515,4.950000,0.010000,0.007597,0.000002,0.036998,2.1199,-0.072919,-0.214473,-0.196747,0.043003,0.043003,2.4639,2.4639,1,1,0.007597,0.00005772
1771742585.957515,4.960000,0.010000,0.007751,-0.027397,0.032971,1.8891,0.398033,-0.212704,0.176912,0.037504,0.037504,2.1488,2.1488,1,1,0.007751,0.00006008
1771742585.967515,4.970000,0.010000,0.007918,-0.001563,0.028507,1.6333,-0.083864,-0.207666,0.503864,0.069232,0.069232,3.9667,3.9667,1,1,0.007918,0.00006270
1771742585.977515,4.980000,0.010000,0.008053,-0.029848,0.024398,1.3979,0.387477,-0.199766,0.789947,0.037372,0.037372,2.1413,2.1413,1,1,0.008053,0.00006485
1771742585.987514,4.990000,0.010000,0.008116,-0.023599,0.021248,1.2174,0.240774,-0.189363,1.040269,0.069983,0.069983,4.0097,4.0097,1,1,0.008116,0.00006587
1771742585.997514,5.000000,0.010000,0.008106,-0.045879,0.019058,1.0919,0.591328,-0.176770,1.259302,0.059902,0.059902,3.4321,3.4321,1,1,0.008106,0.00006571
1771742586.007514,5.010000,0.010000,0.008105,-0.024971,0.016309,0.9344,0.176845,-0.162261,1.450955,0.041960,0.041960,2.4041,2.4041,1,1,0.008105,0.00006570
1771742586.017514,5.020000,0.010000,0.008076,-0.048572,0.013692,0.7845,0.543916,-0.146074,1.618651,0.054254,0.054254,3.1085,3.1085,1,1,0.008076,0.00006521
1771742586.027514,5.030000,0.010000,0.007906,-0.062237,0.013073,0.7490,0.729648,-0.128421,1.765386,-0.041036,-0.041036,-2.3512,-2.3512,1,1,0.007906,0.00006251
1771742586.037514,5.040000,0.010000,0.007717,-0.055433,0.012339,0.7070,0.554316,-0.109483,1.893778,-0.030370,-0.030370,-1.7401,-1.7401,1,1,0.007717,0.00005955
1771742586.047514,5.050000,0.010000,0.007482,-0.071362,0.011957,0.6851,0.780974,-0.089422,2.006122,-0.093660,-0.093660,-5.3663,-5.3663,1,1,0.007482,0.00005599
1771742586.057514,5.060000,0.010000,0.007158,-0.079518,0.012686,0.7269,0.869960,-0.074122,1.529985,-0.064853,-0.064853,-3.7158,-3.7158,1,1,0.007158,0.00005124
1771742586.067514,5.070000,0.010000,0.006812,-0.083234,0.013875,0.7950,0.943471,-0.058068,1.605389,-0.032751,-0.032751,-1.8765,-1.8765,1,1,0.006812,0.00004640
1771742586.077514,5.080000,0.010000,0.006469,-0.082183,0.015326,0.8781,0.966898,-0.045434,1.263384,0.037795,0.037795,2.1655,2.1655,1,1,0.006469,0.00004185
1771742586.087514,5.090000,0.010000,0.006126,-0.082313,0.017012,0.9747,0.997799,-0.035067,1.036726,0.018920,0.018920,1.0840,1.0840,1,1,0.006126,0.00003753
1771742586.097514,5.100000,0.010000,0.005785,-0.081968,0.018894,1.0825,1.019672,-0.022505,1.256201,0.007337,0.007337,0.4204,0.4204,1,1,0.005785,0.00003346
1771742586.107514,5.110000,0.010000,0.005445,-0.081505,0.020923,1.1988,1.034848,-0.015004,0.750110,0.082915,0.082915,4.7507,4.7507,1,1,0.005445,0.00002965
1771742586.117514,5.120000,0.010000,0.005107,-0.081094,0.023062,1.3214,1.046046,-0.004949,1.005412,-0.011644,-0.011644,-0.6671,-0.6671,1,1,0.005107,0.00002608
1771742586.127515,5.130000,0.010000,0.004771,-0.080722,0.025284,1.4487,1.054270,0.003157,0.810640,0.070131,0.070131,4.0182,4.0182,1,1,0.004771,0.00002276
1771742586.137515,5.140000,0.010000,0.004436,-0.080376,0.027568,1.5795,1.060272,0.008007,0.485037,0.032510,0.032510,1.8627,1.8627,1,1,0.004436,0.00001967
1771742586.147515,5.150000,0.010000,0.004102,-0.080051,0.029898,1.7131,1.064614,0.013788,0.578083,-0.029714,-0.029714,-1.7025,-1.7025,1,1,0.004102,0.00001683
1771742586.157515,5.160000,0.010000,0.003770,-0.079740,0.032264,1.8486,1.067718,0.015356,0.156757,-0.004208,-0.004208,-0.2411,-0.2411,1,1,0.003770,0.00001421
1771742586.167515,5.170000,0.010000,0.003440,-0.079299,0.034649,1.9852,1.069148,0.013237,-0.211903,-0.078500,-0.078500,-4.4977,-4.4977,1,1,0.003440,0.00001183
1771742586.177515,5.180000,0.010000,0.003132,-0.074520,0.036734,2.1047,0.997003,0.007892,-0.534481,-0.080382,-0.080382,-4.6055,-4.6055,1,1,0.003132,0.00000981
1771742586.187515,5.190000,0.010000,0.002843,-0.074581,0.038655,2.2148,1.018090,-0.000275,-0.816737,-0.023437,-0.023437,-1.3429,-1.3429,1,1,0.002843,0.00000808
1771742586.197515,5.200000,0.010000,0.002580,-0.068486,0.040287,2.3083,0.934771,-0.004335,-0.405948,-0.009729,-0.009729,-0.5574,-0.5574,1,1,0.002580,0.00000666
1771742586.207515,5.210000,0.010000,0.002339,-0.068817,0.041786,2.3942,0.971496,-0.004396,-0.006138,-0.030441,-0.030441,-1.7441,-1.7441,1,1,0.002339,0.00000547
1771742586.217515,5.220000,0.010000,0.002103,-0.067996,0.043484,2.4914,0.992133,-0.001482,0.291453,-0.135506,-0.135506,-7.7639,-7.7639,1,1,0.002103,0.00000442
1771742586.227515,5.230000,0.010000,0.001881,-0.065789,0.045247,2.5925,0.992742,-0.000379,0.110241,-0.198562,-0.198562,-11.3767,-11.3767,1,1,0.001881,0.00000354
1771742586.237514,5.240000,0.010000,0.001678,-0.063787,0.047045,2.6955,1.001816,0.004076,0.445527,-0.201518,-0.201518,-11.5461,-11.5461,1,1,0.001678,0.00000282
1771742586.247514,5.250000,0.010000,0.001498,-0.060458,0.048826,2.7975,0.991769,0.004484,0.040770,-0.212287,-0.212287,-12.1632,-12.1632,1,1,0.001498,0.00000224
1771742586.257514,5.260000,0.010000,0.001344,-0.057809,0.050597,2.8990,0.998359,0.008331,0.384740,-0.223458,-0.223458,-12.8032,-12.8032,1,1,0.001344,0.00000181
1771742586.267514,5.270000,0.010000,0.001214,-0.054748,0.052401,3.0024,1.001734,0.011353,0.302236,-0.249109,-0.249109,-14.2729,-14.2729,1,1,0.001214,0.00000147
1771742586.277514,5.280000,0.010000,0.001111,-0.051382,0.054224,3.1068,1.003630,0.010507,-0.084609,-0.269592,-0.269592,-15.4465,-15.4465,1,1,0.001111,0.00000124
1771742586.287514,5.290000,0.010000,0.001049,-0.045195,0.055864,3.2008,0.958624,0.008668,-0.183936,-0.257054,-0.257054,-14.7281,-14.7281,1,1,0.001049,0.00000110
1771742586.297514,5.300000,0.010000,0.001023,-0.042347,0.057431,3.2906,0.976657,0.003568,-0.510010,-0.261827,-0.261827,-15.0016,-15.0016,1,1,0.001023,0.00000105
1771742586.307514,5.310000,0.010000,0.001060,-0.030279,0.058456,3.3493,0.831799,-0.004385,-0.795325,-0.241004,-0.241004,-13.8085,-13.8085,1,1,0.001060,0.00000112
1771742586.317514,5.320000,0.010000,0.001143,-0.029845,0.059271,3.3960,0.897033,-0.007854,-0.346843,-0.179781,-0.179781,-10.3007,-10.3007,1,1,0.001143,0.00000131
1771742586.327514,5.330000,0.010000,0.001238,-0.027953,0.060475,3.4649,0.936575,-0.008088,-0.023440,-0.277067,-0.277067,-15.8748,-15.8748,1,1,0.001238,0.00000153
1771742586.337514,5.340000,0.010000,0.001390,-0.016445,0.061266,3.5103,0.804532,-0.010882,-0.279405,-0.321246,-0.321246,-18.4060,-18.4060,1,1,0.001390,0.00000193
1771742586.347514,5.350000,0.010000,0.001582,-0.016981,0.061974,3.5508,0.888343,-0.016818,-0.593546,-0.301954,-0.301954,-17.3007,-17.3007,1,1,0.001582,0.00000250
1771742586.357514,5.360000,0.010000,0.001818,-0.006646,0.062337,3.5716,0.736005,-0.025502,-0.868418,-0.253617,-0.253617,-14.5312,-14.5312,1,1,0.001818,0.00000330
1771742586.367514,5.370000,0.010000,0.002079,-0.009143,0.062686,3.5916,0.852495,-0.036591,-1.108932,-0.172484,-0.172484,-9.8826,-9.8826,1,1,0.002079,0.00000432
1771742586.377515,5.380000,0.010000,0.002371,0.000009,0.062333,3.5714,0.587101,-0.049785,-1.319381,-0.116100,-0.116100,-6.6520,-6.6520,1,1,0.002371,0.00000562
1771742586.387515,5.390000,0.010000,0.002663,-0.006217,0.061842,3.5433,0.765122,-0.064820,-1.503524,-0.079753,-0.079753,-4.5695,-4.5695,1,1,0.002663,0.00000709
1771742586.397515,5.400000,0.010000,0.002967,0.001142,0.060686,3.4771,0.459020,-0.081467,-1.664650,0.014853,0.014853,0.8510,0.8510,1,1,0.002967,0.00000880
1771742586.407515,5.410000,0.010000,0.003247,-0.008503,0.059475,3.4077,0.690141,-0.099523,-1.805634,-0.004353,-0.004353,-0.2494,-0.2494,1,1,0.003247,0.00001054
1771742586.417515,5.420000,0.010000,0.003563,0.007956,0.057068,3.2698,0.214032,-0.118813,-1.928996,0.084169,0.084169,4.8225,4.8225,1,1,0.003563,0.00001270
1771742586.427515,5.430000,0.010000,0.003863,-0.007401,0.054412,3.1176,0.536599,-0.136690,-1.787677,0.099436,0.099436,5.6973,5.6973,1,1,0.003863,0.00001492
1771742586.437515,5.440000,0.010000,0.004142,0.000004,0.051569,2.9547,0.229313,-0.149729,-1.303928,0.082591,0.082591,4.7321,4.7321,1,1,0.004142,0.00001716
1771742586.447515,5.450000,0.010000,0.004370,-0.016056,0.049037,2.8096,0.550616,-0.157648,-0.791871,0.085993,0.085993,4.9270,4.9270,1,1,0.004370,0.00001910
1771742586.457515,5.460000,0.010000,0.004614,0.000497,0.045525,2.6084,0.054267,-0.168067,-1.041953,0.068447,0.068447,3.9217,3.9217,1,1,0.004614,0.00002129
1771742586.467515,5.470000,0.010000,0.004819,-0.019772,0.041941,2.4030,0.437685,-0.180675,-1.260775,0.091432,0.091432,5.2387,5.2387,1,1,0.004819,0.00002323
1771742586.477515,5.480000,0.010000,0.005039,0.000002,0.037811,2.1664,-0.003936,-0.195198,-1.452244,0.046904,0.046904,2.6874,2.6874,1,1,0.005039,0.00002539
1771742586.487514,5.490000,0.010000,0.005227,-0.022204,0.033872,1.9407,0.398772,-0.204414,-0.921648,0.075890,0.075890,4.3482,4.3482,1,1,0.005227,0.00002733
1771742586.497514,5.500000,0.010000,0.005433,0.000001,0.029511,1.6909,-0.028061,-0.208988,-0.457376,0.053057,0.053057,3.0400,3.0400,1,1,0.005433,0.00002951
1771742586.507514,5.510000,0.010000,0.005613,-0.023503,0.025427,1.4569,0.382000,-0.209499,-0.051138,0.059752,0.059752,3.4235,3.4235,1,1,0.005613,0.00003151
1771742586.517514,5.520000,0.010000,0.005772,-0.009279,0.021604,1.2378,0.114495,-0.206456,0.304320,0.089822,0.089822,5.1464,5.1464,1,1,0.005772,0.00003331
1771742586.527514,5.530000,0.010000,0.005889,-0.030625,0.018361,1.0520,0.470874,-0.200303,0.615346,0.060613,0.060613,3.4729,3.4729,1,1,0.005889,0.00003468
1771742586.537514,5.540000,0.010000,0.005995,-0.015349,0.015073,0.8636,0.171686,-0.191428,0.887494,0.126293,0.126293,7.2361,7.2361,1,1,0.005995,0.00003594
1771742586.547514,5.550000,0.010000,0.006065,-0.036069,0.012161,0.6968,0.504993,-0.180171,1.125623,0.074520,0.074520,4.2697,4.2697,1,1,0.006065,0.00003679
1771742586.557514,5.560000,0.010000,0.006067,-0.035148,0.010137,0.5808,0.448808,-0.166832,1.333986,0.117604,0.117604,6.7382,6.7382,1,1,0.006067,0.00003680
1771742586.567514,5.570000,0.010000,0.006005,-0.050726,0.008886,0.5091,0.681593,-0.151669,1.516303,0.048659,0.048659,2.7880,2.7880,1,1,0.006005,0.00003606
1771742586.577514,5.580000,0.010000,0.005926,-0.041768,0.007555,0.4328,0.477661,-0.134910,1.675831,0.041575,0.041575,2.3821,2.3821,1,1,0.005926,0.00003512
1771742586.587514,5.590000,0.010000,0.005813,-0.056679,0.006451,0.3696,0.695945,-0.116756,1.815418,0.027680,0.027680,1.5860,1.5860,1,1,0.005813,0.00003380
1771742586.597514,5.600000,0.010000,0.005605,-0.067139,0.006638,0.3803,0.833506,-0.097380,1.937557,-0.047089,-0.047089,-2.6980,-2.6980,1,1,0.005605,0.00003142
1771742586.607514,5.610000,0.010000,0.005354,-0.068645,0.007198,0.4124,0.813842,-0.079345,1.803556,0.019985,0.019985,1.1451,1.1451,1,1,0.005354,0.00002866
1771742586.617514,5.620000,0.010000,0.005064,-0.076220,0.008067,0.4622,0.904915,-0.060073,1.927177,0.013097,0.013097,0.7504,0.7504,1,1,0.005064,0.00002565
1771742586.627515,5.630000,0.010000,0.004726,-0.081615,0.009457,0.5419,0.959993,-0.045932,1.414130,0.123710,0.123710,7.0880,7.0880,1,1,0.004726,0.00002233
1771742586.637515,5.640000,0.010000,0.004386,-0.081555,0.010958,0.6278,0.970830,-0.032721,1.321047,0.113387,0.113387,6.4966,6.4966,1,1,0.004386,0.00001923
1771742586.647515,5.650000,0.010000,0.004047,-0.081209,0.012517,0.7172,0.976224,-0.017672,1.504982,0.138394,0.138394,7.9294,7.9294,1,1,0.004047,0.00001638
1771742586.657515,5.660000,0.010000,0.003710,-0.080892,0.014113,0.8086,0.979257,-0.007886,0.978559,0.221861,0.221861,12.7117,12.7117,1,1,0.003710,0.00001377
1771742586.667515,5.670000,0.010000,0.003374,-0.080598,0.015730,0.9012,0.980495,0.004167,1.205305,0.157463,0.157463,9.0219,9.0219,1,1,0.003374,0.00001139
1771742586.677515,5.680000,0.010000,0.003040,-0.080318,0.017354,0.9943,0.980361,0.012961,0.879410,0.236224,0.236224,13.5346,13.5346,1,1,0.003040,0.00000924
1771742586.687515,5.690000,0.010000,0.002706,-0.080051,0.018977,1.0873,0.979169,0.024147,1.118550,0.195469,0.195469,11.1995,11.1995,1,1,0.002706,0.00000732
1771742586.697515,5.700000,0.010000,0.002374,-0.079791,0.020591,1.1798,0.977153,0.030443,0.629665,0.264508,0.264508,15.1552,15.1552,1,1,0.002374,0.00000563
1771742586.707515,5.710000,0.010000,0.002044,-0.079369,0.022180,1.2708,0.973579,0.032462,0.201891,0.182911,0.182911,10.4800,10.4800,1,1,0.002044,0.00000418
1771742586.717515,5.720000,0.010000,0.001719,-0.078572,0.023725,1.3593,0.967642,0.031864,-0.059777,0.124079,0.124079,7.1092,7.1092,1,1,0.001719,0.00000296
1771742586.727515,5.730000,0.010000,0.001405,-0.077325,0.025204,1.4441,0.959503,0.027851,-0.401371,0.128236,0.128236,7.3474,7.3474,1,1,0.001405,0.00000197
1771742586.737514,5.740000,0.010000,0.001103,-0.075710,0.026606,1.5244,0.950145,0.026868,-0.098323,0.113212,0.113212,6.4866,6.4866,1,1,0.001103,0.00000122
1771742586.747514,5.750000,0.010000,0.000817,-0.073780,0.027925,1.6000,0.940185,0.025146,-0.172134,0.107356,0.107356,6.1511,6.1511,1,1,0.000817,0.00000067
1771742586.757514,5.760000,0.010000,0.000549,-0.071565,0.029158,1.6706,0.929966,0.027131,0.198449,0.098621,0.098621,5.6506,5.6506,1,1,0.000549,0.00000030
1771742586.767514,5.770000,0.010000,0.000301,-0.069104,0.030306,1.7364,0.919842,0.032358,0.522708,0.064971,0.064971,3.7226,3.7226,1,1,0.000301,0.00000009
1771742586.777514,5.780000,0.010000,0.000074,-0.066429,0.031371,1.7974,0.910048,0.040422,0.806436,0.087770,0.087770,5.0288,5.0288,1,1,0.000074,0.00000001
1771742586.787514,5.790000,0.010000,-0.000128,-0.063568,0.032358,1.8540,0.900750,0.050969,1.054697,0.165648,0.165648,9.4909,9.4909,1,1,0.000128,0.00000002
1771742586.797514,5.800000,0.010000,-0.000306,-0.060549,0.033271,1.9063,0.892104,0.063688,1.271926,0.214795,0.214795,12.3068,12.3068,1,1,0.000306,0.00000009
1771742586.807514,5.810000,0.010000,-0.000458,-0.057400,0.034117,1.9547,0.884260,0.078308,1.462001,0.216348,0.216348,12.3958,12.3958,1,1,0.000458,0.00000021
1771742586.817514,5.820000,0.010000,-0.000583,-0.054147,0.034903,1.9998,0.877343,0.092953,1.464505,0.210242,0.210242,12.0460,12.0460,1,1,0.000583,0.00000034
1771742586.827514,5.830000,0.010000,-0.000681,-0.050816,0.035638,2.0419,0.871459,0.109258,1.630508,0.176587,0.176587,10.1177,10.1177,1,1,0.000681,0.00000046
1771742586.837514,5.840000,0.010000,-0.000750,-0.047431,0.036331,2.0816,0.866700,0.120035,1.077628,0.090551,0.090551,5.1882,5.1882,1,1,0.000750,0.00000056
1771742586.847514,5.850000,0.010000,-0.000791,-0.044015,0.036992,2.1195,0.863142,0.125973,0.593859,0.011130,0.011130,0.6377,0.6377,1,1,0.000791,0.00000063
1771742586.857514,5.860000,0.010000,-0.000803,-0.040590,0.037632,2.1561,0.860853,0.127679,0.170561,-0.063050,-0.063050,-3.6125,-3.6125,1,1,0.000803,0.00000065
1771742586.867514,5.870000,0.010000,-0.000787,-0.037175,0.038260,2.1922,0.859888,0.125871,-0.180833,-0.096691,-0.096691,-5.5400,-5.5400,1,1,0.000787,0.00000062
1771742586.877515,5.880000,0.010000,-0.000743,-0.033791,0.038889,2.2282,0.860294,0.123556,-0.231427,-0.112536,-0.112536,-6.4478,-6.4478,1,1,0.000743,0.00000055
1771742586.887515,5.890000,0.010000,-0.000671,-0.030454,0.039531,2.2649,0.862108,0.120439,-0.311691,-0.128939,-0.128939,-7.3877,-7.3877,1,1,0.000671,0.00000045
1771742586.897515,5.900000,0.010000,-0.000571,-0.027180,0.040196,2.3030,0.865357,0.114222,-0.621795,-0.146536,-0.146536,-8.3959,-8.3959,1,1,0.000571,0.00000033
1771742586.907515,5.910000,0.010000,-0.000444,-0.023983,0.040897,2.3432,0.870064,0.110915,-0.330645,-0.134412,-0.134412,-7.7012,-7.7012,1,1,0.000444,0.00000020
1771742586.917515,5.920000,0.010000,-0.000292,-0.020875,0.041646,2.3861,0.876241,0.111513,0.059751,-0.186827,-0.186827,-10.7044,-10.7044,1,1,0.000292,0.00000009
1771742586.927515,5.930000,0.010000,-0.000114,-0.017867,0.042456,2.4325,0.883893,0.115526,0.401348,-0.227574,-0.227574,-13.0390,-13.0390,1,1,0.000114,0.00000001
1771742586.937515,5.940000,0.010000,0.000089,-0.014967,0.043339,2.4831,0.893020,0.122529,0.700246,-0.248339,-0.248339,-14.2288,-14.2288,1,1,0.000089,0.00000001
1771742586.947515,5.950000,0.010000,0.000315,-0.012181,0.044307,2.5386,0.903612,0.132146,0.961781,-0.275448,-0.275448,-15.7820,-15.7820,1,1,0.000315,0.00000010
1771742586.957515,5.960000,0.010000,0.000562,-0.009802,0.045379,2.6000,0.917278,0.137701,0.555503,-0.289580,-0.289580,-16.5917,-16.5917,1,1,0.000562,0.00000032
1771742586.967515,5.970000,0.010000,0.000823,-0.008766,0.046601,2.6700,0.938891,0.139071,0.136999,-0.274008,-0.274008,-15.6995,-15.6995,1,1,0.000823,0.00000068
1771742586.977515,5.980000,0.010000,0.001092,-0.007727,0.047994,2.7498,0.959244,0.136779,-0.229192,-0.270561,-0.270561,-15.5020,-15.5020,1,1,0.001092,0.00000119
1771742586.987514,5.990000,0.010000,0.001371,-0.006711,0.049553,2.8392,0.979058,0.131283,-0.549609,-0.255261,-0.255261,-14.6254,-14.6254,1,1,0.001371,0.00000188
1771742586.997514,6.000000,0.010000,0.001658,-0.005729,0.051277,2.9380,0.998799,0.122984,-0.829973,-0.236974,-0.236974,-13.5776,-13.5776,1,1,0.001658,0.00000275
1771742587.007514,6.010000,0.010000,0.001952,-0.004784,0.053168,3.0463,1.018759,0.112231,-1.075292,-0.240646,-0.240646,-13.7880,-13.7880,1,1,0.001952,0.00000381
1771742587.017514,6.020000,0.010000,0.002254,-0.003880,0.055228,3.1643,1.039173,0.099331,-1.289947,-0.252442,-0.252442,-14.4639,-14.4639,1,1,0.002254,0.00000508
1771742587.027514,6.030000,0.010000,0.002564,-0.003020,0.057464,3.2924,1.060205,0.084554,-1.477769,-0.256829,-0.256829,-14.7152,-14.7152,1,1,0.002564,0.00000657
1771742587.037514,6.040000,0.010000,0.002880,-0.002201,0.059881,3.4309,1.081970,0.068132,-1.642114,-0.253835,-0.253835,-14.5437,-14.5437,1,1,0.002880,0.00000830
1771742587.047514,6.050000,0.010000,0.003203,-0.001416,0.062486,3.5802,1.104510,0.050273,-1.785916,-0.238784,-0.238784,-13.6813,-13.6813,1,1,0.003203,0.00001026
1771742587.057514,6.060000,0.010000,0.003535,0.000021,0.064560,3.6990,0.953637,0.031156,-1.911742,-0.219121,-0.219121,-12.5547,-12.5547,1,1,0.003535,0.00001250
1771742587.067514,6.070000,0.010000,0.003865,0.000022,0.066133,3.7891,0.950092,0.010937,-2.021840,-0.155592,-0.155592,-8.9148,-8.9148,1,1,0.003865,0.00001494
1771742587.077514,6.080000,0.010000,0.004195,0.000195,0.067010,3.8394,0.781170,-0.010244,-2.118176,-0.093741,-0.093741,-5.3709,-5.3709,1,1,0.004195,0.00001760
1771742587.087514,6.090000,0.010000,0.004516,0.000018,0.067347,3.8587,0.783739,-0.032269,-2.202470,-0.012325,-0.012325,-0.7062,-0.7062,1,1,0.004516,0.00002039
1771742587.097514,6.100000,0.010000,0.004839,0.001105,0.066942,3.8355,0.599398,-0.055031,-2.276227,0.050275,0.050275,2.8805,2.8805,1,1,0.004839,0.00002342
1771742587.107514,6.110000,0.010000,0.005154,0.000014,0.066053,3.7846,0.628752,-0.078439,-2.340764,0.025048,0.025048,1.4351,1.4351,1,1,0.005154,0.00002656
1771742587.117514,6.120000,0.010000,0.005473,0.002457,0.064394,3.6895,0.416613,-0.100542,-2.210278,0.071437,0.071437,4.0931,4.0931,1,1,0.005473,0.00002996
1771742587.127515,6.130000,0.010000,0.005766,-0.003994,0.062687,3.5917,0.573856,-0.117596,-1.705399,0.054632,0.054632,3.1302,3.1302,1,1,0.005766,0.00003325
1771742587.137515,6.140000,0.010000,0.006085,0.007351,0.059932,3.4339,0.192566,-0.132977,-1.538124,0.068022,0.068022,3.8974,3.8974,1,1,0.006085,0.00003702
1771742587.147515,6.150000,0.010000,0.006352,-0.012062,0.057466,3.2925,0.568121,-0.147910,-1.493313,0.079493,0.079493,4.5546,4.5546,1,1,0.006352,0.00004035
1771742587.157515,6.160000,0.010000,0.006656,0.012612,0.053629,3.0727,-0.067139,-0.161525,-1.361487,0.099924,0.099924,5.7252,5.7252,1,1,0.006656,0.00004431
1771742587.167515,6.170000,0.010000,0.006927,-0.012944,0.049635,2.8439,0.404231,-0.173064,-1.153881,0.108004,0.108004,6.1882,6.1882,1,1,0.006927,0.00004799
1771742587.177515,6.180000,0.010000,0.007166,0.000003,0.045852,2.6271,0.075837,-0.181279,-0.821508,0.064350,0.064350,3.6870,3.6870,1,1,0.007166,0.00005135
1771742587.187515,6.190000,0.010000,0.007345,-0.023530,0.042707,2.4469,0.494277,-0.186009,-0.473032,0.082545,0.082545,4.7295,4.7295,1,1,0.007345,0.00005394
1771742587.197515,6.200000,0.010000,0.007541,0.000002,0.038589,2.2110,-0.079363,-0.186658,-0.064837,0.057703,0.057703,3.3061,3.3061,1,1,0.007541,0.00005686
1771742587.207515,6.210000,0.010000,0.007694,-0.027421,0.034529,1.9784,0.394918,-0.183734,0.292333,0.065795,0.065795,3.7698,3.7698,1,1,0.007694,0.00005920
1771742587.217515,6.220000,0.010000,0.007785,-0.019898,0.031418,1.8001,0.243342,-0.177686,0.604857,0.066189,0.066189,3.7924,3.7924,1,1,0.007785,0.00006061
1771742587.227515,6.230000,0.010000,0.007811,-0.041424,0.029273,1.6772,0.598519,-0.168902,0.878316,0.073411,0.073411,4.2061,4.2061,1,1,0.007811,0.00006101
1771742587.237514,6.240000,0.010000,0.007875,-0.014223,0.026206,1.5015,0.090645,-0.157727,1.117592,0.015909,0.015909,0.9115,0.9115,1,1,0.007875,0.00006202
1771742587.247514,6.250000,0.010000,0.007928,-0.038919,0.023101,1.3236,0.494267,-0.144457,1.326959,0.040654,0.040654,2.3293,2.3293,1,1,0.007928,0.00006285
1771742587.257514,6.260000,0.010000,0.007834,-0.053662,0.022267,1.2758,0.714579,-0.129355,1.510155,-0.050849,-0.050849,-2.9134,-2.9134,1,1,0.007834,0.00006137
1771742587.267514,6.270000,0.010000,0.007743,-0.040502,0.021030,1.2049,0.441834,-0.112651,1.670452,-0.151189,-0.151189,-8.6625,-8.6625,1,1,0.007743,0.00005995
1771742587.277514,6.280000,0.010000,0.007620,-0.058414,0.020023,1.1472,0.716921,-0.094544,1.810711,-0.038842,-0.038842,-2.2255,-2.2255,1,1,0.007620,0.00005806
1771742587.287514,6.290000,0.010000,0.007383,-0.070774,0.020652,1.1833,0.891638,-0.075209,1.933438,-0.197134,-0.197134,-11.2950,-11.2950,1,1,0.007383,0.00005451
1771742587.297514,6.300000,0.010000,0.007129,-0.064758,0.021248,1.2174,0.744137,-0.054801,2.040824,-0.072298,-0.072298,-4.1424,-4.1424,1,1,0.007129,0.00005082
1771742587.307514,6.310000,0.010000,0.006847,-0.075994,0.022014,1.2613,0.905075,-0.039907,1.489392,-0.077174,-0.077174,-4.4218,-4.4218,1,1,0.006847,0.00004688
1771742587.317514,6.320000,0.010000,0.006502,-0.082773,0.023672,1.3563,0.999944,-0.024601,1.530656,-0.019945,-0.019945,-1.1428,-1.1428,1,1,0.006502,0.00004227
1771742587.327514,6.330000,0.010000,0.006160,-0.082101,0.025623,1.4681,1.030724,-0.014313,1.028794,0.092290,0.092290,5.2878,5.2878,1,1,0.006160,0.00003794
1771742587.337514,6.340000,0.010000,0.005820,-0.081531,0.027797,1.5927,1.054005,-0.004299,1.001347,0.007110,0.007110,0.4074,0.4074,1,1,0.005820,0.00003387
1771742587.347514,6.350000,0.010000,0.005482,-0.081036,0.030141,1.7270,1.071692,0.004512,0.881106,0.031004,0.031004,1.7764,1.7764,1,1,0.005482,0.00003005
1771742587.357514,6.360000,0.010000,0.005146,-0.080596,0.032616,1.8688,1.085209,0.013124,0.861240,0.014972,0.014972,0.8578,0.8578,1,1,0.005146,0.00002648
1771742587.367514,6.370000,0.010000,0.004814,-0.079621,0.035151,2.0140,1.085432,0.017169,0.404519,0.029924,0.029924,1.7145,1.7145,1,1,0.004814,0.00002318
1771742587.377515,6.380000,0.010000,0.004488,-0.078407,0.037659,2.1577,1.073230,0.020105,0.293556,-0.074532,-0.074532,-4.2703,-4.2703,1,1,0.004488,0.00002014
1771742587.387515,6.390000,0.010000,0.004170,-0.076882,0.040054,2.2949,1.053814,0.019183,-0.092204,-0.101228,-0.101228,-5.7999,-5.7999,1,1,0.004170,0.00001739
1771742587.397515,6.400000,0.010000,0.003869,-0.074489,0.042257,2.4211,1.025906,0.014885,-0.429745,-0.135003,-0.135003,-7.7351,-7.7351,1,1,0.003869,0.00001497
1771742587.407515,6.410000,0.010000,0.003592,-0.071326,0.044209,2.5330,0.990664,0.008169,-0.671599,-0.100164,-0.100164,-5.7390,-5.7390,1,1,0.003592,0.00001290
1771742587.417515,6.420000,0.010000,0.003345,-0.067169,0.045836,2.6262,0.943407,-0.001198,-0.936715,-0.059498,-0.059498,-3.4090,-3.4090,1,1,0.003345,0.00001119
1771742587.427515,6.430000,0.010000,0.003125,-0.064670,0.047242,2.7068,0.930608,-0.010085,-0.888750,-0.012097,-0.012097,-0.6931,-0.6931,1,1,0.003125,0.00000976
1771742587.437515,6.440000,0.010000,0.002942,-0.058239,0.048269,2.7656,0.851832,-0.018471,-0.838612,-0.020254,-0.020254,-1.1605,-1.1605,1,1,0.002942,0.00000865
1771742587.447515,6.450000,0.010000,0.002774,-0.060536,0.049361,2.8282,0.932328,-0.022319,-0.384720,0.002094,0.002094,0.1200,0.1200,1,1,0.002774,0.00000769
1771742587.457515,6.460000,0.010000,0.002643,-0.050194,0.050121,2.8717,0.790099,-0.022194,0.012436,-0.107556,-0.107556,-6.1625,-6.1625,1,1,0.002643,0.00000699
1771742587.467515,6.470000,0.010000,0.002538,-0.053186,0.050813,2.9114,0.888784,-0.018595,0.359947,-0.202205,-0.202205,-11.5855,-11.5855,1,1,0.002538,0.00000644
1771742587.477515,6.480000,0.010000,0.002421,-0.054054,0.052093,2.9847,0.951404,-0.012395,0.619988,-0.282803,-0.282803,-16.2034,-16.2034,1,1,0.002421,0.00000586
1771742587.487514,6.490000,0.010000,0.002334,-0.046864,0.053252,3.0511,0.872882,-0.008974,0.342086,-0.289536,-0.289536,-16.5892,-16.5892,1,1,0.002334,0.00000545
1771742587.497514,6.500000,0.010000,0.002270,-0.047710,0.054433,3.1188,0.940781,-0.004112,0.486228,-0.301006,-0.301006,-17.2464,-17.2464,1,1,0.002270,0.00000515
1771742587.507514,6.510000,0.010000,0.002220,-0.044265,0.055811,3.1977,0.934237,-0.003348,0.076383,-0.318590,-0.318590,-18.2539,-18.2539,1,1,0.002220,0.00000493
1771742587.517514,6.520000,0.010000,0.002206,-0.039089,0.057024,3.2672,0.899287,-0.006170,-0.282231,-0.292475,-0.292475,-16.7576,-16.7576,1,1,0.002206,0.00000487
1771742587.527514,6.530000,0.010000,0.002228,-0.035357,0.058093,3.3285,0.892198,-0.012130,-0.596018,-0.259876,-0.259876,-14.8898,-14.8898,1,1,0.002228,0.00000496
1771742587.537514,6.540000,0.010000,0.002302,-0.026569,0.058740,3.3655,0.796093,-0.020836,-0.870581,-0.208817,-0.208817,-11.9643,-11.9643,1,1,0.002302,0.00000530
1771742587.547514,6.550000,0.010000,0.002398,-0.028724,0.059487,3.4084,0.896188,-0.025669,-0.483267,-0.143202,-0.143202,-8.2049,-8.2049,1,1,0.002398,0.00000575
1771742587.557514,6.560000,0.010000,0.002549,-0.014624,0.059779,3.4251,0.705763,-0.026407,-0.073793,-0.234057,-0.234057,-13.4105,-13.4105,1,1,0.002549,0.00000650
1771742587.567514,6.570000,0.010000,0.002732,-0.018882,0.060013,3.4385,0.842837,-0.025638,0.076905,-0.309922,-0.309922,-17.7572,-17.7572,1,1,0.002732,0.00000746
1771742587.577514,6.580000,0.010000,0.002914,-0.016232,0.060766,3.4816,0.854951,-0.022171,0.346650,-0.327175,-0.327175,-18.7457,-18.7457,1,1,0.002914,0.00000849
1771742587.587514,6.590000,0.010000,0.003130,-0.010447,0.061383,3.5170,0.810338,-0.022629,-0.045748,-0.353079,-0.353079,-20.2299,-20.2299,1,1,0.003130,0.00000980
1771742587.597514,6.600000,0.010000,0.003369,-0.010246,0.062044,3.5549,0.853354,-0.026520,-0.389095,-0.324628,-0.324628,-18.5998,-18.5998,1,1,0.003369,0.00001135
1771742587.607514,6.610000,0.010000,0.003639,-0.003284,0.062233,3.5657,0.702123,-0.033415,-0.689524,-0.264128,-0.264128,-15.1334,-15.1334,1,1,0.003639,0.00001324
1771742587.617514,6.620000,0.010000,0.003905,-0.009207,0.062593,3.5863,0.862309,-0.042939,-0.952399,-0.193007,-0.193007,-11.0585,-11.0585,1,1,0.003905,0.00001525
1771742587.627515,6.630000,0.010000,0.004195,0.000948,0.062020,3.5535,0.505485,-0.054763,-1.182415,-0.137263,-0.137263,-7.8646,-7.8646,1,1,0.004195,0.00001760
1771742587.637515,6.640000,0.010000,0.004467,-0.009611,0.061248,3.5093,0.743192,-0.068600,-1.383679,-0.084362,-0.084362,-4.8336,-4.8336,1,1,0.004467,0.00001995
1771742587.647515,6.650000,0.010000,0.004744,0.000008,0.059937,3.4341,0.418602,-0.084198,-1.559785,0.005229,0.005229,0.2996,0.2996,1,1,0.004744,0.00002250
1771742587.657515,6.660000,0.010000,0.004991,-0.013096,0.058688,3.3626,0.693555,-0.101336,-1.713878,0.001756,0.001756,0.1006,0.1006,1,1,0.004991,0.00002491
1771742587.667515,6.670000,0.010000,0.005263,0.003405,0.056372,3.2299,0.212811,-0.114771,-1.343507,0.083090,0.083090,4.7607,4.7607,1,1,0.005263,0.00002770
1771742587.677515,6.680000,0.010000,0.005508,-0.014506,0.053907,3.0886,0.563891,-0.123037,-0.826503,0.065584,0.065584,3.7577,3.7577,1,1,0.005508,0.00003033
1771742587.687515,6.690000,0.010000,0.005752,0.000005,0.051302,2.9394,0.244759,-0.133759,-1.072256,0.027164,0.027164,1.5564,1.5564,1,1,0.005752,0.00003308
1771742587.697515,6.700000,0.010000,0.005966,-0.018129,0.049056,2.8107,0.587599,-0.146632,-1.287290,0.074401,0.074401,4.2629,4.2629,1,1,0.005966,0.00003560
1771742587.707515,6.710000,0.010000,0.006207,0.003005,0.045546,2.6096,0.005243,-0.161386,-1.475444,0.078916,0.078916,4.5215,4.5215,1,1,0.006207,0.00003853
1771742587.717515,6.720000,0.010000,0.006412,-0.020516,0.041852,2.3980,0.432112,-0.177787,-1.640080,0.095071,0.095071,5.4471,5.4471,1,1,0.006412,0.00004112
1771742587.727515,6.730000,0.010000,0.006622,0.000002,0.037650,2.1572,-0.036564,-0.195629,-1.784135,0.039998,0.039998,2.2917,2.2917,1,1,0.006622,0.00004385
1771742587.737514,6.740000,0.010000,0.006790,-0.025208,0.033715,1.9317,0.405029,-0.207749,-1.212053,0.062296,0.062296,3.5693,3.5693,1,1,0.006790,0.00004611
1771742587.747514,6.750000,0.010000,0.006977,0.000001,0.029050,1.6644,-0.125779,-0.214864,-0.711480,0.043890,0.043890,2.5147,2.5147,1,1,0.006977,0.00004868
1771742587.757514,6.760000,0.010000,0.007128,-0.027873,0.024597,1.4093,0.347824,-0.217599,-0.273479,0.042182,0.042182,2.4168,2.4168,1,1,0.007128,0.00005081
1771742587.767514,6.770000,0.010000,0.007249,-0.012245,0.020440,1.1711,0.043450,-0.216501,0.109771,0.077492,0.077492,4.4400,4.4400,1,1,0.007249,0.00005254
1771742587.777514,6.780000,0.010000,0.007318,-0.037096,0.016933,0.9702,0.447185,-0.212050,0.445116,0.037712,0.037712,2.1608,2.1608,1,1,0.007318,0.00005355
1771742587.787514,6.790000,0.010000,0.007383,-0.016985,0.013133,0.7525,0.050411,-0.204664,0.738542,0.117756,0.117756,6.7469,6.7469,1,1,0.007383,0.00005451
1771742587.797514,6.800000,0.010000,0.007411,-0.042062,0.009634,0.5520,0.446086,-0.194711,0.995290,0.045983,0.045983,2.6346,2.6346,1,1,0.007411,0.00005493
1771742587.807514,6.810000,0.010000,0.007350,-0.042393,0.007255,0.4157,0.397538,-0.182512,1.219945,0.119242,0.119242,6.8321,6.8321,1,1,0.007350,0.00005403
1771742587.817514,6.820000,0.010000,0.007209,-0.060865,0.005826,0.3338,0.665887,-0.168347,1.416518,0.102717,0.102717,5.8852,5.8852,1,1,0.007209,0.00005196
1771742587.827514,6.830000,0.010000,0.007071,-0.044474,0.003828,0.2193,0.316825,-0.152462,1.588519,0.098278,0.098278,5.6309,5.6309,1,1,0.007071,0.00005000
1771742587.837514,6.840000,0.010000,0.006904,-0.064218,0.001856,0.1063,0.605563,-0.135071,1.739020,0.098610,0.098610,5.6499,5.6499,1,1,0.006904,0.00004766
1771742587.847514,6.850000,0.010000,0.006610,-0.078138,0.001597,0.0915,0.787997,-0.116364,1.870708,0.031515,0.031515,1.8057,1.8057,1,1,0.006610,0.00004369
1771742587.857514,6.860000,0.010000,0.006273,-0.080742,0.001958,0.1122,0.819187,-0.096819,1.954532,0.054556,0.054556,3.1258,3.1258,1,1,0.006273,0.00003936
1771742587.867514,6.870000,0.010000,0.005924,-0.083895,0.002639,0.1512,0.886467,-0.076930,1.988936,0.067729,0.067729,3.8806,3.8806,1,1,0.005924,0.00003509
1771742587.877515,6.880000,0.010000,0.005577,-0.083252,0.003589,0.2056,0.914323,-0.061827,1.510249,0.126138,0.126138,7.2272,7.2272,1,1,0.005577,0.00003110
1771742587.887515,6.890000,0.010000,0.005232,-0.082717,0.004734,0.2712,0.934166,-0.048826,1.300114,0.086616,0.086616,4.9627,4.9627,1,1,0.005232,0.00002738
1771742587.897515,6.900000,0.010000,0.004889,-0.082262,0.006017,0.3447,0.947984,-0.033959,1.486666,0.099791,0.099791,5.7176,5.7176,1,1,0.004889,0.00002391
1771742587.907515,6.910000,0.010000,0.004548,-0.081866,0.007395,0.4237,0.957262,-0.024442,0.951767,0.171021,0.171021,9.7988,9.7988,1,1,0.004548,0.00002069
1771742587.917515,6.920000,0.010000,0.004209,-0.081515,0.008837,0.5063,0.963112,-0.012623,1.181862,0.132998,0.132998,7.6202,7.6202,1,1,0.004209,0.00001771
1771742587.927515,6.930000,0.010000,0.003870,-0.081197,0.010317,0.5911,0.966364,-0.005297,0.732576,0.188701,0.188701,10.8118,10.8118,1,1,0.003870,0.00001498
1771742587.937515,6.940000,0.010000,0.003533,-0.080902,0.011819,0.6772,0.967639,0.004603,0.990070,0.147891,0.147891,8.4735,8.4735,1,1,0.003533,0.00001248
1771742587.947515,6.950000,0.010000,0.003197,-0.080625,0.013328,0.7637,0.967399,0.016757,1.215377,0.215587,0.215587,12.3522,12.3522,1,1,0.003197,0.00001022
1771742587.957515,6.960000,0.010000,0.002862,-0.080361,0.014834,0.8499,0.965990,0.026947,1.019012,0.283534,0.283534,16.2453,16.2453,1,1,0.002862,0.00000819
1771742587.967515,6.970000,0.010000,0.002528,-0.080107,0.016327,0.9355,0.963669,0.035905,0.895786,0.272615,0.272615,15.6197,15.6197,1,1,0.002528,0.00000639
1771742587.977515,6.980000,0.010000,0.002196,-0.079859,0.017803,1.0200,0.960626,0.040253,0.434747,0.270719,0.270719,15.5110,15.5110,1,1,0.002196,0.00000482
1771742587.987514,6.990000,0.010000,0.001865,-0.079468,0.019248,1.1028,0.956209,0.042040,0.178793,0.195750,0.195750,11.2157,11.2157,1,1,0.001865,0.00000348
1771742587.997514,7.000000,0.010000,0.001539,-0.078810,0.020645,1.1829,0.950036,0.045252,0.321108,0.169589,0.169589,9.7167,9.7167,1,1,0.001539,0.00000237
1771742588.007514,7.010000,0.010000,0.001222,-0.077703,0.021975,1.2591,0.941522,0.051552,0.630036,0.185154,0.185154,10.6085,10.6085,1,1,0.001222,0.00000149
1771742588.017514,7.020000,0.010000,0.000916,-0.076229,0.023223,1.3306,0.931678,0.055935,0.438296,0.243924,0.243924,13.9758,13.9758,1,1,0.000916,0.00000084
1771742588.027514,7.030000,0.010000,0.000625,-0.074443,0.024384,1.3971,0.921139,0.061417,0.548206,0.214716,0.214716,12.3023,12.3023,1,1,0.000625,0.00000039
1771742588.037514,7.040000,0.010000,0.000350,-0.072386,0.025455,1.4584,0.910313,0.069704,0.828746,0.235267,0.235267,13.4798,13.4798,1,1,0.000350,0.00000012
1771742588.047514,7.050000,0.010000,0.000094,-0.070084,0.026434,1.5146,0.899472,0.077616,0.791169,0.277019,0.277019,15.8720,15.8720,1,1,0.000094,0.00000001
1771742588.057514,7.060000,0.010000,-0.000141,-0.067571,0.027325,1.5656,0.888847,0.088029,1.041339,0.267116,0.267116,15.3046,15.3046,1,1,0.000141,0.00000002
1771742588.067514,7.070000,0.010000,-0.000355,-0.064877,0.028129,1.6117,0.878636,0.095512,0.748273,0.267772,0.267772,15.3422,15.3422,1,1,0.000355,0.00000013
1771742588.077514,7.080000,0.010000,-0.000545,-0.062031,0.028851,1.6531,0.868998,0.105550,1.003805,0.218636,0.218636,12.5269,12.5269,1,1,0.000545,0.00000030
1771742588.087514,7.090000,0.010000,-0.000710,-0.059058,0.029498,1.6901,0.860075,0.117824,1.227395,0.218601,0.218601,12.5249,12.5249,1,1,0.000710,0.00000050
1771742588.097514,7.100000,0.010000,-0.000850,-0.055986,0.030076,1.7232,0.851988,0.132055,1.423036,0.195432,0.195432,11.1974,11.1974,1,1,0.000850,0.00000072
1771742588.107514,7.110000,0.010000,-0.000964,-0.052840,0.030593,1.7528,0.844841,0.147997,1.594223,0.127453,0.127453,7.3025,7.3025,1,1,0.000964,0.00000093
1771742588.117514,7.120000,0.010000,-0.001070,-0.051639,0.031391,1.7986,0.874676,0.158456,1.045879,0.009260,0.009260,0.5306,0.5306,1,1,0.001070,0.00000114
1771742588.127515,7.130000,0.010000,-0.001142,-0.047681,0.032030,1.8352,0.857156,0.164116,0.566078,-0.066446,-0.066446,-3.8071,-3.8071,1,1,0.001142,0.00000131
1771742588.137515,7.140000,0.010000,-0.001217,-0.047522,0.033159,1.8999,0.909699,0.166746,0.262970,-0.112178,-0.112178,-6.4273,-6.4273,1,1,0.001217,0.00000148
1771742588.147515,7.150000,0.010000,-0.001249,-0.042617,0.034006,1.9484,0.879340,0.172538,0.579165,-0.166682,-0.166682,-9.5502,-9.5502,1,1,0.001249,0.00000156
1771742588.157515,7.160000,0.010000,-0.001288,-0.043025,0.035475,2.0325,0.946155,0.177810,0.527226,-0.189677,-0.189677,-10.8677,-10.8677,1,1,0.001288,0.00000166
1771742588.167515,7.170000,0.010000,-0.001277,-0.037251,0.036551,2.0942,0.904433,0.184992,0.718217,-0.244520,-0.244520,-14.0100,-14.0100,1,1,0.001277,0.00000163
1771742588.177515,7.180000,0.010000,-0.001300,-0.040540,0.038768,2.2212,1.027218,0.194767,0.977506,-0.225411,-0.225411,-12.9151,-12.9151,1,1,0.001300,0.00000169
1771742588.187515,7.190000,0.010000,-0.001258,-0.033102,0.040359,2.3124,0.960751,0.203811,0.904363,-0.334635,-0.334635,-19.1732,-19.1732,1,1,0.001258,0.00000158
1771742588.197515,7.200000,0.010000,-0.001221,-0.033297,0.042620,2.4419,1.033493,0.211806,0.799508,-0.307641,-0.307641,-17.6265,-17.6265,1,1,0.001221,0.00000149
1771742588.207515,7.210000,0.010000,-0.001117,-0.025775,0.044285,2.5373,0.970576,0.215311,0.350504,-0.350549,-0.350549,-20.0850,-20.0850,1,1,0.001117,0.00000125
1771742588.217515,7.220000,0.010000,-0.001005,-0.024387,0.046394,2.6582,1.019481,0.215722,0.041129,-0.287945,-0.287945,-16.4980,-16.4980,1,1,0.001005,0.00000101
1771742588.227515,7.230000,0.010000,-0.000830,-0.017387,0.048025,2.7516,0.969565,0.213186,-0.253631,-0.295597,-0.295597,-16.9365,-16.9365,1,1,0.000830,0.00000069
1771742588.237514,7.240000,0.010000,-0.000605,-0.011583,0.049384,2.8295,0.941968,0.207476,-0.570993,-0.239547,-0.239547,-13.7251,-13.7251,1,1,0.000605,0.00000037
1771742588.247514,7.250000,0.010000,-0.000341,-0.007591,0.050633,2.9011,0.934990,0.198989,-0.848685,-0.191508,-0.191508,-10.9726,-10.9726,1,1,0.000341,0.00000012
1771742588.257514,7.260000,0.010000,-0.000053,-0.005549,0.051913,2.9744,0.944703,0.188073,-1.091665,-0.166195,-0.166195,-9.5223,-9.5223,1,1,0.000053,0.00000000
1771742588.267514,7.270000,0.010000,0.000250,-0.003645,0.053293,3.0534,0.957120,0.175030,-1.304273,-0.156250,-0.156250,-8.9525,-8.9525,1,1,0.000250,0.00000006
1771742588.277514,7.280000,0.010000,0.000569,-0.001836,0.054790,3.1392,0.971565,0.160127,-1.490304,-0.145951,-0.145951,-8.3624,-8.3624,1,1,0.000569,0.00000032
1771742588.287514,7.290000,0.010000,0.000903,-0.000066,0.056419,3.2326,0.987436,0.143596,-1.653082,-0.155129,-0.155129,-8.8882,-8.8882,1,1,0.000903,0.00000081
1771742588.297514,7.300000,0.010000,0.001243,0.000013,0.058240,3.3369,1.016411,0.125641,-1.795513,-0.188239,-0.188239,-10.7853,-10.7853,1,1,0.001243,0.00000155
1771742588.307514,7.310000,0.010000,0.001584,0.000015,0.060294,3.4546,1.044368,0.106439,-1.920139,-0.209750,-0.209750,-12.0178,-12.0178,1,1,0.001584,0.00000251
1771742588.317514,7.320000,0.010000,0.001926,0.000017,0.062575,3.5853,1.071257,0.086148,-2.029188,-0.222324,-0.222324,-12.7382,-12.7382,1,1,0.001926,0.00000371
1771742588.327514,7.330000,0.010000,0.002267,0.000019,0.065077,3.7286,1.097578,0.064901,-2.124605,-0.216568,-0.216568,-12.4084,-12.4084,1,1,0.002267,0.00000514
1771742588.337514,7.340000,0.010000,0.002608,0.000020,0.067504,3.8677,1.053216,0.042821,-2.208095,-0.193599,-0.193599,-11.0924,-11.0924,1,1,0.002608,0.00000680
1771742588.347514,7.350000,0.010000,0.002947,0.000017,0.069203,3.9650,0.909071,0.020009,-2.281149,-0.138549,-0.138549,-7.9383,-7.9383,1,1,0.002947,0.00000868
1771742588.357514,7.360000,0.010000,0.003277,0.000017,0.070265,4.0259,0.867709,-0.003442,-2.345072,-0.064340,-0.064340,-3.6864,-3.6864,1,1,0.003277,0.00001074
1771742588.367514,7.370000,0.010000,0.003605,0.000014,0.070599,4.0451,0.721944,-0.027452,-2.401003,0.014775,0.014775,0.8465,0.8465,1,1,0.003605,0.00001299
1771742588.377515,7.380000,0.010000,0.003925,0.000015,0.070426,4.0351,0.713810,-0.047959,-2.050704,0.028408,0.028408,1.6277,1.6277,1,1,0.003925,0.00001540
1771742588.387515,7.390000,0.010000,0.004243,0.000012,0.069809,3.9998,0.610272,-0.062738,-1.477956,0.017072,0.017072,0.9781,0.9781,1,1,0.004243,0.00001800
1771742588.397515,7.400000,0.010000,0.004555,0.000014,0.068940,3.9500,0.630011,-0.074427,-1.168893,-0.061038,-0.061038,-3.4972,-3.4972,1,1,0.004555,0.00002075
1771742588.407515,7.410000,0.010000,0.004868,0.000012,0.067798,3.8845,0.545459,-0.083368,-0.894044,-0.065430,-0.065430,-3.7489,-3.7489,1,1,0.004868,0.00002369
1771742588.417515,7.420000,0.010000,0.005175,0.000013,0.066484,3.8093,0.569320,-0.092338,-0.897019,-0.090674,-0.090674,-5.1952,-5.1952,1,1,0.005175,0.00002678
1771742588.427515,7.430000,0.010000,0.005482,0.000010,0.064834,3.7147,0.466410,-0.103677,-1.133958,-0.068392,-0.068392,-3.9186,-3.9186,1,1,0.005482,0.00003005
1771742588.437515,7.440000,0.010000,0.005783,0.000011,0.062912,3.6046,0.481655,-0.116937,-1.325909,-0.028230,-0.028230,-1.6175,-1.6175,1,1,0.005783,0.00003344
1771742588.447515,7.450000,0.010000,0.006084,0.000009,0.060624,3.4735,0.378761,-0.130110,-1.317339,0.022251,0.022251,1.2749,1.2749,1,1,0.006084,0.00003701
1771742588.457515,7.460000,0.010000,0.006375,-0.000812,0.058180,3.3335,0.422201,-0.140917,-1.080728,0.031359,0.031359,1.7967,1.7967,1,1,0.006375,0.00004065
1771742588.467515,7.470000,0.010000,0.006668,0.000008,0.055510,3.1805,0.330602,-0.147502,-0.658516,0.033743,0.033743,1.9333,1.9333,1,1,0.006668,0.00004446
1771742588.477515,7.480000,0.010000,0.006929,-0.006845,0.053129,3.0441,0.471967,-0.149774,-0.227136,0.026075,0.026075,1.4940,1.4940,1,1,0.006929,0.00004802
1771742588.487514,7.490000,0.010000,0.007196,0.000007,0.050353,2.8850,0.260533,-0.148271,0.150322,-0.007133,-0.007133,-0.4087,-0.4087,1,1,0.007196,0.00005179
1771742588.497514,7.500000,0.010000,0.007398,-0.019925,0.048371,2.7715,0.620655,-0.143465,0.480597,0.003941,0.003941,0.2258,0.2258,1,1,0.007398,0.00005474
1771742588.507514,7.510000,0.010000,0.007615,0.000004,0.045609,2.6132,0.139954,-0.135769,0.769589,-0.092492,-0.092492,-5.2994,-5.2994,1,1,0.007615,0.00005799
1771742588.517514,7.520000,0.010000,0.007798,-0.022941,0.042908,2.4585,0.543290,-0.125544,1.022456,0.001305,0.001305,0.0748,0.0748,1,1,0.007798,0.00006080
1771742588.527514,7.530000,0.010000,0.007909,-0.020893,0.041388,2.3714,0.498519,-0.117481,0.806326,-0.208296,-0.208296,-11.9345,-11.9345,1,1,0.007909,0.00006256
1771742588.537514,7.540000,0.010000,0.007980,-0.032148,0.040496,2.3202,0.684838,-0.110974,0.650635,-0.169270,-0.169270,-9.6985,-9.6985,1,1,0.007980,0.00006368
1771742588.547514,7.550000,0.010000,0.008095,-0.012095,0.038706,2.2177,0.317563,-0.108437,0.253758,-0.197728,-0.197728,-11.3290,-11.3290,1,1,0.008095,0.00006553
1771742588.557514,7.560000,0.010000,0.008193,-0.032470,0.037101,2.1257,0.660025,-0.103431,0.500555,0.003216,0.003216,0.1843,0.1843,1,1,0.008193,0.00006713
1771742588.567514,7.570000,0.010000,0.008239,-0.027995,0.036229,2.0758,0.559847,-0.095561,0.787052,-0.152402,-0.152402,-8.7320,-8.7320,1,1,0.008239,0.00006788
1771742588.577514,7.580000,0.010000,0.008233,-0.043962,0.036102,2.0685,0.817987,-0.085183,1.037736,-0.217794,-0.217794,-12.4787,-12.4787,1,1,0.008233,0.00006777
1771742588.587514,7.590000,0.010000,0.008242,-0.026778,0.035474,2.0325,0.491360,-0.072613,1.257085,-0.306333,-0.306333,-17.5516,-17.5516,1,1,0.008242,0.00006794
1771742588.597514,7.600000,0.010000,0.008237,-0.044113,0.034929,2.0013,0.772955,-0.059318,1.329441,-0.213291,-0.213291,-12.2207,-12.2207,1,1,0.008237,0.00006785
1771742588.607514,7.610000,0.010000,0.008142,-0.051248,0.035737,2.0476,0.872208,-0.048644,1.067417,-0.295241,-0.295241,-16.9160,-16.9160,1,1,0.008142,0.00006630
1771742588.617514,7.620000,0.010000,0.008054,-0.043700,0.036223,2.0754,0.714566,-0.042795,0.584924,-0.281339,-0.281339,-16.1195,-16.1195,1,1,0.008054,0.00006486
1771742588.627515,7.630000,0.010000,0.007936,-0.056469,0.037024,2.1213,0.916892,-0.036953,0.584201,-0.259082,-0.259082,-14.8443,-14.8443,1,1,0.007936,0.00006299
1771742588.637515,7.640000,0.010000,0.007823,-0.045074,0.037566,2.1524,0.694668,-0.035332,0.162110,-0.266515,-0.266515,-15.2702,-15.2702,1,1,0.007823,0.00006120
1771742588.647515,7.650000,0.010000,0.007695,-0.057877,0.038228,2.1903,0.901718,-0.030752,0.457958,-0.162924,-0.162924,-9.3349,-9.3349,1,1,0.007695,0.00005921
1771742588.657515,7.660000,0.010000,0.007548,-0.051811,0.039052,2.2375,0.777021,-0.030236,0.051647,-0.255956,-0.255956,-14.6652,-14.6652,1,1,0.007548,0.00005697
1771742588.667515,7.670000,0.010000,0.007376,-0.062584,0.040190,2.3027,0.952319,-0.033274,-0.303874,-0.146409,-0.146409,-8.3886,-8.3886,1,1,0.007376,0.00005441
1771742588.677515,7.680000,0.010000,0.007261,-0.040354,0.040219,2.3044,0.547921,-0.039424,-0.614956,-0.085203,-0.085203,-4.8818,-4.8818,1,1,0.007261,0.00005272
1771742588.687515,7.690000,0.010000,0.007160,-0.055096,0.039932,2.2879,0.798977,-0.041314,-0.189021,0.092464,0.092464,5.2978,5.2978,1,1,0.007160,0.00005126
1771742588.697515,7.700000,0.010000,0.007004,-0.056137,0.040515,2.3213,0.807190,-0.046459,-0.514459,-0.037533,-0.037533,-2.1505,-2.1505,1,1,0.007004,0.00004906
1771742588.707515,7.710000,0.010000,0.006869,-0.050271,0.040654,2.3293,0.695687,-0.054451,-0.799217,0.023335,0.023335,1.3370,1.3370,1,1,0.006869,0.00004719
1771742588.717515,7.720000,0.010000,0.006725,-0.057556,0.040925,2.3449,0.818334,-0.064935,-1.048381,0.069053,0.069053,3.9565,3.9565,1,1,0.006725,0.00004522
1771742588.727515,7.730000,0.010000,0.006650,-0.034959,0.039912,2.2868,0.414292,-0.077599,-1.266399,0.049840,0.049840,2.8556,2.8556,1,1,0.006650,0.00004422
1771742588.737514,7.740000,0.010000,0.006583,-0.051387,0.038731,2.2191,0.700959,-0.092170,-1.457165,0.099166,0.099166,5.6818,5.6818,1,1,0.006583,0.00004334
1771742588.747514,7.750000,0.010000,0.006543,-0.031794,0.037037,2.1221,0.348607,-0.108411,-1.624085,0.025714,0.025714,1.4733,1.4733,1,1,0.006543,0.00004281
1771742588.757514,7.760000,0.010000,0.006495,-0.049395,0.035422,2.0295,0.653109,-0.126113,-1.770141,0.087934,0.087934,5.0383,5.0383,1,1,0.006495,0.00004219
1771742588.767514,7.770000,0.010000,0.006517,-0.018489,0.032503,1.8623,0.097123,-0.143663,-1.755028,0.048785,0.048785,2.7952,2.7952,1,1,0.006517,0.00004247
1771742588.777514,7.780000,0.010000,0.006549,-0.040984,0.029318,1.6798,0.483187,-0.155529,-1.186584,0.080895,0.080895,4.6350,4.6350,1,1,0.006549,0.00004289
1771742588.787514,7.790000,0.010000,0.006552,-0.029379,0.026496,1.5181,0.259742,-0.168082,-1.255336,0.065061,0.065061,3.7277,3.7277,1,1,0.006552,0.00004293
1771742588.797514,7.800000,0.010000,0.006512,-0.048944,0.024267,1.3904,0.583849,-0.175576,-0.749353,0.074427,0.074427,4.2643,4.2643,1,1,0.006512,0.00004241
1771742588.807514,7.810000,0.010000,0.006539,-0.016850,0.020640,1.1826,-0.009276,-0.178642,-0.306618,0.101427,0.101427,5.8113,5.8113,1,1,0.006539,0.00004276
1771742588.817514,7.820000,0.010000,0.006570,-0.041721,0.016730,0.9586,0.401720,-0.177834,0.080775,0.084637,0.084637,4.8493,4.8493,1,1,0.006570,0.00004317
1771742588.827514,7.830000,0.010000,0.006476,-0.050931,0.014720,0.8434,0.527480,-0.173637,0.419744,0.095142,0.095142,5.4512,5.4512,1,1,0.006476,0.00004194
1771742588.837514,7.840000,0.010000,0.006379,-0.044084,0.012448,0.7132,0.366586,-0.166473,0.716342,0.118090,0.118090,6.7661,6.7661,1,1,0.006379,0.00004069
1771742588.847514,7.850000,0.010000,0.006229,-0.061674,0.010755,0.6162,0.635906,-0.156715,0.975865,0.097695,0.097695,5.5975,5.5975,1,1,0.006229,0.00003880
1771742588.857514,7.860000,0.010000,0.006055,-0.052923,0.009114,0.5222,0.436627,-0.144685,1.202948,0.107567,0.107567,6.1632,6.1632,1,1,0.006055,0.00003667
1771742588.867514,7.870000,0.010000,0.005844,-0.068775,0.007786,0.4461,0.672759,-0.130669,1.401645,0.075951,0.075951,4.3517,4.3517,1,1,0.005844,0.00003415
1771742588.877515,7.880000,0.010000,0.005551,-0.075131,0.007507,0.4301,0.739233,-0.114914,1.575505,-0.002585,-0.002585,-0.1481,-0.1481,1,1,0.005551,0.00003081
1771742588.887515,7.890000,0.010000,0.005212,-0.081210,0.007720,0.4423,0.810202,-0.097637,1.727633,0.023454,0.023454,1.3438,1.3438,1,1,0.005212,0.00002717
1771742588.897515,7.900000,0.010000,0.004865,-0.083304,0.008277,0.4742,0.871083,-0.079334,1.830283,0.039754,0.039754,2.2777,2.2777,1,1,0.004865,0.00002367
1771742588.907515,7.910000,0.010000,0.004521,-0.082640,0.009112,0.5221,0.899639,-0.059829,1.950563,0.084799,0.084799,4.8586,4.8586,1,1,0.004521,0.00002044
1771742588.917515,7.920000,0.010000,0.004179,-0.082088,0.010146,0.5813,0.919887,-0.044218,1.561126,0.142560,0.142560,8.1681,8.1681,1,1,0.004179,0.00001746
1771742588.927515,7.930000,0.010000,0.003838,-0.081619,0.011322,0.6487,0.933889,-0.029387,1.483051,0.137314,0.137314,7.8675,7.8675,1,1,0.003838,0.00001473
1771742588.937515,7.940000,0.010000,0.003500,-0.081213,0.012594,0.7216,0.943186,-0.013035,1.635173,0.175412,0.175412,10.0504,10.0504,1,1,0.003500,0.00001225
1771742588.947515,7.950000,0.010000,0.003163,-0.080852,0.013930,0.7981,0.948930,-0.000826,1.220898,0.257849,0.257849,14.7736,14.7736,1,1,0.003163,0.00001001
1771742588.957515,7.960000,0.010000,0.002828,-0.080525,0.015304,0.8769,0.951982,0.011170,1.199602,0.232325,0.232325,13.3112,13.3112,1,1,0.002828,0.00000800
1771742588.967515,7.970000,0.010000,0.002493,-0.080224,0.016698,0.9567,0.952984,0.024535,1.336510,0.261273,0.261273,14.9699,14.9699,1,1,0.002493,0.00000622
1771742588.977515,7.980000,0.010000,0.002160,-0.079941,0.018097,1.0369,0.952414,0.033680,0.914499,0.305506,0.305506,17.5042,17.5042,1,1,0.002160,0.00000467
1771742588.987514,7.990000,0.010000,0.001829,-0.079621,0.019488,1.1166,0.950361,0.042916,0.923595,0.262122,0.262122,15.0185,15.0185,1,1,0.001829,0.00000334
1771742588.997514,8.000000,0.010000,0.001501,-0.079020,0.020848,1.1945,0.945833,0.047507,0.459080,0.277850,0.277850,15.9196,15.9196,1,1,0.001501,0.00000225
1771742589.007514,8.010000,0.010000,0.001182,-0.077936,0.022149,1.2690,0.938326,0.048033,0.052629,0.212323,0.212323,12.1652,12.1652,1,1,0.001182,0.00000140
1771742589.017514,8.020000,0.010000,0.000874,-0.076457,0.023374,1.3392,0.929046,0.045003,-0.303015,0.177251,0.177251,10.1557,10.1557,1,1,0.000874,0.00000076
1771742589.027514,8.030000,0.010000,0.000581,-0.074653,0.024515,1.4046,0.918819,0.044347,-0.065610,0.178658,0.178658,10.2363,10.2363,1,1,0.000581,0.00000034
1771742589.037514,8.040000,0.010000,0.000305,-0.072568,0.025567,1.4649,0.908135,0.047263,0.291657,0.163741,0.163741,9.3817,9.3817,1,1,0.000305,0.00000009
1771742589.047514,8.050000,0.010000,0.000047,-0.070236,0.026529,1.5200,0.897352,0.053306,0.604266,0.153846,0.153846,8.8147,8.8147,1,1,0.000047,0.00000000
1771742589.057514,8.060000,0.010000,-0.000189,-0.067688,0.027402,1.5700,0.886712,0.062084,0.877799,0.214577,0.214577,12.2944,12.2944,1,1,0.000189,0.00000004
1771742589.067514,8.070000,0.010000,-0.000403,-0.064960,0.028188,1.6150,0.876454,0.073255,1.117140,0.259849,0.259849,14.8882,14.8882,1,1,0.000403,0.00000016
1771742589.077514,8.080000,0.010000,-0.000594,-0.062079,0.028892,1.6554,0.866752,0.086521,1.326563,0.262317,0.262317,15.0297,15.0297,1,1,0.000594,0.00000035
1771742589.087514,8.090000,0.010000,-0.000759,-0.059072,0.029519,1.6913,0.857759,0.101619,1.509808,0.264123,0.264123,15.1331,15.1331,1,1,0.000759,0.00000058
1771742589.097514,8.100000,0.010000,-0.000899,-0.055968,0.030078,1.7233,0.849603,0.118320,1.670148,0.246419,0.246419,14.1188,14.1188,1,1,0.000899,0.00000081
1771742589.107514,8.110000,0.010000,-0.001013,-0.052791,0.030574,1.7518,0.842392,0.136425,1.810446,0.189070,0.189070,10.8329,10.8329,1,1,0.001013,0.00000103
1771742589.117514,8.120000,0.010000,-0.001099,-0.049567,0.031017,1.7771,0.836212,0.152137,1.571217,0.074355,0.074355,4.2602,4.2602,1,1,0.001099,0.00000121
1771742589.127515,8.130000,0.010000,-0.001233,-0.054184,0.032736,1.8756,0.972774,0.167851,1.571410,-0.035172,-0.035172,-2.0152,-2.0152,1,1,0.001233,0.00000152
1771742589.137515,8.140000,0.010000,-0.001312,-0.048041,0.033961,1.9458,0.919657,0.178110,1.025918,-0.228632,-0.228632,-13.0997,-13.0997,1,1,0.001312,0.00000172
1771742589.147515,8.150000,0.010000,-0.001361,-0.044323,0.035123,2.0124,0.912775,0.183596,0.548612,-0.213458,-0.213458,-12.2302,-12.2302,1,1,0.001361,0.00000185
1771742589.157515,8.160000,0.010000,-0.001389,-0.041774,0.036435,2.0876,0.929163,0.184906,0.130970,-0.226135,-0.226135,-12.9566,-12.9566,1,1,0.001389,0.00000193
1771742589.167515,8.170000,0.010000,-0.001369,-0.036150,0.037403,2.1431,0.892547,0.182561,-0.234467,-0.221355,-0.221355,-12.6827,-12.6827,1,1,0.001369,0.00000187
1771742589.177515,8.180000,0.010000,-0.001321,-0.032869,0.038430,2.2019,0.899326,0.178972,-0.358942,-0.175267,-0.175267,-10.0421,-10.0421,1,1,0.001321,0.00000175
1771742589.187515,8.190000,0.010000,-0.001233,-0.028117,0.039278,2.2504,0.880797,0.179322,0.034991,-0.171844,-0.171844,-9.8460,-9.8460,1,1,0.001233,0.00000152
1771742589.197515,8.200000,0.010000,-0.001149,-0.028203,0.040759,2.3353,0.949677,0.183119,0.379683,-0.208580,-0.208580,-11.9508,-11.9508,1,1,0.001149,0.00000132
1771742589.207515,8.210000,0.010000,-0.001014,-0.022459,0.041910,2.4013,0.915244,0.189932,0.681289,-0.252039,-0.252039,-14.4408,-14.4408,1,1,0.001014,0.00000103
1771742589.217515,8.220000,0.010000,-0.000894,-0.023688,0.043902,2.5154,1.006690,0.199206,0.927395,-0.261802,-0.261802,-15.0002,-15.0002,1,1,0.000894,0.00000080
1771742589.227515,8.230000,0.010000,-0.000717,-0.017164,0.045451,2.6041,0.960550,0.205107,0.590168,-0.355510,-0.355510,-20.3692,-20.3692,1,1,0.000717,0.00000051
1771742589.237514,8.240000,0.010000,-0.000504,-0.012962,0.046950,2.6901,0.956855,0.206781,0.167331,-0.319464,-0.319464,-18.3039,-18.3039,1,1,0.000504,0.00000025
1771742589.247514,8.250000,0.010000,-0.000248,-0.008019,0.048264,2.7654,0.938967,0.204754,-0.202651,-0.288659,-0.288659,-16.5390,-16.5390,1,1,0.000248,0.00000006
1771742589.257514,8.260000,0.010000,0.000036,-0.006030,0.049562,2.8397,0.946061,0.199490,-0.526386,-0.240209,-0.240209,-13.7630,-13.7630,1,1,0.000036,0.00000000
1771742589.267514,8.270000,0.010000,0.000335,-0.004207,0.050941,2.9187,0.956621,0.191394,-0.809653,-0.206624,-0.206624,-11.8387,-11.8387,1,1,0.000335,0.00000011
1771742589.277514,8.280000,0.010000,0.000649,-0.002513,0.052427,3.0039,0.969818,0.180819,-1.057512,-0.191252,-0.191252,-10.9579,-10.9579,1,1,0.000649,0.00000042
1771742589.287514,8.290000,0.010000,0.000976,-0.000819,0.054035,3.0960,0.984391,0.168075,-1.274389,-0.177358,-0.177358,-10.1618,-10.1618,1,1,0.000976,0.00000095
1771742589.297514,8.300000,0.010000,0.001313,0.000013,0.055802,3.1972,1.006391,0.153433,-1.464156,-0.166860,-0.166860,-9.5604,-9.5604,1,1,0.001313,0.00000172
1771742589.307514,8.310000,0.010000,0.001653,0.000015,0.057777,3.3104,1.034187,0.137131,-1.630203,-0.180232,-0.180232,-10.3266,-10.3266,1,1,0.001653,0.00000273
1771742589.317514,8.320000,0.010000,0.001993,0.000017,0.059977,3.4365,1.060848,0.119376,-1.775493,-0.205951,-0.205951,-11.8001,-11.8001,1,1,0.001993,0.00000397
1771742589.327514,8.330000,0.010000,0.002334,0.000019,0.062396,3.5751,1.086889,0.100350,-1.902622,-0.221806,-0.221806,-12.7085,-12.7085,1,1,0.002334,0.00000545
1771742589.337514,8.340000,0.010000,0.002675,0.000022,0.065032,3.7261,1.112699,0.080211,-2.013860,-0.221744,-0.221744,-12.7050,-12.7050,1,1,0.002675,0.00000715
1771742589.347514,8.350000,0.010000,0.003015,0.000024,0.067885,3.8895,1.138580,0.059099,-2.111194,-0.213554,-0.213554,-12.2357,-12.2357,1,1,0.003015,0.00000909
1771742589.357514,8.360000,0.010000,0.003370,0.003491,0.069913,4.0057,0.914414,0.037136,-2.196360,-0.187527,-0.187527,-10.7445,-10.7445,1,1,0.003370,0.00001136
1771742589.367514,8.370000,0.010000,0.003714,0.000023,0.071572,4.1008,1.001306,0.014427,-2.270881,-0.128285,-0.128285,-7.3502,-7.3502,1,1,0.003714,0.00001379
1771742589.377515,8.380000,0.010000,0.004095,0.011936,0.071986,4.1245,0.627349,-0.008934,-2.336087,-0.067429,-0.067429,-3.8634,-3.8634,1,1,0.004095,0.00001677
1771742589.387515,8.390000,0.010000,0.004459,0.000020,0.072111,4.1316,0.855496,-0.032865,-2.393142,-0.062525,-0.062525,-3.5824,-3.5824,1,1,0.004459,0.00001988
1771742589.397515,8.400000,0.010000,0.004850,0.016377,0.071123,4.0750,0.399449,-0.054585,-2.171978,0.083735,0.083735,4.7976,4.7976,1,1,0.004850,0.00002352
1771742589.407515,8.410000,0.010000,0.005217,-0.000459,0.069927,4.0065,0.714202,-0.071668,-1.708337,-0.033623,-0.033623,-1.9265,-1.9265,1,1,0.005217,0.00002722
1771742589.417515,8.420000,0.010000,0.005570,0.009909,0.068344,3.9158,0.362988,-0.084880,-1.321114,0.015561,0.015561,0.8916,0.8916,1,1,0.005570,0.00003102
1771742589.427515,8.430000,0.010000,0.005886,-0.005272,0.066913,3.8338,0.680031,-0.095127,-1.024753,-0.041208,-0.041208,-2.3610,-2.3610,1,1,0.005886,0.00003464
1771742589.437515,8.440000,0.010000,0.006218,0.010928,0.064631,3.7031,0.216142,-0.105765,-1.063817,-0.027547,-0.027547,-1.5783,-1.5783,1,1,0.006218,0.00003867
1771742589.447515,8.450000,0.010000,0.006518,-0.008111,0.062356,3.5727,0.590756,-0.118288,-1.252317,0.014977,0.014977,0.8581,0.8581,1,1,0.006518,0.00004248
1771742589.457515,8.460000,0.010000,0.006812,0.006073,0.059545,3.4117,0.155812,-0.131228,-1.293964,0.029703,0.029703,1.7019,1.7019,1,1,0.006812,0.00004640
1771742589.467515,8.470000,0.010000,0.007057,-0.015095,0.056938,3.2623,0.555491,-0.142543,-1.131455,0.079585,0.079585,4.5599,4.5599,1,1,0.007057,0.00004980
1771742589.477515,8.480000,0.010000,0.007301,0.002155,0.053603,3.0712,0.054688,-0.151419,-0.887643,0.072211,0.072211,4.1374,4.1374,1,1,0.007301,0.00005331
1771742589.487514,8.490000,0.010000,0.007496,-0.021784,0.050397,2.8875,0.490733,-0.155933,-0.451354,0.100727,0.100727,5.7712,5.7712,1,1,0.007496,0.00005618
1771742589.497514,8.500000,0.010000,0.007696,-0.000694,0.047037,2.6950,0.099491,-0.156391,-0.045869,0.040223,0.040223,2.3046,2.3046,1,1,0.007696,0.00005922
1771742589.507514,8.510000,0.010000,0.007867,-0.024494,0.044109,2.5272,0.519527,-0.153302,0.308930,0.073057,0.073057,4.1859,4.1859,1,1,0.007867,0.00006189
1771742589.517514,8.520000,0.010000,0.008031,-0.006572,0.041260,2.3640,0.197191,-0.147108,0.619380,-0.003800,-0.003800,-0.2177,-0.2177,1,1,0.008031,0.00006449
1771742589.527514,8.530000,0.010000,0.008161,-0.029100,0.038929,2.2304,0.582748,-0.138198,0.891023,0.035450,0.035450,2.0312,2.0312,1,1,0.008161,0.00006660
1771742589.537514,8.540000,0.010000,0.008265,-0.016502,0.036908,2.1147,0.343606,-0.126911,1.128711,-0.134922,-0.134922,-7.7305,-7.7305,1,1,0.008265,0.00006831
1771742589.547514,8.550000,0.010000,0.008327,-0.036659,0.035471,2.0324,0.677895,-0.113544,1.336688,-0.065297,-0.065297,-3.7413,-3.7413,1,1,0.008327,0.00006935
1771742589.557514,8.560000,0.010000,0.008371,-0.024516,0.034155,1.9570,0.439356,-0.104502,0.904205,-0.268545,-0.268545,-15.3865,-15.3865,1,1,0.008371,0.00007007
1771742589.567514,8.570000,0.010000,0.008377,-0.043057,0.033299,1.9079,0.739488,-0.094883,0.961936,-0.129901,-0.129901,-7.4428,-7.4428,1,1,0.008377,0.00007017
1771742589.577514,8.580000,0.010000,0.008351,-0.035317,0.032752,1.8765,0.574116,-0.082975,1.190760,-0.271710,-0.271710,-15.5678,-15.5678,1,1,0.008351,0.00006974
1771742589.587514,8.590000,0.010000,0.008283,-0.051276,0.032706,1.8739,0.825893,-0.069065,1.390981,-0.254732,-0.254732,-14.5951,-14.5951,1,1,0.008283,0.00006861
1771742589.597514,8.600000,0.010000,0.008175,-0.047617,0.033100,1.8965,0.731292,-0.053403,1.566174,-0.276685,-0.276685,-15.8529,-15.8529,1,1,0.008175,0.00006684
1771742589.607514,8.610000,0.010000,0.008026,-0.060290,0.033993,1.9477,0.926063,-0.037702,1.570182,-0.249926,-0.249926,-14.3197,-14.3197,1,1,0.008026,0.00006442
1771742589.617514,8.620000,0.010000,0.007839,-0.059055,0.035326,2.0240,0.877205,-0.020472,1.722975,-0.157401,-0.157401,-9.0184,-9.0184,1,1,0.007839,0.00006144
1771742589.627515,8.630000,0.010000,0.007616,-0.068390,0.037082,2.1247,1.018342,-0.008886,1.158537,-0.078125,-0.078125,-4.4763,-4.4763,1,1,0.007616,0.00005800
1771742589.637515,8.640000,0.010000,0.007385,-0.062623,0.038796,2.2228,0.896893,0.001356,1.024294,-0.092413,-0.092413,-5.2949,-5.2949,1,1,0.007385,0.00005454
1771742589.647515,8.650000,0.010000,0.007139,-0.070877,0.040646,2.3288,1.027963,0.006828,0.547191,-0.142773,-0.142773,-8.1803,-8.1803,1,1,0.007139,0.00005097
1771742589.657515,8.660000,0.010000,0.006883,-0.066976,0.042589,2.4402,0.948477,0.010406,0.357775,-0.177724,-0.177724,-10.1828,-10.1828,1,1,0.006883,0.00004737
1771742589.667515,8.670000,0.010000,0.006613,-0.073411,0.044715,2.5620,1.057122,0.010046,-0.036013,-0.206187,-0.206187,-11.8136,-11.8136,1,1,0.006613,0.00004373
1771742589.677515,8.680000,0.010000,0.006382,-0.059001,0.046130,2.6431,0.802191,0.006240,-0.380577,-0.194408,-0.194408,-11.1388,-11.1388,1,1,0.006382,0.00004073
1771742589.687515,8.690000,0.010000,0.006166,-0.067457,0.047329,2.7118,0.957189,-0.000580,-0.682071,-0.090038,-0.090038,-5.1588,-5.1588,1,1,0.006166,0.00003802
1771742589.697515,8.700000,0.010000,0.005958,-0.058911,0.048440,2.7754,0.814224,-0.010039,-0.945878,-0.060097,-0.060097,-3.4433,-3.4433,1,1,0.005958,0.00003550
1771742589.707515,8.710000,0.010000,0.005749,-0.066454,0.049675,2.8462,0.960273,-0.021806,-1.176709,0.038050,0.038050,2.1801,2.1801,1,1,0.005749,0.00003305
1771742589.717515,8.720000,0.010000,0.005628,-0.039711,0.049476,2.8348,0.502088,-0.035593,-1.378686,-0.013244,-0.013244,-0.7588,-0.7588,1,1,0.005628,0.00003167
1771742589.727515,8.730000,0.010000,0.005544,-0.052742,0.048771,2.7944,0.751498,-0.051147,-1.555416,0.106056,0.106056,6.0766,6.0766,1,1,0.005544,0.00003074
1771742589.737514,8.740000,0.010000,0.005457,-0.043036,0.048255,2.7648,0.596599,-0.068248,-1.710055,0.067446,0.067446,3.8644,3.8644,1,1,0.005457,0.00002978
1771742589.747514,8.750000,0.010000,0.005359,-0.054026,0.048098,2.7558,0.809174,-0.079720,-1.147232,0.050711,0.050711,2.9055,2.9055,1,1,0.005359,0.00002872
1771742589.757514,8.760000,0.010000,0.005352,-0.023540,0.046463,2.6621,0.286244,-0.086268,-0.654762,0.020003,0.020003,1.1461,1.1461,1,1,0.005352,0.00002864
1771742589.767514,8.770000,0.010000,0.005379,-0.040390,0.044387,2.5432,0.602515,-0.088506,-0.223851,0.090905,0.090905,5.2085,5.2085,1,1,0.005379,0.00002893
1771742589.777514,8.780000,0.010000,0.005332,-0.044416,0.043725,2.5052,0.686692,-0.093956,-0.544936,0.011272,0.011272,0.6458,0.6458,1,1,0.005332,0.00002843
1771742589.787514,8.790000,0.010000,0.005337,-0.028897,0.042239,2.4201,0.423471,-0.102215,-0.825885,0.013966,0.013966,0.8002,0.8002,1,1,0.005337,0.00002848
1771742589.797514,8.800000,0.010000,0.005335,-0.043181,0.040970,2.3474,0.687549,-0.112932,-1.071715,0.065008,0.065008,3.7247,3.7247,1,1,0.005335,0.00002847
1771742589.807514,8.810000,0.010000,0.005398,-0.016312,0.038628,2.2132,0.219194,-0.123116,-1.018457,0.037504,0.037504,2.1488,2.1488,1,1,0.005398,0.00002914
1771742589.817514,8.820000,0.010000,0.005475,-0.034704,0.036095,2.0681,0.551180,-0.128537,-0.542084,0.107328,0.107328,6.1494,6.1494,1,1,0.005475,0.00002998
1771742589.827514,8.830000,0.010000,0.005504,-0.031397,0.034433,1.9729,0.492705,-0.129790,-0.125258,0.044423,0.044423,2.5452,2.5452,1,1,0.005504,0.00003029
1771742589.837514,8.840000,0.010000,0.005502,-0.041285,0.033293,1.9075,0.665519,-0.127395,0.239465,0.045292,0.045292,2.5951,2.5951,1,1,0.005502,0.00003027
1771742589.847514,8.850000,0.010000,0.005534,-0.025061,0.031507,1.8052,0.373253,-0.121809,0.558598,0.021901,0.021901,1.2549,1.2549,1,1,0.005534,0.00003063
1771742589.857514,8.860000,0.010000,0.005555,-0.040851,0.029882,1.7121,0.646644,-0.113431,0.837839,0.024043,0.024043,1.3776,1.3776,1,1,0.005555,0.00003086
1771742589.867514,8.870000,0.010000,0.005514,-0.042831,0.029271,1.6771,0.671390,-0.102609,1.082175,-0.121452,-0.121452,-6.9587,-6.9587,1,1,0.005514,0.00003041
1771742589.877515,8.880000,0.010000,0.005440,-0.049089,0.029160,1.6707,0.771267,-0.089649,1.295969,-0.202784,-0.202784,-11.6187,-11.6187,1,1,0.005440,0.00002959
1771742589.887515,8.890000,0.010000,0.005355,-0.046536,0.029144,1.6698,0.714979,-0.075943,1.370658,-0.240242,-0.240242,-13.7648,-13.7648,1,1,0.005355,0.00002867
1771742589.897515,8.900000,0.010000,0.005240,-0.055508,0.029561,1.6937,0.864011,-0.060459,1.548391,-0.243631,-0.243631,-13.9590,-13.9590,1,1,0.005240,0.00002746
1771742589.907515,8.910000,0.010000,0.005107,-0.052688,0.030222,1.7316,0.804834,-0.050401,1.005777,-0.194929,-0.194929,-11.1686,-11.1686,1,1,0.005107,0.00002609
1771742589.917515,8.920000,0.010000,0.004956,-0.059542,0.031165,1.7856,0.919729,-0.042355,0.804582,-0.222327,-0.222327,-12.7384,-12.7384,1,1,0.004956,0.00002456
1771742589.927515,8.930000,0.010000,0.004789,-0.057638,0.032324,1.8520,0.881408,-0.031824,1.053075,-0.207175,-0.207175,-11.8702,-11.8702,1,1,0.004789,0.00002293
1771742589.937515,8.940000,0.010000,0.004609,-0.062487,0.033708,1.9313,0.966425,-0.023158,0.866601,-0.186630,-0.186630,-10.6931,-10.6931,1,1,0.004609,0.00002124
1771742589.947515,8.950000,0.010000,0.004410,-0.063176,0.035429,2.0299,0.980838,-0.012085,1.107342,-0.182885,-0.182885,-10.4785,-10.4785,1,1,0.004410,0.00001945
1771742589.957515,8.960000,0.010000,0.004204,-0.064552,0.037324,2.1385,1.011830,-0.005022,0.706349,-0.095206,-0.095206,-5.4549,-5.4549,1,1,0.004204,0.00001767
1771742589.967515,8.970000,0.010000,0.004000,-0.063155,0.039260,2.2495,0.998071,0.001268,0.628923,-0.165956,-0.165956,-9.5086,-9.5086,1,1,0.004000,0.00001600
1771742589.977515,8.980000,0.010000,0.003798,-0.064406,0.041305,2.3666,1.036274,0.003847,0.257921,-0.179865,-0.179865,-10.3055,-10.3055,1,1,0.003798,0.00001442
1771742589.987514,8.990000,0.010000,0.003614,-0.059186,0.043171,2.4735,0.964011,0.006371,0.252456,-0.213974,-0.213974,-12.2598,-12.2598,1,1,0.003614,0.00001306
1771742589.997514,9.000000,0.010000,0.003444,-0.060444,0.044993,2.5779,1.011901,0.005090,-0.128167,-0.216516,-0.216516,-12.4054,-12.4054,1,1,0.003444,0.00001186
1771742590.007514,9.010000,0.010000,0.003302,-0.053252,0.046556,2.6675,0.913291,0.000478,-0.461212,-0.195533,-0.195533,-11.2032,-11.2032,1,1,0.003302,0.00001091
1771742590.017514,9.020000,0.010000,0.003179,-0.054947,0.048055,2.7533,0.977107,-0.007049,-0.752626,-0.124666,-0.124666,-7.1428,-7.1428,1,1,0.003179,0.00001011
1771742590.027514,9.030000,0.010000,0.003113,-0.040590,0.048847,2.7987,0.757734,-0.017125,-1.007614,-0.112610,-0.112610,-6.4521,-6.4521,1,1,0.003113,0.00000969
1771742590.037514,9.040000,0.010000,0.003078,-0.044948,0.049391,2.8299,0.874681,-0.029432,-1.230728,0.008796,0.008796,0.5040,0.5040,1,1,0.003078,0.00000948
1771742590.047514,9.050000,0.010000,0.003090,-0.030815,0.049442,2.8328,0.662531,-0.043691,-1.425953,0.000614,0.000614,0.0352,0.0352,1,1,0.003090,0.00000955
1771742590.057514,9.060000,0.010000,0.003126,-0.036965,0.049407,2.8308,0.812823,-0.059659,-1.596774,0.009989,0.009989,0.5723,0.5723,1,1,0.003126,0.00000977
1771742590.067514,9.070000,0.010000,0.003240,-0.013559,0.048302,2.7675,0.435149,-0.075531,-1.587141,0.062389,0.062389,3.5746,3.5746,1,1,0.003240,0.00001050
1771742590.077514,9.080000,0.010000,0.003389,-0.024360,0.046893,2.6868,0.665875,-0.088950,-1.341927,0.047997,0.047997,2.7500,2.7500,1,1,0.003389,0.00001149
1771742590.087514,9.090000,0.010000,0.003543,-0.014864,0.045701,2.6185,0.530825,-0.097201,-0.825120,0.053298,0.053298,3.0537,3.0537,1,1,0.003543,0.00001255
1771742590.097514,9.100000,0.010000,0.003690,-0.024332,0.044893,2.5722,0.730894,-0.105795,-0.859439,0.011588,0.011588,0.6639,0.6639,1,1,0.003690,0.00001362
1771742590.107514,9.110000,0.010000,0.003906,-0.000403,0.042748,2.4493,0.249090,-0.115054,-0.925866,0.054254,0.054254,3.1085,3.1085,1,1,0.003906,0.00001526
1771742590.117514,9.120000,0.010000,0.004135,-0.015934,0.040248,2.3060,0.550109,-0.126646,-1.159199,0.083854,0.083854,4.8045,4.8045,1,1,0.004135,0.00001710
1771742590.127515,9.130000,0.010000,0.004354,-0.005559,0.038075,2.1815,0.383865,-0.137880,-1.123372,0.064310,0.064310,3.6847,3.6847,1,1,0.004354,0.00001896
1771742590.137515,9.140000,0.010000,0.004551,-0.019256,0.036417,2.0865,0.640821,-0.145087,-0.720669,0.088250,0.088250,5.0564,5.0564,1,1,0.004551,0.00002072
1771742590.147515,9.150000,0.010000,0.004782,0.000004,0.033705,1.9311,0.178351,-0.147902,-0.281520,0.072872,0.072872,4.1753,4.1753,1,1,0.004782,0.00002287
1771742590.157515,9.160000,0.010000,0.004996,-0.018397,0.030816,1.7656,0.509154,-0.146874,0.102736,0.106738,0.106738,6.1156,6.1156,1,1,0.004996,0.00002496
1771742590.167515,9.170000,0.010000,0.005144,-0.018911,0.029072,1.6657,0.515090,-0.142485,0.438960,0.062715,0.062715,3.5933,3.5933,1,1,0.005144,0.00002646
1771742590.177515,9.180000,0.010000,0.005267,-0.024274,0.027718,1.5881,0.603117,-0.135153,0.733156,0.048916,0.048916,2.8027,2.8027,1,1,0.005267,0.00002774
1771742590.187515,9.190000,0.010000,0.005384,-0.021189,0.026392,1.5122,0.537945,-0.125247,0.990577,-0.019655,-0.019655,-1.1261,-1.1261,1,1,0.005384,0.00002898
1771742590.197515,9.200000,0.010000,0.005458,-0.033706,0.025719,1.4736,0.746530,-0.113089,1.215821,-0.098669,-0.098669,-5.6533,-5.6533,1,1,0.005458,0.00002979
1771742590.207515,9.210000,0.010000,0.005533,-0.023192,0.024910,1.4272,0.544469,-0.098960,1.412909,-0.208888,-0.208888,-11.9684,-11.9684,1,1,0.005533,0.00003061
1771742590.217515,9.220000,0.010000,0.005589,-0.035837,0.024284,1.3914,0.751726,-0.083107,1.585361,-0.200045,-0.200045,-11.4617,-11.4617,1,1,0.005589,0.00003124
1771742590.227515,9.230000,0.010000,0.005571,-0.043449,0.024833,1.4228,0.867276,-0.071270,1.183682,-0.274725,-0.274725,-15.7406,-15.7406,1,1,0.005571,0.00003103
1771742590.237514,9.240000,0.010000,0.005544,-0.038897,0.025356,1.4528,0.767763,-0.057422,1.384788,-0.271840,-0.271840,-15.5753,-15.5753,1,1,0.005544,0.00003074
1771742590.247514,9.250000,0.010000,0.005498,-0.047236,0.026095,1.4951,0.898137,-0.041814,1.560755,-0.253108,-0.253108,-14.5020,-14.5020,1,1,0.005498,0.00003022
1771742590.257514,9.260000,0.010000,0.005399,-0.052890,0.027614,1.5821,0.981747,-0.028549,1.326547,-0.191732,-0.191732,-10.9855,-10.9855,1,1,0.005399,0.00002915
1771742590.267514,9.270000,0.010000,0.005277,-0.053686,0.029416,1.6854,0.981995,-0.013949,1.459985,-0.159700,-0.159700,-9.1501,-9.1501,1,1,0.005277,0.00002785
1771742590.277514,9.280000,0.010000,0.005137,-0.057374,0.031450,1.8020,1.037293,-0.003096,1.085262,-0.071221,-0.071221,-4.0807,-4.0807,1,1,0.005137,0.00002639
1771742590.287514,9.290000,0.010000,0.004975,-0.059721,0.033816,1.9375,1.072826,0.009890,1.298670,-0.099178,-0.099178,-5.6825,-5.6825,1,1,0.004975,0.00002475
1771742590.297514,9.300000,0.010000,0.004804,-0.060063,0.036319,2.0809,1.077597,0.017763,0.787271,-0.009754,-0.009754,-0.5589,-0.5589,1,1,0.004804,0.00002308
1771742590.307514,9.310000,0.010000,0.004632,-0.060216,0.038864,2.2268,1.084274,0.021657,0.389415,-0.121250,-0.121250,-6.9471,-6.9471,1,1,0.004632,0.00002145
1771742590.317514,9.320000,0.010000,0.004472,-0.057309,0.041253,2.3636,1.041914,0.021574,-0.008328,-0.180773,-0.180773,-10.3575,-10.3575,1,1,0.004472,0.00002000
1771742590.327514,9.330000,0.010000,0.004321,-0.057900,0.043603,2.4982,1.066903,0.018010,-0.356353,-0.210407,-0.210407,-12.0554,-12.0554,1,1,0.004321,0.00001867
1771742590.337514,9.340000,0.010000,0.004210,-0.048226,0.045395,2.6010,0.914109,0.011402,-0.660875,-0.199010,-0.199010,-11.4025,-11.4025,1,1,0.004210,0.00001772
1771742590.347514,9.350000,0.010000,0.004119,-0.051303,0.047002,2.6930,0.992382,0.002128,-0.927331,-0.110487,-0.110487,-6.3304,-6.3304,1,1,0.004119,0.00001697
1771742590.357514,9.360000,0.010000,0.004071,-0.039136,0.048075,2.7545,0.802357,-0.009476,-1.160481,-0.110514,-0.110514,-6.3320,-6.3320,1,1,0.004071,0.00001657
1771742590.367514,9.370000,0.010000,0.004044,-0.044098,0.049002,2.8076,0.919821,-0.023121,-1.364486,0.011095,0.011095,0.6357,0.6357,1,1,0.004044,0.00001636
1771742590.377515,9.380000,0.010000,0.004083,-0.024809,0.049017,2.8085,0.607022,-0.038551,-1.542991,-0.014309,-0.014309,-0.8198,-0.8198,1,1,0.004083,0.00001667
1771742590.387515,9.390000,0.010000,0.004152,-0.033538,0.048761,2.7938,0.793469,-0.055543,-1.699183,0.006747,0.006747,0.3866,0.3866,1,1,0.004152,0.00001724
1771742590.397515,9.400000,0.010000,0.004259,-0.017601,0.048076,2.7546,0.539613,-0.068563,-1.301957,0.060617,0.060617,3.4731,3.4731,1,1,0.004259,0.00001814
1771742590.407515,9.410000,0.010000,0.004377,-0.027917,0.047425,2.7172,0.751513,-0.076464,-0.790146,0.006722,0.006722,0.3851,0.3851,1,1,0.004377,0.00001916
1771742590.417515,9.420000,0.010000,0.004523,-0.013175,0.046501,2.6643,0.515341,-0.079887,-0.342312,-0.022034,-0.022034,-1.2625,-1.2625,1,1,0.004523,0.00002046
1771742590.427515,9.430000,0.010000,0.004673,-0.024390,0.045723,2.6197,0.738571,-0.079392,0.049543,-0.065323,-0.065323,-3.7427,-3.7427,1,1,0.004673,0.00002184
1771742590.437515,9.440000,0.010000,0.004840,-0.011422,0.044822,2.5681,0.529070,-0.082449,-0.305716,-0.158244,-0.158244,-9.0667,-9.0667,1,1,0.004840,0.00002342
1771742590.447515,9.450000,0.010000,0.005002,-0.022882,0.044154,2.5299,0.751203,-0.088615,-0.616567,-0.066766,-0.066766,-3.8254,-3.8254,1,1,0.005002,0.00002502
1771742590.457515,9.460000,0.010000,0.005208,-0.003384,0.042634,2.4427,0.367296,-0.097500,-0.888562,-0.005398,-0.005398,-0.3093,-0.3093,1,1,0.005208,0.00002712
1771742590.467515,9.470000,0.010000,0.005413,-0.018562,0.041010,2.3497,0.649425,-0.108766,-1.126558,0.043181,0.043181,2.4741,2.4741,1,1,0.005413,0.00002930
1771742590.477515,9.480000,0.010000,0.005627,-0.004210,0.039266,2.2498,0.390574,-0.115133,-0.636672,0.054764,0.054764,3.1378,3.1378,1,1,0.005627,0.00003166
1771742590.487514,9.490000,0.010000,0.005824,-0.019634,0.037812,2.1664,0.668130,-0.117213,-0.208022,0.043770,0.043770,2.5078,2.5078,1,1,0.005824,0.00003391
1771742590.497514,9.500000,0.010000,0.006031,-0.004324,0.036088,2.0677,0.377104,-0.115542,0.167046,0.029759,0.029759,1.7050,1.7050,1,1,0.006031,0.00003638
1771742590.507514,9.510000,0.010000,0.006221,-0.020671,0.034579,1.9813,0.662706,-0.110590,0.495231,0.002815,0.002815,0.1613,0.1613,1,1,0.006221,0.00003870
1771742590.517514,9.520000,0.010000,0.006378,-0.015020,0.033589,1.9245,0.554135,-0.102766,0.782393,-0.114539,-0.114539,-6.5626,-6.5626,1,1,0.006378,0.00004068
1771742590.527514,9.530000,0.010000,0.006497,-0.028516,0.033185,1.9014,0.781603,-0.092429,1.033660,-0.212576,-0.212576,-12.1797,-12.1797,1,1,0.006497,0.00004220
1771742590.537514,9.540000,0.010000,0.006616,-0.017205,0.032658,1.8712,0.567954,-0.080036,1.239393,-0.304436,-0.304436,-17.4429,-17.4429,1,1,0.006616,0.00004377
1771742590.547514,9.550000,0.010000,0.006715,-0.030803,0.032362,1.8542,0.793618,-0.072681,0.735403,-0.283835,-0.283835,-16.2626,-16.2626,1,1,0.006715,0.00004510
1771742590.557514,9.560000,0.010000,0.006794,-0.024542,0.032288,1.8500,0.665940,-0.069737,0.294412,-0.290637,-0.290637,-16.6523,-16.6523,1,1,0.006794,0.00004617
1771742590.567514,9.570000,0.010000,0.006843,-0.036512,0.032607,1.8683,0.860077,-0.070652,-0.091456,-0.166448,-0.166448,-9.5368,-9.5368,1,1,0.006843,0.00004683
1771742590.577514,9.580000,0.010000,0.006929,-0.017734,0.032117,1.8402,0.510468,-0.070166,0.048571,-0.065080,-0.065080,-3.7288,-3.7288,1,1,0.006929,0.00004801
1771742590.587514,9.590000,0.010000,0.007014,-0.032903,0.031505,1.8051,0.760566,-0.066251,0.391566,-0.046565,-0.046565,-2.6680,-2.6680,1,1,0.007014,0.00004920
1771742590.597514,9.600000,0.010000,0.007020,-0.039439,0.032126,1.8407,0.855035,-0.059334,0.691686,-0.185706,-0.185706,-10.6402,-10.6402,1,1,0.007020,0.00004927
1771742590.607514,9.610000,0.010000,0.007021,-0.034702,0.032633,1.8697,0.750918,-0.049791,0.954291,-0.292024,-0.292024,-16.7317,-16.7317,1,1,0.007021,0.00004930
1771742590.617514,9.620000,0.010000,0.006994,-0.045352,0.033500,1.9194,0.919651,-0.038096,1.169509,-0.303604,-0.303604,-17.3952,-17.3952,1,1,0.006994,0.00004891
1771742590.627515,9.630000,0.010000,0.006948,-0.041045,0.034534,1.9786,0.824854,-0.029614,0.848180,-0.281422,-0.281422,-16.1243,-16.1243,1,1,0.006948,0.00004827
1771742590.637515,9.640000,0.010000,0.006877,-0.050123,0.035856,2.0544,0.968797,-0.025560,0.405367,-0.281461,-0.281461,-16.1265,-16.1265,1,1,0.006877,0.00004730
1771742590.647515,9.650000,0.010000,0.006827,-0.037890,0.036695,2.1025,0.738283,-0.025504,0.005630,-0.264371,-0.264371,-15.1473,-15.1473,1,1,0.006827,0.00004661
1771742590.657515,9.660000,0.010000,0.006773,-0.048433,0.037494,2.1482,0.912902,-0.028945,-0.344139,-0.168794,-0.168794,-9.6712,-9.6712,1,1,0.006773,0.00004588
1771742590.667515,9.670000,0.010000,0.006725,-0.038631,0.038104,2.1832,0.728870,-0.035447,-0.650188,-0.081912,-0.081912,-4.6932,-4.6932,1,1,0.006725,0.00004523
1771742590.677515,9.680000,0.010000,0.006665,-0.049174,0.038842,2.2255,0.906512,-0.044627,-0.917980,0.007043,0.007043,0.4035,0.4035,1,1,0.006665,0.00004443
1771742590.687515,9.690000,0.010000,0.006666,-0.026338,0.038454,2.2032,0.495293,-0.056150,-1.152298,0.008139,0.008139,0.4663,0.4663,1,1,0.006666,0.00004443
1771742590.697515,9.700000,0.010000,0.006680,-0.041269,0.037759,2.1635,0.752879,-0.069723,-1.357327,0.084644,0.084644,4.8497,4.8497,1,1,0.006680,0.00004463
1771742590.707515,9.710000,0.010000,0.006681,-0.032488,0.037246,2.1341,0.589085,-0.078109,-0.838595,0.021528,0.021528,1.2335,1.2335,1,1,0.006681,0.00004464
1771742590.717515,9.720000,0.010000,0.006656,-0.045670,0.037119,2.1267,0.813279,-0.081956,-0.384705,0.031638,0.031638,1.8127,1.8127,1,1,0.006656,0.00004430
1771742590.727515,9.730000,0.010000,0.006693,-0.019992,0.035803,2.0514,0.350024,-0.088813,-0.685683,0.004512,0.004512,0.2585,0.2585,1,1,0.006693,0.00004480
1771742590.737514,9.740000,0.010000,0.006742,-0.037814,0.034206,1.9599,0.655370,-0.098303,-0.949038,0.089050,0.089050,5.1022,5.1022,1,1,0.006742,0.00004546
1771742590.747514,9.750000,0.010000,0.006769,-0.028642,0.032903,1.8852,0.479577,-0.110098,-1.179474,0.008812,0.008812,0.5049,0.5049,1,1,0.006769,0.00004582
1771742590.757514,9.760000,0.010000,0.006766,-0.042900,0.031995,1.8332,0.716251,-0.123909,-1.381106,0.049400,0.049400,2.8304,2.8304,1,1,0.006766,0.00004578
1771742590.767514,9.770000,0.010000,0.006869,-0.005882,0.029076,1.6659,0.045442,-0.139485,-1.557534,0.043306,0.043306,2.4813,2.4813,1,1,0.006869,0.00004718
1771742590.777514,9.780000,0.010000,0.006996,-0.029961,0.025594,1.4665,0.451649,-0.155095,-1.561080,0.097764,0.097764,5.6015,5.6015,1,1,0.006996,0.00004894
1771742590.787514,9.790000,0.010000,0.007047,-0.028132,0.023235,1.3312,0.392095,-0.165264,-1.016879,0.069078,0.069078,3.9579,3.9579,1,1,0.007047,0.00004966
1771742590.797514,9.800000,0.010000,0.007073,-0.035375,0.021072,1.2073,0.488921,-0.170671,-0.540704,0.074958,0.074958,4.2948,4.2948,1,1,0.007073,0.00005002
1771742590.807514,9.810000,0.010000,0.007110,-0.026304,0.018415,1.0551,0.294061,-0.171912,-0.124050,0.085734,0.085734,4.9122,4.9122,1,1,0.007110,0.00005055
1771742590.817514,9.820000,0.010000,0.007093,-0.046202,0.016409,0.9402,0.606995,-0.169507,0.240522,0.077601,0.077601,4.4462,4.4462,1,1,0.007093,0.00005032
1771742590.827514,9.830000,0.010000,0.007097,-0.024936,0.013698,0.7848,0.189170,-0.163911,0.559523,0.131307,0.131307,7.5233,7.5233,1,1,0.007097,0.00005036
1771742590.837514,9.840000,0.010000,0.007078,-0.046934,0.011016,0.6312,0.532969,-0.155525,0.838648,0.080935,0.080935,4.6372,4.6372,1,1,0.007078,0.00005010
1771742590.847514,9.850000,0.010000,0.006948,-0.055287,0.009884,0.5663,0.629910,-0.144696,1.082883,0.098352,0.098352,5.6351,5.6351,1,1,0.006948,0.00004828
1771742590.857514,9.860000,0.010000,0.006786,-0.055611,0.008880,0.5088,0.583965,-0.131730,1.296589,0.047341,0.047341,2.7125,2.7125,1,1,0.006786,0.00004606
1771742590.867514,9.870000,0.010000,0.006563,-0.069664,0.008533,0.4889,0.780497,-0.116894,1.483581,-0.021283,-0.021283,-1.2194,-1.2194,1,1,0.006563,0.00004308
1771742590.877515,9.880000,0.010000,0.006314,-0.064209,0.008212,0.4705,0.632467,-0.101181,1.571330,-0.006238,-0.006238,-0.3574,-0.3574,1,1,0.006314,0.00003986
1771742590.887515,9.890000,0.010000,0.006029,-0.076704,0.008106,0.4645,0.804386,-0.083941,1.723979,-0.062406,-0.062406,-3.5756,-3.5756,1,1,0.006029,0.00003635
1771742590.897515,9.900000,0.010000,0.005681,-0.083536,0.008901,0.5100,0.899808,-0.068035,1.590594,0.014401,0.014401,0.8251,0.8251,1,1,0.005681,0.00003227
1771742590.907515,9.910000,0.010000,0.005336,-0.082864,0.009983,0.5720,0.929576,-0.050627,1.740836,0.053325,0.053325,3.0553,3.0553,1,1,0.005336,0.00002847
1771742590.917515,9.920000,0.010000,0.004993,-0.082305,0.011275,0.6460,0.951060,-0.035664,1.496312,0.129313,0.129313,7.4091,7.4091,1,1,0.004993,0.00002493
1771742590.927515,9.930000,0.010000,0.004652,-0.081829,0.012717,0.7286,0.966325,-0.021836,1.382772,0.142833,0.142833,8.1837,8.1837,1,1,0.004652,0.00002164
1771742590.937515,9.940000,0.010000,0.004312,-0.081414,0.014267,0.8174,0.976915,-0.008390,1.344626,0.175879,0.175879,10.0771,10.0771,1,1,0.004312,0.00001860
1771742590.947515,9.950000,0.010000,0.003975,-0.081045,0.015891,0.9105,0.983985,0.002359,1.074881,0.213494,0.213494,12.2323,12.2323,1,1,0.003975,0.00001580
1771742590.957515,9.960000,0.010000,0.003638,-0.080709,0.017566,1.0064,0.988401,0.015255,1.289587,0.196918,0.196918,11.2826,11.2826,1,1,0.003638,0.00001324
1771742590.967515,9.970000,0.010000,0.003303,-0.080399,0.019271,1.1041,0.990806,0.023465,0.820998,0.265068,0.265068,15.1873,15.1873,1,1,0.003303,0.00001091
1771742590.977515,9.980000,0.010000,0.002969,-0.080106,0.020993,1.2028,0.991684,0.032826,0.936088,0.197127,0.197127,11.2946,11.2946,1,1,0.002969,0.00000882
1771742590.987514,9.990000,0.010000,0.002637,-0.079826,0.022722,1.3018,0.991393,0.037526,0.470011,0.240594,0.240594,13.7850,13.7850,1,1,0.002637,0.00000695
1771742590.997514,10.000000,0.010000,0.002307,-0.079416,0.024441,1.4004,0.989451,0.038148,0.062194,0.154399,0.154399,8.8464,8.8464,1,1,0.002307,0.00000532
1771742591.007514,10.010000,0.010000,0.001982,-0.078667,0.026130,1.4971,0.985109,0.035201,-0.294647,0.096493,0.096493,5.5286,5.5286,1,1,0.001982,0.00000393
1771742591.017514,10.020000,0.010000,0.001666,-0.077430,0.027763,1.5907,0.978142,0.029133,-0.606882,0.082447,0.082447,4.7239,4.7239,1,1,0.001666,0.00000278
1771742591.027514,10.030000,0.010000,0.001364,-0.075796,0.029327,1.6803,0.969706,0.027291,-0.184148,0.065074,0.065074,3.7285,3.7285,1,1,0.001364,0.00000186
1771742591.037514,10.040000,0.010000,0.001077,-0.073827,0.030814,1.7655,0.960517,0.029170,0.187937,0.061469,0.061469,3.5219,3.5219,1,1,0.001077,0.00000116
1771742591.047514,10.050000,0.010000,0.000809,-0.071554,0.032222,1.8462,0.950992,0.034305,0.513510,0.039184,0.039184,2.2451,2.2451,1,1,0.000809,0.00000065
1771742591.057514,10.060000,0.010000,0.000561,-0.069017,0.033549,1.9222,0.941498,0.042289,0.798387,0.072159,0.072159,4.1344,4.1344,1,1,0.000561,0.00000031
1771742591.067514,10.070000,0.010000,0.000336,-0.066250,0.034799,1.9938,0.932324,0.052766,1.047655,0.151767,0.151767,8.6956,8.6956,1,1,0.000336,0.00000011
1771742591.077514,10.080000,0.010000,0.000135,-0.063285,0.035976,2.0612,0.923683,0.065424,1.265764,0.209783,0.209783,12.0197,12.0197,1,1,0.000135,0.00000002
1771742591.087514,10.090000,0.010000,-0.000040,-0.060149,0.037084,2.1248,0.915742,0.079990,1.456609,0.205237,0.205237,11.7592,11.7592,1,1,0.000040,0.00000000
1771742591.097514,10.100000,0.010000,-0.000188,-0.056870,0.038131,2.1848,0.908630,0.096226,1.623599,0.187047,0.187047,10.7170,10.7170,1,1,0.000188,0.00000004
1771742591.107514,10.110000,0.010000,-0.000307,-0.053476,0.039125,2.2417,0.902486,0.108838,1.261269,0.115979,0.115979,6.6451,6.6451,1,1,0.000307,0.00000009
1771742591.117514,10.120000,0.010000,-0.000398,-0.049992,0.040075,2.2961,0.897430,0.123365,1.452677,0.022677,0.022677,1.2993,1.2993,1,1,0.000398,0.00000016
1771742591.127515,10.130000,0.010000,-0.000460,-0.046443,0.040990,2.3485,0.893565,0.132585,0.922026,-0.087563,-0.087563,-5.0170,-5.0170,1,1,0.000460,0.00000021
1771742591.137515,10.140000,0.010000,-0.000491,-0.042853,0.041880,2.3996,0.890975,0.137162,0.457707,-0.139054,-0.139054,-7.9672,-7.9672,1,1,0.000491,0.00000024
1771742591.147515,10.150000,0.010000,-0.000493,-0.039244,0.042758,2.4498,0.889737,0.137677,0.051428,-0.171781,-0.171781,-9.8423,-9.8423,1,1,0.000493,0.00000024
1771742591.157515,10.160000,0.010000,-0.000464,-0.035638,0.043633,2.5000,0.889911,0.134636,-0.304067,-0.182352,-0.182352,-10.4480,-10.4480,1,1,0.000464,0.00000022
1771742591.167515,10.170000,0.010000,-0.000406,-0.032053,0.044520,2.5508,0.891553,0.128485,-0.615124,-0.156268,-0.156268,-8.9535,-8.9535,1,1,0.000406,0.00000016
1771742591.177515,10.180000,0.010000,-0.000317,-0.028507,0.045429,2.6029,0.894703,0.119612,-0.887299,-0.137163,-0.137163,-7.8589,-7.8589,1,1,0.000317,0.00000010
1771742591.187515,10.190000,0.010000,-0.000200,-0.025016,0.046374,2.6571,0.899397,0.113680,-0.593164,-0.132836,-0.132836,-7.6110,-7.6110,1,1,0.000200,0.00000004
1771742591.197515,10.200000,0.010000,-0.000054,-0.021595,0.047368,2.7140,0.905660,0.111981,-0.169953,-0.188234,-0.188234,-10.7850,-10.7850,1,1,0.000054,0.00000000
1771742591.207515,10.210000,0.010000,0.000120,-0.018256,0.048424,2.7745,0.913510,0.113984,0.200357,-0.237501,-0.237501,-13.6078,-13.6078,1,1,0.000120,0.00000001
1771742591.217515,10.220000,0.010000,0.000321,-0.015008,0.049556,2.8393,0.922954,0.119228,0.524378,-0.275689,-0.275689,-15.7958,-15.7958,1,1,0.000321,0.00000010
1771742591.227515,10.230000,0.010000,0.000549,-0.011864,0.050776,2.9093,0.934021,0.127307,0.807897,-0.301035,-0.301035,-17.2480,-17.2480,1,1,0.000549,0.00000030
1771742591.237514,10.240000,0.010000,0.000797,-0.010094,0.052129,2.9868,0.953833,0.130885,0.357844,-0.323723,-0.323723,-18.5479,-18.5479,1,1,0.000797,0.00000064
1771742591.247514,10.250000,0.010000,0.001057,-0.008859,0.053654,3.0741,0.975906,0.130526,-0.035952,-0.299589,-0.299589,-17.1652,-17.1652,1,1,0.001057,0.00000112
1771742591.257514,10.260000,0.010000,0.001328,-0.007616,0.055356,3.1717,0.996928,0.126721,-0.380524,-0.276447,-0.276447,-15.8393,-15.8393,1,1,0.001328,0.00000176
1771742591.267514,10.270000,0.010000,0.001610,-0.006387,0.057231,3.2791,1.017584,0.119900,-0.682025,-0.258151,-0.258151,-14.7910,-14.7910,1,1,0.001610,0.00000259
1771742591.277514,10.280000,0.010000,0.001901,-0.005181,0.059278,3.3964,1.038296,0.110442,-0.945837,-0.240838,-0.240838,-13.7990,-13.7990,1,1,0.001901,0.00000361
1771742591.287514,10.290000,0.010000,0.002203,-0.004009,0.061501,3.5238,1.059408,0.098675,-1.176674,-0.248213,-0.248213,-14.2216,-14.2216,1,1,0.002203,0.00000485
1771742591.297514,10.300000,0.010000,0.002513,-0.002867,0.063905,3.6615,1.081088,0.084889,-1.378655,-0.251180,-0.251180,-14.3915,-14.3915,1,1,0.002513,0.00000632
1771742591.307514,10.310000,0.010000,0.002834,-0.001755,0.066495,3.8099,1.103489,0.069335,-1.555389,-0.248196,-0.248196,-14.2206,-14.2206,1,1,0.002834,0.00000803
1771742591.317514,10.320000,0.010000,0.003166,0.000023,0.069095,3.9588,1.082511,0.052235,-1.710031,-0.237176,-0.237176,-13.5892,-13.5892,1,1,0.003166,0.00001002
1771742591.327514,10.330000,0.010000,0.003503,0.000021,0.071125,4.0752,0.957588,0.033781,-1.845343,-0.218454,-0.218454,-12.5165,-12.5165,1,1,0.003503,0.00001227
1771742591.337514,10.340000,0.010000,0.003834,0.000021,0.072607,4.1601,0.921664,0.014144,-1.963741,-0.172661,-0.172661,-9.8928,-9.8928,1,1,0.003834,0.00001470
1771742591.347514,10.350000,0.010000,0.004162,0.000017,0.073444,4.2081,0.791341,-0.006530,-2.067339,-0.122819,-0.122819,-7.0370,-7.0370,1,1,0.004162,0.00001732
1771742591.357514,10.360000,0.010000,0.004483,0.000017,0.073713,4.2235,0.755728,-0.028110,-2.157988,-0.040580,-0.040580,-2.3251,-2.3251,1,1,0.004483,0.00002010
1771742591.367514,10.370000,0.010000,0.004801,0.000013,0.073321,4.2010,0.621799,-0.050483,-2.237305,0.001209,0.001209,0.0693,0.0693,1,1,0.004801,0.00002305
1771742591.377515,10.380000,0.010000,0.005112,0.000013,0.072353,4.1455,0.588279,-0.073550,-2.306708,0.002397,0.002397,0.1373,0.1373,1,1,0.005112,0.00002613
1771742591.387515,10.390000,0.010000,0.005421,0.000010,0.070717,4.0518,0.452027,-0.097224,-2.367435,0.027716,0.027716,1.5880,1.5880,1,1,0.005421,0.00002938
1771742591.397515,10.400000,0.010000,0.005722,0.000010,0.068633,3.9324,0.451570,-0.117340,-2.011591,0.039099,0.039099,2.2402,2.2402,1,1,0.005722,0.00003274
1771742591.407515,10.410000,0.010000,0.006022,0.000008,0.066132,3.7891,0.349555,-0.132777,-1.543723,0.044535,0.044535,2.5517,2.5517,1,1,0.006022,0.00003626
1771742591.417515,10.420000,0.010000,0.006316,0.000008,0.063347,3.6295,0.361723,-0.147207,-1.442949,0.031547,0.031547,1.8075,1.8075,1,1,0.006316,0.00003989
1771742591.427515,10.430000,0.010000,0.006609,0.000006,0.060229,3.4509,0.269682,-0.160203,-1.299662,0.043052,0.043052,2.4667,2.4667,1,1,0.006609,0.00004368
1771742591.437515,10.440000,0.010000,0.006894,-0.000718,0.056959,3.2635,0.306115,-0.171202,-1.099907,0.065363,0.065363,3.7450,3.7450,1,1,0.006894,0.00004753
1771742591.447515,10.450000,0.010000,0.007180,0.000006,0.053449,3.0624,0.217122,-0.179449,-0.824673,0.063206,0.063206,3.6215,3.6215,1,1,0.007180,0.00005155
1771742591.457515,10.460000,0.010000,0.007439,-0.006000,0.050145,2.8731,0.337044,-0.184325,-0.487559,0.070130,0.070130,4.0182,4.0182,1,1,0.007439,0.00005533
1771742591.467515,10.470000,0.010000,0.007701,0.000005,0.046468,2.6624,0.148779,-0.185100,-0.077548,0.059063,0.059063,3.3841,3.3841,1,1,0.007701,0.00005931
1771742591.477515,10.480000,0.010000,0.007884,-0.022873,0.043837,2.5117,0.551365,-0.182288,0.281211,0.065369,0.065369,3.7454,3.7454,1,1,0.007884,0.00006216
1771742591.487514,10.490000,0.010000,0.008084,0.000253,0.039942,2.2885,-0.079882,-0.176337,0.595126,0.023191,0.023191,1.3288,1.3288,1,1,0.008084,0.00006535
1771742591.497514,10.500000,0.010000,0.008235,-0.027899,0.035952,2.0599,0.404539,-0.167639,0.869801,0.045544,0.045544,2.6095,2.6095,1,1,0.008235,0.00006781
1771742591.507514,10.510000,0.010000,0.008278,-0.030499,0.033680,1.9297,0.428764,-0.156537,1.110141,0.014452,0.014452,0.8280,0.8280,1,1,0.008278,0.00006852
1771742591.517514,10.520000,0.010000,0.008275,-0.038977,0.032002,1.8336,0.552284,-0.143333,1.320440,-0.018158,-0.018158,-1.0404,-1.0404,1,1,0.008275,0.00006848
1771742591.527514,10.530000,0.010000,0.008254,-0.036374,0.030423,1.7431,0.477646,-0.128289,1.504451,-0.111801,-0.111801,-6.4057,-6.4057,1,1,0.008254,0.00006813
1771742591.537514,10.540000,0.010000,0.008166,-0.054062,0.029754,1.7048,0.757873,-0.111634,1.665460,-0.111594,-0.111594,-6.3939,-6.3939,1,1,0.008166,0.00006669
1771742591.547514,10.550000,0.010000,0.008080,-0.039113,0.028781,1.6490,0.461897,-0.093736,1.789762,-0.208580,-0.208580,-11.9508,-11.9508,1,1,0.008080,0.00006529
1771742591.557514,10.560000,0.010000,0.007969,-0.056940,0.027991,1.6037,0.743801,-0.076638,1.709860,-0.069943,-0.069943,-4.0074,-4.0074,1,1,0.007969,0.00006351
1771742591.567514,10.570000,0.010000,0.007749,-0.068463,0.028836,1.6522,0.912297,-0.058888,1.775011,-0.237622,-0.237622,-13.6147,-13.6147,1,1,0.007749,0.00006004
1771742591.577514,10.580000,0.010000,0.007527,-0.059090,0.029419,1.6856,0.714806,-0.043626,1.526174,-0.138545,-0.138545,-7.9380,-7.9380,1,1,0.007527,0.00005666
1771742591.587514,10.590000,0.010000,0.007286,-0.071281,0.030113,1.7253,0.901362,-0.029406,1.421954,-0.154533,-0.154533,-8.8541,-8.8541,1,1,0.007286,0.00005308
1771742591.597514,10.600000,0.010000,0.006969,-0.079416,0.031900,1.8277,1.017964,-0.018348,1.105871,-0.079685,-0.079685,-4.5656,-4.5656,1,1,0.006969,0.00004857
1771742591.607514,10.610000,0.010000,0.006663,-0.073504,0.033612,1.9258,0.928059,-0.007883,1.046456,-0.051568,-0.051568,-2.9546,-2.9546,1,1,0.006663,0.00004439
1771742591.617514,10.620000,0.010000,0.006337,-0.080250,0.035525,2.0355,1.030562,-0.002217,0.566583,-0.062302,-0.062302,-3.5696,-3.5696,1,1,0.006337,0.00004015
1771742591.627515,10.630000,0.010000,0.006014,-0.077442,0.037582,2.1533,1.006925,0.003753,0.597019,-0.122645,-0.122645,-7.0270,-7.0270,1,1,0.006014,0.00003617
1771742591.637515,10.640000,0.010000,0.005690,-0.077719,0.039643,2.2714,1.011411,0.005486,0.173326,-0.115233,-0.115233,-6.6024,-6.6024,1,1,0.005690,0.00003238
1771742591.647515,10.650000,0.010000,0.005379,-0.074634,0.041500,2.3778,0.961102,0.003512,-0.197406,-0.164747,-0.164747,-9.4393,-9.4393,1,1,0.005379,0.00002893
1771742591.657515,10.660000,0.010000,0.005073,-0.075896,0.043304,2.4812,0.989619,-0.001706,-0.521796,-0.106830,-0.106830,-6.1209,-6.1209,1,1,0.005073,0.00002574
1771742591.667515,10.670000,0.010000,0.004806,-0.065905,0.044500,2.5497,0.823583,-0.009762,-0.805637,-0.059331,-0.059331,-3.3994,-3.3994,1,1,0.004806,0.00002310
1771742591.677515,10.680000,0.010000,0.004551,-0.071656,0.045623,2.6140,0.942432,-0.020302,-1.053998,0.047063,0.047063,2.6965,2.6965,1,1,0.004551,0.00002071
1771742591.687515,10.690000,0.010000,0.004335,-0.058157,0.046214,2.6479,0.722616,-0.026507,-0.620513,0.019890,0.019890,1.1396,1.1396,1,1,0.004335,0.00001879
1771742591.697515,10.700000,0.010000,0.004137,-0.065101,0.046675,2.6743,0.870053,-0.035427,-0.892015,0.036861,0.036861,2.1120,2.1120,1,1,0.004137,0.00001711
1771742591.707515,10.710000,0.010000,0.003976,-0.051106,0.046690,2.6751,0.646899,-0.046723,-1.129579,0.030096,0.030096,1.7244,1.7244,1,1,0.003976,0.00001580
1771742591.717515,10.720000,0.010000,0.003831,-0.058958,0.046648,2.6727,0.814858,-0.060098,-1.337447,0.083860,0.083860,4.8048,4.8048,1,1,0.003831,0.00001467
1771742591.727515,10.730000,0.010000,0.003735,-0.041320,0.045972,2.6340,0.529664,-0.068310,-0.821200,0.041069,0.041069,2.3531,2.3531,1,1,0.003735,0.00001395
1771742591.737514,10.740000,0.010000,0.003659,-0.051088,0.045181,2.5887,0.733356,-0.072005,-0.369485,0.076306,0.076306,4.3720,4.3720,1,1,0.003659,0.00001339
1771742591.747514,10.750000,0.010000,0.003569,-0.046987,0.044883,2.5716,0.688916,-0.071747,0.025767,0.005589,0.005589,0.3202,0.3202,1,1,0.003569,0.00001274
1771742591.757514,10.760000,0.010000,0.003487,-0.048932,0.044698,2.5610,0.752742,-0.075012,-0.326520,-0.064109,-0.064109,-3.6731,-3.6731,1,1,0.003487,0.00001216
1771742591.767514,10.770000,0.010000,0.003451,-0.036696,0.043933,2.5172,0.564124,-0.080040,-0.502762,-0.007761,-0.007761,-0.4447,-0.4447,1,1,0.003451,0.00001191
1771742591.777514,10.780000,0.010000,0.003421,-0.045418,0.043304,2.4812,0.748838,-0.087929,-0.788983,0.039598,0.039598,2.2688,2.2688,1,1,0.003421,0.00001170
1771742591.787514,10.790000,0.010000,0.003436,-0.027843,0.042101,2.4122,0.463625,-0.091342,-0.341294,0.014704,0.014704,0.8425,0.8425,1,1,0.003436,0.00001181
1771742591.797514,10.800000,0.010000,0.003467,-0.038527,0.040845,2.3403,0.681056,-0.090838,0.050434,0.051201,0.051201,2.9336,2.9336,1,1,0.003467,0.00001202
1771742591.807514,10.810000,0.010000,0.003467,-0.037598,0.040349,2.3119,0.688765,-0.086906,0.393195,-0.037049,-0.037049,-2.1228,-2.1228,1,1,0.003467,0.00001202
1771742591.817514,10.820000,0.010000,0.003461,-0.040090,0.040162,2.3011,0.756721,-0.079975,0.693112,-0.145767,-0.145767,-8.3518,-8.3518,1,1,0.003461,0.00001198
1771742591.827514,10.830000,0.010000,0.003461,-0.036836,0.040055,2.2950,0.721869,-0.070420,0.955539,-0.258136,-0.258136,-14.7901,-14.7901,1,1,0.003461,0.00001198
1771742591.837514,10.840000,0.010000,0.003449,-0.042595,0.040358,2.3124,0.847620,-0.058568,1.185162,-0.309043,-0.309043,-17.7069,-17.7069,1,1,0.003449,0.00001190
1771742591.847514,10.850000,0.010000,0.003432,-0.039519,0.040948,2.3462,0.816112,-0.044707,1.386083,-0.307231,-0.307231,-17.6030,-17.6030,1,1,0.003432,0.00001178
1771742591.857514,10.860000,0.010000,0.003409,-0.043390,0.041828,2.3966,0.909599,-0.033985,1.072198,-0.281281,-0.281281,-16.1162,-16.1162,1,1,0.003409,0.00001162
1771742591.867514,10.870000,0.010000,0.003376,-0.043192,0.043112,2.4701,0.931821,-0.021113,1.287239,-0.295117,-0.295117,-16.9090,-16.9090,1,1,0.003376,0.00001140
1771742591.877515,10.880000,0.010000,0.003346,-0.042941,0.044572,2.5538,0.955265,-0.013340,0.777268,-0.261859,-0.261859,-15.0034,-15.0034,1,1,0.003346,0.00001120
1771742591.887515,10.890000,0.010000,0.003332,-0.039536,0.045986,2.6348,0.924869,-0.010030,0.331044,-0.302133,-0.302133,-17.3109,-17.3109,1,1,0.003332,0.00001110
1771742591.897515,10.900000,0.010000,0.003327,-0.040554,0.047515,2.7224,0.975700,-0.009746,0.028355,-0.297665,-0.297665,-17.0550,-17.0550,1,1,0.003327,0.00001107
1771742591.907515,10.910000,0.010000,0.003348,-0.033870,0.048864,2.7997,0.891356,-0.006007,0.373877,-0.265166,-0.265166,-15.1929,-15.1929,1,1,0.003348,0.00001121
1771742591.917515,10.920000,0.010000,0.003384,-0.035999,0.050250,2.8791,0.966225,-0.003418,0.258897,-0.324161,-0.324161,-18.5731,-18.5731,1,1,0.003384,0.00001145
1771742591.927515,10.930000,0.010000,0.003422,-0.034197,0.051913,2.9744,0.972541,0.002338,0.575600,-0.322213,-0.322213,-18.4614,-18.4614,1,1,0.003422,0.00001171
1771742591.937515,10.940000,0.010000,0.003481,-0.030861,0.053527,3.0669,0.953630,0.003883,0.154584,-0.348936,-0.348936,-19.9926,-19.9926,1,1,0.003481,0.00001212
1771742591.947515,10.950000,0.010000,0.003565,-0.028200,0.055064,3.1549,0.948671,0.001745,-0.213804,-0.328527,-0.328527,-18.8232,-18.8232,1,1,0.003565,0.00001271
1771742591.957515,10.960000,0.010000,0.003686,-0.021777,0.056298,3.2256,0.878228,-0.003616,-0.536145,-0.291832,-0.291832,-16.7208,-16.7208,1,1,0.003686,0.00001358
1771742591.967515,10.970000,0.010000,0.003831,-0.021523,0.057474,3.2930,0.918640,-0.011798,-0.818193,-0.256769,-0.256769,-14.7118,-14.7118,1,1,0.003831,0.00001468
1771742591.977515,10.980000,0.010000,0.004035,-0.007972,0.057896,3.3172,0.703821,-0.022448,-1.064984,-0.213765,-0.213765,-12.2479,-12.2479,1,1,0.004035,0.00001628
1771742591.987514,10.990000,0.010000,0.004258,-0.014560,0.058286,3.3395,0.865631,-0.035257,-1.280927,-0.123707,-0.123707,-7.0879,-7.0879,1,1,0.004258,0.00001813
1771742591.997514,11.000000,0.010000,0.004520,0.000011,0.057834,3.3137,0.530199,-0.049956,-1.469877,-0.060110,-0.060110,-3.4440,-3.4440,1,1,0.004520,0.00002043
1771742592.007514,11.010000,0.010000,0.004783,-0.010656,0.057224,3.2787,0.760494,-0.066308,-1.635208,-0.051060,-0.051060,-2.9255,-2.9255,1,1,0.004783,0.00002288
1771742592.017514,11.020000,0.010000,0.005055,0.000008,0.055977,3.2072,0.418488,-0.084107,-1.779873,0.047427,0.047427,2.7173,2.7173,1,1,0.005055,0.00002556
1771742592.027514,11.030000,0.010000,0.005299,-0.013649,0.054738,3.1362,0.694560,-0.103171,-1.906455,0.033594,0.033594,1.9248,1.9248,1,1,0.005299,0.00002808
1771742592.037514,11.040000,0.010000,0.005577,0.005736,0.052189,2.9902,0.154531,-0.123343,-2.017214,0.110658,0.110658,6.3402,6.3402,1,1,0.005577,0.00003111
1771742592.047514,11.050000,0.010000,0.005830,-0.013852,0.049377,2.8291,0.526586,-0.144485,-2.114128,0.113126,0.113126,6.4816,6.4816,1,1,0.005830,0.00003399
1771742592.057514,11.060000,0.010000,0.006075,0.000147,0.045949,2.6327,0.075862,-0.166474,-2.198928,0.068575,0.068575,3.9291,3.9291,1,1,0.006075,0.00003691
1771742592.067514,11.070000,0.010000,0.006266,-0.021821,0.042673,2.4450,0.476617,-0.189205,-2.273128,0.080406,0.080406,4.6069,4.6069,1,1,0.006266,0.00003926
1771742592.077514,11.080000,0.010000,0.006488,0.003630,0.037953,2.1745,-0.195538,-0.206620,-1.741526,0.047147,0.047147,2.7013,2.7013,1,1,0.006488,0.00004209
1771742592.087514,11.090000,0.010000,0.006664,-0.024872,0.033111,1.8971,0.307328,-0.218368,-1.174770,0.009837,0.009837,0.5636,0.5636,1,1,0.006664,0.00004441
1771742592.097514,11.100000,0.010000,0.006829,-0.004830,0.028387,1.6265,-0.058613,-0.225157,-0.678858,0.042422,0.042422,2.4306,2.4306,1,1,0.006829,0.00004664
1771742592.107514,11.110000,0.010000,0.006951,-0.031028,0.024289,1.3917,0.385131,-0.227606,-0.244935,0.032918,0.032918,1.8860,1.8860,1,1,0.006951,0.00004831
1771742592.117514,11.120000,0.010000,0.007096,-0.003817,0.019506,1.1176,-0.134627,-0.226259,0.134748,0.081767,0.081767,4.6849,4.6849,1,1,0.007096,0.00005035
1771742592.127515,11.130000,0.010000,0.007211,-0.032272,0.014953,0.8567,0.334181,-0.221589,0.466970,0.020018,0.020018,1.1469,1.1469,1,1,0.007211,0.00005200
1771742592.137515,11.140000,0.010000,0.007246,-0.028164,0.011457,0.6564,0.217882,-0.214012,0.757665,0.110073,0.110073,6.3067,6.3067,1,1,0.007246,0.00005250
1771742592.147515,11.150000,0.010000,0.007202,-0.049859,0.008951,0.5128,0.551482,-0.203892,1.012023,0.085675,0.085675,4.9088,4.9088,1,1,0.007202,0.00005187
1771742592.157515,11.160000,0.010000,0.007180,-0.026526,0.005607,0.3213,0.085792,-0.191546,1.234586,0.164815,0.164815,9.4432,9.4432,1,1,0.007180,0.00005156
1771742592.167515,11.170000,0.010000,0.007134,-0.050809,0.002248,0.1288,0.457880,-0.177253,1.429328,0.049246,0.049246,2.8216,2.8216,1,1,0.007134,0.00005090
1771742592.177515,11.180000,0.010000,0.006932,-0.067890,0.001120,0.0642,0.695701,-0.161256,1.599728,0.118165,0.118165,6.7704,6.7704,1,1,0.006932,0.00004805
1771742592.187515,11.190000,0.010000,0.006720,-0.055686,-0.000392,-0.0225,0.415230,-0.143767,1.748828,0.094365,0.094365,5.4067,5.4067,1,1,0.006720,0.00004516
1771742592.197515,11.200000,0.010000,0.006474,-0.073139,-0.001834,-0.1051,0.659711,-0.124974,1.879290,0.107659,0.107659,6.1684,6.1684,1,1,0.006474,0.00004192
1771742592.207515,11.210000,0.010000,0.006120,-0.085090,-0.001860,-0.1066,0.810099,-0.105040,1.993445,0.059313,0.059313,3.3984,3.3984,1,1,0.006120,0.00003745
1771742592.217515,11.220000,0.010000,0.005769,-0.084259,-0.001489,-0.0853,0.851489,-0.090680,1.435957,0.095889,0.095889,5.4940,5.4940,1,1,0.005769,0.00003328
1771742592.227515,11.230000,0.010000,0.005420,-0.083586,-0.000829,-0.0475,0.881221,-0.074625,1.605528,0.077185,0.077185,4.4224,4.4224,1,1,0.005420,0.00002938
1771742592.237514,11.240000,0.010000,0.005074,-0.083032,0.000037,0.0021,0.902192,-0.061182,1.344286,0.094522,0.094522,5.4157,5.4157,1,1,0.005074,0.00002575
1771742592.247514,11.250000,0.010000,0.004730,-0.082566,0.001048,0.0600,0.916566,-0.045929,1.525316,0.113739,0.113739,6.5168,6.5168,1,1,0.004730,0.00002238
1771742592.257514,11.260000,0.010000,0.004388,-0.082166,0.002155,0.1235,0.925962,-0.036073,0.985586,0.157836,0.157836,9.0434,9.0434,1,1,0.004388,0.00001925
1771742592.267514,11.270000,0.010000,0.004047,-0.081814,0.003325,0.1905,0.931592,-0.023959,1.211453,0.149827,0.149827,8.5845,8.5845,1,1,0.004047,0.00001638
1771742592.277514,11.280000,0.010000,0.003707,-0.081499,0.004531,0.2596,0.934360,-0.010254,1.370425,0.177227,0.177227,10.1544,10.1544,1,1,0.003707,0.00001374
1771742592.287514,11.290000,0.010000,0.003369,-0.081210,0.005753,0.3296,0.934941,0.005227,1.548187,0.245710,0.245710,14.0781,14.0781,1,1,0.003369,0.00001135
1771742592.297514,11.300000,0.010000,0.003032,-0.080942,0.006974,0.3996,0.933837,0.015283,1.005598,0.321948,0.321948,18.4462,18.4462,1,1,0.003032,0.00000919
1771742592.307514,11.310000,0.010000,0.002695,-0.080688,0.008184,0.4689,0.931423,0.027573,1.228964,0.265140,0.265140,15.1914,15.1914,1,1,0.002695,0.00000726
1771742592.317514,11.320000,0.010000,0.002360,-0.080445,0.009373,0.5370,0.927979,0.035922,0.834903,0.323264,0.323264,18.5217,18.5217,1,1,0.002360,0.00000557
1771742592.327514,11.330000,0.010000,0.002026,-0.080210,0.010533,0.6035,0.923710,0.044889,0.896713,0.277602,0.277602,15.9054,15.9054,1,1,0.002026,0.00000410
1771742592.337514,11.340000,0.010000,0.001693,-0.079981,0.011659,0.6680,0.918770,0.049245,0.435558,0.301270,0.301270,17.2615,17.2615,1,1,0.001693,0.00000286
1771742592.347514,11.350000,0.010000,0.001361,-0.079689,0.012742,0.7301,0.912914,0.055075,0.583050,0.244051,0.244051,13.9831,13.9831,1,1,0.001361,0.00000185
1771742592.357514,11.360000,0.010000,0.001032,-0.079239,0.013771,0.7890,0.905779,0.057839,0.276374,0.272817,0.272817,15.6313,15.6313,1,1,0.001032,0.00000107
1771742592.367514,11.370000,0.010000,0.000710,-0.078381,0.014724,0.8436,0.896283,0.062424,0.458536,0.241553,0.241553,13.8400,13.8400,1,1,0.000710,0.00000050
1771742592.377515,11.380000,0.010000,0.000397,-0.077166,0.015587,0.8931,0.885240,0.068839,0.641430,0.264668,0.264668,15.1644,15.1644,1,1,0.000397,0.00000016
1771742592.387515,11.390000,0.010000,0.000096,-0.075654,0.016352,0.9369,0.873323,0.077942,0.910317,0.301266,0.301266,17.2613,17.2613,1,1,0.000096,0.00000001
1771742592.397515,11.400000,0.010000,-0.000191,-0.073884,0.017014,0.9748,0.860932,0.086928,0.898569,0.330570,0.330570,18.9403,18.9403,1,1,0.000191,0.00000004
1771742592.407515,11.410000,0.010000,-0.000461,-0.071892,0.017571,1.0067,0.848364,0.098215,1.128744,0.327770,0.327770,18.7798,18.7798,1,1,0.000461,0.00000021
1771742592.417515,11.420000,0.010000,-0.000714,-0.069705,0.018024,1.0327,0.835849,0.111582,1.336717,0.327195,0.327195,18.7469,18.7469,1,1,0.000714,0.00000051
1771742592.427515,11.430000,0.010000,-0.000947,-0.067356,0.018374,1.0528,0.823599,0.126769,1.518693,0.313091,0.313091,17.9388,17.9388,1,1,0.000947,0.00000090
1771742592.437515,11.440000,0.010000,-0.001196,-0.068765,0.019280,1.1046,0.881908,0.143548,1.677923,0.277380,0.277380,15.8927,15.8927,1,1,0.001196,0.00000143
1771742592.447515,11.450000,0.010000,-0.001445,-0.068435,0.020482,1.1736,0.912678,0.161721,1.817248,0.220450,0.220450,12.6309,12.6309,1,1,0.001445,0.00000209
1771742592.457515,11.460000,0.010000,-0.001704,-0.069102,0.022188,1.2713,0.965592,0.176206,1.448512,0.077241,0.077241,4.4256,4.4256,1,1,0.001704,0.00000290
1771742592.467515,11.470000,0.010000,-0.001949,-0.067260,0.024023,1.3764,0.978424,0.191839,1.563301,-0.047868,-0.047868,-2.7426,-2.7426,1,1,0.001949,0.00000380
1771742592.477515,11.480000,0.010000,-0.002196,-0.067026,0.026301,1.5069,1.025161,0.202027,1.018822,-0.198078,-0.198078,-11.3490,-11.3490,1,1,0.002196,0.00000482
1771742592.487514,11.490000,0.010000,-0.002396,-0.061586,0.028204,1.6159,0.984271,0.210876,0.884877,-0.251352,-0.251352,-14.4014,-14.4014,1,1,0.002396,0.00000574
1771742592.497514,11.500000,0.010000,-0.002625,-0.064132,0.031108,1.7823,1.091122,0.215128,0.425202,-0.232949,-0.232949,-13.3470,-13.3470,1,1,0.002625,0.00000689
1771742592.507514,11.510000,0.010000,-0.002759,-0.053556,0.032883,1.8840,0.969598,0.221320,0.619253,-0.289915,-0.289915,-16.6109,-16.6109,1,1,0.002759,0.00000761
1771742592.517514,11.520000,0.010000,-0.002989,-0.063348,0.036957,2.1175,1.216092,0.230230,0.890912,-0.240013,-0.240013,-13.7517,-13.7517,1,1,0.002989,0.00000893
1771742592.527514,11.530000,0.010000,-0.003097,-0.049652,0.039492,2.2627,1.050910,0.241516,1.128614,-0.383966,-0.383966,-21.9996,-21.9996,1,1,0.003097,0.00000959
1771742592.537514,11.540000,0.010000,-0.003236,-0.052541,0.043290,2.4803,1.186732,0.252298,1.078179,-0.360697,-0.360697,-20.6664,-20.6664,1,1,0.003236,0.00001047
1771742592.547514,11.550000,0.010000,-0.003254,-0.038888,0.045663,2.6163,1.034276,0.261660,0.936213,-0.401788,-0.401788,-23.0208,-23.0208,1,1,0.003254,0.00001059
1771742592.557514,11.560000,0.010000,-0.003374,-0.049288,0.050640,2.9015,1.314502,0.268089,0.642892,-0.388200,-0.388200,-22.2422,-22.2422,1,1,0.003374,0.00001139
1771742592.567514,11.570000,0.010000,-0.003347,-0.032783,0.053826,3.0840,1.123276,0.270223,0.213465,-0.417059,-0.417059,-23.8957,-23.8957,1,1,0.003347,0.00001120
1771742592.577514,11.580000,0.010000,-0.003237,-0.023305,0.056431,3.2332,1.062246,0.268600,-0.162284,-0.408216,-0.408216,-23.3891,-23.3891,1,1,0.003237,0.00001048
1771742592.587514,11.590000,0.010000,-0.003109,-0.020783,0.059634,3.4168,1.128142,0.263690,-0.491064,-0.388096,-0.388096,-22.2363,-22.2363,1,1,0.003109,0.00000966
1771742592.597514,11.600000,0.010000,-0.002868,-0.008097,0.061779,3.5397,1.016588,0.255902,-0.778747,-0.386599,-0.386599,-22.1505,-22.1505,1,1,0.002868,0.00000823
1771742592.607514,11.610000,0.010000,-0.002579,-0.002597,0.063976,3.6656,1.026450,0.245598,-1.030470,-0.348746,-0.348746,-19.9817,-19.9817,1,1,0.002579,0.00000665
1771742592.617514,11.620000,0.010000,-0.002235,-0.000002,0.065782,3.7690,1.010100,0.233090,-1.250727,-0.315997,-0.315997,-18.1053,-18.1053,1,1,0.002235,0.00000499
1771742592.627515,11.630000,0.010000,-0.001882,-0.000001,0.067594,3.8729,1.020800,0.218656,-1.443452,-0.258479,-0.258479,-14.8098,-14.8098,1,1,0.001882,0.00000354
1771742592.637515,11.640000,0.010000,-0.001529,0.000001,0.069516,3.9830,1.034159,0.202535,-1.612086,-0.226296,-0.226296,-12.9658,-12.9658,1,1,0.001529,0.00000234
1771742592.647515,11.650000,0.010000,-0.001178,0.000002,0.071565,4.1004,1.049703,0.184939,-1.759641,-0.192324,-0.192324,-11.0194,-11.0194,1,1,0.001178,0.00000139
1771742592.657515,11.660000,0.010000,-0.000826,0.000004,0.073757,4.2260,1.067088,0.166051,-1.888752,-0.154456,-0.154456,-8.8497,-8.8497,1,1,0.000826,0.00000068
1771742592.667515,11.670000,0.010000,-0.000475,0.000005,0.076106,4.3606,1.086063,0.146034,-2.001724,-0.154414,-0.154414,-8.8473,-8.8473,1,1,0.000475,0.00000023
1771742592.677515,11.680000,0.010000,-0.000124,0.000007,0.078624,4.5048,1.106450,0.125028,-2.100574,-0.191182,-0.191182,-10.9539,-10.9539,1,1,0.000124,0.00000002
1771742592.687515,11.690000,0.010000,0.000227,0.000009,0.081320,4.6593,1.128126,0.103157,-2.187068,-0.202354,-0.202354,-11.5941,-11.5941,1,1,0.000227,0.00000005
1771742592.697515,11.700000,0.010000,0.000578,0.000011,0.084206,4.8247,1.151005,0.080530,-2.262751,-0.198562,-0.198562,-11.3768,-11.3768,1,1,0.000578,0.00000033
1771742592.707515,11.710000,0.010000,0.000937,0.002204,0.086462,4.9539,0.975909,0.057240,-2.328973,-0.184023,-0.184023,-10.5438,-10.5438,1,1,0.000937,0.00000088
1771742592.717515,11.720000,0.010000,0.001288,0.000012,0.088196,5.0533,0.987041,0.033371,-2.386917,-0.156201,-0.156201,-8.9497,-8.9497,1,1,0.001288,0.00000166
1771742592.727515,11.730000,0.010000,0.001661,0.007653,0.088867,5.0917,0.718098,0.008995,-2.437618,-0.122974,-0.122974,-7.0459,-7.0459,1,1,0.001661,0.00000276
1771742592.737514,11.740000,0.010000,0.002020,0.000014,0.089404,5.1224,0.898590,-0.015825,-2.481982,-0.082993,-0.082993,-4.7551,-4.7551,1,1,0.002020,0.00000408
1771742592.747514,11.750000,0.010000,0.002459,0.025038,0.088132,5.0496,0.314781,-0.041033,-2.520800,0.006301,0.006301,0.3610,0.3610,1,1,0.002459,0.00000605
1771742592.757514,11.760000,0.010000,0.002870,0.000012,0.086528,4.9577,0.702149,-0.066581,-2.554766,-0.063876,-0.063876,-3.6598,-3.6598,1,1,0.002870,0.00000824
1771742592.767514,11.770000,0.010000,0.003268,0.018273,0.084295,4.8298,0.234714,-0.086545,-1.996445,0.012483,0.012483,0.7152,0.7152,1,1,0.003268,0.00001068
1771742592.777514,11.780000,0.010000,0.003645,0.000012,0.082019,4.6993,0.598725,-0.100523,-1.397824,-0.006650,-0.006650,-0.3810,-0.3810,1,1,0.003645,0.00001328
1771742592.787514,11.790000,0.010000,0.004010,0.012222,0.079458,4.5526,0.233356,-0.109264,-0.874030,-0.067228,-0.067228,-3.8519,-3.8519,1,1,0.004010,0.00001608
1771742592.797514,11.800000,0.010000,0.004345,-0.003174,0.077130,4.4192,0.581849,-0.114908,-0.564382,-0.049348,-0.049348,-2.8274,-2.8274,1,1,0.004345,0.00001888
1771742592.807514,11.810000,0.010000,0.004694,0.012289,0.074183,4.2503,0.148723,-0.123337,-0.842900,-0.123723,-0.123723,-7.0888,-7.0888,1,1,0.004694,0.00002203
1771742592.817514,11.820000,0.010000,0.005013,-0.005601,0.071379,4.0897,0.531345,-0.133214,-0.987724,0.017575,0.017575,1.0070,1.0070,1,1,0.005013,0.00002513
1771742592.827514,11.830000,0.010000,0.005333,0.009036,0.068093,3.9015,0.103601,-0.141382,-0.816855,-0.022364,-0.022364,-1.2814,-1.2814,1,1,0.005333,0.00002844
1771742592.837514,11.840000,0.010000,0.005612,-0.010807,0.065050,3.7271,0.506083,-0.146712,-0.533014,0.052227,0.052227,2.9924,2.9924,1,1,0.005612,0.00003149
1771742592.847514,11.850000,0.010000,0.005870,0.000047,0.061848,3.5436,0.140545,-0.147899,-0.118611,-0.027083,-0.027083,-1.5517,-1.5517,1,1,0.005870,0.00003445
1771742592.857514,11.860000,0.010000,0.006072,-0.020016,0.059052,3.3834,0.532478,-0.145446,0.245282,0.021098,0.021098,1.2088,1.2088,1,1,0.006072,0.00003687
1771742592.867514,11.870000,0.010000,0.006290,0.000004,0.055985,3.2077,0.149154,-0.139809,0.563687,-0.084274,-0.084274,-4.8285,-4.8285,1,1,0.006290,0.00003956
1771742592.877515,11.880000,0.010000,0.006488,-0.020637,0.053251,3.0511,0.538842,-0.131386,0.842292,0.005028,0.005028,0.2881,0.2881,1,1,0.006488,0.00004209
1771742592.887515,11.890000,0.010000,0.006663,-0.009345,0.051079,2.9266,0.356699,-0.122947,0.843873,-0.225983,-0.225983,-12.9479,-12.9479,1,1,0.006663,0.00004440
1771742592.897515,11.900000,0.010000,0.006804,-0.026641,0.049624,2.8432,0.675573,-0.112073,1.087455,-0.137725,-0.137725,-7.8911,-7.8911,1,1,0.006804,0.00004630
1771742592.907515,11.910000,0.010000,0.006962,-0.008636,0.047962,2.7480,0.366476,-0.099067,1.300589,-0.306214,-0.306214,-17.5448,-17.5448,1,1,0.006962,0.00004846
1771742592.917515,11.920000,0.010000,0.007107,-0.026248,0.046582,2.6690,0.683602,-0.091177,0.788949,-0.191434,-0.191434,-10.9684,-10.9684,1,1,0.007107,0.00005051
1771742592.927515,11.930000,0.010000,0.007228,-0.017477,0.045634,2.6146,0.530285,-0.085949,0.522869,-0.309331,-0.309331,-17.7233,-17.7233,1,1,0.007228,0.00005225
1771742592.937515,11.940000,0.010000,0.007317,-0.032375,0.045270,2.5938,0.792693,-0.084864,0.108444,-0.235386,-0.235386,-13.4866,-13.4866,1,1,0.007317,0.00005353
1771742592.947515,11.950000,0.010000,0.007453,-0.008724,0.044033,2.5229,0.372962,-0.080425,0.443955,-0.155750,-0.155750,-8.9238,-8.9238,1,1,0.007453,0.00005555
1771742592.957515,11.960000,0.010000,0.007593,-0.027007,0.042726,2.4480,0.691719,-0.073167,0.725754,-0.130888,-0.130888,-7.4993,-7.4993,1,1,0.007593,0.00005765
1771742592.967515,11.970000,0.010000,0.007641,-0.033924,0.042963,2.4616,0.804908,-0.063326,0.984101,-0.314465,-0.314465,-18.0175,-18.0175,1,1,0.007641,0.00005839
1771742592.977515,11.980000,0.010000,0.007708,-0.023604,0.042789,2.4516,0.613820,-0.058206,0.512022,-0.338032,-0.338032,-19.3678,-19.3678,1,1,0.007708,0.00005941
1771742592.987514,11.990000,0.010000,0.007751,-0.037661,0.042977,2.4624,0.852411,-0.050235,0.797086,-0.274057,-0.274057,-15.7023,-15.7023,1,1,0.007751,0.00006007
1771742592.997514,12.000000,0.010000,0.007793,-0.026190,0.043073,2.4679,0.639823,-0.046751,0.348384,-0.333294,-0.333294,-19.0964,-19.0964,1,1,0.007793,0.00006073
1771742593.007514,12.010000,0.010000,0.007816,-0.039864,0.043432,2.4885,0.871146,-0.040279,0.647235,-0.262931,-0.262931,-15.0648,-15.0648,1,1,0.007816,0.00006109
1771742593.017514,12.020000,0.010000,0.007833,-0.030118,0.043803,2.5097,0.688898,-0.038106,0.217265,-0.327180,-0.327180,-18.7460,-18.7460,1,1,0.007833,0.00006136
1771742593.027514,12.030000,0.010000,0.007830,-0.042891,0.044472,2.5480,0.904716,-0.039696,-0.158959,-0.258870,-0.258870,-14.8322,-14.8322,1,1,0.007830,0.00006130
1771742593.037514,12.040000,0.010000,0.007869,-0.022111,0.044295,2.5379,0.529557,-0.044577,-0.488155,-0.172728,-0.172728,-9.8966,-9.8966,1,1,0.007869,0.00006192
1771742593.047514,12.050000,0.010000,0.007912,-0.037977,0.043997,2.5209,0.801343,-0.052339,-0.776201,-0.021485,-0.021485,-1.2310,-1.2310,1,1,0.007912,0.00006261
1771742593.057514,12.060000,0.010000,0.007958,-0.024240,0.043562,2.4959,0.549594,-0.062622,-1.028242,-0.008489,-0.008489,-0.4864,-0.4864,1,1,0.007958,0.00006334
1771742593.067514,12.070000,0.010000,0.007985,-0.039867,0.043394,2.4863,0.815155,-0.075109,-1.248778,0.023919,0.023919,1.3705,1.3705,1,1,0.007985,0.00006377
1771742593.077514,12.080000,0.010000,0.008085,-0.009622,0.041846,2.3976,0.271694,-0.085190,-1.008012,0.036926,0.036926,2.1157,2.1157,1,1,0.008085,0.00006537
1771742593.087514,12.090000,0.010000,0.008198,-0.030786,0.039981,2.2908,0.633098,-0.090902,-0.571225,0.089956,0.089956,5.1541,5.1541,1,1,0.008198,0.00006721
1771742593.097514,12.100000,0.010000,0.008257,-0.026279,0.038933,2.2307,0.536823,-0.099391,-0.848888,0.001429,0.001429,0.0819,0.0819,1,1,0.008257,0.00006818
1771742593.107514,12.110000,0.010000,0.008304,-0.032676,0.037956,2.1747,0.630891,-0.110309,-1.091842,0.028414,0.028414,1.6280,1.6280,1,1,0.008304,0.00006896
1771742593.117514,12.120000,0.010000,0.008403,-0.014676,0.035886,2.0561,0.293887,-0.123353,-1.304428,0.031042,0.031042,1.7786,1.7786,1,1,0.008403,0.00007061
1771742593.127515,12.130000,0.010000,0.008473,-0.036002,0.034155,1.9569,0.646382,-0.138258,-1.490440,0.089848,0.089848,5.1479,5.1479,1,1,0.008473,0.00007179
1771742593.137515,12.140000,0.010000,0.008612,-0.001665,0.030813,1.7654,-0.023107,-0.153842,-1.558409,0.039308,0.039308,2.2522,2.2522,1,1,0.008612,0.00007417
1771742593.147515,12.150000,0.010000,0.008749,-0.029524,0.027145,1.5553,0.437476,-0.170969,-1.712674,0.088155,0.088155,5.0509,5.0509,1,1,0.008749,0.00007654
1771742593.157515,12.160000,0.010000,0.008846,-0.015661,0.023855,1.3668,0.155857,-0.182464,-1.149524,0.060440,0.060440,3.4630,3.4630,1,1,0.008846,0.00007825
1771742593.167515,12.170000,0.010000,0.008885,-0.040520,0.021251,1.2176,0.549940,-0.189032,-0.656767,0.058743,0.058743,3.3657,3.3657,1,1,0.008885,0.00007894
1771742593.177515,12.180000,0.010000,0.008983,-0.005485,0.017203,0.9857,-0.113422,-0.191288,-0.225606,0.089052,0.089052,5.1023,5.1023,1,1,0.008983,0.00008070
1771742593.187515,12.190000,0.010000,0.009069,-0.036136,0.012977,0.7435,0.374053,-0.189771,0.151661,0.063143,0.063143,3.6178,3.6178,1,1,0.009069,0.00008225
1771742593.197515,12.200000,0.010000,0.009020,-0.043058,0.010607,0.6078,0.433801,-0.184953,0.481769,0.086732,0.086732,4.9694,4.9694,1,1,0.009020,0.00008136
1771742593.207515,12.210000,0.010000,0.008932,-0.046164,0.008385,0.4804,0.422939,-0.177247,0.770614,0.094349,0.094349,5.4058,5.4058,1,1,0.008932,0.00007979
1771742593.217515,12.220000,0.010000,0.008775,-0.059591,0.006816,0.3906,0.590488,-0.167014,1.023353,0.092929,0.092929,5.3244,5.3244,1,1,0.008775,0.00007700
1771742593.227515,12.230000,0.010000,0.008599,-0.052502,0.004984,0.2856,0.395493,-0.154569,1.244500,0.094119,0.094119,5.3926,5.3926,1,1,0.008599,0.00007395
1771742593.237514,12.240000,0.010000,0.008360,-0.072890,0.003690,0.2114,0.683221,-0.140189,1.438003,0.084846,0.084846,4.8613,4.8613,1,1,0.008360,0.00006989
1771742593.247514,12.250000,0.010000,0.008059,-0.072374,0.003028,0.1735,0.619574,-0.124115,1.607319,-0.006904,-0.006904,-0.3955,-0.3955,1,1,0.008059,0.00006494
1771742593.257514,12.260000,0.010000,0.007699,-0.086206,0.002941,0.1685,0.810313,-0.106561,1.755470,-0.014144,-0.014144,-0.8104,-0.8104,1,1,0.007699,0.00005928
1771742593.267514,12.270000,0.010000,0.007345,-0.085140,0.003420,0.1959,0.869972,-0.088327,1.823364,0.021658,0.021658,1.2409,1.2409,1,1,0.007345,0.00005394
1771742593.277514,12.280000,0.010000,0.006993,-0.084287,0.004319,0.2475,0.914117,-0.068882,1.944509,0.041669,0.041669,2.3874,2.3874,1,1,0.006993,0.00004891
1771742593.287514,12.290000,0.010000,0.006645,-0.083593,0.005530,0.3168,0.946628,-0.052717,1.616525,0.115015,0.115015,6.5899,6.5899,1,1,0.006645,0.00004416
1771742593.297514,12.300000,0.010000,0.006299,-0.083016,0.006970,0.3994,0.970415,-0.038784,1.393242,0.111403,0.111403,6.3829,6.3829,1,1,0.006299,0.00003968
1771742593.307514,12.310000,0.010000,0.005955,-0.082527,0.008578,0.4915,0.987655,-0.023103,1.568152,0.119352,0.119352,6.8384,6.8384,1,1,0.005955,0.00003546
1771742593.317514,12.320000,0.010000,0.005613,-0.082103,0.010308,0.5906,0.999980,-0.012322,1.078074,0.201893,0.201893,11.5676,11.5676,1,1,0.005613,0.00003151
1771742593.327514,12.330000,0.010000,0.005272,-0.081727,0.012125,0.6947,1.008611,0.000060,1.238177,0.150216,0.150216,8.6068,8.6068,1,1,0.005272,0.00002780
1771742593.337514,12.340000,0.010000,0.004933,-0.081386,0.014003,0.8023,1.014462,0.011846,1.178615,0.223477,0.223477,12.8043,12.8043,1,1,0.004933,0.00002434
1771742593.347514,12.350000,0.010000,0.004595,-0.081071,0.015923,0.9123,1.018218,0.021981,1.013539,0.239667,0.239667,13.7319,13.7319,1,1,0.004595,0.00002112
1771742593.357514,12.360000,0.010000,0.004259,-0.080774,0.017871,1.0239,1.020390,0.030998,0.901717,0.234173,0.234173,13.4171,13.4171,1,1,0.004259,0.00001814
1771742593.367514,12.370000,0.010000,0.003923,-0.080491,0.019835,1.1364,1.021360,0.037729,0.673099,0.229247,0.229247,13.1349,13.1349,1,1,0.003923,0.00001539
1771742593.377515,12.380000,0.010000,0.003589,-0.080217,0.021807,1.2494,1.021415,0.040128,0.239896,0.188169,0.188169,10.7813,10.7813,1,1,0.003589,0.00001288
1771742593.387515,12.390000,0.010000,0.003256,-0.079950,0.023780,1.3625,1.020767,0.038737,-0.139157,0.086224,0.086224,4.9403,4.9403,1,1,0.003256,0.00001060
1771742593.397515,12.400000,0.010000,0.002924,-0.079652,0.025749,1.4753,1.019392,0.036602,-0.213484,0.063072,0.063072,3.6138,3.6138,1,1,0.002924,0.00000855
1771742593.407515,12.410000,0.010000,0.002595,-0.079189,0.027701,1.5871,1.016723,0.037235,0.063333,0.048157,0.048157,2.7592,2.7592,1,1,0.002595,0.00000674
1771742593.417515,12.420000,0.010000,0.002273,-0.078270,0.029612,1.6967,1.011492,0.041280,0.404482,0.046851,0.046851,2.6843,2.6843,1,1,0.002273,0.00000517
1771742593.427515,12.430000,0.010000,0.001962,-0.076886,0.031465,1.8028,1.004277,0.048310,0.702988,0.094498,0.094498,5.4144,5.4144,1,1,0.001962,0.00000385
1771742593.437515,12.440000,0.010000,0.001665,-0.075124,0.033249,1.9050,0.996058,0.057190,0.888028,0.172786,0.172786,9.8999,9.8999,1,1,0.001665,0.00000277
1771742593.447515,12.450000,0.010000,0.001384,-0.073016,0.034960,2.0030,0.987288,0.068451,1.126090,0.221745,0.221745,12.7051,12.7051,1,1,0.001384,0.00000192
1771742593.457515,12.460000,0.010000,0.001123,-0.070602,0.036595,2.0967,0.978405,0.078672,1.022066,0.241409,0.241409,13.8317,13.8317,1,1,0.001123,0.00000126
1771742593.467515,12.470000,0.010000,0.000885,-0.067919,0.038157,2.1862,0.969721,0.091106,1.243373,0.198197,0.198197,11.3558,11.3558,1,1,0.000885,0.00000078
1771742593.477515,12.480000,0.010000,0.000670,-0.064999,0.039648,2.2717,0.961492,0.105476,1.437018,0.157606,0.157606,9.0302,9.0302,1,1,0.000670,0.00000045
1771742593.487514,12.490000,0.010000,0.000480,-0.061872,0.041074,2.3534,0.953915,0.121540,1.606456,0.025760,0.025760,1.4759,1.4759,1,1,0.000480,0.00000023
1771742593.497514,12.500000,0.010000,0.000318,-0.058568,0.042442,2.4318,0.947156,0.135004,1.346340,-0.128436,-0.128436,-7.3588,-7.3588,1,1,0.000318,0.00000010
1771742593.507514,12.510000,0.010000,0.000185,-0.055113,0.043760,2.5072,0.941359,0.143294,0.828982,-0.198588,-0.198588,-11.3783,-11.3783,1,1,0.000185,0.00000003
1771742593.517514,12.520000,0.010000,0.000081,-0.051534,0.045035,2.5803,0.936650,0.147056,0.376293,-0.206210,-0.206210,-11.8150,-11.8150,1,1,0.000081,0.00000001
1771742593.527514,12.530000,0.010000,0.000007,-0.047857,0.046279,2.6516,0.933140,0.146858,-0.019810,-0.220263,-0.220263,-12.6201,-12.6201,1,1,0.000007,0.00000000
1771742593.537514,12.540000,0.010000,-0.000035,-0.044106,0.047501,2.7216,0.930921,0.143194,-0.366399,-0.203413,-0.203413,-11.6547,-11.6547,1,1,0.000035,0.00000000
1771742593.547514,12.550000,0.010000,-0.000046,-0.040305,0.048714,2.7911,0.930084,0.136498,-0.669665,-0.177613,-0.177613,-10.1765,-10.1765,1,1,0.000046,0.00000000
1771742593.557514,12.560000,0.010000,-0.000025,-0.036476,0.049928,2.8607,0.930714,0.131248,-0.524990,-0.143710,-0.143710,-8.2340,-8.2340,1,1,0.000025,0.00000000
1771742593.567514,12.570000,0.010000,0.000028,-0.032641,0.051158,2.9311,0.932879,0.130145,-0.110301,-0.180046,-0.180046,-10.3159,-10.3159,1,1,0.000028,0.00000000
1771742593.577514,12.580000,0.010000,0.000113,-0.028816,0.052414,3.0031,0.936610,0.132670,0.252553,-0.242482,-0.242482,-13.8932,-13.8932,1,1,0.000113,0.00000001
1771742593.587514,12.590000,0.010000,0.000230,-0.025020,0.053713,3.0775,0.941968,0.138371,0.570050,-0.291006,-0.291006,-16.6734,-16.6734,1,1,0.000230,0.00000005
1771742593.597514,12.600000,0.010000,0.000378,-0.021270,0.055066,3.1550,0.948993,0.145849,0.747823,-0.310295,-0.310295,-17.7786,-17.7786,1,1,0.000378,0.00000014
1771742593.607514,12.610000,0.010000,0.000557,-0.017578,0.056488,3.2365,0.957715,0.148902,0.305280,-0.332644,-0.332644,-19.0591,-19.0591,1,1,0.000557,0.00000031
1771742593.617514,12.620000,0.010000,0.000767,-0.013956,0.057993,3.3228,0.968149,0.148082,-0.081946,-0.311165,-0.311165,-17.8284,-17.8284,1,1,0.000767,0.00000059
1771742593.627515,12.630000,0.010000,0.001003,-0.010996,0.059611,3.4154,0.983600,0.143875,-0.420769,-0.284423,-0.284423,-16.2962,-16.2962,1,1,0.001003,0.00000101
1771742593.637515,12.640000,0.010000,0.001258,-0.009600,0.061399,3.5179,1.008532,0.136702,-0.717239,-0.255723,-0.255723,-14.6519,-14.6519,1,1,0.001258,0.00000158
1771742593.647515,12.650000,0.010000,0.001524,-0.008162,0.063384,3.6316,1.031814,0.126936,-0.976650,-0.235187,-0.235187,-13.4752,-13.4752,1,1,0.001524,0.00000232
1771742593.657515,12.660000,0.010000,0.001803,-0.006711,0.065557,3.7561,1.054326,0.114899,-1.203634,-0.224246,-0.224246,-12.8484,-12.8484,1,1,0.001803,0.00000325
1771742593.667515,12.670000,0.010000,0.002094,-0.005259,0.067917,3.8914,1.076654,0.100877,-1.402246,-0.237109,-0.237109,-13.5853,-13.5853,1,1,0.002094,0.00000439
1771742593.677515,12.680000,0.010000,0.002397,-0.003822,0.070465,4.0373,1.099257,0.085117,-1.576031,-0.237010,-0.237010,-13.5797,-13.5797,1,1,0.002397,0.00000575
1771742593.687515,12.690000,0.010000,0.002712,-0.002401,0.073205,4.1944,1.122389,0.067836,-1.728093,-0.233259,-0.233259,-13.3647,-13.3647,1,1,0.002712,0.00000736
1771742593.697515,12.700000,0.010000,0.003043,0.000020,0.075491,4.3253,0.989473,0.049224,-1.861147,-0.222909,-0.222909,-12.7718,-12.7718,1,1,0.003043,0.00000926
1771742593.707515,12.710000,0.010000,0.003377,0.000021,0.077297,4.4288,0.976413,0.029449,-1.977570,-0.187358,-0.187358,-10.7348,-10.7348,1,1,0.003377,0.00001141
1771742593.717515,12.720000,0.010000,0.003713,0.000774,0.078405,4.4923,0.814718,0.008654,-2.079439,-0.152800,-0.152800,-8.7548,-8.7548,1,1,0.003713,0.00001379
1771742593.727515,12.730000,0.010000,0.004040,0.000018,0.079002,4.5265,0.817989,-0.013032,-2.168575,-0.073150,-0.073150,-4.1912,-4.1912,1,1,0.004040,0.00001632
1771742593.737514,12.740000,0.010000,0.004375,0.002966,0.078793,4.5145,0.617778,-0.035497,-2.246569,-0.016736,-0.016736,-0.9589,-0.9589,1,1,0.004375,0.00001914
1771742593.747514,12.750000,0.010000,0.004700,0.000016,0.078215,4.4814,0.687212,-0.058645,-2.314814,-0.044812,-0.044812,-2.5675,-2.5675,1,1,0.004700,0.00002209
1771742593.757514,12.760000,0.010000,0.005055,0.009627,0.076535,4.3851,0.362897,-0.082391,-2.374528,0.018878,0.018878,1.0816,1.0816,1,1,0.005055,0.00002555
1771742593.767514,12.770000,0.010000,0.005374,-0.004612,0.075096,4.3027,0.680003,-0.104057,-2.166655,-0.007618,-0.007618,-0.4365,-0.4365,1,1,0.005374,0.00002888
1771742593.777514,12.780000,0.010000,0.005773,0.025617,0.071789,4.1132,-0.028166,-0.120448,-1.639126,0.063162,0.063162,3.6189,3.6189,1,1,0.005773,0.00003333
1771742593.787514,12.790000,0.010000,0.006153,-0.001453,0.068128,3.9034,0.455239,-0.133423,-1.297472,0.122717,0.122717,7.0311,7.0311,1,1,0.006153,0.00003786
1771742593.797514,12.800000,0.010000,0.006456,0.002566,0.065104,3.7302,0.215956,-0.146384,-1.296069,0.013849,0.013849,0.7935,0.7935,1,1,0.006456,0.00004167
1771742593.807514,12.810000,0.010000,0.006701,-0.012494,0.062543,3.5834,0.518799,-0.157712,-1.132831,0.054367,0.054367,3.1150,3.1150,1,1,0.006701,0.00004490
1771742593.817514,12.820000,0.010000,0.006995,0.011478,0.058447,3.3488,-0.096595,-0.167156,-0.944333,0.060529,0.060529,3.4680,3.4680,1,1,0.006995,0.00004893
1771742593.827514,12.830000,0.010000,0.007250,-0.015090,0.054361,3.1146,0.396973,-0.174125,-0.696923,0.104090,0.104090,5.9639,5.9639,1,1,0.007250,0.00005256
1771742593.837514,12.840000,0.010000,0.007478,0.000003,0.050522,2.8947,0.061322,-0.176732,-0.260741,0.065509,0.065509,3.7534,3.7534,1,1,0.007478,0.00005592
1771742593.847514,12.850000,0.010000,0.007653,-0.024139,0.047357,2.7133,0.494699,-0.175523,0.120917,0.069823,0.069823,4.0005,4.0005,1,1,0.007653,0.00005857
1771742593.857514,12.860000,0.010000,0.007845,0.000002,0.043553,2.4954,-0.010759,-0.170974,0.454868,0.020816,0.020816,1.1927,1.1927,1,1,0.007845,0.00006155
1771742593.867514,12.870000,0.010000,0.008007,-0.026227,0.039950,2.2889,0.446427,-0.163504,0.747076,0.065071,0.065071,3.7283,3.7283,1,1,0.008007,0.00006411
1771742593.877515,12.880000,0.010000,0.008102,-0.020427,0.037407,2.1432,0.330428,-0.153476,1.002757,-0.003843,-0.003843,-0.2202,-0.2202,1,1,0.008102,0.00006564
1771742593.887515,12.890000,0.010000,0.008131,-0.040594,0.035873,2.0554,0.667101,-0.141211,1.226478,0.003379,0.003379,0.1936,0.1936,1,1,0.008131,0.00006612
1771742593.897515,12.900000,0.010000,0.008196,-0.015336,0.033528,1.9210,0.200413,-0.126989,1.422234,-0.167518,-0.167518,-9.5981,-9.5981,1,1,0.008196,0.00006718
1771742593.907515,12.910000,0.010000,0.008251,-0.038213,0.031184,1.7867,0.579197,-0.111054,1.593521,0.007591,0.007591,0.4349,0.4349,1,1,0.008251,0.00006808
1771742593.917515,12.920000,0.010000,0.008162,-0.053874,0.031129,1.7836,0.824098,-0.093620,1.743397,-0.204914,-0.204914,-11.7407,-11.7407,1,1,0.008162,0.00006661
1771742593.927515,12.930000,0.010000,0.008098,-0.034634,0.030353,1.7391,0.454304,-0.080186,1.343355,-0.248914,-0.248914,-14.2617,-14.2617,1,1,0.008098,0.00006557
1771742593.937515,12.940000,0.010000,0.008023,-0.052593,0.029529,1.6919,0.740799,-0.064941,1.524502,-0.108161,-0.108161,-6.1972,-6.1972,1,1,0.008023,0.00006437
1771742593.947515,12.950000,0.010000,0.007835,-0.064877,0.030424,1.7432,0.924591,-0.049257,1.568373,-0.247261,-0.247261,-14.1670,-14.1670,1,1,0.007835,0.00006139
1771742593.957515,12.960000,0.010000,0.007627,-0.059446,0.031403,1.7993,0.798134,-0.032043,1.721392,-0.155210,-0.155210,-8.8929,-8.8929,1,1,0.007627,0.00005818
1771742593.967515,12.970000,0.010000,0.007393,-0.070115,0.032629,1.8695,0.959380,-0.019849,1.219402,-0.124711,-0.124711,-7.1454,-7.1454,1,1,0.007393,0.00005465
1771742593.977515,12.980000,0.010000,0.007113,-0.072268,0.034437,1.9731,0.973051,-0.008640,1.120902,-0.077319,-0.077319,-4.4300,-4.4300,1,1,0.007113,0.00005059
1771742593.987514,12.990000,0.010000,0.006815,-0.074735,0.036387,2.0848,0.997208,-0.002323,0.631723,-0.060344,-0.060344,-3.4574,-3.4574,1,1,0.006815,0.00004645
1771742593.997514,13.000000,0.010000,0.006500,-0.077101,0.038521,2.2071,1.024483,0.006101,0.842433,-0.138700,-0.138700,-7.9469,-7.9469,1,1,0.006500,0.00004224
1771742594.007514,13.010000,0.010000,0.006183,-0.075877,0.040617,2.3272,0.998606,0.009982,0.388063,-0.074761,-0.074761,-4.2835,-4.2835,1,1,0.006183,0.00003823
1771742594.017514,13.020000,0.010000,0.005863,-0.077755,0.042754,2.4496,1.029254,0.009887,-0.009511,-0.154929,-0.154929,-8.8768,-8.8768,1,1,0.005863,0.00003437
1771742594.027514,13.030000,0.010000,0.005568,-0.070701,0.044480,2.5485,0.911365,0.006313,-0.357388,-0.171686,-0.171686,-9.8369,-9.8369,1,1,0.005568,0.00003101
1771742594.037514,13.040000,0.010000,0.005276,-0.075898,0.046232,2.6489,1.012861,0.006473,0.015982,-0.089659,-0.089659,-5.1371,-5.1371,1,1,0.005276,0.00002784
1771742594.047514,13.050000,0.010000,0.005003,-0.067633,0.047756,2.7362,0.879954,0.003122,-0.335082,-0.193944,-0.193944,-11.1121,-11.1121,1,1,0.005003,0.00002503
1771742594.057514,13.060000,0.010000,0.004738,-0.072518,0.049270,2.8229,0.986192,-0.003301,-0.642263,-0.108841,-0.108841,-6.2361,-6.2361,1,1,0.004738,0.00002245
1771742594.067514,13.070000,0.010000,0.004524,-0.057262,0.050093,2.8701,0.738770,-0.012411,-0.911046,-0.083312,-0.083312,-4.7734,-4.7734,1,1,0.004524,0.00002046
1771742594.077514,13.080000,0.010000,0.004334,-0.064088,0.050702,2.9050,0.888034,-0.023874,-1.146231,0.053079,0.053079,3.0412,3.0412,1,1,0.004334,0.00001878
1771742594.087514,13.090000,0.010000,0.004183,-0.049528,0.050848,2.9134,0.659087,-0.037394,-1.352018,0.026006,0.026006,1.4900,1.4900,1,1,0.004183,0.00001750
1771742594.097514,13.100000,0.010000,0.004052,-0.057360,0.050934,2.9183,0.830887,-0.048308,-1.091464,0.068238,0.068238,3.9098,3.9098,1,1,0.004052,0.00001642
1771742594.107514,13.110000,0.010000,0.003958,-0.042263,0.050607,2.8996,0.595407,-0.054368,-0.605966,0.034674,0.034674,1.9867,1.9867,1,1,0.003958,0.00001567
1771742594.117514,13.120000,0.010000,0.003882,-0.050992,0.050276,2.8806,0.785165,-0.056180,-0.181154,0.013907,0.013907,0.7968,0.7968,1,1,0.003882,0.00001507
1771742594.127515,13.130000,0.010000,0.003822,-0.040309,0.049924,2.8605,0.628958,-0.061255,-0.507576,-0.086920,-0.086920,-4.9802,-4.9802,1,1,0.003822,0.00001461
1771742594.137515,13.140000,0.010000,0.003767,-0.048200,0.049777,2.8520,0.804034,-0.062944,-0.168825,-0.017038,-0.017038,-0.9762,-0.9762,1,1,0.003767,0.00001419
1771742594.147515,13.150000,0.010000,0.003761,-0.030498,0.049038,2.8097,0.523065,-0.067912,-0.496788,-0.095817,-0.095817,-5.4899,-5.4899,1,1,0.003761,0.00001414
1771742594.157515,13.160000,0.010000,0.003775,-0.040363,0.048231,2.7634,0.732921,-0.075749,-0.783755,0.001105,0.001105,0.0633,0.0633,1,1,0.003775,0.00001425
1771742594.167515,13.170000,0.010000,0.003804,-0.029232,0.047435,2.7178,0.566960,-0.079116,-0.336720,-0.004657,-0.004657,-0.2668,-0.2668,1,1,0.003804,0.00001447
1771742594.177515,13.180000,0.010000,0.003833,-0.038351,0.046890,2.6866,0.760679,-0.085553,-0.643696,-0.030386,-0.030386,-1.7410,-1.7410,1,1,0.003833,0.00001469
1771742594.187515,13.190000,0.010000,0.003920,-0.017456,0.045565,2.6107,0.418414,-0.088464,-0.291091,-0.006504,-0.006504,-0.3727,-0.3727,1,1,0.003920,0.00001537
1771742594.197515,13.200000,0.010000,0.004028,-0.029664,0.044116,2.5277,0.663749,-0.087820,0.064400,0.010093,0.010093,0.5783,0.5783,1,1,0.004028,0.00001623
1771742594.207515,13.210000,0.010000,0.004091,-0.030835,0.043681,2.5027,0.708800,-0.083766,0.405416,-0.102368,-0.102368,-5.8652,-5.8652,1,1,0.004091,0.00001673
1771742594.217515,13.220000,0.010000,0.004158,-0.028837,0.043344,2.4835,0.696126,-0.076728,0.703805,-0.213231,-0.213231,-12.2173,-12.2173,1,1,0.004158,0.00001729
1771742594.227515,13.230000,0.010000,0.004206,-0.035386,0.043546,2.4950,0.834421,-0.067079,0.964895,-0.301864,-0.301864,-17.2955,-17.2955,1,1,0.004206,0.00001769
1771742594.237514,13.240000,0.010000,0.004276,-0.024948,0.043527,2.4939,0.670015,-0.055145,1.193349,-0.330887,-0.330887,-18.9584,-18.9584,1,1,0.004276,0.00001829
1771742594.247514,13.250000,0.010000,0.004349,-0.032876,0.043640,2.5004,0.832156,-0.046514,0.863151,-0.319594,-0.319594,-18.3114,-18.3114,1,1,0.004349,0.00001891
1771742594.257514,13.260000,0.010000,0.004405,-0.030716,0.044221,2.5337,0.813842,-0.042452,0.406191,-0.342270,-0.342270,-19.6107,-19.6107,1,1,0.004405,0.00001940
1771742594.267514,13.270000,0.010000,0.004458,-0.033186,0.045016,2.5792,0.878279,-0.039275,0.317680,-0.304769,-0.304769,-17.4620,-17.4620,1,1,0.004458,0.00001988
1771742594.277514,13.280000,0.010000,0.004546,-0.023172,0.045377,2.5999,0.721341,-0.039986,-0.071096,-0.293871,-0.293871,-16.8376,-16.8376,1,1,0.004546,0.00002067
1771742594.287514,13.290000,0.010000,0.004637,-0.030470,0.045849,2.6270,0.872373,-0.037118,0.286857,-0.216302,-0.216302,-12.3932,-12.3932,1,1,0.004637,0.00002150
1771742594.297514,13.300000,0.010000,0.004727,-0.025197,0.046524,2.6656,0.799373,-0.033060,0.405755,-0.298905,-0.298905,-17.1260,-17.1260,1,1,0.004727,0.00002234
1771742594.307514,13.310000,0.010000,0.004810,-0.031215,0.047499,2.7215,0.927385,-0.032726,0.033431,-0.328081,-0.328081,-18.7976,-18.7976,1,1,0.004810,0.00002313
1771742594.317514,13.320000,0.010000,0.004932,-0.017035,0.047944,2.7470,0.697022,-0.029448,0.327767,-0.262309,-0.262309,-15.0292,-15.0292,1,1,0.004932,0.00002433
1771742594.327514,13.330000,0.010000,0.005068,-0.025319,0.048333,2.7693,0.865908,-0.024505,0.494269,-0.319355,-0.319355,-18.2977,-18.2977,1,1,0.005068,0.00002569
1771742594.337514,13.340000,0.010000,0.005179,-0.024834,0.049342,2.8271,0.877834,-0.023671,0.083419,-0.343894,-0.343894,-19.7037,-19.7037,1,1,0.005179,0.00002682
1771742594.347514,13.350000,0.010000,0.005314,-0.019499,0.050095,2.8702,0.804248,-0.026432,-0.276074,-0.299661,-0.299661,-17.1693,-17.1693,1,1,0.005314,0.00002824
1771742594.357514,13.360000,0.010000,0.005454,-0.022695,0.050935,2.9184,0.882162,-0.032338,-0.590630,-0.245535,-0.245535,-14.0681,-14.0681,1,1,0.005454,0.00002975
1771742594.367514,13.370000,0.010000,0.005648,-0.007394,0.050922,2.9176,0.613201,-0.040997,-0.865867,-0.182463,-0.182463,-10.4544,-10.4544,1,1,0.005648,0.00003190
1771742594.377515,13.380000,0.010000,0.005847,-0.018287,0.050907,2.9168,0.826533,-0.052064,-1.106700,-0.100738,-0.100738,-5.7719,-5.7719,1,1,0.005847,0.00003419
1771742594.387515,13.390000,0.010000,0.006078,-0.001952,0.050152,2.8735,0.473701,-0.065238,-1.317428,-0.024672,-0.024672,-1.4136,-1.4136,1,1,0.006078,0.00003694
1771742594.397515,13.400000,0.010000,0.006301,-0.016180,0.049334,2.8266,0.741677,-0.080256,-1.501816,-0.009312,-0.009312,-0.5336,-0.5336,1,1,0.006301,0.00003970
1771742594.407515,13.410000,0.010000,0.006542,0.000007,0.047740,2.7353,0.335990,-0.096888,-1.663154,0.067880,0.067880,3.8892,3.8892,1,1,0.006542,0.00004280
1771742594.417515,13.420000,0.010000,0.006760,-0.017599,0.046122,2.6426,0.656651,-0.111815,-1.492675,0.082088,0.082088,4.7033,4.7033,1,1,0.006760,0.00004570
1771742594.427515,13.430000,0.010000,0.006990,0.000005,0.043697,2.5037,0.201385,-0.128366,-1.655156,0.082320,0.082320,4.7166,4.7166,1,1,0.006990,0.00004886
1771742594.437515,13.440000,0.010000,0.007186,-0.020922,0.041283,2.3654,0.571479,-0.146340,-1.797328,0.104686,0.104686,5.9981,5.9981,1,1,0.007186,0.00005164
1771742594.447515,13.450000,0.010000,0.007397,0.000003,0.037989,2.1766,0.058842,-0.160836,-1.449622,0.052865,0.052865,3.0290,3.0290,1,1,0.007397,0.00005472
1771742594.457515,13.460000,0.010000,0.007571,-0.024366,0.034714,1.9890,0.478521,-0.177011,-1.617485,0.089515,0.089515,5.1289,5.1289,1,1,0.007571,0.00005732
1771742594.467515,13.470000,0.010000,0.007761,0.000002,0.030564,1.7512,-0.072664,-0.194654,-1.764366,0.045788,0.045788,2.6235,2.6235,1,1,0.007761,0.00006024
1771742594.477515,13.480000,0.010000,0.007913,-0.027770,0.026513,1.5191,0.393958,-0.207780,-1.312583,0.051866,0.051866,2.9717,2.9717,1,1,0.007913,0.00006261
1771742594.487514,13.490000,0.010000,0.008076,-0.001947,0.021986,1.2597,-0.094189,-0.215775,-0.799444,0.057309,0.057309,3.2836,3.2836,1,1,0.008076,0.00006522
1771742594.497514,13.500000,0.010000,0.008203,-0.030825,0.017793,1.0195,0.376766,-0.219279,-0.350448,0.036737,0.036737,2.1049,2.1049,1,1,0.008203,0.00006729
1771742594.507514,13.510000,0.010000,0.008307,-0.012438,0.013622,0.7805,0.006241,-0.218855,0.042424,0.083231,0.083231,4.7688,4.7688,1,1,0.008307,0.00006901
1771742594.517514,13.520000,0.010000,0.008359,-0.039644,0.009968,0.5711,0.432384,-0.214993,0.386187,0.049655,0.049655,2.8450,2.8450,1,1,0.008359,0.00006987
1771742594.527514,13.530000,0.010000,0.008379,-0.024410,0.006373,0.3651,0.103860,-0.208123,0.686980,0.126231,0.126231,7.2325,7.2325,1,1,0.008379,0.00007020
1771742594.537514,13.540000,0.010000,0.008340,-0.050019,0.003275,0.1876,0.489789,-0.198621,0.950173,0.074022,0.074022,4.2411,4.2411,1,1,0.008340,0.00006956
1771742594.547514,13.550000,0.010000,0.008239,-0.043721,0.000700,0.0401,0.307664,-0.186817,1.180467,0.146537,0.146537,8.3959,8.3959,1,1,0.008239,0.00006788
1771742594.557514,13.560000,0.010000,0.008065,-0.065374,-0.001207,-0.0692,0.615194,-0.172997,1.381975,0.101546,0.101546,5.8181,5.8181,1,1,0.008065,0.00006504
1771742594.567514,13.570000,0.010000,0.007840,-0.059384,-0.002865,-0.1641,0.432600,-0.157414,1.558294,0.119483,0.119483,6.8459,6.8459,1,1,0.007840,0.00006147
1771742594.577514,13.580000,0.010000,0.007555,-0.078175,-0.004079,-0.2337,0.686932,-0.140288,1.712573,0.129557,0.129557,7.4231,7.4231,1,1,0.007555,0.00005707
1771742594.587514,13.590000,0.010000,0.007197,-0.085812,-0.004101,-0.2350,0.813513,-0.121813,1.847567,0.055580,0.055580,3.1845,3.1845,1,1,0.007197,0.00005180
1771742594.597514,13.600000,0.010000,0.006843,-0.084914,-0.003672,-0.2104,0.860612,-0.102156,1.965687,0.088141,0.088141,5.0501,5.0501,1,1,0.006843,0.00004683
1771742594.607514,13.610000,0.010000,0.006492,-0.084191,-0.002915,-0.1670,0.894884,-0.082903,1.925268,0.082924,0.082924,4.7512,4.7512,1,1,0.006492,0.00004215
1771742594.617514,13.620000,0.010000,0.006144,-0.083598,-0.001918,-0.1099,0.919521,-0.065377,1.752649,0.122791,0.122791,7.0354,7.0354,1,1,0.006144,0.00003775
1771742594.627515,13.630000,0.010000,0.005798,-0.083102,-0.000751,-0.0430,0.936912,-0.052612,1.276415,0.139861,0.139861,8.0134,8.0134,1,1,0.005798,0.00003361
1771742594.637515,13.640000,0.010000,0.005453,-0.082679,0.000537,0.0307,0.948847,-0.037953,1.465929,0.114572,0.114572,6.5645,6.5645,1,1,0.005453,0.00002974
1771742594.647515,13.650000,0.010000,0.005110,-0.082310,0.001905,0.1091,0.956664,-0.027002,1.095106,0.166141,0.166141,9.5192,9.5192,1,1,0.005110,0.00002611
1771742594.657515,13.660000,0.010000,0.004769,-0.081980,0.003326,0.1905,0.961363,-0.013929,1.307283,0.152688,0.152688,8.7484,8.7484,1,1,0.004769,0.00002274
1771742594.667515,13.670000,0.010000,0.004428,-0.081680,0.004777,0.2737,0.963693,-0.002935,1.099389,0.216184,0.216184,12.3864,12.3864,1,1,0.004428,0.00001961
1771742594.677515,13.680000,0.010000,0.004089,-0.081401,0.006241,0.3576,0.964213,0.010175,1.311031,0.220366,0.220366,12.6260,12.6260,1,1,0.004089,0.00001672
1771742594.687515,13.690000,0.010000,0.003751,-0.081138,0.007707,0.4416,0.963339,0.021596,1.142132,0.299952,0.299952,17.1860,17.1860,1,1,0.003751,0.00001407
1771742594.697515,13.700000,0.010000,0.003414,-0.080886,0.009163,0.5250,0.961382,0.033832,1.223583,0.297618,0.297618,17.0523,17.0523,1,1,0.003414,0.00001165
1771742594.707515,13.710000,0.010000,0.003078,-0.080643,0.010603,0.6075,0.958573,0.045798,1.196557,0.324332,0.324332,18.5829,18.5829,1,1,0.003078,0.00000947
1771742594.717515,13.720000,0.010000,0.002743,-0.080406,0.012020,0.6887,0.955083,0.052777,0.697922,0.332417,0.332417,19.0461,19.0461,1,1,0.002743,0.00000752
1771742594.727515,13.730000,0.010000,0.002409,-0.080173,0.013410,0.7683,0.951040,0.057197,0.442055,0.272924,0.272924,15.6374,15.6374,1,1,0.002409,0.00000580
1771742594.737514,13.740000,0.010000,0.002075,-0.079943,0.014769,0.8462,0.946538,0.060413,0.321580,0.235342,0.235342,13.4841,13.4841,1,1,0.002075,0.00000431
1771742594.747514,13.750000,0.010000,0.001744,-0.079613,0.016087,0.9217,0.941100,0.066718,0.630449,0.223541,0.223541,12.8079,12.8079,1,1,0.001744,0.00000304
1771742594.757514,13.760000,0.010000,0.001416,-0.079136,0.017357,0.9945,0.934637,0.075725,0.900708,0.279181,0.279181,15.9959,15.9959,1,1,0.001416,0.00000201
1771742594.767514,13.770000,0.010000,0.001095,-0.078227,0.018556,1.0632,0.925820,0.080581,0.485596,0.315279,0.315279,18.0641,18.0641,1,1,0.001095,0.00000120
1771742594.777514,13.780000,0.010000,0.000783,-0.076944,0.019670,1.1270,0.915508,0.088320,0.773962,0.263510,0.263510,15.0980,15.0980,1,1,0.000783,0.00000061
1771742594.787514,13.790000,0.010000,0.000485,-0.075350,0.020693,1.1856,0.904396,0.096366,0.804592,0.297228,0.297228,17.0299,17.0299,1,1,0.000485,0.00000024
1771742594.797514,13.800000,0.010000,0.000201,-0.073484,0.021619,1.2387,0.892902,0.106897,1.053084,0.291077,0.291077,16.6775,16.6775,1,1,0.000201,0.00000004
1771742594.807514,13.810000,0.010000,-0.000065,-0.071378,0.022449,1.2863,0.881307,0.119602,1.270514,0.281754,0.281754,16.1433,16.1433,1,1,0.000065,0.00000000
1771742594.817514,13.820000,0.010000,-0.000312,-0.069060,0.023183,1.3283,0.869805,0.134210,1.460766,0.255382,0.255382,14.6323,14.6323,1,1,0.000312,0.00000010
1771742594.827514,13.830000,0.010000,-0.000539,-0.066562,0.023822,1.3649,0.858619,0.150482,1.627236,0.214302,0.214302,12.2786,12.2786,1,1,0.000539,0.00000029
1771742594.837514,13.840000,0.010000,-0.000821,-0.072082,0.025748,1.4752,0.995403,0.168211,1.772897,0.120818,0.120818,6.9224,6.9224,1,1,0.000821,0.00000067
1771742594.847514,13.850000,0.010000,-0.001052,-0.066302,0.027110,1.5533,0.934092,0.187215,1.900351,-0.137746,-0.137746,-7.8923,-7.8923,1,1,0.001052,0.00000111
1771742594.857514,13.860000,0.010000,-0.001345,-0.072587,0.029973,1.7174,1.094264,0.200352,1.313741,-0.249518,-0.249518,-14.2964,-14.2964,1,1,0.001345,0.00000181
1771742594.867514,13.870000,0.010000,-0.001563,-0.063976,0.031905,1.8280,0.993616,0.208357,0.800458,-0.342785,-0.342785,-19.6402,-19.6402,1,1,0.001563,0.00000244
1771742594.877515,13.880000,0.010000,-0.001770,-0.062519,0.034149,1.9566,1.026524,0.211870,0.351335,-0.269448,-0.269448,-15.4382,-15.4382,1,1,0.001770,0.00000313
1771742594.887515,13.890000,0.010000,-0.001932,-0.057174,0.036103,2.0686,0.994983,0.218435,0.656484,-0.267306,-0.267306,-15.3155,-15.3155,1,1,0.001932,0.00000373
1771742594.897515,13.900000,0.010000,-0.002132,-0.060745,0.039298,2.2516,1.127837,0.227670,0.923489,-0.280965,-0.280965,-16.0981,-16.0981,1,1,0.002132,0.00000455
1771742594.907515,13.910000,0.010000,-0.002238,-0.050044,0.041409,2.3726,1.011434,0.232260,0.458987,-0.374202,-0.374202,-21.4402,-21.4402,1,1,0.002238,0.00000501
1771742594.917515,13.920000,0.010000,-0.002381,-0.053650,0.044862,2.5704,1.155547,0.239767,0.750680,-0.301703,-0.301703,-17.2863,-17.2863,1,1,0.002381,0.00000567
1771742594.927515,13.930000,0.010000,-0.002421,-0.041899,0.047152,2.7016,1.031136,0.246180,0.641377,-0.385911,-0.385911,-22.1111,-22.1111,1,1,0.002421,0.00000586
1771742594.937515,13.940000,0.010000,-0.002487,-0.044293,0.050672,2.9033,1.163730,0.250627,0.444670,-0.366317,-0.366317,-20.9884,-20.9884,1,1,0.002487,0.00000619
1771742594.947515,13.950000,0.010000,-0.002446,-0.032090,0.053040,3.0390,1.041011,0.251221,0.059441,-0.392014,-0.392014,-22.4607,-22.4607,1,1,0.002446,0.00000598
1771742594.957515,13.960000,0.010000,-0.002375,-0.028359,0.055697,3.1912,1.073110,0.248251,-0.297055,-0.368450,-0.368450,-21.1106,-21.1106,1,1,0.002375,0.00000564
1771742594.967515,13.970000,0.010000,-0.002212,-0.017976,0.057562,3.2981,0.989602,0.242161,-0.608989,-0.354670,-0.354670,-20.3211,-20.3211,1,1,0.002212,0.00000489
1771742594.977515,13.980000,0.010000,-0.002013,-0.013522,0.059635,3.4168,1.013542,0.233342,-0.881931,-0.304766,-0.304766,-17.4618,-17.4618,1,1,0.002013,0.00000405
1771742594.987514,13.990000,0.010000,-0.001737,-0.004749,0.061206,3.5069,0.961669,0.222134,-1.120756,-0.274604,-0.274604,-15.7336,-15.7336,1,1,0.001737,0.00000302
1771742594.997514,14.000000,0.010000,-0.001411,-0.000816,0.062584,3.5858,0.953836,0.208837,-1.329727,-0.182137,-0.182137,-10.4357,-10.4357,1,1,0.001411,0.00000199
1771742595.007514,14.010000,0.010000,-0.001067,0.000003,0.064036,3.6690,0.973995,0.193711,-1.512577,-0.134484,-0.134484,-7.7054,-7.7054,1,1,0.001067,0.00000114
1771742595.017514,14.020000,0.010000,-0.000719,0.000005,0.065681,3.7632,1.000016,0.176985,-1.672571,-0.122993,-0.122993,-7.0470,-7.0470,1,1,0.000719,0.00000052
1771742595.027514,14.030000,0.010000,-0.000372,0.000006,0.067535,3.8695,1.025020,0.158860,-1.812565,-0.130291,-0.130291,-7.4651,-7.4651,1,1,0.000372,0.00000014
1771742595.037514,14.040000,0.010000,-0.000024,0.000008,0.069593,3.9874,1.049473,0.139509,-1.935060,-0.157162,-0.157162,-9.0047,-9.0047,1,1,0.000024,0.00000000
1771742595.047514,14.050000,0.010000,0.000323,0.000009,0.071854,4.1169,1.073733,0.119087,-2.042244,-0.192721,-0.192721,-11.0421,-11.0421,1,1,0.000323,0.00000010
1771742595.057514,14.060000,0.010000,0.000671,0.000011,0.074318,4.2581,1.098075,0.097726,-2.136029,-0.207286,-0.207286,-11.8766,-11.8766,1,1,0.000671,0.00000045
1771742595.067514,14.070000,0.010000,0.001018,0.000013,0.076987,4.4110,1.122715,0.075545,-2.218091,-0.201118,-0.201118,-11.5232,-11.5232,1,1,0.001018,0.00000104
1771742595.077514,14.080000,0.010000,0.001366,0.000013,0.079381,4.5482,1.031662,0.052646,-2.289896,-0.188007,-0.188007,-10.7720,-10.7720,1,1,0.001366,0.00000186
1771742595.087514,14.090000,0.010000,0.001708,0.000013,0.081070,4.6449,0.930586,0.029119,-2.352725,-0.144607,-0.144607,-8.2854,-8.2854,1,1,0.001708,0.00000292
1771742595.097514,14.100000,0.010000,0.002044,0.000013,0.082064,4.7019,0.840995,0.005042,-2.407700,-0.101513,-0.101513,-5.8163,-5.8163,1,1,0.002044,0.00000418
1771742595.107514,14.110000,0.010000,0.002376,0.000012,0.082360,4.7189,0.741314,-0.019516,-2.455803,-0.027242,-0.027242,-1.5609,-1.5609,1,1,0.002376,0.00000564
1771742595.117514,14.120000,0.010000,0.002701,0.000011,0.081974,4.6967,0.654094,-0.044495,-2.497894,-0.023525,-0.023525,-1.3479,-1.3479,1,1,0.002701,0.00000730
1771742595.127515,14.130000,0.010000,0.003022,0.000010,0.081112,4.6474,0.607257,-0.062861,-1.836591,-0.012042,-0.012042,-0.6899,-0.6899,1,1,0.003022,0.00000913
1771742595.137515,14.140000,0.010000,0.003339,0.000010,0.079929,4.5796,0.564637,-0.075440,-1.257951,-0.067556,-0.067556,-3.8707,-3.8707,1,1,0.003339,0.00001115
1771742595.147515,14.150000,0.010000,0.003654,0.000010,0.078582,4.5024,0.556828,-0.082957,-0.751642,-0.115104,-0.115104,-6.5950,-6.5950,1,1,0.003654,0.00001335
1771742595.157515,14.160000,0.010000,0.003966,0.000010,0.077092,4.4171,0.526168,-0.088873,-0.591675,-0.153992,-0.153992,-8.8231,-8.8231,1,1,0.003966,0.00001573
1771742595.167515,14.170000,0.010000,0.004276,0.000010,0.075406,4.3204,0.500878,-0.097409,-0.853609,-0.155004,-0.155004,-8.8811,-8.8811,1,1,0.004276,0.00001829
1771742595.177515,14.180000,0.010000,0.004584,0.000009,0.073450,4.2084,0.453925,-0.108369,-1.095974,-0.110752,-0.110752,-6.3456,-6.3456,1,1,0.004584,0.00002101
1771742595.187515,14.190000,0.010000,0.004889,0.000009,0.071208,4.0799,0.420914,-0.120734,-1.236466,-0.064620,-0.064620,-3.7024,-3.7024,1,1,0.004889,0.00002390
1771742595.197515,14.200000,0.010000,0.005190,0.000009,0.068747,3.9389,0.392532,-0.130782,-1.004796,-0.025399,-0.025399,-1.4552,-1.4552,1,1,0.005190,0.00002694
1771742595.207515,14.210000,0.010000,0.005490,0.000009,0.066156,3.7905,0.381995,-0.137935,-0.715321,-0.025096,-0.025096,-1.4379,-1.4379,1,1,0.005490,0.00003014
1771742595.217515,14.220000,0.010000,0.005787,0.000009,0.063554,3.6414,0.385902,-0.140703,-0.276840,-0.031208,-0.031208,-1.7881,-1.7881,1,1,0.005787,0.00003349
1771742595.227515,14.230000,0.010000,0.006084,0.000008,0.061046,3.4977,0.402859,-0.139635,0.106831,-0.059341,-0.059341,-3.4000,-3.4000,1,1,0.006084,0.00003701
1771742595.237514,14.240000,0.010000,0.006379,-0.000265,0.058724,3.3647,0.431900,-0.135210,0.442543,-0.092389,-0.092389,-5.2935,-5.2935,1,1,0.006379,0.00004069
1771742595.247514,14.250000,0.010000,0.006669,-0.001141,0.056673,3.2471,0.470762,-0.127847,0.736291,-0.148526,-0.148526,-8.5099,-8.5099,1,1,0.006669,0.00004448
1771742595.257514,14.260000,0.010000,0.006951,-0.002448,0.054948,3.1483,0.515233,-0.117914,0.993321,-0.228282,-0.228282,-13.0796,-13.0796,1,1,0.006951,0.00004831
1771742595.267514,14.270000,0.010000,0.007229,-0.001966,0.053360,3.0573,0.509316,-0.111619,0.629463,-0.298314,-0.298314,-17.0922,-17.0922,1,1,0.007229,0.00005226
1771742595.277514,14.280000,0.010000,0.007502,-0.003614,0.051934,2.9756,0.550339,-0.109602,0.201715,-0.250171,-0.250171,-14.3337,-14.3337,1,1,0.007502,0.00005628
1771742595.287514,14.290000,0.010000,0.007780,-0.000783,0.050320,2.8831,0.469230,-0.111327,-0.172566,-0.152599,-0.152599,-8.7433,-8.7433,1,1,0.007780,0.00006053
1771742595.297514,14.300000,0.010000,0.008039,-0.007060,0.048916,2.8027,0.582658,-0.116328,-0.500061,-0.064317,-0.064317,-3.6851,-3.6851,1,1,0.008039,0.00006462
1771742595.307514,14.310000,0.010000,0.008305,0.000011,0.047050,2.6958,0.377201,-0.117213,-0.088487,-0.003406,-0.003406,-0.1952,-0.1952,1,1,0.008305,0.00006897
1771742595.317514,14.320000,0.010000,0.008510,-0.019331,0.045894,2.6295,0.711532,-0.114496,0.271639,-0.028885,-0.028885,-1.6550,-1.6550,1,1,0.008510,0.00007242
1771742595.327514,14.330000,0.010000,0.008728,0.000007,0.043917,2.5163,0.241222,-0.108629,0.586750,-0.134459,-0.134459,-7.7039,-7.7039,1,1,0.008728,0.00007618
1771742595.337514,14.340000,0.010000,0.008912,-0.022598,0.041959,2.4041,0.625624,-0.100004,0.862472,-0.058146,-0.058146,-3.3315,-3.3315,1,1,0.008912,0.00007942
1771742595.347514,14.350000,0.010000,0.009020,-0.021860,0.041172,2.3590,0.593129,-0.091405,0.859951,-0.283824,-0.283824,-16.2619,-16.2619,1,1,0.009020,0.00008136
1771742595.357514,14.360000,0.010000,0.009095,-0.030058,0.040789,2.3371,0.715496,-0.087371,0.403391,-0.281721,-0.281721,-16.1414,-16.1414,1,1,0.009095,0.00008272
1771742595.367514,14.370000,0.010000,0.009198,-0.016388,0.039729,2.2763,0.452480,-0.087332,0.003902,-0.219283,-0.219283,-12.5640,-12.5640,1,1,0.009198,0.00008460
1771742595.377515,14.380000,0.010000,0.009266,-0.035703,0.039092,2.2398,0.767218,-0.090788,-0.345652,-0.049582,-0.049582,-2.8408,-2.8408,1,1,0.009266,0.00008585
1771742595.387515,14.390000,0.010000,0.009382,-0.007946,0.037366,2.1409,0.253194,-0.097303,-0.651511,-0.018984,-0.018984,-1.0877,-1.0877,1,1,0.009382,0.00008802
1771742595.397515,14.400000,0.010000,0.009494,-0.031374,0.035516,2.0349,0.636664,-0.106495,-0.919138,0.092337,0.092337,5.2905,5.2905,1,1,0.009494,0.00009013
1771742595.407515,14.410000,0.010000,0.009588,-0.016056,0.033698,1.9307,0.334785,-0.118028,-1.153312,0.016595,0.016595,0.9508,0.9508,1,1,0.009588,0.00009193
1771742595.417515,14.420000,0.010000,0.009639,-0.038296,0.032347,1.8533,0.689567,-0.124629,-0.660082,0.077555,0.077555,4.4436,4.4436,1,1,0.009639,0.00009292
1771742595.427515,14.430000,0.010000,0.009731,-0.010199,0.029966,1.7169,0.157938,-0.126914,-0.228506,0.016886,0.016886,0.9675,0.9675,1,1,0.009731,0.00009468
1771742595.437515,14.440000,0.010000,0.009808,-0.036089,0.027523,1.5769,0.571522,-0.125423,0.149123,0.102746,0.102746,5.8869,5.8869,1,1,0.009808,0.00009619
1771742595.447515,14.450000,0.010000,0.009792,-0.036683,0.026315,1.5077,0.534392,-0.120627,0.479549,0.014141,0.014141,0.8102,0.8102,1,1,0.009792,0.00009588
1771742595.457515,14.460000,0.010000,0.009736,-0.045225,0.025401,1.4554,0.634970,-0.119922,0.070539,-0.031008,-0.031008,-1.7766,-1.7766,1,1,0.009736,0.00009478
1771742595.467515,14.470000,0.010000,0.009674,-0.039227,0.024170,1.3848,0.479268,-0.115814,0.410788,0.020679,0.020679,1.1848,1.1848,1,1,0.009674,0.00009358
1771742595.477515,14.480000,0.010000,0.009548,-0.059040,0.023647,1.3549,0.775333,-0.115710,0.010373,0.003581,0.003581,0.2052,0.2052,1,1,0.009548,0.00009116
1771742595.487514,14.490000,0.010000,0.009484,-0.027437,0.021577,1.2363,0.168848,-0.119110,-0.339989,0.019496,0.019496,1.1170,1.1170,1,1,0.009484,0.00008995
1771742595.497514,14.500000,0.010000,0.009420,-0.052975,0.019114,1.0951,0.565837,-0.125576,-0.646556,0.103685,0.103685,5.9407,5.9407,1,1,0.009420,0.00008874
1771742595.507514,14.510000,0.010000,0.009250,-0.056936,0.018031,1.0331,0.578070,-0.127742,-0.216671,0.034852,0.034852,1.9969,1.9969,1,1,0.009250,0.00008556
1771742595.517514,14.520000,0.010000,0.009048,-0.060811,0.017020,0.9752,0.588386,-0.126147,0.159479,0.050948,0.050948,2.9191,2.9191,1,1,0.009048,0.00008187
1771742595.527514,14.530000,0.010000,0.008806,-0.067031,0.016245,0.9308,0.639737,-0.121261,0.488610,0.059225,0.059225,3.3933,3.3933,1,1,0.008806,0.00007754
1771742595.537514,14.540000,0.010000,0.008528,-0.069973,0.015602,0.8939,0.633738,-0.113495,0.776599,0.022405,0.022405,1.2837,1.2837,1,1,0.008528,0.00007273
1771742595.547514,14.550000,0.010000,0.008192,-0.081400,0.015524,0.8895,0.777762,-0.103209,1.028590,-0.024503,-0.024503,-1.4039,-1.4039,1,1,0.008192,0.00006710
1771742595.557514,14.560000,0.010000,0.007865,-0.078400,0.015650,0.8967,0.771709,-0.090719,1.249082,-0.101238,-0.101238,-5.8005,-5.8005,1,1,0.007865,0.00006186
1771742595.567514,14.570000,0.010000,0.007511,-0.084869,0.016354,0.9370,0.898787,-0.076299,1.442013,-0.100331,-0.100331,-5.7485,-5.7485,1,1,0.007511,0.00005642
1771742595.577514,14.580000,0.010000,0.007189,-0.077401,0.017087,0.9790,0.837789,-0.064994,1.130489,-0.067424,-0.067424,-3.8631,-3.8631,1,1,0.007189,0.00005168
1771742595.587514,14.590000,0.010000,0.006845,-0.082446,0.018135,1.0391,0.921084,-0.058593,0.640112,-0.087860,-0.087860,-5.0340,-5.0340,1,1,0.006845,0.00004686
1771742595.597514,14.600000,0.010000,0.006515,-0.079254,0.019284,1.1049,0.906387,-0.049501,0.909164,-0.078039,-0.078039,-4.4713,-4.4713,1,1,0.006515,0.00004244
1771742595.607514,14.610000,0.010000,0.006176,-0.081325,0.020646,1.1829,0.951344,-0.042866,0.663519,-0.057606,-0.057606,-3.3006,-3.3006,1,1,0.006176,0.00003814
1771742595.617514,14.620000,0.010000,0.005842,-0.080085,0.022133,1.2681,0.956827,-0.035070,0.779522,-0.067250,-0.067250,-3.8531,-3.8531,1,1,0.005842,0.00003413
1771742595.627515,14.630000,0.010000,0.005501,-0.081970,0.023866,1.3674,1.004369,-0.024759,1.031148,-0.062968,-0.062968,-3.6078,-3.6078,1,1,0.005501,0.00003026
1771742595.637515,14.640000,0.010000,0.005165,-0.080652,0.025752,1.4755,1.012492,-0.017308,0.745143,-0.015145,-0.015145,-0.8677,-0.8677,1,1,0.005165,0.00002667
1771742595.647515,14.650000,0.010000,0.004827,-0.081012,0.027797,1.5927,1.036493,-0.008776,0.853190,-0.057364,-0.057364,-3.2867,-3.2867,1,1,0.004827,0.00002330
1771742595.657515,14.660000,0.010000,0.004491,-0.080568,0.029973,1.7173,1.049670,-0.000276,0.850006,-0.021668,-0.021668,-1.2415,-1.2415,1,1,0.004491,0.00002017
1771742595.667515,14.670000,0.010000,0.004158,-0.079876,0.032224,1.8463,1.054276,0.003671,0.394690,0.002966,0.002966,0.1700,0.1700,1,1,0.004158,0.00001729
1771742595.677515,14.680000,0.010000,0.003839,-0.076543,0.034307,1.9656,1.006074,0.003634,-0.003713,-0.086707,-0.086707,-4.9680,-4.9680,1,1,0.003839,0.00001474
1771742595.687515,14.690000,0.010000,0.003526,-0.077549,0.036351,2.0828,1.033612,0.000111,-0.352314,-0.076608,-0.076608,-4.3893,-4.3893,1,1,0.003526,0.00001244
1771742595.697515,14.700000,0.010000,0.003249,-0.068604,0.037875,2.1701,0.889567,-0.006462,-0.657341,-0.056076,-0.056076,-3.2129,-3.2129,1,1,0.003249,0.00001056
1771742595.707515,14.710000,0.010000,0.002994,-0.070886,0.039164,2.2439,0.951250,-0.014083,-0.762017,0.039905,0.039905,2.2864,2.2864,1,1,0.002994,0.00000897
1771742595.717515,14.720000,0.010000,0.002763,-0.064064,0.040245,2.3059,0.854542,-0.023305,-0.922223,0.020842,0.020842,1.1942,1.1942,1,1,0.002763,0.00000763
1771742595.727515,14.730000,0.010000,0.002547,-0.066221,0.041277,2.3650,0.922295,-0.030146,-0.684173,0.078940,0.078940,4.5229,4.5229,1,1,0.002547,0.00000649
1771742595.737514,14.740000,0.010000,0.002365,-0.056757,0.041957,2.4039,0.785742,-0.033579,-0.343244,0.014085,0.014085,0.8070,0.8070,1,1,0.002365,0.00000559
1771742595.747514,14.750000,0.010000,0.002206,-0.059596,0.042533,2.4370,0.872197,-0.037788,-0.420886,0.004842,0.004842,0.2774,0.2774,1,1,0.002206,0.00000487
1771742595.757514,14.760000,0.010000,0.002065,-0.053553,0.043100,2.4694,0.801996,-0.040935,-0.314748,-0.004728,-0.004728,-0.2709,-0.2709,1,1,0.002065,0.00000426
1771742595.767514,14.770000,0.010000,0.001937,-0.055590,0.043747,2.5065,0.878735,-0.040199,0.073661,-0.014081,-0.014081,-0.8068,-0.8068,1,1,0.001937,0.00000375
1771742595.777514,14.780000,0.010000,0.001842,-0.046812,0.044165,2.5305,0.763894,-0.042344,-0.214564,-0.127963,-0.127963,-7.3318,-7.3318,1,1,0.001842,0.00000339
1771742595.787514,14.790000,0.010000,0.001769,-0.049220,0.044561,2.5531,0.851114,-0.040731,0.161323,-0.046547,-0.046547,-2.6670,-2.6670,1,1,0.001769,0.00000313
1771742595.797514,14.800000,0.010000,0.001691,-0.048871,0.045408,2.6017,0.890186,-0.035829,0.490223,-0.181014,-0.181014,-10.3713,-10.3713,1,1,0.001691,0.00000286
1771742595.807514,14.810000,0.010000,0.001647,-0.041559,0.046036,2.6377,0.806477,-0.035030,0.079880,-0.282084,-0.282084,-16.1622,-16.1622,1,1,0.001647,0.00000271
1771742595.817514,14.820000,0.010000,0.001625,-0.042801,0.046680,2.6746,0.877536,-0.037822,-0.279171,-0.203286,-0.203286,-11.6474,-11.6474,1,1,0.001625,0.00000264
1771742595.827514,14.830000,0.010000,0.001640,-0.033576,0.047081,2.6975,0.762159,-0.040104,-0.228175,-0.124612,-0.124612,-7.1398,-7.1398,1,1,0.001640,0.00000269
1771742595.837514,14.840000,0.010000,0.001679,-0.035641,0.047462,2.7194,0.849696,-0.038609,0.149413,-0.132738,-0.132738,-7.6053,-7.6053,1,1,0.001679,0.00000282
1771742595.847514,14.850000,0.010000,0.001718,-0.034667,0.048277,2.7661,0.882956,-0.033811,0.479802,-0.255762,-0.255762,-14.6541,-14.6541,1,1,0.001718,0.00000295
1771742595.857514,14.860000,0.010000,0.001772,-0.032077,0.049228,2.8205,0.888094,-0.026122,0.768893,-0.328532,-0.328532,-18.8235,-18.8235,1,1,0.001772,0.00000314
1771742595.867514,14.870000,0.010000,0.001843,-0.030970,0.050338,2.8841,0.920738,-0.021096,0.502597,-0.350004,-0.350004,-20.0537,-20.0537,1,1,0.001843,0.00000340
1771742595.877515,14.880000,0.010000,0.001942,-0.025307,0.051362,2.9428,0.872778,-0.017854,0.324235,-0.343555,-0.343555,-19.6842,-19.6842,1,1,0.001942,0.00000377
1771742595.887515,14.890000,0.010000,0.002062,-0.025594,0.052482,3.0070,0.932016,-0.016213,0.164082,-0.336184,-0.336184,-19.2619,-19.2619,1,1,0.002062,0.00000425
1771742595.897515,14.900000,0.010000,0.002217,-0.017419,0.053423,3.0609,0.840301,-0.015947,0.026651,-0.321742,-0.321742,-18.4344,-18.4344,1,1,0.002217,0.00000491
1771742595.907515,14.910000,0.010000,0.002395,-0.018709,0.054392,3.1165,0.918025,-0.019204,-0.325746,-0.316943,-0.316943,-18.1595,-18.1595,1,1,0.002395,0.00000574
1771742595.917515,14.920000,0.010000,0.002614,-0.008640,0.055027,3.1528,0.773304,-0.022622,-0.341790,-0.270810,-0.270810,-15.5163,-15.5163,1,1,0.002614,0.00000683
1771742595.927515,14.930000,0.010000,0.002854,-0.011800,0.055648,3.1884,0.883135,-0.029103,-0.648132,-0.267525,-0.267525,-15.3281,-15.3281,1,1,0.002854,0.00000814
1771742595.937515,14.940000,0.010000,0.003124,-0.002227,0.055785,3.1963,0.675417,-0.038265,-0.916181,-0.216827,-0.216827,-12.4232,-12.4232,1,1,0.003124,0.00000976
1771742595.947515,14.950000,0.010000,0.003400,-0.008038,0.055877,3.2015,0.829035,-0.049773,-1.150724,-0.116339,-0.116339,-6.6657,-6.6657,1,1,0.003400,0.00001156
1771742595.957515,14.960000,0.010000,0.003691,0.000011,0.055464,3.1779,0.580668,-0.059127,-0.935496,-0.049759,-0.049759,-2.8510,-2.8510,1,1,0.003691,0.00001363
1771742595.967515,14.970000,0.010000,0.003969,-0.008496,0.055045,3.1538,0.776687,-0.068329,-0.920134,-0.080059,-0.080059,-4.5870,-4.5870,1,1,0.003969,0.00001575
1771742595.977515,14.980000,0.010000,0.004253,0.000009,0.054054,3.0970,0.477963,-0.079871,-1.154183,-0.046853,-0.046853,-2.6845,-2.6845,1,1,0.004253,0.00001809
1771742595.987514,14.990000,0.010000,0.004512,-0.011357,0.053067,3.0405,0.717745,-0.093460,-1.358976,-0.029858,-0.029858,-1.7108,-1.7108,1,1,0.004512,0.00002036
1771742595.997514,15.000000,0.010000,0.004783,0.000760,0.051197,2.9334,0.309267,-0.108842,-1.538170,0.060184,0.060184,3.4483,3.4483,1,1,0.004783,0.00002288
1771742596.007514,15.010000,0.010000,0.005022,-0.014711,0.049226,2.8205,0.613408,-0.125792,-1.694964,0.073381,0.073381,4.2044,4.2044,1,1,0.005022,0.00002522
1771742596.017514,15.020000,0.010000,0.005269,0.000004,0.046407,2.6589,0.161799,-0.144113,-1.832160,0.084915,0.084915,4.8652,4.8652,1,1,0.005269,0.00002776
1771742596.027514,15.030000,0.010000,0.005477,-0.019137,0.043563,2.4960,0.520031,-0.163635,-1.952206,0.093981,0.093981,5.3847,5.3847,1,1,0.005477,0.00003000
1771742596.037514,15.040000,0.010000,0.005700,0.000002,0.039687,2.2739,-0.018613,-0.182799,-1.916348,0.058675,0.058675,3.3618,3.3618,1,1,0.005700,0.00003249
1771742596.047514,15.050000,0.010000,0.005881,-0.023445,0.035757,2.0487,0.402930,-0.196076,-1.327738,0.082551,0.082551,4.7298,4.7298,1,1,0.005881,0.00003458
1771742596.057514,15.060000,0.010000,0.006079,0.000001,0.031408,1.7996,-0.037894,-0.205007,-0.893111,0.046394,0.046394,2.6582,2.6582,1,1,0.006079,0.00003695
1771742596.067514,15.070000,0.010000,0.006251,-0.024607,0.027359,1.5675,0.388751,-0.209331,-0.432407,0.064083,0.064083,3.6717,3.6717,1,1,0.006251,0.00003908
1771742596.077514,15.080000,0.010000,0.006421,-0.004923,0.023215,1.3301,0.023008,-0.209624,-0.029290,0.073808,0.073808,4.2289,4.2289,1,1,0.006421,0.00004124
1771742596.087514,15.090000,0.010000,0.006557,-0.028929,0.019503,1.1174,0.423442,-0.206390,0.323437,0.053162,0.053162,3.0460,3.0460,1,1,0.006557,0.00004300
1771742596.097514,15.100000,0.010000,0.006668,-0.014957,0.015979,0.9155,0.144341,-0.200069,0.632073,0.111683,0.111683,6.3989,6.3989,1,1,0.006668,0.00004446
1771742596.107514,15.110000,0.010000,0.006731,-0.037151,0.012987,0.7441,0.499136,-0.191048,0.902130,0.064682,0.064682,3.7060,3.7060,1,1,0.006731,0.00004531
1771742596.117514,15.120000,0.010000,0.006756,-0.027766,0.010313,0.5909,0.289405,-0.179664,1.138430,0.130542,0.130542,7.4795,7.4795,1,1,0.006756,0.00004565
1771742596.127515,15.130000,0.010000,0.006729,-0.047434,0.008180,0.4687,0.589505,-0.166212,1.345192,0.079254,0.079254,4.5409,4.5409,1,1,0.006729,0.00004529
1771742596.137515,15.140000,0.010000,0.006646,-0.044447,0.006603,0.3783,0.484713,-0.150951,1.526109,0.086559,0.086559,4.9595,4.9595,1,1,0.006646,0.00004418
1771742596.147515,15.150000,0.010000,0.006505,-0.060274,0.005621,0.3220,0.711204,-0.134107,1.684411,0.033666,0.033666,1.9289,1.9289,1,1,0.006505,0.00004232
1771742596.157515,15.160000,0.010000,0.006309,-0.060205,0.005148,0.2950,0.655104,-0.115877,1.822925,0.011022,0.011022,0.6315,0.6315,1,1,0.006309,0.00003980
1771742596.167515,15.170000,0.010000,0.006060,-0.072291,0.005153,0.2952,0.815230,-0.096436,1.944126,-0.041437,-0.041437,-2.3742,-2.3742,1,1,0.006060,0.00003673
1771742596.177515,15.180000,0.010000,0.005737,-0.079947,0.006023,0.3451,0.897961,-0.075934,2.050176,0.027237,0.027237,1.5606,1.5606,1,1,0.005737,0.00003292
1771742596.187515,15.190000,0.010000,0.005393,-0.082706,0.007247,0.4152,0.944074,-0.060643,1.529107,0.109523,0.109523,6.2752,6.2752,1,1,0.005393,0.00002908
1771742596.197515,15.200000,0.010000,0.005050,-0.082227,0.008626,0.4942,0.959825,-0.045052,1.559081,0.089219,0.089219,5.1118,5.1118,1,1,0.005050,0.00002550
1771742596.207515,15.210000,0.010000,0.004709,-0.081811,0.010116,0.5796,0.970722,-0.030195,1.485754,0.136866,0.136866,7.8419,7.8419,1,1,0.004709,0.00002218
1771742596.217515,15.220000,0.010000,0.004370,-0.081443,0.011681,0.6693,0.977963,-0.019775,1.041962,0.172625,0.172625,9.8907,9.8907,1,1,0.004370,0.00001910
1771742596.227515,15.230000,0.010000,0.004032,-0.081110,0.013297,0.7618,0.982441,-0.007167,1.260782,0.128309,0.128309,7.3516,7.3516,1,1,0.004032,0.00001626
1771742596.237514,15.240000,0.010000,0.003695,-0.080803,0.014943,0.8562,0.984826,0.001814,0.898117,0.214629,0.214629,12.2974,12.2974,1,1,0.003695,0.00001365
1771742596.247514,15.250000,0.010000,0.003360,-0.080515,0.016606,0.9514,0.985618,0.013163,1.134918,0.169567,0.169567,9.7155,9.7155,1,1,0.003360,0.00001129
1771742596.257514,15.260000,0.010000,0.003025,-0.080240,0.018273,1.0470,0.985188,0.021424,0.826136,0.244908,0.244908,14.0322,14.0322,1,1,0.003025,0.00000915
1771742596.267514,15.270000,0.010000,0.002692,-0.079975,0.019937,1.1423,0.983816,0.029566,0.814183,0.202862,0.202862,11.6232,11.6232,1,1,0.002692,0.00000725
1771742596.277514,15.280000,0.010000,0.002360,-0.079686,0.021589,1.2370,0.981542,0.033200,0.363344,0.218423,0.218423,12.5147,12.5147,1,1,0.002360,0.00000557
1771742596.287514,15.290000,0.010000,0.002031,-0.079216,0.023215,1.3301,0.977719,0.032888,-0.031140,0.136893,0.136893,7.8434,7.8434,1,1,0.002031,0.00000413
1771742596.297514,15.300000,0.010000,0.001709,-0.078286,0.024790,1.4204,0.971184,0.029125,-0.376313,0.123912,0.123912,7.0996,7.0996,1,1,0.001709,0.00000292
1771742596.307514,15.310000,0.010000,0.001398,-0.076927,0.026297,1.5067,0.962759,0.028889,-0.023604,0.106262,0.106262,6.0884,6.0884,1,1,0.001398,0.00000195
1771742596.317514,15.320000,0.010000,0.001100,-0.075212,0.027725,1.5885,0.953317,0.032173,0.328412,0.102587,0.102587,5.8778,5.8778,1,1,0.001100,0.00000121
1771742596.327514,15.330000,0.010000,0.000818,-0.073189,0.029070,1.6656,0.943396,0.038537,0.636427,0.092591,0.092591,5.3051,5.3051,1,1,0.000818,0.00000067
1771742596.337514,15.340000,0.010000,0.000556,-0.070887,0.030331,1.7378,0.933322,0.047597,0.905939,0.158431,0.158431,9.0774,9.0774,1,1,0.000556,0.00000031
1771742596.347514,15.350000,0.010000,0.000314,-0.068345,0.031508,1.8053,0.923422,0.059014,1.141763,0.224715,0.224715,12.8752,12.8752,1,1,0.000314,0.00000010
1771742596.357514,15.360000,0.010000,0.000094,-0.065593,0.032605,1.8681,0.913919,0.067676,0.866182,0.252220,0.252220,14.4512,14.4512,1,1,0.000094,0.00000001
1771742596.367514,15.370000,0.010000,-0.000101,-0.062660,0.033626,1.9266,0.904974,0.078746,1.106976,0.211648,0.211648,12.1266,12.1266,1,1,0.000101,0.00000001
1771742596.377515,15.380000,0.010000,-0.000271,-0.059573,0.034577,1.9811,0.896732,0.090099,1.135268,0.198499,0.198499,11.3732,11.3732,1,1,0.000271,0.00000007
1771742596.387515,15.390000,0.010000,-0.000415,-0.056359,0.035464,2.0319,0.889340,0.103523,1.342425,0.169800,0.169800,9.7288,9.7288,1,1,0.000415,0.00000017
1771742596.397515,15.400000,0.010000,-0.000531,-0.053045,0.036296,2.0796,0.882920,0.115940,1.241743,0.137023,0.137023,7.8508,7.8508,1,1,0.000531,0.00000028
1771742596.407515,15.410000,0.010000,-0.000618,-0.049657,0.037081,2.1246,0.877576,0.128751,1.281029,0.060754,0.060754,3.4809,3.4809,1,1,0.000618,0.00000038
1771742596.417515,15.420000,0.010000,-0.000678,-0.046218,0.037828,2.1674,0.873397,0.136469,0.771834,-0.029889,-0.029889,-1.7125,-1.7125,1,1,0.000678,0.00000046
1771742596.427515,15.430000,0.010000,-0.000708,-0.042751,0.038549,2.2087,0.870461,0.139732,0.326289,-0.090950,-0.090950,-5.2110,-5.2110,1,1,0.000708,0.00000050
1771742596.437515,15.440000,0.010000,-0.000710,-0.039278,0.039253,2.2491,0.868831,0.139096,-0.063563,-0.129975,-0.129975,-7.4470,-7.4470,1,1,0.000710,0.00000050
1771742596.447515,15.450000,0.010000,-0.000682,-0.035818,0.039953,2.2891,0.868564,0.135049,-0.404683,-0.139233,-0.139233,-7.9775,-7.9775,1,1,0.000682,0.00000047
1771742596.457515,15.460000,0.010000,-0.000626,-0.032391,0.040658,2.3296,0.869705,0.129742,-0.530734,-0.112193,-0.112193,-6.4282,-6.4282,1,1,0.000626,0.00000039
1771742596.467515,15.470000,0.010000,-0.000542,-0.029012,0.041383,2.3710,0.872290,0.128589,-0.115326,-0.116886,-0.116886,-6.6971,-6.6971,1,1,0.000542,0.00000029
1771742596.477515,15.480000,0.010000,-0.000430,-0.025699,0.042137,2.4143,0.876348,0.131070,0.248155,-0.174773,-0.174773,-10.0138,-10.0138,1,1,0.000430,0.00000018
1771742596.487514,15.490000,0.010000,-0.000291,-0.022463,0.042935,2.4600,0.881897,0.136732,0.566202,-0.215021,-0.215021,-12.3198,-12.3198,1,1,0.000291,0.00000008
1771742596.497514,15.500000,0.010000,-0.000125,-0.019318,0.043788,2.5089,0.888952,0.145177,0.844492,-0.249052,-0.249052,-14.2696,-14.2696,1,1,0.000125,0.00000002
1771742596.507514,15.510000,0.010000,0.000066,-0.016272,0.044710,2.5617,0.897515,0.151843,0.666526,-0.257659,-0.257659,-14.7628,-14.7628,1,1,0.000066,0.00000000
1771742596.517514,15.520000,0.010000,0.000282,-0.013333,0.045712,2.6191,0.907585,0.154184,0.234144,-0.252111,-0.252111,-14.4449,-14.4449,1,1,0.000282,0.00000008
1771742596.527514,15.530000,0.010000,0.000521,-0.010507,0.046807,2.6819,0.919149,0.152742,-0.144189,-0.247249,-0.247249,-14.1663,-14.1663,1,1,0.000521,0.00000027
1771742596.537514,15.540000,0.010000,0.000778,-0.009295,0.048044,2.7527,0.940658,0.147990,-0.475232,-0.241530,-0.241530,-13.8386,-13.8386,1,1,0.000778,0.00000060
1771742596.547514,15.550000,0.010000,0.001044,-0.008196,0.049454,2.8335,0.961558,0.140341,-0.764894,-0.232627,-0.232627,-13.3285,-13.3285,1,1,0.001044,0.00000109
1771742596.557514,15.560000,0.010000,0.001319,-0.007105,0.051034,2.9240,0.981694,0.130157,-1.018348,-0.214518,-0.214518,-12.2910,-12.2910,1,1,0.001319,0.00000174
1771742596.567514,15.570000,0.010000,0.001603,-0.006042,0.052780,3.0241,1.001642,0.117756,-1.240120,-0.229698,-0.229698,-13.1607,-13.1607,1,1,0.001603,0.00000257
1771742596.577514,15.580000,0.010000,0.001895,-0.005016,0.054694,3.1337,1.021768,0.103414,-1.434171,-0.241885,-0.241885,-13.8590,-13.8590,1,1,0.001895,0.00000359
1771742596.587514,15.590000,0.010000,0.002197,-0.004027,0.056779,3.2532,1.042302,0.087375,-1.603965,-0.252540,-0.252540,-14.4695,-14.4695,1,1,0.002197,0.00000482
1771742596.597514,15.600000,0.010000,0.002506,-0.003079,0.059040,3.3827,1.063431,0.069849,-1.752536,-0.250431,-0.250431,-14.3486,-14.3486,1,1,0.002506,0.00000628
1771742596.607514,15.610000,0.010000,0.002822,-0.002169,0.061482,3.5227,1.085267,0.051024,-1.882534,-0.234915,-0.234915,-13.4596,-13.4596,1,1,0.002822,0.00000796
1771742596.617514,15.620000,0.010000,0.003152,0.000020,0.063587,3.6433,0.981455,0.031061,-1.996284,-0.213333,-0.213333,-12.2231,-12.2231,1,1,0.003152,0.00000993
1771742596.627515,15.630000,0.010000,0.003484,0.000020,0.065147,3.7327,0.929701,0.010103,-2.095814,-0.145377,-0.145377,-8.3295,-8.3295,1,1,0.003484,0.00001214
1771742596.637515,15.640000,0.010000,0.003814,0.000017,0.066041,3.7838,0.806617,-0.011726,-2.182903,-0.065572,-0.065572,-3.7570,-3.7570,1,1,0.003814,0.00001454
1771742596.647515,15.650000,0.010000,0.004136,0.000016,0.066327,3.8002,0.755894,-0.034317,-2.259106,0.009281,0.009281,0.5318,0.5318,1,1,0.004136,0.00001711
1771742596.657515,15.660000,0.010000,0.004456,0.000013,0.065938,3.7779,0.630889,-0.057575,-2.325784,0.052382,0.052382,3.0013,3.0013,1,1,0.004456,0.00001985
1771742596.667515,15.670000,0.010000,0.004768,0.000013,0.064967,3.7224,0.588789,-0.080569,-2.299438,0.045353,0.045353,2.5985,2.5985,1,1,0.004768,0.00002273
1771742596.677515,15.680000,0.010000,0.005077,0.000011,0.063478,3.6370,0.495184,-0.099576,-1.900721,0.061378,0.061378,3.5167,3.5167,1,1,0.005077,0.00002578
1771742596.687515,15.690000,0.010000,0.005381,0.000011,0.061672,3.5335,0.491738,-0.113944,-1.436773,0.041073,0.041073,2.3533,2.3533,1,1,0.005381,0.00002896
1771742596.697515,15.700000,0.010000,0.005684,0.000009,0.059473,3.4076,0.397728,-0.128413,-1.446928,0.029758,0.029758,1.7050,1.7050,1,1,0.005684,0.00003231
1771742596.707515,15.710000,0.010000,0.005981,0.000009,0.056982,3.2649,0.401271,-0.142597,-1.418396,0.039004,0.039004,2.2347,2.2347,1,1,0.005981,0.00003578
1771742596.717515,15.720000,0.010000,0.006278,0.000007,0.054135,3.1017,0.310457,-0.156340,-1.374289,0.059819,0.059819,3.4274,3.4274,1,1,0.006278,0.00003941
1771742596.727515,15.730000,0.010000,0.006566,-0.000550,0.051100,2.9278,0.336964,-0.168102,-1.176133,0.078233,0.078233,4.4824,4.4824,1,1,0.006566,0.00004312
1771742596.737514,15.740000,0.010000,0.006855,0.000006,0.047833,2.7406,0.257965,-0.176453,-0.835168,0.071243,0.071243,4.0819,4.0819,1,1,0.006855,0.00004699
1771742596.747514,15.750000,0.010000,0.007118,-0.005515,0.044746,2.5638,0.363512,-0.181063,-0.461000,0.076222,0.076222,4.3672,4.3672,1,1,0.007118,0.00005067
1771742596.757514,15.760000,0.010000,0.007385,0.000005,0.041326,2.3678,0.196264,-0.181606,-0.054309,0.064628,0.064628,3.7029,3.7029,1,1,0.007385,0.00005453
1771742596.767514,15.770000,0.010000,0.007576,-0.021638,0.038913,2.2295,0.572011,-0.178591,0.301546,0.070318,0.070318,4.0289,4.0289,1,1,0.007576,0.00005739
1771742596.777514,15.780000,0.010000,0.007782,0.000002,0.035303,2.0227,-0.021084,-0.172462,0.612918,0.046262,0.046262,2.6506,2.6506,1,1,0.007782,0.00006056
1771742596.787514,15.790000,0.010000,0.007941,-0.026558,0.031578,1.8093,0.430470,-0.163608,0.885369,0.066692,0.066692,3.8211,3.8211,1,1,0.007941,0.00006306
1771742596.797514,15.800000,0.010000,0.007990,-0.030972,0.029590,1.6954,0.482258,-0.152370,1.123764,0.014076,0.014076,0.8065,0.8065,1,1,0.007990,0.00006384
1771742596.807514,15.810000,0.010000,0.008001,-0.036145,0.028031,1.6060,0.543640,-0.139047,1.332359,-0.024895,-0.024895,-1.4264,-1.4264,1,1,0.008001,0.00006401
1771742596.817514,15.820000,0.010000,0.007971,-0.041245,0.026915,1.5421,0.600838,-0.123898,1.514880,-0.106023,-0.106023,-6.0747,-6.0747,1,1,0.007971,0.00006354
1771742596.827514,15.830000,0.010000,0.007895,-0.048086,0.026337,1.5090,0.686654,-0.107152,1.674586,-0.177071,-0.177071,-10.1454,-10.1454,1,1,0.007895,0.00006233
1771742596.837514,15.840000,0.010000,0.007779,-0.051761,0.026164,1.4991,0.715860,-0.089009,1.814329,-0.239332,-0.239332,-13.7127,-13.7127,1,1,0.007779,0.00006051
1771742596.847514,15.850000,0.010000,0.007604,-0.062360,0.026718,1.5308,0.867405,-0.070405,1.860343,-0.244761,-0.244761,-14.0238,-14.0238,1,1,0.007604,0.00005783
1771742596.857514,15.860000,0.010000,0.007413,-0.057607,0.027282,1.5631,0.749753,-0.051826,1.857981,-0.166349,-0.166349,-9.5311,-9.5311,1,1,0.007413,0.00005495
1771742596.867514,15.870000,0.010000,0.007189,-0.068986,0.028156,1.6132,0.919668,-0.036442,1.538355,-0.163797,-0.163797,-9.3849,-9.3849,1,1,0.007189,0.00005169
1771742596.877515,15.880000,0.010000,0.006909,-0.073189,0.029773,1.7059,0.964936,-0.022359,1.408303,-0.076143,-0.076143,-4.3627,-4.3627,1,1,0.006909,0.00004774
1771742596.887515,15.890000,0.010000,0.006607,-0.075132,0.031579,1.8093,0.974663,-0.011486,1.087334,-0.013428,-0.013428,-0.7694,-0.7694,1,1,0.006607,0.00004365
1771742596.897515,15.900000,0.010000,0.006274,-0.080774,0.033741,1.9332,1.054882,-0.001260,1.022541,-0.038660,-0.038660,-2.2151,-2.2151,1,1,0.006274,0.00003936
1771742596.907515,15.910000,0.010000,0.005958,-0.075708,0.035803,2.0514,0.991895,0.004680,0.594025,-0.003423,-0.003423,-0.1961,-0.1961,1,1,0.005958,0.00003550
1771742596.917515,15.920000,0.010000,0.005629,-0.080125,0.038032,2.1791,1.062528,0.012431,0.775144,-0.108605,-0.108605,-6.2226,-6.2226,1,1,0.005629,0.00003169
1771742596.927515,15.930000,0.010000,0.005305,-0.077680,0.040343,2.3115,1.042121,0.015723,0.329185,-0.043238,-0.043238,-2.4773,-2.4773,1,1,0.005305,0.00002815
1771742596.937515,15.940000,0.010000,0.004989,-0.076250,0.042544,2.4376,1.020846,0.015113,-0.061029,-0.132663,-0.132663,-7.6010,-7.6010,1,1,0.004989,0.00002489
1771742596.947515,15.950000,0.010000,0.004686,-0.074631,0.044588,2.5547,1.002908,0.011088,-0.402466,-0.154762,-0.154762,-8.8672,-8.8672,1,1,0.004686,0.00002196
1771742596.957515,15.960000,0.010000,0.004408,-0.070439,0.046320,2.6539,0.945407,0.004076,-0.701224,-0.105585,-0.105585,-6.0496,-6.0496,1,1,0.004408,0.00001943
1771742596.967515,15.970000,0.010000,0.004151,-0.069209,0.047852,2.7417,0.946031,-0.005550,-0.962637,-0.038996,-0.038996,-2.2343,-2.2343,1,1,0.004151,0.00001723
1771742596.977515,15.980000,0.010000,0.003941,-0.059384,0.048758,2.7937,0.798368,-0.017464,-1.191373,-0.014015,-0.014015,-0.8030,-0.8030,1,1,0.003941,0.00001553
1771742596.987514,15.990000,0.010000,0.003746,-0.064217,0.049650,2.8448,0.915451,-0.031379,-1.391517,0.076916,0.076916,4.4070,4.4070,1,1,0.003746,0.00001404
1771742596.997514,16.000000,0.010000,0.003639,-0.040035,0.049269,2.8229,0.518449,-0.047046,-1.566643,0.036932,0.036932,2.1161,2.1161,1,1,0.003639,0.00001324
1771742597.007514,16.010000,0.010000,0.003574,-0.049799,0.048421,2.7743,0.727887,-0.057263,-1.021747,0.086358,0.086358,4.9479,4.9479,1,1,0.003574,0.00001277
1771742597.017514,16.020000,0.010000,0.003478,-0.049848,0.048421,2.7743,0.762984,-0.062713,-0.544963,0.041195,0.041195,2.3603,2.3603,1,1,0.003478,0.00001209
1771742597.027514,16.030000,0.010000,0.003411,-0.043094,0.048174,2.7601,0.677598,-0.063990,-0.127777,-0.001628,-0.001628,-0.0933,-0.0933,1,1,0.003411,0.00001164
1771742597.037514,16.040000,0.010000,0.003343,-0.049467,0.048260,2.7651,0.826761,-0.061618,0.237261,-0.071806,-0.071806,-4.1142,-4.1142,1,1,0.003343,0.00001118
1771742597.047514,16.050000,0.010000,0.003327,-0.032404,0.047720,2.7342,0.558385,-0.063032,-0.141462,-0.197340,-0.197340,-11.3068,-11.3068,1,1,0.003327,0.00001107
1771742597.057514,16.060000,0.010000,0.003333,-0.040963,0.047067,2.6968,0.747024,-0.060780,0.225286,-0.059454,-0.059454,-3.4065,-3.4065,1,1,0.003333,0.00001111
1771742597.067514,16.070000,0.010000,0.003320,-0.039266,0.047063,2.6965,0.751273,-0.062299,-0.151940,-0.206426,-0.206426,-11.8274,-11.8274,1,1,0.003320,0.00001102
1771742597.077514,16.080000,0.010000,0.003337,-0.033764,0.046809,2.6820,0.687837,-0.067119,-0.482014,-0.096708,-0.096708,-5.5410,-5.5410,1,1,0.003337,0.00001113
1771742597.087514,16.090000,0.010000,0.003362,-0.036558,0.046694,2.6754,0.771989,-0.071927,-0.480826,-0.037804,-0.037804,-2.1660,-2.1660,1,1,0.003362,0.00001130
1771742597.097514,16.100000,0.010000,0.003430,-0.024234,0.046083,2.6403,0.585997,-0.072644,-0.071657,-0.044053,-0.044053,-2.5241,-2.5241,1,1,0.003430,0.00001177
1771742597.107514,16.110000,0.010000,0.003507,-0.032455,0.045599,2.6127,0.765264,-0.069780,0.286366,-0.095531,-0.095531,-5.4735,-5.4735,1,1,0.003507,0.00001230
1771742597.117514,16.120000,0.010000,0.003578,-0.027706,0.045493,2.6065,0.711465,-0.063784,0.599636,-0.229803,-0.229803,-13.1667,-13.1667,1,1,0.003578,0.00001280
1771742597.127515,16.130000,0.010000,0.003640,-0.033723,0.045785,2.6233,0.848904,-0.055046,0.873748,-0.313521,-0.313521,-17.9634,-17.9634,1,1,0.003640,0.00001325
1771742597.137515,16.140000,0.010000,0.003713,-0.026621,0.046134,2.6433,0.752089,-0.043910,1.113595,-0.339899,-0.339899,-19.4748,-19.4748,1,1,0.003713,0.00001379
1771742597.147515,16.150000,0.010000,0.003788,-0.032058,0.046697,2.6755,0.878800,-0.033272,1.063816,-0.338825,-0.338825,-19.4132,-19.4132,1,1,0.003788,0.00001435
1771742597.157515,16.160000,0.010000,0.003858,-0.029306,0.047603,2.7275,0.859417,-0.027455,0.581773,-0.335228,-0.335228,-19.2071,-19.2071,1,1,0.003858,0.00001488
1771742597.167515,16.170000,0.010000,0.003934,-0.030072,0.048639,2.7868,0.903499,-0.025855,0.159986,-0.346040,-0.346040,-19.8266,-19.8266,1,1,0.003934,0.00001548
1771742597.177515,16.180000,0.010000,0.004047,-0.020891,0.049276,2.8233,0.771244,-0.027946,-0.209078,-0.299678,-0.299678,-17.1703,-17.1703,1,1,0.004047,0.00001638
1771742597.187515,16.190000,0.010000,0.004170,-0.026389,0.050018,2.8658,0.900561,-0.031884,-0.393862,-0.240727,-0.240727,-13.7926,-13.7926,1,1,0.004170,0.00001739
1771742597.197515,16.200000,0.010000,0.004345,-0.009592,0.050081,2.8695,0.633058,-0.038821,-0.693695,-0.213994,-0.213994,-12.2610,-12.2610,1,1,0.004345,0.00001888
1771742597.207515,16.210000,0.010000,0.004541,-0.018188,0.050023,2.8661,0.816358,-0.046057,-0.723592,-0.126108,-0.126108,-7.2254,-7.2254,1,1,0.004541,0.00002062
1771742597.217515,16.220000,0.010000,0.004744,-0.009745,0.050069,2.8687,0.691788,-0.048898,-0.284077,-0.120350,-0.120350,-6.8955,-6.8955,1,1,0.004744,0.00002251
1771742597.227515,16.230000,0.010000,0.004943,-0.017805,0.050418,2.8887,0.861634,-0.048292,0.060557,-0.196676,-0.196676,-11.2687,-11.2687,1,1,0.004943,0.00002443
1771742597.237514,16.240000,0.010000,0.005172,-0.004021,0.050173,2.8747,0.581395,-0.051253,-0.296078,-0.270926,-0.270926,-15.5229,-15.5229,1,1,0.005172,0.00002675
1771742597.247514,16.250000,0.010000,0.005400,-0.014845,0.049901,2.8591,0.796908,-0.057334,-0.608134,-0.180589,-0.180589,-10.3470,-10.3470,1,1,0.005400,0.00002916
1771742597.257514,16.260000,0.010000,0.005646,-0.001701,0.049279,2.8235,0.535515,-0.066146,-0.881183,-0.117414,-0.117414,-6.7273,-6.7273,1,1,0.005646,0.00003188
1771742597.267514,16.270000,0.010000,0.005883,-0.014128,0.048779,2.7949,0.773993,-0.077347,-1.120101,-0.059385,-0.059385,-3.4025,-3.4025,1,1,0.005883,0.00003461
1771742597.277514,16.280000,0.010000,0.006137,0.000008,0.047430,2.7175,0.374125,-0.090639,-1.329154,0.023789,0.023789,1.3630,1.3630,1,1,0.006137,0.00003766
1771742597.287514,16.290000,0.010000,0.006363,-0.016284,0.045993,2.6352,0.674588,-0.105759,-1.512076,0.043631,0.043631,2.4999,2.4999,1,1,0.006363,0.00004049
1771742597.297514,16.300000,0.010000,0.006601,0.000005,0.043781,2.5085,0.243193,-0.122481,-1.672132,0.082001,0.082001,4.6983,4.6983,1,1,0.006601,0.00004357
1771742597.307514,16.310000,0.010000,0.006806,-0.019560,0.041577,2.3822,0.592620,-0.140603,-1.812182,0.104184,0.104184,5.9693,5.9693,1,1,0.006806,0.00004632
1771742597.317514,16.320000,0.010000,0.007025,0.000003,0.038536,2.2080,0.107490,-0.153118,-1.251549,0.056067,0.056067,3.2124,3.2124,1,1,0.007025,0.00004935
1771742597.327514,16.330000,0.010000,0.007208,-0.022895,0.035518,2.0350,0.505017,-0.160728,-0.760954,0.095214,0.095214,5.4554,5.4554,1,1,0.007208,0.00005196
1771742597.337514,16.340000,0.010000,0.007390,-0.004289,0.032420,1.8575,0.162864,-0.163895,-0.316769,0.059139,0.059139,3.3884,3.3884,1,1,0.007390,0.00005461
1771742597.347514,16.350000,0.010000,0.007540,-0.026780,0.029742,1.7041,0.540647,-0.163176,0.071893,0.089381,0.089381,5.1211,5.1211,1,1,0.007540,0.00005685
1771742597.357514,16.360000,0.010000,0.007704,-0.004637,0.026603,1.5242,0.122962,-0.166038,-0.286159,0.059929,0.059929,3.4337,3.4337,1,1,0.007704,0.00005934
1771742597.367514,16.370000,0.010000,0.007842,-0.028472,0.023679,1.3567,0.513347,-0.172033,-0.599455,0.091258,0.091258,5.2287,5.2287,1,1,0.007842,0.00006149
1771742597.377515,16.380000,0.010000,0.007972,-0.010492,0.020604,1.1805,0.160072,-0.173787,-0.175458,0.072730,0.072730,4.1671,4.1671,1,1,0.007972,0.00006355
1771742597.387515,16.390000,0.010000,0.008062,-0.034132,0.017898,1.0255,0.535540,-0.171832,0.195540,0.083306,0.083306,4.7731,4.7731,1,1,0.008062,0.00006500
1771742597.397515,16.400000,0.010000,0.008123,-0.021507,0.015324,0.8780,0.265790,-0.166630,0.520164,0.101059,0.101059,5.7903,5.7903,1,1,0.008123,0.00006598
1771742597.407515,16.410000,0.010000,0.008133,-0.043459,0.013247,0.7590,0.601634,-0.158588,0.804209,0.072810,0.072810,4.1717,4.1717,1,1,0.008133,0.00006614
1771742597.417515,16.420000,0.010000,0.008103,-0.034526,0.011399,0.6531,0.388699,-0.148060,1.052749,0.088051,0.088051,5.0450,5.0450,1,1,0.008103,0.00006565
1771742597.427515,16.430000,0.010000,0.008018,-0.054192,0.010045,0.5756,0.677731,-0.135358,1.270221,0.027378,0.027378,1.5686,1.5686,1,1,0.008018,0.00006429
1771742597.437515,16.440000,0.010000,0.007875,-0.051820,0.009220,0.5283,0.575510,-0.120753,1.460509,-0.055488,-0.055488,-3.1792,-3.1792,1,1,0.007875,0.00006201
1771742597.447515,16.450000,0.010000,0.007671,-0.067612,0.008961,0.5134,0.793632,-0.104483,1.627011,-0.078329,-0.078329,-4.4879,-4.4879,1,1,0.007671,0.00005885
1771742597.457515,16.460000,0.010000,0.007413,-0.067480,0.009156,0.5246,0.730936,-0.086756,1.772701,-0.061516,-0.061516,-3.5246,-3.5246,1,1,0.007413,0.00005495
1771742597.467515,16.470000,0.010000,0.007102,-0.079636,0.009789,0.5609,0.887678,-0.068519,1.823686,-0.099046,-0.099046,-5.6749,-5.6749,1,1,0.007102,0.00005044
1771742597.477515,16.480000,0.010000,0.006754,-0.083510,0.011092,0.6355,0.958697,-0.049071,1.944791,0.037962,0.037962,2.1751,2.1751,1,1,0.006754,0.00004562
1771742597.487514,16.490000,0.010000,0.006409,-0.082875,0.012665,0.7256,0.986846,-0.035446,1.362507,0.137040,0.137040,7.8518,7.8518,1,1,0.006409,0.00004107
1771742597.497514,16.500000,0.010000,0.006066,-0.082339,0.014438,0.8272,1.007641,-0.020034,1.541259,0.094935,0.094935,5.4394,5.4394,1,1,0.006066,0.00003679
1771742597.507514,16.510000,0.010000,0.005724,-0.081876,0.016359,0.9373,1.022930,-0.008438,1.159551,0.174366,0.174366,9.9904,9.9904,1,1,0.005724,0.00003277
1771742597.517514,16.520000,0.010000,0.005385,-0.081468,0.018391,1.0537,1.034093,0.003030,1.146806,0.136718,0.136718,7.8334,7.8334,1,1,0.005385,0.00002900
1771742597.527514,16.530000,0.010000,0.005047,-0.081099,0.020505,1.1748,1.042167,0.015284,1.225365,0.166397,0.166397,9.5338,9.5338,1,1,0.005047,0.00002547
1771742597.537514,16.540000,0.010000,0.004710,-0.080759,0.022678,1.2993,1.047925,0.022515,0.723128,0.208801,0.208801,11.9634,11.9634,1,1,0.004710,0.00002219
1771742597.547514,16.550000,0.010000,0.004375,-0.080440,0.024894,1.4263,1.051949,0.030707,0.819205,0.108462,0.108462,6.2144,6.2144,1,1,0.004375,0.00001914
1771742597.557514,16.560000,0.010000,0.004041,-0.080136,0.027142,1.5551,1.054672,0.034384,0.367739,0.154515,0.154515,8.8530,8.8530,1,1,0.004041,0.00001633
1771742597.567514,16.570000,0.010000,0.003709,-0.079842,0.029413,1.6853,1.056420,0.034111,-0.027294,0.041278,0.041278,2.3651,2.3651,1,1,0.003709,0.00001375
1771742597.577514,16.580000,0.010000,0.003378,-0.079499,0.031698,1.8161,1.057139,0.030382,-0.372948,-0.022230,-0.022230,-1.2737,-1.2737,1,1,0.003378,0.00001141
1771742597.587514,16.590000,0.010000,0.003050,-0.078917,0.033978,1.9468,1.056044,0.023628,-0.675396,-0.041159,-0.041159,-2.3583,-2.3583,1,1,0.003050,0.00000930
1771742597.597514,16.600000,0.010000,0.002732,-0.077772,0.036227,2.0756,1.051849,0.014228,-0.940037,-0.030782,-0.030782,-1.7637,-1.7637,1,1,0.002732,0.00000746
1771742597.607514,16.610000,0.010000,0.002426,-0.076152,0.038426,2.2016,1.045817,0.009493,-0.473467,-0.004071,-0.004071,-0.2333,-0.2333,1,1,0.002426,0.00000588
1771742597.617514,16.620000,0.010000,0.002137,-0.073932,0.040551,2.3234,1.035262,0.008841,-0.065217,-0.059594,-0.059594,-3.4145,-3.4145,1,1,0.002137,0.00000457
1771742597.627515,16.630000,0.010000,0.001868,-0.071620,0.042607,2.4412,1.029122,0.011761,0.292001,-0.127808,-0.127808,-7.3229,-7.3229,1,1,0.001868,0.00000349
1771742597.637515,16.640000,0.010000,0.001620,-0.068961,0.044607,2.5558,1.022509,0.017806,0.604566,-0.161959,-0.161959,-9.2796,-9.2796,1,1,0.001620,0.00000262
1771742597.647515,16.650000,0.010000,0.001397,-0.066003,0.046551,2.6672,1.015955,0.026587,0.878061,-0.121711,-0.121711,-6.9735,-6.9735,1,1,0.001397,0.00000195
1771742597.657515,16.660000,0.010000,0.001199,-0.062782,0.048442,2.7755,1.009813,0.037761,1.117370,-0.054333,-0.054333,-3.1130,-3.1130,1,1,0.001199,0.00000144
1771742597.667515,16.670000,0.010000,0.001031,-0.059333,0.050285,2.8811,1.004358,0.051028,1.326764,-0.013634,-0.013634,-0.7812,-0.7812,1,1,0.001031,0.00000106
1771742597.677515,16.680000,0.010000,0.000892,-0.055688,0.052088,2.9844,0.999808,0.059147,0.811853,-0.019563,-0.019563,-1.1209,-1.1209,1,1,0.000892,0.00000080
1771742597.687515,16.690000,0.010000,0.000784,-0.051876,0.053859,3.0859,0.996345,0.069741,1.059437,-0.171254,-0.171254,-9.8121,-9.8121,1,1,0.000784,0.00000062
1771742597.697515,16.700000,0.010000,0.000710,-0.047925,0.055608,3.1861,0.994123,0.075521,0.577942,-0.195498,-0.195498,-11.2012,-11.2012,1,1,0.000710,0.00000050
1771742597.707515,16.710000,0.010000,0.000669,-0.043862,0.057348,3.2858,0.993273,0.077087,0.156633,-0.278681,-0.278681,-15.9672,-15.9672,1,1,0.000669,0.00000045
1771742597.717515,16.720000,0.010000,0.000662,-0.039712,0.059089,3.3856,0.993911,0.074967,-0.212012,-0.315569,-0.315569,-18.0808,-18.0808,1,1,0.000662,0.00000044
1771742597.727515,16.730000,0.010000,0.000691,-0.035501,0.060845,3.4862,0.996137,0.069621,-0.534576,-0.294805,-0.294805,-16.8911,-16.8911,1,1,0.000691,0.00000048
1771742597.737514,16.740000,0.010000,0.000754,-0.031249,0.062631,3.5885,1.000039,0.061453,-0.816820,-0.279619,-0.279619,-16.0210,-16.0210,1,1,0.000754,0.00000057
1771742597.747514,16.750000,0.010000,0.000854,-0.026978,0.064459,3.6932,1.005692,0.050815,-1.063783,-0.269111,-0.269111,-15.4189,-15.4189,1,1,0.000854,0.00000073
1771742597.757514,16.760000,0.010000,0.000989,-0.022707,0.066346,3.8014,1.013163,0.038016,-1.279876,-0.263864,-0.263864,-15.1183,-15.1183,1,1,0.000989,0.00000098
1771742597.767514,16.770000,0.010000,0.001174,-0.014951,0.068045,3.8987,0.959652,0.023327,-1.468958,-0.251189,-0.251189,-14.3921,-14.3921,1,1,0.001174,0.00000138
1771742597.777514,16.780000,0.010000,0.001418,-0.007855,0.069254,3.9680,0.881953,0.006983,-1.634404,-0.219758,-0.219758,-12.5912,-12.5912,1,1,0.001418,0.00000201
1771742597.787514,16.790000,0.010000,0.001694,-0.006109,0.070312,4.0286,0.905120,-0.003828,-1.081037,-0.150476,-0.150476,-8.6216,-8.6216,1,1,0.001694,0.00000287
1771742597.797514,16.800000,0.010000,0.002004,0.000012,0.071002,4.0681,0.794794,-0.009796,-0.596842,-0.240252,-0.240252,-13.7654,-13.7654,1,1,0.002004,0.00000402
1771742597.807514,16.810000,0.010000,0.002327,-0.001387,0.071789,4.1132,0.903210,-0.011528,-0.173171,-0.280336,-0.280336,-16.0621,-16.0621,1,1,0.002327,0.00000541
1771742597.817514,16.820000,0.010000,0.002654,0.000013,0.072361,4.1460,0.760272,-0.016534,-0.500590,-0.313581,-0.313581,-17.9668,-17.9668,1,1,0.002654,0.00000704
1771742597.827514,16.830000,0.010000,0.002975,-0.001022,0.072872,4.1752,0.856833,-0.024405,-0.787082,-0.291393,-0.291393,-16.6956,-16.6956,1,1,0.002975,0.00000885
1771742597.837514,16.840000,0.010000,0.003307,0.002051,0.072844,4.1736,0.645720,-0.034782,-1.037763,-0.243047,-0.243047,-13.9256,-13.9256,1,1,0.003307,0.00001094
1771742597.847514,16.850000,0.010000,0.003617,-0.003810,0.072863,4.1748,0.823858,-0.047353,-1.257108,-0.171575,-0.171575,-9.8305,-9.8305,1,1,0.003617,0.00001308
1771742597.857514,16.860000,0.010000,0.003972,0.011113,0.071715,4.1090,0.396054,-0.061844,-1.449036,-0.093270,-0.093270,-5.3440,-5.3440,1,1,0.003972,0.00001578
1771742597.867514,16.870000,0.010000,0.004314,-0.002008,0.070338,4.0301,0.683573,-0.078013,-1.616972,-0.079533,-0.079533,-4.5569,-4.5569,1,1,0.004314,0.00001861
1771742597.877515,16.880000,0.010000,0.004658,0.008767,0.068456,3.9222,0.326290,-0.095653,-1.763916,-0.001069,-0.001069,-0.0613,-0.0613,1,1,0.004658,0.00002169
1771742597.887515,16.890000,0.010000,0.004968,-0.005782,0.066691,3.8211,0.640787,-0.114577,-1.892493,0.003261,0.003261,0.1868,0.1868,1,1,0.004968,0.00002469
1771742597.897515,16.900000,0.010000,0.005330,0.017860,0.063501,3.6383,0.041317,-0.131654,-1.707650,0.077149,0.077149,4.4203,4.4203,1,1,0.005330,0.00002840
1771742597.907515,16.910000,0.010000,0.005672,-0.003779,0.060056,3.4410,0.462878,-0.143105,-1.145128,0.124765,0.124765,7.1485,7.1485,1,1,0.005672,0.00003217
1771742597.917515,16.920000,0.010000,0.005956,0.000006,0.057167,3.2754,0.252618,-0.149634,-0.652921,0.041039,0.041039,2.3514,2.3514,1,1,0.005956,0.00003547
1771742597.927515,16.930000,0.010000,0.006186,-0.014442,0.054761,3.1376,0.537044,-0.158838,-0.920372,0.038979,0.038979,2.2333,2.2333,1,1,0.006186,0.00003826
1771742597.937515,16.940000,0.010000,0.006460,0.008065,0.050824,2.9120,-0.062248,-0.170382,-1.154391,0.071239,0.071239,4.0817,4.0817,1,1,0.006460,0.00004173
1771742597.947515,16.950000,0.010000,0.006695,-0.017167,0.046815,2.6823,0.400956,-0.183974,-1.359158,0.095463,0.095463,5.4696,5.4696,1,1,0.006695,0.00004483
1771742597.957515,16.960000,0.010000,0.006917,0.000002,0.042526,2.4365,-0.038651,-0.197401,-1.342739,0.039633,0.039633,2.2708,2.2708,1,1,0.006917,0.00004784
1771742597.967515,16.970000,0.010000,0.007083,-0.025559,0.038647,2.2143,0.413707,-0.205659,-0.825830,0.071028,0.071028,4.0696,4.0696,1,1,0.007083,0.00005017
1771742597.977515,16.980000,0.010000,0.007268,0.000002,0.033983,1.9471,-0.139374,-0.209395,-0.373536,0.034355,0.034355,1.9684,1.9684,1,1,0.007268,0.00005282
1771742597.987514,16.990000,0.010000,0.007414,-0.028464,0.029522,1.6915,0.349484,-0.209172,0.022222,0.038863,0.038863,2.2267,2.2267,1,1,0.007414,0.00005497
1771742597.997514,17.000000,0.010000,0.007519,-0.015439,0.025617,1.4678,0.096132,-0.205487,0.368510,0.069973,0.069973,4.0092,4.0092,1,1,0.007519,0.00005653
1771742598.007514,17.010000,0.010000,0.007565,-0.039540,0.022499,1.2891,0.491523,-0.198772,0.671512,0.043230,0.043230,2.4769,2.4769,1,1,0.007565,0.00005723
1771742598.017514,17.020000,0.010000,0.007623,-0.016675,0.018884,1.0820,0.052403,-0.189406,0.936639,0.098740,0.098740,5.6574,5.6574,1,1,0.007623,0.00005812
1771742598.027514,17.030000,0.010000,0.007653,-0.041917,0.015465,0.8861,0.457344,-0.177720,1.168625,0.056794,0.056794,3.2541,3.2541,1,1,0.007653,0.00005856
1771742598.037514,17.040000,0.010000,0.007571,-0.047346,0.013598,0.7791,0.505081,-0.164003,1.371613,0.074877,0.074877,4.2901,4.2901,1,1,0.007571,0.00005732
1771742598.047514,17.050000,0.010000,0.007435,-0.055610,0.012283,0.7038,0.600270,-0.148511,1.549227,0.019954,0.019954,1.1433,1.1433,1,1,0.007435,0.00005528
1771742598.057514,17.060000,0.010000,0.007255,-0.058983,0.011309,0.6480,0.607742,-0.131465,1.704639,-0.024003,-0.024003,-1.3753,-1.3753,1,1,0.007255,0.00005263
1771742598.067514,17.070000,0.010000,0.007002,-0.073181,0.011178,0.6405,0.806009,-0.113059,1.840625,-0.056092,-0.056092,-3.2138,-3.2138,1,1,0.007002,0.00004903
1771742598.077514,17.080000,0.010000,0.006732,-0.065525,0.010919,0.6256,0.618958,-0.093462,1.959613,-0.002379,-0.002379,-0.1363,-0.1363,1,1,0.006732,0.00004532
1771742598.087514,17.090000,0.010000,0.006431,-0.078836,0.010802,0.6189,0.805535,-0.076826,1.663693,-0.076660,-0.076660,-4.3923,-4.3923,1,1,0.006431,0.00004135
1771742598.097514,17.100000,0.010000,0.006081,-0.083864,0.011555,0.6621,0.897712,-0.058778,1.804797,-0.013709,-0.013709,-0.7855,-0.7855,1,1,0.006081,0.00003698
1771742598.107514,17.110000,0.010000,0.005735,-0.083104,0.012658,0.7253,0.934213,-0.046476,1.230132,0.078711,0.078711,4.5098,4.5098,1,1,0.005735,0.00003289
1771742598.117514,17.120000,0.010000,0.005391,-0.082477,0.014020,0.8033,0.960975,-0.035809,1.066743,0.044250,0.044250,2.5353,2.5353,1,1,0.005391,0.00002906
1771742598.127515,17.130000,0.010000,0.005050,-0.081947,0.015570,0.8921,0.980436,-0.022984,1.282466,0.051385,0.051385,2.9442,2.9442,1,1,0.005050,0.00002550
1771742598.137515,17.140000,0.010000,0.004710,-0.081491,0.017260,0.9889,0.994424,-0.014707,0.827682,0.128782,0.128782,7.3786,7.3786,1,1,0.004710,0.00002219
1771742598.147515,17.150000,0.010000,0.004372,-0.081088,0.019049,1.0914,1.004303,-0.003974,1.073287,0.065577,0.065577,3.7573,3.7573,1,1,0.004372,0.00001912
1771742598.157515,17.160000,0.010000,0.004036,-0.080726,0.020909,1.1980,1.011096,0.003622,0.759610,0.145346,0.145346,8.3277,8.3277,1,1,0.004036,0.00001629
1771742598.167515,17.170000,0.010000,0.003701,-0.080392,0.022818,1.3074,1.015567,0.012529,0.890693,0.087310,0.087310,5.0025,5.0025,1,1,0.003701,0.00001370
1771742598.177515,17.180000,0.010000,0.003367,-0.080079,0.024761,1.4187,1.018288,0.016831,0.430290,0.143486,0.143486,8.2211,8.2211,1,1,0.003367,0.00001134
1771742598.187515,17.190000,0.010000,0.003035,-0.079781,0.026725,1.5312,1.019685,0.017106,0.027438,0.050530,0.050530,2.8952,2.8952,1,1,0.003035,0.00000921
1771742598.197515,17.200000,0.010000,0.002705,-0.079341,0.028692,1.6440,1.019250,0.013855,-0.325058,0.024779,0.024779,1.4197,1.4197,1,1,0.002705,0.00000732
1771742598.207515,17.210000,0.010000,0.002381,-0.078526,0.030640,1.7555,1.016165,0.011826,-0.202929,0.022050,0.022050,1.2634,1.2634,1,1,0.002381,0.00000567
1771742598.217515,17.220000,0.010000,0.002067,-0.077192,0.032541,1.8644,1.010315,0.006560,-0.526629,0.005182,0.005182,0.2969,0.2969,1,1,0.002067,0.00000427
1771742598.227515,17.230000,0.010000,0.001767,-0.075450,0.034381,1.9699,1.003012,0.004026,-0.253360,0.016855,0.016855,0.9657,0.9657,1,1,0.001767,0.00000312
1771742598.237514,17.240000,0.010000,0.001484,-0.073338,0.036154,2.0715,0.994854,0.005300,0.127376,-0.014490,-0.014490,-0.8302,-0.8302,1,1,0.001484,0.00000220
1771742598.247514,17.250000,0.010000,0.001220,-0.070904,0.037856,2.1690,0.986391,0.009905,0.460519,-0.070591,-0.070591,-4.0445,-4.0445,1,1,0.001220,0.00000149
1771742598.257514,17.260000,0.010000,0.000979,-0.068187,0.039486,2.2624,0.978011,0.015090,0.518502,-0.089069,-0.089069,-5.1033,-5.1033,1,1,0.000979,0.00000096
1771742598.267514,17.270000,0.010000,0.000762,-0.065222,0.041048,2.3519,0.970012,0.023118,0.802755,-0.097924,-0.097924,-5.6106,-5.6106,1,1,0.000762,0.00000058
1771742598.277514,17.280000,0.010000,0.000572,-0.062041,0.042547,2.4378,0.962628,0.028425,0.530739,-0.020431,-0.020431,-1.1706,-1.1706,1,1,0.000572,0.00000033
1771742598.287514,17.290000,0.010000,0.000408,-0.058675,0.043989,2.5204,0.956048,0.036560,0.813463,-0.114940,-0.114940,-6.5856,-6.5856,1,1,0.000408,0.00000017
1771742598.297514,17.300000,0.010000,0.000274,-0.055151,0.045381,2.6002,0.950430,0.042903,0.634380,-0.060430,-0.060430,-3.4624,-3.4624,1,1,0.000274,0.00000008
1771742598.307514,17.310000,0.010000,0.000171,-0.051498,0.046734,2.6776,0.945912,0.051945,0.904148,-0.133337,-0.133337,-7.6397,-7.6397,1,1,0.000171,0.00000003
1771742598.317514,17.320000,0.010000,0.000098,-0.047741,0.048056,2.7534,0.942613,0.056366,0.442064,-0.100825,-0.100825,-5.7769,-5.7769,1,1,0.000098,0.00000001
1771742598.327514,17.330000,0.010000,0.000057,-0.043906,0.049359,2.8280,0.940637,0.056743,0.037740,-0.216155,-0.216155,-12.3848,-12.3848,1,1,0.000057,0.00000000
1771742598.337514,17.340000,0.010000,0.000049,-0.040017,0.050654,2.9022,0.940074,0.053583,-0.316043,-0.256459,-0.256459,-14.6940,-14.6940,1,1,0.000049,0.00000000
1771742598.347514,17.350000,0.010000,0.000073,-0.036096,0.051953,2.9767,0.941005,0.047533,-0.605002,-0.237098,-0.237098,-13.5847,-13.5847,1,1,0.000073,0.00000001
1771742598.357514,17.360000,0.010000,0.000130,-0.032164,0.053270,3.0522,0.943500,0.043698,-0.383467,-0.217789,-0.217789,-12.4784,-12.4784,1,1,0.000130,0.00000002
1771742598.367514,17.370000,0.010000,0.000219,-0.028241,0.054618,3.1294,0.947617,0.036852,-0.684600,-0.270752,-0.270752,-15.5130,-15.5130,1,1,0.000219,0.00000005
1771742598.377515,17.380000,0.010000,0.000341,-0.024344,0.056010,3.2092,0.953407,0.027371,-0.948090,-0.250448,-0.250448,-14.3496,-14.3496,1,1,0.000341,0.00000012
1771742598.387515,17.390000,0.010000,0.000496,-0.020491,0.057462,3.2923,0.960910,0.015584,-1.178645,-0.238258,-0.238258,-13.6512,-13.6512,1,1,0.000496,0.00000025
1771742598.397515,17.400000,0.010000,0.000687,-0.015356,0.058886,3.3739,0.946123,0.001781,-1.380380,-0.227866,-0.227866,-13.0558,-13.0558,1,1,0.000687,0.00000047
1771742598.407515,17.410000,0.010000,0.000927,-0.008605,0.059969,3.4360,0.873170,-0.006807,-0.858767,-0.172842,-0.172842,-9.9031,-9.9031,1,1,0.000927,0.00000086
1771742598.417515,17.420000,0.010000,0.001199,-0.006812,0.060883,3.4883,0.888185,-0.017812,-1.100487,-0.240325,-0.240325,-13.7696,-13.7696,1,1,0.001199,0.00000144
1771742598.427515,17.430000,0.010000,0.001502,-0.000932,0.061444,3.5205,0.788302,-0.023950,-0.613860,-0.186775,-0.186775,-10.7014,-10.7014,1,1,0.001502,0.00000226
1771742598.437515,17.440000,0.010000,0.001823,-0.001153,0.061986,3.5516,0.860742,-0.032812,-0.886193,-0.249485,-0.249485,-14.2944,-14.2944,1,1,0.001823,0.00000332
1771742598.447515,17.450000,0.010000,0.002151,0.000011,0.062142,3.5605,0.705746,-0.041314,-0.850160,-0.199921,-0.199921,-11.4546,-11.4546,1,1,0.002151,0.00000463
1771742598.457515,17.460000,0.010000,0.002470,-0.001099,0.062162,3.5616,0.794588,-0.052244,-1.092956,-0.139190,-0.139190,-7.9750,-7.9750,1,1,0.002470,0.00000610
1771742598.467515,17.470000,0.010000,0.002798,0.001309,0.061598,3.5293,0.579341,-0.065298,-1.305402,-0.084450,-0.084450,-4.8386,-4.8386,1,1,0.002798,0.00000783
1771742598.477515,17.480000,0.010000,0.003101,-0.004447,0.061010,3.4956,0.743909,-0.080210,-1.491293,-0.055026,-0.055026,-3.1528,-3.1528,1,1,0.003101,0.00000962
1771742598.487514,17.490000,0.010000,0.003440,0.008610,0.059275,3.3962,0.332540,-0.096750,-1.653947,0.036738,0.036738,2.1049,2.1049,1,1,0.003440,0.00001184
1771742598.497514,17.500000,0.010000,0.003761,-0.004210,0.057340,3.2854,0.614208,-0.114713,-1.796269,0.024190,0.024190,1.3860,1.3860,1,1,0.003761,0.00001415
1771742598.507514,17.510000,0.010000,0.004084,0.006330,0.054814,3.1406,0.241878,-0.131680,-1.696688,0.092875,0.092875,5.3214,5.3214,1,1,0.004084,0.00001668
1771742598.517514,17.520000,0.010000,0.004368,-0.009317,0.052373,3.0008,0.561318,-0.145002,-1.332229,0.091500,0.091500,5.2426,5.2426,1,1,0.004368,0.00001908
1771742598.527514,17.530000,0.010000,0.004654,0.003840,0.049232,2.8208,0.132687,-0.155360,-1.035802,0.079057,0.079057,4.5297,4.5297,1,1,0.004654,0.00002166
1771742598.537514,17.540000,0.010000,0.004897,-0.014887,0.046155,2.6445,0.493639,-0.160932,-0.557261,0.096139,0.096139,5.5084,5.5084,1,1,0.004897,0.00002398
1771742598.547514,17.550000,0.010000,0.005139,0.000003,0.042766,2.4503,0.125179,-0.169299,-0.836669,0.061018,0.061018,3.4961,3.4961,1,1,0.005139,0.00002641
1771742598.557514,17.560000,0.010000,0.005344,-0.019738,0.039658,2.2723,0.490025,-0.173129,-0.383020,0.089630,0.089630,5.1354,5.1354,1,1,0.005344,0.00002856
1771742598.567514,17.570000,0.010000,0.005563,0.000002,0.035992,2.0622,0.059958,-0.179971,-0.684208,0.062052,0.062052,3.5553,3.5553,1,1,0.005563,0.00003095
1771742598.577514,17.580000,0.010000,0.005755,-0.021769,0.032491,1.8616,0.447210,-0.182468,-0.249616,0.077595,0.077595,4.4459,4.4459,1,1,0.005755,0.00003312
1771742598.587514,17.590000,0.010000,0.005935,-0.006459,0.029142,1.6697,0.169624,-0.181161,0.130652,0.069988,0.069988,4.0100,4.0100,1,1,0.005935,0.00003522
1771742598.597514,17.600000,0.010000,0.006081,-0.026810,0.026307,1.5073,0.517755,-0.176527,0.463386,0.080524,0.080524,4.6137,4.6137,1,1,0.006081,0.00003698
1771742598.607514,17.610000,0.010000,0.006223,-0.011155,0.023416,1.3417,0.222004,-0.168982,0.754529,0.088248,0.088248,5.0563,5.0563,1,1,0.006223,0.00003872
1771742598.617514,17.620000,0.010000,0.006333,-0.031047,0.020897,1.1973,0.550680,-0.158889,1.009278,0.082383,0.082383,4.7202,4.7202,1,1,0.006333,0.00004011
1771742598.627515,17.630000,0.010000,0.006387,-0.027834,0.019128,1.0960,0.464508,-0.146567,1.232185,0.035785,0.035785,2.0503,2.0503,1,1,0.006387,0.00004080
1771742598.637515,17.640000,0.010000,0.006386,-0.043379,0.018075,1.0356,0.707089,-0.132295,1.427227,-0.016934,-0.016934,-0.9702,-0.9702,1,1,0.006386,0.00004078
1771742598.647515,17.650000,0.010000,0.006369,-0.034252,0.017009,0.9746,0.510661,-0.116316,1.597890,-0.099327,-0.099327,-5.6910,-5.6910,1,1,0.006369,0.00004057
1771742598.657515,17.660000,0.010000,0.006320,-0.048958,0.016226,0.9297,0.735165,-0.098844,1.747219,-0.084398,-0.084398,-4.8356,-4.8356,1,1,0.006320,0.00003994
1771742598.667515,17.670000,0.010000,0.006178,-0.059169,0.016780,0.9614,0.878032,-0.080065,1.877883,-0.162458,-0.162458,-9.3082,-9.3082,1,1,0.006178,0.00003816
1771742598.677515,17.680000,0.010000,0.006016,-0.055100,0.017361,0.9947,0.769672,-0.062430,1.763535,-0.059880,-0.059880,-3.4309,-3.4309,1,1,0.006016,0.00003619
1771742598.687515,17.690000,0.010000,0.005828,-0.064290,0.018116,1.0379,0.898790,-0.043508,1.892159,-0.126283,-0.126283,-7.2355,-7.2355,1,1,0.005828,0.00003397
1771742598.697515,17.700000,0.010000,0.005583,-0.070617,0.019625,1.1245,0.979223,-0.030313,1.319498,0.052741,0.052741,3.0218,3.0218,1,1,0.005583,0.00003117
1771742598.707515,17.710000,0.010000,0.005297,-0.075024,0.021610,1.2382,1.029644,-0.016825,1.348853,0.015213,0.015213,0.8717,0.8717,1,1,0.005297,0.00002806
1771742598.717515,17.720000,0.010000,0.004988,-0.077002,0.023808,1.3641,1.042089,-0.005973,1.085159,0.088818,0.088818,5.0889,5.0889,1,1,0.004988,0.00002488
1771742598.727515,17.730000,0.010000,0.004662,-0.079265,0.026138,1.4976,1.065570,0.004839,1.081219,0.073097,0.073097,4.1882,4.1882,1,1,0.004662,0.00002174
1771742598.737514,17.740000,0.010000,0.004329,-0.080089,0.028563,1.6365,1.075292,0.015265,1.042613,0.109973,0.109973,6.3010,6.3010,1,1,0.004329,0.00001874
1771742598.747514,17.750000,0.010000,0.003996,-0.079807,0.031005,1.7765,1.076498,0.023655,0.838974,0.132677,0.132677,7.6018,7.6018,1,1,0.003996,0.00001597
1771742598.757514,17.760000,0.010000,0.003665,-0.079505,0.033460,1.9171,1.077177,0.027505,0.385036,0.096709,0.096709,5.5410,5.5410,1,1,0.003665,0.00001343
1771742598.767514,17.770000,0.010000,0.003337,-0.078935,0.035910,2.0575,1.076104,0.027384,-0.012159,-0.013218,-0.013218,-0.7574,-0.7574,1,1,0.003337,0.00001114
1771742598.777514,17.780000,0.010000,0.003019,-0.077792,0.038329,2.1961,1.072072,0.023787,-0.359705,-0.086573,-0.086573,-4.9603,-4.9603,1,1,0.003019,0.00000911
1771742598.787514,17.790000,0.010000,0.002714,-0.075865,0.040677,2.3306,1.060898,0.017149,-0.663808,-0.101162,-0.101162,-5.7962,-5.7962,1,1,0.002714,0.00000736
1771742598.797514,17.800000,0.010000,0.002449,-0.068415,0.042549,2.4379,0.957458,0.007850,-0.929898,-0.074112,-0.074112,-4.2463,-4.2463,1,1,0.002449,0.00000600
1771742598.807514,17.810000,0.010000,0.002213,-0.068053,0.044185,2.5316,0.986393,-0.000616,-0.846617,0.001793,0.001793,0.1028,0.1028,1,1,0.002213,0.00000490
1771742598.817514,17.820000,0.010000,0.002018,-0.059161,0.045414,2.6020,0.867328,-0.011515,-1.089856,-0.030279,-0.030279,-1.7349,-1.7349,1,1,0.002018,0.00000407
1771742598.827514,17.830000,0.010000,0.001853,-0.059810,0.046469,2.6625,0.922977,-0.017561,-0.604558,0.054877,0.054877,3.1442,3.1442,1,1,0.001853,0.00000343
1771742598.837514,17.840000,0.010000,0.001705,-0.055626,0.047589,2.7267,0.895167,-0.019360,-0.179922,-0.046870,-0.046870,-2.6854,-2.6854,1,1,0.001705,0.00000291
1771742598.847514,17.850000,0.010000,0.001577,-0.055198,0.048790,2.7955,0.937807,-0.017444,0.191634,-0.136454,-0.136454,-7.8182,-7.8182,1,1,0.001577,0.00000249
1771742598.857514,17.860000,0.010000,0.001468,-0.051334,0.050062,2.8684,0.921878,-0.012276,0.516746,-0.251319,-0.251319,-14.3995,-14.3995,1,1,0.001468,0.00000216
1771742598.867514,17.870000,0.010000,0.001382,-0.049965,0.051414,2.9458,0.953679,-0.004264,0.801218,-0.285957,-0.285957,-16.3841,-16.3841,1,1,0.001382,0.00000191
1771742598.877515,17.880000,0.010000,0.001311,-0.047798,0.052955,3.0341,0.974042,0.006237,1.050132,-0.281086,-0.281086,-16.1051,-16.1051,1,1,0.001311,0.00000172
1771742598.887515,17.890000,0.010000,0.001263,-0.045098,0.054622,3.1296,0.987859,0.017546,1.130891,-0.265245,-0.265245,-15.1974,-15.1974,1,1,0.001263,0.00000159
1771742598.897515,17.900000,0.010000,0.001239,-0.042021,0.056381,3.2304,0.997895,0.023951,0.640464,-0.273098,-0.273098,-15.6474,-15.6474,1,1,0.001239,0.00000154
1771742598.907515,17.910000,0.010000,0.001243,-0.038674,0.058209,3.3352,1.005988,0.026064,0.211340,-0.335137,-0.335137,-19.2019,-19.2019,1,1,0.001243,0.00000154
1771742598.917515,17.920000,0.010000,0.001275,-0.035135,0.060100,3.4435,1.013362,0.024423,-0.164143,-0.342717,-0.342717,-19.6363,-19.6363,1,1,0.001275,0.00000163
1771742598.927515,17.930000,0.010000,0.001347,-0.029541,0.061910,3.5472,0.986401,0.019496,-0.492691,-0.313522,-0.313522,-17.9635,-17.9635,1,1,0.001347,0.00000181
1771742598.937515,17.940000,0.010000,0.001455,-0.025838,0.063675,3.6483,0.995440,0.017283,-0.221282,-0.290612,-0.290612,-16.6509,-16.6509,1,1,0.001455,0.00000212
1771742598.947515,17.950000,0.010000,0.001621,-0.015759,0.065046,3.7268,0.891814,0.011856,-0.542688,-0.309710,-0.309710,-17.7451,-17.7451,1,1,0.001621,0.00000263
1771742598.957515,17.960000,0.010000,0.001828,-0.014871,0.066337,3.8008,0.953501,0.010598,-0.125786,-0.288861,-0.288861,-16.5505,-16.5505,1,1,0.001828,0.00000334
1771742598.967515,17.970000,0.010000,0.002066,-0.008650,0.067582,3.8722,0.890091,0.006007,-0.459129,-0.320419,-0.320419,-18.3587,-18.3587,1,1,0.002066,0.00000427
1771742598.977515,17.980000,0.010000,0.002332,-0.007439,0.068751,3.9391,0.919186,-0.001501,-0.750803,-0.292543,-0.292543,-16.7615,-16.7615,1,1,0.002332,0.00000544
1771742598.987514,17.990000,0.010000,0.002634,0.000013,0.069365,3.9743,0.758976,-0.011561,-1.006019,-0.263670,-0.263670,-15.1072,-15.1072,1,1,0.002634,0.00000694
1771742598.997514,18.000000,0.010000,0.002946,-0.003118,0.069999,4.0107,0.889478,-0.023854,-1.229332,-0.210211,-0.210211,-12.0442,-12.0442,1,1,0.002946,0.00000868
1771742599.007514,18.010000,0.010000,0.003285,0.005408,0.069778,3.9980,0.574984,-0.038102,-1.424732,-0.169774,-0.169774,-9.7273,-9.7273,1,1,0.003285,0.00001079
1771742599.017514,18.020000,0.010000,0.003613,-0.002234,0.069371,3.9747,0.780822,-0.054059,-1.595706,-0.114621,-0.114621,-6.5673,-6.5673,1,1,0.003613,0.00001305
1771742599.027514,18.030000,0.010000,0.003962,0.008669,0.068173,3.9060,0.420902,-0.071512,-1.745309,-0.003509,-0.003509,-0.2011,-0.2011,1,1,0.003962,0.00001569
1771742599.037514,18.040000,0.010000,0.004290,-0.002991,0.066899,3.8330,0.690096,-0.090274,-1.876211,-0.037338,-0.037338,-2.1393,-2.1393,1,1,0.004290,0.00001841
1771742599.047514,18.050000,0.010000,0.004657,0.015160,0.064472,3.6940,0.192782,-0.110181,-1.990750,0.051891,0.051891,2.9731,2.9731,1,1,0.004657,0.00002169
1771742599.057514,18.060000,0.010000,0.005000,-0.002882,0.061885,3.5457,0.553578,-0.131091,-2.090972,0.082833,0.082833,4.7460,4.7460,1,1,0.005000,0.00002500
1771742599.067514,18.070000,0.010000,0.005354,0.014212,0.058495,3.3515,0.066434,-0.151031,-1.994013,0.102585,0.102585,5.8777,5.8777,1,1,0.005354,0.00002867
1771742599.077514,18.080000,0.010000,0.005670,-0.006592,0.055162,3.1606,0.471955,-0.170866,-1.983485,0.107382,0.107382,6.1525,6.1525,1,1,0.005670,0.00003215
1771742599.087514,18.090000,0.010000,0.006000,0.013724,0.050882,2.9153,-0.085724,-0.185616,-1.474940,0.057986,0.057986,3.3224,3.3224,1,1,0.006000,0.00003600
1771742599.097514,18.100000,0.010000,0.006284,-0.011368,0.046688,2.6750,0.379478,-0.202012,-1.639639,0.089024,0.089024,5.1007,5.1007,1,1,0.006284,0.00003948
1771742599.107514,18.110000,0.010000,0.006550,0.004819,0.041979,2.4052,-0.116392,-0.213328,-1.131637,0.023308,0.023308,1.3355,1.3355,1,1,0.006550,0.00004290
1771742599.117514,18.120000,0.010000,0.006748,-0.021936,0.037616,2.1553,0.360335,-0.219739,-0.641117,0.049194,0.049194,2.8186,2.8186,1,1,0.006748,0.00004554
1771742599.127515,18.130000,0.010000,0.006947,0.000002,0.032757,1.8768,-0.137956,-0.221859,-0.211911,0.035213,0.035213,2.0176,2.0176,1,1,0.006947,0.00004826
1771742599.137515,18.140000,0.010000,0.007097,-0.028012,0.028257,1.6190,0.343929,-0.220222,0.163644,0.027034,0.027034,1.5490,1.5490,1,1,0.007097,0.00005036
1771742599.147515,18.150000,0.010000,0.007222,-0.011033,0.024002,1.3752,0.021412,-0.215300,0.492254,0.076056,0.076056,4.3577,4.3577,1,1,0.007222,0.00005216
1771742599.157515,18.160000,0.010000,0.007299,-0.036186,0.020381,1.1678,0.436096,-0.207502,0.779788,0.031390,0.031390,1.7985,1.7985,1,1,0.007299,0.00005328
1771742599.167515,18.170000,0.010000,0.007355,-0.020215,0.016831,0.9643,0.117501,-0.197188,1.031380,0.100808,0.100808,5.7759,5.7759,1,1,0.007355,0.00005410
1771742599.177515,18.180000,0.010000,0.007365,-0.043880,0.013764,0.7886,0.493526,-0.184673,1.251524,0.055930,0.055930,3.2045,3.2045,1,1,0.007365,0.00005424
1771742599.187515,18.190000,0.010000,0.007307,-0.040507,0.011501,0.6590,0.385822,-0.170231,1.444149,0.097122,0.097122,5.5647,5.5647,1,1,0.007307,0.00005339
1771742599.197515,18.200000,0.010000,0.007180,-0.059066,0.010028,0.5746,0.662452,-0.154104,1.612696,0.048280,0.048280,2.7663,2.7663,1,1,0.007180,0.00005155
1771742599.207515,18.210000,0.010000,0.007026,-0.050333,0.008602,0.4928,0.454814,-0.136502,1.760175,0.038545,0.038545,2.2085,2.2085,1,1,0.007026,0.00004936
1771742599.217515,18.220000,0.010000,0.006828,-0.067259,0.007501,0.4298,0.700377,-0.117610,1.889219,0.034261,0.034261,1.9630,1.9630,1,1,0.006828,0.00004662
1771742599.227515,18.230000,0.010000,0.006522,-0.079010,0.007839,0.4492,0.852855,-0.097589,2.002133,-0.011182,-0.011182,-0.6407,-0.6407,1,1,0.006522,0.00004254
1771742599.237514,18.240000,0.010000,0.006212,-0.074414,0.008213,0.4705,0.767418,-0.082477,1.511214,0.041963,0.041963,2.4043,2.4043,1,1,0.006212,0.00003859
1771742599.247514,18.250000,0.010000,0.005863,-0.083824,0.008897,0.5098,0.888660,-0.066018,1.645885,-0.029898,-0.029898,-1.7130,-1.7130,1,1,0.005863,0.00003437
1771742599.257514,18.260000,0.010000,0.005516,-0.083099,0.009906,0.5676,0.922408,-0.053364,1.265388,0.063019,0.063019,3.6108,3.6108,1,1,0.005516,0.00003043
1771742599.267514,18.270000,0.010000,0.005173,-0.082500,0.011152,0.6390,0.946912,-0.043314,1.004981,0.054955,0.054955,3.1487,3.1487,1,1,0.005173,0.00002676
1771742599.277514,18.280000,0.010000,0.004831,-0.081994,0.012571,0.7203,0.964479,-0.031030,1.228424,0.067350,0.067350,3.8588,3.8588,1,1,0.004831,0.00002334
1771742599.287514,18.290000,0.010000,0.004491,-0.081557,0.014114,0.8087,0.976838,-0.023228,0.780248,0.114057,0.114057,6.5350,6.5350,1,1,0.004491,0.00002017
1771742599.297514,18.300000,0.010000,0.004153,-0.081171,0.015744,0.9021,0.985278,-0.012910,1.031783,0.072234,0.072234,4.1387,4.1387,1,1,0.004153,0.00001725
1771742599.307514,18.310000,0.010000,0.003816,-0.080822,0.017433,0.9988,0.990767,-0.004305,0.860491,0.132194,0.132194,7.5741,7.5741,1,1,0.003816,0.00001456
1771742599.317514,18.320000,0.010000,0.003481,-0.080502,0.019161,1.0979,0.994025,0.006715,1.101996,0.121019,0.121019,6.9339,6.9339,1,1,0.003481,0.00001211
1771742599.327514,18.330000,0.010000,0.003146,-0.080201,0.020913,1.1982,0.995593,0.012867,0.615180,0.203335,0.203335,11.6502,11.6502,1,1,0.003146,0.00000990
1771742599.337514,18.340000,0.010000,0.002813,-0.079916,0.022676,1.2992,0.995873,0.016077,0.320972,0.113211,0.113211,6.4865,6.4865,1,1,0.002813,0.00000792
1771742599.347514,18.350000,0.010000,0.002482,-0.079581,0.024438,1.4002,0.994852,0.018350,0.227306,0.067798,0.067798,3.8845,3.8845,1,1,0.002482,0.00000616
1771742599.357514,18.360000,0.010000,0.002154,-0.079007,0.026181,1.5001,0.991786,0.016848,-0.150173,0.065337,0.065337,3.7435,3.7435,1,1,0.002154,0.00000464
1771742599.367514,18.370000,0.010000,0.001835,-0.077916,0.027877,1.5972,0.985685,0.019025,0.217665,0.072431,0.072431,4.1500,4.1500,1,1,0.001835,0.00000337
1771742599.377515,18.380000,0.010000,0.001528,-0.076394,0.029507,1.6907,0.977758,0.017439,-0.158609,0.048661,0.048661,2.7881,2.7881,1,1,0.001528,0.00000233
1771742599.387515,18.390000,0.010000,0.001235,-0.074520,0.031065,1.7799,0.968904,0.019541,0.210283,0.048410,0.048410,2.7737,2.7737,1,1,0.001235,0.00000153
1771742599.397515,18.400000,0.010000,0.000961,-0.072326,0.032544,1.8646,0.959567,0.023968,0.442668,0.021995,0.021995,1.2602,1.2602,1,1,0.000961,0.00000092
1771742599.407515,18.410000,0.010000,0.000706,-0.069850,0.033944,1.9448,0.950155,0.029391,0.542269,0.028991,0.028991,1.6610,1.6610,1,1,0.000706,0.00000050
1771742599.417515,18.420000,0.010000,0.000474,-0.067131,0.035266,2.0206,0.940992,0.037626,0.823551,0.038414,0.038414,2.2010,2.2010,1,1,0.000474,0.00000022
1771742599.427515,18.430000,0.010000,0.000266,-0.064201,0.036515,2.0921,0.932305,0.041952,0.432595,0.121183,0.121183,6.9433,6.9433,1,1,0.000266,0.00000007
1771742599.437515,18.440000,0.010000,0.000083,-0.061088,0.037695,2.1597,0.924285,0.049228,0.727586,-0.011061,-0.011061,-0.6338,-0.6338,1,1,0.000083,0.00000001
1771742599.447515,18.450000,0.010000,-0.000073,-0.057821,0.038813,2.2238,0.917072,0.058202,0.897388,0.063976,0.063976,3.6655,3.6655,1,1,0.000073,0.00000001
1771742599.457515,18.460000,0.010000,-0.000200,-0.054426,0.039876,2.2847,0.910796,0.069545,1.134281,0.086950,0.086950,4.9819,4.9819,1,1,0.000200,0.00000004
1771742599.467515,18.470000,0.010000,-0.000299,-0.050930,0.040894,2.3430,0.905585,0.075979,0.643430,0.110570,0.110570,6.3352,6.3352,1,1,0.000299,0.00000009
1771742599.477515,18.480000,0.010000,-0.000368,-0.047359,0.041876,2.3993,0.901548,0.078118,0.213935,-0.041083,-0.041083,-2.3539,-2.3539,1,1,0.000368,0.00000014
1771742599.487514,18.490000,0.010000,-0.000407,-0.043736,0.042831,2.4541,0.898779,0.076521,-0.159770,-0.143504,-0.143504,-8.2222,-8.2222,1,1,0.000407,0.00000017
1771742599.497514,18.500000,0.010000,-0.000416,-0.040086,0.043773,2.5080,0.897359,0.076009,-0.051123,-0.154097,-0.154097,-8.8291,-8.8291,1,1,0.000416,0.00000017
1771742599.507514,18.510000,0.010000,-0.000394,-0.036428,0.044711,2.5617,0.897355,0.072591,-0.341858,-0.194866,-0.194866,-11.1650,-11.1650,1,1,0.000394,0.00000016
1771742599.517514,18.520000,0.010000,-0.000342,-0.032784,0.045658,2.6160,0.898825,0.069568,-0.302258,-0.186400,-0.186400,-10.6799,-10.6799,1,1,0.000342,0.00000012
1771742599.527514,18.530000,0.010000,-0.000259,-0.029170,0.046627,2.6715,0.901817,0.063622,-0.594672,-0.217562,-0.217562,-12.4654,-12.4654,1,1,0.000259,0.00000007
1771742599.537514,18.540000,0.010000,-0.000147,-0.025605,0.047630,2.7290,0.906369,0.059293,-0.432888,-0.190531,-0.190531,-10.9166,-10.9166,1,1,0.000147,0.00000002
1771742599.547514,18.550000,0.010000,-0.000005,-0.022103,0.048682,2.7893,0.912511,0.056683,-0.260983,-0.241577,-0.241577,-13.8413,-13.8413,1,1,0.000005,0.00000000
1771742599.557514,18.560000,0.010000,0.000165,-0.018677,0.049794,2.8530,0.920263,0.057890,0.120705,-0.282075,-0.282075,-16.1617,-16.1617,1,1,0.000165,0.00000003
1771742599.567514,18.570000,0.010000,0.000364,-0.015337,0.050981,2.9210,0.929638,0.055455,-0.243449,-0.330474,-0.330474,-18.9348,-18.9348,1,1,0.000364,0.00000013
1771742599.577514,18.580000,0.010000,0.000589,-0.012097,0.052257,2.9941,0.940666,0.056521,0.106504,-0.310179,-0.310179,-17.7720,-17.7720,1,1,0.000589,0.00000035
1771742599.587514,18.590000,0.010000,0.000836,-0.010280,0.053666,3.0749,0.960782,0.060324,0.380371,-0.338909,-0.338909,-19.4181,-19.4181,1,1,0.000836,0.00000070
1771742599.597514,18.600000,0.010000,0.001095,-0.009001,0.055251,3.1656,0.983147,0.066605,0.628070,-0.350228,-0.350228,-20.0666,-20.0666,1,1,0.001095,0.00000120
1771742599.607514,18.610000,0.010000,0.001365,-0.007712,0.057014,3.2666,1.004452,0.068610,0.200495,-0.349308,-0.349308,-20.0139,-20.0139,1,1,0.001365,0.00000186
1771742599.617514,18.620000,0.010000,0.001646,-0.006430,0.058952,3.3777,1.025340,0.066874,-0.173632,-0.328109,-0.328109,-18.7993,-18.7993,1,1,0.001646,0.00000271
1771742599.627515,18.630000,0.010000,0.001938,-0.005171,0.061065,3.4987,1.046310,0.061864,-0.500994,-0.309052,-0.309052,-17.7074,-17.7074,1,1,0.001938,0.00000376
1771742599.637515,18.640000,0.010000,0.002240,-0.003940,0.063355,3.6300,1.067655,0.053989,-0.787436,-0.287846,-0.287846,-16.4924,-16.4924,1,1,0.002240,0.00000502
1771742599.647515,18.650000,0.010000,0.002552,-0.002737,0.065828,3.7717,1.089587,0.043609,-1.038072,-0.275002,-0.275002,-15.7564,-15.7564,1,1,0.002552,0.00000651
1771742599.657515,18.660000,0.010000,0.002880,0.000018,0.067795,3.8844,0.945546,0.031035,-1.257379,-0.263689,-0.263689,-15.1083,-15.1083,1,1,0.002880,0.00000830
1771742599.667515,18.670000,0.010000,0.003213,0.000021,0.069471,3.9804,0.987079,0.016542,-1.449272,-0.242787,-0.242787,-13.9107,-13.9107,1,1,0.003213,0.00001032
1771742599.677515,18.680000,0.010000,0.003552,0.001577,0.070523,4.0407,0.799080,0.000370,-1.617179,-0.217971,-0.217971,-12.4888,-12.4888,1,1,0.003552,0.00001262
1771742599.687515,18.690000,0.010000,0.003882,0.000019,0.071254,4.0825,0.869161,-0.017271,-1.764098,-0.133094,-0.133094,-7.6257,-7.6257,1,1,0.003882,0.00001507
1771742599.697515,18.700000,0.010000,0.004233,0.006092,0.071119,4.0748,0.600516,-0.036197,-1.892651,-0.067304,-0.067304,-3.8562,-3.8562,1,1,0.004233,0.00001792
1771742599.707515,18.710000,0.010000,0.004560,-0.002568,0.070994,4.0677,0.816161,-0.056249,-2.005136,-0.064428,-0.064428,-3.6914,-3.6914,1,1,0.004560,0.00002079
1771742599.717515,18.720000,0.010000,0.004954,0.020355,0.069203,3.9650,0.237808,-0.077284,-2.103560,0.058062,0.058062,3.3267,3.3267,1,1,0.004954,0.00002454
1771742599.727515,18.730000,0.010000,0.005331,-0.000405,0.067035,3.8408,0.611616,-0.099181,-2.189681,0.043113,0.043113,2.4702,2.4702,1,1,0.005331,0.00002842
1771742599.737514,18.740000,0.010000,0.005691,0.012978,0.064428,3.6914,0.200147,-0.121831,-2.265036,0.074213,0.074213,4.2521,4.2521,1,1,0.005691,0.00003239
1771742599.747514,18.750000,0.010000,0.006011,-0.005604,0.061991,3.5518,0.571339,-0.145141,-2.330973,0.098881,0.098881,5.6655,5.6655,1,1,0.006011,0.00003613
1771742599.757514,18.760000,0.010000,0.006395,0.024835,0.057760,3.3094,-0.162399,-0.165630,-2.048888,0.120155,0.120155,6.8844,6.8844,1,1,0.006395,0.00004089
1771742599.767514,18.770000,0.010000,0.006750,-0.003909,0.053264,3.0518,0.355471,-0.180907,-1.527705,0.101446,0.101446,5.8124,5.8124,1,1,0.006750,0.00004556
1771742599.777514,18.780000,0.010000,0.007030,0.001338,0.049292,2.8242,0.069943,-0.192669,-1.176182,0.051997,0.051997,2.9792,2.9792,1,1,0.007030,0.00004942
1771742599.787514,18.790000,0.010000,0.007222,-0.022026,0.046117,2.6423,0.491811,-0.201546,-0.887752,0.073221,0.073221,4.1953,4.1953,1,1,0.007222,0.00005215
1771742599.797514,18.800000,0.010000,0.007466,0.009908,0.041086,2.3541,-0.296589,-0.206701,-0.515504,0.036189,0.036189,2.0735,2.0735,1,1,0.007466,0.00005574
1771742599.807514,18.810000,0.010000,0.007671,-0.022109,0.035812,2.0519,0.265315,-0.208110,-0.140875,0.035143,0.035143,2.0135,2.0135,1,1,0.007671,0.00005884
1771742599.817514,18.820000,0.010000,0.007783,-0.018764,0.032045,1.8360,0.190339,-0.205852,0.225800,0.059849,0.059849,3.4291,3.4291,1,1,0.007783,0.00006058
1771742599.827514,18.830000,0.010000,0.007837,-0.035246,0.029136,1.6694,0.458159,-0.200386,0.546641,0.046630,0.046630,2.6717,2.6717,1,1,0.007837,0.00006142
1771742599.837514,18.840000,0.010000,0.007933,-0.011357,0.025252,1.4468,0.009284,-0.192112,0.827377,0.071160,0.071160,4.0772,4.0772,1,1,0.007933,0.00006294
1771742599.847514,18.850000,0.010000,0.007999,-0.037712,0.021650,1.2405,0.440807,-0.181382,1.073021,0.058410,0.058410,3.3467,3.3467,1,1,0.007999,0.00006399
1771742599.857514,18.860000,0.010000,0.007973,-0.037999,0.019341,1.1082,0.404616,-0.168502,1.287959,0.058795,0.058795,3.3687,3.3687,1,1,0.007973,0.00006357
1771742599.867514,18.870000,0.010000,0.007869,-0.055893,0.018037,1.0334,0.675108,-0.153742,1.476030,0.022686,0.022686,1.2998,1.2998,1,1,0.007869,0.00006192
1771742599.877515,18.880000,0.010000,0.007780,-0.037241,0.016063,0.9203,0.299522,-0.137336,1.640592,-0.037731,-0.037731,-2.1618,-2.1618,1,1,0.007780,0.00006053
1771742599.887515,18.890000,0.010000,0.007666,-0.058043,0.014155,0.8110,0.618845,-0.119490,1.784584,0.056293,0.056293,3.2253,3.2253,1,1,0.007666,0.00005877
1771742599.897515,18.900000,0.010000,0.007419,-0.072508,0.014155,0.8110,0.822248,-0.100384,1.910577,-0.109128,-0.109128,-6.2526,-6.2526,1,1,0.007419,0.00005504
1771742599.907515,18.910000,0.010000,0.007145,-0.066923,0.014203,0.8138,0.672452,-0.081337,1.904771,-0.043110,-0.043110,-2.4700,-2.4700,1,1,0.007145,0.00005105
1771742599.917515,18.920000,0.010000,0.006835,-0.079727,0.014486,0.8300,0.850858,-0.062017,1.931974,-0.114817,-0.114817,-6.5785,-6.5785,1,1,0.006835,0.00004671
1771742599.927515,18.930000,0.010000,0.006486,-0.083661,0.015554,0.8912,0.934134,-0.048603,1.341412,0.018130,0.018130,1.0388,1.0388,1,1,0.006486,0.00004207
1771742599.937515,18.940000,0.010000,0.006141,-0.082911,0.016968,0.9722,0.970373,-0.038135,1.046818,0.004784,0.004784,0.2741,0.2741,1,1,0.006141,0.00003771
1771742599.947515,18.950000,0.010000,0.005798,-0.082287,0.018641,1.0680,0.997295,-0.025887,1.224796,-0.006014,-0.006014,-0.3446,-0.3446,1,1,0.005798,0.00003361
1771742599.957515,18.960000,0.010000,0.005457,-0.081757,0.020506,1.1749,1.017243,-0.016822,0.906460,0.063546,0.063546,3.6409,3.6409,1,1,0.005457,0.00002978
1771742599.967515,18.970000,0.010000,0.005118,-0.081297,0.022515,1.2900,1.031973,-0.005824,1.099777,0.018241,0.018241,1.0451,1.0451,1,1,0.005118,0.00002620
1771742599.977515,18.980000,0.010000,0.004781,-0.080888,0.024632,1.4113,1.042800,0.002205,0.802934,0.100498,0.100498,5.7581,5.7581,1,1,0.004781,0.00002286
1771742599.987514,18.990000,0.010000,0.004446,-0.080516,0.026828,1.5371,1.050709,0.009279,0.707376,0.032644,0.032644,1.8704,1.8704,1,1,0.004446,0.00001976
1771742599.997514,19.000000,0.010000,0.004112,-0.080171,0.029084,1.6664,1.056436,0.011978,0.269888,0.024609,0.024609,1.4100,1.4100,1,1,0.004112,0.00001690
1771742600.007514,19.010000,0.010000,0.003779,-0.079846,0.031384,1.7982,1.060533,0.010849,-0.112914,-0.058676,-0.058676,-3.3619,-3.3619,1,1,0.003779,0.00001428
1771742600.017514,19.020000,0.010000,0.003448,-0.079501,0.033717,1.9318,1.063232,0.013351,0.250267,-0.055975,-0.055975,-3.2071,-3.2071,1,1,0.003448,0.00001189
1771742600.027514,19.030000,0.010000,0.003121,-0.078864,0.036057,2.0659,1.063431,0.012050,-0.130083,-0.086270,-0.086270,-4.9429,-4.9429,1,1,0.003121,0.00000974
1771742600.037514,19.040000,0.010000,0.002818,-0.073960,0.038100,2.1830,0.994533,0.007422,-0.462888,-0.087799,-0.087799,-5.0305,-5.0305,1,1,0.002818,0.00000794
1771742600.047514,19.050000,0.010000,0.002536,-0.073556,0.039977,2.2905,1.012373,-0.000119,-0.754093,-0.034794,-0.034794,-1.9935,-1.9935,1,1,0.002536,0.00000643
1771742600.057514,19.060000,0.010000,0.002280,-0.068369,0.041643,2.3860,0.950144,-0.003227,-0.310766,-0.019766,-0.019766,-1.1325,-1.1325,1,1,0.002280,0.00000520
1771742600.067514,19.070000,0.010000,0.002045,-0.067908,0.043208,2.4756,0.977612,-0.002456,0.077146,-0.064108,-0.064108,-3.6731,-3.6731,1,1,0.002045,0.00000418
1771742600.077514,19.080000,0.010000,0.001820,-0.066487,0.044917,2.5736,0.992440,-0.002900,-0.044478,-0.169894,-0.169894,-9.7342,-9.7342,1,1,0.001820,0.00000331
1771742600.087514,19.090000,0.010000,0.001615,-0.063655,0.046647,2.6727,0.986727,0.000201,0.310148,-0.170496,-0.170496,-9.7687,-9.7687,1,1,0.001615,0.00000261
1771742600.097514,19.100000,0.010000,0.001432,-0.061331,0.048386,2.7723,0.994730,0.002456,0.225500,-0.221947,-0.221947,-12.7167,-12.7167,1,1,0.001432,0.00000205
1771742600.107514,19.110000,0.010000,0.001271,-0.058525,0.050164,2.8742,0.998497,0.007920,0.546379,-0.232615,-0.232615,-13.3279,-13.3279,1,1,0.001271,0.00000161
1771742600.117514,19.120000,0.010000,0.001135,-0.055361,0.051958,2.9770,1.000070,0.011010,0.309050,-0.232967,-0.232967,-13.3480,-13.3480,1,1,0.001135,0.00000129
1771742600.127515,19.130000,0.010000,0.001028,-0.051918,0.053758,3.0801,1.000679,0.012710,0.169988,-0.264400,-0.264400,-15.1490,-15.1490,1,1,0.001028,0.00000106
1771742600.137515,19.140000,0.010000,0.000953,-0.047930,0.055536,3.1820,0.995254,0.010707,-0.200327,-0.279616,-0.279616,-16.0208,-16.0208,1,1,0.000953,0.00000091
1771742600.147515,19.150000,0.010000,0.000926,-0.040265,0.057015,3.2667,0.927235,0.005463,-0.524352,-0.254873,-0.254873,-14.6031,-14.6031,1,1,0.000926,0.00000086
1771742600.157515,19.160000,0.010000,0.000939,-0.037808,0.058384,3.3451,0.955253,-0.002615,-0.807873,-0.229304,-0.229304,-13.1381,-13.1381,1,1,0.000939,0.00000088
1771742600.167515,19.170000,0.010000,0.001023,-0.023260,0.059071,3.3845,0.768115,-0.013175,-1.055955,-0.209955,-0.209955,-12.0295,-12.0295,1,1,0.001023,0.00000105
1771742600.177515,19.180000,0.010000,0.001157,-0.023988,0.059497,3.4090,0.855547,-0.018924,-0.574895,-0.115156,-0.115156,-6.5980,-6.5980,1,1,0.001157,0.00000134
1771742600.187515,19.190000,0.010000,0.001302,-0.021413,0.060340,3.4572,0.883094,-0.020463,-0.153967,-0.234996,-0.234996,-13.4643,-13.4643,1,1,0.001302,0.00000169
1771742600.197515,19.200000,0.010000,0.001505,-0.010230,0.060755,3.4810,0.756357,-0.025301,-0.483787,-0.299885,-0.299885,-17.1822,-17.1822,1,1,0.001505,0.00000226
1771742600.207515,19.210000,0.010000,0.001741,-0.011886,0.061179,3.5053,0.858456,-0.033025,-0.772380,-0.248720,-0.248720,-14.2506,-14.2506,1,1,0.001741,0.00000303
1771742600.217515,19.220000,0.010000,0.002018,-0.001433,0.061031,3.4968,0.636397,-0.043274,-1.024898,-0.192489,-0.192489,-11.0288,-11.0288,1,1,0.002018,0.00000407
1771742600.227515,19.230000,0.010000,0.002307,-0.006194,0.060788,3.4829,0.789662,-0.055733,-1.245852,-0.112006,-0.112006,-6.4175,-6.4175,1,1,0.002307,0.00000532
1771742600.237514,19.240000,0.010000,0.002609,0.000009,0.060019,3.4388,0.536422,-0.070124,-1.439186,-0.032385,-0.032385,-1.8555,-1.8555,1,1,0.002609,0.00000681
1771742600.247514,19.250000,0.010000,0.002892,-0.007614,0.059231,3.3937,0.733734,-0.086208,-1.608354,-0.036328,-0.036328,-2.0814,-2.0814,1,1,0.002892,0.00000836
1771742600.257514,19.260000,0.010000,0.003209,0.006411,0.057322,3.2843,0.302226,-0.103772,-1.756375,0.057869,0.057869,3.3157,3.3157,1,1,0.003209,0.00001030
1771742600.267514,19.270000,0.010000,0.003510,-0.006705,0.055161,3.1605,0.588359,-0.122631,-1.885894,0.054056,0.054056,3.0972,3.0972,1,1,0.003510,0.00001232
1771742600.277514,19.280000,0.010000,0.003804,0.002028,0.052547,3.0107,0.245792,-0.139161,-1.653026,0.093043,0.093043,5.3309,5.3309,1,1,0.003804,0.00001447
1771742600.287514,19.290000,0.010000,0.004055,-0.013185,0.050081,2.8694,0.556638,-0.150429,-1.126783,0.090207,0.090207,5.1685,5.1685,1,1,0.004055,0.00001644
1771742600.297514,19.300000,0.010000,0.004310,0.000003,0.046940,2.6895,0.141525,-0.157870,-0.744077,0.071229,0.071229,4.0811,4.0811,1,1,0.004310,0.00001858
1771742600.307514,19.310000,0.010000,0.004525,-0.018108,0.043861,2.5131,0.491153,-0.160890,-0.302001,0.093807,0.093807,5.3748,5.3748,1,1,0.004525,0.00002048
1771742600.317514,19.320000,0.010000,0.004755,0.000003,0.040534,2.3224,0.147798,-0.167023,-0.613317,0.052172,0.052172,2.9892,2.9892,1,1,0.004755,0.00002261
1771742600.327514,19.330000,0.010000,0.004966,-0.018789,0.037503,2.1488,0.495978,-0.175880,-0.885718,0.091346,0.091346,5.2338,5.2338,1,1,0.004966,0.00002466
1771742600.337514,19.340000,0.010000,0.005191,0.000002,0.033777,1.9353,0.046691,-0.184985,-0.910501,0.058103,0.058103,3.3291,3.3291,1,1,0.005191,0.00002694
1771742600.347514,19.350000,0.010000,0.005384,-0.021534,0.030135,1.7266,0.429960,-0.189461,-0.447623,0.079541,0.079541,4.5574,4.5574,1,1,0.005384,0.00002899
1771742600.357514,19.360000,0.010000,0.005568,-0.005935,0.026607,1.5245,0.146660,-0.189887,-0.042604,0.071859,0.071859,4.1172,4.1172,1,1,0.005568,0.00003100
1771742600.367514,19.370000,0.010000,0.005719,-0.026254,0.023571,1.3505,0.493927,-0.186769,0.311787,0.076091,0.076091,4.3597,4.3597,1,1,0.005719,0.00003271
1771742600.377515,19.380000,0.010000,0.005868,-0.009965,0.020423,1.1702,0.185766,-0.180551,0.621880,0.106201,0.106201,6.0849,6.0849,1,1,0.005868,0.00003444
1771742600.387515,19.390000,0.010000,0.005987,-0.030109,0.017619,1.0095,0.517896,-0.171618,0.893211,0.082509,0.082509,4.7274,4.7274,1,1,0.005987,0.00003584
1771742600.397515,19.400000,0.010000,0.006049,-0.026872,0.015567,0.8919,0.429470,-0.160312,1.130625,0.103621,0.103621,5.9370,5.9370,1,1,0.006049,0.00003659
1771742600.407515,19.410000,0.010000,0.006054,-0.042703,0.014239,0.8158,0.675138,-0.146929,1.338363,0.034814,0.034814,1.9947,1.9947,1,1,0.006054,0.00003666
1771742600.417515,19.420000,0.010000,0.006046,-0.032728,0.012831,0.7352,0.460909,-0.131727,1.520133,-0.009118,-0.009118,-0.5224,-0.5224,1,1,0.006046,0.00003656
1771742600.427515,19.430000,0.010000,0.006007,-0.048015,0.011676,0.6690,0.692715,-0.114935,1.679182,-0.003105,-0.003105,-0.1779,-0.1779,1,1,0.006007,0.00003608
1771742600.437515,19.440000,0.010000,0.005869,-0.058695,0.011902,0.6820,0.840254,-0.096752,1.818351,-0.108337,-0.108337,-6.2072,-6.2072,1,1,0.005869,0.00003445
1771742600.447515,19.450000,0.010000,0.005707,-0.055442,0.012212,0.6997,0.741952,-0.078136,1.861549,-0.037988,-0.037988,-2.1765,-2.1765,1,1,0.005707,0.00003257
1771742600.457515,19.460000,0.010000,0.005516,-0.064827,0.012724,0.7290,0.869854,-0.058357,1.977922,-0.108578,-0.108578,-6.2211,-6.2211,1,1,0.005516,0.00003043
1771742600.467515,19.470000,0.010000,0.005265,-0.071375,0.013981,0.8011,0.949208,-0.043800,1.455757,0.055169,0.055169,3.1610,3.1610,1,1,0.005265,0.00002772
1771742600.477515,19.480000,0.010000,0.004971,-0.076020,0.015705,0.8998,0.998528,-0.028382,1.541756,0.054727,0.054727,3.1356,3.1356,1,1,0.004971,0.00002472
1771742600.487514,19.490000,0.010000,0.004648,-0.079281,0.017709,1.0146,1.027943,-0.015852,1.253009,0.142674,0.142674,8.1746,8.1746,1,1,0.004648,0.00002161
1771742600.497514,19.500000,0.010000,0.004312,-0.080567,0.019822,1.1357,1.039022,-0.004359,1.149293,0.136135,0.136135,7.7999,7.7999,1,1,0.004312,0.00001860
1771742600.507514,19.510000,0.010000,0.003978,-0.080306,0.021938,1.2569,1.038481,0.009188,1.354697,0.155289,0.155289,8.8974,8.8974,1,1,0.003978,0.00001582
1771742600.517514,19.520000,0.010000,0.003644,-0.080047,0.024051,1.3780,1.037532,0.018353,0.916518,0.224892,0.224892,12.8854,12.8854,1,1,0.003644,0.00001328
1771742600.527514,19.530000,0.010000,0.003312,-0.079789,0.026160,1.4989,1.036266,0.029012,1.065847,0.159133,0.159133,9.1176,9.1176,1,1,0.003312,0.00001097
1771742600.537514,19.540000,0.010000,0.002981,-0.079439,0.028257,1.6190,1.034251,0.034847,0.583550,0.218463,0.218463,12.5170,12.5170,1,1,0.002981,0.00000889
1771742600.547514,19.550000,0.010000,0.002655,-0.078774,0.030327,1.7376,1.030443,0.036463,0.161541,0.108034,0.108034,6.1899,6.1899,1,1,0.002655,0.00000705
1771742600.557514,19.560000,0.010000,0.002338,-0.077599,0.032346,1.8533,1.024218,0.034385,-0.207718,0.016892,0.016892,0.9679,0.9679,1,1,0.002338,0.00000547
1771742600.567514,19.570000,0.010000,0.002034,-0.076000,0.034303,1.9654,1.016651,0.029077,-0.530819,-0.013544,-0.013544,-0.7760,-0.7760,1,1,0.002034,0.00000414
1771742600.577514,19.580000,0.010000,0.001745,-0.074037,0.036190,2.0735,1.008433,0.020942,-0.813532,-0.020045,-0.020045,-1.1485,-1.1485,1,1,0.001745,0.00000305
1771742600.587514,19.590000,0.010000,0.001475,-0.071741,0.038006,2.1776,0.999948,0.010333,-1.060907,0.006134,0.006134,0.3514,0.3514,1,1,0.001475,0.00000218
1771742600.597514,19.600000,0.010000,0.001226,-0.069150,0.039750,2.2775,0.991558,0.004540,-0.579227,0.033147,0.033147,1.8992,1.8992,1,1,0.001226,0.00000150
1771742600.607514,19.610000,0.010000,0.001000,-0.066297,0.041425,2.3735,0.983532,0.002963,-0.157758,-0.022361,-0.022361,-1.2812,-1.2812,1,1,0.001000,0.00000100
1771742600.617514,19.620000,0.010000,0.000800,-0.063212,0.043037,2.4658,0.976096,0.005073,0.211027,-0.111437,-0.111437,-6.3849,-6.3849,1,1,0.000800,0.00000064
1771742600.627515,19.630000,0.010000,0.000627,-0.059926,0.044591,2.5548,0.969430,0.010410,0.533715,-0.169103,-0.169103,-9.6889,-9.6889,1,1,0.000627,0.00000039
1771742600.637515,19.640000,0.010000,0.000482,-0.056465,0.046094,2.6410,0.963692,0.018571,0.816066,-0.181693,-0.181693,-10.4102,-10.4102,1,1,0.000482,0.00000023
1771742600.647515,19.650000,0.010000,0.000367,-0.052858,0.047556,2.7248,0.959021,0.029202,1.063124,-0.149671,-0.149671,-8.5755,-8.5755,1,1,0.000367,0.00000013
1771742600.657515,19.660000,0.010000,0.000282,-0.049131,0.048987,2.8067,0.955536,0.041995,1.279299,-0.114492,-0.114492,-6.5599,-6.5599,1,1,0.000282,0.00000008
1771742600.667515,19.670000,0.010000,0.000230,-0.045309,0.050396,2.8875,0.953347,0.056680,1.468453,-0.090550,-0.090550,-5.1881,-5.1881,1,1,0.000230,0.00000005
1771742600.677515,19.680000,0.010000,0.000210,-0.041416,0.051795,2.9676,0.952549,0.066038,0.935830,-0.125474,-0.125474,-7.1891,-7.1891,1,1,0.000210,0.00000004
1771742600.687515,19.690000,0.010000,0.000222,-0.037475,0.053197,3.0480,0.953229,0.070736,0.469786,-0.229778,-0.229778,-13.1653,-13.1653,1,1,0.000222,0.00000005
1771742600.697515,19.700000,0.010000,0.000268,-0.033509,0.054614,3.1292,0.955462,0.071356,0.061997,-0.299980,-0.299980,-17.1876,-17.1876,1,1,0.000268,0.00000007
1771742600.707515,19.710000,0.010000,0.000347,-0.029536,0.056060,3.2120,0.959313,0.068408,-0.294819,-0.318412,-0.318412,-18.2437,-18.2437,1,1,0.000347,0.00000012
1771742600.717515,19.720000,0.010000,0.000458,-0.025577,0.057548,3.2973,0.964838,0.062337,-0.607032,-0.295637,-0.295637,-16.9388,-16.9388,1,1,0.000458,0.00000021
1771742600.727515,19.730000,0.010000,0.000603,-0.021647,0.059093,3.3858,0.972085,0.058689,-0.364877,-0.284139,-0.284139,-16.2799,-16.2799,1,1,0.000603,0.00000036
1771742600.737514,19.740000,0.010000,0.000780,-0.017761,0.060710,3.4784,0.981090,0.052005,-0.668333,-0.313572,-0.313572,-17.9664,-17.9664,1,1,0.000780,0.00000061
1771742600.747514,19.750000,0.010000,0.000989,-0.013932,0.062412,3.5760,0.991877,0.042667,-0.933857,-0.293206,-0.293206,-16.7995,-16.7995,1,1,0.000989,0.00000098
1771742600.757514,19.760000,0.010000,0.001226,-0.010900,0.064234,3.6803,1.008595,0.031005,-1.166191,-0.275229,-0.275229,-15.7695,-15.7695,1,1,0.001226,0.00000150
1771742600.767514,19.770000,0.010000,0.001495,-0.006456,0.065883,3.7748,0.949935,0.017310,-1.369483,-0.261983,-0.261983,-15.0105,-15.0105,1,1,0.001495,0.00000223
1771742600.777514,19.780000,0.010000,0.001799,-0.001506,0.067050,3.8417,0.877670,0.001836,-1.547363,-0.230759,-0.230759,-13.2215,-13.2215,1,1,0.001799,0.00000324
1771742600.787514,19.790000,0.010000,0.002126,0.000014,0.067904,3.8906,0.856975,-0.012705,-1.454108,-0.161668,-0.161668,-9.2629,-9.2629,1,1,0.002126,0.00000452
1771742600.797514,19.800000,0.010000,0.002457,0.000014,0.068495,3.9245,0.806601,-0.022435,-0.973069,-0.142243,-0.142243,-8.1499,-8.1499,1,1,0.002457,0.00000604
1771742600.807514,19.810000,0.010000,0.002785,0.000014,0.068743,3.9387,0.760970,-0.034440,-1.200501,-0.205041,-0.205041,-11.7480,-11.7480,1,1,0.002785,0.00000776
1771742600.817514,19.820000,0.010000,0.003110,0.000013,0.068594,3.9302,0.698531,-0.048435,-1.399505,-0.118588,-0.118588,-6.7946,-6.7946,1,1,0.003110,0.00000967
1771742600.827514,19.830000,0.010000,0.003430,0.000012,0.068021,3.8973,0.643561,-0.064172,-1.573632,-0.070177,-0.070177,-4.0208,-4.0208,1,1,0.003430,0.00001177
1771742600.837514,19.840000,0.010000,0.003747,0.000011,0.066982,3.8378,0.573017,-0.081432,-1.725994,-0.030460,-0.030460,-1.7453,-1.7453,1,1,0.003747,0.00001404
1771742600.847514,19.850000,0.010000,0.004060,0.000010,0.065466,3.7509,0.512172,-0.100025,-1.859311,0.001259,0.001259,0.0721,0.0721,1,1,0.004060,0.00001648
1771742600.857514,19.860000,0.010000,0.004368,0.000009,0.063440,3.6349,0.436488,-0.119784,-1.975963,0.030324,0.030324,1.7374,1.7374,1,1,0.004368,0.00001908
1771742600.867514,19.870000,0.010000,0.004672,0.000008,0.060903,3.4895,0.372367,-0.140565,-2.078033,0.054636,0.054636,3.1304,3.1304,1,1,0.004672,0.00002183
1771742600.877515,19.880000,0.010000,0.004972,0.000007,0.057910,3.3180,0.312562,-0.159645,-1.908015,0.078204,0.078204,4.4808,4.4808,1,1,0.004972,0.00002473
1771742600.887515,19.890000,0.010000,0.005269,0.000006,0.054609,3.1289,0.285322,-0.174093,-1.444803,0.068306,0.068306,3.9136,3.9136,1,1,0.005269,0.00002776
1771742600.897515,19.900000,0.010000,0.005562,0.000006,0.051085,2.9270,0.252122,-0.185079,-1.098622,0.062282,0.062282,3.5685,3.5685,1,1,0.005562,0.00003094
1771742600.907515,19.910000,0.010000,0.005854,0.000005,0.047497,2.7214,0.261899,-0.191202,-0.612228,0.059924,0.059924,3.4334,3.4334,1,1,0.005854,0.00003426
1771742600.917515,19.920000,0.010000,0.006144,0.000004,0.043935,2.5173,0.258953,-0.193068,-0.186634,0.063974,0.063974,3.6655,3.6655,1,1,0.006144,0.00003775
1771742600.927515,19.930000,0.010000,0.006422,-0.002597,0.040596,2.3260,0.313269,-0.191210,0.185761,0.060764,0.060764,3.4815,3.4815,1,1,0.006422,0.00004124
1771742600.937515,19.940000,0.010000,0.006701,0.000004,0.037096,2.1254,0.229047,-0.192939,-0.172881,0.051635,0.051635,2.9585,2.9585,1,1,0.006701,0.00004490
1771742600.947515,19.950000,0.010000,0.006932,-0.012889,0.034239,1.9617,0.450136,-0.190961,0.197795,0.070654,0.070654,4.0482,4.0482,1,1,0.006932,0.00004806
1771742600.957515,19.960000,0.010000,0.007172,0.000004,0.030722,1.7602,0.111228,-0.185740,0.522136,0.075484,0.075484,4.3249,4.3249,1,1,0.007172,0.00005144
1771742600.967515,19.970000,0.010000,0.007354,-0.023216,0.027691,1.5866,0.501592,-0.177680,0.805935,0.083123,0.083123,4.7626,4.7626,1,1,0.007354,0.00005407
1771742600.977515,19.980000,0.010000,0.007513,-0.009085,0.024832,1.4228,0.225561,-0.167138,1.054259,0.050881,0.050881,2.9153,2.9153,1,1,0.007513,0.00005644
1771742600.987514,19.990000,0.010000,0.007628,-0.030724,0.022500,1.2892,0.575640,-0.154422,1.271543,0.048479,0.048479,2.7777,2.7777,1,1,0.007628,0.00005819
1771742600.997514,20.000000,0.010000,0.007693,-0.024608,0.020748,1.1888,0.430265,-0.139806,1.461666,-0.037840,-0.037840,-2.1681,-2.1681,1,1,0.007693,0.00005918
1771742601.007514,20.010000,0.010000,0.007702,-0.042678,0.019662,1.1265,0.708381,-0.123525,1.628023,-0.039801,-0.039801,-2.2804,-2.2804,1,1,0.007702,0.00005932
1771742601.017514,20.020000,0.010000,0.007670,-0.037164,0.018916,1.0838,0.567605,-0.105790,1.773586,-0.181479,-0.181479,-10.3980,-10.3980,1,1,0.007670,0.00005883
1771742601.027514,20.030000,0.010000,0.007591,-0.052600,0.018652,1.0687,0.795792,-0.086780,1.900954,-0.161480,-0.161480,-9.2521,-9.2521,1,1,0.007591,0.00005763
1771742601.037514,20.040000,0.010000,0.007442,-0.056472,0.019238,1.1022,0.818837,-0.068442,1.833805,-0.172776,-0.172776,-9.8993,-9.8993,1,1,0.007442,0.00005539
1771742601.047514,20.050000,0.010000,0.007237,-0.066287,0.020443,1.1713,0.948594,-0.051890,1.655204,-0.137229,-0.137229,-7.8627,-7.8627,1,1,0.007237,0.00005238
1771742601.057514,20.060000,0.010000,0.007019,-0.061280,0.021538,1.2340,0.819636,-0.037808,1.408169,-0.052532,-0.052532,-3.0099,-3.0099,1,1,0.007019,0.00004927
1771742601.067514,20.070000,0.010000,0.006776,-0.070891,0.022753,1.3036,0.952953,-0.026628,1.118038,-0.094275,-0.094275,-5.4016,-5.4016,1,1,0.006776,0.00004592
1771742601.077514,20.080000,0.010000,0.006473,-0.077477,0.024744,1.4177,1.035713,-0.014468,1.216028,-0.053845,-0.053845,-3.0851,-3.0851,1,1,0.006473,0.00004190
1771742601.087514,20.090000,0.010000,0.006154,-0.076711,0.026845,1.5381,1.001685,-0.003224,1.124401,0.046937,0.046937,2.6893,2.6893,1,1,0.006154,0.00003787
1771742601.097514,20.100000,0.010000,0.005815,-0.081370,0.029093,1.6669,1.062353,0.007570,1.079327,0.056378,0.056378,3.2302,3.2302,1,1,0.005815,0.00003381
1771742601.107514,20.110000,0.010000,0.005478,-0.080922,0.031509,1.8053,1.079797,0.013523,0.595345,0.095231,0.095231,5.4563,5.4563,1,1,0.005478,0.00003000
1771742601.117514,20.120000,0.010000,0.005142,-0.080487,0.034052,1.9511,1.092991,0.017893,0.436955,-0.030634,-0.030634,-1.7552,-1.7552,1,1,0.005142,0.00002644
1771742601.127515,20.130000,0.010000,0.004819,-0.077623,0.036513,2.0921,1.059459,0.018225,0.033269,-0.062654,-0.062654,-3.5898,-3.5898,1,1,0.004819,0.00002322
1771742601.137515,20.140000,0.010000,0.004504,-0.076476,0.038829,2.2247,1.042400,0.015026,-0.319955,-0.119738,-0.119738,-6.8605,-6.8605,1,1,0.004504,0.00002029
1771742601.147515,20.150000,0.010000,0.004210,-0.072850,0.040848,2.3404,0.987726,0.008736,-0.629027,-0.106106,-0.106106,-6.0794,-6.0794,1,1,0.004210,0.00001773
1771742601.157515,20.160000,0.010000,0.003935,-0.071874,0.042667,2.4446,0.986383,-0.000259,-0.899464,-0.044032,-0.044032,-2.5229,-2.5229,1,1,0.003935,0.00001548
1771742601.167515,20.170000,0.010000,0.003702,-0.062793,0.043886,2.5145,0.845997,-0.011620,-1.136097,-0.017364,-0.017364,-0.9949,-0.9949,1,1,0.003702,0.00001370
1771742601.177515,20.180000,0.010000,0.003486,-0.066459,0.045005,2.5786,0.937189,-0.025052,-1.343151,0.077669,0.077669,4.4501,4.4501,1,1,0.003486,0.00001216
1771742601.187515,20.190000,0.010000,0.003326,-0.050942,0.045388,2.6006,0.689770,-0.033314,-0.826191,0.049149,0.049149,2.8160,2.8160,1,1,0.003326,0.00001106
1771742601.197515,20.200000,0.010000,0.003194,-0.057016,0.045520,2.6081,0.830158,-0.040934,-0.762025,0.073631,0.073631,4.2187,4.2187,1,1,0.003194,0.00001020
1771742601.207515,20.210000,0.010000,0.003059,-0.053371,0.045984,2.6347,0.798252,-0.044111,-0.317706,0.029817,0.029817,1.7084,1.7084,1,1,0.003059,0.00000935
1771742601.217515,20.220000,0.010000,0.002929,-0.055568,0.046645,2.6725,0.872641,-0.043400,0.071073,-0.042659,-0.042659,-2.4442,-2.4442,1,1,0.002929,0.00000858
1771742601.227515,20.230000,0.010000,0.002829,-0.046924,0.047060,2.6963,0.755519,-0.039288,0.411255,-0.155349,-0.155349,-8.9008,-8.9008,1,1,0.002829,0.00000800
1771742601.237514,20.240000,0.010000,0.002744,-0.050936,0.047543,2.7240,0.866243,-0.032198,0.708914,-0.262094,-0.262094,-15.0169,-15.0169,1,1,0.002744,0.00000753
1771742601.247514,20.250000,0.010000,0.002656,-0.049094,0.048423,2.7744,0.873698,-0.029486,0.271234,-0.297103,-0.297103,-17.0228,-17.0228,1,1,0.002656,0.00000705
1771742601.257514,20.260000,0.010000,0.002595,-0.044529,0.049165,2.8169,0.834678,-0.030603,-0.111736,-0.261634,-0.261634,-14.9905,-14.9905,1,1,0.002595,0.00000673
1771742601.267514,20.270000,0.010000,0.002555,-0.043447,0.049880,2.8579,0.859675,-0.035072,-0.446835,-0.176958,-0.176958,-10.1390,-10.1390,1,1,0.002555,0.00000653
1771742601.277514,20.280000,0.010000,0.002566,-0.032811,0.050076,2.8691,0.715330,-0.042472,-0.740046,-0.109158,-0.109158,-6.2543,-6.2543,1,1,0.002566,0.00000659
1771742601.287514,20.290000,0.010000,0.002597,-0.037130,0.050304,2.8822,0.838759,-0.045457,-0.298475,-0.044620,-0.044620,-2.5566,-2.5566,1,1,0.002597,0.00000675
1771742601.297514,20.300000,0.010000,0.002651,-0.028547,0.050498,2.8933,0.731473,-0.044578,0.087900,-0.148518,-0.148518,-8.5095,-8.5095,1,1,0.002651,0.00000703
1771742601.307514,20.310000,0.010000,0.002719,-0.032674,0.050837,2.9127,0.851322,-0.040318,0.425979,-0.256969,-0.256969,-14.7232,-14.7232,1,1,0.002719,0.00000739
1771742601.317514,20.320000,0.010000,0.002791,-0.028724,0.051475,2.9493,0.826562,-0.033100,0.721797,-0.324103,-0.324103,-18.5698,-18.5698,1,1,0.002791,0.00000779
1771742601.327514,20.330000,0.010000,0.002868,-0.031182,0.052413,3.0031,0.916608,-0.023294,0.980638,-0.357358,-0.357358,-20.4751,-20.4751,1,1,0.002868,0.00000823
1771742601.337514,20.340000,0.010000,0.002965,-0.024827,0.053378,3.0583,0.849801,-0.016655,0.663887,-0.346812,-0.346812,-19.8709,-19.8709,1,1,0.002965,0.00000879
1771742601.347514,20.350000,0.010000,0.003076,-0.027072,0.054495,3.1223,0.937213,-0.014337,0.231835,-0.363681,-0.363681,-20.8374,-20.8374,1,1,0.003076,0.00000946
1771742601.357514,20.360000,0.010000,0.003228,-0.015863,0.055273,3.1669,0.785039,-0.015799,-0.146210,-0.331809,-0.331809,-19.0113,-19.0113,1,1,0.003228,0.00001042
1771742601.367514,20.370000,0.010000,0.003403,-0.019720,0.056041,3.2109,0.901734,-0.020569,-0.477000,-0.302862,-0.302862,-17.3527,-17.3527,1,1,0.003403,0.00001158
1771742601.377515,20.380000,0.010000,0.003617,-0.007587,0.056392,3.2310,0.706107,-0.028233,-0.766441,-0.245128,-0.245128,-14.0448,-14.0448,1,1,0.003617,0.00001308
1771742601.387515,20.390000,0.010000,0.003847,-0.013536,0.056734,3.2506,0.858268,-0.038430,-1.019701,-0.169576,-0.169576,-9.7160,-9.7160,1,1,0.003847,0.00001480
1771742601.397515,20.400000,0.010000,0.004115,-0.000010,0.056347,3.2284,0.557394,-0.050843,-1.241305,-0.109301,-0.109301,-6.2625,-6.2625,1,1,0.004115,0.00001693
1771742601.407515,20.410000,0.010000,0.004385,-0.009581,0.055843,3.1996,0.769731,-0.058214,-0.737076,-0.064190,-0.064190,-3.6778,-3.6778,1,1,0.004385,0.00001923
1771742601.417515,20.420000,0.010000,0.004663,0.000013,0.055360,3.1719,0.600073,-0.061173,-0.295875,-0.108640,-0.108640,-6.2246,-6.2246,1,1,0.004663,0.00002175
1771742601.427515,20.430000,0.010000,0.004933,-0.009574,0.055176,3.1614,0.806000,-0.067252,-0.607957,-0.184351,-0.184351,-10.5625,-10.5625,1,1,0.004933,0.00002434
1771742601.437515,20.440000,0.010000,0.005211,0.000010,0.054214,3.1062,0.449418,-0.076063,-0.881028,-0.116755,-0.116755,-6.6895,-6.6895,1,1,0.005211,0.00002715
1771742601.447515,20.450000,0.010000,0.005457,-0.013322,0.053170,3.0464,0.715557,-0.087262,-1.119965,-0.049070,-0.049070,-2.8115,-2.8115,1,1,0.005457,0.00002977
1771742601.457515,20.460000,0.010000,0.005713,0.000007,0.051489,2.9501,0.344720,-0.100553,-1.329036,0.021569,0.021569,1.2358,1.2358,1,1,0.005713,0.00003263
1771742601.467515,20.470000,0.010000,0.005940,-0.016140,0.049849,2.8561,0.652577,-0.115672,-1.511972,0.043654,0.043654,2.5012,2.5012,1,1,0.005940,0.00003528
1771742601.477515,20.480000,0.010000,0.006180,0.000004,0.047266,2.7081,0.175104,-0.132393,-1.672041,0.090777,0.090777,5.2012,5.2012,1,1,0.006180,0.00003819
1771742601.487514,20.490000,0.010000,0.006381,-0.020182,0.044619,2.5565,0.544779,-0.150514,-1.812102,0.102010,0.102010,5.8448,5.8448,1,1,0.006381,0.00004071
1771742601.497514,20.500000,0.010000,0.006597,0.000002,0.041036,2.3512,0.019773,-0.169557,-1.904349,0.055677,0.055677,3.1900,3.1900,1,1,0.006597,0.00004352
1771742601.507514,20.510000,0.010000,0.006774,-0.023910,0.037447,2.1456,0.443221,-0.182730,-1.317240,0.091405,0.091405,5.2371,5.2371,1,1,0.006774,0.00004589
1771742601.517514,20.520000,0.010000,0.006968,-0.000019,0.033406,1.9140,-0.009033,-0.190765,-0.803519,0.041301,0.041301,2.3664,2.3664,1,1,0.006968,0.00004856
1771742601.527514,20.530000,0.010000,0.007137,-0.025215,0.029638,1.6981,0.422735,-0.194305,-0.354013,0.067588,0.067588,3.8725,3.8725,1,1,0.007137,0.00005093
1771742601.537514,20.540000,0.010000,0.007295,-0.006733,0.025879,1.4827,0.075052,-0.193912,0.039304,0.065103,0.065103,3.7301,3.7301,1,1,0.007295,0.00005322
1771742601.547514,20.550000,0.010000,0.007414,-0.030921,0.022607,1.2953,0.474527,-0.190077,0.383457,0.066409,0.066409,3.8049,3.8049,1,1,0.007414,0.00005496
1771742601.557514,20.560000,0.010000,0.007530,-0.011213,0.019094,1.0940,0.092478,-0.189361,0.071584,0.090429,0.090429,5.1812,5.1812,1,1,0.007530,0.00005671
1771742601.567514,20.570000,0.010000,0.007611,-0.035557,0.015911,0.9116,0.482485,-0.185244,0.411702,0.075859,0.075859,4.3464,4.3464,1,1,0.007611,0.00005793
1771742601.577514,20.580000,0.010000,0.007642,-0.026898,0.013208,0.7567,0.283300,-0.178151,0.709305,0.107023,0.107023,6.1320,6.1320,1,1,0.007642,0.00005841
1771742601.587514,20.590000,0.010000,0.007613,-0.047883,0.011165,0.6397,0.603070,-0.168454,0.969708,0.074925,0.074925,4.2929,4.2929,1,1,0.007613,0.00005797
1771742601.597514,20.600000,0.010000,0.007563,-0.035592,0.009050,0.5185,0.331765,-0.156479,1.197560,0.118128,0.118128,6.7683,6.7683,1,1,0.007563,0.00005720
1771742601.607514,20.610000,0.010000,0.007468,-0.055634,0.007265,0.4163,0.629079,-0.142509,1.396931,0.057003,0.057003,3.2660,3.2660,1,1,0.007468,0.00005576
1771742601.617514,20.620000,0.010000,0.007281,-0.060869,0.006599,0.3781,0.661461,-0.126796,1.571380,-0.007675,-0.007675,-0.4397,-0.4397,1,1,0.007281,0.00005301
1771742601.627515,20.630000,0.010000,0.007028,-0.071879,0.006597,0.3780,0.795989,-0.109555,1.724024,-0.035202,-0.035202,-2.0169,-2.0169,1,1,0.007028,0.00004939
1771742601.637515,20.640000,0.010000,0.006739,-0.071084,0.006730,0.3856,0.723126,-0.090979,1.857587,-0.009036,-0.009036,-0.5177,-0.5177,1,1,0.006739,0.00004541
1771742601.647515,20.650000,0.010000,0.006403,-0.082493,0.007217,0.4135,0.868909,-0.074444,1.653510,-0.043027,-0.043027,-2.4653,-2.4653,1,1,0.006403,0.00004100
1771742601.657515,20.660000,0.010000,0.006055,-0.083537,0.008188,0.4691,0.919798,-0.056690,1.775400,0.033478,0.033478,1.9182,1.9182,1,1,0.006055,0.00003666
1771742601.667515,20.670000,0.010000,0.005710,-0.082899,0.009426,0.5401,0.947504,-0.041466,1.522416,0.117800,0.117800,6.7494,6.7494,1,1,0.005710,0.00003260
1771742601.677515,20.680000,0.010000,0.005366,-0.082364,0.010860,0.6222,0.967564,-0.027982,1.348436,0.127021,0.127021,7.2778,7.2778,1,1,0.005366,0.00002880
1771742601.687515,20.690000,0.010000,0.005025,-0.081906,0.012435,0.7125,0.981883,-0.013180,1.480139,0.144688,0.144688,8.2900,8.2900,1,1,0.005025,0.00002525
1771742601.697515,20.700000,0.010000,0.004685,-0.081504,0.014111,0.8085,0.991890,-0.002051,1.112997,0.220699,0.220699,12.6451,12.6451,1,1,0.004685,0.00002195
1771742601.707515,20.710000,0.010000,0.004347,-0.081143,0.015858,0.9086,0.998652,0.011179,1.322938,0.190105,0.190105,10.8922,10.8922,1,1,0.004347,0.00001890
1771742601.717515,20.720000,0.010000,0.004011,-0.080814,0.017653,1.0115,1.002966,0.019264,0.808505,0.260264,0.260264,14.9120,14.9120,1,1,0.004011,0.00001608
1771742601.727515,20.730000,0.010000,0.003675,-0.080507,0.019479,1.1161,1.005432,0.029829,1.056508,0.180702,0.180702,10.3535,10.3535,1,1,0.003675,0.00001351
1771742601.737514,20.740000,0.010000,0.003341,-0.080216,0.021323,1.2217,1.006493,0.035583,0.575379,0.253139,0.253139,14.5038,14.5038,1,1,0.003341,0.00001116
1771742601.747514,20.750000,0.010000,0.003008,-0.079936,0.023176,1.3279,1.006484,0.037127,0.154390,0.160897,0.160897,9.2187,9.2187,1,1,0.003008,0.00000905
1771742601.757514,20.760000,0.010000,0.002676,-0.079632,0.025027,1.4339,1.005472,0.034987,-0.213974,0.080345,0.080345,4.6034,4.6034,1,1,0.002676,0.00000716
1771742601.767514,20.770000,0.010000,0.002348,-0.079118,0.026861,1.5390,1.002703,0.029624,-0.536293,0.070435,0.070435,4.0356,4.0356,1,1,0.002348,0.00000551
1771742601.777514,20.780000,0.010000,0.002027,-0.078103,0.028651,1.6416,0.997009,0.021441,-0.818323,0.045160,0.045160,2.5875,2.5875,1,1,0.002027,0.00000411
1771742601.787514,20.790000,0.010000,0.001717,-0.076640,0.030379,1.7406,0.989390,0.017771,-0.366966,0.065313,0.065313,3.7422,3.7422,1,1,0.001717,0.00000295
1771742601.797514,20.800000,0.010000,0.001423,-0.074813,0.032036,1.8355,0.980818,0.018051,0.027970,0.033903,0.033903,1.9425,1.9425,1,1,0.001423,0.00000202
1771742601.807514,20.810000,0.010000,0.001145,-0.072655,0.033617,1.9261,0.971728,0.021786,0.373540,0.006506,0.006506,0.3727,0.3727,1,1,0.001145,0.00000131
1771742601.817514,20.820000,0.010000,0.000888,-0.070205,0.035120,2.0122,0.962548,0.028545,0.675913,-0.002324,-0.002324,-0.1331,-0.1331,1,1,0.000888,0.00000079
1771742601.827514,20.830000,0.010000,0.000653,-0.067500,0.036547,2.0940,0.953585,0.037950,0.940490,0.058445,0.058445,3.3486,3.3486,1,1,0.000653,0.00000043
1771742601.837514,20.840000,0.010000,0.000441,-0.064571,0.037902,2.1716,0.945090,0.049670,1.171995,0.146477,0.146477,8.3925,8.3925,1,1,0.000441,0.00000019
1771742601.847514,20.850000,0.010000,0.000256,-0.061450,0.039190,2.2454,0.937254,0.063416,1.374561,0.192694,0.192694,11.0406,11.0406,1,1,0.000256,0.00000007
1771742601.857514,20.860000,0.010000,0.000097,-0.058164,0.040417,2.3157,0.930240,0.078077,1.466077,0.179057,0.179057,10.2592,10.2592,1,1,0.000097,0.00000001
1771742601.867514,20.870000,0.010000,-0.000033,-0.054741,0.041592,2.3830,0.924179,0.094395,1.631883,0.130407,0.130407,7.4718,7.4718,1,1,0.000033,0.00000000
1771742601.877515,20.880000,0.010000,-0.000135,-0.051206,0.042722,2.4478,0.919180,0.105184,1.078832,0.002707,0.002707,0.1551,0.1551,1,1,0.000135,0.00000002
1771742601.887515,20.890000,0.010000,-0.000206,-0.047586,0.043819,2.5106,0.915361,0.111133,0.594912,-0.061160,-0.061160,-3.5042,-3.5042,1,1,0.000206,0.00000004
1771742601.897515,20.900000,0.010000,-0.000246,-0.043904,0.044891,2.5721,0.912821,0.112848,0.171482,-0.136798,-0.136798,-7.8379,-7.8379,1,1,0.000246,0.00000006
1771742601.907515,20.910000,0.010000,-0.000256,-0.040185,0.045951,2.6328,0.911647,0.110857,-0.199019,-0.176537,-0.176537,-10.1148,-10.1148,1,1,0.000256,0.00000007
1771742601.917515,20.920000,0.010000,-0.000234,-0.036449,0.047009,2.6934,0.911914,0.105625,-0.523208,-0.192784,-0.192784,-11.0457,-11.0457,1,1,0.000234,0.00000005
1771742601.927515,20.930000,0.010000,-0.000182,-0.032719,0.048080,2.7548,0.913684,0.097557,-0.806872,-0.179385,-0.179385,-10.2780,-10.2780,1,1,0.000182,0.00000003
1771742601.937515,20.940000,0.010000,-0.000098,-0.029011,0.049174,2.8175,0.917009,0.087006,-1.055079,-0.162523,-0.162523,-9.3119,-9.3119,1,1,0.000098,0.00000001
1771742601.947515,20.950000,0.010000,0.000016,-0.025344,0.050307,2.8824,0.921933,0.075840,-1.116619,-0.147381,-0.147381,-8.4443,-8.4443,1,1,0.000016,0.00000000
1771742601.957515,20.960000,0.010000,0.000161,-0.021732,0.051490,2.9502,0.928489,0.069560,-0.627976,-0.161060,-0.161060,-9.2281,-9.2281,1,1,0.000161,0.00000003
1771742601.967515,20.970000,0.010000,0.000335,-0.018189,0.052738,3.0217,0.936701,0.067556,-0.200413,-0.254934,-0.254934,-14.6066,-14.6066,1,1,0.000335,0.00000011
1771742601.977515,20.980000,0.010000,0.000538,-0.014726,0.054066,3.0977,0.946582,0.069293,0.173705,-0.310670,-0.310670,-17.8001,-17.8001,1,1,0.000538,0.00000029
1771742601.987514,20.990000,0.010000,0.000770,-0.011395,0.055486,3.1791,0.958273,0.074303,0.501057,-0.341105,-0.341105,-19.5439,-19.5439,1,1,0.000770,0.00000059
1771742601.997514,21.000000,0.010000,0.001020,-0.009967,0.057057,3.2691,0.981820,0.081316,0.701300,-0.344661,-0.344661,-19.7476,-19.7476,1,1,0.001020,0.00000104
1771742602.007514,21.010000,0.010000,0.001283,-0.008618,0.058817,3.3700,1.004555,0.083962,0.264572,-0.350903,-0.350903,-20.1052,-20.1052,1,1,0.001283,0.00000165
1771742602.017514,21.020000,0.010000,0.001557,-0.007257,0.060761,3.4813,1.026373,0.082786,-0.117566,-0.317382,-0.317382,-18.1846,-18.1846,1,1,0.001557,0.00000243
1771742602.027514,21.030000,0.010000,0.001843,-0.005900,0.062884,3.6030,1.047883,0.078267,-0.451936,-0.298230,-0.298230,-17.0873,-17.0873,1,1,0.001843,0.00000340
1771742602.037514,21.040000,0.010000,0.002140,-0.004563,0.065188,3.7350,1.069565,0.070822,-0.744510,-0.283749,-0.283749,-16.2576,-16.2576,1,1,0.002140,0.00000458
1771742602.047514,21.050000,0.010000,0.002447,-0.003249,0.067676,3.8775,1.091703,0.060817,-1.000512,-0.272655,-0.272655,-15.6220,-15.6220,1,1,0.002447,0.00000599
1771742602.057514,21.060000,0.010000,0.002774,0.000021,0.070107,4.0169,1.055357,0.048572,-1.224514,-0.263216,-0.263216,-15.0812,-15.0812,1,1,0.002774,0.00000770
1771742602.067514,21.070000,0.010000,0.003112,0.000020,0.072161,4.1345,0.989122,0.034367,-1.420515,-0.249676,-0.249676,-14.3054,-14.3054,1,1,0.003112,0.00000969
1771742602.077514,21.080000,0.010000,0.003446,0.000019,0.073726,4.2242,0.920111,0.018446,-1.592017,-0.229445,-0.229445,-13.1462,-13.1462,1,1,0.003446,0.00001187
1771742602.087514,21.090000,0.010000,0.003775,0.000018,0.074773,4.2842,0.846659,0.001026,-1.742081,-0.193127,-0.193127,-11.0653,-11.0653,1,1,0.003775,0.00001425
1771742602.097514,21.100000,0.010000,0.004100,0.000017,0.075280,4.3132,0.772062,-0.017708,-1.873386,-0.125946,-0.125946,-7.2162,-7.2162,1,1,0.004100,0.00001681
1771742602.107514,21.110000,0.010000,0.004420,0.000015,0.075230,4.3104,0.694306,-0.037591,-1.988279,-0.058308,-0.058308,-3.3408,-3.3408,1,1,0.004420,0.00001954
1771742602.117514,21.120000,0.010000,0.004736,0.000013,0.074610,4.2748,0.616644,-0.058479,-2.088810,-0.033119,-0.033119,-1.8976,-1.8976,1,1,0.004736,0.00002243
1771742602.127515,21.130000,0.010000,0.005047,0.000012,0.073409,4.2060,0.536757,-0.080247,-2.176774,-0.008651,-0.008651,-0.4957,-0.4957,1,1,0.005047,0.00002548
1771742602.137515,21.140000,0.010000,0.005354,0.000010,0.071624,4.1038,0.457900,-0.102784,-2.253744,0.005553,0.005553,0.3182,0.3182,1,1,0.005354,0.00002866
1771742602.147515,21.150000,0.010000,0.005655,0.000008,0.069249,3.9677,0.377486,-0.125995,-2.321091,0.033670,0.033670,1.9292,1.9292,1,1,0.005655,0.00003198
1771742602.157515,21.160000,0.010000,0.005952,0.000007,0.066354,3.8018,0.315260,-0.147525,-2.152940,0.061064,0.061064,3.4987,3.4987,1,1,0.005952,0.00003543
1771742602.167515,21.170000,0.010000,0.006245,0.000006,0.063072,3.6138,0.270930,-0.164553,-1.702799,0.071928,0.071928,4.1212,4.1212,1,1,0.006245,0.00003900
1771742602.177515,21.180000,0.010000,0.006535,0.000006,0.059505,3.4094,0.236623,-0.178065,-1.351283,0.066025,0.066025,3.7829,3.7829,1,1,0.006535,0.00004271
1771742602.187515,21.190000,0.010000,0.006822,0.000006,0.055739,3.1936,0.214938,-0.188709,-1.064382,0.064307,0.064307,3.6845,3.6845,1,1,0.006822,0.00004654
1771742602.197515,21.200000,0.010000,0.007107,0.000005,0.051858,2.9713,0.203677,-0.196330,-0.762085,0.061430,0.061430,3.5197,3.5197,1,1,0.007107,0.00005051
1771742602.207515,21.210000,0.010000,0.007390,-0.000131,0.047966,2.7483,0.208687,-0.200469,-0.413938,0.062679,0.062679,3.5913,3.5913,1,1,0.007390,0.00005461
1771742602.217515,21.220000,0.010000,0.007666,-0.001301,0.044196,2.5322,0.232391,-0.200601,-0.013130,0.061732,0.061732,3.5370,3.5370,1,1,0.007666,0.00005876
1771742602.227515,21.230000,0.010000,0.007930,-0.002876,0.040615,2.3271,0.257300,-0.197225,0.337577,0.055083,0.055083,3.1560,3.1560,1,1,0.007930,0.00006289
1771742602.237514,21.240000,0.010000,0.008172,-0.006632,0.037355,2.1403,0.312603,-0.190781,0.644446,0.051939,0.051939,2.9759,2.9759,1,1,0.008172,0.00006679
1771742602.247514,21.250000,0.010000,0.008392,-0.008582,0.034355,1.9684,0.329019,-0.181651,0.912956,0.038709,0.038709,2.2178,2.2178,1,1,0.008392,0.00007042
1771742602.257514,21.260000,0.010000,0.008568,-0.017061,0.031936,1.8298,0.453675,-0.170172,1.147902,0.024696,0.024696,1.4150,1.4150,1,1,0.008568,0.00007340
1771742602.267514,21.270000,0.010000,0.008727,-0.013476,0.029555,1.6934,0.360701,-0.156637,1.353480,-0.024169,-0.024169,-1.3848,-1.3848,1,1,0.008727,0.00007617
1771742602.277514,21.280000,0.010000,0.008812,-0.034114,0.028228,1.6173,0.688484,-0.141304,1.533361,-0.022629,-0.022629,-1.2965,-1.2965,1,1,0.008812,0.00007764
1771742602.287514,21.290000,0.010000,0.008915,-0.012331,0.026236,1.5032,0.266739,-0.124396,1.690757,-0.160868,-0.160868,-9.2171,-9.2171,1,1,0.008915,0.00007947
1771742602.297514,21.300000,0.010000,0.008995,-0.035116,0.024336,1.3943,0.626472,-0.106111,1.828478,0.029868,0.029868,1.7113,1.7113,1,1,0.008995,0.00008090
1771742602.307514,21.310000,0.010000,0.008928,-0.051062,0.024613,1.4102,0.859496,-0.086621,1.948984,-0.245186,-0.245186,-14.0481,-14.0481,1,1,0.008928,0.00007971
1771742602.317514,21.320000,0.010000,0.008862,-0.037541,0.024486,1.4029,0.574698,-0.067755,1.886602,-0.211964,-0.211964,-12.1446,-12.1446,1,1,0.008862,0.00007854
1771742602.327514,21.330000,0.010000,0.008769,-0.054420,0.024454,1.4011,0.826022,-0.051607,1.614823,-0.170180,-0.170180,-9.7506,-9.7506,1,1,0.008769,0.00007690
1771742602.337514,21.340000,0.010000,0.008569,-0.066231,0.025924,1.4854,0.986841,-0.037321,1.428579,-0.191914,-0.191914,-10.9959,-10.9959,1,1,0.008569,0.00007342
1771742602.347514,21.350000,0.010000,0.008366,-0.056707,0.027052,1.5500,0.775535,-0.024940,1.238168,-0.100464,-0.100464,-5.7562,-5.7562,1,1,0.008366,0.00006999
1771742602.357514,21.360000,0.010000,0.008143,-0.068997,0.028207,1.6161,0.952616,-0.014937,1.000281,-0.145065,-0.145065,-8.3116,-8.3116,1,1,0.008143,0.00006631
1771742602.367514,21.370000,0.010000,0.007848,-0.076238,0.030314,1.7369,1.042920,-0.006577,0.835954,-0.098586,-0.098586,-5.6485,-5.6485,1,1,0.007848,0.00006159
1771742602.377515,21.380000,0.010000,0.007557,-0.069688,0.032120,1.8403,0.903257,-0.000917,0.566075,-0.090440,-0.090440,-5.1818,-5.1818,1,1,0.007557,0.00005711
1771742602.387515,21.390000,0.010000,0.007251,-0.078249,0.033987,1.9473,1.028090,0.002285,0.320153,-0.150642,-0.150642,-8.6312,-8.6312,1,1,0.007251,0.00005257
1771742602.397515,21.400000,0.010000,0.006941,-0.074354,0.035925,2.0583,0.962853,0.001596,-0.068932,-0.142941,-0.142941,-8.1899,-8.1899,1,1,0.006941,0.00004817
1771742602.407515,21.410000,0.010000,0.006620,-0.078151,0.037907,2.1719,1.013677,-0.001432,-0.302809,-0.109363,-0.109363,-6.2660,-6.2660,1,1,0.006620,0.00004383
1771742602.417515,21.420000,0.010000,0.006335,-0.068347,0.039313,2.2525,0.848824,-0.007573,-0.614023,-0.079098,-0.079098,-4.5320,-4.5320,1,1,0.006335,0.00004014
1771742602.427515,21.430000,0.010000,0.006047,-0.076007,0.040745,2.3345,0.979675,-0.009455,-0.188205,0.028239,0.028239,1.6180,1.6180,1,1,0.006047,0.00003656
1771742602.437515,21.440000,0.010000,0.005775,-0.065819,0.041842,2.3974,0.798084,-0.014592,-0.513745,-0.095327,-0.095327,-5.4618,-5.4618,1,1,0.005775,0.00003336
1771742602.447515,21.450000,0.010000,0.005508,-0.073566,0.042912,2.4587,0.939600,-0.022578,-0.798593,0.024688,0.024688,1.4145,1.4145,1,1,0.005508,0.00003033
1771742602.457515,21.460000,0.010000,0.005282,-0.057575,0.043289,2.4803,0.663472,-0.033056,-1.047834,0.011509,0.011509,0.6594,0.6594,1,1,0.005282,0.00002790
1771742602.467515,21.470000,0.010000,0.005071,-0.067139,0.043485,2.4915,0.844558,-0.045716,-1.265921,0.128349,0.128349,7.3538,7.3538,1,1,0.005071,0.00002572
1771742602.477515,21.480000,0.010000,0.004880,-0.055076,0.043438,2.4888,0.643256,-0.053302,-0.758615,0.071139,0.071139,4.0760,4.0760,1,1,0.004880,0.00002382
1771742602.487514,21.490000,0.010000,0.004692,-0.064427,0.043462,2.4902,0.824610,-0.063430,-1.012854,0.094717,0.094717,5.4269,5.4269,1,1,0.004692,0.00002202
1771742602.497514,21.500000,0.010000,0.004549,-0.046488,0.042821,2.4535,0.522197,-0.068802,-0.537181,0.042747,0.042747,2.4492,2.4492,1,1,0.004549,0.00002069
1771742602.507514,21.510000,0.010000,0.004421,-0.057690,0.042062,2.4100,0.739120,-0.071507,-0.270472,0.101942,0.101942,5.8409,5.8409,1,1,0.004421,0.00001954
1771742602.517514,21.520000,0.010000,0.004285,-0.050760,0.041580,2.3824,0.632939,-0.077364,-0.585728,0.011103,0.011103,0.6362,0.6362,1,1,0.004285,0.00001836
1771742602.527514,21.530000,0.010000,0.004144,-0.057823,0.041334,2.3683,0.776506,-0.085561,-0.819705,0.054088,0.054088,3.0990,3.0990,1,1,0.004144,0.00001718
1771742602.537514,21.540000,0.010000,0.004066,-0.037626,0.040135,2.2996,0.435500,-0.089243,-0.368176,0.014176,0.014176,0.8122,0.8122,1,1,0.004066,0.00001653
1771742602.547514,21.550000,0.010000,0.004005,-0.049841,0.038771,2.2214,0.671332,-0.088974,0.026912,0.094496,0.094496,5.4142,5.4142,1,1,0.004005,0.00001604
1771742602.557514,21.560000,0.010000,0.003892,-0.052820,0.038480,2.2048,0.740556,-0.085248,0.372614,0.003631,0.003631,0.2080,0.2080,1,1,0.003892,0.00001515
1771742602.567514,21.570000,0.010000,0.003808,-0.043762,0.037812,2.1664,0.595850,-0.085478,-0.023029,-0.096210,-0.096210,-5.5124,-5.5124,1,1,0.003808,0.00001450
1771742602.577514,21.580000,0.010000,0.003718,-0.052549,0.037377,2.1416,0.769184,-0.082189,0.328915,0.034799,0.034799,1.9938,1.9938,1,1,0.003718,0.00001383
1771742602.587514,21.590000,0.010000,0.003629,-0.045636,0.037069,2.1239,0.662473,-0.075820,0.636867,-0.075415,-0.075415,-4.3210,-4.3210,1,1,0.003629,0.00001317
1771742602.597514,21.600000,0.010000,0.003534,-0.052886,0.037014,2.1208,0.808826,-0.066757,0.906324,-0.177773,-0.177773,-10.1857,-10.1857,1,1,0.003534,0.00001249
1771742602.607514,21.610000,0.010000,0.003418,-0.052424,0.037478,2.1473,0.818083,-0.055336,1.142100,-0.248747,-0.248747,-14.2522,-14.2522,1,1,0.003418,0.00001168
1771742602.617514,21.620000,0.010000,0.003288,-0.056302,0.038342,2.1968,0.906490,-0.041852,1.348403,-0.244599,-0.244599,-14.0145,-14.0145,1,1,0.003288,0.00001081
1771742602.627515,21.630000,0.010000,0.003161,-0.052923,0.039335,2.2537,0.867739,-0.031277,1.057487,-0.200652,-0.200652,-11.4965,-11.4965,1,1,0.003161,0.00000999
1771742602.637515,21.640000,0.010000,0.003036,-0.055429,0.040486,2.3197,0.936786,-0.018533,1.274367,-0.218046,-0.218046,-12.4931,-12.4931,1,1,0.003036,0.00000921
1771742602.647515,21.650000,0.010000,0.002900,-0.056343,0.042043,2.4089,0.980154,-0.010873,0.766006,-0.157824,-0.157824,-9.0426,-9.0426,1,1,0.002900,0.00000841
1771742602.657515,21.660000,0.010000,0.002767,-0.055413,0.043803,2.5098,0.994113,-0.002753,0.812014,-0.225358,-0.225358,-12.9121,-12.9121,1,1,0.002767,0.00000765
1771742602.667515,21.670000,0.010000,0.002648,-0.053006,0.045574,2.6112,0.985553,0.000861,0.361446,-0.225433,-0.225433,-12.9164,-12.9164,1,1,0.002648,0.00000701
1771742602.677515,21.680000,0.010000,0.002543,-0.052303,0.047422,2.7171,1.011246,0.007515,0.665331,-0.258661,-0.258661,-14.8202,-14.8202,1,1,0.002543,0.00000647
1771742602.687515,21.690000,0.010000,0.002452,-0.049954,0.049354,2.8278,1.011237,0.009846,0.233099,-0.256849,-0.256849,-14.7164,-14.7164,1,1,0.002452,0.00000601
1771742602.697515,21.700000,0.010000,0.002391,-0.045231,0.051127,2.9294,0.972520,0.008395,-0.145104,-0.278663,-0.278663,-15.9662,-15.9662,1,1,0.002391,0.00000572
1771742602.707515,21.710000,0.010000,0.002353,-0.044273,0.052905,3.0312,1.004465,0.010616,0.222100,-0.247772,-0.247772,-14.1963,-14.1963,1,1,0.002353,0.00000554
1771742602.717515,21.720000,0.010000,0.002344,-0.038563,0.054582,3.1273,0.954385,0.009068,-0.154729,-0.310735,-0.310735,-17.8038,-17.8038,1,1,0.002344,0.00000549
1771742602.727515,21.730000,0.010000,0.002361,-0.037249,0.056226,3.2215,0.985638,0.004224,-0.484453,-0.278189,-0.278189,-15.9391,-15.9391,1,1,0.002361,0.00000558
1771742602.737514,21.740000,0.010000,0.002440,-0.024346,0.057254,3.2804,0.811893,-0.003506,-0.772963,-0.253654,-0.253654,-14.5333,-14.5333,1,1,0.002440,0.00000595
1771742602.747514,21.750000,0.010000,0.002556,-0.026441,0.058103,3.3291,0.907411,-0.013760,-1.025408,-0.197186,-0.197186,-11.2979,-11.2979,1,1,0.002556,0.00000653
1771742602.757514,21.760000,0.010000,0.002730,-0.011334,0.058398,3.3459,0.695617,-0.026223,-1.246298,-0.168843,-0.168843,-9.6740,-9.6740,1,1,0.002730,0.00000745
1771742602.767514,21.770000,0.010000,0.002937,-0.016096,0.058583,3.3565,0.837968,-0.040619,-1.439577,-0.092150,-0.092150,-5.2798,-5.2798,1,1,0.002937,0.00000862
1771742602.777514,21.780000,0.010000,0.003189,-0.001717,0.058033,3.3251,0.545020,-0.055269,-1.465060,-0.019092,-0.019092,-1.0939,-1.0939,1,1,0.003189,0.00001017
1771742602.787514,21.790000,0.010000,0.003453,-0.010100,0.057354,3.2862,0.747383,-0.071579,-1.630994,-0.049633,-0.049633,-2.8438,-2.8438,1,1,0.003453,0.00001192
1771742602.797514,21.800000,0.010000,0.003732,0.000007,0.056004,3.2088,0.420044,-0.089341,-1.776185,0.048806,0.048806,2.7964,2.7964,1,1,0.003732,0.00001393
1771742602.807514,21.810000,0.010000,0.003989,-0.011654,0.054615,3.1292,0.672982,-0.108373,-1.903228,0.037206,0.037206,2.1318,2.1318,1,1,0.003989,0.00001591
1771742602.817514,21.820000,0.010000,0.004273,0.004264,0.052109,2.9856,0.198170,-0.126933,-1.855944,0.104849,0.104849,6.0074,6.0074,1,1,0.004273,0.00001826
1771742602.827514,21.830000,0.010000,0.004532,-0.012572,0.049406,2.8308,0.533078,-0.145899,-1.896626,0.103091,0.103091,5.9067,5.9067,1,1,0.004532,0.00002054
1771742602.837514,21.840000,0.010000,0.004787,0.000003,0.046273,2.6513,0.157281,-0.159004,-1.310482,0.065388,0.065388,3.7464,3.7464,1,1,0.004787,0.00002292
1771742602.847514,21.850000,0.010000,0.005000,-0.018522,0.043343,2.4834,0.508830,-0.173961,-1.495738,0.090900,0.090900,5.2082,5.2082,1,1,0.005000,0.00002500
1771742602.857514,21.860000,0.010000,0.005226,0.000001,0.039387,2.2567,-0.022849,-0.186990,-1.302846,0.052924,0.052924,3.0323,3.0323,1,1,0.005226,0.00002731
1771742602.867514,21.870000,0.010000,0.005411,-0.022859,0.035374,2.0268,0.392200,-0.195323,-0.833297,0.082378,0.082378,4.7199,4.7199,1,1,0.005411,0.00002928
1771742602.877515,21.880000,0.010000,0.005596,-0.003966,0.031365,1.7971,0.058354,-0.199123,-0.380069,0.053869,0.053869,3.0865,3.0865,1,1,0.005596,0.00003131
1771742602.887515,21.890000,0.010000,0.005753,-0.025915,0.027826,1.5943,0.441669,-0.198958,0.016505,0.063560,0.063560,3.6417,3.6417,1,1,0.005753,0.00003310
1771742602.897515,21.900000,0.010000,0.005917,-0.006127,0.024065,1.3788,0.078050,-0.195323,0.363508,0.083271,0.083271,4.7711,4.7711,1,1,0.005917,0.00003501
1771742602.907515,21.910000,0.010000,0.006055,-0.028331,0.020634,1.1823,0.452102,-0.188652,0.667135,0.074469,0.074469,4.2667,4.2667,1,1,0.006055,0.00003666
1771742602.917515,21.920000,0.010000,0.006140,-0.022240,0.017905,1.0259,0.317514,-0.179324,0.932809,0.100238,0.100238,5.7432,5.7432,1,1,0.006140,0.00003770
1771742602.927515,21.930000,0.010000,0.006170,-0.040302,0.015920,0.9122,0.605860,-0.167671,1.165274,0.073206,0.073206,4.1944,4.1944,1,1,0.006170,0.00003807
1771742602.937515,21.940000,0.010000,0.006193,-0.027019,0.013764,0.7886,0.335141,-0.153984,1.368681,0.080587,0.080587,4.6173,4.6173,1,1,0.006193,0.00003835
1771742602.947515,21.950000,0.010000,0.006184,-0.044914,0.011865,0.6798,0.613815,-0.138518,1.546661,0.025331,0.025331,1.4513,1.4513,1,1,0.006184,0.00003824
1771742602.957515,21.960000,0.010000,0.006074,-0.054097,0.011392,0.6527,0.734007,-0.121494,1.702394,-0.025465,-0.025465,-1.4590,-1.4590,1,1,0.006074,0.00003689
1771742602.967515,21.970000,0.010000,0.005932,-0.053985,0.011134,0.6379,0.689364,-0.103107,1.838661,-0.070156,-0.070156,-4.0196,-4.0196,1,1,0.005932,0.00003519
1771742602.977515,21.980000,0.010000,0.005744,-0.064716,0.011341,0.6498,0.837685,-0.083528,1.957894,-0.116888,-0.116888,-6.6972,-6.6972,1,1,0.005744,0.00003300
1771742602.987514,21.990000,0.010000,0.005497,-0.069945,0.012250,0.7019,0.889706,-0.066472,1.705649,-0.011561,-0.011561,-0.6624,-0.6624,1,1,0.005497,0.00003022
1771742602.997514,22.000000,0.010000,0.005206,-0.076129,0.013629,0.7809,0.961910,-0.048057,1.841508,0.014867,0.014867,0.8518,0.8518,1,1,0.005206,0.00002710
1771742603.007514,22.010000,0.010000,0.004886,-0.077727,0.015219,0.8720,0.956863,-0.035316,1.274069,0.124591,0.124591,7.1385,7.1385,1,1,0.004886,0.00002387
1771742603.017514,22.020000,0.010000,0.004547,-0.081328,0.016940,0.9706,0.997050,-0.022956,1.235953,0.070607,0.070607,4.0455,4.0455,1,1,0.004547,0.00002068
1771742603.027514,22.030000,0.010000,0.004210,-0.080955,0.018740,1.0737,1.004613,-0.009678,1.327847,0.121726,0.121726,6.9744,6.9744,1,1,0.004210,0.00001772
1771742603.037514,22.040000,0.010000,0.003874,-0.080615,0.020593,1.1799,1.009613,0.000840,1.051833,0.179850,0.179850,10.3046,10.3046,1,1,0.003874,0.00001501
1771742603.047514,22.050000,0.010000,0.003539,-0.080299,0.022483,1.2882,1.012681,0.013265,1.242474,0.155939,0.155939,8.9346,8.9346,1,1,0.003539,0.00001253
1771742603.057514,22.060000,0.010000,0.003206,-0.079999,0.024396,1.3978,1.014286,0.020758,0.749260,0.222504,0.222504,12.7485,12.7485,1,1,0.003206,0.00001028
1771742603.067514,22.070000,0.010000,0.002874,-0.079712,0.026322,1.5082,1.014781,0.028236,0.747868,0.135515,0.135515,7.7644,7.7644,1,1,0.002874,0.00000826
1771742603.077514,22.080000,0.010000,0.002544,-0.079235,0.028243,1.6182,1.013356,0.031290,0.305319,0.150165,0.150165,8.6038,8.6038,1,1,0.002544,0.00000647
1771742603.087514,22.090000,0.010000,0.002222,-0.078286,0.030132,1.7264,1.008935,0.030470,-0.081912,0.061685,0.061685,3.5343,3.5343,1,1,0.002222,0.00000494
1771742603.097514,22.100000,0.010000,0.001911,-0.076856,0.031966,1.8315,1.002222,0.026263,-0.420739,0.022950,0.022950,1.3150,1.3150,1,1,0.001911,0.00000365
1771742603.107514,22.110000,0.010000,0.001614,-0.075043,0.033735,1.9329,0.994335,0.019091,-0.717212,0.011230,0.011230,0.6434,0.6434,1,1,0.001614,0.00000261
1771742603.117514,22.120000,0.010000,0.001335,-0.072878,0.035432,2.0301,0.985782,0.015260,-0.383145,0.022656,0.022656,1.2981,1.2981,1,1,0.001335,0.00000178
1771742603.127515,22.130000,0.010000,0.001076,-0.070407,0.037056,2.1231,0.977047,0.015210,-0.004912,-0.013279,-0.013279,-0.7608,-0.7608,1,1,0.001076,0.00000116
1771742603.137515,22.140000,0.010000,0.000839,-0.067665,0.038607,2.2120,0.968477,0.018658,0.344767,-0.051274,-0.051274,-2.9378,-2.9378,1,1,0.000839,0.00000070
1771742603.147515,22.150000,0.010000,0.000627,-0.064689,0.040088,2.2969,0.960348,0.025152,0.649362,-0.099873,-0.099873,-5.7223,-5.7223,1,1,0.000627,0.00000039
1771742603.157515,22.160000,0.010000,0.000440,-0.061508,0.041506,2.3781,0.952871,0.034324,0.917258,-0.051589,-0.051589,-2.9558,-2.9558,1,1,0.000440,0.00000019
1771742603.167515,22.170000,0.010000,0.000282,-0.058152,0.042865,2.4560,0.946221,0.045841,1.151666,0.022281,0.022281,1.2766,1.2766,1,1,0.000282,0.00000008
1771742603.177515,22.180000,0.010000,0.000152,-0.054648,0.044176,2.5311,0.940549,0.059409,1.356774,0.065910,0.065910,3.7764,3.7764,1,1,0.000152,0.00000002
1771742603.187515,22.190000,0.010000,0.000052,-0.051025,0.045445,2.6038,0.935983,0.074771,1.536243,0.070721,0.070721,4.0520,4.0520,1,1,0.000052,0.00000000
1771742603.197515,22.200000,0.010000,-0.000017,-0.047307,0.046684,2.6748,0.932632,0.084723,0.995147,-0.029249,-0.029249,-1.6758,-1.6758,1,1,0.000017,0.00000000
1771742603.207515,22.210000,0.010000,-0.000055,-0.043519,0.047904,2.7447,0.930592,0.092903,0.818036,-0.116325,-0.116325,-6.6649,-6.6649,1,1,0.000055,0.00000000
1771742603.217515,22.220000,0.010000,-0.000060,-0.039684,0.049115,2.8141,0.929958,0.096570,0.366716,-0.179233,-0.179233,-10.2693,-10.2693,1,1,0.000060,0.00000000
1771742603.227515,22.230000,0.010000,-0.000034,-0.035826,0.050330,2.8837,0.930811,0.096288,-0.028189,-0.235749,-0.235749,-13.5074,-13.5074,1,1,0.000034,0.00000000
1771742603.237514,22.240000,0.010000,0.000025,-0.031966,0.051561,2.9542,0.933220,0.092551,-0.373732,-0.261420,-0.261420,-14.9783,-14.9783,1,1,0.000025,0.00000000
1771742603.247514,22.250000,0.010000,0.000116,-0.028120,0.052823,3.0265,0.937224,0.085790,-0.676081,-0.247808,-0.247808,-14.1984,-14.1984,1,1,0.000116,0.00000001
1771742603.257514,22.260000,0.010000,0.000238,-0.024307,0.054128,3.1013,0.942857,0.076384,-0.940637,-0.234897,-0.234897,-13.4586,-13.4586,1,1,0.000238,0.00000006
1771742603.267514,22.270000,0.010000,0.000392,-0.020542,0.055490,3.1793,0.950174,0.064662,-1.172123,-0.225821,-0.225821,-12.9386,-12.9386,1,1,0.000392,0.00000015
1771742603.277514,22.280000,0.010000,0.000578,-0.016839,0.056924,3.2615,0.959200,0.050916,-1.374673,-0.217454,-0.217454,-12.4592,-12.4592,1,1,0.000578,0.00000033
1771742603.287514,22.290000,0.010000,0.000793,-0.013208,0.058444,3.3486,0.969951,0.038103,-1.281307,-0.219111,-0.219111,-12.5541,-12.5541,1,1,0.000793,0.00000063
1771742603.297514,22.300000,0.010000,0.001034,-0.010663,0.060088,3.4428,0.988110,0.030382,-0.772078,-0.247716,-0.247716,-14.1931,-14.1931,1,1,0.001034,0.00000107
1771742603.307514,22.310000,0.010000,0.001292,-0.009246,0.061912,3.5473,1.012715,0.027117,-0.326503,-0.283853,-0.283853,-16.2636,-16.2636,1,1,0.001292,0.00000167
1771742603.317514,22.320000,0.010000,0.001561,-0.007793,0.063930,3.6629,1.035847,0.027751,0.063376,-0.302256,-0.302256,-17.3180,-17.3180,1,1,0.001561,0.00000244
1771742603.327514,22.330000,0.010000,0.001856,-0.003360,0.065784,3.7691,0.973736,0.024814,-0.293612,-0.326247,-0.326247,-18.6926,-18.6926,1,1,0.001856,0.00000344
1771742603.337514,22.340000,0.010000,0.002171,-0.001887,0.067540,3.8697,0.996014,0.018755,-0.605976,-0.302541,-0.302541,-17.3343,-17.3343,1,1,0.002171,0.00000471
1771742603.347514,22.350000,0.010000,0.002500,0.000015,0.068939,3.9499,0.888125,0.009962,-0.879295,-0.278622,-0.278622,-15.9638,-15.9638,1,1,0.002500,0.00000625
1771742603.357514,22.360000,0.010000,0.002832,0.000017,0.070106,4.0168,0.914937,-0.001223,-1.118449,-0.258087,-0.258087,-14.7873,-14.7873,1,1,0.002832,0.00000802
1771742603.367514,22.370000,0.010000,0.003163,0.000015,0.070806,4.0569,0.776714,-0.014500,-1.327709,-0.238761,-0.238761,-13.6800,-13.6800,1,1,0.003163,0.00001000
1771742603.377515,22.380000,0.010000,0.003487,0.000016,0.071145,4.0763,0.797407,-0.029608,-1.510811,-0.149969,-0.149969,-8.5926,-8.5926,1,1,0.003487,0.00001216
1771742603.387515,22.390000,0.010000,0.003811,0.000013,0.070941,4.0646,0.646603,-0.046318,-1.671025,-0.076486,-0.076486,-4.3823,-4.3823,1,1,0.003811,0.00001452
1771742603.397515,22.400000,0.010000,0.004126,0.000014,0.070321,4.0291,0.665040,-0.064430,-1.811213,-0.061444,-0.061444,-3.5205,-3.5205,1,1,0.004126,0.00001703
1771742603.407515,22.410000,0.010000,0.004442,0.000021,0.069115,3.9600,0.506029,-0.083558,-1.912793,-0.001705,-0.001705,-0.0977,-0.0977,1,1,0.004442,0.00001973
1771742603.417515,22.420000,0.010000,0.004749,0.000012,0.067565,3.8712,0.548914,-0.100502,-1.694412,-0.001035,-0.001035,-0.0593,-0.0593,1,1,0.004749,0.00002255
1771742603.427515,22.430000,0.010000,0.005059,0.000473,0.065446,3.7498,0.374780,-0.118819,-1.831676,0.019299,0.019299,1.1057,1.1057,1,1,0.005059,0.00002559
1771742603.437515,22.440000,0.010000,0.005358,-0.000384,0.062979,3.6084,0.429819,-0.138337,-1.951782,0.036538,0.036538,2.0935,2.0935,1,1,0.005358,0.00002871
1771742603.447515,22.450000,0.010000,0.005664,0.001740,0.059824,3.4277,0.217819,-0.158827,-2.048993,0.075977,0.075977,4.3532,4.3532,1,1,0.005664,0.00003208
1771742603.457515,22.460000,0.010000,0.005945,-0.003720,0.056513,3.2380,0.350196,-0.179754,-2.092749,0.072002,0.072002,4.1254,4.1254,1,1,0.005945,0.00003534
1771742603.467515,22.470000,0.010000,0.006236,0.003109,0.052370,3.0006,0.041562,-0.195103,-1.534830,0.045406,0.045406,2.6015,2.6015,1,1,0.006236,0.00003889
1771742603.477515,22.480000,0.010000,0.006447,-0.019597,0.048948,2.8045,0.463617,-0.205542,-1.043986,0.071894,0.071894,4.1192,4.1192,1,1,0.006447,0.00004157
1771742603.487514,22.490000,0.010000,0.006711,0.011801,0.043736,2.5059,-0.308744,-0.212110,-0.656801,0.025535,0.025535,1.4630,1.4630,1,1,0.006711,0.00004504
1771742603.497514,22.500000,0.010000,0.006938,-0.019375,0.038324,2.1958,0.248941,-0.215442,-0.333134,0.023327,0.023327,1.3365,1.3365,1,1,0.006938,0.00004813
1771742603.507514,22.510000,0.010000,0.007092,-0.012067,0.034148,1.9565,0.113574,-0.214866,0.057574,0.054647,0.054647,3.1310,3.1310,1,1,0.007092,0.00005029
1771742603.517514,22.520000,0.010000,0.007175,-0.034738,0.031122,1.7832,0.499986,-0.210872,0.399443,0.034844,0.034844,1.9964,1.9964,1,1,0.007175,0.00005149
1771742603.527514,22.530000,0.010000,0.007326,0.000001,0.026507,1.5187,-0.192585,-0.203886,0.698578,0.083935,0.083935,4.8091,4.8091,1,1,0.007326,0.00005366
1771742603.537514,22.540000,0.010000,0.007463,-0.029885,0.021702,1.2434,0.310346,-0.194283,0.960322,0.003540,0.003540,0.2028,0.2028,1,1,0.007463,0.00005569
1771742603.547514,22.550000,0.010000,0.007436,-0.044835,0.019489,1.1167,0.537738,-0.182389,1.189348,0.062397,0.062397,3.5751,3.5751,1,1,0.007436,0.00005530
1771742603.557514,22.560000,0.010000,0.007421,-0.029600,0.016753,0.9599,0.228898,-0.168492,1.389745,0.075092,0.075092,4.3025,4.3025,1,1,0.007421,0.00005506
1771742603.567514,22.570000,0.010000,0.007365,-0.051227,0.014374,0.8236,0.567483,-0.152841,1.565093,0.055546,0.055546,3.1826,3.1826,1,1,0.007365,0.00005425
1771742603.577514,22.580000,0.010000,0.007213,-0.056357,0.013296,0.7618,0.609829,-0.135656,1.718522,-0.021514,-0.021514,-1.2327,-1.2327,1,1,0.007213,0.00005203
1771742603.587514,22.590000,0.010000,0.006999,-0.066635,0.012908,0.7396,0.742305,-0.117128,1.852773,-0.033464,-0.033464,-1.9174,-1.9174,1,1,0.006999,0.00004899
1771742603.597514,22.600000,0.010000,0.006750,-0.066454,0.012737,0.7298,0.690535,-0.097425,1.970242,-0.029337,-0.029337,-1.6809,-1.6809,1,1,0.006750,0.00004556
1771742603.607514,22.610000,0.010000,0.006450,-0.078332,0.013064,0.7485,0.853867,-0.076695,2.073027,-0.094418,-0.094418,-5.4097,-5.4097,1,1,0.006450,0.00004160
1771742603.617514,22.620000,0.010000,0.006107,-0.082448,0.014112,0.8086,0.921454,-0.062047,1.464833,0.017922,0.017922,1.0268,1.0268,1,1,0.006107,0.00003729
1771742603.627515,22.630000,0.010000,0.005766,-0.081717,0.015385,0.8815,0.943182,-0.051375,1.067172,0.013017,0.013017,0.7458,0.7458,1,1,0.005766,0.00003325
1771742603.637515,22.640000,0.010000,0.005423,-0.082271,0.016894,0.9680,0.977889,-0.038547,1.282842,0.002431,0.002431,0.1393,0.1393,1,1,0.005423,0.00002941
1771742603.647515,22.650000,0.010000,0.005083,-0.081747,0.018590,1.0651,0.997049,-0.029373,0.917388,0.053257,0.053257,3.0514,3.0514,1,1,0.005083,0.00002583
1771742603.657515,22.660000,0.010000,0.004744,-0.081293,0.020423,1.1701,1.010969,-0.017855,1.151780,0.012233,0.012233,0.7009,0.7009,1,1,0.004744,0.00002250
1771742603.667515,22.670000,0.010000,0.004407,-0.080890,0.022356,1.2809,1.020961,-0.011268,0.658742,0.085099,0.085099,4.8758,4.8758,1,1,0.004407,0.00001942
1771742603.677515,22.680000,0.010000,0.004071,-0.080525,0.024363,1.3959,1.028009,-0.002060,0.920801,-0.001902,-0.001902,-0.1090,-0.1090,1,1,0.004071,0.00001657
1771742603.687515,22.690000,0.010000,0.003737,-0.080187,0.026421,1.5138,1.032847,0.007584,0.964395,0.069995,0.069995,4.0104,4.0104,1,1,0.003737,0.00001396
1771742603.697515,22.700000,0.010000,0.003404,-0.079870,0.028517,1.6339,1.036025,0.013580,0.599526,0.108249,0.108249,6.2022,6.2022,1,1,0.003404,0.00001159
1771742603.707515,22.710000,0.010000,0.003073,-0.079522,0.030635,1.7553,1.037720,0.015335,0.175520,0.027590,0.027590,1.5808,1.5808,1,1,0.003073,0.00000944
1771742603.717515,22.720000,0.010000,0.002746,-0.078879,0.032753,1.8766,1.036866,0.013380,-0.195486,-0.032585,-0.032585,-1.8670,-1.8670,1,1,0.002746,0.00000754
1771742603.727515,22.730000,0.010000,0.002428,-0.077667,0.034840,1.9962,1.032621,0.008179,-0.520116,-0.028807,-0.028807,-1.6505,-1.6505,1,1,0.002428,0.00000590
1771742603.737514,22.740000,0.010000,0.002128,-0.075017,0.036803,2.1087,1.009045,0.000137,-0.804168,-0.019222,-0.019222,-1.1013,-1.1013,1,1,0.002128,0.00000453
1771742603.747514,22.750000,0.010000,0.001847,-0.072947,0.038648,2.2144,1.001754,-0.003409,-0.354581,0.013931,0.013931,0.7982,0.7982,1,1,0.001847,0.00000341
1771742603.757514,22.760000,0.010000,0.001585,-0.070880,0.040452,2.3177,1.000032,-0.003021,0.038808,-0.040366,-0.040366,-2.3128,-2.3128,1,1,0.001585,0.00000251
1771742603.767514,22.770000,0.010000,0.001342,-0.068396,0.042226,2.4194,0.996143,-0.002339,0.068143,-0.125084,-0.125084,-7.1668,-7.1668,1,1,0.001342,0.00000180
1771742603.777514,22.780000,0.010000,0.001123,-0.065574,0.043960,2.5187,0.991225,0.001748,0.408691,-0.151310,-0.151310,-8.6694,-8.6694,1,1,0.001123,0.00000126
1771742603.787514,22.790000,0.010000,0.000928,-0.062469,0.045650,2.6155,0.986002,0.003058,0.131071,-0.188801,-0.188801,-10.8175,-10.8175,1,1,0.000928,0.00000086
1771742603.797514,22.800000,0.010000,0.000761,-0.059128,0.047297,2.7099,0.980984,0.007696,0.463753,-0.196988,-0.196988,-11.2866,-11.2866,1,1,0.000761,0.00000058
1771742603.807514,22.810000,0.010000,0.000624,-0.055589,0.048905,2.8020,0.976545,0.008263,0.056718,-0.215464,-0.215464,-12.3452,-12.3452,1,1,0.000624,0.00000039
1771742603.817514,22.820000,0.010000,0.000517,-0.051888,0.050481,2.8923,0.972966,0.012250,0.398694,-0.232826,-0.232826,-13.3400,-13.3400,1,1,0.000517,0.00000027
1771742603.827514,22.830000,0.010000,0.000441,-0.048054,0.052034,2.9813,0.970462,0.019229,0.697923,-0.268272,-0.268272,-15.3709,-15.3709,1,1,0.000441,0.00000019
1771742603.837514,22.840000,0.010000,0.000398,-0.044118,0.053573,3.0695,0.969203,0.021845,0.261617,-0.273029,-0.273029,-15.6434,-15.6434,1,1,0.000398,0.00000016
1771742603.847514,22.850000,0.010000,0.000389,-0.040105,0.055111,3.1576,0.969327,0.020644,-0.120151,-0.314151,-0.314151,-17.9995,-17.9995,1,1,0.000389,0.00000015
1771742603.857514,22.860000,0.010000,0.000413,-0.036039,0.056658,3.2463,0.970948,0.016102,-0.454198,-0.287262,-0.287262,-16.4589,-16.4589,1,1,0.000413,0.00000017
1771742603.867514,22.870000,0.010000,0.000471,-0.031944,0.058229,3.3363,0.974159,0.011687,-0.441547,-0.266077,-0.266077,-15.2451,-15.2451,1,1,0.000471,0.00000022
1771742603.877515,22.880000,0.010000,0.000564,-0.027840,0.059837,3.4284,0.979040,0.011314,-0.037288,-0.287179,-0.287179,-16.4542,-16.4542,1,1,0.000564,0.00000032
1771742603.887515,22.890000,0.010000,0.000701,-0.021257,0.061310,3.5128,0.940930,0.007497,-0.381693,-0.325791,-0.325791,-18.6664,-18.6664,1,1,0.000701,0.00000049
1771742603.897515,22.900000,0.010000,0.000886,-0.015854,0.062598,3.5866,0.924953,0.000666,-0.683047,-0.300092,-0.300092,-17.1940,-17.1940,1,1,0.000886,0.00000078
1771742603.907515,22.910000,0.010000,0.001123,-0.008507,0.063515,3.6392,0.846154,-0.008801,-0.946732,-0.272458,-0.272458,-15.6107,-15.6107,1,1,0.001123,0.00000126
1771742603.917515,22.920000,0.010000,0.001393,-0.006656,0.064263,3.6820,0.866154,-0.020576,-1.177456,-0.223382,-0.223382,-12.7988,-12.7988,1,1,0.001393,0.00000194
1771742603.927515,22.930000,0.010000,0.001700,0.000010,0.064406,3.6902,0.701516,-0.034369,-1.379340,-0.161851,-0.161851,-9.2734,-9.2734,1,1,0.001700,0.00000289
1771742603.937515,22.940000,0.010000,0.002017,-0.001869,0.064467,3.6937,0.811478,-0.049929,-1.555988,-0.082717,-0.082717,-4.7393,-4.7393,1,1,0.002017,0.00000407
1771742603.947515,22.950000,0.010000,0.002362,0.005631,0.063647,3.6467,0.507793,-0.067034,-1.710556,-0.000529,-0.000529,-0.0303,-0.0303,1,1,0.002362,0.00000558
1771742603.957515,22.960000,0.010000,0.002692,-0.002063,0.062680,3.5913,0.714275,-0.085493,-1.845802,-0.030986,-0.030986,-1.7754,-1.7754,1,1,0.002692,0.00000725
1771742603.967515,22.970000,0.010000,0.003055,0.011757,0.060660,3.4756,0.291917,-0.105134,-1.964143,0.065774,0.065774,3.7686,3.7686,1,1,0.003055,0.00000933
1771742603.977515,22.980000,0.010000,0.003398,-0.002033,0.058459,3.3494,0.586613,-0.125811,-2.067691,0.053633,0.053633,3.0729,3.0729,1,1,0.003398,0.00001154
1771742603.987514,22.990000,0.010000,0.003756,0.012775,0.055394,3.1738,0.138452,-0.145992,-2.018134,0.096653,0.096653,5.5378,5.5378,1,1,0.003756,0.00001411
1771742603.997514,23.000000,0.010000,0.004085,-0.004343,0.052287,2.9958,0.488614,-0.161003,-1.501066,0.095600,0.095600,5.4775,5.4775,1,1,0.004085,0.00001668
1771742604.007514,23.010000,0.010000,0.004411,0.009031,0.048568,2.7827,0.056107,-0.176775,-1.577207,0.067500,0.067500,3.8675,3.8675,1,1,0.004411,0.00001946
1771742604.017514,23.020000,0.010000,0.004690,-0.010829,0.044991,2.5778,0.438793,-0.194066,-1.729122,0.090168,0.090168,5.1663,5.1663,1,1,0.004690,0.00002200
1771742604.027514,23.030000,0.010000,0.004981,0.008101,0.040435,2.3168,-0.107294,-0.207319,-1.325322,0.040802,0.040802,2.3378,2.3378,1,1,0.004981,0.00002481
1771742604.037514,23.040000,0.010000,0.005223,-0.016240,0.035927,2.0585,0.338497,-0.215462,-0.814233,0.063345,0.063345,3.6294,3.6294,1,1,0.005223,0.00002728
1771742604.047514,23.050000,0.010000,0.005451,0.000002,0.031413,1.7999,-0.017233,-0.219096,-0.363388,0.042895,0.042895,2.4577,2.4577,1,1,0.005451,0.00002971
1771742604.057514,23.060000,0.010000,0.005633,-0.023246,0.027405,1.5702,0.390844,-0.218785,0.031101,0.051992,0.051992,2.9789,2.9789,1,1,0.005633,0.00003173
1771742604.067514,23.070000,0.010000,0.005828,-0.000883,0.023038,1.3200,-0.024411,-0.215022,0.376279,0.086197,0.086197,4.9387,4.9387,1,1,0.005828,0.00003396
1771742604.077514,23.080000,0.010000,0.005996,-0.025029,0.018977,1.0873,0.383854,-0.208239,0.678310,0.047907,0.047907,2.7449,2.7449,1,1,0.005996,0.00003596
1771742604.087514,23.090000,0.010000,0.006102,-0.020000,0.015798,0.9051,0.266459,-0.198813,0.942587,0.108006,0.108006,6.1883,6.1883,1,1,0.006102,0.00003724
1771742604.097514,23.100000,0.010000,0.006145,-0.039036,0.013482,0.7725,0.569567,-0.187074,1.173830,0.075105,0.075105,4.3032,4.3032,1,1,0.006145,0.00003776
1771742604.107514,23.110000,0.010000,0.006194,-0.021228,0.010714,0.6139,0.215840,-0.173313,1.376167,0.142329,0.142329,8.1548,8.1548,1,1,0.006194,0.00003837
1771742604.117514,23.120000,0.010000,0.006218,-0.041487,0.008066,0.4621,0.532501,-0.157781,1.553212,0.064070,0.064070,3.6709,3.6709,1,1,0.006218,0.00003867
1771742604.127515,23.130000,0.010000,0.006113,-0.055678,0.007322,0.4195,0.735798,-0.140699,1.708126,0.037197,0.037197,2.1312,2.1312,1,1,0.006113,0.00003736
1771742604.137515,23.140000,0.010000,0.005997,-0.046189,0.006349,0.3638,0.518935,-0.122263,1.843676,0.019414,0.019414,1.1123,1.1123,1,1,0.005997,0.00003596
1771742604.147515,23.150000,0.010000,0.005851,-0.060439,0.005497,0.3150,0.722849,-0.102640,1.962283,-0.006674,-0.006674,-0.3824,-0.3824,1,1,0.005851,0.00003424
1771742604.157515,23.160000,0.010000,0.005614,-0.070472,0.005849,0.3351,0.850909,-0.084710,1.793027,-0.044951,-0.044951,-2.5755,-2.5755,1,1,0.005614,0.00003152
1771742604.167515,23.170000,0.010000,0.005312,-0.077697,0.006956,0.3986,0.931132,-0.066203,1.850678,0.029562,0.029562,1.6938,1.6938,1,1,0.005312,0.00002822
1771742604.177515,23.180000,0.010000,0.004982,-0.079158,0.008271,0.4739,0.925013,-0.052566,1.363721,0.107948,0.107948,6.1850,6.1850,1,1,0.004982,0.00002482
1771742604.187515,23.190000,0.010000,0.004641,-0.081895,0.009671,0.5541,0.960715,-0.039496,1.306972,0.083724,0.083724,4.7971,4.7971,1,1,0.004641,0.00002154
1771742604.197515,23.200000,0.010000,0.004301,-0.081510,0.011158,0.6393,0.969095,-0.024569,1.492666,0.118947,0.118947,6.8151,6.8151,1,1,0.004301,0.00001850
1771742604.207515,23.210000,0.010000,0.003963,-0.081165,0.012703,0.7278,0.974372,-0.014999,0.957017,0.195522,0.195522,11.2026,11.2026,1,1,0.003963,0.00001570
1771742604.217515,23.220000,0.010000,0.003626,-0.080849,0.014284,0.8184,0.977297,-0.003134,1.186456,0.132284,0.132284,7.5793,7.5793,1,1,0.003626,0.00001315
1771742604.227515,23.230000,0.010000,0.003290,-0.080555,0.015884,0.9101,0.978433,0.006645,0.977992,0.213838,0.213838,12.2520,12.2520,1,1,0.003290,0.00001083
1771742604.237514,23.240000,0.010000,0.002956,-0.080276,0.017491,1.0022,0.978202,0.018694,1.204809,0.203037,0.203037,11.6331,11.6331,1,1,0.002956,0.00000874
1771742604.247514,23.250000,0.010000,0.002622,-0.080009,0.019096,1.0941,0.976915,0.025745,0.705142,0.270110,0.270110,15.4762,15.4762,1,1,0.002622,0.00000688
1771742604.257514,23.260000,0.010000,0.002290,-0.079731,0.020691,1.1855,0.974713,0.028424,0.267933,0.190733,0.190733,10.9282,10.9282,1,1,0.002290,0.00000524
1771742604.267514,23.270000,0.010000,0.001961,-0.079280,0.022259,1.2753,0.970901,0.027298,-0.112635,0.126794,0.126794,7.2647,7.2647,1,1,0.001961,0.00000384
1771742604.277514,23.280000,0.010000,0.001638,-0.078399,0.023778,1.3624,0.964468,0.023051,-0.424650,0.136997,0.136997,7.8494,7.8494,1,1,0.001638,0.00000268
1771742604.287514,23.290000,0.010000,0.001325,-0.077083,0.025228,1.4454,0.956018,0.015845,-0.720634,0.119750,0.119750,6.8611,6.8611,1,1,0.001325,0.00000176
1771742604.297514,23.300000,0.010000,0.001026,-0.075412,0.026599,1.5240,0.946476,0.013030,-0.281489,0.117256,0.117256,6.7183,6.7183,1,1,0.001026,0.00000105
1771742604.307514,23.310000,0.010000,0.000743,-0.073434,0.027886,1.5978,0.936401,0.014058,0.102763,0.105604,0.105604,6.0507,6.0507,1,1,0.000743,0.00000055
1771742604.317514,23.320000,0.010000,0.000477,-0.071178,0.029087,1.6666,0.926125,0.018448,0.438983,0.091590,0.091590,5.2477,5.2477,1,1,0.000477,0.00000023
1771742604.327514,23.330000,0.010000,0.000233,-0.068683,0.030203,1.7305,0.915986,0.025779,0.733176,0.050913,0.050913,2.9171,2.9171,1,1,0.000233,0.00000005
1771742604.337514,23.340000,0.010000,0.000010,-0.065980,0.031236,1.7897,0.906209,0.035685,0.990595,0.121625,0.121625,6.9686,6.9686,1,1,0.000010,0.00000000
1771742604.347514,23.350000,0.010000,-0.000189,-0.063097,0.032191,1.8444,0.896941,0.047760,1.207489,0.194950,0.194950,11.1698,11.1698,1,1,0.000189,0.00000004
1771742604.357514,23.360000,0.010000,-0.000363,-0.060061,0.033073,1.8949,0.888351,0.061816,1.405619,0.228765,0.228765,13.1073,13.1073,1,1,0.000363,0.00000013
1771742604.367514,23.370000,0.010000,-0.000510,-0.056902,0.033888,1.9416,0.880583,0.077606,1.578982,0.227345,0.227345,13.0259,13.0259,1,1,0.000510,0.00000026
1771742604.377515,23.380000,0.010000,-0.000631,-0.053644,0.034644,1.9850,0.873758,0.094913,1.730675,0.223397,0.223397,12.7997,12.7997,1,1,0.000631,0.00000040
1771742604.387515,23.390000,0.010000,-0.000725,-0.050314,0.035350,2.0254,0.867979,0.106891,1.197753,0.179803,0.179803,10.3020,10.3020,1,1,0.000725,0.00000053
1771742604.397515,23.400000,0.010000,-0.000790,-0.046934,0.036015,2.0635,0.863332,0.113880,0.698968,0.091769,0.091769,5.2580,5.2580,1,1,0.000790,0.00000062
1771742604.407515,23.410000,0.010000,-0.000827,-0.043529,0.036649,2.0998,0.859894,0.116770,0.288961,0.007090,0.007090,0.4063,0.4063,1,1,0.000827,0.00000068
1771742604.417515,23.420000,0.010000,-0.000835,-0.040119,0.037262,2.1350,0.857727,0.117142,0.037247,-0.041571,-0.041571,-2.3818,-2.3818,1,1,0.000835,0.00000070
1771742604.427515,23.430000,0.010000,-0.000815,-0.036725,0.037865,2.1695,0.856886,0.117157,0.001424,-0.086597,-0.086597,-4.9616,-4.9616,1,1,0.000815,0.00000066
1771742604.437515,23.440000,0.010000,-0.000767,-0.033364,0.038470,2.2042,0.857414,0.115713,-0.144402,-0.114462,-0.114462,-6.5582,-6.5582,1,1,0.000767,0.00000059
1771742604.447515,23.450000,0.010000,-0.000691,-0.030055,0.039088,2.2396,0.859347,0.112697,-0.301531,-0.132887,-0.132887,-7.6139,-7.6139,1,1,0.000691,0.00000048
1771742604.457515,23.460000,0.010000,-0.000589,-0.026812,0.039731,2.2764,0.862710,0.106568,-0.612905,-0.145844,-0.145844,-8.3562,-8.3562,1,1,0.000589,0.00000035
1771742604.467515,23.470000,0.010000,-0.000459,-0.023649,0.040411,2.3154,0.867524,0.104696,-0.187226,-0.140136,-0.140136,-8.0292,-8.0292,1,1,0.000459,0.00000021
1771742604.477515,23.480000,0.010000,-0.000304,-0.020579,0.041140,2.3571,0.873799,0.106548,0.185243,-0.200944,-0.200944,-11.5133,-11.5133,1,1,0.000304,0.00000009
1771742604.487514,23.490000,0.010000,-0.000124,-0.017610,0.041930,2.4024,0.881539,0.111660,0.511153,-0.227735,-0.227735,-13.0482,-13.0482,1,1,0.000124,0.00000002
1771742604.497514,23.500000,0.010000,0.000081,-0.014752,0.042793,2.4519,0.890741,0.119623,0.796325,-0.242932,-0.242932,-13.9190,-13.9190,1,1,0.000081,0.00000001
1771742604.507514,23.510000,0.010000,0.000308,-0.012010,0.043743,2.5063,0.901396,0.130082,1.045850,-0.267828,-0.267828,-15.3454,-15.3454,1,1,0.000308,0.00000009
1771742604.517514,23.520000,0.010000,0.000556,-0.009688,0.044797,2.5667,0.915174,0.136297,0.621519,-0.295528,-0.295528,-16.9325,-16.9325,1,1,0.000556,0.00000031
1771742604.527514,23.530000,0.010000,0.000818,-0.008671,0.046001,2.6356,0.936651,0.138244,0.194763,-0.274772,-0.274772,-15.7433,-15.7433,1,1,0.000818,0.00000067
1771742604.537514,23.540000,0.010000,0.001088,-0.007654,0.047375,2.7144,0.956898,0.136458,-0.178648,-0.272512,-0.272512,-15.6138,-15.6138,1,1,0.001088,0.00000118
1771742604.547514,23.550000,0.010000,0.001367,-0.006657,0.048914,2.8026,0.976593,0.131404,-0.505383,-0.258058,-0.258058,-14.7856,-14.7856,1,1,0.001367,0.00000187
1771742604.557514,23.560000,0.010000,0.001654,-0.005696,0.050617,2.9002,0.996233,0.123491,-0.791276,-0.239471,-0.239471,-13.7207,-13.7207,1,1,0.001654,0.00000274
1771742604.567514,23.570000,0.010000,0.001949,-0.004778,0.052487,3.0073,1.016131,0.113077,-1.041432,-0.241832,-0.241832,-13.8560,-13.8560,1,1,0.001949,0.00000380
1771742604.577514,23.580000,0.010000,0.002251,-0.003902,0.054526,3.1241,1.036476,0.100474,-1.260319,-0.252126,-0.252126,-14.4458,-14.4458,1,1,0.002251,0.00000507
1771742604.587514,23.590000,0.010000,0.002560,-0.003069,0.056739,3.2509,1.057430,0.085955,-1.451845,-0.257479,-0.257479,-14.7525,-14.7525,1,1,0.002560,0.00000655
1771742604.597514,23.600000,0.010000,0.002875,-0.002278,0.059133,3.3881,1.079108,0.069761,-1.619430,-0.255937,-0.255937,-14.6641,-14.6641,1,1,0.002875,0.00000827
1771742604.607514,23.610000,0.010000,0.003197,-0.001522,0.061714,3.5359,1.101549,0.052100,-1.766067,-0.241001,-0.241001,-13.8084,-13.8084,1,1,0.003197,0.00001022
1771742604.617514,23.620000,0.010000,0.003529,0.000021,0.063870,3.6595,0.976223,0.033157,-1.894375,-0.223690,-0.223690,-12.8165,-12.8165,1,1,0.003529,0.00001245
1771742604.627515,23.630000,0.010000,0.003860,0.000022,0.065507,3.7533,0.947818,0.013090,-2.006644,-0.165851,-0.165851,-9.5026,-9.5026,1,1,0.003860,0.00001490
1771742604.637515,23.640000,0.010000,0.004189,0.000018,0.066477,3.8089,0.805901,-0.007959,-2.104879,-0.101317,-0.101317,-5.8050,-5.8050,1,1,0.004189,0.00001755
1771742604.647515,23.650000,0.010000,0.004510,0.000018,0.066876,3.8317,0.778735,-0.029867,-2.190835,-0.014163,-0.014163,-0.8115,-0.8115,1,1,0.004510,0.00002034
1771742604.657515,23.660000,0.010000,0.004829,0.000014,0.066593,3.8155,0.633103,-0.052527,-2.266047,0.043354,0.043354,2.4840,2.4840,1,1,0.004829,0.00002332
1771742604.667515,23.670000,0.010000,0.005140,0.000014,0.065734,3.7663,0.608881,-0.075846,-2.331857,0.032920,0.032920,1.8862,1.8862,1,1,0.005140,0.00002642
1771742604.677515,23.680000,0.010000,0.005449,0.000010,0.064223,3.6797,0.468805,-0.098622,-2.277645,0.063392,0.063392,3.6321,3.6321,1,1,0.005449,0.00002969
1771742604.687515,23.690000,0.010000,0.005750,0.000011,0.062339,3.5718,0.489486,-0.116228,-1.760614,0.063220,0.063220,3.6222,3.6222,1,1,0.005750,0.00003307
1771742604.697515,23.700000,0.010000,0.006051,0.000008,0.060006,3.4381,0.362451,-0.131929,-1.570047,0.053505,0.053505,3.0656,3.0656,1,1,0.006051,0.00003662
1771742604.707515,23.710000,0.010000,0.006343,-0.000563,0.057406,3.2891,0.398644,-0.146954,-1.502464,0.054957,0.054957,3.1488,3.1488,1,1,0.006343,0.00004024
1771742604.717515,23.720000,0.010000,0.006636,0.000006,0.054387,3.1161,0.266655,-0.160769,-1.381571,0.068644,0.068644,3.9330,3.9330,1,1,0.006636,0.00004403
1771742604.727515,23.730000,0.010000,0.006905,-0.004490,0.051342,2.9417,0.365501,-0.172665,-1.189596,0.077992,0.077992,4.4686,4.4686,1,1,0.006905,0.00004768
1771742604.737514,23.740000,0.010000,0.007177,0.000004,0.047781,2.7377,0.159851,-0.181207,-0.854200,0.066849,0.066849,3.8302,3.8302,1,1,0.007177,0.00005151
1771742604.747514,23.750000,0.010000,0.007377,-0.019309,0.044975,2.5769,0.506146,-0.186518,-0.531031,0.078444,0.078444,4.4945,4.4945,1,1,0.007377,0.00005442
1771742604.757514,23.760000,0.010000,0.007604,0.003067,0.040783,2.3367,-0.108078,-0.187673,-0.115586,0.060404,0.060404,3.4609,3.4609,1,1,0.007604,0.00005782
1771742604.767514,23.770000,0.010000,0.007779,-0.025014,0.036584,2.0961,0.380875,-0.185194,0.247928,0.063495,0.063495,3.6380,3.6380,1,1,0.007779,0.00006051
1771742604.777514,23.780000,0.010000,0.007890,-0.017117,0.033360,1.9114,0.225280,-0.179534,0.566003,0.067112,0.067112,3.8452,3.8452,1,1,0.007890,0.00006226
1771742604.787514,23.790000,0.010000,0.007936,-0.039092,0.031130,1.7836,0.590440,-0.171091,0.844318,0.075013,0.075013,4.2979,4.2979,1,1,0.007936,0.00006299
1771742604.797514,23.800000,0.010000,0.008027,-0.010177,0.027895,1.5982,0.054456,-0.160212,1.087844,0.011305,0.011305,0.6477,0.6477,1,1,0.008027,0.00006443
1771742604.807514,23.810000,0.010000,0.008107,-0.035738,0.024599,1.4094,0.474768,-0.147203,1.300930,0.033431,0.033431,1.9154,1.9154,1,1,0.008107,0.00006573
1771742604.817514,23.820000,0.010000,0.008037,-0.050679,0.023649,1.3550,0.699389,-0.132329,1.487379,-0.040587,-0.040587,-2.3255,-2.3255,1,1,0.008037,0.00006460
1771742604.827514,23.830000,0.010000,0.007972,-0.036882,0.022268,1.2758,0.416126,-0.115824,1.650523,-0.158179,-0.158179,-9.0630,-9.0630,1,1,0.007972,0.00006356
1771742604.837514,23.840000,0.010000,0.007874,-0.055583,0.021140,1.2112,0.705116,-0.097891,1.793273,-0.028887,-0.028887,-1.6551,-1.6551,1,1,0.007874,0.00006200
1771742604.847514,23.850000,0.010000,0.007665,-0.066784,0.021609,1.2381,0.858970,-0.078710,1.918180,-0.217398,-0.217398,-12.4560,-12.4560,1,1,0.007665,0.00005875
1771742604.857514,23.860000,0.010000,0.007433,-0.062751,0.022120,1.2674,0.745909,-0.059122,1.958767,-0.117180,-0.117180,-6.7139,-6.7139,1,1,0.007433,0.00005525
1771742604.867514,23.870000,0.010000,0.007165,-0.074356,0.022938,1.3143,0.911955,-0.043376,1.574637,-0.125901,-0.125901,-7.2136,-7.2136,1,1,0.007165,0.00005134
1771742604.877515,23.880000,0.010000,0.006832,-0.080275,0.024578,1.4082,0.979368,-0.028148,1.522748,-0.037211,-0.037211,-2.1320,-2.1320,1,1,0.006832,0.00004668
1771742604.887515,23.890000,0.010000,0.006493,-0.081544,0.026491,1.5178,1.020663,-0.017079,1.106905,0.049641,0.049641,2.8442,2.8442,1,1,0.006493,0.00004215
1771742604.897515,23.900000,0.010000,0.006155,-0.080934,0.028596,1.6384,1.040015,-0.007007,1.007170,0.008771,0.008771,0.5025,0.5025,1,1,0.006155,0.00003789
1771742604.907515,23.910000,0.010000,0.005817,-0.081159,0.030897,1.7703,1.067117,0.002258,0.926493,0.012447,0.012447,0.7132,0.7132,1,1,0.005817,0.00003384
1771742604.917515,23.920000,0.010000,0.005480,-0.080810,0.033366,1.9117,1.085809,0.011352,0.909439,0.010690,0.010690,0.6125,0.6125,1,1,0.005480,0.00003003
1771742604.927515,23.930000,0.010000,0.005155,-0.078121,0.035800,2.0512,1.059582,0.015819,0.446694,0.027186,0.027186,1.5577,1.5577,1,1,0.005155,0.00002657
1771742604.937515,23.940000,0.010000,0.004826,-0.079125,0.038274,2.1929,1.076810,0.018020,0.220150,-0.081276,-0.081276,-4.6568,-4.6568,1,1,0.004826,0.00002329
1771742604.947515,23.950000,0.010000,0.004515,-0.074563,0.040487,2.3198,1.005126,0.016456,-0.156434,-0.123157,-0.123157,-7.0564,-7.0564,1,1,0.004515,0.00002039
1771742604.957515,23.960000,0.010000,0.004213,-0.076473,0.042653,2.4438,1.051568,0.011597,-0.485946,-0.121761,-0.121761,-6.9764,-6.9764,1,1,0.004213,0.00001775
1771742604.967515,23.970000,0.010000,0.003944,-0.067196,0.044349,2.5410,0.904684,0.006536,-0.506039,-0.108453,-0.108453,-6.2139,-6.2139,1,1,0.003944,0.00001556
1771742604.977515,23.980000,0.010000,0.003697,-0.070091,0.045859,2.6275,0.980294,-0.001382,-0.791850,-0.054374,-0.054374,-3.1154,-3.1154,1,1,0.003697,0.00001367
1771742604.987514,23.990000,0.010000,0.003485,-0.059758,0.046962,2.6907,0.824513,-0.011802,-1.041935,-0.047038,-0.047038,-2.6951,-2.6951,1,1,0.003485,0.00001215
1771742604.997514,24.000000,0.010000,0.003295,-0.063438,0.047945,2.7471,0.922642,-0.024409,-1.260759,0.054284,0.054284,3.1103,3.1103,1,1,0.003295,0.00001086
1771742605.007514,24.010000,0.010000,0.003154,-0.049240,0.048340,2.7697,0.704842,-0.031950,-0.754098,0.029190,0.029190,1.6724,1.6724,1,1,0.003154,0.00000995
1771742605.017514,24.020000,0.010000,0.003041,-0.054696,0.048563,2.7825,0.840172,-0.035058,-0.310770,0.023828,0.023828,1.3652,1.3652,1,1,0.003041,0.00000924
1771742605.027514,24.030000,0.010000,0.002916,-0.053319,0.049295,2.8244,0.854670,-0.034286,0.077142,-0.075354,-0.075354,-4.3175,-4.3175,1,1,0.002916,0.00000851
1771742605.037514,24.040000,0.010000,0.002806,-0.051571,0.050113,2.8713,0.864775,-0.030121,0.416565,-0.199926,-0.199926,-11.4549,-11.4549,1,1,0.002806,0.00000788
1771742605.047514,24.050000,0.010000,0.002708,-0.050720,0.051080,2.9267,0.893153,-0.025019,0.510133,-0.288395,-0.288395,-16.5238,-16.5238,1,1,0.002708,0.00000733
1771742605.057514,24.060000,0.010000,0.002625,-0.048341,0.052154,2.9882,0.896561,-0.018494,0.652572,-0.308543,-0.308543,-17.6782,-17.6782,1,1,0.002625,0.00000689
1771742605.067514,24.070000,0.010000,0.002562,-0.045970,0.053263,3.0517,0.902519,-0.016274,0.221934,-0.310406,-0.310406,-17.7849,-17.7849,1,1,0.002562,0.00000656
1771742605.077514,24.080000,0.010000,0.002531,-0.040759,0.054215,3.1063,0.859985,-0.017823,-0.154873,-0.291316,-0.291316,-16.6912,-16.6912,1,1,0.002531,0.00000641
1771742605.087514,24.090000,0.010000,0.002527,-0.039228,0.055130,3.1587,0.885062,-0.022669,-0.484580,-0.242219,-0.242219,-13.8781,-13.8781,1,1,0.002527,0.00000639
1771742605.097514,24.100000,0.010000,0.002578,-0.027750,0.055499,3.1799,0.733727,-0.030400,-0.773073,-0.182550,-0.182550,-10.4593,-10.4593,1,1,0.002578,0.00000665
1771742605.107514,24.110000,0.010000,0.002654,-0.031608,0.055878,3.2016,0.856854,-0.033673,-0.327373,-0.103582,-0.103582,-5.9348,-5.9348,1,1,0.002654,0.00000704
1771742605.117514,24.120000,0.010000,0.002762,-0.021355,0.056132,3.2162,0.727540,-0.035344,-0.167052,-0.221367,-0.221367,-12.6834,-12.6834,1,1,0.002762,0.00000763
1771742605.127515,24.130000,0.010000,0.002889,-0.025598,0.056500,3.2372,0.856822,-0.033315,0.202895,-0.263481,-0.263481,-15.0963,-15.0963,1,1,0.002889,0.00000835
1771742605.137515,24.140000,0.010000,0.003029,-0.019403,0.057062,3.2694,0.798879,-0.028049,0.526599,-0.322146,-0.322146,-18.4576,-18.4576,1,1,0.003029,0.00000918
1771742605.147515,24.150000,0.010000,0.003179,-0.022642,0.057901,3.3175,0.909001,-0.021564,0.648463,-0.360430,-0.360430,-20.6511,-20.6511,1,1,0.003179,0.00001010
1771742605.157515,24.160000,0.010000,0.003366,-0.011480,0.058501,3.3519,0.761962,-0.019381,0.218339,-0.366687,-0.366687,-21.0096,-21.0096,1,1,0.003366,0.00001133
1771742605.167515,24.170000,0.010000,0.003574,-0.015919,0.059167,3.3900,0.892572,-0.020961,-0.158019,-0.347545,-0.347545,-19.9129,-19.9129,1,1,0.003574,0.00001277
1771742605.177515,24.180000,0.010000,0.003809,-0.006050,0.059561,3.4126,0.720434,-0.025835,-0.487333,-0.292872,-0.292872,-16.7804,-16.7804,1,1,0.003809,0.00001451
1771742605.187515,24.190000,0.010000,0.004053,-0.011939,0.060036,3.4398,0.874370,-0.033589,-0.775482,-0.244183,-0.244183,-13.9907,-13.9907,1,1,0.004053,0.00001642
1771742605.197515,24.200000,0.010000,0.004327,0.000012,0.059793,3.4259,0.574666,-0.043865,-1.027613,-0.188498,-0.188498,-10.8002,-10.8002,1,1,0.004327,0.00001872
1771742605.207515,24.210000,0.010000,0.004598,-0.009463,0.059444,3.4059,0.788338,-0.056348,-1.248227,-0.112505,-0.112505,-6.4461,-6.4461,1,1,0.004598,0.00002114
1771742605.217515,24.220000,0.010000,0.004877,0.000010,0.058549,3.3546,0.481739,-0.070760,-1.441264,-0.020849,-0.020849,-1.1946,-1.1946,1,1,0.004877,0.00002378
1771742605.227515,24.230000,0.010000,0.005130,-0.012105,0.057692,3.3055,0.735641,-0.084734,-1.397368,-0.024667,-0.024667,-1.4133,-1.4133,1,1,0.005130,0.00002632
1771742605.237514,24.240000,0.010000,0.005394,0.000007,0.056122,3.2155,0.356541,-0.093470,-0.873631,0.041683,0.041683,2.3882,2.3882,1,1,0.005394,0.00002909
1771742605.247514,24.250000,0.010000,0.005626,-0.015339,0.054547,3.1253,0.659889,-0.104605,-1.113493,-0.011337,-0.011337,-0.6496,-0.6496,1,1,0.005626,0.00003166
1771742605.257514,24.260000,0.010000,0.005871,0.000005,0.052295,2.9963,0.249953,-0.117839,-1.323372,0.040228,0.040228,2.3049,2.3049,1,1,0.005871,0.00003447
1771742605.267514,24.270000,0.010000,0.006085,-0.018178,0.050102,2.8706,0.594030,-0.132909,-1.507017,0.076972,0.076972,4.4102,4.4102,1,1,0.006085,0.00003703
1771742605.277514,24.280000,0.010000,0.006313,0.000003,0.046986,2.6921,0.092581,-0.149586,-1.667705,0.083017,0.083017,4.7565,4.7565,1,1,0.006313,0.00003986
1771742605.287514,24.290000,0.010000,0.006503,-0.021967,0.043849,2.5124,0.492614,-0.167669,-1.808308,0.098021,0.098021,5.6162,5.6162,1,1,0.006503,0.00004229
1771742605.297514,24.300000,0.010000,0.006709,0.000002,0.039757,2.2779,-0.061274,-0.186983,-1.931335,0.050789,0.050789,2.9100,2.9100,1,1,0.006709,0.00004501
1771742605.307514,24.310000,0.010000,0.006873,-0.025826,0.035708,2.0459,0.393766,-0.200391,-1.340853,0.062789,0.062789,3.5976,3.5976,1,1,0.006873,0.00004724
1771742605.317514,24.320000,0.010000,0.007056,-0.000252,0.031173,1.7861,-0.087634,-0.208633,-0.824180,0.038081,0.038081,2.1819,2.1819,1,1,0.007056,0.00004978
1771742605.327514,24.330000,0.010000,0.007209,-0.027350,0.026959,1.5446,0.374348,-0.212354,-0.372092,0.050880,0.050880,2.9152,2.9152,1,1,0.007209,0.00005198
1771742605.337514,24.340000,0.010000,0.007352,-0.007834,0.022739,1.3028,0.004271,-0.212119,0.023486,0.071487,0.071487,4.0959,4.0959,1,1,0.007352,0.00005405
1771742605.347514,24.350000,0.010000,0.007452,-0.033530,0.019020,1.0898,0.425656,-0.208423,0.369616,0.041528,0.041528,2.3794,2.3794,1,1,0.007452,0.00005553
1771742605.357514,24.360000,0.010000,0.007529,-0.017410,0.015372,0.8808,0.101476,-0.201698,0.672480,0.106197,0.106197,6.0846,6.0846,1,1,0.007529,0.00005669
1771742605.367514,24.370000,0.010000,0.007559,-0.041664,0.012219,0.7001,0.484317,-0.192323,0.937485,0.053307,0.053307,3.0543,3.0543,1,1,0.007559,0.00005713
1771742605.377515,24.380000,0.010000,0.007535,-0.034196,0.009578,0.5488,0.300878,-0.180630,1.169366,0.117279,0.117279,6.7196,6.7196,1,1,0.007535,0.00005677
1771742605.387515,24.390000,0.010000,0.007448,-0.054776,0.007605,0.4357,0.608920,-0.166907,1.372261,0.082386,0.082386,4.7204,4.7204,1,1,0.007448,0.00005547
1771742605.397515,24.400000,0.010000,0.007319,-0.047673,0.005880,0.3369,0.424786,-0.151409,1.549794,0.080122,0.080122,4.5907,4.5907,1,1,0.007319,0.00005356
1771742605.407515,24.410000,0.010000,0.007136,-0.065659,0.004613,0.2643,0.682648,-0.134358,1.705136,0.057236,0.057236,3.2794,3.2794,1,1,0.007136,0.00005092
1771742605.417515,24.420000,0.010000,0.006870,-0.070752,0.004308,0.2468,0.710845,-0.115947,1.841060,0.012025,0.012025,0.6890,0.6890,1,1,0.006870,0.00004719
1771742605.427515,24.430000,0.010000,0.006534,-0.082599,0.004712,0.2700,0.859698,-0.096347,1.959993,-0.005142,-0.005142,-0.2946,-0.2946,1,1,0.006534,0.00004270
1771742605.437515,24.440000,0.010000,0.006185,-0.083745,0.005609,0.3214,0.911525,-0.076455,1.989203,0.062319,0.062319,3.5706,3.5706,1,1,0.006185,0.00003826
1771742605.447515,24.450000,0.010000,0.005839,-0.083107,0.006775,0.3882,0.939307,-0.062138,1.431696,0.112686,0.112686,6.4565,6.4565,1,1,0.005839,0.00003409
1771742605.457515,24.460000,0.010000,0.005495,-0.082573,0.008135,0.4661,0.959342,-0.048011,1.412727,0.058466,0.058466,3.3499,3.3499,1,1,0.005495,0.00003019
1771742605.467515,24.470000,0.010000,0.005153,-0.082117,0.009636,0.5521,0.973559,-0.033074,1.493720,0.103088,0.103088,5.9065,5.9065,1,1,0.005153,0.00002655
1771742605.477515,24.480000,0.010000,0.004812,-0.081718,0.011237,0.6438,0.983401,-0.023494,0.957939,0.160926,0.160926,9.2204,9.2204,1,1,0.004812,0.00002316
1771742605.487514,24.490000,0.010000,0.004473,-0.081361,0.012907,0.7395,0.989948,-0.011622,1.187262,0.106320,0.106320,6.0917,6.0917,1,1,0.004473,0.00002001
1771742605.497514,24.500000,0.010000,0.004135,-0.081036,0.014622,0.8378,0.994005,-0.003506,0.811614,0.183070,0.183070,10.4891,10.4891,1,1,0.004135,0.00001710
1771742605.507514,24.510000,0.010000,0.003799,-0.080733,0.016366,0.9377,0.996178,0.007087,1.059228,0.127408,0.127408,7.3000,7.3000,1,1,0.003799,0.00001443
1771742605.517514,24.520000,0.010000,0.003464,-0.080447,0.018126,1.0385,0.996915,0.016499,0.941238,0.210044,0.210044,12.0346,12.0346,1,1,0.003464,0.00001200
1771742605.527514,24.530000,0.010000,0.003130,-0.080173,0.019890,1.1396,0.996555,0.024452,0.795289,0.209647,0.209647,12.0119,12.0119,1,1,0.003130,0.00000979
1771742605.537514,24.540000,0.010000,0.002797,-0.079908,0.021652,1.2406,0.995349,0.028550,0.409803,0.193408,0.193408,11.0815,11.0815,1,1,0.002797,0.00000782
1771742605.547514,24.550000,0.010000,0.002465,-0.079573,0.023402,1.3408,0.993084,0.028645,0.009512,0.120507,0.120507,6.9045,6.9045,1,1,0.002465,0.00000608
1771742605.557514,24.560000,0.010000,0.002138,-0.079030,0.025125,1.4395,0.989230,0.025238,-0.340743,0.102601,0.102601,5.8786,5.8786,1,1,0.002138,0.00000457
1771742605.567514,24.570000,0.010000,0.001818,-0.077988,0.026795,1.5353,0.982596,0.025747,0.050916,0.082207,0.082207,4.7101,4.7101,1,1,0.001818,0.00000330
1771742605.577514,24.580000,0.010000,0.001510,-0.076525,0.028398,1.6271,0.974280,0.029683,0.393617,0.077581,0.077581,4.4451,4.4451,1,1,0.001510,0.00000228
1771742605.587514,24.590000,0.010000,0.001216,-0.074717,0.029924,1.7145,0.965126,0.033281,0.359787,0.091372,0.091372,5.2352,5.2352,1,1,0.001216,0.00000148
1771742605.597514,24.600000,0.010000,0.000939,-0.072592,0.031370,1.7974,0.955528,0.039920,0.663880,0.074492,0.074492,4.2681,4.2681,1,1,0.000939,0.00000088
1771742605.607514,24.610000,0.010000,0.000682,-0.070188,0.032735,1.8756,0.945871,0.049219,0.929961,0.143119,0.143119,8.2001,8.2001,1,1,0.000682,0.00000046
1771742605.617514,24.620000,0.010000,0.000446,-0.067542,0.034020,1.9492,0.936458,0.056357,0.713753,0.212611,0.212611,12.1817,12.1817,1,1,0.000446,0.00000020
1771742605.627515,24.630000,0.010000,0.000234,-0.064685,0.035229,2.0185,0.927508,0.066093,0.973599,0.156474,0.156474,8.9653,8.9653,1,1,0.000234,0.00000005
1771742605.637515,24.640000,0.010000,0.000047,-0.061646,0.036367,2.0837,0.919202,0.073757,0.766443,0.196875,0.196875,11.2801,11.2801,1,1,0.000047,0.00000000
1771742605.647515,24.650000,0.010000,-0.000114,-0.058451,0.037441,2.1452,0.911666,0.083954,1.019703,0.132731,0.132731,7.6049,7.6049,1,1,0.000114,0.00000001
1771742605.657515,24.660000,0.010000,-0.000247,-0.055128,0.038457,2.2034,0.905037,0.096367,1.241306,0.132215,0.132215,7.5754,7.5754,1,1,0.000247,0.00000006
1771742605.667515,24.670000,0.010000,-0.000352,-0.051703,0.039425,2.2589,0.899439,0.108497,1.213010,0.084726,0.084726,4.8544,4.8544,1,1,0.000352,0.00000012
1771742605.677515,24.680000,0.010000,-0.000428,-0.048201,0.040353,2.3120,0.894980,0.115621,0.712318,0.005805,0.005805,0.3326,0.3326,1,1,0.000428,0.00000018
1771742605.687515,24.690000,0.010000,-0.000475,-0.044647,0.041251,2.3635,0.891751,0.118363,0.274212,-0.077525,-0.077525,-4.4418,-4.4418,1,1,0.000475,0.00000023
1771742605.697515,24.700000,0.010000,-0.000491,-0.041063,0.042131,2.4139,0.889832,0.117271,-0.109130,-0.121349,-0.121349,-6.9528,-6.9528,1,1,0.000491,0.00000024
1771742605.707515,24.710000,0.010000,-0.000478,-0.037471,0.043003,2.4639,0.889290,0.112826,-0.444555,-0.148251,-0.148251,-8.4941,-8.4941,1,1,0.000478,0.00000023
1771742605.717515,24.720000,0.010000,-0.000435,-0.033890,0.043879,2.5141,0.890183,0.110144,-0.268170,-0.146787,-0.146787,-8.4103,-8.4103,1,1,0.000435,0.00000019
1771742605.727515,24.730000,0.010000,-0.000362,-0.030340,0.044772,2.5653,0.892558,0.105688,-0.445653,-0.184335,-0.184335,-10.5616,-10.5616,1,1,0.000362,0.00000013
1771742605.737514,24.740000,0.010000,-0.000260,-0.026837,0.045695,2.6181,0.896453,0.105279,-0.040881,-0.184602,-0.184602,-10.5769,-10.5769,1,1,0.000260,0.00000007
1771742605.747514,24.750000,0.010000,-0.000129,-0.023396,0.046659,2.6734,0.901897,0.108412,0.313295,-0.231927,-0.231927,-13.2884,-13.2884,1,1,0.000129,0.00000002
1771742605.757514,24.760000,0.010000,0.000030,-0.020030,0.047679,2.7318,0.908913,0.114420,0.600774,-0.261391,-0.261391,-14.9766,-14.9766,1,1,0.000030,0.00000000
1771742605.767514,24.770000,0.010000,0.000217,-0.016750,0.048767,2.7941,0.917514,0.123167,0.874743,-0.293149,-0.293149,-16.7962,-16.7962,1,1,0.000217,0.00000005
1771742605.777514,24.780000,0.010000,0.000431,-0.013566,0.049936,2.8611,0.927701,0.127330,0.416334,-0.308285,-0.308285,-17.6634,-17.6634,1,1,0.000431,0.00000019
1771742605.787514,24.790000,0.010000,0.000669,-0.010777,0.051207,2.9340,0.941136,0.127941,0.061064,-0.292183,-0.292183,-16.7409,-16.7409,1,1,0.000669,0.00000045
1771742605.797514,24.800000,0.010000,0.000923,-0.009565,0.052633,3.0156,0.964049,0.124985,-0.295635,-0.277708,-0.277708,-15.9115,-15.9115,1,1,0.000923,0.00000085
1771742605.807514,24.810000,0.010000,0.001188,-0.008334,0.054239,3.1077,0.985494,0.118907,-0.607746,-0.260597,-0.260597,-14.9311,-14.9311,1,1,0.001188,0.00000141
1771742605.817514,24.820000,0.010000,0.001463,-0.007105,0.056019,3.2097,1.006227,0.110099,-0.880844,-0.248835,-0.248835,-14.2572,-14.2572,1,1,0.001463,0.00000214
1771742605.827514,24.830000,0.010000,0.001749,-0.005896,0.057971,3.3215,1.026827,0.098901,-1.119804,-0.253566,-0.253566,-14.5283,-14.5283,1,1,0.001749,0.00000306
1771742605.837514,24.840000,0.010000,0.002044,-0.004714,0.060097,3.4433,1.047642,0.085612,-1.328894,-0.258436,-0.258436,-14.8073,-14.8073,1,1,0.002044,0.00000418
1771742605.847514,24.850000,0.010000,0.002349,-0.003564,0.062400,3.5752,1.068944,0.070493,-1.511849,-0.258216,-0.258216,-14.7947,-14.7947,1,1,0.002349,0.00000552
1771742605.857514,24.860000,0.010000,0.002664,-0.002446,0.064885,3.7176,1.090901,0.053774,-1.671933,-0.245096,-0.245096,-14.0429,-14.0429,1,1,0.002664,0.00000710
1771742605.867514,24.870000,0.010000,0.002993,0.000020,0.067023,3.8402,0.984829,0.035654,-1.812007,-0.229924,-0.229924,-13.1737,-13.1737,1,1,0.002993,0.00000896
1771742605.877515,24.880000,0.010000,0.003327,0.000020,0.068676,3.9348,0.948880,0.016308,-1.934572,-0.186606,-0.186606,-10.6917,-10.6917,1,1,0.003327,0.00001107
1771742605.887515,24.890000,0.010000,0.003658,0.000017,0.069687,3.9928,0.819221,-0.004110,-2.041817,-0.134665,-0.134665,-7.7158,-7.7158,1,1,0.003658,0.00001338
1771742605.897515,24.900000,0.010000,0.003982,0.000017,0.070131,4.0182,0.783326,-0.025467,-2.135655,-0.040222,-0.040222,-2.3045,-2.3045,1,1,0.003982,0.00001585
1771742605.907515,24.910000,0.010000,0.004303,0.000013,0.069915,4.0058,0.649834,-0.047644,-2.217764,0.016338,0.016338,0.9361,0.9361,1,1,0.004303,0.00001851
1771742605.917515,24.920000,0.010000,0.004617,0.000013,0.069123,3.9604,0.615847,-0.070540,-2.289610,0.014845,0.014845,0.8505,0.8505,1,1,0.004617,0.00002131
1771742605.927515,24.930000,0.010000,0.004928,0.000010,0.067664,3.8768,0.479860,-0.094065,-2.352474,0.041203,0.041203,2.3608,2.3608,1,1,0.004928,0.00002429
1771742605.937515,24.940000,0.010000,0.005232,0.000010,0.065729,3.7660,0.472803,-0.114882,-2.081643,0.049862,0.049862,2.8569,2.8569,1,1,0.005232,0.00002738
1771742605.947515,24.950000,0.010000,0.005535,0.000008,0.063340,3.6291,0.366975,-0.131626,-1.674423,0.058622,0.058622,3.3588,3.3588,1,1,0.005535,0.00003063
1771742605.957515,24.960000,0.010000,0.005831,0.000008,0.060644,3.4746,0.376392,-0.146868,-1.524255,0.045579,0.045579,2.6115,2.6115,1,1,0.005831,0.00003401
1771742605.967515,24.970000,0.010000,0.006127,0.000006,0.057585,3.2994,0.279659,-0.160814,-1.394594,0.057270,0.057270,3.2813,3.2813,1,1,0.006127,0.00003754
1771742605.977515,24.980000,0.010000,0.006416,-0.000465,0.054335,3.1132,0.310266,-0.172989,-1.217522,0.072084,0.072084,4.1301,4.1301,1,1,0.006416,0.00004116
1771742605.987514,24.990000,0.010000,0.006704,0.000006,0.050841,2.9130,0.225024,-0.182003,-0.901326,0.067578,0.067578,3.8719,3.8719,1,1,0.006704,0.00004495
1771742605.997514,25.000000,0.010000,0.006970,-0.004782,0.047476,2.7202,0.323499,-0.187993,-0.599011,0.072679,0.072679,4.1642,4.1642,1,1,0.006970,0.00004858
1771742606.007514,25.010000,0.010000,0.007239,0.000005,0.043793,2.5092,0.166115,-0.189744,-0.175069,0.063676,0.063676,3.6484,3.6484,1,1,0.007239,0.00005240
1771742606.017514,25.020000,0.010000,0.007434,-0.020413,0.041082,2.3538,0.525398,-0.187785,0.195880,0.071715,0.071715,4.1090,4.1090,1,1,0.007434,0.00005527
1771742606.027514,25.030000,0.010000,0.007644,0.000002,0.037185,2.1305,-0.051611,-0.182580,0.520461,0.052238,0.052238,2.9930,2.9930,1,1,0.007644,0.00005843
1771742606.037514,25.040000,0.010000,0.007800,-0.026991,0.033284,1.9070,0.411838,-0.174535,0.804469,0.066805,0.066805,3.8277,3.8277,1,1,0.007800,0.00006085
1771742606.047514,25.050000,0.010000,0.007868,-0.026090,0.030778,1.7634,0.373963,-0.164006,1.052977,0.039626,0.039626,2.2704,2.2704,1,1,0.007868,0.00006190
1771742606.057514,25.060000,0.010000,0.007870,-0.042074,0.029204,1.6733,0.629016,-0.151301,1.270420,0.012847,0.012847,0.7361,0.7361,1,1,0.007870,0.00006194
1771742606.067514,25.070000,0.010000,0.007896,-0.022946,0.026958,1.5446,0.262265,-0.136695,1.460684,-0.082784,-0.082784,-4.7431,-4.7431,1,1,0.007896,0.00006235
1771742606.077514,25.080000,0.010000,0.007897,-0.044371,0.024911,1.4273,0.607970,-0.120423,1.627164,0.040684,0.040684,2.3310,2.3310,1,1,0.007897,0.00006237
1771742606.087514,25.090000,0.010000,0.007781,-0.054588,0.024612,1.4102,0.750697,-0.102695,1.772834,-0.176561,-0.176561,-10.1162,-10.1162,1,1,0.007781,0.00006055
1771742606.097514,25.100000,0.010000,0.007641,-0.051724,0.024423,1.3993,0.662684,-0.083692,1.900296,-0.209594,-0.209594,-12.0088,-12.0088,1,1,0.007641,0.00005839
1771742606.107514,25.110000,0.010000,0.007454,-0.065151,0.024771,1.4193,0.863063,-0.064220,1.947192,-0.233213,-0.233213,-13.3621,-13.3621,1,1,0.007454,0.00005556
1771742606.117514,25.120000,0.010000,0.007218,-0.065566,0.025659,1.4702,0.834758,-0.047745,1.647472,-0.111873,-0.111873,-6.4098,-6.4098,1,1,0.007218,0.00005210
1771742606.127515,25.130000,0.010000,0.006940,-0.075045,0.027013,1.5477,0.969811,-0.032692,1.505305,-0.117066,-0.117066,-6.7074,-6.7074,1,1,0.006940,0.00004817
1771742606.137515,25.140000,0.010000,0.006641,-0.072450,0.028494,1.6326,0.894812,-0.020646,1.204601,-0.014647,-0.014647,-0.8392,-0.8392,1,1,0.006641,0.00004410
1771742606.147515,25.150000,0.010000,0.006319,-0.079914,0.030167,1.7284,1.002983,-0.009101,1.154509,-0.046190,-0.046190,-2.6465,-2.6465,1,1,0.006319,0.00003993
1771742606.157515,25.160000,0.010000,0.005979,-0.081677,0.032306,1.8510,1.052325,-0.001433,0.766738,0.026344,0.026344,1.5094,1.5094,1,1,0.005979,0.00003575
1771742606.167515,25.170000,0.010000,0.005644,-0.080248,0.034615,1.9833,1.061735,0.007096,0.852986,-0.058996,-0.058996,-3.3802,-3.3802,1,1,0.005644,0.00003186
1771742606.177515,25.180000,0.010000,0.005321,-0.077686,0.036887,2.1135,1.036293,0.011163,0.406616,-0.016478,-0.016478,-0.9441,-0.9441,1,1,0.005321,0.00002831
1771742606.187515,25.190000,0.010000,0.004998,-0.077577,0.039114,2.2411,1.033581,0.011373,0.021056,-0.110814,-0.110814,-6.3492,-6.3492,1,1,0.004998,0.00002498
1771742606.197515,25.200000,0.010000,0.004691,-0.074420,0.041109,2.3554,0.982854,0.008067,-0.330642,-0.142254,-0.142254,-8.1506,-8.1506,1,1,0.004691,0.00002200
1771742606.207515,25.210000,0.010000,0.004385,-0.077001,0.043163,2.4731,1.040566,0.008664,0.059754,-0.087678,-0.087678,-5.0236,-5.0236,1,1,0.004385,0.00001923
1771742606.217515,25.220000,0.010000,0.004107,-0.068606,0.044847,2.5696,0.908480,0.005696,-0.296781,-0.174021,-0.174021,-9.9707,-9.9707,1,1,0.004107,0.00001687
1771742606.227515,25.230000,0.010000,0.003847,-0.071663,0.046405,2.6588,0.986161,-0.000391,-0.608749,-0.095474,-0.095474,-5.4703,-5.4703,1,1,0.003847,0.00001480
1771742606.237514,25.240000,0.010000,0.003622,-0.061416,0.047564,2.7252,0.831314,-0.009208,-0.881721,-0.072804,-0.072804,-4.1714,-4.1714,1,1,0.003622,0.00001312
1771742606.247514,25.250000,0.010000,0.003417,-0.065159,0.048610,2.7851,0.930112,-0.020414,-1.120572,0.026265,0.026265,1.5049,1.5049,1,1,0.003417,0.00001168
1771742606.257514,25.260000,0.010000,0.003271,-0.048680,0.048898,2.8017,0.671502,-0.032495,-1.208148,0.004204,0.004204,0.2409,0.2409,1,1,0.003271,0.00001070
1771742606.267514,25.270000,0.010000,0.003157,-0.054943,0.048936,2.8038,0.821034,-0.039576,-0.708064,0.071345,0.071345,4.0878,4.0878,1,1,0.003157,0.00000997
1771742606.277514,25.280000,0.010000,0.003038,-0.051468,0.049373,2.8289,0.797574,-0.042281,-0.270490,-0.001518,-0.001518,-0.0870,-0.0870,1,1,0.003038,0.00000923
1771742606.287514,25.290000,0.010000,0.002929,-0.052624,0.049980,2.8636,0.858617,-0.041157,0.112387,-0.078575,-0.078575,-4.5020,-4.5020,1,1,0.002929,0.00000858
1771742606.297514,25.300000,0.010000,0.002865,-0.041274,0.050117,2.8715,0.698167,-0.043387,-0.222989,-0.206827,-0.206827,-11.8503,-11.8503,1,1,0.002865,0.00000821
1771742606.307514,25.310000,0.010000,0.002820,-0.046378,0.050277,2.8806,0.832725,-0.041848,0.153950,-0.110052,-0.110052,-6.3055,-6.3055,1,1,0.002820,0.00000795
1771742606.317514,25.320000,0.010000,0.002791,-0.039077,0.050523,2.8947,0.746153,-0.043991,-0.214359,-0.233164,-0.233164,-13.3593,-13.3593,1,1,0.002791,0.00000779
1771742606.327514,25.330000,0.010000,0.002771,-0.043132,0.050968,2.9203,0.863243,-0.049357,-0.536630,-0.132171,-0.132171,-7.5728,-7.5728,1,1,0.002771,0.00000768
1771742606.337514,25.340000,0.010000,0.002821,-0.023563,0.050534,2.8954,0.559050,-0.054147,-0.479002,-0.091077,-0.091077,-5.2183,-5.2183,1,1,0.002821,0.00000796
1771742606.347514,25.350000,0.010000,0.002907,-0.031283,0.049844,2.8559,0.741749,-0.061829,-0.768192,-0.061505,-0.061505,-3.5240,-3.5240,1,1,0.002907,0.00000845
1771742606.357514,25.360000,0.010000,0.002990,-0.026258,0.049575,2.8405,0.694780,-0.066035,-0.420562,-0.046359,-0.046359,-2.6562,-2.6562,1,1,0.002990,0.00000894
1771742606.367514,25.370000,0.010000,0.003079,-0.029180,0.049542,2.8386,0.788630,-0.066881,-0.084616,-0.093270,-0.093270,-5.3440,-5.3440,1,1,0.003079,0.00000948
1771742606.377515,25.380000,0.010000,0.003209,-0.017371,0.049116,2.8141,0.618589,-0.064131,0.275027,-0.175885,-0.175885,-10.0775,-10.0775,1,1,0.003209,0.00001029
1771742606.387515,25.390000,0.010000,0.003350,-0.024559,0.048825,2.7975,0.786031,-0.058234,0.589715,-0.265591,-0.265591,-15.2172,-15.2172,1,1,0.003350,0.00001122
1771742606.397515,25.400000,0.010000,0.003475,-0.022816,0.049124,2.8146,0.792089,-0.049583,0.865066,-0.332813,-0.332813,-19.0688,-19.0688,1,1,0.003475,0.00001208
1771742606.407515,25.410000,0.010000,0.003605,-0.023409,0.049649,2.8447,0.839105,-0.043575,0.600813,-0.358343,-0.358343,-20.5316,-20.5316,1,1,0.003605,0.00001299
1771742606.417515,25.420000,0.010000,0.003763,-0.016332,0.049962,2.8626,0.748968,-0.041808,0.176645,-0.346932,-0.346932,-19.8777,-19.8777,1,1,0.003763,0.00001416
1771742606.427515,25.430000,0.010000,0.003924,-0.021815,0.050538,2.8956,0.881801,-0.043753,-0.194501,-0.306135,-0.306135,-17.5403,-17.5403,1,1,0.003924,0.00001540
1771742606.437515,25.440000,0.010000,0.004136,-0.005346,0.050302,2.8821,0.579421,-0.048946,-0.519254,-0.232101,-0.232101,-13.2984,-13.2984,1,1,0.004136,0.00001710
1771742606.447515,25.450000,0.010000,0.004363,-0.014664,0.049894,2.8587,0.777998,-0.056980,-0.803413,-0.138351,-0.138351,-7.9269,-7.9269,1,1,0.004363,0.00001904
1771742606.457515,25.460000,0.010000,0.004602,-0.004378,0.049393,2.8300,0.592647,-0.066379,-0.939886,-0.079515,-0.079515,-4.5559,-4.5559,1,1,0.004602,0.00002118
1771742606.467515,25.470000,0.010000,0.004834,-0.014157,0.049115,2.8141,0.793709,-0.071112,-0.473334,-0.056303,-0.056303,-3.2259,-3.2259,1,1,0.004834,0.00002337
1771742606.477515,25.480000,0.010000,0.005091,-0.000447,0.048346,2.7700,0.510280,-0.071763,-0.065102,-0.109254,-0.109254,-6.2598,-6.2598,1,1,0.005091,0.00002591
1771742606.487514,25.490000,0.010000,0.005340,-0.012564,0.047619,2.7283,0.747101,-0.068842,0.292102,-0.160358,-0.160358,-9.1878,-9.1878,1,1,0.005340,0.00002852
1771742606.497514,25.500000,0.010000,0.005585,-0.003778,0.047128,2.7002,0.609496,-0.069777,-0.093477,-0.276545,-0.276545,-15.8448,-15.8448,1,1,0.005585,0.00003120
1771742606.507514,25.510000,0.010000,0.005814,-0.014737,0.047057,2.6962,0.819050,-0.074086,-0.430858,-0.167652,-0.167652,-9.6057,-9.6057,1,1,0.005814,0.00003381
1771742606.517514,25.520000,0.010000,0.006067,0.000009,0.045978,2.6344,0.404517,-0.081346,-0.726066,-0.103306,-0.103306,-5.9190,-5.9190,1,1,0.006067,0.00003681
1771742606.527514,25.530000,0.010000,0.006298,-0.015632,0.044709,2.5616,0.691800,-0.091190,-0.984374,-0.006673,-0.006673,-0.3823,-0.3823,1,1,0.006298,0.00003966
1771742606.537514,25.540000,0.010000,0.006540,0.000009,0.043116,2.4704,0.379408,-0.103294,-1.210393,0.026054,0.026054,1.4928,1.4928,1,1,0.006540,0.00004277
1771742606.547514,25.550000,0.010000,0.006762,-0.016866,0.041731,2.3910,0.680151,-0.117376,-1.408160,0.066023,0.066023,3.7828,3.7828,1,1,0.006762,0.00004572
1771742606.557514,25.560000,0.010000,0.006996,0.000004,0.039284,2.2508,0.179338,-0.133188,-1.581206,0.069451,0.069451,3.9793,3.9793,1,1,0.006996,0.00004894
1771742606.567514,25.570000,0.010000,0.007189,-0.021457,0.036706,2.1031,0.552450,-0.145552,-1.236422,0.104637,0.104637,5.9953,5.9953,1,1,0.007189,0.00005167
1771742606.577514,25.580000,0.010000,0.007391,-0.001301,0.033820,1.9378,0.174981,-0.152880,-0.732804,0.055856,0.055856,3.2003,3.2003,1,1,0.007391,0.00005462
1771742606.587514,25.590000,0.010000,0.007567,-0.023536,0.031227,1.7892,0.550187,-0.155801,-0.292137,0.090773,0.090773,5.2009,5.2009,1,1,0.007567,0.00005726
1771742606.597514,25.600000,0.010000,0.007741,-0.005540,0.028486,1.6321,0.209604,-0.154867,0.093446,0.060085,0.060085,3.4426,3.4426,1,1,0.007741,0.00005993
1771742606.607514,25.610000,0.010000,0.007882,-0.027725,0.026109,1.4959,0.572785,-0.150559,0.430831,0.094470,0.094470,5.4127,5.4127,1,1,0.007882,0.00006213
1771742606.617514,25.620000,0.010000,0.008010,-0.012227,0.023685,1.3570,0.265990,-0.150279,0.027911,0.047722,0.047722,2.7343,2.7343,1,1,0.008010,0.00006417
1771742606.627515,25.630000,0.010000,0.008100,-0.033823,0.021653,1.2406,0.608931,-0.153526,-0.324644,0.090382,0.090382,5.1785,5.1785,1,1,0.008100,0.00006560
1771742606.637515,25.640000,0.010000,0.008203,-0.012255,0.019010,1.0892,0.186877,-0.155292,-0.176572,0.078641,0.078641,4.5058,4.5058,1,1,0.008203,0.00006729
1771742606.647515,25.650000,0.010000,0.008280,-0.035743,0.016486,0.9446,0.555112,-0.153346,0.194566,0.093423,0.093423,5.3527,5.3527,1,1,0.008280,0.00006856
1771742606.657515,25.660000,0.010000,0.008289,-0.032251,0.014723,0.8435,0.441924,-0.148153,0.519311,0.084089,0.084089,4.8180,4.8180,1,1,0.008289,0.00006871
1771742606.667515,25.670000,0.010000,0.008229,-0.051055,0.013735,0.7869,0.718670,-0.140118,0.803463,0.064970,0.064970,3.7225,3.7225,1,1,0.008229,0.00006772
1771742606.677515,25.680000,0.010000,0.008180,-0.032481,0.012067,0.6914,0.335338,-0.129597,1.052096,0.022557,0.022557,1.2924,1.2924,1,1,0.008180,0.00006692
1771742606.687515,25.690000,0.010000,0.008106,-0.053261,0.010400,0.5959,0.644660,-0.116901,1.269650,0.028506,0.028506,1.6333,1.6333,1,1,0.008106,0.00006571
1771742606.697515,25.700000,0.010000,0.007897,-0.067949,0.010587,0.6066,0.842486,-0.102301,1.460009,-0.086464,-0.086464,-4.9540,-4.9540,1,1,0.007897,0.00006237
1771742606.707515,25.710000,0.010000,0.007678,-0.057917,0.010443,0.5983,0.605821,-0.086035,1.626574,-0.059573,-0.059573,-3.4133,-3.4133,1,1,0.007678,0.00005896
1771742606.717515,25.720000,0.010000,0.007429,-0.072856,0.010360,0.5936,0.812211,-0.068312,1.772318,-0.104803,-0.104803,-6.0048,-6.0048,1,1,0.007429,0.00005520
1771742606.727515,25.730000,0.010000,0.007084,-0.083395,0.011487,0.6582,0.941117,-0.052262,1.604956,-0.031113,-0.031113,-1.7826,-1.7826,1,1,0.007084,0.00005019
1771742606.737514,25.740000,0.010000,0.006738,-0.083215,0.012978,0.7436,0.979294,-0.034728,1.753402,0.064687,0.064687,3.7063,3.7063,1,1,0.006738,0.00004540
1771742606.747514,25.750000,0.010000,0.006393,-0.082617,0.014713,0.8430,1.004838,-0.022877,1.185161,0.150796,0.150796,8.6400,8.6400,1,1,0.006393,0.00004087
1771742606.757514,25.760000,0.010000,0.006051,-0.082107,0.016630,0.9529,1.023788,-0.009016,1.386082,0.088145,0.088145,5.0503,5.0503,1,1,0.006051,0.00003662
1771742606.767514,25.770000,0.010000,0.005711,-0.081663,0.018685,1.0706,1.037804,0.001941,1.095708,0.172009,0.172009,9.8554,9.8554,1,1,0.005711,0.00003261
1771742606.777514,25.780000,0.010000,0.005372,-0.081267,0.020841,1.1941,1.048128,0.013376,1.143515,0.142148,0.142148,8.1445,8.1445,1,1,0.005372,0.00002886
1771742606.787514,25.790000,0.010000,0.005035,-0.080906,0.023073,1.3220,1.055689,0.022216,0.883912,0.182057,0.182057,10.4311,10.4311,1,1,0.005035,0.00002535
1771742606.797514,25.800000,0.010000,0.004699,-0.080570,0.025362,1.4532,1.061185,0.027560,0.534433,0.142825,0.142825,8.1833,8.1833,1,1,0.004699,0.00002208
1771742606.807514,25.810000,0.010000,0.004365,-0.080253,0.027694,1.5868,1.065139,0.028746,0.118563,0.057499,0.057499,3.2945,3.2945,1,1,0.004365,0.00001905
1771742606.817514,25.820000,0.010000,0.004032,-0.079949,0.030058,1.7222,1.067940,0.028716,-0.003000,-0.032965,-0.032965,-1.8887,-1.8887,1,1,0.004032,0.00001625
1771742606.827514,25.830000,0.010000,0.003700,-0.079653,0.032446,1.8590,1.069883,0.025199,-0.351691,-0.046861,-0.046861,-2.6849,-2.6849,1,1,0.003700,0.00001369
1771742606.837514,25.840000,0.010000,0.003371,-0.079167,0.034842,1.9963,1.070125,0.018631,-0.656795,-0.060629,-0.060629,-3.4738,-3.4738,1,1,0.003371,0.00001136
1771742606.847514,25.850000,0.010000,0.003062,-0.075075,0.036987,2.1192,1.011329,0.009393,-0.923762,-0.044798,-0.044798,-2.5668,-2.5668,1,1,0.003062,0.00000937
1771742606.857514,25.860000,0.010000,0.002770,-0.074743,0.038988,2.2338,1.026390,0.004330,-0.506320,0.011111,0.011111,0.6366,0.6366,1,1,0.002770,0.00000767
1771742606.867514,25.870000,0.010000,0.002493,-0.071871,0.040925,2.3448,1.001804,0.003390,-0.093964,-0.050664,-0.050664,-2.9028,-2.9028,1,1,0.002493,0.00000622
1771742606.877515,25.880000,0.010000,0.002234,-0.070743,0.042823,2.4536,1.014079,0.006059,0.266847,-0.121451,-0.121451,-6.9586,-6.9586,1,1,0.002234,0.00000499
1771742606.887515,25.890000,0.010000,0.001988,-0.068922,0.044776,2.5655,1.019275,0.011884,0.582557,-0.180359,-0.180359,-10.3338,-10.3338,1,1,0.001988,0.00000395
1771742606.897515,25.900000,0.010000,0.001761,-0.066580,0.046744,2.6782,1.020467,0.020472,0.858803,-0.147387,-0.147387,-8.4447,-8.4447,1,1,0.001761,0.00000310
1771742606.907515,25.910000,0.010000,0.001556,-0.063823,0.048706,2.7907,1.019374,0.031478,1.100519,-0.079349,-0.079349,-4.5463,-4.5463,1,1,0.001556,0.00000242
1771742606.917515,25.920000,0.010000,0.001376,-0.060728,0.050651,2.9021,1.017170,0.044598,1.312020,-0.038469,-0.038469,-2.2041,-2.2041,1,1,0.001376,0.00000189
1771742606.927515,25.930000,0.010000,0.001223,-0.057355,0.052575,3.0123,1.014668,0.056876,1.227845,-0.025887,-0.025887,-1.4832,-1.4832,1,1,0.001223,0.00000150
1771742606.937515,25.940000,0.010000,0.001101,-0.053752,0.054479,3.1214,1.012437,0.064129,0.725298,-0.123041,-0.123041,-7.0497,-7.0497,1,1,0.001101,0.00000121
1771742606.947515,25.950000,0.010000,0.001010,-0.049961,0.056367,3.2296,1.010892,0.066985,0.285570,-0.231730,-0.231730,-13.2772,-13.2772,1,1,0.001010,0.00000102
1771742606.957515,25.960000,0.010000,0.000951,-0.046017,0.058249,3.3374,1.010335,0.065993,-0.099192,-0.303548,-0.303548,-17.3920,-17.3920,1,1,0.000951,0.00000090
1771742606.967515,25.970000,0.010000,0.000926,-0.041949,0.060133,3.4454,1.010999,0.061634,-0.435859,-0.295939,-0.295939,-16.9561,-16.9561,1,1,0.000926,0.00000086
1771742606.977515,25.980000,0.010000,0.000935,-0.037787,0.062031,3.5541,1.013063,0.054330,-0.730442,-0.274146,-0.274146,-15.7074,-15.7074,1,1,0.000935,0.00000087
1771742606.987514,25.990000,0.010000,0.000980,-0.033556,0.063956,3.6644,1.016670,0.048928,-0.540234,-0.261874,-0.261874,-15.0043,-15.0043,1,1,0.000980,0.00000096
1771742606.997514,26.000000,0.010000,0.001060,-0.029279,0.065921,3.7770,1.021936,0.040710,-0.821771,-0.293098,-0.293098,-16.7933,-16.7933,1,1,0.001060,0.00000112
1771742607.007514,26.010000,0.010000,0.001178,-0.024482,0.067905,3.8906,1.020086,0.030029,-1.068115,-0.272707,-0.272707,-15.6250,-15.6250,1,1,0.001178,0.00000139
1771742607.017514,26.020000,0.010000,0.001375,-0.010324,0.069192,3.9644,0.852229,0.017192,-1.283667,-0.263133,-0.263133,-15.0764,-15.0764,1,1,0.001375,0.00000189
1771742607.027514,26.030000,0.010000,0.001622,-0.010323,0.070256,4.0254,0.931096,0.002469,-1.472274,-0.221024,-0.221024,-12.6637,-12.6637,1,1,0.001622,0.00000263
1771742607.037514,26.040000,0.010000,0.001907,-0.001979,0.070921,4.0635,0.768610,-0.007758,-1.022722,-0.185117,-0.185117,-10.6064,-10.6064,1,1,0.001907,0.00000364
1771742607.047514,26.050000,0.010000,0.002211,-0.003776,0.071538,4.0988,0.884542,-0.013216,-0.545816,-0.218823,-0.218823,-12.5376,-12.5376,1,1,0.002211,0.00000489
1771742607.057514,26.060000,0.010000,0.002527,0.000014,0.072119,4.1321,0.778949,-0.014800,-0.158382,-0.275113,-0.275113,-15.7628,-15.7628,1,1,0.002527,0.00000639
1771742607.067514,26.070000,0.010000,0.002850,-0.000998,0.072766,4.1692,0.875839,-0.019676,-0.487650,-0.328587,-0.328587,-18.8266,-18.8266,1,1,0.002850,0.00000812
1771742607.077514,26.080000,0.010000,0.003177,0.000536,0.072990,4.1820,0.692323,-0.027434,-0.775760,-0.274068,-0.274068,-15.7029,-15.7029,1,1,0.003177,0.00001009
1771742607.087514,26.090000,0.010000,0.003486,-0.003177,0.073200,4.1941,0.833531,-0.037713,-1.027856,-0.232268,-0.232268,-13.3080,-13.3080,1,1,0.003486,0.00001215
1771742607.097514,26.100000,0.010000,0.003825,0.006353,0.072532,4.1558,0.504826,-0.050197,-1.248439,-0.169960,-0.169960,-9.7380,-9.7380,1,1,0.003825,0.00001463
1771742607.107514,26.110000,0.010000,0.004147,-0.003404,0.071783,4.1129,0.747488,-0.064611,-1.441450,-0.130117,-0.130117,-7.4552,-7.4552,1,1,0.004147,0.00001719
1771742607.117514,26.120000,0.010000,0.004493,0.010019,0.070186,4.0214,0.344443,-0.080715,-1.610335,-0.027812,-0.027812,-1.5935,-1.5935,1,1,0.004493,0.00002019
1771742607.127515,26.130000,0.010000,0.004818,-0.003875,0.068524,3.9262,0.651567,-0.098296,-1.758109,-0.033365,-0.033365,-1.9116,-1.9116,1,1,0.004818,0.00002322
1771742607.137515,26.140000,0.010000,0.005172,0.013983,0.065866,3.7739,0.161123,-0.117170,-1.887411,0.031523,0.031523,1.8062,1.8062,1,1,0.005172,0.00002675
1771742607.147515,26.150000,0.010000,0.005501,-0.004535,0.063138,3.6176,0.538501,-0.135415,-1.824537,0.086684,0.086684,4.9666,4.9666,1,1,0.005501,0.00003026
1771742607.157515,26.160000,0.010000,0.005828,0.009884,0.059873,3.4305,0.101595,-0.147889,-1.247404,0.090225,0.090225,5.1695,5.1695,1,1,0.005828,0.00003396
1771742607.167515,26.170000,0.010000,0.006107,-0.010905,0.056821,3.2556,0.504263,-0.155314,-0.742412,0.091000,0.091000,5.2139,5.2139,1,1,0.006107,0.00003730
1771742607.177515,26.180000,0.010000,0.006376,0.003299,0.053286,3.0531,0.060718,-0.163252,-0.793869,0.040245,0.040245,2.3059,2.3059,1,1,0.006376,0.00004065
1771742607.187515,26.190000,0.010000,0.006589,-0.019217,0.050004,2.8650,0.479414,-0.173689,-1.043702,0.093721,0.093721,5.3698,5.3698,1,1,0.006589,0.00004342
1771742607.197515,26.200000,0.010000,0.006807,0.000353,0.045831,2.6259,-0.074639,-0.186312,-1.262305,0.065451,0.065451,3.7501,3.7501,1,1,0.006807,0.00004634
1771742607.207515,26.210000,0.010000,0.006973,-0.025760,0.041760,2.3927,0.393694,-0.197282,-1.096945,0.076563,0.076563,4.3867,4.3867,1,1,0.006973,0.00004862
1771742607.217515,26.220000,0.010000,0.007156,0.000002,0.037204,2.1316,-0.097359,-0.203389,-0.610761,0.030418,0.030418,1.7428,1.7428,1,1,0.007156,0.00005122
1771742607.227515,26.230000,0.010000,0.007311,-0.027310,0.032988,1.8901,0.376480,-0.205243,-0.185350,0.051205,0.051205,2.9338,2.9338,1,1,0.007311,0.00005345
1771742607.237514,26.240000,0.010000,0.007452,-0.008211,0.028868,1.6540,0.021903,-0.203374,0.186885,0.063880,0.063880,3.6601,3.6601,1,1,0.007452,0.00005553
1771742607.247514,26.250000,0.010000,0.007551,-0.033567,0.025311,1.4502,0.445310,-0.198248,0.512590,0.046050,0.046050,2.6385,2.6385,1,1,0.007551,0.00005701
1771742607.257514,26.260000,0.010000,0.007633,-0.016236,0.021779,1.2478,0.108265,-0.190272,0.797582,0.084254,0.084254,4.8274,4.8274,1,1,0.007633,0.00005827
1771742607.267514,26.270000,0.010000,0.007673,-0.040357,0.018723,1.0727,0.497253,-0.179803,1.046950,0.063883,0.063883,3.6602,3.6602,1,1,0.007673,0.00005888
1771742607.277514,26.280000,0.010000,0.007656,-0.034036,0.016322,0.9352,0.342629,-0.167151,1.265147,0.072808,0.072808,4.1716,4.1716,1,1,0.007656,0.00005861
1771742607.287514,26.290000,0.010000,0.007575,-0.053824,0.014663,0.8402,0.645292,-0.152591,1.456070,0.034826,0.034826,1.9954,1.9954,1,1,0.007575,0.00005738
1771742607.297514,26.300000,0.010000,0.007466,-0.044218,0.013091,0.7501,0.426274,-0.136359,1.623127,-0.036792,-0.036792,-2.1080,-2.1080,1,1,0.007466,0.00005574
1771742607.307514,26.310000,0.010000,0.007312,-0.062218,0.011901,0.6819,0.693728,-0.118666,1.769302,0.005359,0.005359,0.3071,0.3071,1,1,0.007312,0.00005346
1771742607.317514,26.320000,0.010000,0.007063,-0.069865,0.011933,0.6837,0.776210,-0.099694,1.897205,-0.090257,-0.090257,-5.1713,-5.1713,1,1,0.007063,0.00004989
1771742607.327514,26.330000,0.010000,0.006763,-0.075672,0.012451,0.7134,0.827758,-0.079603,2.009120,-0.064318,-0.064318,-3.6851,-3.6851,1,1,0.006763,0.00004574
1771742607.337514,26.340000,0.010000,0.006415,-0.083585,0.013544,0.7760,0.935789,-0.060082,1.952072,-0.017971,-0.017971,-1.0297,-1.0297,1,1,0.006415,0.00004115
1771742607.347514,26.350000,0.010000,0.006069,-0.082877,0.014952,0.8567,0.968858,-0.046492,1.358997,0.085771,0.085771,4.9143,4.9143,1,1,0.006069,0.00003684
1771742607.357514,26.360000,0.010000,0.005726,-0.082287,0.016596,0.9509,0.993299,-0.034280,1.221212,0.046767,0.046767,2.6796,2.6796,1,1,0.005726,0.00003279
1771742607.367514,26.370000,0.010000,0.005385,-0.081783,0.018415,1.0551,1.011280,-0.022010,1.227003,0.054936,0.054936,3.1476,3.1476,1,1,0.005385,0.00002900
1771742607.377515,26.380000,0.010000,0.005047,-0.081344,0.020362,1.1667,1.024422,-0.013503,0.850758,0.089478,0.089478,5.1267,5.1267,1,1,0.005047,0.00002547
1771742607.387515,26.390000,0.010000,0.004709,-0.080951,0.022406,1.2837,1.033941,-0.002568,1.093479,0.028796,0.028796,1.6499,1.6499,1,1,0.004709,0.00002218
1771742607.397515,26.400000,0.010000,0.004373,-0.080593,0.024519,1.4048,1.040745,0.005739,0.830640,0.118728,0.118728,6.8026,6.8026,1,1,0.004373,0.00001913
1771742607.407515,26.410000,0.010000,0.004039,-0.080260,0.026683,1.5288,1.045516,0.014122,0.838363,0.065421,0.065421,3.7484,3.7484,1,1,0.004039,0.00001631
1771742607.417515,26.420000,0.010000,0.003706,-0.079945,0.028884,1.6549,1.048762,0.017967,0.384501,0.089390,0.089390,5.1217,5.1217,1,1,0.003706,0.00001373
1771742607.427515,26.430000,0.010000,0.003374,-0.079643,0.031111,1.7825,1.050865,0.017841,-0.012627,-0.008298,-0.008298,-0.4755,-0.4755,1,1,0.003374,0.00001138
1771742607.437515,26.440000,0.010000,0.003045,-0.079124,0.033346,1.9106,1.050888,0.016281,-0.156019,-0.043652,-0.043652,-2.5010,-2.5010,1,1,0.003045,0.00000927
1771742607.447515,26.450000,0.010000,0.002724,-0.078094,0.035558,2.0373,1.047752,0.011425,-0.485583,-0.048600,-0.048600,-2.7846,-2.7846,1,1,0.002724,0.00000742
1771742607.457515,26.460000,0.010000,0.002425,-0.074266,0.037556,2.1518,1.001319,0.003685,-0.773951,-0.040021,-0.040021,-2.2930,-2.2930,1,1,0.002425,0.00000588
1771742607.467515,26.470000,0.010000,0.002145,-0.073134,0.039422,2.2587,1.009103,0.000404,-0.328141,0.005428,0.005428,0.3110,0.3110,1,1,0.002145,0.00000460
1771742607.477515,26.480000,0.010000,0.001879,-0.071357,0.041310,2.3669,1.010836,0.001023,0.061943,-0.057086,-0.057086,-3.2708,-3.2708,1,1,0.001879,0.00000353
1771742607.487514,26.490000,0.010000,0.001631,-0.069095,0.043191,2.4747,1.009317,0.005056,0.403266,-0.146368,-0.146368,-8.3863,-8.3863,1,1,0.001631,0.00000266
1771742607.497514,26.500000,0.010000,0.001404,-0.066439,0.045046,2.5809,1.005975,0.011291,0.623504,-0.175187,-0.175187,-10.0375,-10.0375,1,1,0.001404,0.00000197
1771742607.507514,26.510000,0.010000,0.001202,-0.063456,0.046866,2.6852,1.001791,0.020237,0.894632,-0.152071,-0.152071,-8.7130,-8.7130,1,1,0.001202,0.00000144
1771742607.517514,26.520000,0.010000,0.001026,-0.060202,0.048650,2.7874,0.997453,0.024575,0.433737,-0.092222,-0.092222,-5.2840,-5.2840,1,1,0.001026,0.00000105
1771742607.527514,26.530000,0.010000,0.000879,-0.056720,0.050399,2.8876,0.993450,0.031861,0.728585,-0.202046,-0.202046,-11.5764,-11.5764,1,1,0.000879,0.00000077
1771742607.537514,26.540000,0.010000,0.000762,-0.053050,0.052118,2.9861,0.990140,0.036056,0.419507,-0.185343,-0.185343,-10.6193,-10.6193,1,1,0.000762,0.00000058
1771742607.547514,26.550000,0.010000,0.000677,-0.049225,0.053815,3.0834,0.987793,0.042722,0.666681,-0.256887,-0.256887,-14.7185,-14.7185,1,1,0.000677,0.00000046
1771742607.557514,26.560000,0.010000,0.000625,-0.045275,0.055500,3.1799,0.986616,0.045065,0.234280,-0.267300,-0.267300,-15.3151,-15.3151,1,1,0.000625,0.00000039
1771742607.567514,26.570000,0.010000,0.000606,-0.041229,0.057183,3.2763,0.986776,0.043625,-0.144070,-0.318080,-0.318080,-18.2246,-18.2246,1,1,0.000606,0.00000037
1771742607.577514,26.580000,0.010000,0.000621,-0.037111,0.058876,3.3733,0.988406,0.038873,-0.475128,-0.297129,-0.297129,-17.0243,-17.0243,1,1,0.000621,0.00000039
1771742607.587514,26.590000,0.010000,0.000671,-0.032947,0.060592,3.4717,0.991616,0.031225,-0.764802,-0.275906,-0.275906,-15.8082,-15.8082,1,1,0.000671,0.00000045
1771742607.597514,26.600000,0.010000,0.000755,-0.028757,0.062346,3.5722,0.996497,0.028001,-0.322471,-0.262106,-0.262106,-15.0176,-15.0176,1,1,0.000755,0.00000057
1771742607.607514,26.610000,0.010000,0.000875,-0.024562,0.064151,3.6756,1.003126,0.021688,-0.631228,-0.306738,-0.306738,-17.5748,-17.5748,1,1,0.000875,0.00000077
1771742607.617514,26.620000,0.010000,0.001058,-0.013579,0.065514,3.7537,0.889484,0.012674,-0.901390,-0.284369,-0.284369,-16.2932,-16.2932,1,1,0.001058,0.00000112
1771742607.627515,26.630000,0.010000,0.001288,-0.011861,0.066728,3.8232,0.942470,0.001297,-1.137782,-0.259322,-0.259322,-14.8580,-14.8580,1,1,0.001288,0.00000166
1771742607.637515,26.640000,0.010000,0.001568,-0.002017,0.067315,3.8569,0.746357,-0.012150,-1.344625,-0.236347,-0.236347,-13.5417,-13.5417,1,1,0.001568,0.00000246
1771742607.647515,26.650000,0.010000,0.001872,-0.003808,0.067731,3.8807,0.860147,-0.022159,-1.000909,-0.139724,-0.139724,-8.0056,-8.0056,1,1,0.001872,0.00000350
1771742607.657515,26.660000,0.010000,0.002188,0.000011,0.067856,3.8879,0.694900,-0.034407,-1.224861,-0.210999,-0.210999,-12.0893,-12.0893,1,1,0.002188,0.00000479
1771742607.667515,26.670000,0.010000,0.002508,-0.000956,0.067829,3.8863,0.788359,-0.048616,-1.420820,-0.119867,-0.119867,-6.8679,-6.8679,1,1,0.002508,0.00000629
1771742607.677515,26.680000,0.010000,0.002848,0.004207,0.067061,3.8423,0.531645,-0.064538,-1.592283,-0.041238,-0.041238,-2.3628,-2.3628,1,1,0.002848,0.00000811
1771742607.687515,26.690000,0.010000,0.003164,-0.003694,0.066321,3.7999,0.742260,-0.081962,-1.742313,-0.053513,-0.053513,-3.0661,-3.0661,1,1,0.003164,0.00001001
1771742607.697515,26.700000,0.010000,0.003536,0.015544,0.064153,3.6757,0.226188,-0.100697,-1.873590,0.047051,0.047051,2.6958,2.6958,1,1,0.003536,0.00001250
1771742607.707515,26.710000,0.010000,0.003892,-0.001421,0.061663,3.5330,0.562890,-0.120582,-1.988457,0.056710,0.056710,3.2492,3.2492,1,1,0.003892,0.00001515
1771742607.717515,26.720000,0.010000,0.004234,0.008739,0.058821,3.3702,0.203701,-0.139997,-1.941544,0.089124,0.089124,5.1065,5.1065,1,1,0.004234,0.00001793
1771742607.727515,26.730000,0.010000,0.004532,-0.007774,0.056193,3.2196,0.543202,-0.155261,-1.526363,0.088932,0.088932,5.0954,5.0954,1,1,0.004532,0.00002054
1771742607.737514,26.740000,0.010000,0.004873,0.015507,0.052184,2.9899,-0.065030,-0.172107,-1.684633,0.089063,0.089063,5.1030,5.1030,1,1,0.004873,0.00002374
1771742607.747514,26.750000,0.010000,0.005185,-0.007466,0.047981,2.7491,0.374686,-0.186140,-1.403273,0.103099,0.103099,5.9071,5.9071,1,1,0.005185,0.00002688
1771742607.757514,26.760000,0.010000,0.005452,0.000003,0.044046,2.5237,0.085965,-0.195288,-0.914770,0.041492,0.041492,2.3773,2.3773,1,1,0.005452,0.00002972
1771742607.767514,26.770000,0.010000,0.005648,-0.020920,0.040746,2.3346,0.470944,-0.200420,-0.513240,0.068510,0.068510,3.9253,3.9253,1,1,0.005648,0.00003190
1771742607.777514,26.780000,0.010000,0.005861,0.000001,0.036378,2.0843,-0.097392,-0.201420,-0.100019,0.049286,0.049286,2.8239,2.8239,1,1,0.005861,0.00003435
1771742607.787514,26.790000,0.010000,0.006027,-0.025491,0.032003,1.8336,0.354623,-0.202618,-0.119729,0.051850,0.051850,2.9708,2.9708,1,1,0.006027,0.00003633
1771742607.797514,26.800000,0.010000,0.006153,-0.014630,0.028286,1.6206,0.153263,-0.200175,0.244303,0.070547,0.070547,4.0420,4.0420,1,1,0.006153,0.00003786
1771742607.807514,26.810000,0.010000,0.006227,-0.035625,0.025371,1.4536,0.509597,-0.194546,0.562831,0.056455,0.056455,3.2346,3.2346,1,1,0.006227,0.00003878
1771742607.817514,26.820000,0.010000,0.006332,-0.010959,0.021750,1.2462,0.052063,-0.186131,0.841543,0.099971,0.099971,5.7279,5.7279,1,1,0.006332,0.00004009
1771742607.827514,26.830000,0.010000,0.006421,-0.034308,0.018194,1.0425,0.439343,-0.175277,1.085416,0.072442,0.072442,4.1506,4.1506,1,1,0.006421,0.00004123
1771742607.837514,26.840000,0.010000,0.006394,-0.043075,0.016445,0.9422,0.560581,-0.162289,1.298805,0.067899,0.067899,3.8903,3.8903,1,1,0.006394,0.00004088
1771742607.847514,26.850000,0.010000,0.006342,-0.041291,0.014808,0.8485,0.492248,-0.147434,1.485520,0.022940,0.022940,1.3144,1.3144,1,1,0.006342,0.00004022
1771742607.857514,26.860000,0.010000,0.006232,-0.056329,0.013889,0.7958,0.719601,-0.130945,1.648896,-0.004097,-0.004097,-0.2347,-0.2347,1,1,0.006232,0.00003884
1771742607.867514,26.870000,0.010000,0.006095,-0.050450,0.013117,0.7516,0.575336,-0.113026,1.791850,-0.054229,-0.054229,-3.1071,-3.1071,1,1,0.006095,0.00003715
1771742607.877515,26.880000,0.010000,0.005921,-0.063602,0.012668,0.7258,0.768576,-0.093857,1.916934,-0.080639,-0.080639,-4.6203,-4.6203,1,1,0.005921,0.00003506
1771742607.887515,26.890000,0.010000,0.005664,-0.072670,0.013353,0.7651,0.889233,-0.076938,1.691856,-0.073961,-0.073961,-4.2376,-4.2376,1,1,0.005664,0.00003208
1771742607.897515,26.900000,0.010000,0.005377,-0.072079,0.014237,0.8157,0.841329,-0.058757,1.818106,-0.000995,-0.000995,-0.0570,-0.0570,1,1,0.005377,0.00002891
1771742607.907515,26.910000,0.010000,0.005063,-0.079018,0.015327,0.8782,0.931046,-0.045252,1.350537,0.020118,0.020118,1.1527,1.1527,1,1,0.005063,0.00002563
1771742607.917515,26.920000,0.010000,0.004722,-0.081780,0.016827,0.9641,0.974140,-0.033114,1.213773,0.043635,0.043635,2.5001,2.5001,1,1,0.004722,0.00002230
1771742607.927515,26.930000,0.010000,0.004383,-0.081320,0.018466,1.0580,0.988127,-0.020156,1.295760,0.071208,0.071208,4.0799,4.0799,1,1,0.004383,0.00001921
1771742607.937515,26.940000,0.010000,0.004046,-0.080915,0.020205,1.1577,0.997949,-0.010580,0.957644,0.132393,0.132393,7.5856,7.5856,1,1,0.004046,0.00001637
1771742607.947515,26.950000,0.010000,0.003710,-0.080550,0.022014,1.2613,1.004639,0.001290,1.187004,0.086118,0.086118,4.9342,4.9342,1,1,0.003710,0.00001377
1771742607.957515,26.960000,0.010000,0.003376,-0.080214,0.023872,1.3678,1.008973,0.010184,0.889404,0.176386,0.176386,10.1062,10.1062,1,1,0.003376,0.00001140
1771742607.967515,26.970000,0.010000,0.003043,-0.079900,0.025762,1.4761,1.011529,0.017398,0.721433,0.131804,0.131804,7.5518,7.5518,1,1,0.003043,0.00000926
1771742607.977515,26.980000,0.010000,0.002712,-0.079572,0.027671,1.5854,1.012580,0.020220,0.282188,0.107823,0.107823,6.1778,6.1778,1,1,0.002712,0.00000735
1771742607.987514,26.990000,0.010000,0.002384,-0.078933,0.029572,1.6943,1.010898,0.019199,-0.102151,0.024406,0.024406,1.3983,1.3983,1,1,0.002384,0.00000569
1771742607.997514,27.000000,0.010000,0.002066,-0.077742,0.031434,1.8010,1.005845,0.014814,-0.438448,0.017937,0.017937,1.0277,1.0277,1,1,0.002066,0.00000427
1771742608.007514,27.010000,0.010000,0.001761,-0.076103,0.033240,1.9045,0.998835,0.007487,-0.732708,0.014960,0.014960,0.8571,0.8571,1,1,0.001761,0.00000310
1771742608.017514,27.020000,0.010000,0.001472,-0.074091,0.034979,2.0041,0.990804,-0.002415,-0.990185,0.037889,0.037889,2.1709,2.1709,1,1,0.001472,0.00000217
1771742608.027514,27.030000,0.010000,0.001202,-0.071745,0.036646,2.0997,0.982270,-0.007588,-0.517346,0.063286,0.063286,3.6260,3.6260,1,1,0.001202,0.00000144
1771742608.037514,27.040000,0.010000,0.000953,-0.069107,0.038241,2.1910,0.973681,-0.008624,-0.103612,0.011377,0.011377,0.6519,0.6519,1,1,0.000953,0.00000091
1771742608.047514,27.050000,0.010000,0.000728,-0.066214,0.039765,2.2784,0.965371,-0.006040,0.258405,-0.063896,-0.063896,-3.6610,-3.6610,1,1,0.000728,0.00000053
1771742608.057514,27.060000,0.010000,0.000529,-0.063100,0.041222,2.3619,0.957596,-0.000288,0.575170,-0.136253,-0.136253,-7.8067,-7.8067,1,1,0.000529,0.00000028
1771742608.067514,27.070000,0.010000,0.000356,-0.059795,0.042619,2.4419,0.950558,0.008235,0.852340,-0.155392,-0.155392,-8.9033,-8.9033,1,1,0.000356,0.00000013
1771742608.077514,27.080000,0.010000,0.000213,-0.056329,0.043963,2.5189,0.944428,0.017970,0.973536,-0.105641,-0.105641,-6.0528,-6.0528,1,1,0.000213,0.00000005
1771742608.087514,27.090000,0.010000,0.000099,-0.052729,0.045262,2.5933,0.939347,0.029979,1.200910,-0.092977,-0.092977,-5.3272,-5.3272,1,1,0.000099,0.00000001
1771742608.097514,27.100000,0.010000,0.000015,-0.049022,0.046526,2.6657,0.935440,0.042707,1.272810,-0.052548,-0.052548,-3.0108,-3.0108,1,1,0.000015,0.00000000
1771742608.107514,27.110000,0.010000,-0.000036,-0.045233,0.047765,2.7367,0.932808,0.050847,0.813949,-0.050690,-0.050690,-2.9043,-2.9043,1,1,0.000036,0.00000000
1771742608.117514,27.120000,0.010000,-0.000056,-0.041387,0.048990,2.8069,0.931550,0.054478,0.363139,-0.176541,-0.176541,-10.1150,-10.1150,1,1,0.000056,0.00000000
1771742608.127515,27.130000,0.010000,-0.000044,-0.037507,0.050214,2.8771,0.931753,0.054165,-0.031319,-0.258787,-0.258787,-14.8274,-14.8274,1,1,0.000044,0.00000000
1771742608.137515,27.140000,0.010000,0.000001,-0.033614,0.051450,2.9478,0.933494,0.050400,-0.376470,-0.275122,-0.275122,-15.7633,-15.7633,1,1,0.000001,0.00000000
1771742608.147515,27.150000,0.010000,0.000078,-0.029729,0.052709,3.0200,0.936830,0.048837,-0.156394,-0.253805,-0.253805,-14.5419,-14.5419,1,1,0.000078,0.00000001
1771742608.157515,27.160000,0.010000,0.000188,-0.025868,0.054007,3.0944,0.941783,0.050643,0.180616,-0.295067,-0.295067,-16.9061,-16.9061,1,1,0.000188,0.00000004
1771742608.167515,27.170000,0.010000,0.000329,-0.022050,0.055356,3.1717,0.948417,0.048732,-0.191027,-0.343710,-0.343710,-19.6931,-19.6931,1,1,0.000329,0.00000011
1771742608.177515,27.180000,0.010000,0.000502,-0.018288,0.056771,3.2527,0.956764,0.043570,-0.516214,-0.319498,-0.319498,-18.3059,-18.3059,1,1,0.000502,0.00000025
1771742608.187515,27.190000,0.010000,0.000706,-0.014594,0.058266,3.3384,0.966843,0.035563,-0.800753,-0.304812,-0.304812,-17.4644,-17.4644,1,1,0.000706,0.00000050
1771742608.197515,27.200000,0.010000,0.000939,-0.011243,0.059863,3.4299,0.980164,0.025066,-1.049725,-0.283444,-0.283444,-16.2401,-16.2401,1,1,0.000939,0.00000088
1771742608.207515,27.210000,0.010000,0.001192,-0.009615,0.061602,3.5295,1.000101,0.012390,-1.267575,-0.270808,-0.270808,-15.5162,-15.5162,1,1,0.001192,0.00000142
1771742608.217515,27.220000,0.010000,0.001490,-0.000768,0.062656,3.5899,0.815834,-0.000781,-1.317090,-0.244336,-0.244336,-13.9994,-13.9994,1,1,0.001490,0.00000222
1771742608.227515,27.230000,0.010000,0.001812,-0.001340,0.063456,3.6357,0.899712,-0.008815,-0.803388,-0.176485,-0.176485,-10.1119,-10.1119,1,1,0.001812,0.00000328
1771742608.237514,27.240000,0.010000,0.002141,0.000014,0.064355,3.6873,0.852087,-0.014049,-0.523440,-0.260060,-0.260060,-14.9003,-14.9003,1,1,0.002141,0.00000458
1771742608.247514,27.250000,0.010000,0.002471,0.000015,0.065060,3.7277,0.839778,-0.022120,-0.807075,-0.276244,-0.276244,-15.8276,-15.8276,1,1,0.002471,0.00000611
1771742608.257514,27.260000,0.010000,0.002800,0.000014,0.065429,3.7488,0.764904,-0.032673,-1.055257,-0.232452,-0.232452,-13.3185,-13.3185,1,1,0.002800,0.00000784
1771742608.267514,27.270000,0.010000,0.003125,0.000014,0.065461,3.7507,0.740698,-0.045397,-1.272416,-0.140729,-0.140729,-8.0632,-8.0632,1,1,0.003125,0.00000977
1771742608.277514,27.280000,0.010000,0.003447,0.000013,0.065064,3.7279,0.653322,-0.060021,-1.462429,-0.073657,-0.073657,-4.2202,-4.2202,1,1,0.003447,0.00001188
1771742608.287514,27.290000,0.010000,0.003764,0.000012,0.064254,3.6815,0.621665,-0.076308,-1.628692,-0.039886,-0.039886,-2.2853,-2.2853,1,1,0.003764,0.00001417
1771742608.297514,27.300000,0.010000,0.004079,0.000010,0.062951,3.6068,0.525486,-0.094050,-1.774171,0.004221,0.004221,0.2418,0.2418,1,1,0.004079,0.00001664
1771742608.307514,27.310000,0.010000,0.004388,0.000010,0.061188,3.5058,0.489744,-0.113064,-1.901466,0.027701,0.027701,1.5871,1.5871,1,1,0.004388,0.00001926
1771742608.317514,27.320000,0.010000,0.004694,0.000008,0.058889,3.3741,0.387513,-0.133193,-2.012848,0.057979,0.057979,3.3220,3.3220,1,1,0.004694,0.00002204
1771742608.327514,27.330000,0.010000,0.004995,0.000008,0.056170,3.2183,0.367067,-0.151974,-1.878135,0.079996,0.079996,4.5834,4.5834,1,1,0.004995,0.00002495
1771742608.337514,27.340000,0.010000,0.005293,0.000006,0.053088,3.0417,0.294545,-0.166829,-1.485423,0.073242,0.073242,4.1965,4.1965,1,1,0.005293,0.00002802
1771742608.347514,27.350000,0.010000,0.005587,-0.000114,0.049860,2.8568,0.316240,-0.176517,-0.968841,0.066268,0.066268,3.7969,3.7969,1,1,0.005587,0.00003121
1771742608.357514,27.360000,0.010000,0.005880,0.000006,0.046537,2.6664,0.274276,-0.181504,-0.498670,0.066288,0.066288,3.7980,3.7980,1,1,0.005880,0.00003458
1771742608.367514,27.370000,0.010000,0.006170,-0.000073,0.043105,2.4697,0.280193,-0.189358,-0.785402,0.067019,0.067019,3.8399,3.8399,1,1,0.006170,0.00003807
1771742608.377515,27.380000,0.010000,0.006460,0.000006,0.039438,2.2596,0.217486,-0.199721,-1.036292,0.063114,0.063114,3.6162,3.6162,1,1,0.006460,0.00004173
1771742608.387515,27.390000,0.010000,0.006728,-0.004155,0.035868,2.0551,0.290206,-0.205297,-0.557690,0.056785,0.056785,3.2536,3.2536,1,1,0.006728,0.00004527
1771742608.397515,27.400000,0.010000,0.006998,0.000003,0.032056,1.8367,0.171563,-0.206687,-0.138913,0.055700,0.055700,3.1914,3.1914,1,1,0.006998,0.00004898
1771742608.407515,27.410000,0.010000,0.007204,-0.018157,0.029116,1.6682,0.475879,-0.204411,0.227517,0.060027,0.060027,3.4393,3.4393,1,1,0.007204,0.00005190
1771742608.417515,27.420000,0.010000,0.007422,0.000002,0.025173,1.4423,-0.012415,-0.198930,0.548143,0.085999,0.085999,4.9274,4.9274,1,1,0.007422,0.00005508
1771742608.427515,27.430000,0.010000,0.007584,-0.026102,0.021385,1.2253,0.419265,-0.190643,0.828691,0.055591,0.055591,3.1851,3.1851,1,1,0.007584,0.00005752
1771742608.437515,27.440000,0.010000,0.007668,-0.023187,0.018681,1.0703,0.330074,-0.179901,1.074171,0.074669,0.074669,4.2782,4.2782,1,1,0.007668,0.00005880
1771742608.447515,27.450000,0.010000,0.007676,-0.043186,0.016965,0.9720,0.640036,-0.167012,1.288965,0.056740,0.056740,3.2509,3.2509,1,1,0.007676,0.00005893
1771742608.457515,27.460000,0.010000,0.007703,-0.021782,0.014527,0.8324,0.216537,-0.152243,1.476910,0.016775,0.016775,0.9612,0.9612,1,1,0.007703,0.00005934
1771742608.467515,27.470000,0.010000,0.007709,-0.044101,0.012093,0.6929,0.561690,-0.135829,1.641362,0.055875,0.055875,3.2014,3.2014,1,1,0.007709,0.00005942
1771742608.477515,27.480000,0.010000,0.007570,-0.059776,0.011735,0.6724,0.783555,-0.117976,1.785258,-0.068052,-0.068052,-3.8991,-3.8991,1,1,0.007570,0.00005731
1771742608.487514,27.490000,0.010000,0.007411,-0.051647,0.011289,0.6468,0.585241,-0.098865,1.911167,-0.079443,-0.079443,-4.5517,-4.5517,1,1,0.007411,0.00005492
1771742608.497514,27.500000,0.010000,0.007214,-0.066571,0.011052,0.6332,0.795206,-0.078651,2.021337,-0.124240,-0.124240,-7.1184,-7.1184,1,1,0.007214,0.00005205
1771742608.507514,27.510000,0.010000,0.006922,-0.077063,0.012049,0.6903,0.926723,-0.060931,1.772065,-0.059036,-0.059036,-3.3825,-3.3825,1,1,0.006922,0.00004792
1771742608.517514,27.520000,0.010000,0.006597,-0.078048,0.013383,0.7668,0.915599,-0.046216,1.471451,0.041612,0.041612,2.3842,2.3842,1,1,0.006597,0.00004352
1771742608.527514,27.530000,0.010000,0.006252,-0.082786,0.014938,0.8559,0.985164,-0.033477,1.273958,0.028287,0.028287,1.6207,1.6207,1,1,0.006252,0.00003909
1771742608.537514,27.540000,0.010000,0.005910,-0.082227,0.016708,0.9573,1.007523,-0.021789,1.168796,0.068532,0.068532,3.9266,3.9266,1,1,0.005910,0.00003492
1771742608.547514,27.550000,0.010000,0.005569,-0.081746,0.018639,1.0679,1.024026,-0.008315,1.347351,0.080947,0.080947,4.6379,4.6379,1,1,0.005569,0.00003101
1771742608.557514,27.560000,0.010000,0.005230,-0.081323,0.020689,1.1854,1.036146,-0.000017,0.829866,0.162956,0.162956,9.3367,9.3367,1,1,0.005230,0.00002735
1771742608.567514,27.570000,0.010000,0.004893,-0.080942,0.022827,1.3079,1.044985,0.009319,0.933572,0.058078,0.058078,3.3276,3.3276,1,1,0.004893,0.00002394
1771742608.577514,27.580000,0.010000,0.004557,-0.080593,0.025031,1.4341,1.051369,0.015247,0.592757,0.110226,0.110226,6.3155,6.3155,1,1,0.004557,0.00002076
1771742608.587514,27.590000,0.010000,0.004222,-0.080265,0.027283,1.5632,1.055917,0.016943,0.169596,0.036732,0.036732,2.1046,2.1046,1,1,0.004222,0.00001783
1771742608.597514,27.600000,0.010000,0.003889,-0.079954,0.029571,1.6943,1.059090,0.021809,0.486658,-0.037652,-0.037652,-2.1573,-2.1573,1,1,0.003889,0.00001513
1771742608.607514,27.610000,0.010000,0.003557,-0.079654,0.031886,1.8269,1.061236,0.022577,0.076760,0.012126,0.012126,0.6948,0.6948,1,1,0.003557,0.00001265
1771742608.617514,27.620000,0.010000,0.003228,-0.079154,0.034209,1.9600,1.061493,0.019758,-0.281901,-0.055354,-0.055354,-3.1716,-3.1716,1,1,0.003228,0.00001042
1771742608.627515,27.630000,0.010000,0.002907,-0.078185,0.036515,2.0921,1.058869,0.013801,-0.595729,-0.059492,-0.059492,-3.4086,-3.4086,1,1,0.002907,0.00000845
1771742608.637515,27.640000,0.010000,0.002614,-0.072420,0.038461,2.2037,0.977495,0.005097,-0.870329,-0.045981,-0.045981,-2.6345,-2.6345,1,1,0.002614,0.00000683
1771742608.647515,27.650000,0.010000,0.002345,-0.072024,0.040213,2.3040,0.998056,0.000973,-0.412472,0.015688,0.015688,0.8989,0.8989,1,1,0.002345,0.00000550
1771742608.657515,27.660000,0.010000,0.002085,-0.070745,0.042063,2.4100,1.007981,0.000854,-0.011847,-0.050331,-0.050331,-2.8837,-2.8837,1,1,0.002085,0.00000435
1771742608.667515,27.670000,0.010000,0.001840,-0.068832,0.043955,2.5185,1.011860,0.004241,0.338700,-0.148800,-0.148800,-8.5256,-8.5256,1,1,0.001840,0.00000339
1771742608.677515,27.680000,0.010000,0.001614,-0.066427,0.045856,2.6273,1.012131,0.010695,0.645428,-0.191943,-0.191943,-10.9975,-10.9975,1,1,0.001614,0.00000260
1771742608.687515,27.690000,0.010000,0.001410,-0.063627,0.047744,2.7355,1.010380,0.019834,0.913815,-0.157519,-0.157519,-9.0252,-9.0252,1,1,0.001410,0.00000199
1771742608.697515,27.700000,0.010000,0.001232,-0.060505,0.049610,2.8424,1.007692,0.024614,0.478061,-0.100239,-0.100239,-5.7433,-5.7433,1,1,0.001232,0.00000152
1771742608.707515,27.710000,0.010000,0.001082,-0.057120,0.051452,2.9480,1.004819,0.032288,0.767369,-0.204524,-0.204524,-11.7184,-11.7184,1,1,0.001082,0.00000117
1771742608.717515,27.720000,0.010000,0.000961,-0.053517,0.053271,3.0522,1.002294,0.035512,0.322382,-0.189880,-0.189880,-10.8793,-10.8793,1,1,0.000961,0.00000092
1771742608.727515,27.730000,0.010000,0.000872,-0.049736,0.055074,3.1555,1.000500,0.034842,-0.066981,-0.269763,-0.269763,-15.4563,-15.4563,1,1,0.000872,0.00000076
1771742608.737514,27.740000,0.010000,0.000815,-0.045811,0.056867,3.2582,0.999723,0.032002,-0.283944,-0.275049,-0.275049,-15.7591,-15.7591,1,1,0.000815,0.00000066
1771742608.747514,27.750000,0.010000,0.000792,-0.041772,0.058661,3.3610,1.000180,0.026027,-0.597517,-0.263451,-0.263451,-15.0946,-15.0946,1,1,0.000792,0.00000063
1771742608.757514,27.760000,0.010000,0.000802,-0.037647,0.060468,3.4646,1.002042,0.017308,-0.871893,-0.248075,-0.248075,-14.2136,-14.2136,1,1,0.000802,0.00000064
1771742608.767514,27.770000,0.010000,0.000872,-0.027605,0.061861,3.5444,0.900232,0.009397,-0.791116,-0.243752,-0.243752,-13.9659,-13.9659,1,1,0.000872,0.00000076
1771742608.777514,27.780000,0.010000,0.000988,-0.025477,0.063093,3.6150,0.942041,0.005966,-0.343160,-0.244567,-0.244567,-14.0126,-14.0126,1,1,0.000988,0.00000098
1771742608.787514,27.790000,0.010000,0.001147,-0.017606,0.064221,3.6796,0.881541,-0.000528,-0.649331,-0.299176,-0.299176,-17.1415,-17.1415,1,1,0.001147,0.00000132
1771742608.797514,27.800000,0.010000,0.001352,-0.013650,0.065197,3.7355,0.891561,-0.009700,-0.917231,-0.272047,-0.272047,-15.5871,-15.5871,1,1,0.001352,0.00000183
1771742608.807514,27.810000,0.010000,0.001610,-0.005077,0.065642,3.7610,0.753381,-0.021216,-1.151643,-0.235873,-0.235873,-13.5146,-13.5146,1,1,0.001610,0.00000259
1771742608.817514,27.820000,0.010000,0.001889,-0.006503,0.066069,3.7855,0.857688,-0.034784,-1.356753,-0.143995,-0.143995,-8.2503,-8.2503,1,1,0.001889,0.00000357
1771742608.827514,27.830000,0.010000,0.002194,0.000010,0.065896,3.7756,0.626197,-0.043165,-0.838093,-0.081802,-0.081802,-4.6869,-4.6869,1,1,0.002194,0.00000481
1771742608.837514,27.840000,0.010000,0.002493,-0.005106,0.065646,3.7612,0.791320,-0.053989,-1.082397,-0.167405,-0.167405,-9.5916,-9.5916,1,1,0.002493,0.00000622
1771742608.847514,27.850000,0.010000,0.002801,0.000403,0.064852,3.7158,0.524384,-0.066951,-1.296164,-0.082865,-0.082865,-4.7478,-4.7478,1,1,0.002801,0.00000784
1771742608.857514,27.860000,0.010000,0.003084,-0.007629,0.064048,3.6697,0.734361,-0.081783,-1.483209,-0.069182,-0.069182,-3.9638,-3.9638,1,1,0.003084,0.00000951
1771742608.867514,27.870000,0.010000,0.003403,0.006989,0.062148,3.5608,0.299092,-0.098251,-1.646874,0.025485,0.025485,1.4602,1.4602,1,1,0.003403,0.00001158
1771742608.877515,27.880000,0.010000,0.003708,-0.006368,0.060025,3.4392,0.594822,-0.116152,-1.790080,0.022627,0.022627,1.2964,1.2964,1,1,0.003708,0.00001375
1771742608.887515,27.890000,0.010000,0.004009,0.003391,0.057432,3.2906,0.240714,-0.132642,-1.649030,0.081520,0.081520,4.6708,4.6708,1,1,0.004009,0.00001607
1771742608.897515,27.900000,0.010000,0.004269,-0.012109,0.054993,3.1509,0.562023,-0.146531,-1.388864,0.083791,0.083791,4.8009,4.8009,1,1,0.004269,0.00001822
1771742608.907515,27.910000,0.010000,0.004549,0.005047,0.051571,2.9548,0.064425,-0.158786,-1.225442,0.084052,0.084052,4.8158,4.8158,1,1,0.004549,0.00002069
1771742608.917515,27.920000,0.010000,0.004795,-0.014788,0.048082,2.7549,0.449715,-0.172999,-1.421328,0.102328,0.102328,5.8629,5.8629,1,1,0.004795,0.00002299
1771742608.927515,27.930000,0.010000,0.005036,0.000002,0.044197,2.5323,0.041794,-0.185380,-1.238098,0.050867,0.050867,2.9145,2.9145,1,1,0.005036,0.00002536
1771742608.937515,27.940000,0.010000,0.005231,-0.021160,0.040578,2.3249,0.435240,-0.192723,-0.734270,0.080650,0.080650,4.6209,4.6209,1,1,0.005231,0.00002737
1771742608.947515,27.950000,0.010000,0.005443,0.000002,0.036426,2.0871,-0.011396,-0.195657,-0.293420,0.048033,0.048033,2.7521,2.7521,1,1,0.005443,0.00002962
1771742608.957515,27.960000,0.010000,0.005626,-0.022989,0.032484,1.8612,0.399554,-0.194733,0.092323,0.063257,0.063257,3.6243,3.6243,1,1,0.005626,0.00003166
1771742608.967515,27.970000,0.010000,0.005786,-0.009830,0.028932,1.6577,0.161119,-0.191317,0.341612,0.074165,0.074165,4.2493,4.2493,1,1,0.005786,0.00003348
1771742608.977515,27.980000,0.010000,0.005905,-0.030131,0.026025,1.4911,0.509430,-0.184838,0.647976,0.070840,0.070840,4.0588,4.0588,1,1,0.005905,0.00003487
1771742608.987514,27.990000,0.010000,0.006029,-0.012075,0.022889,1.3114,0.172098,-0.175677,0.916045,0.087507,0.087507,5.0138,5.0138,1,1,0.006029,0.00003635
1771742608.997514,28.000000,0.010000,0.006127,-0.032657,0.020037,1.1481,0.514193,-0.164171,1.150605,0.082209,0.082209,4.7102,4.7102,1,1,0.006127,0.00003754
1771742609.007514,28.010000,0.010000,0.006147,-0.034302,0.018340,1.0508,0.514448,-0.150613,1.355846,0.032839,0.032839,1.8815,1.8815,1,1,0.006147,0.00003778
1771742609.017514,28.020000,0.010000,0.006106,-0.047234,0.017457,1.0002,0.711489,-0.135258,1.535431,-0.018401,-0.018401,-1.0543,-1.0543,1,1,0.006106,0.00003728
1771742609.027514,28.030000,0.010000,0.006064,-0.036739,0.016314,0.9347,0.492134,-0.118333,1.692568,-0.086137,-0.086137,-4.9353,-4.9353,1,1,0.006064,0.00003677
1771742609.037514,28.040000,0.010000,0.005995,-0.051371,0.015375,0.8809,0.717129,-0.100032,1.830063,-0.051889,-0.051889,-2.9730,-2.9730,1,1,0.005995,0.00003594
1771742609.047514,28.050000,0.010000,0.005833,-0.061484,0.015775,0.9039,0.860037,-0.080528,1.950371,-0.148417,-0.148417,-8.5037,-8.5037,1,1,0.005833,0.00003402
1771742609.057514,28.060000,0.010000,0.005639,-0.060699,0.016448,0.9424,0.811298,-0.064104,1.642440,-0.032854,-0.032854,-1.8824,-1.8824,1,1,0.005639,0.00003179
1771742609.067514,28.070000,0.010000,0.005413,-0.068534,0.017401,0.9970,0.918215,-0.046242,1.786201,-0.089891,-0.089891,-5.1504,-5.1504,1,1,0.005413,0.00002931
1771742609.077514,28.080000,0.010000,0.005139,-0.073902,0.018975,1.0872,0.984239,-0.034103,1.213860,0.059408,0.059408,3.4038,3.4038,1,1,0.005139,0.00002641
1771742609.087514,28.090000,0.010000,0.004837,-0.075996,0.020815,1.1926,0.996565,-0.021933,1.217000,0.011870,0.011870,0.6801,0.6801,1,1,0.004837,0.00002340
1771742609.097514,28.100000,0.010000,0.004516,-0.078988,0.022828,1.3079,1.030040,-0.009921,1.201228,0.058800,0.058800,3.3690,3.3690,1,1,0.004516,0.00002039
1771742609.107514,28.110000,0.010000,0.004181,-0.080370,0.024996,1.4322,1.046003,0.000174,1.009516,0.112648,0.112648,6.4543,6.4543,1,1,0.004181,0.00001748
1771742609.117514,28.120000,0.010000,0.003847,-0.080066,0.027194,1.5581,1.048496,0.011091,1.091665,0.093085,0.093085,5.3334,5.3334,1,1,0.003847,0.00001480
1771742609.127515,28.130000,0.010000,0.003515,-0.079773,0.029413,1.6852,1.050009,0.019981,0.888973,0.145702,0.145702,8.3481,8.3481,1,1,0.003515,0.00001235
1771742609.137515,28.140000,0.010000,0.003184,-0.079406,0.031642,1.8129,1.050348,0.024268,0.428786,0.115566,0.115566,6.6214,6.6214,1,1,0.003184,0.00001014
1771742609.147515,28.150000,0.010000,0.002859,-0.078658,0.033857,1.9399,1.048131,0.024530,0.026122,0.008480,0.008480,0.4859,0.4859,1,1,0.002859,0.00000817
1771742609.157515,28.160000,0.010000,0.002544,-0.077362,0.036033,2.0645,1.043101,0.021268,-0.326209,-0.052816,-0.052816,-3.0261,-3.0261,1,1,0.002544,0.00000647
1771742609.167515,28.170000,0.010000,0.002242,-0.075637,0.038155,2.1861,1.036620,0.014923,-0.634499,-0.052213,-0.052213,-2.9916,-2.9916,1,1,0.002242,0.00000503
1771742609.177515,28.180000,0.010000,0.001957,-0.073493,0.040213,2.3040,1.028876,0.005880,-0.904252,-0.036141,-0.036141,-2.0708,-2.0708,1,1,0.001957,0.00000383
1771742609.187515,28.190000,0.010000,0.001704,-0.068249,0.041998,2.4063,0.971479,0.001038,-0.484170,-0.012545,-0.012545,-0.7188,-0.7188,1,1,0.001704,0.00000291
1771742609.197515,28.200000,0.010000,0.001479,-0.066483,0.043627,2.4996,0.981646,-0.006689,-0.772715,-0.043795,-0.043795,-2.5092,-2.5092,1,1,0.001479,0.00000219
1771742609.207515,28.210000,0.010000,0.001288,-0.060295,0.045012,2.5790,0.917137,-0.009959,-0.327059,-0.029602,-0.029602,-1.6961,-1.6961,1,1,0.001288,0.00000166
1771742609.217515,28.220000,0.010000,0.001127,-0.058867,0.046280,2.6517,0.942004,-0.009331,0.062889,-0.084500,-0.084500,-4.8415,-4.8415,1,1,0.001127,0.00000127
1771742609.227515,28.230000,0.010000,0.000983,-0.056667,0.047687,2.7323,0.956500,-0.005290,0.404094,-0.203422,-0.203422,-11.6552,-11.6552,1,1,0.000983,0.00000097
1771742609.237514,28.240000,0.010000,0.000861,-0.053926,0.049173,2.8174,0.964825,0.001737,0.702648,-0.249448,-0.249448,-14.2923,-14.2923,1,1,0.000861,0.00000074
1771742609.247514,28.250000,0.010000,0.000764,-0.050804,0.050707,2.9053,0.969763,0.011376,0.963883,-0.245679,-0.245679,-14.0763,-14.0763,1,1,0.000764,0.00000058
1771742609.257514,28.260000,0.010000,0.000695,-0.047404,0.052270,2.9949,0.972979,0.023300,1.192463,-0.227363,-0.227363,-13.0269,-13.0269,1,1,0.000695,0.00000048
1771742609.267514,28.270000,0.010000,0.000655,-0.043801,0.053856,3.0857,0.975591,0.034833,1.153317,-0.207704,-0.207704,-11.9006,-11.9006,1,1,0.000655,0.00000043
1771742609.277514,28.280000,0.010000,0.000646,-0.040051,0.055463,3.1778,0.978358,0.041434,0.660087,-0.247472,-0.247472,-14.1791,-14.1791,1,1,0.000646,0.00000042
1771742609.287514,28.290000,0.010000,0.000670,-0.036197,0.057098,3.2715,0.981798,0.043719,0.228510,-0.322621,-0.322621,-18.4848,-18.4848,1,1,0.000670,0.00000045
1771742609.297514,28.300000,0.010000,0.000726,-0.032276,0.058768,3.3671,0.986274,0.042228,-0.149120,-0.344271,-0.344271,-19.7253,-19.7253,1,1,0.000726,0.00000053
1771742609.307514,28.310000,0.010000,0.000815,-0.028315,0.060483,3.4654,0.992039,0.037433,-0.479546,-0.318109,-0.318109,-18.2263,-18.2263,1,1,0.000815,0.00000066
1771742609.317514,28.320000,0.010000,0.000937,-0.024338,0.062255,3.5669,0.999276,0.031186,-0.624725,-0.299500,-0.299500,-17.1601,-17.1601,1,1,0.000937,0.00000088
1771742609.327514,28.330000,0.010000,0.001092,-0.020367,0.064097,3.6725,1.008114,0.022229,-0.895700,-0.287786,-0.287786,-16.4889,-16.4889,1,1,0.001092,0.00000119
1771742609.337514,28.340000,0.010000,0.001304,-0.010466,0.065575,3.7572,0.911022,0.015750,-0.647882,-0.275789,-0.275789,-15.8016,-15.8016,1,1,0.001304,0.00000170
1771742609.347514,28.350000,0.010000,0.001555,-0.010056,0.066982,3.8378,0.968665,0.006590,-0.915963,-0.284970,-0.284970,-16.3276,-16.3276,1,1,0.001555,0.00000242
1771742609.357514,28.360000,0.010000,0.001849,-0.000504,0.067758,3.8822,0.767466,-0.004915,-1.150533,-0.266250,-0.266250,-15.2550,-15.2550,1,1,0.001849,0.00000342
1771742609.367514,28.370000,0.010000,0.002166,-0.002300,0.068338,3.9155,0.879380,-0.018473,-1.355782,-0.197660,-0.197660,-11.3251,-11.3251,1,1,0.002166,0.00000469
1771742609.377515,28.380000,0.010000,0.002488,0.000011,0.068484,3.9239,0.680872,-0.033827,-1.535375,-0.151216,-0.151216,-8.6641,-8.6641,1,1,0.002488,0.00000619
1771742609.387515,28.390000,0.010000,0.002804,-0.001341,0.068391,3.9185,0.780229,-0.050752,-1.692519,-0.084859,-0.084859,-4.8621,-4.8621,1,1,0.002804,0.00000786
1771742609.397515,28.400000,0.010000,0.003149,0.006043,0.067412,3.8624,0.483717,-0.069052,-1.830020,0.004830,0.004830,0.2767,0.2767,1,1,0.003149,0.00000992
1771742609.407515,28.410000,0.010000,0.003472,-0.003221,0.066418,3.8055,0.716523,-0.088556,-1.950334,-0.031163,-0.031163,-1.7855,-1.7855,1,1,0.003472,0.00001205
1771742609.417515,28.420000,0.010000,0.003850,0.017260,0.063975,3.6655,0.177336,-0.109112,-2.055608,0.066222,0.066222,3.7942,3.7942,1,1,0.003850,0.00001482
1771742609.427515,28.430000,0.010000,0.004211,-0.001429,0.061230,3.5082,0.537920,-0.130589,-2.147723,0.092015,0.092015,5.2721,5.2721,1,1,0.004211,0.00001773
1771742609.437515,28.440000,0.010000,0.004566,0.012433,0.057929,3.3191,0.109991,-0.152872,-2.228323,0.097155,0.097155,5.5666,5.5666,1,1,0.004566,0.00002084
1771742609.447515,28.450000,0.010000,0.004880,-0.006392,0.054763,3.1377,0.486606,-0.171201,-1.832847,0.094013,0.094013,5.3866,5.3866,1,1,0.004880,0.00002381
1771742609.457515,28.460000,0.010000,0.005220,0.015040,0.050470,2.8917,-0.090755,-0.185774,-1.457316,0.056781,0.056781,3.2533,3.2533,1,1,0.005220,0.00002724
1771742609.467515,28.470000,0.010000,0.005521,-0.009046,0.046152,2.6443,0.363176,-0.197026,-1.125194,0.087651,0.087651,5.0220,5.0220,1,1,0.005521,0.00003048
1771742609.477515,28.480000,0.010000,0.005779,0.000037,0.041842,2.3974,0.002192,-0.208019,-1.099302,0.036158,0.036158,2.0717,2.0717,1,1,0.005779,0.00003340
1771742609.487514,28.490000,0.010000,0.005962,-0.023020,0.038054,2.1803,0.419165,-0.215298,-0.727896,0.066176,0.066176,3.7916,3.7916,1,1,0.005962,0.00003555
1771742609.497514,28.500000,0.010000,0.006163,0.000001,0.033238,1.9044,-0.165608,-0.218176,-0.287843,0.037188,0.037188,2.1307,2.1307,1,1,0.006163,0.00003798
1771742609.507514,28.510000,0.010000,0.006316,-0.027498,0.028493,1.6325,0.315112,-0.217204,0.097203,0.035039,0.035039,2.0076,2.0076,1,1,0.006316,0.00003989
1771742609.517514,28.520000,0.010000,0.006416,-0.017979,0.024554,1.4068,0.130317,-0.212863,0.434119,0.076789,0.076789,4.3997,4.3997,1,1,0.006416,0.00004117
1771742609.527514,28.530000,0.010000,0.006456,-0.039879,0.021505,1.2321,0.494867,-0.205574,0.728920,0.041436,0.041436,2.3741,2.3741,1,1,0.006456,0.00004169
1771742609.537514,28.540000,0.010000,0.006527,-0.014439,0.017689,1.0135,0.016409,-0.195705,0.986871,0.118610,0.118610,6.7958,6.7958,1,1,0.006527,0.00004260
1771742609.547514,28.550000,0.010000,0.006581,-0.038844,0.013911,0.7970,0.414782,-0.183579,1.212578,0.047952,0.047952,2.7474,2.7474,1,1,0.006581,0.00004331
1771742609.557514,28.560000,0.010000,0.006501,-0.050672,0.012165,0.6970,0.582436,-0.169478,1.410071,0.092768,0.092768,5.3152,5.3152,1,1,0.006501,0.00004226
1771742609.567514,28.570000,0.010000,0.006406,-0.044247,0.010314,0.5910,0.424681,-0.153650,1.582878,0.067941,0.067941,3.8927,3.8927,1,1,0.006406,0.00004103
1771742609.577514,28.580000,0.010000,0.006261,-0.060811,0.008965,0.5136,0.672179,-0.136309,1.734084,0.046249,0.046249,2.6499,2.6499,1,1,0.006261,0.00003920
1771742609.587514,28.590000,0.010000,0.006045,-0.064273,0.008482,0.4860,0.685691,-0.117645,1.866390,0.034989,0.034989,2.0047,2.0047,1,1,0.006045,0.00003654
1771742609.597514,28.600000,0.010000,0.005770,-0.075284,0.008659,0.4961,0.833853,-0.097823,1.982157,-0.029303,-0.029303,-1.6789,-1.6789,1,1,0.005770,0.00003329
1771742609.607514,28.610000,0.010000,0.005462,-0.073860,0.009027,0.5172,0.763853,-0.081076,1.674772,0.035061,0.035061,2.0088,2.0088,1,1,0.005462,0.00002983
1771742609.617514,28.620000,0.010000,0.005122,-0.082556,0.009620,0.5512,0.876407,-0.062931,1.814492,-0.009410,-0.009410,-0.5392,-0.5392,1,1,0.005122,0.00002623
1771742609.627515,28.630000,0.010000,0.004777,-0.082674,0.010555,0.6048,0.911864,-0.050416,1.251489,0.094027,0.094027,5.3874,5.3874,1,1,0.004777,0.00002282
1771742609.637515,28.640000,0.010000,0.004435,-0.082111,0.011699,0.6703,0.933174,-0.039734,1.068181,0.071183,0.071183,4.0785,4.0785,1,1,0.004435,0.00001967
1771742609.647515,28.650000,0.010000,0.004095,-0.081633,0.012992,0.7444,0.948131,-0.026897,1.283724,0.088723,0.088723,5.0835,5.0835,1,1,0.004095,0.00001677
1771742609.657515,28.660000,0.010000,0.003756,-0.081217,0.014390,0.8245,0.958309,-0.018355,0.854164,0.141845,0.141845,8.1271,8.1271,1,1,0.003756,0.00001411
1771742609.667515,28.670000,0.010000,0.003419,-0.080849,0.015858,0.9086,0.964883,-0.007391,1.096459,0.103333,0.103333,5.9206,5.9206,1,1,0.003419,0.00001169
1771742609.677515,28.680000,0.010000,0.003084,-0.080515,0.017372,0.9954,0.968734,-0.000473,0.691778,0.173347,0.173347,9.9320,9.9320,1,1,0.003084,0.00000951
1771742609.687515,28.690000,0.010000,0.002750,-0.080206,0.018912,1.0836,0.970518,0.009071,0.954372,0.124880,0.124880,7.1551,7.1551,1,1,0.002750,0.00000756
1771742609.697515,28.700000,0.010000,0.002417,-0.079916,0.020464,1.1725,0.970724,0.016430,0.735878,0.193879,0.193879,11.1084,11.1084,1,1,0.002417,0.00000584
1771742609.707515,28.710000,0.010000,0.002086,-0.079562,0.022013,1.2612,0.969301,0.020157,0.372741,0.164335,0.164335,9.4157,9.4157,1,1,0.002086,0.00000435
1771742609.717515,28.720000,0.010000,0.001759,-0.078930,0.023536,1.3485,0.965468,0.022011,0.185395,0.113126,0.113126,6.4816,6.4816,1,1,0.001759,0.00000309
1771742609.727515,28.730000,0.010000,0.001440,-0.077797,0.025005,1.4327,0.958602,0.020143,-0.186845,0.118878,0.118878,6.8112,6.8112,1,1,0.001440,0.00000207
1771742609.737514,28.740000,0.010000,0.001134,-0.076258,0.026404,1.5128,0.949963,0.021998,0.185577,0.118283,0.118283,6.7771,6.7771,1,1,0.001134,0.00000129
1771742609.747514,28.750000,0.010000,0.000843,-0.074386,0.027724,1.5885,0.940403,0.020132,-0.186686,0.099860,0.099860,5.7215,5.7215,1,1,0.000843,0.00000071
1771742609.757514,28.760000,0.010000,0.000570,-0.072215,0.028961,1.6593,0.930368,0.021989,0.185715,0.101002,0.101002,5.7870,5.7870,1,1,0.000570,0.00000032
1771742609.767514,28.770000,0.010000,0.000316,-0.069783,0.030112,1.7253,0.920252,0.027104,0.511567,0.071416,0.071416,4.0919,4.0919,1,1,0.000316,0.00000010
1771742609.777514,28.780000,0.010000,0.000084,-0.067129,0.031180,1.7865,0.910368,0.034807,0.770232,0.076245,0.076245,4.3685,4.3685,1,1,0.000084,0.00000001
1771742609.787514,28.790000,0.010000,-0.000125,-0.064281,0.032169,1.8431,0.900912,0.045037,1.023019,0.147353,0.147353,8.4427,8.4427,1,1,0.000125,0.00000002
1771742609.797514,28.800000,0.010000,-0.000309,-0.061268,0.033082,1.8954,0.892056,0.052324,0.728704,0.205198,0.205198,11.7570,11.7570,1,1,0.000309,0.00000010
1771742609.807514,28.810000,0.010000,-0.000467,-0.058120,0.033926,1.9438,0.883965,0.062191,0.986682,0.128226,0.128226,7.3468,7.3468,1,1,0.000467,0.00000022
1771742609.817514,28.820000,0.010000,-0.000598,-0.054864,0.034708,1.9886,0.876776,0.070027,0.783618,0.173267,0.173267,9.9274,9.9274,1,1,0.000598,0.00000036
1771742609.827514,28.830000,0.010000,-0.000701,-0.051525,0.035436,2.0304,0.870601,0.080374,1.034732,0.103892,0.103892,5.9526,5.9526,1,1,0.000701,0.00000049
1771742609.837514,28.840000,0.010000,-0.000776,-0.048129,0.036121,2.0696,0.865536,0.090869,1.049514,0.122789,0.122789,7.0353,7.0353,1,1,0.000776,0.00000060
1771742609.847514,28.850000,0.010000,-0.000823,-0.044700,0.036770,2.1068,0.861664,0.096562,0.569258,0.089221,0.089221,5.1120,5.1120,1,1,0.000823,0.00000068
1771742609.857514,28.860000,0.010000,-0.000841,-0.041258,0.037395,2.1426,0.859052,0.099351,0.278949,-0.007668,-0.007668,-0.4393,-0.4393,1,1,0.000841,0.00000071
1771742609.867514,28.870000,0.010000,-0.000830,-0.037825,0.038007,2.1776,0.857761,0.101718,0.236642,-0.070520,-0.070520,-4.0405,-4.0405,1,1,0.000830,0.00000069
1771742609.877515,28.880000,0.010000,-0.000791,-0.034420,0.038616,2.2126,0.857836,0.101486,-0.023227,-0.094652,-0.094652,-5.4231,-5.4231,1,1,0.000791,0.00000063
1771742609.887515,28.890000,0.010000,-0.000724,-0.031062,0.039235,2.2480,0.859318,0.101425,-0.006050,-0.139206,-0.139206,-7.9759,-7.9759,1,1,0.000724,0.00000052
1771742609.897515,28.900000,0.010000,-0.000629,-0.027765,0.039875,2.2847,0.862235,0.097882,-0.354359,-0.161896,-0.161896,-9.2759,-9.2759,1,1,0.000629,0.00000040
1771742609.907515,28.910000,0.010000,-0.000507,-0.024545,0.040548,2.3232,0.866610,0.095177,-0.270461,-0.169982,-0.169982,-9.7393,-9.7393,1,1,0.000507,0.00000026
1771742609.917515,28.920000,0.010000,-0.000359,-0.021414,0.041266,2.3644,0.872457,0.096301,0.112412,-0.196710,-0.196710,-11.2707,-11.2707,1,1,0.000359,0.00000013
1771742609.927515,28.930000,0.010000,-0.000186,-0.018383,0.042043,2.4089,0.879781,0.100775,0.447426,-0.230785,-0.230785,-13.2230,-13.2230,1,1,0.000186,0.00000003
1771742609.937515,28.940000,0.010000,0.000012,-0.015461,0.042889,2.4574,0.888583,0.104207,0.343131,-0.236917,-0.236917,-13.5743,-13.5743,1,1,0.000012,0.00000000
1771742609.947515,28.950000,0.010000,0.000234,-0.012653,0.043818,2.5106,0.898853,0.110700,0.649305,-0.260740,-0.260740,-14.9393,-14.9393,1,1,0.000234,0.00000005
1771742609.957515,28.960000,0.010000,0.000479,-0.009966,0.044842,2.5693,0.910578,0.112890,0.219076,-0.284847,-0.284847,-16.3205,-16.3205,1,1,0.000479,0.00000023
1771742609.967515,28.970000,0.010000,0.000739,-0.008873,0.046008,2.6361,0.932050,0.114128,0.123733,-0.280286,-0.280286,-16.0592,-16.0592,1,1,0.000739,0.00000055
1771742609.977515,28.980000,0.010000,0.001008,-0.007834,0.047345,2.7127,0.952536,0.111720,-0.240800,-0.283609,-0.283609,-16.2496,-16.2496,1,1,0.001008,0.00000102
1771742609.987514,28.990000,0.010000,0.001285,-0.006810,0.048848,2.7988,0.972337,0.106122,-0.559766,-0.276429,-0.276429,-15.8382,-15.8382,1,1,0.001285,0.00000165
1771742609.997514,29.000000,0.010000,0.001571,-0.005821,0.050516,2.8943,0.991995,0.097733,-0.838861,-0.270959,-0.270959,-15.5248,-15.5248,1,1,0.001571,0.00000247
1771742610.007514,29.010000,0.010000,0.001865,-0.004874,0.052349,2.9994,1.011851,0.086903,-1.083069,-0.271788,-0.271788,-15.5723,-15.5723,1,1,0.001865,0.00000348
1771742610.017514,29.020000,0.010000,0.002166,-0.003968,0.054351,3.1141,1.032117,0.073935,-1.296751,-0.271514,-0.271514,-15.5566,-15.5566,1,1,0.002166,0.00000469
1771742610.027514,29.030000,0.010000,0.002475,-0.003107,0.056527,3.2387,1.052968,0.059098,-1.483723,-0.264690,-0.264690,-15.1656,-15.1656,1,1,0.002475,0.00000613
1771742610.037514,29.040000,0.010000,0.002790,-0.002288,0.058882,3.3737,1.074527,0.042625,-1.647324,-0.250152,-0.250152,-14.3326,-14.3326,1,1,0.002790,0.00000779
1771742610.047514,29.050000,0.010000,0.003119,0.000020,0.060875,3.4879,0.965207,0.024720,-1.790474,-0.233422,-0.233422,-13.3741,-13.3741,1,1,0.003119,0.00000973
1771742610.057514,29.060000,0.010000,0.003451,0.000020,0.062390,3.5747,0.933869,0.005563,-1.915731,-0.166216,-0.166216,-9.5235,-9.5235,1,1,0.003451,0.00001191
1771742610.067514,29.070000,0.010000,0.003781,0.000017,0.063268,3.6250,0.801700,-0.014691,-2.025330,-0.088283,-0.088283,-5.0582,-5.0582,1,1,0.003781,0.00001429
1771742610.077514,29.080000,0.010000,0.004103,0.000017,0.063590,3.6434,0.770387,-0.035903,-2.121230,-0.001890,-0.001890,-0.1083,-0.1083,1,1,0.004103,0.00001683
1771742610.087514,29.090000,0.010000,0.004423,0.000013,0.063255,3.6242,0.634025,-0.057954,-2.205142,0.051205,0.051205,2.9338,2.9338,1,1,0.004423,0.00001956
1771742610.097514,29.100000,0.010000,0.004735,0.000013,0.062353,3.5726,0.604647,-0.080740,-2.278565,0.043361,0.043361,2.4844,2.4844,1,1,0.004735,0.00002242
1771742610.107514,29.110000,0.010000,0.005046,0.000010,0.060786,3.4828,0.465459,-0.104168,-2.342810,0.073047,0.073047,4.1853,4.1853,1,1,0.005046,0.00002546
1771742610.117514,29.120000,0.010000,0.005348,0.000010,0.058727,3.3648,0.457272,-0.125701,-2.153269,0.085151,0.085151,4.8788,4.8788,1,1,0.005348,0.00002860
1771742610.127515,29.130000,0.010000,0.005649,0.000007,0.056177,3.2187,0.343273,-0.143858,-1.815729,0.086724,0.086724,4.9689,4.9689,1,1,0.005649,0.00003192
1771742610.137515,29.140000,0.010000,0.005944,0.000008,0.053308,3.0543,0.356816,-0.159849,-1.599126,0.079172,0.079172,4.5362,4.5362,1,1,0.005944,0.00003534
1771742610.147515,29.150000,0.010000,0.006239,0.000006,0.050077,2.8692,0.257060,-0.173807,-1.395806,0.071266,0.071266,4.0832,4.0832,1,1,0.006239,0.00003892
1771742610.157515,29.160000,0.010000,0.006519,-0.001921,0.046728,2.6773,0.307876,-0.185168,-1.136028,0.064147,0.064147,3.6753,3.6753,1,1,0.006519,0.00004250
1771742610.167515,29.170000,0.010000,0.006801,0.000005,0.043065,2.4674,0.189434,-0.193291,-0.812300,0.056304,0.056304,3.2260,3.2260,1,1,0.006801,0.00004625
1771742610.177515,29.180000,0.010000,0.007040,-0.010498,0.039787,2.2796,0.376595,-0.198307,-0.501643,0.061890,0.061890,3.5460,3.5460,1,1,0.007040,0.00004957
1771742610.187515,29.190000,0.010000,0.007287,0.000003,0.035834,2.0531,0.061550,-0.199206,-0.089871,0.056559,0.056559,3.2406,3.2406,1,1,0.007287,0.00005310
1771742610.197515,29.200000,0.010000,0.007462,-0.024211,0.032548,1.8649,0.476264,-0.196501,0.270428,0.059659,0.059659,3.4182,3.4182,1,1,0.007462,0.00005568
1771742610.207515,29.210000,0.010000,0.007653,0.000002,0.028588,1.6380,-0.022303,-0.190645,0.585691,0.073764,0.073764,4.2264,4.2264,1,1,0.007653,0.00005857
1771742610.217515,29.220000,0.010000,0.007813,-0.026563,0.024795,1.4207,0.420591,-0.182029,0.861545,0.061274,0.061274,3.5107,3.5107,1,1,0.007813,0.00006104
1771742610.227515,29.230000,0.010000,0.007881,-0.026200,0.022323,1.2790,0.379532,-0.171000,1.102918,0.057027,0.057027,3.2674,3.2674,1,1,0.007881,0.00006211
1771742610.237514,29.240000,0.010000,0.007877,-0.043549,0.020819,1.1928,0.645980,-0.157859,1.314119,0.031033,0.031033,1.7781,1.7781,1,1,0.007877,0.00006204
1771742610.247514,29.250000,0.010000,0.007893,-0.023903,0.018592,1.0652,0.257607,-0.142869,1.498920,-0.036361,-0.036361,-2.0833,-2.0833,1,1,0.007893,0.00006230
1771742610.257514,29.260000,0.010000,0.007885,-0.045610,0.016459,0.9431,0.595997,-0.126263,1.660621,0.060586,0.060586,3.4713,3.4713,1,1,0.007885,0.00006217
1771742610.267514,29.270000,0.010000,0.007737,-0.060764,0.016361,0.9374,0.813311,-0.108242,1.802109,-0.121630,-0.121630,-6.9689,-6.9689,1,1,0.007737,0.00005986
1771742610.277514,29.280000,0.010000,0.007582,-0.049822,0.015976,0.9153,0.570777,-0.088983,1.925911,-0.114412,-0.114412,-6.5553,-6.5553,1,1,0.007582,0.00005748
1771742610.287514,29.290000,0.010000,0.007398,-0.065158,0.015703,0.8997,0.793514,-0.069842,1.914123,-0.124074,-0.124074,-7.1089,-7.1089,1,1,0.007398,0.00005472
1771742610.297514,29.300000,0.010000,0.007116,-0.075847,0.016746,0.9595,0.933802,-0.054074,1.576818,-0.101499,-0.101499,-5.8154,-5.8154,1,1,0.007116,0.00005063
1771742610.307514,29.310000,0.010000,0.006801,-0.075601,0.018062,1.0349,0.893125,-0.039578,1.449545,-0.015223,-0.015223,-0.8722,-0.8722,1,1,0.006801,0.00004625
1771742610.317514,29.320000,0.010000,0.006455,-0.082878,0.019636,1.1251,0.989472,-0.027561,1.201711,-0.001516,-0.001516,-0.0869,-0.0869,1,1,0.006455,0.00004167
1771742610.327514,29.330000,0.010000,0.006113,-0.082241,0.021480,1.2307,1.017740,-0.016659,1.090255,0.035756,0.035756,2.0487,2.0487,1,1,0.006113,0.00003736
1771742610.337514,29.340000,0.010000,0.005772,-0.081698,0.023528,1.3481,1.038939,-0.005356,1.130286,0.048004,0.048004,2.7504,2.7504,1,1,0.005772,0.00003332
1771742610.347514,29.350000,0.010000,0.005434,-0.081226,0.025730,1.4742,1.054856,0.002973,0.832871,0.095006,0.095006,5.4434,5.4434,1,1,0.005434,0.00002953
1771742610.357514,29.360000,0.010000,0.005097,-0.080805,0.028049,1.6071,1.066831,0.009730,0.675679,0.028304,0.028304,1.6217,1.6217,1,1,0.005097,0.00002598
1771742610.367514,29.370000,0.010000,0.004762,-0.080423,0.030457,1.7451,1.075868,0.012393,0.266291,0.002589,0.002589,0.1483,0.1483,1,1,0.004762,0.00002267
1771742610.377515,29.380000,0.010000,0.004432,-0.079217,0.032872,1.8834,1.067607,0.011232,-0.116061,-0.085365,-0.085365,-4.8910,-4.8910,1,1,0.004432,0.00001964
1771742610.387515,29.390000,0.010000,0.004103,-0.079049,0.035290,2.0219,1.068942,0.013707,0.247512,-0.093267,-0.093267,-5.3438,-5.3438,1,1,0.004103,0.00001683
1771742610.397515,29.400000,0.010000,0.003787,-0.076131,0.037524,2.1500,1.024788,0.012382,-0.132493,-0.103367,-0.103367,-5.9225,-5.9225,1,1,0.003787,0.00001434
1771742610.407515,29.410000,0.010000,0.003481,-0.076585,0.039695,2.2744,1.047617,0.007732,-0.464997,-0.100985,-0.100985,-5.7860,-5.7860,1,1,0.003481,0.00001212
1771742610.417515,29.420000,0.010000,0.003216,-0.066830,0.041292,2.3659,0.894427,0.000173,-0.755938,-0.083067,-0.083067,-4.7594,-4.7594,1,1,0.003216,0.00001034
1771742610.427515,29.430000,0.010000,0.002977,-0.068887,0.042630,2.4425,0.957496,-0.009932,-1.010512,0.020244,0.020244,1.1599,1.1599,1,1,0.002977,0.00000886
1771742610.437515,29.440000,0.010000,0.002757,-0.063388,0.043887,2.5145,0.889755,-0.015283,-0.535132,0.022970,0.022970,1.3161,1.3161,1,1,0.002757,0.00000760
1771742610.447515,29.450000,0.010000,0.002552,-0.064769,0.045157,2.5873,0.949052,-0.016475,-0.119175,-0.022861,-0.022861,-1.3098,-1.3098,1,1,0.002552,0.00000651
1771742610.457515,29.460000,0.010000,0.002364,-0.060007,0.046421,2.6597,0.902253,-0.014027,0.244788,-0.132316,-0.132316,-7.5812,-7.5812,1,1,0.002364,0.00000559
1771742610.467515,29.470000,0.010000,0.002193,-0.060481,0.047737,2.7351,0.952898,-0.008395,0.563255,-0.226597,-0.226597,-12.9830,-12.9830,1,1,0.002193,0.00000481
1771742610.477515,29.480000,0.010000,0.002027,-0.059647,0.049342,2.8271,0.983676,0.000024,0.841914,-0.241117,-0.241117,-13.8150,-13.8150,1,1,0.002027,0.00000411
1771742610.487514,29.490000,0.010000,0.001876,-0.057222,0.051075,2.9264,0.989959,0.003900,0.387609,-0.214027,-0.214027,-12.2629,-12.2629,1,1,0.001876,0.00000352
1771742610.497514,29.500000,0.010000,0.001756,-0.052359,0.052688,3.0188,0.956609,0.003801,-0.009908,-0.262679,-0.262679,-15.0504,-15.0504,1,1,0.001756,0.00000308
1771742610.507514,29.510000,0.010000,0.001666,-0.049901,0.054244,3.1080,0.969979,0.000224,-0.357735,-0.254405,-0.254405,-14.5763,-14.5763,1,1,0.001666,0.00000277
1771742610.517514,29.520000,0.010000,0.001629,-0.039825,0.055343,3.1709,0.850022,-0.006397,-0.662084,-0.224108,-0.224108,-12.8404,-12.8404,1,1,0.001629,0.00000265
1771742610.527514,29.530000,0.010000,0.001628,-0.039983,0.056314,3.2266,0.915621,-0.015681,-0.928389,-0.153023,-0.153023,-8.7676,-8.7676,1,1,0.001628,0.00000265
1771742610.537514,29.540000,0.010000,0.001691,-0.025296,0.056678,3.2474,0.716624,-0.026344,-1.066307,-0.130660,-0.130660,-7.4863,-7.4863,1,1,0.001691,0.00000286
1771742610.547514,29.550000,0.010000,0.001794,-0.028102,0.056855,3.2575,0.831241,-0.033434,-0.709043,-0.065234,-0.065234,-3.7376,-3.7376,1,1,0.001794,0.00000322
1771742610.557514,29.560000,0.010000,0.001918,-0.021558,0.057198,3.2772,0.777649,-0.036148,-0.271347,-0.153883,-0.153883,-8.8169,-8.8169,1,1,0.001918,0.00000368
1771742610.567514,29.570000,0.010000,0.002058,-0.023518,0.057776,3.3103,0.875755,-0.035031,0.111638,-0.242137,-0.242137,-13.8734,-13.8734,1,1,0.002058,0.00000423
1771742610.577514,29.580000,0.010000,0.002249,-0.010108,0.057948,3.3202,0.698365,-0.033510,0.152132,-0.312867,-0.312867,-17.9260,-17.9260,1,1,0.002249,0.00000506
1771742610.587514,29.590000,0.010000,0.002472,-0.014097,0.058089,3.3283,0.830838,-0.035669,-0.215950,-0.330579,-0.330579,-18.9408,-18.9408,1,1,0.002472,0.00000611
1771742610.597514,29.600000,0.010000,0.002713,-0.006718,0.058203,3.3348,0.715389,-0.041050,-0.538022,-0.269986,-0.269986,-15.4690,-15.4690,1,1,0.002713,0.00000736
1771742610.607514,29.610000,0.010000,0.002963,-0.010735,0.058479,3.3506,0.844377,-0.049248,-0.819835,-0.190437,-0.190437,-10.9112,-10.9112,1,1,0.002963,0.00000878
1771742610.617514,29.620000,0.010000,0.003245,0.000009,0.057882,3.3164,0.527386,-0.059912,-1.066422,-0.130454,-0.130454,-7.4744,-7.4744,1,1,0.003245,0.00001053
1771742610.627515,29.630000,0.010000,0.003520,-0.008801,0.057101,3.2716,0.736682,-0.072734,-1.282185,-0.076668,-0.076668,-4.3927,-4.3927,1,1,0.003520,0.00001239
1771742610.637515,29.640000,0.010000,0.003804,0.000008,0.055862,3.2007,0.455015,-0.087444,-1.470978,0.004817,0.004817,0.2760,0.2760,1,1,0.003804,0.00001447
1771742610.647515,29.650000,0.010000,0.004064,-0.011088,0.054694,3.1338,0.696931,-0.103806,-1.636171,0.005218,0.005218,0.2990,0.2990,1,1,0.004064,0.00001652
1771742610.657515,29.660000,0.010000,0.004341,0.001578,0.052620,3.0149,0.281509,-0.114631,-1.082584,0.098860,0.098860,5.6642,5.6642,1,1,0.004341,0.00001884
1771742610.667515,29.670000,0.010000,0.004587,-0.013741,0.050437,2.8898,0.589248,-0.120613,-0.598195,0.043173,0.043173,2.4736,2.4736,1,1,0.004587,0.00002104
1771742610.677515,29.680000,0.010000,0.004839,-0.000055,0.048302,2.7675,0.350250,-0.122357,-0.174355,0.016603,0.016603,0.9513,0.9513,1,1,0.004839,0.00002342
1771742610.687515,29.690000,0.010000,0.005075,-0.014888,0.046569,2.6682,0.638104,-0.126298,-0.394080,0.001509,0.001509,0.0864,0.0864,1,1,0.005075,0.00002575
1771742610.697515,29.700000,0.010000,0.005322,0.000005,0.044125,2.5282,0.232813,-0.133237,-0.693886,0.025475,0.025475,1.4596,1.4596,1,1,0.005322,0.00002832
1771742610.707515,29.710000,0.010000,0.005538,-0.017898,0.041705,2.3895,0.564972,-0.142799,-0.956216,0.073086,0.073086,4.1875,4.1875,1,1,0.005538,0.00003067
1771742610.717515,29.720000,0.010000,0.005768,0.000004,0.038722,2.2186,0.159773,-0.154656,-1.185755,0.062600,0.062600,3.5867,3.5867,1,1,0.005768,0.00003327
1771742610.727515,29.730000,0.010000,0.005970,-0.020081,0.035874,2.0554,0.518868,-0.168522,-1.386601,0.095139,0.095139,5.4510,5.4510,1,1,0.005970,0.00003564
1771742610.737514,29.740000,0.010000,0.006187,0.000003,0.032346,1.8533,0.064126,-0.177164,-0.864210,0.054908,0.054908,3.1460,3.1460,1,1,0.006187,0.00003828
1771742610.747514,29.750000,0.010000,0.006372,-0.022674,0.028920,1.6570,0.456371,-0.181236,-0.407118,0.081133,0.081133,4.6486,4.6486,1,1,0.006372,0.00004060
1771742610.757514,29.760000,0.010000,0.006541,-0.007736,0.025649,1.4696,0.175404,-0.181307,-0.007163,0.070554,0.070554,4.0424,4.0424,1,1,0.006541,0.00004279
1771742610.767514,29.770000,0.010000,0.006671,-0.028932,0.022899,1.3120,0.527821,-0.177879,0.342799,0.079987,0.079987,4.5829,4.5829,1,1,0.006671,0.00004451
1771742610.777514,29.780000,0.010000,0.006798,-0.011907,0.019967,1.1440,0.198399,-0.171389,0.649015,0.102201,0.102201,5.8557,5.8557,1,1,0.006798,0.00004622
1771742610.787514,29.790000,0.010000,0.006893,-0.033160,0.017349,0.9940,0.541010,-0.162220,0.916954,0.081498,0.081498,4.6695,4.6695,1,1,0.006893,0.00004752
1771742610.797514,29.800000,0.010000,0.006922,-0.031237,0.015581,0.8927,0.467847,-0.150706,1.151400,0.069442,0.069442,3.9787,3.9787,1,1,0.006922,0.00004791
1771742610.807514,29.810000,0.010000,0.006887,-0.047565,0.014589,0.8359,0.714166,-0.137140,1.356541,0.006638,0.006638,0.3804,0.3804,1,1,0.006887,0.00004744
1771742610.817514,29.820000,0.010000,0.006845,-0.035802,0.013362,0.7656,0.462005,-0.121780,1.536039,-0.063820,-0.063820,-3.6566,-3.6566,1,1,0.006845,0.00004685
1771742610.827514,29.830000,0.010000,0.006771,-0.052217,0.012315,0.7056,0.707302,-0.104849,1.693100,-0.029792,-0.029792,-1.7069,-1.7069,1,1,0.006771,0.00004585
1771742610.837514,29.840000,0.010000,0.006593,-0.063723,0.012730,0.7294,0.863327,-0.086543,1.830529,-0.146526,-0.146526,-8.3953,-8.3953,1,1,0.006593,0.00004347
1771742610.847514,29.850000,0.010000,0.006383,-0.061474,0.013306,0.7624,0.777609,-0.067901,1.864289,-0.032668,-0.032668,-1.8718,-1.8718,1,1,0.006383,0.00004075
1771742610.857514,29.860000,0.010000,0.006139,-0.071140,0.014126,0.8094,0.905672,-0.048097,1.980319,-0.085330,-0.085330,-4.8891,-4.8891,1,1,0.006139,0.00003769
1771742610.867514,29.870000,0.010000,0.005834,-0.077900,0.015690,0.8990,0.984797,-0.034260,1.383713,0.104458,0.104458,5.9850,5.9850,1,1,0.005834,0.00003403
1771742610.877515,29.880000,0.010000,0.005494,-0.081639,0.017662,1.0119,1.027783,-0.019836,1.442421,0.071971,0.071971,4.1237,4.1237,1,1,0.005494,0.00003018
1771742610.887515,29.890000,0.010000,0.005155,-0.081250,0.019728,1.1304,1.037363,-0.008537,1.129872,0.149171,0.149171,8.5469,8.5469,1,1,0.005155,0.00002657
1771742610.897515,29.900000,0.010000,0.004818,-0.080895,0.021865,1.2528,1.044243,0.002528,1.106558,0.117891,0.117891,6.7547,6.7547,1,1,0.004818,0.00002321
1771742610.907515,29.910000,0.010000,0.004482,-0.080566,0.024054,1.3782,1.049098,0.014987,1.245914,0.140881,0.140881,8.0719,8.0719,1,1,0.004482,0.00002009
1771742610.917515,29.920000,0.010000,0.004148,-0.080254,0.026280,1.5057,1.052436,0.023301,0.831382,0.203309,0.203309,11.6488,11.6488,1,1,0.004148,0.00001720
1771742610.927515,29.930000,0.010000,0.003814,-0.079954,0.028532,1.6348,1.054637,0.029069,0.576755,0.126412,0.126412,7.2429,7.2429,1,1,0.003814,0.00001455
1771742610.937515,29.940000,0.010000,0.003483,-0.079664,0.030804,1.7649,1.055985,0.030625,0.155594,0.063944,0.063944,3.6637,3.6637,1,1,0.003483,0.00001213
1771742610.947515,29.950000,0.010000,0.003153,-0.079187,0.033080,1.8953,1.055654,0.028496,-0.212921,-0.028585,-0.028585,-1.6378,-1.6378,1,1,0.003153,0.00000994
1771742610.957515,29.960000,0.010000,0.002831,-0.078242,0.035333,2.0244,1.052524,0.023142,-0.535371,-0.044377,-0.044377,-2.5426,-2.5426,1,1,0.002831,0.00000802
1771742610.967515,29.970000,0.010000,0.002520,-0.076782,0.037542,2.1510,1.047048,0.014967,-0.817516,-0.049110,-0.049110,-2.8138,-2.8138,1,1,0.002520,0.00000635
1771742610.977515,29.980000,0.010000,0.002225,-0.074907,0.039695,2.2744,1.040391,0.009012,-0.595437,-0.019119,-0.019119,-1.0954,-1.0954,1,1,0.002225,0.00000495
1771742610.987514,29.990000,0.010000,0.001969,-0.067398,0.041395,2.3718,0.939081,0.000312,-0.870073,-0.051602,-0.051602,-2.9566,-2.9566,1,1,0.001969,0.00000388
