time,time_rel,dt,x,xdot,theta,theta_deg,thdot,theta_cmd,theta_cmd_dot,action_raw,action_used,setpoint_desired,setpoint_sent,armed,rl_enabled,error,error_sq
# Experiment: C (Disturbance Rejection)
# Trial: 5
# Controller: RL (Simulation)
# Start time: 2026-02-22 13:45:46
# Notes: Disturbances: +5.0cm @ 10.0s, -5.0cm @ 20.0s
1771742746.466187,0.000000,0.010000,0.001533,0.016803,-0.047262,-2.7079,-0.619635,-0.003950,-0.395043,0.182291,0.182291,10.4445,10.4445,1,1,0.001533,0.00000235
1771742746.476187,0.010000,0.010000,0.001344,0.017053,-0.046412,-2.6592,-0.701695,-0.003950,0.000000,0.244759,0.244759,14.0237,14.0237,1,1,0.001344,0.00000181
1771742746.486187,0.020000,0.010000,0.001148,0.015942,-0.046076,-2.6399,-0.757223,-0.003950,0.000000,0.274741,0.274741,15.7415,15.7415,1,1,0.001148,0.00000132
1771742746.496186,0.030000,0.010000,0.000937,0.014026,-0.046096,-2.6411,-0.796409,-0.003950,0.000000,0.296662,0.296662,16.9975,16.9975,1,1,0.000937,0.00000088
1771742746.506186,0.040000,0.010000,0.000708,0.011665,-0.046378,-2.6573,-0.825752,-0.003950,0.000000,0.312044,0.312044,17.8788,17.8788,1,1,0.000708,0.00000050
1771742746.516186,0.050000,0.010000,0.000456,0.009100,-0.046868,-2.6853,-0.849456,-0.003950,0.000000,0.324343,0.324343,18.5835,18.5835,1,1,0.000456,0.00000021
1771742746.526186,0.060000,0.010000,0.000184,0.006581,-0.047539,-2.7238,-0.871096,-0.003950,0.000000,0.331524,0.331524,18.9949,18.9949,1,1,0.000184,0.00000003
1771742746.536186,0.070000,0.010000,-0.000109,0.004354,-0.048386,-2.7723,-0.892938,-0.003950,0.000000,0.342124,0.342124,19.6022,19.6022,1,1,0.000109,0.00000001
1771742746.546186,0.080000,0.010000,-0.000418,0.002722,-0.049422,-2.8317,-0.917062,-0.003950,0.000000,0.350193,0.350193,20.0646,20.0646,1,1,0.000418,0.00000017
1771742746.556186,0.090000,0.010000,-0.000738,0.001782,-0.050666,-2.9029,-0.943915,-0.003950,0.000000,0.357653,0.357653,20.4920,20.4920,1,1,0.000738,0.00000054
1771742746.566186,0.100000,0.010000,-0.001064,0.001289,-0.052132,-2.9870,-0.971662,-0.003950,0.000000,0.364419,0.364419,20.8797,20.8797,1,1,0.001064,0.00000113
1771742746.576186,0.110000,0.010000,-0.001393,0.001001,-0.053823,-3.0838,-0.998878,-0.003950,0.000000,0.370474,0.370474,21.2266,21.2266,1,1,0.001393,0.00000194
1771742746.586186,0.120000,0.010000,-0.001728,0.000232,-0.055481,-3.1788,-0.964369,-0.003950,0.000000,0.375126,0.375126,21.4931,21.4931,1,1,0.001728,0.00000298
1771742746.596187,0.130000,0.010000,-0.002062,0.000314,-0.057031,-3.2677,-0.962041,-0.000460,0.349066,0.376077,0.376077,21.5476,21.5476,1,1,0.002062,0.00000425
1771742746.606187,0.140000,0.010000,-0.002396,-0.000038,-0.058323,-3.3417,-0.897078,0.006085,0.654498,0.357813,0.357813,20.5012,20.5012,1,1,0.002396,0.00000574
1771742746.616187,0.150000,0.010000,-0.002727,0.000158,-0.059364,-3.4013,-0.884863,0.015303,0.921752,0.324544,0.324544,18.5950,18.5950,1,1,0.002727,0.00000744
1771742746.626187,0.160000,0.010000,-0.003056,-0.000121,-0.060015,-3.4386,-0.796976,0.026859,1.155599,0.284691,0.284691,16.3116,16.3116,1,1,0.003056,0.00000934
1771742746.636187,0.170000,0.010000,-0.003381,0.000100,-0.060321,-3.4561,-0.780692,0.040461,1.360215,0.227393,0.227393,13.0287,13.0287,1,1,0.003381,0.00001143
1771742746.646187,0.180000,0.010000,-0.003704,-0.000143,-0.060145,-3.4461,-0.674553,0.055853,1.539254,0.161786,0.161786,9.2697,9.2697,1,1,0.003704,0.00001372
1771742746.656187,0.190000,0.010000,-0.004021,0.000083,-0.059561,-3.4126,-0.658464,0.072813,1.695913,0.128297,0.128297,7.3509,7.3509,1,1,0.004021,0.00001617
1771742746.666187,0.200000,0.010000,-0.004336,-0.000139,-0.058433,-3.3479,-0.537497,0.091142,1.832990,0.057897,0.057897,3.3173,3.3173,1,1,0.004336,0.00001880
1771742746.676187,0.210000,0.010000,-0.004645,0.000086,-0.056857,-3.2577,-0.524852,0.110672,1.952932,0.055588,0.055588,3.1849,3.1849,1,1,0.004645,0.00002157
1771742746.686187,0.220000,0.010000,-0.004951,-0.000120,-0.054695,-3.1338,-0.391542,0.131251,2.057881,-0.018465,-0.018465,-1.0580,-1.0580,1,1,0.004951,0.00002452
1771742746.696187,0.230000,0.010000,-0.005251,0.000103,-0.052066,-2.9832,-0.384840,0.152748,2.149712,0.047948,0.047948,2.7472,2.7472,1,1,0.005251,0.00002757
1771742746.706187,0.240000,0.010000,-0.005549,-0.000065,-0.048824,-2.7974,-0.241072,0.175048,2.230064,0.018067,0.018067,1.0352,1.0352,1,1,0.005549,0.00003079
1771742746.716187,0.250000,0.010000,-0.005839,0.000160,-0.045108,-2.5845,-0.241813,0.198052,2.300372,0.059175,0.059175,3.3905,3.3905,1,1,0.005839,0.00003409
1771742746.726187,0.260000,0.010000,-0.006128,-0.000047,-0.040805,-2.3380,-0.098917,0.220305,2.225315,0.064407,0.064407,3.6902,3.6902,1,1,0.006128,0.00003755
1771742746.736187,0.270000,0.010000,-0.006393,0.003916,-0.036337,-2.0819,-0.173841,0.237494,1.718847,0.105906,0.105906,6.0680,6.0680,1,1,0.006393,0.00004088
1771742746.746186,0.280000,0.010000,-0.006661,-0.000004,-0.031354,-1.7964,0.011005,0.249043,1.154926,0.077717,0.077717,4.4529,4.4529,1,1,0.006661,0.00004437
1771742746.756186,0.290000,0.010000,-0.006858,0.018716,-0.027074,-1.5512,-0.306224,0.255658,0.661494,0.124576,0.124576,7.1377,7.1377,1,1,0.006858,0.00004703
1771742746.766186,0.300000,0.010000,-0.007067,-0.000014,-0.021556,-1.2350,0.247455,0.257955,0.229741,-0.095171,-0.095171,-5.4529,-5.4529,1,1,0.007067,0.00004994
1771742746.776186,0.310000,0.010000,-0.007198,0.030835,-0.016379,-0.9384,-0.267915,0.256475,-0.148042,0.036941,0.036941,2.1166,2.1166,1,1,0.007198,0.00005181
1771742746.786186,0.320000,0.010000,-0.007298,0.013226,-0.011407,-0.6536,0.083397,0.251689,-0.478603,-0.175045,-0.175045,-10.0293,-10.0293,1,1,0.007298,0.00005326
1771742746.796186,0.330000,0.010000,-0.007339,0.041016,-0.007109,-0.4073,-0.359498,0.244010,-0.767843,0.126103,0.126103,7.2252,7.2252,1,1,0.007339,0.00005387
1771742746.806186,0.340000,0.010000,-0.007349,0.025538,-0.002906,-0.1665,-0.030197,0.233801,-1.020929,-0.195410,-0.195410,-11.1962,-11.1962,1,1,0.007349,0.00005401
1771742746.816186,0.350000,0.010000,-0.007302,0.051187,0.000791,0.0453,-0.421265,0.221377,-1.242378,0.063711,0.063711,3.6504,3.6504,1,1,0.007302,0.00005332
1771742746.826186,0.360000,0.010000,-0.007176,0.048616,0.003666,0.2101,-0.307059,0.207016,-1.436147,-0.143466,-0.143466,-8.2200,-8.2200,1,1,0.007176,0.00005150
1771742746.836186,0.370000,0.010000,-0.006972,0.068851,0.005740,0.3289,-0.592479,0.190959,-1.605694,-0.024983,-0.024983,-1.4314,-1.4314,1,1,0.006972,0.00004860
1771742746.846187,0.380000,0.010000,-0.006730,0.060779,0.007785,0.4460,-0.374879,0.174486,-1.647301,-0.112221,-0.112221,-6.4298,-6.4298,1,1,0.006730,0.00004529
1771742746.856187,0.390000,0.010000,-0.006436,0.079194,0.009523,0.5456,-0.625503,0.160726,-1.375991,-0.081721,-0.081721,-4.6823,-4.6823,1,1,0.006436,0.00004142
1771742746.866187,0.400000,0.010000,-0.006081,0.085047,0.010188,0.5837,-0.730208,0.152177,-0.854926,-0.129650,-0.129650,-7.4284,-7.4284,1,1,0.006081,0.00003698
1771742746.876187,0.410000,0.010000,-0.005747,0.080333,0.010758,0.6164,-0.700608,0.142869,-0.930742,-0.198045,-0.198045,-11.3471,-11.3471,1,1,0.005747,0.00003302
1771742746.886187,0.420000,0.010000,-0.005400,0.083132,0.011104,0.6362,-0.752979,0.138216,-0.465334,-0.185102,-0.185102,-10.6055,-10.6055,1,1,0.005400,0.00002916
1771742746.896187,0.430000,0.010000,-0.005056,0.082675,0.011265,0.6454,-0.771900,0.130654,-0.756233,-0.202075,-0.202075,-11.5780,-11.5780,1,1,0.005056,0.00002556
1771742746.906187,0.440000,0.010000,-0.004706,0.083956,0.011180,0.6406,-0.813454,0.120546,-1.010770,-0.172026,-0.172026,-9.8563,-9.8563,1,1,0.004706,0.00002215
1771742746.916187,0.450000,0.010000,-0.004358,0.083426,0.010911,0.6251,-0.831958,0.108211,-1.233489,-0.159527,-0.159527,-9.1402,-9.1402,1,1,0.004358,0.00001899
1771742746.926187,0.460000,0.010000,-0.004012,0.082985,0.010519,0.6027,-0.843719,0.100909,-0.730237,-0.157982,-0.157982,-9.0517,-9.0517,1,1,0.004012,0.00001610
1771742746.936187,0.470000,0.010000,-0.003668,0.082611,0.010052,0.5760,-0.850364,0.091028,-0.988023,-0.137859,-0.137859,-7.8988,-7.8988,1,1,0.003668,0.00001346
1771742746.946187,0.480000,0.010000,-0.003325,0.082288,0.009547,0.5470,-0.853111,0.085874,-0.515455,-0.139719,-0.139719,-8.0053,-8.0053,1,1,0.003325,0.00001106
1771742746.956187,0.490000,0.010000,-0.002984,0.082003,0.009032,0.5175,-0.852867,0.077873,-0.800089,-0.112857,-0.112857,-6.4662,-6.4662,1,1,0.002984,0.00000890
1771742746.966187,0.500000,0.010000,-0.002643,0.081746,0.008527,0.4886,-0.850306,0.067382,-1.049143,-0.122062,-0.122062,-6.9936,-6.9936,1,1,0.002643,0.00000699
1771742746.976187,0.510000,0.010000,-0.002303,0.081510,0.008050,0.4612,-0.845931,0.054711,-1.267066,-0.166457,-0.166457,-9.5373,-9.5373,1,1,0.002303,0.00000531
1771742746.986187,0.520000,0.010000,-0.001965,0.081291,0.007613,0.4362,-0.840115,0.040133,-1.457749,-0.208451,-0.208451,-11.9434,-11.9434,1,1,0.001965,0.00000386
1771742746.996186,0.530000,0.010000,-0.001627,0.081084,0.007227,0.4141,-0.833131,0.023887,-1.624596,-0.273318,-0.273318,-15.6600,-15.6600,1,1,0.001627,0.00000265
1771742747.006186,0.540000,0.010000,-0.001290,0.080888,0.006901,0.3954,-0.825185,0.006182,-1.770587,-0.281717,-0.281717,-16.1412,-16.1412,1,1,0.001290,0.00000166
1771742747.016186,0.550000,0.010000,-0.000953,0.080698,0.006641,0.3805,-0.816422,-0.012802,-1.898330,-0.257676,-0.257676,-14.7638,-14.7638,1,1,0.000953,0.00000091
1771742747.026186,0.560000,0.010000,-0.000618,0.080515,0.006454,0.3698,-0.806952,-0.032903,-2.010105,-0.213360,-0.213360,-12.2246,-12.2246,1,1,0.000618,0.00000038
1771742747.036186,0.570000,0.010000,-0.000283,0.080338,0.006345,0.3636,-0.796850,-0.050293,-1.739037,-0.167303,-0.167303,-9.5858,-9.5858,1,1,0.000283,0.00000008
1771742747.046186,0.580000,0.010000,0.000051,0.080165,0.006319,0.3621,-0.786171,-0.063947,-1.365420,-0.116587,-0.116587,-6.6799,-6.6799,1,1,0.000051,0.00000000
1771742747.056186,0.590000,0.010000,0.000384,0.079996,0.006381,0.3656,-0.774951,-0.075702,-1.175429,-0.084853,-0.084853,-4.8617,-4.8617,1,1,0.000384,0.00000015
1771742747.066186,0.600000,0.010000,0.000716,0.079765,0.006538,0.3746,-0.762851,-0.083471,-0.776972,-0.061260,-0.061260,-3.5099,-3.5099,1,1,0.000716,0.00000051
1771742747.076186,0.610000,0.010000,0.001046,0.079431,0.006799,0.3895,-0.749745,-0.090502,-0.703091,-0.111279,-0.111279,-6.3758,-6.3758,1,1,0.001046,0.00000109
1771742747.086186,0.620000,0.010000,0.001376,0.079118,0.006872,0.3938,-0.767876,-0.093297,-0.279437,-0.118948,-0.118948,-6.8152,-6.8152,1,1,0.001376,0.00000189
1771742747.096187,0.630000,0.010000,0.001704,0.078802,0.006936,0.3974,-0.766912,-0.096892,-0.359569,-0.162923,-0.162923,-9.3348,-9.3348,1,1,0.001704,0.00000290
1771742747.106187,0.640000,0.010000,0.002029,0.077973,0.006633,0.3801,-0.804316,-0.103529,-0.663689,-0.152227,-0.152227,-8.7219,-8.7219,1,1,0.002029,0.00000412
1771742747.116187,0.650000,0.010000,0.002352,0.077474,0.006194,0.3549,-0.817116,-0.112827,-0.929794,-0.095709,-0.095709,-5.4837,-5.4837,1,1,0.002352,0.00000553
1771742747.126187,0.660000,0.010000,0.002671,0.076474,0.005266,0.3017,-0.867691,-0.124453,-1.162635,-0.003012,-0.003012,-0.1726,-0.1726,1,1,0.002671,0.00000713
1771742747.136187,0.670000,0.010000,0.002987,0.075851,0.004116,0.2358,-0.890008,-0.138117,-1.366372,0.129159,0.129159,7.4003,7.4003,1,1,0.002987,0.00000892
1771742747.146187,0.680000,0.010000,0.003298,0.074770,0.002417,0.1385,-0.947207,-0.153062,-1.494491,0.241633,0.241633,13.8446,13.8446,1,1,0.003298,0.00001088
1771742747.156187,0.690000,0.010000,0.003586,0.071915,0.000959,0.0549,-0.920076,-0.162648,-0.958614,0.302451,0.302451,17.3292,17.3292,1,1,0.003586,0.00001286
1771742747.166187,0.700000,0.010000,0.003892,0.073490,-0.001230,-0.0705,-0.997138,-0.167545,-0.489721,0.264186,0.264186,15.1367,15.1367,1,1,0.003892,0.00001515
1771742747.176187,0.710000,0.010000,0.004108,0.063428,-0.002085,-0.1195,-0.852783,-0.168340,-0.079440,0.162253,0.162253,9.2964,9.2964,1,1,0.004108,0.00001687
1771742747.186187,0.720000,0.010000,0.004407,0.071865,-0.005064,-0.2901,-1.079590,-0.165544,0.279556,0.116442,0.116442,6.6716,6.6716,1,1,0.004407,0.00001942
1771742747.196187,0.730000,0.010000,0.004594,0.059315,-0.006391,-0.3662,-0.901414,-0.159608,0.593677,0.011191,0.011191,0.6412,0.6412,1,1,0.004594,0.00002110
1771742747.206187,0.740000,0.010000,0.004725,0.053063,-0.007147,-0.4095,-0.839341,-0.153566,0.604106,-0.035368,-0.035368,-2.0265,-2.0265,1,1,0.004725,0.00002233
1771742747.216187,0.750000,0.010000,0.004877,0.054916,-0.008691,-0.4979,-0.923403,-0.149239,0.432729,-0.036565,-0.036565,-2.0950,-2.0950,1,1,0.004877,0.00002379
1771742747.226187,0.760000,0.010000,0.004937,0.044576,-0.009043,-0.5181,-0.794988,-0.148943,0.029572,0.038541,0.038541,2.2082,2.2082,1,1,0.004937,0.00002438
1771742747.236187,0.770000,0.010000,0.005078,0.052988,-0.011307,-0.6478,-0.999935,-0.149354,-0.041040,0.195151,0.195151,11.1813,11.1813,1,1,0.005078,0.00002579
1771742747.246186,0.780000,0.010000,0.005110,0.040796,-0.012122,-0.6945,-0.844246,-0.146222,0.313156,0.231363,0.231363,13.2561,13.2561,1,1,0.005110,0.00002611
1771742747.256186,0.790000,0.010000,0.005079,0.033697,-0.012345,-0.7073,-0.780867,-0.139992,0.623077,0.180026,0.180026,10.3147,10.3147,1,1,0.005079,0.00002580
1771742747.266186,0.800000,0.010000,0.005046,0.033092,-0.013048,-0.7476,-0.832663,-0.131049,0.894259,0.094979,0.094979,5.4419,5.4419,1,1,0.005046,0.00002547
1771742747.276186,0.810000,0.010000,0.004934,0.024232,-0.012868,-0.7373,-0.739206,-0.119734,1.131542,0.090890,0.090890,5.2076,5.2076,1,1,0.004934,0.00002434
1771742747.286186,0.820000,0.010000,0.004768,0.018178,-0.012264,-0.7027,-0.694551,-0.106342,1.339165,0.021533,0.021533,1.2338,1.2338,1,1,0.004768,0.00002273
1771742747.296186,0.830000,0.010000,0.004553,0.012697,-0.011310,-0.6480,-0.657856,-0.091134,1.520835,-0.032218,-0.032218,-1.8460,-1.8460,1,1,0.004553,0.00002073
1771742747.306186,0.840000,0.010000,0.004297,0.008030,-0.010109,-0.5792,-0.632423,-0.074336,1.679797,-0.094861,-0.094861,-5.4351,-5.4351,1,1,0.004297,0.00001847
1771742747.316186,0.850000,0.010000,0.004008,0.004265,-0.008772,-0.5026,-0.619069,-0.056147,1.818888,-0.119604,-0.119604,-6.8528,-6.8528,1,1,0.004008,0.00001607
1771742747.326186,0.860000,0.010000,0.003693,0.001222,-0.007375,-0.4225,-0.614069,-0.043722,1.242461,-0.140037,-0.140037,-8.0235,-8.0235,1,1,0.003693,0.00001364
1771742747.336186,0.870000,0.010000,0.003360,0.000001,-0.006004,-0.3440,-0.622624,-0.036341,0.738088,-0.056735,-0.056735,-3.2507,-3.2507,1,1,0.003360,0.00001129
1771742747.346187,0.880000,0.010000,0.003024,0.000001,-0.004733,-0.2712,-0.638057,-0.033374,0.296761,0.058682,0.058682,3.3622,3.3622,1,1,0.003024,0.00000914
1771742747.356187,0.890000,0.010000,0.002687,-0.000000,-0.003579,-0.2050,-0.651300,-0.027286,0.608732,0.142915,0.142915,8.1884,8.1884,1,1,0.002687,0.00000722
1771742747.366187,0.900000,0.010000,0.002351,-0.000001,-0.002526,-0.1447,-0.662965,-0.018469,0.881706,0.092609,0.092609,5.3061,5.3061,1,1,0.002351,0.00000553
1771742747.376187,0.910000,0.010000,0.002016,-0.000001,-0.001566,-0.0897,-0.673513,-0.007264,1.120559,0.091213,0.091213,5.2261,5.2261,1,1,0.002016,0.00000406
1771742747.386187,0.920000,0.010000,0.001681,-0.000002,-0.000692,-0.0397,-0.683290,0.006032,1.329555,0.117557,0.117557,6.7355,6.7355,1,1,0.001681,0.00000283
1771742747.396187,0.930000,0.010000,0.001347,-0.000003,0.000099,0.0057,-0.692557,0.017150,1.111840,0.180200,0.180200,10.3247,10.3247,1,1,0.001347,0.00000182
1771742747.406187,0.940000,0.010000,0.001014,0.000068,0.000810,0.0464,-0.701956,0.026368,0.921745,0.240005,0.240005,13.7513,13.7513,1,1,0.001014,0.00000103
1771742747.416187,0.950000,0.010000,0.000683,0.000251,0.001437,0.0823,-0.711815,0.030942,0.457461,0.260169,0.260169,14.9066,14.9066,1,1,0.000683,0.00000047
1771742747.426187,0.960000,0.010000,0.000355,0.000754,0.001971,0.1129,-0.723402,0.031455,0.051213,0.254420,0.254420,14.5772,14.5772,1,1,0.000355,0.00000013
1771742747.436187,0.970000,0.010000,0.000034,0.001581,0.002400,0.1375,-0.736464,0.028412,-0.304255,0.279245,0.279245,15.9996,15.9996,1,1,0.000034,0.00000000
1771742747.446187,0.980000,0.010000,-0.000279,0.002675,0.002714,0.1555,-0.750402,0.022259,-0.615289,0.307369,0.307369,17.6109,17.6109,1,1,0.000279,0.00000008
1771742747.456187,0.990000,0.010000,-0.000582,0.003996,0.002909,0.1667,-0.764829,0.013385,-0.887443,0.327294,0.327294,18.7525,18.7525,1,1,0.000582,0.00000034
1771742747.466187,1.000000,0.010000,-0.000872,0.005513,0.002983,0.1709,-0.779474,0.004620,-0.876502,0.353521,0.353521,20.2553,20.2553,1,1,0.000872,0.00000076
1771742747.476187,1.010000,0.010000,-0.001149,0.007198,0.002933,0.1680,-0.794166,0.000441,-0.417873,0.357696,0.357696,20.4945,20.4945,1,1,0.001149,0.00000132
1771742747.486187,1.020000,0.010000,-0.001410,0.009026,0.002760,0.1582,-0.808751,0.000275,-0.016573,0.333781,0.333781,19.1242,19.1242,1,1,0.001410,0.00000199
1771742747.496186,1.030000,0.010000,-0.001656,0.010970,0.002467,0.1414,-0.823111,0.003621,0.334564,0.305318,0.305318,17.4934,17.4934,1,1,0.001656,0.00000274
1771742747.506186,1.040000,0.010000,-0.001884,0.013008,0.002055,0.1177,-0.837160,0.010039,0.641810,0.287310,0.287310,16.4617,16.4617,1,1,0.001884,0.00000355
1771742747.516186,1.050000,0.010000,-0.002096,0.015115,0.001527,0.0875,-0.850824,0.019145,0.910649,0.289030,0.289030,16.5602,16.5602,1,1,0.002096,0.00000439
1771742747.526186,1.060000,0.010000,-0.002289,0.017270,0.000887,0.0508,-0.864044,0.030604,1.145884,0.302833,0.302833,17.3510,17.3510,1,1,0.002289,0.00000524
1771742747.536186,1.070000,0.010000,-0.002464,0.019451,0.000139,0.0080,-0.876769,0.044121,1.351714,0.242631,0.242631,13.9017,13.9017,1,1,0.002464,0.00000607
1771742747.546186,1.080000,0.010000,-0.002621,0.021637,-0.000713,-0.0408,-0.888960,0.059440,1.531816,0.168167,0.168167,9.6352,9.6352,1,1,0.002621,0.00000687
1771742747.556186,1.090000,0.010000,-0.002766,0.022172,-0.001542,-0.0884,-0.871376,0.076334,1.689405,0.110677,0.110677,6.3414,6.3414,1,1,0.002766,0.00000765
1771742747.566186,1.100000,0.010000,-0.002944,0.013461,-0.001560,-0.0894,-0.688539,0.094607,1.827295,0.026754,0.026754,1.5329,1.5329,1,1,0.002944,0.00000867
1771742747.576186,1.110000,0.010000,-0.003123,0.019985,-0.001336,-0.0765,-0.776381,0.114086,1.947949,-0.066883,-0.066883,-3.8321,-3.8321,1,1,0.003123,0.00000975
1771742747.586186,1.120000,0.010000,-0.003350,0.002513,0.000010,0.0006,-0.434207,0.134621,2.053521,-0.176916,-0.176916,-10.1365,-10.1365,1,1,0.003350,0.00001123
1771742747.596187,1.130000,0.010000,-0.003584,0.014613,0.001744,0.0999,-0.615815,0.156080,2.145897,-0.164572,-0.164572,-9.4293,-9.4293,1,1,0.003584,0.00001285
1771742747.606187,1.140000,0.010000,-0.003831,0.001093,0.004092,0.2344,-0.319800,0.178347,2.226726,-0.259704,-0.259704,-14.8799,-14.8799,1,1,0.003831,0.00001468
1771742747.616187,1.150000,0.010000,-0.004057,0.016221,0.006492,0.3720,-0.545051,0.197777,1.942914,-0.143909,-0.143909,-8.2454,-8.2454,1,1,0.004057,0.00001646
1771742747.626187,1.160000,0.010000,-0.004297,-0.000003,0.009724,0.5571,-0.162224,0.211286,1.350984,-0.298731,-0.298731,-17.1160,-17.1160,1,1,0.004297,0.00001846
1771742747.636187,1.170000,0.010000,-0.004507,0.018992,0.013067,0.7487,-0.444033,0.220789,0.950295,-0.016780,-0.016780,-0.9614,-0.9614,1,1,0.004507,0.00002032
1771742747.646187,1.180000,0.010000,-0.004687,0.010125,0.016379,0.9384,-0.223124,0.229319,0.853007,-0.261458,-0.261458,-14.9804,-14.9804,1,1,0.004687,0.00002197
1771742747.656187,1.190000,0.010000,-0.004816,0.028665,0.019351,1.1087,-0.483204,0.238509,0.918918,-0.113501,-0.113501,-6.5031,-6.5031,1,1,0.004816,0.00002319
1771742747.666187,1.200000,0.010000,-0.004961,0.008593,0.023245,1.3318,-0.051455,0.243059,0.454988,-0.315574,-0.315574,-18.0810,-18.0810,1,1,0.004961,0.00002462
1771742747.676187,1.210000,0.010000,-0.005078,0.031005,0.027278,1.5629,-0.368233,0.243549,0.049048,-0.063478,-0.063478,-3.6370,-3.6370,1,1,0.005078,0.00002579
1771742747.686187,1.220000,0.010000,-0.005081,0.039007,0.030026,1.7204,-0.420952,0.240488,-0.306149,-0.248843,-0.248843,-14.2576,-14.2576,1,1,0.005081,0.00002582
1771742747.696187,1.230000,0.010000,-0.005034,0.043673,0.032648,1.8706,-0.410088,0.234318,-0.616946,-0.242798,-0.242798,-13.9113,-13.9113,1,1,0.005034,0.00002534
1771742747.706187,1.240000,0.010000,-0.004906,0.058046,0.034657,1.9857,-0.567924,0.225429,-0.888894,-0.184116,-0.184116,-10.5491,-10.5491,1,1,0.004906,0.00002407
1771742747.716187,1.250000,0.010000,-0.004747,0.053208,0.036921,2.1154,-0.382186,0.214161,-1.126848,-0.246406,-0.246406,-14.1180,-14.1180,1,1,0.004747,0.00002253
1771742747.726187,1.260000,0.010000,-0.004533,0.069239,0.039059,2.2379,-0.565742,0.200810,-1.335058,-0.090503,-0.090503,-5.1854,-5.1854,1,1,0.004533,0.00002054
1771742747.736187,1.270000,0.010000,-0.004210,0.081384,0.040132,2.2994,-0.678086,0.185638,-1.517241,-0.169242,-0.169242,-9.6969,-9.6969,1,1,0.004210,0.00001773
1771742747.746186,1.280000,0.010000,-0.003857,0.084675,0.040884,2.3425,-0.710832,0.168871,-1.676652,-0.237963,-0.237963,-13.6343,-13.6343,1,1,0.003857,0.00001488
1771742747.756186,1.290000,0.010000,-0.003506,0.084367,0.041608,2.3839,-0.712067,0.150710,-1.816136,-0.242220,-0.242220,-13.8782,-13.8782,1,1,0.003506,0.00001229
1771742747.766186,1.300000,0.010000,-0.003155,0.084112,0.042341,2.4260,-0.709224,0.131328,-1.938185,-0.229867,-0.229867,-13.1704,-13.1704,1,1,0.003155,0.00000996
1771742747.776186,1.310000,0.010000,-0.002806,0.083897,0.043114,2.4702,-0.703197,0.110878,-2.044978,-0.219618,-0.219618,-12.5832,-12.5832,1,1,0.002806,0.00000787
1771742747.786186,1.320000,0.010000,-0.002457,0.083712,0.043949,2.5181,-0.694646,0.089494,-2.138421,-0.218887,-0.218887,-12.5413,-12.5413,1,1,0.002457,0.00000604
1771742747.796186,1.330000,0.010000,-0.002109,0.083552,0.044864,2.5705,-0.684060,0.067292,-2.220185,-0.269792,-0.269792,-15.4579,-15.4579,1,1,0.002109,0.00000445
1771742747.806186,1.340000,0.010000,-0.001761,0.083410,0.045876,2.6285,-0.671799,0.050946,-1.634625,-0.288098,-0.288098,-16.5068,-16.5068,1,1,0.001761,0.00000310
1771742747.816186,1.350000,0.010000,-0.001414,0.083285,0.046995,2.6926,-0.658127,0.033152,-1.779363,-0.245922,-0.245922,-14.0903,-14.0903,1,1,0.001414,0.00000200
1771742747.826186,1.360000,0.010000,-0.001068,0.083171,0.048234,2.7636,-0.643235,0.014092,-1.906008,-0.239127,-0.239127,-13.7010,-13.7010,1,1,0.001068,0.00000114
1771742747.836186,1.370000,0.010000,-0.000721,0.083069,0.049601,2.8419,-0.627260,-0.006076,-2.016823,-0.230938,-0.230938,-13.2318,-13.2318,1,1,0.000721,0.00000052
1771742747.846187,1.380000,0.010000,-0.000382,0.081486,0.050075,2.8691,-0.720794,-0.027214,-2.113786,-0.213805,-0.213805,-12.2501,-12.2501,1,1,0.000382,0.00000015
1771742747.856187,1.390000,0.010000,-0.000043,0.081252,0.050589,2.8985,-0.714513,-0.042219,-1.500497,-0.255494,-0.255494,-14.6387,-14.6387,1,1,0.000043,0.00000000
1771742747.866187,1.400000,0.010000,0.000288,0.079599,0.050160,2.8740,-0.813678,-0.058097,-1.587794,-0.191316,-0.191316,-10.9616,-10.9616,1,1,0.000288,0.00000008
1771742747.876187,1.410000,0.010000,0.000619,0.079312,0.049737,2.8497,-0.811441,-0.075481,-1.738386,-0.218730,-0.218730,-12.5323,-12.5323,1,1,0.000619,0.00000038
1771742747.886187,1.420000,0.010000,0.000942,0.077559,0.048297,2.7672,-0.918773,-0.094182,-1.870154,-0.197727,-0.197727,-11.3289,-11.3289,1,1,0.000942,0.00000089
1771742747.896187,1.430000,0.010000,0.001265,0.077482,0.047010,2.6935,-0.901039,-0.111143,-1.696062,-0.178598,-0.178598,-10.2329,-10.2329,1,1,0.001265,0.00000160
1771742747.906187,1.440000,0.010000,0.001582,0.075987,0.044884,2.5716,-0.989636,-0.124702,-1.355933,-0.140911,-0.140911,-8.0736,-8.0736,1,1,0.001582,0.00000250
1771742747.916187,1.450000,0.010000,0.001899,0.076108,0.043051,2.4667,-0.956928,-0.136475,-1.177314,-0.132325,-0.132325,-7.5816,-7.5816,1,1,0.001899,0.00000361
1771742747.926187,1.460000,0.010000,0.002209,0.074437,0.040253,2.3063,-1.059401,-0.150267,-1.379215,-0.093795,-0.093795,-5.3741,-5.3741,1,1,0.002209,0.00000488
1771742747.936187,1.470000,0.010000,0.002519,0.074489,0.037702,2.1602,-1.031834,-0.165826,-1.555879,-0.008084,-0.008084,-0.4632,-0.4632,1,1,0.002519,0.00000635
1771742747.946187,1.480000,0.010000,0.002824,0.073223,0.034468,1.9749,-1.104184,-0.175950,-1.012328,0.056545,0.056545,3.2398,3.2398,1,1,0.002824,0.00000798
1771742747.956187,1.490000,0.010000,0.003115,0.071728,0.031736,1.8183,-1.049431,-0.183847,-0.789717,0.046783,0.046783,2.6805,2.6805,1,1,0.003115,0.00000970
1771742747.966187,1.500000,0.010000,0.003416,0.072091,0.028113,1.6108,-1.144214,-0.189733,-0.588638,0.059590,0.059590,3.4142,3.4142,1,1,0.003416,0.00001167
1771742747.976187,1.510000,0.010000,0.003639,0.063811,0.025981,1.4886,-0.983584,-0.192742,-0.300902,0.016523,0.016523,0.9467,0.9467,1,1,0.003639,0.00001324
1771742747.986187,1.520000,0.010000,0.003930,0.069852,0.021129,1.2106,-1.274825,-0.198866,-0.612355,0.077106,0.077106,4.4178,4.4178,1,1,0.003930,0.00001545
1771742747.996186,1.530000,0.010000,0.004083,0.054868,0.018744,1.0739,-1.009909,-0.200733,-0.186745,0.130209,0.130209,7.4604,7.4604,1,1,0.004083,0.00001667
1771742748.006186,1.540000,0.010000,0.004369,0.068973,0.013897,0.7962,-1.273817,-0.202983,-0.224964,0.189358,0.189358,10.8494,10.8494,1,1,0.004369,0.00001909
1771742748.016186,1.550000,0.010000,0.004509,0.053161,0.011515,0.6598,-1.009027,-0.202326,0.065697,0.123349,0.123349,7.0674,7.0674,1,1,0.004509,0.00002033
1771742748.026186,1.560000,0.010000,0.004729,0.061500,0.007557,0.4330,-1.178130,-0.199360,0.296599,0.157104,0.157104,9.0014,9.0014,1,1,0.004729,0.00002236
1771742748.036186,1.570000,0.010000,0.004815,0.046834,0.005752,0.3296,-0.946858,-0.193274,0.608590,0.073370,0.073370,4.2038,4.2038,1,1,0.004815,0.00002318
1771742748.046186,1.580000,0.010000,0.004983,0.055472,0.002218,0.1271,-1.132470,-0.185655,0.761866,0.050442,0.050442,2.8901,2.8901,1,1,0.004983,0.00002483
1771742748.056186,1.590000,0.010000,0.005022,0.041174,0.000680,0.0390,-0.918228,-0.175498,1.015699,0.030316,0.030316,1.7370,1.7370,1,1,0.005022,0.00002522
1771742748.066186,1.600000,0.010000,0.005053,0.040106,-0.001072,-0.0614,-0.941556,-0.163120,1.237802,0.013931,0.013931,0.7982,0.7982,1,1,0.005053,0.00002553
1771742748.076186,1.610000,0.010000,0.004986,0.029404,-0.001471,-0.0843,-0.797468,-0.148799,1.432143,-0.011025,-0.011025,-0.6317,-0.6317,1,1,0.004986,0.00002486
1771742748.086186,1.620000,0.010000,0.004954,0.032813,-0.002858,-0.1638,-0.903408,-0.132777,1.602191,-0.079136,-0.079136,-4.5341,-4.5341,1,1,0.004954,0.00002454
1771742748.096187,1.630000,0.010000,0.004833,0.023016,-0.003052,-0.1749,-0.777345,-0.115267,1.750983,-0.027569,-0.027569,-1.5796,-1.5796,1,1,0.004833,0.00002335
1771742748.106187,1.640000,0.010000,0.004646,0.015822,-0.002493,-0.1428,-0.697091,-0.098793,1.647380,-0.116580,-0.116580,-6.6795,-6.6795,1,1,0.004646,0.00002159
1771742748.116187,1.650000,0.010000,0.004412,0.010467,-0.001460,-0.0837,-0.647190,-0.080888,1.790524,-0.178005,-0.178005,-10.1990,-10.1990,1,1,0.004412,0.00001947
1771742748.126187,1.660000,0.010000,0.004142,0.006450,-0.000141,-0.0081,-0.617570,-0.061730,1.915774,-0.213038,-0.213038,-12.2062,-12.2062,1,1,0.004142,0.00001715
1771742748.136187,1.670000,0.010000,0.003844,0.003440,0.001338,0.0767,-0.601567,-0.041477,2.025368,-0.226617,-0.226617,-12.9842,-12.9842,1,1,0.003844,0.00001478
1771742748.146187,1.680000,0.010000,0.003527,0.001222,0.002894,0.1658,-0.594837,-0.020873,2.060316,-0.202558,-0.202558,-11.6057,-11.6057,1,1,0.003527,0.00001244
1771742748.156187,1.690000,0.010000,0.003196,0.000001,0.004458,0.2554,-0.596652,0.000645,2.151842,-0.134704,-0.134704,-7.7180,-7.7180,1,1,0.003196,0.00001021
1771742748.166187,1.700000,0.010000,0.002861,0.000000,0.005966,0.3418,-0.606593,0.015983,1.533796,-0.049187,-0.049187,-2.8182,-2.8182,1,1,0.002861,0.00000819
1771742748.176187,1.710000,0.010000,0.002527,-0.000000,0.007398,0.4239,-0.615254,0.025913,0.993006,0.079480,0.079480,4.5538,4.5538,1,1,0.002527,0.00000639
1771742748.186187,1.720000,0.010000,0.002194,-0.000001,0.008759,0.5019,-0.622999,0.031111,0.519814,0.134247,0.134247,7.6918,7.6918,1,1,0.002194,0.00000481
1771742748.196187,1.730000,0.010000,0.001862,0.000165,0.010052,0.5759,-0.631141,0.032169,0.105772,0.139398,0.139398,7.9869,7.9869,1,1,0.001862,0.00000347
1771742748.206187,1.740000,0.010000,0.001533,0.000595,0.011270,0.6457,-0.640290,0.029604,-0.256516,0.124282,0.124282,7.1208,7.1208,1,1,0.001533,0.00000235
1771742748.216187,1.750000,0.010000,0.001210,0.001419,0.012403,0.7107,-0.651068,0.023869,-0.573517,0.149140,0.149140,8.5451,8.5451,1,1,0.001210,0.00000146
1771742748.226187,1.760000,0.010000,0.000896,0.002575,0.013442,0.7702,-0.662773,0.017439,-0.642969,0.177938,0.177938,10.1951,10.1951,1,1,0.000896,0.00000080
1771742748.236187,1.770000,0.010000,0.000594,0.004015,0.014381,0.8240,-0.674927,0.008322,-0.911664,0.187231,0.187231,10.7276,10.7276,1,1,0.000594,0.00000035
1771742748.246186,1.780000,0.010000,0.000305,0.005712,0.015218,0.8719,-0.687266,-0.003146,-1.146771,0.243395,0.243395,13.9455,13.9455,1,1,0.000305,0.00000009
1771742748.256186,1.790000,0.010000,0.000031,0.007639,0.015951,0.9140,-0.699636,-0.016670,-1.352491,0.281424,0.281424,16.1244,16.1244,1,1,0.000031,0.00000000
1771742748.266186,1.800000,0.010000,-0.000225,0.009769,0.016583,0.9502,-0.711848,-0.031995,-1.532495,0.320168,0.320168,18.3443,18.3443,1,1,0.000225,0.00000005
1771742748.276186,1.810000,0.010000,-0.000462,0.012075,0.017115,0.9806,-0.723736,-0.048895,-1.689999,0.334660,0.334660,19.1746,19.1746,1,1,0.000462,0.00000021
1771742748.286186,1.820000,0.010000,-0.000679,0.014530,0.017551,1.0056,-0.735166,-0.060192,-1.129684,0.346590,0.346590,19.8582,19.8582,1,1,0.000679,0.00000046
1771742748.296186,1.830000,0.010000,-0.000875,0.017109,0.017895,1.0253,-0.746020,-0.066586,-0.639407,0.322489,0.322489,18.4773,18.4773,1,1,0.000875,0.00000077
1771742748.306186,1.840000,0.010000,-0.001049,0.019787,0.018152,1.0400,-0.756212,-0.068690,-0.210415,0.269704,0.269704,15.4529,15.4529,1,1,0.001049,0.00000110
1771742748.316186,1.850000,0.010000,-0.001199,0.022542,0.018328,1.0501,-0.765666,-0.067041,0.164952,0.150198,0.150198,8.6057,8.6057,1,1,0.001199,0.00000144
1771742748.326186,1.860000,0.010000,-0.001327,0.025350,0.018429,1.0559,-0.774311,-0.062107,0.493399,0.033159,0.033159,1.8998,1.8998,1,1,0.001327,0.00000176
1771742748.336186,1.870000,0.010000,-0.001431,0.028190,0.018464,1.0579,-0.782088,-0.054299,0.780790,-0.016298,-0.016298,-0.9338,-0.9338,1,1,0.001431,0.00000205
1771742748.346187,1.880000,0.010000,-0.001511,0.031040,0.018440,1.0565,-0.788944,-0.043976,1.032257,-0.008678,-0.008678,-0.4972,-0.4972,1,1,0.001511,0.00000228
1771742748.356187,1.890000,0.010000,-0.001567,0.033880,0.018363,1.0521,-0.794838,-0.031454,1.252291,0.051822,0.051822,2.9692,2.9692,1,1,0.001567,0.00000246
1771742748.366187,1.900000,0.010000,-0.001600,0.036692,0.018244,1.0453,-0.799734,-0.017005,1.444820,0.187710,0.187710,10.7550,10.7550,1,1,0.001600,0.00000256
1771742748.376187,1.910000,0.010000,-0.001610,0.039457,0.018090,1.0365,-0.803604,-0.000872,1.613284,0.267431,0.267431,15.3226,15.3226,1,1,0.001610,0.00000259
1771742748.386187,1.920000,0.010000,-0.001597,0.042159,0.017911,1.0262,-0.806427,0.016734,1.760689,0.282067,0.282067,16.1612,16.1612,1,1,0.001597,0.00000255
1771742748.396187,1.930000,0.010000,-0.001562,0.044782,0.017714,1.0150,-0.808192,0.035631,1.889669,0.256461,0.256461,14.6941,14.6941,1,1,0.001562,0.00000244
1771742748.406187,1.940000,0.010000,-0.001506,0.047314,0.017510,1.0032,-0.808889,0.055656,2.002526,0.151558,0.151558,8.6836,8.6836,1,1,0.001506,0.00000227
1771742748.416187,1.950000,0.010000,-0.001429,0.049741,0.017307,0.9916,-0.808515,0.076669,2.101276,-0.031092,-0.031092,-1.7815,-1.7815,1,1,0.001429,0.00000204
1771742748.426187,1.960000,0.010000,-0.001333,0.052053,0.017113,0.9805,-0.807074,0.098546,2.187682,-0.228249,-0.228249,-13.0777,-13.0777,1,1,0.001333,0.00000178
1771742748.436187,1.970000,0.010000,-0.001220,0.053871,0.016967,0.9721,-0.797958,0.119941,2.139477,-0.296227,-0.296227,-16.9726,-16.9726,1,1,0.001220,0.00000149
1771742748.446187,1.980000,0.010000,-0.001125,0.047625,0.017491,1.0022,-0.645373,0.135170,1.522976,-0.333325,-0.333325,-19.0981,-19.0981,1,1,0.001125,0.00000127
1771742748.456187,1.990000,0.010000,-0.001029,0.052631,0.018328,1.0501,-0.694882,0.145006,0.983538,-0.315934,-0.315934,-18.1017,-18.1017,1,1,0.001029,0.00000106
1771742748.466187,2.000000,0.010000,-0.000900,0.056225,0.018906,1.0832,-0.718700,0.150121,0.511530,-0.315698,-0.315698,-18.0881,-18.0881,1,1,0.000900,0.00000081
1771742748.476187,2.010000,0.010000,-0.000760,0.055514,0.019632,1.1248,-0.665543,0.151106,0.098523,-0.307870,-0.307870,-17.6397,-17.6397,1,1,0.000760,0.00000058
1771742748.486187,2.020000,0.010000,-0.000604,0.059614,0.020405,1.1691,-0.699066,0.148478,-0.262858,-0.264875,-0.264875,-15.1762,-15.1762,1,1,0.000604,0.00000037
1771742748.496186,2.030000,0.010000,-0.000420,0.062842,0.020997,1.2031,-0.717254,0.149668,0.119065,-0.229026,-0.229026,-13.1222,-13.1222,1,1,0.000420,0.00000018
1771742748.506186,2.040000,0.010000,-0.000226,0.062256,0.021745,1.2459,-0.667712,0.154201,0.453248,-0.292160,-0.292160,-16.7396,-16.7396,1,1,0.000226,0.00000005
1771742748.516186,2.050000,0.010000,-0.000019,0.065535,0.022582,1.2939,-0.688459,0.161658,0.745658,-0.318679,-0.318679,-18.2590,-18.2590,1,1,0.000019,0.00000000
1771742748.526186,2.060000,0.010000,0.000178,0.060400,0.023903,1.3695,-0.558367,0.171673,1.001516,-0.346757,-0.346757,-19.8677,-19.8677,1,1,0.000178,0.00000003
1771742748.536186,2.070000,0.010000,0.000379,0.065220,0.025468,1.4592,-0.607447,0.176945,0.527261,-0.352999,-0.352999,-20.2253,-20.2253,1,1,0.000379,0.00000014
1771742748.546186,2.080000,0.010000,0.000613,0.068812,0.026769,1.5338,-0.634089,0.178068,0.112287,-0.344311,-0.344311,-19.7276,-19.7276,1,1,0.000613,0.00000038
1771742748.556186,2.090000,0.010000,0.000870,0.071555,0.027945,1.6011,-0.645787,0.175560,-0.250814,-0.330526,-0.330526,-18.9377,-18.9377,1,1,0.000870,0.00000076
1771742748.566186,2.100000,0.010000,0.001147,0.073695,0.029087,1.6666,-0.647419,0.169875,-0.568528,-0.312157,-0.312157,-17.8853,-17.8853,1,1,0.001147,0.00000132
1771742748.576186,2.110000,0.010000,0.001435,0.074894,0.030282,1.7350,-0.639743,0.161409,-0.846528,-0.296908,-0.296908,-17.0116,-17.0116,1,1,0.001435,0.00000206
1771742748.586186,2.120000,0.010000,0.001727,0.075367,0.031586,1.8097,-0.625980,0.150512,-1.089778,-0.265145,-0.265145,-15.1917,-15.1917,1,1,0.001727,0.00000298
1771742748.596187,2.130000,0.010000,0.002022,0.075732,0.033014,1.8915,-0.610506,0.137485,-1.302622,-0.230205,-0.230205,-13.1898,-13.1898,1,1,0.002022,0.00000409
1771742748.606187,2.140000,0.010000,0.002321,0.076008,0.034577,1.9811,-0.593658,0.122597,-1.488860,-0.202083,-0.202083,-11.5785,-11.5785,1,1,0.002321,0.00000538
1771742748.616187,2.150000,0.010000,0.002620,0.076203,0.036287,2.0791,-0.575628,0.106079,-1.651818,-0.184552,-0.184552,-10.5741,-10.5741,1,1,0.002620,0.00000687
1771742748.626187,2.160000,0.010000,0.002922,0.076329,0.038152,2.1859,-0.556572,0.088135,-1.794407,-0.207590,-0.207590,-11.8940,-11.8940,1,1,0.002922,0.00000854
1771742748.636187,2.170000,0.010000,0.003224,0.076391,0.040179,2.3021,-0.536580,0.068943,-1.919172,-0.199210,-0.199210,-11.4139,-11.4139,1,1,0.003224,0.00001039
1771742748.646187,2.180000,0.010000,0.003526,0.076403,0.042377,2.4280,-0.515755,0.048659,-2.028341,-0.173368,-0.173368,-9.9333,-9.9333,1,1,0.003526,0.00001243
1771742748.656187,2.190000,0.010000,0.003828,0.076372,0.044751,2.5640,-0.494129,0.027421,-2.123864,-0.129534,-0.129534,-7.4218,-7.4218,1,1,0.003828,0.00001465
1771742748.666187,2.200000,0.010000,0.004154,0.078237,0.045910,2.6305,-0.621821,0.005346,-2.207447,-0.065953,-0.065953,-3.7788,-3.7788,1,1,0.004154,0.00001726
1771742748.676187,2.210000,0.010000,0.004479,0.078071,0.047174,2.7029,-0.608017,-0.017459,-2.280582,-0.213254,-0.213254,-12.2186,-12.2186,1,1,0.004479,0.00002007
1771742748.686187,2.220000,0.010000,0.004799,0.076193,0.046948,2.6899,-0.765590,-0.040905,-2.344575,-0.142767,-0.142767,-8.1799,-8.1799,1,1,0.004799,0.00002303
1771742748.696187,2.230000,0.010000,0.005114,0.075607,0.046950,2.6900,-0.738899,-0.064911,-2.400569,-0.235853,-0.235853,-13.5134,-13.5134,1,1,0.005114,0.00002615
1771742748.706187,2.240000,0.010000,0.005435,0.074968,0.045243,2.5922,-0.920486,-0.089407,-2.449564,-0.140057,-0.140057,-8.0247,-8.0247,1,1,0.005435,0.00002954
1771742748.716187,2.250000,0.010000,0.005711,0.070133,0.044506,2.5500,-0.814758,-0.111374,-2.196731,-0.154733,-0.154733,-8.8656,-8.8656,1,1,0.005711,0.00003261
1771742748.726187,2.260000,0.010000,0.006031,0.073606,0.041319,2.3674,-1.076348,-0.127105,-1.573074,0.034078,0.034078,1.9525,1.9525,1,1,0.006031,0.00003638
1771742748.736187,2.270000,0.010000,0.006223,0.059650,0.040505,2.3207,-0.820314,-0.137378,-1.027374,-0.081853,-0.081853,-4.6899,-4.6899,1,1,0.006223,0.00003873
1771742748.746186,2.280000,0.010000,0.006508,0.068463,0.036365,2.0836,-1.176612,-0.143275,-0.589673,0.021184,0.021184,1.2138,1.2138,1,1,0.006508,0.00004236
1771742748.756186,2.290000,0.010000,0.006639,0.051721,0.034955,2.0028,-0.882806,-0.151314,-0.803940,-0.130009,-0.130009,-7.4490,-7.4490,1,1,0.006639,0.00004408
1771742748.766186,2.300000,0.010000,0.006921,0.067700,0.030585,1.7524,-1.200260,-0.157301,-0.598698,0.128675,0.128675,7.3726,7.3726,1,1,0.006921,0.00004791
1771742748.776186,2.310000,0.010000,0.007039,0.049733,0.029033,1.6635,-0.897034,-0.159310,-0.200837,-0.073020,-0.073020,-4.1837,-4.1837,1,1,0.007039,0.00004954
1771742748.786186,2.320000,0.010000,0.007272,0.062031,0.025313,1.4504,-1.129598,-0.157577,0.173333,0.018709,0.018709,1.0720,1.0720,1,1,0.007272,0.00005288
1771742748.796186,2.330000,0.010000,0.007347,0.044768,0.024190,1.3860,-0.850193,-0.152569,0.500732,-0.123818,-0.123818,-7.0942,-7.0942,1,1,0.007347,0.00005397
1771742748.806186,2.340000,0.010000,0.007558,0.059234,0.020458,1.1721,-1.130350,-0.151678,0.089075,-0.114740,-0.114740,-6.5741,-6.5741,1,1,0.007558,0.00005712
1771742748.816186,2.350000,0.010000,0.007606,0.041440,0.019321,1.1070,-0.851426,-0.150564,0.111398,-0.091506,-0.091506,-5.2429,-5.2429,1,1,0.007606,0.00005785
1771742748.826186,2.360000,0.010000,0.007768,0.053385,0.015903,0.9112,-1.096440,-0.153080,-0.251592,-0.007541,-0.007541,-0.4321,-0.4321,1,1,0.007768,0.00006034
1771742748.836186,2.370000,0.010000,0.007770,0.035970,0.014950,0.8566,-0.833208,-0.151791,0.128923,0.070769,0.070769,4.0548,4.0548,1,1,0.007770,0.00006037
1771742748.846187,2.380000,0.010000,0.007887,0.048058,0.011609,0.6651,-1.088459,-0.152159,-0.036776,0.061187,0.061187,3.5057,3.5057,1,1,0.007887,0.00006221
1771742748.856187,2.390000,0.010000,0.007845,0.030511,0.010687,0.6123,-0.830449,-0.148990,0.316887,0.067589,0.067589,3.8726,3.8726,1,1,0.007845,0.00006154
1771742748.866187,2.400000,0.010000,0.007853,0.035672,0.008440,0.4836,-0.971713,-0.142727,0.626342,0.034770,0.034770,1.9922,1.9922,1,1,0.007853,0.00006167
1771742748.876187,2.410000,0.010000,0.007722,0.020404,0.008199,0.4698,-0.759013,-0.133755,0.897115,-0.034832,-0.034832,-1.9957,-1.9957,1,1,0.007722,0.00005963
1771742748.886187,2.420000,0.010000,0.007684,0.030146,0.005859,0.3357,-0.983642,-0.129396,0.435910,-0.115695,-0.115695,-6.6288,-6.6288,1,1,0.007684,0.00005905
1771742748.896187,2.430000,0.010000,0.007506,0.014799,0.005514,0.3160,-0.771840,-0.122092,0.730487,0.033743,0.033743,1.9333,1.9333,1,1,0.007506,0.00005635
1771742748.906187,2.440000,0.010000,0.007324,0.014065,0.004764,0.2729,-0.815910,-0.115958,0.613400,-0.051442,-0.051442,-2.9474,-2.9474,1,1,0.007324,0.00005365
1771742748.916187,2.450000,0.010000,0.007037,0.002475,0.005396,0.3091,-0.669919,-0.107100,0.885791,-0.003844,-0.003844,-0.2202,-0.2202,1,1,0.007037,0.00004952
1771742748.926187,2.460000,0.010000,0.006855,0.013644,0.003709,0.2125,-0.919445,-0.102840,0.426001,-0.095695,-0.095695,-5.4829,-5.4829,1,1,0.006855,0.00004699
1771742748.936187,2.470000,0.010000,0.006554,0.000687,0.003661,0.2098,-0.746335,-0.102603,0.023685,0.082037,0.082037,4.7004,4.7004,1,1,0.006554,0.00004296
1771742748.946187,2.480000,0.010000,0.006235,0.000010,0.003639,0.2085,-0.755209,-0.101216,0.138710,0.198622,0.198622,11.3802,11.3802,1,1,0.006235,0.00003887
1771742748.956187,2.490000,0.010000,0.005893,0.000008,0.004052,0.2322,-0.725681,-0.096511,0.470437,0.172359,0.172359,9.8754,9.8754,1,1,0.005893,0.00003473
1771742748.966187,2.500000,0.010000,0.005558,0.000007,0.004516,0.2588,-0.715280,-0.088904,0.760699,0.049841,0.049841,2.8557,2.8557,1,1,0.005558,0.00003089
1771742748.976187,2.510000,0.010000,0.005211,0.000006,0.005399,0.3093,-0.679393,-0.078758,1.014677,-0.032253,-0.032253,-1.8480,-1.8480,1,1,0.005211,0.00002716
1771742748.986187,2.520000,0.010000,0.004867,0.000005,0.006503,0.3726,-0.653256,-0.066388,1.236908,-0.118187,-0.118187,-6.7716,-6.7716,1,1,0.004867,0.00002369
1771742748.996186,2.530000,0.010000,0.004525,0.000004,0.007765,0.4449,-0.634427,-0.053744,1.264486,-0.154220,-0.154220,-8.8362,-8.8362,1,1,0.004525,0.00002047
1771742749.006186,2.540000,0.010000,0.004184,0.000003,0.009139,0.5236,-0.621077,-0.046170,0.757359,-0.168768,-0.168768,-9.6697,-9.6697,1,1,0.004184,0.00001751
1771742749.016186,2.550000,0.010000,0.003846,0.000002,0.010588,0.6066,-0.611839,-0.043034,0.313623,-0.101901,-0.101901,-5.8385,-5.8385,1,1,0.003846,0.00001479
1771742749.026186,2.560000,0.010000,0.003508,0.000001,0.012087,0.6925,-0.605694,-0.036799,0.623486,-0.024518,-0.024518,-1.4048,-1.4048,1,1,0.003508,0.00001231
1771742749.036186,2.570000,0.010000,0.003173,0.000001,0.013614,0.7800,-0.601880,-0.034834,0.196485,-0.090632,-0.090632,-5.1928,-5.1928,1,1,0.003173,0.00001006
1771742749.046186,2.580000,0.010000,0.002838,0.000000,0.015155,0.8683,-0.599826,-0.030960,0.387376,-0.014623,-0.014623,-0.8378,-0.8378,1,1,0.002838,0.00000805
1771742749.056186,2.590000,0.010000,0.002505,0.000029,0.016698,0.9567,-0.599291,-0.031061,-0.010112,-0.057494,-0.057494,-3.2941,-3.2941,1,1,0.002505,0.00000627
1771742749.066186,2.600000,0.010000,0.002174,0.000264,0.018227,1.0443,-0.601038,-0.027659,0.340218,0.013259,0.013259,0.7597,0.7597,1,1,0.002174,0.00000472
1771742749.076186,2.610000,0.010000,0.001848,0.001001,0.019719,1.1298,-0.606418,-0.021192,0.646757,-0.056672,-0.056672,-3.2470,-3.2470,1,1,0.001848,0.00000341
1771742749.086186,2.620000,0.010000,0.001530,0.002201,0.021152,1.2119,-0.614344,-0.012042,0.914978,-0.092362,-0.092362,-5.2919,-5.2919,1,1,0.001530,0.00000234
1771742749.096187,2.630000,0.010000,0.001226,0.003776,0.022511,1.2898,-0.623700,-0.004306,0.773540,-0.039644,-0.039644,-2.2715,-2.2715,1,1,0.001226,0.00000150
1771742749.106187,2.640000,0.010000,0.000936,0.005673,0.023787,1.3629,-0.633796,-0.001029,0.327782,0.007729,0.007729,0.4429,0.4429,1,1,0.000936,0.00000088
1771742749.116187,2.650000,0.010000,0.000664,0.007855,0.024979,1.4312,-0.644208,-0.001651,-0.062257,-0.024484,-0.024484,-1.4028,-1.4028,1,1,0.000664,0.00000044
1771742749.126187,2.660000,0.010000,0.000411,0.010284,0.026084,1.4945,-0.654574,-0.005687,-0.403540,-0.012768,-0.012768,-0.7316,-0.7316,1,1,0.000411,0.00000017
1771742749.136187,2.670000,0.010000,0.000181,0.012928,0.027104,1.5530,-0.664655,-0.012708,-0.702164,0.033561,0.033561,1.9229,1.9229,1,1,0.000181,0.00000003
1771742749.146187,2.680000,0.010000,-0.000027,0.015758,0.028044,1.6068,-0.674277,-0.022343,-0.963459,0.088309,0.088309,5.0597,5.0597,1,1,0.000027,0.00000000
1771742749.156187,2.690000,0.010000,-0.000210,0.018746,0.028907,1.6563,-0.683257,-0.027282,-0.493961,0.168692,0.168692,9.6654,9.6654,1,1,0.000210,0.00000004
1771742749.166187,2.700000,0.010000,-0.000368,0.021863,0.029700,1.7017,-0.691449,-0.035095,-0.781282,0.048610,0.048610,2.7851,2.7851,1,1,0.000368,0.00000014
1771742749.176187,2.710000,0.010000,-0.000498,0.025083,0.030431,1.7436,-0.698731,-0.038441,-0.334556,0.122907,0.122907,7.0421,7.0421,1,1,0.000498,0.00000025
1771742749.186187,2.720000,0.010000,-0.000602,0.028382,0.031107,1.7823,-0.705007,-0.040822,-0.238159,0.011928,0.011928,0.6834,0.6834,1,1,0.000602,0.00000036
1771742749.196187,2.730000,0.010000,-0.000677,0.031734,0.031738,1.8184,-0.710187,-0.039416,0.140676,-0.013779,-0.013779,-0.7895,-0.7895,1,1,0.000677,0.00000046
1771742749.206187,2.740000,0.010000,-0.000725,0.035117,0.032332,1.8525,-0.714198,-0.041573,-0.215698,-0.032028,-0.032028,-1.8350,-1.8350,1,1,0.000725,0.00000052
1771742749.216187,2.750000,0.010000,-0.000744,0.038509,0.032901,1.8851,-0.716970,-0.046951,-0.537802,-0.017013,-0.017013,-0.9748,-0.9748,1,1,0.000744,0.00000055
1771742749.226187,2.760000,0.010000,-0.000735,0.041889,0.033454,1.9168,-0.718459,-0.048166,-0.121511,-0.007379,-0.007379,-0.4228,-0.4228,1,1,0.000735,0.00000054
1771742749.236187,2.770000,0.010000,-0.000698,0.045240,0.034003,1.9483,-0.718617,-0.045738,0.242744,-0.036159,-0.036159,-2.0718,-2.0718,1,1,0.000698,0.00000049
1771742749.246186,2.780000,0.010000,-0.000633,0.048542,0.034560,1.9801,-0.717408,-0.043082,0.265679,-0.041454,-0.041454,-2.3751,-2.3751,1,1,0.000633,0.00000040
1771742749.256186,2.790000,0.010000,-0.000541,0.051781,0.035136,2.0131,-0.714801,-0.039292,0.378915,-0.043226,-0.043226,-2.4767,-2.4767,1,1,0.000541,0.00000029
1771742749.266186,2.800000,0.010000,-0.000423,0.054941,0.035742,2.0479,-0.710771,-0.032486,0.680616,-0.040081,-0.040081,-2.2965,-2.2965,1,1,0.000423,0.00000018
1771742749.276186,2.810000,0.010000,-0.000279,0.058011,0.036391,2.0851,-0.705301,-0.023040,0.944605,-0.017306,-0.017306,-0.9916,-0.9916,1,1,0.000279,0.00000008
1771742749.286186,2.820000,0.010000,-0.000110,0.060978,0.037095,2.1254,-0.698379,-0.011284,1.175595,0.083199,0.083199,4.7669,4.7669,1,1,0.000110,0.00000001
1771742749.296186,2.830000,0.010000,0.000083,0.063834,0.037866,2.1696,-0.689998,-0.003797,0.748674,0.146827,0.146827,8.4126,8.4126,1,1,0.000083,0.00000001
1771742749.306186,2.840000,0.010000,0.000299,0.066572,0.038716,2.2183,-0.680156,0.006244,1.004155,0.104332,0.104332,5.9778,5.9778,1,1,0.000299,0.00000009
1771742749.316186,2.850000,0.010000,0.000537,0.069184,0.039657,2.2722,-0.668854,0.011540,0.529570,0.131479,0.131479,7.5332,7.5332,1,1,0.000537,0.00000029
1771742749.326186,2.860000,0.010000,0.000796,0.071590,0.040705,2.3322,-0.655723,0.012683,0.114308,0.055734,0.055734,3.1933,3.1933,1,1,0.000796,0.00000063
1771742749.336186,2.870000,0.010000,0.001063,0.072589,0.041928,2.4023,-0.635074,0.010192,-0.249046,-0.049419,-0.049419,-2.8315,-2.8315,1,1,0.001063,0.00000113
1771742749.346187,2.880000,0.010000,0.001339,0.073739,0.043307,2.4813,-0.616315,0.006792,-0.340071,-0.149317,-0.149317,-8.5553,-8.5553,1,1,0.001339,0.00000179
1771742749.356187,2.890000,0.010000,0.001623,0.074673,0.044852,2.5699,-0.596431,0.005020,-0.177136,-0.155653,-0.155653,-8.9183,-8.9183,1,1,0.001623,0.00000263
1771742749.366187,2.900000,0.010000,0.001915,0.075558,0.046563,2.6679,-0.576457,-0.000020,-0.504060,-0.168394,-0.168394,-9.6483,-9.6483,1,1,0.001915,0.00000367
1771742749.376187,2.910000,0.010000,0.002236,0.078609,0.047772,2.7371,-0.628027,-0.005200,-0.517922,-0.149570,-0.149570,-8.5698,-8.5698,1,1,0.002236,0.00000500
1771742749.386187,2.920000,0.010000,0.002557,0.078785,0.049344,2.8272,-0.586626,-0.009953,-0.475336,-0.170022,-0.170022,-9.7415,-9.7415,1,1,0.002557,0.00000654
1771742749.396187,2.930000,0.010000,0.002887,0.079057,0.050197,2.8761,-0.661290,-0.013719,-0.376605,-0.170868,-0.170868,-9.7900,-9.7900,1,1,0.002887,0.00000833
1771742749.406187,2.940000,0.010000,0.003208,0.078290,0.051628,2.9580,-0.596990,-0.014167,-0.044842,-0.175272,-0.175272,-10.0423,-10.0423,1,1,0.003208,0.00001029
1771742749.416187,2.950000,0.010000,0.003536,0.078686,0.052648,3.0165,-0.638480,-0.011069,0.309829,-0.196854,-0.196854,-11.2789,-11.2789,1,1,0.003536,0.00001250
1771742749.426187,2.960000,0.010000,0.003850,0.077380,0.054308,3.1116,-0.567455,-0.004867,0.620166,-0.163345,-0.163345,-9.3590,-9.3590,1,1,0.003850,0.00001482
1771742749.436187,2.970000,0.010000,0.004178,0.078655,0.055737,3.1935,-0.589587,0.004050,0.891711,-0.225733,-0.225733,-12.9335,-12.9335,1,1,0.004178,0.00001746
1771742749.446187,2.980000,0.010000,0.004493,0.077363,0.057786,3.3109,-0.520426,0.015343,1.129313,-0.169326,-0.169326,-9.7017,-9.7017,1,1,0.004493,0.00002018
1771742749.456187,2.990000,0.010000,0.004820,0.078577,0.059595,3.4145,-0.543461,0.021734,0.639083,-0.280341,-0.280341,-16.0624,-16.0624,1,1,0.004820,0.00002323
1771742749.466187,3.000000,0.010000,0.005144,0.078255,0.061781,3.5398,-0.500174,0.023835,0.210132,-0.233055,-0.233055,-13.3530,-13.3530,1,1,0.005144,0.00002646
1771742749.476187,3.010000,0.010000,0.005467,0.077565,0.063318,3.6278,-0.566983,0.022183,-0.165200,-0.228548,-0.228548,-13.0948,-13.0948,1,1,0.005467,0.00002989
1771742749.486187,3.020000,0.010000,0.005788,0.077307,0.065192,3.7352,-0.527975,0.017247,-0.493616,-0.194225,-0.194225,-11.1283,-11.1283,1,1,0.005788,0.00003350
1771742749.496186,3.030000,0.010000,0.006105,0.076122,0.066149,3.7900,-0.623796,0.009437,-0.780980,-0.190285,-0.190285,-10.9025,-10.9025,1,1,0.006105,0.00003727
1771742749.506186,3.040000,0.010000,0.006418,0.075758,0.067445,3.8643,-0.584784,-0.000887,-1.032423,-0.164237,-0.164237,-9.4101,-9.4101,1,1,0.006418,0.00004120
1771742749.516186,3.050000,0.010000,0.006728,0.074353,0.067582,3.8721,-0.706785,-0.013412,-1.252436,-0.164461,-0.164461,-9.4229,-9.4229,1,1,0.006728,0.00004527
1771742749.526186,3.060000,0.010000,0.007030,0.073526,0.068151,3.9048,-0.657993,-0.027861,-1.444948,-0.182464,-0.182464,-10.4544,-10.4544,1,1,0.007030,0.00004942
1771742749.536186,3.070000,0.010000,0.007343,0.073632,0.067178,3.8490,-0.821631,-0.043995,-1.613395,-0.194411,-0.194411,-11.1389,-11.1389,1,1,0.007343,0.00005392
1771742749.546186,3.080000,0.010000,0.007616,0.069413,0.067209,3.8508,-0.711712,-0.061603,-1.760786,-0.214023,-0.214023,-12.2626,-12.2626,1,1,0.007616,0.00005800
1771742749.556186,3.090000,0.010000,0.007946,0.074394,0.064842,3.7152,-0.967563,-0.074321,-1.271778,-0.186716,-0.186716,-10.6980,-10.6980,1,1,0.007946,0.00006313
1771742749.566186,3.100000,0.010000,0.008143,0.060131,0.065046,3.7268,-0.689681,-0.088939,-1.461872,-0.187485,-0.187485,-10.7421,-10.7421,1,1,0.008143,0.00006631
1771742749.576186,3.110000,0.010000,0.008527,0.079061,0.060415,3.4615,-1.207995,-0.098988,-1.004839,-0.120777,-0.120777,-6.9200,-6.9200,1,1,0.008527,0.00007271
1771742749.586186,3.120000,0.010000,0.008727,0.059174,0.059179,3.3907,-0.841641,-0.111271,-1.228300,-0.191246,-0.191246,-10.9576,-10.9576,1,1,0.008727,0.00007616
1771742749.596187,3.130000,0.010000,0.009005,0.066697,0.055487,3.1792,-1.104789,-0.125509,-1.423828,-0.125804,-0.125804,-7.2081,-7.2081,1,1,0.009005,0.00008109
1771742749.606187,3.140000,0.010000,0.009110,0.047962,0.054891,3.1450,-0.771031,-0.138389,-1.287989,-0.196923,-0.196923,-11.2829,-11.2829,1,1,0.009110,0.00008300
1771742749.616187,3.150000,0.010000,0.009431,0.069836,0.048769,2.7942,-1.361181,-0.146168,-0.777924,-0.036943,-0.036943,-2.1167,-2.1167,1,1,0.009431,0.00008895
1771742749.626187,3.160000,0.010000,0.009526,0.045376,0.046602,2.6701,-0.939073,-0.151683,-0.551460,-0.229108,-0.229108,-13.1269,-13.1269,1,1,0.009526,0.00009075
1771742749.636187,3.170000,0.010000,0.009701,0.054002,0.042951,2.4609,-1.098744,-0.153252,-0.156930,-0.097368,-0.097368,-5.5788,-5.5788,1,1,0.009701,0.00009412
1771742749.646187,3.180000,0.010000,0.009695,0.034201,0.042356,2.4268,-0.771359,-0.154653,-0.140107,-0.174952,-0.174952,-10.0240,-10.0240,1,1,0.009695,0.00009399
1771742749.656187,3.190000,0.010000,0.009950,0.061337,0.035905,2.0572,-1.394884,-0.158129,-0.347633,-0.096829,-0.096829,-5.5479,-5.5479,1,1,0.009950,0.00009901
1771742749.666187,3.200000,0.010000,0.009964,0.035159,0.033491,1.9189,-0.966135,-0.162665,-0.453516,-0.144190,-0.144190,-8.2615,-8.2615,1,1,0.009964,0.00009928
1771742749.676187,3.210000,0.010000,0.010019,0.039447,0.030093,1.7242,-1.072607,-0.169084,-0.641975,0.077203,0.077203,4.4234,4.4234,1,1,0.010019,0.00010037
1771742749.686187,3.220000,0.010000,0.009931,0.023881,0.028874,1.6544,-0.840464,-0.171288,-0.220391,0.190720,0.190720,10.9275,10.9275,1,1,0.009931,0.00009863
1771742749.696187,3.230000,0.010000,0.010092,0.050355,0.023006,1.3182,-1.337839,-0.173313,-0.202464,0.067879,0.067879,3.8892,3.8892,1,1,0.010092,0.00010184
1771742749.706187,3.240000,0.010000,0.010019,0.024912,0.020851,1.1947,-0.942870,-0.171594,0.171910,0.028614,0.028614,1.6395,1.6395,1,1,0.010019,0.00010037
1771742749.716187,3.250000,0.010000,0.009984,0.028740,0.017603,1.0086,-1.060632,-0.173580,-0.198645,0.019905,0.019905,1.1405,1.1405,1,1,0.009984,0.00009967
1771742749.726187,3.260000,0.010000,0.009767,0.008863,0.017068,0.9779,-0.772488,-0.171828,0.175252,0.211751,0.211751,12.1324,12.1324,1,1,0.009767,0.00009539
1771742749.736187,3.270000,0.010000,0.009855,0.041355,0.010739,0.6153,-1.390751,-0.173785,-0.195720,0.065374,0.065374,3.7456,3.7456,1,1,0.009855,0.00009713
1771742749.746186,3.280000,0.010000,0.009701,0.014900,0.008159,0.4675,-0.993735,-0.172007,0.177810,0.225518,0.225518,12.9212,12.9212,1,1,0.009701,0.00009410
1771742749.756186,3.290000,0.010000,0.009441,0.003306,0.006841,0.3920,-0.861141,-0.173942,-0.193482,0.208000,0.208000,11.9175,11.9175,1,1,0.009441,0.00008913
1771742749.766186,3.300000,0.010000,0.009285,0.014162,0.003143,0.1801,-1.118064,-0.172144,0.179769,0.304914,0.304914,17.4703,17.4703,1,1,0.009285,0.00008621
1771742749.776186,3.310000,0.010000,0.008969,0.000023,0.001945,0.1114,-0.875002,-0.172495,-0.035103,0.296036,0.296036,16.9616,16.9616,1,1,0.008969,0.00008044
1771742749.786186,3.320000,0.010000,0.008728,0.004845,-0.000899,-0.0515,-1.031259,-0.169311,0.318351,0.317720,0.317720,18.2040,18.2040,1,1,0.008728,0.00007618
1771742749.796186,3.330000,0.010000,0.008378,0.000021,-0.001829,-0.1048,-0.875741,-0.166171,0.314018,0.315193,0.315193,18.0592,18.0592,1,1,0.008378,0.00007019
1771742749.806186,3.340000,0.010000,0.008083,0.000024,-0.003659,-0.2096,-0.933418,-0.159933,0.623832,0.267498,0.267498,15.3265,15.3265,1,1,0.008083,0.00006533
1771742749.816186,3.350000,0.010000,0.007719,0.000017,-0.004126,-0.2364,-0.838274,-0.150984,0.894919,0.242296,0.242296,13.8825,13.8825,1,1,0.007719,0.00005958
1771742749.826186,3.360000,0.010000,0.007396,0.000017,-0.004962,-0.2843,-0.847079,-0.139663,1.132120,0.142575,0.142575,8.1689,8.1689,1,1,0.007396,0.00005471
1771742749.836186,3.370000,0.010000,0.007038,0.000013,-0.004907,-0.2812,-0.778212,-0.126266,1.339671,0.119502,0.119502,6.8470,6.8470,1,1,0.007038,0.00004953
1771742749.846187,3.380000,0.010000,0.006690,0.000011,-0.004591,-0.2631,-0.741476,-0.111053,1.521278,0.038785,0.038785,2.2222,2.2222,1,1,0.006690,0.00004476
1771742749.856187,3.390000,0.010000,0.006338,0.000009,-0.003879,-0.2223,-0.701334,-0.094251,1.680184,-0.008237,-0.008237,-0.4719,-0.4719,1,1,0.006338,0.00004018
1771742749.866187,3.400000,0.010000,0.005990,0.000007,-0.002918,-0.1672,-0.672129,-0.076059,1.819227,-0.076204,-0.076204,-4.3662,-4.3662,1,1,0.005990,0.00003587
1771742749.876187,3.410000,0.010000,0.005643,0.000006,-0.001779,-0.1020,-0.651128,-0.056650,1.940889,-0.137708,-0.137708,-7.8901,-7.8901,1,1,0.005643,0.00003184
1771742749.886187,3.420000,0.010000,0.005298,0.000005,-0.000515,-0.0295,-0.636285,-0.036177,2.047344,-0.165003,-0.165003,-9.4540,-9.4540,1,1,0.005298,0.00002807
1771742749.896187,3.430000,0.010000,0.004955,0.000004,0.000835,0.0478,-0.626069,-0.014772,2.140492,-0.132707,-0.132707,-7.6036,-7.6036,1,1,0.004955,0.00002456
1771742749.906187,3.440000,0.010000,0.004614,0.000003,0.002240,0.1283,-0.619337,0.007448,2.221996,-0.085048,-0.085048,-4.8729,-4.8729,1,1,0.004614,0.00002129
1771742749.916187,3.450000,0.010000,0.004274,0.000003,0.003678,0.2107,-0.615233,0.030381,2.293312,-0.038063,-0.038063,-2.1809,-2.1809,1,1,0.004274,0.00001827
1771742749.926187,3.460000,0.010000,0.003935,0.000002,0.005131,0.2940,-0.613119,0.053939,2.355714,-0.040642,-0.040642,-2.3286,-2.3286,1,1,0.003935,0.00001549
1771742749.936187,3.470000,0.010000,0.003598,0.000001,0.006586,0.3774,-0.612520,0.078042,2.410316,-0.107496,-0.107496,-6.1591,-6.1591,1,1,0.003598,0.00001294
1771742749.946187,3.480000,0.010000,0.003261,0.000001,0.008033,0.4603,-0.613081,0.098573,2.053176,-0.177628,-0.177628,-10.1773,-10.1773,1,1,0.003261,0.00001063
1771742749.956187,3.490000,0.010000,0.002925,0.000000,0.009465,0.5423,-0.614539,0.113048,1.447463,-0.177407,-0.177407,-10.1647,-10.1647,1,1,0.002925,0.00000856
1771742749.966187,3.500000,0.010000,0.002591,-0.000000,0.010874,0.6231,-0.616697,0.122223,0.917464,-0.147842,-0.147842,-8.4707,-8.4707,1,1,0.002591,0.00000671
1771742749.976187,3.510000,0.010000,0.002257,0.000029,0.012256,0.7022,-0.619594,0.126760,0.453715,-0.147321,-0.147321,-8.4409,-8.4409,1,1,0.002257,0.00000510
1771742749.986187,3.520000,0.010000,0.001926,0.000221,0.013601,0.7793,-0.623928,0.127239,0.047935,-0.098982,-0.098982,-5.6713,-5.6713,1,1,0.001926,0.00000371
1771742749.996186,3.530000,0.010000,0.001598,0.000780,0.014895,0.8534,-0.630690,0.124168,-0.307123,-0.065091,-0.065091,-3.7294,-3.7294,1,1,0.001598,0.00000255
1771742750.006186,3.540000,0.010000,0.001278,0.001778,0.016119,0.9236,-0.639799,0.117990,-0.617798,-0.006988,-0.006988,-0.4004,-0.4004,1,1,0.001278,0.00000163
1771742750.016186,3.550000,0.010000,0.000969,0.003133,0.017260,0.9889,-0.650226,0.109094,-0.889639,0.052545,0.052545,3.0106,3.0106,1,1,0.000969,0.00000094
1771742750.026186,3.560000,0.010000,0.000672,0.004794,0.018309,1.0490,-0.661357,0.097819,-1.127500,0.122576,0.122576,7.0231,7.0231,1,1,0.000672,0.00000045
1771742750.036186,3.570000,0.010000,0.000391,0.006723,0.019265,1.1038,-0.672798,0.084462,-1.335629,0.161946,0.161946,9.2788,9.2788,1,1,0.000391,0.00000015
1771742750.046186,3.580000,0.010000,0.000127,0.008890,0.020125,1.1531,-0.684289,0.069285,-1.517741,0.176536,0.176536,10.1147,10.1147,1,1,0.000127,0.00000002
1771742750.056186,3.590000,0.010000,-0.000117,0.011265,0.020890,1.1969,-0.695606,0.055544,-1.374088,0.171372,0.171372,9.8189,9.8189,1,1,0.000117,0.00000001
1771742750.066186,3.600000,0.010000,-0.000340,0.013816,0.021564,1.2355,-0.706545,0.040030,-1.551392,0.157229,0.157229,9.0085,9.0085,1,1,0.000340,0.00000012
1771742750.076186,3.610000,0.010000,-0.000541,0.016516,0.022149,1.2690,-0.716944,0.022965,-1.706534,0.143899,0.143899,8.2448,8.2448,1,1,0.000541,0.00000029
1771742750.086186,3.620000,0.010000,-0.000719,0.019339,0.022652,1.2978,-0.726682,0.004542,-1.842283,0.151824,0.151824,8.6989,8.6989,1,1,0.000719,0.00000052
1771742750.096187,3.630000,0.010000,-0.000872,0.022259,0.023078,1.3223,-0.735648,-0.014506,-1.904798,0.203534,0.203534,11.6616,11.6616,1,1,0.000872,0.00000076
1771742750.106187,3.640000,0.010000,-0.001001,0.025252,0.023434,1.3427,-0.743759,-0.031108,-1.660186,0.260685,0.260685,14.9361,14.9361,1,1,0.001001,0.00000100
1771742750.116187,3.650000,0.010000,-0.001105,0.028296,0.023728,1.3595,-0.750937,-0.042144,-1.103597,0.267032,0.267032,15.2998,15.2998,1,1,0.001105,0.00000122
1771742750.126187,3.660000,0.010000,-0.001183,0.031366,0.023968,1.3733,-0.757118,-0.048310,-0.616581,0.212914,0.212914,12.1991,12.1991,1,1,0.001183,0.00000140
1771742750.136187,3.670000,0.010000,-0.001235,0.034443,0.024163,1.3845,-0.762244,-0.050214,-0.190443,0.090630,0.090630,5.1927,5.1927,1,1,0.001235,0.00000152
1771742750.146187,3.680000,0.010000,-0.001262,0.037506,0.024322,1.3936,-0.766271,-0.048390,0.182428,0.008205,0.008205,0.4701,0.4701,1,1,0.001262,0.00000159
1771742750.156187,3.690000,0.010000,-0.001263,0.040536,0.024455,1.4012,-0.769160,-0.043303,0.508691,-0.020412,-0.020412,-1.1695,-1.1695,1,1,0.001263,0.00000159
1771742750.166187,3.700000,0.010000,-0.001239,0.043515,0.024570,1.4078,-0.770881,-0.035361,0.794170,0.004551,0.004551,0.2607,0.2607,1,1,0.001239,0.00000154
1771742750.176187,3.710000,0.010000,-0.001191,0.046427,0.024679,1.4140,-0.771410,-0.024922,1.043965,0.061622,0.061622,3.5307,3.5307,1,1,0.001191,0.00000142
1771742750.186187,3.720000,0.010000,-0.001120,0.049258,0.024791,1.4204,-0.770729,-0.012296,1.262535,0.163910,0.163910,9.3914,9.3914,1,1,0.001120,0.00000125
1771742750.196187,3.730000,0.010000,-0.001025,0.051993,0.024917,1.4276,-0.768829,0.002242,1.453784,0.226798,0.226798,12.9946,12.9946,1,1,0.001025,0.00000105
1771742750.206187,3.740000,0.010000,-0.000908,0.054623,0.025066,1.4362,-0.765705,0.018453,1.621127,0.252536,0.252536,14.4692,14.4692,1,1,0.000908,0.00000082
1771742750.216187,3.750000,0.010000,-0.000770,0.057136,0.025250,1.4467,-0.761358,0.035124,1.667140,0.230318,0.230318,13.1963,13.1963,1,1,0.000770,0.00000059
1771742750.226187,3.760000,0.010000,-0.000612,0.059525,0.025477,1.4597,-0.755793,0.053202,1.807814,0.126011,0.126011,7.2199,7.2199,1,1,0.000612,0.00000037
1771742750.236187,3.770000,0.010000,-0.000435,0.061782,0.025759,1.4759,-0.749023,0.072511,1.930903,-0.053222,-0.053222,-3.0494,-3.0494,1,1,0.000435,0.00000019
1771742750.246186,3.780000,0.010000,-0.000239,0.063902,0.026105,1.4957,-0.741059,0.092897,2.038606,-0.210814,-0.210814,-12.0787,-12.0787,1,1,0.000239,0.00000006
1771742750.256186,3.790000,0.010000,-0.000028,0.065883,0.026525,1.5198,-0.731924,0.107900,1.500207,-0.319531,-0.319531,-18.3078,-18.3078,1,1,0.000028,0.00000000
1771742750.266186,3.800000,0.010000,0.000200,0.067721,0.027028,1.5486,-0.721632,0.117536,0.963615,-0.319683,-0.319683,-18.3165,-18.3165,1,1,0.000200,0.00000004
1771742750.276186,3.810000,0.010000,0.000442,0.069416,0.027624,1.5828,-0.710211,0.122477,0.494097,-0.298242,-0.298242,-17.0880,-17.0880,1,1,0.000442,0.00000020
1771742750.286186,3.820000,0.010000,0.000697,0.070966,0.028323,1.6228,-0.697661,0.123309,0.083269,-0.250359,-0.250359,-14.3445,-14.3445,1,1,0.000697,0.00000049
1771742750.296186,3.830000,0.010000,0.000965,0.072381,0.029132,1.6691,-0.684066,0.120547,-0.276205,-0.224920,-0.224920,-12.8870,-12.8870,1,1,0.000965,0.00000093
1771742750.306186,3.840000,0.010000,0.001240,0.073365,0.030071,1.7230,-0.668247,0.114640,-0.590745,-0.198621,-0.198621,-11.3802,-11.3802,1,1,0.001240,0.00000154
1771742750.316186,3.850000,0.010000,0.001521,0.073928,0.031160,1.7853,-0.650314,0.112961,-0.167836,-0.202778,-0.202778,-11.6183,-11.6183,1,1,0.001521,0.00000231
1771742750.326186,3.860000,0.010000,0.001806,0.074426,0.032397,1.8562,-0.632306,0.114984,0.202209,-0.194084,-0.194084,-11.1202,-11.1202,1,1,0.001806,0.00000326
1771742750.336186,3.870000,0.010000,0.002094,0.074856,0.033786,1.9358,-0.614002,0.120244,0.525999,-0.220708,-0.220708,-12.6457,-12.6457,1,1,0.002094,0.00000439
1771742750.346187,3.880000,0.010000,0.002385,0.075069,0.035337,2.0247,-0.594319,0.128337,0.809315,-0.294266,-0.294266,-16.8602,-16.8602,1,1,0.002385,0.00000569
1771742750.356187,3.890000,0.010000,0.002677,0.075225,0.037052,2.1230,-0.574367,0.131928,0.359085,-0.342186,-0.342186,-19.6058,-19.6058,1,1,0.002677,0.00000717
1771742750.366187,3.900000,0.010000,0.002970,0.075330,0.038935,2.2308,-0.554047,0.131579,-0.034867,-0.304031,-0.304031,-17.4197,-17.4197,1,1,0.002970,0.00000882
1771742750.376187,3.910000,0.010000,0.003264,0.075390,0.040989,2.3485,-0.533264,0.127783,-0.379574,-0.286183,-0.286183,-16.3971,-16.3971,1,1,0.003264,0.00001065
1771742750.386187,3.920000,0.010000,0.003558,0.075411,0.043217,2.4761,-0.511954,0.120971,-0.681193,-0.250561,-0.250561,-14.3561,-14.3561,1,1,0.003558,0.00001266
1771742750.396187,3.930000,0.010000,0.003852,0.075403,0.045624,2.6141,-0.490094,0.111520,-0.945110,-0.221212,-0.221212,-12.6745,-12.6745,1,1,0.003852,0.00001483
1771742750.406187,3.940000,0.010000,0.004145,0.075371,0.048216,2.7625,-0.467626,0.099760,-1.176037,-0.171571,-0.171571,-9.8303,-9.8303,1,1,0.004145,0.00001718
1771742750.416187,3.950000,0.010000,0.004439,0.075325,0.050996,2.9219,-0.444545,0.085979,-1.378098,-0.113124,-0.113124,-6.4815,-6.4815,1,1,0.004439,0.00001970
1771742750.426187,3.960000,0.010000,0.004732,0.075272,0.053971,3.0923,-0.420813,0.070430,-1.554902,-0.063450,-0.063450,-3.6354,-3.6354,1,1,0.004732,0.00002239
1771742750.436187,3.970000,0.010000,0.005037,0.076453,0.056769,3.2526,-0.436822,0.053334,-1.709605,-0.062328,-0.062328,-3.5711,-3.5711,1,1,0.005037,0.00002537
1771742750.446187,3.980000,0.010000,0.005362,0.077914,0.058499,3.3517,-0.548590,0.034884,-1.844970,-0.065458,-0.065458,-3.7504,-3.7504,1,1,0.005362,0.00002875
1771742750.456187,3.990000,0.010000,0.005685,0.077692,0.060297,3.4548,-0.538440,0.015250,-1.963415,-0.130234,-0.130234,-7.4618,-7.4618,1,1,0.005685,0.00003232
1771742750.466187,4.000000,0.010000,0.006003,0.075902,0.060773,3.4820,-0.677683,-0.005421,-2.067054,-0.118776,-0.118776,-6.8054,-6.8054,1,1,0.006003,0.00003604
1771742750.476187,4.010000,0.010000,0.006317,0.075395,0.061387,3.5172,-0.660491,-0.026998,-2.157738,-0.217790,-0.217790,-12.4784,-12.4784,1,1,0.006317,0.00003991
1771742750.486187,4.020000,0.010000,0.006636,0.074751,0.060494,3.4661,-0.820169,-0.049369,-2.237087,-0.193630,-0.193630,-11.0942,-11.0942,1,1,0.006636,0.00004404
1771742750.496186,4.030000,0.010000,0.006937,0.072771,0.060073,3.4419,-0.767488,-0.072434,-2.306517,-0.219655,-0.219655,-12.5853,-12.5853,1,1,0.006937,0.00004812
1771742750.506186,4.040000,0.010000,0.007278,0.075900,0.057472,3.2929,-0.999746,-0.096107,-2.367268,-0.161164,-0.161164,-9.2340,-9.2340,1,1,0.007278,0.00005297
1771742750.516186,4.050000,0.010000,0.007499,0.062937,0.057189,3.2767,-0.749160,-0.115414,-1.930674,-0.213484,-0.213484,-12.2317,-12.2317,1,1,0.007499,0.00005623
1771742750.526186,4.060000,0.010000,0.007918,0.083006,0.051769,2.9661,-1.299868,-0.128816,-1.340274,-0.041259,-0.041259,-2.3640,-2.3640,1,1,0.007918,0.00006269
1771742750.536186,4.070000,0.010000,0.008144,0.062078,0.049856,2.8565,-0.921685,-0.137053,-0.823673,-0.249607,-0.249607,-14.3014,-14.3014,1,1,0.008144,0.00006632
1771742750.546186,4.080000,0.010000,0.008417,0.066789,0.046723,2.6770,-1.051746,-0.140769,-0.371648,-0.155210,-0.155210,-8.8929,-8.8929,1,1,0.008417,0.00007084
1771742750.556186,4.090000,0.010000,0.008537,0.050104,0.046279,2.6516,-0.761758,-0.140531,0.023873,-0.195409,-0.195409,-11.1961,-11.1961,1,1,0.008537,0.00007288
1771742750.566186,4.100000,0.010000,0.008813,0.065623,0.041322,2.3676,-1.246419,-0.136831,0.369955,-0.157260,-0.157260,-9.0103,-9.0103,1,1,0.008813,0.00007766
1771742750.576186,4.110000,0.010000,0.008891,0.044127,0.039747,2.2773,-0.882432,-0.130103,0.672777,-0.175478,-0.175478,-10.0541,-10.0541,1,1,0.008891,0.00007905
1771742750.586186,4.120000,0.010000,0.008993,0.046509,0.037636,2.1564,-0.939972,-0.127707,0.239614,-0.198923,-0.198923,-11.3974,-11.3974,1,1,0.008993,0.00008087
1771742750.596187,4.130000,0.010000,0.009005,0.036670,0.036934,2.1161,-0.788622,-0.126591,0.111643,-0.181150,-0.181150,-10.3792,-10.3792,1,1,0.009005,0.00008109
1771742750.606187,4.140000,0.010000,0.009188,0.054947,0.033076,1.8951,-1.127922,-0.129105,-0.251379,-0.141836,-0.141836,-8.1266,-8.1266,1,1,0.009188,0.00008441
1771742750.616187,4.150000,0.010000,0.009188,0.035157,0.032186,1.8441,-0.810423,-0.134795,-0.569022,-0.153454,-0.153454,-8.7923,-8.7923,1,1,0.009188,0.00008443
1771742750.626187,4.160000,0.010000,0.009367,0.054140,0.027940,1.6009,-1.169823,-0.143264,-0.846960,0.083856,0.083856,4.8046,4.8046,1,1,0.009367,0.00008775
1771742750.636187,4.170000,0.010000,0.009354,0.033152,0.026776,1.5342,-0.840213,-0.147185,-0.392024,0.043459,0.043459,2.4900,2.4900,1,1,0.009354,0.00008750
1771742750.646187,4.180000,0.010000,0.009493,0.049303,0.022635,1.2969,-1.159155,-0.154106,-0.692087,0.105382,0.105382,6.0379,6.0379,1,1,0.009493,0.00009011
1771742750.656187,4.190000,0.010000,0.009439,0.028234,0.021509,1.2324,-0.837201,-0.156671,-0.256510,0.148298,0.148298,8.4969,8.4969,1,1,0.009439,0.00008909
1771742750.666187,4.200000,0.010000,0.009555,0.046309,0.017020,0.9752,-1.197722,-0.162406,-0.573512,0.129459,0.129459,7.4174,7.4174,1,1,0.009555,0.00009130
1771742750.676187,4.210000,0.010000,0.009470,0.024258,0.015627,0.8953,-0.867170,-0.163933,-0.152758,0.200390,0.200390,11.4815,11.4815,1,1,0.009470,0.00008968
1771742750.686187,4.220000,0.010000,0.009501,0.036542,0.011729,0.6720,-1.135913,-0.167868,-0.393450,0.178032,0.178032,10.2005,10.2005,1,1,0.009501,0.00009028
1771742750.696187,4.230000,0.010000,0.009343,0.015682,0.010667,0.6112,-0.834149,-0.167820,0.004797,0.284223,0.284223,16.2848,16.2848,1,1,0.009343,0.00008729
1771742750.706187,4.240000,0.010000,0.009337,0.031846,0.006414,0.3675,-1.176912,-0.168777,-0.095724,0.181579,0.181579,10.4037,10.4037,1,1,0.009337,0.00008717
1771742750.716187,4.250000,0.010000,0.009134,0.010283,0.005052,0.2895,-0.869011,-0.172545,-0.376819,0.248534,0.248534,14.2399,14.2399,1,1,0.009134,0.00008343
1771742750.726187,4.260000,0.010000,0.009024,0.019936,0.001495,0.0857,-1.105534,-0.173621,-0.107564,0.339575,0.339575,19.4562,19.4562,1,1,0.009024,0.00008144
1771742750.736187,4.270000,0.010000,0.008733,0.000063,0.000503,0.0288,-0.833432,-0.171071,0.254948,0.360354,0.360354,20.6468,20.6468,1,1,0.008733,0.00007627
1771742750.746186,4.280000,0.010000,0.008553,0.011672,-0.003036,-0.1740,-1.108276,-0.168869,0.220214,0.258310,0.258310,14.8001,14.8001,1,1,0.008553,0.00007315
1771742750.756186,4.290000,0.010000,0.008228,0.000022,-0.004319,-0.2475,-0.896081,-0.163452,0.541753,0.350335,0.350335,20.0727,20.0727,1,1,0.008228,0.00006770
1771742750.766186,4.300000,0.010000,0.007896,0.000020,-0.005355,-0.3068,-0.875559,-0.155221,0.823100,0.248771,0.248771,14.2535,14.2535,1,1,0.007896,0.00006234
1771742750.776186,4.310000,0.010000,0.007551,0.000017,-0.005887,-0.3373,-0.831407,-0.144528,1.069278,0.188408,0.188408,10.7950,10.7950,1,1,0.007551,0.00005701
1771742750.786186,4.320000,0.010000,0.007209,0.000014,-0.006152,-0.3525,-0.800483,-0.131681,1.284684,0.130591,0.130591,7.4823,7.4823,1,1,0.007209,0.00005196
1771742750.796186,4.330000,0.010000,0.006854,0.000011,-0.005832,-0.3342,-0.746655,-0.116950,1.473165,0.079693,0.079693,4.5661,4.5661,1,1,0.006854,0.00004697
1771742750.806186,4.340000,0.010000,0.006503,0.000009,-0.005193,-0.2976,-0.708710,-0.100569,1.638085,0.015720,0.015720,0.9007,0.9007,1,1,0.006503,0.00004229
1771742750.816186,4.350000,0.010000,0.006153,0.000008,-0.004281,-0.2453,-0.678085,-0.082745,1.782390,-0.051500,-0.051500,-2.9507,-2.9507,1,1,0.006153,0.00003786
1771742750.826186,4.360000,0.010000,0.005806,0.000006,-0.003181,-0.1823,-0.656042,-0.063658,1.908657,-0.112712,-0.112712,-6.4579,-6.4579,1,1,0.005806,0.00003371
1771742750.836186,4.370000,0.010000,0.005460,0.000005,-0.001949,-0.1117,-0.640442,-0.043467,2.019141,-0.159147,-0.159147,-9.1185,-9.1185,1,1,0.005460,0.00002982
1771742750.846187,4.380000,0.010000,0.005117,0.000004,-0.000627,-0.0359,-0.629684,-0.022309,2.115814,-0.147305,-0.147305,-8.4400,-8.4400,1,1,0.005117,0.00002618
1771742750.856187,4.390000,0.010000,0.004775,0.000004,0.000753,0.0432,-0.622571,-0.000305,2.200403,-0.104599,-0.104599,-5.9931,-5.9931,1,1,0.004775,0.00002280
1771742750.866187,4.400000,0.010000,0.004434,0.000003,0.002169,0.1243,-0.618209,0.022440,2.274419,-0.054680,-0.054680,-3.1329,-3.1329,1,1,0.004434,0.00001966
1771742750.876187,4.410000,0.010000,0.004095,0.000002,0.003602,0.2064,-0.615929,0.045831,2.339182,-0.030544,-0.030544,-1.7501,-1.7501,1,1,0.004095,0.00001677
1771742750.886187,4.420000,0.010000,0.003756,0.000002,0.005038,0.2887,-0.615234,0.069790,2.395850,-0.076297,-0.076297,-4.3715,-4.3715,1,1,0.003756,0.00001411
1771742750.896187,4.430000,0.010000,0.003419,0.000001,0.006467,0.3705,-0.615752,0.092163,2.237264,-0.158611,-0.158611,-9.0878,-9.0878,1,1,0.003419,0.00001169
1771742750.906187,4.440000,0.010000,0.003083,0.000001,0.007880,0.4515,-0.617207,0.108248,1.608540,-0.179659,-0.179659,-10.2937,-10.2937,1,1,0.003083,0.00000950
1771742750.916187,4.450000,0.010000,0.002748,-0.000000,0.009270,0.5312,-0.619394,0.118832,1.058407,-0.151101,-0.151101,-8.6574,-8.6574,1,1,0.002748,0.00000755
1771742750.926187,4.460000,0.010000,0.002413,-0.000001,0.010634,0.6093,-0.622163,0.124602,0.577040,-0.134255,-0.134255,-7.6923,-7.6923,1,1,0.002413,0.00000582
1771742750.936187,4.470000,0.010000,0.002081,0.000081,0.011964,0.6855,-0.625906,0.126161,0.155844,-0.105736,-0.105736,-6.0582,-6.0582,1,1,0.002081,0.00000433
1771742750.946187,4.480000,0.010000,0.001750,0.000326,0.013252,0.7593,-0.630976,0.124034,-0.212702,-0.070403,-0.070403,-4.0338,-4.0338,1,1,0.001750,0.00000306
1771742750.956187,4.490000,0.010000,0.001424,0.001025,0.014480,0.8296,-0.638896,0.118682,-0.535180,-0.017817,-0.017817,-1.0208,-1.0208,1,1,0.001424,0.00000203
1771742750.966187,4.500000,0.010000,0.001107,0.002128,0.015631,0.8956,-0.648753,0.110509,-0.817349,0.043490,0.043490,2.4918,2.4918,1,1,0.001107,0.00000122
1771742750.976187,4.510000,0.010000,0.000800,0.003565,0.016695,0.9565,-0.659671,0.099866,-1.064246,0.121290,0.121290,6.9494,6.9494,1,1,0.000800,0.00000064
1771742750.986187,4.520000,0.010000,0.000508,0.005290,0.017664,1.0121,-0.671134,0.087063,-1.280281,0.171627,0.171627,9.8335,9.8335,1,1,0.000508,0.00000026
1771742750.996186,4.530000,0.010000,0.000231,0.007269,0.018536,1.0621,-0.682811,0.072370,-1.469312,0.189960,0.189960,10.8839,10.8839,1,1,0.000231,0.00000005
1771742751.006186,4.540000,0.010000,-0.000028,0.009473,0.019312,1.1065,-0.694489,0.059506,-1.286429,0.191380,0.191380,10.9653,10.9653,1,1,0.000028,0.00000000
1771742751.016186,4.550000,0.010000,-0.000267,0.011872,0.019992,1.1454,-0.705927,0.044759,-1.474691,0.179009,0.179009,10.2564,10.2564,1,1,0.000267,0.00000007
1771742751.026186,4.560000,0.010000,-0.000485,0.014435,0.020578,1.1791,-0.716936,0.028365,-1.639421,0.171112,0.171112,9.8040,9.8040,1,1,0.000485,0.00000024
1771742751.036186,4.570000,0.010000,-0.000681,0.017135,0.021077,1.2076,-0.727381,0.010529,-1.783559,0.178005,0.178005,10.1989,10.1989,1,1,0.000681,0.00000046
1771742751.046186,4.580000,0.010000,-0.000853,0.019947,0.021492,1.2314,-0.737144,-0.008568,-1.909680,0.202680,0.202680,11.6127,11.6127,1,1,0.000853,0.00000073
1771742751.056186,4.590000,0.010000,-0.001002,0.022846,0.021830,1.2508,-0.746131,-0.024279,-1.571093,0.261441,0.261441,14.9795,14.9795,1,1,0.001002,0.00000100
1771742751.066186,4.600000,0.010000,-0.001126,0.025808,0.022099,1.2662,-0.754258,-0.034535,-1.025641,0.266072,0.266072,15.2448,15.2448,1,1,0.001126,0.00000127
1771742751.076186,4.610000,0.010000,-0.001225,0.028810,0.022305,1.2780,-0.761456,-0.040019,-0.548370,0.204649,0.204649,11.7255,11.7255,1,1,0.001225,0.00000150
1771742751.086186,4.620000,0.010000,-0.001299,0.031830,0.022457,1.2867,-0.767664,-0.041326,-0.130758,0.090239,0.090239,5.1703,5.1703,1,1,0.001299,0.00000169
1771742751.096187,4.630000,0.010000,-0.001348,0.034848,0.022563,1.2928,-0.772832,-0.038980,0.234653,0.017503,0.017503,1.0029,1.0029,1,1,0.001348,0.00000182
1771742751.106187,4.640000,0.010000,-0.001372,0.037844,0.022633,1.2968,-0.776919,-0.033436,0.554387,-0.006629,-0.006629,-0.3798,-0.3798,1,1,0.001372,0.00000188
1771742751.116187,4.650000,0.010000,-0.001371,0.040798,0.022676,1.2993,-0.779890,-0.025094,0.834155,0.037703,0.037703,2.1602,2.1602,1,1,0.001371,0.00000188
1771742751.126187,4.660000,0.010000,-0.001345,0.043695,0.022701,1.3007,-0.781720,-0.014305,1.078951,0.153183,0.153183,8.7768,8.7768,1,1,0.001345,0.00000181
1771742751.136187,4.670000,0.010000,-0.001296,0.046518,0.022719,1.3017,-0.782388,-0.001373,1.293148,0.228939,0.228939,13.1172,13.1172,1,1,0.001296,0.00000168
1771742751.146187,4.680000,0.010000,-0.001224,0.049254,0.022738,1.3028,-0.781882,0.013432,1.480570,0.270676,0.270676,15.5086,15.5086,1,1,0.001224,0.00000150
1771742751.156187,4.690000,0.010000,-0.001130,0.051889,0.022769,1.3046,-0.780195,0.029878,1.644565,0.276573,0.276573,15.8465,15.8465,1,1,0.001130,0.00000128
1771742751.166187,4.700000,0.010000,-0.001015,0.054412,0.022822,1.3076,-0.777327,0.047759,1.788060,0.196709,0.196709,11.2706,11.2706,1,1,0.001015,0.00000103
1771742751.176187,4.710000,0.010000,-0.000879,0.056815,0.022906,1.3124,-0.773282,0.066895,1.913619,0.039291,0.039291,2.2512,2.2512,1,1,0.000879,0.00000077
1771742751.186187,4.720000,0.010000,-0.000725,0.059088,0.023032,1.3196,-0.768067,0.087130,2.023482,-0.151097,-0.151097,-8.6572,-8.6572,1,1,0.000725,0.00000053
1771742751.196187,4.730000,0.010000,-0.000552,0.061226,0.023208,1.3297,-0.761697,0.108326,2.119613,-0.288073,-0.288073,-16.5053,-16.5053,1,1,0.000552,0.00000030
1771742751.206187,4.740000,0.010000,-0.000362,0.063224,0.023446,1.3433,-0.754191,0.123382,1.505595,-0.333722,-0.333722,-19.1209,-19.1209,1,1,0.000362,0.00000013
1771742751.216187,4.750000,0.010000,-0.000156,0.065079,0.023753,1.3609,-0.745570,0.133065,0.968330,-0.335611,-0.335611,-19.2291,-19.2291,1,1,0.000156,0.00000002
1771742751.226187,4.760000,0.010000,0.000064,0.066790,0.024139,1.3830,-0.735861,0.138047,0.498223,-0.323625,-0.323625,-18.5424,-18.5424,1,1,0.000064,0.00000000
1771742751.236187,4.770000,0.010000,0.000297,0.068356,0.024612,1.4102,-0.725083,0.138916,0.086879,-0.309505,-0.309505,-17.7334,-17.7334,1,1,0.000297,0.00000009
1771742751.246186,4.780000,0.010000,0.000543,0.069778,0.025182,1.4428,-0.713271,0.136186,-0.273047,-0.285871,-0.285871,-16.3792,-16.3792,1,1,0.000543,0.00000029
1771742751.256186,4.790000,0.010000,0.000799,0.071056,0.025857,1.4815,-0.700433,0.137287,0.110150,-0.249335,-0.249335,-14.2858,-14.2858,1,1,0.000799,0.00000064
1771742751.266186,4.800000,0.010000,0.001066,0.072202,0.026644,1.5266,-0.686653,0.141742,0.445447,-0.290639,-0.290639,-16.6524,-16.6524,1,1,0.001066,0.00000114
1771742751.276186,4.810000,0.010000,0.001341,0.073241,0.027548,1.5784,-0.672216,0.149130,0.738832,-0.319945,-0.319945,-18.3315,-18.3315,1,1,0.001341,0.00000180
1771742751.286186,4.820000,0.010000,0.001620,0.073656,0.028600,1.6387,-0.654467,0.159085,0.995544,-0.346374,-0.346374,-19.8458,-19.8458,1,1,0.001620,0.00000262
1771742751.296186,4.830000,0.010000,0.001902,0.074004,0.029800,1.7074,-0.636638,0.164306,0.522035,-0.373857,-0.373857,-21.4204,-21.4204,1,1,0.001902,0.00000362
1771742751.306186,4.840000,0.010000,0.002186,0.074285,0.031148,1.7847,-0.618552,0.165383,0.107715,-0.350937,-0.350937,-20.1072,-20.1072,1,1,0.002186,0.00000478
1771742751.316186,4.850000,0.010000,0.002472,0.074346,0.032658,1.8711,-0.599104,0.162835,-0.254815,-0.327185,-0.327185,-18.7463,-18.7463,1,1,0.002472,0.00000611
1771742751.326186,4.860000,0.010000,0.002757,0.074356,0.034329,1.9669,-0.579475,0.157114,-0.572029,-0.297033,-0.297033,-17.0187,-17.0187,1,1,0.002757,0.00000760
1771742751.336186,4.870000,0.010000,0.003042,0.074318,0.036164,2.0720,-0.559531,0.148618,-0.849591,-0.262630,-0.262630,-15.0476,-15.0476,1,1,0.003042,0.00000926
1771742751.346187,4.880000,0.010000,0.003327,0.074238,0.038166,2.1868,-0.539185,0.137694,-1.092458,-0.218381,-0.218381,-12.5123,-12.5123,1,1,0.003327,0.00001107
1771742751.356187,4.890000,0.010000,0.003611,0.074123,0.040340,2.3113,-0.518376,0.124644,-1.304967,-0.178751,-0.178751,-10.2417,-10.2417,1,1,0.003611,0.00001304
1771742751.366187,4.900000,0.010000,0.003894,0.073980,0.042688,2.4458,-0.497065,0.109735,-1.490912,-0.135300,-0.135300,-7.7521,-7.7521,1,1,0.003894,0.00001516
1771742751.376187,4.910000,0.010000,0.004175,0.073819,0.045214,2.5906,-0.475239,0.093199,-1.653614,-0.106086,-0.106086,-6.0783,-6.0783,1,1,0.004175,0.00001743
1771742751.386187,4.920000,0.010000,0.004455,0.073648,0.047925,2.7459,-0.452854,0.075239,-1.795978,-0.093371,-0.093371,-5.3498,-5.3498,1,1,0.004455,0.00001985
1771742751.396187,4.930000,0.010000,0.004734,0.073475,0.050823,2.9120,-0.429906,0.056034,-1.920547,-0.064631,-0.064631,-3.7031,-3.7031,1,1,0.004734,0.00002241
1771742751.406187,4.940000,0.010000,0.005052,0.077350,0.052684,3.0186,-0.538461,0.035738,-2.029544,-0.042911,-0.042911,-2.4586,-2.4586,1,1,0.005052,0.00002552
1771742751.416187,4.950000,0.010000,0.005374,0.077702,0.054583,3.1274,-0.531621,0.014489,-2.124917,-0.123519,-0.123519,-7.0771,-7.0771,1,1,0.005374,0.00002888
1771742751.426187,4.960000,0.010000,0.005690,0.075909,0.055137,3.1591,-0.673252,-0.007595,-2.208368,-0.110693,-0.110693,-6.3422,-6.3422,1,1,0.005690,0.00003238
1771742751.436187,4.970000,0.010000,0.006006,0.075696,0.055767,3.1952,-0.662810,-0.030408,-2.281388,-0.225633,-0.225633,-12.9278,-12.9278,1,1,0.006006,0.00003607
1771742751.446187,4.980000,0.010000,0.006319,0.074216,0.054953,3.1486,-0.815568,-0.053861,-2.345280,-0.173852,-0.173852,-9.9610,-9.9610,1,1,0.006319,0.00003993
1771742751.456187,4.990000,0.010000,0.006624,0.073303,0.054380,3.1157,-0.787797,-0.077873,-2.401186,-0.216816,-0.216816,-12.4227,-12.4227,1,1,0.006624,0.00004387
1771742751.466187,5.000000,0.010000,0.006935,0.072764,0.052178,2.9896,-0.960964,-0.100968,-2.309463,-0.129070,-0.129070,-7.3952,-7.3952,1,1,0.006935,0.00004809
1771742751.476187,5.010000,0.010000,0.007180,0.065533,0.051313,2.9400,-0.815861,-0.117685,-1.671715,-0.165130,-0.165130,-9.4613,-9.4613,1,1,0.007180,0.00005155
1771742751.486187,5.020000,0.010000,0.007495,0.071938,0.047583,2.7263,-1.122392,-0.128822,-1.113684,-0.054245,-0.054245,-3.1080,-3.1080,1,1,0.007495,0.00005618
1771742751.496186,5.030000,0.010000,0.007655,0.054980,0.046680,2.6746,-0.817568,-0.135076,-0.625408,-0.183040,-0.183040,-10.4874,-10.4874,1,1,0.007655,0.00005859
1771742751.506186,5.040000,0.010000,0.007933,0.066950,0.042441,2.4317,-1.175412,-0.137058,-0.198166,-0.100259,-0.100259,-5.7444,-5.7444,1,1,0.007933,0.00006294
1771742751.516186,5.050000,0.010000,0.008040,0.048183,0.041222,2.3618,-0.850136,-0.135301,0.175670,-0.182451,-0.182451,-10.4537,-10.4537,1,1,0.008040,0.00006464
1771742751.526186,5.060000,0.010000,0.008254,0.059753,0.038051,2.1801,-1.059561,-0.130273,0.502777,-0.175056,-0.175056,-10.0300,-10.0300,1,1,0.008254,0.00006814
1771742751.536186,5.070000,0.010000,0.008312,0.042628,0.037538,2.1508,-0.773239,-0.122383,0.788996,-0.173012,-0.173012,-9.9129,-9.9129,1,1,0.008312,0.00006909
1771742751.546186,5.080000,0.010000,0.008528,0.059602,0.034125,1.9552,-1.084696,-0.118970,0.341306,-0.184465,-0.184465,-10.5691,-10.5691,1,1,0.008528,0.00007273
1771742751.556186,5.090000,0.010000,0.008579,0.041608,0.033449,1.9165,-0.791318,-0.117935,0.103462,-0.157739,-0.157739,-9.0378,-9.0378,1,1,0.008579,0.00007360
1771742751.566186,5.100000,0.010000,0.008742,0.053519,0.030611,1.7539,-1.022326,-0.120521,-0.258536,-0.138524,-0.138524,-7.9368,-7.9368,1,1,0.008742,0.00007642
1771742751.576186,5.110000,0.010000,0.008748,0.036411,0.030304,1.7363,-0.752157,-0.126274,-0.575285,-0.139849,-0.139849,-8.0128,-8.0128,1,1,0.008748,0.00007653
1771742751.586186,5.120000,0.010000,0.008980,0.060503,0.025749,1.4753,-1.206712,-0.134798,-0.852440,0.071810,0.071810,4.1144,4.1144,1,1,0.008980,0.00008064
1771742751.596187,5.130000,0.010000,0.009018,0.039225,0.024319,1.3934,-0.871265,-0.138766,-0.396819,-0.007338,-0.007338,-0.4204,-0.4204,1,1,0.009018,0.00008132
1771742751.606187,5.140000,0.010000,0.009089,0.042547,0.021981,1.2594,-0.968773,-0.142062,-0.329553,0.102364,0.102364,5.8650,5.8650,1,1,0.009089,0.00008260
1771742751.616187,5.150000,0.010000,0.009015,0.026814,0.021802,1.2491,-0.738833,-0.141455,0.060707,0.073184,0.073184,4.1931,4.1931,1,1,0.009015,0.00008128
1771742751.626187,5.160000,0.010000,0.009195,0.053790,0.016838,0.9647,-1.251770,-0.144414,-0.295947,-0.033753,-0.033753,-1.9339,-1.9339,1,1,0.009195,0.00008455
1771742751.636187,5.170000,0.010000,0.009168,0.031144,0.015088,0.8645,-0.907223,-0.143513,0.090112,0.054315,0.054315,3.1120,3.1120,1,1,0.009168,0.00008405
1771742751.646187,5.180000,0.010000,0.009087,0.024976,0.013840,0.7929,-0.854605,-0.146215,-0.270218,0.038959,0.038959,2.2322,2.2322,1,1,0.009087,0.00008257
1771742751.656187,5.190000,0.010000,0.009050,0.029511,0.011338,0.6496,-0.989252,-0.149820,-0.360506,0.214425,0.214425,12.2856,12.2856,1,1,0.009050,0.00008191
1771742751.666187,5.200000,0.010000,0.008855,0.012169,0.011123,0.6373,-0.746766,-0.152719,-0.289901,0.287261,0.287261,16.4588,16.4588,1,1,0.008855,0.00007842
1771742751.676187,5.210000,0.010000,0.008908,0.038578,0.006087,0.3488,-1.264514,-0.156688,-0.396822,0.240965,0.240965,13.8062,13.8062,1,1,0.008908,0.00007935
1771742751.686187,5.220000,0.010000,0.008754,0.015872,0.004158,0.2382,-0.932394,-0.156819,-0.013147,0.290238,0.290238,16.6294,16.6294,1,1,0.008754,0.00007663
1771742751.696187,5.230000,0.010000,0.008494,0.004211,0.003511,0.2011,-0.797303,-0.154532,0.228685,0.275438,0.275438,15.7815,15.7815,1,1,0.008494,0.00007215
1771742751.706187,5.240000,0.010000,0.008344,0.015735,0.000379,0.0217,-1.065017,-0.152697,0.183533,0.190692,0.190692,10.9259,10.9259,1,1,0.008344,0.00006962
1771742751.716187,5.250000,0.010000,0.008039,0.000018,-0.000498,-0.0285,-0.834428,-0.147600,0.509657,0.279277,0.279277,16.0014,16.0014,1,1,0.008039,0.00006462
1771742751.726187,5.260000,0.010000,0.007729,0.000019,-0.001604,-0.0919,-0.864935,-0.139650,0.795016,0.163338,0.163338,9.3586,9.3586,1,1,0.007729,0.00005973
1771742751.736187,5.270000,0.010000,0.007369,0.000014,-0.001623,-0.0930,-0.785345,-0.129203,1.044705,0.127141,0.127141,7.2846,7.2846,1,1,0.007369,0.00005430
1771742751.746186,5.280000,0.010000,0.007038,0.000013,-0.001786,-0.1023,-0.779147,-0.116571,1.263182,0.036860,0.036860,2.1119,2.1119,1,1,0.007038,0.00004953
1771742751.756186,5.290000,0.010000,0.006684,0.000010,-0.001309,-0.0750,-0.726791,-0.106219,1.035228,-0.005799,-0.005799,-0.3323,-0.3323,1,1,0.006684,0.00004468
1771742751.766186,5.300000,0.010000,0.006345,0.000009,-0.000777,-0.0445,-0.710518,-0.093670,1.254890,-0.026026,-0.026026,-1.4912,-1.4912,1,1,0.006345,0.00004026
1771742751.776186,5.310000,0.010000,0.005996,0.000007,0.000147,0.0084,-0.675506,-0.079199,1.447095,-0.079182,-0.079182,-4.5368,-4.5368,1,1,0.005996,0.00003595
1771742751.786186,5.320000,0.010000,0.005649,0.000006,0.001287,0.0738,-0.650025,-0.063046,1.615274,-0.137710,-0.137710,-7.8902,-7.8902,1,1,0.005649,0.00003191
1771742751.796186,5.330000,0.010000,0.005305,0.000005,0.002582,0.1479,-0.631690,-0.045422,1.762430,-0.175701,-0.175701,-10.0669,-10.0669,1,1,0.005305,0.00002814
1771742751.806186,5.340000,0.010000,0.004962,0.000004,0.003986,0.2284,-0.618716,-0.026510,1.891193,-0.182522,-0.182522,-10.4578,-10.4578,1,1,0.004962,0.00002462
1771742751.816186,5.350000,0.010000,0.004621,0.000003,0.005464,0.3130,-0.609768,-0.006471,2.003859,-0.114211,-0.114211,-6.5438,-6.5438,1,1,0.004621,0.00002135
1771742751.826186,5.360000,0.010000,0.004281,0.000003,0.006989,0.4004,-0.603848,0.014553,2.102443,-0.044383,-0.044383,-2.5430,-2.5430,1,1,0.004281,0.00001833
1771742751.836186,5.370000,0.010000,0.003943,0.000002,0.008543,0.4895,-0.600210,0.036440,2.188703,0.008681,0.008681,0.4974,0.4974,1,1,0.003943,0.00001555
1771742751.846187,5.380000,0.010000,0.003606,0.000001,0.010109,0.5792,-0.598299,0.059082,2.264181,-0.006732,-0.006732,-0.3857,-0.3857,1,1,0.003606,0.00001300
1771742751.856187,5.390000,0.010000,0.003270,0.000001,0.011677,0.6691,-0.597700,0.075403,1.632093,-0.086629,-0.086629,-4.9635,-4.9635,1,1,0.003270,0.00001069
1771742751.866187,5.400000,0.010000,0.002936,0.000000,0.013238,0.7585,-0.598104,0.086193,1.079015,-0.003225,-0.003225,-0.1848,-0.1848,1,1,0.002936,0.00000862
1771742751.876187,5.410000,0.010000,0.002602,-0.000000,0.014785,0.8471,-0.599280,0.092144,0.595073,0.070306,0.070306,4.0282,4.0282,1,1,0.002602,0.00000677
1771742751.886187,5.420000,0.010000,0.002270,0.000185,0.016308,0.9344,-0.602220,0.093860,0.171623,0.123339,0.123339,7.0668,7.0668,1,1,0.002270,0.00000515
1771742751.896187,5.430000,0.010000,0.001942,0.000689,0.017791,1.0194,-0.607396,0.091871,-0.198896,0.131326,0.131326,7.5244,7.5244,1,1,0.001942,0.00000377
1771742751.906187,5.440000,0.010000,0.001621,0.001670,0.019216,1.1010,-0.615293,0.086640,-0.523100,0.108249,0.108249,6.2022,6.2022,1,1,0.001621,0.00000263
1771742751.916187,5.450000,0.010000,0.001310,0.003040,0.020565,1.1783,-0.624760,0.078572,-0.806778,0.070617,0.070617,4.0461,4.0461,1,1,0.001310,0.00000172
1771742751.926187,5.460000,0.010000,0.001013,0.004739,0.021832,1.2509,-0.635042,0.068022,-1.054997,0.099967,0.099967,5.7277,5.7277,1,1,0.001013,0.00000103
1771742751.936187,5.470000,0.010000,0.000732,0.006728,0.023011,1.3184,-0.645720,0.055300,-1.272188,0.106319,0.106319,6.0916,6.0916,1,1,0.000732,0.00000054
1771742751.946187,5.480000,0.010000,0.000469,0.008976,0.024101,1.3809,-0.656453,0.040678,-1.462230,0.113209,0.113209,6.4864,6.4864,1,1,0.000469,0.00000022
1771742751.956187,5.490000,0.010000,0.000227,0.011449,0.025103,1.4383,-0.666983,0.030045,-1.063264,0.119820,0.119820,6.8652,6.8652,1,1,0.000227,0.00000005
1771742751.966187,5.500000,0.010000,0.000006,0.014118,0.026020,1.4908,-0.677136,0.024232,-0.581290,0.087390,0.087390,5.0071,5.0071,1,1,0.000006,0.00000000
1771742751.976187,5.510000,0.010000,-0.000192,0.016953,0.026856,1.5387,-0.686729,0.020362,-0.387052,0.059338,0.059338,3.3998,3.3998,1,1,0.000192,0.00000004
1771742751.986187,5.520000,0.010000,-0.000365,0.019929,0.027616,1.5823,-0.695618,0.013484,-0.687737,0.060931,0.060931,3.4911,3.4911,1,1,0.000365,0.00000013
1771742751.996186,5.530000,0.010000,-0.000513,0.023017,0.028307,1.6218,-0.703682,0.010957,-0.252704,0.049963,0.049963,2.8627,2.8627,1,1,0.000513,0.00000026
1771742752.006186,5.540000,0.010000,-0.000634,0.026195,0.028936,1.6579,-0.710816,0.012237,0.127950,0.050187,0.050187,2.8755,2.8755,1,1,0.000634,0.00000040
1771742752.016186,5.550000,0.010000,-0.000729,0.029436,0.029512,1.6909,-0.716931,0.016847,0.461022,0.151754,0.151754,8.6949,8.6949,1,1,0.000729,0.00000053
1771742752.026186,5.560000,0.010000,-0.000796,0.032717,0.030044,1.7214,-0.721952,0.024372,0.752460,0.242735,0.242735,13.9077,13.9077,1,1,0.000796,0.00000063
1771742752.036186,5.570000,0.010000,-0.000836,0.036017,0.030541,1.7499,-0.725809,0.034446,1.007469,0.294984,0.294984,16.9013,16.9013,1,1,0.000836,0.00000070
1771742752.046186,5.580000,0.010000,-0.000848,0.039315,0.031013,1.7769,-0.728454,0.039771,0.532469,0.312151,0.312151,17.8849,17.8849,1,1,0.000848,0.00000072
1771742752.056186,5.590000,0.010000,-0.000833,0.042591,0.031472,1.8032,-0.729840,0.047296,0.752445,0.294375,0.294375,16.8664,16.8664,1,1,0.000833,0.00000069
1771742752.066186,5.600000,0.010000,-0.000791,0.045827,0.031926,1.8292,-0.729926,0.054673,0.737787,0.294050,0.294050,16.8478,16.8478,1,1,0.000791,0.00000062
1771742752.076186,5.610000,0.010000,-0.000722,0.049007,0.032389,1.8557,-0.728681,0.061990,0.731697,0.270768,0.270768,15.5139,15.5139,1,1,0.000722,0.00000052
1771742752.086186,5.620000,0.010000,-0.000627,0.052115,0.032870,1.8833,-0.726079,0.069219,0.722874,0.242349,0.242349,13.8856,13.8856,1,1,0.000627,0.00000039
1771742752.096187,5.630000,0.010000,-0.000507,0.055139,0.033382,1.9127,-0.722101,0.072054,0.283449,0.206205,0.206205,11.8147,11.8147,1,1,0.000507,0.00000026
1771742752.106187,5.640000,0.010000,-0.000362,0.058065,0.033936,1.9444,-0.716734,0.071043,-0.101048,0.174584,0.174584,10.0029,10.0029,1,1,0.000362,0.00000013
1771742752.116187,5.650000,0.010000,-0.000193,0.060883,0.034544,1.9792,-0.709971,0.069779,-0.126408,0.123422,0.123422,7.0715,7.0715,1,1,0.000193,0.00000004
1771742752.126187,5.660000,0.010000,-0.000002,0.063586,0.035217,2.0178,-0.701809,0.067302,-0.247705,0.102174,0.102174,5.8542,5.8542,1,1,0.000002,0.00000000
1771742752.136187,5.670000,0.010000,0.000211,0.066166,0.035966,2.0607,-0.692250,0.065163,-0.213935,0.050684,0.050684,2.9040,2.9040,1,1,0.000211,0.00000004
1771742752.146187,5.680000,0.010000,0.000445,0.068618,0.036805,2.1087,-0.681298,0.066781,0.161873,0.019167,0.019167,1.0982,1.0982,1,1,0.000445,0.00000020
1771742752.156187,5.690000,0.010000,0.000698,0.070938,0.037742,2.1625,-0.668959,0.071688,0.490705,0.029762,0.029762,1.7052,1.7052,1,1,0.000698,0.00000049
1771742752.166187,5.700000,0.010000,0.000963,0.072353,0.038826,2.2246,-0.651518,0.079473,0.778432,-0.029125,-0.029125,-1.6687,-1.6687,1,1,0.000963,0.00000093
1771742752.176187,5.710000,0.010000,0.001237,0.073403,0.040067,2.2956,-0.632835,0.089775,1.030194,-0.119534,-0.119534,-6.8488,-6.8488,1,1,0.001237,0.00000153
1771742752.186187,5.720000,0.010000,0.001520,0.074401,0.041462,2.3756,-0.614214,0.102280,1.250486,-0.214707,-0.214707,-12.3018,-12.3018,1,1,0.001520,0.00000231
1771742752.196187,5.730000,0.010000,0.001809,0.075181,0.043022,2.4650,-0.594345,0.116712,1.443241,-0.333113,-0.333113,-19.0860,-19.0860,1,1,0.001809,0.00000327
1771742752.206187,5.740000,0.010000,0.002104,0.075909,0.044748,2.5639,-0.574294,0.132831,1.611902,-0.385220,-0.385220,-22.0715,-22.0715,1,1,0.002104,0.00000443
1771742752.216187,5.750000,0.010000,0.002405,0.076587,0.046642,2.6724,-0.553857,0.146521,1.368978,-0.405589,-0.405589,-23.2385,-23.2385,1,1,0.002405,0.00000578
1771742752.226187,5.760000,0.010000,0.002711,0.077219,0.048709,2.7908,-0.532893,0.155009,0.848790,-0.409945,-0.409945,-23.4881,-23.4881,1,1,0.002711,0.00000735
1771742752.236187,5.770000,0.010000,0.003023,0.077803,0.050953,2.9194,-0.511258,0.158945,0.393625,-0.402841,-0.402841,-23.0811,-23.0811,1,1,0.003023,0.00000914
1771742752.246186,5.780000,0.010000,0.003339,0.078347,0.053380,3.0585,-0.488896,0.158899,-0.004644,-0.380396,-0.380396,-21.7951,-21.7951,1,1,0.003339,0.00001115
1771742752.256186,5.790000,0.010000,0.003659,0.078851,0.055997,3.2084,-0.465723,0.155367,-0.353129,-0.363142,-0.363142,-20.8065,-20.8065,1,1,0.003659,0.00001339
1771742752.266186,5.800000,0.010000,0.003983,0.079326,0.058810,3.3696,-0.441717,0.148787,-0.658054,-0.341892,-0.341892,-19.5890,-19.5890,1,1,0.003983,0.00001587
1771742752.276186,5.810000,0.010000,0.004312,0.079777,0.061826,3.5424,-0.416850,0.139538,-0.924863,-0.316409,-0.316409,-18.1289,-18.1289,1,1,0.004312,0.00001859
1771742752.286186,5.820000,0.010000,0.004643,0.080211,0.065053,3.7273,-0.391082,0.127955,-1.158321,-0.296408,-0.296408,-16.9830,-16.9830,1,1,0.004643,0.00002156
1771742752.296186,5.830000,0.010000,0.004979,0.080674,0.068496,3.9245,-0.364631,0.114329,-1.362597,-0.275024,-0.275024,-15.7577,-15.7577,1,1,0.004979,0.00002479
1771742752.306186,5.840000,0.010000,0.005316,0.080813,0.072181,4.1357,-0.335177,0.098915,-1.541338,-0.245912,-0.245912,-14.0897,-14.0897,1,1,0.005316,0.00002826
1771742752.316186,5.850000,0.010000,0.005646,0.079263,0.074986,4.2964,-0.426283,0.081938,-1.697737,-0.232561,-0.232561,-13.3248,-13.3248,1,1,0.005646,0.00003188
1771742752.326186,5.860000,0.010000,0.005974,0.078543,0.077512,4.4411,-0.453086,0.063592,-1.834585,-0.189727,-0.189727,-10.8705,-10.8705,1,1,0.005974,0.00003569
1771742752.336186,5.870000,0.010000,0.006294,0.076914,0.079105,4.5324,-0.550196,0.044049,-1.954328,-0.170776,-0.170776,-9.7847,-9.7847,1,1,0.006294,0.00003962
1771742752.346187,5.880000,0.010000,0.006612,0.076189,0.080408,4.6070,-0.578652,0.023458,-2.059103,-0.199817,-0.199817,-11.4487,-11.4487,1,1,0.006612,0.00004372
1771742752.356187,5.890000,0.010000,0.006922,0.074529,0.080745,4.6263,-0.679869,0.001950,-2.150781,-0.196977,-0.196977,-11.2860,-11.2860,1,1,0.006922,0.00004792
1771742752.366187,5.900000,0.010000,0.007230,0.073815,0.080795,4.6292,-0.708381,-0.020360,-2.230999,-0.223725,-0.223725,-12.8185,-12.8185,1,1,0.007230,0.00005227
1771742752.376187,5.910000,0.010000,0.007531,0.072138,0.079857,4.5754,-0.812459,-0.043372,-2.301190,-0.212078,-0.212078,-12.1512,-12.1512,1,1,0.007531,0.00005671
1771742752.386187,5.920000,0.010000,0.007828,0.071449,0.078646,4.5061,-0.839846,-0.066998,-2.362607,-0.191379,-0.191379,-10.9652,-10.9652,1,1,0.007828,0.00006128
1771742752.396187,5.930000,0.010000,0.008119,0.069767,0.076435,4.3794,-0.945870,-0.091161,-2.416347,-0.187660,-0.187660,-10.7522,-10.7522,1,1,0.008119,0.00006592
1771742752.406187,5.940000,0.010000,0.008407,0.069115,0.073974,4.2384,-0.971244,-0.115795,-2.463370,-0.233142,-0.233142,-13.3581,-13.3581,1,1,0.008407,0.00007068
1771742752.416187,5.950000,0.010000,0.008689,0.067619,0.070639,4.0473,-1.064060,-0.138372,-2.257669,-0.236270,-0.236270,-13.5373,-13.5373,1,1,0.008689,0.00007549
1771742752.426187,5.960000,0.010000,0.008969,0.067430,0.067398,3.8616,-1.053031,-0.155453,-1.708152,-0.249030,-0.249030,-14.2684,-14.2684,1,1,0.008969,0.00008045
1771742752.436187,5.970000,0.010000,0.009246,0.066354,0.063587,3.6433,-1.113261,-0.166909,-1.145567,-0.207984,-0.207984,-11.9166,-11.9166,1,1,0.009246,0.00008549
1771742752.446187,5.980000,0.010000,0.009510,0.064949,0.060157,3.4467,-1.071432,-0.175115,-0.820652,-0.219680,-0.219680,-12.5867,-12.5867,1,1,0.009510,0.00009043
1771742752.456187,5.990000,0.010000,0.009782,0.065460,0.056134,3.2163,-1.134367,-0.178805,-0.369004,-0.212190,-0.212190,-12.1576,-12.1576,1,1,0.009782,0.00009569
1771742752.466187,6.000000,0.010000,0.009980,0.057243,0.053464,3.0633,-0.988042,-0.178544,0.026187,-0.217879,-0.217879,-12.4836,-12.4836,1,1,0.009980,0.00009960
1771742752.476187,6.010000,0.010000,0.010245,0.063632,0.048467,2.7770,-1.238020,-0.181203,-0.265920,-0.197369,-0.197369,-11.3084,-11.3084,1,1,0.010245,0.00010496
1771742752.486187,6.020000,0.010000,0.010297,0.040309,0.047123,2.6999,-0.844439,-0.183175,-0.197178,-0.199469,-0.199469,-11.4287,-11.4287,1,1,0.010297,0.00010602
1771742752.496186,6.030000,0.010000,0.010590,0.064629,0.039647,2.2716,-1.494201,-0.188243,-0.506879,-0.089382,-0.089382,-5.1212,-5.1212,1,1,0.010590,0.00011214
1771742752.506186,6.040000,0.010000,0.010613,0.035689,0.036709,2.1033,-1.016546,-0.191223,-0.297936,-0.140902,-0.140902,-8.0731,-8.0731,1,1,0.010613,0.00011264
1771742752.516186,6.050000,0.010000,0.010711,0.043559,0.032225,1.8463,-1.183728,-0.191242,-0.001958,0.043305,0.043305,2.4812,2.4812,1,1,0.010711,0.00011473
1771742752.526186,6.060000,0.010000,0.010597,0.020488,0.031117,1.7829,-0.823565,-0.190795,0.044772,-0.101836,-0.101836,-5.8348,-5.8348,1,1,0.010597,0.00011230
1771742752.536186,6.070000,0.010000,0.010807,0.050272,0.023824,1.3650,-1.399083,-0.193893,-0.309890,-0.014740,-0.014740,-0.8446,-0.8446,1,1,0.010807,0.00011678
1771742752.546186,6.080000,0.010000,0.010718,0.022469,0.021375,1.2247,-0.967359,-0.199191,-0.529707,0.071292,0.071292,4.0848,4.0848,1,1,0.010718,0.00011489
1771742752.556186,6.090000,0.010000,0.010777,0.038087,0.015925,0.9124,-1.291478,-0.205421,-0.622999,0.273239,0.273239,15.6555,15.6555,1,1,0.010777,0.00011614
1771742752.566186,6.100000,0.010000,0.010601,0.012455,0.014055,0.8053,-0.910339,-0.207381,-0.196058,0.320980,0.320980,18.3908,18.3908,1,1,0.010601,0.00011239
1771742752.576186,6.110000,0.010000,0.010648,0.035984,0.007770,0.4452,-1.380824,-0.208918,-0.153731,0.264868,0.264868,15.1758,15.1758,1,1,0.010648,0.00011338
1771742752.586186,6.120000,0.010000,0.010443,0.008579,0.005292,0.3032,-0.978877,-0.209327,-0.040890,0.288561,0.288561,16.5334,16.5334,1,1,0.010443,0.00010906
1771742752.596187,6.130000,0.010000,0.010313,0.016280,0.000874,0.0500,-1.188536,-0.210396,-0.106900,0.326063,0.326063,18.6820,18.6820,1,1,0.010313,0.00010636
1771742752.606187,6.140000,0.010000,0.010000,0.000029,-0.000701,-0.0402,-0.911705,-0.208768,0.162844,0.383806,0.383806,21.9905,21.9905,1,1,0.010000,0.00010000
1771742752.616187,6.150000,0.010000,0.009867,0.015690,-0.005783,-0.3314,-1.265429,-0.207606,0.116237,0.320929,0.320929,18.3879,18.3879,1,1,0.009867,0.00009735
1771742752.626187,6.160000,0.010000,0.009548,0.000033,-0.007949,-0.4555,-0.985827,-0.203098,0.450773,0.398049,0.398049,22.8065,22.8065,1,1,0.009548,0.00009117
1771742752.636187,6.170000,0.010000,0.009235,0.000033,-0.010218,-0.5854,-0.994848,-0.195663,0.743492,0.345937,0.345937,19.8207,19.8207,1,1,0.009235,0.00008529
1771742752.646187,6.180000,0.010000,0.008881,0.000026,-0.011509,-0.6594,-0.919885,-0.185667,0.999622,0.325418,0.325418,18.6451,18.6451,1,1,0.008881,0.00007888
1771742752.656187,6.190000,0.010000,0.008562,0.000025,-0.013116,-0.7515,-0.929669,-0.175188,1.047877,0.266386,0.266386,15.2628,15.2628,1,1,0.008562,0.00007330
1771742752.666187,6.200000,0.010000,0.008196,0.000019,-0.013601,-0.7793,-0.842696,-0.162528,1.265958,0.278373,0.278373,15.9496,15.9496,1,1,0.008196,0.00006718
1771742752.676187,6.210000,0.010000,0.007866,0.000018,-0.014329,-0.8210,-0.843145,-0.147960,1.456779,0.217786,0.217786,12.4782,12.4782,1,1,0.007866,0.00006187
1771742752.686187,6.220000,0.010000,0.007506,0.000014,-0.014291,-0.8188,-0.782466,-0.131723,1.623748,0.216038,0.216038,12.3781,12.3781,1,1,0.007506,0.00005634
1771742752.696187,6.230000,0.010000,0.007150,0.000012,-0.013873,-0.7949,-0.738114,-0.114025,1.769845,0.154099,0.154099,8.8292,8.8292,1,1,0.007150,0.00005112
1771742752.706187,6.240000,0.010000,0.006797,0.000010,-0.013181,-0.7552,-0.706014,-0.095048,1.897680,0.097269,0.097269,5.5731,5.5731,1,1,0.006797,0.00004620
1771742752.716187,6.250000,0.010000,0.006446,0.000008,-0.012292,-0.7043,-0.683117,-0.074952,2.009536,0.039362,0.039362,2.2553,2.2553,1,1,0.006446,0.00004155
1771742752.726187,6.260000,0.010000,0.006098,0.000007,-0.011267,-0.6456,-0.667139,-0.053878,2.107410,-0.030635,-0.030635,-1.7552,-1.7552,1,1,0.006098,0.00003718
1771742752.736187,6.270000,0.010000,0.005751,0.000006,-0.010151,-0.5816,-0.656371,-0.031948,2.193050,-0.085500,-0.085500,-4.8988,-4.8988,1,1,0.005751,0.00003307
1771742752.746186,6.280000,0.010000,0.005405,0.000005,-0.008977,-0.5144,-0.649534,-0.009268,2.267984,-0.085315,-0.085315,-4.8882,-4.8882,1,1,0.005405,0.00002922
1771742752.756186,6.290000,0.010000,0.005061,0.000005,-0.007771,-0.4453,-0.645673,0.014068,2.333552,-0.058366,-0.058366,-3.3441,-3.3441,1,1,0.005061,0.00002562
1771742752.766186,6.300000,0.010000,0.004718,0.000004,-0.006553,-0.3755,-0.644076,0.037977,2.390924,-0.064601,-0.064601,-3.7013,-3.7013,1,1,0.004718,0.00002226
1771742752.776186,6.310000,0.010000,0.004377,0.000003,-0.005338,-0.3058,-0.644211,0.062388,2.441124,-0.070432,-0.070432,-4.0355,-4.0355,1,1,0.004377,0.00001916
1771742752.786186,6.320000,0.010000,0.004036,0.000003,-0.004137,-0.2370,-0.645682,0.087239,2.485050,-0.127097,-0.127097,-7.2821,-7.2821,1,1,0.004036,0.00001629
1771742752.796186,6.330000,0.010000,0.003696,0.000002,-0.002959,-0.1695,-0.648194,0.111130,2.389184,-0.185603,-0.185603,-10.6343,-10.6343,1,1,0.003696,0.00001366
1771742752.806186,6.340000,0.010000,0.003357,0.000001,-0.001812,-0.1038,-0.651530,0.128545,1.741470,-0.213590,-0.213590,-12.2378,-12.2378,1,1,0.003357,0.00001127
1771742752.816186,6.350000,0.010000,0.003019,0.000001,-0.000701,-0.0402,-0.655528,0.140292,1.174721,-0.201326,-0.201326,-11.5351,-11.5351,1,1,0.003019,0.00000912
1771742752.826186,6.360000,0.010000,0.002682,0.000000,0.000368,0.0211,-0.660071,0.147080,0.678815,-0.222278,-0.222278,-12.7356,-12.7356,1,1,0.002682,0.00000720
1771742752.836186,6.370000,0.010000,0.002346,-0.000001,0.001436,0.0823,-0.654524,0.149529,0.244897,-0.196899,-0.196899,-11.2815,-11.2815,1,1,0.002346,0.00000551
1771742752.846187,6.380000,0.010000,0.002012,-0.000001,0.002481,0.1421,-0.662210,0.148182,-0.134781,-0.155745,-0.155745,-8.9235,-8.9235,1,1,0.002012,0.00000405
1771742752.856187,6.390000,0.010000,0.001677,-0.000002,0.003459,0.1982,-0.669654,0.143512,-0.466999,-0.107340,-0.107340,-6.1502,-6.1502,1,1,0.001677,0.00000281
1771742752.866187,6.400000,0.010000,0.001345,0.000108,0.004369,0.2503,-0.677666,0.135935,-0.757690,-0.043293,-0.043293,-2.4805,-2.4805,1,1,0.001345,0.00000181
1771742752.876187,6.410000,0.010000,0.001014,0.000316,0.005206,0.2983,-0.686118,0.125814,-1.012045,0.063948,0.063948,3.6640,3.6640,1,1,0.001014,0.00000103
1771742752.886187,6.420000,0.010000,0.000687,0.000894,0.005960,0.3415,-0.696681,0.113468,-1.234605,0.195169,0.195169,11.1824,11.1824,1,1,0.000687,0.00000047
1771742752.896187,6.430000,0.010000,0.000367,0.001816,0.006618,0.3792,-0.708772,0.099175,-1.429345,0.253444,0.253444,14.5213,14.5213,1,1,0.000367,0.00000013
1771742752.906187,6.440000,0.010000,0.000057,0.003028,0.007168,0.4107,-0.721789,0.083177,-1.599743,0.275098,0.275098,15.7620,15.7620,1,1,0.000057,0.00000000
1771742752.916187,6.450000,0.010000,-0.000242,0.004484,0.007608,0.4359,-0.735304,0.065689,-1.748841,0.295507,0.295507,16.9313,16.9313,1,1,0.000242,0.00000006
1771742752.926187,6.460000,0.010000,-0.000527,0.006153,0.007933,0.4545,-0.749031,0.046896,-1.879302,0.309901,0.309901,17.7560,17.7560,1,1,0.000527,0.00000028
1771742752.936187,6.470000,0.010000,-0.000797,0.008008,0.008143,0.4666,-0.762772,0.026961,-1.993455,0.321762,0.321762,18.4356,18.4356,1,1,0.000797,0.00000064
1771742752.946187,6.480000,0.010000,-0.001051,0.010020,0.008240,0.4721,-0.776352,0.006028,-2.093339,0.343994,0.343994,19.7094,19.7094,1,1,0.001051,0.00000110
1771742752.956187,6.490000,0.010000,-0.001287,0.012163,0.008224,0.4712,-0.789637,-0.015779,-2.180737,0.358372,0.358372,20.5332,20.5332,1,1,0.001287,0.00000166
1771742752.966187,6.500000,0.010000,-0.001504,0.014412,0.008100,0.4641,-0.802524,-0.038352,-2.257211,0.376162,0.376162,21.5525,21.5525,1,1,0.001504,0.00000226
1771742752.976187,6.510000,0.010000,-0.001703,0.016744,0.007870,0.4509,-0.814928,-0.054611,-1.625994,0.388220,0.388220,22.2434,22.2434,1,1,0.001703,0.00000290
1771742752.986187,6.520000,0.010000,-0.001881,0.019136,0.007540,0.4320,-0.826779,-0.065348,-1.073679,0.383945,0.383945,21.9984,21.9984,1,1,0.001881,0.00000354
1771742752.996186,6.530000,0.010000,-0.002039,0.021564,0.007113,0.4076,-0.838018,-0.071252,-0.590403,0.363332,0.363332,20.8174,20.8174,1,1,0.002039,0.00000416
1771742753.006186,6.540000,0.010000,-0.002177,0.024009,0.006597,0.3780,-0.848597,-0.072928,-0.167537,0.309741,0.309741,17.7468,17.7468,1,1,0.002177,0.00000474
1771742753.016186,6.550000,0.010000,-0.002294,0.026447,0.005996,0.3435,-0.858476,-0.070903,0.202471,0.213858,0.213858,12.2532,12.2532,1,1,0.002294,0.00000526
1771742753.026186,6.560000,0.010000,-0.002391,0.028862,0.005316,0.3046,-0.867626,-0.065641,0.526228,0.151324,0.151324,8.6702,8.6702,1,1,0.002391,0.00000572
1771742753.036186,6.570000,0.010000,-0.002468,0.031232,0.004564,0.2615,-0.876023,-0.057545,0.809515,0.134214,0.134214,7.6899,7.6899,1,1,0.002468,0.00000609
1771742753.046186,6.580000,0.010000,-0.002526,0.033541,0.003747,0.2147,-0.883652,-0.046972,1.057392,0.144421,0.144421,8.2747,8.2747,1,1,0.002526,0.00000638
1771742753.056186,6.590000,0.010000,-0.002565,0.035773,0.002870,0.1644,-0.890507,-0.034229,1.274284,0.185414,0.185414,10.6234,10.6234,1,1,0.002565,0.00000658
1771742753.066186,6.600000,0.010000,-0.002586,0.037912,0.001941,0.1112,-0.896586,-0.019588,1.464064,0.224284,0.224284,12.8506,12.8506,1,1,0.002586,0.00000669
1771742753.076186,6.610000,0.010000,-0.002590,0.039945,0.000965,0.0553,-0.901895,-0.003287,1.630122,0.233797,0.233797,13.3956,13.3956,1,1,0.002590,0.00000671
1771742753.086186,6.620000,0.010000,-0.002577,0.041858,-0.000049,-0.0028,-0.906447,0.014467,1.775423,0.154598,0.154598,8.8578,8.8578,1,1,0.002577,0.00000664
1771742753.096187,6.630000,0.010000,-0.002550,0.043642,-0.001097,-0.0629,-0.910260,0.033493,1.902561,0.073296,0.073296,4.1996,4.1996,1,1,0.002550,0.00000650
1771742753.106187,6.640000,0.010000,-0.002508,0.045286,-0.002172,-0.1245,-0.913356,0.053631,2.013806,0.026595,0.026595,1.5238,1.5238,1,1,0.002508,0.00000629
1771742753.116187,6.650000,0.010000,-0.002477,0.041393,-0.002868,-0.1643,-0.819444,0.074742,2.111146,-0.055390,-0.055390,-3.1736,-3.1736,1,1,0.002477,0.00000613
1771742753.126187,6.660000,0.010000,-0.002464,0.039662,-0.003022,-0.1732,-0.765622,0.096706,2.196319,-0.165632,-0.165632,-9.4900,-9.4900,1,1,0.002464,0.00000607
1771742753.136187,6.670000,0.010000,-0.002485,0.032929,-0.002400,-0.1375,-0.622808,0.119414,2.270845,-0.237978,-0.237978,-13.6351,-13.6351,1,1,0.002485,0.00000617
1771742753.146187,6.680000,0.010000,-0.002498,0.040003,-0.001726,-0.0989,-0.725909,0.135793,1.637923,-0.279927,-0.279927,-16.0386,-16.0386,1,1,0.002498,0.00000624
1771742753.156187,6.690000,0.010000,-0.002552,0.023992,-0.000103,-0.0059,-0.415061,0.146635,1.084117,-0.277040,-0.277040,-15.8732,-15.8732,1,1,0.002552,0.00000651
1771742753.166187,6.700000,0.010000,-0.002612,0.035242,0.001843,0.1056,-0.589037,0.152630,0.599537,-0.190599,-0.190599,-10.9205,-10.9205,1,1,0.002612,0.00000683
1771742753.176187,6.710000,0.010000,-0.002609,0.041202,0.002890,0.1656,-0.664731,0.154385,0.175529,-0.239242,-0.239242,-13.7075,-13.7075,1,1,0.002609,0.00000680
1771742753.186187,6.720000,0.010000,-0.002621,0.032108,0.004497,0.2577,-0.469745,0.158264,0.387859,-0.230745,-0.230745,-13.2207,-13.2207,1,1,0.002621,0.00000687
1771742753.196187,6.730000,0.010000,-0.002619,0.042508,0.006134,0.3515,-0.620930,0.165148,0.688443,-0.212067,-0.212067,-12.1505,-12.1505,1,1,0.002619,0.00000686
1771742753.206187,6.740000,0.010000,-0.002617,0.033847,0.008067,0.4622,-0.428830,0.173729,0.858107,-0.300820,-0.300820,-17.2357,-17.2357,1,1,0.002617,0.00000685
1771742753.216187,6.750000,0.010000,-0.002595,0.045114,0.009978,0.5717,-0.590274,0.177747,0.401778,-0.241229,-0.241229,-13.8214,-13.8214,1,1,0.002595,0.00000674
1771742753.226187,6.760000,0.010000,-0.002545,0.042420,0.011735,0.6723,-0.499289,0.177772,0.002490,-0.302649,-0.302649,-17.3405,-17.3405,1,1,0.002545,0.00000648
1771742753.236187,6.770000,0.010000,-0.002461,0.052298,0.013251,0.7592,-0.630991,0.174303,-0.346887,-0.244012,-0.244012,-13.9808,-13.9808,1,1,0.002461,0.00000606
1771742753.246186,6.780000,0.010000,-0.002346,0.051446,0.014596,0.8363,-0.569141,0.167777,-0.652592,-0.248795,-0.248795,-14.2549,-14.2549,1,1,0.002346,0.00000550
1771742753.256186,6.790000,0.010000,-0.002196,0.059733,0.015731,0.9013,-0.669888,0.158576,-0.920084,-0.183803,-0.183803,-10.5312,-10.5312,1,1,0.002196,0.00000482
1771742753.266186,6.800000,0.010000,-0.001993,0.065807,0.016290,0.9333,-0.730594,0.147035,-1.154139,-0.178001,-0.178001,-10.1987,-10.1987,1,1,0.001993,0.00000397
1771742753.276186,6.810000,0.010000,-0.001748,0.070426,0.016504,0.9456,-0.766248,0.133446,-1.358938,-0.155538,-0.155538,-8.9117,-8.9117,1,1,0.001748,0.00000305
1771742753.286186,6.820000,0.010000,-0.001471,0.073998,0.016530,0.9471,-0.785093,0.118064,-1.538136,-0.153263,-0.153263,-8.7813,-8.7813,1,1,0.001471,0.00000216
1771742753.296186,6.830000,0.010000,-0.001169,0.076794,0.016473,0.9438,-0.792550,0.101115,-1.694935,-0.177344,-0.177344,-10.1610,-10.1610,1,1,0.001169,0.00000137
1771742753.306186,6.840000,0.010000,-0.000848,0.078988,0.016405,0.9399,-0.792151,0.082794,-1.832134,-0.223351,-0.223351,-12.7970,-12.7970,1,1,0.000848,0.00000072
1771742753.316186,6.850000,0.010000,-0.000512,0.080688,0.016377,0.9383,-0.786198,0.063272,-1.952183,-0.288126,-0.288126,-16.5084,-16.5084,1,1,0.000512,0.00000026
1771742753.326186,6.860000,0.010000,-0.000176,0.080621,0.016493,0.9450,-0.768893,0.042699,-2.057226,-0.331586,-0.331586,-18.9985,-18.9985,1,1,0.000176,0.00000003
1771742753.336186,6.870000,0.010000,0.000159,0.080526,0.016747,0.9595,-0.752267,0.021208,-2.149139,-0.336707,-0.336707,-19.2919,-19.2919,1,1,0.000159,0.00000003
1771742753.346187,6.880000,0.010000,0.000495,0.080421,0.017133,0.9816,-0.736096,-0.001088,-2.229562,-0.314434,-0.314434,-18.0158,-18.0158,1,1,0.000495,0.00000024
1771742753.356187,6.890000,0.010000,0.000829,0.080309,0.017649,1.0112,-0.720131,-0.024087,-2.299933,-0.250343,-0.250343,-14.3436,-14.3436,1,1,0.000829,0.00000069
1771742753.366187,6.900000,0.010000,0.001163,0.080194,0.018295,1.0482,-0.704181,-0.047702,-2.361507,-0.182337,-0.182337,-10.4471,-10.4471,1,1,0.001163,0.00000135
1771742753.376187,6.910000,0.010000,0.001494,0.079384,0.018587,1.0649,-0.740046,-0.071856,-2.415385,-0.103060,-0.103060,-5.9049,-5.9049,1,1,0.001494,0.00000223
1771742753.386187,6.920000,0.010000,0.001820,0.078170,0.018242,1.0452,-0.806295,-0.089500,-1.764396,-0.052248,-0.052248,-2.9936,-2.9936,1,1,0.001820,0.00000331
1771742753.396187,6.930000,0.010000,0.002144,0.077852,0.017887,1.0249,-0.805515,-0.101448,-1.194780,-0.044506,-0.044506,-2.5500,-2.5500,1,1,0.002144,0.00000460
1771742753.406187,6.940000,0.010000,0.002465,0.077030,0.017169,0.9837,-0.842689,-0.108411,-0.696367,-0.053143,-0.053143,-3.0449,-3.0449,1,1,0.002465,0.00000608
1771742753.416187,6.950000,0.010000,0.002784,0.076631,0.016545,0.9480,-0.830810,-0.114018,-0.560643,-0.106467,-0.106467,-6.1001,-6.1001,1,1,0.002784,0.00000775
1771742753.426187,6.960000,0.010000,0.003100,0.075802,0.015391,0.8819,-0.885976,-0.121933,-0.791576,-0.110405,-0.110405,-6.3258,-6.3258,1,1,0.003100,0.00000961
1771742753.436187,6.970000,0.010000,0.003412,0.075295,0.014270,0.8176,-0.880941,-0.132350,-1.041695,-0.037652,-0.037652,-2.1573,-2.1573,1,1,0.003412,0.00001164
1771742753.446187,6.980000,0.010000,0.003722,0.074245,0.012446,0.7131,-0.954676,-0.144956,-1.260549,0.068543,0.068543,3.9272,3.9272,1,1,0.003722,0.00001385
1771742753.456187,6.990000,0.010000,0.004024,0.073233,0.010663,0.6109,-0.948998,-0.159476,-1.452046,0.208820,0.208820,11.9645,11.9645,1,1,0.004024,0.00001619
1771742753.466187,7.000000,0.010000,0.004325,0.072392,0.007952,0.4556,-1.047255,-0.175672,-1.619606,0.261439,0.261439,14.9794,14.9794,1,1,0.004325,0.00001871
1771742753.476187,7.010000,0.010000,0.004598,0.069043,0.005556,0.3184,-1.012312,-0.193018,-1.734525,0.299583,0.299583,17.1649,17.1649,1,1,0.004598,0.00002114
1771742753.486187,7.020000,0.010000,0.004892,0.070587,0.001970,0.1129,-1.139256,-0.204704,-1.168643,0.312419,0.312419,17.9003,17.9003,1,1,0.004892,0.00002394
1771742753.496186,7.030000,0.010000,0.005058,0.056438,0.000356,0.0204,-0.926800,-0.211439,-0.673497,0.315023,0.315023,18.0495,18.0495,1,1,0.005058,0.00002559
1771742753.506186,7.040000,0.010000,0.005341,0.067787,-0.004912,-0.2815,-1.318691,-0.213841,-0.240244,0.324054,0.324054,18.5669,18.5669,1,1,0.005341,0.00002852
1771742753.516186,7.050000,0.010000,0.005454,0.049168,-0.007594,-0.4351,-1.040877,-0.212453,0.138852,0.264304,0.264304,15.1435,15.1435,1,1,0.005454,0.00002974
1771742753.526186,7.060000,0.010000,0.005527,0.044465,-0.010035,-0.5749,-1.015216,-0.207747,0.470562,0.309076,0.309076,17.7087,17.7087,1,1,0.005527,0.00003055
1771742753.536186,7.070000,0.010000,0.005552,0.038909,-0.012134,-0.6952,-0.978921,-0.200139,0.760807,0.265789,0.265789,15.2286,15.2286,1,1,0.005552,0.00003083
1771742753.546186,7.080000,0.010000,0.005529,0.033318,-0.013918,-0.7974,-0.945596,-0.189992,1.014772,0.221954,0.221954,12.7170,12.7170,1,1,0.005529,0.00003057
1771742753.556186,7.090000,0.010000,0.005456,0.027516,-0.015374,-0.8809,-0.911215,-0.180043,0.994828,0.217942,0.217942,12.4872,12.4872,1,1,0.005456,0.00002977
1771742753.566186,7.100000,0.010000,0.005323,0.020828,-0.016366,-0.9377,-0.863017,-0.167848,1.219541,0.243772,0.243772,13.9671,13.9671,1,1,0.005323,0.00002834
1771742753.576186,7.110000,0.010000,0.005140,0.014997,-0.017042,-0.9764,-0.830569,-0.153686,1.416164,0.238077,0.238077,13.6408,13.6408,1,1,0.005140,0.00002642
1771742753.586186,7.120000,0.010000,0.004881,0.006578,-0.016970,-0.9723,-0.752110,-0.137804,1.588209,0.241718,0.241718,13.8494,13.8494,1,1,0.004881,0.00002382
1771742753.596187,7.130000,0.010000,0.004595,0.003377,-0.016996,-0.9738,-0.763870,-0.120417,1.738749,0.201398,0.201398,11.5392,11.5392,1,1,0.004595,0.00002112
1771742753.606187,7.140000,0.010000,0.004262,0.000004,-0.016569,-0.9494,-0.729828,-0.101712,1.870471,0.249542,0.249542,14.2977,14.2977,1,1,0.004262,0.00001816
1771742753.616187,7.150000,0.010000,0.003917,0.000004,-0.016025,-0.9182,-0.726808,-0.081855,1.985728,0.227108,0.227108,13.0123,13.0123,1,1,0.003917,0.00001535
1771742753.626187,7.160000,0.010000,0.003574,0.000003,-0.015480,-0.8869,-0.726640,-0.060989,2.086578,0.199582,0.199582,11.4352,11.4352,1,1,0.003574,0.00001277
1771742753.636187,7.170000,0.010000,0.003231,0.000002,-0.014953,-0.8567,-0.728677,-0.039241,2.174822,0.169384,0.169384,9.7050,9.7050,1,1,0.003231,0.00001044
1771742753.646187,7.180000,0.010000,0.002890,0.000001,-0.014458,-0.8284,-0.732435,-0.016720,2.252035,0.152450,0.152450,8.7347,8.7347,1,1,0.002890,0.00000835
1771742753.656187,7.190000,0.010000,0.002549,0.000000,-0.014009,-0.8026,-0.737557,0.006476,2.319596,0.151483,0.151483,8.6794,8.6794,1,1,0.002549,0.00000650
1771742753.666187,7.200000,0.010000,0.002210,-0.000001,-0.013613,-0.7800,-0.743779,0.030263,2.378713,0.095397,0.095397,5.4658,5.4658,1,1,0.002210,0.00000488
1771742753.676187,7.210000,0.010000,0.001871,-0.000001,-0.013279,-0.7609,-0.750908,0.054224,2.396141,0.055446,0.055446,3.1768,3.1768,1,1,0.001871,0.00000350
1771742753.686187,7.220000,0.010000,0.001533,-0.000002,-0.013015,-0.7457,-0.758803,0.074689,2.046475,0.006677,0.006677,0.3826,0.3826,1,1,0.001533,0.00000235
1771742753.696187,7.230000,0.010000,0.001195,-0.000003,-0.012824,-0.7348,-0.767362,0.095824,2.113535,-0.006823,-0.006823,-0.3909,-0.3909,1,1,0.001195,0.00000143
1771742753.706187,7.240000,0.010000,0.000858,-0.000004,-0.012356,-0.7080,-0.690907,0.113606,1.778155,-0.091749,-0.091749,-5.2569,-5.2569,1,1,0.000858,0.00000074
1771742753.716187,7.250000,0.010000,0.000526,-0.000005,-0.011480,-0.6578,-0.651644,0.129620,1.601407,-0.107081,-0.107081,-6.1353,-6.1353,1,1,0.000526,0.00000028
1771742753.726187,7.260000,0.010000,0.000197,-0.000005,-0.010340,-0.5924,-0.617272,0.140142,1.052165,-0.136171,-0.136171,-7.8020,-7.8020,1,1,0.000197,0.00000004
1771742753.736187,7.270000,0.010000,-0.000129,-0.000005,-0.008873,-0.5084,-0.563952,0.152839,1.269710,-0.136053,-0.136053,-7.7953,-7.7953,1,1,0.000129,0.00000002
1771742753.746186,7.280000,0.010000,-0.000452,-0.000006,-0.007209,-0.4130,-0.557194,0.162122,0.928362,-0.163431,-0.163431,-9.3639,-9.3639,1,1,0.000452,0.00000020
1771742753.756186,7.290000,0.010000,-0.000773,-0.000006,-0.005450,-0.3122,-0.537646,0.166805,0.468246,-0.170567,-0.170567,-9.7728,-9.7728,1,1,0.000773,0.00000060
1771742753.766186,7.300000,0.010000,-0.001083,0.002265,-0.003795,-0.2174,-0.576132,0.167411,0.060649,-0.154272,-0.154272,-8.8391,-8.8391,1,1,0.001083,0.00000117
1771742753.776186,7.310000,0.010000,-0.001393,0.000180,-0.002085,-0.1194,-0.529609,0.165541,-0.187015,-0.117386,-0.117386,-6.7257,-6.7257,1,1,0.001393,0.00000194
1771742753.786186,7.320000,0.010000,-0.001678,0.007398,-0.000712,-0.0408,-0.645823,0.163784,-0.175720,-0.048266,-0.048266,-2.7655,-2.7655,1,1,0.001678,0.00000282
1771742753.796186,7.330000,0.010000,-0.001968,-0.000006,0.000925,0.0530,-0.486576,0.158756,-0.502821,-0.101250,-0.101250,-5.8012,-5.8012,1,1,0.001968,0.00000387
1771742753.806186,7.340000,0.010000,-0.002243,0.009000,0.002512,0.1439,-0.624763,0.150865,-0.789034,0.061741,0.061741,3.5375,3.5375,1,1,0.002243,0.00000503
1771742753.816186,7.350000,0.010000,-0.002458,0.015782,0.003236,0.1854,-0.718029,0.140471,-1.039471,0.051390,0.051390,2.9444,2.9444,1,1,0.002458,0.00000604
1771742753.826186,7.360000,0.010000,-0.002642,0.016985,0.003679,0.2108,-0.708312,0.127885,-1.258603,0.072307,0.072307,4.1429,4.1429,1,1,0.002642,0.00000698
1771742753.836186,7.370000,0.010000,-0.002796,0.022785,0.003855,0.2209,-0.778304,0.113381,-1.450343,0.180013,0.180013,10.3140,10.3140,1,1,0.002796,0.00000782
1771742753.846187,7.380000,0.010000,-0.002909,0.027469,0.003588,0.2056,-0.826488,0.097200,-1.618116,0.221750,0.221750,12.7053,12.7053,1,1,0.002909,0.00000846
1771742753.856187,7.390000,0.010000,-0.002988,0.031387,0.003012,0.1726,-0.860190,0.079551,-1.764918,0.232189,0.232189,13.3035,13.3035,1,1,0.002988,0.00000893
1771742753.866187,7.400000,0.010000,-0.003037,0.034761,0.002217,0.1270,-0.884169,0.060617,-1.893369,0.237623,0.237623,13.6148,13.6148,1,1,0.003037,0.00000922
1771742753.876187,7.410000,0.010000,-0.003061,0.037728,0.001264,0.0724,-0.901523,0.040559,-2.005764,0.251858,0.251858,14.4304,14.4304,1,1,0.003061,0.00000937
1771742753.886187,7.420000,0.010000,-0.003062,0.040375,0.000197,0.0113,-0.914266,0.019518,-2.104109,0.239298,0.239298,13.7108,13.7108,1,1,0.003062,0.00000938
1771742753.896187,7.430000,0.010000,-0.003043,0.042753,-0.000957,-0.0548,-0.923725,-0.002205,-2.172378,0.223995,0.223995,12.8340,12.8340,1,1,0.003043,0.00000926
1771742753.906187,7.440000,0.010000,-0.003005,0.044894,-0.002173,-0.1245,-0.930771,-0.017723,-1.551765,0.252381,0.252381,14.4604,14.4604,1,1,0.003005,0.00000903
1771742753.916187,7.450000,0.010000,-0.002952,0.046813,-0.003436,-0.1969,-0.935985,-0.027810,-1.008728,0.251230,0.251230,14.3944,14.3944,1,1,0.002952,0.00000871
1771742753.926187,7.460000,0.010000,-0.002883,0.048521,-0.004733,-0.2712,-0.939763,-0.036990,-0.917999,0.220674,0.220674,12.6437,12.6437,1,1,0.002883,0.00000831
1771742753.936187,7.470000,0.010000,-0.002802,0.050014,-0.006052,-0.3468,-0.942244,-0.041532,-0.454183,0.221566,0.221566,12.6948,12.6948,1,1,0.002802,0.00000785
1771742753.946187,7.480000,0.010000,-0.002709,0.051281,-0.007382,-0.4229,-0.943367,-0.042016,-0.048345,0.191231,0.191231,10.9567,10.9567,1,1,0.002709,0.00000734
1771742753.956187,7.490000,0.010000,-0.002607,0.052356,-0.008716,-0.4994,-0.943886,-0.038948,0.306764,0.199620,0.199620,11.4374,11.4374,1,1,0.002607,0.00000680
1771742753.966187,7.500000,0.010000,-0.002498,0.053236,-0.010051,-0.5759,-0.943851,-0.032773,0.617485,0.197887,0.197887,11.3381,11.3381,1,1,0.002498,0.00000624
1771742753.976187,7.510000,0.010000,-0.002383,0.053920,-0.011382,-0.6521,-0.943321,-0.023879,0.889365,0.199834,0.199834,11.4496,11.4496,1,1,0.002383,0.00000568
1771742753.986187,7.520000,0.010000,-0.002263,0.054408,-0.012704,-0.7279,-0.942354,-0.012607,1.127260,0.183503,0.183503,10.5140,10.5140,1,1,0.002263,0.00000512
1771742753.996186,7.530000,0.010000,-0.002140,0.054703,-0.014016,-0.8031,-0.941017,0.000747,1.335419,0.117128,0.117128,6.7109,6.7109,1,1,0.002140,0.00000458
1771742754.006186,7.540000,0.010000,-0.002016,0.054806,-0.015314,-0.8774,-0.939375,0.015923,1.517557,0.042890,0.042890,2.4574,2.4574,1,1,0.002016,0.00000406
1771742754.016186,7.550000,0.010000,-0.001893,0.054722,-0.016596,-0.9509,-0.937500,0.032692,1.676928,-0.007671,-0.007671,-0.4395,-0.4395,1,1,0.001893,0.00000358
1771742754.026186,7.560000,0.010000,-0.001785,0.051037,-0.017606,-1.0087,-0.874204,0.050856,1.816378,-0.046175,-0.046175,-2.6456,-2.6456,1,1,0.001785,0.00000319
1771742754.036186,7.570000,0.010000,-0.001714,0.045475,-0.018009,-1.0318,-0.779872,0.070240,1.938397,-0.089766,-0.089766,-5.1432,-5.1432,1,1,0.001714,0.00000294
1771742754.046186,7.580000,0.010000,-0.001671,0.043350,-0.017961,-1.0291,-0.748476,0.090692,2.045163,-0.153754,-0.153754,-8.8095,-8.8095,1,1,0.001671,0.00000279
1771742754.056186,7.590000,0.010000,-0.001663,0.036550,-0.017327,-0.9927,-0.633659,0.106939,1.624784,-0.217181,-0.217181,-12.4436,-12.4436,1,1,0.001663,0.00000277
1771742754.066186,7.600000,0.010000,-0.001659,0.041428,-0.016694,-0.9565,-0.727341,0.121268,1.432834,-0.223032,-0.223032,-12.7788,-12.7788,1,1,0.001659,0.00000275
1771742754.076186,7.610000,0.010000,-0.001709,0.024584,-0.015139,-0.8674,-0.430799,0.130314,0.904664,-0.235848,-0.235848,-13.5131,-13.5131,1,1,0.001709,0.00000292
1771742754.086186,7.620000,0.010000,-0.001777,0.033899,-0.013292,-0.7616,-0.600460,0.138978,0.866321,-0.175407,-0.175407,-10.0501,-10.0501,1,1,0.001777,0.00000316
1771742754.096187,7.630000,0.010000,-0.001822,0.031811,-0.011855,-0.6792,-0.562334,0.146341,0.736367,-0.247981,-0.247981,-14.2083,-14.2083,1,1,0.001822,0.00000332
1771742754.106187,7.640000,0.010000,-0.001867,0.033296,-0.010386,-0.5951,-0.585717,0.153028,0.668657,-0.250684,-0.250684,-14.3631,-14.3631,1,1,0.001867,0.00000349
1771742754.116187,7.650000,0.010000,-0.001924,0.029403,-0.008678,-0.4972,-0.510155,0.156837,0.380940,-0.269694,-0.269694,-15.4523,-15.4523,1,1,0.001924,0.00000370
1771742754.126187,7.660000,0.010000,-0.001958,0.037658,-0.007294,-0.4179,-0.649125,0.156680,-0.015743,-0.231910,-0.231910,-13.2875,-13.2875,1,1,0.001958,0.00000384
1771742754.136187,7.670000,0.010000,-0.002007,0.027453,-0.005562,-0.3187,-0.455066,0.153051,-0.362841,-0.239957,-0.239957,-13.7485,-13.7485,1,1,0.002007,0.00000403
1771742754.146187,7.680000,0.010000,-0.002050,0.036973,-0.003831,-0.2195,-0.611319,0.146386,-0.666552,-0.105590,-0.105590,-6.0499,-6.0499,1,1,0.002050,0.00000420
1771742754.156187,7.690000,0.010000,-0.002033,0.043546,-0.003041,-0.1742,-0.711668,0.137063,-0.932299,-0.127126,-0.127126,-7.2838,-7.2838,1,1,0.002033,0.00000413
1771742754.166187,7.700000,0.010000,-0.001994,0.043013,-0.002465,-0.1412,-0.683688,0.125415,-1.164827,-0.127184,-0.127184,-7.2871,-7.2871,1,1,0.001994,0.00000398
1771742754.176187,7.710000,0.010000,-0.001936,0.048148,-0.002101,-0.1204,-0.756693,0.111732,-1.368290,-0.091954,-0.091954,-5.2686,-5.2686,1,1,0.001936,0.00000375
1771742754.186187,7.720000,0.010000,-0.001844,0.051748,-0.002166,-0.1241,-0.802164,0.096269,-1.546319,-0.069530,-0.069530,-3.9838,-3.9838,1,1,0.001844,0.00000340
1771742754.196187,7.730000,0.010000,-0.001729,0.054338,-0.002498,-0.1431,-0.830453,0.079248,-1.702095,-0.059368,-0.059368,-3.4015,-3.4015,1,1,0.001729,0.00000299
1771742754.206187,7.740000,0.010000,-0.001597,0.056204,-0.002993,-0.1715,-0.847337,0.060864,-1.838399,-0.029879,-0.029879,-1.7119,-1.7119,1,1,0.001597,0.00000255
1771742754.216187,7.750000,0.010000,-0.001453,0.057535,-0.003578,-0.2050,-0.856608,0.041287,-1.957665,-0.010647,-0.010647,-0.6100,-0.6100,1,1,0.001453,0.00000211
1771742754.226187,7.760000,0.010000,-0.001301,0.058456,-0.004208,-0.2411,-0.860767,0.020667,-2.062023,-0.003992,-0.003992,-0.2287,-0.2287,1,1,0.001301,0.00000169
1771742754.236187,7.770000,0.010000,-0.001143,0.059050,-0.004850,-0.2779,-0.861467,-0.000867,-2.153336,0.015780,0.015780,0.9041,0.9041,1,1,0.001143,0.00000131
1771742754.246186,7.780000,0.010000,-0.000981,0.059374,-0.005482,-0.3141,-0.859811,-0.023199,-2.233235,0.024181,0.024181,1.3855,1.3855,1,1,0.000981,0.00000096
1771742754.256186,7.790000,0.010000,-0.000819,0.059469,-0.006089,-0.3489,-0.856542,-0.046230,-2.303146,0.083085,0.083085,4.7604,4.7604,1,1,0.000819,0.00000067
1771742754.266186,7.800000,0.010000,-0.000657,0.059365,-0.006662,-0.3817,-0.852167,-0.069874,-2.364319,0.195463,0.195463,11.1992,11.1992,1,1,0.000657,0.00000043
1771742754.276186,7.810000,0.010000,-0.000497,0.059083,-0.007194,-0.4122,-0.847037,-0.087071,-1.719713,0.269148,0.269148,15.4210,15.4210,1,1,0.000497,0.00000025
1771742754.286186,7.820000,0.010000,-0.000340,0.058643,-0.007679,-0.4400,-0.841404,-0.098628,-1.155683,0.314147,0.314147,17.9993,17.9993,1,1,0.000340,0.00000012
1771742754.296186,7.830000,0.010000,-0.000188,0.058059,-0.008115,-0.4649,-0.835451,-0.105249,-0.662157,0.292940,0.292940,16.7842,16.7842,1,1,0.000188,0.00000004
1771742754.306186,7.840000,0.010000,-0.000041,0.057346,-0.008500,-0.4870,-0.829318,-0.107552,-0.230321,0.207021,0.207021,11.8614,11.8614,1,1,0.000041,0.00000000
1771742754.316186,7.850000,0.010000,0.000098,0.056516,-0.008833,-0.5061,-0.823103,-0.106077,0.147535,0.076097,0.076097,4.3601,4.3601,1,1,0.000098,0.00000001
1771742754.326186,7.860000,0.010000,0.000231,0.055583,-0.009114,-0.5222,-0.816882,-0.101295,0.478159,-0.013496,-0.013496,-0.7733,-0.7733,1,1,0.000231,0.00000005
1771742754.336186,7.870000,0.010000,0.000354,0.054557,-0.009344,-0.5354,-0.810738,-0.093621,0.767455,-0.099053,-0.099053,-5.6753,-5.6753,1,1,0.000354,0.00000013
1771742754.346187,7.880000,0.010000,0.000469,0.053453,-0.009524,-0.5457,-0.804743,-0.083415,1.020589,-0.148228,-0.148228,-8.4928,-8.4928,1,1,0.000469,0.00000022
1771742754.356187,7.890000,0.010000,0.000574,0.052282,-0.009655,-0.5532,-0.798956,-0.073487,0.992792,-0.164131,-0.164131,-9.4040,-9.4040,1,1,0.000574,0.00000033
1771742754.366187,7.900000,0.010000,0.000669,0.051057,-0.009740,-0.5581,-0.793427,-0.062329,1.115834,-0.145218,-0.145218,-8.3204,-8.3204,1,1,0.000669,0.00000045
1771742754.376187,7.910000,0.010000,0.000754,0.049789,-0.009781,-0.5604,-0.788203,-0.051515,1.081375,-0.107966,-0.107966,-6.1860,-6.1860,1,1,0.000754,0.00000057
1771742754.386187,7.920000,0.010000,0.000828,0.048490,-0.009780,-0.5604,-0.783325,-0.038562,1.295269,-0.080745,-0.080745,-4.6263,-4.6263,1,1,0.000828,0.00000069
1771742754.396187,7.930000,0.010000,0.000891,0.047171,-0.009741,-0.5581,-0.778822,-0.023738,1.482426,-0.043109,-0.043109,-2.4700,-2.4700,1,1,0.000891,0.00000079
1771742754.406187,7.940000,0.010000,0.000943,0.045842,-0.009668,-0.5539,-0.774723,-0.007276,1.646189,-0.033624,-0.033624,-1.9265,-1.9265,1,1,0.000943,0.00000089
1771742754.416187,7.950000,0.010000,0.000983,0.044514,-0.009562,-0.5479,-0.771051,0.010619,1.789481,-0.025263,-0.025263,-1.4474,-1.4474,1,1,0.000983,0.00000097
1771742754.426187,7.960000,0.010000,0.001013,0.043197,-0.009430,-0.5403,-0.767825,0.029767,1.914862,-0.012421,-0.012421,-0.7117,-0.7117,1,1,0.001013,0.00000103
1771742754.436187,7.970000,0.010000,0.001032,0.041898,-0.009273,-0.5313,-0.765063,0.050013,2.024570,-0.050950,-0.050950,-2.9192,-2.9192,1,1,0.001032,0.00000106
1771742754.446187,7.980000,0.010000,0.001040,0.040628,-0.009096,-0.5212,-0.762773,0.064237,1.422433,-0.121871,-0.121871,-6.9827,-6.9827,1,1,0.001040,0.00000108
1771742754.456187,7.990000,0.010000,0.001038,0.039393,-0.008903,-0.5101,-0.760966,0.073193,0.895563,-0.063249,-0.063249,-3.6239,-3.6239,1,1,0.001038,0.00000108
1771742754.466187,8.000000,0.010000,0.001026,0.038201,-0.008698,-0.4984,-0.759643,0.077538,0.434552,-0.028775,-0.028775,-1.6487,-1.6487,1,1,0.001026,0.00000105
1771742754.476187,8.010000,0.010000,0.001004,0.037059,-0.008485,-0.4862,-0.758805,0.077850,0.031167,0.022418,0.022418,1.2845,1.2845,1,1,0.001004,0.00000101
1771742754.486187,8.020000,0.010000,0.000973,0.035972,-0.008269,-0.4738,-0.758451,0.074632,-0.321795,0.074028,0.074028,4.2415,4.2415,1,1,0.000973,0.00000095
1771742754.496186,8.030000,0.010000,0.000934,0.034945,-0.008052,-0.4613,-0.758573,0.068326,-0.630636,0.098304,0.098304,5.6324,5.6324,1,1,0.000934,0.00000087
1771742754.506186,8.040000,0.010000,0.000886,0.033983,-0.007839,-0.4491,-0.759160,0.059317,-0.900873,0.096698,0.096698,5.5404,5.5404,1,1,0.000886,0.00000078
1771742754.516186,8.050000,0.010000,0.000830,0.033088,-0.007633,-0.4374,-0.760204,0.047944,-1.137329,0.111031,0.111031,6.3616,6.3616,1,1,0.000830,0.00000069
1771742754.526186,8.060000,0.010000,0.000768,0.032264,-0.007439,-0.4262,-0.761692,0.036562,-1.138159,0.157343,0.157343,9.0151,9.0151,1,1,0.000768,0.00000059
1771742754.536186,8.070000,0.010000,0.000699,0.031513,-0.007260,-0.4160,-0.763607,0.027789,-0.877324,0.185763,0.185763,10.6434,10.6434,1,1,0.000699,0.00000049
1771742754.546186,8.080000,0.010000,0.000624,0.030836,-0.007099,-0.4068,-0.765932,0.021157,-0.663144,0.190169,0.190169,10.8959,10.8959,1,1,0.000624,0.00000039
1771742754.556186,8.090000,0.010000,0.000545,0.030235,-0.006960,-0.3988,-0.768647,0.016960,-0.419731,0.192070,0.192070,11.0048,11.0048,1,1,0.000545,0.00000030
1771742754.566186,8.100000,0.010000,0.000460,0.029708,-0.006846,-0.3923,-0.771732,0.009797,-0.716330,0.184309,0.184309,10.5601,10.5601,1,1,0.000460,0.00000021
1771742754.576186,8.110000,0.010000,0.000372,0.029255,-0.006760,-0.3873,-0.775165,0.000038,-0.975855,0.212987,0.212987,12.2033,12.2033,1,1,0.000372,0.00000014
1771742754.586186,8.120000,0.010000,0.000280,0.028875,-0.006704,-0.3841,-0.778925,-0.007873,-0.791092,0.234025,0.234025,13.4086,13.4086,1,1,0.000280,0.00000008
1771742754.596187,8.130000,0.010000,0.000186,0.028565,-0.006682,-0.3828,-0.782988,-0.011304,-0.343139,0.223003,0.223003,12.7771,12.7771,1,1,0.000186,0.00000003
1771742754.606187,8.140000,0.010000,0.000089,0.028325,-0.006695,-0.3836,-0.787332,-0.010816,0.048819,0.192585,0.192585,11.0343,11.0343,1,1,0.000089,0.00000001
1771742754.616187,8.150000,0.010000,-0.000009,0.028149,-0.006746,-0.3865,-0.791934,-0.006898,0.391782,0.160953,0.160953,9.2219,9.2219,1,1,0.000009,0.00000000
1771742754.626187,8.160000,0.010000,-0.000108,0.028036,-0.006836,-0.3917,-0.796771,0.000021,0.691876,0.172269,0.172269,9.8703,9.8703,1,1,0.000108,0.00000001
1771742754.636187,8.170000,0.010000,-0.000208,0.027980,-0.006969,-0.3993,-0.801822,0.009565,0.954457,0.175201,0.175201,10.0383,10.0383,1,1,0.000208,0.00000004
1771742754.646187,8.180000,0.010000,-0.000307,0.027979,-0.007145,-0.4094,-0.807065,0.021408,1.184216,0.172839,0.172839,9.9030,9.9030,1,1,0.000307,0.00000009
1771742754.656187,8.190000,0.010000,-0.000407,0.028026,-0.007365,-0.4220,-0.812481,0.035260,1.385255,0.154341,0.154341,8.8431,8.8431,1,1,0.000407,0.00000017
1771742754.666187,8.200000,0.010000,-0.000506,0.028118,-0.007632,-0.4373,-0.818049,0.050872,1.561164,0.104186,0.104186,5.9694,5.9694,1,1,0.000506,0.00000026
1771742754.676187,8.210000,0.010000,-0.000604,0.028249,-0.007946,-0.4553,-0.823752,0.068023,1.715084,0.054251,0.054251,3.1084,3.1084,1,1,0.000604,0.00000036
1771742754.686187,8.220000,0.010000,-0.000700,0.028414,-0.008309,-0.4761,-0.829574,0.083528,1.550589,-0.007284,-0.007284,-0.4173,-0.4173,1,1,0.000700,0.00000049
1771742754.696187,8.230000,0.010000,-0.000822,0.022173,-0.008239,-0.4721,-0.719870,0.096126,1.259752,-0.037120,-0.037120,-2.1268,-2.1268,1,1,0.000822,0.00000068
1771742754.706187,8.240000,0.010000,-0.000954,0.024682,-0.007998,-0.4582,-0.766077,0.110639,1.451348,-0.049365,-0.049365,-2.8284,-2.8284,1,1,0.000954,0.00000091
1771742754.716187,8.250000,0.010000,-0.001135,0.010830,-0.006878,-0.3941,-0.516878,0.126063,1.542316,-0.131601,-0.131601,-7.5402,-7.5402,1,1,0.001135,0.00000129
1771742754.726187,8.260000,0.010000,-0.001333,0.017790,-0.005430,-0.3111,-0.637864,0.138180,1.211754,-0.171248,-0.171248,-9.8118,-9.8118,1,1,0.001333,0.00000178
1771742754.736187,8.270000,0.010000,-0.001513,0.016118,-0.004236,-0.2427,-0.599976,0.145292,0.711219,-0.192819,-0.192819,-11.0477,-11.0477,1,1,0.001513,0.00000229
1771742754.746186,8.280000,0.010000,-0.001682,0.020209,-0.003179,-0.1821,-0.661959,0.148025,0.273250,-0.167472,-0.167472,-9.5955,-9.5955,1,1,0.001682,0.00000283
1771742754.756186,8.290000,0.010000,-0.001868,0.012168,-0.001674,-0.0959,-0.503417,0.151055,0.303055,-0.148647,-0.148647,-8.5168,-8.5168,1,1,0.001868,0.00000349
1771742754.766186,8.300000,0.010000,-0.002045,0.020631,-0.000195,-0.0111,-0.636540,0.154074,0.301824,-0.102383,-0.102383,-5.8661,-5.8661,1,1,0.002045,0.00000418
1771742754.776186,8.310000,0.010000,-0.002213,0.015743,0.001289,0.0739,-0.526740,0.156419,0.234572,-0.164207,-0.164207,-9.4084,-9.4084,1,1,0.002213,0.00000490
1771742754.786186,8.320000,0.010000,-0.002359,0.024347,0.002606,0.1493,-0.654651,0.156160,-0.025980,-0.129261,-0.129261,-7.4061,-7.4061,1,1,0.002359,0.00000556
1771742754.796186,8.330000,0.010000,-0.002490,0.020727,0.003881,0.2224,-0.560460,0.152442,-0.371798,-0.151352,-0.151352,-8.6719,-8.6719,1,1,0.002490,0.00000620
1771742754.806186,8.340000,0.010000,-0.002595,0.029160,0.004977,0.2852,-0.678734,0.145698,-0.674389,-0.055903,-0.055903,-3.2030,-3.2030,1,1,0.002595,0.00000674
1771742754.816186,8.350000,0.010000,-0.002654,0.033181,0.005520,0.3163,-0.715319,0.136306,-0.939156,-0.060530,-0.060530,-3.4681,-3.4681,1,1,0.002654,0.00000704
1771742754.826186,8.360000,0.010000,-0.002675,0.038656,0.005687,0.3258,-0.776409,0.124598,-1.170828,-0.032186,-0.032186,-1.8441,-1.8441,1,1,0.002675,0.00000716
1771742754.836186,8.370000,0.010000,-0.002661,0.042205,0.005540,0.3174,-0.802497,0.110862,-1.373540,0.001827,0.001827,0.1047,0.1047,1,1,0.002661,0.00000708
1771742754.846187,8.380000,0.010000,-0.002616,0.046215,0.005160,0.2957,-0.837105,0.095353,-1.550913,0.039320,0.039320,2.2529,2.2529,1,1,0.002616,0.00000684
1771742754.856187,8.390000,0.010000,-0.002543,0.049476,0.004573,0.2620,-0.859225,0.078292,-1.706115,0.061712,0.061712,3.5358,3.5358,1,1,0.002543,0.00000647
1771742754.866187,8.400000,0.010000,-0.002446,0.052190,0.003855,0.2209,-0.873062,0.059873,-1.841917,0.050480,0.050480,2.8923,2.8923,1,1,0.002446,0.00000598
1771742754.876187,8.410000,0.010000,-0.002329,0.054477,0.003058,0.1752,-0.881186,0.040266,-1.960743,0.052463,0.052463,3.0059,3.0059,1,1,0.002329,0.00000543
1771742754.886187,8.420000,0.010000,-0.002196,0.056412,0.002221,0.1272,-0.885294,0.019618,-2.064716,0.032494,0.032494,1.8618,1.8618,1,1,0.002196,0.00000482
1771742754.896187,8.430000,0.010000,-0.002048,0.058047,0.001368,0.0784,-0.886517,0.004368,-1.525013,0.013123,0.013123,0.7519,0.7519,1,1,0.002048,0.00000419
1771742754.906187,8.440000,0.010000,-0.001888,0.059415,0.000519,0.0297,-0.885609,-0.012466,-1.683452,0.042233,0.042233,2.4198,2.4198,1,1,0.001888,0.00000356
1771742754.916187,8.450000,0.010000,-0.001719,0.060538,-0.000311,-0.0178,-0.883090,-0.027066,-1.459929,0.065621,0.065621,3.7598,3.7598,1,1,0.001719,0.00000295
1771742754.926187,8.460000,0.010000,-0.001541,0.061432,-0.001112,-0.0637,-0.879321,-0.042601,-1.553586,0.082135,0.082135,4.7060,4.7060,1,1,0.001541,0.00000238
1771742754.936187,8.470000,0.010000,-0.001358,0.062110,-0.001874,-0.1074,-0.874560,-0.052705,-1.010322,0.136003,0.136003,7.7924,7.7924,1,1,0.001358,0.00000184
1771742754.946187,8.480000,0.010000,-0.001170,0.062581,-0.002591,-0.1484,-0.869000,-0.058054,-0.534966,0.097789,0.097789,5.6029,5.6029,1,1,0.001170,0.00000137
1771742754.956187,8.490000,0.010000,-0.000979,0.062857,-0.003257,-0.1866,-0.862789,-0.059245,-0.119029,0.025100,0.025100,1.4381,1.4381,1,1,0.000979,0.00000096
1771742754.966187,8.500000,0.010000,-0.000788,0.062945,-0.003867,-0.2216,-0.856049,-0.056795,0.244915,-0.063243,-0.063243,-3.6236,-3.6236,1,1,0.000788,0.00000062
1771742754.976187,8.510000,0.010000,-0.000597,0.062855,-0.004418,-0.2531,-0.848882,-0.051162,0.563367,-0.111052,-0.111052,-6.3628,-6.3628,1,1,0.000597,0.00000036
1771742754.986187,8.520000,0.010000,-0.000407,0.062597,-0.004907,-0.2812,-0.841379,-0.042742,0.842012,-0.096182,-0.096182,-5.5108,-5.5108,1,1,0.000407,0.00000017
1771742754.996186,8.530000,0.010000,-0.000221,0.062182,-0.005332,-0.3055,-0.833621,-0.031883,1.085826,-0.055319,-0.055319,-3.1695,-3.1695,1,1,0.000221,0.00000005
1771742755.006186,8.540000,0.010000,-0.000040,0.061621,-0.005690,-0.3260,-0.825685,-0.021340,1.054327,-0.013620,-0.013620,-0.7804,-0.7804,1,1,0.000040,0.00000000
1771742755.016186,8.550000,0.010000,0.000137,0.060924,-0.005982,-0.3427,-0.817614,-0.014611,0.672926,0.002508,0.002508,0.1437,0.1437,1,1,0.000137,0.00000002
1771742755.026186,8.560000,0.010000,0.000306,0.060102,-0.006205,-0.3555,-0.809468,-0.011144,0.346678,-0.007105,-0.007105,-0.4071,-0.4071,1,1,0.000306,0.00000009
1771742755.036186,8.570000,0.010000,0.000468,0.059168,-0.006361,-0.3645,-0.801321,-0.004620,0.652409,-0.047023,-0.047023,-2.6942,-2.6942,1,1,0.000468,0.00000022
1771742755.046186,8.580000,0.010000,0.000622,0.058137,-0.006450,-0.3695,-0.793238,0.004160,0.878013,-0.000028,-0.000028,-0.0016,-0.0016,1,1,0.000622,0.00000039
1771742755.056186,8.590000,0.010000,0.000767,0.057020,-0.006472,-0.3708,-0.785277,0.013907,0.974690,0.034505,0.034505,1.9770,1.9770,1,1,0.000767,0.00000059
1771742755.066186,8.600000,0.010000,0.000901,0.055832,-0.006429,-0.3683,-0.777493,0.025926,1.201920,0.002020,0.002020,0.1157,0.1157,1,1,0.000901,0.00000081
1771742755.076186,8.610000,0.010000,0.001026,0.054586,-0.006322,-0.3622,-0.769932,0.034909,0.898289,-0.035063,-0.035063,-2.0089,-2.0089,1,1,0.001026,0.00000105
1771742755.086186,8.620000,0.010000,0.001140,0.053296,-0.006155,-0.3526,-0.762642,0.039278,0.436937,-0.023317,-0.023317,-1.3360,-1.3360,1,1,0.001140,0.00000130
1771742755.096187,8.630000,0.010000,0.001243,0.051973,-0.005929,-0.3397,-0.755652,0.039611,0.033254,0.026805,0.026805,1.5358,1.5358,1,1,0.001243,0.00000154
1771742755.106187,8.640000,0.010000,0.001335,0.050630,-0.005647,-0.3235,-0.748995,0.036411,-0.319969,0.011410,0.011410,0.6538,0.6538,1,1,0.001335,0.00000178
1771742755.116187,8.650000,0.010000,0.001415,0.049280,-0.005312,-0.3044,-0.742700,0.030121,-0.629039,0.003512,0.003512,0.2012,0.2012,1,1,0.001415,0.00000200
1771742755.126187,8.660000,0.010000,0.001484,0.047935,-0.004927,-0.2823,-0.736788,0.021126,-0.899475,-0.008532,-0.008532,-0.4888,-0.4888,1,1,0.001484,0.00000220
1771742755.136187,8.670000,0.010000,0.001543,0.046604,-0.004496,-0.2576,-0.731279,0.016746,-0.437974,0.030384,0.030384,1.7409,1.7409,1,1,0.001543,0.00000238
1771742755.146187,8.680000,0.010000,0.001590,0.045300,-0.004022,-0.2304,-0.726185,0.014967,-0.177984,0.006506,0.006506,0.3728,0.3728,1,1,0.001590,0.00000253
1771742755.156187,8.690000,0.010000,0.001627,0.044032,-0.003508,-0.2010,-0.721515,0.012208,-0.275897,0.000453,0.000453,0.0260,0.0260,1,1,0.001627,0.00000265
1771742755.166187,8.700000,0.010000,0.001653,0.042808,-0.002958,-0.1695,-0.717272,0.006303,-0.590475,0.008236,0.008236,0.4719,0.4719,1,1,0.001653,0.00000273
1771742755.176187,8.710000,0.010000,0.001670,0.041639,-0.002375,-0.1361,-0.713457,0.004627,-0.167600,0.039176,0.039176,2.2446,2.2446,1,1,0.001670,0.00000279
1771742755.186187,8.720000,0.010000,0.001677,0.040531,-0.001764,-0.1011,-0.710064,0.006651,0.202416,-0.006053,-0.006053,-0.3468,-0.3468,1,1,0.001677,0.00000281
1771742755.196187,8.730000,0.010000,0.001675,0.039493,-0.001126,-0.0645,-0.707087,0.006072,-0.057892,-0.015946,-0.015946,-0.9136,-0.9136,1,1,0.001675,0.00000281
1771742755.206187,8.740000,0.010000,0.001665,0.038529,-0.000467,-0.0267,-0.704512,0.002075,-0.399721,-0.005610,-0.005610,-0.3214,-0.3214,1,1,0.001665,0.00000277
1771742755.216187,8.750000,0.010000,0.001648,0.037645,0.000212,0.0121,-0.702321,-0.001099,-0.317402,0.025214,0.025214,1.4446,1.4446,1,1,0.001648,0.00000272
1771742755.226187,8.760000,0.010000,0.001624,0.036846,0.000907,0.0519,-0.700499,-0.000386,0.071339,0.013411,0.013411,0.7684,0.7684,1,1,0.001624,0.00000264
1771742755.236187,8.770000,0.010000,0.001594,0.036136,0.001614,0.0925,-0.699025,0.001089,0.147448,-0.017768,-0.017768,-1.0180,-1.0180,1,1,0.001594,0.00000254
1771742755.246186,8.780000,0.010000,0.001558,0.035519,0.002332,0.1336,-0.697873,0.001392,0.030295,-0.013197,-0.013197,-0.7561,-0.7561,1,1,0.001558,0.00000243
1771742755.256186,8.790000,0.010000,0.001518,0.034996,0.003058,0.1752,-0.697016,0.000151,-0.124044,-0.006094,-0.006094,-0.3492,-0.3492,1,1,0.001518,0.00000230
1771742755.266186,8.800000,0.010000,0.001474,0.034568,0.003790,0.2172,-0.696423,0.002557,0.240527,0.004822,0.004822,0.2763,0.2763,1,1,0.001474,0.00000217
1771742755.276186,8.810000,0.010000,0.001427,0.034238,0.004525,0.2593,-0.696065,0.003050,0.049368,0.003923,0.003923,0.2248,0.2248,1,1,0.001427,0.00000204
1771742755.286186,8.820000,0.010000,0.001378,0.034005,0.005262,0.3015,-0.695907,0.002726,-0.032461,0.005856,0.005856,0.3356,0.3356,1,1,0.001378,0.00000190
1771742755.296186,8.830000,0.010000,0.001327,0.033868,0.006000,0.3438,-0.695913,0.003414,0.068876,0.009750,0.009750,0.5586,0.5586,1,1,0.001327,0.00000176
1771742755.306186,8.840000,0.010000,0.001276,0.033826,0.006737,0.3860,-0.696049,0.007508,0.409333,0.012373,0.012373,0.7089,0.7089,1,1,0.001276,0.00000163
1771742755.316186,8.850000,0.010000,0.001226,0.033878,0.007472,0.4281,-0.696280,0.007599,0.009100,0.035042,0.035042,2.0077,2.0077,1,1,0.001226,0.00000150
1771742755.326186,8.860000,0.010000,0.001176,0.034022,0.008205,0.4701,-0.696567,0.004656,-0.294309,0.026185,0.026185,1.5003,1.5003,1,1,0.001176,0.00000138
1771742755.336186,8.870000,0.010000,0.001128,0.034254,0.008936,0.5120,-0.696874,0.003372,-0.128323,0.028669,0.028669,1.6426,1.6426,1,1,0.001128,0.00000127
1771742755.346187,8.880000,0.010000,0.001082,0.034571,0.009664,0.5537,-0.697162,0.005740,0.236783,0.019870,0.019870,1.1385,1.1385,1,1,0.001082,0.00000117
1771742755.356187,8.890000,0.010000,0.001040,0.034971,0.010391,0.5953,-0.697393,0.006699,0.095888,0.030108,0.030108,1.7251,1.7251,1,1,0.001040,0.00000108
1771742755.366187,8.900000,0.010000,0.001001,0.035449,0.011116,0.6369,-0.697531,0.004047,-0.265164,0.030692,0.030692,1.7585,1.7585,1,1,0.001001,0.00000100
1771742755.376187,8.910000,0.010000,0.000967,0.036000,0.011841,0.6784,-0.697537,0.001892,-0.215554,0.022184,0.022184,1.2710,1.2710,1,1,0.000967,0.00000094
1771742755.386187,8.920000,0.010000,0.000938,0.036621,0.012567,0.7200,-0.697375,0.000894,-0.099825,0.015094,0.015094,0.8648,0.8648,1,1,0.000938,0.00000088
1771742755.396187,8.930000,0.010000,0.000915,0.037307,0.013295,0.7618,-0.697010,0.001385,0.049106,0.008974,0.008974,0.5141,0.5141,1,1,0.000915,0.00000084
1771742755.406187,8.940000,0.010000,0.000897,0.038054,0.014029,0.8038,-0.696406,0.001702,0.031732,0.014354,0.014354,0.8225,0.8225,1,1,0.000897,0.00000080
1771742755.416187,8.950000,0.010000,0.000886,0.038856,0.014769,0.8462,-0.695530,0.002221,0.051930,0.014035,0.014035,0.8042,0.8042,1,1,0.000886,0.00000079
1771742755.426187,8.960000,0.010000,0.000882,0.039708,0.015518,0.8891,-0.694347,0.003162,0.094106,0.014743,0.014743,0.8447,0.8447,1,1,0.000882,0.00000078
1771742755.436187,8.970000,0.010000,0.000886,0.040606,0.016279,0.9327,-0.692827,0.004314,0.115127,0.015541,0.015541,0.8904,0.8904,1,1,0.000886,0.00000078
1771742755.446187,8.980000,0.010000,0.000897,0.041546,0.017055,0.9772,-0.690937,0.008155,0.384099,0.015466,0.015466,0.8861,0.8861,1,1,0.000897,0.00000080
1771742755.456187,8.990000,0.010000,0.000916,0.042522,0.017850,1.0227,-0.688650,0.010408,0.225375,0.030552,0.030552,1.7505,1.7505,1,1,0.000916,0.00000084
1771742755.466187,9.000000,0.010000,0.000944,0.043531,0.018666,1.0695,-0.685935,0.012691,0.228251,0.023291,0.023291,1.3345,1.3345,1,1,0.000944,0.00000089
1771742755.476187,9.010000,0.010000,0.000980,0.044568,0.019507,1.1177,-0.682765,0.013588,0.089736,0.019849,0.019849,1.1373,1.1373,1,1,0.000980,0.00000096
1771742755.486187,9.020000,0.010000,0.001025,0.045628,0.020378,1.1676,-0.679114,0.015653,0.206499,0.008834,0.008834,0.5061,0.5061,1,1,0.001025,0.00000105
1771742755.496186,9.030000,0.010000,0.001079,0.046715,0.021282,1.2194,-0.675065,0.017533,0.187990,0.013073,0.013073,0.7490,0.7490,1,1,0.001079,0.00000117
1771742755.506186,9.040000,0.010000,0.001143,0.047826,0.022223,1.2733,-0.670621,0.018114,0.058132,0.009994,0.009994,0.5726,0.5726,1,1,0.001143,0.00000131
1771742755.516186,9.050000,0.010000,0.001215,0.048947,0.023204,1.3295,-0.665560,0.017737,-0.037755,-0.016195,-0.016195,-0.9279,-0.9279,1,1,0.001215,0.00000148
1771742755.526186,9.060000,0.010000,0.001297,0.050077,0.024231,1.3883,-0.659884,0.016642,-0.109542,-0.031162,-0.031162,-1.7855,-1.7855,1,1,0.001297,0.00000168
1771742755.536186,9.070000,0.010000,0.001388,0.051214,0.025309,1.4501,-0.653588,0.016356,-0.028588,-0.037782,-0.037782,-2.1648,-2.1648,1,1,0.001388,0.00000193
1771742755.546186,9.080000,0.010000,0.001489,0.052356,0.026443,1.5151,-0.646661,0.016066,-0.029007,-0.039417,-0.039417,-2.2584,-2.2584,1,1,0.001489,0.00000222
1771742755.556186,9.090000,0.010000,0.001600,0.053502,0.027639,1.5836,-0.639090,0.015900,-0.016529,-0.045108,-0.045108,-2.5845,-2.5845,1,1,0.001600,0.00000256
1771742755.566186,9.100000,0.010000,0.001720,0.054651,0.028902,1.6559,-0.630859,0.015855,-0.004496,-0.054710,-0.054710,-3.1346,-3.1346,1,1,0.001720,0.00000296
1771742755.576186,9.110000,0.010000,0.001850,0.055803,0.030237,1.7324,-0.621953,0.015807,-0.004867,-0.064453,-0.064453,-3.6929,-3.6929,1,1,0.001850,0.00000342
1771742755.586186,9.120000,0.010000,0.001989,0.056958,0.031650,1.8134,-0.612353,0.017650,0.184315,-0.074523,-0.074523,-4.2699,-4.2699,1,1,0.001989,0.00000396
1771742755.596187,9.130000,0.010000,0.002138,0.058115,0.033147,1.8992,-0.602042,0.018355,0.070510,-0.061833,-0.061833,-3.5428,-3.5428,1,1,0.002138,0.00000457
1771742755.606187,9.140000,0.010000,0.002297,0.059276,0.034734,1.9901,-0.591001,0.018542,0.018674,-0.093984,-0.093984,-5.3849,-5.3849,1,1,0.002297,0.00000527
1771742755.616187,9.150000,0.010000,0.002465,0.060441,0.036418,2.0866,-0.579210,0.017328,-0.121346,-0.108409,-0.108409,-6.2114,-6.2114,1,1,0.002465,0.00000608
1771742755.626187,9.160000,0.010000,0.002643,0.061612,0.038203,2.1889,-0.566650,0.016796,-0.053185,-0.110122,-0.110122,-6.3095,-6.3095,1,1,0.002643,0.00000699
1771742755.636187,9.170000,0.010000,0.002831,0.062792,0.040097,2.2974,-0.553298,0.015946,-0.085027,-0.120119,-0.120119,-6.8823,-6.8823,1,1,0.002831,0.00000802
1771742755.646187,9.180000,0.010000,0.003029,0.063981,0.042106,2.4125,-0.539134,0.011928,-0.401767,-0.122891,-0.122891,-7.0412,-7.0412,1,1,0.003029,0.00000918
1771742755.656187,9.190000,0.010000,0.003257,0.067342,0.043877,2.5139,-0.562619,0.006542,-0.538632,-0.102772,-0.102772,-5.8884,-5.8884,1,1,0.003257,0.00001061
1771742755.666187,9.200000,0.010000,0.003502,0.069072,0.045569,2.6109,-0.568661,0.001002,-0.554055,-0.111975,-0.111975,-6.4157,-6.4157,1,1,0.003502,0.00001226
1771742755.676187,9.210000,0.010000,0.003763,0.070865,0.046935,2.6892,-0.601657,-0.004051,-0.505226,-0.121813,-0.121813,-6.9794,-6.9794,1,1,0.003763,0.00001416
1771742755.686187,9.220000,0.010000,0.004030,0.071330,0.048369,2.7714,-0.592038,-0.009183,-0.513219,-0.142760,-0.142760,-8.1796,-8.1796,1,1,0.004030,0.00001624
1771742755.696187,9.230000,0.010000,0.004324,0.074071,0.049166,2.8170,-0.658364,-0.014874,-0.569086,-0.144959,-0.144959,-8.3055,-8.3055,1,1,0.004324,0.00001870
1771742755.706187,9.240000,0.010000,0.004603,0.072499,0.050528,2.8950,-0.595380,-0.021071,-0.619740,-0.158100,-0.158100,-9.0585,-9.0585,1,1,0.004603,0.00002119
1771742755.716187,9.250000,0.010000,0.004919,0.075801,0.050477,2.8921,-0.744850,-0.027753,-0.668154,-0.149639,-0.149639,-8.5737,-8.5737,1,1,0.004919,0.00002420
1771742755.726187,9.260000,0.010000,0.005182,0.070204,0.051626,2.9579,-0.613896,-0.032013,-0.426008,-0.157346,-0.157346,-9.0152,-9.0152,1,1,0.005182,0.00002686
1771742755.736187,9.270000,0.010000,0.005493,0.074468,0.051028,2.9237,-0.799308,-0.039231,-0.721822,-0.172449,-0.172449,-9.8806,-9.8806,1,1,0.005493,0.00003017
1771742755.746186,9.280000,0.010000,0.005733,0.066934,0.051911,2.9743,-0.638474,-0.047878,-0.864724,-0.161753,-0.161753,-9.2678,-9.2678,1,1,0.005733,0.00003287
1771742755.756186,9.290000,0.010000,0.006036,0.072828,0.050529,2.8951,-0.879807,-0.055659,-0.778047,-0.138698,-0.138698,-7.9468,-7.9468,1,1,0.006036,0.00003644
1771742755.766186,9.300000,0.010000,0.006247,0.062879,0.050975,2.9206,-0.681823,-0.063716,-0.805756,-0.146781,-0.146781,-8.4099,-8.4099,1,1,0.006247,0.00003903
1771742755.776186,9.310000,0.010000,0.006546,0.071577,0.049066,2.8113,-0.933193,-0.071113,-0.739688,-0.156710,-0.156710,-8.9788,-8.9788,1,1,0.006546,0.00004285
1771742755.786186,9.320000,0.010000,0.006735,0.059772,0.049229,2.8206,-0.709117,-0.075070,-0.395733,-0.151060,-0.151060,-8.6551,-8.6551,1,1,0.006735,0.00004536
1771742755.796186,9.330000,0.010000,0.007030,0.070760,0.047092,2.6982,-0.954850,-0.079684,-0.461311,-0.171888,-0.171888,-9.8485,-9.8485,1,1,0.007030,0.00004942
1771742755.806186,9.340000,0.010000,0.007205,0.057743,0.047160,2.7020,-0.716658,-0.084950,-0.526613,-0.141141,-0.141141,-8.0868,-8.0868,1,1,0.007205,0.00005191
1771742755.816186,9.350000,0.010000,0.007494,0.069487,0.044450,2.5468,-1.013744,-0.092176,-0.722630,-0.165223,-0.165223,-9.4666,-9.4666,1,1,0.007494,0.00005616
1771742755.826186,9.360000,0.010000,0.007646,0.054554,0.044187,2.5317,-0.749719,-0.098774,-0.659787,-0.160776,-0.160776,-9.2118,-9.2118,1,1,0.007646,0.00005847
1771742755.836186,9.370000,0.010000,0.007931,0.068449,0.041061,2.3526,-1.056388,-0.106190,-0.741578,-0.138438,-0.138438,-7.9319,-7.9319,1,1,0.007931,0.00006291
1771742755.846187,9.380000,0.010000,0.008065,0.051944,0.040558,2.3238,-0.773453,-0.111621,-0.543121,-0.161048,-0.161048,-9.2274,-9.2274,1,1,0.008065,0.00006505
1771742755.856187,9.390000,0.010000,0.008347,0.067596,0.037137,2.1278,-1.086300,-0.117336,-0.571558,-0.118129,-0.118129,-6.7683,-6.7683,1,1,0.008347,0.00006967
1771742755.866187,9.400000,0.010000,0.008466,0.049788,0.036464,2.0892,-0.789828,-0.124226,-0.688903,-0.166890,-0.166890,-9.5621,-9.5621,1,1,0.008466,0.00007167
1771742755.876187,9.410000,0.010000,0.008741,0.066384,0.032711,1.8742,-1.120417,-0.128916,-0.469099,-0.037977,-0.037977,-2.1759,-2.1759,1,1,0.008741,0.00007640
1771742755.886187,9.420000,0.010000,0.008841,0.047216,0.031838,1.8242,-0.809933,-0.130139,-0.122270,-0.157083,-0.157083,-9.0002,-9.0002,1,1,0.008841,0.00007817
1771742755.896187,9.430000,0.010000,0.009068,0.060704,0.028522,1.6342,-1.072184,-0.132219,-0.208021,-0.093236,-0.093236,-5.3420,-5.3420,1,1,0.009068,0.00008223
1771742755.906187,9.440000,0.010000,0.009124,0.041870,0.027945,1.6011,-0.777039,-0.135281,-0.306138,-0.148861,-0.148861,-8.5291,-8.5291,1,1,0.009124,0.00008324
1771742755.916187,9.450000,0.010000,0.009356,0.060723,0.023908,1.3698,-1.148942,-0.137253,-0.197242,-0.010852,-0.010852,-0.6217,-0.6217,1,1,0.009356,0.00008754
1771742755.926187,9.460000,0.010000,0.009400,0.039937,0.022852,1.3093,-0.828509,-0.141583,-0.432934,-0.131111,-0.131111,-7.5121,-7.5121,1,1,0.009400,0.00008835
1771742755.936187,9.470000,0.010000,0.009534,0.049450,0.019839,1.1367,-1.038510,-0.141880,-0.029752,0.124791,0.124791,7.1500,7.1500,1,1,0.009534,0.00009089
1771742755.946187,9.480000,0.010000,0.009496,0.030610,0.019430,1.1133,-0.760836,-0.144798,-0.291787,-0.074568,-0.074568,-4.2725,-4.2725,1,1,0.009496,0.00009017
1771742755.956187,9.490000,0.010000,0.009667,0.052906,0.014934,0.8557,-1.198561,-0.146795,-0.199727,0.115154,0.115154,6.5978,6.5978,1,1,0.009667,0.00009346
1771742755.966187,9.500000,0.010000,0.009636,0.030570,0.013536,0.7756,-0.866840,-0.145751,0.104466,0.024481,0.024481,1.4026,1.4026,1,1,0.009636,0.00009284
1771742755.976187,9.510000,0.010000,0.009610,0.030827,0.011536,0.6610,-0.931619,-0.147663,-0.191219,0.042939,0.042939,2.4602,2.4602,1,1,0.009610,0.00009234
1771742755.986187,9.520000,0.010000,0.009463,0.017512,0.011118,0.6370,-0.763794,-0.145845,0.181749,0.204601,0.204601,11.7228,11.7228,1,1,0.009463,0.00008955
1771742755.996186,9.530000,0.010000,0.009484,0.035246,0.007247,0.4152,-1.134552,-0.147746,-0.190035,0.045465,0.045465,2.6050,2.6050,1,1,0.009484,0.00008995
1771742756.006186,9.540000,0.010000,0.009314,0.014270,0.006165,0.3532,-0.837139,-0.145918,0.182785,0.183411,0.183411,10.5087,10.5087,1,1,0.009314,0.00008675
1771742756.016186,9.550000,0.010000,0.009164,0.016074,0.004155,0.2380,-0.937652,-0.147313,-0.139571,0.125421,0.125421,7.1861,7.1861,1,1,0.009164,0.00008397
1771742756.026186,9.560000,0.010000,0.008864,0.000015,0.004198,0.2405,-0.722615,-0.145044,0.226941,0.290922,0.290922,16.6686,16.6686,1,1,0.008864,0.00007857
1771742756.036186,9.570000,0.010000,0.008765,0.021032,0.000182,0.0104,-1.157205,-0.145521,-0.047709,0.152082,0.152082,8.7136,8.7136,1,1,0.008765,0.00007682
1771742756.046186,9.580000,0.010000,0.008478,0.000462,-0.001150,-0.0659,-0.871480,-0.142448,0.307321,0.305367,0.305367,17.4962,17.4962,1,1,0.008478,0.00007188
1771742756.056186,9.590000,0.010000,0.008139,0.000018,-0.001718,-0.0985,-0.826889,-0.141031,0.141712,0.225715,0.225715,12.9325,12.9325,1,1,0.008139,0.00006624
1771742756.066186,9.600000,0.010000,0.007823,0.000018,-0.002615,-0.1498,-0.846317,-0.136300,0.473064,0.262475,0.262475,15.0387,15.0387,1,1,0.007823,0.00006120
1771742756.076186,9.610000,0.010000,0.007468,0.000014,-0.002633,-0.1509,-0.781054,-0.128670,0.762997,0.192010,0.192010,11.0014,11.0014,1,1,0.007468,0.00005577
1771742756.086186,9.620000,0.010000,0.007143,0.000014,-0.002928,-0.1677,-0.789163,-0.118503,1.016688,0.086191,0.086191,4.9384,4.9384,1,1,0.007143,0.00005102
1771742756.096187,9.630000,0.010000,0.006788,0.000011,-0.002491,-0.1427,-0.732733,-0.106117,1.238668,0.046934,0.046934,2.6891,2.6891,1,1,0.006788,0.00004607
1771742756.106187,9.640000,0.010000,0.006436,0.000009,-0.001699,-0.0974,-0.691184,-0.091788,1.432900,-0.036889,-0.036889,-2.1136,-2.1136,1,1,0.006436,0.00004143
1771742756.116187,9.650000,0.010000,0.006088,0.000007,-0.000649,-0.0372,-0.660786,-0.075759,1.602854,-0.114079,-0.114079,-6.5363,-6.5363,1,1,0.006088,0.00003706
1771742756.126187,9.660000,0.010000,0.005742,0.000006,0.000588,0.0337,-0.638746,-0.060606,1.515301,-0.162391,-0.162391,-9.3043,-9.3043,1,1,0.005742,0.00003296
1771742756.136187,9.670000,0.010000,0.005397,0.000005,0.001958,0.1122,-0.622974,-0.043857,1.674954,-0.180055,-0.180055,-10.3164,-10.3164,1,1,0.005397,0.00002913
1771742756.146187,9.680000,0.010000,0.005055,0.000004,0.003420,0.1960,-0.611907,-0.025710,1.814651,-0.193585,-0.193585,-11.0916,-11.0916,1,1,0.005055,0.00002555
1771742756.156187,9.690000,0.010000,0.004714,0.000003,0.004945,0.2833,-0.604374,-0.006341,1.936885,-0.124799,-0.124799,-7.1504,-7.1504,1,1,0.004714,0.00002222
1771742756.166187,9.700000,0.010000,0.004374,0.000003,0.006508,0.3729,-0.599503,0.013462,1.980284,-0.055889,-0.055889,-3.2022,-3.2022,1,1,0.004374,0.00001913
1771742756.176187,9.710000,0.010000,0.004036,0.000002,0.008093,0.4637,-0.596638,0.034280,2.081814,0.022526,0.022526,1.2907,1.2907,1,1,0.004036,0.00001629
1771742756.186187,9.720000,0.010000,0.003699,0.000002,0.009686,0.5550,-0.595295,0.055986,2.170653,0.014781,0.014781,0.8469,0.8469,1,1,0.003699,0.00001368
1771742756.196187,9.730000,0.010000,0.003363,0.000001,0.011277,0.6461,-0.595109,0.078470,2.248387,-0.052259,-0.052259,-2.9942,-2.9942,1,1,0.003363,0.00001131
1771742756.206187,9.740000,0.010000,0.003028,0.000000,0.012859,0.7367,-0.595810,0.094653,1.618273,-0.172906,-0.172906,-9.9068,-9.9068,1,1,0.003028,0.00000917
1771742756.216187,9.750000,0.010000,0.002694,-0.000000,0.014424,0.8264,-0.597197,0.105322,1.066923,-0.098378,-0.098378,-5.6366,-5.6366,1,1,0.002694,0.00000726
1771742756.226187,9.760000,0.010000,0.002362,0.000152,0.015965,0.9147,-0.600068,0.111167,0.584492,-0.020868,-0.020868,-1.1957,-1.1957,1,1,0.002362,0.00000558
1771742756.236187,9.770000,0.010000,0.002033,0.000539,0.017470,1.0009,-0.604653,0.112791,0.162365,0.034249,0.034249,1.9623,1.9623,1,1,0.002033,0.00000413
1771742756.246186,9.780000,0.010000,0.001710,0.001419,0.018919,1.0840,-0.612182,0.110721,-0.206997,0.043917,0.043917,2.5162,2.5162,1,1,0.001710,0.00000292
1771742756.256186,9.790000,0.010000,0.001397,0.002705,0.020295,1.1628,-0.621447,0.105419,-0.530188,0.042664,0.042664,2.4445,2.4445,1,1,0.001397,0.00000195
1771742756.266186,9.800000,0.010000,0.001097,0.004331,0.021590,1.2370,-0.631642,0.097289,-0.812980,0.050408,0.050408,2.8882,2.8882,1,1,0.001097,0.00000120
1771742756.276186,9.810000,0.010000,0.000812,0.006253,0.022797,1.3062,-0.642274,0.086685,-1.060424,0.085303,0.085303,4.8875,4.8875,1,1,0.000812,0.00000066
1771742756.286186,9.820000,0.010000,0.000544,0.008439,0.023916,1.3703,-0.653018,0.073915,-1.276937,0.102576,0.102576,5.8772,5.8772,1,1,0.000544,0.00000030
1771742756.296186,9.830000,0.010000,0.000297,0.010857,0.024946,1.4293,-0.663588,0.059252,-1.466385,0.102823,0.102823,5.8913,5.8913,1,1,0.000297,0.00000009
1771742756.306186,9.840000,0.010000,0.000071,0.013479,0.025891,1.4834,-0.673824,0.049911,-0.934021,0.090985,0.090985,5.2131,5.2131,1,1,0.000071,0.00000000
1771742756.316186,9.850000,0.010000,-0.000133,0.016275,0.026753,1.5329,-0.683542,0.045229,-0.468203,0.077998,0.077998,4.4689,4.4689,1,1,0.000133,0.00000002
1771742756.326186,9.860000,0.010000,-0.000312,0.019217,0.027539,1.5779,-0.692586,0.037642,-0.758743,0.091788,0.091788,5.2591,5.2591,1,1,0.000312,0.00000010
1771742756.336186,9.870000,0.010000,-0.000466,0.022280,0.028254,1.6189,-0.700828,0.027512,-1.012966,0.063695,0.063695,3.6494,3.6494,1,1,0.000466,0.00000022
1771742756.346187,9.880000,0.010000,-0.000593,0.025438,0.028906,1.6562,-0.708166,0.015158,-1.235411,0.045982,0.045982,2.6346,2.6346,1,1,0.000593,0.00000035
1771742756.356187,9.890000,0.010000,-0.000694,0.028666,0.029503,1.6904,-0.714504,0.007839,-0.731919,0.028922,0.028922,1.6571,1.6571,1,1,0.000694,0.00000048
1771742756.366187,9.900000,0.010000,-0.000768,0.031941,0.030054,1.7220,-0.719765,0.004925,-0.291363,0.011621,0.011621,0.6658,0.6658,1,1,0.000768,0.00000059
1771742756.376187,9.910000,0.010000,-0.000814,0.035239,0.030568,1.7514,-0.723875,0.005867,0.094123,0.039821,0.039821,2.2816,2.2816,1,1,0.000814,0.00000066
1771742756.386187,9.920000,0.010000,-0.000833,0.038541,0.031054,1.7793,-0.726783,0.010181,0.431423,0.125580,0.125580,7.1952,7.1952,1,1,0.000833,0.00000069
1771742756.396187,9.930000,0.010000,-0.000824,0.041827,0.031525,1.8062,-0.728441,0.015209,0.502837,0.216065,0.216065,12.3796,12.3796,1,1,0.000824,0.00000068
1771742756.406187,9.940000,0.010000,-0.000788,0.045077,0.031990,1.8329,-0.728807,0.023100,0.789048,0.238461,0.238461,13.6628,13.6628,1,1,0.000788,0.00000062
1771742756.416187,9.950000,0.010000,-0.000725,0.048276,0.032460,1.8598,-0.727847,0.033034,0.993454,0.281240,0.281240,16.1139,16.1139,1,1,0.000725,0.00000053
1771742756.426187,9.960000,0.010000,-0.000636,0.051408,0.032946,1.8877,-0.725533,0.041758,0.872363,0.277367,0.277367,15.8920,15.8920,1,1,0.000636,0.00000040
1771742756.436187,9.970000,0.010000,-0.000522,0.054458,0.033461,1.9172,-0.721845,0.047911,0.615340,0.253185,0.253185,14.5064,14.5064,1,1,0.000522,0.00000027
1771742756.446187,9.980000,0.010000,-0.000382,0.057414,0.034015,1.9489,-0.716768,0.051672,0.376082,0.226741,0.226741,12.9913,12.9913,1,1,0.000382,0.00000015
1771742756.456187,9.990000,0.010000,-0.000219,0.060265,0.034621,1.9836,-0.710292,0.056687,0.501452,0.189136,0.189136,10.8367,10.8367,1,1,0.000219,0.00000005
1771742756.466187,10.000000,0.010000,-0.000033,0.063004,0.035289,2.0219,-0.702414,0.057584,0.089705,0.163045,0.163045,9.3418,9.3418,1,1,0.000033,0.00000000
1771742756.476187,10.010000,0.010000,0.050756,0.146786,0.036293,2.0794,-0.705321,0.056133,-0.145025,0.112654,0.112654,6.4546,6.4546,1,1,0.050756,0.00257617
1771742756.486187,10.020000,0.010000,0.051571,0.149122,0.037286,2.1363,-0.706143,0.052732,-0.340141,-0.422247,-0.422247,-24.1930,-24.1930,1,1,0.051571,0.00265961
1771742756.496186,10.030000,0.010000,0.052415,0.151055,0.038280,2.1933,-0.705615,0.047593,-0.513886,-0.422010,-0.422010,-24.1794,-24.1794,1,1,0.052415,0.00274731
1771742756.506186,10.040000,0.010000,0.053288,0.152623,0.039285,2.2509,-0.704204,0.046587,-0.100585,-0.421790,-0.421790,-24.1668,-24.1668,1,1,0.053288,0.00283957
1771742756.516186,10.050000,0.010000,0.053548,0.001147,0.051936,2.9757,2.089177,0.049198,0.261054,-0.422754,-0.422754,-24.2220,-24.2220,1,1,0.053548,0.00286742
1771742756.526186,10.060000,0.010000,0.053984,0.067783,0.058766,3.3671,0.433287,0.054973,0.577488,-0.432109,-0.432109,-24.7580,-24.7580,1,1,0.053984,0.00291431
1771742756.536186,10.070000,0.010000,0.054572,0.048930,0.060523,3.4677,0.621892,0.063516,0.854368,-0.403531,-0.403531,-23.1206,-23.1206,1,1,0.054572,0.00297808
1771742756.546186,10.080000,0.010000,0.055083,0.044936,0.062299,3.5695,0.520682,0.074483,1.096638,-0.420001,-0.420001,-24.0643,-24.0643,1,1,0.055083,0.00303414
1771742756.556186,10.090000,0.010000,0.055485,0.025780,0.064656,3.7045,0.712066,0.087569,1.308624,-0.411933,-0.411933,-23.6020,-23.6020,1,1,0.055485,0.00307862
1771742756.566186,10.100000,0.010000,0.055815,0.022467,0.067085,3.8437,0.615862,0.102510,1.494112,-0.425617,-0.425617,-24.3861,-24.3861,1,1,0.055815,0.00311534
1771742756.576186,10.110000,0.010000,0.056045,0.006632,0.070010,4.0113,0.753763,0.118039,1.552891,-0.420113,-0.420113,-24.0707,-24.0707,1,1,0.056045,0.00314102
1771742756.586186,10.120000,0.010000,0.056204,0.000373,0.073073,4.1868,0.724191,0.128136,1.009714,-0.426007,-0.426007,-24.4084,-24.4084,1,1,0.056204,0.00315887
1771742756.596187,10.130000,0.010000,0.056301,-0.003400,0.076012,4.3552,0.654392,0.133480,0.534434,-0.425735,-0.425735,-24.3928,-24.3928,1,1,0.056301,0.00316983
1771742756.606187,10.140000,0.010000,0.056333,-0.014978,0.079016,4.5273,0.728688,0.134666,0.118564,-0.428172,-0.428172,-24.5324,-24.5324,1,1,0.056333,0.00317342
1771742756.616187,10.150000,0.010000,0.056329,-0.013437,0.081732,4.6829,0.604875,0.132213,-0.245322,-0.428767,-0.428767,-24.5666,-24.5666,1,1,0.056329,0.00317293
1771742756.626187,10.160000,0.010000,0.056277,-0.024902,0.084387,4.8350,0.686358,0.126576,-0.563723,-0.426399,-0.426399,-24.4309,-24.4309,1,1,0.056277,0.00316707
1771742756.636187,10.170000,0.010000,0.056208,-0.019267,0.086563,4.9597,0.513212,0.118152,-0.842323,-0.426823,-0.426823,-24.4551,-24.4551,1,1,0.056208,0.00315938
1771742756.646187,10.180000,0.010000,0.056100,-0.032199,0.088649,5.0792,0.629846,0.107291,-1.086099,-0.421147,-0.421147,-24.1300,-24.1300,1,1,0.056100,0.00314726
1771742756.656187,10.190000,0.010000,0.056018,-0.021374,0.090145,5.1649,0.439928,0.094297,-1.299402,-0.421210,-0.421210,-24.1335,-24.1335,1,1,0.056018,0.00313797
1771742756.666187,10.200000,0.010000,0.055914,-0.028996,0.091318,5.2321,0.476893,0.079437,-1.486043,-0.413951,-0.413951,-23.7176,-23.7176,1,1,0.055914,0.00312633
1771742756.676187,10.210000,0.010000,0.055824,-0.021513,0.091887,5.2647,0.316358,0.062943,-1.649353,-0.413778,-0.413778,-23.7077,-23.7077,1,1,0.055824,0.00311631
1771742756.686187,10.220000,0.010000,0.055715,-0.029518,0.092134,5.2789,0.365439,0.045021,-1.792250,-0.407803,-0.407803,-23.3654,-23.3654,1,1,0.055715,0.00310418
1771742756.696187,10.230000,0.010000,0.055634,-0.019559,0.091703,5.2542,0.181689,0.025848,-1.917285,-0.408312,-0.408312,-23.3946,-23.3946,1,1,0.055634,0.00309511
1771742756.706187,10.240000,0.010000,0.055536,-0.028196,0.090942,5.2106,0.244725,0.005581,-2.026690,-0.405845,-0.405845,-23.2532,-23.2532,1,1,0.055536,0.00308428
1771742756.716187,10.250000,0.010000,0.055468,-0.016486,0.089432,5.1241,0.028220,-0.015643,-2.122420,-0.405613,-0.405613,-23.2399,-23.2399,1,1,0.055468,0.00307666
1771742756.726187,10.260000,0.010000,0.055381,-0.027833,0.087640,5.0214,0.135180,-0.037705,-2.206183,-0.400752,-0.400752,-22.9614,-22.9614,1,1,0.055381,0.00306709
1771742756.736187,10.270000,0.010000,0.055331,-0.011983,0.084993,4.8697,-0.143528,-0.060500,-2.279476,-0.399805,-0.399805,-22.9071,-22.9071,1,1,0.055331,0.00306157
1771742756.746186,10.280000,0.010000,0.055271,-0.023141,0.082075,4.7026,-0.025636,-0.083936,-2.343607,-0.400344,-0.400344,-22.9380,-22.9380,1,1,0.055271,0.00305488
1771742756.756186,10.290000,0.010000,0.055224,-0.011491,0.078335,4.4883,-0.278750,-0.107933,-2.399722,-0.391709,-0.391709,-22.4433,-22.4433,1,1,0.055224,0.00304969
1771742756.766186,10.300000,0.010000,0.055163,-0.023193,0.074329,4.2588,-0.158172,-0.132421,-2.448823,-0.394536,-0.394536,-22.6053,-22.6053,1,1,0.055163,0.00304296
1771742756.776186,10.310000,0.010000,0.055120,-0.010322,0.069485,3.9812,-0.423690,-0.157339,-2.491786,-0.399633,-0.399633,-22.8973,-22.8973,1,1,0.055120,0.00303823
1771742756.786186,10.320000,0.010000,0.055063,-0.021667,0.064371,3.6882,-0.309516,-0.182633,-2.529378,-0.415876,-0.415876,-23.8279,-23.8279,1,1,0.055063,0.00303196
1771742756.796186,10.330000,0.010000,0.055017,-0.011105,0.058465,3.3498,-0.547865,-0.208255,-2.562272,-0.421274,-0.421274,-24.1372,-24.1372,1,1,0.055017,0.00302689
1771742756.806186,10.340000,0.010000,0.054947,-0.024031,0.052316,2.9975,-0.424733,-0.233946,-2.569030,-0.429578,-0.429578,-24.6130,-24.6130,1,1,0.054947,0.00301919
1771742756.816186,10.350000,0.010000,0.054894,-0.012805,0.045500,2.6069,-0.647422,-0.255678,-2.173217,-0.431594,-0.431594,-24.7285,-24.7285,1,1,0.054894,0.00301335
1771742756.826186,10.360000,0.010000,0.054802,-0.026046,0.038595,2.2113,-0.528062,-0.274757,-1.907926,-0.429223,-0.429223,-24.5927,-24.5927,1,1,0.054802,0.00300330
1771742756.836186,10.370000,0.010000,0.054721,-0.019678,0.031288,1.7927,-0.657602,-0.291143,-1.638594,-0.423818,-0.423818,-24.2830,-24.2830,1,1,0.054721,0.00299435
1771742756.846187,10.380000,0.010000,0.054594,-0.030559,0.023939,1.3716,-0.581449,-0.305452,-1.430879,-0.417520,-0.417520,-23.9222,-23.9222,1,1,0.054594,0.00298048
1771742756.856187,10.390000,0.010000,0.054483,-0.026675,0.016405,0.9399,-0.635561,-0.317364,-1.191255,-0.369898,-0.369898,-21.1936,-21.1936,1,1,0.054483,0.00296839
1771742756.866187,10.400000,0.010000,0.054355,-0.030891,0.008845,0.5068,-0.608551,-0.327670,-1.030508,-0.277616,-0.277616,-15.9062,-15.9062,1,1,0.054355,0.00295443
1771742756.876187,10.410000,0.010000,0.054228,-0.030446,0.001226,0.0703,-0.621302,-0.336754,-0.908435,-0.150780,-0.150780,-8.6391,-8.6391,1,1,0.054228,0.00294070
1771742756.886187,10.420000,0.010000,0.054090,-0.033250,-0.006347,-0.3637,-0.596614,-0.343623,-0.686935,-0.086252,-0.086252,-4.9419,-4.9419,1,1,0.054090,0.00292574
1771742756.896187,10.430000,0.010000,0.053951,-0.033456,-0.013899,-0.7964,-0.594828,-0.349987,-0.636416,-0.061393,-0.061393,-3.5176,-3.5176,1,1,0.053951,0.00291072
1771742756.906187,10.440000,0.010000,0.053806,-0.034995,-0.021408,-1.2266,-0.580074,-0.356193,-0.620570,-0.035483,-0.035483,-2.0330,-2.0330,1,1,0.053806,0.00289505
1771742756.916187,10.450000,0.010000,0.053660,-0.035047,-0.028929,-1.6575,-0.583261,-0.363653,-0.746038,-0.024651,-0.024651,-1.4124,-1.4124,1,1,0.053660,0.00287941
1771742756.926187,10.460000,0.010000,0.053508,-0.036678,-0.036430,-2.0873,-0.570743,-0.370856,-0.720263,-0.010142,-0.010142,-0.5811,-0.5811,1,1,0.053508,0.00286308
1771742756.936187,10.470000,0.010000,0.053353,-0.037219,-0.043933,-2.5172,-0.568953,-0.378196,-0.734018,0.004785,0.004785,0.2742,0.2742,1,1,0.053353,0.00284655
1771742756.946187,10.480000,0.010000,0.053192,-0.038811,-0.051404,-2.9452,-0.555158,-0.384871,-0.667470,0.034918,0.034918,2.0006,2.0006,1,1,0.053192,0.00282937
1771742756.956187,10.490000,0.010000,0.053025,-0.040085,-0.058819,-3.3701,-0.540923,-0.390415,-0.554403,0.075085,0.075085,4.3021,4.3021,1,1,0.053025,0.00281168
1771742756.966187,10.500000,0.010000,0.052852,-0.041736,-0.066139,-3.7895,-0.518999,-0.394590,-0.417541,0.114181,0.114181,6.5421,6.5421,1,1,0.052852,0.00279332
1771742756.976187,10.510000,0.010000,0.052672,-0.043210,-0.073334,-4.2017,-0.494904,-0.397457,-0.286624,0.148277,0.148277,8.4957,8.4957,1,1,0.052672,0.00277437
1771742756.986187,10.520000,0.010000,0.052480,-0.046370,-0.080262,-4.5987,-0.439087,-0.396474,0.098270,0.194380,0.194380,11.1372,11.1372,1,1,0.052480,0.00275410
1771742756.996186,10.530000,0.010000,0.052270,-0.049898,-0.086817,-4.9743,-0.370306,-0.392123,0.435052,0.250758,0.250758,14.3674,14.3674,1,1,0.052270,0.00273214
1771742757.006186,10.540000,0.010000,0.052043,-0.053338,-0.092945,-5.3254,-0.297851,-0.384826,0.729736,0.291196,0.291196,16.6843,16.6843,1,1,0.052043,0.00270842
1771742757.016186,10.550000,0.010000,0.051798,-0.056667,-0.098595,-5.6491,-0.220577,-0.374950,0.987585,0.312409,0.312409,17.8997,17.8997,1,1,0.051798,0.00268300
1771742757.026186,10.560000,0.010000,0.051533,-0.060486,-0.103709,-5.9421,-0.133928,-0.362818,1.213203,0.354240,0.354240,20.2965,20.2965,1,1,0.051533,0.00265560
1771742757.036186,10.570000,0.010000,0.051246,-0.064121,-0.108268,-6.2033,-0.049027,-0.348712,1.410618,0.366245,0.366245,20.9843,20.9843,1,1,0.051246,0.00262619
1771742757.046186,10.580000,0.010000,0.050940,-0.067620,-0.112241,-6.4309,0.038919,-0.332878,1.583357,0.362090,0.362090,20.7462,20.7462,1,1,0.050940,0.00259489
1771742757.056186,10.590000,0.010000,0.050611,-0.071574,-0.115596,-6.6231,0.133013,-0.315533,1.734503,0.353344,0.353344,20.2451,20.2451,1,1,0.050611,0.00256145
1771742757.066186,10.600000,0.010000,0.050261,-0.074474,-0.118361,-6.7816,0.210892,-0.296866,1.866756,0.372441,0.372441,21.3393,21.3393,1,1,0.050261,0.00252618
1771742757.076186,10.610000,0.010000,0.049893,-0.077692,-0.120489,-6.9035,0.303585,-0.277041,1.982477,0.394433,0.394433,22.5994,22.5994,1,1,0.049893,0.00248927
1771742757.086186,10.620000,0.010000,0.049498,-0.082217,-0.121936,-6.9864,0.409449,-0.256204,2.083734,0.397621,0.397621,22.7820,22.7820,1,1,0.049498,0.00245005
1771742757.096187,10.630000,0.010000,0.049086,-0.083669,-0.122830,-7.0376,0.465480,-0.234480,2.172333,0.393604,0.393604,22.5518,22.5518,1,1,0.049086,0.00240948
1771742757.106187,10.640000,0.010000,0.048659,-0.087117,-0.123022,-7.0486,0.576192,-0.211982,2.249857,0.386399,0.386399,22.1390,22.1390,1,1,0.048659,0.00236767
1771742757.116187,10.650000,0.010000,0.048198,-0.093111,-0.122469,-7.0170,0.703627,-0.188805,2.317691,0.369901,0.369901,21.1938,21.1938,1,1,0.048198,0.00232309
1771742757.126187,10.660000,0.010000,0.047736,-0.089811,-0.121559,-6.9648,0.683045,-0.165034,2.377045,0.353175,0.353175,20.2354,20.2354,1,1,0.047736,0.00227873
1771742757.136187,10.670000,0.010000,0.047262,-0.095659,-0.119747,-6.8610,0.870242,-0.140745,2.428980,0.307916,0.307916,17.6423,17.6423,1,1,0.047262,0.00223365
1771742757.146187,10.680000,0.010000,0.046737,-0.104899,-0.117113,-6.7101,1.029818,-0.116000,2.474424,0.166302,0.166302,9.5284,9.5284,1,1,0.046737,0.00218437
1771742757.156187,10.690000,0.010000,0.046255,-0.087045,-0.114677,-6.5705,0.783905,-0.090859,2.514187,-0.025882,-0.025882,-1.4829,-1.4829,1,1,0.046255,0.00213957
1771742757.166187,10.700000,0.010000,0.045779,-0.100793,-0.111232,-6.3731,1.156915,-0.065369,2.548979,-0.119591,-0.119591,-6.8521,-6.8521,1,1,0.045779,0.00209572
1771742757.176187,10.710000,0.010000,0.045249,-0.106716,-0.107316,-6.1488,1.210403,-0.039575,2.579423,-0.099451,-0.099451,-5.6981,-5.6981,1,1,0.045249,0.00204749
1771742757.186187,10.720000,0.010000,0.044780,-0.083724,-0.103320,-5.9198,0.936634,-0.013514,2.606061,-0.098997,-0.098997,-5.6721,-5.6721,1,1,0.044780,0.00200525
1771742757.196187,10.730000,0.010000,0.044362,-0.093197,-0.099050,-5.6752,1.249120,0.012780,2.629369,-0.139569,-0.139569,-7.9967,-7.9967,1,1,0.044362,0.00196796
1771742757.206187,10.740000,0.010000,0.043894,-0.098586,-0.094344,-5.4055,1.299148,0.039277,2.649764,-0.191052,-0.191052,-10.9465,-10.9465,1,1,0.043894,0.00192672
1771742757.216187,10.750000,0.010000,0.043405,-0.099823,-0.087846,-5.0332,1.488766,0.065953,2.667609,-0.157441,-0.157441,-9.0207,-9.0207,1,1,0.043405,0.00188404
1771742757.226187,10.760000,0.010000,0.042923,-0.098895,-0.081435,-4.6659,1.482021,0.092786,2.683224,-0.200074,-0.200074,-11.4634,-11.4634,1,1,0.042923,0.00184241
1771742757.236187,10.770000,0.010000,0.042465,-0.095040,-0.073876,-4.2328,1.601727,0.119755,2.696887,-0.244403,-0.244403,-14.0033,-14.0033,1,1,0.042465,0.00180327
1771742757.246186,10.780000,0.010000,0.042029,-0.092403,-0.066564,-3.8139,1.578891,0.146843,2.708842,-0.348992,-0.348992,-19.9957,-19.9957,1,1,0.042029,0.00176643
1771742757.256186,10.790000,0.010000,0.041646,-0.085378,-0.058452,-3.3491,1.663334,0.172634,2.579145,-0.366770,-0.366770,-21.0144,-21.0144,1,1,0.041646,0.00173439
1771742757.266186,10.800000,0.010000,0.041270,-0.084565,-0.050501,-2.8935,1.649523,0.191711,1.907686,-0.386020,-0.386020,-22.1173,-22.1173,1,1,0.041270,0.00170318
1771742757.276186,10.810000,0.010000,0.040945,-0.077803,-0.041847,-2.3977,1.724234,0.204913,1.320159,-0.410170,-0.410170,-23.5010,-23.5010,1,1,0.040945,0.00167649
1771742757.286186,10.820000,0.010000,0.040609,-0.079059,-0.033251,-1.9052,1.721193,0.212974,0.806073,-0.420976,-0.420976,-24.1202,-24.1202,1,1,0.040609,0.00164906
1771742757.296186,10.830000,0.010000,0.040334,-0.065715,-0.024662,-1.4130,1.614733,0.216536,0.356248,-0.423593,-0.423593,-24.2701,-24.2701,1,1,0.040334,0.00162685
1771742757.306186,10.840000,0.010000,0.040025,-0.074812,-0.015946,-0.9136,1.721529,0.216163,-0.037349,-0.425457,-0.425457,-24.3769,-24.3769,1,1,0.040025,0.00160196
1771742757.316186,10.850000,0.010000,0.039774,-0.058859,-0.008028,-0.4600,1.478853,0.212345,-0.381746,-0.426949,-0.426949,-24.4624,-24.4624,1,1,0.039774,0.00158201
1771742757.326186,10.860000,0.010000,0.039506,-0.064210,-0.000356,-0.0204,1.499735,0.205514,-0.683093,-0.427753,-0.427753,-24.5085,-24.5085,1,1,0.039506,0.00156075
1771742757.336186,10.870000,0.010000,0.039245,-0.063303,0.006890,0.3948,1.449888,0.196046,-0.946773,-0.427239,-0.427239,-24.4790,-24.4790,1,1,0.039245,0.00154016
1771742757.346187,10.880000,0.010000,0.039028,-0.051805,0.013307,0.7625,1.247656,0.184272,-1.177492,-0.428198,-0.428198,-24.5339,-24.5339,1,1,0.039028,0.00152322
1771742757.356187,10.890000,0.010000,0.038767,-0.062588,0.019529,1.1189,1.317959,0.170478,-1.379371,-0.423150,-0.423150,-24.2447,-24.2447,1,1,0.038767,0.00150290
1771742757.366187,10.900000,0.010000,0.038544,-0.054051,0.025018,1.4334,1.167577,0.154918,-1.556016,-0.422786,-0.422786,-24.2238,-24.2238,1,1,0.038544,0.00148562
1771742757.376187,10.910000,0.010000,0.038327,-0.052011,0.029827,1.7090,1.062289,0.137812,-1.710580,-0.405853,-0.405853,-23.2537,-23.2537,1,1,0.038327,0.00146893
1771742757.386187,10.920000,0.010000,0.038101,-0.054127,0.034101,1.9538,1.016648,0.119354,-1.845823,-0.361501,-0.361501,-20.7125,-20.7125,1,1,0.038101,0.00145167
1771742757.396187,10.930000,0.010000,0.037892,-0.050102,0.037677,2.1587,0.901919,0.099712,-1.964161,-0.287400,-0.287400,-16.4668,-16.4668,1,1,0.037892,0.00143579
1771742757.406187,10.940000,0.010000,0.037678,-0.051249,0.040666,2.3300,0.841980,0.079035,-2.067707,-0.139336,-0.139336,-7.9834,-7.9834,1,1,0.037678,0.00141964
1771742757.416187,10.950000,0.010000,0.037476,-0.048349,0.042963,2.4616,0.736594,0.057452,-2.158309,-0.011153,-0.011153,-0.6390,-0.6390,1,1,0.037476,0.00140448
1771742757.426187,10.960000,0.010000,0.037272,-0.048930,0.044647,2.5581,0.668424,0.035076,-2.237586,0.073605,0.073605,4.2173,4.2173,1,1,0.037272,0.00138924
1771742757.436187,10.970000,0.010000,0.037077,-0.046832,0.045648,2.6155,0.570382,0.012006,-2.306954,0.107591,0.107591,6.1645,6.1645,1,1,0.037077,0.00137472
1771742757.446187,10.980000,0.010000,0.036881,-0.047104,0.046026,2.6371,0.498059,-0.011670,-2.367651,0.103265,0.103265,5.9167,5.9167,1,1,0.036881,0.00136021
1771742757.456187,10.990000,0.010000,0.036691,-0.045598,0.045737,2.6205,0.406187,-0.035878,-2.420760,0.120748,0.120748,6.9183,6.9183,1,1,0.036691,0.00134623
1771742757.466187,11.000000,0.010000,0.036501,-0.045726,0.044824,2.5683,0.332449,-0.060550,-2.467231,0.106337,0.106337,6.0927,6.0927,1,1,0.036501,0.00133229
1771742757.476187,11.010000,0.010000,0.036314,-0.044673,0.043264,2.4789,0.246053,-0.085629,-2.507893,0.048584,0.048584,2.7836,2.7836,1,1,0.036314,0.00131874
1771742757.486187,11.020000,0.010000,0.036128,-0.044764,0.041090,2.3543,0.172737,-0.111064,-2.543472,-0.035753,-0.035753,-2.0485,-2.0485,1,1,0.036128,0.00130524
1771742757.496186,11.030000,0.010000,0.035945,-0.044074,0.038288,2.1937,0.091397,-0.136810,-2.574604,-0.090521,-0.090521,-5.1865,-5.1865,1,1,0.035945,0.00129202
1771742757.506186,11.040000,0.010000,0.035761,-0.044197,0.034887,1.9989,0.019747,-0.162828,-2.601844,-0.129385,-0.129385,-7.4132,-7.4132,1,1,0.035761,0.00127883
1771742757.516186,11.050000,0.010000,0.035575,-0.044660,0.030939,1.7727,-0.042996,-0.187662,-2.483406,-0.180153,-0.180153,-10.3220,-10.3220,1,1,0.035575,0.00126557
1771742757.526186,11.060000,0.010000,0.035375,-0.047998,0.026697,1.5297,-0.052510,-0.205901,-1.823915,-0.217839,-0.217839,-12.4813,-12.4813,1,1,0.035375,0.00125140
1771742757.536186,11.070000,0.010000,0.035171,-0.049136,0.022264,1.2756,-0.067442,-0.218370,-1.246859,-0.157747,-0.157747,-9.0382,-9.0382,1,1,0.035171,0.00123697
1771742757.546186,11.080000,0.010000,0.034954,-0.052021,0.017817,1.0208,-0.046879,-0.225789,-0.741936,-0.092621,-0.092621,-5.3068,-5.3068,1,1,0.034954,0.00122179
1771742757.556186,11.090000,0.010000,0.034731,-0.053620,0.013439,0.7700,-0.026785,-0.228791,-0.300128,-0.065154,-0.065154,-3.7330,-3.7330,1,1,0.034731,0.00120625
1771742757.566186,11.100000,0.010000,0.034497,-0.056196,0.009253,0.5302,0.016008,-0.227926,0.086454,-0.045243,-0.045243,-2.5922,-2.5922,1,1,0.034497,0.00119006
1771742757.576186,11.110000,0.010000,0.034256,-0.057885,0.005320,0.3048,0.059013,-0.223679,0.424713,-0.029767,-0.029767,-1.7055,-1.7055,1,1,0.034256,0.00117349
1771742757.586186,11.120000,0.010000,0.034007,-0.059998,0.001722,0.0986,0.115386,-0.216472,0.720689,-0.018467,-0.018467,-1.0581,-1.0581,1,1,0.034007,0.00115644
1771742757.596187,11.130000,0.010000,0.033750,-0.061611,-0.001496,-0.0857,0.173445,-0.206675,0.979669,-0.007506,-0.007506,-0.4301,-0.4301,1,1,0.033750,0.00113907
1771742757.606187,11.140000,0.010000,0.033486,-0.063501,-0.004276,-0.2450,0.240748,-0.194612,1.206276,0.003723,0.003723,0.2133,0.2133,1,1,0.033486,0.00112129
1771742757.616187,11.150000,0.010000,0.033215,-0.064997,-0.006587,-0.3774,0.308813,-0.180567,1.404558,0.004062,0.004062,0.2327,0.2327,1,1,0.033215,0.00110324
1771742757.626187,11.160000,0.010000,0.032949,-0.063901,-0.008577,-0.4915,0.337990,-0.169311,1.125568,-0.018897,-0.018897,-1.0827,-1.0827,1,1,0.032949,0.00108563
1771742757.636187,11.170000,0.010000,0.032684,-0.063491,-0.010365,-0.5939,0.358870,-0.162953,0.635806,0.001610,0.001610,0.0922,0.0922,1,1,0.032684,0.00106827
1771742757.646187,11.180000,0.010000,0.032424,-0.062535,-0.012078,-0.6920,0.359773,-0.160881,0.207264,0.035429,0.035429,2.0299,2.0299,1,1,0.032424,0.00105132
1771742757.656187,11.190000,0.010000,0.032165,-0.062117,-0.013802,-0.7908,0.354943,-0.162558,-0.167709,0.051108,0.051108,2.9283,2.9283,1,1,0.032165,0.00103461
1771742757.666187,11.200000,0.010000,0.031896,-0.064725,-0.015399,-0.8823,0.391453,-0.161956,0.060131,0.065605,0.065605,3.7589,3.7589,1,1,0.031896,0.00101734
1771742757.676187,11.210000,0.010000,0.031623,-0.065514,-0.016830,-0.9643,0.417657,-0.157940,0.401680,0.056280,0.056280,3.2246,3.2246,1,1,0.031623,0.00100000
1771742757.686187,11.220000,0.010000,0.031341,-0.067775,-0.017983,-1.0304,0.469517,-0.150934,0.700536,0.042072,0.042072,2.4105,2.4105,1,1,0.031341,0.00098223
1771742757.696187,11.230000,0.010000,0.031055,-0.068616,-0.018835,-1.0792,0.512726,-0.141314,0.962035,-0.012142,-0.012142,-0.6957,-0.6957,1,1,0.031055,0.00096439
1771742757.706187,11.240000,0.010000,0.030761,-0.070563,-0.019305,-1.1061,0.574940,-0.129405,1.190847,-0.084621,-0.084621,-4.8484,-4.8484,1,1,0.030761,0.00094622
1771742757.716187,11.250000,0.010000,0.030463,-0.071364,-0.019380,-1.1104,0.629282,-0.115538,1.386729,-0.182526,-0.182526,-10.4580,-10.4580,1,1,0.030463,0.00092801
1771742757.726187,11.260000,0.010000,0.030164,-0.071736,-0.019090,-1.0938,0.676660,-0.102034,1.350401,-0.247905,-0.247905,-14.2039,-14.2039,1,1,0.030164,0.00090989
1771742757.736187,11.270000,0.010000,0.029863,-0.072411,-0.018445,-1.0568,0.725772,-0.088814,1.321963,-0.276406,-0.276406,-15.8369,-15.8369,1,1,0.029863,0.00089177
1771742757.746186,11.280000,0.010000,0.029563,-0.071878,-0.017524,-1.0041,0.755139,-0.077205,1.160950,-0.304118,-0.304118,-17.4247,-17.4247,1,1,0.029563,0.00087397
1771742757.756186,11.290000,0.010000,0.029269,-0.070561,-0.016470,-0.9436,0.761372,-0.069916,0.728843,-0.306726,-0.306726,-17.5741,-17.5741,1,1,0.029269,0.00085667
1771742757.766186,11.300000,0.010000,0.028963,-0.073370,-0.015127,-0.8667,0.820004,-0.060976,0.894076,-0.261118,-0.261118,-14.9609,-14.9609,1,1,0.028963,0.00083886
1771742757.776186,11.310000,0.010000,0.028659,-0.072957,-0.013532,-0.7753,0.848123,-0.049662,1.131382,-0.286879,-0.286879,-16.4370,-16.4370,1,1,0.028659,0.00082134
1771742757.786186,11.320000,0.010000,0.028347,-0.074812,-0.011593,-0.6642,0.905892,-0.037066,1.259625,-0.306519,-0.306519,-17.5623,-17.5623,1,1,0.028347,0.00080356
1771742757.796186,11.330000,0.010000,0.028039,-0.073950,-0.009387,-0.5379,0.932068,-0.024232,1.283379,-0.266402,-0.266402,-15.2637,-15.2637,1,1,0.028039,0.00078618
1771742757.806186,11.340000,0.010000,0.027732,-0.073590,-0.006980,-0.3999,0.954790,-0.014168,1.006397,-0.222743,-0.222743,-12.7622,-12.7622,1,1,0.027732,0.00076907
1771742757.816186,11.350000,0.010000,0.027430,-0.072388,-0.004476,-0.2565,0.957757,-0.007138,0.702999,-0.238874,-0.238874,-13.6865,-13.6865,1,1,0.027430,0.00075242
1771742757.826186,11.360000,0.010000,0.027135,-0.070902,-0.002000,-0.1146,0.943555,-0.004477,0.266058,-0.265010,-0.265010,-15.1840,-15.1840,1,1,0.027135,0.00073629
1771742757.836186,11.370000,0.010000,0.026844,-0.069763,0.000360,0.0206,0.921551,-0.005640,-0.116265,-0.260229,-0.260229,-14.9100,-14.9100,1,1,0.026844,0.00072059
1771742757.846187,11.380000,0.010000,0.026559,-0.068411,0.002514,0.1440,0.886893,-0.010148,-0.450798,-0.203915,-0.203915,-11.6835,-11.6835,1,1,0.026559,0.00070536
1771742757.856187,11.390000,0.010000,0.026278,-0.067373,0.004400,0.2521,0.847287,-0.017583,-0.743514,-0.116015,-0.116015,-6.6472,-6.6472,1,1,0.026278,0.00069052
1771742757.866187,11.400000,0.010000,0.026002,-0.066175,0.005954,0.3412,0.798468,-0.027579,-0.999640,-0.043881,-0.043881,-2.5142,-2.5142,1,1,0.026002,0.00067610
1771742757.876187,11.410000,0.010000,0.025730,-0.065263,0.007133,0.4087,0.746836,-0.039817,-1.223751,0.008065,0.008065,0.4621,0.4621,1,1,0.025730,0.00066203
1771742757.886187,11.420000,0.010000,0.025462,-0.064233,0.007893,0.4522,0.688611,-0.054015,-1.419848,0.042828,0.042828,2.4539,2.4539,1,1,0.025462,0.00064833
1771742757.896187,11.430000,0.010000,0.025198,-0.063465,0.008205,0.4701,0.629159,-0.069930,-1.591433,0.051140,0.051140,2.9301,2.9301,1,1,0.025198,0.00063493
1771742757.906187,11.440000,0.010000,0.024937,-0.062612,0.008038,0.4606,0.565113,-0.087346,-1.741570,0.027420,0.027420,1.5711,1.5711,1,1,0.024937,0.00062185
1771742757.916187,11.450000,0.010000,0.024679,-0.062000,0.007378,0.4227,0.501002,-0.106075,-1.872939,-0.000771,-0.000771,-0.0442,-0.0442,1,1,0.024679,0.00060904
1771742757.926187,11.460000,0.010000,0.024423,-0.061329,0.006204,0.3555,0.433812,-0.125954,-1.987888,-0.018795,-0.018795,-1.0769,-1.0769,1,1,0.024423,0.00059649
1771742757.936187,11.470000,0.010000,0.024151,-0.065323,0.004818,0.2760,0.441773,-0.139857,-1.390336,-0.029558,-0.029558,-1.6935,-1.6935,1,1,0.024151,0.00058328
1771742757.946187,11.480000,0.010000,0.023890,-0.062570,0.003067,0.1757,0.374863,-0.152234,-1.237713,-0.025006,-0.025006,-1.4327,-1.4327,1,1,0.023890,0.00057076
1771742757.956187,11.490000,0.010000,0.023623,-0.064247,0.001044,0.0598,0.356190,-0.166331,-1.409698,-0.005429,-0.005429,-0.3110,-0.3110,1,1,0.023623,0.00055804
1771742757.966187,11.500000,0.010000,0.023355,-0.064357,-0.001228,-0.0703,0.326845,-0.178068,-1.173726,0.012496,0.012496,0.7160,0.7160,1,1,0.023355,0.00054545
1771742757.976187,11.510000,0.010000,0.023072,-0.067818,-0.003517,-0.2015,0.353473,-0.184848,-0.677944,0.021795,0.021795,1.2487,1.2487,1,1,0.023072,0.00053234
1771742757.986187,11.520000,0.010000,0.022789,-0.068054,-0.005807,-0.3327,0.355124,-0.187289,-0.244135,0.040589,0.040589,2.3256,2.3256,1,1,0.022789,0.00051934
1771742757.996186,11.530000,0.010000,0.022492,-0.071249,-0.007911,-0.4533,0.403991,-0.185935,0.135448,0.049889,0.049889,2.8584,2.8584,1,1,0.022492,0.00050590
1771742758.006186,11.540000,0.010000,0.022194,-0.071533,-0.009835,-0.5635,0.427877,-0.181259,0.467582,0.038298,0.038298,2.1943,2.1943,1,1,0.022194,0.00049259
1771742758.016186,11.550000,0.010000,0.021884,-0.074456,-0.011429,-0.6548,0.492054,-0.173677,0.758201,0.038598,0.038598,2.2115,2.2115,1,1,0.021884,0.00047891
1771742758.026186,11.560000,0.010000,0.021573,-0.074728,-0.012714,-0.7285,0.531509,-0.163552,1.012491,0.023518,0.023518,1.3475,1.3475,1,1,0.021573,0.00046539
1771742758.036186,11.570000,0.010000,0.021250,-0.077376,-0.013568,-0.7774,0.605784,-0.151202,1.234996,-0.018342,-0.018342,-1.0509,-1.0509,1,1,0.021250,0.00045158
1771742758.046186,11.580000,0.010000,0.020927,-0.077589,-0.014025,-0.8036,0.655745,-0.136905,1.429687,-0.094288,-0.094288,-5.4023,-5.4023,1,1,0.020927,0.00043795
1771742758.056186,11.590000,0.010000,0.020597,-0.079171,-0.014040,-0.8045,0.722770,-0.122141,1.476382,-0.163546,-0.163546,-9.3705,-9.3705,1,1,0.020597,0.00042425
1771742758.066186,11.600000,0.010000,0.020276,-0.076983,-0.013821,-0.7919,0.733178,-0.110568,1.157298,-0.174918,-0.174918,-10.0221,-10.0221,1,1,0.020276,0.00041114
1771742758.076186,11.610000,0.010000,0.019945,-0.079620,-0.013247,-0.7590,0.798815,-0.099873,1.069535,-0.172785,-0.172785,-9.8998,-9.8998,1,1,0.019945,0.00039779
1771742758.086186,11.620000,0.010000,0.019617,-0.078730,-0.012407,-0.7109,0.824226,-0.088068,1.180555,-0.165725,-0.165725,-9.4953,-9.4953,1,1,0.019617,0.00038481
1771742758.096187,11.630000,0.010000,0.019279,-0.080998,-0.011190,-0.6412,0.889807,-0.075497,1.257043,-0.156427,-0.156427,-8.9626,-8.9626,1,1,0.019279,0.00037168
1771742758.106187,11.640000,0.010000,0.018948,-0.079386,-0.009735,-0.5578,0.905936,-0.063336,1.216148,-0.141600,-0.141600,-8.1131,-8.1131,1,1,0.018948,0.00035903
1771742758.116187,11.650000,0.010000,0.018605,-0.082221,-0.007888,-0.4520,0.978358,-0.050345,1.299061,-0.132364,-0.132364,-7.5839,-7.5839,1,1,0.018605,0.00034616
1771742758.126187,11.660000,0.010000,0.018273,-0.079835,-0.005833,-0.3342,0.984563,-0.037816,1.252929,-0.110144,-0.110144,-6.3108,-6.3108,1,1,0.018273,0.00033389
1771742758.136187,11.670000,0.010000,0.017936,-0.080775,-0.003549,-0.2033,1.021615,-0.028301,0.951424,-0.087209,-0.087209,-4.9967,-4.9967,1,1,0.017936,0.00032170
1771742758.146187,11.680000,0.010000,0.017605,-0.079408,-0.001142,-0.0654,1.026212,-0.019939,0.836245,-0.116671,-0.116671,-6.6848,-6.6848,1,1,0.017605,0.00030994
1771742758.156187,11.690000,0.010000,0.017276,-0.079027,0.001339,0.0767,1.033490,-0.014507,0.543210,-0.125138,-0.125138,-7.1699,-7.1699,1,1,0.017276,0.00029845
1771742758.166187,11.700000,0.010000,0.016956,-0.076664,0.003723,0.2133,1.003197,-0.013244,0.126243,-0.166882,-0.166882,-9.5616,-9.5616,1,1,0.016956,0.00028751
1771742758.176187,11.710000,0.010000,0.016638,-0.076338,0.005982,0.3428,0.986875,-0.015631,-0.238603,-0.139977,-0.139977,-8.0201,-8.0201,1,1,0.016638,0.00027682
1771742758.186187,11.720000,0.010000,0.016329,-0.074105,0.007976,0.4570,0.937357,-0.021209,-0.557844,-0.036260,-0.036260,-2.0776,-2.0776,1,1,0.016329,0.00026664
1771742758.196187,11.730000,0.010000,0.016021,-0.073878,0.009703,0.5559,0.904565,-0.029581,-0.837179,0.039863,0.039863,2.2840,2.2840,1,1,0.016021,0.00025667
1771742758.206187,11.740000,0.010000,0.015722,-0.071797,0.011045,0.6329,0.841852,-0.040397,-1.081597,0.066415,0.066415,3.8053,3.8053,1,1,0.015722,0.00024718
1771742758.216187,11.750000,0.010000,0.015423,-0.071700,0.012021,0.6888,0.797985,-0.053351,-1.295464,0.054880,0.054880,3.1444,3.1444,1,1,0.015423,0.00023787
1771742758.226187,11.760000,0.010000,0.015127,-0.071043,0.012623,0.7232,0.748255,-0.066236,-1.288442,0.043359,0.043359,2.4843,2.4843,1,1,0.015127,0.00022883
1771742758.236187,11.770000,0.010000,0.014822,-0.073256,0.013039,0.7471,0.745838,-0.075656,-0.942047,0.028456,0.028456,1.6304,1.6304,1,1,0.014822,0.00021968
1771742758.246186,11.780000,0.010000,0.014521,-0.072167,0.013230,0.7580,0.710027,-0.082745,-0.708845,0.023270,0.023270,1.3333,1.3333,1,1,0.014521,0.00021086
1771742758.256186,11.790000,0.010000,0.014207,-0.075437,0.013433,0.7696,0.740439,-0.086170,-0.342493,0.031336,0.031336,1.7954,1.7954,1,1,0.014207,0.00020183
1771742758.266186,11.800000,0.010000,0.013897,-0.074361,0.013594,0.7789,0.726849,-0.086300,-0.012991,0.010302,0.010302,0.5902,0.5902,1,1,0.013897,0.00019312
1771742758.276186,11.810000,0.010000,0.013591,-0.073446,0.013630,0.7809,0.704583,-0.089904,-0.360433,-0.008274,-0.008274,-0.4741,-0.4741,1,1,0.013591,0.00018471
1771742758.286186,11.820000,0.010000,0.013283,-0.073913,0.013567,0.7773,0.697383,-0.094308,-0.440432,0.021431,0.021431,1.2279,1.2279,1,1,0.013283,0.00017643
1771742758.296186,11.830000,0.010000,0.012985,-0.071586,0.013241,0.7587,0.646318,-0.101653,-0.734444,0.026127,0.026127,1.4970,1.4970,1,1,0.012985,0.00016860
1771742758.306186,11.840000,0.010000,0.012670,-0.075503,0.012927,0.7406,0.682054,-0.106443,-0.479052,0.036533,0.036533,2.0932,2.0932,1,1,0.012670,0.00016053
1771742758.316186,11.850000,0.010000,0.012360,-0.074318,0.012563,0.7198,0.666454,-0.107144,-0.070105,0.032928,0.032928,1.8866,1.8866,1,1,0.012360,0.00015278
1771742758.326186,11.860000,0.010000,0.012034,-0.078195,0.012408,0.7109,0.725684,-0.104267,0.287724,0.029309,0.029309,1.6793,1.6793,1,1,0.012034,0.00014483
1771742758.336186,11.870000,0.010000,0.011714,-0.076856,0.012368,0.7087,0.728538,-0.098259,0.600824,-0.004805,-0.004805,-0.2753,-0.2753,1,1,0.011714,0.00013722
1771742758.346187,11.880000,0.010000,0.011378,-0.080668,0.012679,0.7265,0.804520,-0.089511,0.874787,-0.062485,-0.062485,-3.5802,-3.5802,1,1,0.011378,0.00012946
1771742758.356187,11.890000,0.010000,0.011048,-0.079126,0.013220,0.7574,0.819589,-0.078366,1.114505,-0.143702,-0.143702,-8.2335,-8.2335,1,1,0.011048,0.00012207
1771742758.366187,11.900000,0.010000,0.010703,-0.082863,0.014211,0.8142,0.907302,-0.065123,1.324257,-0.144357,-0.144357,-8.2711,-8.2711,1,1,0.010703,0.00011456
1771742758.376187,11.910000,0.010000,0.010376,-0.078472,0.015320,0.8777,0.884319,-0.054074,1.104917,-0.114632,-0.114632,-6.5679,-6.5679,1,1,0.010376,0.00010766
1771742758.386187,11.920000,0.010000,0.010029,-0.083292,0.016836,0.9646,0.976525,-0.043398,1.067631,-0.121230,-0.121230,-6.9460,-6.9460,1,1,0.010029,0.00010058
1771742758.396187,11.930000,0.010000,0.009711,-0.076295,0.018259,1.0462,0.905594,-0.036685,0.671240,-0.085895,-0.085895,-4.9214,-4.9214,1,1,0.009711,0.00009430
1771742758.406187,11.940000,0.010000,0.009371,-0.081566,0.019914,1.1410,0.980802,-0.033134,0.355141,-0.103532,-0.103532,-5.9319,-5.9319,1,1,0.009371,0.00008782
1771742758.416187,11.950000,0.010000,0.009046,-0.078101,0.021585,1.2368,0.953859,-0.026536,0.659815,-0.096640,-0.096640,-5.5371,-5.5371,1,1,0.009046,0.00008182
1771742758.426187,11.960000,0.010000,0.008705,-0.081725,0.023507,1.3469,1.017028,-0.019953,0.658285,-0.112303,-0.112303,-6.4345,-6.4345,1,1,0.008705,0.00007578
1771742758.436187,11.970000,0.010000,0.008378,-0.078360,0.025454,1.4584,0.992028,-0.012892,0.706071,-0.100048,-0.100048,-5.7323,-5.7323,1,1,0.008378,0.00007020
1771742758.446187,11.980000,0.010000,0.008041,-0.080962,0.027589,1.5807,1.038929,-0.007165,0.572747,-0.094587,-0.094587,-5.4194,-5.4194,1,1,0.008041,0.00006466
1771742758.456187,11.990000,0.010000,0.007718,-0.077427,0.029672,1.7001,1.003354,-0.002605,0.455927,-0.099654,-0.099654,-5.7097,-5.7097,1,1,0.007718,0.00005957
1771742758.466187,12.000000,0.010000,0.007392,-0.078230,0.031747,1.8189,1.010717,-0.002107,0.049871,-0.119434,-0.119434,-6.8431,-6.8431,1,1,0.007392,0.00005465
1771742758.476187,12.010000,0.010000,0.007081,-0.074657,0.033573,1.9236,0.951057,-0.005161,-0.305429,-0.104202,-0.104202,-5.9703,-5.9703,1,1,0.007081,0.00005014
1771742758.486187,12.020000,0.010000,0.006768,-0.075884,0.035259,2.0202,0.951720,-0.011324,-0.616316,-0.030453,-0.030453,-1.7448,-1.7448,1,1,0.006768,0.00004580
1771742758.496186,12.030000,0.010000,0.006474,-0.070466,0.036475,2.0899,0.843625,-0.020208,-0.888343,0.011345,0.011345,0.6500,0.6500,1,1,0.006474,0.00004191
1771742758.506186,12.040000,0.010000,0.006174,-0.076366,0.037715,2.1609,0.937767,-0.031471,-1.126366,0.084155,0.084155,4.8217,4.8217,1,1,0.006174,0.00003812
1771742758.516186,12.050000,0.010000,0.005933,-0.057884,0.037868,2.1697,0.606988,-0.042691,-1.121985,0.053519,0.053519,3.0664,3.0664,1,1,0.005933,0.00003520
1771742758.526186,12.060000,0.010000,0.005706,-0.069622,0.037763,2.1636,0.812885,-0.049018,-0.632671,0.139008,0.139008,7.9646,7.9646,1,1,0.005706,0.00003256
1771742758.536186,12.070000,0.010000,0.005457,-0.065378,0.038016,2.1782,0.736388,-0.055832,-0.681424,0.053216,0.053216,3.0490,3.0490,1,1,0.005457,0.00002978
1771742758.546186,12.080000,0.010000,0.005199,-0.071466,0.038460,2.2036,0.846020,-0.060933,-0.510100,0.074487,0.074487,4.2678,4.2678,1,1,0.005199,0.00002702
1771742758.556186,12.090000,0.010000,0.004993,-0.054010,0.037981,2.1761,0.540359,-0.067354,-0.642124,0.012888,0.012888,0.7384,0.7384,1,1,0.004993,0.00002493
1771742758.566186,12.100000,0.010000,0.004800,-0.065636,0.037354,2.1402,0.753390,-0.071441,-0.408668,0.119666,0.119666,6.8563,6.8563,1,1,0.004800,0.00002304
1771742758.576186,12.110000,0.010000,0.004585,-0.061392,0.037142,2.1281,0.684500,-0.074334,-0.289324,0.040213,0.040213,2.3041,2.3041,1,1,0.004585,0.00002103
1771742758.586186,12.120000,0.010000,0.004360,-0.067635,0.037188,2.1307,0.803838,-0.077499,-0.316492,0.055738,0.055738,3.1936,3.1936,1,1,0.004360,0.00001901
1771742758.596187,12.130000,0.010000,0.004191,-0.049683,0.036329,2.0815,0.494575,-0.082741,-0.524187,0.012753,0.012753,0.7307,0.7307,1,1,0.004191,0.00001756
1771742758.606187,12.140000,0.010000,0.004035,-0.061032,0.035314,2.0233,0.707911,-0.085424,-0.268257,0.117061,0.117061,6.7071,6.7071,1,1,0.004035,0.00001628
1771742758.616187,12.150000,0.010000,0.003844,-0.060767,0.035028,2.0070,0.713729,-0.084280,0.114341,0.052505,0.052505,3.0083,3.0083,1,1,0.003844,0.00001477
1771742758.626187,12.160000,0.010000,0.003646,-0.062707,0.034946,2.0023,0.760120,-0.079789,0.449114,0.004617,0.004617,0.2645,0.2645,1,1,0.003646,0.00001329
1771742758.636187,12.170000,0.010000,0.003448,-0.061406,0.034968,2.0035,0.750312,-0.072369,0.742040,-0.085567,-0.085567,-4.9026,-4.9026,1,1,0.003448,0.00001189
1771742758.646187,12.180000,0.010000,0.003235,-0.066706,0.035406,2.0286,0.860064,-0.062385,0.998351,-0.176909,-0.176909,-10.1362,-10.1362,1,1,0.003235,0.00001046
1771742758.656187,12.190000,0.010000,0.003025,-0.061847,0.035913,2.0577,0.790942,-0.050159,1.222623,-0.182787,-0.182787,-10.4729,-10.4729,1,1,0.003025,0.00000915
1771742758.666187,12.200000,0.010000,0.002816,-0.065724,0.036559,2.0947,0.880655,-0.037237,1.292182,-0.163637,-0.163637,-9.3757,-9.3757,1,1,0.002816,0.00000793
1771742758.676187,12.210000,0.010000,0.002589,-0.067476,0.037720,2.1612,0.935150,-0.023272,1.396546,-0.123360,-0.123360,-7.0680,-7.0680,1,1,0.002589,0.00000670
1771742758.686187,12.220000,0.010000,0.002357,-0.067817,0.039196,2.2458,0.968235,-0.014543,0.872912,-0.039918,-0.039918,-2.2872,-2.2872,1,1,0.002357,0.00000555
1771742758.696187,12.230000,0.010000,0.002128,-0.067139,0.040857,2.3410,0.987484,-0.003414,1.112864,-0.138905,-0.138905,-7.9587,-7.9587,1,1,0.002128,0.00000453
1771742758.706187,12.240000,0.010000,0.001910,-0.065708,0.042621,2.4420,0.997904,0.002833,0.624690,-0.048098,-0.048098,-2.7558,-2.7558,1,1,0.001910,0.00000365
1771742758.716187,12.250000,0.010000,0.001707,-0.063704,0.044434,2.5459,1.002814,0.009446,0.661317,-0.165259,-0.165259,-9.4686,-9.4686,1,1,0.001707,0.00000292
1771742758.726187,12.260000,0.010000,0.001524,-0.061256,0.046267,2.6509,1.004437,0.011742,0.229587,-0.164129,-0.164129,-9.4039,-9.4039,1,1,0.001524,0.00000232
1771742758.736187,12.270000,0.010000,0.001364,-0.058455,0.048100,2.7559,1.004267,0.017242,0.549954,-0.211374,-0.211374,-12.1109,-12.1109,1,1,0.001364,0.00000186
1771742758.746186,12.280000,0.010000,0.001229,-0.055371,0.049926,2.8605,1.003325,0.021649,0.440791,-0.209392,-0.209392,-11.9973,-11.9973,1,1,0.001229,0.00000151
1771742758.756186,12.290000,0.010000,0.001121,-0.052055,0.051743,2.9646,1.002316,0.022016,0.036626,-0.243436,-0.243436,-13.9479,-13.9479,1,1,0.001121,0.00000126
1771742758.766186,12.300000,0.010000,0.001042,-0.048553,0.053553,3.0684,1.001736,0.018846,-0.317018,-0.260179,-0.260179,-14.9071,-14.9071,1,1,0.001042,0.00000109
1771742758.776186,12.310000,0.010000,0.000993,-0.044899,0.055364,3.1721,1.001945,0.012581,-0.626457,-0.239065,-0.239065,-13.6974,-13.6974,1,1,0.000993,0.00000099
1771742758.786186,12.320000,0.010000,0.001001,-0.035019,0.056725,3.2501,0.893574,0.003609,-0.897216,-0.225490,-0.225490,-12.9196,-12.9196,1,1,0.001001,0.00000100
1771742758.796186,12.330000,0.010000,0.001052,-0.033337,0.057896,3.3172,0.934395,-0.007732,-1.134129,-0.161202,-0.161202,-9.2362,-9.2362,1,1,0.001052,0.00000111
1771742758.806186,12.340000,0.010000,0.001177,-0.017728,0.058344,3.3429,0.726555,-0.021147,-1.341429,-0.152016,-0.152016,-8.7099,-8.7099,1,1,0.001177,0.00000139
1771742758.816186,12.350000,0.010000,0.001350,-0.019515,0.058531,3.3536,0.830475,-0.029394,-0.824685,-0.081035,-0.081035,-4.6430,-4.6430,1,1,0.001350,0.00000182
1771742758.826186,12.360000,0.010000,0.001561,-0.009564,0.058627,3.3591,0.722671,-0.040100,-1.070665,-0.162546,-0.162546,-9.3132,-9.3132,1,1,0.001561,0.00000244
1771742758.836186,12.370000,0.010000,0.001798,-0.012009,0.058838,3.3712,0.835213,-0.045978,-0.587766,-0.091962,-0.091962,-5.2690,-5.2690,1,1,0.001798,0.00000323
1771742758.846187,12.380000,0.010000,0.002076,-0.000718,0.058407,3.3465,0.587497,-0.054611,-0.863361,-0.183161,-0.183161,-10.4944,-10.4944,1,1,0.002076,0.00000431
1771742758.856187,12.390000,0.010000,0.002365,-0.006578,0.057856,3.3149,0.755977,-0.065657,-1.104507,-0.106431,-0.106431,-6.0980,-6.0980,1,1,0.002365,0.00000559
1771742758.866187,12.400000,0.010000,0.002663,0.000009,0.056927,3.2617,0.526448,-0.078812,-1.315509,-0.030981,-0.030981,-1.7751,-1.7751,1,1,0.002663,0.00000709
1771742758.876187,12.410000,0.010000,0.002943,-0.007960,0.056065,3.2123,0.724866,-0.093813,-1.500136,-0.029071,-0.029071,-1.6657,-1.6657,1,1,0.002943,0.00000866
1771742758.886187,12.420000,0.010000,0.003258,0.006330,0.054042,3.0964,0.283657,-0.110430,-1.661685,0.066595,0.066595,3.8156,3.8156,1,1,0.003258,0.00001062
1771742758.896187,12.430000,0.010000,0.003555,-0.007294,0.051752,2.9652,0.573582,-0.128460,-1.803040,0.072875,0.072875,4.1754,4.1754,1,1,0.003555,0.00001264
1771742758.906187,12.440000,0.010000,0.003838,0.000005,0.049189,2.8183,0.271458,-0.142286,-1.382560,0.083672,0.083672,4.7941,4.7941,1,1,0.003838,0.00001473
1771742758.916187,12.450000,0.010000,0.004074,-0.014843,0.046861,2.6849,0.570420,-0.152686,-1.040055,0.093580,0.093580,5.3617,5.3617,1,1,0.004074,0.00001660
1771742758.926187,12.460000,0.010000,0.004322,0.000003,0.043741,2.5062,0.137240,-0.158296,-0.560982,0.071550,0.071550,4.0995,4.0995,1,1,0.004322,0.00001868
1771742758.936187,12.470000,0.010000,0.004537,-0.018282,0.040616,2.3271,0.485154,-0.159714,-0.141794,0.092432,0.092432,5.2960,5.2960,1,1,0.004537,0.00002058
1771742758.946187,12.480000,0.010000,0.004739,-0.006296,0.037844,2.1683,0.287731,-0.157464,0.224996,0.050589,0.050589,2.8985,2.8985,1,1,0.004739,0.00002246
1771742758.956187,12.490000,0.010000,0.004914,-0.022421,0.035645,2.0423,0.584240,-0.158099,-0.063518,0.058843,0.058843,3.3714,3.3714,1,1,0.004914,0.00002415
1771742758.966187,12.500000,0.010000,0.005126,-0.000595,0.032709,1.8741,0.166443,-0.155165,0.293488,0.071915,0.071915,4.1204,4.1204,1,1,0.005126,0.00002627
1771742758.976187,12.510000,0.010000,0.005329,-0.019755,0.029783,1.7064,0.506103,-0.156087,-0.092264,0.084806,0.084806,4.8591,4.8591,1,1,0.005329,0.00002840
1771742758.986187,12.520000,0.010000,0.005489,-0.014288,0.027571,1.5797,0.401748,-0.153404,0.268335,0.069451,0.069451,3.9793,3.9793,1,1,0.005489,0.00003013
1771742758.996186,12.530000,0.010000,0.005603,-0.029556,0.026087,1.4947,0.660502,-0.147565,0.583859,0.069808,0.069808,3.9997,3.9997,1,1,0.005603,0.00003140
1771742759.006186,12.540000,0.010000,0.005753,-0.008320,0.023847,1.3663,0.268552,-0.138966,0.859942,0.071204,0.071204,4.0797,4.0797,1,1,0.005753,0.00003310
1771742759.016186,12.550000,0.010000,0.005897,-0.026626,0.021557,1.2352,0.573859,-0.127951,1.101515,0.029726,0.029726,1.7032,1.7032,1,1,0.005897,0.00003478
1771742759.026186,12.560000,0.010000,0.005925,-0.039321,0.021133,1.2108,0.773543,-0.114822,1.312892,-0.082322,-0.082322,-4.7167,-4.7167,1,1,0.005925,0.00003510
1771742759.036186,12.570000,0.010000,0.005960,-0.026834,0.020341,1.1655,0.525717,-0.099843,1.497846,-0.157788,-0.157788,-9.0406,-9.0406,1,1,0.005960,0.00003553
1771742759.046186,12.580000,0.010000,0.005979,-0.040575,0.019622,1.1243,0.741777,-0.083246,1.659681,-0.153042,-0.153042,-8.7687,-8.7687,1,1,0.005979,0.00003575
1771742759.056186,12.590000,0.010000,0.005911,-0.050105,0.020202,1.1575,0.880825,-0.065234,1.801287,-0.232852,-0.232852,-13.3414,-13.3414,1,1,0.005911,0.00003494
1771742759.066186,12.600000,0.010000,0.005794,-0.053735,0.021397,1.2259,0.916178,-0.045982,1.925192,-0.133077,-0.133077,-7.6248,-7.6248,1,1,0.005794,0.00003357
1771742759.076186,12.610000,0.010000,0.005644,-0.058644,0.022963,1.3157,0.976802,-0.032627,1.335477,-0.049954,-0.049954,-2.8622,-2.8622,1,1,0.005644,0.00003185
1771742759.086186,12.620000,0.010000,0.005474,-0.058998,0.024661,1.4130,0.960079,-0.021193,1.143372,-0.083136,-0.083136,-4.7633,-4.7633,1,1,0.005474,0.00002997
1771742759.096187,12.630000,0.010000,0.005285,-0.063522,0.026555,1.5215,1.021357,-0.009555,1.163857,-0.089085,-0.089085,-5.1042,-5.1042,1,1,0.005285,0.00002793
1771742759.106187,12.640000,0.010000,0.005067,-0.066511,0.028808,1.6506,1.059647,0.002241,1.179514,-0.013086,-0.013086,-0.7498,-0.7498,1,1,0.005067,0.00002568
1771742759.116187,12.650000,0.010000,0.004832,-0.068398,0.031284,1.7925,1.083509,0.010642,0.840134,0.035304,0.035304,2.0228,2.0228,1,1,0.004832,0.00002335
1771742759.126187,12.660000,0.010000,0.004588,-0.069056,0.033868,1.9405,1.091271,0.018038,0.739579,-0.032829,-0.032829,-1.8809,-1.8809,1,1,0.004588,0.00002105
1771742759.136187,12.670000,0.010000,0.004341,-0.069513,0.036516,2.0922,1.101515,0.024683,0.664578,-0.044602,-0.044602,-2.5555,-2.5555,1,1,0.004341,0.00001884
1771742759.146187,12.680000,0.010000,0.004095,-0.069054,0.039192,2.2455,1.101632,0.027008,0.232440,-0.052976,-0.052976,-3.0353,-3.0353,1,1,0.004095,0.00001677
1771742759.156187,12.690000,0.010000,0.003866,-0.065770,0.041680,2.3881,1.057725,0.025551,-0.145681,-0.151300,-0.151300,-8.6688,-8.6688,1,1,0.003866,0.00001495
1771742759.166187,12.700000,0.010000,0.003651,-0.065464,0.044079,2.5256,1.072850,0.020786,-0.476536,-0.171750,-0.171750,-9.8406,-9.8406,1,1,0.003651,0.00001333
1771742759.176187,12.710000,0.010000,0.003478,-0.055991,0.045928,2.6315,0.930136,0.013125,-0.766035,-0.171840,-0.171840,-9.8457,-9.8457,1,1,0.003478,0.00001210
1771742759.186187,12.720000,0.010000,0.003333,-0.057644,0.047547,2.7242,0.990528,0.002932,-1.019347,-0.068529,-0.068529,-3.9264,-3.9264,1,1,0.003333,0.00001111
1771742759.196187,12.730000,0.010000,0.003232,-0.045978,0.048639,2.7868,0.816996,-0.009478,-1.240994,-0.068403,-0.068403,-3.9192,-3.9192,1,1,0.003232,0.00001045
1771742759.206187,12.740000,0.010000,0.003159,-0.049378,0.049557,2.8394,0.915232,-0.016846,-0.736804,0.034799,0.034799,1.9939,1.9939,1,1,0.003159,0.00000998
1771742759.216187,12.750000,0.010000,0.003117,-0.039703,0.050246,2.8789,0.782015,-0.025132,-0.828620,-0.084403,-0.084403,-4.8359,-4.8359,1,1,0.003117,0.00000971
1771742759.226187,12.760000,0.010000,0.003093,-0.043567,0.050947,2.9191,0.892129,-0.033126,-0.799407,-0.038268,-0.038268,-2.1926,-2.1926,1,1,0.003093,0.00000957
1771742759.236187,12.770000,0.010000,0.003116,-0.029731,0.051162,2.9314,0.687444,-0.036631,-0.350415,-0.077028,-0.077028,-4.4134,-4.4134,1,1,0.003116,0.00000971
1771742759.246186,12.780000,0.010000,0.003164,-0.035400,0.051294,2.9389,0.831412,-0.036206,0.042453,-0.138692,-0.138692,-7.9465,-7.9465,1,1,0.003164,0.00001001
1771742759.256186,12.790000,0.010000,0.003206,-0.032512,0.051871,2.9720,0.822173,-0.035784,0.042217,-0.258202,-0.258202,-14.7939,-14.7939,1,1,0.003206,0.00001028
1771742759.266186,12.800000,0.010000,0.003270,-0.030055,0.052417,3.0033,0.821135,-0.036886,-0.110225,-0.270068,-0.270068,-15.4738,-15.4738,1,1,0.003270,0.00001069
1771742759.276186,12.810000,0.010000,0.003361,-0.026050,0.052845,3.0278,0.792765,-0.038897,-0.201122,-0.241246,-0.241246,-13.8224,-13.8224,1,1,0.003361,0.00001130
1771742759.286186,12.820000,0.010000,0.003478,-0.023308,0.053159,3.0458,0.786839,-0.044148,-0.525047,-0.226034,-0.226034,-12.9508,-12.9508,1,1,0.003478,0.00001210
1771742759.296186,12.830000,0.010000,0.003636,-0.016172,0.053105,3.0427,0.702073,-0.052233,-0.808482,-0.161664,-0.161664,-9.2627,-9.2627,1,1,0.003636,0.00001322
1771742759.306186,12.840000,0.010000,0.003815,-0.017178,0.053022,3.0379,0.761123,-0.062797,-1.056488,-0.082786,-0.082786,-4.7433,-4.7433,1,1,0.003815,0.00001456
1771742759.316186,12.850000,0.010000,0.004036,-0.006775,0.052398,3.0022,0.582865,-0.068551,-0.575361,-0.032816,-0.032816,-1.8802,-1.8802,1,1,0.004036,0.00001629
1771742759.326186,12.860000,0.010000,0.004253,-0.015828,0.052012,2.9801,0.780731,-0.070095,-0.154375,-0.095134,-0.095134,-5.4508,-5.4508,1,1,0.004253,0.00001808
1771742759.336186,12.870000,0.010000,0.004489,-0.004055,0.051360,2.9427,0.554143,-0.067955,0.213988,-0.179093,-0.179093,-10.2613,-10.2613,1,1,0.004489,0.00002015
1771742759.346187,12.880000,0.010000,0.004720,-0.014364,0.050847,2.9133,0.768684,-0.069573,-0.161827,-0.255550,-0.255550,-14.6419,-14.6419,1,1,0.004720,0.00002228
1771742759.356187,12.890000,0.010000,0.004962,-0.003583,0.050271,2.8803,0.577382,-0.067499,0.207468,-0.177518,-0.177518,-10.1711,-10.1711,1,1,0.004962,0.00002462
1771742759.366187,12.900000,0.010000,0.005195,-0.014171,0.049951,2.8620,0.790825,-0.068690,-0.119122,-0.259031,-0.259031,-14.8414,-14.8414,1,1,0.005195,0.00002699
1771742759.376187,12.910000,0.010000,0.005452,0.000011,0.049094,2.8129,0.486655,-0.073223,-0.453298,-0.187349,-0.187349,-10.7343,-10.7343,1,1,0.005452,0.00002973
1771742759.386187,12.920000,0.010000,0.005699,-0.013076,0.048271,2.7657,0.738558,-0.080680,-0.745701,-0.096483,-0.096483,-5.5281,-5.5281,1,1,0.005699,0.00003248
1771742759.396187,12.930000,0.010000,0.005956,0.000010,0.047005,2.6932,0.425324,-0.090695,-1.001555,-0.028091,-0.028091,-1.6095,-1.6095,1,1,0.005956,0.00003548
1771742759.406187,12.940000,0.010000,0.006190,-0.015045,0.045855,2.6273,0.704658,-0.102950,-1.225426,0.010795,0.010795,0.6185,0.6185,1,1,0.006190,0.00003832
1771742759.416187,12.950000,0.010000,0.006436,0.000006,0.043820,2.5107,0.263441,-0.117163,-1.421314,0.072799,0.072799,4.1711,4.1711,1,1,0.006436,0.00004142
1771742759.426187,12.960000,0.010000,0.006645,-0.018932,0.041719,2.3903,0.603215,-0.126109,-0.894584,0.093574,0.093574,5.3614,5.3614,1,1,0.006645,0.00004415
1771742759.436187,12.970000,0.010000,0.006863,-0.001083,0.039403,2.2576,0.274653,-0.130446,-0.433695,0.054521,0.054521,3.1238,3.1238,1,1,0.006863,0.00004710
1771742759.446187,12.980000,0.010000,0.007059,-0.020524,0.037392,2.1424,0.612886,-0.130750,-0.030417,0.068097,0.068097,3.9017,3.9017,1,1,0.007059,0.00004983
1771742759.456187,12.990000,0.010000,0.007254,-0.004694,0.035322,2.0238,0.322856,-0.127525,0.322451,0.031540,0.031540,1.8071,1.8071,1,1,0.007254,0.00005263
1771742759.466187,13.000000,0.010000,0.007422,-0.023860,0.033625,1.9266,0.646470,-0.128194,-0.066921,0.015109,0.015109,0.8657,0.8657,1,1,0.007422,0.00005509
1771742759.476187,13.010000,0.010000,0.007608,-0.003528,0.031347,1.7961,0.243219,-0.132271,-0.407622,0.048672,0.048672,2.7887,2.7887,1,1,0.007608,0.00005788
1771742759.486187,13.020000,0.010000,0.007772,-0.024821,0.029180,1.6719,0.595804,-0.137927,-0.565598,0.095527,0.095527,5.4733,5.4733,1,1,0.007772,0.00006040
1771742759.496186,13.030000,0.010000,0.007941,-0.005578,0.026670,1.5281,0.226548,-0.146366,-0.843964,0.046974,0.046974,2.6914,2.6914,1,1,0.007941,0.00006306
1771742759.506186,13.040000,0.010000,0.008082,-0.027766,0.024409,1.3985,0.585209,-0.151489,-0.512286,0.085130,0.085130,4.8776,4.8776,1,1,0.008082,0.00006532
1771742759.516186,13.050000,0.010000,0.008220,-0.009844,0.021887,1.2540,0.231790,-0.152481,-0.099184,0.059466,0.059466,3.4071,3.4071,1,1,0.008220,0.00006757
1771742759.526186,13.060000,0.010000,0.008322,-0.032433,0.019659,1.1264,0.587967,-0.149858,0.262280,0.091009,0.091009,5.2144,5.2144,1,1,0.008322,0.00006926
1771742759.536186,13.070000,0.010000,0.008384,-0.023208,0.017750,1.0170,0.378254,-0.144073,0.578561,0.070579,0.070579,4.0439,4.0439,1,1,0.008384,0.00007030
1771742759.546186,13.080000,0.010000,0.008391,-0.043322,0.016410,0.9402,0.682244,-0.135519,0.855306,0.051040,0.051040,2.9244,2.9244,1,1,0.008391,0.00007041
1771742759.556186,13.090000,0.010000,0.008374,-0.032298,0.015047,0.8621,0.434677,-0.124545,1.097459,-0.031665,-0.031665,-1.8143,-1.8143,1,1,0.008374,0.00007012
1771742759.566186,13.100000,0.010000,0.008311,-0.051383,0.014033,0.8040,0.716194,-0.111451,1.309342,-0.043241,-0.043241,-2.4775,-2.4775,1,1,0.008311,0.00006907
1771742759.576186,13.110000,0.010000,0.008170,-0.054201,0.013918,0.7975,0.708454,-0.096504,1.494741,-0.141035,-0.141035,-8.0807,-8.0807,1,1,0.008170,0.00006675
1771742759.586186,13.120000,0.010000,0.007961,-0.067724,0.014535,0.8328,0.890022,-0.080499,1.600550,-0.179979,-0.179979,-10.3121,-10.3121,1,1,0.007961,0.00006338
1771742759.596187,13.130000,0.010000,0.007748,-0.057224,0.014750,0.8451,0.650123,-0.068548,1.195098,-0.077277,-0.077277,-4.4276,-4.4276,1,1,0.007748,0.00006003
1771742759.606187,13.140000,0.010000,0.007510,-0.071314,0.014976,0.8581,0.847022,-0.054600,1.394777,-0.117707,-0.117707,-6.7441,-6.7441,1,1,0.007510,0.00005640
1771742759.616187,13.150000,0.010000,0.007182,-0.081188,0.016358,0.9373,0.970232,-0.038905,1.569495,-0.068759,-0.068759,-3.9396,-3.9396,1,1,0.007182,0.00005158
1771742759.626187,13.160000,0.010000,0.006837,-0.082761,0.018188,1.0421,1.017640,-0.028170,1.073482,0.067561,0.067561,3.8709,3.8709,1,1,0.006837,0.00004674
1771742759.636187,13.170000,0.010000,0.006494,-0.082193,0.020244,1.1599,1.041283,-0.015286,1.288363,0.018371,0.018371,1.0526,1.0526,1,1,0.006494,0.00004218
1771742759.646187,13.180000,0.010000,0.006154,-0.081701,0.022470,1.2875,1.059120,-0.005942,0.934400,0.103514,0.103514,5.9309,5.9309,1,1,0.006154,0.00003787
1771742759.656187,13.190000,0.010000,0.005815,-0.081267,0.024828,1.4225,1.072623,0.005724,1.166666,0.033580,0.033580,1.9240,1.9240,1,1,0.005815,0.00003382
1771742759.666187,13.200000,0.010000,0.005478,-0.080875,0.027286,1.5633,1.082895,0.013831,0.810687,0.132849,0.132849,7.6117,7.6117,1,1,0.005478,0.00003001
1771742759.676187,13.210000,0.010000,0.005143,-0.080513,0.029821,1.7086,1.090764,0.018482,0.465105,0.048530,0.048530,2.7806,2.7806,1,1,0.005143,0.00002645
1771742759.686187,13.220000,0.010000,0.004808,-0.080173,0.032418,1.8574,1.096850,0.019061,0.057901,-0.024896,-0.024896,-1.4264,-1.4264,1,1,0.004808,0.00002312
1771742759.696187,13.230000,0.010000,0.004489,-0.076618,0.034825,1.9953,1.044244,0.016077,-0.298402,-0.104834,-0.104834,-6.0066,-6.0066,1,1,0.004489,0.00002015
1771742759.706187,13.240000,0.010000,0.004179,-0.076537,0.037087,2.1249,1.046750,0.009976,-0.610168,-0.084121,-0.084121,-4.8198,-4.8198,1,1,0.004179,0.00001747
1771742759.716187,13.250000,0.010000,0.003903,-0.068959,0.038826,2.2246,0.922149,0.001146,-0.882963,-0.058003,-0.058003,-3.3234,-3.3234,1,1,0.003903,0.00001523
1771742759.726187,13.260000,0.010000,0.003643,-0.071583,0.040400,2.3148,0.985099,-0.008657,-0.980281,0.029804,0.029804,1.7077,1.7077,1,1,0.003643,0.00001327
1771742759.736187,13.270000,0.010000,0.003428,-0.058988,0.041324,2.3677,0.781351,-0.020725,-1.206812,0.012074,0.012074,0.6918,0.6918,1,1,0.003428,0.00001175
1771742759.746186,13.280000,0.010000,0.003239,-0.063545,0.041998,2.4063,0.887409,-0.027794,-0.706895,0.124532,0.124532,7.1352,7.1352,1,1,0.003239,0.00001049
1771742759.756186,13.290000,0.010000,0.003046,-0.061105,0.042952,2.4610,0.871148,-0.030489,-0.269467,0.023699,0.023699,1.3578,1.3578,1,1,0.003046,0.00000928
1771742759.766186,13.300000,0.010000,0.002862,-0.061665,0.044013,2.5218,0.911726,-0.029356,0.113282,-0.046377,-0.046377,-2.6572,-2.6572,1,1,0.002862,0.00000819
1771742759.776186,13.310000,0.010000,0.002696,-0.057275,0.045017,2.5793,0.867121,-0.024874,0.448188,-0.165548,-0.165548,-9.4852,-9.4852,1,1,0.002696,0.00000727
1771742759.786186,13.320000,0.010000,0.002539,-0.058963,0.046148,2.6441,0.934293,-0.017567,0.730678,-0.249317,-0.249317,-14.2848,-14.2848,1,1,0.002539,0.00000645
1771742759.796186,13.330000,0.010000,0.002380,-0.059046,0.047670,2.7313,0.975830,-0.007683,0.988409,-0.243104,-0.243104,-13.9288,-13.9288,1,1,0.002380,0.00000566
1771742759.806186,13.340000,0.010000,0.002234,-0.056205,0.049300,2.8247,0.968849,-0.000656,0.702661,-0.203266,-0.203266,-11.6463,-11.6463,1,1,0.002234,0.00000499
1771742759.816186,13.350000,0.010000,0.002105,-0.055063,0.051019,2.9232,0.996105,0.002001,0.265763,-0.246667,-0.246667,-14.1330,-14.1330,1,1,0.002105,0.00000443
1771742759.826186,13.360000,0.010000,0.002015,-0.047177,0.052453,3.0053,0.906440,0.000836,-0.116524,-0.269511,-0.269511,-15.4418,-15.4418,1,1,0.002015,0.00000406
1771742759.836186,13.370000,0.010000,0.001956,-0.046903,0.053794,3.0822,0.956174,-0.003674,-0.451024,-0.244008,-0.244008,-13.9806,-13.9806,1,1,0.001956,0.00000382
1771742759.846187,13.380000,0.010000,0.001942,-0.036872,0.054790,3.1393,0.833736,-0.010465,-0.679114,-0.208301,-0.208301,-11.9348,-11.9348,1,1,0.001942,0.00000377
1771742759.856187,13.390000,0.010000,0.001961,-0.037838,0.055696,3.1912,0.910022,-0.012917,-0.245159,-0.146970,-0.146970,-8.4208,-8.4208,1,1,0.001961,0.00000384
1771742759.866187,13.400000,0.010000,0.001995,-0.033794,0.056809,3.2549,0.897723,-0.011572,0.134552,-0.253401,-0.253401,-14.5188,-14.5188,1,1,0.001995,0.00000398
1771742759.876187,13.410000,0.010000,0.002048,-0.033541,0.058121,3.3301,0.954679,-0.006904,0.466799,-0.320872,-0.320872,-18.3846,-18.3846,1,1,0.002048,0.00000419
1771742759.886187,13.420000,0.010000,0.002138,-0.025163,0.059266,3.3957,0.867611,-0.003078,0.382531,-0.356402,-0.356402,-20.4203,-20.4203,1,1,0.002138,0.00000457
1771742759.896187,13.430000,0.010000,0.002257,-0.025672,0.060433,3.4625,0.940600,-0.003222,-0.014352,-0.357206,-0.357206,-20.4664,-20.4664,1,1,0.002257,0.00000510
1771742759.906187,13.440000,0.010000,0.002420,-0.015487,0.061359,3.5156,0.822879,-0.006838,-0.361623,-0.322260,-0.322260,-18.4642,-18.4642,1,1,0.002420,0.00000586
1771742759.916187,13.450000,0.010000,0.002612,-0.017245,0.062301,3.5696,0.918739,-0.013493,-0.665486,-0.293578,-0.293578,-16.8208,-16.8208,1,1,0.002612,0.00000682
1771742759.926187,13.460000,0.010000,0.002853,-0.004498,0.062617,3.5877,0.689276,-0.022807,-0.931366,-0.251352,-0.251352,-14.4014,-14.4014,1,1,0.002853,0.00000814
1771742759.936187,13.470000,0.010000,0.003116,-0.009476,0.062807,3.5986,0.840607,-0.034447,-1.164011,-0.172555,-0.172555,-9.8867,-9.8867,1,1,0.003116,0.00000971
1771742759.946187,13.480000,0.010000,0.003403,0.000011,0.062483,3.5800,0.591935,-0.048122,-1.367576,-0.101628,-0.101628,-5.8229,-5.8229,1,1,0.003403,0.00001158
1771742759.956187,13.490000,0.010000,0.003685,-0.007682,0.062146,3.5607,0.786502,-0.063579,-1.545695,-0.075614,-0.075614,-4.3323,-4.3323,1,1,0.003685,0.00001358
1771742759.966187,13.500000,0.010000,0.003993,0.004462,0.060837,3.4857,0.392870,-0.080595,-1.701549,0.026341,0.026341,1.5092,1.5092,1,1,0.003993,0.00001595
1771742759.976187,13.510000,0.010000,0.004282,-0.007995,0.059346,3.4003,0.664864,-0.096558,-1.596324,0.002443,0.002443,0.1400,0.1400,1,1,0.004282,0.00001834
1771742759.986187,13.520000,0.010000,0.004563,0.000007,0.057515,3.2954,0.360483,-0.107035,-1.047718,0.053461,0.053461,3.0631,3.0631,1,1,0.004563,0.00002082
1771742759.996186,13.530000,0.010000,0.004805,-0.014008,0.055874,3.2013,0.649901,-0.119693,-1.265819,0.001684,0.001684,0.0965,0.0965,1,1,0.004805,0.00002308
1771742760.006186,13.540000,0.010000,0.005077,0.004559,0.053038,3.0389,0.127236,-0.134260,-1.456657,0.072516,0.072516,4.1549,4.1549,1,1,0.005077,0.00002577
1771742760.016186,13.550000,0.010000,0.005321,-0.014806,0.050005,2.8651,0.501241,-0.150496,-1.623641,0.107608,0.107608,6.1655,6.1655,1,1,0.005321,0.00002832
1771742760.026186,13.560000,0.010000,0.005562,0.000003,0.046524,2.6656,0.089494,-0.168194,-1.769752,0.067337,0.067337,3.8582,3.8582,1,1,0.005562,0.00003094
1771742760.036186,13.570000,0.010000,0.005759,-0.020954,0.043275,2.4795,0.477720,-0.187170,-1.897599,0.081032,0.081032,4.6428,4.6428,1,1,0.005759,0.00003317
1771742760.046186,13.580000,0.010000,0.005974,0.000669,0.038837,2.2252,-0.122537,-0.200471,-1.330106,0.044607,0.044607,2.5558,2.5558,1,1,0.005974,0.00003569
1771742760.056186,13.590000,0.010000,0.006142,-0.025477,0.034350,1.9681,0.343905,-0.208619,-0.814777,0.055643,0.055643,3.1881,3.1881,1,1,0.006142,0.00003772
1771742760.066186,13.600000,0.010000,0.006299,-0.006809,0.030001,1.7189,0.007363,-0.212257,-0.363864,0.047181,0.047181,2.7033,2.7033,1,1,0.006299,0.00003968
1771742760.076186,13.610000,0.010000,0.006420,-0.030780,0.026225,1.5026,0.418356,-0.211951,0.030685,0.046995,0.046995,2.6926,2.6926,1,1,0.006420,0.00004121
1771742760.086186,13.620000,0.010000,0.006554,-0.007397,0.022025,1.2619,-0.015877,-0.208191,0.375915,0.090513,0.090513,5.1860,5.1860,1,1,0.006554,0.00004296
1771742760.096187,13.630000,0.010000,0.006663,-0.032411,0.018091,1.0365,0.399653,-0.201411,0.677992,0.047592,0.047592,2.7268,2.7268,1,1,0.006663,0.00004439
1771742760.106187,13.640000,0.010000,0.006699,-0.029020,0.015152,0.8682,0.304397,-0.191988,0.942309,0.103248,0.103248,5.9157,5.9157,1,1,0.006699,0.00004487
1771742760.116187,13.650000,0.010000,0.006665,-0.048182,0.013132,0.7524,0.603083,-0.180253,1.173586,0.080051,0.080051,4.5866,4.5866,1,1,0.006665,0.00004442
1771742760.126187,13.660000,0.010000,0.006644,-0.029041,0.010509,0.6021,0.220954,-0.166493,1.375953,0.130992,0.130992,7.5053,7.5053,1,1,0.006644,0.00004414
1771742760.136187,13.670000,0.010000,0.006599,-0.049854,0.007945,0.4552,0.542951,-0.150963,1.553025,0.073464,0.073464,4.2092,4.2092,1,1,0.006599,0.00004355
1771742760.146187,13.680000,0.010000,0.006421,-0.064389,0.007308,0.4187,0.748544,-0.133883,1.707963,0.027584,0.027584,1.5804,1.5804,1,1,0.006421,0.00004123
1771742760.156187,13.690000,0.010000,0.006224,-0.056641,0.006565,0.3762,0.559705,-0.115448,1.843533,0.013888,0.013888,0.7957,0.7957,1,1,0.006224,0.00003874
1771742760.166187,13.700000,0.010000,0.005995,-0.070440,0.005993,0.3434,0.753545,-0.095826,1.962158,-0.030072,-0.030072,-1.7230,-1.7230,1,1,0.005995,0.00003593
1771742760.176187,13.710000,0.010000,0.005677,-0.080087,0.006552,0.3754,0.873777,-0.078272,1.755420,-0.009709,-0.009709,-0.5563,-0.5563,1,1,0.005677,0.00003222
1771742760.186187,13.720000,0.010000,0.005331,-0.082909,0.007607,0.4359,0.925931,-0.061533,1.673935,0.060043,0.060043,3.4402,3.4402,1,1,0.005331,0.00002842
1771742760.196187,13.730000,0.010000,0.004988,-0.082375,0.008855,0.5074,0.945567,-0.047943,1.358927,0.104403,0.104403,5.9818,5.9818,1,1,0.004988,0.00002488
1771742760.206187,13.740000,0.010000,0.004646,-0.081919,0.010240,0.5867,0.959340,-0.036076,1.186727,0.095642,0.095642,5.4799,5.4799,1,1,0.004646,0.00002159
1771742760.216187,13.750000,0.010000,0.004307,-0.081520,0.011721,0.6716,0.968701,-0.022202,1.387452,0.105439,0.105439,6.0412,6.0412,1,1,0.004307,0.00001855
1771742760.226187,13.760000,0.010000,0.003969,-0.081165,0.013267,0.7602,0.974734,-0.013477,0.872419,0.185581,0.185581,10.6330,10.6330,1,1,0.003969,0.00001575
1771742760.236187,13.770000,0.010000,0.003632,-0.080841,0.014855,0.8511,0.978251,-0.002353,1.112432,0.119892,0.119892,6.8693,6.8693,1,1,0.003632,0.00001319
1771742760.246186,13.780000,0.010000,0.003296,-0.080541,0.016467,0.9435,0.979857,0.007947,1.030057,0.199527,0.199527,11.4321,11.4321,1,1,0.003296,0.00001086
1771742760.256186,13.790000,0.010000,0.002962,-0.080257,0.018089,1.0364,0.980003,0.020451,1.250365,0.212932,0.212932,12.2001,12.2001,1,1,0.002962,0.00000877
1771742760.266186,13.800000,0.010000,0.002628,-0.079986,0.019712,1.1294,0.979028,0.027901,0.745004,0.277341,0.277341,15.8905,15.8905,1,1,0.002628,0.00000691
1771742760.276186,13.810000,0.010000,0.002296,-0.079695,0.021325,1.2218,0.977031,0.030929,0.302813,0.200810,0.200810,11.5056,11.5056,1,1,0.002296,0.00000527
1771742760.286186,13.820000,0.010000,0.001967,-0.079223,0.022914,1.3129,0.973366,0.030088,-0.084105,0.125117,0.125117,7.1687,7.1687,1,1,0.001967,0.00000387
1771742760.296186,13.830000,0.010000,0.001645,-0.078285,0.024453,1.4011,0.966881,0.025862,-0.422658,0.129452,0.129452,7.4170,7.4170,1,1,0.001645,0.00000271
1771742760.306186,13.840000,0.010000,0.001334,-0.076919,0.025923,1.4853,0.958449,0.021415,-0.444629,0.111710,0.111710,6.4005,6.4005,1,1,0.001334,0.00000178
1771742760.316186,13.850000,0.010000,0.001036,-0.075198,0.027315,1.5650,0.948965,0.021016,-0.039985,0.103429,0.103429,5.9261,5.9261,1,1,0.001036,0.00000107
1771742760.326186,13.860000,0.010000,0.000755,-0.073170,0.028624,1.6400,0.938977,0.024156,0.314079,0.098066,0.098066,5.6188,5.6188,1,1,0.000755,0.00000057
1771742760.336186,13.870000,0.010000,0.000492,-0.070866,0.029847,1.7101,0.928824,0.030395,0.623885,0.057744,0.057744,3.3085,3.3085,1,1,0.000492,0.00000024
1771742760.346187,13.880000,0.010000,0.000251,-0.068324,0.030986,1.7754,0.918834,0.039345,0.894965,0.116897,0.116897,6.6977,6.6977,1,1,0.000251,0.00000006
1771742760.356187,13.890000,0.010000,0.000031,-0.065576,0.032045,1.8360,0.909234,0.050666,1.132160,0.193768,0.193768,11.1021,11.1021,1,1,0.000031,0.00000000
1771742760.366187,13.900000,0.010000,-0.000164,-0.062649,0.033026,1.8922,0.900172,0.059320,0.865323,0.235060,0.235060,13.4680,13.4680,1,1,0.000164,0.00000003
1771742760.376187,13.910000,0.010000,-0.000334,-0.059570,0.033936,1.9444,0.891814,0.070382,1.106223,0.180841,0.180841,10.3614,10.3614,1,1,0.000334,0.00000011
1771742760.386187,13.920000,0.010000,-0.000477,-0.056369,0.034781,1.9928,0.884301,0.083552,1.317011,0.191833,0.191833,10.9912,10.9912,1,1,0.000477,0.00000023
1771742760.396187,13.930000,0.010000,-0.000594,-0.053071,0.035570,2.0380,0.877756,0.098567,1.501451,0.180228,0.180228,10.3263,10.3263,1,1,0.000594,0.00000035
1771742760.406187,13.940000,0.010000,-0.000682,-0.049701,0.036311,2.0805,0.872281,0.111347,1.278046,0.145289,0.145289,8.3245,8.3245,1,1,0.000682,0.00000046
1771742760.416187,13.950000,0.010000,-0.000742,-0.046283,0.037014,2.1207,0.867964,0.119039,0.769224,0.062692,0.062692,3.5920,3.5920,1,1,0.000742,0.00000055
1771742760.426187,13.960000,0.010000,-0.000773,-0.042841,0.037689,2.1594,0.864879,0.122279,0.324005,-0.027102,-0.027102,-1.5528,-1.5528,1,1,0.000773,0.00000060
1771742760.436187,13.970000,0.010000,-0.000775,-0.039395,0.038346,2.1970,0.863090,0.121624,-0.065561,-0.075551,-0.075551,-4.3288,-4.3288,1,1,0.000775,0.00000060
1771742760.446187,13.980000,0.010000,-0.000749,-0.035965,0.038996,2.2343,0.862652,0.119349,-0.227432,-0.111064,-0.111064,-6.3635,-6.3635,1,1,0.000749,0.00000056
1771742760.456187,13.990000,0.010000,-0.000694,-0.032570,0.039651,2.2719,0.863607,0.116689,-0.266043,-0.120921,-0.120921,-6.9283,-6.9283,1,1,0.000694,0.00000048
1771742760.466187,14.000000,0.010000,-0.000612,-0.029227,0.040324,2.3104,0.865991,0.110870,-0.581854,-0.140768,-0.140768,-8.0654,-8.0654,1,1,0.000612,0.00000037
1771742760.476187,14.010000,0.010000,-0.000502,-0.025951,0.041025,2.3505,0.869832,0.109270,-0.160056,-0.135286,-0.135286,-7.7513,-7.7513,1,1,0.000502,0.00000025
1771742760.486187,14.020000,0.010000,-0.000365,-0.022756,0.041767,2.3931,0.875146,0.111360,0.209017,-0.194612,-0.194612,-11.1505,-11.1505,1,1,0.000365,0.00000013
1771742760.496186,14.030000,0.010000,-0.000202,-0.019652,0.042562,2.4386,0.881946,0.116680,0.531956,-0.215941,-0.215941,-12.3725,-12.3725,1,1,0.000202,0.00000004
1771742760.506186,14.040000,0.010000,-0.000014,-0.016651,0.043423,2.4880,0.890235,0.124700,0.802013,-0.244452,-0.244452,-14.0061,-14.0061,1,1,0.000014,0.00000000
1771742760.516186,14.050000,0.010000,0.000198,-0.013760,0.044363,2.5418,0.900009,0.133091,0.839167,-0.268756,-0.268756,-15.3986,-15.3986,1,1,0.000198,0.00000004
1771742760.526186,14.060000,0.010000,0.000434,-0.010988,0.045394,2.6009,0.911290,0.138983,0.589207,-0.273178,-0.273178,-15.6519,-15.6519,1,1,0.000434,0.00000019
1771742760.536186,14.070000,0.010000,0.000688,-0.009380,0.046552,2.6672,0.929921,0.140648,0.166490,-0.270897,-0.270897,-15.5213,-15.5213,1,1,0.000688,0.00000047
1771742760.546186,14.080000,0.010000,0.000953,-0.008319,0.047875,2.7430,0.950974,0.138614,-0.203387,-0.267804,-0.267804,-15.3440,-15.3440,1,1,0.000953,0.00000091
1771742760.556186,14.090000,0.010000,0.001226,-0.007265,0.049367,2.8285,0.971101,0.133344,-0.527029,-0.255836,-0.255836,-14.6583,-14.6583,1,1,0.001226,0.00000150
1771742760.566186,14.100000,0.010000,0.001509,-0.006238,0.051024,2.9235,0.990922,0.125242,-0.810216,-0.237020,-0.237020,-13.5803,-13.5803,1,1,0.001509,0.00000228
1771742760.576186,14.110000,0.010000,0.001800,-0.005245,0.052848,3.0280,1.010807,0.114662,-1.058005,-0.238103,-0.238103,-13.6423,-13.6423,1,1,0.001800,0.00000324
1771742760.586186,14.120000,0.010000,0.002098,-0.004294,0.054841,3.1421,1.031067,0.101914,-1.274820,-0.248882,-0.248882,-14.2599,-14.2599,1,1,0.002098,0.00000440
1771742760.596187,14.130000,0.010000,0.002405,-0.003384,0.057006,3.2662,1.051866,0.087268,-1.464534,-0.256557,-0.256557,-14.6997,-14.6997,1,1,0.002405,0.00000578
1771742760.606187,14.140000,0.010000,0.002718,-0.002517,0.059351,3.4006,1.073346,0.070963,-1.630533,-0.255856,-0.255856,-14.6595,-14.6595,1,1,0.002718,0.00000739
1771742760.616187,14.150000,0.010000,0.003039,-0.001684,0.061881,3.5455,1.095566,0.053205,-1.775782,-0.240549,-0.240549,-13.7824,-13.7824,1,1,0.003039,0.00000924
1771742760.626187,14.160000,0.010000,0.003370,0.000021,0.064067,3.6708,0.990219,0.034176,-1.902875,-0.224235,-0.224235,-12.8477,-12.8477,1,1,0.003370,0.00001136
1771742760.636187,14.170000,0.010000,0.003703,0.000021,0.065719,3.7654,0.941812,0.014036,-2.014082,-0.169069,-0.169069,-9.6869,-9.6869,1,1,0.003703,0.00001371
1771742760.646187,14.180000,0.010000,0.004032,0.000018,0.066720,3.8228,0.819778,-0.007078,-2.111387,-0.101503,-0.101503,-5.8157,-5.8157,1,1,0.004032,0.00001625
1771742760.656187,14.190000,0.010000,0.004354,0.000017,0.067129,3.8462,0.771675,-0.029043,-2.196530,-0.013388,-0.013388,-0.7671,-0.7671,1,1,0.004354,0.00001896
1771742760.666187,14.200000,0.010000,0.004673,0.000014,0.066873,3.8315,0.647021,-0.051754,-2.271029,0.039081,0.039081,2.2392,2.2392,1,1,0.004673,0.00002184
1771742760.676187,14.210000,0.010000,0.004986,0.000013,0.066020,3.7827,0.600859,-0.075116,-2.336217,0.035808,0.035808,2.0516,2.0516,1,1,0.004986,0.00002486
1771742760.686187,14.220000,0.010000,0.005295,0.000010,0.064541,3.6979,0.484523,-0.097706,-2.259001,0.059094,0.059094,3.3858,3.3858,1,1,0.005295,0.00002803
1771742760.696187,14.230000,0.010000,0.005598,0.000011,0.062672,3.5909,0.482121,-0.115120,-1.741426,0.060995,0.060995,3.4948,3.4948,1,1,0.005598,0.00003133
1771742760.706187,14.240000,0.010000,0.005899,0.000008,0.060385,3.4598,0.380947,-0.130493,-1.537279,0.048193,0.048193,2.7612,2.7612,1,1,0.005899,0.00003480
1771742760.716187,14.250000,0.010000,0.006195,0.000009,0.057795,3.3114,0.387991,-0.145292,-1.479864,0.046300,0.046300,2.6528,2.6528,1,1,0.006195,0.00003838
1771742760.726187,14.260000,0.010000,0.006490,0.000007,0.054844,3.1423,0.293128,-0.159200,-1.390822,0.063928,0.063928,3.6628,3.6628,1,1,0.006490,0.00004212
1771742760.736187,14.270000,0.010000,0.006776,-0.000727,0.051706,2.9626,0.323429,-0.171282,-1.208197,0.076959,0.076959,4.4094,4.4094,1,1,0.006776,0.00004592
1771742760.746186,14.280000,0.010000,0.007063,0.000006,0.048317,2.7684,0.236646,-0.179940,-0.865838,0.069079,0.069079,3.9579,3.9579,1,1,0.007063,0.00004988
1771742760.756186,14.290000,0.010000,0.007323,-0.005892,0.045106,2.5844,0.347945,-0.185477,-0.553682,0.074818,0.074818,4.2868,4.2868,1,1,0.007323,0.00005362
1771742760.766186,14.300000,0.010000,0.007586,0.000005,0.041515,2.3787,0.165081,-0.186831,-0.135406,0.063901,0.063901,3.6612,3.6612,1,1,0.007586,0.00005755
1771742760.776186,14.310000,0.010000,0.007772,-0.022516,0.038937,2.2309,0.554992,-0.184525,0.230585,0.073687,0.073687,4.2220,4.2220,1,1,0.007772,0.00006040
1771742760.786186,14.320000,0.010000,0.007973,0.000002,0.035114,2.0119,-0.060959,-0.179017,0.550828,0.051567,0.051567,2.9546,2.9546,1,1,0.007973,0.00006356
1771742760.796186,14.330000,0.010000,0.008124,-0.027701,0.031186,1.7868,0.409177,-0.170707,0.831040,0.065327,0.065327,3.7429,3.7429,1,1,0.008124,0.00006600
1771742760.806186,14.340000,0.010000,0.008166,-0.031136,0.028967,1.6597,0.441882,-0.159944,1.076226,0.037382,0.037382,2.1418,2.1418,1,1,0.008166,0.00006668
1771742760.816186,14.350000,0.010000,0.008163,-0.038688,0.027277,1.5629,0.543016,-0.147037,1.290764,-0.008595,-0.008595,-0.4925,-0.4925,1,1,0.008163,0.00006663
1771742760.826186,14.360000,0.010000,0.008131,-0.038976,0.025799,1.4782,0.513182,-0.132252,1.478484,-0.068101,-0.068101,-3.9019,-3.9019,1,1,0.008131,0.00006612
1771742760.836186,14.370000,0.010000,0.008027,-0.055904,0.025298,1.4495,0.774009,-0.115824,1.642740,-0.103831,-0.103831,-5.9491,-5.9491,1,1,0.008027,0.00006444
1771742760.846187,14.380000,0.010000,0.007935,-0.038959,0.024259,1.3899,0.437261,-0.097960,1.786463,-0.183829,-0.183829,-10.5327,-10.5327,1,1,0.007935,0.00006297
1771742760.856187,14.390000,0.010000,0.007823,-0.057157,0.023269,1.3332,0.720485,-0.078838,1.912221,-0.033996,-0.033996,-1.9479,-1.9479,1,1,0.007823,0.00006120
1771742760.866187,14.400000,0.010000,0.007596,-0.069684,0.023971,1.3735,0.901148,-0.059363,1.947457,-0.215237,-0.215237,-12.3322,-12.3322,1,1,0.007596,0.00005770
1771742760.876187,14.410000,0.010000,0.007338,-0.066521,0.024881,1.4256,0.807057,-0.043308,1.605527,-0.064106,-0.064106,-3.6730,-3.6730,1,1,0.007338,0.00005385
1771742760.886187,14.420000,0.010000,0.007048,-0.076752,0.026079,1.4942,0.953304,-0.028542,1.476574,-0.096681,-0.096681,-5.5394,-5.5394,1,1,0.007048,0.00004967
1771742760.896187,14.430000,0.010000,0.006712,-0.080502,0.027926,1.6000,1.003566,-0.016987,1.155532,0.006401,0.006401,0.3667,0.3667,1,1,0.006712,0.00004505
1771742760.906187,14.440000,0.010000,0.006371,-0.081963,0.030057,1.7222,1.052234,-0.005653,1.133421,0.007062,0.007062,0.4046,0.4046,1,1,0.006371,0.00004059
1771742760.916187,14.450000,0.010000,0.006043,-0.078505,0.032218,1.8459,1.026749,0.001500,0.715249,0.044782,0.044782,2.5658,2.5658,1,1,0.006043,0.00003652
1771742760.926187,14.460000,0.010000,0.005705,-0.081154,0.034577,1.9811,1.075639,0.009478,0.797835,-0.065042,-0.065042,-3.7267,-3.7267,1,1,0.005705,0.00003255
1771742760.936187,14.470000,0.010000,0.005382,-0.077501,0.036891,2.1137,1.039504,0.012969,0.349040,-0.023614,-0.023614,-1.3530,-1.3530,1,1,0.005382,0.00002897
1771742760.946187,14.480000,0.010000,0.005061,-0.077483,0.039149,2.2431,1.037495,0.012532,-0.043656,-0.115540,-0.115540,-6.6200,-6.6200,1,1,0.005061,0.00002561
1771742760.956187,14.490000,0.010000,0.004756,-0.073922,0.041145,2.3574,0.979126,0.008660,-0.387265,-0.138224,-0.138224,-7.9196,-7.9196,1,1,0.004756,0.00002262
1771742760.966187,14.500000,0.010000,0.004460,-0.075055,0.043065,2.4675,1.010619,0.001780,-0.687923,-0.079617,-0.079617,-4.5617,-4.5617,1,1,0.004460,0.00001989
1771742760.976187,14.510000,0.010000,0.004210,-0.063402,0.044285,2.5373,0.820177,-0.007730,-0.950998,-0.055045,-0.055045,-3.1539,-3.1539,1,1,0.004210,0.00001773
1771742760.986187,14.520000,0.010000,0.003982,-0.068327,0.045312,2.5962,0.929625,-0.012560,-0.483058,0.067175,0.067175,3.8488,3.8488,1,1,0.003982,0.00001585
1771742760.996186,14.530000,0.010000,0.003766,-0.061777,0.046314,2.6536,0.838061,-0.020278,-0.771741,-0.051370,-0.051370,-2.9433,-2.9433,1,1,0.003766,0.00001418
1771742761.006186,14.540000,0.010000,0.003557,-0.065633,0.047409,2.7163,0.935654,-0.025756,-0.547857,0.019271,0.019271,1.1042,1.1042,1,1,0.003557,0.00001266
1771742761.016186,14.550000,0.010000,0.003412,-0.048077,0.047648,2.7301,0.654858,-0.034041,-0.828441,-0.059748,-0.059748,-3.4233,-3.4233,1,1,0.003412,0.00001164
1771742761.026186,14.560000,0.010000,0.003299,-0.054903,0.047593,2.7269,0.811289,-0.037799,-0.375820,0.057824,0.057824,3.3131,3.3131,1,1,0.003299,0.00001088
1771742761.036186,14.570000,0.010000,0.003156,-0.057054,0.048365,2.7711,0.884924,-0.037597,0.020224,-0.048786,-0.048786,-2.7952,-2.7952,1,1,0.003156,0.00000996
1771742761.046186,14.580000,0.010000,0.003045,-0.048139,0.048869,2.8000,0.763417,-0.033929,0.366762,-0.168093,-0.168093,-9.6310,-9.6310,1,1,0.003045,0.00000927
1771742761.056186,14.590000,0.010000,0.002949,-0.052285,0.049440,2.8327,0.877128,-0.034210,-0.028150,-0.263547,-0.263547,-15.1001,-15.1001,1,1,0.002949,0.00000870
1771742761.066186,14.600000,0.010000,0.002873,-0.044750,0.049995,2.8645,0.783795,-0.032886,0.132454,-0.179155,-0.179155,-10.2648,-10.2648,1,1,0.002873,0.00000825
1771742761.076186,14.610000,0.010000,0.002810,-0.048214,0.050677,2.9036,0.888661,-0.035218,-0.233169,-0.236291,-0.236291,-13.5385,-13.5385,1,1,0.002810,0.00000789
1771742761.086186,14.620000,0.010000,0.002801,-0.032821,0.050743,2.9074,0.658136,-0.040749,-0.553088,-0.153488,-0.153488,-8.7942,-8.7942,1,1,0.002801,0.00000785
1771742761.096187,14.630000,0.010000,0.002823,-0.038589,0.050655,2.9023,0.806236,-0.045607,-0.485856,-0.059442,-0.059442,-3.4058,-3.4058,1,1,0.002823,0.00000797
1771742761.106187,14.640000,0.010000,0.002846,-0.033849,0.050898,2.9162,0.766111,-0.046787,-0.117979,-0.094441,-0.094441,-5.4111,-5.4111,1,1,0.002846,0.00000810
1771742761.116187,14.650000,0.010000,0.002872,-0.037544,0.051469,2.9490,0.876854,-0.044329,0.245834,-0.183558,-0.183558,-10.5171,-10.5171,1,1,0.002872,0.00000825
1771742761.126187,14.660000,0.010000,0.002958,-0.020810,0.051354,2.9424,0.623247,-0.045209,-0.088012,-0.290588,-0.290588,-16.6495,-16.6495,1,1,0.002958,0.00000875
1771742761.136187,14.670000,0.010000,0.003074,-0.027477,0.051077,2.9265,0.787020,-0.042488,0.272055,-0.213134,-0.213134,-12.2117,-12.2117,1,1,0.003074,0.00000945
1771742761.146187,14.680000,0.010000,0.003167,-0.027692,0.051549,2.9536,0.833854,-0.043598,-0.111018,-0.310658,-0.310658,-17.7994,-17.7994,1,1,0.003167,0.00001003
1771742761.156187,14.690000,0.010000,0.003291,-0.020863,0.051853,2.9710,0.754767,-0.041079,0.251925,-0.235331,-0.235331,-13.4834,-13.4834,1,1,0.003291,0.00001083
1771742761.166187,14.700000,0.010000,0.003419,-0.025476,0.052420,3.0034,0.879296,-0.042042,-0.096333,-0.318426,-0.318426,-18.2444,-18.2444,1,1,0.003419,0.00001169
1771742761.176187,14.710000,0.010000,0.003608,-0.007563,0.052193,2.9905,0.588148,-0.046376,-0.433357,-0.250648,-0.250648,-14.3610,-14.3610,1,1,0.003608,0.00001302
1771742761.186187,14.720000,0.010000,0.003824,-0.015877,0.051787,2.9672,0.776556,-0.053658,-0.728254,-0.163354,-0.163354,-9.3595,-9.3595,1,1,0.003824,0.00001462
1771742761.196187,14.730000,0.010000,0.004051,-0.006609,0.051363,2.9429,0.617514,-0.063521,-0.986288,-0.103106,-0.103106,-5.9076,-5.9076,1,1,0.004051,0.00001641
1771742761.206187,14.740000,0.010000,0.004273,-0.015039,0.051183,2.9326,0.802542,-0.075642,-1.212068,-0.054813,-0.054813,-3.1406,-3.1406,1,1,0.004273,0.00001826
1771742761.216187,14.750000,0.010000,0.004530,0.000007,0.049909,2.8596,0.387553,-0.085373,-0.973073,0.031943,0.031943,1.8302,1.8302,1,1,0.004530,0.00002052
1771742761.226187,14.760000,0.010000,0.004774,-0.013611,0.048376,2.7718,0.658953,-0.090396,-0.502373,-0.001412,-0.001412,-0.0809,-0.0809,1,1,0.004774,0.00002279
1771742761.236187,14.770000,0.010000,0.005001,-0.006748,0.047361,2.7136,0.561381,-0.091302,-0.090511,-0.040012,-0.040012,-2.2925,-2.2925,1,1,0.005001,0.00002501
1771742761.246186,14.780000,0.010000,0.005216,-0.015139,0.046733,2.6776,0.731284,-0.095584,-0.428263,-0.107379,-0.107379,-6.1524,-6.1524,1,1,0.005216,0.00002721
1771742761.256186,14.790000,0.010000,0.005466,0.000007,0.045102,2.5842,0.350682,-0.102822,-0.723796,-0.027087,-0.027087,-1.5520,-1.5520,1,1,0.005466,0.00002988
1771742761.266186,14.800000,0.010000,0.005696,-0.015813,0.043425,2.4881,0.645569,-0.112646,-0.982387,0.027008,0.027008,1.5474,1.5474,1,1,0.005696,0.00003244
1771742761.276186,14.810000,0.010000,0.005937,0.000006,0.041277,2.3650,0.291830,-0.124733,-1.208654,0.059802,0.059802,3.4264,3.4264,1,1,0.005937,0.00003525
1771742761.286186,14.820000,0.010000,0.006154,-0.017723,0.039272,2.2501,0.610854,-0.138557,-1.382474,0.090826,0.090826,5.2040,5.2040,1,1,0.006154,0.00003787
1771742761.296186,14.830000,0.010000,0.006384,0.000003,0.036319,2.0809,0.123345,-0.154145,-1.558731,0.058666,0.058666,3.3613,3.3613,1,1,0.006384,0.00004075
1771742761.306186,14.840000,0.010000,0.006575,-0.021727,0.033305,1.9082,0.502622,-0.166208,-1.206287,0.093560,0.093560,5.3606,5.3606,1,1,0.006575,0.00004323
1771742761.316186,14.850000,0.010000,0.006778,-0.000902,0.029945,1.7157,0.111421,-0.173272,-0.706435,0.052748,0.052748,3.0222,3.0222,1,1,0.006778,0.00004594
1771742761.326186,14.860000,0.010000,0.006956,-0.023574,0.026863,1.5391,0.494484,-0.175963,-0.269065,0.079739,0.079739,4.5687,4.5687,1,1,0.006956,0.00004838
1771742761.336186,14.870000,0.010000,0.007124,-0.006891,0.023747,1.3606,0.175250,-0.174826,0.113634,0.075321,0.075321,4.3156,4.3156,1,1,0.007124,0.00005075
1771742761.346187,14.880000,0.010000,0.007255,-0.028967,0.021053,1.2062,0.535224,-0.170341,0.448496,0.084414,0.084414,4.8366,4.8366,1,1,0.007255,0.00005263
1771742761.356187,14.890000,0.010000,0.007359,-0.016807,0.018532,1.0618,0.284482,-0.162926,0.741500,0.092659,0.092659,5.3090,5.3090,1,1,0.007359,0.00005416
1771742761.366187,14.900000,0.010000,0.007418,-0.037244,0.016499,0.9453,0.605025,-0.152947,0.997878,0.069158,0.069158,3.9624,3.9624,1,1,0.007418,0.00005503
1771742761.376187,14.910000,0.010000,0.007451,-0.026368,0.014551,0.8337,0.368215,-0.147251,0.569604,0.022202,0.022202,1.2721,1.2721,1,1,0.007451,0.00005552
1771742761.386187,14.920000,0.010000,0.007439,-0.045426,0.013013,0.7456,0.657127,-0.138777,0.847470,0.067268,0.067268,3.8542,3.8542,1,1,0.007439,0.00005534
1771742761.396187,14.930000,0.010000,0.007381,-0.040533,0.011862,0.6796,0.519812,-0.127871,1.090602,0.026385,0.026385,1.5117,1.5117,1,1,0.007381,0.00005448
1771742761.406187,14.940000,0.010000,0.007270,-0.056634,0.011222,0.6429,0.752170,-0.114837,1.303342,-0.042314,-0.042314,-2.4244,-2.4244,1,1,0.007270,0.00005285
1771742761.416187,14.950000,0.010000,0.007113,-0.054237,0.010949,0.6273,0.656722,-0.099942,1.489490,-0.067599,-0.067599,-3.8731,-3.8731,1,1,0.007113,0.00005059
1771742761.426187,14.960000,0.010000,0.006907,-0.067337,0.011104,0.6362,0.836184,-0.083419,1.652370,-0.129484,-0.129484,-7.4189,-7.4189,1,1,0.006907,0.00004770
1771742761.436187,14.970000,0.010000,0.006634,-0.072446,0.012009,0.6881,0.875301,-0.065470,1.794890,-0.045915,-0.045915,-2.6307,-2.6307,1,1,0.006634,0.00004400
1771742761.446187,14.980000,0.010000,0.006313,-0.079422,0.013353,0.7651,0.950676,-0.050693,1.477722,0.002284,0.002284,0.1308,0.1308,1,1,0.006313,0.00003985
1771742761.456187,14.990000,0.010000,0.005969,-0.082386,0.015049,0.8622,0.999212,-0.034389,1.630396,0.045427,0.045427,2.6027,2.6027,1,1,0.005969,0.00003563
1771742761.466187,15.000000,0.010000,0.005628,-0.081898,0.016910,0.9689,1.016224,-0.020675,1.371375,0.134789,0.134789,7.7228,7.7228,1,1,0.005628,0.00003167
1771742761.476187,15.010000,0.010000,0.005288,-0.081470,0.018893,1.0825,1.028661,-0.007539,1.313616,0.132966,0.132966,7.6184,7.6184,1,1,0.005288,0.00002797
1771742761.486187,15.020000,0.010000,0.004950,-0.081087,0.020966,1.2013,1.037671,0.004986,1.252473,0.162024,0.162024,9.2833,9.2833,1,1,0.004950,0.00002451
1771742761.496186,15.030000,0.010000,0.004614,-0.080737,0.023106,1.3239,1.044114,0.013008,0.802144,0.182155,0.182155,10.4367,10.4367,1,1,0.004614,0.00002129
1771742761.506186,15.040000,0.010000,0.004279,-0.080410,0.025294,1.4492,1.048632,0.016536,0.352810,0.093104,0.093104,5.3345,5.3345,1,1,0.004279,0.00001831
1771742761.516186,15.050000,0.010000,0.003945,-0.080100,0.027517,1.5766,1.051708,0.022877,0.634160,-0.006980,-0.006980,-0.3999,-0.3999,1,1,0.003945,0.00001556
1771742761.526186,15.060000,0.010000,0.003613,-0.079801,0.029766,1.7054,1.053703,0.024935,0.205824,0.062131,0.062131,3.5598,3.5598,1,1,0.003613,0.00001305
1771742761.536186,15.070000,0.010000,0.003282,-0.079416,0.032027,1.8350,1.054376,0.023246,-0.168969,-0.027166,-0.027166,-1.5565,-1.5565,1,1,0.003282,0.00001077
1771742761.546186,15.080000,0.010000,0.002956,-0.078737,0.034282,1.9642,1.052930,0.018277,-0.496914,-0.040410,-0.040410,-2.3153,-2.3153,1,1,0.002956,0.00000874
1771742761.556186,15.090000,0.010000,0.002640,-0.077497,0.036502,2.0914,1.048454,0.010438,-0.783866,-0.042713,-0.042713,-2.4473,-2.4473,1,1,0.002640,0.00000697
1771742761.566186,15.100000,0.010000,0.002350,-0.072690,0.038439,2.2024,0.986612,0.003394,-0.704410,-0.014796,-0.014796,-0.8478,-0.8478,1,1,0.002350,0.00000552
1771742761.576186,15.110000,0.010000,0.002082,-0.071711,0.040213,2.3040,0.999221,0.000721,-0.267293,-0.000272,-0.000272,-0.0156,-0.0156,1,1,0.002082,0.00000434
1771742761.586186,15.120000,0.010000,0.001828,-0.070006,0.042039,2.4086,1.004087,0.001873,0.115185,-0.075601,-0.075601,-4.3316,-4.3316,1,1,0.001828,0.00000334
1771742761.596187,15.130000,0.010000,0.001591,-0.067777,0.043877,2.5140,1.004765,0.006371,0.449852,-0.159394,-0.159394,-9.1326,-9.1326,1,1,0.001591,0.00000253
1771742761.606187,15.140000,0.010000,0.001375,-0.065129,0.045704,2.6186,1.003020,0.013798,0.742687,-0.173438,-0.173438,-9.9373,-9.9373,1,1,0.001375,0.00000189
1771742761.616187,15.150000,0.010000,0.001184,-0.062143,0.047507,2.7220,1.000051,0.023787,0.998917,-0.127339,-0.127339,-7.2960,-7.2960,1,1,0.001184,0.00000140
1771742761.626187,15.160000,0.010000,0.001019,-0.058878,0.049282,2.8237,0.996687,0.036019,1.223118,-0.074858,-0.074858,-4.2890,-4.2890,1,1,0.001019,0.00000104
1771742761.636187,15.170000,0.010000,0.000883,-0.055386,0.051030,2.9238,0.993511,0.043230,0.721162,-0.039935,-0.039935,-2.2881,-2.2881,1,1,0.000883,0.00000078
1771742761.646187,15.180000,0.010000,0.000777,-0.051705,0.052754,3.0226,0.990939,0.046050,0.281951,-0.182811,-0.182811,-10.4743,-10.4743,1,1,0.000777,0.00000060
1771742761.656187,15.190000,0.010000,0.000703,-0.047873,0.054462,3.1205,0.989281,0.048060,0.201011,-0.269571,-0.269571,-15.4453,-15.4453,1,1,0.000703,0.00000049
1771742761.666187,15.200000,0.010000,0.000662,-0.043920,0.056163,3.2179,0.988768,0.046328,-0.173181,-0.302236,-0.302236,-17.3168,-17.3168,1,1,0.000662,0.00000044
1771742761.676187,15.210000,0.010000,0.000654,-0.039874,0.057868,3.3156,0.989580,0.041322,-0.500599,-0.284190,-0.284190,-16.2829,-16.2829,1,1,0.000654,0.00000043
1771742761.686187,15.220000,0.010000,0.000681,-0.035762,0.059589,3.4142,0.991860,0.033451,-0.787090,-0.262211,-0.262211,-15.0236,-15.0236,1,1,0.000681,0.00000046
1771742761.696187,15.230000,0.010000,0.000742,-0.031606,0.061338,3.5144,0.995724,0.027420,-0.603093,-0.247064,-0.247064,-14.1557,-14.1557,1,1,0.000742,0.00000055
1771742761.706187,15.240000,0.010000,0.000838,-0.027429,0.063130,3.6171,1.001264,0.023959,-0.346148,-0.286499,-0.286499,-16.4152,-16.4152,1,1,0.000838,0.00000070
1771742761.716187,15.250000,0.010000,0.000980,-0.020571,0.064779,3.7116,0.960449,0.017439,-0.651945,-0.303816,-0.303816,-17.4074,-17.4074,1,1,0.000980,0.00000096
1771742761.726187,15.260000,0.010000,0.001176,-0.013723,0.066137,3.7894,0.921035,0.008244,-0.919518,-0.283282,-0.283282,-16.2309,-16.2309,1,1,0.001176,0.00000138
1771742761.736187,15.270000,0.010000,0.001422,-0.008205,0.067166,3.8483,0.871104,-0.003292,-1.153644,-0.262050,-0.262050,-15.0144,-15.0144,1,1,0.001422,0.00000202
1771742761.746186,15.280000,0.010000,0.001706,-0.003724,0.067816,3.8856,0.817222,-0.016877,-1.358504,-0.215367,-0.215367,-12.3396,-12.3396,1,1,0.001706,0.00000291
1771742761.756186,15.290000,0.010000,0.002017,-0.001147,0.068293,3.9129,0.815710,-0.025274,-0.839625,-0.131166,-0.131166,-7.5153,-7.5153,1,1,0.002017,0.00000407
1771742761.766186,15.300000,0.010000,0.002342,0.000013,0.068676,3.9348,0.790806,-0.029130,-0.385606,-0.224303,-0.224303,-12.8516,-12.8516,1,1,0.002342,0.00000548
1771742761.776186,15.310000,0.010000,0.002669,0.000014,0.068889,3.9470,0.766452,-0.035994,-0.686471,-0.286184,-0.286184,-16.3971,-16.3971,1,1,0.002669,0.00000713
1771742761.786186,15.320000,0.010000,0.002995,0.000013,0.068822,3.9432,0.715217,-0.045492,-0.949728,-0.225637,-0.225637,-12.9280,-12.9280,1,1,0.002995,0.00000897
1771742761.796186,15.330000,0.010000,0.003316,0.000013,0.068439,3.9212,0.676774,-0.057293,-1.180078,-0.144428,-0.144428,-8.2751,-8.2751,1,1,0.003316,0.00001100
1771742761.806186,15.340000,0.010000,0.003635,0.000012,0.067674,3.8774,0.612926,-0.071109,-1.381634,-0.087574,-0.087574,-5.0176,-5.0176,1,1,0.003635,0.00001321
1771742761.816186,15.350000,0.010000,0.003950,0.000011,0.066508,3.8106,0.565067,-0.086689,-1.557996,-0.048210,-0.048210,-2.7622,-2.7622,1,1,0.003950,0.00001560
1771742761.826186,15.360000,0.010000,0.004261,0.000010,0.064892,3.7180,0.492609,-0.103812,-1.712312,-0.005140,-0.005140,-0.2945,-0.2945,1,1,0.004261,0.00001816
1771742761.836186,15.370000,0.010000,0.004568,0.000009,0.062819,3.5993,0.438861,-0.122285,-1.847339,0.023762,0.023762,1.3614,1.3614,1,1,0.004568,0.00002087
1771742761.846187,15.380000,0.010000,0.004872,0.000008,0.060250,3.4521,0.360794,-0.141940,-1.965487,0.050516,0.050516,2.8943,2.8943,1,1,0.004872,0.00002373
1771742761.856187,15.390000,0.010000,0.005171,0.000007,0.057281,3.2820,0.325713,-0.159608,-1.766774,0.077437,0.077437,4.4368,4.4368,1,1,0.005171,0.00002674
1771742761.866187,15.400000,0.010000,0.005467,0.000007,0.054031,3.0958,0.284875,-0.172413,-1.280528,0.068426,0.068426,3.9205,3.9205,1,1,0.005467,0.00002988
1771742761.876187,15.410000,0.010000,0.005760,0.000005,0.050668,2.9031,0.288894,-0.180127,-0.771396,0.065960,0.065960,3.7792,3.7792,1,1,0.005760,0.00003317
1771742761.886187,15.420000,0.010000,0.006052,0.000007,0.047288,2.7094,0.280065,-0.183386,-0.325906,0.062052,0.062052,3.5553,3.5553,1,1,0.006052,0.00003662
1771742761.896187,15.430000,0.010000,0.006342,0.000005,0.043848,2.5123,0.271058,-0.188501,-0.511465,0.058784,0.058784,3.3681,3.3681,1,1,0.006342,0.00004022
1771742761.906187,15.440000,0.010000,0.006630,0.000006,0.040263,2.3069,0.241938,-0.196467,-0.796598,0.070240,0.070240,4.0244,4.0244,1,1,0.006630,0.00004396
1771742761.916187,15.450000,0.010000,0.006907,-0.002253,0.036749,2.1055,0.281043,-0.200113,-0.364622,0.061295,0.061295,3.5119,3.5119,1,1,0.006907,0.00004771
1771742761.926187,15.460000,0.010000,0.007180,-0.000962,0.033200,1.9022,0.239510,-0.199813,0.030021,0.064952,0.064952,3.7215,3.7215,1,1,0.007180,0.00005156
1771742761.936187,15.470000,0.010000,0.007413,-0.011200,0.030202,1.7304,0.403960,-0.196060,0.375335,0.069213,0.069213,3.9656,3.9656,1,1,0.007413,0.00005495
1771742761.946187,15.480000,0.010000,0.007654,-0.000427,0.026772,1.5339,0.165549,-0.189285,0.677484,0.072842,0.072842,4.1735,4.1735,1,1,0.007654,0.00005859
1771742761.956187,15.490000,0.010000,0.007833,-0.023382,0.024104,1.3811,0.540805,-0.179866,0.941864,0.075084,0.075084,4.3020,4.3020,1,1,0.007833,0.00006136
1771742761.966187,15.500000,0.010000,0.008014,-0.003732,0.021118,1.2100,0.159040,-0.168134,1.173197,0.065513,0.065513,3.7536,3.7536,1,1,0.008014,0.00006422
1771742761.976187,15.510000,0.010000,0.008160,-0.027444,0.018416,1.0551,0.536198,-0.154378,1.375613,0.045598,0.045598,2.6126,2.6126,1,1,0.008160,0.00006659
1771742761.986187,15.520000,0.010000,0.008206,-0.031572,0.017094,0.9794,0.561057,-0.138851,1.552727,-0.040014,-0.040014,-2.2926,-2.2926,1,1,0.008206,0.00006733
1771742761.996186,15.530000,0.010000,0.008186,-0.043255,0.016502,0.9455,0.716056,-0.121774,1.707702,-0.109809,-0.109809,-6.2916,-6.2916,1,1,0.008186,0.00006701
1771742762.006186,15.540000,0.010000,0.008140,-0.039837,0.015951,0.9139,0.603571,-0.103341,1.843305,-0.176392,-0.176392,-10.1065,-10.1065,1,1,0.008140,0.00006625
1771742762.016186,15.550000,0.010000,0.008038,-0.055311,0.015942,0.9134,0.823649,-0.083721,1.961958,-0.186294,-0.186294,-10.6738,-10.6738,1,1,0.008038,0.00006460
1771742762.026186,15.560000,0.010000,0.007873,-0.057356,0.016590,0.9505,0.806574,-0.065908,1.781313,-0.122425,-0.122425,-7.0145,-7.0145,1,1,0.007873,0.00006198
1771742762.036186,15.570000,0.010000,0.007652,-0.068520,0.017789,1.0192,0.952468,-0.048889,1.701847,-0.136045,-0.136045,-7.7948,-7.7948,1,1,0.007652,0.00005856
1771742762.046186,15.580000,0.010000,0.007403,-0.066129,0.019091,1.0938,0.862126,-0.035116,1.377300,-0.012242,-0.012242,-0.7014,-0.7014,1,1,0.007403,0.00005480
1771742762.056186,15.590000,0.010000,0.007121,-0.075532,0.020594,1.1799,0.984348,-0.022608,1.250858,-0.056683,-0.056683,-3.2477,-3.2477,1,1,0.007121,0.00005071
1771742762.066186,15.600000,0.010000,0.006783,-0.081238,0.022745,1.3032,1.045161,-0.011130,1.147761,0.020236,0.020236,1.1594,1.1594,1,1,0.006783,0.00004600
1771742762.076186,15.610000,0.010000,0.006442,-0.081722,0.025084,1.4372,1.073010,-0.000634,1.049653,0.066279,0.066279,3.7975,3.7975,1,1,0.006442,0.00004150
1771742762.086186,15.620000,0.010000,0.006103,-0.081261,0.027574,1.5799,1.088732,0.008831,0.946476,0.061008,0.061008,3.4955,3.4955,1,1,0.006103,0.00003725
1771742762.096187,15.630000,0.010000,0.005766,-0.080847,0.030181,1.7292,1.100889,0.015916,0.708527,0.050874,0.050874,2.9149,2.9149,1,1,0.005766,0.00003325
1771742762.106187,15.640000,0.010000,0.005432,-0.080141,0.032856,1.8825,1.104641,0.019627,0.371022,-0.004186,-0.004186,-0.2398,-0.2398,1,1,0.005432,0.00002951
1771742762.116187,15.650000,0.010000,0.005114,-0.076517,0.035340,2.0248,1.051249,0.019382,-0.024421,-0.067097,-0.067097,-3.8444,-3.8444,1,1,0.005114,0.00002615
1771742762.126187,15.660000,0.010000,0.004796,-0.077866,0.037773,2.1642,1.074292,0.015678,-0.370434,-0.116079,-0.116079,-6.6508,-6.6508,1,1,0.004796,0.00002301
1771742762.136187,15.670000,0.010000,0.004512,-0.069287,0.039658,2.2722,0.927163,0.008946,-0.673196,-0.117333,-0.117333,-6.7227,-6.7227,1,1,0.004512,0.00002036
1771742762.146187,15.680000,0.010000,0.004243,-0.072717,0.041344,2.3688,0.999945,-0.000435,-0.938112,-0.010842,-0.010842,-0.6212,-0.6212,1,1,0.004243,0.00001801
1771742762.156187,15.690000,0.010000,0.004011,-0.061712,0.042513,2.4358,0.820557,-0.012134,-1.169914,-0.014910,-0.014910,-0.8543,-0.8543,1,1,0.004011,0.00001609
1771742762.166187,15.700000,0.010000,0.003798,-0.066368,0.043506,2.4927,0.924518,-0.025862,-1.372741,0.097859,0.097859,5.6069,5.6069,1,1,0.003798,0.00001443
1771742762.176187,15.710000,0.010000,0.003626,-0.053295,0.043967,2.5191,0.715795,-0.034382,-0.852082,0.067035,0.067035,3.8408,3.8408,1,1,0.003626,0.00001315
1771742762.186187,15.720000,0.010000,0.003475,-0.059354,0.044284,2.5373,0.850899,-0.038348,-0.396506,0.083179,0.083179,4.7658,4.7658,1,1,0.003475,0.00001207
1771742762.196187,15.730000,0.010000,0.003317,-0.056505,0.044954,2.5757,0.828707,-0.038326,0.002123,-0.024419,-0.024419,-1.3991,-1.3991,1,1,0.003317,0.00001100
1771742762.206187,15.740000,0.010000,0.003158,-0.059380,0.045887,2.6291,0.911130,-0.034817,0.350923,-0.114830,-0.114830,-6.5793,-6.5793,1,1,0.003158,0.00000997
1771742762.216187,15.750000,0.010000,0.003025,-0.051347,0.046633,2.6719,0.801609,-0.028256,0.656124,-0.239609,-0.239609,-13.7286,-13.7286,1,1,0.003025,0.00000915
1771742762.226187,15.760000,0.010000,0.002907,-0.054776,0.047418,2.7169,0.899310,-0.019024,0.923174,-0.282196,-0.282196,-16.1687,-16.1687,1,1,0.002907,0.00000845
1771742762.236187,15.770000,0.010000,0.002774,-0.056062,0.048780,2.7949,0.960818,-0.014437,0.458712,-0.242359,-0.242359,-13.8861,-13.8861,1,1,0.002774,0.00000770
1771742762.246186,15.780000,0.010000,0.002680,-0.046378,0.049798,2.8532,0.829549,-0.013914,0.052307,-0.280167,-0.280167,-16.0524,-16.0524,1,1,0.002680,0.00000718
1771742762.256186,15.790000,0.010000,0.002610,-0.048669,0.050734,2.9068,0.914915,-0.016947,-0.303297,-0.238135,-0.238135,-13.6441,-13.6441,1,1,0.002610,0.00000681
1771742762.266186,15.800000,0.010000,0.002573,-0.039858,0.051489,2.9501,0.803814,-0.023091,-0.614451,-0.176268,-0.176268,-10.0994,-10.0994,1,1,0.002573,0.00000662
1771742762.276186,15.810000,0.010000,0.002556,-0.042444,0.052266,2.9946,0.898101,-0.024977,-0.188579,-0.096006,-0.096006,-5.5007,-5.5007,1,1,0.002556,0.00000653
1771742762.286186,15.820000,0.010000,0.002563,-0.035118,0.053016,3.0376,0.816400,-0.023719,0.125841,-0.212627,-0.212627,-12.1826,-12.1826,1,1,0.002563,0.00000657
1771742762.296186,15.830000,0.010000,0.002588,-0.037411,0.053879,3.0871,0.907858,-0.019127,0.459177,-0.292605,-0.292605,-16.7651,-16.7651,1,1,0.002588,0.00000670
1771742762.306186,15.840000,0.010000,0.002618,-0.034826,0.055070,3.1553,0.913061,-0.011619,0.750845,-0.340891,-0.340891,-19.5316,-19.5316,1,1,0.002618,0.00000685
1771742762.316186,15.850000,0.010000,0.002657,-0.035255,0.056537,3.2393,0.973626,-0.001558,1.006056,-0.354908,-0.354908,-20.3347,-20.3347,1,1,0.002657,0.00000706
1771742762.326186,15.860000,0.010000,0.002724,-0.028691,0.057950,3.3203,0.910988,0.003754,0.531233,-0.340731,-0.340731,-19.5225,-19.5225,1,1,0.002724,0.00000742
1771742762.336186,15.870000,0.010000,0.002813,-0.029281,0.059441,3.4057,0.977783,0.004912,0.115763,-0.362942,-0.362942,-20.7950,-20.7950,1,1,0.002813,0.00000792
1771742762.346187,15.880000,0.010000,0.002947,-0.018820,0.060622,3.4734,0.848505,0.002434,-0.247773,-0.332262,-0.332262,-19.0372,-19.0372,1,1,0.002947,0.00000868
1771742762.356187,15.890000,0.010000,0.003108,-0.020900,0.061778,3.5396,0.943933,-0.003224,-0.565868,-0.305515,-0.305515,-17.5047,-17.5047,1,1,0.003108,0.00000966
1771742762.366187,15.900000,0.010000,0.003321,-0.007584,0.062407,3.5756,0.738551,-0.011666,-0.844200,-0.264398,-0.264398,-15.1489,-15.1489,1,1,0.003321,0.00001103
1771742762.376187,15.910000,0.010000,0.003559,-0.012321,0.062952,3.6069,0.880716,-0.022544,-1.087741,-0.213323,-0.213323,-12.2225,-12.2225,1,1,0.003559,0.00001267
1771742762.386187,15.920000,0.010000,0.003834,-0.000063,0.062873,3.6024,0.613183,-0.035552,-1.300839,-0.159839,-0.159839,-9.1581,-9.1581,1,1,0.003834,0.00001470
1771742762.396187,15.930000,0.010000,0.004114,-0.007985,0.062720,3.5936,0.808292,-0.050425,-1.487300,-0.100089,-0.100089,-5.7347,-5.7347,1,1,0.004114,0.00001693
1771742762.406187,15.940000,0.010000,0.004402,0.000011,0.062096,3.5578,0.534299,-0.059948,-0.952322,0.000263,0.000263,0.0151,0.0151,1,1,0.004402,0.00001938
1771742762.416187,15.950000,0.010000,0.004667,-0.010303,0.061525,3.5251,0.765682,-0.071772,-1.182347,-0.100378,-0.100378,-5.7512,-5.7512,1,1,0.004667,0.00002178
1771742762.426187,15.960000,0.010000,0.004951,0.002341,0.060058,3.4411,0.360533,-0.085608,-1.383620,-0.010444,-0.010444,-0.5984,-0.5984,1,1,0.004951,0.00002452
1771742762.436187,15.970000,0.010000,0.005209,-0.012179,0.058481,3.3507,0.659197,-0.101205,-1.559733,-0.001013,-0.001013,-0.0580,-0.0580,1,1,0.005209,0.00002713
1771742762.446187,15.980000,0.010000,0.005472,0.000863,0.056177,3.2187,0.240968,-0.118344,-1.713832,0.060256,0.060256,3.4524,3.4524,1,1,0.005472,0.00002994
1771742762.456187,15.990000,0.010000,0.005697,-0.016819,0.053907,3.0887,0.585601,-0.136830,-1.848669,0.092813,0.092813,5.3178,5.3178,1,1,0.005697,0.00003245
1771742762.466187,16.000000,0.010000,0.005949,0.004205,0.050421,2.8889,0.013197,-0.156497,-1.966651,0.093850,0.093850,5.3772,5.3772,1,1,0.005949,0.00003539
1771742762.476187,16.010000,0.010000,0.006168,-0.018680,0.046779,2.6802,0.438285,-0.177196,-2.069886,0.102849,0.102849,5.8928,5.8928,1,1,0.006168,0.00003805
1771742762.486187,16.020000,0.010000,0.006387,0.000002,0.042560,2.4385,-0.045168,-0.193236,-1.603992,0.045456,0.045456,2.6044,2.6044,1,1,0.006387,0.00004079
1771742762.496186,16.030000,0.010000,0.006557,-0.024948,0.038582,2.2106,0.401234,-0.203780,-1.054427,0.074281,0.074281,4.2560,4.2560,1,1,0.006557,0.00004300
1771742762.506186,16.040000,0.010000,0.006746,0.000001,0.033959,1.9457,-0.112516,-0.209516,-0.573558,0.027665,0.027665,1.5851,1.5851,1,1,0.006746,0.00004551
1771742762.516186,16.050000,0.010000,0.006902,-0.027141,0.029587,1.6952,0.357318,-0.211044,-0.152797,0.047077,0.047077,2.6973,2.6973,1,1,0.006902,0.00004763
1771742762.526186,16.060000,0.010000,0.007032,-0.011082,0.025507,1.4614,0.054246,-0.208890,0.215368,0.069513,0.069513,3.9828,3.9828,1,1,0.007032,0.00004945
1771742762.536186,16.070000,0.010000,0.007115,-0.035301,0.022074,1.2647,0.456162,-0.203515,0.537513,0.044212,0.044212,2.5332,2.5332,1,1,0.007115,0.00005062
1771742762.546186,16.080000,0.010000,0.007194,-0.015832,0.018428,1.0558,0.079629,-0.195321,0.819390,0.101973,0.101973,5.8426,5.8426,1,1,0.007194,0.00005175
1771742762.556186,16.090000,0.010000,0.007238,-0.039958,0.015121,0.8664,0.467843,-0.184661,1.066032,0.059776,0.059776,3.4249,3.4249,1,1,0.007238,0.00005238
1771742762.566186,16.100000,0.010000,0.007201,-0.039151,0.012865,0.7371,0.408597,-0.171842,1.281844,0.096073,0.096073,5.5046,5.5046,1,1,0.007201,0.00005185
1771742762.576186,16.110000,0.010000,0.007090,-0.057072,0.011525,0.6603,0.676782,-0.157135,1.470679,0.059955,0.059955,3.4352,3.4352,1,1,0.007090,0.00005026
1771742762.586186,16.120000,0.010000,0.006979,-0.041948,0.009748,0.5585,0.359346,-0.140776,1.635910,0.004757,0.004757,0.2725,0.2725,1,1,0.006979,0.00004871
1771742762.596187,16.130000,0.010000,0.006840,-0.060609,0.008065,0.4621,0.638281,-0.122971,1.780487,0.058847,0.058847,3.3717,3.3717,1,1,0.006840,0.00004679
1771742762.606187,16.140000,0.010000,0.006582,-0.073653,0.008040,0.4606,0.814870,-0.103901,1.906992,-0.050574,-0.050574,-2.8977,-2.8977,1,1,0.006582,0.00004333
1771742762.616187,16.150000,0.010000,0.006282,-0.072603,0.008299,0.4755,0.743235,-0.085232,1.866966,0.007228,0.007228,0.4141,0.4141,1,1,0.006282,0.00003947
1771742762.626187,16.160000,0.010000,0.005941,-0.082942,0.008864,0.5078,0.876184,-0.065405,1.982661,-0.030336,-0.030336,-1.7381,-1.7381,1,1,0.005941,0.00003530
1771742762.636187,16.170000,0.010000,0.005595,-0.083207,0.009837,0.5636,0.918939,-0.051548,1.385762,0.096349,0.096349,5.5204,5.5204,1,1,0.005595,0.00003130
1771742762.646187,16.180000,0.010000,0.005250,-0.082590,0.011062,0.6338,0.944791,-0.039220,1.232802,0.067562,0.067562,3.8710,3.8710,1,1,0.005250,0.00002757
1771742762.656187,16.190000,0.010000,0.004908,-0.082070,0.012468,0.7143,0.963383,-0.025628,1.359161,0.084326,0.084326,4.8315,4.8315,1,1,0.004908,0.00002409
1771742762.666187,16.200000,0.010000,0.004568,-0.081623,0.014005,0.8024,0.976526,-0.016898,0.873003,0.153874,0.153874,8.8163,8.8163,1,1,0.004568,0.00002087
1771742762.676187,16.210000,0.010000,0.004230,-0.081229,0.015635,0.8958,0.985572,-0.005768,1.112944,0.093186,0.093186,5.3391,5.3391,1,1,0.004230,0.00001789
1771742762.686187,16.220000,0.010000,0.003893,-0.080875,0.017329,0.9929,0.991532,0.002425,0.819303,0.172848,0.172848,9.9034,9.9034,1,1,0.003893,0.00001515
1771742762.696187,16.230000,0.010000,0.003557,-0.080550,0.019065,1.0923,0.995162,0.013084,1.065956,0.132525,0.132525,7.5931,7.5931,1,1,0.003557,0.00001265
1771742762.706187,16.240000,0.010000,0.003223,-0.080246,0.020827,1.1933,0.997028,0.018943,0.585892,0.216344,0.216344,12.3956,12.3956,1,1,0.003223,0.00001039
1771742762.716187,16.250000,0.010000,0.002890,-0.079958,0.022602,1.2950,0.997551,0.020579,0.163589,0.124657,0.124657,7.1423,7.1423,1,1,0.002890,0.00000835
1771742762.726187,16.260000,0.010000,0.002558,-0.079650,0.024381,1.3969,0.996882,0.025362,0.478352,0.080760,0.080760,4.6272,4.6272,1,1,0.002558,0.00000654
1771742762.736187,16.270000,0.010000,0.002229,-0.079136,0.026144,1.4979,0.994303,0.026057,0.069492,0.111825,0.111825,6.4071,6.4071,1,1,0.002229,0.00000497
1771742762.746186,16.280000,0.010000,0.001908,-0.078119,0.027863,1.5965,0.988646,0.023704,-0.235372,0.071597,0.071597,4.1022,4.1022,1,1,0.001908,0.00000364
1771742762.756186,16.290000,0.010000,0.001599,-0.076653,0.029521,1.6914,0.980976,0.018153,-0.555017,0.059283,0.059283,3.3967,3.3967,1,1,0.001599,0.00000256
1771742762.766186,16.300000,0.010000,0.001304,-0.074827,0.031107,1.7823,0.972289,0.016788,-0.136574,0.050775,0.050775,2.9092,2.9092,1,1,0.001304,0.00000170
1771742762.776186,16.310000,0.010000,0.001027,-0.072672,0.032615,1.8687,0.963045,0.019083,0.229564,0.031793,0.031793,1.8216,1.8216,1,1,0.001027,0.00000105
1771742762.786186,16.320000,0.010000,0.000769,-0.070230,0.034044,1.9506,0.953683,0.024583,0.549934,-0.002012,-0.002012,-0.1153,-0.1153,1,1,0.000769,0.00000059
1771742762.796186,16.330000,0.010000,0.000533,-0.067538,0.035396,2.0280,0.944518,0.032885,0.830258,0.024393,0.024393,1.3976,1.3976,1,1,0.000533,0.00000028
1771742762.806186,16.340000,0.010000,0.000322,-0.064627,0.036674,2.1013,0.935803,0.040423,0.753755,0.105852,0.105852,6.0648,6.0648,1,1,0.000322,0.00000010
1771742762.816186,16.350000,0.010000,0.000135,-0.061530,0.037883,2.1705,0.927733,0.050509,1.008601,0.081673,0.081673,4.6795,4.6795,1,1,0.000135,0.00000002
1771742762.826186,16.360000,0.010000,-0.000024,-0.058272,0.039029,2.2362,0.920464,0.060761,1.025198,0.137049,0.137049,7.8523,7.8523,1,1,0.000024,0.00000000
1771742762.836186,16.370000,0.010000,-0.000156,-0.054882,0.040120,2.2987,0.914112,0.073222,1.246114,0.123354,0.123354,7.0677,7.0677,1,1,0.000156,0.00000002
1771742762.846187,16.380000,0.010000,-0.000258,-0.051386,0.041165,2.3586,0.908813,0.080635,0.741284,0.116167,0.116167,6.6559,6.6559,1,1,0.000258,0.00000007
1771742762.856187,16.390000,0.010000,-0.000331,-0.047809,0.042173,2.4163,0.904679,0.083630,0.299558,-0.014029,-0.014029,-0.8038,-0.8038,1,1,0.000331,0.00000011
1771742762.866187,16.400000,0.010000,-0.000374,-0.044177,0.043154,2.4726,0.901806,0.087155,0.352437,-0.127771,-0.127771,-7.3207,-7.3207,1,1,0.000374,0.00000014
1771742762.876187,16.410000,0.010000,-0.000386,-0.040512,0.044120,2.5279,0.900278,0.086748,-0.040684,-0.144166,-0.144166,-8.2601,-8.2601,1,1,0.000386,0.00000015
1771742762.886187,16.420000,0.010000,-0.000367,-0.036836,0.045082,2.5830,0.900165,0.083315,-0.343314,-0.189835,-0.189835,-10.8767,-10.8767,1,1,0.000367,0.00000014
1771742762.896187,16.430000,0.010000,-0.000318,-0.033170,0.046052,2.6386,0.901527,0.079247,-0.406743,-0.187596,-0.187596,-10.7485,-10.7485,1,1,0.000318,0.00000010
1771742762.906187,16.440000,0.010000,-0.000239,-0.029532,0.047043,2.6953,0.904414,0.073316,-0.593178,-0.202639,-0.202639,-11.6104,-11.6104,1,1,0.000239,0.00000006
1771742762.916187,16.450000,0.010000,-0.000130,-0.025938,0.048067,2.7540,0.908866,0.064635,-0.868097,-0.195089,-0.195089,-11.1778,-11.1778,1,1,0.000130,0.00000002
1771742762.926187,16.460000,0.010000,0.000009,-0.022404,0.049138,2.8154,0.914914,0.059604,-0.503024,-0.175643,-0.175643,-10.0636,-10.0636,1,1,0.000009,0.00000000
1771742762.936187,16.470000,0.010000,0.000178,-0.018944,0.050270,2.8803,0.922581,0.058694,-0.091080,-0.255505,-0.255505,-14.6393,-14.6393,1,1,0.000178,0.00000003
1771742762.946187,16.480000,0.010000,0.000374,-0.015568,0.051476,2.9494,0.931879,0.061387,0.269371,-0.310864,-0.310864,-17.8112,-17.8112,1,1,0.000374,0.00000014
1771742762.956187,16.490000,0.010000,0.000598,-0.012284,0.052770,3.0235,0.942811,0.067235,0.584766,-0.350245,-0.350245,-20.0676,-20.0676,1,1,0.000598,0.00000036
1771742762.966187,16.500000,0.010000,0.000843,-0.010386,0.054196,3.1052,0.962655,0.074250,0.701493,-0.351335,-0.351335,-20.1300,-20.1300,1,1,0.000843,0.00000071
1771742762.976187,16.510000,0.010000,0.001102,-0.009092,0.055797,3.1969,0.985191,0.079489,0.523963,-0.346302,-0.346302,-19.8416,-19.8416,1,1,0.001102,0.00000121
1771742762.986187,16.520000,0.010000,0.001371,-0.007786,0.057578,3.2990,1.006626,0.080584,0.109402,-0.335965,-0.335965,-19.2494,-19.2494,1,1,0.001371,0.00000188
1771742762.996186,16.530000,0.010000,0.001652,-0.006484,0.059534,3.4111,1.027617,0.078050,-0.253339,-0.313804,-0.313804,-17.9797,-17.9797,1,1,0.001652,0.00000273
1771742763.006186,16.540000,0.010000,0.001943,-0.005204,0.061666,3.5332,1.048675,0.072343,-0.570738,-0.295453,-0.295453,-16.9282,-16.9282,1,1,0.001943,0.00000378
1771742763.016186,16.550000,0.010000,0.002245,-0.003950,0.063976,3.6656,1.070101,0.063858,-0.848461,-0.281929,-0.281929,-16.1533,-16.1533,1,1,0.002245,0.00000504
1771742763.026186,16.560000,0.010000,0.002557,-0.002724,0.066470,3.8085,1.092113,0.052943,-1.091469,-0.271003,-0.271003,-15.5273,-15.5273,1,1,0.002557,0.00000654
1771742763.036186,16.570000,0.010000,0.002886,0.000020,0.068685,3.9354,1.002671,0.039902,-1.304102,-0.260778,-0.260778,-14.9415,-14.9415,1,1,0.002886,0.00000833
1771742763.046186,16.580000,0.010000,0.003221,0.000021,0.070541,4.0417,0.983452,0.025001,-1.490155,-0.242145,-0.242145,-13.8739,-13.8739,1,1,0.003221,0.00001037
1771742763.056186,16.590000,0.010000,0.003554,0.000018,0.071852,4.1168,0.863428,0.008471,-1.652951,-0.219277,-0.219277,-12.5636,-12.5636,1,1,0.003554,0.00001263
1771742763.066186,16.600000,0.010000,0.003880,0.000018,0.072681,4.1643,0.840143,-0.009483,-1.795398,-0.159181,-0.159181,-9.1204,-9.1204,1,1,0.003880,0.00001506
1771742763.076186,16.610000,0.010000,0.004204,0.000015,0.072919,4.1779,0.712489,-0.028683,-1.920039,-0.078084,-0.078084,-4.4739,-4.4739,1,1,0.004204,0.00001768
1771742763.086186,16.620000,0.010000,0.004522,0.000015,0.072641,4.1620,0.688030,-0.048974,-2.029100,-0.047211,-0.047211,-2.7050,-2.7050,1,1,0.004522,0.00002045
1771742763.096187,16.630000,0.010000,0.004837,0.000012,0.071741,4.1105,0.554983,-0.070219,-2.124529,0.000860,0.000860,0.0493,0.0493,1,1,0.004837,0.00002339
1771742763.106187,16.640000,0.010000,0.005145,0.000012,0.070310,4.0285,0.531542,-0.092300,-2.208028,0.000340,0.000340,0.0195,0.0195,1,1,0.005145,0.00002647
1771742763.116187,16.650000,0.010000,0.005450,0.000008,0.068241,3.9099,0.394726,-0.115110,-2.281091,0.033794,0.033794,1.9362,1.9362,1,1,0.005450,0.00002970
1771742763.126187,16.660000,0.010000,0.005749,0.000008,0.065636,3.7607,0.373955,-0.138561,-2.345020,0.055117,0.055117,3.1580,3.1580,1,1,0.005749,0.00003305
1771742763.136187,16.670000,0.010000,0.006045,0.000006,0.062521,3.5822,0.266375,-0.158172,-1.961149,0.085803,0.085803,4.9161,4.9161,1,1,0.006045,0.00003654
1771742763.146187,16.680000,0.010000,0.006335,0.000007,0.059113,3.3869,0.281327,-0.173642,-1.546957,0.068054,0.068054,3.8992,3.8992,1,1,0.006335,0.00004014
1771742763.156187,16.690000,0.010000,0.006625,0.000005,0.055412,3.1749,0.197085,-0.185812,-1.217014,0.063796,0.063796,3.6553,3.6553,1,1,0.006625,0.00004389
1771742763.166187,16.700000,0.010000,0.006903,-0.001642,0.051645,2.9590,0.248133,-0.195183,-0.937078,0.064241,0.064241,3.6808,3.6808,1,1,0.006903,0.00004765
1771742763.176187,16.710000,0.010000,0.007182,0.000005,0.047657,2.7306,0.152359,-0.201053,-0.587032,0.055980,0.055980,3.2074,3.2074,1,1,0.007182,0.00005158
1771742763.186187,16.720000,0.010000,0.007421,-0.009909,0.044104,2.5270,0.332979,-0.203331,-0.227796,0.064775,0.064775,3.7113,3.7113,1,1,0.007421,0.00005507
1771742763.196187,16.730000,0.010000,0.007667,0.000003,0.039992,2.2914,0.051487,-0.201833,0.149745,0.064233,0.064233,3.6803,3.6803,1,1,0.007667,0.00005878
1771742763.206187,16.740000,0.010000,0.007837,-0.024841,0.036719,2.1038,0.480136,-0.197033,0.480093,0.052516,0.052516,3.0090,3.0090,1,1,0.007837,0.00006142
1771742763.216187,16.750000,0.010000,0.008025,0.000002,0.032649,1.8706,-0.059201,-0.189341,0.769147,0.050735,0.050735,2.9069,2.9069,1,1,0.008025,0.00006440
1771742763.226187,16.760000,0.010000,0.008176,-0.027794,0.028720,1.6455,0.408461,-0.179120,1.022069,0.056780,0.056780,3.2533,3.2533,1,1,0.008176,0.00006685
1771742763.236187,16.770000,0.010000,0.008226,-0.028869,0.026303,1.5070,0.395701,-0.166687,1.243377,0.035627,0.035627,2.0412,2.0412,1,1,0.008226,0.00006768
1771742763.246186,16.780000,0.010000,0.008211,-0.043341,0.024751,1.4181,0.614348,-0.152316,1.437020,0.000987,0.000987,0.0566,0.0566,1,1,0.008211,0.00006743
1771742763.256186,16.790000,0.010000,0.008200,-0.030211,0.022804,1.3066,0.344079,-0.136252,1.606459,-0.067171,-0.067171,-3.8486,-3.8486,1,1,0.008200,0.00006724
1771742763.266186,16.800000,0.010000,0.008147,-0.050598,0.021266,1.2185,0.662098,-0.118705,1.754717,0.014432,0.014432,0.8269,0.8269,1,1,0.008147,0.00006637
1771742763.276186,16.810000,0.010000,0.008002,-0.055541,0.020959,1.2008,0.704115,-0.099860,1.884443,-0.158664,-0.158664,-9.0908,-9.0908,1,1,0.008002,0.00006403
1771742763.286186,16.820000,0.010000,0.007796,-0.065949,0.021369,1.2244,0.842715,-0.079881,1.997954,-0.196558,-0.196558,-11.2620,-11.2620,1,1,0.007796,0.00006077
1771742763.296186,16.830000,0.010000,0.007564,-0.063075,0.021844,1.2516,0.748777,-0.061865,1.801528,-0.117255,-0.117255,-6.7182,-6.7182,1,1,0.007564,0.00005722
1771742763.306186,16.840000,0.010000,0.007293,-0.074815,0.022693,1.3002,0.915579,-0.047135,1.473063,-0.151272,-0.151272,-8.6672,-8.6672,1,1,0.007293,0.00005318
1771742763.316186,16.850000,0.010000,0.006972,-0.076937,0.024084,1.3799,0.915740,-0.033146,1.398869,-0.067915,-0.067915,-3.8912,-3.8912,1,1,0.006972,0.00004861
1771742763.326186,16.860000,0.010000,0.006627,-0.082763,0.025800,1.4782,1.007271,-0.020974,1.217239,-0.017564,-0.017564,-1.0063,-1.0063,1,1,0.006627,0.00004392
1771742763.336186,16.870000,0.010000,0.006285,-0.082069,0.027826,1.5943,1.039818,-0.011787,0.918625,0.025683,0.025683,1.4715,1.4715,1,1,0.006285,0.00003950
1771742763.346187,16.880000,0.010000,0.005955,-0.079208,0.029919,1.7143,1.024365,-0.003972,0.781531,-0.031070,-0.031070,-1.7802,-1.7802,1,1,0.005955,0.00003546
1771742763.356187,16.890000,0.010000,0.005617,-0.081208,0.032206,1.8452,1.066704,0.003622,0.759406,-0.052080,-0.052080,-2.9840,-2.9840,1,1,0.005617,0.00003155
1771742763.366187,16.900000,0.010000,0.005293,-0.077684,0.034442,1.9734,1.031163,0.007622,0.400058,-0.039840,-0.039840,-2.2827,-2.2827,1,1,0.005293,0.00002802
1771742763.376187,16.910000,0.010000,0.004969,-0.078028,0.036643,2.0995,1.033524,0.007632,0.000985,-0.104660,-0.104660,-5.9966,-5.9966,1,1,0.004969,0.00002469
1771742763.386187,16.920000,0.010000,0.004660,-0.074341,0.038578,2.2103,0.970441,0.004150,-0.348204,-0.122644,-0.122644,-7.0270,-7.0270,1,1,0.004660,0.00002172
1771742763.396187,16.930000,0.010000,0.004353,-0.077179,0.040536,2.3225,1.029306,0.004594,0.044387,-0.060534,-0.060534,-3.4683,-3.4683,1,1,0.004353,0.00001895
1771742763.406187,16.940000,0.010000,0.004068,-0.070172,0.042216,2.4188,0.918543,0.001492,-0.310227,-0.156598,-0.156598,-8.9724,-8.9724,1,1,0.004068,0.00001655
1771742763.416187,16.950000,0.010000,0.003796,-0.073040,0.043812,2.5102,0.989246,-0.004713,-0.620514,-0.068454,-0.068454,-3.9221,-3.9221,1,1,0.003796,0.00001441
1771742763.426187,16.960000,0.010000,0.003565,-0.061487,0.044874,2.5711,0.807690,-0.013633,-0.892016,-0.053020,-0.053020,-3.0378,-3.0378,1,1,0.003565,0.00001271
1771742763.436187,16.970000,0.010000,0.003357,-0.065662,0.045750,2.6213,0.910792,-0.024929,-1.129580,0.062796,0.062796,3.5979,3.5979,1,1,0.003357,0.00001127
1771742763.446187,16.980000,0.010000,0.003179,-0.055579,0.046344,2.6553,0.762595,-0.031322,-0.639317,0.039912,0.039912,2.2868,2.2868,1,1,0.003179,0.00001011
1771742763.456187,16.990000,0.010000,0.003019,-0.060004,0.046909,2.6877,0.876163,-0.033426,-0.210336,0.014822,0.014822,0.8492,0.8492,1,1,0.003019,0.00000912
1771742763.466187,17.000000,0.010000,0.002867,-0.055193,0.047640,2.7295,0.826937,-0.031776,0.165022,-0.085056,-0.085056,-4.8733,-4.8733,1,1,0.002867,0.00000822
1771742763.476187,17.010000,0.010000,0.002722,-0.057858,0.048565,2.7826,0.913894,-0.031687,0.008825,-0.199673,-0.199673,-11.4404,-11.4404,1,1,0.002722,0.00000741
1771742763.486187,17.020000,0.010000,0.002629,-0.043800,0.048902,2.8019,0.704625,-0.034236,-0.254906,-0.182464,-0.182464,-10.4544,-10.4544,1,1,0.002629,0.00000691
1771742763.496186,17.030000,0.010000,0.002566,-0.048449,0.049064,2.8111,0.831453,-0.034937,-0.070048,-0.102734,-0.102734,-5.8862,-5.8862,1,1,0.002566,0.00000658
1771742763.506186,17.040000,0.010000,0.002501,-0.045538,0.049616,2.8428,0.823807,-0.039040,-0.410358,-0.164544,-0.164544,-9.4277,-9.4277,1,1,0.002501,0.00000626
1771742763.516186,17.050000,0.010000,0.002476,-0.039116,0.049854,2.8564,0.754891,-0.046122,-0.708129,-0.087209,-0.087209,-4.9967,-4.9967,1,1,0.002476,0.00000613
1771742763.526186,17.060000,0.010000,0.002460,-0.042539,0.050310,2.8826,0.862688,-0.048827,-0.270547,-0.035077,-0.035077,-2.0097,-2.0097,1,1,0.002460,0.00000605
1771742763.536186,17.070000,0.010000,0.002514,-0.023462,0.049900,2.8591,0.568946,-0.054685,-0.585795,-0.135908,-0.135908,-7.7869,-7.7869,1,1,0.002514,0.00000632
1771742763.546186,17.080000,0.010000,0.002606,-0.030540,0.049229,2.8206,0.742151,-0.056406,-0.172106,-0.047421,-0.047421,-2.7170,-2.7170,1,1,0.002606,0.00000679
1771742763.556186,17.090000,0.010000,0.002666,-0.032502,0.049476,2.8348,0.821855,-0.055983,0.042324,-0.150464,-0.150464,-8.6210,-8.6210,1,1,0.002666,0.00000711
1771742763.566186,17.100000,0.010000,0.002763,-0.022767,0.049449,2.8332,0.692247,-0.052122,0.386100,-0.220380,-0.220380,-12.6269,-12.6269,1,1,0.002763,0.00000763
1771742763.576186,17.110000,0.010000,0.002872,-0.027846,0.049556,2.8393,0.826620,-0.045253,0.686903,-0.310719,-0.310719,-17.8029,-17.8029,1,1,0.002872,0.00000825
1771742763.586186,17.120000,0.010000,0.002974,-0.026209,0.050170,2.8746,0.839933,-0.037744,0.750932,-0.350747,-0.350747,-20.0963,-20.0963,1,1,0.002974,0.00000884
1771742763.596187,17.130000,0.010000,0.003093,-0.023549,0.050817,2.9116,0.835001,-0.034664,0.307999,-0.357598,-0.357598,-20.4888,-20.4888,1,1,0.003093,0.00000956
1771742763.606187,17.140000,0.010000,0.003234,-0.020655,0.051417,2.9460,0.825786,-0.035459,-0.079566,-0.326057,-0.326057,-18.6817,-18.6817,1,1,0.003234,0.00001046
1771742763.616187,17.150000,0.010000,0.003406,-0.016164,0.051836,2.9700,0.787750,-0.039646,-0.418686,-0.266063,-0.266063,-15.2443,-15.2443,1,1,0.003406,0.00001160
1771742763.626187,17.160000,0.010000,0.003605,-0.013378,0.052101,2.9852,0.779353,-0.046800,-0.715416,-0.201712,-0.201712,-11.5572,-11.5572,1,1,0.003605,0.00001300
1771742763.636187,17.170000,0.010000,0.003838,-0.007900,0.051986,2.9786,0.692827,-0.056551,-0.975055,-0.126436,-0.126436,-7.2442,-7.2442,1,1,0.003838,0.00001473
1771742763.646187,17.180000,0.010000,0.004072,-0.012026,0.052058,2.9827,0.804039,-0.061592,-0.504107,-0.057579,-0.057579,-3.2990,-3.2990,1,1,0.004072,0.00001658
1771742763.656187,17.190000,0.010000,0.004333,-0.002253,0.051599,2.9564,0.583882,-0.062512,-0.092028,-0.135757,-0.135757,-7.7783,-7.7783,1,1,0.004333,0.00001878
1771742763.666187,17.200000,0.010000,0.004585,-0.011751,0.051250,2.9364,0.785741,-0.066808,-0.429591,-0.204674,-0.204674,-11.7270,-11.7270,1,1,0.004585,0.00002102
1771742763.676187,17.210000,0.010000,0.004854,0.000012,0.050634,2.9011,0.555257,-0.067076,-0.026826,-0.131196,-0.131196,-7.5170,-7.5170,1,1,0.004854,0.00002356
1771742763.686187,17.220000,0.010000,0.005116,-0.010833,0.050167,2.8744,0.774929,-0.070802,-0.372538,-0.205995,-0.205995,-11.8027,-11.8027,1,1,0.005116,0.00002617
1771742763.696187,17.230000,0.010000,0.005386,0.000011,0.049290,2.8241,0.495496,-0.077552,-0.675037,-0.130464,-0.130464,-7.4750,-7.4750,1,1,0.005386,0.00002901
1771742763.706187,17.240000,0.010000,0.005635,-0.012804,0.048515,2.7797,0.743438,-0.086949,-0.939723,-0.061504,-0.061504,-3.5239,-3.5239,1,1,0.005635,0.00003175
1771742763.716187,17.250000,0.010000,0.005894,0.000008,0.047005,2.6932,0.363871,-0.098663,-1.171324,0.015276,0.015276,0.8752,0.8752,1,1,0.005894,0.00003474
1771742763.726187,17.260000,0.010000,0.006121,-0.016139,0.045473,2.6054,0.663381,-0.112402,-1.373974,0.042361,0.042361,2.4271,2.4271,1,1,0.006121,0.00003747
1771742763.736187,17.270000,0.010000,0.006360,0.000005,0.043134,2.4714,0.224945,-0.127915,-1.551293,0.078418,0.078418,4.4930,4.4930,1,1,0.006360,0.00004045
1771742763.746186,17.280000,0.010000,0.006565,-0.019580,0.040784,2.3368,0.576023,-0.144980,-1.706447,0.103971,0.103971,5.9571,5.9571,1,1,0.006565,0.00004310
1771742763.756186,17.290000,0.010000,0.006784,0.000003,0.037688,2.1594,0.111138,-0.156420,-1.144076,0.054087,0.054087,3.0990,3.0990,1,1,0.006784,0.00004602
1771742763.766186,17.300000,0.010000,0.006970,-0.022502,0.034658,1.9857,0.502609,-0.162940,-0.652000,0.093065,0.093065,5.3322,5.3322,1,1,0.006970,0.00004858
1771742763.776186,17.310000,0.010000,0.007153,-0.004478,0.031571,1.8089,0.171155,-0.165155,-0.221434,0.059751,0.059751,3.4235,3.4235,1,1,0.007153,0.00005117
1771742763.786186,17.320000,0.010000,0.007305,-0.026495,0.028910,1.6564,0.541364,-0.163602,0.155311,0.089026,0.089026,5.1008,5.1008,1,1,0.007305,0.00005336
1771742763.796186,17.330000,0.010000,0.007469,-0.005178,0.025834,1.4802,0.141113,-0.165733,-0.213169,0.064674,0.064674,3.7056,3.7056,1,1,0.007469,0.00005578
1771742763.806186,17.340000,0.010000,0.007607,-0.028355,0.022988,1.3171,0.520693,-0.164108,0.162543,0.093126,0.093126,5.3357,5.3357,1,1,0.007607,0.00005786
1771742763.816186,17.350000,0.010000,0.007720,-0.014861,0.020282,1.1621,0.246838,-0.166176,-0.206841,0.075203,0.075203,4.3088,4.3088,1,1,0.007720,0.00005960
1771742763.826186,17.360000,0.010000,0.007787,-0.036491,0.018074,1.0356,0.588050,-0.164496,0.168080,0.085534,0.085534,4.9008,4.9008,1,1,0.007787,0.00006064
1771742763.836186,17.370000,0.010000,0.007851,-0.019260,0.015550,0.8909,0.239135,-0.159534,0.496136,0.107296,0.107296,6.1476,6.1476,1,1,0.007851,0.00006164
1771742763.846187,17.380000,0.010000,0.007879,-0.041332,0.013279,0.7608,0.580027,-0.151702,0.783185,0.078298,0.078298,4.4861,4.4861,1,1,0.007879,0.00006208
1771742763.856187,17.390000,0.010000,0.007832,-0.040796,0.011881,0.6807,0.516905,-0.141359,1.034353,0.076481,0.076481,4.3820,4.3820,1,1,0.007832,0.00006134
1771742763.866187,17.400000,0.010000,0.007714,-0.057567,0.011273,0.6459,0.757076,-0.128818,1.254124,0.003178,0.003178,0.1821,0.1821,1,1,0.007714,0.00005950
1771742763.876187,17.410000,0.010000,0.007592,-0.044430,0.010260,0.5878,0.469064,-0.114353,1.446425,-0.068936,-0.068936,-3.9497,-3.9497,1,1,0.007592,0.00005764
1771742763.886187,17.420000,0.010000,0.007440,-0.061860,0.009327,0.5344,0.720888,-0.098206,1.614687,-0.041348,-0.041348,-2.3691,-2.3691,1,1,0.007440,0.00005535
1771742763.896187,17.430000,0.010000,0.007175,-0.074153,0.009888,0.5666,0.880207,-0.080587,1.761917,-0.113377,-0.113377,-6.4960,-6.4960,1,1,0.007175,0.00005148
1771742763.906187,17.440000,0.010000,0.006870,-0.073482,0.010693,0.6127,0.811970,-0.063045,1.754225,-0.004712,-0.004712,-0.2700,-0.2700,1,1,0.006870,0.00004719
1771742763.916187,17.450000,0.010000,0.006524,-0.083324,0.011769,0.6743,0.933759,-0.044205,1.884013,-0.014179,-0.014179,-0.8124,-0.8124,1,1,0.006524,0.00004256
1771742763.926187,17.460000,0.010000,0.006178,-0.082966,0.013172,0.7547,0.968084,-0.030595,1.360987,0.134197,0.134197,7.6889,7.6889,1,1,0.006178,0.00003817
1771742763.936187,17.470000,0.010000,0.005835,-0.082389,0.014802,0.8481,0.991649,-0.015196,1.539930,0.103137,0.103137,5.9093,5.9093,1,1,0.005835,0.00003405
1771742763.946187,17.480000,0.010000,0.005494,-0.081896,0.016600,0.9511,1.008931,-0.003896,1.129988,0.193334,0.193334,11.0772,11.0772,1,1,0.005494,0.00003018
1771742763.956187,17.490000,0.010000,0.005154,-0.081465,0.018523,1.0613,1.021506,0.007283,1.117879,0.151422,0.151422,8.6758,8.6758,1,1,0.005154,0.00002656
1771742763.966187,17.500000,0.010000,0.004816,-0.081080,0.020536,1.1766,1.030553,0.019785,1.250169,0.179828,0.179828,10.3034,10.3034,1,1,0.004816,0.00002320
1771742763.976187,17.510000,0.010000,0.004480,-0.080728,0.022615,1.2957,1.036955,0.027233,0.744832,0.231452,0.231452,13.2612,13.2612,1,1,0.004480,0.00002007
1771742763.986187,17.520000,0.010000,0.004145,-0.080401,0.024742,1.4176,1.041373,0.033389,0.615602,0.139519,0.139519,7.9938,7.9938,1,1,0.004145,0.00001718
1771742763.996186,17.530000,0.010000,0.003811,-0.080091,0.026903,1.5414,1.044301,0.035285,0.189586,0.114480,0.114480,6.5592,6.5592,1,1,0.003811,0.00001452
1771742764.006186,17.540000,0.010000,0.003478,-0.079793,0.029088,1.6666,1.046110,0.033453,-0.183178,0.016227,0.016227,0.9298,0.9298,1,1,0.003478,0.00001210
1771742764.016186,17.550000,0.010000,0.003148,-0.079383,0.031283,1.7924,1.046422,0.028360,-0.509347,-0.013212,-0.013212,-0.7570,-0.7570,1,1,0.003148,0.00000991
1771742764.026186,17.560000,0.010000,0.002823,-0.078668,0.033468,1.9176,1.044562,0.020412,-0.794744,-0.030619,-0.030619,-1.7544,-1.7544,1,1,0.002823,0.00000797
1771742764.036186,17.570000,0.010000,0.002507,-0.077401,0.035615,2.0406,1.039743,0.016949,-0.346335,-0.001218,-0.001218,-0.0698,-0.0698,1,1,0.002507,0.00000629
1771742764.046186,17.580000,0.010000,0.002205,-0.075697,0.037709,2.1606,1.033347,0.013058,-0.389097,-0.046771,-0.046771,-2.6798,-2.6798,1,1,0.002205,0.00000486
1771742764.056186,17.590000,0.010000,0.001920,-0.073594,0.039742,2.2771,1.026016,0.013144,0.008606,-0.055419,-0.055419,-3.1753,-3.1753,1,1,0.001920,0.00000369
1771742764.066186,17.600000,0.010000,0.001654,-0.071145,0.041710,2.3898,1.018338,0.016710,0.356596,-0.110222,-0.110222,-6.3153,-6.3153,1,1,0.001654,0.00000274
1771742764.076186,17.610000,0.010000,0.001411,-0.068388,0.043613,2.4988,1.010726,0.023321,0.661088,-0.127652,-0.127652,-7.3139,-7.3139,1,1,0.001411,0.00000199
1771742764.086186,17.620000,0.010000,0.001193,-0.065359,0.045454,2.6043,1.003493,0.032596,0.927517,-0.080278,-0.080278,-4.5996,-4.5996,1,1,0.001193,0.00000142
1771742764.096187,17.630000,0.010000,0.001002,-0.062092,0.047237,2.7065,0.996889,0.044202,1.160644,-0.007099,-0.007099,-0.4067,-0.4067,1,1,0.001002,0.00000100
1771742764.106187,17.640000,0.010000,0.000839,-0.058617,0.048970,2.8058,0.991116,0.057849,1.364629,0.033118,0.033118,1.8975,1.8975,1,1,0.000839,0.00000070
1771742764.116187,17.650000,0.010000,0.000706,-0.054964,0.050660,2.9026,0.986346,0.068057,1.020878,-0.002872,-0.002872,-0.1645,-0.1645,1,1,0.000706,0.00000050
1771742764.126187,17.660000,0.010000,0.000605,-0.051159,0.052318,2.9976,0.982727,0.073860,0.580280,-0.117099,-0.117099,-6.7093,-6.7093,1,1,0.000605,0.00000037
1771742764.136187,17.670000,0.010000,0.000536,-0.047230,0.053953,3.0913,0.980388,0.075447,0.158679,-0.228915,-0.228915,-13.1159,-13.1159,1,1,0.000536,0.00000029
1771742764.146187,17.680000,0.010000,0.000500,-0.043204,0.055577,3.1843,0.979444,0.073345,-0.210222,-0.287970,-0.287970,-16.4994,-16.4994,1,1,0.000500,0.00000025
1771742764.156187,17.690000,0.010000,0.000499,-0.039104,0.057202,3.2775,0.979998,0.068015,-0.533010,-0.276866,-0.276866,-15.8632,-15.8632,1,1,0.000499,0.00000025
1771742764.166187,17.700000,0.010000,0.000532,-0.034954,0.058842,3.3714,0.982138,0.059860,-0.815449,-0.258025,-0.258025,-14.7837,-14.7837,1,1,0.000532,0.00000028
1771742764.176187,17.710000,0.010000,0.000600,-0.030775,0.060510,3.4670,0.985944,0.049234,-1.062584,-0.242364,-0.242364,-13.8865,-13.8865,1,1,0.000600,0.00000036
1771742764.186187,17.720000,0.010000,0.000703,-0.026589,0.062220,3.5650,0.991484,0.036446,-1.278827,-0.234928,-0.234928,-13.4604,-13.4604,1,1,0.000703,0.00000049
1771742764.196187,17.730000,0.010000,0.000841,-0.022412,0.063988,3.6662,0.998818,0.021766,-1.468039,-0.239301,-0.239301,-13.7110,-13.7110,1,1,0.000841,0.00000071
1771742764.206187,17.740000,0.010000,0.001052,-0.008875,0.065069,3.7282,0.825761,0.005430,-1.633600,-0.214635,-0.214635,-12.2977,-12.2977,1,1,0.001052,0.00000111
1771742764.216187,17.750000,0.010000,0.001310,-0.009121,0.065909,3.7763,0.904448,-0.005374,-1.080334,-0.124921,-0.124921,-7.1574,-7.1574,1,1,0.001310,0.00000172
1771742764.226187,17.760000,0.010000,0.001592,-0.003903,0.066712,3.8223,0.829143,-0.011336,-0.596227,-0.229366,-0.229366,-13.1417,-13.1417,1,1,0.001592,0.00000253
1771742764.236187,17.770000,0.010000,0.001889,-0.004383,0.067635,3.8752,0.915040,-0.013062,-0.172633,-0.276376,-0.276376,-15.8352,-15.8352,1,1,0.001889,0.00000357
1771742764.246186,17.780000,0.010000,0.002206,0.000013,0.068379,3.9178,0.799017,-0.011789,0.127380,-0.310453,-0.310453,-17.7876,-17.7876,1,1,0.002206,0.00000486
1771742764.256186,17.790000,0.010000,0.002527,-0.001688,0.069198,3.9647,0.906857,-0.014165,-0.237609,-0.346860,-0.346860,-19.8736,-19.8736,1,1,0.002527,0.00000638
1771742764.266186,17.800000,0.010000,0.002852,0.000014,0.069730,3.9952,0.747017,-0.019734,-0.556973,-0.302282,-0.302282,-17.3195,-17.3195,1,1,0.002852,0.00000813
1771742764.276186,17.810000,0.010000,0.003163,-0.002870,0.070261,4.0256,0.871613,-0.028099,-0.836418,-0.276787,-0.276787,-15.8587,-15.8587,1,1,0.003163,0.00001001
1771742764.286186,17.820000,0.010000,0.003494,0.003602,0.070072,4.0148,0.594620,-0.038908,-1.080931,-0.229452,-0.229452,-13.1466,-13.1466,1,1,0.003494,0.00001221
1771742764.296186,17.830000,0.010000,0.003807,-0.003991,0.069814,4.0000,0.797891,-0.051857,-1.294881,-0.151139,-0.151139,-8.6596,-8.6596,1,1,0.003807,0.00001450
1771742764.306186,17.840000,0.010000,0.004144,0.007491,0.068713,3.9370,0.427935,-0.066677,-1.482086,-0.059658,-0.059658,-3.4181,-3.4181,1,1,0.004144,0.00001717
1771742764.316186,17.850000,0.010000,0.004462,-0.004322,0.067508,3.8679,0.698710,-0.083136,-1.645891,-0.064120,-0.064120,-3.6738,-3.6738,1,1,0.004462,0.00001991
1771742764.326186,17.860000,0.010000,0.004803,0.010463,0.065416,3.7480,0.263702,-0.101029,-1.789221,0.022920,0.022920,1.3132,1.3132,1,1,0.004803,0.00002307
1771742764.336186,17.870000,0.010000,0.005118,-0.005575,0.063267,3.6249,0.599082,-0.115229,-1.420082,0.034540,0.034540,1.9790,1.9790,1,1,0.005118,0.00002620
1771742764.346187,17.880000,0.010000,0.005421,0.004259,0.060793,3.4832,0.247093,-0.124164,-0.893505,0.038065,0.038065,2.1810,2.1810,1,1,0.005421,0.00002939
1771742764.356187,17.890000,0.010000,0.005676,-0.013119,0.058585,3.3567,0.593665,-0.135473,-1.130883,0.020793,0.020793,1.1914,1.1914,1,1,0.005676,0.00003222
1771742764.366187,17.900000,0.010000,0.005961,0.008063,0.055187,3.1620,0.025607,-0.148859,-1.338589,0.060931,0.060931,3.4911,3.4911,1,1,0.005961,0.00003553
1771742764.376187,17.910000,0.010000,0.006214,-0.014490,0.051655,2.9596,0.451719,-0.164063,-1.520331,0.113542,0.113542,6.5055,6.5055,1,1,0.006214,0.00003861
1771742764.386187,17.920000,0.010000,0.006451,0.000002,0.047769,2.7370,0.020531,-0.180856,-1.679355,0.065271,0.065271,3.7398,3.7398,1,1,0.006451,0.00004161
1771742764.396187,17.930000,0.010000,0.006630,-0.023530,0.044214,2.5333,0.448483,-0.196034,-1.517819,0.081725,0.081725,4.6825,4.6825,1,1,0.006630,0.00004396
1771742764.406187,17.940000,0.010000,0.006827,0.000001,0.039528,2.2648,-0.169924,-0.206128,-1.009411,0.022018,0.022018,1.2615,1.2615,1,1,0.006827,0.00004661
1771742764.416187,17.950000,0.010000,0.006974,-0.028386,0.034881,1.9985,0.329893,-0.211470,-0.534168,0.042163,0.042163,2.4157,2.4157,1,1,0.006974,0.00004864
1771742764.426187,17.960000,0.010000,0.007100,-0.010604,0.030515,1.7484,0.003913,-0.212653,-0.118332,0.049200,0.049200,2.8190,2.8190,1,1,0.007100,0.00005041
1771742764.436187,17.970000,0.010000,0.007181,-0.035767,0.026817,1.5365,0.429560,-0.210198,0.245526,0.031527,0.031527,1.8064,1.8064,1,1,0.007181,0.00005156
1771742764.446187,17.980000,0.010000,0.007276,-0.011335,0.022648,1.2977,-0.027653,-0.204559,0.563901,0.088653,0.088653,5.0794,5.0794,1,1,0.007276,0.00005293
1771742764.456187,17.990000,0.010000,0.007343,-0.037611,0.018738,1.0736,0.404772,-0.196134,0.842479,0.037698,0.037698,2.1600,2.1600,1,1,0.007343,0.00005391
1771742764.466187,18.000000,0.010000,0.007323,-0.036551,0.016023,0.9180,0.346040,-0.185272,1.086235,0.087526,0.087526,5.0149,5.0149,1,1,0.007323,0.00005363
1771742764.476187,18.010000,0.010000,0.007226,-0.055771,0.014336,0.8214,0.641111,-0.172277,1.299522,0.075044,0.075044,4.2997,4.2997,1,1,0.007226,0.00005221
1771742764.486187,18.020000,0.010000,0.007152,-0.034018,0.011830,0.6778,0.210279,-0.157415,1.486147,0.062184,0.062184,3.5629,3.5629,1,1,0.007152,0.00005115
1771742764.496186,18.030000,0.010000,0.007060,-0.055732,0.009271,0.5312,0.545608,-0.140921,1.649445,0.080720,0.080720,4.6249,4.6249,1,1,0.007060,0.00004984
1771742764.506186,18.040000,0.010000,0.006828,-0.070862,0.008719,0.4995,0.759448,-0.122998,1.792330,-0.002352,-0.002352,-0.1347,-0.1347,1,1,0.006828,0.00004663
1771742764.516186,18.050000,0.010000,0.006560,-0.067055,0.008367,0.4794,0.638577,-0.103824,1.917355,0.014816,0.014816,0.8489,0.8489,1,1,0.006560,0.00004303
1771742764.526186,18.060000,0.010000,0.006250,-0.079782,0.008328,0.4772,0.812477,-0.083556,2.026751,-0.063246,-0.063246,-3.6237,-3.6237,1,1,0.006250,0.00003906
1771742764.536186,18.070000,0.010000,0.005901,-0.083796,0.009050,0.5185,0.892861,-0.069313,1.424341,0.033662,0.033662,1.9287,1.9287,1,1,0.005901,0.00003482
1771742764.546186,18.080000,0.010000,0.005555,-0.083078,0.010092,0.5782,0.926168,-0.055379,1.393448,0.020517,0.020517,1.1755,1.1755,1,1,0.005555,0.00003085
1771742764.556186,18.090000,0.010000,0.005211,-0.082483,0.011369,0.6514,0.950367,-0.042306,1.307237,0.059608,0.059608,3.4153,3.4153,1,1,0.005211,0.00002715
1771742764.566186,18.100000,0.010000,0.004869,-0.081980,0.012816,0.7343,0.967732,-0.033077,0.922913,0.087005,0.087005,4.9850,4.9850,1,1,0.004869,0.00002371
1771742764.576186,18.110000,0.010000,0.004529,-0.081545,0.014386,0.8242,0.979965,-0.021511,1.156615,0.073817,0.073817,4.2294,4.2294,1,1,0.004529,0.00002052
1771742764.586186,18.120000,0.010000,0.004191,-0.081160,0.016042,0.9191,0.988339,-0.014110,0.740115,0.129715,0.129715,7.4321,7.4321,1,1,0.004191,0.00001757
1771742764.596187,18.130000,0.010000,0.003854,-0.080813,0.017757,1.0174,0.993806,-0.004143,0.996667,0.076091,0.076091,4.3597,4.3597,1,1,0.003854,0.00001486
1771742764.606187,18.140000,0.010000,0.003519,-0.080493,0.019511,1.1179,0.997078,0.005755,0.989844,0.149011,0.149011,8.5377,8.5377,1,1,0.003519,0.00001238
1771742764.616187,18.150000,0.010000,0.003185,-0.080192,0.021289,1.2198,0.998685,0.012809,0.705357,0.174757,0.174757,10.0129,10.0129,1,1,0.003185,0.00001014
1771742764.626187,18.160000,0.010000,0.002852,-0.079906,0.023078,1.3223,0.999025,0.021298,0.848888,0.126142,0.126142,7.2274,7.2274,1,1,0.002852,0.00000813
1771742764.636187,18.170000,0.010000,0.002521,-0.079572,0.024868,1.4248,0.998087,0.025235,0.393711,0.179411,0.179411,10.2795,10.2795,1,1,0.002521,0.00000635
1771742764.646187,18.180000,0.010000,0.002193,-0.078985,0.026638,1.5263,0.995047,0.025189,-0.004569,0.091203,0.091203,5.2256,5.2256,1,1,0.002193,0.00000481
1771742764.656187,18.190000,0.010000,0.001874,-0.077879,0.028361,1.6250,0.988989,0.021659,-0.353064,0.069003,0.069003,3.9536,3.9536,1,1,0.001874,0.00000351
1771742764.666187,18.200000,0.010000,0.001567,-0.076342,0.030020,1.7200,0.981127,0.022060,0.040135,0.053202,0.053202,3.0483,3.0483,1,1,0.001567,0.00000246
1771742764.676187,18.210000,0.010000,0.001275,-0.074451,0.031606,1.8109,0.972351,0.021867,-0.019284,0.036765,0.036765,2.1065,2.1065,1,1,0.001275,0.00000163
1771742764.686187,18.220000,0.010000,0.001001,-0.072238,0.033115,1.8973,0.963108,0.025189,0.332192,0.024523,0.024523,1.4051,1.4051,1,1,0.001001,0.00000100
1771742764.696187,18.230000,0.010000,0.000748,-0.069743,0.034545,1.9793,0.953804,0.031586,0.639734,0.005768,0.005768,0.3305,0.3305,1,1,0.000748,0.00000056
1771742764.706187,18.240000,0.010000,0.000516,-0.067004,0.035899,2.0568,0.944759,0.036865,0.527884,0.066983,0.066983,3.8379,3.8379,1,1,0.000516,0.00000027
1771742764.716187,18.250000,0.010000,0.000309,-0.064051,0.037179,2.1302,0.936202,0.044975,0.810964,0.023233,0.023233,1.3312,1.3312,1,1,0.000309,0.00000010
1771742764.726187,18.260000,0.010000,0.000128,-0.060915,0.038393,2.1997,0.928324,0.048864,0.388957,0.102852,0.102852,5.8930,5.8930,1,1,0.000128,0.00000002
1771742764.736187,18.270000,0.010000,-0.000026,-0.057624,0.039545,2.2658,0.921275,0.055758,0.689403,-0.043380,-0.043380,-2.4855,-2.4855,1,1,0.000026,0.00000000
1771742764.746186,18.280000,0.010000,-0.000152,-0.054203,0.040645,2.3288,0.915173,0.065281,0.952294,0.012178,0.012178,0.6978,0.6978,1,1,0.000152,0.00000002
1771742764.756186,18.290000,0.010000,-0.000249,-0.050680,0.041700,2.3892,0.910148,0.072889,0.760759,0.053051,0.053051,3.0396,3.0396,1,1,0.000249,0.00000006
1771742764.766186,18.300000,0.010000,-0.000315,-0.047081,0.042721,2.4477,0.906310,0.083036,1.014730,-0.032266,-0.032266,-1.8487,-1.8487,1,1,0.000315,0.00000010
1771742764.776186,18.310000,0.010000,-0.000352,-0.043429,0.043718,2.5049,0.903755,0.088424,0.538823,-0.029696,-0.029696,-1.7015,-1.7015,1,1,0.000352,0.00000012
1771742764.786186,18.320000,0.010000,-0.000358,-0.039747,0.044702,2.5612,0.902564,0.089649,0.122404,-0.130518,-0.130518,-7.4781,-7.4781,1,1,0.000358,0.00000013
1771742764.796186,18.330000,0.010000,-0.000333,-0.036058,0.045685,2.6176,0.902806,0.087229,-0.241962,-0.200690,-0.200690,-11.4987,-11.4987,1,1,0.000333,0.00000011
1771742764.806186,18.340000,0.010000,-0.000277,-0.032380,0.046679,2.6745,0.904539,0.081621,-0.560783,-0.205113,-0.205113,-11.7521,-11.7521,1,1,0.000277,0.00000008
1771742764.816186,18.350000,0.010000,-0.000191,-0.028733,0.047697,2.7329,0.907812,0.074484,-0.713726,-0.188493,-0.188493,-10.7998,-10.7998,1,1,0.000191,0.00000004
1771742764.826186,18.360000,0.010000,-0.000075,-0.025133,0.048753,2.7933,0.912665,0.065894,-0.858953,-0.184936,-0.184936,-10.5960,-10.5960,1,1,0.000075,0.00000001
1771742764.836186,18.370000,0.010000,0.000071,-0.021594,0.049858,2.8567,0.919127,0.061869,-0.402518,-0.186924,-0.186924,-10.7099,-10.7099,1,1,0.000071,0.00000000
1771742764.846187,18.380000,0.010000,0.000246,-0.018131,0.051028,2.9237,0.927219,0.057040,-0.482951,-0.273866,-0.273866,-15.6914,-15.6914,1,1,0.000246,0.00000006
1771742764.856187,18.390000,0.010000,0.000449,-0.014752,0.052275,2.9952,0.936953,0.056304,-0.073516,-0.282556,-0.282556,-16.1892,-16.1892,1,1,0.000449,0.00000020
1771742764.866187,18.400000,0.010000,0.000679,-0.011466,0.053614,3.0719,0.948327,0.052171,-0.413393,-0.329282,-0.329282,-18.8665,-18.8665,1,1,0.000679,0.00000046
1771742764.876187,18.410000,0.010000,0.000930,-0.010038,0.055100,3.1570,0.971218,0.047171,-0.499903,-0.311647,-0.311647,-17.8561,-17.8561,1,1,0.000930,0.00000086
1771742764.886187,18.420000,0.010000,0.001191,-0.008727,0.056770,3.2527,0.993509,0.046288,-0.088350,-0.303167,-0.303167,-17.3702,-17.3702,1,1,0.001191,0.00000142
1771742764.896187,18.430000,0.010000,0.001464,-0.007409,0.058619,3.3586,1.014896,0.042024,-0.426372,-0.324290,-0.324290,-18.5804,-18.5804,1,1,0.001464,0.00000214
1771742764.906187,18.440000,0.010000,0.001748,-0.006099,0.060645,3.4747,1.035977,0.034803,-0.722141,-0.295325,-0.295325,-16.9209,-16.9209,1,1,0.001748,0.00000306
1771742764.916187,18.450000,0.010000,0.002050,-0.002992,0.062632,3.5886,1.005568,0.024993,-0.980939,-0.281421,-0.281421,-16.1243,-16.1243,1,1,0.002050,0.00000420
1771742764.926187,18.460000,0.010000,0.002376,0.000016,0.064222,3.6796,0.930123,0.012920,-1.207388,-0.268522,-0.268522,-15.3852,-15.3852,1,1,0.002376,0.00000564
1771742764.936187,18.470000,0.010000,0.002709,0.000017,0.065490,3.7523,0.909469,-0.001136,-1.405530,-0.244820,-0.244820,-14.0271,-14.0271,1,1,0.002709,0.00000734
1771742764.946187,18.480000,0.010000,0.003040,0.000015,0.066255,3.7961,0.800795,-0.016925,-1.578905,-0.189144,-0.189144,-10.8371,-10.8371,1,1,0.003040,0.00000924
1771742764.956187,18.490000,0.010000,0.003366,0.000015,0.066563,3.8138,0.774835,-0.034231,-1.730607,-0.081555,-0.081555,-4.6727,-4.6727,1,1,0.003366,0.00001133
1771742764.966187,18.500000,0.010000,0.003688,0.000013,0.066314,3.7995,0.658017,-0.052864,-1.863347,-0.016787,-0.016787,-0.9618,-0.9618,1,1,0.003688,0.00001360
1771742764.976187,18.510000,0.010000,0.004005,0.000013,0.065569,3.7569,0.629838,-0.072659,-1.979495,-0.003229,-0.003229,-0.1850,-0.1850,1,1,0.004005,0.00001604
1771742764.986187,18.520000,0.010000,0.004319,0.000010,0.064233,3.6803,0.507302,-0.093471,-2.081124,0.032250,0.032250,1.8478,1.8478,1,1,0.004319,0.00001865
1771742764.996186,18.530000,0.010000,0.004627,0.000010,0.062379,3.5741,0.479245,-0.115171,-2.170049,0.043882,0.043882,2.5143,2.5143,1,1,0.004627,0.00002140
1771742765.006186,18.540000,0.010000,0.004932,0.000007,0.059915,3.4329,0.352758,-0.137650,-2.247859,0.077859,0.077859,4.4610,4.4610,1,1,0.004932,0.00002432
1771742765.016186,18.550000,0.010000,0.005230,0.000007,0.056999,3.2658,0.344499,-0.158339,-2.068962,0.080948,0.080948,4.6380,4.6380,1,1,0.005230,0.00002735
1771742765.026186,18.560000,0.010000,0.005526,0.000005,0.053537,3.0674,0.218273,-0.179083,-2.074379,0.068529,0.068529,3.9264,3.9264,1,1,0.005526,0.00003054
1771742765.036186,18.570000,0.010000,0.005810,-0.001382,0.049874,2.8576,0.270580,-0.193743,-1.466016,0.051242,0.051242,2.9360,2.9360,1,1,0.005810,0.00003376
1771742765.046186,18.580000,0.010000,0.006096,0.000004,0.045848,2.6269,0.139568,-0.204703,-1.095978,0.043044,0.043044,2.4662,2.4662,1,1,0.006096,0.00003716
1771742765.056186,18.590000,0.010000,0.006343,-0.008766,0.042080,2.4110,0.306438,-0.212680,-0.797743,0.052467,0.052467,3.0061,3.0061,1,1,0.006343,0.00004023
1771742765.066186,18.600000,0.010000,0.006596,0.000002,0.037665,2.1580,0.015180,-0.216698,-0.401741,0.038220,0.038220,2.1899,2.1899,1,1,0.006596,0.00004351
1771742765.076186,18.610000,0.010000,0.006773,-0.024077,0.034025,1.9495,0.436642,-0.216722,-0.002458,0.049626,0.049626,2.8433,2.8433,1,1,0.006773,0.00004587
1771742765.086186,18.620000,0.010000,0.006966,0.000001,0.029403,1.6847,-0.141113,-0.213253,0.346915,0.064853,0.064853,3.7158,3.7158,1,1,0.006966,0.00004852
1771742765.096187,18.630000,0.010000,0.007114,-0.028185,0.024865,1.4247,0.338767,-0.206727,0.652617,0.026093,0.026093,1.4950,1.4950,1,1,0.007114,0.00005061
1771742765.106187,18.640000,0.010000,0.007175,-0.026216,0.021644,1.2401,0.275507,-0.197526,0.920105,0.071269,0.071269,4.0834,4.0834,1,1,0.007175,0.00005148
1771742765.116187,18.650000,0.010000,0.007161,-0.045489,0.019481,1.1162,0.581717,-0.185984,1.154158,0.061032,0.061032,3.4969,3.4969,1,1,0.007161,0.00005128
1771742765.126187,18.660000,0.010000,0.007184,-0.020325,0.016336,0.9360,0.099615,-0.172395,1.358954,0.087812,0.087812,5.0313,5.0313,1,1,0.007184,0.00005162
1771742765.136187,18.670000,0.010000,0.007193,-0.044102,0.013135,0.7526,0.478505,-0.157013,1.538151,0.046289,0.046289,2.6522,2.6522,1,1,0.007193,0.00005174
1771742765.146187,18.680000,0.010000,0.007050,-0.060622,0.012216,0.6999,0.721933,-0.140064,1.694948,0.007209,0.007209,0.4130,0.4130,1,1,0.007050,0.00004970
1771742765.156187,18.690000,0.010000,0.006897,-0.049109,0.011049,0.6331,0.469119,-0.121742,1.832145,0.021201,0.021201,1.2147,1.2147,1,1,0.006897,0.00004757
1771742765.166187,18.700000,0.010000,0.006712,-0.065518,0.010036,0.5750,0.710237,-0.102220,1.952193,-0.004144,-0.004144,-0.2374,-0.2374,1,1,0.006712,0.00004506
1771742765.176187,18.710000,0.010000,0.006424,-0.076945,0.010447,0.5986,0.861800,-0.084062,1.815801,-0.084267,-0.084267,-4.8281,-4.8281,1,1,0.006424,0.00004126
1771742765.186187,18.720000,0.010000,0.006098,-0.078072,0.011281,0.6464,0.856222,-0.066996,1.706614,0.012442,0.012442,0.7129,0.7129,1,1,0.006098,0.00003719
1771742765.196187,18.730000,0.010000,0.005752,-0.083110,0.012389,0.7098,0.934668,-0.053844,1.315209,0.021724,0.021724,1.2447,1.2447,1,1,0.005752,0.00003309
1771742765.206187,18.740000,0.010000,0.005408,-0.082486,0.013752,0.7879,0.961177,-0.040911,1.293372,0.036530,0.036530,2.0930,2.0930,1,1,0.005408,0.00002925
1771742765.216187,18.750000,0.010000,0.005067,-0.081960,0.015303,0.8768,0.980443,-0.027690,1.322045,0.075336,0.075336,4.3164,4.3164,1,1,0.005067,0.00002567
1771742765.226187,18.760000,0.010000,0.004727,-0.081506,0.016991,0.9735,0.994279,-0.019613,0.807724,0.119872,0.119872,6.8682,6.8682,1,1,0.004727,0.00002235
1771742765.236187,18.770000,0.010000,0.004389,-0.081105,0.018778,1.0759,1.004039,-0.009055,1.055824,0.049444,0.049444,2.8329,2.8329,1,1,0.004389,0.00001926
1771742765.246186,18.780000,0.010000,0.004053,-0.080744,0.020635,1.1823,1.010736,-0.000294,0.876088,0.122249,0.122249,7.0044,7.0044,1,1,0.004053,0.00001642
1771742765.256186,18.790000,0.010000,0.003718,-0.080411,0.022541,1.2915,1.015129,0.010720,1.101327,0.099752,0.099752,5.7154,5.7154,1,1,0.003718,0.00001382
1771742765.266186,18.800000,0.010000,0.003384,-0.080099,0.024479,1.4025,1.017784,0.016866,0.614595,0.186140,0.186140,10.6650,10.6650,1,1,0.003384,0.00001145
1771742765.276186,18.810000,0.010000,0.003051,-0.079803,0.026437,1.5148,1.019124,0.018753,0.188705,0.088134,0.088134,5.0497,5.0497,1,1,0.003051,0.00000931
1771742765.286186,18.820000,0.010000,0.002721,-0.079377,0.028400,1.6272,1.018716,0.019059,0.030602,0.019881,0.019881,1.1391,1.1391,1,1,0.002721,0.00000740
1771742765.296186,18.830000,0.010000,0.002396,-0.078607,0.030344,1.7386,1.015804,0.016158,-0.290030,0.013937,0.013937,0.7985,0.7985,1,1,0.002396,0.00000574
1771742765.306186,18.840000,0.010000,0.002082,-0.077315,0.032243,1.8474,1.010063,0.010130,-0.602842,0.010448,0.010448,0.5986,0.5986,1,1,0.002082,0.00000433
1771742765.316186,18.850000,0.010000,0.001780,-0.075599,0.034082,1.9527,1.002738,0.008346,-0.178421,0.023281,0.023281,1.3339,1.3339,1,1,0.001780,0.00000317
1771742765.326186,18.860000,0.010000,0.001496,-0.073520,0.035853,2.0542,0.994601,0.010018,0.167231,-0.019858,-0.019858,-1.1378,-1.1378,1,1,0.001496,0.00000224
1771742765.336186,18.870000,0.010000,0.001231,-0.071117,0.037552,2.1516,0.986118,0.013332,0.331398,-0.066715,-0.066715,-3.8225,-3.8225,1,1,0.001231,0.00000152
1771742765.346187,18.880000,0.010000,0.000988,-0.068428,0.039180,2.2448,0.977692,0.019722,0.639039,-0.091941,-0.091941,-5.2678,-5.2678,1,1,0.000988,0.00000098
1771742765.356187,18.890000,0.010000,0.000769,-0.065490,0.040739,2.3342,0.969625,0.028805,0.908225,-0.051134,-0.051134,-2.9298,-2.9298,1,1,0.000769,0.00000059
1771742765.366187,18.900000,0.010000,0.000575,-0.062333,0.042234,2.4198,0.962153,0.033261,0.445631,0.044973,0.044973,2.5768,2.5768,1,1,0.000575,0.00000033
1771742765.376187,18.910000,0.010000,0.000410,-0.058989,0.043671,2.5022,0.955468,0.040651,0.738993,-0.115619,-0.115619,-6.6245,-6.6245,1,1,0.000410,0.00000017
1771742765.386187,18.920000,0.010000,0.000273,-0.055486,0.045058,2.5816,0.949731,0.048038,0.738768,-0.061453,-0.061453,-3.5210,-3.5210,1,1,0.000273,0.00000007
1771742765.396187,18.930000,0.010000,0.000166,-0.051852,0.046404,2.6587,0.945079,0.057993,0.995487,-0.091383,-0.091383,-5.2359,-5.2359,1,1,0.000166,0.00000003
1771742765.406187,18.940000,0.010000,0.000091,-0.048112,0.047718,2.7340,0.941633,0.063213,0.521986,-0.065363,-0.065363,-3.7450,-3.7450,1,1,0.000091,0.00000001
1771742765.416187,18.950000,0.010000,0.000047,-0.044293,0.049012,2.8082,0.939497,0.064290,0.107672,-0.194603,-0.194603,-11.1499,-11.1499,1,1,0.000047,0.00000000
1771742765.426187,18.960000,0.010000,0.000035,-0.040417,0.050296,2.8818,0.938763,0.061741,-0.254853,-0.249573,-0.249573,-14.2995,-14.2995,1,1,0.000035,0.00000000
1771742765.436187,18.970000,0.010000,0.000055,-0.036508,0.051584,2.9555,0.939512,0.056021,-0.572062,-0.242988,-0.242988,-13.9222,-13.9222,1,1,0.000055,0.00000000
1771742765.446187,18.980000,0.010000,0.000109,-0.032587,0.052887,3.0302,0.941814,0.051928,-0.409249,-0.218636,-0.218636,-12.5269,-12.5269,1,1,0.000109,0.00000001
1771742765.456187,18.990000,0.010000,0.000195,-0.028673,0.054220,3.1065,0.945728,0.044857,-0.707159,-0.262961,-0.262961,-15.0665,-15.0665,1,1,0.000195,0.00000004
1771742765.466187,19.000000,0.010000,0.000313,-0.024785,0.055595,3.1854,0.951306,0.035178,-0.967830,-0.243233,-0.243233,-13.9362,-13.9362,1,1,0.000313,0.00000010
1771742765.476187,19.010000,0.010000,0.000464,-0.020938,0.057027,3.2674,0.958588,0.023219,-1.195917,-0.229554,-0.229554,-13.1525,-13.1525,1,1,0.000464,0.00000022
1771742765.486187,19.020000,0.010000,0.000646,-0.017147,0.058531,3.3536,0.967605,0.013925,-0.929418,-0.229791,-0.229791,-13.1661,-13.1661,1,1,0.000646,0.00000042
1771742765.496186,19.030000,0.010000,0.000860,-0.013423,0.060121,3.4447,0.978376,0.009283,-0.464175,-0.266015,-0.266015,-15.2415,-15.2415,1,1,0.000860,0.00000074
1771742765.506186,19.040000,0.010000,0.001115,-0.007094,0.061402,3.5181,0.892458,0.001731,-0.755219,-0.296277,-0.296277,-16.9754,-16.9754,1,1,0.001115,0.00000124
1771742765.516186,19.050000,0.010000,0.001393,-0.006730,0.062642,3.5891,0.948096,-0.006167,-0.789805,-0.267160,-0.267160,-15.3072,-15.3072,1,1,0.001393,0.00000194
1771742765.526186,19.060000,0.010000,0.001703,0.000011,0.063293,3.6264,0.758504,-0.016568,-1.040145,-0.267615,-0.267615,-15.3332,-15.3332,1,1,0.001703,0.00000290
1771742765.536186,19.070000,0.010000,0.002023,-0.001832,0.063771,3.6538,0.866138,-0.022668,-0.609932,-0.176346,-0.176346,-10.1039,-10.1039,1,1,0.002023,0.00000409
1771742765.546186,19.080000,0.010000,0.002348,0.000012,0.064146,3.6753,0.750831,-0.031495,-0.882756,-0.255665,-0.255665,-14.6485,-14.6485,1,1,0.002348,0.00000551
1771742765.556186,19.090000,0.010000,0.002673,0.000014,0.064320,3.6853,0.791818,-0.042710,-1.121478,-0.170833,-0.170833,-9.7880,-9.7880,1,1,0.002673,0.00000715
1771742765.566186,19.100000,0.010000,0.002999,0.000011,0.064041,3.6693,0.646373,-0.056014,-1.330359,-0.103940,-0.103940,-5.9554,-5.9554,1,1,0.002999,0.00000899
1771742765.576186,19.110000,0.010000,0.003318,0.000013,0.063435,3.6346,0.681713,-0.071145,-1.513130,-0.060957,-0.060957,-3.4926,-3.4926,1,1,0.003318,0.00001101
1771742765.586186,19.120000,0.010000,0.003636,0.000010,0.062300,3.5695,0.522878,-0.087875,-1.673054,0.001840,0.001840,0.1054,0.1054,1,1,0.003636,0.00001322
1771742765.596187,19.130000,0.010000,0.003947,0.000011,0.060782,3.4826,0.556480,-0.106005,-1.812988,0.010524,0.010524,0.6030,0.6030,1,1,0.003947,0.00001558
1771742765.606187,19.140000,0.010000,0.004258,0.000008,0.058802,3.3691,0.415501,-0.121449,-1.544356,0.057307,0.057307,3.2835,3.2835,1,1,0.004258,0.00001813
1771742765.616187,19.150000,0.010000,0.004557,-0.001029,0.056616,3.2439,0.477601,-0.134992,-1.354275,0.038393,0.038393,2.1997,2.1997,1,1,0.004557,0.00002077
1771742765.626187,19.160000,0.010000,0.004858,0.000006,0.053904,3.0885,0.298928,-0.150332,-1.534057,0.050727,0.050727,2.9065,2.9065,1,1,0.004858,0.00002360
1771742765.636187,19.170000,0.010000,0.005135,-0.004350,0.051059,2.9255,0.409331,-0.167246,-1.691366,0.076796,0.076796,4.4001,4.4001,1,1,0.005135,0.00002637
1771742765.646187,19.180000,0.010000,0.005417,0.000004,0.047569,2.7255,0.163677,-0.179735,-1.248929,0.058168,0.058168,3.3328,3.3328,1,1,0.005417,0.00002934
1771742765.656187,19.190000,0.010000,0.005630,-0.017876,0.044658,2.5587,0.499951,-0.190720,-1.098494,0.065976,0.065976,3.7802,3.7802,1,1,0.005630,0.00003170
1771742765.666187,19.200000,0.010000,0.005882,0.006112,0.040215,2.3042,-0.140942,-0.196841,-0.612117,0.045808,0.045808,2.6246,2.6246,1,1,0.005882,0.00003460
1771742765.676187,19.210000,0.010000,0.006093,-0.020275,0.035624,2.0411,0.332849,-0.204194,-0.735300,0.064646,0.064646,3.7040,3.7040,1,1,0.006093,0.00003713
1771742765.686187,19.220000,0.010000,0.006276,-0.005937,0.031520,1.8060,0.075260,-0.207138,-0.294322,0.049202,0.049202,2.8191,2.8191,1,1,0.006276,0.00003939
1771742765.696187,19.230000,0.010000,0.006412,-0.028538,0.028167,1.6138,0.464107,-0.206222,0.091534,0.053981,0.053981,3.0929,3.0929,1,1,0.006412,0.00004112
1771742765.706187,19.240000,0.010000,0.006580,-0.002188,0.023972,1.3735,-0.052800,-0.201931,0.429158,0.083701,0.083701,4.7957,4.7957,1,1,0.006580,0.00004330
1771742765.716187,19.250000,0.010000,0.006727,-0.028015,0.019848,1.1372,0.380025,-0.194685,0.724579,0.055063,0.055063,3.1549,3.1549,1,1,0.006727,0.00004525
1771742765.726187,19.260000,0.010000,0.006771,-0.031160,0.017262,0.9890,0.402379,-0.184854,0.983073,0.082927,0.082927,4.7514,4.7514,1,1,0.006771,0.00004584
1771742765.736187,19.270000,0.010000,0.006765,-0.040038,0.015245,0.8735,0.521510,-0.172762,1.209255,0.081130,0.081130,4.6484,4.6484,1,1,0.006765,0.00004577
1771742765.746186,19.280000,0.010000,0.006735,-0.038426,0.013327,0.7636,0.451716,-0.158690,1.407164,0.072019,0.072019,4.1264,4.1264,1,1,0.006735,0.00004536
1771742765.756186,19.290000,0.010000,0.006640,-0.054845,0.012198,0.6989,0.698011,-0.142887,1.580334,0.009167,0.009167,0.5252,0.5252,1,1,0.006640,0.00004409
1771742765.766186,19.300000,0.010000,0.006526,-0.045671,0.011015,0.6311,0.489909,-0.125568,1.731858,-0.021031,-0.021031,-1.2050,-1.2050,1,1,0.006526,0.00004259
1771742765.776186,19.310000,0.010000,0.006377,-0.061145,0.010083,0.5777,0.717696,-0.106924,1.864442,-0.012904,-0.012904,-0.7393,-0.7393,1,1,0.006377,0.00004067
1771742765.786186,19.320000,0.010000,0.006129,-0.071924,0.010496,0.6014,0.860956,-0.087119,1.980452,-0.090670,-0.090670,-5.1950,-5.1950,1,1,0.006129,0.00003757
1771742765.796186,19.330000,0.010000,0.005849,-0.070627,0.011098,0.6359,0.792439,-0.070503,1.661582,0.019662,0.019662,1.1265,1.1265,1,1,0.005849,0.00003421
1771742765.806186,19.340000,0.010000,0.005535,-0.079282,0.011927,0.6834,0.903866,-0.053610,1.689367,-0.027663,-0.027663,-1.5850,-1.5850,1,1,0.005535,0.00003064
1771742765.816186,19.350000,0.010000,0.005192,-0.082398,0.013247,0.7590,0.955565,-0.040758,1.285148,0.074307,0.074307,4.2575,4.2575,1,1,0.005192,0.00002695
1771742765.826186,19.360000,0.010000,0.004851,-0.081885,0.014745,0.8448,0.973690,-0.028916,1.184240,0.079528,0.079528,4.5566,4.5566,1,1,0.004851,0.00002353
1771742765.836186,19.370000,0.010000,0.004511,-0.081441,0.016371,0.9380,0.986573,-0.015063,1.385276,0.097177,0.097177,5.5679,5.5679,1,1,0.004511,0.00002035
1771742765.846187,19.380000,0.010000,0.004173,-0.081049,0.018089,1.0364,0.995518,-0.006297,0.876570,0.182279,0.182279,10.4438,10.4438,1,1,0.004173,0.00001742
1771742765.856187,19.390000,0.010000,0.003837,-0.080695,0.019870,1.1385,1.001502,0.004856,1.115307,0.103192,0.103192,5.9125,5.9125,1,1,0.003837,0.00001472
1771742765.866187,19.400000,0.010000,0.003502,-0.080368,0.021695,1.2430,1.005252,0.014390,0.953432,0.187565,0.187565,10.7467,10.7467,1,1,0.003502,0.00001227
1771742765.876187,19.410000,0.010000,0.003169,-0.080062,0.023547,1.3491,1.007314,0.021594,0.720362,0.179374,0.179374,10.2773,10.2773,1,1,0.003169,0.00001004
1771742765.886187,19.420000,0.010000,0.002836,-0.079770,0.025415,1.4562,1.008095,0.024406,0.281251,0.138985,0.138985,7.9633,7.9633,1,1,0.002836,0.00000804
1771742765.896187,19.430000,0.010000,0.002506,-0.079326,0.027281,1.5631,1.007015,0.023377,-0.102972,0.052223,0.052223,2.9921,2.9921,1,1,0.002506,0.00000628
1771742765.906187,19.440000,0.010000,0.002183,-0.078471,0.029120,1.6684,1.003128,0.018985,-0.439166,0.046590,0.046590,2.6694,2.6694,1,1,0.002183,0.00000476
1771742765.916187,19.450000,0.010000,0.001870,-0.077121,0.030907,1.7708,0.996664,0.011652,-0.733336,0.034076,0.034076,1.9524,1.9524,1,1,0.001870,0.00000350
1771742765.926187,19.460000,0.010000,0.001570,-0.075378,0.032630,1.8696,0.988840,0.008726,-0.292603,0.052932,0.052932,3.0328,3.0328,1,1,0.001570,0.00000247
1771742765.936187,19.470000,0.010000,0.001288,-0.073278,0.034281,1.9642,0.980225,0.004177,-0.454862,0.013263,0.013263,0.7599,0.7599,1,1,0.001288,0.00000166
1771742765.946187,19.480000,0.010000,0.001025,-0.070868,0.035858,2.0545,0.971339,0.003688,-0.048938,0.017143,0.017143,0.9822,0.9822,1,1,0.001025,0.00000105
1771742765.956187,19.490000,0.010000,0.000784,-0.068186,0.037359,2.1405,0.962550,0.006750,0.306245,-0.038482,-0.038482,-2.2048,-2.2048,1,1,0.000784,0.00000061
1771742765.966187,19.500000,0.010000,0.000567,-0.065268,0.038790,2.2225,0.954148,0.012920,0.617030,-0.097717,-0.097717,-5.5988,-5.5988,1,1,0.000567,0.00000032
1771742765.976187,19.510000,0.010000,0.000375,-0.062145,0.040153,2.3006,0.946351,0.021810,0.888967,-0.093775,-0.093775,-5.3729,-5.3729,1,1,0.000375,0.00000014
1771742765.986187,19.520000,0.010000,0.000211,-0.058845,0.041457,2.3753,0.939341,0.031983,1.017281,-0.005610,-0.005610,-0.3215,-0.3215,1,1,0.000211,0.00000004
1771742765.996186,19.530000,0.010000,0.000075,-0.055398,0.042707,2.4469,0.933270,0.044375,1.239186,0.016751,0.016751,0.9598,0.9598,1,1,0.000075,0.00000001
1771742766.006186,19.540000,0.010000,-0.000032,-0.051830,0.043913,2.5161,0.928261,0.058708,1.433354,0.062070,0.062070,3.5563,3.5563,1,1,0.000032,0.00000000
1771742766.016186,19.550000,0.010000,-0.000108,-0.048167,0.045085,2.5832,0.924421,0.068743,1.003466,0.059239,0.059239,3.3941,3.3941,1,1,0.000108,0.00000001
1771742766.026186,19.560000,0.010000,-0.000153,-0.044433,0.046233,2.6489,0.921861,0.074033,0.528967,-0.072232,-0.072232,-4.1386,-4.1386,1,1,0.000153,0.00000002
1771742766.036186,19.570000,0.010000,-0.000166,-0.040654,0.047368,2.7140,0.920673,0.075170,0.113780,-0.180326,-0.180326,-10.3319,-10.3319,1,1,0.000166,0.00000003
1771742766.046186,19.580000,0.010000,-0.000148,-0.036850,0.048501,2.7789,0.920938,0.072675,-0.249508,-0.239205,-0.239205,-13.7054,-13.7054,1,1,0.000148,0.00000002
1771742766.056186,19.590000,0.010000,-0.000098,-0.033044,0.049647,2.8446,0.922725,0.070207,-0.246785,-0.233790,-0.233790,-13.3952,-13.3952,1,1,0.000098,0.00000001
1771742766.066186,19.600000,0.010000,-0.000017,-0.029255,0.050817,2.9116,0.926090,0.064557,-0.565003,-0.255202,-0.255202,-14.6220,-14.6220,1,1,0.000017,0.00000000
1771742766.076186,19.610000,0.010000,0.000096,-0.025501,0.052025,2.9808,0.931081,0.058631,-0.592681,-0.232731,-0.232731,-13.3345,-13.3345,1,1,0.000096,0.00000001
1771742766.086186,19.620000,0.010000,0.000240,-0.021796,0.053286,3.0530,0.937734,0.049954,-0.867662,-0.252520,-0.252520,-14.4684,-14.4684,1,1,0.000240,0.00000006
1771742766.096187,19.630000,0.010000,0.000414,-0.018152,0.054612,3.1290,0.946022,0.038871,-1.108270,-0.236988,-0.236988,-13.5784,-13.5784,1,1,0.000414,0.00000017
1771742766.106187,19.640000,0.010000,0.000618,-0.014580,0.056016,3.2095,0.955953,0.025683,-1.318802,-0.230109,-0.230109,-13.1843,-13.1843,1,1,0.000618,0.00000038
1771742766.116187,19.650000,0.010000,0.000851,-0.011289,0.057520,3.2956,0.968703,0.017634,-0.804886,-0.223682,-0.223682,-12.8160,-12.8160,1,1,0.000851,0.00000072
1771742766.126187,19.660000,0.010000,0.001103,-0.009872,0.059182,3.3909,0.993089,0.014082,-0.355209,-0.281232,-0.281232,-16.1134,-16.1134,1,1,0.001103,0.00000122
1771742766.136187,19.670000,0.010000,0.001369,-0.007995,0.060980,3.4939,1.002600,0.014465,0.038258,-0.300818,-0.300818,-17.2356,-17.2356,1,1,0.001369,0.00000187
1771742766.146187,19.680000,0.010000,0.001651,-0.005733,0.062819,3.5993,1.000564,0.018290,0.382541,-0.326125,-0.326125,-18.6856,-18.6856,1,1,0.001651,0.00000273
1771742766.156187,19.690000,0.010000,0.001955,-0.002786,0.064576,3.7000,0.978751,0.018147,-0.014342,-0.350951,-0.350951,-20.1080,-20.1080,1,1,0.001955,0.00000382
1771742766.166187,19.700000,0.010000,0.002280,0.000016,0.066192,3.7925,0.958013,0.014531,-0.361615,-0.321382,-0.321382,-18.4138,-18.4138,1,1,0.002280,0.00000520
1771742766.176187,19.710000,0.010000,0.002615,0.000017,0.067655,3.8763,0.933537,0.007876,-0.665479,-0.293704,-0.293704,-16.8280,-16.8280,1,1,0.002615,0.00000684
1771742766.186187,19.720000,0.010000,0.002948,0.000017,0.068808,3.9424,0.874384,-0.001438,-0.931360,-0.272106,-0.272106,-15.5905,-15.5905,1,1,0.002948,0.00000869
1771742766.196187,19.730000,0.010000,0.003277,0.000017,0.069621,3.9890,0.836038,-0.013078,-1.164006,-0.248463,-0.248463,-14.2359,-14.2359,1,1,0.003277,0.00001074
1771742766.206187,19.740000,0.010000,0.003603,0.000016,0.070023,4.0120,0.764117,-0.026754,-1.367571,-0.196162,-0.196162,-11.2393,-11.2393,1,1,0.003603,0.00001298
1771742766.216187,19.750000,0.010000,0.003925,0.000015,0.070002,4.0108,0.716628,-0.042210,-1.545691,-0.106793,-0.106793,-6.1188,-6.1188,1,1,0.003925,0.00001541
1771742766.226187,19.760000,0.010000,0.004243,0.000013,0.069500,3.9821,0.635967,-0.059226,-1.701545,-0.060195,-0.060195,-3.4489,-3.4489,1,1,0.004243,0.00001801
1771742766.236187,19.770000,0.010000,0.004557,0.000012,0.068520,3.9259,0.582897,-0.077605,-1.837918,-0.028964,-0.028964,-1.6595,-1.6595,1,1,0.004557,0.00002077
1771742766.246186,19.780000,0.010000,0.004867,0.000011,0.067055,3.8420,0.506034,-0.095865,-1.825960,0.005106,0.005106,0.2925,0.2925,1,1,0.004867,0.00002369
1771742766.256186,19.790000,0.010000,0.005173,0.000010,0.065102,3.7301,0.448356,-0.115332,-1.946781,0.017557,0.017557,1.0060,1.0060,1,1,0.005173,0.00002676
1771742766.266186,19.800000,0.010000,0.005474,0.000008,0.062627,3.5883,0.367029,-0.135857,-2.052499,0.048801,0.048801,2.7961,2.7961,1,1,0.005474,0.00002997
1771742766.276186,19.810000,0.010000,0.005771,0.000007,0.059637,3.4170,0.307083,-0.157307,-2.145003,0.075217,0.075217,4.3096,4.3096,1,1,0.005771,0.00003331
1771742766.286186,19.820000,0.010000,0.006064,0.000005,0.056104,3.2145,0.223261,-0.179567,-2.225943,0.068367,0.068367,3.9172,3.9172,1,1,0.006064,0.00003677
1771742766.296186,19.830000,0.010000,0.006352,0.000005,0.052201,2.9909,0.200733,-0.197294,-1.772683,0.054246,0.054246,3.1080,3.1080,1,1,0.006352,0.00004035
1771742766.306186,19.840000,0.010000,0.006638,0.000004,0.048055,2.7533,0.159371,-0.209345,-1.205132,0.040286,0.040286,2.3082,2.3082,1,1,0.006638,0.00004407
1771742766.316186,19.850000,0.010000,0.006919,-0.000441,0.043829,2.5112,0.172562,-0.217190,-0.784512,0.047364,0.047364,2.7138,2.7138,1,1,0.006919,0.00004788
1771742766.326186,19.860000,0.010000,0.007200,0.000003,0.039558,2.2665,0.149888,-0.221099,-0.390909,0.047890,0.047890,2.7439,2.7439,1,1,0.007200,0.00005183
1771742766.336186,19.870000,0.010000,0.007458,-0.005249,0.035575,2.0383,0.236470,-0.221029,0.007021,0.049213,0.049213,2.8197,2.8197,1,1,0.007458,0.00005562
1771742766.346187,19.880000,0.010000,0.007714,-0.000968,0.031468,1.8030,0.135335,-0.217477,0.355209,0.053683,0.053683,3.0758,3.0758,1,1,0.007714,0.00005951
1771742766.356187,19.890000,0.010000,0.007899,-0.021117,0.028409,1.6277,0.467836,-0.210878,0.659874,0.047325,0.047325,2.7115,2.7115,1,1,0.007899,0.00006240
1771742766.366187,19.900000,0.010000,0.008101,0.000002,0.024309,1.3928,-0.052597,-0.201614,0.926455,0.082506,0.082506,4.7272,4.7272,1,1,0.008101,0.00006563
1771742766.376187,19.910000,0.010000,0.008251,-0.027952,0.020370,1.1671,0.404838,-0.190017,1.159714,0.037699,0.037699,2.1600,2.1600,1,1,0.008251,0.00006808
1771742766.386187,19.920000,0.010000,0.008296,-0.029862,0.017917,1.0266,0.393898,-0.176378,1.363816,0.061425,0.061425,3.5194,3.5194,1,1,0.008296,0.00006883
1771742766.396187,19.930000,0.010000,0.008267,-0.045556,0.016371,0.9380,0.621083,-0.160954,1.542405,0.017700,0.017700,1.0141,1.0141,1,1,0.008267,0.00006834
1771742766.406187,19.940000,0.010000,0.008235,-0.032715,0.014426,0.8265,0.343060,-0.143968,1.698670,-0.012725,-0.012725,-0.7291,-0.7291,1,1,0.008235,0.00006782
1771742766.416187,19.950000,0.010000,0.008160,-0.053369,0.012829,0.7351,0.653110,-0.125614,1.835402,0.037748,0.037748,2.1628,2.1628,1,1,0.008160,0.00006658
1771742766.426187,19.960000,0.010000,0.007974,-0.062483,0.012689,0.7270,0.755937,-0.106063,1.955043,-0.086271,-0.086271,-4.9429,-4.9429,1,1,0.007974,0.00006358
1771742766.436187,19.970000,0.010000,0.007744,-0.065048,0.012841,0.7357,0.744124,-0.087770,1.829366,-0.097538,-0.097538,-5.5885,-5.5885,1,1,0.007744,0.00005997
1771742766.446187,19.980000,0.010000,0.007453,-0.077318,0.013617,0.7802,0.905345,-0.070878,1.689169,-0.120188,-0.120188,-6.8863,-6.8863,1,1,0.007453,0.00005554
1771742766.456187,19.990000,0.010000,0.007143,-0.074305,0.014540,0.8331,0.832583,-0.056032,1.484597,-0.021919,-0.021919,-1.2558,-1.2558,1,1,0.007143,0.00005102
1771742766.466187,20.000000,0.010000,0.006795,-0.083614,0.015778,0.9040,0.953422,-0.042876,1.315564,-0.040154,-0.040154,-2.3007,-2.3007,1,1,0.006795,0.00004617
1771742766.476187,20.010000,0.010000,-0.044085,-0.155973,0.016655,0.9543,0.923999,-0.030806,1.206989,0.017759,0.017759,1.0175,1.0175,1,1,0.044085,0.00194348
1771742766.486187,20.020000,0.010000,-0.044941,-0.152216,0.017360,0.9947,0.905729,-0.021040,0.976642,0.376248,0.376248,21.5574,21.5574,1,1,0.044941,0.00201968
1771742766.496186,20.030000,0.010000,-0.045776,-0.148231,0.017959,1.0290,0.894556,-0.009004,1.203628,0.355125,0.355125,20.3472,20.3472,1,1,0.045776,0.00209545
1771742766.506186,20.040000,0.010000,-0.046592,-0.143865,0.018493,1.0596,0.887902,-0.001963,0.704109,0.339900,0.339900,19.4748,19.4748,1,1,0.046592,0.00217086
1771742766.516186,20.050000,0.010000,-0.046806,-0.000397,0.007818,0.4479,-1.797559,0.005961,0.792345,0.289400,0.289400,16.5814,16.5814,1,1,0.046806,0.00219077
1771742766.526186,20.060000,0.010000,-0.047266,-0.071450,0.004572,0.2619,0.034602,0.009403,0.344236,0.403048,0.403048,23.0930,23.0930,1,1,0.047266,0.00223409
1771742766.536186,20.070000,0.010000,-0.047736,-0.063908,0.004137,0.2370,0.186817,0.008925,-0.047860,0.213694,0.213694,12.2438,12.2438,1,1,0.047736,0.00227873
1771742766.546186,20.080000,0.010000,-0.048071,-0.054980,0.003421,0.1960,0.307714,0.011997,0.307189,0.180656,0.180656,10.3508,10.3508,1,1,0.048071,0.00231082
1771742766.556186,20.090000,0.010000,-0.048206,-0.033961,0.001128,0.0646,0.165195,0.011194,-0.080276,0.260280,0.260280,14.9129,14.9129,1,1,0.048206,0.00232378
1771742766.566186,20.100000,0.010000,-0.048320,-0.028260,0.000565,0.0323,0.320196,0.007001,-0.419307,0.161864,0.161864,9.2741,9.2741,1,1,0.048320,0.00233480
1771742766.576186,20.110000,0.010000,-0.048186,-0.004142,-0.002538,-0.1454,0.101190,-0.000159,-0.715960,0.341459,0.341459,19.5642,19.5642,1,1,0.048186,0.00232188
1771742766.586186,20.120000,0.010000,-0.048122,-0.004383,-0.002995,-0.1716,0.276437,-0.002933,-0.277399,0.299609,0.299609,17.1664,17.1664,1,1,0.048122,0.00231574
1771742766.596187,20.130000,0.010000,-0.047898,-0.000037,-0.005387,-0.3086,0.203199,-0.007586,-0.465264,0.382391,0.382391,21.9094,21.9094,1,1,0.047898,0.00229421
1771742766.606187,20.140000,0.010000,-0.047719,-0.000088,-0.006691,-0.3834,0.273818,-0.008166,-0.058040,0.357203,0.357203,20.4662,20.4662,1,1,0.047719,0.00227711
1771742766.616187,20.150000,0.010000,-0.047495,-0.000003,-0.008548,-0.4897,0.257883,-0.005183,0.298281,0.390040,0.390040,22.3477,22.3477,1,1,0.047495,0.00225576
1771742766.626187,20.160000,0.010000,-0.047303,-0.000016,-0.009789,-0.5609,0.290622,0.000918,0.610061,0.395921,0.395921,22.6846,22.6846,1,1,0.047303,0.00223753
1771742766.636187,20.170000,0.010000,-0.047110,-0.000020,-0.010735,-0.6151,0.325024,0.009746,0.882870,0.408645,0.408645,23.4136,23.4136,1,1,0.047110,0.00221938
1771742766.646187,20.180000,0.010000,-0.046921,-0.000025,-0.011345,-0.6500,0.362481,0.020962,1.121577,0.417334,0.417334,23.9115,23.9115,1,1,0.046921,0.00220156
1771742766.656187,20.190000,0.010000,-0.046736,-0.000031,-0.011549,-0.6617,0.406861,0.034266,1.330446,0.421096,0.421096,24.1270,24.1270,1,1,0.046736,0.00218421
1771742766.666187,20.200000,0.010000,-0.046553,-0.000039,-0.011334,-0.6494,0.453918,0.049398,1.513206,0.422873,0.422873,24.2288,24.2288,1,1,0.046553,0.00216718
1771742766.676187,20.210000,0.010000,-0.046373,-0.000048,-0.010676,-0.6117,0.503781,0.065806,1.640724,0.422444,0.422444,24.2042,24.2042,1,1,0.046373,0.00215045
1771742766.686187,20.220000,0.010000,-0.046196,-0.000058,-0.009544,-0.5468,0.557085,0.083653,1.784699,0.421953,0.421953,24.1761,24.1761,1,1,0.046196,0.00213405
1771742766.696187,20.230000,0.010000,-0.046004,-0.000062,-0.008326,-0.4771,0.577557,0.095778,1.212546,0.420230,0.420230,24.0774,24.0774,1,1,0.046004,0.00211641
1771742766.706187,20.240000,0.010000,-0.045828,-0.000073,-0.006572,-0.3766,0.630386,0.109879,1.410044,0.425418,0.425418,24.3747,24.3747,1,1,0.045828,0.00210018
1771742766.716187,20.250000,0.010000,-0.045644,-0.000082,-0.004547,-0.2605,0.667119,0.125707,1.582854,0.418273,0.418273,23.9653,23.9653,1,1,0.045644,0.00208341
1771742766.726187,20.260000,0.010000,-0.045469,-0.000095,-0.002011,-0.1152,0.721581,0.143048,1.734063,0.404580,0.404580,23.1807,23.1807,1,1,0.045469,0.00206745
1771742766.736187,20.270000,0.010000,-0.045291,-0.000107,0.000903,0.0517,0.768172,0.161712,1.866371,0.368481,0.368481,21.1124,21.1124,1,1,0.045291,0.00205127
1771742766.746186,20.280000,0.010000,-0.045117,-0.000123,0.004323,0.2477,0.824563,0.181533,1.982141,0.287426,0.287426,16.4683,16.4683,1,1,0.045117,0.00203557
1771742766.756186,20.290000,0.010000,-0.044942,-0.000137,0.008172,0.4682,0.875421,0.202367,2.083439,0.214410,0.214410,12.2848,12.2848,1,1,0.044942,0.00201978
1771742766.766186,20.300000,0.010000,-0.044770,-0.000153,0.012535,0.7182,0.932281,0.224088,2.172075,0.194026,0.194026,11.1169,11.1169,1,1,0.044770,0.00200439
1771742766.776186,20.310000,0.010000,-0.044599,-0.000171,0.017368,0.9951,0.987003,0.246584,2.249631,0.177274,0.177274,10.1571,10.1571,1,1,0.044599,0.00198903
1771742766.786186,20.320000,0.010000,-0.044425,-0.000187,0.022630,1.2966,1.038124,0.268398,2.181394,0.134976,0.134976,7.7335,7.7335,1,1,0.044425,0.00197361
1771742766.796186,20.330000,0.010000,-0.044246,-0.000201,0.028195,1.6155,1.078140,0.287708,1.930931,0.069083,0.069083,3.9581,3.9581,1,1,0.044246,0.00195775
1771742766.806186,20.340000,0.010000,-0.044064,-0.000213,0.034023,1.9494,1.112577,0.304550,1.684203,0.023835,0.023835,1.3656,1.3656,1,1,0.044064,0.00194163
1771742766.816186,20.350000,0.010000,-0.043876,-0.000222,0.040035,2.2938,1.139424,0.319225,1.467538,-0.022260,-0.022260,-1.2754,-1.2754,1,1,0.043876,0.00192510
1771742766.826186,20.360000,0.010000,-0.043683,-0.000229,0.046184,2.6462,1.160848,0.331851,1.262558,-0.062870,-0.062870,-3.6022,-3.6022,1,1,0.043683,0.00190821
1771742766.836186,20.370000,0.010000,-0.043487,-0.000236,0.052467,3.0061,1.180928,0.343547,1.169594,-0.150924,-0.150924,-8.6473,-8.6473,1,1,0.043487,0.00189110
1771742766.846187,20.380000,0.010000,-0.043282,-0.000239,0.058756,3.3665,1.190240,0.352887,0.934087,-0.221962,-0.221962,-12.7175,-12.7175,1,1,0.043282,0.00187335
1771742766.856187,20.390000,0.010000,-0.043071,-0.000239,0.065000,3.7242,1.192966,0.359349,0.646152,-0.259806,-0.259806,-14.8858,-14.8858,1,1,0.043071,0.00185508
1771742766.866187,20.400000,0.010000,-0.042847,-0.000234,0.071022,4.0693,1.179787,0.361512,0.216317,-0.278394,-0.278394,-15.9508,-15.9508,1,1,0.042847,0.00183586
1771742766.876187,20.410000,0.010000,-0.042613,0.000148,0.076780,4.3991,1.162117,0.359914,-0.159788,-0.259122,-0.259122,-14.8466,-14.8466,1,1,0.042613,0.00181585
1771742766.886187,20.420000,0.010000,-0.042361,0.000846,0.082115,4.7049,1.131567,0.355025,-0.488881,-0.234335,-0.234335,-13.4264,-13.4264,1,1,0.042361,0.00179445
1771742766.896187,20.430000,0.010000,-0.042096,0.001148,0.087029,4.9864,1.095222,0.347257,-0.776837,-0.213388,-0.213388,-12.2263,-12.2263,1,1,0.042096,0.00177209
1771742766.906187,20.440000,0.010000,-0.041817,0.002013,0.091473,5.2410,1.056394,0.336969,-1.028798,-0.175917,-0.175917,-10.0793,-10.0793,1,1,0.041817,0.00174866
1771742766.916187,20.450000,0.010000,-0.041518,0.002973,0.095331,5.4620,1.002883,0.324476,-1.249264,-0.159012,-0.159012,-9.1107,-9.1107,1,1,0.041518,0.00172377
1771742766.926187,20.460000,0.010000,-0.041212,0.003089,0.098727,5.6566,0.956309,0.310055,-1.442172,-0.096381,-0.096381,-5.5222,-5.5222,1,1,0.041212,0.00169844
1771742766.936187,20.470000,0.010000,-0.040886,0.004741,0.101481,5.8144,0.898938,0.293945,-1.610966,-0.043370,-0.043370,-2.4849,-2.4849,1,1,0.040886,0.00167170
1771742766.946187,20.480000,0.010000,-0.040548,0.004913,0.103649,5.9387,0.836314,0.276358,-1.758661,-0.036750,-0.036750,-2.1056,-2.1056,1,1,0.040548,0.00164413
1771742766.956187,20.490000,0.010000,-0.040203,0.005572,0.105319,6.0344,0.789547,0.257479,-1.887894,-0.030642,-0.030642,-1.7557,-1.7557,1,1,0.040203,0.00161630
1771742766.966187,20.500000,0.010000,-0.039829,0.007792,0.106141,6.0815,0.707667,0.237470,-2.000973,-0.035053,-0.035053,-2.0084,-2.0084,1,1,0.039829,0.00158635
1771742766.976187,20.510000,0.010000,-0.039466,0.005590,0.106658,6.1111,0.666251,0.216471,-2.099918,-0.038022,-0.038022,-2.1785,-2.1785,1,1,0.039466,0.00155759
1771742766.986187,20.520000,0.010000,-0.039074,0.009097,0.106280,6.0894,0.595654,0.194606,-2.186494,-0.038223,-0.038223,-2.1900,-2.1900,1,1,0.039074,0.00152679
1771742766.996186,20.530000,0.010000,-0.038672,0.008213,0.105243,6.0300,0.504543,0.171983,-2.262248,-0.022216,-0.022216,-1.2729,-1.2729,1,1,0.038672,0.00149554
1771742767.006186,20.540000,0.010000,-0.038300,0.006302,0.104169,5.9685,0.509367,0.148698,-2.328533,0.016826,0.016826,0.9641,0.9641,1,1,0.038300,0.00146689
1771742767.016186,20.550000,0.010000,-0.037847,0.013411,0.101403,5.8099,0.355361,0.124833,-2.386532,0.014965,0.014965,0.8574,0.8574,1,1,0.037847,0.00143238
1771742767.026186,20.560000,0.010000,-0.037473,0.003173,0.099247,5.6864,0.384682,0.100460,-2.437281,0.077959,0.077959,4.4667,4.4667,1,1,0.037473,0.00140424
1771742767.036186,20.570000,0.010000,-0.037055,0.009592,0.095800,5.4889,0.295550,0.075643,-2.481687,0.137890,0.137890,7.9005,7.9005,1,1,0.037055,0.00137306
1771742767.046186,20.580000,0.010000,-0.036616,0.008949,0.091422,5.2381,0.149234,0.050437,-2.520542,0.196139,0.196139,11.2379,11.2379,1,1,0.036616,0.00134076
1771742767.056186,20.590000,0.010000,-0.036293,0.000793,0.088343,5.0617,0.270476,0.031873,-1.856408,0.231152,0.231152,13.2440,13.2440,1,1,0.036293,0.00131716
1771742767.066186,20.600000,0.010000,-0.035904,0.006202,0.084032,4.8147,0.186741,0.019120,-1.275292,0.192083,0.192083,11.0056,11.0056,1,1,0.035904,0.00128908
1771742767.076186,20.610000,0.010000,-0.035527,0.000608,0.079243,4.5403,0.112697,0.011452,-0.766814,0.143387,0.143387,8.2155,8.2155,1,1,0.035527,0.00126217
1771742767.086186,20.620000,0.010000,-0.035236,0.000153,0.075524,4.3272,0.181229,0.006190,-0.526181,0.047402,0.047402,2.7159,2.7159,1,1,0.035236,0.00124161
1771742767.096187,20.630000,0.010000,-0.034872,0.003796,0.070737,4.0529,0.122500,0.001035,-0.515547,0.073596,0.073596,4.2167,4.2167,1,1,0.034872,0.00121602
1771742767.106187,20.640000,0.010000,-0.034555,-0.000004,0.066576,3.8145,0.147928,-0.003847,-0.488209,0.065980,0.065980,3.7804,3.7804,1,1,0.034555,0.00119404
1771742767.116187,20.650000,0.010000,-0.034228,0.001338,0.062209,3.5643,0.144239,-0.008144,-0.429702,0.114801,0.114801,6.5776,6.5776,1,1,0.034228,0.00117159
1771742767.126187,20.660000,0.010000,-0.033912,-0.000003,0.057951,3.3203,0.138877,-0.009903,-0.175903,0.139198,0.139198,7.9754,7.9754,1,1,0.033912,0.00115001
1771742767.136187,20.670000,0.010000,-0.033622,-0.000003,0.054238,3.1076,0.182974,-0.007952,0.195151,0.121855,0.121855,6.9818,6.9818,1,1,0.033622,0.00113043
1771742767.146187,20.680000,0.010000,-0.033310,0.000550,0.050363,2.8856,0.187344,-0.005087,0.286454,0.099488,0.099488,5.7002,5.7002,1,1,0.033310,0.00110956
1771742767.156187,20.690000,0.010000,-0.033020,-0.000007,0.046997,2.6928,0.223460,0.000910,0.599713,0.098767,0.098767,5.6590,5.6590,1,1,0.033020,0.00109031
1771742767.166187,20.700000,0.010000,-0.032734,-0.000010,0.043995,2.5207,0.262431,0.009648,0.873815,0.066384,0.066384,3.8035,3.8035,1,1,0.032734,0.00107151
1771742767.176187,20.710000,0.010000,-0.032452,-0.000013,0.041392,2.3716,0.305512,0.020785,1.113654,0.024511,0.024511,1.4044,1.4044,1,1,0.032452,0.00105316
1771742767.186187,20.720000,0.010000,-0.032176,-0.000018,0.039249,2.2488,0.354734,0.034020,1.323513,0.001027,0.001027,0.0588,0.0588,1,1,0.032176,0.00103530
1771742767.196187,20.730000,0.010000,-0.031904,-0.000023,0.037580,2.1532,0.406714,0.049091,1.507140,0.025635,0.025635,1.4688,1.4688,1,1,0.031904,0.00101784
1771742767.206187,20.740000,0.010000,-0.031623,-0.000026,0.036111,2.0690,0.436514,0.060878,1.178699,0.090335,0.090335,5.1758,5.1758,1,1,0.031623,0.00100002
1771742767.216187,20.750000,0.010000,-0.031339,-0.000029,0.034793,1.9935,0.457237,0.067701,0.682296,0.178513,0.178513,10.2281,10.2281,1,1,0.031339,0.00098215
1771742767.226187,20.760000,0.010000,-0.031048,-0.000029,0.033452,1.9167,0.461401,0.070181,0.247943,0.254715,0.254715,14.5941,14.5941,1,1,0.031048,0.00096400
1771742767.236187,20.770000,0.010000,-0.030756,-0.000029,0.032107,1.8396,0.463386,0.069656,-0.052502,0.314760,0.314760,18.0344,18.0344,1,1,0.030756,0.00094594
1771742767.246186,20.780000,0.010000,-0.030474,-0.000032,0.031018,1.7772,0.486598,0.072687,0.303127,0.343466,0.343466,19.6792,19.6792,1,1,0.030474,0.00092864
1771742767.256186,20.790000,0.010000,-0.030191,-0.000034,0.030098,1.7245,0.507525,0.078830,0.614302,0.329034,0.329034,18.8523,18.8523,1,1,0.030191,0.00091147
1771742767.266186,20.800000,0.010000,-0.029907,-0.000036,0.029317,1.6798,0.525490,0.084208,0.537818,0.308259,0.308259,17.6620,17.6620,1,1,0.029907,0.00089441
1771742767.276186,20.810000,0.010000,-0.029615,-0.000036,0.028480,1.6318,0.526439,0.086118,0.190997,0.321321,0.321321,18.4103,18.4103,1,1,0.029615,0.00087704
1771742767.286186,20.820000,0.010000,-0.029328,-0.000037,0.027789,1.5922,0.540490,0.087699,0.158118,0.342417,0.342417,19.6191,19.6191,1,1,0.029328,0.00086016
1771742767.296186,20.830000,0.010000,-0.029027,-0.000035,0.026822,1.5368,0.522386,0.085592,-0.210712,0.346592,0.346592,19.8583,19.8583,1,1,0.029027,0.00084256
1771742767.306186,20.840000,0.010000,-0.028729,-0.000034,0.025807,1.4786,0.515640,0.080258,-0.533439,0.366480,0.366480,20.9978,20.9978,1,1,0.028729,0.00082536
1771742767.316186,20.850000,0.010000,-0.028418,-0.000030,0.024410,1.3986,0.483743,0.072099,-0.815825,0.375581,0.375581,21.5192,21.5192,1,1,0.028418,0.00080760
1771742767.326186,20.860000,0.010000,-0.028123,-0.000030,0.023142,1.3259,0.488375,0.066291,-0.580800,0.375750,0.375750,21.5289,21.5289,1,1,0.028123,0.00079089
1771742767.336186,20.870000,0.010000,-0.027823,-0.000029,0.021789,1.2484,0.483753,0.064700,-0.159134,0.379546,0.379546,21.7464,21.7464,1,1,0.027823,0.00077409
1771742767.346187,20.880000,0.010000,-0.027535,-0.000032,0.020724,1.1874,0.507956,0.066798,0.209824,0.376788,0.376788,21.5884,21.5884,1,1,0.027535,0.00075820
1771742767.356187,20.890000,0.010000,-0.027245,-0.000033,0.019760,1.1322,0.523378,0.072125,0.532662,0.370622,0.370622,21.2351,21.2351,1,1,0.027245,0.00074228
1771742767.366187,20.900000,0.010000,-0.026965,-0.000037,0.019197,1.0999,0.561690,0.080276,0.815145,0.364537,0.364537,20.8864,20.8864,1,1,0.026965,0.00072712
1771742767.376187,20.910000,0.010000,-0.026683,-0.000040,0.018869,1.0811,0.591681,0.090900,1.062318,0.364338,0.364338,20.8750,20.8750,1,1,0.026683,0.00071198
1771742767.386187,20.920000,0.010000,-0.026410,-0.000046,0.019017,1.0896,0.639965,0.103686,1.278594,0.365516,0.365516,20.9425,20.9425,1,1,0.026410,0.00069750
1771742767.396187,20.930000,0.010000,-0.026135,-0.000050,0.019492,1.1168,0.680384,0.118364,1.467835,0.361414,0.361414,20.7075,20.7075,1,1,0.026135,0.00068304
1771742767.406187,20.940000,0.010000,-0.025868,-0.000058,0.020494,1.1742,0.735515,0.134698,1.633422,0.346870,0.346870,19.8742,19.8742,1,1,0.025868,0.00066914
1771742767.416187,20.950000,0.010000,-0.025598,-0.000064,0.021887,1.2540,0.783238,0.152481,1.778310,0.277496,0.277496,15.8993,15.8993,1,1,0.025598,0.00065527
1771742767.426187,20.960000,0.010000,-0.025335,-0.000073,0.023834,1.3656,0.842870,0.171532,1.905087,0.207975,0.207975,11.9161,11.9161,1,1,0.025335,0.00064188
1771742767.436187,20.970000,0.010000,-0.025070,-0.000081,0.026215,1.5020,0.895544,0.191692,2.016017,0.113709,0.113709,6.5150,6.5150,1,1,0.025070,0.00062851
1771742767.446187,20.980000,0.010000,-0.024810,-0.000091,0.029163,1.6709,0.957927,0.212823,2.113081,0.077411,0.077411,4.4353,4.4353,1,1,0.024810,0.00061554
1771742767.456187,20.990000,0.010000,-0.024543,-0.000099,0.032461,1.8598,1.004792,0.233189,2.036581,0.032748,0.032748,1.8763,1.8763,1,1,0.024543,0.00060238
1771742767.466187,21.000000,0.010000,-0.024277,-0.000107,0.036159,2.0717,1.052515,0.251484,1.829466,-0.056376,-0.056376,-3.2301,-3.2301,1,1,0.024277,0.00058937
1771742767.476187,21.010000,0.010000,-0.024002,-0.000111,0.040044,2.2943,1.082988,0.267147,1.566304,-0.163349,-0.163349,-9.3592,-9.3592,1,1,0.024002,0.00057608
1771742767.486187,21.020000,0.010000,-0.023725,-0.000117,0.044158,2.5301,1.112980,0.280081,1.293438,-0.226839,-0.226839,-12.9969,-12.9969,1,1,0.023725,0.00056286
1771742767.496186,21.030000,0.010000,-0.023439,-0.000117,0.048333,2.7693,1.129060,0.290638,1.055698,-0.277377,-0.277377,-15.8925,-15.8925,1,1,0.023439,0.00054940
1771742767.506186,21.040000,0.010000,-0.023154,-0.000121,0.052667,3.0176,1.150030,0.299850,0.921249,-0.311671,-0.311671,-17.8575,-17.8575,1,1,0.023154,0.00053610
1771742767.516186,21.050000,0.010000,-0.022861,-0.000121,0.057013,3.2666,1.160221,0.308059,0.820815,-0.346247,-0.346247,-19.8385,-19.8385,1,1,0.022861,0.00052261
1771742767.526186,21.060000,0.010000,-0.022565,-0.000122,0.061416,3.5189,1.171582,0.314728,0.666945,-0.369251,-0.369251,-21.1565,-21.1565,1,1,0.022565,0.00050919
1771742767.536186,21.070000,0.010000,-0.022259,-0.000119,0.065676,3.7629,1.166745,0.318746,0.401778,-0.386557,-0.386557,-22.1481,-22.1481,1,1,0.022259,0.00049547
1771742767.546186,21.080000,0.010000,-0.021946,-0.000115,0.069754,3.9966,1.154955,0.318771,0.002489,-0.404413,-0.404413,-23.1712,-23.1712,1,1,0.021946,0.00048162
1771742767.556186,21.090000,0.010000,-0.021623,-0.000108,0.073521,4.2124,1.130726,0.315302,-0.346888,-0.401908,-0.401908,-23.0276,-23.0276,1,1,0.021623,0.00046754
1771742767.566186,21.100000,0.010000,-0.021293,-0.000101,0.076960,4.4095,1.102140,0.308776,-0.652592,-0.388791,-0.388791,-22.2761,-22.2761,1,1,0.021293,0.00045338
1771742767.576186,21.110000,0.010000,-0.020954,-0.000092,0.079970,4.5819,1.063984,0.299575,-0.920084,-0.369910,-0.369910,-21.1943,-21.1943,1,1,0.020954,0.00043906
1771742767.586186,21.120000,0.010000,-0.020608,-0.000083,0.082551,4.7298,1.023420,0.288034,-1.154140,-0.335460,-0.335460,-19.2204,-19.2204,1,1,0.020608,0.00042471
1771742767.596187,21.130000,0.010000,-0.020255,-0.000073,0.084624,4.8486,0.975478,0.274444,-1.358938,-0.267549,-0.267549,-15.3294,-15.3294,1,1,0.020255,0.00041026
1771742767.606187,21.140000,0.010000,-0.019896,-0.000064,0.086200,4.9389,0.926569,0.259063,-1.538137,-0.162474,-0.162474,-9.3091,-9.3091,1,1,0.019896,0.00039584
1771742767.616187,21.150000,0.010000,-0.019529,-0.000055,0.087216,4.9971,0.871942,0.242114,-1.694935,-0.068685,-0.068685,-3.9353,-3.9353,1,1,0.019529,0.00038139
1771742767.626187,21.160000,0.010000,-0.019158,-0.000049,0.087694,5.0245,0.817449,0.223792,-1.832134,-0.019730,-0.019730,-1.1305,-1.1305,1,1,0.019158,0.00036702
1771742767.636187,21.170000,0.010000,-0.018780,-0.000041,0.087582,5.0181,0.758454,0.204270,-1.952183,-0.022354,-0.022354,-1.2808,-1.2808,1,1,0.018780,0.00035269
1771742767.646187,21.180000,0.010000,-0.018403,-0.000035,0.087023,4.9861,0.709800,0.183698,-2.057226,-0.025153,-0.025153,-1.4411,-1.4411,1,1,0.018403,0.00033866
1771742767.656187,21.190000,0.010000,-0.018028,-0.000031,0.086149,4.9360,0.674160,0.162207,-2.149139,-0.023899,-0.023899,-1.3693,-1.3693,1,1,0.018028,0.00032501
1771742767.666187,21.200000,0.010000,-0.017655,-0.000028,0.085044,4.8727,0.648388,0.139911,-2.229562,-0.017936,-0.017936,-1.0277,-1.0277,1,1,0.017655,0.00031172
1771742767.676187,21.210000,0.010000,-0.017285,-0.000026,0.083773,4.7998,0.630102,0.116912,-2.299933,-0.041343,-0.041343,-2.3688,-2.3688,1,1,0.017285,0.00029876
1771742767.686187,21.220000,0.010000,-0.016915,-0.000025,0.082385,4.7203,0.617503,0.093297,-2.361507,-0.104063,-0.104063,-5.9624,-5.9624,1,1,0.016915,0.00028612
1771742767.696187,21.230000,0.010000,-0.016547,-0.000024,0.080918,4.6363,0.609226,0.069143,-2.415385,-0.130238,-0.130238,-7.4621,-7.4621,1,1,0.016547,0.00027379
1771742767.706187,21.240000,0.010000,-0.016179,-0.000023,0.079399,4.5492,0.604243,0.044518,-2.462527,-0.153302,-0.153302,-8.7835,-8.7835,1,1,0.016179,0.00026176
1771742767.716187,21.250000,0.010000,-0.015812,-0.000022,0.077851,4.4605,0.601778,0.019480,-2.503777,-0.175109,-0.175109,-10.0330,-10.0330,1,1,0.015812,0.00025002
1771742767.726187,21.260000,0.010000,-0.015446,-0.000022,0.076290,4.3711,0.601244,-0.005919,-2.539871,-0.173018,-0.173018,-9.9132,-9.9132,1,1,0.015446,0.00023858
1771742767.736187,21.270000,0.010000,-0.015081,-0.000021,0.074730,4.2817,0.602201,-0.025488,-1.956941,-0.138572,-0.138572,-7.9396,-7.9396,1,1,0.015081,0.00022742
1771742767.746186,21.280000,0.010000,-0.014716,-0.000021,0.073180,4.1929,0.604317,-0.039121,-1.363257,-0.150792,-0.150792,-8.6397,-8.6397,1,1,0.014716,0.00021655
1771742767.756186,21.290000,0.010000,-0.014351,-0.000020,0.071649,4.1052,0.607345,-0.047559,-0.843784,-0.167416,-0.167416,-9.5922,-9.5922,1,1,0.014351,0.00020596
1771742767.766186,21.300000,0.010000,-0.013987,-0.000020,0.070143,4.0189,0.611097,-0.051451,-0.389245,-0.196952,-0.196952,-11.2845,-11.2845,1,1,0.013987,0.00019564
1771742767.776186,21.310000,0.010000,-0.013624,-0.000020,0.068667,3.9343,0.615436,-0.051366,0.008476,-0.243027,-0.243027,-13.9244,-13.9244,1,1,0.013624,0.00018561
1771742767.786186,21.320000,0.010000,-0.013261,-0.000019,0.067225,3.8517,0.620260,-0.047933,0.343340,-0.290475,-0.290475,-16.6430,-16.6430,1,1,0.013261,0.00017585
1771742767.796186,21.330000,0.010000,-0.012898,-0.000019,0.065822,3.7713,0.625493,-0.044183,0.374961,-0.332986,-0.332986,-19.0787,-19.0787,1,1,0.012898,0.00016637
1771742767.806186,21.340000,0.010000,-0.012536,-0.000018,0.064461,3.6933,0.631079,-0.043828,0.035507,-0.334399,-0.334399,-19.1597,-19.1597,1,1,0.012536,0.00015716
1771742767.816186,21.350000,0.010000,-0.012175,-0.000018,0.063144,3.6179,0.636980,-0.047008,-0.317997,-0.294789,-0.294789,-16.8901,-16.8901,1,1,0.012175,0.00014822
1771742767.826186,21.360000,0.010000,-0.011813,-0.000018,0.061874,3.5451,0.643168,-0.053281,-0.627313,-0.243608,-0.243608,-13.9577,-13.9577,1,1,0.011813,0.00013956
1771742767.836186,21.370000,0.010000,-0.011453,-0.000017,0.060653,3.4752,0.649625,-0.062261,-0.897965,-0.180983,-0.180983,-10.3696,-10.3696,1,1,0.011453,0.00013116
1771742767.846187,21.380000,0.010000,-0.011092,-0.000017,0.059485,3.4082,0.656339,-0.073609,-1.134785,-0.147887,-0.147887,-8.4733,-8.4733,1,1,0.011092,0.00012304
1771742767.856187,21.390000,0.010000,-0.010733,-0.000017,0.058371,3.3444,0.663304,-0.086035,-1.242615,-0.121527,-0.121527,-6.9630,-6.9630,1,1,0.010733,0.00011519
1771742767.866187,21.400000,0.010000,-0.010373,-0.000016,0.057314,3.2838,0.670518,-0.093417,-0.738222,-0.103929,-0.103929,-5.9547,-5.9547,1,1,0.010373,0.00010761
1771742767.876187,21.410000,0.010000,-0.010014,-0.000013,0.056072,3.2127,0.619660,-0.100589,-0.717182,-0.118759,-0.118759,-6.8044,-6.8044,1,1,0.010014,0.00010029
1771742767.886187,21.420000,0.010000,-0.009659,-0.000012,0.054661,3.1319,0.619177,-0.108942,-0.835334,-0.101099,-0.101099,-5.7926,-5.7926,1,1,0.009659,0.00009329
1771742767.896187,21.430000,0.010000,-0.009304,-0.000009,0.052971,3.0350,0.551646,-0.119742,-1.079983,-0.085835,-0.085835,-4.9180,-4.9180,1,1,0.009304,0.00008656
1771742767.906187,21.440000,0.010000,-0.008953,-0.000008,0.050999,2.9220,0.537835,-0.132683,-1.294051,-0.056485,-0.056485,-3.2364,-3.2364,1,1,0.008953,0.00008016
1771742767.916187,21.450000,0.010000,-0.008604,-0.000006,0.048651,2.7875,0.458432,-0.147496,-1.481360,-0.037792,-0.037792,-2.1653,-2.1653,1,1,0.008604,0.00007402
1771742767.926187,21.460000,0.010000,-0.008259,-0.000005,0.045945,2.6325,0.435754,-0.163949,-1.645256,-0.010625,-0.010625,-0.6088,-0.6088,1,1,0.008259,0.00006821
1771742767.936187,21.470000,0.010000,-0.007916,-0.000003,0.042798,2.4521,0.348075,-0.181836,-1.788665,-0.027900,-0.027900,-1.5985,-1.5985,1,1,0.007916,0.00006266
1771742767.946187,21.480000,0.010000,-0.007578,-0.000003,0.039391,2.2569,0.356227,-0.195955,-1.411911,-0.003848,-0.003848,-0.2205,-0.2205,1,1,0.007578,0.00005743
1771742767.956187,21.490000,0.010000,-0.007241,-0.000002,0.035807,2.0516,0.307439,-0.204818,-0.886357,-0.015696,-0.015696,-0.8993,-0.8993,1,1,0.007241,0.00005243
1771742767.966187,21.500000,0.010000,-0.006907,-0.000002,0.032239,1.8472,0.350591,-0.209083,-0.426496,0.011487,0.011487,0.6581,0.6581,1,1,0.006907,0.00004771
1771742767.976187,21.510000,0.010000,-0.006572,-0.000002,0.028729,1.6461,0.329656,-0.209324,-0.024118,0.016077,0.016077,0.9211,0.9211,1,1,0.006572,0.00004319
1771742767.986187,21.520000,0.010000,-0.006239,-0.000002,0.025436,1.4573,0.398514,-0.206045,0.327962,0.057033,0.057033,3.2677,3.2677,1,1,0.006239,0.00003892
1771742767.996186,21.530000,0.010000,-0.005903,-0.000002,0.022368,1.2816,0.397007,-0.199684,0.636033,0.042514,0.042514,2.4359,2.4359,1,1,0.005903,0.00003485
1771742768.006186,21.540000,0.010000,-0.005569,-0.000002,0.019563,1.1209,0.460897,-0.190629,0.905595,0.069411,0.069411,3.9770,3.9770,1,1,0.005569,0.00003102
1771742768.016186,21.550000,0.010000,-0.005233,-0.000003,0.017181,0.9844,0.510108,-0.179437,1.119114,0.073050,0.073050,4.1854,4.1854,1,1,0.005233,0.00002738
1771742768.026186,21.560000,0.010000,-0.004896,-0.000003,0.015127,0.8667,0.548389,-0.167737,1.170027,0.039091,0.039091,2.2398,2.2398,1,1,0.004896,0.00002397
1771742768.036186,21.570000,0.010000,-0.004557,-0.000002,0.013332,0.7639,0.578547,-0.154009,1.372840,-0.006574,-0.006574,-0.3767,-0.3767,1,1,0.004557,0.00002077
1771742768.046186,21.580000,0.010000,-0.004219,-0.000002,0.011746,0.6730,0.602682,-0.139482,1.452710,-0.085256,-0.085256,-4.8848,-4.8848,1,1,0.004219,0.00001780
1771742768.056186,21.590000,0.010000,-0.003880,-0.000002,0.010329,0.5918,0.622368,-0.123375,1.610703,-0.141247,-0.141247,-8.0929,-8.0929,1,1,0.003880,0.00001506
1771742768.066186,21.600000,0.010000,-0.003542,-0.000001,0.009055,0.5188,0.638784,-0.111440,1.193434,-0.208752,-0.208752,-11.9606,-11.9606,1,1,0.003542,0.00001255
1771742768.076186,21.610000,0.010000,-0.003204,-0.000001,0.007902,0.4527,0.652814,-0.097991,1.344900,-0.177533,-0.177533,-10.1719,-10.1719,1,1,0.003204,0.00001026
1771742768.086186,21.620000,0.010000,-0.002866,-0.000000,0.006856,0.3928,0.665121,-0.087704,1.028685,-0.238381,-0.238381,-13.6582,-13.6582,1,1,0.002866,0.00000822
1771742768.096187,21.630000,0.010000,-0.002529,0.000000,0.005906,0.3384,0.676204,-0.075306,1.239887,-0.217993,-0.217993,-12.4901,-12.4901,1,1,0.002529,0.00000640
1771742768.106187,21.640000,0.010000,-0.002192,0.000001,0.005047,0.2892,0.686437,-0.063883,1.142281,-0.270119,-0.270119,-15.4767,-15.4767,1,1,0.002192,0.00000481
1771742768.116187,21.650000,0.010000,-0.001857,0.000002,0.004272,0.2448,0.696104,-0.050397,1.348562,-0.272218,-0.272218,-15.5970,-15.5970,1,1,0.001857,0.00000345
1771742768.126187,21.660000,0.010000,-0.001521,0.000003,0.003579,0.2051,0.705419,-0.038783,1.161384,-0.279757,-0.279757,-16.0289,-16.0289,1,1,0.001521,0.00000231
1771742768.136187,21.670000,0.010000,-0.001187,0.000003,0.002966,0.1700,0.714546,-0.025259,1.352428,-0.281457,-0.281457,-16.1263,-16.1263,1,1,0.001187,0.00000141
1771742768.146187,21.680000,0.010000,-0.000853,-0.000040,0.002435,0.1395,0.723882,-0.012970,1.228859,-0.262416,-0.262416,-15.0353,-15.0353,1,1,0.000853,0.00000073
1771742768.156187,21.690000,0.010000,-0.000521,-0.000183,0.001987,0.1139,0.733823,-0.005709,0.726186,-0.246577,-0.246577,-14.1278,-14.1278,1,1,0.000521,0.00000027
1771742768.166187,21.700000,0.010000,-0.000191,-0.000415,0.001629,0.0933,0.744252,-0.002845,0.286347,-0.208864,-0.208864,-11.9670,-11.9670,1,1,0.000191,0.00000004
1771742768.176187,21.710000,0.010000,0.000135,-0.000984,0.001371,0.0785,0.756719,-0.003830,-0.098512,-0.166944,-0.166944,-9.5652,-9.5652,1,1,0.000135,0.00000002
1771742768.186187,21.720000,0.010000,0.000455,-0.001840,0.001225,0.0702,0.770580,-0.008183,-0.435264,-0.112981,-0.112981,-6.4733,-6.4733,1,1,0.000455,0.00000021
1771742768.196187,21.730000,0.010000,0.000766,-0.002937,0.001200,0.0687,0.785298,-0.015482,-0.729922,-0.082479,-0.082479,-4.7257,-4.7257,1,1,0.000766,0.00000059
1771742768.206187,21.740000,0.010000,0.001066,-0.004239,0.001301,0.0745,0.800504,-0.025360,-0.987748,-0.085293,-0.085293,-4.8869,-4.8869,1,1,0.001066,0.00000114
1771742768.216187,21.750000,0.010000,0.001354,-0.005714,0.001531,0.0877,0.815951,-0.037493,-1.213345,-0.059781,-0.059781,-3.4252,-3.4252,1,1,0.001354,0.00000183
1771742768.226187,21.760000,0.010000,0.001630,-0.007331,0.001891,0.1084,0.831437,-0.051600,-1.410743,-0.058769,-0.058769,-3.3672,-3.3672,1,1,0.001630,0.00000266
1771742768.236187,21.770000,0.010000,0.001891,-0.009064,0.002381,0.1364,0.846830,-0.067435,-1.583466,-0.028408,-0.028408,-1.6277,-1.6277,1,1,0.001891,0.00000357
1771742768.246186,21.780000,0.010000,0.002136,-0.010889,0.002999,0.1718,0.862036,-0.084781,-1.734598,-0.030952,-0.030952,-1.7734,-1.7734,1,1,0.002136,0.00000456
1771742768.256186,21.790000,0.010000,0.002420,0.000009,0.002671,0.1530,0.619774,-0.103449,-1.866839,-0.031761,-0.031761,-1.8198,-1.8198,1,1,0.002420,0.00000586
1771742768.266186,21.800000,0.010000,0.002708,-0.007021,0.001974,0.1131,0.723589,-0.123275,-1.982550,-0.027125,-0.027125,-1.5541,-1.5541,1,1,0.002708,0.00000733
1771742768.276186,21.810000,0.010000,0.002999,0.000008,0.000764,0.0438,0.514169,-0.140668,-1.739267,0.003850,0.003850,0.2206,0.2206,1,1,0.002999,0.00000899
1771742768.286186,21.820000,0.010000,0.003267,-0.009993,-0.000519,-0.0298,0.662767,-0.153906,-1.323863,0.032078,0.032078,1.8380,1.8380,1,1,0.003267,0.00001068
1771742768.296186,21.830000,0.010000,0.003541,0.000007,-0.002343,-0.1343,0.410789,-0.161999,-0.809314,0.023017,0.023017,1.3188,1.3188,1,1,0.003541,0.00001254
1771742768.306186,21.840000,0.010000,0.003791,-0.012887,-0.004212,-0.2414,0.601378,-0.165590,-0.359084,0.080370,0.080370,4.6049,4.6049,1,1,0.003791,0.00001437
1771742768.316186,21.850000,0.010000,0.004003,-0.010732,-0.005777,-0.3310,0.518508,-0.165242,0.034867,0.102599,0.102599,5.8785,5.8785,1,1,0.004003,0.00001603
1771742768.326186,21.860000,0.010000,0.004172,-0.022309,-0.006959,-0.3987,0.675944,-0.161446,0.379575,0.126336,0.126336,7.2385,7.2385,1,1,0.004172,0.00001741
1771742768.336186,21.870000,0.010000,0.004327,-0.015446,-0.008330,-0.4773,0.501622,-0.154634,0.681194,0.186603,0.186603,10.6916,10.6916,1,1,0.004327,0.00001872
1771742768.346187,21.880000,0.010000,0.004451,-0.027894,-0.009593,-0.5496,0.667718,-0.145183,0.945110,0.133860,0.133860,7.6696,7.6696,1,1,0.004451,0.00001981
1771742768.356187,21.890000,0.010000,0.004490,-0.037218,-0.009846,-0.5642,0.774626,-0.134381,1.080169,0.167000,0.167000,9.5684,9.5684,1,1,0.004490,0.00002016
1771742768.366187,21.900000,0.010000,0.004501,-0.035912,-0.010084,-0.5778,0.691465,-0.121439,1.294214,0.142094,0.142094,8.1414,8.1414,1,1,0.004501,0.00002026
1771742768.376187,21.910000,0.010000,0.004475,-0.044997,-0.010180,-0.5833,0.792768,-0.110128,1.131086,0.040534,0.040534,2.3224,2.3224,1,1,0.004475,0.00002003
1771742768.386187,21.920000,0.010000,0.004387,-0.052095,-0.009662,-0.5536,0.858399,-0.100332,0.979588,0.117983,0.117983,6.7599,6.7599,1,1,0.004387,0.00001924
1771742768.396187,21.930000,0.010000,0.004259,-0.055206,-0.008945,-0.5125,0.854428,-0.091181,0.915089,0.156539,0.156539,8.9690,8.9690,1,1,0.004259,0.00001814
1771742768.406187,21.940000,0.010000,0.004096,-0.060720,-0.008077,-0.4628,0.895378,-0.079684,1.149769,0.181926,0.181926,10.4236,10.4236,1,1,0.004096,0.00001677
1771742768.416187,21.950000,0.010000,0.003893,-0.065163,-0.006975,-0.3997,0.919868,-0.066132,1.355114,0.160270,0.160270,9.1828,9.1828,1,1,0.003893,0.00001516
1771742768.426187,21.960000,0.010000,0.003659,-0.068812,-0.005740,-0.3289,0.933611,-0.054989,1.114365,0.139570,0.139570,7.9968,7.9968,1,1,0.003659,0.00001339
1771742768.436187,21.970000,0.010000,0.003399,-0.071821,-0.004441,-0.2545,0.939875,-0.041747,1.324135,0.175849,0.175849,10.0754,10.0754,1,1,0.003399,0.00001155
1771742768.446187,21.980000,0.010000,0.003117,-0.074292,-0.003125,-0.1791,0.940832,-0.026671,1.507684,0.193499,0.193499,11.0867,11.0867,1,1,0.003117,0.00000971
1771742768.456187,21.990000,0.010000,0.002817,-0.076294,-0.001828,-0.1048,0.937946,-0.009988,1.668289,0.247527,0.247527,14.1823,14.1823,1,1,0.002817,0.00000794
1771742768.466187,22.000000,0.010000,0.002503,-0.077881,-0.000575,-0.0330,0.932230,0.008100,1.808819,0.301865,0.301865,17.2956,17.2956,1,1,0.002503,0.00000627
1771742768.476187,22.010000,0.010000,0.002179,-0.079072,0.000614,0.0352,0.924283,0.023820,1.571988,0.342647,0.342647,19.6322,19.6322,1,1,0.002179,0.00000475
1771742768.486187,22.020000,0.010000,0.001847,-0.079934,0.001726,0.0989,0.914834,0.041066,1.724556,0.353569,0.353569,20.2580,20.2580,1,1,0.001847,0.00000341
1771742768.496186,22.030000,0.010000,0.001513,-0.080051,0.002729,0.1564,0.901792,0.053694,1.262852,0.367664,0.367664,21.0656,21.0656,1,1,0.001513,0.00000229
1771742768.506186,22.040000,0.010000,0.001180,-0.079928,0.003622,0.2075,0.888632,0.061254,0.755929,0.350628,0.350628,20.0895,20.0895,1,1,0.001180,0.00000139
1771742768.516186,22.050000,0.010000,0.000849,-0.079708,0.004410,0.2527,0.876043,0.068345,0.709113,0.311778,0.311778,17.8636,17.8636,1,1,0.000849,0.00000072
1771742768.526186,22.060000,0.010000,0.000519,-0.079376,0.005097,0.2920,0.863677,0.078040,0.969540,0.315004,0.315004,18.0484,18.0484,1,1,0.000519,0.00000027
1771742768.536186,22.070000,0.010000,0.000194,-0.078744,0.005674,0.3251,0.850365,0.090014,1.197413,0.349817,0.349817,20.0430,20.0430,1,1,0.000194,0.00000004
1771742768.546186,22.080000,0.010000,-0.000124,-0.077830,0.006135,0.3515,0.836321,0.098796,0.878195,0.360856,0.360856,20.6756,20.6756,1,1,0.000124,0.00000002
1771742768.556186,22.090000,0.010000,-0.000432,-0.076673,0.006475,0.3710,0.821830,0.103893,0.509674,0.347958,0.347958,19.9365,19.9365,1,1,0.000432,0.00000019
1771742768.566186,22.100000,0.010000,-0.000730,-0.075303,0.006694,0.3835,0.807108,0.111843,0.795031,0.330251,0.330251,18.9220,18.9220,1,1,0.000730,0.00000053
1771742768.576186,22.110000,0.010000,-0.001028,-0.075195,0.007032,0.4029,0.818429,0.122050,1.020693,0.334808,0.334808,19.1831,19.1831,1,1,0.001028,0.00000106
1771742768.586186,22.120000,0.010000,-0.001351,-0.077469,0.008075,0.4627,0.892254,0.134472,1.242172,0.316752,0.316752,18.1485,18.1485,1,1,0.001351,0.00000182
1771742768.596187,22.130000,0.010000,-0.001649,-0.074515,0.008836,0.5063,0.860559,0.148832,1.435967,0.287914,0.287914,16.4963,16.4963,1,1,0.001649,0.00000272
1771742768.606187,22.140000,0.010000,-0.001962,-0.075255,0.011027,0.6318,1.012465,0.164887,1.605537,0.239888,0.239888,13.7446,13.7446,1,1,0.001962,0.00000385
1771742768.616187,22.150000,0.010000,-0.002208,-0.067692,0.012259,0.7024,0.908551,0.182426,1.753910,0.127537,0.127537,7.3074,7.3074,1,1,0.002208,0.00000488
1771742768.626187,22.160000,0.010000,-0.002510,-0.072402,0.016089,0.9218,1.186267,0.201264,1.883737,0.013919,0.013919,0.7975,0.7975,1,1,0.002510,0.00000630
1771742768.636187,22.170000,0.010000,-0.002704,-0.060501,0.018351,1.0514,1.017584,0.219934,1.867062,-0.269731,-0.269731,-15.4544,-15.4544,1,1,0.002704,0.00000731
1771742768.646187,22.180000,0.010000,-0.002999,-0.070927,0.022836,1.3084,1.255585,0.232780,1.284613,-0.261352,-0.261352,-14.9743,-14.9743,1,1,0.002999,0.00000900
1771742768.656187,22.190000,0.010000,-0.003167,-0.056769,0.025511,1.4617,1.061226,0.243058,1.027795,-0.370846,-0.370846,-21.2479,-21.2479,1,1,0.003167,0.00001003
1771742768.666187,22.200000,0.010000,-0.003434,-0.066927,0.030473,1.7460,1.306422,0.255542,1.248387,-0.310580,-0.310580,-17.7949,-17.7949,1,1,0.003434,0.00001179
1771742768.676187,22.210000,0.010000,-0.003556,-0.050935,0.033463,1.9173,1.094826,0.268706,1.316429,-0.404421,-0.404421,-23.1716,-23.1716,1,1,0.003556,0.00001265
1771742768.686187,22.220000,0.010000,-0.003789,-0.062255,0.039065,2.2383,1.375490,0.278613,0.990644,-0.378007,-0.378007,-21.6582,-21.6582,1,1,0.003789,0.00001436
1771742768.696187,22.230000,0.010000,-0.003860,-0.044181,0.042496,2.4348,1.142860,0.285068,0.645482,-0.418952,-0.418952,-24.0042,-24.0042,1,1,0.003860,0.00001490
1771742768.706187,22.240000,0.010000,-0.003974,-0.048303,0.047487,2.7208,1.311213,0.291285,0.621756,-0.397537,-0.397537,-22.7772,-22.7772,1,1,0.003974,0.00001579
1771742768.716187,22.250000,0.010000,-0.003933,-0.030998,0.050566,2.8972,1.106885,0.294469,0.318329,-0.416818,-0.416818,-23.8819,-23.8819,1,1,0.003933,0.00001547
1771742768.726187,22.260000,0.010000,-0.003966,-0.038290,0.055842,3.1995,1.344213,0.293763,-0.070528,-0.416602,-0.416602,-23.8696,-23.8696,1,1,0.003966,0.00001573
1771742768.736187,22.270000,0.010000,-0.003836,-0.020176,0.059181,3.3908,1.137869,0.289655,-0.410778,-0.420693,-0.420693,-24.1039,-24.1039,1,1,0.003836,0.00001472
1771742768.746186,22.280000,0.010000,-0.003634,-0.011719,0.062218,3.5648,1.107559,0.282570,-0.708496,-0.408230,-0.408230,-23.3898,-23.3898,1,1,0.003634,0.00001321
1771742768.756186,22.290000,0.010000,-0.003350,-0.002233,0.064810,3.7133,1.062117,0.272880,-0.969000,-0.397220,-0.397220,-22.7590,-22.7590,1,1,0.003350,0.00001122
1771742768.766186,22.300000,0.010000,-0.003017,-0.000007,0.067275,3.8546,1.073462,0.260911,-1.196941,-0.380341,-0.380341,-21.7920,-21.7920,1,1,0.003017,0.00000910
1771742768.776186,22.310000,0.010000,-0.002659,-0.000005,0.069462,3.9799,1.065560,0.246947,-1.396389,-0.355172,-0.355172,-20.3499,-20.3499,1,1,0.002659,0.00000707
1771742768.786186,22.320000,0.010000,-0.002302,-0.000004,0.071638,4.1046,1.064953,0.231238,-1.570906,-0.317223,-0.317223,-18.1756,-18.1756,1,1,0.002302,0.00000530
1771742768.796186,22.330000,0.010000,-0.001946,-0.000002,0.073851,4.2314,1.069990,0.214002,-1.723609,-0.283556,-0.283556,-16.2466,-16.2466,1,1,0.001946,0.00000379
1771742768.806186,22.340000,0.010000,-0.001591,-0.000000,0.076140,4.3625,1.079447,0.195430,-1.857224,-0.257925,-0.257925,-14.7780,-14.7780,1,1,0.001591,0.00000253
1771742768.816186,22.350000,0.010000,-0.001237,0.000001,0.078532,4.4996,1.092416,0.175688,-1.974137,-0.215485,-0.215485,-12.3464,-12.3464,1,1,0.001237,0.00000153
1771742768.826186,22.360000,0.010000,-0.000883,0.000003,0.081054,4.6441,1.108229,0.154924,-2.076435,-0.180820,-0.180820,-10.3602,-10.3602,1,1,0.000883,0.00000078
1771742768.836186,22.370000,0.010000,-0.000529,0.000005,0.083725,4.7971,1.126395,0.133265,-2.165947,-0.178398,-0.178398,-10.2215,-10.2215,1,1,0.000529,0.00000028
1771742768.846187,22.380000,0.010000,-0.000176,0.000007,0.086561,4.9596,1.146556,0.110822,-2.244269,-0.195522,-0.195522,-11.2026,-11.2026,1,1,0.000176,0.00000003
1771742768.856187,22.390000,0.010000,0.000177,0.000008,0.089578,5.1324,1.168453,0.087694,-2.312801,-0.193659,-0.193659,-11.0958,-11.0958,1,1,0.000177,0.00000003
1771742768.866187,22.400000,0.010000,0.000549,0.004617,0.091814,5.2605,0.958146,0.063966,-2.372767,-0.182908,-0.182908,-10.4799,-10.4799,1,1,0.000549,0.00000030
1771742768.876187,22.410000,0.010000,0.000911,0.000011,0.093676,5.3673,1.033111,0.039714,-2.425237,-0.159614,-0.159614,-9.1452,-9.1452,1,1,0.000911,0.00000083
1771742768.886187,22.420000,0.010000,0.001320,0.015518,0.094134,5.3935,0.630614,0.015002,-2.471148,-0.129567,-0.129567,-7.4236,-7.4236,1,1,0.001320,0.00000174
1771742768.896187,22.430000,0.010000,0.001710,0.000012,0.094322,5.4042,0.886030,-0.010111,-2.511321,-0.108235,-0.108235,-6.2014,-6.2014,1,1,0.001710,0.00000292
1771742768.906187,22.440000,0.010000,0.002140,0.022841,0.093153,5.3373,0.349972,-0.035576,-2.546471,-0.017976,-0.017976,-1.0300,-1.0300,1,1,0.002140,0.00000458
1771742768.916187,22.450000,0.010000,0.002545,0.000012,0.091736,5.2561,0.719190,-0.061348,-2.577228,-0.104068,-0.104068,-5.9626,-5.9626,1,1,0.002545,0.00000648
1771742768.926187,22.460000,0.010000,0.002974,0.025158,0.089142,5.1075,0.134939,-0.087389,-2.604141,-0.015928,-0.015928,-0.9126,-0.9126,1,1,0.002974,0.00000885
1771742768.936187,22.470000,0.010000,0.003376,0.000011,0.086400,4.9504,0.568182,-0.108706,-2.131701,0.039626,0.039626,2.2704,2.2704,1,1,0.003376,0.00001140
1771742768.946187,22.480000,0.010000,0.003769,0.018797,0.083136,4.7633,0.089723,-0.123868,-1.516172,-0.025100,-0.025100,-1.4381,-1.4381,1,1,0.003769,0.00001420
1771742768.956187,22.490000,0.010000,0.004133,-0.001465,0.079989,4.5831,0.502113,-0.133644,-0.977585,0.049886,0.049886,2.8583,2.8583,1,1,0.004133,0.00001708
1771742768.966187,22.500000,0.010000,0.004485,0.011843,0.076620,4.3900,0.112696,-0.139238,-0.559428,-0.072747,-0.072747,-4.1681,-4.1681,1,1,0.004485,0.00002011
1771742768.976187,22.510000,0.010000,0.004797,-0.006382,0.073589,4.2163,0.506862,-0.146274,-0.703550,0.019365,0.019365,1.1095,1.1095,1,1,0.004797,0.00002302
1771742768.986187,22.520000,0.010000,0.005127,0.011971,0.069844,4.0018,0.014634,-0.152197,-0.592312,-0.054146,-0.054146,-3.1023,-3.1023,1,1,0.005127,0.00002628
1771742768.996186,22.530000,0.010000,0.005421,-0.009243,0.066245,3.7956,0.446314,-0.156036,-0.383894,0.068772,0.068772,3.9403,3.9403,1,1,0.005421,0.00002939
1771742769.006186,22.540000,0.010000,0.005683,0.000004,0.062851,3.6011,0.144352,-0.156483,-0.044727,-0.042422,-0.042422,-2.4306,-2.4306,1,1,0.005683,0.00003230
1771742769.016186,22.550000,0.010000,0.005888,-0.019694,0.060062,3.4413,0.532971,-0.153384,0.309929,0.015820,0.015820,0.9064,0.9064,1,1,0.005888,0.00003466
1771742769.026186,22.560000,0.010000,0.006108,0.000003,0.056742,3.2511,0.089535,-0.147740,0.564352,-0.089486,-0.089486,-5.1271,-5.1271,1,1,0.006108,0.00003731
1771742769.036186,22.570000,0.010000,0.006300,-0.021504,0.053628,3.0726,0.497602,-0.139311,0.842874,0.032688,0.032688,1.8729,1.8729,1,1,0.006300,0.00003970
1771742769.046186,22.580000,0.010000,0.006469,-0.009827,0.051116,2.9287,0.310879,-0.134906,0.440544,-0.183105,-0.183105,-10.4912,-10.4912,1,1,0.006469,0.00004184
1771742769.056186,22.590000,0.010000,0.006602,-0.027722,0.049358,2.8280,0.642380,-0.127561,0.734542,-0.027724,-0.027724,-1.5885,-1.5885,1,1,0.006602,0.00004359
1771742769.066186,22.600000,0.010000,0.006771,-0.004756,0.047044,2.6954,0.239457,-0.117643,0.991790,-0.204426,-0.204426,-11.7128,-11.7128,1,1,0.006771,0.00004584
1771742769.076186,22.610000,0.010000,0.006934,-0.024561,0.044859,2.5702,0.596352,-0.106075,1.156784,-0.087049,-0.087049,-4.9875,-4.9875,1,1,0.006934,0.00004808
1771742769.086186,22.620000,0.010000,0.007013,-0.028602,0.044183,2.5315,0.668344,-0.092462,1.361252,-0.282556,-0.282556,-16.1892,-16.1892,1,1,0.007013,0.00004918
1771742769.096187,22.630000,0.010000,0.007089,-0.025856,0.043538,2.4946,0.618447,-0.084042,0.842030,-0.314315,-0.314315,-18.0089,-18.0089,1,1,0.007089,0.00005026
1771742769.106187,22.640000,0.010000,0.007120,-0.038870,0.043675,2.5024,0.845158,-0.073184,1.085842,-0.294505,-0.294505,-16.8739,-16.8739,1,1,0.007120,0.00005070
1771742769.116187,22.650000,0.010000,0.007203,-0.015764,0.042854,2.4554,0.433496,-0.067173,0.601046,-0.326947,-0.326947,-18.7327,-18.7327,1,1,0.007203,0.00005189
1771742769.126187,22.660000,0.010000,0.007294,-0.032554,0.041878,2.3994,0.726005,-0.058423,0.874981,-0.178403,-0.178403,-10.2217,-10.2217,1,1,0.007294,0.00005320
1771742769.136187,22.670000,0.010000,0.007296,-0.040119,0.042409,2.4299,0.851653,-0.054258,0.416542,-0.332503,-0.332503,-19.0510,-19.0510,1,1,0.007296,0.00005323
1771742769.146187,22.680000,0.010000,0.007316,-0.029391,0.042543,2.4376,0.654877,-0.047122,0.713540,-0.281182,-0.281182,-16.1105,-16.1105,1,1,0.007316,0.00005353
1771742769.156187,22.690000,0.010000,0.007319,-0.042106,0.042932,2.4598,0.872599,-0.044370,0.275282,-0.302855,-0.302855,-17.3523,-17.3523,1,1,0.007319,0.00005357
1771742769.166187,22.700000,0.010000,0.007318,-0.032843,0.043334,2.4828,0.702016,-0.038470,0.589938,-0.260854,-0.260854,-14.9459,-14.9459,1,1,0.007318,0.00005355
1771742769.176187,22.710000,0.010000,0.007298,-0.044634,0.044016,2.5219,0.904304,-0.036799,0.167130,-0.304437,-0.304437,-17.4430,-17.4430,1,1,0.007298,0.00005326
1771742769.186187,22.720000,0.010000,0.007297,-0.030664,0.044319,2.5393,0.652303,-0.035665,0.113433,-0.249661,-0.249661,-14.3045,-14.3045,1,1,0.007297,0.00005324
1771742769.196187,22.730000,0.010000,0.007289,-0.043358,0.044702,2.5612,0.872461,-0.038163,-0.249812,-0.222027,-0.222027,-12.7212,-12.7212,1,1,0.007289,0.00005314
1771742769.206187,22.740000,0.010000,0.007298,-0.029238,0.044763,2.5647,0.619150,-0.043839,-0.567652,-0.129739,-0.129739,-7.4335,-7.4335,1,1,0.007298,0.00005326
1771742769.216187,22.750000,0.010000,0.007298,-0.042559,0.044946,2.5752,0.851212,-0.052297,-0.845761,-0.020065,-0.020065,-1.1496,-1.1496,1,1,0.007298,0.00005327
1771742769.226187,22.760000,0.010000,0.007350,-0.019606,0.044200,2.5325,0.442742,-0.063188,-1.089107,-0.007119,-0.007119,-0.4079,-0.4079,1,1,0.007350,0.00005402
1771742769.236187,22.770000,0.010000,0.007408,-0.036395,0.043308,2.4813,0.735839,-0.076208,-1.302034,0.054815,0.054815,3.1407,3.1407,1,1,0.007408,0.00005488
1771742769.246186,22.780000,0.010000,0.007489,-0.017212,0.041964,2.4044,0.391469,-0.091092,-1.488346,0.033322,0.033322,1.9092,1.9092,1,1,0.007489,0.00005609
1771742769.256186,22.790000,0.010000,0.007560,-0.035236,0.040760,2.3354,0.702144,-0.102006,-1.091386,0.072107,0.072107,4.1314,4.1314,1,1,0.007560,0.00005715
1771742769.266186,22.800000,0.010000,0.007680,-0.008584,0.038594,2.2113,0.221786,-0.115046,-1.304028,0.034090,0.034090,1.9532,1.9532,1,1,0.007680,0.00005898
1771742769.276186,22.810000,0.010000,0.007799,-0.030211,0.036353,2.0829,0.590443,-0.129947,-1.490091,0.103508,0.103508,5.9306,5.9306,1,1,0.007799,0.00006083
1771742769.286186,22.820000,0.010000,0.007943,-0.006518,0.033532,1.9212,0.153738,-0.146476,-1.652895,0.043642,0.043642,2.5005,2.5005,1,1,0.007943,0.00006309
1771742769.296186,22.830000,0.010000,0.008068,-0.029940,0.030873,1.7689,0.544694,-0.160773,-1.429733,0.085872,0.085872,4.9201,4.9201,1,1,0.008068,0.00006509
1771742769.306186,22.840000,0.010000,0.008227,-0.002336,0.027210,1.5590,-0.010852,-0.176774,-1.600083,0.049483,0.049483,2.8352,2.8352,1,1,0.008227,0.00006768
1771742769.316186,22.850000,0.010000,0.008363,-0.029480,0.023541,1.3488,0.435058,-0.187284,-1.051006,0.069919,0.069919,4.0061,4.0061,1,1,0.008363,0.00006993
1771742769.326186,22.860000,0.010000,0.008474,-0.012588,0.019970,1.1442,0.097700,-0.192990,-0.570565,0.062301,0.062301,3.5696,3.5696,1,1,0.008474,0.00007181
1771742769.336186,22.870000,0.010000,0.008535,-0.038133,0.016939,0.9705,0.501816,-0.194491,-0.150178,0.058100,0.058100,3.3289,3.3289,1,1,0.008535,0.00007284
1771742769.346187,22.880000,0.010000,0.008602,-0.014974,0.013350,0.7649,0.042798,-0.192315,0.217660,0.098707,0.098707,5.6555,5.6555,1,1,0.008602,0.00007400
1771742769.356187,22.890000,0.010000,0.008634,-0.041897,0.009952,0.5702,0.460704,-0.186920,0.539518,0.060646,0.060646,3.4748,3.4748,1,1,0.008634,0.00007455
1771742769.366187,22.900000,0.010000,0.008578,-0.040348,0.007574,0.4340,0.369956,-0.178708,0.821144,0.107890,0.107890,6.1816,6.1816,1,1,0.008578,0.00007359
1771742769.376187,22.910000,0.010000,0.008438,-0.061092,0.006131,0.3513,0.668185,-0.168032,1.067567,0.089028,0.089028,5.1009,5.1009,1,1,0.008438,0.00007120
1771742769.386187,22.920000,0.010000,0.008310,-0.040758,0.003894,0.2231,0.241469,-0.155201,1.283187,0.108273,0.108273,6.2036,6.2036,1,1,0.008310,0.00006906
1771742769.396187,22.930000,0.010000,0.008153,-0.063701,0.001613,0.0924,0.576294,-0.140482,1.471855,0.096575,0.096575,5.5333,5.5333,1,1,0.008153,0.00006647
1771742769.406187,22.940000,0.010000,0.007847,-0.079983,0.001329,0.0761,0.789111,-0.124113,1.636939,0.008010,0.008010,0.4589,0.4589,1,1,0.007847,0.00006157
1771742769.416187,22.950000,0.010000,0.007530,-0.075999,0.001299,0.0744,0.727592,-0.106299,1.781387,0.031245,0.031245,1.7902,1.7902,1,1,0.007530,0.00005670
1771742769.426187,22.960000,0.010000,0.007175,-0.085157,0.001697,0.0972,0.860209,-0.087221,1.907780,0.003291,0.003291,0.1885,0.1885,1,1,0.007175,0.00005149
1771742769.436187,22.970000,0.010000,0.006824,-0.084317,0.002506,0.1436,0.903217,-0.070133,1.708798,0.068152,0.068152,3.9048,3.9048,1,1,0.006824,0.00004657
1771742769.446187,22.980000,0.010000,0.006475,-0.083633,0.003616,0.2072,0.934733,-0.052627,1.750650,0.076666,0.076666,4.3926,4.3926,1,1,0.006475,0.00004193
1771742769.456187,22.990000,0.010000,0.006129,-0.083067,0.004949,0.2835,0.957627,-0.038261,1.436589,0.143130,0.143130,8.2007,8.2007,1,1,0.006129,0.00003757
1771742769.466187,23.000000,0.010000,0.005785,-0.082587,0.006442,0.3691,0.974044,-0.026216,1.204512,0.133462,0.133462,7.6468,7.6468,1,1,0.005785,0.00003347
1771742769.476187,23.010000,0.010000,0.005443,-0.082171,0.008050,0.4612,0.985595,-0.012185,1.403014,0.137062,0.137062,7.8531,7.8531,1,1,0.005443,0.00002962
1771742769.486187,23.020000,0.010000,0.005102,-0.081802,0.009739,0.5580,0.993482,-0.003081,0.910394,0.222086,0.222086,12.7246,12.7246,1,1,0.005102,0.00002603
1771742769.496186,23.030000,0.010000,0.004762,-0.081469,0.011483,0.6579,0.998606,0.008375,1.145661,0.158075,0.158075,9.0570,9.0570,1,1,0.004762,0.00002268
1771742769.506186,23.040000,0.010000,0.004424,-0.081161,0.013263,0.7599,1.001640,0.018457,1.008163,0.241725,0.241725,13.8498,13.8498,1,1,0.004424,0.00001957
1771742769.516186,23.050000,0.010000,0.004087,-0.080871,0.015064,0.8631,1.003088,0.029684,1.122705,0.239752,0.239752,13.7368,13.7368,1,1,0.004087,0.00001670
1771742769.526186,23.060000,0.010000,0.003751,-0.080596,0.016876,0.9669,1.003326,0.038045,0.836139,0.278952,0.278952,15.9827,15.9827,1,1,0.003751,0.00001407
1771742769.536186,23.070000,0.010000,0.003416,-0.080329,0.018688,1.0708,1.002635,0.041871,0.382556,0.247213,0.247213,14.1643,14.1643,1,1,0.003416,0.00001167
1771742769.546186,23.080000,0.010000,0.003083,-0.080069,0.020497,1.1744,1.001225,0.041727,-0.014330,0.151805,0.151805,8.6978,8.6978,1,1,0.003083,0.00000950
1771742769.556186,23.090000,0.010000,0.002750,-0.079814,0.022295,1.2774,0.999251,0.038111,-0.361604,0.108027,0.108027,6.1895,6.1895,1,1,0.002750,0.00000756
1771742769.566186,23.100000,0.010000,0.002420,-0.079402,0.024072,1.3792,0.995966,0.038438,0.032662,0.090558,0.090558,5.1886,5.1886,1,1,0.002420,0.00000586
1771742769.576186,23.110000,0.010000,0.002095,-0.078715,0.025811,1.4789,0.991023,0.042215,0.377645,0.093439,0.093439,5.3537,5.3537,1,1,0.002095,0.00000439
1771742769.586186,23.120000,0.010000,0.001778,-0.077550,0.027492,1.5752,0.983710,0.049010,0.679505,0.135155,0.135155,7.7438,7.7438,1,1,0.001778,0.00000316
1771742769.596187,23.130000,0.010000,0.001474,-0.075989,0.029102,1.6674,0.975062,0.058446,0.943633,0.201161,0.201161,11.5257,11.5257,1,1,0.001474,0.00000217
1771742769.606187,23.140000,0.010000,0.001186,-0.074093,0.030633,1.7552,0.965760,0.068273,0.982701,0.258174,0.258174,14.7923,14.7923,1,1,0.001186,0.00000141
1771742769.616187,23.150000,0.010000,0.000915,-0.071892,0.032085,1.8383,0.956168,0.080362,1.208929,0.257118,0.257118,14.7318,14.7318,1,1,0.000915,0.00000084
1771742769.626187,23.160000,0.010000,0.000664,-0.069421,0.033455,1.9168,0.946626,0.090076,0.971412,0.244478,0.244478,14.0076,14.0076,1,1,0.000664,0.00000044
1771742769.636187,23.170000,0.010000,0.000435,-0.066716,0.034748,1.9909,0.937408,0.102067,1.199051,0.199269,0.199269,11.4173,11.4173,1,1,0.000435,0.00000019
1771742769.646187,23.180000,0.010000,0.000230,-0.063807,0.035966,2.0607,0.928716,0.116049,1.398235,0.172299,0.172299,9.8720,9.8720,1,1,0.000230,0.00000005
1771742769.656187,23.190000,0.010000,0.000050,-0.060721,0.037116,2.1266,0.920719,0.131774,1.572522,0.088223,0.088223,5.0548,5.0548,1,1,0.000050,0.00000000
1771742769.666187,23.200000,0.010000,-0.000102,-0.057485,0.038205,2.1890,0.913539,0.146204,1.442985,-0.051575,-0.051575,-2.9550,-2.9550,1,1,0.000102,0.00000001
1771742769.676187,23.210000,0.010000,-0.000227,-0.054126,0.039239,2.2482,0.907303,0.155340,0.913546,-0.151445,-0.151445,-8.6772,-8.6772,1,1,0.000227,0.00000005
1771742769.686187,23.220000,0.010000,-0.000324,-0.050670,0.040228,2.3049,0.902133,0.159843,0.450287,-0.179803,-0.179803,-10.3020,-10.3020,1,1,0.000324,0.00000010
1771742769.696187,23.230000,0.010000,-0.000391,-0.047142,0.041181,2.3595,0.898132,0.160292,0.044935,-0.186463,-0.186463,-10.6835,-10.6835,1,1,0.000391,0.00000015
1771742769.706187,23.240000,0.010000,-0.000429,-0.043565,0.042109,2.4127,0.895390,0.157194,-0.309747,-0.168556,-0.168556,-9.6576,-9.6576,1,1,0.000429,0.00000018
1771742769.716187,23.250000,0.010000,-0.000436,-0.039963,0.043022,2.4650,0.893984,0.154440,-0.275495,-0.144577,-0.144577,-8.2837,-8.2837,1,1,0.000436,0.00000019
1771742769.726187,23.260000,0.010000,-0.000414,-0.036356,0.043932,2.5171,0.893978,0.155520,0.108008,-0.158759,-0.158759,-9.0962,-9.0962,1,1,0.000414,0.00000017
1771742769.736187,23.270000,0.010000,-0.000361,-0.032764,0.044851,2.5698,0.895429,0.159955,0.443573,-0.202144,-0.202144,-11.5820,-11.5820,1,1,0.000361,0.00000013
1771742769.746186,23.280000,0.010000,-0.000279,-0.029205,0.045791,2.6236,0.898383,0.167327,0.737192,-0.229126,-0.229126,-13.1280,-13.1280,1,1,0.000279,0.00000008
1771742769.756186,23.290000,0.010000,-0.000167,-0.025695,0.046766,2.6795,0.902875,0.176971,0.964389,-0.257816,-0.257816,-14.7717,-14.7717,1,1,0.000167,0.00000003
1771742769.766186,23.300000,0.010000,-0.000027,-0.022248,0.047787,2.7380,0.908936,0.181919,0.494775,-0.301624,-0.301624,-17.2818,-17.2818,1,1,0.000027,0.00000000
1771742769.776186,23.310000,0.010000,0.000142,-0.018879,0.048870,2.8000,0.916584,0.182757,0.083862,-0.261493,-0.261493,-14.9824,-14.9824,1,1,0.000142,0.00000002
1771742769.786186,23.320000,0.010000,0.000339,-0.015596,0.050025,2.8662,0.925830,0.180001,-0.275687,-0.236587,-0.236587,-13.5554,-13.5554,1,1,0.000339,0.00000011
1771742769.796186,23.330000,0.010000,0.000562,-0.012408,0.051268,2.9375,0.936675,0.174098,-0.590292,-0.215249,-0.215249,-12.3329,-12.3329,1,1,0.000562,0.00000032
1771742769.806186,23.340000,0.010000,0.000806,-0.010400,0.052637,3.0159,0.955219,0.165442,-0.865571,-0.204939,-0.204939,-11.7421,-11.7421,1,1,0.000806,0.00000065
1771742769.816186,23.350000,0.010000,0.001064,-0.009158,0.054176,3.1041,0.977605,0.154378,-1.106440,-0.193068,-0.193068,-11.0620,-11.0620,1,1,0.001064,0.00000113
1771742769.826186,23.360000,0.010000,0.001333,-0.007905,0.055893,3.2024,0.998854,0.141206,-1.317201,-0.187515,-0.187515,-10.7438,-10.7438,1,1,0.001333,0.00000178
1771742769.836186,23.370000,0.010000,0.001612,-0.006657,0.057784,3.3108,1.019626,0.126189,-1.501617,-0.204375,-0.204375,-11.7098,-11.7098,1,1,0.001612,0.00000260
1771742769.846187,23.380000,0.010000,0.001901,-0.005433,0.059849,3.4291,1.040434,0.109560,-1.662981,-0.227249,-0.227249,-13.0204,-13.0204,1,1,0.001901,0.00000361
1771742769.856187,23.390000,0.010000,0.002201,-0.004236,0.062090,3.5575,1.061577,0.091518,-1.804174,-0.236738,-0.236738,-13.5641,-13.5641,1,1,0.002201,0.00000484
1771742769.866187,23.400000,0.010000,0.002510,-0.003070,0.064512,3.6962,1.083298,0.072241,-1.927718,-0.232073,-0.232073,-13.2968,-13.2968,1,1,0.002510,0.00000630
1771742769.876187,23.410000,0.010000,0.002829,-0.001933,0.067120,3.8457,1.105722,0.051882,-2.035819,-0.218052,-0.218052,-12.4934,-12.4934,1,1,0.002829,0.00000800
1771742769.886187,23.420000,0.010000,0.003160,0.000018,0.069039,3.9556,0.917124,0.030578,-2.130408,-0.189187,-0.189187,-10.8396,-10.8396,1,1,0.003160,0.00000999
1771742769.896187,23.430000,0.010000,0.003490,0.000020,0.070453,4.0366,0.943219,0.008447,-2.213173,-0.119463,-0.119463,-6.8447,-6.8447,1,1,0.003490,0.00001218
1771742769.906187,23.440000,0.010000,0.003838,0.004255,0.070992,4.0675,0.707545,-0.014409,-2.285592,-0.051883,-0.051883,-2.9727,-2.9727,1,1,0.003838,0.00001473
1771742769.916187,23.450000,0.010000,0.004174,0.000019,0.071230,4.0812,0.821357,-0.037899,-2.348959,-0.017955,-0.017955,-1.0288,-1.0288,1,1,0.004174,0.00001742
1771742769.926187,23.460000,0.010000,0.004550,0.012865,0.070231,4.0240,0.428375,-0.060068,-2.216881,0.076054,0.076054,4.3576,4.3576,1,1,0.004550,0.00002070
1771742769.936187,23.470000,0.010000,0.004900,-0.001554,0.069136,3.9612,0.719064,-0.078177,-1.810890,-0.021230,-0.021230,-1.2164,-1.2164,1,1,0.004900,0.00002401
1771742769.946187,23.480000,0.010000,0.005264,0.013261,0.067229,3.8519,0.285487,-0.092538,-1.436149,0.036313,0.036313,2.0806,2.0806,1,1,0.005264,0.00002771
1771742769.956187,23.490000,0.010000,0.005600,-0.003314,0.065287,3.7406,0.624544,-0.104410,-1.187216,-0.003590,-0.003590,-0.2057,-0.2057,1,1,0.005600,0.00003136
1771742769.966187,23.500000,0.010000,0.005929,0.008607,0.062886,3.6031,0.236929,-0.116906,-1.249562,-0.001968,-0.001968,-0.1127,-0.1127,1,1,0.005929,0.00003516
1771742769.976187,23.510000,0.010000,0.006215,-0.009656,0.060691,3.4774,0.597729,-0.130699,-1.379288,0.029602,0.029602,1.6960,1.6960,1,1,0.006215,0.00003862
1771742769.986187,23.520000,0.010000,0.006526,0.011603,0.057361,3.2866,0.030553,-0.143954,-1.325489,0.069430,0.069430,3.9781,3.9781,1,1,0.006526,0.00004260
1771742769.996186,23.530000,0.010000,0.006805,-0.011616,0.053941,3.0906,0.466552,-0.154969,-1.101496,0.112470,0.112470,6.4441,6.4441,1,1,0.006805,0.00004630
1771742770.006186,23.540000,0.010000,0.007052,0.000004,0.050578,2.8979,0.125044,-0.162854,-0.788538,0.071214,0.071214,4.0803,4.0803,1,1,0.007052,0.00004973
1771742770.016186,23.550000,0.010000,0.007239,-0.022314,0.047752,2.7360,0.529713,-0.166263,-0.340905,0.094225,0.094225,5.3987,5.3987,1,1,0.007239,0.00005240
1771742770.026186,23.560000,0.010000,0.007442,0.000002,0.044126,2.5282,0.008610,-0.165755,0.050774,0.050172,0.050172,2.8746,2.8746,1,1,0.007442,0.00005538
1771742770.036186,23.570000,0.010000,0.007610,-0.025248,0.040591,2.3257,0.452781,-0.161820,0.393493,0.089236,0.089236,5.1128,5.1128,1,1,0.007610,0.00005791
1771742770.046186,23.580000,0.010000,0.007724,-0.017391,0.037941,2.1738,0.304489,-0.154887,0.693372,0.025772,0.025772,1.4766,1.4766,1,1,0.007724,0.00005965
1771742770.056186,23.590000,0.010000,0.007779,-0.037508,0.036206,2.0744,0.644597,-0.145329,0.955767,0.037581,0.037581,2.1532,2.1532,1,1,0.007779,0.00006052
1771742770.066186,23.600000,0.010000,0.007871,-0.012206,0.033685,1.9300,0.180295,-0.133475,1.185362,-0.114313,-0.114313,-6.5497,-6.5497,1,1,0.007871,0.00006194
1771742770.076186,23.610000,0.010000,0.007952,-0.035007,0.031179,1.7865,0.561001,-0.119613,1.386257,0.011478,0.011478,0.6576,0.6576,1,1,0.007952,0.00006324
1771742770.086186,23.620000,0.010000,0.007905,-0.047079,0.030720,1.7601,0.745579,-0.105110,1.450284,-0.183276,-0.183276,-10.5009,-10.5009,1,1,0.007905,0.00006248
1771742770.096187,23.630000,0.010000,0.007866,-0.034793,0.029855,1.7105,0.500029,-0.092217,1.289276,-0.261704,-0.261704,-14.9945,-14.9945,1,1,0.007866,0.00006187
1771742770.106187,23.640000,0.010000,0.007798,-0.051560,0.029279,1.6775,0.766537,-0.077445,1.477183,-0.162663,-0.162663,-9.3199,-9.3199,1,1,0.007798,0.00006081
1771742770.116187,23.650000,0.010000,0.007650,-0.056880,0.029846,1.7101,0.829194,-0.061029,1.641601,-0.255753,-0.255753,-14.6536,-14.6536,1,1,0.007650,0.00005852
1771742770.126187,23.660000,0.010000,0.007461,-0.061965,0.030875,1.7690,0.889381,-0.043175,1.785466,-0.214779,-0.214779,-12.3059,-12.3059,1,1,0.007461,0.00005567
1771742770.136187,23.670000,0.010000,0.007243,-0.064845,0.032200,1.8449,0.913388,-0.028876,1.429859,-0.111179,-0.111179,-6.3701,-6.3701,1,1,0.007243,0.00005246
1771742770.146187,23.680000,0.010000,0.006983,-0.072479,0.034064,1.9517,1.024879,-0.013488,1.538769,-0.104554,-0.104554,-5.9905,-5.9905,1,1,0.006983,0.00004876
1771742770.156187,23.690000,0.010000,0.006726,-0.065463,0.035697,2.0453,0.881968,-0.003515,0.997357,0.015574,0.015574,0.8923,0.8923,1,1,0.006726,0.00004524
1771742770.166187,23.700000,0.010000,0.006461,-0.073130,0.037354,2.1402,1.004043,0.008079,1.159379,-0.119118,-0.119118,-6.8250,-6.8250,1,1,0.006461,0.00004174
1771742770.176187,23.710000,0.010000,0.006151,-0.077943,0.039719,2.2757,1.079487,0.014733,0.665391,0.009206,0.009206,0.5275,0.5275,1,1,0.006151,0.00003783
1771742770.186187,23.720000,0.010000,0.005854,-0.071243,0.041825,2.3964,0.960188,0.017589,0.285600,-0.091886,-0.091886,-5.2647,-5.2647,1,1,0.005854,0.00003427
1771742770.196187,23.730000,0.010000,0.005560,-0.075986,0.043893,2.5149,1.046891,0.016597,-0.099166,-0.169473,-0.169473,-9.7101,-9.7101,1,1,0.005560,0.00003091
1771742770.206187,23.740000,0.010000,0.005270,-0.071379,0.045928,2.6315,0.972795,0.015957,-0.063997,-0.170337,-0.170337,-9.7596,-9.7596,1,1,0.005270,0.00002778
1771742770.216187,23.750000,0.010000,0.004984,-0.074900,0.048025,2.7517,1.049208,0.011907,-0.405063,-0.179408,-0.179408,-10.2793,-10.2793,1,1,0.004984,0.00002484
1771742770.226187,23.760000,0.010000,0.004748,-0.060145,0.049354,2.8278,0.806416,0.004872,-0.703496,-0.152248,-0.152248,-8.7231,-8.7231,1,1,0.004748,0.00002255
1771742770.236187,23.770000,0.010000,0.004540,-0.066022,0.050399,2.8876,0.935391,-0.004775,-0.964625,-0.030172,-0.030172,-1.7287,-1.7287,1,1,0.004540,0.00002061
1771742770.246186,23.780000,0.010000,0.004355,-0.056275,0.051258,2.9369,0.789611,-0.016706,-1.193112,-0.023556,-0.023556,-1.3497,-1.3497,1,1,0.004355,0.00001897
1771742770.256186,23.790000,0.010000,0.004181,-0.061841,0.052165,2.9888,0.919627,-0.030636,-1.393039,0.061796,0.061796,3.5407,3.5407,1,1,0.004181,0.00001748
1771742770.266186,23.800000,0.010000,0.004088,-0.038666,0.051917,2.9746,0.540843,-0.040704,-1.006787,0.018901,0.018901,1.0829,1.0829,1,1,0.004088,0.00001671
1771742770.276186,23.810000,0.010000,0.004033,-0.048611,0.051278,2.9380,0.753162,-0.048685,-0.798132,0.053183,0.053183,3.0472,3.0472,1,1,0.004033,0.00001627
1771742770.286186,23.820000,0.010000,0.003948,-0.048351,0.051473,2.9492,0.782740,-0.052178,-0.349299,0.011637,0.011637,0.6668,0.6668,1,1,0.003948,0.00001558
1771742770.296186,23.830000,0.010000,0.003905,-0.038706,0.051192,2.9331,0.646270,-0.058725,-0.654703,-0.077238,-0.077238,-4.4254,-4.4254,1,1,0.003905,0.00001525
1771742770.306186,23.840000,0.010000,0.003865,-0.046360,0.051169,2.9317,0.818180,-0.060963,-0.223799,-0.018380,-0.018380,-1.0531,-1.0531,1,1,0.003865,0.00001494
1771742770.316186,23.850000,0.010000,0.003882,-0.026978,0.050424,2.8891,0.508574,-0.064829,-0.386533,-0.108434,-0.108434,-6.2128,-6.2128,1,1,0.003882,0.00001507
1771742770.326186,23.860000,0.010000,0.003922,-0.037273,0.049554,2.8392,0.727071,-0.071701,-0.687282,-0.034078,-0.034078,-1.9525,-1.9525,1,1,0.003922,0.00001539
1771742770.336186,23.870000,0.010000,0.003982,-0.024686,0.048620,2.7857,0.535965,-0.081206,-0.950437,-0.024145,-0.024145,-1.3834,-1.3834,1,1,0.003982,0.00001586
1771742770.346187,23.880000,0.010000,0.004044,-0.034644,0.047916,2.7454,0.744832,-0.093013,-1.180699,0.004221,0.004221,0.2419,0.2419,1,1,0.004044,0.00001636
1771742770.356187,23.890000,0.010000,0.004185,-0.007946,0.046054,2.6387,0.299416,-0.100417,-0.740435,0.046477,0.046477,2.6629,2.6629,1,1,0.004185,0.00001751
1771742770.366187,23.900000,0.010000,0.004355,-0.022839,0.043916,2.5162,0.591172,-0.103405,-0.298815,0.054245,0.054245,3.1080,3.1080,1,1,0.004355,0.00001896
1771742770.376187,23.910000,0.010000,0.004467,-0.024766,0.042994,2.4634,0.646761,-0.102529,0.087603,-0.008921,-0.008921,-0.5112,-0.5112,1,1,0.004467,0.00001995
1771742770.386187,23.920000,0.010000,0.004591,-0.020284,0.042006,2.4067,0.585915,-0.098272,0.425718,-0.062339,-0.062339,-3.5718,-3.5718,1,1,0.004591,0.00002108
1771742770.396187,23.930000,0.010000,0.004689,-0.030320,0.041631,2.3853,0.780631,-0.091056,0.721569,-0.166475,-0.166475,-9.5383,-9.5383,1,1,0.004689,0.00002199
1771742770.406187,23.940000,0.010000,0.004822,-0.013907,0.040753,2.3350,0.503515,-0.081252,0.980439,-0.267722,-0.267722,-15.3393,-15.3393,1,1,0.004822,0.00002325
1771742770.416187,23.950000,0.010000,0.004961,-0.025926,0.039900,2.2861,0.729817,-0.069641,1.161117,-0.262524,-0.262524,-15.0415,-15.0415,1,1,0.004961,0.00002461
1771742770.426187,23.960000,0.010000,0.005036,-0.031205,0.040238,2.3054,0.832985,-0.062972,0.666911,-0.339742,-0.339742,-19.4658,-19.4658,1,1,0.005036,0.00002537
1771742770.436187,23.970000,0.010000,0.005136,-0.021356,0.040236,2.3053,0.667208,-0.057398,0.557399,-0.312595,-0.312595,-17.9104,-17.9104,1,1,0.005136,0.00002637
1771742770.446187,23.980000,0.010000,0.005229,-0.030695,0.040415,2.3156,0.841633,-0.056011,0.138658,-0.297524,-0.297524,-17.0469,-17.0469,1,1,0.005229,0.00002734
1771742770.456187,23.990000,0.010000,0.005328,-0.021669,0.040542,2.3229,0.689041,-0.053269,0.274163,-0.216730,-0.216730,-12.4177,-12.4177,1,1,0.005328,0.00002839
1771742770.466187,24.000000,0.010000,0.005420,-0.030866,0.040881,2.3423,0.859538,-0.049629,0.364057,-0.256292,-0.256292,-14.6844,-14.6844,1,1,0.005420,0.00002937
1771742770.476187,24.010000,0.010000,0.005506,-0.024724,0.041362,2.3699,0.757041,-0.042953,0.667616,-0.284851,-0.284851,-16.3207,-16.3207,1,1,0.005506,0.00003032
1771742770.486187,24.020000,0.010000,0.005579,-0.032840,0.042140,2.4144,0.907647,-0.033620,0.933230,-0.338229,-0.338229,-19.3791,-19.3791,1,1,0.005579,0.00003112
1771742770.496186,24.030000,0.010000,0.005637,-0.029985,0.043239,2.4774,0.863613,-0.022637,1.098312,-0.338522,-0.338522,-19.3959,-19.3959,1,1,0.005637,0.00003177
1771742770.506186,24.040000,0.010000,0.005678,-0.036173,0.044692,2.5607,0.981122,-0.016518,0.611958,-0.325233,-0.325233,-18.6345,-18.6345,1,1,0.005678,0.00003224
1771742770.516186,24.050000,0.010000,0.005753,-0.023168,0.045620,2.6138,0.759933,-0.014654,0.186397,-0.335502,-0.335502,-19.2228,-19.2228,1,1,0.005753,0.00003309
1771742770.526186,24.060000,0.010000,0.005837,-0.031508,0.046477,2.6630,0.918545,-0.016513,-0.185968,-0.298554,-0.298554,-17.1059,-17.1059,1,1,0.005837,0.00003407
1771742770.536186,24.070000,0.010000,0.005926,-0.023620,0.047331,2.7119,0.789600,-0.021631,-0.511788,-0.242646,-0.242646,-13.9026,-13.9026,1,1,0.005926,0.00003512
1771742770.546186,24.080000,0.010000,0.006009,-0.031598,0.048402,2.7732,0.942578,-0.029600,-0.796881,-0.174326,-0.174326,-9.9882,-9.9882,1,1,0.006009,0.00003610
1771742770.556186,24.090000,0.010000,0.006169,-0.006683,0.048164,2.7596,0.505478,-0.040064,-1.046336,-0.159577,-0.159577,-9.1431,-9.1431,1,1,0.006169,0.00003805
1771742770.566186,24.100000,0.010000,0.006355,-0.020477,0.047537,2.7237,0.761835,-0.052710,-1.264610,-0.036933,-0.036933,-2.1161,-2.1161,1,1,0.006355,0.00004039
1771742770.576186,24.110000,0.010000,0.006539,-0.009686,0.047026,2.6944,0.580039,-0.067266,-1.455600,-0.006480,-0.006480,-0.3713,-0.3713,1,1,0.006539,0.00004276
1771742770.586186,24.120000,0.010000,0.006712,-0.021208,0.046789,2.6808,0.790849,-0.083493,-1.622716,0.013986,0.013986,0.8013,0.8013,1,1,0.006712,0.00004504
1771742770.596187,24.130000,0.010000,0.006933,0.000005,0.044943,2.5751,0.234945,-0.101182,-1.768942,0.090397,0.090397,5.1794,5.1794,1,1,0.006933,0.00004807
1771742770.606187,24.140000,0.010000,0.007134,-0.020167,0.042736,2.4486,0.593871,-0.120151,-1.896890,0.102036,0.102036,5.8463,5.8463,1,1,0.007134,0.00005090
1771742770.616187,24.150000,0.010000,0.007349,0.000004,0.040023,2.2932,0.180163,-0.140240,-2.008845,0.065519,0.065519,3.7539,3.7539,1,1,0.007349,0.00005401
1771742770.626187,24.160000,0.010000,0.007539,-0.021926,0.037498,2.1485,0.559488,-0.161308,-2.106805,0.092192,0.092192,5.2822,5.2822,1,1,0.007539,0.00005683
1771742770.636187,24.170000,0.010000,0.007746,0.000676,0.033634,1.9271,-0.070685,-0.181798,-2.049066,0.056370,0.056370,3.2297,3.2297,1,1,0.007746,0.00006000
1771742770.646187,24.180000,0.010000,0.007904,-0.026956,0.029614,1.6967,0.398141,-0.201011,-1.921296,0.059597,0.059597,3.4147,3.4147,1,1,0.007904,0.00006247
1771742770.656187,24.190000,0.010000,0.008077,-0.000407,0.025016,1.4333,-0.116176,-0.214332,-1.332068,0.044913,0.044913,2.5733,2.5733,1,1,0.008077,0.00006524
1771742770.666187,24.200000,0.010000,0.008215,-0.029700,0.020721,1.1872,0.366751,-0.222497,-0.816494,0.027720,0.027720,1.5882,1.5882,1,1,0.008215,0.00006748
1771742770.676187,24.210000,0.010000,0.008350,-0.006095,0.016118,0.9235,-0.090954,-0.226150,-0.365366,0.065765,0.065765,3.7680,3.7680,1,1,0.008350,0.00006972
1771742770.686187,24.220000,0.010000,0.008440,-0.035412,0.011935,0.6838,0.376687,-0.225857,0.029371,0.027881,0.027881,1.5975,1.5975,1,1,0.008440,0.00007123
1771742770.696187,24.230000,0.010000,0.008496,-0.019219,0.007880,0.4515,0.034364,-0.222109,0.374765,0.105453,0.105453,6.0420,6.0420,1,1,0.008496,0.00007217
1771742770.706187,24.240000,0.010000,0.008491,-0.046281,0.004381,0.2510,0.447625,-0.215339,0.676985,0.062184,0.062184,3.5629,3.5629,1,1,0.008491,0.00007210
1771742770.716187,24.250000,0.010000,0.008443,-0.034203,0.001079,0.0618,0.164998,-0.205925,0.941428,0.141960,0.141960,8.1337,8.1337,1,1,0.008443,0.00007128
1771742770.726187,24.260000,0.010000,0.008329,-0.058857,-0.001673,-0.0959,0.525242,-0.194197,1.172815,0.087169,0.087169,4.9944,4.9944,1,1,0.008329,0.00006937
1771742770.736187,24.270000,0.010000,0.008148,-0.054192,-0.003906,-0.2238,0.364123,-0.180444,1.375279,0.152064,0.152064,8.7126,8.7126,1,1,0.008148,0.00006639
1771742770.746186,24.280000,0.010000,0.007894,-0.074740,-0.005511,-0.3158,0.645692,-0.164920,1.552435,0.115629,0.115629,6.6250,6.6250,1,1,0.007894,0.00006232
1771742770.756186,24.290000,0.010000,0.007586,-0.074029,-0.006518,-0.3735,0.590171,-0.147845,1.707447,0.104095,0.104095,5.9642,5.9642,1,1,0.007586,0.00005755
1771742770.766186,24.300000,0.010000,0.007225,-0.086499,-0.006986,-0.4002,0.765005,-0.129414,1.843082,0.091838,0.091838,5.2619,5.2619,1,1,0.007225,0.00005221
1771742770.776186,24.310000,0.010000,0.006869,-0.085492,-0.006929,-0.3970,0.819849,-0.109797,1.961762,0.095163,0.095163,5.4524,5.4524,1,1,0.006869,0.00004719
1771742770.786186,24.320000,0.010000,0.006516,-0.084690,-0.006490,-0.3718,0.859737,-0.090458,1.933868,0.100636,0.100636,5.7660,5.7660,1,1,0.006516,0.00004246
1771742770.796186,24.330000,0.010000,0.006166,-0.084041,-0.005773,-0.3308,0.888389,-0.075686,1.477227,0.109853,0.109853,6.2941,6.2941,1,1,0.006166,0.00003802
1771742770.806186,24.340000,0.010000,0.005818,-0.083505,-0.004859,-0.2784,0.908590,-0.059269,1.641640,0.106598,0.106598,6.1076,6.1076,1,1,0.005818,0.00003385
1771742770.816186,24.350000,0.010000,0.005472,-0.083055,-0.003806,-0.2181,0.922424,-0.048376,1.089384,0.150218,0.150218,8.6069,8.6069,1,1,0.005472,0.00002994
1771742770.826186,24.360000,0.010000,0.005128,-0.082667,-0.002660,-0.1524,0.931452,-0.035353,1.302277,0.148494,0.148494,8.5081,8.5081,1,1,0.005128,0.00002629
1771742770.836186,24.370000,0.010000,0.004784,-0.082327,-0.001455,-0.0833,0.936839,-0.023161,1.219212,0.169552,0.169552,9.7146,9.7146,1,1,0.004784,0.00002289
1771742770.846187,24.380000,0.010000,0.004443,-0.082021,-0.000216,-0.0124,0.939457,-0.009002,1.415876,0.190672,0.190672,10.9247,10.9247,1,1,0.004443,0.00001974
1771742770.856187,24.390000,0.010000,0.004102,-0.081741,0.001038,0.0594,0.939956,0.003019,1.202132,0.260741,0.260741,14.9394,14.9394,1,1,0.004102,0.00001683
1771742770.866187,24.400000,0.010000,0.003762,-0.081481,0.002290,0.1312,0.938822,0.017029,1.400931,0.267412,0.267412,15.3216,15.3216,1,1,0.003762,0.00001416
1771742770.876187,24.410000,0.010000,0.003424,-0.081234,0.003530,0.2022,0.936415,0.029354,1.232500,0.329484,0.329484,18.8781,18.8781,1,1,0.003424,0.00001172
1771742770.886187,24.420000,0.010000,0.003086,-0.080997,0.004748,0.2720,0.933005,0.038696,0.934266,0.324979,0.324979,18.6199,18.6199,1,1,0.003086,0.00000953
1771742770.896187,24.430000,0.010000,0.002750,-0.080769,0.005938,0.3402,0.928792,0.045339,0.664275,0.295684,0.295684,16.9415,16.9415,1,1,0.002750,0.00000756
1771742770.906187,24.440000,0.010000,0.002414,-0.080545,0.007093,0.4064,0.923921,0.051567,0.622798,0.267095,0.267095,15.3034,15.3034,1,1,0.002414,0.00000583
1771742770.916187,24.450000,0.010000,0.002080,-0.080326,0.008209,0.4704,0.918503,0.057701,0.613363,0.268052,0.268052,15.3583,15.3583,1,1,0.002080,0.00000432
1771742770.926187,24.460000,0.010000,0.001746,-0.080111,0.009283,0.5318,0.912616,0.064220,0.651899,0.276434,0.276434,15.8385,15.8385,1,1,0.001746,0.00000305
1771742770.936187,24.470000,0.010000,0.001413,-0.079897,0.010309,0.5907,0.906318,0.069517,0.529726,0.294633,0.294633,16.8812,16.8812,1,1,0.001413,0.00000200
1771742770.946187,24.480000,0.010000,0.001082,-0.079531,0.011278,0.6462,0.898819,0.077643,0.812576,0.283486,0.283486,16.2426,16.2426,1,1,0.001082,0.00000117
1771742770.956187,24.490000,0.010000,0.000755,-0.078965,0.012179,0.6978,0.890077,0.086499,0.885642,0.323075,0.323075,18.5109,18.5109,1,1,0.000755,0.00000057
1771742770.966187,24.500000,0.010000,0.000436,-0.078011,0.012992,0.7444,0.879334,0.096881,1.038160,0.334038,0.334038,19.1390,19.1390,1,1,0.000436,0.00000019
1771742770.976187,24.510000,0.010000,0.000126,-0.076738,0.013708,0.7854,0.867401,0.108605,1.172391,0.337128,0.337128,19.3160,19.3160,1,1,0.000126,0.00000002
1771742770.986187,24.520000,0.010000,-0.000171,-0.075192,0.014319,0.8204,0.854777,0.122354,1.374908,0.325150,0.325150,18.6297,18.6297,1,1,0.000171,0.00000003
1771742770.996186,24.530000,0.010000,-0.000453,-0.073413,0.014823,0.8493,0.841808,0.137875,1.552110,0.305820,0.305820,17.5222,17.5222,1,1,0.000453,0.00000021
1771742771.006186,24.540000,0.010000,-0.000774,-0.077024,0.016511,0.9460,0.967374,0.154946,1.707162,0.259730,0.259730,14.8814,14.8814,1,1,0.000774,0.00000060
1771742771.016186,24.550000,0.010000,-0.001052,-0.072072,0.017644,1.0109,0.906665,0.173375,1.842833,0.158676,0.158676,9.0915,9.0915,1,1,0.001052,0.00000111
1771742771.026186,24.560000,0.010000,-0.001364,-0.074920,0.020420,1.1700,1.081703,0.188663,1.528868,0.013744,0.013744,0.7875,0.7875,1,1,0.001364,0.00000186
1771742771.036186,24.570000,0.010000,-0.001603,-0.066739,0.022207,1.2724,0.974784,0.198550,0.988693,-0.218568,-0.218568,-12.5230,-12.5230,1,1,0.001603,0.00000257
1771742771.046186,24.580000,0.010000,-0.001888,-0.071298,0.025185,1.4430,1.101662,0.207238,0.868776,-0.175986,-0.175986,-10.0833,-10.0833,1,1,0.001888,0.00000357
1771742771.056186,24.590000,0.010000,-0.002089,-0.061805,0.027066,1.5508,0.983437,0.215888,0.864943,-0.297872,-0.297872,-17.0668,-17.0668,1,1,0.002089,0.00000436
1771742771.066186,24.600000,0.010000,-0.002379,-0.070990,0.031014,1.7770,1.204550,0.225731,0.984316,-0.234471,-0.234471,-13.4342,-13.4342,1,1,0.002379,0.00000566
1771742771.076186,24.610000,0.010000,-0.002559,-0.058604,0.033506,1.9197,1.047939,0.232950,0.721946,-0.373531,-0.373531,-21.4018,-21.4018,1,1,0.002559,0.00000655
1771742771.086186,24.620000,0.010000,-0.002767,-0.061116,0.037076,2.1243,1.163439,0.242758,0.980768,-0.314360,-0.314360,-18.0115,-18.0115,1,1,0.002767,0.00000765
1771742771.096187,24.630000,0.010000,-0.002865,-0.048784,0.039316,2.2526,1.020735,0.254168,1.141004,-0.384245,-0.384245,-22.0156,-22.0156,1,1,0.002865,0.00000821
1771742771.106187,24.640000,0.010000,-0.003106,-0.063680,0.044798,2.5667,1.368673,0.264538,1.036996,-0.363098,-0.363098,-20.8040,-20.8040,1,1,0.003106,0.00000965
1771742771.116187,24.650000,0.010000,-0.003195,-0.046672,0.048301,2.7675,1.156915,0.272114,0.757651,-0.420292,-0.420292,-24.0810,-24.0810,1,1,0.003195,0.00001021
1771742771.126187,24.660000,0.010000,-0.003214,-0.038471,0.051350,2.9422,1.108783,0.276328,0.421326,-0.403839,-0.403839,-23.1383,-23.1383,1,1,0.003214,0.00001033
1771742771.136187,24.670000,0.010000,-0.003225,-0.037153,0.055129,3.1587,1.188131,0.276524,0.019595,-0.408978,-0.408978,-23.4327,-23.4327,1,1,0.003225,0.00001040
1771742771.146187,24.680000,0.010000,-0.003113,-0.023227,0.057595,3.2999,1.048485,0.273204,-0.331921,-0.410912,-0.410912,-23.5435,-23.5435,1,1,0.003113,0.00000969
1771742771.156187,24.690000,0.010000,-0.003017,-0.024287,0.061259,3.5099,1.178836,0.266809,-0.639496,-0.383660,-0.383660,-21.9821,-21.9821,1,1,0.003017,0.00000910
1771742771.166187,24.700000,0.010000,-0.002800,-0.010729,0.063735,3.6517,1.053088,0.257723,-0.908625,-0.392977,-0.392977,-22.5159,-22.5159,1,1,0.002800,0.00000784
1771742771.176187,24.710000,0.010000,-0.002493,-0.001165,0.065517,3.7538,0.984906,0.246282,-1.144113,-0.355433,-0.355433,-20.3648,-20.3648,1,1,0.002493,0.00000621
1771742771.186187,24.720000,0.010000,-0.002148,-0.000002,0.067173,3.8487,0.995819,0.232780,-1.350165,-0.291630,-0.291630,-16.7092,-16.7092,1,1,0.002148,0.00000461
1771742771.196187,24.730000,0.010000,-0.001796,-0.000000,0.068908,3.9481,1.012068,0.217476,-1.530460,-0.240144,-0.240144,-13.7592,-13.7592,1,1,0.001796,0.00000322
1771742771.206187,24.740000,0.010000,-0.001444,0.000001,0.070787,4.0558,1.029642,0.200594,-1.688218,-0.209400,-0.209400,-11.9978,-11.9978,1,1,0.001444,0.00000208
1771742771.216187,24.750000,0.010000,-0.001092,0.000003,0.072822,4.1724,1.048409,0.182331,-1.826257,-0.175814,-0.175814,-10.0734,-10.0734,1,1,0.001092,0.00000119
1771742771.226187,24.760000,0.010000,-0.000741,0.000004,0.075022,4.2984,1.068277,0.162861,-1.947041,-0.145314,-0.145314,-8.3259,-8.3259,1,1,0.000741,0.00000055
1771742771.236187,24.770000,0.010000,-0.000390,0.000006,0.077394,4.4344,1.089188,0.142333,-2.052726,-0.155109,-0.155109,-8.8871,-8.8871,1,1,0.000390,0.00000015
1771742771.246186,24.780000,0.010000,-0.000039,0.000008,0.079948,4.5807,1.111104,0.120881,-2.145201,-0.193402,-0.193402,-11.0811,-11.0811,1,1,0.000039,0.00000000
1771742771.256186,24.790000,0.010000,0.000312,0.000009,0.082692,4.7379,1.134009,0.098620,-2.226117,-0.199750,-0.199750,-11.4448,-11.4448,1,1,0.000312,0.00000010
1771742771.266186,24.800000,0.010000,0.000662,0.000011,0.085626,4.9060,1.156117,0.075651,-2.296918,-0.193923,-0.193923,-11.1110,-11.1110,1,1,0.000662,0.00000044
1771742771.276186,24.810000,0.010000,0.001044,0.007458,0.087540,5.0157,0.888200,0.052062,-2.358869,-0.178423,-0.178423,-10.2229,-10.2229,1,1,0.001044,0.00000109
1771742771.286186,24.820000,0.010000,0.001412,0.000013,0.089146,5.1077,1.025362,0.027932,-2.413077,-0.148606,-0.148606,-8.5145,-8.5145,1,1,0.001412,0.00000199
1771742771.296186,24.830000,0.010000,0.001832,0.018580,0.089294,5.1162,0.559937,0.003326,-2.460508,-0.109415,-0.109415,-6.2690,-6.2690,1,1,0.001832,0.00000336
1771742771.306186,24.840000,0.010000,0.002229,0.000013,0.089099,5.1050,0.848549,-0.021694,-2.502010,-0.130730,-0.130730,-7.4903,-7.4903,1,1,0.002229,0.00000497
1771742771.316186,24.850000,0.010000,0.002645,0.020217,0.087821,5.0318,0.351260,-0.047077,-2.538325,0.013204,0.013204,0.7565,0.7565,1,1,0.002645,0.00000699
1771742771.326186,24.860000,0.010000,0.003036,0.000013,0.086342,4.9471,0.701096,-0.071210,-2.413338,-0.072997,-0.072997,-4.1824,-4.1824,1,1,0.003036,0.00000922
1771742771.336186,24.870000,0.010000,0.003440,0.019570,0.084008,4.8133,0.209517,-0.088836,-1.762605,0.003878,0.003878,0.2222,0.2222,1,1,0.003440,0.00001183
1771742771.346187,24.880000,0.010000,0.003820,0.000012,0.081611,4.6759,0.588253,-0.100768,-1.193214,-0.003325,-0.003325,-0.1905,-0.1905,1,1,0.003820,0.00001459
1771742771.356187,24.890000,0.010000,0.004173,0.009453,0.079186,4.5370,0.272589,-0.107718,-0.694996,-0.088998,-0.088998,-5.0992,-5.0992,1,1,0.004173,0.00001741
1771742771.366187,24.900000,0.010000,0.004489,-0.005163,0.077109,4.4180,0.608796,-0.113642,-0.592383,-0.085342,-0.085342,-4.8897,-4.8897,1,1,0.004489,0.00002015
1771742771.376187,24.910000,0.010000,0.004839,0.014463,0.074054,4.2430,0.099397,-0.122316,-0.867401,-0.121451,-0.121451,-6.9586,-6.9586,1,1,0.004839,0.00002342
1771742771.386187,24.920000,0.010000,0.005169,-0.004555,0.070965,4.0660,0.501105,-0.131995,-0.967917,0.047281,0.047281,2.7090,2.7090,1,1,0.005169,0.00002671
1771742771.396187,24.930000,0.010000,0.005470,0.003931,0.067924,3.8918,0.185085,-0.139736,-0.774094,-0.024928,-0.024928,-1.4283,-1.4283,1,1,0.005470,0.00002992
1771742771.406187,24.940000,0.010000,0.005715,-0.014547,0.065392,3.7467,0.561453,-0.144572,-0.483586,0.017221,0.017221,0.9867,0.9867,1,1,0.005715,0.00003266
1771742771.416187,24.950000,0.010000,0.005976,0.004165,0.062002,3.5524,0.048826,-0.145313,-0.074072,-0.035543,-0.035543,-2.0365,-2.0365,1,1,0.005976,0.00003572
1771742771.426187,24.960000,0.010000,0.006201,-0.017804,0.058659,3.3609,0.474333,-0.142470,0.284253,0.053900,0.053900,3.0882,3.0882,1,1,0.006201,0.00003845
1771742771.436187,24.970000,0.010000,0.006413,-0.002943,0.055758,3.1947,0.234847,-0.141003,0.146759,-0.089007,-0.089007,-5.0997,-5.0997,1,1,0.006413,0.00004112
1771742771.446187,24.980000,0.010000,0.006595,-0.022120,0.053562,3.0688,0.596717,-0.136228,0.477480,0.003492,0.003492,0.2001,0.2001,1,1,0.006595,0.00004350
1771742771.456187,24.990000,0.010000,0.006803,-0.000648,0.050870,2.9146,0.183684,-0.128559,0.766860,-0.128759,-0.128759,-7.3774,-7.3774,1,1,0.006803,0.00004627
1771742771.466187,25.000000,0.010000,0.006994,-0.021482,0.048375,2.7717,0.564428,-0.118359,1.020069,-0.038380,-0.038380,-2.1990,-2.1990,1,1,0.006994,0.00004891
1771742771.476187,25.010000,0.010000,0.007121,-0.019770,0.047068,2.6968,0.539921,-0.105942,1.241626,-0.258733,-0.258733,-14.8243,-14.8243,1,1,0.007121,0.00005070
1771742771.486187,25.020000,0.010000,0.007218,-0.028082,0.046304,2.6530,0.689266,-0.098569,0.737357,-0.281583,-0.281583,-16.1335,-16.1335,1,1,0.007218,0.00005210
1771742771.496186,25.030000,0.010000,0.007355,-0.011943,0.044863,2.5705,0.404907,-0.095608,0.296121,-0.284144,-0.284144,-16.2803,-16.2803,1,1,0.007355,0.00005409
1771742771.506186,25.040000,0.010000,0.007472,-0.029450,0.043745,2.5064,0.711891,-0.096507,-0.089960,-0.095511,-0.095511,-5.4724,-5.4724,1,1,0.007472,0.00005584
1771742771.516186,25.050000,0.010000,0.007601,-0.012492,0.042388,2.4286,0.407179,-0.093804,0.270351,-0.057566,-0.057566,-3.2983,-3.2983,1,1,0.007601,0.00005778
1771742771.526186,25.060000,0.010000,0.007712,-0.030366,0.041296,2.3661,0.714768,-0.087948,0.585623,-0.084080,-0.084080,-4.8175,-4.8175,1,1,0.007712,0.00005948
1771742771.536186,25.070000,0.010000,0.007788,-0.023938,0.040714,2.3328,0.589805,-0.079333,0.861486,-0.261401,-0.261401,-14.9772,-14.9772,1,1,0.007788,0.00006066
1771742771.546186,25.080000,0.010000,0.007824,-0.038596,0.040747,2.3346,0.835332,-0.073859,0.547368,-0.286996,-0.286996,-16.4437,-16.4437,1,1,0.007824,0.00006122
1771742771.556186,25.090000,0.010000,0.007889,-0.019723,0.040155,2.3007,0.488830,-0.065579,0.828013,-0.282897,-0.282897,-16.2088,-16.2088,1,1,0.007889,0.00006223
1771742771.566186,25.100000,0.010000,0.007946,-0.036494,0.039583,2.2679,0.770576,-0.061824,0.375445,-0.237166,-0.237166,-13.5886,-13.5886,1,1,0.007946,0.00006314
1771742771.576186,25.110000,0.010000,0.007945,-0.036641,0.039895,2.2858,0.756401,-0.055049,0.677580,-0.240015,-0.240015,-13.7519,-13.7519,1,1,0.007945,0.00006312
1771742771.586186,25.120000,0.010000,0.007927,-0.040481,0.040380,2.3136,0.807776,-0.052610,0.243817,-0.311459,-0.311459,-17.8453,-17.8453,1,1,0.007927,0.00006283
1771742771.596187,25.130000,0.010000,0.007913,-0.035952,0.040639,2.3284,0.712411,-0.050832,0.177886,-0.217593,-0.217593,-12.4671,-12.4671,1,1,0.007913,0.00006262
1771742771.606187,25.140000,0.010000,0.007869,-0.046944,0.041325,2.3678,0.891285,-0.052766,-0.193416,-0.201875,-0.201875,-11.5666,-11.5666,1,1,0.007869,0.00006192
1771742771.616187,25.150000,0.010000,0.007890,-0.022298,0.040740,2.3342,0.443267,-0.057949,-0.518305,-0.104388,-0.104388,-5.9810,-5.9810,1,1,0.007890,0.00006225
1771742771.626187,25.160000,0.010000,0.007920,-0.039929,0.039893,2.2857,0.741282,-0.065975,-0.802583,0.049497,0.049497,2.8360,2.8360,1,1,0.007920,0.00006273
1771742771.636187,25.170000,0.010000,0.007908,-0.035571,0.039661,2.2724,0.648743,-0.069667,-0.369202,0.033439,0.033439,1.9159,1.9159,1,1,0.007908,0.00006254
1771742771.646187,25.180000,0.010000,0.007858,-0.048056,0.039970,2.2901,0.852919,-0.069407,0.026014,-0.001478,-0.001478,-0.0847,-0.0847,1,1,0.007858,0.00006175
1771742771.656187,25.190000,0.010000,0.007870,-0.022843,0.039041,2.2369,0.393231,-0.071241,-0.183424,-0.103708,-0.103708,-5.9420,-5.9420,1,1,0.007870,0.00006194
1771742771.666187,25.200000,0.010000,0.007890,-0.041443,0.037875,2.1701,0.706320,-0.076336,-0.509562,0.039109,0.039109,2.2408,2.2408,1,1,0.007890,0.00006225
1771742771.676187,25.210000,0.010000,0.007870,-0.035557,0.037250,2.1343,0.584410,-0.084286,-0.794932,0.036679,0.036679,2.1015,2.1015,1,1,0.007870,0.00006194
1771742771.686187,25.220000,0.010000,0.007830,-0.045170,0.036845,2.1110,0.735295,-0.094732,-1.044632,0.032641,0.032641,1.8702,1.8702,1,1,0.007830,0.00006130
1771742771.696187,25.230000,0.010000,0.007860,-0.020225,0.035027,2.0069,0.276876,-0.107363,-1.263119,0.013111,0.013111,0.7512,0.7512,1,1,0.007860,0.00006178
1771742771.706187,25.240000,0.010000,0.007887,-0.041131,0.033120,1.8976,0.625547,-0.121906,-1.454295,0.094895,0.094895,5.4371,5.4371,1,1,0.007887,0.00006220
1771742771.716187,25.250000,0.010000,0.007934,-0.018819,0.030643,1.7557,0.208464,-0.138122,-1.621574,0.032308,0.032308,1.8511,1.8511,1,1,0.007934,0.00006295
1771742771.726187,25.260000,0.010000,0.007963,-0.041241,0.028296,1.6213,0.577207,-0.148820,-1.069811,0.084608,0.084608,4.8477,4.8477,1,1,0.007963,0.00006341
1771742771.736187,25.270000,0.010000,0.008002,-0.020205,0.025508,1.4615,0.175273,-0.155452,-0.663189,0.052449,0.052449,3.0051,3.0051,1,1,0.008002,0.00006404
1771742771.746186,25.280000,0.010000,0.008014,-0.043477,0.022932,1.3139,0.551044,-0.157764,-0.231224,0.083879,0.083879,4.8059,4.8059,1,1,0.008014,0.00006423
1771742771.756186,25.290000,0.010000,0.007998,-0.030765,0.020511,1.1752,0.287265,-0.156297,0.146745,0.068600,0.068600,3.9305,3.9305,1,1,0.007998,0.00006398
1771742771.766186,25.300000,0.010000,0.007935,-0.052006,0.018585,1.0649,0.619108,-0.151522,0.477467,0.080166,0.080166,4.5932,4.5932,1,1,0.007935,0.00006297
1771742771.776186,25.310000,0.010000,0.007854,-0.038690,0.016589,0.9505,0.338176,-0.143853,0.766850,0.066477,0.066477,3.8089,3.8089,1,1,0.007854,0.00006169
1771742771.786186,25.320000,0.010000,0.007732,-0.058846,0.014931,0.8555,0.645974,-0.138835,0.501821,0.063706,0.063706,3.6501,3.6501,1,1,0.007732,0.00005978
1771742771.796186,25.330000,0.010000,0.007568,-0.052050,0.013579,0.7780,0.475556,-0.130954,0.788159,0.059545,0.059545,3.4117,3.4117,1,1,0.007568,0.00005728
1771742771.806186,25.340000,0.010000,0.007354,-0.069241,0.012706,0.7280,0.728145,-0.120567,1.038705,0.033436,0.033436,1.9157,1.9157,1,1,0.007354,0.00005408
1771742771.816186,25.350000,0.010000,0.007099,-0.064700,0.012109,0.6938,0.596240,-0.107987,1.257933,-0.048307,-0.048307,-2.7678,-2.7678,1,1,0.007099,0.00005040
1771742771.826186,25.360000,0.010000,0.006799,-0.078933,0.011903,0.6820,0.797722,-0.093490,1.449757,-0.062153,-0.062153,-3.5611,-3.5611,1,1,0.006799,0.00004622
1771742771.836186,25.370000,0.010000,0.006448,-0.084142,0.012636,0.7240,0.897161,-0.077314,1.617603,-0.036504,-0.036504,-2.0915,-2.0915,1,1,0.006448,0.00004158
1771742771.846187,25.380000,0.010000,0.006109,-0.081437,0.013620,0.7804,0.904639,-0.063611,1.370272,-0.004021,-0.004021,-0.2304,-0.2304,1,1,0.006109,0.00003731
1771742771.856187,25.390000,0.010000,0.005763,-0.082852,0.014903,0.8539,0.954279,-0.048130,1.548054,-0.005245,-0.005245,-0.3005,-0.3005,1,1,0.005763,0.00003322
1771742771.866187,25.400000,0.010000,0.005421,-0.082249,0.016427,0.9412,0.979320,-0.035558,1.257242,0.069159,0.069159,3.9625,3.9625,1,1,0.005421,0.00002938
1771742771.876187,25.410000,0.010000,0.005080,-0.081737,0.018130,1.0388,0.997629,-0.021067,1.449152,0.062414,0.062414,3.5760,3.5760,1,1,0.005080,0.00002581
1771742771.886187,25.420000,0.010000,0.004741,-0.081292,0.019964,1.1438,1.010892,-0.009858,1.120830,0.147973,0.147973,8.4783,8.4783,1,1,0.004741,0.00002248
1771742771.896187,25.430000,0.010000,0.004404,-0.080896,0.021893,1.2544,1.020374,0.001395,1.125298,0.117327,0.117327,6.7224,6.7224,1,1,0.004404,0.00001940
1771742771.906187,25.440000,0.010000,0.004068,-0.080536,0.023892,1.3689,1.027019,0.009530,0.813532,0.151295,0.151295,8.6686,8.6686,1,1,0.004068,0.00001655
1771742771.916187,25.450000,0.010000,0.003734,-0.080203,0.025939,1.4862,1.031534,0.016302,0.677194,0.091338,0.091338,5.2333,5.2333,1,1,0.003734,0.00001394
1771742771.926187,25.460000,0.010000,0.003401,-0.079889,0.028022,1.6055,1.034449,0.021707,0.540540,0.070773,0.070773,4.0550,4.0550,1,1,0.003401,0.00001157
1771742771.936187,25.470000,0.010000,0.003070,-0.079556,0.030126,1.7261,1.035986,0.023173,0.146601,0.049536,0.049536,2.8382,2.8382,1,1,0.003070,0.00000942
1771742771.946187,25.480000,0.010000,0.002743,-0.078952,0.032230,1.8466,1.035130,0.020966,-0.220790,-0.012441,-0.012441,-0.7128,-0.7128,1,1,0.002743,0.00000752
1771742771.956187,25.490000,0.010000,0.002424,-0.077781,0.034301,1.9653,1.030865,0.015543,-0.542257,-0.020654,-0.020654,-1.1834,-1.1834,1,1,0.002424,0.00000588
1771742771.966187,25.500000,0.010000,0.002118,-0.076140,0.036322,2.0811,1.024593,0.009037,-0.650589,-0.018914,-0.018914,-1.0837,-1.0837,1,1,0.002118,0.00000449
1771742771.976187,25.510000,0.010000,0.001829,-0.074108,0.038282,2.1934,1.017277,0.006835,-0.220200,-0.009207,-0.009207,-0.5275,-0.5275,1,1,0.001829,0.00000334
1771742771.986187,25.520000,0.010000,0.001559,-0.071722,0.040176,2.3019,1.009447,0.005325,-0.151001,-0.068827,-0.068827,-3.9435,-3.9435,1,1,0.001559,0.00000243
1771742771.996186,25.530000,0.010000,0.001311,-0.069026,0.042002,2.4066,1.001570,0.007494,0.216940,-0.097858,-0.097858,-5.6069,-5.6069,1,1,0.001311,0.00000172
1771742772.006186,25.540000,0.010000,0.001087,-0.066057,0.043764,2.5075,0.993987,0.012883,0.538888,-0.153638,-0.153638,-8.8028,-8.8028,1,1,0.001087,0.00000118
1771742772.016186,25.550000,0.010000,0.000889,-0.062849,0.045466,2.6050,0.986966,0.021089,0.820593,-0.146907,-0.146907,-8.4172,-8.4172,1,1,0.000889,0.00000079
1771742772.026186,25.560000,0.010000,0.000719,-0.059434,0.047113,2.6994,0.980721,0.031760,1.067085,-0.088449,-0.088449,-5.0678,-5.0678,1,1,0.000719,0.00000052
1771742772.036186,25.570000,0.010000,0.000579,-0.055840,0.048713,2.7911,0.975430,0.044588,1.282765,-0.046914,-0.046914,-2.6880,-2.6880,1,1,0.000579,0.00000034
1771742772.046186,25.580000,0.010000,0.000470,-0.052097,0.050276,2.8806,0.971244,0.052321,0.773354,-0.020414,-0.020414,-1.1696,-1.1696,1,1,0.000470,0.00000022
1771742772.056186,25.590000,0.010000,0.000393,-0.048231,0.051812,2.9686,0.968296,0.055598,0.327619,-0.174913,-0.174913,-10.0218,-10.0218,1,1,0.000393,0.00000015
1771742772.066186,25.600000,0.010000,0.000349,-0.044268,0.053331,3.0556,0.966700,0.054974,-0.062400,-0.267104,-0.267104,-15.3040,-15.3040,1,1,0.000349,0.00000012
1771742772.076186,25.610000,0.010000,0.000339,-0.040234,0.054846,3.1424,0.966560,0.050937,-0.403666,-0.282323,-0.282323,-16.1759,-16.1759,1,1,0.000339,0.00000011
1771742772.086186,25.620000,0.010000,0.000362,-0.036151,0.056369,3.2297,0.967964,0.043914,-0.702273,-0.255705,-0.255705,-14.6508,-14.6508,1,1,0.000362,0.00000013
1771742772.096187,25.630000,0.010000,0.000419,-0.032041,0.057914,3.3182,0.970992,0.036061,-0.785358,-0.236093,-0.236093,-13.5271,-13.5271,1,1,0.000419,0.00000018
1771742772.106187,25.640000,0.010000,0.000511,-0.027926,0.059494,3.4088,0.975710,0.030402,-0.565847,-0.246349,-0.246349,-14.1148,-14.1148,1,1,0.000511,0.00000026
1771742772.116187,25.650000,0.010000,0.000637,-0.023824,0.061125,3.5022,0.982177,0.021960,-0.844182,-0.290516,-0.290516,-16.6453,-16.6453,1,1,0.000637,0.00000041
1771742772.126187,25.660000,0.010000,0.000805,-0.017945,0.062686,3.5916,0.957994,0.011083,-1.087725,-0.274813,-0.274813,-15.7456,-15.7456,1,1,0.000805,0.00000065
1771742772.136187,25.670000,0.010000,0.001034,-0.008711,0.063731,3.6515,0.851005,-0.001925,-1.300825,-0.246739,-0.246739,-14.1371,-14.1371,1,1,0.001034,0.00000107
1771742772.146187,25.680000,0.010000,0.001300,-0.007807,0.064613,3.7020,0.895167,-0.016798,-1.487288,-0.172028,-0.172028,-9.8565,-9.8565,1,1,0.001300,0.00000169
1771742772.156187,25.690000,0.010000,0.001603,0.000010,0.064931,3.7203,0.721020,-0.026321,-0.952311,-0.107174,-0.107174,-6.1406,-6.1406,1,1,0.001603,0.00000257
1771742772.166187,25.700000,0.010000,0.001920,-0.002376,0.065180,3.7346,0.841677,-0.031163,-0.484206,-0.166867,-0.166867,-9.5607,-9.5607,1,1,0.001920,0.00000368
1771742772.176187,25.710000,0.010000,0.002241,0.000012,0.065513,3.7536,0.760673,-0.031909,-0.074615,-0.262031,-0.262031,-15.0133,-15.0133,1,1,0.002241,0.00000502
1771742772.186187,25.720000,0.010000,0.002567,0.000015,0.065843,3.7725,0.821853,-0.036053,-0.414354,-0.330534,-0.330534,-18.9382,-18.9382,1,1,0.002567,0.00000659
1771742772.196187,25.730000,0.010000,0.002895,0.000013,0.065886,3.7750,0.699561,-0.043169,-0.711625,-0.266131,-0.266131,-15.2482,-15.2482,1,1,0.002895,0.00000838
1771742772.206187,25.740000,0.010000,0.003216,0.000015,0.065735,3.7663,0.748143,-0.052887,-0.971738,-0.181839,-0.181839,-10.4186,-10.4186,1,1,0.003216,0.00001034
1771742772.216187,25.750000,0.010000,0.003539,0.000012,0.065173,3.7342,0.606773,-0.064880,-1.199337,-0.111379,-0.111379,-6.3815,-6.3815,1,1,0.003539,0.00001252
1771742772.226187,25.760000,0.010000,0.003853,0.000013,0.064323,3.6854,0.648287,-0.078865,-1.398485,-0.070443,-0.070443,-4.0361,-4.0361,1,1,0.003853,0.00001485
1771742772.236187,25.770000,0.010000,0.004169,0.000010,0.062975,3.6082,0.492171,-0.094592,-1.572741,-0.010626,-0.010626,-0.6088,-0.6088,1,1,0.004169,0.00001738
1771742772.246186,25.780000,0.010000,0.004476,0.000011,0.061275,3.5108,0.530864,-0.111844,-1.725214,0.007160,0.007160,0.4102,0.4102,1,1,0.004476,0.00002004
1771742772.256186,25.790000,0.010000,0.004784,0.000008,0.059018,3.3815,0.363177,-0.130431,-1.858628,0.052252,0.052252,2.9938,2.9938,1,1,0.004784,0.00002288
1771742772.266186,25.800000,0.010000,0.005069,-0.003239,0.056617,3.2439,0.461925,-0.144969,-1.453856,0.074328,0.074328,4.2587,4.2587,1,1,0.005069,0.00002570
1771742772.276186,25.810000,0.010000,0.005358,0.000006,0.053727,3.0783,0.262556,-0.154200,-0.923058,0.067811,0.067811,3.8853,3.8853,1,1,0.005358,0.00002871
1771742772.286186,25.820000,0.010000,0.005584,-0.015951,0.051469,2.9490,0.573924,-0.158786,-0.458610,0.067884,0.067884,3.8895,3.8895,1,1,0.005584,0.00003118
1771742772.296186,25.830000,0.010000,0.005835,0.003112,0.048018,2.7512,0.033887,-0.159796,-0.101008,0.043341,0.043341,2.4832,2.4832,1,1,0.005835,0.00003405
1771742772.306186,25.840000,0.010000,0.006049,-0.019266,0.044472,2.5481,0.447393,-0.164170,-0.437448,0.081184,0.081184,4.6515,4.6515,1,1,0.006049,0.00003659
1771742772.316186,25.850000,0.010000,0.006259,-0.001514,0.040999,2.3491,0.129321,-0.171489,-0.731833,0.059363,0.059363,3.4012,3.4012,1,1,0.006259,0.00003918
1771742772.326186,25.860000,0.010000,0.006441,-0.022842,0.038039,2.1795,0.509448,-0.181383,-0.989419,0.085140,0.085140,4.8782,4.8782,1,1,0.006441,0.00004148
1771742772.336186,25.870000,0.010000,0.006644,0.000002,0.034083,1.9528,-0.038197,-0.186550,-0.516676,0.048860,0.048860,2.7995,2.7995,1,1,0.006644,0.00004414
1771742772.346187,25.880000,0.010000,0.006811,-0.025359,0.030118,1.7256,0.400621,-0.187580,-0.103026,0.069352,0.069352,3.9736,3.9736,1,1,0.006811,0.00004639
1771742772.356187,25.890000,0.010000,0.006928,-0.016609,0.026903,1.5414,0.227581,-0.184991,0.258918,0.070133,0.070133,4.0183,4.0183,1,1,0.006928,0.00004800
1771742772.366187,25.900000,0.010000,0.006987,-0.037324,0.024526,1.4052,0.569542,-0.179235,0.575619,0.069769,0.069769,3.9975,3.9975,1,1,0.006987,0.00004882
1771742772.376187,25.910000,0.010000,0.007081,-0.011582,0.021289,1.2198,0.086177,-0.170707,0.852733,0.083114,0.083114,4.7621,4.7621,1,1,0.007081,0.00005014
1771742772.386187,25.920000,0.010000,0.007162,-0.035359,0.018028,1.0330,0.473426,-0.159755,1.095207,0.073940,0.073940,4.2364,4.2364,1,1,0.007162,0.00005130
1771742772.396187,25.930000,0.010000,0.007111,-0.047453,0.016789,0.9619,0.646471,-0.146682,1.307372,0.022796,0.022796,1.3061,1.3061,1,1,0.007111,0.00005056
1771742772.406187,25.940000,0.010000,0.007050,-0.039337,0.015348,0.8794,0.460590,-0.131751,1.493016,-0.043356,-0.043356,-2.4841,-2.4841,1,1,0.007050,0.00004970
1771742772.416187,25.950000,0.010000,0.006945,-0.056030,0.014331,0.8211,0.711844,-0.115197,1.655455,-0.031308,-0.031308,-1.7938,-1.7938,1,1,0.006945,0.00004824
1771742772.426187,25.960000,0.010000,0.006764,-0.060572,0.014285,0.8185,0.746312,-0.097221,1.797589,-0.133567,-0.133567,-7.6528,-7.6528,1,1,0.006764,0.00004575
1771742772.436187,25.970000,0.010000,0.006521,-0.071243,0.014953,0.8568,0.890285,-0.078001,1.921956,-0.123532,-0.123532,-7.0779,-7.0779,1,1,0.006521,0.00004252
1771742772.446187,25.980000,0.010000,0.006258,-0.067002,0.015604,0.8941,0.772859,-0.060831,1.717053,-0.011777,-0.011777,-0.6747,-0.6747,1,1,0.006258,0.00003916
1771742772.456187,25.990000,0.010000,0.005969,-0.076541,0.016398,0.9395,0.903108,-0.042584,1.824632,-0.064541,-0.064541,-3.6979,-3.6979,1,1,0.005969,0.00003562
1771742772.466187,26.000000,0.010000,0.005625,-0.082408,0.017909,1.0261,0.979111,-0.030110,1.247488,0.095980,0.095980,5.4993,5.4993,1,1,0.005625,0.00003164
1771742772.476187,26.010000,0.010000,0.005284,-0.081852,0.019629,1.1247,1.000818,-0.017677,1.243266,0.058195,0.058195,3.3343,3.3343,1,1,0.005284,0.00002792
1771742772.486187,26.020000,0.010000,0.004945,-0.081372,0.021505,1.2322,1.016752,-0.006701,1.097630,0.101059,0.101059,5.7902,5.7902,1,1,0.004945,0.00002445
1771742772.496186,26.030000,0.010000,0.004608,-0.080949,0.023497,1.3463,1.028365,0.002858,0.955876,0.108516,0.108516,6.2175,6.2175,1,1,0.004608,0.00002123
1771742772.506186,26.040000,0.010000,0.004272,-0.080568,0.025573,1.4652,1.036741,0.012890,1.003194,0.094686,0.094686,5.4251,5.4251,1,1,0.004272,0.00001825
1771742772.516186,26.050000,0.010000,0.003938,-0.080218,0.027712,1.5878,1.042695,0.020521,0.763121,0.134252,0.134252,7.6921,7.6921,1,1,0.003938,0.00001551
1771742772.526186,26.060000,0.010000,0.003605,-0.079890,0.029896,1.7129,1.046834,0.023708,0.318665,0.089194,0.089194,5.1104,5.1104,1,1,0.003605,0.00001299
1771742772.536186,26.070000,0.010000,0.003273,-0.079547,0.032111,1.8398,1.049454,0.023006,-0.070234,-0.007013,-0.007013,-0.4018,-0.4018,1,1,0.003273,0.00001072
1771742772.546186,26.080000,0.010000,0.002946,-0.078946,0.034335,1.9673,1.049623,0.018900,-0.410521,-0.042139,-0.042139,-2.4144,-2.4144,1,1,0.002946,0.00000868
1771742772.556186,26.090000,0.010000,0.002627,-0.077755,0.036534,2.0933,1.046174,0.011818,-0.708271,-0.046740,-0.046740,-2.6780,-2.6780,1,1,0.002627,0.00000690
1771742772.566186,26.100000,0.010000,0.002337,-0.072535,0.038424,2.2015,0.977227,0.002130,-0.968803,-0.020775,-0.020775,-1.1903,-1.1903,1,1,0.002337,0.00000546
1771742772.576186,26.110000,0.010000,0.002070,-0.071719,0.040140,2.2998,0.992884,-0.002857,-0.498637,0.033030,0.033030,1.8925,1.8925,1,1,0.002070,0.00000428
1771742772.586186,26.120000,0.010000,0.001834,-0.065498,0.041580,2.3824,0.916897,-0.010567,-0.771055,-0.034456,-0.034456,-1.9742,-1.9742,1,1,0.001834,0.00000336
1771742772.596187,26.130000,0.010000,0.001623,-0.064996,0.042889,2.4573,0.947889,-0.013823,-0.325607,0.023931,0.023931,1.3711,1.3711,1,1,0.001623,0.00000263
1771742772.606187,26.140000,0.010000,0.001424,-0.063215,0.044343,2.5407,0.959954,-0.013182,0.064160,-0.062761,-0.062761,-3.5960,-3.5960,1,1,0.001424,0.00000203
1771742772.616187,26.150000,0.010000,0.001244,-0.060871,0.045858,2.6275,0.966049,-0.009130,0.405205,-0.172006,-0.172006,-9.8552,-9.8552,1,1,0.001244,0.00000155
1771742772.626187,26.160000,0.010000,0.001085,-0.058392,0.047422,2.7171,0.973744,-0.002094,0.703621,-0.235231,-0.235231,-13.4777,-13.4777,1,1,0.001085,0.00000118
1771742772.636187,26.170000,0.010000,0.000949,-0.055482,0.049024,2.8089,0.977640,0.007554,0.964734,-0.220459,-0.220459,-12.6313,-12.6313,1,1,0.000949,0.00000090
1771742772.646187,26.180000,0.010000,0.000840,-0.052254,0.050645,2.9017,0.979558,0.019486,1.193208,-0.193183,-0.193183,-11.0686,-11.0686,1,1,0.000840,0.00000071
1771742772.656187,26.190000,0.010000,0.000759,-0.048784,0.052276,2.9952,0.980667,0.028199,0.871350,-0.161758,-0.161758,-9.2680,-9.2680,1,1,0.000759,0.00000058
1771742772.666187,26.200000,0.010000,0.000708,-0.045132,0.053916,3.0892,0.981762,0.032333,0.413366,-0.239697,-0.239697,-13.7336,-13.7336,1,1,0.000708,0.00000050
1771742772.676187,26.210000,0.010000,0.000689,-0.041344,0.055568,3.1838,0.983393,0.032459,0.012629,-0.307155,-0.307155,-17.5987,-17.5987,1,1,0.000689,0.00000047
1771742772.686187,26.220000,0.010000,0.000702,-0.037456,0.057240,3.2796,0.985943,0.029079,-0.338015,-0.308029,-0.308029,-17.6487,-17.6487,1,1,0.000702,0.00000049
1771742772.696187,26.230000,0.010000,0.000747,-0.033501,0.058939,3.3770,0.989687,0.022847,-0.623181,-0.282962,-0.282962,-16.2125,-16.2125,1,1,0.000747,0.00000056
1771742772.706187,26.240000,0.010000,0.000826,-0.029503,0.060679,3.4766,0.994822,0.020885,-0.196217,-0.270467,-0.270467,-15.4966,-15.4966,1,1,0.000826,0.00000068
1771742772.716187,26.250000,0.010000,0.000943,-0.024543,0.062400,3.5752,0.984538,0.015678,-0.520756,-0.314156,-0.314156,-17.9998,-17.9998,1,1,0.000943,0.00000089
1771742772.726187,26.260000,0.010000,0.001100,-0.019338,0.064041,3.6693,0.971359,0.014612,-0.106595,-0.291582,-0.291582,-16.7064,-16.7064,1,1,0.001100,0.00000121
1771742772.736187,26.270000,0.010000,0.001308,-0.012329,0.065462,3.7507,0.926842,0.010188,-0.442337,-0.322197,-0.322197,-18.4605,-18.4605,1,1,0.001308,0.00000171
1771742772.746186,26.280000,0.010000,0.001555,-0.009393,0.066759,3.8250,0.929749,0.002827,-0.736111,-0.296934,-0.296934,-17.0131,-17.0131,1,1,0.001555,0.00000242
1771742772.756186,26.290000,0.010000,0.001839,-0.002954,0.067603,3.8734,0.815172,-0.007104,-0.993163,-0.272156,-0.272156,-15.5934,-15.5934,1,1,0.001839,0.00000338
1771742772.766186,26.300000,0.010000,0.002146,-0.002655,0.068333,3.9152,0.876954,-0.019285,-1.218083,-0.227239,-0.227239,-13.0199,-13.0199,1,1,0.002146,0.00000461
1771742772.776186,26.310000,0.010000,0.002467,0.000011,0.068481,3.9237,0.683621,-0.033434,-1.414889,-0.179448,-0.179448,-10.2816,-10.2816,1,1,0.002467,0.00000609
1771742772.786186,26.320000,0.010000,0.002782,-0.001815,0.068443,3.9215,0.791382,-0.049305,-1.587093,-0.098933,-0.098933,-5.6684,-5.6684,1,1,0.002782,0.00000774
1771742772.796186,26.330000,0.010000,0.003125,0.006040,0.067512,3.8682,0.486488,-0.066683,-1.737773,-0.010852,-0.010852,-0.6218,-0.6218,1,1,0.003125,0.00000977
1771742772.806186,26.340000,0.010000,0.003448,-0.003132,0.066533,3.8121,0.718016,-0.085379,-1.869617,-0.042945,-0.042945,-2.4605,-2.4605,1,1,0.003448,0.00001189
1771742772.816186,26.350000,0.010000,0.003819,0.015295,0.064257,3.6817,0.216501,-0.105229,-1.984981,0.054710,0.054710,3.1346,3.1346,1,1,0.003819,0.00001458
1771742772.826186,26.360000,0.010000,0.004171,-0.001874,0.061732,3.5370,0.559251,-0.126088,-2.085924,0.070668,0.070668,4.0490,4.0490,1,1,0.004171,0.00001740
1771742772.836186,26.370000,0.010000,0.004518,0.010653,0.058696,3.3630,0.156597,-0.144135,-1.804737,0.099719,0.099719,5.7135,5.7135,1,1,0.004518,0.00002041
1771742772.846187,26.380000,0.010000,0.004824,-0.007190,0.055814,3.1979,0.517105,-0.163417,-1.928211,0.097930,0.097930,5.6110,5.6110,1,1,0.004824,0.00002327
1771742772.856187,26.390000,0.010000,0.005167,0.016248,0.051605,2.9568,-0.095208,-0.179438,-1.602059,0.073294,0.073294,4.1995,4.1995,1,1,0.005167,0.00002670
1771742772.866187,26.400000,0.010000,0.005478,-0.007833,0.047264,2.7080,0.360836,-0.196947,-1.750868,0.089633,0.089633,5.1356,5.1356,1,1,0.005478,0.00003001
1771742772.876187,26.410000,0.010000,0.005750,0.002089,0.042861,2.4558,-0.018314,-0.209445,-1.249839,0.030518,0.030518,1.7486,1.7486,1,1,0.005750,0.00003306
1771742772.886187,26.420000,0.010000,0.005948,-0.021340,0.038960,2.2322,0.407268,-0.217284,-0.783888,0.067540,0.067540,3.8698,3.8698,1,1,0.005948,0.00003538
1771742772.896187,26.430000,0.010000,0.006155,0.000001,0.034098,1.9537,-0.167168,-0.220652,-0.336836,0.031850,0.031850,1.8249,1.8249,1,1,0.006155,0.00003788
1771742772.906187,26.440000,0.010000,0.006308,-0.027501,0.029350,1.6816,0.314956,-0.220109,0.054334,0.032928,0.032928,1.8867,1.8867,1,1,0.006308,0.00003979
1771742772.916187,26.450000,0.010000,0.006420,-0.015241,0.025215,1.4447,0.083093,-0.216143,0.396608,0.075720,0.075720,4.3384,4.3384,1,1,0.006420,0.00004121
1771742772.926187,26.460000,0.010000,0.006477,-0.038038,0.021882,1.2538,0.464718,-0.209182,0.696098,0.033920,0.033920,1.9435,1.9435,1,1,0.006477,0.00004195
1771742772.936187,26.470000,0.010000,0.006551,-0.015184,0.018034,1.0333,0.032531,-0.199600,0.958152,0.114074,0.114074,6.5360,6.5360,1,1,0.006551,0.00004291
1771742772.946187,26.480000,0.010000,0.006600,-0.039305,0.014359,0.8227,0.426093,-0.187726,1.187449,0.049559,0.049559,2.8395,2.8395,1,1,0.006600,0.00004356
1771742772.956187,26.490000,0.010000,0.006538,-0.045944,0.012320,0.7059,0.502553,-0.173845,1.388083,0.099318,0.099318,5.6905,5.6905,1,1,0.006538,0.00004275
1771742772.966187,26.500000,0.010000,0.006433,-0.050627,0.010692,0.6126,0.541449,-0.158209,1.563639,0.076162,0.076162,4.3638,4.3638,1,1,0.006433,0.00004138
1771742772.976187,26.510000,0.010000,0.006267,-0.060697,0.009738,0.5580,0.673720,-0.141036,1.717250,0.032494,0.032494,1.8617,1.8617,1,1,0.006267,0.00003928
1771742772.986187,26.520000,0.010000,0.006070,-0.059990,0.008972,0.5140,0.614664,-0.122520,1.851659,0.054118,0.054118,3.1007,3.1007,1,1,0.006070,0.00003684
1771742772.996186,26.530000,0.010000,0.005821,-0.072416,0.008726,0.5000,0.788809,-0.102827,1.969268,-0.035436,-0.035436,-2.0303,-2.0303,1,1,0.005821,0.00003388
1771742773.006186,26.540000,0.010000,0.005515,-0.075720,0.009103,0.5216,0.802048,-0.086159,1.666813,0.016704,0.016704,0.9571,0.9571,1,1,0.005515,0.00003042
1771742773.016186,26.550000,0.010000,0.005169,-0.083160,0.009902,0.5674,0.898710,-0.068084,1.807527,0.010871,0.010871,0.6229,0.6229,1,1,0.005169,0.00002671
1771742773.026186,26.560000,0.010000,0.004825,-0.082524,0.010962,0.6281,0.925514,-0.055592,1.249170,0.091468,0.091468,5.2408,5.2408,1,1,0.004825,0.00002328
1771742773.036186,26.570000,0.010000,0.004483,-0.081992,0.012210,0.6996,0.944658,-0.044527,1.106502,0.060943,0.060943,3.4918,3.4918,1,1,0.004483,0.00002010
1771742773.046186,26.580000,0.010000,0.004143,-0.081536,0.013592,0.7788,0.958047,-0.031354,1.317255,0.077037,0.077037,4.4139,4.4139,1,1,0.004143,0.00001717
1771742773.056186,26.590000,0.010000,0.003805,-0.081137,0.015068,0.8633,0.967105,-0.023195,0.815924,0.130734,0.130734,7.4905,7.4905,1,1,0.003805,0.00001448
1771742773.066186,26.600000,0.010000,0.003468,-0.080780,0.016607,0.9515,0.972897,-0.012565,1.063000,0.083403,0.083403,4.7786,4.7786,1,1,0.003468,0.00001203
1771742773.076186,26.610000,0.010000,0.003133,-0.080455,0.018186,1.0420,0.976220,-0.004800,0.776545,0.144420,0.144420,8.2746,8.2746,1,1,0.003133,0.00000982
1771742773.086186,26.620000,0.010000,0.002799,-0.080151,0.019788,1.1338,0.977668,0.005486,1.028543,0.117744,0.117744,6.7462,6.7462,1,1,0.002799,0.00000784
1771742773.096187,26.630000,0.010000,0.002466,-0.079865,0.021400,1.2261,0.977684,0.014320,0.883455,0.190671,0.190671,10.9247,10.9247,1,1,0.002466,0.00000608
1771742773.106187,26.640000,0.010000,0.002136,-0.079471,0.023006,1.3181,0.975958,0.018560,0.423957,0.182814,0.182814,10.4745,10.4745,1,1,0.002136,0.00000456
1771742773.116187,26.650000,0.010000,0.001810,-0.078758,0.024582,1.4084,0.971741,0.023005,0.444470,0.103195,0.103195,5.9127,5.9127,1,1,0.001810,0.00000328
1771742773.126187,26.660000,0.010000,0.001494,-0.077555,0.026103,1.4956,0.964720,0.023403,0.039846,0.115453,0.115453,6.6150,6.6150,1,1,0.001494,0.00000223
1771742773.136187,26.670000,0.010000,0.001190,-0.075955,0.027553,1.5787,0.956089,0.022566,-0.083741,0.103161,0.103161,5.9107,5.9107,1,1,0.001190,0.00000142
1771742773.146187,26.680000,0.010000,0.000902,-0.074023,0.028925,1.6573,0.946627,0.021104,-0.146184,0.091565,0.091565,5.2463,5.2463,1,1,0.000902,0.00000081
1771742773.156187,26.690000,0.010000,0.000632,-0.071793,0.030214,1.7311,0.936768,0.023315,0.221155,0.082184,0.082184,4.7088,4.7088,1,1,0.000632,0.00000040
1771742773.166187,26.700000,0.010000,0.000382,-0.069304,0.031420,1.8003,0.926891,0.028019,0.470341,0.043512,0.043512,2.4930,2.4930,1,1,0.000382,0.00000015
1771742773.176187,26.710000,0.010000,0.000154,-0.066593,0.032546,1.8647,0.917293,0.034146,0.612728,0.050424,0.050424,2.8891,2.8891,1,1,0.000154,0.00000002
1771742773.186187,26.720000,0.010000,-0.000050,-0.063688,0.033594,1.9248,0.908180,0.042998,0.885202,0.082295,0.082295,4.7152,4.7152,1,1,0.000050,0.00000000
1771742773.196187,26.730000,0.010000,-0.000229,-0.060619,0.034570,1.9807,0.899702,0.048049,0.505058,0.153740,0.153740,8.8087,8.8087,1,1,0.000229,0.00000005
1771742773.206187,26.740000,0.010000,-0.000381,-0.057415,0.035480,2.0329,0.892025,0.055959,0.790992,0.035927,0.035927,2.0585,2.0585,1,1,0.000381,0.00000014
1771742773.216187,26.750000,0.010000,-0.000506,-0.054101,0.036332,2.0817,0.885283,0.063682,0.772320,0.092980,0.092980,5.3273,5.3273,1,1,0.000506,0.00000026
1771742773.226187,26.760000,0.010000,-0.000602,-0.050705,0.037135,2.1277,0.879591,0.073930,1.024846,0.062726,0.062726,3.5939,3.5939,1,1,0.000602,0.00000036
1771742773.236187,26.770000,0.010000,-0.000670,-0.047251,0.037897,2.1713,0.875044,0.086388,1.245806,0.099222,0.099222,5.6850,5.6850,1,1,0.000670,0.00000045
1771742773.246186,26.780000,0.010000,-0.000709,-0.043762,0.038629,2.2133,0.871726,0.093798,0.741015,0.087532,0.087532,5.0152,5.0152,1,1,0.000709,0.00000050
1771742773.256186,26.790000,0.010000,-0.000719,-0.040261,0.039341,2.2541,0.869706,0.096792,0.299322,-0.004807,-0.004807,-0.2754,-0.2754,1,1,0.000719,0.00000052
1771742773.266186,26.800000,0.010000,-0.000700,-0.036768,0.040045,2.2944,0.869043,0.097588,0.079621,-0.098207,-0.098207,-5.6269,-5.6269,1,1,0.000700,0.00000049
1771742773.276186,26.810000,0.010000,-0.000651,-0.033302,0.040752,2.3349,0.869787,0.096835,-0.075281,-0.142115,-0.142115,-8.1426,-8.1426,1,1,0.000651,0.00000042
1771742773.286186,26.820000,0.010000,-0.000574,-0.029882,0.041475,2.3763,0.871976,0.095004,-0.183140,-0.165942,-0.165942,-9.5078,-9.5078,1,1,0.000574,0.00000033
1771742773.296186,26.830000,0.010000,-0.000469,-0.026522,0.042225,2.4193,0.875642,0.089911,-0.509314,-0.183888,-0.183888,-10.5360,-10.5360,1,1,0.000469,0.00000022
1771742773.306186,26.840000,0.010000,-0.000337,-0.023238,0.043014,2.4645,0.880807,0.084975,-0.493581,-0.180348,-0.180348,-10.3332,-10.3332,1,1,0.000337,0.00000011
1771742773.316186,26.850000,0.010000,-0.000177,-0.020041,0.043856,2.5128,0.887484,0.084147,-0.082818,-0.201985,-0.201985,-11.5729,-11.5729,1,1,0.000177,0.00000003
1771742773.326186,26.860000,0.010000,0.000008,-0.016942,0.044763,2.5647,0.895682,0.086913,0.276600,-0.256252,-0.256252,-14.6822,-14.6822,1,1,0.000008,0.00000000
1771742773.336186,26.870000,0.010000,0.000219,-0.013949,0.045747,2.6211,0.905400,0.085842,-0.107041,-0.286326,-0.286326,-16.4053,-16.4053,1,1,0.000219,0.00000005
1771742773.346187,26.880000,0.010000,0.000454,-0.011073,0.046823,2.6827,0.916659,0.086734,0.089219,-0.281492,-0.281492,-16.1283,-16.1283,1,1,0.000454,0.00000021
1771742773.356187,26.890000,0.010000,0.000707,-0.009482,0.048029,2.7519,0.936004,0.084024,-0.270999,-0.307026,-0.307026,-17.5913,-17.5913,1,1,0.000707,0.00000050
1771742773.366187,26.900000,0.010000,0.000972,-0.008368,0.049403,2.8306,0.957256,0.085144,0.111942,-0.296597,-0.296597,-16.9938,-16.9938,1,1,0.000972,0.00000094
1771742773.376187,26.910000,0.010000,0.001245,-0.007263,0.050947,2.9191,0.977608,0.085442,0.029848,-0.318950,-0.318950,-18.2745,-18.2745,1,1,0.001245,0.00000155
1771742773.386187,26.920000,0.010000,0.001528,-0.006177,0.052659,3.0172,0.997622,0.082213,-0.322949,-0.311565,-0.311565,-17.8514,-17.8514,1,1,0.001528,0.00000234
1771742773.396187,26.930000,0.010000,0.001820,-0.005128,0.054539,3.1249,1.017742,0.075896,-0.631646,-0.295477,-0.295477,-16.9296,-16.9296,1,1,0.001820,0.00000331
1771742773.406187,26.940000,0.010000,0.002120,-0.004115,0.056590,3.2424,1.038221,0.066879,-0.901756,-0.285183,-0.285183,-16.3398,-16.3398,1,1,0.002120,0.00000450
1771742773.416187,26.950000,0.010000,0.002429,-0.003143,0.058816,3.3699,1.059264,0.055498,-1.138103,-0.275862,-0.275862,-15.8057,-15.8057,1,1,0.002429,0.00000590
1771742773.426187,26.960000,0.010000,0.002745,-0.002209,0.061223,3.5078,1.080992,0.042049,-1.344906,-0.263642,-0.263642,-15.1056,-15.1056,1,1,0.002745,0.00000754
1771742773.436187,26.970000,0.010000,0.003074,0.000019,0.063210,3.6217,0.957783,0.026790,-1.525858,-0.250851,-0.250851,-14.3727,-14.3727,1,1,0.003074,0.00000945
1771742773.446187,26.980000,0.010000,0.003407,0.000020,0.064799,3.7127,0.956940,0.009948,-1.684192,-0.218971,-0.218971,-12.5461,-12.5461,1,1,0.003407,0.00001160
1771742773.456187,26.990000,0.010000,0.003737,0.000017,0.065784,3.7692,0.807756,-0.008279,-1.822734,-0.161771,-0.161771,-9.2688,-9.2688,1,1,0.003737,0.00001397
1771742773.466187,27.000000,0.010000,0.004060,0.000018,0.066278,3.7975,0.805915,-0.027719,-1.943958,-0.059786,-0.059786,-3.4255,-3.4255,1,1,0.004060,0.00001649
1771742773.476187,27.010000,0.010000,0.004382,0.000014,0.066131,3.7890,0.649391,-0.048219,-2.050029,0.014124,0.014124,0.8092,0.8092,1,1,0.004382,0.00001920
1771742773.486187,27.020000,0.010000,0.004696,0.000014,0.065471,3.7512,0.649062,-0.069647,-2.142841,0.010091,0.010091,0.5782,0.5782,1,1,0.004696,0.00002205
1771742773.496186,27.030000,0.010000,0.005008,0.000010,0.064148,3.6754,0.486977,-0.091888,-2.224052,0.051707,0.051707,2.9626,2.9626,1,1,0.005008,0.00002508
1771742773.506186,27.040000,0.010000,0.005312,0.000011,0.062305,3.5698,0.490075,-0.114839,-2.295111,0.052699,0.052699,3.0194,3.0194,1,1,0.005312,0.00002822
1771742773.516186,27.050000,0.010000,0.005615,0.000007,0.059791,3.4257,0.323680,-0.138412,-2.357288,0.090065,0.090065,5.1603,5.1603,1,1,0.005615,0.00003152
1771742773.526186,27.060000,0.010000,0.005906,-0.000777,0.056916,3.2610,0.369672,-0.158045,-1.963318,0.080853,0.080853,4.6325,4.6325,1,1,0.005906,0.00003488
1771742773.536186,27.070000,0.010000,0.006198,0.000005,0.053546,3.0680,0.211774,-0.173937,-1.589226,0.071127,0.071127,4.0753,4.0753,1,1,0.006198,0.00003841
1771742773.546186,27.080000,0.010000,0.006458,-0.006441,0.050217,2.8772,0.347672,-0.186678,-1.274052,0.065560,0.065560,3.7563,3.7563,1,1,0.006458,0.00004170
1771742773.556186,27.090000,0.010000,0.006723,0.000003,0.046210,2.6477,0.073674,-0.196298,-0.962047,0.049294,0.049294,2.8243,2.8243,1,1,0.006723,0.00004519
1771742773.566186,27.100000,0.010000,0.006906,-0.022934,0.043002,2.4638,0.486084,-0.203117,-0.681906,0.069824,0.069824,4.0006,4.0006,1,1,0.006906,0.00004769
1771742773.576186,27.110000,0.010000,0.007125,0.004666,0.038219,2.1898,-0.226477,-0.205594,-0.247602,0.041169,0.041169,2.3588,2.3588,1,1,0.007125,0.00005077
1771742773.586186,27.120000,0.010000,0.007300,-0.025405,0.033280,1.9068,0.299142,-0.204269,0.132414,0.038981,0.038981,2.2335,2.2335,1,1,0.007300,0.00005329
1771742773.596187,27.130000,0.010000,0.007386,-0.022416,0.029762,1.7053,0.229208,-0.199620,0.464928,0.061201,0.061201,3.5065,3.5065,1,1,0.007386,0.00005455
1771742773.606187,27.140000,0.010000,0.007410,-0.039516,0.027165,1.5564,0.507617,-0.192061,0.755878,0.055353,0.055353,3.1715,3.1715,1,1,0.007410,0.00005491
1771742773.616187,27.150000,0.010000,0.007476,-0.015265,0.023599,1.3521,0.051863,-0.181957,1.010459,0.064090,0.064090,3.6721,3.6721,1,1,0.007476,0.00005589
1771742773.626187,27.160000,0.010000,0.007519,-0.040201,0.020192,1.1569,0.459650,-0.169625,1.233218,0.059670,0.059670,3.4189,3.4189,1,1,0.007519,0.00005653
1771742773.636187,27.170000,0.010000,0.007446,-0.047240,0.018498,1.0599,0.543798,-0.155343,1.428131,0.027851,0.027851,1.5957,1.5957,1,1,0.007446,0.00005544
1771742773.646187,27.180000,0.010000,0.007333,-0.050812,0.017168,0.9837,0.564374,-0.139356,1.598681,-0.027942,-0.027942,-1.6010,-1.6010,1,1,0.007333,0.00005377
1771742773.656187,27.190000,0.010000,0.007155,-0.063018,0.016616,0.9520,0.735853,-0.121877,1.747911,-0.069858,-0.069858,-4.0025,-4.0025,1,1,0.007155,0.00005119
1771742773.666187,27.200000,0.010000,0.006958,-0.057339,0.016025,0.9182,0.591450,-0.103092,1.878488,-0.062600,-0.062600,-3.5867,-3.5867,1,1,0.006958,0.00004841
1771742773.676187,27.210000,0.010000,0.006720,-0.071369,0.015801,0.9053,0.796540,-0.083165,1.992743,-0.125614,-0.125614,-7.1971,-7.1971,1,1,0.006720,0.00004516
1771742773.686187,27.220000,0.010000,0.006400,-0.079414,0.016659,0.9545,0.896064,-0.066608,1.655739,-0.068852,-0.068852,-3.9449,-3.9449,1,1,0.006400,0.00004096
1771742773.696187,27.230000,0.010000,0.006061,-0.081341,0.017909,1.0261,0.937335,-0.049554,1.705391,-0.028120,-0.028120,-1.6112,-1.6112,1,1,0.006061,0.00003674
1771742773.706187,27.240000,0.010000,0.005718,-0.082438,0.019439,1.1138,0.982087,-0.038122,1.143152,0.046696,0.046696,2.6755,2.6755,1,1,0.005718,0.00003269
1771742773.716187,27.250000,0.010000,0.005378,-0.081466,0.021167,1.2128,0.998663,-0.028484,0.963795,-0.009705,-0.009705,-0.5560,-0.5560,1,1,0.005378,0.00002892
1771742773.726187,27.260000,0.010000,0.005039,-0.081400,0.023067,1.3216,1.020083,-0.017274,1.121063,-0.015349,-0.015349,-0.8794,-0.8794,1,1,0.005039,0.00002539
1771742773.736187,27.270000,0.010000,0.004702,-0.080954,0.025097,1.4380,1.033473,-0.008195,0.907832,0.056493,0.056493,3.2368,3.2368,1,1,0.004702,0.00002210
1771742773.746186,27.280000,0.010000,0.004366,-0.080555,0.027226,1.5599,1.043281,0.000840,0.903566,0.018078,0.018078,1.0358,1.0358,1,1,0.004366,0.00001906
1771742773.756186,27.290000,0.010000,0.004032,-0.080190,0.029428,1.6861,1.050410,0.008194,0.735373,0.046281,0.046281,2.6517,2.6517,1,1,0.004032,0.00001625
1771742773.766186,27.300000,0.010000,0.003699,-0.079850,0.031684,1.8153,1.055537,0.011138,0.294385,0.012581,0.012581,0.7209,0.7209,1,1,0.003699,0.00001368
1771742773.776186,27.310000,0.010000,0.003368,-0.079495,0.033979,1.9468,1.058996,0.010223,-0.091479,-0.068258,-0.068258,-3.9109,-3.9109,1,1,0.003368,0.00001134
1771742773.786186,27.320000,0.010000,0.003054,-0.075840,0.036064,2.0663,1.006485,0.005932,-0.429110,-0.071564,-0.071564,-4.1003,-4.1003,1,1,0.003054,0.00000932
1771742773.796186,27.330000,0.010000,0.002755,-0.075462,0.038017,2.1782,1.019371,-0.001313,-0.724537,-0.029494,-0.029494,-1.6899,-1.6899,1,1,0.002755,0.00000759
1771742773.806186,27.340000,0.010000,0.002503,-0.065357,0.039354,2.2548,0.864211,-0.011144,-0.983036,-0.013505,-0.013505,-0.7738,-0.7738,1,1,0.002503,0.00000626
1771742773.816186,27.350000,0.010000,0.002280,-0.066951,0.040408,2.3152,0.923035,-0.018357,-0.721358,0.085798,0.085798,4.9158,4.9158,1,1,0.002280,0.00000520
1771742773.826186,27.360000,0.010000,0.002058,-0.065963,0.041718,2.3902,0.939276,-0.021178,-0.282122,0.024724,0.024724,1.4166,1.4166,1,1,0.002058,0.00000423
1771742773.836186,27.370000,0.010000,0.001858,-0.061946,0.042932,2.4598,0.905361,-0.020156,0.102209,-0.052456,-0.052456,-3.0055,-3.0055,1,1,0.001858,0.00000345
1771742773.846187,27.380000,0.010000,0.001676,-0.061664,0.044181,2.5314,0.942148,-0.018850,0.130647,-0.149616,-0.149616,-8.5724,-8.5724,1,1,0.001676,0.00000281
1771742773.856187,27.390000,0.010000,0.001519,-0.056615,0.045359,2.5989,0.897084,-0.018412,0.043761,-0.184131,-0.184131,-10.5499,-10.5499,1,1,0.001519,0.00000231
1771742773.866187,27.400000,0.010000,0.001383,-0.055921,0.046535,2.6663,0.933461,-0.014539,0.387356,-0.173699,-0.173699,-9.9522,-9.9522,1,1,0.001383,0.00000191
1771742773.876187,27.410000,0.010000,0.001260,-0.054258,0.047919,2.7456,0.955530,-0.010462,0.407713,-0.254287,-0.254287,-14.5696,-14.5696,1,1,0.001260,0.00000159
1771742773.886187,27.420000,0.010000,0.001155,-0.051953,0.049433,2.8323,0.969355,-0.003403,0.705814,-0.265429,-0.265429,-15.2080,-15.2080,1,1,0.001155,0.00000133
1771742773.896187,27.430000,0.010000,0.001072,-0.049187,0.051031,2.9238,0.978236,-0.000718,0.268522,-0.267304,-0.267304,-15.3154,-15.3154,1,1,0.001072,0.00000115
1771742773.906187,27.440000,0.010000,0.001026,-0.043306,0.052475,3.0066,0.934396,-0.001859,-0.114109,-0.282793,-0.282793,-16.2028,-16.2028,1,1,0.001026,0.00000105
1771742773.916187,27.450000,0.010000,0.001013,-0.040967,0.053868,3.0864,0.956825,-0.006348,-0.448912,-0.256034,-0.256034,-14.6697,-14.6697,1,1,0.001013,0.00000103
1771742773.926187,27.460000,0.010000,0.001047,-0.032069,0.054950,3.1484,0.863703,-0.009242,-0.289324,-0.227605,-0.227605,-13.0408,-13.0408,1,1,0.001047,0.00000110
1771742773.936187,27.470000,0.010000,0.001119,-0.031075,0.055933,3.2047,0.913858,-0.009775,-0.053295,-0.253786,-0.253786,-14.5408,-14.5408,1,1,0.001119,0.00000125
1771742773.946187,27.480000,0.010000,0.001204,-0.029191,0.057235,3.2793,0.948842,-0.006750,0.302433,-0.305713,-0.305713,-17.5160,-17.5160,1,1,0.001204,0.00000145
1771742773.956187,27.490000,0.010000,0.001324,-0.023142,0.058499,3.3517,0.910236,-0.002816,0.393430,-0.345827,-0.345827,-19.8145,-19.8145,1,1,0.001324,0.00000175
1771742773.966187,27.500000,0.010000,0.001473,-0.021592,0.059822,3.4275,0.953142,-0.002864,-0.004814,-0.356804,-0.356804,-20.4434,-20.4434,1,1,0.001473,0.00000217
1771742773.976187,27.510000,0.010000,0.001677,-0.010415,0.060758,3.4812,0.824119,-0.006397,-0.353278,-0.323924,-0.323924,-18.5595,-18.5595,1,1,0.001677,0.00000281
1771742773.986187,27.520000,0.010000,0.001919,-0.010991,0.061614,3.5302,0.905413,-0.012979,-0.658184,-0.294845,-0.294845,-16.8933,-16.8933,1,1,0.001919,0.00000368
1771742773.996186,27.530000,0.010000,0.002192,-0.003518,0.062128,3.5597,0.754987,-0.022229,-0.924977,-0.258911,-0.258911,-14.8345,-14.8345,1,1,0.002192,0.00000481
1771742774.006186,27.540000,0.010000,0.002478,-0.006225,0.062636,3.5888,0.871357,-0.033813,-1.158421,-0.170235,-0.170235,-9.7538,-9.7538,1,1,0.002478,0.00000614
1771742774.016186,27.550000,0.010000,0.002782,0.000010,0.062416,3.5762,0.599473,-0.047440,-1.362684,-0.126397,-0.126397,-7.2420,-7.2420,1,1,0.002782,0.00000774
1771742774.026186,27.560000,0.010000,0.003072,-0.006599,0.062050,3.5552,0.780515,-0.062854,-1.541415,-0.077846,-0.077846,-4.4602,-4.4602,1,1,0.003072,0.00000944
1771742774.036186,27.570000,0.010000,0.003381,0.003115,0.060852,3.4866,0.431652,-0.079832,-1.697804,0.021390,0.021390,1.2255,1.2255,1,1,0.003381,0.00001143
1771742774.046186,27.580000,0.010000,0.003669,-0.007677,0.059525,3.4105,0.679645,-0.098178,-1.834644,-0.003310,-0.003310,-0.1896,-0.1896,1,1,0.003669,0.00001347
1771742774.056186,27.590000,0.010000,0.003975,0.004917,0.057351,3.2860,0.273464,-0.114357,-1.617840,0.082473,0.082473,4.7254,4.7254,1,1,0.003975,0.00001580
1771742774.066186,27.600000,0.010000,0.004253,-0.009901,0.055107,3.1574,0.582789,-0.131785,-1.742862,0.060820,0.060820,3.4847,3.4847,1,1,0.004253,0.00001808
1771742774.076186,27.610000,0.010000,0.004546,0.005816,0.051951,2.9766,0.111801,-0.150526,-1.874070,0.092385,0.092385,5.2933,5.2933,1,1,0.004546,0.00002067
1771742774.086186,27.620000,0.010000,0.004805,-0.013093,0.048754,2.7934,0.481074,-0.170415,-1.988877,0.094051,0.094051,5.3887,5.3887,1,1,0.004805,0.00002308
1771742774.096187,27.630000,0.010000,0.005080,0.006235,0.044524,2.5510,-0.066721,-0.191308,-2.089333,0.056013,0.056013,3.2093,3.2093,1,1,0.005080,0.00002580
1771742774.106187,27.640000,0.010000,0.005312,-0.017257,0.040284,2.3081,0.368867,-0.207885,-1.657700,0.059973,0.059973,3.4362,3.4362,1,1,0.005312,0.00002821
1771742774.116187,27.650000,0.010000,0.005536,0.000001,0.035597,2.0395,-0.086901,-0.218899,-1.101422,0.036583,0.036583,2.0961,2.0961,1,1,0.005536,0.00003065
1771742774.126187,27.660000,0.010000,0.005707,-0.024810,0.031236,1.7897,0.354760,-0.225046,-0.614678,0.050236,0.050236,2.8783,2.8783,1,1,0.005707,0.00003258
1771742774.136187,27.670000,0.010000,0.005898,0.000001,0.026364,1.5106,-0.119645,-0.226934,-0.188777,0.062005,0.062005,3.5526,3.5526,1,1,0.005898,0.00003479
1771742774.146187,27.680000,0.010000,0.006060,-0.026267,0.021800,1.2490,0.331182,-0.225095,0.183886,0.033464,0.033464,1.9173,1.9173,1,1,0.006060,0.00003672
1771742774.156187,27.690000,0.010000,0.006180,-0.014789,0.017774,1.0184,0.103767,-0.219995,0.509966,0.102664,0.102664,5.8822,5.8822,1,1,0.006180,0.00003819
1771742774.166187,27.700000,0.010000,0.006245,-0.037018,0.014489,0.8301,0.466431,-0.212042,0.795286,0.053145,0.053145,3.0450,3.0450,1,1,0.006245,0.00003900
1771742774.176187,27.710000,0.010000,0.006309,-0.018617,0.010912,0.6252,0.103599,-0.201593,1.044941,0.140588,0.140588,8.0551,8.0551,1,1,0.006309,0.00003981
1771742774.186187,27.720000,0.010000,0.006340,-0.041192,0.007593,0.4351,0.461093,-0.188959,1.263389,0.067154,0.067154,3.8476,3.8476,1,1,0.006340,0.00004020
1771742774.196187,27.730000,0.010000,0.006270,-0.046677,0.005672,0.3250,0.509189,-0.174414,1.454531,0.127690,0.127690,7.3161,7.3161,1,1,0.006270,0.00003931
1771742774.206187,27.740000,0.010000,0.006141,-0.055610,0.004346,0.2490,0.615631,-0.158196,1.621781,0.105078,0.105078,6.0205,6.0205,1,1,0.006141,0.00003771
1771742774.216187,27.750000,0.010000,0.005970,-0.058067,0.003328,0.1907,0.606032,-0.140515,1.768124,0.067541,0.067541,3.8698,3.8698,1,1,0.005970,0.00003564
1771742774.226187,27.760000,0.010000,0.005737,-0.070624,0.002976,0.1705,0.775131,-0.121553,1.896174,0.050106,0.050106,2.8709,2.8709,1,1,0.005737,0.00003291
1771742774.236187,27.770000,0.010000,0.005457,-0.071125,0.002992,0.1715,0.731193,-0.101471,2.008218,0.053199,0.053199,3.0481,3.0481,1,1,0.005457,0.00002978
1771742774.246186,27.780000,0.010000,0.005135,-0.080559,0.003342,0.1915,0.848279,-0.084214,1.725678,0.034517,0.034517,1.9777,1.9777,1,1,0.005135,0.00002637
1771742774.256186,27.790000,0.010000,0.004790,-0.082908,0.004141,0.2373,0.895265,-0.067408,1.680625,0.075363,0.075363,4.3180,4.3180,1,1,0.004790,0.00002294
1771742774.266186,27.800000,0.010000,0.004446,-0.082389,0.005119,0.2933,0.913283,-0.051231,1.617658,0.107815,0.107815,6.1773,6.1773,1,1,0.004446,0.00001977
1771742774.276186,27.810000,0.010000,0.004105,-0.081948,0.006221,0.3564,0.925483,-0.040567,1.066385,0.146182,0.146182,8.3756,8.3756,1,1,0.004105,0.00001685
1771742774.286186,27.820000,0.010000,0.003765,-0.081563,0.007405,0.4243,0.933290,-0.027746,1.282153,0.128893,0.128893,7.3850,7.3850,1,1,0.003765,0.00001418
1771742774.296186,27.830000,0.010000,0.003427,-0.081222,0.008642,0.4952,0.937772,-0.017634,1.011142,0.165396,0.165396,9.4765,9.4765,1,1,0.003427,0.00001174
1771742774.306186,27.840000,0.010000,0.003089,-0.080912,0.009907,0.5676,0.939725,-0.005296,1.233815,0.160320,0.160320,9.1857,9.1857,1,1,0.003089,0.00000954
1771742774.316186,27.850000,0.010000,0.002753,-0.080626,0.011183,0.6407,0.939743,0.003760,0.905623,0.237502,0.237502,13.6079,13.6079,1,1,0.002753,0.00000758
1771742774.326186,27.860000,0.010000,0.002419,-0.080357,0.012456,0.7137,0.938267,0.015175,1.141486,0.210788,0.210788,12.0773,12.0773,1,1,0.002419,0.00000585
1771742774.336186,27.870000,0.010000,0.002085,-0.080101,0.013715,0.7858,0.935629,0.026413,1.123792,0.280107,0.280107,16.0490,16.0490,1,1,0.002085,0.00000435
1771742774.346187,27.880000,0.010000,0.001752,-0.079854,0.014953,0.8567,0.932072,0.032755,0.634252,0.296911,0.296911,17.0117,17.0117,1,1,0.001752,0.00000307
1771742774.356187,27.890000,0.010000,0.001422,-0.079460,0.016154,0.9255,0.926945,0.034924,0.216886,0.230468,0.230468,13.2048,13.2048,1,1,0.001422,0.00000202
1771742774.366187,27.900000,0.010000,0.001096,-0.078752,0.017299,0.9911,0.919677,0.037208,0.228434,0.210925,0.210925,12.0851,12.0851,1,1,0.001096,0.00000120
1771742774.376187,27.910000,0.010000,0.000780,-0.077626,0.018368,1.0524,0.910200,0.036872,-0.033640,0.211831,0.211831,12.1370,12.1370,1,1,0.000780,0.00000061
1771742774.386187,27.920000,0.010000,0.000475,-0.076158,0.019348,1.1086,0.899452,0.040068,0.319631,0.227467,0.227467,13.0329,13.0329,1,1,0.000475,0.00000023
1771742774.396187,27.930000,0.010000,0.000184,-0.074404,0.020234,1.1593,0.888037,0.046356,0.628743,0.216875,0.216875,12.4260,12.4260,1,1,0.000184,0.00000003
1771742774.406187,27.940000,0.010000,-0.000091,-0.072396,0.021023,1.2045,0.876312,0.055348,0.899216,0.255302,0.255302,14.6277,14.6277,1,1,0.000091,0.00000001
1771742774.416187,27.950000,0.010000,-0.000347,-0.070167,0.021713,1.2441,0.864525,0.064541,0.919312,0.296084,0.296084,16.9644,16.9644,1,1,0.000347,0.00000012
1771742774.426187,27.960000,0.010000,-0.000584,-0.067750,0.022306,1.2781,0.852939,0.076076,1.153464,0.302083,0.302083,17.3081,17.3081,1,1,0.000584,0.00000034
1771742774.436187,27.970000,0.010000,-0.000800,-0.065174,0.022806,1.3067,0.841742,0.086606,1.053058,0.313643,0.313643,17.9704,17.9704,1,1,0.000800,0.00000064
1771742774.446187,27.980000,0.010000,-0.000993,-0.062470,0.023215,1.3301,0.831097,0.099311,1.270491,0.296915,0.296915,17.0120,17.0120,1,1,0.000993,0.00000099
1771742774.456187,27.990000,0.010000,-0.001163,-0.059661,0.023540,1.3488,0.821114,0.113246,1.393465,0.294699,0.294699,16.8850,16.8850,1,1,0.001163,0.00000135
1771742774.466187,28.000000,0.010000,-0.001309,-0.056773,0.023787,1.3629,0.811897,0.128929,1.568348,0.267285,0.267285,15.3143,15.3143,1,1,0.001309,0.00000171
1771742774.476187,28.010000,0.010000,-0.001471,-0.058104,0.024680,1.4141,0.880431,0.146143,1.721370,0.213635,0.213635,12.2404,12.2404,1,1,0.001471,0.00000216
1771742774.486187,28.020000,0.010000,-0.001594,-0.053560,0.025261,1.4473,0.846277,0.157714,1.157133,0.125873,0.125873,7.2120,7.2120,1,1,0.001594,0.00000254
1771742774.496186,28.030000,0.010000,-0.001751,-0.056984,0.026882,1.5402,0.957367,0.164366,0.665133,0.038264,0.038264,2.1923,2.1923,1,1,0.001751,0.00000307
1771742774.506186,28.040000,0.010000,-0.001852,-0.050461,0.027913,1.5993,0.893800,0.170299,0.593317,-0.101310,-0.101310,-5.8047,-5.8047,1,1,0.001852,0.00000343
1771742774.516186,28.050000,0.010000,-0.001956,-0.050489,0.029473,1.6887,0.950323,0.177445,0.714602,-0.114052,-0.114052,-6.5347,-6.5347,1,1,0.001956,0.00000383
1771742774.526186,28.060000,0.010000,-0.002001,-0.043726,0.030457,1.7451,0.888381,0.182374,0.492875,-0.198038,-0.198038,-11.3468,-11.3468,1,1,0.002001,0.00000400
1771742774.536186,28.070000,0.010000,-0.002105,-0.049622,0.032996,1.8905,1.055346,0.190177,0.780331,-0.188044,-0.188044,-10.7742,-10.7742,1,1,0.002105,0.00000443
1771742774.546186,28.080000,0.010000,-0.002127,-0.040512,0.034626,1.9839,0.958088,0.200495,1.031856,-0.295370,-0.295370,-16.9234,-16.9234,1,1,0.002127,0.00000453
1771742774.556186,28.090000,0.010000,-0.002182,-0.043527,0.037395,2.1426,1.080765,0.213015,1.251940,-0.273473,-0.273473,-15.6689,-15.6689,1,1,0.002182,0.00000476
1771742774.566186,28.100000,0.010000,-0.002149,-0.033706,0.039201,2.2460,0.978150,0.225593,1.257855,-0.368124,-0.368124,-21.0919,-21.0919,1,1,0.002149,0.00000462
1771742774.576186,28.110000,0.010000,-0.002195,-0.041751,0.043048,2.4665,1.197930,0.234509,0.891514,-0.347108,-0.347108,-19.8878,-19.8878,1,1,0.002195,0.00000482
1771742774.586186,28.120000,0.010000,-0.002132,-0.029513,0.045604,2.6129,1.060575,0.242032,0.752384,-0.400638,-0.400638,-22.9549,-22.9549,1,1,0.002132,0.00000454
1771742774.596187,28.130000,0.010000,-0.002033,-0.025254,0.048231,2.7634,1.069427,0.245189,0.315658,-0.377052,-0.377052,-21.6035,-21.6035,1,1,0.002033,0.00000413
1771742774.606187,28.140000,0.010000,-0.001870,-0.017826,0.050425,2.8892,1.024567,0.244460,-0.072865,-0.381167,-0.381167,-21.8393,-21.8393,1,1,0.001870,0.00000350
1771742774.616187,28.150000,0.010000,-0.001686,-0.015188,0.053001,3.0368,1.067338,0.240332,-0.412823,-0.347198,-0.347198,-19.8930,-19.8930,1,1,0.001686,0.00000284
1771742774.626187,28.160000,0.010000,-0.001422,-0.006118,0.054893,3.1451,0.996113,0.233229,-0.710286,-0.338085,-0.338085,-19.3709,-19.3709,1,1,0.001422,0.00000202
1771742774.636187,28.170000,0.010000,-0.001108,-0.002450,0.056481,3.2361,0.977208,0.223524,-0.970566,-0.280687,-0.280687,-16.0822,-16.0822,1,1,0.001108,0.00000123
1771742774.646187,28.180000,0.010000,-0.000771,0.000004,0.058015,3.3240,0.975621,0.211541,-1.198311,-0.213066,-0.213066,-12.2078,-12.2078,1,1,0.000771,0.00000059
1771742774.656187,28.190000,0.010000,-0.000425,0.000006,0.059647,3.4175,0.996399,0.197565,-1.397588,-0.159483,-0.159483,-9.1377,-9.1377,1,1,0.000425,0.00000018
1771742774.666187,28.200000,0.010000,-0.000079,0.000007,0.061453,3.5210,1.017293,0.181845,-1.571955,-0.149068,-0.149068,-8.5410,-8.5410,1,1,0.000079,0.00000001
1771742774.676187,28.210000,0.010000,0.000267,0.000009,0.063437,3.6347,1.038476,0.164600,-1.724527,-0.143274,-0.143274,-8.2090,-8.2090,1,1,0.000267,0.00000007
1771742774.686187,28.220000,0.010000,0.000613,0.000011,0.065602,3.7587,1.060085,0.146020,-1.858027,-0.157779,-0.157779,-9.0401,-9.0401,1,1,0.000613,0.00000038
1771742774.696187,28.230000,0.010000,0.000959,0.000012,0.067951,3.8933,1.082230,0.126271,-1.974839,-0.191208,-0.191208,-10.9554,-10.9554,1,1,0.000959,0.00000092
1771742774.706187,28.240000,0.010000,0.001304,0.000014,0.070490,4.0388,1.105004,0.105501,-2.077050,-0.208464,-0.208464,-11.9441,-11.9441,1,1,0.001304,0.00000170
1771742774.716187,28.250000,0.010000,0.001650,0.000016,0.073225,4.1955,1.128482,0.083836,-2.166485,-0.204874,-0.204874,-11.7384,-11.7384,1,1,0.001650,0.00000272
1771742774.726187,28.260000,0.010000,0.001995,0.000018,0.075971,4.3528,1.106935,0.061388,-2.244740,-0.195822,-0.195822,-11.2198,-11.2198,1,1,0.001995,0.00000398
1771742774.736187,28.270000,0.010000,0.002347,0.001998,0.077898,4.4633,0.922403,0.038256,-2.313213,-0.166517,-0.166517,-9.5407,-9.5407,1,1,0.002347,0.00000551
1771742774.746186,28.280000,0.010000,0.002689,0.000017,0.079315,4.5444,0.943658,0.014525,-2.373128,-0.123679,-0.123679,-7.0863,-7.0863,1,1,0.002689,0.00000723
1771742774.756186,28.290000,0.010000,0.003051,0.006928,0.079695,4.5662,0.673267,-0.009731,-2.425552,-0.057424,-0.057424,-3.2901,-3.2901,1,1,0.003051,0.00000931
1771742774.766186,28.300000,0.010000,0.003400,0.000017,0.079915,4.5788,0.848663,-0.034445,-2.471424,-0.062564,-0.062564,-3.5846,-3.5846,1,1,0.003400,0.00001156
1771742774.776186,28.310000,0.010000,0.003813,0.020839,0.078558,4.5010,0.324409,-0.056772,-2.232764,0.059342,0.059342,3.4000,3.4000,1,1,0.003813,0.00001454
1771742774.786186,28.320000,0.010000,0.004202,0.000015,0.076941,4.4084,0.681828,-0.072818,-1.604603,-0.038474,-0.038474,-2.2044,-2.2044,1,1,0.004202,0.00001766
1771742774.796186,28.330000,0.010000,0.004550,0.007636,0.075338,4.3166,0.392401,-0.083368,-1.054962,-0.036419,-0.036419,-2.0866,-2.0866,1,1,0.004550,0.00002070
1771742774.806186,28.340000,0.010000,0.004862,-0.005322,0.074011,4.2405,0.689501,-0.090856,-0.748825,-0.103897,-0.103897,-5.9529,-5.9529,1,1,0.004862,0.00002364
1771742774.816186,28.350000,0.010000,0.005204,0.012206,0.071714,4.1089,0.213538,-0.099222,-0.836531,-0.106268,-0.106268,-6.0887,-6.0887,1,1,0.005204,0.00002708
1771742774.826186,28.360000,0.010000,0.005525,-0.005240,0.069350,3.9735,0.579699,-0.110032,-1.081031,-0.014510,-0.014510,-0.8313,-0.8313,1,1,0.005525,0.00003052
1771742774.836186,28.370000,0.010000,0.005831,0.005340,0.066745,3.8242,0.222820,-0.122336,-1.230406,-0.029096,-0.029096,-1.6671,-1.6671,1,1,0.005831,0.00003400
1771742774.846187,28.380000,0.010000,0.006089,-0.012965,0.064479,3.6944,0.590925,-0.132653,-1.031726,0.028120,0.028120,1.6111,1.6111,1,1,0.006089,0.00003707
1771742774.856187,28.390000,0.010000,0.006371,0.007714,0.061170,3.5048,0.040338,-0.140549,-0.789607,0.021458,0.021458,1.2294,1.2294,1,1,0.006371,0.00004059
1771742774.866187,28.400000,0.010000,0.006620,-0.015005,0.057817,3.3127,0.474409,-0.143968,-0.341840,0.086439,0.086439,4.9526,4.9526,1,1,0.006620,0.00004383
1771742774.876187,28.410000,0.010000,0.006850,-0.001056,0.054870,3.1438,0.218848,-0.143468,0.049956,-0.016485,-0.016485,-0.9445,-0.9445,1,1,0.006850,0.00004692
1771742774.886187,28.420000,0.010000,0.007042,-0.021189,0.052622,3.0150,0.592473,-0.139540,0.392777,0.012137,0.012137,0.6954,0.6954,1,1,0.007042,0.00004959
1771742774.896187,28.430000,0.010000,0.007254,0.000004,0.049835,2.8554,0.159042,-0.132613,0.692746,-0.095164,-0.095164,-5.4525,-5.4525,1,1,0.007254,0.00005262
1771742774.906187,28.440000,0.010000,0.007443,-0.021966,0.047237,2.7065,0.554482,-0.123061,0.955219,-0.011128,-0.011128,-0.6376,-0.6376,1,1,0.007443,0.00005540
1771742774.916187,28.450000,0.010000,0.007572,-0.018180,0.045702,2.6185,0.488230,-0.112487,1.057332,-0.235953,-0.235953,-13.5191,-13.5191,1,1,0.007572,0.00005734
1771742774.926187,28.460000,0.010000,0.007650,-0.033480,0.045059,2.5817,0.755049,-0.102979,0.950858,-0.228725,-0.228725,-13.1050,-13.1050,1,1,0.007650,0.00005852
1771742774.936187,28.470000,0.010000,0.007794,-0.004933,0.043171,2.4735,0.238866,-0.098149,0.482935,-0.300647,-0.300647,-17.2258,-17.2258,1,1,0.007794,0.00006075
1771742774.946187,28.480000,0.010000,0.007945,-0.026293,0.041079,2.3537,0.608412,-0.097414,0.073502,-0.035554,-0.035554,-2.0371,-2.0371,1,1,0.007945,0.00006313
1771742774.956187,28.490000,0.010000,0.008010,-0.029448,0.040416,2.3157,0.650714,-0.093281,0.413380,-0.078419,-0.078419,-4.4931,-4.4931,1,1,0.008010,0.00006415
1771742774.966187,28.500000,0.010000,0.008059,-0.030260,0.039888,2.2854,0.649908,-0.086173,0.710774,-0.188111,-0.188111,-10.7780,-10.7780,1,1,0.008059,0.00006495
1771742774.976187,28.510000,0.010000,0.008074,-0.037771,0.039842,2.2828,0.765683,-0.076463,0.970993,-0.275598,-0.275598,-15.7906,-15.7906,1,1,0.008074,0.00006519
1771742774.986187,28.520000,0.010000,0.008085,-0.032348,0.039715,2.2755,0.652956,-0.064476,1.198685,-0.327640,-0.327640,-18.7724,-18.7724,1,1,0.008085,0.00006536
1771742774.996186,28.530000,0.010000,0.008055,-0.046237,0.040163,2.3012,0.880366,-0.050497,1.397915,-0.313890,-0.313890,-17.9846,-17.9846,1,1,0.008055,0.00006488
1771742775.006186,28.540000,0.010000,0.008026,-0.034740,0.040451,2.3177,0.660485,-0.041756,0.874110,-0.298453,-0.298453,-17.1001,-17.1001,1,1,0.008026,0.00006441
1771742775.016186,28.550000,0.010000,0.007978,-0.048416,0.040948,2.3462,0.885697,-0.035019,0.673663,-0.294250,-0.294250,-16.8593,-16.8593,1,1,0.007978,0.00006364
1771742775.026186,28.560000,0.010000,0.007912,-0.041287,0.041603,2.3837,0.744318,-0.032615,0.240389,-0.307610,-0.307610,-17.6247,-17.6247,1,1,0.007912,0.00006261
1771742775.036186,28.570000,0.010000,0.007821,-0.053151,0.042604,2.4410,0.939691,-0.029929,0.268588,-0.238352,-0.238352,-13.6566,-13.6566,1,1,0.007821,0.00006117
1771742775.046186,28.580000,0.010000,0.007761,-0.036194,0.042955,2.4611,0.628649,-0.031070,-0.114051,-0.258924,-0.258924,-14.8353,-14.8353,1,1,0.007761,0.00006023
1771742775.056186,28.590000,0.010000,0.007699,-0.050041,0.043241,2.4775,0.863091,-0.035559,-0.448860,-0.129696,-0.129696,-7.4310,-7.4310,1,1,0.007699,0.00005928
1771742775.066186,28.600000,0.010000,0.007638,-0.038722,0.043435,2.4887,0.653723,-0.042977,-0.741819,-0.045250,-0.045250,-2.5926,-2.5926,1,1,0.007638,0.00005834
1771742775.076186,28.610000,0.010000,0.007560,-0.051902,0.043864,2.5132,0.878032,-0.045977,-0.300026,0.032911,0.032911,1.8857,1.8857,1,1,0.007560,0.00005716
1771742775.086186,28.620000,0.010000,0.007516,-0.033157,0.043624,2.4995,0.539753,-0.050032,-0.405519,-0.075687,-0.075687,-4.3366,-4.3366,1,1,0.007516,0.00005649
1771742775.096187,28.630000,0.010000,0.007472,-0.048340,0.043341,2.4833,0.801470,-0.057071,-0.703895,0.019265,0.019265,1.1038,1.1038,1,1,0.007472,0.00005583
1771742775.106187,28.640000,0.010000,0.007440,-0.032990,0.042772,2.4507,0.523497,-0.066721,-0.964974,0.025289,0.025289,1.4490,1.4490,1,1,0.007440,0.00005535
1771742775.116187,28.650000,0.010000,0.007396,-0.048396,0.042375,2.4279,0.788657,-0.078655,-1.193418,0.067029,0.067029,3.8405,3.8405,1,1,0.007396,0.00005470
1771742775.126187,28.660000,0.010000,0.007419,-0.019615,0.040712,2.3326,0.273392,-0.092588,-1.393306,0.018423,0.018423,1.0555,1.0555,1,1,0.007419,0.00005504
1771742775.136187,28.670000,0.010000,0.007456,-0.039830,0.038768,2.2213,0.622176,-0.108270,-1.568209,0.098248,0.098248,5.6292,5.6292,1,1,0.007456,0.00005559
1771742775.146187,28.680000,0.010000,0.007496,-0.022305,0.036657,2.1003,0.300715,-0.125483,-1.721249,0.044331,0.044331,2.5400,2.5400,1,1,0.007496,0.00005619
1771742775.156187,28.690000,0.010000,0.007512,-0.042200,0.034862,1.9975,0.637026,-0.144034,-1.855159,0.089767,0.089767,5.1433,5.1433,1,1,0.007512,0.00005644
1771742775.166187,28.700000,0.010000,0.007615,-0.005049,0.031385,1.7982,-0.035976,-0.156776,-1.274198,0.054541,0.054541,3.1250,3.1250,1,1,0.007615,0.00005799
1771742775.176187,28.710000,0.010000,0.007731,-0.031788,0.027528,1.5773,0.414559,-0.169545,-1.276851,0.092181,0.092181,5.2816,5.2816,1,1,0.007731,0.00005978
1771742775.186187,28.720000,0.010000,0.007777,-0.026610,0.024674,1.4137,0.293412,-0.177227,-0.768178,0.059548,0.059548,3.4118,3.4118,1,1,0.007777,0.00006048
1771742775.196187,28.730000,0.010000,0.007769,-0.043237,0.022486,1.2884,0.552119,-0.180458,-0.323090,0.072802,0.072802,4.1712,4.1712,1,1,0.007769,0.00006036
1771742775.206187,28.740000,0.010000,0.007817,-0.015983,0.018994,1.0883,0.033750,-0.179794,0.066362,0.094275,0.094275,5.4016,5.4016,1,1,0.007817,0.00006111
1771742775.216187,28.750000,0.010000,0.007848,-0.041852,0.015485,0.8872,0.448318,-0.175723,0.407132,0.076112,0.076112,4.3609,4.3609,1,1,0.007848,0.00006159
1771742775.226187,28.760000,0.010000,0.007773,-0.045558,0.013431,0.7695,0.464300,-0.168669,0.705307,0.089601,0.089601,5.1337,5.1337,1,1,0.007773,0.00006042
1771742775.236187,28.770000,0.010000,0.007647,-0.054239,0.011843,0.6786,0.565214,-0.159007,0.966209,0.087643,0.087643,5.0216,5.0216,1,1,0.007647,0.00005848
1771742775.246186,28.780000,0.010000,0.007492,-0.053964,0.010339,0.5924,0.506351,-0.147062,1.194499,0.080531,0.080531,4.6141,4.6141,1,1,0.007492,0.00005612
1771742775.256186,28.790000,0.010000,0.007266,-0.070489,0.009615,0.5509,0.742842,-0.133120,1.394252,0.028756,0.028756,1.6476,1.6476,1,1,0.007266,0.00005279
1771742775.266186,28.800000,0.010000,0.007027,-0.059723,0.008643,0.4952,0.497194,-0.117430,1.569037,-0.038476,-0.038476,-2.2045,-2.2045,1,1,0.007027,0.00004938
1771742775.276186,28.810000,0.010000,0.006756,-0.075842,0.007802,0.4470,0.728177,-0.100210,1.721973,-0.012918,-0.012918,-0.7401,-0.7401,1,1,0.006756,0.00004565
1771742775.286186,28.820000,0.010000,0.006404,-0.084635,0.008191,0.4693,0.858775,-0.081652,1.855792,-0.030548,-0.030548,-1.7503,-1.7503,1,1,0.006404,0.00004101
1771742775.296186,28.830000,0.010000,0.006054,-0.083772,0.009001,0.5157,0.902848,-0.064628,1.702409,0.052416,0.052416,3.0032,3.0032,1,1,0.006054,0.00003666
1771742775.306186,28.840000,0.010000,0.005708,-0.083070,0.010122,0.5799,0.935183,-0.046241,1.838673,0.074100,0.074100,4.2456,4.2456,1,1,0.005708,0.00003258
1771742775.316186,28.850000,0.010000,0.005365,-0.082486,0.011471,0.6572,0.958716,-0.033017,1.322357,0.150022,0.150022,8.5956,8.5956,1,1,0.005365,0.00002878
1771742775.326186,28.860000,0.010000,0.005023,-0.081991,0.012986,0.7440,0.975646,-0.019790,1.322737,0.119084,0.119084,6.8230,6.8230,1,1,0.005023,0.00002523
1771742775.336186,28.870000,0.010000,0.004683,-0.081562,0.014621,0.8377,0.987619,-0.005532,1.425819,0.166858,0.166858,9.5603,9.5603,1,1,0.004683,0.00002193
1771742775.346187,28.880000,0.010000,0.004345,-0.081181,0.016340,0.9362,0.995865,0.004674,1.020554,0.229383,0.229383,13.1427,13.1427,1,1,0.004345,0.00001888
1771742775.356187,28.890000,0.010000,0.004008,-0.080835,0.018118,1.0381,1.001305,0.015290,1.061588,0.185358,0.185358,10.6203,10.6203,1,1,0.004008,0.00001606
1771742775.366187,28.900000,0.010000,0.003672,-0.080516,0.019935,1.1422,1.004627,0.024334,0.904417,0.221040,0.221040,12.6646,12.6646,1,1,0.003672,0.00001349
1771742775.376187,28.910000,0.010000,0.003338,-0.080216,0.021777,1.2477,1.006346,0.031358,0.702464,0.208294,0.208294,11.9344,11.9344,1,1,0.003338,0.00001114
1771742775.386187,28.920000,0.010000,0.003005,-0.079930,0.023631,1.3540,1.006846,0.034014,0.265590,0.174812,0.174812,10.0160,10.0160,1,1,0.003005,0.00000903
1771742775.396187,28.930000,0.010000,0.002673,-0.079621,0.025489,1.4604,1.006242,0.032847,-0.116675,0.085113,0.085113,4.8766,4.8766,1,1,0.002673,0.00000715
1771742775.406187,28.940000,0.010000,0.002345,-0.079085,0.027331,1.5659,1.003690,0.028336,-0.451156,0.067361,0.067361,3.8595,3.8595,1,1,0.002345,0.00000550
1771742775.416187,28.950000,0.010000,0.002025,-0.078033,0.029130,1.6690,0.998091,0.020975,-0.736046,0.041730,0.041730,2.3910,2.3910,1,1,0.002025,0.00000410
1771742775.426187,28.960000,0.010000,0.001716,-0.076534,0.030867,1.7686,0.990572,0.018026,-0.294975,0.054695,0.054695,3.1338,3.1338,1,1,0.001716,0.00000295
1771742775.436187,28.970000,0.010000,0.001423,-0.074671,0.032534,1.8641,0.982087,0.018935,0.090963,0.026502,0.026502,1.5185,1.5185,1,1,0.001423,0.00000202
1771742775.446187,28.980000,0.010000,0.001147,-0.072476,0.034126,1.9553,0.973087,0.023222,0.428658,-0.001948,-0.001948,-0.1116,-0.1116,1,1,0.001147,0.00000132
1771742775.456187,28.990000,0.010000,0.000891,-0.069990,0.035641,2.0421,0.964005,0.030463,0.724142,0.002507,0.002507,0.1437,0.1437,1,1,0.000891,0.00000079
1771742775.466187,29.000000,0.010000,0.000658,-0.067249,0.037081,2.1246,0.955152,0.040290,0.982690,0.073779,0.073779,4.2272,4.2272,1,1,0.000658,0.00000043
1771742775.476187,29.010000,0.010000,0.000449,-0.064286,0.038450,2.2030,0.946779,0.052379,1.208920,0.157667,0.157667,9.0336,9.0336,1,1,0.000449,0.00000020
1771742775.486187,29.020000,0.010000,0.000266,-0.061131,0.039753,2.2777,0.939081,0.066448,1.406871,0.192998,0.192998,11.0580,11.0580,1,1,0.000266,0.00000007
1771742775.496186,29.030000,0.010000,0.000110,-0.057812,0.040996,2.3489,0.932220,0.082249,1.580078,0.172768,0.172768,9.8989,9.8989,1,1,0.000110,0.00000001
1771742775.506186,29.040000,0.010000,-0.000017,-0.054358,0.042188,2.4172,0.926332,0.098005,1.575561,0.096814,0.096814,5.5470,5.5470,1,1,0.000017,0.00000000
1771742775.516186,29.050000,0.010000,-0.000115,-0.050792,0.043338,2.4831,0.921522,0.108300,1.029550,-0.031138,-0.031138,-1.7841,-1.7841,1,1,0.000115,0.00000001
1771742775.526186,29.060000,0.010000,-0.000183,-0.047143,0.044455,2.5471,0.917909,0.113818,0.551790,-0.090262,-0.090262,-5.1717,-5.1717,1,1,0.000183,0.00000003
1771742775.536186,29.070000,0.010000,-0.000219,-0.043433,0.045550,2.6098,0.915593,0.115155,0.133751,-0.154366,-0.154366,-8.8445,-8.8445,1,1,0.000219,0.00000005
1771742775.546186,29.080000,0.010000,-0.000225,-0.039687,0.046634,2.6719,0.914660,0.112835,-0.232034,-0.192294,-0.192294,-11.0176,-11.0176,1,1,0.000225,0.00000005
1771742775.556186,29.090000,0.010000,-0.000199,-0.035926,0.047719,2.7341,0.915185,0.107314,-0.552096,-0.194662,-0.194662,-11.1533,-11.1533,1,1,0.000199,0.00000004
1771742775.566186,29.100000,0.010000,-0.000142,-0.032170,0.048819,2.7971,0.917230,0.098993,-0.832150,-0.182328,-0.182328,-10.4466,-10.4466,1,1,0.000142,0.00000002
1771742775.576186,29.110000,0.010000,-0.000053,-0.028439,0.049945,2.8616,0.920847,0.088221,-1.077197,-0.166890,-0.166890,-9.5621,-9.5621,1,1,0.000053,0.00000000
1771742775.586186,29.120000,0.010000,0.000066,-0.024749,0.051111,2.9284,0.926080,0.077506,-1.071419,-0.153523,-0.153523,-8.7962,-8.7962,1,1,0.000066,0.00000000
1771742775.596187,29.130000,0.010000,0.000215,-0.021116,0.052331,2.9983,0.932960,0.071622,-0.588425,-0.178802,-0.178802,-10.2446,-10.2446,1,1,0.000215,0.00000005
1771742775.606187,29.140000,0.010000,0.000395,-0.017551,0.053619,3.0721,0.941513,0.069964,-0.165806,-0.266616,-0.266616,-15.2760,-15.2760,1,1,0.000395,0.00000016
1771742775.616187,29.150000,0.010000,0.000603,-0.014062,0.054988,3.1506,0.951658,0.072004,0.203985,-0.315662,-0.315662,-18.0861,-18.0861,1,1,0.000603,0.00000036
1771742775.626187,29.160000,0.010000,0.000839,-0.011095,0.056462,3.2350,0.965905,0.077280,0.527553,-0.339206,-0.339206,-19.4351,-19.4351,1,1,0.000839,0.00000070
1771742775.636187,29.170000,0.010000,0.001092,-0.009751,0.058099,3.3288,0.990054,0.079721,0.244178,-0.341592,-0.341592,-19.5718,-19.5718,1,1,0.001092,0.00000119
1771742775.646187,29.180000,0.010000,0.001357,-0.008374,0.059926,3.4335,1.012593,0.078367,-0.135410,-0.324185,-0.324185,-18.5745,-18.5745,1,1,0.001357,0.00000184
1771742775.656187,29.190000,0.010000,0.001633,-0.006990,0.061936,3.5487,1.034377,0.073692,-0.467550,-0.304586,-0.304586,-17.4515,-17.4515,1,1,0.001633,0.00000267
1771742775.666187,29.200000,0.010000,0.001921,-0.005612,0.064126,3.6741,1.055971,0.066110,-0.758172,-0.286561,-0.286561,-16.4187,-16.4187,1,1,0.001921,0.00000369
1771742775.676187,29.210000,0.010000,0.002221,-0.004255,0.066498,3.8100,1.077822,0.055985,-1.012466,-0.274707,-0.274707,-15.7395,-15.7395,1,1,0.002221,0.00000493
1771742775.686187,29.220000,0.010000,0.002539,-0.000996,0.068831,3.9437,1.046270,0.043636,-1.234974,-0.263997,-0.263997,-15.1259,-15.1259,1,1,0.002539,0.00000645
1771742775.696187,29.230000,0.010000,0.002873,0.000019,0.070753,4.0539,0.968097,0.029339,-1.429668,-0.251047,-0.251047,-14.3839,-14.3839,1,1,0.002873,0.00000826
1771742775.706187,29.240000,0.010000,0.003207,0.000019,0.072229,4.1384,0.919104,0.013339,-1.600025,-0.229163,-0.229163,-13.1301,-13.1301,1,1,0.003207,0.00001028
1771742775.716187,29.250000,0.010000,0.003537,0.000017,0.073168,4.1922,0.825397,-0.004152,-1.749088,-0.185750,-0.185750,-10.6427,-10.6427,1,1,0.003537,0.00001251
1771742775.726187,29.260000,0.010000,0.003862,0.000016,0.073588,4.2163,0.771907,-0.022947,-1.879518,-0.101751,-0.101751,-5.8299,-5.8299,1,1,0.003862,0.00001491
1771742775.736187,29.270000,0.010000,0.004183,0.000014,0.073432,4.2073,0.672878,-0.042884,-1.993644,-0.043903,-0.043903,-2.5154,-2.5154,1,1,0.004183,0.00001750
1771742775.746186,29.280000,0.010000,0.004499,0.000013,0.072727,4.1669,0.617453,-0.063819,-2.093504,-0.023357,-0.023357,-1.3383,-1.3383,1,1,0.004499,0.00002024
1771742775.756186,29.290000,0.010000,0.004811,0.000011,0.071423,4.0922,0.515196,-0.085628,-2.180882,0.005393,0.005393,0.3090,0.3090,1,1,0.004811,0.00002314
1771742775.766186,29.300000,0.010000,0.005117,0.000010,0.069556,3.9853,0.459757,-0.108201,-2.257338,0.015474,0.015474,0.8866,0.8866,1,1,0.005117,0.00002618
1771742775.776186,29.310000,0.010000,0.005419,0.000008,0.067080,3.8434,0.355803,-0.131443,-2.324236,0.047981,0.047981,2.7491,2.7491,1,1,0.005419,0.00002937
1771742775.786186,29.320000,0.010000,0.005716,0.000007,0.064104,3.6729,0.317609,-0.153086,-2.164276,0.074552,0.074552,4.2715,4.2715,1,1,0.005716,0.00003268
1771742775.796186,29.330000,0.010000,0.006010,0.000006,0.060733,3.4798,0.251828,-0.169771,-1.668432,0.067756,0.067756,3.8821,3.8821,1,1,0.006010,0.00003612
1771742775.806186,29.340000,0.010000,0.006300,0.000006,0.057111,3.2722,0.243018,-0.182888,-1.311702,0.064613,0.064613,3.7020,3.7020,1,1,0.006300,0.00003969
1771742775.816186,29.350000,0.010000,0.006588,0.000005,0.053283,3.0529,0.199378,-0.193026,-1.013868,0.061571,0.061571,3.5278,3.5278,1,1,0.006588,0.00004340
1771742775.826186,29.360000,0.010000,0.006872,-0.000300,0.049383,2.8294,0.215839,-0.200279,-0.725256,0.061008,0.061008,3.4955,3.4955,1,1,0.006872,0.00004722
1771742775.836186,29.370000,0.010000,0.007155,0.000004,0.045442,2.6036,0.191428,-0.203889,-0.361056,0.060070,0.060070,3.4417,3.4417,1,1,0.007155,0.00005119
1771742775.846187,29.380000,0.010000,0.007418,-0.004499,0.041766,2.3930,0.273549,-0.203558,0.033141,0.062566,0.062566,3.5848,3.5848,1,1,0.007418,0.00005503
1771742775.856187,29.390000,0.010000,0.007681,-0.000641,0.037997,2.1771,0.183405,-0.199777,0.378065,0.062599,0.062599,3.5867,3.5867,1,1,0.007681,0.00005900
1771742775.866187,29.400000,0.010000,0.007880,-0.018624,0.035196,2.0166,0.487364,-0.192979,0.679872,0.058728,0.058728,3.3648,3.3648,1,1,0.007880,0.00006210
1771742775.876187,29.410000,0.010000,0.008094,0.000003,0.031500,1.8048,0.025022,-0.183539,0.943954,0.036868,0.036868,2.1124,2.1124,1,1,0.008094,0.00006552
1771742775.886187,29.420000,0.010000,0.008256,-0.026144,0.028058,1.6076,0.460554,-0.171789,1.175026,0.055661,0.055661,3.1891,3.1891,1,1,0.008256,0.00006816
1771742775.896187,29.430000,0.010000,0.008336,-0.023855,0.025783,1.4772,0.386751,-0.158017,1.377213,0.000461,0.000461,0.0264,0.0264,1,1,0.008336,0.00006949
1771742775.906187,29.440000,0.010000,0.008340,-0.043550,0.024544,1.4062,0.695535,-0.142475,1.554128,-0.007688,-0.007688,-0.4405,-0.4405,1,1,0.008340,0.00006956
1771742775.916187,29.450000,0.010000,0.008362,-0.022792,0.022651,1.2978,0.289490,-0.125386,1.708927,-0.097701,-0.097701,-5.5979,-5.5979,1,1,0.008362,0.00006992
1771742775.926187,29.460000,0.010000,0.008362,-0.044454,0.020798,1.1916,0.628751,-0.106942,1.844377,0.043196,0.043196,2.4750,2.4750,1,1,0.008362,0.00006992
1771742775.936187,29.470000,0.010000,0.008224,-0.059560,0.020988,1.2025,0.847205,-0.087313,1.962896,-0.204254,-0.204254,-11.7029,-11.7029,1,1,0.008224,0.00006763
1771742775.946187,29.480000,0.010000,0.008067,-0.051363,0.021110,1.2095,0.655784,-0.068703,1.861059,-0.148171,-0.148171,-8.4896,-8.4896,1,1,0.008067,0.00006507
1771742775.956187,29.490000,0.010000,0.007876,-0.065649,0.021453,1.2292,0.862730,-0.052489,1.621386,-0.191645,-0.191645,-10.9805,-10.9805,1,1,0.007876,0.00006203
1771742775.966187,29.500000,0.010000,0.007600,-0.074214,0.022917,1.3131,0.969401,-0.038419,1.406982,-0.110589,-0.110589,-6.3363,-6.3363,1,1,0.007600,0.00005777
1771742775.976187,29.510000,0.010000,0.007309,-0.070753,0.024312,1.3930,0.867661,-0.025796,1.262314,-0.044189,-0.044189,-2.5318,-2.5318,1,1,0.007309,0.00005342
1771742775.986187,29.520000,0.010000,0.006990,-0.079813,0.025875,1.4825,0.992103,-0.014747,1.104936,-0.044098,-0.044098,-2.5266,-2.5266,1,1,0.006990,0.00004886
1771742775.996186,29.530000,0.010000,0.006648,-0.082213,0.027968,1.6025,1.048359,-0.005562,0.918427,0.007650,0.007650,0.4383,0.4383,1,1,0.006648,0.00004419
1771742776.006186,29.540000,0.010000,0.006315,-0.079823,0.030177,1.7290,1.042818,-0.000258,0.530380,-0.007551,-0.007551,-0.4326,-0.4326,1,1,0.006315,0.00003988
1771742776.016186,29.550000,0.010000,0.005979,-0.080685,0.032542,1.8645,1.070797,0.006731,0.698991,-0.089815,-0.089815,-5.1460,-5.1460,1,1,0.005979,0.00003574
1771742776.026186,29.560000,0.010000,0.005659,-0.076827,0.034789,1.9932,1.024136,0.009357,0.262551,-0.049904,-0.049904,-2.8593,-2.8593,1,1,0.005659,0.00003202
1771742776.036186,29.570000,0.010000,0.005336,-0.078104,0.037014,2.1207,1.039730,0.008164,-0.119334,-0.129336,-0.129336,-7.4104,-7.4104,1,1,0.005336,0.00002847
1771742776.046186,29.580000,0.010000,0.005034,-0.072397,0.038858,2.2264,0.940130,0.003629,-0.453483,-0.119010,-0.119010,-6.8188,-6.8188,1,1,0.005034,0.00002534
1771742776.056186,29.590000,0.010000,0.004736,-0.076377,0.040681,2.3308,1.016446,0.003151,-0.047732,-0.033213,-0.033213,-1.9029,-1.9029,1,1,0.004736,0.00002243
1771742776.066186,29.600000,0.010000,0.004453,-0.069786,0.042300,2.4236,0.909724,-0.000757,-0.390831,-0.143428,-0.143428,-8.2178,-8.2178,1,1,0.004453,0.00001983
1771742776.076186,29.610000,0.010000,0.004180,-0.073398,0.043890,2.5147,0.990235,-0.007667,-0.691043,-0.046463,-0.046463,-2.6621,-2.6621,1,1,0.004180,0.00001747
1771742776.086186,29.620000,0.010000,0.003956,-0.059014,0.044755,2.5643,0.755019,-0.017205,-0.953729,-0.045567,-0.045567,-2.6108,-2.6108,1,1,0.003956,0.00001565
1771742776.096187,29.630000,0.010000,0.003758,-0.064797,0.045357,2.5988,0.883095,-0.028878,-1.167304,0.093325,0.093325,5.3471,5.3471,1,1,0.003758,0.00001413
1771742776.106187,29.640000,0.010000,0.003576,-0.056864,0.045904,2.6301,0.769138,-0.035601,-0.672325,0.059543,0.059543,3.4115,3.4115,1,1,0.003576,0.00001279
1771742776.116187,29.650000,0.010000,0.003402,-0.061774,0.046554,2.6673,0.886931,-0.037993,-0.239219,0.027746,0.027746,1.5897,1.5897,1,1,0.003402,0.00001158
1771742776.126187,29.660000,0.010000,0.003255,-0.052033,0.046998,2.6928,0.745729,-0.036596,0.139750,-0.077840,-0.077840,-4.4599,-4.4599,1,1,0.003255,0.00001059
1771742776.136187,29.670000,0.010000,0.003122,-0.056882,0.047473,2.7200,0.867207,-0.032965,0.363060,-0.182978,-0.182978,-10.4839,-10.4839,1,1,0.003122,0.00000975
1771742776.146187,29.680000,0.010000,0.002994,-0.052224,0.048153,2.7590,0.820688,-0.033279,-0.031389,-0.247807,-0.247807,-14.1983,-14.1983,1,1,0.002994,0.00000896
1771742776.156187,29.690000,0.010000,0.002877,-0.053915,0.048964,2.8054,0.889845,-0.035357,-0.207813,-0.159292,-0.159292,-9.1267,-9.1267,1,1,0.002877,0.00000828
1771742776.166187,29.700000,0.010000,0.002816,-0.039595,0.049106,2.8136,0.675251,-0.040666,-0.530902,-0.127445,-0.127445,-7.3021,-7.3021,1,1,0.002816,0.00000793
1771742776.176187,29.710000,0.010000,0.002783,-0.045091,0.049113,2.8140,0.815837,-0.048802,-0.813605,-0.036926,-0.036926,-2.1157,-2.1157,1,1,0.002783,0.00000774
1771742776.186187,29.720000,0.010000,0.002770,-0.036279,0.049111,2.8138,0.700934,-0.052430,-0.362839,-0.011435,-0.011435,-0.6552,-0.6552,1,1,0.002770,0.00000767
1771742776.196187,29.730000,0.010000,0.002768,-0.041208,0.049269,2.8229,0.831858,-0.059096,-0.666550,-0.073871,-0.073871,-4.2325,-4.2325,1,1,0.002768,0.00000766
1771742776.206187,29.740000,0.010000,0.002823,-0.023859,0.048750,2.7932,0.564898,-0.061438,-0.234165,-0.046992,-0.046992,-2.6925,-2.6925,1,1,0.002823,0.00000797
1771742776.216187,29.750000,0.010000,0.002907,-0.031510,0.048083,2.7550,0.743703,-0.059996,0.144171,-0.081862,-0.081862,-4.6903,-4.6903,1,1,0.002907,0.00000845
1771742776.226187,29.760000,0.010000,0.002955,-0.034404,0.048402,2.7732,0.835467,-0.055244,0.475216,-0.223664,-0.223664,-12.8150,-12.8150,1,1,0.002955,0.00000873
1771742776.236187,29.770000,0.010000,0.003031,-0.025772,0.048553,2.7819,0.721356,-0.047595,0.764880,-0.308950,-0.308950,-17.7015,-17.7015,1,1,0.003031,0.00000919
1771742776.246186,29.780000,0.010000,0.003116,-0.030716,0.048863,2.7996,0.849356,-0.038177,0.941756,-0.346541,-0.346541,-19.8554,-19.8554,1,1,0.003116,0.00000971
1771742776.256186,29.790000,0.010000,0.003197,-0.028174,0.049577,2.8405,0.843177,-0.033428,0.474970,-0.349201,-0.349201,-20.0078,-20.0078,1,1,0.003197,0.00001022
1771742776.266186,29.800000,0.010000,0.003296,-0.026417,0.050313,2.8827,0.851360,-0.032762,0.066533,-0.337651,-0.337651,-19.3460,-19.3460,1,1,0.003296,0.00001086
1771742776.276186,29.810000,0.010000,0.003425,-0.020739,0.050826,2.9121,0.789839,-0.035671,-0.290849,-0.288628,-0.288628,-16.5371,-16.5371,1,1,0.003425,0.00001173
1771742776.286186,29.820000,0.010000,0.003571,-0.021556,0.051367,2.9431,0.843863,-0.041706,-0.603559,-0.224800,-0.224800,-12.8801,-12.8801,1,1,0.003571,0.00001275
1771742776.296186,29.830000,0.010000,0.003772,-0.008087,0.051191,2.9330,0.627265,-0.050478,-0.877180,-0.152780,-0.152780,-8.7537,-8.7537,1,1,0.003772,0.00001423
1771742776.306186,29.840000,0.010000,0.003986,-0.015914,0.051036,2.9241,0.803893,-0.054663,-0.418467,-0.080863,-0.080863,-4.6331,-4.6331,1,1,0.003986,0.00001589
1771742776.316186,29.850000,0.010000,0.004210,-0.007479,0.050890,2.9158,0.660735,-0.054834,-0.017092,-0.160250,-0.160250,-9.1816,-9.1816,1,1,0.004210,0.00001772
1771742776.326186,29.860000,0.010000,0.004429,-0.015323,0.050990,2.9215,0.833035,-0.057214,-0.237968,-0.242189,-0.242189,-13.8764,-13.8764,1,1,0.004429,0.00001961
1771742776.336186,29.870000,0.010000,0.004671,-0.003592,0.050675,2.9035,0.591513,-0.055936,0.127766,-0.193821,-0.193821,-11.1051,-11.1051,1,1,0.004671,0.00002181
1771742776.346187,29.880000,0.010000,0.004909,-0.013466,0.050408,2.8882,0.795515,-0.058309,-0.237270,-0.268915,-0.268915,-15.4077,-15.4077,1,1,0.004909,0.00002409
1771742776.356187,29.890000,0.010000,0.005163,-0.001680,0.049893,2.8587,0.568421,-0.063875,-0.556677,-0.189597,-0.189597,-10.8631,-10.8631,1,1,0.005163,0.00002665
1771742776.366187,29.900000,0.010000,0.005409,-0.012747,0.049540,2.8384,0.787996,-0.072237,-0.836158,-0.107200,-0.107200,-6.1421,-6.1421,1,1,0.005409,0.00002925
1771742776.376187,29.910000,0.010000,0.005670,0.000009,0.048437,2.7753,0.427648,-0.083044,-1.080704,-0.036815,-0.036815,-2.1094,-2.1094,1,1,0.005670,0.00003215
1771742776.386187,29.920000,0.010000,0.005908,-0.014550,0.047277,2.7088,0.702913,-0.095991,-1.294682,0.001548,0.001548,0.0887,0.0887,1,1,0.005908,0.00003490
1771742776.396187,29.930000,0.010000,0.006156,0.000007,0.045417,2.6022,0.309687,-0.110810,-1.481913,0.067906,0.067906,3.8908,3.8908,1,1,0.006156,0.00003790
1771742776.406187,29.940000,0.010000,0.006374,-0.017602,0.043576,2.4967,0.630585,-0.127267,-1.645740,0.086421,0.086421,4.9515,4.9515,1,1,0.006374,0.00004063
1771742776.416187,29.950000,0.010000,0.006605,0.000004,0.040923,2.3447,0.174266,-0.139459,-1.219164,0.071540,0.071540,4.0989,4.0989,1,1,0.006605,0.00004362
1771742776.426187,29.960000,0.010000,0.006801,-0.020957,0.038279,2.1932,0.544484,-0.146636,-0.717702,0.101302,0.101302,5.8042,5.8042,1,1,0.006801,0.00004625
1771742776.436187,29.970000,0.010000,0.006999,-0.002892,0.035532,2.0359,0.218943,-0.149425,-0.278924,0.060845,0.060845,3.4862,3.4862,1,1,0.006999,0.00004899
1771742776.446187,29.980000,0.010000,0.007172,-0.023685,0.033171,1.9006,0.574446,-0.150778,-0.135304,0.096127,0.096127,5.5077,5.5077,1,1,0.007172,0.00005144
1771742776.456187,29.990000,0.010000,0.007362,-0.002148,0.030247,1.7330,0.149991,-0.155453,-0.467457,0.057473,0.057473,3.2930,3.2930,1,1,0.007362,0.00005420
