time,time_rel,dt,x,xdot,theta,theta_deg,thdot,error,error_sq,d_raw,a_raw,w_raw
# Run: trial_11
# Controller: PID
# Start time: 2026-02-20 14:01:32
# Distance scale: 0.15 m per unit
1771570892.611073,0.021574,0.010000,0.092700,0.000000,0.015359,0.8800,-0.000873,0.092700,0.00859329,0.618000,0.8800,-0.050000
1771570892.619907,0.030408,0.008835,0.093000,0.033957,0.015359,0.8800,-0.000524,0.093000,0.00864900,0.620000,0.8800,-0.030000
1771570892.651259,0.061760,0.031352,0.092400,-0.019138,0.008378,0.4800,-0.000314,0.092400,0.00853776,0.616000,0.4800,-0.018000
1771570892.659667,0.070168,0.008408,0.092400,0.000000,0.008378,0.4800,-0.000192,0.092400,0.00853776,0.616000,0.4800,-0.011000
1771570892.691554,0.102055,0.031887,0.092550,0.004704,-0.035605,-2.0400,-0.000768,0.092550,0.00856550,0.617000,-2.0400,-0.044000
1771570892.700493,0.110994,0.008940,0.092550,0.000000,-0.035605,-2.0400,-0.001134,0.092550,0.00856550,0.617000,-2.0400,-0.065000
1771570892.732599,0.143101,0.032106,0.092700,0.004672,-0.106989,-6.1300,-0.002321,0.092700,0.00859329,0.618000,-6.1300,-0.133000
1771570892.739153,0.149654,0.006553,0.091950,-0.114444,-0.106989,-6.1300,-0.002356,0.091950,0.00845480,0.613000,-6.1300,-0.135000
1771570892.770905,0.181406,0.031752,0.091500,-0.014172,-0.180293,-10.3300,-0.002374,0.091500,0.00837225,0.610000,-10.3300,-0.136000
1771570892.780340,0.190841,0.009435,0.090000,-0.158980,-0.180293,-10.3300,-0.002426,0.090000,0.00810000,0.600000,-10.3300,-0.139000
1771570892.810972,0.221473,0.030632,0.089250,-0.024485,-0.238237,-13.6500,-0.001466,0.089250,0.00796556,0.595000,-13.6500,-0.084000
1771570892.819678,0.230179,0.008706,0.087900,-0.155072,-0.238237,-13.6500,-0.000890,0.087900,0.00772641,0.586000,-13.6500,-0.051000
1771570892.850995,0.261496,0.031318,0.085800,-0.067055,-0.253073,-14.5000,-0.000541,0.085800,0.00736164,0.572000,-14.5000,-0.031000
1771570892.860536,0.271037,0.009541,0.082500,-0.345883,-0.253073,-14.5000,-0.000332,0.082500,0.00680625,0.550000,-14.5000,-0.019000
1771570892.891287,0.301788,0.030751,0.078600,-0.126825,-0.231605,-13.2700,-0.000192,0.078600,0.00617796,0.524000,-13.2700,-0.011000
1771570892.900195,0.310696,0.008908,0.075150,-0.387281,-0.231605,-13.2700,0.000750,0.075150,0.00564752,0.501000,-13.2700,0.043000
1771570892.930683,0.341184,0.030487,0.070350,-0.157443,-0.199491,-11.4300,0.000454,0.070350,0.00494912,0.469000,-11.4300,0.026000
1771570892.940298,0.350799,0.009616,0.065850,-0.467987,-0.199491,-11.4300,0.000279,0.065850,0.00433622,0.439000,-11.4300,0.016000
1771570892.971629,0.382130,0.031331,0.057000,-0.282469,-0.174882,-10.0200,0.000820,0.057000,0.00324900,0.380000,-10.0200,0.047000
1771570892.980153,0.390654,0.008524,0.048900,-0.950238,-0.174882,-10.0200,0.001361,0.048900,0.00239121,0.326000,-10.0200,0.078000
1771570893.010647,0.421148,0.030493,0.039600,-0.304985,-0.139626,-8.0000,0.000820,0.039600,0.00156816,0.264000,-8.0000,0.047000
1771570893.020384,0.430885,0.009737,0.031200,-0.862645,-0.139626,-8.0000,0.001274,0.031200,0.00097344,0.208000,-8.0000,0.073000
1771570893.051104,0.461605,0.030720,0.024600,-0.214844,-0.093899,-5.3800,0.000785,0.024600,0.00060516,0.164000,-5.3800,0.045000
1771570893.059200,0.469701,0.008096,0.019050,-0.685566,-0.093899,-5.3800,0.001082,0.019050,0.00036290,0.127000,-5.3800,0.062000
1771570893.090882,0.501383,0.031683,0.012150,-0.217784,-0.041888,-2.4000,0.001274,0.012150,0.00014762,0.081000,-2.4000,0.073000
1771570893.099344,0.509845,0.008462,0.005100,-0.833165,-0.041888,-2.4000,0.001501,0.005100,0.00002601,0.034000,-2.4000,0.086000
1771570893.132229,0.542730,0.032885,0.003600,-0.045613,0.009948,0.5700,0.001833,0.003600,0.00001296,0.024000,0.5700,0.105000
1771570893.138999,0.549500,0.006770,-0.003300,-1.019146,0.009948,0.5700,0.001955,0.003300,0.00001089,-0.022000,0.5700,0.112000
1771570893.171276,0.581777,0.032277,-0.002850,0.013942,0.053233,3.0500,0.001187,0.002850,0.00000812,-0.019000,3.0500,0.068000
1771570893.179775,0.590276,0.008498,-0.012900,-1.182571,0.053233,3.0500,0.000716,0.012900,0.00016641,-0.086000,3.0500,0.041000
1771570893.210823,0.621324,0.031048,-0.016500,-0.115949,0.072780,4.1700,0.000436,0.016500,0.00027225,-0.110000,4.1700,0.025000
1771570893.219585,0.630086,0.008762,-0.020400,-0.445098,0.072780,4.1700,0.000262,0.020400,0.00041616,-0.136000,4.1700,0.015000
1771570893.250329,0.660830,0.030744,-0.024000,-0.117098,0.063355,3.6300,0.001134,0.024000,0.00057600,-0.160000,3.6300,0.065000
1771570893.260094,0.670595,0.009765,-0.035850,-1.213499,0.063355,3.6300,0.000681,0.035850,0.00128522,-0.239000,3.6300,0.039000
1771570893.290890,0.701391,0.030796,-0.041550,-0.185090,0.058294,3.3400,0.000419,0.041550,0.00172640,-0.277000,3.3400,0.024000
1771570893.299902,0.710403,0.009013,-0.047400,-0.649084,0.058294,3.3400,0.001065,0.047400,0.00224676,-0.316000,3.3400,0.061000
1771570893.331845,0.742346,0.031943,-0.047100,0.009392,0.097040,5.5600,0.000646,0.047100,0.00221841,-0.314000,5.5600,0.037000
1771570893.340899,0.751400,0.009054,-0.057750,-1.176221,0.097040,5.5600,0.001152,0.057750,0.00333506,-0.385000,5.5600,0.066000
1771570893.370479,0.780980,0.029579,-0.064350,-0.223130,0.133867,7.6700,0.000698,0.064350,0.00414092,-0.429000,7.6700,0.040000
1771570893.380196,0.790697,0.009717,-0.071550,-0.740952,0.133867,7.6700,0.001047,0.071550,0.00511940,-0.477000,7.6700,0.060000
1771570893.410502,0.821003,0.030306,-0.077700,-0.202929,0.175231,10.0400,0.001501,0.077700,0.00603729,-0.518000,10.0400,0.086000
1771570893.420353,0.830854,0.009851,-0.076800,0.091359,0.175231,10.0400,0.000908,0.076800,0.00589824,-0.512000,10.0400,0.052000
1771570893.451124,0.861625,0.030771,-0.077400,-0.019499,0.210138,12.0400,0.001309,0.077400,0.00599076,-0.516000,12.0400,0.075000
1771570893.461281,0.871782,0.010158,-0.074400,0.295346,0.210138,12.0400,0.000785,0.074400,0.00553536,-0.496000,12.0400,0.045000
1771570893.491938,0.902439,0.030657,-0.087150,-0.415898,0.221657,12.7000,0.000489,0.087150,0.00759512,-0.581000,12.7000,0.028000
1771570893.499938,0.910439,0.008000,-0.081450,0.712509,0.221657,12.7000,0.000297,0.081450,0.00663410,-0.543000,12.7000,0.017000
1771570893.530653,0.941154,0.030715,-0.092100,-0.346734,0.217468,12.4600,0.000175,0.092100,0.00848241,-0.614000,12.4600,0.010000
1771570893.539150,0.949651,0.008497,-0.093000,-0.105923,0.217468,12.4600,0.000105,0.093000,0.00864900,-0.620000,12.4600,0.006000
1771570893.571591,0.982092,0.032442,-0.091500,0.046237,0.217468,12.4600,0.000070,0.091500,0.00837225,-0.610000,12.4600,0.004000
1771570893.579566,0.990067,0.007975,-0.093150,-0.206894,0.217468,12.4600,0.000035,0.093150,0.00867692,-0.621000,12.4600,0.002000
1771570893.612517,1.023018,0.032950,-0.091050,0.063732,0.215548,12.3500,0.000017,0.091050,0.00829010,-0.607000,12.3500,0.001000
1771570893.619442,1.029943,0.006925,-0.085500,0.801459,0.215548,12.3500,0.000017,0.085500,0.00731025,-0.570000,12.3500,0.001000
1771570893.652288,1.062789,0.032846,-0.085050,0.013700,0.202458,11.6000,-0.000785,0.085050,0.00723350,-0.567000,11.6000,-0.045000
1771570893.660847,1.071348,0.008559,-0.086550,-0.175259,0.202458,11.6000,-0.000471,0.086550,0.00749090,-0.577000,11.6000,-0.027000
1771570893.691242,1.101743,0.030395,-0.079800,0.222078,0.182212,10.4400,-0.000297,0.079800,0.00636804,-0.532000,10.4400,-0.017000
1771570893.700488,1.110989,0.009247,-0.082200,-0.259549,0.182212,10.4400,-0.000960,0.082200,0.00675684,-0.548000,10.4400,-0.055000
1771570893.731899,1.142400,0.031411,-0.080850,0.042979,0.161443,9.2500,-0.000576,0.080850,0.00653672,-0.539000,9.2500,-0.033000
1771570893.740443,1.150944,0.008544,-0.078900,0.228231,0.157254,9.0100,-0.000349,0.078900,0.00622521,-0.526000,9.0100,-0.020000
1771570893.770620,1.181121,0.030177,-0.073050,0.193854,0.157603,9.0300,-0.000209,0.073050,0.00533630,-0.487000,9.0300,-0.012000
1771570893.780577,1.191078,0.009957,-0.066000,0.708073,0.157603,9.0300,-0.000122,0.066000,0.00435600,-0.440000,9.0300,-0.007000
1771570893.811156,1.221657,0.030579,-0.063300,0.088296,0.156382,8.9600,-0.000087,0.063300,0.00400689,-0.422000,8.9600,-0.005000
1771570893.819542,1.230043,0.008386,-0.055500,0.930107,0.156382,8.9600,-0.000785,0.055500,0.00308025,-0.370000,8.9600,-0.045000
1771570893.852916,1.263417,0.033373,-0.051150,0.130343,0.136834,7.8400,-0.001292,0.051150,0.00261632,-0.341000,7.8400,-0.074000
1771570893.859258,1.269759,0.006343,-0.044550,1.040535,0.136834,7.8400,-0.000785,0.044550,0.00198470,-0.297000,7.8400,-0.045000
1771570893.890833,1.301334,0.031574,-0.040200,0.137770,0.085172,4.8800,-0.000471,0.040200,0.00161604,-0.268000,4.8800,-0.027000
1771570893.900107,1.310608,0.009274,-0.033450,0.727822,0.085172,4.8800,-0.000890,0.033450,0.00111890,-0.223000,4.8800,-0.051000
1771570893.930705,1.341206,0.030598,-0.026250,0.235306,0.033685,1.9300,-0.001257,0.026250,0.00068906,-0.175000,1.9300,-0.072000
1771570893.940289,1.350790,0.009584,-0.019650,0.688651,0.033685,1.9300,-0.001676,0.019650,0.00038612,-0.131000,1.9300,-0.096000
1771570893.970718,1.381219,0.030428,-0.015000,0.152818,-0.009250,-0.5300,-0.001012,0.015000,0.00022500,-0.100000,-0.5300,-0.058000
1771570893.980114,1.390615,0.009396,-0.012450,0.271383,-0.009250,-0.5300,-0.001414,0.012450,0.00015500,-0.083000,-0.5300,-0.081000
1771570894.010975,1.421476,0.030861,-0.009750,0.087489,-0.032289,-1.8500,-0.000855,0.009750,0.00009506,-0.065000,-1.8500,-0.049000
1771570894.019526,1.430027,0.008551,-0.003750,0.701682,-0.032289,-1.8500,-0.001257,0.003750,0.00001406,-0.025000,-1.8500,-0.072000
1771570894.051877,1.462378,0.032351,-0.002250,0.046366,-0.049393,-2.8300,-0.001728,0.002250,0.00000506,-0.015000,-2.8300,-0.099000
1771570894.060825,1.471326,0.008948,0.000150,0.268221,-0.049393,-2.8300,-0.001047,0.000150,0.00000002,0.001000,-2.8300,-0.060000
1771570894.091790,1.502291,0.030965,0.004050,0.125949,-0.093550,-5.3600,-0.001431,0.004050,0.00001640,0.027000,-5.3600,-0.082000
1771570894.100241,1.510742,0.008451,0.007200,0.372717,-0.093550,-5.3600,-0.001763,0.007200,0.00005184,0.048000,-5.3600,-0.101000
1771570894.130943,1.541444,0.030701,0.012000,0.156346,-0.141895,-8.1300,-0.001082,0.012000,0.00014400,0.080000,-8.1300,-0.062000
1771570894.140516,1.551017,0.009573,0.016350,0.454393,-0.141895,-8.1300,-0.000646,0.016350,0.00026732,0.109000,-8.1300,-0.037000
1771570894.171225,1.581726,0.030710,0.019950,0.117228,-0.161443,-9.2500,-0.000401,0.019950,0.00039800,0.133000,-9.2500,-0.023000
1771570894.180270,1.590771,0.009045,0.021900,0.215591,-0.161443,-9.2500,-0.001169,0.021900,0.00047961,0.146000,-9.2500,-0.067000
1771570894.211714,1.622215,0.031444,0.023700,0.057244,-0.157254,-9.0100,-0.000716,0.023700,0.00056169,0.158000,-9.0100,-0.041000
1771570894.220323,1.630824,0.008609,0.026100,0.278776,-0.157254,-9.0100,-0.000436,0.026100,0.00068121,0.174000,-9.0100,-0.025000
1771570894.251563,1.662064,0.031240,0.028800,0.086428,-0.158301,-9.0700,-0.000262,0.028800,0.00082944,0.192000,-9.0700,-0.015000
1771570894.259959,1.670460,0.008395,0.030150,0.160802,-0.158301,-9.0700,-0.000157,0.030150,0.00090902,0.201000,-9.0700,-0.009000
1771570894.291508,1.702009,0.031549,0.032250,0.066562,-0.161443,-9.2500,-0.000105,0.032250,0.00104006,0.215000,-9.2500,-0.006000
1771570894.299842,1.710343,0.008334,0.033450,0.143986,-0.161443,-9.2500,-0.000052,0.033450,0.00111890,0.223000,-9.2500,-0.003000
1771570894.330605,1.741106,0.030763,0.033300,-0.004876,-0.161094,-9.2300,-0.000035,0.033300,0.00110889,0.222000,-9.2300,-0.002000
1771570894.342211,1.752712,0.011606,0.033300,0.000000,-0.161094,-9.2300,-0.000017,0.033300,0.00110889,0.222000,-9.2300,-0.001000
1771570894.371530,1.782031,0.029319,0.033450,0.005116,-0.157254,-9.0100,-0.000017,0.033450,0.00111890,0.223000,-9.0100,-0.001000
1771570894.379441,1.789943,0.007911,0.032850,-0.075842,-0.157254,-9.0100,-0.000000,0.032850,0.00107912,0.219000,-9.0100,-0.000000
1771570894.411474,1.821975,0.032033,0.032400,-0.014048,-0.154462,-8.8500,-0.000000,0.032400,0.00104976,0.216000,-8.8500,-0.000000
1771570894.419504,1.830005,0.008030,0.029250,-0.392270,-0.154462,-8.8500,-0.000000,0.029250,0.00085556,0.195000,-8.8500,-0.000000
1771570894.451557,1.862058,0.032053,0.028200,-0.032758,-0.152193,-8.7200,0.000716,0.028200,0.00079524,0.188000,-8.7200,0.041000
1771570894.460214,1.870715,0.008656,0.025500,-0.311913,-0.152193,-8.7200,0.000436,0.025500,0.00065025,0.170000,-8.7200,0.025000
1771570894.491900,1.902401,0.031686,0.024300,-0.037871,-0.132645,-7.6000,0.001012,0.024300,0.00059049,0.162000,-7.6000,0.058000
1771570894.499598,1.910099,0.007698,0.021450,-0.370223,-0.132645,-7.6000,0.000611,0.021450,0.00046010,0.143000,-7.6000,0.035000
1771570894.530938,1.941439,0.031340,0.021300,-0.004786,-0.095819,-5.4900,0.000367,0.021300,0.00045369,0.142000,-5.4900,0.021000
1771570894.541608,1.952109,0.010671,0.016800,-0.421717,-0.095819,-5.4900,0.000977,0.016800,0.00028224,0.112000,-5.4900,0.056000
1771570894.570553,1.981054,0.028945,0.013950,-0.098463,-0.065624,-3.7600,0.000593,0.013950,0.00019460,0.093000,-3.7600,0.034000
1771570894.580200,1.990701,0.009647,0.009300,-0.482032,-0.065624,-3.7600,0.001187,0.009300,0.00008649,0.062000,-3.7600,0.068000
1771570894.611322,2.021823,0.031122,0.006750,-0.081936,-0.036128,-2.0700,0.000716,0.006750,0.00004556,0.045000,-2.0700,0.041000
1771570894.619485,2.029986,0.008163,0.005700,-0.128622,-0.036128,-2.0700,0.001169,0.005700,0.00003249,0.038000,-2.0700,0.067000
1771570894.651476,2.061977,0.031991,0.000450,-0.164107,-0.009250,-0.5300,0.000716,0.000450,0.00000020,0.003000,-0.5300,0.041000
1771570894.659607,2.070108,0.008131,-0.000900,-0.166031,-0.009250,-0.5300,0.000436,0.000900,0.00000081,-0.006000,-0.5300,0.025000
1771570894.690866,2.101367,0.031259,-0.002100,-0.038389,-0.004538,-0.2600,0.000262,0.002100,0.00000441,-0.014000,-0.2600,0.015000
1771570894.699790,2.110291,0.008924,-0.006000,-0.437023,-0.004538,-0.2600,0.000157,0.006000,0.00003600,-0.040000,-0.2600,0.009000
1771570894.731939,2.142440,0.032149,-0.002700,0.102646,-0.005061,-0.2900,0.000105,0.002700,0.00000729,-0.018000,-0.2900,0.006000
1771570894.741423,2.151924,0.009484,-0.009900,-0.759188,-0.005061,-0.2900,0.000052,0.009900,0.00009801,-0.066000,-0.2900,0.003000
1771570894.771111,2.181612,0.029688,-0.011550,-0.055579,-0.005411,-0.3100,0.000035,0.011550,0.00013340,-0.077000,-0.3100,0.002000
1771570894.779463,2.189964,0.008352,-0.014100,-0.305323,-0.005411,-0.3100,0.000017,0.014100,0.00019881,-0.094000,-0.3100,0.001000
1771570894.811361,2.221862,0.031898,-0.016050,-0.061132,-0.006458,-0.3700,0.000017,0.016050,0.00025760,-0.107000,-0.3700,0.001000
1771570894.820327,2.230828,0.008967,-0.017700,-0.184015,-0.006458,-0.3700,0.000000,0.017700,0.00031329,-0.118000,-0.3700,0.000000
1771570894.851294,2.261795,0.030967,-0.020400,-0.087190,-0.009250,-0.5300,0.000820,0.020400,0.00041616,-0.136000,-0.5300,0.047000
1771570894.861151,2.271652,0.009857,-0.024000,-0.365234,-0.009250,-0.5300,0.000489,0.024000,0.00057600,-0.160000,-0.5300,0.028000
1771570894.890890,2.301391,0.029739,-0.027000,-0.100878,-0.002618,-0.1500,0.000297,0.027000,0.00072900,-0.180000,-0.1500,0.017000
1771570894.900419,2.310920,0.009530,-0.030300,-0.346290,-0.002618,-0.1500,0.000175,0.030300,0.00091809,-0.202000,-0.1500,0.010000
1771570894.930993,2.341494,0.030573,-0.034500,-0.137374,0.008901,0.5100,0.000942,0.034500,0.00119025,-0.230000,0.5100,0.054000
1771570894.939373,2.349874,0.008380,-0.039000,-0.536982,0.008901,0.5100,0.000576,0.039000,0.00152100,-0.260000,0.5100,0.033000
1771570894.970957,2.381458,0.031584,-0.039150,-0.004749,0.050964,2.9200,0.001117,0.039150,0.00153272,-0.261000,2.9200,0.064000
1771570894.979588,2.390089,0.008631,-0.045450,-0.729968,0.050964,2.9200,0.001536,0.045450,0.00206570,-0.303000,2.9200,0.088000
1771570895.011341,2.421842,0.031753,-0.050100,-0.146443,0.096691,5.5400,0.000942,0.050100,0.00251001,-0.334000,5.5400,0.054000
1771570895.019302,2.429803,0.007961,-0.051900,-0.226094,0.096691,5.5400,0.000576,0.051900,0.00269361,-0.346000,5.5400,0.033000
1771570895.051604,2.462105,0.032302,-0.050850,0.032506,0.119206,6.8300,0.000349,0.050850,0.00258572,-0.339000,6.8300,0.020000
1771570895.060218,2.470719,0.008614,-0.058650,-0.905546,0.119206,6.8300,0.000209,0.058650,0.00343982,-0.391000,6.8300,0.012000
1771570895.090381,2.500882,0.030163,-0.060000,-0.044756,0.115890,6.6400,0.000977,0.060000,0.00360000,-0.400000,6.6400,0.056000
1771570895.100620,2.511121,0.010239,-0.060600,-0.058600,0.115890,6.6400,0.000593,0.060600,0.00367236,-0.404000,6.6400,0.034000
1771570895.131199,2.541700,0.030579,-0.063000,-0.078486,0.115366,6.6100,0.000367,0.063000,0.00396900,-0.420000,6.6100,0.021000
1771570895.139541,2.550042,0.008342,-0.057450,0.665306,0.115366,6.6100,0.000227,0.057450,0.00330050,-0.383000,6.6100,0.013000
1771570895.170797,2.581298,0.031257,-0.062850,-0.172763,0.116239,6.6600,0.000140,0.062850,0.00395012,-0.419000,6.6600,0.008000
1771570895.180052,2.590553,0.009254,-0.064800,-0.210709,0.116239,6.6600,0.000087,0.064800,0.00419904,-0.432000,6.6600,0.005000
1771570895.210480,2.620981,0.030429,-0.065100,-0.009859,0.116239,6.6600,0.000052,0.065100,0.00423801,-0.434000,6.6600,0.003000
1771570895.220099,2.630600,0.009619,-0.064650,0.046785,0.116239,6.6600,0.000035,0.064650,0.00417962,-0.431000,6.6600,0.002000
1771570895.251359,2.661860,0.031260,-0.059850,0.153548,0.116239,6.6600,0.000017,0.059850,0.00358202,-0.399000,6.6600,0.001000
1771570895.259381,2.669882,0.008022,-0.061950,-0.261786,0.116239,6.6600,0.000017,0.061950,0.00383780,-0.413000,6.6600,0.001000
1771570895.290951,2.701452,0.031570,-0.061350,0.019006,0.111527,6.3900,0.000000,0.061350,0.00376382,-0.409000,6.3900,0.000000
1771570895.300428,2.710929,0.009477,-0.059850,0.158284,0.111527,6.3900,0.000000,0.059850,0.00358202,-0.399000,6.3900,0.000000
1771570895.330601,2.741102,0.030173,-0.058650,0.039771,0.110479,6.3300,0.000000,0.058650,0.00343982,-0.391000,6.3300,0.000000
1771570895.340523,2.751024,0.009922,-0.058800,-0.015118,0.110130,6.3100,0.000000,0.058800,0.00345744,-0.392000,6.3100,0.000000
1771570895.372016,2.782517,0.031493,-0.051450,0.233382,0.108909,6.2400,-0.000960,0.051450,0.00264710,-0.343000,6.2400,-0.055000
1771570895.380344,2.790845,0.008328,-0.051900,-0.054032,0.108909,6.2400,-0.000576,0.051900,0.00269361,-0.346000,6.2400,-0.033000
1771570895.411503,2.822004,0.031158,-0.051600,0.009628,0.103498,5.9300,-0.000349,0.051600,0.00266256,-0.344000,5.9300,-0.020000
1771570895.420401,2.830902,0.008899,-0.046800,0.539403,0.103498,5.9300,-0.000209,0.046800,0.00219024,-0.312000,5.9300,-0.012000
1771570895.450662,2.861163,0.030261,-0.043200,0.118966,0.086219,4.9400,-0.000838,0.043200,0.00186624,-0.288000,4.9400,-0.048000
1771570895.459688,2.870189,0.009026,-0.041100,0.232660,0.086219,4.9400,-0.001414,0.041100,0.00168921,-0.274000,4.9400,-0.081000
1771570895.491513,2.902014,0.031825,-0.038100,0.094265,0.047473,2.7200,-0.000855,0.038100,0.00145161,-0.254000,2.7200,-0.049000
1771570895.499959,2.910460,0.008446,-0.034650,0.408502,0.047473,2.7200,-0.000524,0.034650,0.00120062,-0.231000,2.7200,-0.030000
1771570895.530689,2.941190,0.030730,-0.029700,0.161083,0.006109,0.3500,-0.001152,0.029700,0.00088209,-0.198000,0.3500,-0.066000
1771570895.538950,2.949451,0.008262,-0.027150,0.308645,0.006109,0.3500,-0.001676,0.027150,0.00073712,-0.181000,0.3500,-0.096000
1771570895.571563,2.982064,0.032612,-0.024300,0.087391,-0.023387,-1.3400,-0.001012,0.024300,0.00059049,-0.162000,-1.3400,-0.058000
1771570895.579561,2.990062,0.007998,-0.020250,0.506347,-0.023387,-1.3400,-0.000611,0.020250,0.00041006,-0.135000,-1.3400,-0.035000
1771570895.610425,3.020926,0.030864,-0.019950,0.009720,-0.051836,-2.9700,-0.000384,0.019950,0.00039800,-0.133000,-2.9700,-0.022000
1771570895.620201,3.030702,0.009776,-0.019050,0.092063,-0.051836,-2.9700,-0.000873,0.019050,0.00036290,-0.127000,-2.9700,-0.050000
1771570895.651383,3.061884,0.031182,-0.015600,0.110641,-0.063355,-3.6300,-0.000524,0.015600,0.00024336,-0.104000,-3.6300,-0.030000
1771570895.659473,3.069974,0.008090,-0.015300,0.037081,-0.063355,-3.6300,-0.000314,0.015300,0.00023409,-0.102000,-3.6300,-0.018000
1771570895.690582,3.101083,0.031108,-0.014250,0.033753,-0.055152,-3.1600,-0.000192,0.014250,0.00020306,-0.095000,-3.1600,-0.011000
1771570895.700963,3.111464,0.010381,-0.013500,0.072244,-0.055152,-3.1600,-0.000122,0.013500,0.00018225,-0.090000,-3.1600,-0.007000
1771570895.731588,3.142089,0.030625,-0.012300,0.039184,-0.054454,-3.1200,-0.000070,0.012300,0.00015129,-0.082000,-3.1200,-0.004000
1771570895.739784,3.150285,0.008196,-0.010800,0.183014,-0.054454,-3.1200,-0.000052,0.010800,0.00011664,-0.072000,-3.1200,-0.003000
1771570895.771629,3.182130,0.031845,-0.010050,0.023552,-0.058294,-3.3400,-0.000035,0.010050,0.00010100,-0.067000,-3.3400,-0.002000
1771570895.779509,3.190010,0.007879,-0.009150,0.114221,-0.058294,-3.3400,-0.000017,0.009150,0.00008372,-0.061000,-3.3400,-0.001000
1771570895.812296,3.222797,0.032788,-0.009750,-0.018300,-0.057945,-3.3200,-0.000017,0.009750,0.00009506,-0.065000,-3.3200,-0.001000
1771570895.820301,3.230802,0.008005,-0.008400,0.168647,-0.057945,-3.3200,-0.000000,0.008400,0.00007056,-0.056000,-3.3200,-0.000000
1771570895.850600,3.261101,0.030299,-0.007650,0.024753,-0.057945,-3.3200,-0.000000,0.007650,0.00005852,-0.051000,-3.3200,-0.000000
1771570895.859397,3.269898,0.008797,-0.006600,0.119363,-0.059865,-3.4300,-0.000873,0.006600,0.00004356,-0.044000,-3.4300,-0.050000
1771570895.891550,3.302051,0.032154,-0.007200,-0.018660,-0.062483,-3.5800,-0.000541,0.007200,0.00005184,-0.048000,-3.5800,-0.031000
1771570895.900334,3.310835,0.008784,-0.005850,0.153692,-0.062483,-3.5800,-0.000332,0.005850,0.00003422,-0.039000,-3.5800,-0.019000
1771570895.931121,3.341622,0.030787,-0.007050,-0.038977,-0.062832,-3.6000,-0.000192,0.007050,0.00004970,-0.047000,-3.6000,-0.011000
1771570895.939390,3.349891,0.008269,-0.007200,-0.018140,-0.062832,-3.6000,0.000559,0.007200,0.00005184,-0.048000,-3.6000,0.032000
1771570895.971439,3.381940,0.032049,-0.007350,-0.004680,-0.061785,-3.5400,0.000332,0.007350,0.00005402,-0.049000,-3.5400,0.019000
1771570895.980159,3.390660,0.008720,-0.005250,0.240834,-0.061785,-3.5400,0.000209,0.005250,0.00002756,-0.035000,-3.5400,0.012000
1771570896.011225,3.421726,0.031066,-0.007050,-0.057941,-0.052185,-2.9900,0.000122,0.007050,0.00004970,-0.047000,-2.9900,0.007000
1771570896.020804,3.431305,0.009579,-0.007500,-0.046977,-0.052185,-2.9900,0.000070,0.007500,0.00005625,-0.050000,-2.9900,0.004000
1771570896.051554,3.462055,0.030750,-0.009150,-0.053658,-0.043284,-2.4800,0.000052,0.009150,0.00008372,-0.061000,-2.4800,0.003000
1771570896.060274,3.470775,0.008720,-0.010050,-0.103209,-0.043284,-2.4800,0.000035,0.010050,0.00010100,-0.067000,-2.4800,0.002000
1771570896.090654,3.501155,0.030380,-0.009450,0.019750,-0.039968,-2.2900,0.000017,0.009450,0.00008930,-0.063000,-2.2900,0.001000
1771570896.100143,3.510644,0.009489,-0.011100,-0.173880,-0.039968,-2.2900,0.000017,0.011100,0.00012321,-0.074000,-2.2900,0.001000
1771570896.130267,3.540768,0.030124,-0.011700,-0.019918,-0.040317,-2.3100,0.000716,0.011700,0.00013689,-0.078000,-2.3100,0.041000
1771570896.140209,3.550710,0.009942,-0.011700,0.000000,-0.040317,-2.3100,0.000436,0.011700,0.00013689,-0.078000,-2.3100,0.025000
1771570896.170493,3.580994,0.030284,-0.011100,0.019812,-0.040317,-2.3100,0.000262,0.011100,0.00012321,-0.074000,-2.3100,0.015000
1771570896.178936,3.589437,0.008442,-0.011400,-0.035536,-0.040317,-2.3100,0.000157,0.011400,0.00012996,-0.076000,-2.3100,0.009000
1771570896.211572,3.622073,0.032637,-0.013800,-0.073537,-0.039968,-2.2900,0.000105,0.013800,0.00019044,-0.092000,-2.2900,0.006000
1771570896.219835,3.630336,0.008263,-0.014700,-0.108924,-0.039968,-2.2900,0.000052,0.014700,0.00021609,-0.098000,-2.2900,0.003000
1771570896.251496,3.661997,0.031661,-0.015450,-0.023688,-0.039095,-2.2400,0.000035,0.015450,0.00023870,-0.103000,-2.2400,0.002000
1771570896.259642,3.670143,0.008146,-0.015450,0.000000,-0.039095,-2.2400,0.000017,0.015450,0.00023870,-0.103000,-2.2400,0.001000
1771570896.290507,3.701008,0.030865,-0.016050,-0.019439,-0.029845,-1.7100,0.000017,0.016050,0.00025760,-0.107000,-1.7100,0.001000
1771570896.299579,3.710080,0.009071,-0.018750,-0.297640,-0.029845,-1.7100,0.000000,0.018750,0.00035156,-0.125000,-1.7100,0.000000
1771570896.330403,3.740904,0.030825,-0.020850,-0.068127,-0.018850,-1.0800,0.000785,0.020850,0.00043472,-0.139000,-1.0800,0.045000
1771570896.339921,3.750422,0.009518,-0.021150,-0.031519,-0.018850,-1.0800,0.000471,0.021150,0.00044732,-0.141000,-1.0800,0.027000
1771570896.370304,3.780805,0.030382,-0.018450,0.088868,0.010297,0.5900,0.000279,0.018450,0.00034040,-0.123000,0.5900,0.016000
1771570896.379531,3.790032,0.009228,-0.024450,-0.650229,0.010297,0.5900,0.000175,0.024450,0.00059780,-0.163000,0.5900,0.010000
1771570896.410601,3.821102,0.031070,-0.026100,-0.053107,0.026529,1.5200,0.000105,0.026100,0.00068121,-0.174000,1.5200,0.006000
1771570896.418800,3.829301,0.008199,-0.026850,-0.091470,0.026529,1.5200,0.000070,0.026850,0.00072092,-0.179000,1.5200,0.004000
1771570896.450890,3.861391,0.032090,-0.028200,-0.042069,0.024958,1.4300,0.000035,0.028200,0.00079524,-0.188000,1.4300,0.002000
1771570896.459957,3.870458,0.009067,-0.029700,-0.165443,0.024958,1.4300,0.000017,0.029700,0.00088209,-0.198000,1.4300,0.001000
1771570896.490417,3.900918,0.030461,-0.030450,-0.024622,0.017977,1.0300,0.000803,0.030450,0.00092720,-0.203000,1.0300,0.046000
1771570896.499861,3.910362,0.009444,-0.030300,0.015883,0.017977,1.0300,0.000489,0.030300,0.00091809,-0.202000,1.0300,0.028000
1771570896.530185,3.940686,0.030324,-0.033600,-0.108824,0.027576,1.5800,0.000297,0.033600,0.00112896,-0.224000,1.5800,0.017000
1771570896.541091,3.951592,0.010906,-0.034200,-0.055018,0.027576,1.5800,0.000175,0.034200,0.00116964,-0.228000,1.5800,0.010000
1771570896.571236,3.981737,0.030145,-0.035400,-0.039808,0.045204,2.5900,0.000105,0.035400,0.00125316,-0.236000,2.5900,0.006000
1771570896.579705,3.990206,0.008469,-0.036150,-0.088560,0.049044,2.8100,0.001030,0.036150,0.00130682,-0.241000,2.8100,0.059000
1771570896.610323,4.020824,0.030618,-0.036900,-0.024495,0.049044,2.8100,0.000611,0.036900,0.00136161,-0.246000,2.8100,0.035000
1771570896.620238,4.030739,0.009915,-0.037950,-0.105899,0.049044,2.8100,0.000384,0.037950,0.00144020,-0.253000,2.8100,0.022000
1771570896.650529,4.061030,0.030291,-0.037200,0.024760,0.049916,2.8600,0.000227,0.037200,0.00138384,-0.248000,2.8600,0.013000
1771570896.659385,4.069886,0.008856,-0.037500,-0.033876,0.049916,2.8600,0.000140,0.037500,0.00140625,-0.250000,2.8600,0.008000
1771570896.691440,4.101941,0.032054,-0.037950,-0.014039,0.048695,2.7900,0.000087,0.037950,0.00144020,-0.253000,2.7900,0.005000
1771570896.700417,4.110918,0.008977,-0.037650,0.033417,0.048695,2.7900,0.000052,0.037650,0.00141752,-0.251000,2.7900,0.003000
1771570896.731919,4.142420,0.031502,-0.036600,0.033332,0.044855,2.5700,-0.000576,0.036600,0.00133956,-0.244000,2.5700,-0.033000
1771570896.739768,4.150269,0.007849,-0.036450,0.019110,0.044855,2.5700,-0.000349,0.036450,0.00132860,-0.243000,2.5700,-0.020000
1771570896.770526,4.181027,0.030758,-0.035100,0.043890,0.038746,2.2200,-0.000209,0.035100,0.00123201,-0.234000,2.2200,-0.012000
1771570896.778882,4.189383,0.008356,-0.034950,0.017952,0.038746,2.2200,-0.000122,0.034950,0.00122150,-0.233000,2.2200,-0.007000
1771570896.810469,4.220970,0.031587,-0.034500,0.014246,0.034208,1.9600,-0.000070,0.034500,0.00119025,-0.230000,1.9600,-0.004000
1771570896.820237,4.230738,0.009768,-0.034500,0.000000,0.034208,1.9600,-0.000052,0.034500,0.00119025,-0.230000,1.9600,-0.003000
1771570896.851483,4.261984,0.031246,-0.033600,0.028804,0.032638,1.8700,-0.000035,0.033600,0.00112896,-0.224000,1.8700,-0.002000
1771570896.861039,4.271540,0.009557,-0.032550,0.109872,0.032638,1.8700,-0.000017,0.032550,0.00105950,-0.217000,1.8700,-0.001000
1771570896.892381,4.302882,0.031342,-0.030900,0.052645,0.032289,1.8500,-0.000017,0.030900,0.00095481,-0.206000,1.8500,-0.001000
1771570896.899859,4.310360,0.007477,-0.031050,-0.020061,0.032289,1.8500,-0.000000,0.031050,0.00096410,-0.207000,1.8500,-0.000000
1771570896.930805,4.341306,0.030947,-0.029700,0.043623,0.032289,1.8500,-0.000000,0.029700,0.00088209,-0.198000,1.8500,-0.000000
1771570896.939247,4.349748,0.008441,-0.029400,0.035540,0.032289,1.8500,-0.000000,0.029400,0.00086436,-0.196000,1.8500,-0.000000
1771570896.970385,4.380886,0.031138,-0.028650,0.024086,0.032289,1.8500,-0.000000,0.028650,0.00082082,-0.191000,1.8500,-0.000000
1771570896.980106,4.390607,0.009721,-0.026850,0.185165,0.032289,1.8500,-0.000000,0.026850,0.00072092,-0.179000,1.8500,-0.000000
1771570897.011285,4.421786,0.031179,-0.025500,0.043298,0.032289,1.8500,-0.000000,0.025500,0.00065025,-0.170000,1.8500,-0.000000
1771570897.019393,4.429894,0.008109,-0.026550,-0.129488,0.032289,1.8500,-0.000000,0.026550,0.00070490,-0.177000,1.8500,-0.000000
1771570897.051451,4.461952,0.032057,-0.025650,0.028075,0.032289,1.8500,-0.000000,0.025650,0.00065792,-0.171000,1.8500,-0.000000
1771570897.059289,4.469790,0.007838,-0.023550,0.267925,0.032289,1.8500,-0.000000,0.023550,0.00055460,-0.157000,1.8500,-0.000000
1771570897.092898,4.503399,0.033609,-0.021750,0.053557,0.032289,1.8500,-0.000000,0.021750,0.00047306,-0.145000,1.8500,-0.000000
1771570897.099643,4.510144,0.006745,-0.021450,0.044477,0.032289,1.8500,-0.000000,0.021450,0.00046010,-0.143000,1.8500,-0.000000
1771570897.131771,4.542272,0.032128,-0.020400,0.032682,0.030718,1.7600,-0.000000,0.020400,0.00041616,-0.136000,1.7600,-0.000000
1771570897.140122,4.550623,0.008351,-0.020850,-0.053885,0.030718,1.7600,-0.000000,0.020850,0.00043472,-0.139000,1.7600,-0.000000
1771570897.170833,4.581334,0.030711,-0.019200,0.053727,0.031067,1.7800,-0.000000,0.019200,0.00036864,-0.128000,1.7800,-0.000000
1771570897.179028,4.589529,0.008196,-0.016650,0.311141,0.031067,1.7800,-0.000000,0.016650,0.00027722,-0.111000,1.7800,-0.000000
1771570897.210428,4.620929,0.031399,-0.015900,0.023886,0.031067,1.7800,-0.000000,0.015900,0.00025281,-0.106000,1.7800,-0.000000
1771570897.220122,4.630623,0.009694,-0.015150,0.077369,0.031067,1.7800,-0.000716,0.015150,0.00022952,-0.101000,1.7800,-0.041000
1771570897.250834,4.661335,0.030712,-0.015300,-0.004884,0.022166,1.2700,-0.000436,0.015300,0.00023409,-0.102000,1.2700,-0.025000
1771570897.259031,4.669532,0.008198,-0.013950,0.164683,0.022166,1.2700,-0.000262,0.013950,0.00019460,-0.093000,1.2700,-0.015000
1771570897.291963,4.702464,0.032932,-0.012450,0.045549,0.005061,0.2900,-0.000157,0.012450,0.00015500,-0.083000,0.2900,-0.009000
1771570897.298812,4.709313,0.006849,-0.011550,0.131401,0.005061,0.2900,-0.000105,0.011550,0.00013340,-0.077000,0.2900,-0.006000
1771570897.330713,4.741214,0.031900,-0.011250,0.009404,-0.003840,-0.2200,-0.000663,0.011250,0.00012656,-0.075000,-0.2200,-0.038000
1771570897.340819,4.751320,0.010106,-0.010350,0.089053,-0.003840,-0.2200,0.000471,0.010350,0.00010712,-0.069000,-0.2200,0.027000
1771570897.370741,4.781242,0.029922,-0.009600,0.025065,-0.003491,-0.2000,0.000279,0.009600,0.00009216,-0.064000,-0.2000,0.016000
1771570897.379602,4.790103,0.008861,-0.008250,0.152352,-0.003491,-0.2000,0.000175,0.008250,0.00006806,-0.055000,-0.2000,0.010000
1771570897.410493,4.820994,0.030891,-0.006450,0.058269,-0.001920,-0.1100,-0.000733,0.006450,0.00004160,-0.043000,-0.1100,-0.042000
1771570897.420068,4.830569,0.009574,-0.006300,0.015667,-0.001920,-0.1100,-0.000436,0.006300,0.00003969,-0.042000,-0.1100,-0.025000
1771570897.450931,4.861432,0.030863,-0.005700,0.019441,-0.003142,-0.1800,-0.000262,0.005700,0.00003249,-0.038000,-0.1800,-0.015000
1771570897.459485,4.869986,0.008555,-0.003900,0.210411,-0.003142,-0.1800,-0.000157,0.003900,0.00001521,-0.026000,-0.1800,-0.009000
1771570897.490916,4.901417,0.031430,-0.002550,0.042952,-0.020246,-1.1600,-0.001030,0.002550,0.00000650,-0.017000,-1.1600,-0.059000
1771570897.499115,4.909616,0.008199,-0.004500,-0.237835,-0.020246,-1.1600,-0.000628,0.004500,0.00002025,-0.030000,-1.1600,-0.036000
1771570897.531433,4.941934,0.032319,-0.002850,0.051054,-0.048695,-2.7900,-0.000384,0.002850,0.00000812,-0.019000,-2.7900,-0.022000
1771570897.539557,4.950058,0.008124,-0.003150,-0.036926,-0.048695,-2.7900,-0.000227,0.003150,0.00000992,-0.021000,-2.7900,-0.013000
1771570897.571770,4.982271,0.032212,-0.003300,-0.004657,-0.057072,-3.2700,-0.000140,0.003300,0.00001089,-0.022000,-3.2700,-0.008000
1771570897.580248,4.990749,0.008478,0.000750,0.477698,-0.057072,-3.2700,-0.000087,0.000750,0.00000056,0.005000,-3.2700,-0.005000
1771570897.610503,5.021004,0.030256,-0.002850,-0.118986,-0.050615,-2.9000,-0.000052,0.002850,0.00000812,-0.019000,-2.9000,-0.003000
1771570897.619341,5.029842,0.008837,-0.002400,0.050920,-0.046426,-2.6600,-0.000035,0.002400,0.00000576,-0.016000,-2.6600,-0.002000
1771570897.651784,5.062285,0.032443,-0.002700,-0.009247,-0.042935,-2.4600,-0.000017,0.002700,0.00000729,-0.018000,-2.4600,-0.001000
1771570897.659796,5.070297,0.008012,-0.002400,0.037442,-0.042935,-2.4600,-0.000017,0.002400,0.00000576,-0.016000,-2.4600,-0.001000
1771570897.692752,5.103253,0.032956,-0.002700,-0.009103,-0.036477,-2.0900,-0.000000,0.002700,0.00000729,-0.018000,-2.0900,-0.000000
1771570897.699142,5.109643,0.006390,-0.001950,0.117369,-0.036477,-2.0900,-0.000000,0.001950,0.00000380,-0.013000,-2.0900,-0.000000
1771570897.730774,5.141275,0.031632,-0.000150,0.056905,-0.031416,-1.8000,-0.000000,0.000150,0.00000002,-0.001000,-1.8000,-0.000000
1771570897.739123,5.149624,0.008349,-0.002700,-0.305419,-0.031416,-1.8000,-0.000000,0.002700,0.00000729,-0.018000,-1.8000,-0.000000
1771570897.771495,5.181996,0.032372,-0.001350,0.041702,-0.029496,-1.6900,-0.000000,0.001350,0.00000182,-0.009000,-1.6900,-0.000000
1771570897.780062,5.190563,0.008566,-0.002850,-0.175103,-0.029496,-1.6900,-0.000000,0.002850,0.00000812,-0.019000,-1.6900,-0.000000
1771570897.811720,5.222221,0.031658,-0.003150,-0.009476,-0.029496,-1.6900,-0.000000,0.003150,0.00000992,-0.021000,-1.6900,-0.000000
1771570897.818714,5.229215,0.006994,-0.001050,0.300247,-0.029496,-1.6900,-0.000000,0.001050,0.00000110,-0.007000,-1.6900,-0.000000
1771570897.851227,5.261728,0.032513,-0.003750,-0.083043,-0.029147,-1.6700,-0.000000,0.003750,0.00001406,-0.025000,-1.6700,-0.000000
1771570897.859571,5.270072,0.008343,-0.003450,0.035957,-0.029147,-1.6700,-0.000000,0.003450,0.00001190,-0.023000,-1.6700,-0.000000
1771570897.891733,5.302234,0.032163,-0.003150,0.009328,-0.029147,-1.6700,-0.000000,0.003150,0.00000992,-0.021000,-1.6700,-0.000000
1771570897.900025,5.310526,0.008292,-0.003150,0.000000,-0.029147,-1.6700,-0.000000,0.003150,0.00000992,-0.021000,-1.6700,-0.000000
1771570897.930537,5.341038,0.030512,-0.004050,-0.029497,-0.029496,-1.6900,-0.000000,0.004050,0.00001640,-0.027000,-1.6900,-0.000000
1771570897.938836,5.349337,0.008299,-0.004650,-0.072301,-0.029496,-1.6900,-0.000000,0.004650,0.00002162,-0.031000,-1.6900,-0.000000
1771570897.971842,5.382343,0.033006,-0.004200,0.013634,-0.029496,-1.6900,-0.000000,0.004200,0.00001764,-0.028000,-1.6900,-0.000000
1771570897.979719,5.390220,0.007877,-0.005850,-0.209480,-0.029496,-1.6900,-0.000000,0.005850,0.00003422,-0.039000,-1.6900,-0.000000
1771570898.011674,5.422175,0.031955,-0.005850,0.000000,-0.029496,-1.6900,-0.000000,0.005850,0.00003422,-0.039000,-1.6900,-0.000000
1771570898.019381,5.429882,0.007707,-0.005700,0.019464,-0.029496,-1.6900,-0.000000,0.005700,0.00003249,-0.038000,-1.6900,-0.000000
1771570898.050351,5.460852,0.030970,-0.004350,0.043590,-0.029496,-1.6900,-0.000000,0.004350,0.00001892,-0.029000,-1.6900,-0.000000
1771570898.059298,5.469799,0.008947,-0.006300,-0.217953,-0.029496,-1.6900,-0.000000,0.006300,0.00003969,-0.042000,-1.6900,-0.000000
1771570898.091554,5.502055,0.032256,-0.006900,-0.018601,-0.030369,-1.7400,-0.000000,0.006900,0.00004761,-0.046000,-1.7400,-0.000000
1771570898.100147,5.510648,0.008593,-0.005550,0.157107,-0.030369,-1.7400,-0.000000,0.005550,0.00003080,-0.037000,-1.7400,-0.000000
1771570898.130515,5.541016,0.030368,-0.009300,-0.123484,-0.031067,-1.7800,-0.000000,0.009300,0.00008649,-0.062000,-1.7800,-0.000000
1771570898.138943,5.549444,0.008428,-0.009750,-0.053393,-0.031067,-1.7800,-0.000175,0.009750,0.00009506,-0.065000,-1.7800,-0.010000
1771570898.170881,5.581382,0.031937,-0.010200,-0.014090,-0.031067,-1.7800,-0.000105,0.010200,0.00010404,-0.068000,-1.7800,-0.006000
1771570898.178905,5.589406,0.008025,-0.010800,-0.074767,-0.031067,-1.7800,0.000890,0.010800,0.00011664,-0.072000,-1.7800,0.051000
1771570898.211042,5.621543,0.032136,-0.011400,-0.018671,-0.031067,-1.7800,0.000541,0.011400,0.00012996,-0.076000,-1.7800,0.031000
1771570898.219795,5.630296,0.008754,-0.012450,-0.119951,-0.031067,-1.7800,0.000332,0.012450,0.00015500,-0.083000,-1.7800,0.019000
1771570898.250576,5.661077,0.030781,-0.013350,-0.029239,-0.019199,-1.1000,0.000995,0.013350,0.00017822,-0.089000,-1.1000,0.057000
1771570898.260952,5.671453,0.010376,-0.011400,0.187938,-0.019199,-1.1000,0.000593,0.011400,0.00012996,-0.076000,-1.1000,0.034000
1771570898.291679,5.702180,0.030727,-0.015900,-0.146451,0.005760,0.3300,0.000367,0.015900,0.00025281,-0.106000,0.3300,0.021000
1771570898.299661,5.710162,0.007982,-0.015450,0.056380,0.005760,0.3300,0.000227,0.015450,0.00023870,-0.103000,0.3300,0.013000
1771570898.330671,5.741172,0.031011,-0.016050,-0.019348,0.020246,1.1600,0.000140,0.016050,0.00025760,-0.107000,1.1600,0.008000
1771570898.338729,5.749230,0.008057,-0.016200,-0.018617,0.020246,1.1600,0.000087,0.016200,0.00026244,-0.108000,1.1600,0.005000
1771570898.371393,5.781894,0.032664,-0.019050,-0.087251,0.020246,1.1600,0.000052,0.019050,0.00036290,-0.127000,1.1600,0.003000
1771570898.379628,5.790129,0.008235,-0.019950,-0.109293,0.020246,1.1600,0.000035,0.019950,0.00039800,-0.133000,1.1600,0.002000
1771570898.410903,5.821404,0.031275,-0.020700,-0.023981,0.016930,0.9700,0.000017,0.020700,0.00042849,-0.138000,0.9700,0.001000
1771570898.418999,5.829500,0.008097,-0.020100,0.074104,0.015708,0.9000,0.000017,0.020100,0.00040401,-0.134000,0.9000,0.001000
1771570898.450858,5.861359,0.031858,-0.021900,-0.056500,0.015359,0.8800,0.000000,0.021900,0.00047961,-0.146000,0.8800,0.000000
1771570898.460657,5.871158,0.009799,-0.019050,0.290846,0.015359,0.8800,0.000000,0.019050,0.00036290,-0.127000,0.8800,0.000000
1771570898.490134,5.900635,0.029477,-0.022050,-0.101774,0.015010,0.8600,0.000000,0.022050,0.00048620,-0.147000,0.8600,0.000000
1771570898.500106,5.910607,0.009972,-0.023700,-0.165470,0.015010,0.8600,0.000000,0.023700,0.00056169,-0.158000,0.8600,0.000000
1771570898.530728,5.941229,0.030622,-0.025350,-0.053882,0.015359,0.8800,0.000000,0.025350,0.00064262,-0.169000,0.8800,0.000000
1771570898.540173,5.950674,0.009444,-0.024750,0.063529,0.015359,0.8800,0.000698,0.024750,0.00061256,-0.165000,0.8800,0.040000
1771570898.570144,5.980645,0.029971,-0.025500,-0.025024,0.021817,1.2500,0.000419,0.025500,0.00065025,-0.170000,1.2500,0.024000
1771570898.579171,5.989672,0.009027,-0.025950,-0.049849,0.021817,1.2500,0.000262,0.025950,0.00067340,-0.173000,1.2500,0.015000
1771570898.611420,6.021921,0.032249,-0.026400,-0.013954,0.043284,2.4800,0.000157,0.026400,0.00069696,-0.176000,2.4800,0.009000
1771570898.619281,6.029782,0.007861,-0.027000,-0.076329,0.043284,2.4800,0.000087,0.027000,0.00072900,-0.180000,2.4800,0.005000
1771570898.651253,6.061754,0.031971,-0.026850,0.004692,0.050964,2.9200,0.000052,0.026850,0.00072092,-0.179000,2.9200,0.003000
1771570898.659598,6.070099,0.008346,-0.027300,-0.053919,0.050964,2.9200,0.000035,0.027300,0.00074529,-0.182000,2.9200,0.002000
1771570898.691769,6.102270,0.032171,-0.027150,0.004663,0.047997,2.7500,0.000017,0.027150,0.00073712,-0.181000,2.7500,0.001000
1771570898.699980,6.110481,0.008211,-0.025800,0.164416,0.047997,2.7500,0.000017,0.025800,0.00066564,-0.172000,2.7500,0.001000
1771570898.731204,6.141705,0.031224,-0.025500,0.009608,0.045204,2.5900,0.000000,0.025500,0.00065025,-0.170000,2.5900,0.000000
1771570898.739464,6.149965,0.008261,-0.026250,-0.090791,0.045204,2.5900,0.000000,0.026250,0.00068906,-0.175000,2.5900,0.000000
1771570898.769854,6.180355,0.030390,-0.026100,0.004936,0.042586,2.4400,0.000000,0.026100,0.00068121,-0.174000,2.4400,0.000000
1771570898.779834,6.190335,0.009980,-0.025500,0.060122,0.042586,2.4400,0.000000,0.025500,0.00065025,-0.170000,2.4400,0.000000
1771570898.809923,6.220424,0.030089,-0.025050,0.014956,0.042237,2.4200,0.000000,0.025050,0.00062750,-0.167000,2.4200,0.000000
1771570898.819734,6.230235,0.009811,-0.024600,0.045867,0.042237,2.4200,0.000000,0.024600,0.00060516,-0.164000,2.4200,0.000000
1771570898.851551,6.262052,0.031817,-0.024900,-0.009429,0.042237,2.4200,0.000000,0.024900,0.00062001,-0.166000,2.4200,0.000000
1771570898.859702,6.270203,0.008151,-0.023550,0.165623,0.042237,2.4200,0.000000,0.023550,0.00055460,-0.157000,2.4200,0.000000
1771570898.891299,6.301800,0.031597,-0.020850,0.085450,0.042237,2.4200,0.000000,0.020850,0.00043472,-0.139000,2.4200,0.000000
1771570898.899310,6.309811,0.008010,-0.021150,-0.037452,0.042237,2.4200,0.000000,0.021150,0.00044732,-0.141000,2.4200,0.000000
1771570898.931309,6.341810,0.032000,-0.021000,0.004688,0.038397,2.2000,0.000000,0.021000,0.00044100,-0.140000,2.2000,0.000000
1771570898.939167,6.349669,0.007858,-0.018900,0.267242,0.038397,2.2000,0.000000,0.018900,0.00035721,-0.126000,2.2000,0.000000
1771570898.971203,6.381704,0.032036,-0.019500,-0.018729,0.034907,2.0000,0.000000,0.019500,0.00038025,-0.130000,2.0000,0.000000
1771570898.979683,6.390184,0.008480,-0.018300,0.141504,0.034907,2.0000,0.000000,0.018300,0.00033489,-0.122000,2.0000,0.000000
1771570899.010340,6.420841,0.030656,-0.015750,0.083180,0.035256,2.0200,0.000000,0.015750,0.00024806,-0.105000,2.0200,0.000000
1771570899.018802,6.429303,0.008462,-0.015600,0.017726,0.035256,2.0200,0.000000,0.015600,0.00024336,-0.104000,2.0200,0.000000
1771570899.051348,6.461849,0.032547,-0.015750,-0.004609,0.035256,2.0200,0.000000,0.015750,0.00024806,-0.105000,2.0200,0.000000
1771570899.059681,6.470182,0.008332,-0.015150,0.072009,0.035256,2.0200,0.000000,0.015150,0.00022952,-0.101000,2.0200,0.000000
1771570899.091879,6.502380,0.032198,-0.012150,0.093174,0.034558,1.9800,0.000000,0.012150,0.00014762,-0.081000,1.9800,0.000000
1771570899.098850,6.509351,0.006972,-0.011700,0.064548,0.034558,1.9800,-0.000925,0.011700,0.00013689,-0.078000,1.9800,-0.053000
1771570899.130629,6.541130,0.031778,-0.012150,-0.014161,0.026529,1.5200,-0.000559,0.012150,0.00014762,-0.081000,1.5200,-0.032000
1771570899.140966,6.551467,0.010338,-0.011400,0.072551,0.026529,1.5200,-0.000332,0.011400,0.00012996,-0.076000,1.5200,-0.019000
1771570899.171386,6.581887,0.030420,-0.010800,0.019724,0.007679,0.4400,-0.000209,0.010800,0.00011664,-0.072000,0.4400,-0.012000
1771570899.179476,6.589977,0.008090,-0.010050,0.092707,0.007679,0.4400,-0.000122,0.010050,0.00010100,-0.067000,0.4400,-0.007000
1771570899.211541,6.622042,0.032065,-0.009000,0.032746,-0.002269,-0.1300,-0.000070,0.009000,0.00008100,-0.060000,-0.1300,-0.004000
1771570899.219892,6.630393,0.008351,-0.006000,0.359245,-0.002269,-0.1300,-0.000052,0.006000,0.00003600,-0.040000,-0.1300,-0.003000
1771570899.252007,6.662508,0.032115,-0.006600,-0.018683,-0.001222,-0.0700,-0.000733,0.006600,0.00004356,-0.044000,-0.0700,-0.042000
1771570899.259875,6.670376,0.007868,-0.005250,0.171585,-0.009948,-0.5700,-0.000454,0.005250,0.00002756,-0.035000,-0.5700,-0.026000
1771570899.291948,6.702449,0.032073,-0.003000,0.070153,-0.026529,-1.5200,-0.001047,0.003000,0.00000900,-0.020000,-1.5200,-0.060000
1771570899.299999,6.710500,0.008052,-0.004050,-0.130404,-0.026529,-1.5200,-0.000733,0.004050,0.00001640,-0.027000,-1.5200,-0.042000
1771570899.331220,6.741721,0.031221,-0.002400,0.052849,-0.054454,-3.1200,-0.000436,0.002400,0.00000576,-0.016000,-3.1200,-0.025000
1771570899.339301,6.749802,0.008081,-0.002850,-0.055686,-0.054454,-3.1200,-0.000262,0.002850,0.00000812,-0.019000,-3.1200,-0.015000
1771570899.370651,6.781152,0.031349,-0.001950,0.028709,-0.057072,-3.2700,-0.000157,0.001950,0.00000380,-0.013000,-3.2700,-0.009000
1771570899.379622,6.790123,0.008971,-0.003000,-0.117038,-0.057072,-3.2700,-0.000105,0.003000,0.00000900,-0.020000,-3.2700,-0.006000
1771570899.410555,6.821056,0.030933,-0.002400,0.019397,-0.049916,-2.8600,-0.000052,0.002400,0.00000576,-0.016000,-2.8600,-0.003000
1771570899.420412,6.830913,0.009857,-0.002700,-0.030435,-0.049916,-2.8600,-0.000035,0.002700,0.00000729,-0.018000,-2.8600,-0.002000
1771570899.451081,6.861582,0.030668,-0.002550,0.004891,-0.043633,-2.5000,-0.000017,0.002550,0.00000650,-0.017000,-2.5000,-0.001000
1771570899.459987,6.870488,0.008906,-0.002400,0.016842,-0.043633,-2.5000,-0.000017,0.002400,0.00000576,-0.016000,-2.5000,-0.001000
1771570899.491624,6.902125,0.031637,-0.002550,-0.004741,-0.037176,-2.1300,-0.000000,0.002550,0.00000650,-0.017000,-2.1300,-0.000000
1771570899.499674,6.910175,0.008049,-0.001800,0.093174,-0.037176,-2.1300,-0.000192,0.001800,0.00000324,-0.012000,-2.1300,-0.011000
1771570899.532097,6.942598,0.032424,-0.002550,-0.023131,-0.031416,-1.8000,-0.000122,0.002550,0.00000650,-0.017000,-1.8000,-0.007000
1771570899.540020,6.950521,0.007923,-0.002850,-0.037865,-0.031416,-1.8000,-0.000070,0.002850,0.00000812,-0.019000,-1.8000,-0.004000
1771570899.570238,6.980739,0.030217,-0.002700,0.004964,-0.027227,-1.5600,-0.000035,0.002700,0.00000729,-0.018000,-1.5600,-0.002000
1771570899.579817,6.990318,0.009579,-0.002850,-0.015659,-0.027227,-1.5600,-0.000017,0.002850,0.00000812,-0.019000,-1.5600,-0.001000
1771570899.610170,7.020671,0.030353,-0.003450,-0.019768,-0.027227,-1.5600,-0.000017,0.003450,0.00001190,-0.023000,-1.5600,-0.001000
1771570899.618583,7.029084,0.008413,-0.003300,0.017829,-0.027227,-1.5600,0.000890,0.003300,0.00001089,-0.022000,-1.5600,0.051000
1771570899.652028,7.062529,0.033445,-0.002850,0.013455,-0.026878,-1.5400,0.000541,0.002850,0.00000812,-0.019000,-1.5400,0.031000
1771570899.658515,7.069016,0.006488,-0.003450,-0.092484,-0.026878,-1.5400,0.000332,0.003450,0.00001190,-0.023000,-1.5400,0.019000
1771570899.691267,7.101768,0.032752,-0.003000,0.013740,-0.025656,-1.4700,0.000192,0.003000,0.00000900,-0.020000,-1.4700,0.011000
1771570899.700595,7.111096,0.009328,-0.003300,-0.032161,-0.025656,-1.4700,0.000122,0.003300,0.00001089,-0.022000,-1.4700,0.007000
1771570899.730536,7.141037,0.029941,-0.004050,-0.025050,-0.025656,-1.4700,0.000070,0.004050,0.00001640,-0.027000,-1.4700,0.004000
1771570899.738980,7.149481,0.008444,-0.003750,0.035529,-0.025656,-1.4700,0.000052,0.003750,0.00001406,-0.025000,-1.4700,0.003000
1771570899.771357,7.181858,0.032377,-0.004500,-0.023165,-0.025656,-1.4700,0.000035,0.004500,0.00002025,-0.030000,-1.4700,0.002000
1771570899.779030,7.189531,0.007673,-0.003750,0.097742,-0.025656,-1.4700,0.000017,0.003750,0.00001406,-0.025000,-1.4700,0.001000
1771570899.810976,7.221477,0.031946,-0.005100,-0.042259,-0.025656,-1.4700,0.000017,0.005100,0.00002601,-0.034000,-1.4700,0.001000
1771570899.819346,7.229847,0.008371,-0.005550,-0.053758,-0.025656,-1.4700,0.000000,0.005550,0.00003080,-0.037000,-1.4700,0.000000
1771570899.850855,7.261356,0.031508,-0.005700,-0.004761,-0.025656,-1.4700,0.000000,0.005700,0.00003249,-0.038000,-1.4700,0.000000
1771570899.858946,7.269447,0.008091,-0.006150,-0.055618,-0.025656,-1.4700,0.000960,0.006150,0.00003782,-0.041000,-1.4700,0.055000
1771570899.890797,7.301298,0.031851,-0.006900,-0.023547,-0.014137,-0.8100,0.000576,0.006900,0.00004761,-0.046000,-0.8100,0.033000
1771570899.899360,7.309861,0.008564,-0.004950,0.227704,-0.014137,-0.8100,0.000349,0.004950,0.00002450,-0.033000,-0.8100,0.020000
1771570899.930111,7.340612,0.030751,-0.008100,-0.102437,0.007679,0.4400,0.000209,0.008100,0.00006561,-0.054000,0.4400,0.012000
1771570899.939661,7.350162,0.009549,-0.009300,-0.125663,0.007679,0.4400,0.000122,0.009300,0.00008649,-0.062000,0.4400,0.007000
1771570899.969867,7.380368,0.030206,-0.009900,-0.019863,0.021468,1.2300,0.000087,0.009900,0.00009801,-0.066000,1.2300,0.005000
1771570899.979337,7.389838,0.009470,-0.009450,0.047516,0.021468,1.2300,0.000052,0.009450,0.00008930,-0.063000,1.2300,0.003000
1771570900.011679,7.422180,0.032341,-0.010350,-0.027828,0.021817,1.2500,0.000035,0.010350,0.00010712,-0.069000,1.2500,0.002000
1771570900.019802,7.430303,0.008123,-0.009300,0.129268,0.021817,1.2500,0.000017,0.009300,0.00008649,-0.062000,1.2500,0.001000
1771570900.050078,7.460579,0.030277,-0.010800,-0.049543,0.021817,1.2500,0.000017,0.010800,0.00011664,-0.072000,1.2500,0.001000
1771570900.059002,7.469503,0.008923,-0.010800,0.000000,0.021817,1.2500,0.000000,0.010800,0.00011664,-0.072000,1.2500,0.000000
1771570900.091155,7.501656,0.032154,-0.011100,-0.009330,0.021817,1.2500,0.000000,0.011100,0.00012321,-0.074000,1.2500,0.000000
1771570900.099186,7.509687,0.008031,-0.011400,-0.037356,0.021817,1.2500,0.000000,0.011400,0.00012996,-0.076000,1.2500,0.000000
1771570900.129987,7.540488,0.030801,-0.011250,0.004870,0.021817,1.2500,0.000000,0.011250,0.00012656,-0.075000,1.2500,0.000000
1771570900.139990,7.550491,0.010003,-0.011400,-0.014995,0.021817,1.2500,0.000000,0.011400,0.00012996,-0.076000,1.2500,0.000000
1771570900.170454,7.580955,0.030463,-0.010950,0.014772,0.021817,1.2500,0.000000,0.010950,0.00011990,-0.073000,1.2500,0.000000
1771570900.178676,7.589177,0.008222,-0.010800,0.018244,0.021817,1.2500,0.000000,0.010800,0.00011664,-0.072000,1.2500,0.000000
1771570900.211491,7.621992,0.032815,-0.010500,0.009142,0.021468,1.2300,0.000000,0.010500,0.00011025,-0.070000,1.2300,0.000000
1771570900.219374,7.629875,0.007883,-0.010650,-0.019028,0.021468,1.2300,0.000000,0.010650,0.00011342,-0.071000,1.2300,0.000000
1771570900.250353,7.660854,0.030979,-0.010500,0.004842,0.021118,1.2100,0.000000,0.010500,0.00011025,-0.070000,1.2100,0.000000
1771570900.259579,7.670080,0.009225,-0.010050,0.048779,0.021118,1.2100,0.000000,0.010050,0.00010100,-0.067000,1.2100,0.000000
1771570900.289874,7.700375,0.030296,-0.009750,0.009902,0.021118,1.2100,0.000000,0.009750,0.00009506,-0.065000,1.2100,0.000000
1771570900.300124,7.710625,0.010250,-0.009900,-0.014635,0.021118,1.2100,0.000000,0.009900,0.00009801,-0.066000,1.2100,0.000000
1771570900.331206,7.741707,0.031082,-0.008100,0.057911,0.021118,1.2100,0.000000,0.008100,0.00006561,-0.054000,1.2100,0.000000
1771570900.339028,7.749529,0.007821,-0.005100,0.383567,0.021118,1.2100,0.000000,0.005100,0.00002601,-0.034000,1.2100,0.000000
1771570900.370797,7.781298,0.031770,-0.004650,0.014164,0.017279,0.9900,0.000000,0.004650,0.00002162,-0.031000,0.9900,0.000000
1771570900.379818,7.790319,0.009021,-0.007500,-0.315928,0.017279,0.9900,0.000000,0.007500,0.00005625,-0.050000,0.9900,0.000000
1771570900.411568,7.822069,0.031749,-0.005700,0.056694,0.009599,0.5500,0.000000,0.005700,0.00003249,-0.038000,0.5500,0.000000
1771570900.419363,7.829864,0.007795,-0.007050,-0.173186,0.009599,0.5500,0.000000,0.007050,0.00004970,-0.047000,0.5500,0.000000
1771570900.451411,7.861912,0.032048,-0.006450,0.018722,0.008378,0.4800,0.000000,0.006450,0.00004160,-0.043000,0.4800,0.000000
1771570900.459945,7.870446,0.008534,-0.005850,0.070303,0.008378,0.4800,0.000000,0.005850,0.00003422,-0.039000,0.4800,0.000000
1771570900.490994,7.901495,0.031049,-0.006150,-0.009662,0.008378,0.4800,0.000000,0.006150,0.00003782,-0.041000,0.4800,0.000000
1771570900.500022,7.910523,0.009028,-0.006000,0.016615,0.008378,0.4800,0.000000,0.006000,0.00003600,-0.040000,0.4800,0.000000
1771570900.531010,7.941511,0.030988,-0.003900,0.067769,0.009599,0.5500,0.000000,0.003900,0.00001521,-0.026000,0.5500,0.000000
1771570900.539412,7.949913,0.008402,-0.004950,-0.124972,0.009599,0.5500,0.000000,0.004950,0.00002450,-0.033000,0.5500,0.000000
1771570900.570327,7.980828,0.030916,-0.004350,0.019408,0.009948,0.5700,0.000000,0.004350,0.00001892,-0.029000,0.5700,0.000000
1771570900.579470,7.989971,0.009143,-0.003900,0.049219,0.009948,0.5700,0.000000,0.003900,0.00001521,-0.026000,0.5700,0.000000
1771570900.609766,8.020267,0.030296,-0.003900,0.000000,0.009948,0.5700,0.000000,0.003900,0.00001521,-0.026000,0.5700,0.000000
1771570900.619517,8.030018,0.009750,-0.003000,0.092306,0.009948,0.5700,0.000000,0.003000,0.00000900,-0.020000,0.5700,0.000000
1771570900.650289,8.060790,0.030772,-0.002700,0.009749,0.009599,0.5500,0.000000,0.002700,0.00000729,-0.018000,0.5500,0.000000
1771570900.659111,8.069612,0.008822,-0.003750,-0.119024,0.009599,0.5500,0.000000,0.003750,0.00001406,-0.025000,0.5500,0.000000
1771570900.691084,8.101585,0.031974,-0.003150,0.018765,0.009599,0.5500,0.000000,0.003150,0.00000992,-0.021000,0.5500,0.000000
1771570900.699687,8.110188,0.008603,-0.002550,0.069740,0.009599,0.5500,0.000000,0.002550,0.00000650,-0.017000,0.5500,0.000000
1771570900.730616,8.141117,0.030928,-0.001050,0.048499,0.009948,0.5700,0.000000,0.001050,0.00000110,-0.007000,0.5700,0.000000
1771570900.738850,8.149351,0.008235,-0.002100,-0.127512,0.009948,0.5700,0.000000,0.002100,0.00000441,-0.014000,0.5700,0.000000
1771570900.771115,8.181616,0.032264,-0.001200,0.027894,0.009948,0.5700,0.000000,0.001200,0.00000144,-0.008000,0.5700,0.000000
1771570900.779185,8.189686,0.008070,-0.001350,-0.018587,0.009948,0.5700,0.000000,0.001350,0.00000182,-0.009000,0.5700,0.000000
1771570900.810040,8.220541,0.030855,-0.001200,0.004861,0.009948,0.5700,0.000000,0.001200,0.00000144,-0.008000,0.5700,0.000000
1771570900.819934,8.230435,0.009894,0.001200,0.242562,0.009948,0.5700,0.000000,0.001200,0.00000144,0.008000,0.5700,0.000000
1771570900.850264,8.260765,0.030330,-0.000900,-0.069238,0.009948,0.5700,0.000000,0.000900,0.00000081,-0.006000,0.5700,0.000000
1771570900.858632,8.269133,0.008367,-0.000600,0.035854,0.009948,0.5700,0.000000,0.000600,0.00000036,-0.004000,0.5700,0.000000
1771570900.890449,8.300950,0.031817,0.002850,0.108432,0.009948,0.5700,0.000000,0.002850,0.00000812,0.019000,0.5700,0.000000
1771570900.898780,8.309281,0.008331,0.001950,-0.108033,0.009948,0.5700,0.000000,0.001950,0.00000380,0.013000,0.5700,0.000000
1771570900.930069,8.340570,0.031290,0.001050,-0.028764,0.009948,0.5700,0.000000,0.001050,0.00000110,0.007000,0.5700,0.000000
1771570900.939391,8.349892,0.009322,0.001500,0.048275,0.009948,0.5700,0.000000,0.001500,0.00000225,0.010000,0.5700,0.000000
1771570900.970498,8.380999,0.031107,0.001500,0.000000,0.009948,0.5700,0.000000,0.001500,0.00000225,0.010000,0.5700,0.000000
1771570900.979507,8.390008,0.009009,0.003750,0.249740,0.009948,0.5700,0.000000,0.003750,0.00001406,0.025000,0.5700,0.000000
1771570901.010872,8.421373,0.031365,0.005250,0.047824,0.009948,0.5700,-0.000925,0.005250,0.00002756,0.035000,0.5700,-0.053000
1771570901.018827,8.429328,0.007956,0.003750,-0.188548,0.009948,0.5700,-0.000559,0.003750,0.00001406,0.025000,0.5700,-0.032000
1771570901.050036,8.460537,0.031209,0.004050,0.009613,0.003142,0.1800,-0.000349,0.004050,0.00001640,0.027000,0.1800,-0.020000
1771570901.059525,8.470026,0.009489,0.004050,0.000000,0.003142,0.1800,-0.000209,0.004050,0.00001640,0.027000,0.1800,-0.012000
1771570901.090000,8.500501,0.030475,0.004050,0.000000,-0.008029,-0.4600,-0.000122,0.004050,0.00001640,0.027000,-0.4600,-0.007000
1771570901.099017,8.509518,0.009017,0.005100,0.116450,-0.008029,-0.4600,-0.000070,0.005100,0.00002601,0.034000,-0.4600,-0.004000
1771570901.131420,8.541921,0.032403,0.004500,-0.018517,-0.020246,-1.1600,-0.000052,0.004500,0.00002025,0.030000,-1.1600,-0.003000
1771570901.139379,8.549880,0.007959,0.005100,0.075383,-0.020246,-1.1600,-0.000035,0.005100,0.00002601,0.034000,-1.1600,-0.002000
1771570901.170593,8.581094,0.031214,0.006150,0.033639,-0.023736,-1.3600,-0.000017,0.006150,0.00003782,0.041000,-1.3600,-0.001000
1771570901.178952,8.589453,0.008359,0.004650,-0.179443,-0.023736,-1.3600,-0.000017,0.004650,0.00002162,0.031000,-1.3600,-0.001000
1771570901.209658,8.620159,0.030706,0.004800,0.004885,-0.023736,-1.3600,-0.000000,0.004800,0.00002304,0.032000,-1.3600,-0.000000
1771570901.220151,8.630652,0.010493,0.005100,0.028590,-0.023736,-1.3600,-0.000000,0.005100,0.00002601,0.034000,-1.3600,-0.000000
1771570901.250556,8.661057,0.030405,0.004500,-0.019734,-0.023736,-1.3600,-0.000000,0.004500,0.00002025,0.030000,-1.3600,-0.000000
1771570901.259605,8.670106,0.009049,0.004050,-0.049731,-0.023736,-1.3600,-0.000000,0.004050,0.00001640,0.027000,-1.3600,-0.000000
1771570901.291219,8.701720,0.031614,0.004050,0.000000,-0.023736,-1.3600,-0.000000,0.004050,0.00001640,0.027000,-1.3600,-0.000000
1771570901.299227,8.709728,0.008009,0.004050,0.000000,-0.023736,-1.3600,-0.000000,0.004050,0.00001640,0.027000,-1.3600,-0.000000
1771570901.330945,8.741446,0.031717,0.004950,0.028376,-0.023736,-1.3600,-0.000000,0.004950,0.00002450,0.033000,-1.3600,-0.000000
1771570901.339196,8.749697,0.008251,0.004050,-0.109072,-0.023736,-1.3600,-0.000000,0.004050,0.00001640,0.027000,-1.3600,-0.000000
1771570901.371135,8.781636,0.031939,0.004350,0.009393,-0.023736,-1.3600,-0.000000,0.004350,0.00001892,0.029000,-1.3600,-0.000000
1771570901.379269,8.789770,0.008134,0.004650,0.036882,-0.023736,-1.3600,-0.000000,0.004650,0.00002162,0.031000,-1.3600,-0.000000
1771570901.409857,8.820358,0.030588,0.003600,-0.034327,-0.023736,-1.3600,-0.000000,0.003600,0.00001296,0.024000,-1.3600,-0.000000
1771570901.419632,8.830133,0.009775,0.003450,-0.015345,-0.023736,-1.3600,-0.000000,0.003450,0.00001190,0.023000,-1.3600,-0.000000
1771570901.451251,8.861752,0.031619,0.004050,0.018976,-0.023736,-1.3600,-0.000000,0.004050,0.00001640,0.027000,-1.3600,-0.000000
1771570901.459690,8.870191,0.008439,0.002850,-0.142196,-0.023736,-1.3600,-0.000000,0.002850,0.00000812,0.019000,-1.3600,-0.000000
1771570901.490397,8.900898,0.030707,0.002100,-0.024425,-0.023736,-1.3600,-0.000000,0.002100,0.00000441,0.014000,-1.3600,-0.000000
1771570901.498887,8.909388,0.008490,0.003000,0.106009,-0.023736,-1.3600,-0.000000,0.003000,0.00000900,0.020000,-1.3600,-0.000000
1771570901.530762,8.941263,0.031876,0.000750,-0.070586,-0.023387,-1.3400,-0.000000,0.000750,0.00000056,0.005000,-1.3400,-0.000000
1771570901.539644,8.950145,0.008882,0.000450,-0.033778,-0.023387,-1.3400,-0.000000,0.000450,0.00000020,0.003000,-1.3400,-0.000000
1771570901.571372,8.981873,0.031728,-0.000600,-0.033094,-0.023387,-1.3400,-0.000000,0.000600,0.00000036,-0.004000,-1.3400,-0.000000
1771570901.579746,8.990247,0.008375,-0.000450,0.017911,-0.023387,-1.3400,-0.000000,0.000450,0.00000020,-0.003000,-1.3400,-0.000000
1771570901.611189,9.021690,0.031442,-0.001050,-0.019083,-0.023387,-1.3400,-0.000000,0.001050,0.00000110,-0.007000,-1.3400,-0.000000
1771570901.619946,9.030447,0.008757,0.002400,0.393987,-0.023387,-1.3400,-0.000000,0.002400,0.00000576,0.016000,-1.3400,-0.000000
1771570901.650544,9.061045,0.030598,0.000750,-0.053925,-0.023736,-1.3600,-0.000000,0.000750,0.00000056,0.005000,-1.3600,-0.000000
1771570901.658697,9.069198,0.008154,-0.000750,-0.183966,-0.023736,-1.3600,-0.000000,0.000750,0.00000056,-0.005000,-1.3600,-0.000000
1771570901.690312,9.100813,0.031614,-0.002850,-0.066426,-0.023736,-1.3600,-0.000000,0.002850,0.00000812,-0.019000,-1.3600,-0.000000
1771570901.699153,9.109654,0.008842,-0.003000,-0.016965,-0.023736,-1.3600,-0.000000,0.003000,0.00000900,-0.020000,-1.3600,-0.000000
1771570901.731512,9.142013,0.032359,-0.002850,0.004635,-0.023736,-1.3600,-0.000000,0.002850,0.00000812,-0.019000,-1.3600,-0.000000
1771570901.738488,9.148989,0.006975,-0.002250,0.086016,-0.023736,-1.3600,-0.000000,0.002250,0.00000506,-0.015000,-1.3600,-0.000000
1771570901.771185,9.181686,0.032697,-0.003000,-0.022938,-0.023387,-1.3400,-0.000000,0.003000,0.00000900,-0.020000,-1.3400,-0.000000
1771570901.779542,9.190043,0.008357,-0.004950,-0.233336,-0.023387,-1.3400,-0.000000,0.004950,0.00002450,-0.033000,-1.3400,-0.000000
1771570901.811538,9.222039,0.031996,-0.002850,0.065633,-0.023387,-1.3400,-0.000000,0.002850,0.00000812,-0.019000,-1.3400,-0.000000
1771570901.818382,9.228883,0.006844,-0.005700,-0.416406,-0.023387,-1.3400,-0.000000,0.005700,0.00003249,-0.038000,-1.3400,-0.000000
1771570901.849856,9.260357,0.031474,-0.006150,-0.014298,-0.015708,-0.9000,0.000785,0.006150,0.00003782,-0.041000,-0.9000,0.045000
1771570901.860155,9.270656,0.010299,-0.007050,-0.087387,-0.015708,-0.9000,0.000471,0.007050,0.00004970,-0.047000,-0.9000,0.027000
1771570901.890141,9.300642,0.029986,-0.005100,0.065031,0.006109,0.3500,0.000297,0.005100,0.00002601,-0.034000,0.3500,0.017000
1771570901.898748,9.309249,0.008607,-0.006600,-0.174269,0.006109,0.3500,0.000175,0.006600,0.00004356,-0.044000,0.3500,0.010000
1771570901.929897,9.340398,0.031149,-0.009000,-0.077049,0.022166,1.2700,0.000105,0.009000,0.00008100,-0.060000,1.2700,0.006000
1771570901.940184,9.350685,0.010287,-0.010050,-0.102072,0.021468,1.2300,0.000070,0.010050,0.00010100,-0.067000,1.2300,0.004000
1771570901.970735,9.381236,0.030551,-0.010350,-0.009820,0.020769,1.1900,0.000035,0.010350,0.00010712,-0.069000,1.1900,0.002000
1771570901.979738,9.390239,0.009003,-0.009450,0.099962,0.020769,1.1900,0.000017,0.009450,0.00008930,-0.063000,1.1900,0.001000
1771570902.009786,9.420287,0.030047,-0.011100,-0.054914,0.019897,1.1400,0.000017,0.011100,0.00012321,-0.074000,1.1400,0.001000
1771570902.019847,9.430348,0.010062,-0.010800,0.029816,0.019897,1.1400,0.000017,0.010800,0.00011664,-0.072000,1.1400,0.001000
1771570902.050591,9.461092,0.030743,-0.011550,-0.024396,0.019897,1.1400,0.000000,0.011550,0.00013340,-0.077000,1.1400,0.000000
1771570902.059448,9.469949,0.008857,-0.011550,0.000000,0.019897,1.1400,0.000000,0.011550,0.00013340,-0.077000,1.1400,0.000000
1771570902.090487,9.500988,0.031040,-0.011400,0.004833,0.019897,1.1400,0.000000,0.011400,0.00012996,-0.076000,1.1400,0.000000
1771570902.098758,9.509259,0.008271,-0.011100,0.036273,0.019897,1.1400,0.000000,0.011100,0.00012321,-0.074000,1.1400,0.000000
1771570902.129750,9.540251,0.030992,-0.011400,-0.009680,0.019548,1.1200,0.000000,0.011400,0.00012996,-0.076000,1.1200,0.000000
1771570902.139495,9.549996,0.009745,-0.011400,0.000000,0.019548,1.1200,0.000000,0.011400,0.00012996,-0.076000,1.1200,0.000000
1771570902.170195,9.580696,0.030700,-0.011700,-0.009772,0.018326,1.0500,0.000000,0.011700,0.00013689,-0.078000,1.0500,0.000000
1771570902.179696,9.590197,0.009501,-0.010950,0.078935,0.018326,1.0500,0.000000,0.010950,0.00011990,-0.073000,1.0500,0.000000
1771570902.210289,9.620790,0.030593,-0.011400,-0.014709,0.017977,1.0300,0.000000,0.011400,0.00012996,-0.076000,1.0300,0.000000
1771570902.218432,9.628933,0.008143,-0.010200,0.147371,0.017977,1.0300,0.000000,0.010200,0.00010404,-0.068000,1.0300,0.000000
1771570902.250205,9.660706,0.031773,-0.011700,-0.047209,0.016930,0.9700,0.000000,0.011700,0.00013689,-0.078000,0.9700,0.000000
1771570902.259670,9.670171,0.009465,-0.011700,0.000000,0.016930,0.9700,0.000000,0.011700,0.00013689,-0.078000,0.9700,0.000000
1771570902.289889,9.700390,0.030220,-0.011700,0.000000,0.017279,0.9900,0.000000,0.011700,0.00013689,-0.078000,0.9900,0.000000
1771570902.299317,9.709818,0.009428,-0.011700,0.000000,0.016930,0.9700,0.000000,0.011700,0.00013689,-0.078000,0.9700,0.000000
1771570902.329964,9.740465,0.030647,-0.011700,0.000000,0.016930,0.9700,0.000000,0.011700,0.00013689,-0.078000,0.9700,0.000000
1771570902.339545,9.750046,0.009580,-0.011700,0.000000,0.016930,0.9700,0.000000,0.011700,0.00013689,-0.078000,0.9700,0.000000
1771570902.369704,9.780205,0.030160,-0.011700,0.000000,0.016930,0.9700,0.000000,0.011700,0.00013689,-0.078000,0.9700,0.000000
1771570902.380027,9.790528,0.010323,-0.011550,0.014531,0.016930,0.9700,0.000000,0.011550,0.00013340,-0.077000,0.9700,0.000000
1771570902.410810,9.821311,0.030783,-0.011250,0.009746,0.016930,0.9700,0.000000,0.011250,0.00012656,-0.075000,0.9700,0.000000
1771570902.418950,9.829451,0.008140,-0.010800,0.055285,0.016930,0.9700,0.000000,0.010800,0.00011664,-0.072000,0.9700,0.000000
1771570902.449642,9.860143,0.030692,-0.011100,-0.009775,0.017279,0.9900,0.000000,0.011100,0.00012321,-0.074000,0.9900,0.000000
1771570902.461021,9.871522,0.011379,-0.010950,0.013183,0.017279,0.9900,0.000000,0.010950,0.00011990,-0.073000,0.9900,0.000000
1771570902.490506,9.901007,0.029485,-0.010800,0.005087,0.016930,0.9700,0.000000,0.010800,0.00011664,-0.072000,0.9700,0.000000
1771570902.498523,9.909024,0.008018,-0.010500,0.037417,0.016930,0.9700,0.000000,0.010500,0.00011025,-0.070000,0.9700,0.000000
1771570902.530207,9.940708,0.031683,-0.009750,0.023672,0.017279,0.9900,0.000000,0.009750,0.00009506,-0.065000,0.9900,0.000000
1771570902.538487,9.948988,0.008280,-0.010350,-0.072461,0.017279,0.9900,0.000000,0.010350,0.00010712,-0.069000,0.9900,0.000000
1771570902.570158,9.980659,0.031671,-0.009150,0.037890,0.017279,0.9900,0.000000,0.009150,0.00008372,-0.061000,0.9900,0.000000
1771570902.578532,9.989033,0.008374,-0.008700,0.053735,0.017279,0.9900,0.000000,0.008700,0.00007569,-0.058000,0.9900,0.000000
1771570902.611016,10.021517,0.032483,-0.006450,0.069266,0.017279,0.9900,0.000000,0.006450,0.00004160,-0.043000,0.9900,0.000000
1771570902.619155,10.029656,0.008139,-0.007800,-0.165870,0.017279,0.9900,0.000000,0.007800,0.00006084,-0.052000,0.9900,0.000000
1771570902.651094,10.061595,0.031939,-0.005550,0.070446,0.016406,0.9400,0.000000,0.005550,0.00003080,-0.037000,0.9400,0.000000
1771570902.659709,10.070210,0.008615,-0.006600,-0.121877,0.016406,0.9400,0.000000,0.006600,0.00004356,-0.044000,0.9400,0.000000
1771570902.690239,10.100740,0.030530,-0.006900,-0.009826,0.010821,0.6200,0.000000,0.006900,0.00004761,-0.046000,0.6200,0.000000
1771570902.698599,10.109100,0.008359,-0.006600,0.035889,0.010821,0.6200,0.000000,0.006600,0.00004356,-0.044000,0.6200,0.000000
1771570902.729706,10.140207,0.031108,-0.006750,-0.004822,0.010297,0.5900,0.000000,0.006750,0.00004556,-0.045000,0.5900,0.000000
1771570902.739722,10.150223,0.010015,-0.006000,0.074886,0.010297,0.5900,0.000000,0.006000,0.00003600,-0.040000,0.5900,0.000000
1771570902.770211,10.180712,0.030489,-0.004500,0.049198,0.011170,0.6400,0.000000,0.004500,0.00002025,-0.030000,0.6400,0.000000
1771570902.778430,10.188931,0.008219,-0.003750,0.091252,0.011170,0.6400,0.000000,0.003750,0.00001406,-0.025000,0.6400,0.000000
1771570902.811016,10.221517,0.032586,-0.005400,-0.050635,0.010297,0.5900,0.000000,0.005400,0.00002916,-0.036000,0.5900,0.000000
1771570902.819393,10.229894,0.008377,-0.004800,0.071622,0.010297,0.5900,0.000000,0.004800,0.00002304,-0.032000,0.5900,0.000000
1771570902.850456,10.260957,0.031063,-0.004200,0.019316,0.010821,0.6200,0.000000,0.004200,0.00001764,-0.028000,0.6200,0.000000
1771570902.859427,10.269928,0.008971,-0.004050,0.016721,0.010821,0.6200,0.000000,0.004050,0.00001640,-0.027000,0.6200,0.000000
1771570902.889900,10.300401,0.030473,-0.003300,0.024612,0.010821,0.6200,0.000000,0.003300,0.00001089,-0.022000,0.6200,0.000000
1771570902.900255,10.310756,0.010355,-0.003450,-0.014485,0.010821,0.6200,0.000000,0.003450,0.00001190,-0.023000,0.6200,0.000000
1771570902.930724,10.341225,0.030469,-0.003600,-0.004923,0.011868,0.6800,0.000000,0.003600,0.00001296,-0.024000,0.6800,0.000000
1771570902.939174,10.349675,0.008450,-0.002850,0.088755,0.011868,0.6800,0.000000,0.002850,0.00000812,-0.019000,0.6800,0.000000
1771570902.970902,10.381403,0.031728,-0.002700,0.004728,0.012217,0.7000,0.000000,0.002700,0.00000729,-0.018000,0.7000,0.000000
1771570902.979616,10.390117,0.008714,-0.001200,0.172142,0.012217,0.7000,0.000000,0.001200,0.00000144,-0.008000,0.7000,0.000000
1771570903.009700,10.420201,0.030084,-0.000750,0.014958,0.011868,0.6800,0.000000,0.000750,0.00000056,-0.005000,0.6800,0.000000
1771570903.019655,10.430156,0.009955,-0.000450,0.030135,0.011868,0.6800,0.000000,0.000450,0.00000020,-0.003000,0.6800,0.000000
1771570903.051615,10.462116,0.031960,-0.001200,-0.023467,0.011868,0.6800,0.000000,0.001200,0.00000144,-0.008000,0.6800,0.000000
1771570903.060086,10.470587,0.008471,0.000750,0.230197,0.011868,0.6800,0.000000,0.000750,0.00000056,0.005000,0.6800,0.000000
1771570903.091032,10.501533,0.030947,0.000450,-0.009694,0.011868,0.6800,0.000000,0.000450,0.00000020,0.003000,0.6800,0.000000
1771570903.099715,10.510216,0.008683,0.000900,0.051827,0.011868,0.6800,0.000000,0.000900,0.00000081,0.006000,0.6800,0.000000
1771570903.130800,10.541301,0.031085,0.002100,0.038603,0.011868,0.6800,0.000000,0.002100,0.00000441,0.014000,0.6800,0.000000
1771570903.138576,10.549077,0.007775,0.001050,-0.135047,0.011868,0.6800,0.000000,0.001050,0.00000110,0.007000,0.6800,0.000000
1771570903.170093,10.580594,0.031518,0.001800,0.023796,0.011868,0.6800,0.000000,0.001800,0.00000324,0.012000,0.6800,0.000000
1771570903.179575,10.590076,0.009482,0.003900,0.221474,0.011868,0.6800,0.000000,0.003900,0.00001521,0.026000,0.6800,0.000000
1771570903.210898,10.621399,0.031323,0.004200,0.009578,0.011170,0.6400,-0.000803,0.004200,0.00001764,0.028000,0.6400,-0.046000
1771570903.219807,10.630308,0.008909,0.004050,-0.016836,0.011170,0.6400,-0.000489,0.004050,0.00001640,0.027000,0.6400,-0.028000
1771570903.250166,10.660667,0.030359,0.004500,0.014823,0.006109,0.3500,-0.000297,0.004500,0.00002025,0.030000,0.3500,-0.017000
1771570903.259765,10.670266,0.009599,0.004650,0.015627,0.006109,0.3500,-0.000175,0.004650,0.00002162,0.031000,0.3500,-0.010000
1771570903.290646,10.701147,0.030881,0.005850,0.038859,-0.001571,-0.0900,-0.000105,0.005850,0.00003422,0.039000,-0.0900,-0.006000
1771570903.300016,10.710517,0.009370,0.006000,0.016008,-0.001571,-0.0900,-0.000070,0.006000,0.00003600,0.040000,-0.0900,-0.004000
1771570903.330298,10.740799,0.030282,0.005700,-0.009907,-0.025307,-1.4500,-0.000035,0.005700,0.00003249,0.038000,-1.4500,-0.002000
1771570903.338524,10.749025,0.008226,0.008100,0.291752,-0.025307,-1.4500,-0.000017,0.008100,0.00006561,0.054000,-1.4500,-0.001000
1771570903.370836,10.781337,0.032312,0.006750,-0.041780,-0.038048,-2.1800,-0.000017,0.006750,0.00004556,0.045000,-2.1800,-0.001000
1771570903.379318,10.789819,0.008482,0.006300,-0.053054,-0.038048,-2.1800,-0.000017,0.006300,0.00003969,0.042000,-2.1800,-0.001000
1771570903.409881,10.820382,0.030563,0.006300,0.000000,-0.032987,-1.8900,-0.000000,0.006300,0.00003969,0.042000,-1.8900,-0.000000
1771570903.419751,10.830252,0.009871,0.008550,0.227951,-0.032987,-1.8900,-0.000000,0.008550,0.00007310,0.057000,-1.8900,-0.000000
1771570903.451131,10.861632,0.031379,0.007200,-0.043022,-0.022166,-1.2700,-0.000663,0.007200,0.00005184,0.048000,-1.2700,-0.038000
1771570903.458172,10.868673,0.007041,0.006750,-0.063907,-0.024609,-1.4100,-0.000401,0.006750,0.00004556,0.045000,-1.4100,-0.023000
1771570903.490638,10.901139,0.032466,0.014550,0.240250,-0.026878,-1.5400,-0.000244,0.014550,0.00021170,0.097000,-1.5400,-0.014000
1771570903.498669,10.909170,0.008031,0.005700,-1.101995,-0.026878,-1.5400,-0.000157,0.005700,0.00003249,0.038000,-1.5400,-0.009000
1771570903.530720,10.941221,0.032051,0.005550,-0.004680,-0.026878,-1.5400,-0.000087,0.005550,0.00003080,0.037000,-1.5400,-0.005000
1771570903.539082,10.949583,0.008362,0.005400,-0.017938,-0.026878,-1.5400,-0.000052,0.005400,0.00002916,0.036000,-1.5400,-0.003000
1771570903.570604,10.981105,0.031522,0.005400,0.000000,-0.026005,-1.4900,-0.000035,0.005400,0.00002916,0.036000,-1.4900,-0.002000
1771570903.579030,10.989531,0.008426,0.004950,-0.053406,-0.026005,-1.4900,-0.000017,0.004950,0.00002450,0.033000,-1.4900,-0.001000
1771570903.611074,11.021575,0.032044,0.005700,0.023405,-0.026005,-1.4900,-0.000017,0.005700,0.00003249,0.038000,-1.4900,-0.001000
1771570903.620029,11.030530,0.008954,0.006000,0.033504,-0.026005,-1.4900,-0.000000,0.006000,0.00003600,0.040000,-1.4900,-0.000000
1771570903.650857,11.061358,0.030829,0.004200,-0.058387,-0.026529,-1.5200,-0.000000,0.004200,0.00001764,0.028000,-1.5200,-0.000000
1771570903.659266,11.069767,0.008409,0.005400,0.142708,-0.026529,-1.5200,-0.000000,0.005400,0.00002916,0.036000,-1.5200,-0.000000
1771570903.691172,11.101673,0.031906,0.004350,-0.032909,-0.026005,-1.4900,-0.000000,0.004350,0.00001892,0.029000,-1.4900,-0.000000
1771570903.699654,11.110155,0.008482,0.004650,0.035369,-0.026005,-1.4900,-0.000000,0.004650,0.00002162,0.031000,-1.4900,-0.000000
1771570903.731687,11.142188,0.032033,0.003000,-0.051509,-0.026529,-1.5200,-0.000000,0.003000,0.00000900,0.020000,-1.5200,-0.000000
1771570903.739661,11.150162,0.007973,0.003000,0.000000,-0.026529,-1.5200,-0.000000,0.003000,0.00000900,0.020000,-1.5200,-0.000000
1771570903.771082,11.181583,0.031421,0.001200,-0.057286,-0.026005,-1.4900,-0.000000,0.001200,0.00000144,0.008000,-1.4900,-0.000000
1771570903.779181,11.189682,0.008100,0.001200,0.000000,-0.026005,-1.4900,0.000785,0.001200,0.00000144,0.008000,-1.4900,0.045000
1771570903.810287,11.220788,0.031106,0.001800,0.019289,-0.024086,-1.3800,0.000489,0.001800,0.00000324,0.012000,-1.3800,0.028000
1771570903.819305,11.229806,0.009018,-0.000600,-0.266136,-0.024086,-1.3800,0.000297,0.000600,0.00000036,-0.004000,-1.3800,0.017000
1771570903.849705,11.260206,0.030400,0.000300,0.029605,-0.023038,-1.3200,0.000175,0.000300,0.00000009,0.002000,-1.3200,0.010000
1771570903.860039,11.270540,0.010334,0.001200,0.087089,-0.023038,-1.3200,0.000105,0.001200,0.00000144,0.008000,-1.3200,0.006000
1771570903.890588,11.301089,0.030548,-0.002100,-0.108026,-0.023038,-1.3200,0.000070,0.002100,0.00000441,-0.014000,-1.3200,0.004000
1771570903.899587,11.310088,0.009000,-0.002250,-0.016667,-0.023038,-1.3200,0.000035,0.002250,0.00000506,-0.015000,-1.3200,0.002000
1771570903.929727,11.340228,0.030139,-0.003150,-0.029861,-0.022689,-1.3000,0.000017,0.003150,0.00000992,-0.021000,-1.3000,0.001000
1771570903.939502,11.350003,0.009775,-0.003150,0.000000,-0.022689,-1.3000,0.000017,0.003150,0.00000992,-0.021000,-1.3000,0.001000
1771570903.970798,11.381299,0.031296,-0.002700,0.014379,-0.022689,-1.3000,0.000017,0.002700,0.00000729,-0.018000,-1.3000,0.001000
1771570903.979358,11.389859,0.008560,-0.003300,-0.070094,-0.022689,-1.3000,0.000000,0.003300,0.00001089,-0.022000,-1.3000,0.000000
1771570904.009906,11.420407,0.030548,-0.005100,-0.058923,-0.022166,-1.2700,0.000000,0.005100,0.00002601,-0.034000,-1.2700,0.000000
1771570904.019650,11.430151,0.009743,-0.004050,0.107767,-0.022166,-1.2700,0.000000,0.004050,0.00001640,-0.027000,-1.2700,0.000000
1771570904.051463,11.461964,0.031813,-0.006300,-0.070725,-0.022689,-1.3000,0.000000,0.006300,0.00003969,-0.042000,-1.3000,0.000000
1771570904.059465,11.469966,0.008002,-0.005250,0.131216,-0.022689,-1.3000,0.000000,0.005250,0.00002756,-0.035000,-1.3000,0.000000
1771570904.089805,11.500306,0.030340,-0.006750,-0.049440,-0.022689,-1.3000,0.000000,0.006750,0.00004556,-0.045000,-1.3000,0.000000
1771570904.098710,11.509211,0.008905,-0.007500,-0.084218,-0.022689,-1.3000,0.000000,0.007500,0.00005625,-0.050000,-1.3000,0.000000
1771570904.130430,11.540931,0.031720,-0.009000,-0.047289,-0.022166,-1.2700,0.000000,0.009000,0.00008100,-0.060000,-1.2700,0.000000
1771570904.138495,11.548996,0.008065,-0.009900,-0.111587,-0.022166,-1.2700,0.000820,0.009900,0.00009801,-0.066000,-1.2700,0.047000
1771570904.170642,11.581143,0.032146,-0.010650,-0.023331,-0.006458,-0.3700,0.000506,0.010650,0.00011342,-0.071000,-0.3700,0.029000
1771570904.179905,11.590406,0.009263,-0.011100,-0.048579,-0.006458,-0.3700,0.000297,0.011100,0.00012321,-0.074000,-0.3700,0.017000
1771570904.210989,11.621490,0.031084,-0.011550,-0.014477,0.016057,0.9200,0.000192,0.011550,0.00013340,-0.077000,0.9200,0.011000
1771570904.219176,11.629677,0.008188,-0.012600,-0.128240,0.016057,0.9200,0.000105,0.012600,0.00015876,-0.084000,0.9200,0.006000
1771570904.251563,11.662064,0.032387,-0.011400,0.037052,0.029845,1.7100,0.000070,0.011400,0.00012996,-0.076000,1.7100,0.004000
1771570904.260868,11.671369,0.009305,-0.013800,-0.257939,0.029496,1.6900,0.000035,0.013800,0.00019044,-0.092000,1.6900,0.002000
1771570904.289787,11.700288,0.028919,-0.013950,-0.005187,0.028449,1.6300,0.000017,0.013950,0.00019460,-0.093000,1.6300,0.001000
1771570904.299221,11.709722,0.009434,-0.015450,-0.159000,0.027576,1.5800,0.000017,0.015450,0.00023870,-0.103000,1.5800,0.001000
1771570904.329542,11.740043,0.030321,-0.014400,0.034629,0.026878,1.5400,0.000017,0.014400,0.00020736,-0.096000,1.5400,0.001000
1771570904.339487,11.749988,0.009945,-0.014250,0.015083,0.026529,1.5200,0.000000,0.014250,0.00020306,-0.095000,1.5200,0.000000
1771570904.370574,11.781075,0.031087,-0.015600,-0.043427,0.026529,1.5200,0.000000,0.015600,0.00024336,-0.104000,1.5200,0.000000
1771570904.379444,11.789945,0.008870,-0.015750,-0.016911,0.026529,1.5200,0.000000,0.015750,0.00024806,-0.105000,1.5200,0.000000
1771570904.410850,11.821351,0.031406,-0.016200,-0.014329,0.025307,1.4500,0.000000,0.016200,0.00026244,-0.108000,1.4500,0.000000
1771570904.419650,11.830151,0.008800,-0.016200,0.000000,0.025307,1.4500,0.000000,0.016200,0.00026244,-0.108000,1.4500,0.000000
1771570904.449436,11.859937,0.029786,-0.016350,-0.005036,0.025307,1.4500,0.000000,0.016350,0.00026732,-0.109000,1.4500,0.000000
1771570904.458795,11.869296,0.009359,-0.016350,0.000000,0.025307,1.4500,0.000000,0.016350,0.00026732,-0.109000,1.4500,0.000000
1771570904.491132,11.901633,0.032336,-0.016350,0.000000,0.025307,1.4500,0.000000,0.016350,0.00026732,-0.109000,1.4500,0.000000
1771570904.498286,11.908787,0.007155,-0.016500,-0.020965,0.025307,1.4500,0.000000,0.016500,0.00027225,-0.110000,1.4500,0.000000
1771570904.530226,11.940727,0.031940,-0.016200,0.009393,0.025307,1.4500,0.000000,0.016200,0.00026244,-0.108000,1.4500,0.000000
1771570904.538164,11.948665,0.007938,-0.016050,0.018896,0.025307,1.4500,0.000000,0.016050,0.00025760,-0.107000,1.4500,0.000000
1771570904.571141,11.981642,0.032976,-0.015600,0.013646,0.024958,1.4300,0.000000,0.015600,0.00024336,-0.104000,1.4300,0.000000
1771570904.579027,11.989528,0.007887,-0.014100,0.190195,0.024958,1.4300,0.000000,0.014100,0.00019881,-0.094000,1.4300,0.000000
1771570904.609501,12.020002,0.030473,-0.015600,-0.049223,0.024086,1.3800,0.000000,0.015600,0.00024336,-0.104000,1.3800,0.000000
1771570904.619480,12.029981,0.009979,-0.015450,0.015031,0.024086,1.3800,0.000000,0.015450,0.00023870,-0.103000,1.3800,0.000000
1771570904.649962,12.060463,0.030482,-0.015600,-0.004921,0.020769,1.1900,0.000000,0.015600,0.00024336,-0.104000,1.1900,0.000000
1771570904.659425,12.069926,0.009463,-0.013650,0.206075,0.020769,1.1900,0.000000,0.013650,0.00018632,-0.091000,1.1900,0.000000
1771570904.689994,12.100495,0.030570,-0.011550,0.068696,0.021118,1.2100,0.000000,0.011550,0.00013340,-0.077000,1.2100,0.000000
1771570904.699567,12.110068,0.009573,-0.014100,-0.266388,0.021118,1.2100,0.000000,0.014100,0.00019881,-0.094000,1.2100,0.000000
1771570904.730657,12.141158,0.031091,-0.012750,0.043421,0.021118,1.2100,0.000000,0.012750,0.00016256,-0.085000,1.2100,0.000000
1771570904.738575,12.149076,0.007917,-0.013350,-0.075785,0.021118,1.2100,0.000000,0.013350,0.00017822,-0.089000,1.2100,0.000000
1771570904.770200,12.180701,0.031626,-0.012150,0.037944,0.021118,1.2100,0.000000,0.012150,0.00014762,-0.081000,1.2100,0.000000
1771570904.778802,12.189303,0.008601,-0.012150,0.000000,0.021118,1.2100,0.000000,0.012150,0.00014762,-0.081000,1.2100,0.000000
1771570904.810042,12.220543,0.031240,-0.012150,0.000000,0.021118,1.2100,0.000000,0.012150,0.00014762,-0.081000,1.2100,0.000000
1771570904.819329,12.229830,0.009287,-0.011550,0.064604,0.021118,1.2100,0.000000,0.011550,0.00013340,-0.077000,1.2100,0.000000
1771570904.849567,12.260068,0.030238,-0.011400,0.004961,0.020769,1.1900,0.000000,0.011400,0.00012996,-0.076000,1.1900,0.000000
1771570904.859448,12.269949,0.009881,-0.011100,0.030361,0.020769,1.1900,0.000000,0.011100,0.00012321,-0.074000,1.1900,0.000000
1771570904.890150,12.300651,0.030701,-0.011100,0.000000,0.020769,1.1900,0.000000,0.011100,0.00012321,-0.074000,1.1900,0.000000
1771570904.898531,12.309032,0.008381,-0.010350,0.089484,0.020769,1.1900,0.000000,0.010350,0.00010712,-0.069000,1.1900,0.000000
1771570904.930534,12.341035,0.032003,-0.009900,0.014061,0.020769,1.1900,0.000000,0.009900,0.00009801,-0.066000,1.1900,0.000000
1771570904.939031,12.349532,0.008497,-0.009900,0.000000,0.020769,1.1900,0.000000,0.009900,0.00009801,-0.066000,1.1900,0.000000
1771570904.970165,12.380666,0.031134,-0.007950,0.062632,0.020246,1.1600,0.000000,0.007950,0.00006320,-0.053000,1.1600,0.000000
1771570904.978296,12.388797,0.008131,-0.007350,0.073796,0.020246,1.1600,0.000000,0.007350,0.00005402,-0.049000,1.1600,0.000000
1771570905.009885,12.420386,0.031590,-0.007050,0.009497,0.015359,0.8800,0.000000,0.007050,0.00004970,-0.047000,0.8800,0.000000
1771570905.019274,12.429775,0.009389,-0.003900,0.335510,0.015359,0.8800,0.000000,0.003900,0.00001521,-0.026000,0.8800,0.000000
1771570905.050914,12.461415,0.031640,-0.005850,-0.061631,0.009948,0.5700,0.000000,0.005850,0.00003422,-0.039000,0.5700,0.000000
1771570905.060001,12.470502,0.009087,-0.004050,0.198089,0.009948,0.5700,0.000000,0.004050,0.00001640,-0.027000,0.5700,0.000000
1771570905.092483,12.502984,0.032482,-0.003750,0.009236,0.009948,0.5700,-0.000838,0.003750,0.00001406,-0.025000,0.5700,-0.048000
1771570905.098638,12.509139,0.006155,-0.004650,-0.146234,0.009948,0.5700,-0.000506,0.004650,0.00002162,-0.031000,0.5700,-0.029000
1771570905.129780,12.540281,0.031142,-0.003000,0.052982,0.006458,0.3700,-0.000314,0.003000,0.00000900,-0.020000,0.3700,-0.018000
1771570905.138712,12.549213,0.008932,-0.002550,0.050380,0.006458,0.3700,-0.000192,0.002550,0.00000650,-0.017000,0.3700,-0.011000
1771570905.169558,12.580059,0.030845,-0.002850,-0.009726,0.001920,0.1100,-0.000105,0.002850,0.00000812,-0.019000,0.1100,-0.006000
1771570905.179577,12.590078,0.010020,-0.002700,0.014971,0.001920,0.1100,-0.000070,0.002700,0.00000729,-0.018000,0.1100,-0.004000
1771570905.210290,12.620791,0.030713,-0.002100,0.019535,0.002618,0.1500,-0.000035,0.002100,0.00000441,-0.014000,0.1500,-0.002000
1771570905.218878,12.629379,0.008588,-0.001950,0.017467,0.002618,0.1500,-0.000017,0.001950,0.00000380,-0.013000,0.1500,-0.001000
1771570905.251374,12.661875,0.032495,-0.001500,0.013848,0.002618,0.1500,-0.000017,0.001500,0.00000225,-0.010000,0.1500,-0.001000
1771570905.259238,12.669739,0.007865,-0.001050,0.057216,0.002618,0.1500,-0.000017,0.001050,0.00000110,-0.007000,0.1500,-0.001000
1771570905.291816,12.702317,0.032577,0.000600,0.050649,0.002618,0.1500,-0.000000,0.000600,0.00000036,0.004000,0.1500,-0.000000
1771570905.298720,12.709221,0.006904,0.000600,0.000000,0.002618,0.1500,-0.000000,0.000600,0.00000036,0.004000,0.1500,-0.000000
1771570905.330631,12.741132,0.031912,0.001200,0.018802,0.002618,0.1500,-0.000000,0.001200,0.00000144,0.008000,0.1500,-0.000000
1771570905.338513,12.749014,0.007882,0.002550,0.171279,0.002618,0.1500,-0.000000,0.002550,0.00000650,0.017000,0.1500,-0.000000
1771570905.370817,12.781318,0.032304,0.003450,0.027860,0.002269,0.1300,-0.000000,0.003450,0.00001190,0.023000,0.1300,-0.000000
1771570905.379316,12.789817,0.008498,0.003300,-0.017651,0.002269,0.1300,-0.000000,0.003300,0.00001089,0.022000,0.1300,-0.000000
1771570905.409806,12.820307,0.030491,0.003750,0.014759,0.000698,0.0400,-0.000000,0.003750,0.00001406,0.025000,0.0400,-0.000000
1771570905.418271,12.828772,0.008465,0.004350,0.070882,0.000698,0.0400,-0.000000,0.004350,0.00001892,0.029000,0.0400,-0.000000
1771570905.450473,12.860974,0.032202,0.004650,0.009316,-0.004189,-0.2400,-0.000000,0.004650,0.00002162,0.031000,-0.2400,-0.000000
1771570905.458772,12.869273,0.008300,0.007650,0.361464,-0.004538,-0.2600,-0.000000,0.007650,0.00005852,0.051000,-0.2600,-0.000000
1771570905.490558,12.901059,0.031785,0.006600,-0.033034,-0.004538,-0.2600,-0.000000,0.006600,0.00004356,0.044000,-0.2600,-0.000000
1771570905.499976,12.910477,0.009419,0.005100,-0.159257,-0.004538,-0.2600,-0.000000,0.005100,0.00002601,0.034000,-0.2600,-0.000000
1771570905.530504,12.941005,0.030528,0.005400,0.009827,-0.005411,-0.3100,-0.000000,0.005400,0.00002916,0.036000,-0.3100,-0.000000
1771570905.538803,12.949304,0.008298,0.006600,0.144606,-0.005411,-0.3100,-0.000000,0.006600,0.00004356,0.044000,-0.3100,-0.000000
1771570905.570457,12.980958,0.031654,0.008400,0.056865,-0.005411,-0.3100,-0.000000,0.008400,0.00007056,0.056000,-0.3100,-0.000000
1771570905.578547,12.989048,0.008090,0.007200,-0.148331,-0.005411,-0.3100,-0.000000,0.007200,0.00005184,0.048000,-0.3100,-0.000000
1771570905.610621,13.021122,0.032075,0.007050,-0.004677,-0.006981,-0.4000,-0.000000,0.007050,0.00004970,0.047000,-0.4000,-0.000000
1771570905.618914,13.029415,0.008293,0.007050,0.000000,-0.006981,-0.4000,-0.000000,0.007050,0.00004970,0.047000,-0.4000,-0.000000
1771570905.650972,13.061473,0.032058,0.007500,0.014037,-0.014137,-0.8100,-0.000000,0.007500,0.00005625,0.050000,-0.8100,-0.000000
1771570905.659426,13.069927,0.008454,0.006750,-0.088715,-0.014137,-0.8100,-0.000000,0.006750,0.00004556,0.045000,-0.8100,-0.000000
1771570905.690192,13.100693,0.030766,0.006900,0.004876,-0.016057,-0.9200,-0.000000,0.006900,0.00004761,0.046000,-0.9200,-0.000000
1771570905.698538,13.109039,0.008346,0.006750,-0.017973,-0.016057,-0.9200,-0.000000,0.006750,0.00004556,0.045000,-0.9200,-0.000000
1771570905.729612,13.140113,0.031074,0.007800,0.033791,-0.016057,-0.9200,-0.000000,0.007800,0.00006084,0.052000,-0.9200,-0.000000
1771570905.739456,13.149957,0.009845,0.007050,-0.076184,-0.016057,-0.9200,-0.000000,0.007050,0.00004970,0.047000,-0.9200,-0.000000
1771570905.769762,13.180263,0.030305,0.006600,-0.014849,-0.016930,-0.9700,-0.000000,0.006600,0.00004356,0.044000,-0.9700,-0.000000
1771570905.779350,13.189851,0.009588,0.006300,-0.031288,-0.016930,-0.9700,-0.000000,0.006300,0.00003969,0.042000,-0.9700,-0.000000
1771570905.809549,13.220050,0.030200,0.007200,0.029802,-0.016406,-0.9400,-0.000000,0.007200,0.00005184,0.048000,-0.9400,-0.000000
1771570905.818664,13.229165,0.009115,0.006600,-0.065827,-0.016406,-0.9400,-0.000000,0.006600,0.00004356,0.044000,-0.9400,-0.000000
1771570905.850670,13.261171,0.032006,0.005700,-0.028120,-0.017977,-1.0300,-0.000000,0.005700,0.00003249,0.038000,-1.0300,-0.000000
1771570905.858547,13.269048,0.007877,0.005700,0.000000,-0.017977,-1.0300,-0.000000,0.005700,0.00003249,0.038000,-1.0300,-0.000000
1771570905.889753,13.300254,0.031206,0.005550,-0.004807,-0.021468,-1.2300,-0.000000,0.005550,0.00003080,0.037000,-1.2300,-0.000000
1771570905.898500,13.309001,0.008747,0.005250,-0.034297,-0.021468,-1.2300,-0.000000,0.005250,0.00002756,0.035000,-1.2300,-0.000000
1771570905.930674,13.341175,0.032173,0.005700,0.013987,-0.021118,-1.2100,-0.000000,0.005700,0.00003249,0.038000,-1.2100,-0.000000
1771570905.939137,13.349638,0.008464,0.007200,0.177224,-0.021118,-1.2100,-0.000000,0.007200,0.00005184,0.048000,-1.2100,-0.000000
1771570905.970135,13.380636,0.030997,0.004200,-0.096783,-0.021468,-1.2300,-0.000000,0.004200,0.00001764,0.028000,-1.2300,-0.000000
1771570905.979245,13.389746,0.009111,0.003750,-0.049393,-0.021468,-1.2300,-0.000000,0.003750,0.00001406,0.025000,-1.2300,-0.000000
1771570906.009540,13.420041,0.030295,0.004800,0.034659,-0.021118,-1.2100,-0.000000,0.004800,0.00002304,0.032000,-1.2100,-0.000000
1771570906.019445,13.429946,0.009905,0.004500,-0.030287,-0.021118,-1.2100,-0.000000,0.004500,0.00002025,0.030000,-1.2100,-0.000000
1771570906.050091,13.460592,0.030646,0.003900,-0.019579,-0.021118,-1.2100,-0.000000,0.003900,0.00001521,0.026000,-1.2100,-0.000000
1771570906.058210,13.468711,0.008119,0.003300,-0.073900,-0.021118,-1.2100,-0.000000,0.003300,0.00001089,0.022000,-1.2100,-0.000000
1771570906.089961,13.500462,0.031751,0.003600,0.009449,-0.021118,-1.2100,-0.000000,0.003600,0.00001296,0.024000,-1.2100,-0.000000
1771570906.098329,13.508830,0.008368,0.007050,0.412272,-0.021118,-1.2100,-0.000000,0.007050,0.00004970,0.047000,-1.2100,-0.000000
1771570906.130476,13.540977,0.032147,0.004800,-0.069992,-0.019548,-1.1200,-0.000000,0.004800,0.00002304,0.032000,-1.1200,-0.000000
1771570906.138654,13.549155,0.008178,0.000900,-0.476903,-0.019548,-1.1200,-0.000000,0.000900,0.00000081,0.006000,-1.1200,-0.000000
1771570906.170156,13.580657,0.031502,0.000300,-0.019046,-0.019199,-1.1000,-0.000000,0.000300,0.00000009,0.002000,-1.1000,-0.000000
1771570906.179209,13.589710,0.009053,-0.000150,-0.049706,-0.019199,-1.1000,-0.000000,0.000150,0.00000002,-0.001000,-1.1000,-0.000000
1771570906.209980,13.620481,0.030771,-0.001350,-0.038998,-0.016406,-0.9400,-0.000000,0.001350,0.00000182,-0.009000,-0.9400,-0.000000
1771570906.218244,13.628745,0.008264,-0.000900,0.054453,-0.016406,-0.9400,-0.000000,0.000900,0.00000081,-0.006000,-0.9400,-0.000000
1771570906.251636,13.662137,0.033392,-0.002100,-0.035937,-0.016930,-0.9700,-0.000000,0.002100,0.00000441,-0.014000,-0.9700,-0.000000
1771570906.258193,13.668694,0.006557,-0.002100,0.000000,-0.016930,-0.9700,-0.000000,0.002100,0.00000441,-0.014000,-0.9700,-0.000000
1771570906.290181,13.700682,0.031987,-0.002850,-0.023447,-0.016930,-0.9700,-0.000000,0.002850,0.00000812,-0.019000,-0.9700,-0.000000
1771570906.298398,13.708899,0.008218,-0.003300,-0.054759,-0.016930,-0.9700,-0.000000,0.003300,0.00001089,-0.022000,-0.9700,-0.000000
1771570906.329842,13.740343,0.031443,-0.002700,0.019082,-0.016930,-0.9700,-0.000000,0.002700,0.00000729,-0.018000,-0.9700,-0.000000
1771570906.338231,13.748732,0.008389,-0.001650,0.125164,-0.016930,-0.9700,-0.000000,0.001650,0.00000272,-0.011000,-0.9700,-0.000000
1771570906.370687,13.781188,0.032456,-0.003300,-0.050838,-0.016930,-0.9700,-0.000000,0.003300,0.00001089,-0.022000,-0.9700,-0.000000
1771570906.378802,13.789303,0.008115,-0.004500,-0.147873,-0.016930,-0.9700,-0.000000,0.004500,0.00002025,-0.030000,-0.9700,-0.000000
1771570906.411166,13.821667,0.032365,-0.005100,-0.018539,-0.016930,-0.9700,-0.000000,0.005100,0.00002601,-0.034000,-0.9700,-0.000000
1771570906.418435,13.828936,0.007269,-0.004950,0.020637,-0.016930,-0.9700,0.000873,0.004950,0.00002450,-0.033000,-0.9700,0.050000
1771570906.450527,13.861028,0.032092,-0.006300,-0.042067,-0.007679,-0.4400,0.000524,0.006300,0.00003969,-0.042000,-0.4400,0.030000
1771570906.458901,13.869402,0.008374,-0.005850,0.053736,-0.007679,-0.4400,0.000314,0.005850,0.00003422,-0.039000,-0.4400,0.018000
1771570906.490537,13.901038,0.031636,-0.006750,-0.028448,0.009250,0.5300,0.000192,0.006750,0.00004556,-0.045000,0.5300,0.011000
1771570906.498003,13.908504,0.007466,-0.004800,0.261181,0.009250,0.5300,0.000122,0.004800,0.00002304,-0.032000,0.5300,0.007000
1771570906.530055,13.940556,0.032052,-0.008700,-0.121677,0.020769,1.1900,0.000070,0.008700,0.00007569,-0.058000,1.1900,0.004000
1771570906.537969,13.948470,0.007914,-0.006150,0.322221,0.020769,1.1900,0.000052,0.006150,0.00003782,-0.041000,1.1900,0.003000
1771570906.570909,13.981410,0.032940,-0.009750,-0.109290,0.021817,1.2500,0.000035,0.009750,0.00009506,-0.065000,1.2500,0.002000
1771570906.579668,13.990169,0.008759,-0.009900,-0.017126,0.021817,1.2500,0.000017,0.009900,0.00009801,-0.066000,1.2500,0.001000
1771570906.610051,14.020552,0.030383,-0.010200,-0.009874,0.021817,1.2500,0.000017,0.010200,0.00010404,-0.068000,1.2500,0.001000
1771570906.617971,14.028472,0.007920,-0.010050,0.018939,0.021817,1.2500,0.000000,0.010050,0.00010100,-0.067000,1.2500,0.000000
1771570906.650537,14.061038,0.032567,-0.010500,-0.013818,0.021817,1.2500,0.000000,0.010500,0.00011025,-0.070000,1.2500,0.000000
1771570906.658504,14.069005,0.007967,-0.010800,-0.037658,0.021817,1.2500,0.000000,0.010800,0.00011664,-0.072000,1.2500,0.000000
1771570906.690326,14.100827,0.031823,-0.010800,0.000000,0.021817,1.2500,0.000000,0.010800,0.00011664,-0.072000,1.2500,0.000000
1771570906.698518,14.109019,0.008191,-0.010800,0.000000,0.021817,1.2500,0.000000,0.010800,0.00011664,-0.072000,1.2500,0.000000
1771570906.730425,14.140926,0.031908,-0.010650,0.004701,0.021817,1.2500,0.000000,0.010650,0.00011342,-0.071000,1.2500,0.000000
1771570906.738656,14.149157,0.008230,-0.010500,0.018225,0.021817,1.2500,0.000000,0.010500,0.00011025,-0.070000,1.2500,0.000000
1771570906.770697,14.181198,0.032041,-0.010350,0.004681,0.021817,1.2500,0.000000,0.010350,0.00010712,-0.069000,1.2500,0.000000
1771570906.778507,14.189008,0.007809,-0.009750,0.076830,0.021817,1.2500,0.000000,0.009750,0.00009506,-0.065000,1.2500,0.000000
1771570906.810987,14.221488,0.032480,-0.009300,0.013855,0.018326,1.0500,0.000000,0.009300,0.00008649,-0.062000,1.0500,0.000000
1771570906.818770,14.229271,0.007784,-0.009900,-0.077082,0.018326,1.0500,0.000000,0.009900,0.00009801,-0.066000,1.0500,0.000000
1771570906.850623,14.261124,0.031853,-0.009000,0.028255,0.017977,1.0300,0.000000,0.009000,0.00008100,-0.060000,1.0300,0.000000
1771570906.859493,14.269994,0.008870,-0.008250,0.084558,0.017977,1.0300,0.000000,0.008250,0.00006806,-0.055000,1.0300,0.000000
1771570906.889687,14.300188,0.030195,-0.008700,-0.014903,0.018326,1.0500,0.000000,0.008700,0.00007569,-0.058000,1.0500,0.000000
1771570906.899553,14.310054,0.009865,-0.007950,0.076024,0.018326,1.0500,0.000000,0.007950,0.00006320,-0.053000,1.0500,0.000000
1771570906.929539,14.340040,0.029986,-0.007200,0.025011,0.018326,1.0500,0.000000,0.007200,0.00005184,-0.048000,1.0500,0.000000
1771570906.938497,14.348998,0.008958,-0.005700,0.167451,0.018326,1.0500,0.000000,0.005700,0.00003249,-0.038000,1.0500,0.000000
1771570906.969221,14.379722,0.030724,-0.006750,-0.034175,0.017977,1.0300,0.000000,0.006750,0.00004556,-0.045000,1.0300,0.000000
1771570906.979459,14.389960,0.010238,-0.006450,0.029301,0.017977,1.0300,0.000000,0.006450,0.00004160,-0.043000,1.0300,0.000000
1771570907.010119,14.420620,0.030660,-0.005550,0.029354,0.017977,1.0300,0.000000,0.005550,0.00003080,-0.037000,1.0300,0.000000
1771570907.018896,14.429397,0.008776,-0.006300,-0.085459,0.017977,1.0300,0.000000,0.006300,0.00003969,-0.042000,1.0300,0.000000
1771570907.049366,14.459867,0.030470,-0.005850,0.014769,0.018326,1.0500,0.000000,0.005850,0.00003422,-0.039000,1.0500,0.000000
1771570907.060286,14.470787,0.010920,-0.004950,0.082417,0.018326,1.0500,0.000000,0.004950,0.00002450,-0.033000,1.0500,0.000000
1771570907.089398,14.499899,0.029113,-0.005400,-0.015457,0.017977,1.0300,0.000000,0.005400,0.00002916,-0.036000,1.0300,0.000000
1771570907.098962,14.509463,0.009563,-0.005550,-0.015685,0.017977,1.0300,0.000000,0.005550,0.00003080,-0.037000,1.0300,0.000000
1771570907.129896,14.540397,0.030934,-0.003900,0.053339,0.018326,1.0500,0.000000,0.003900,0.00001521,-0.026000,1.0500,0.000000
1771570907.138397,14.548898,0.008500,-0.003000,0.105878,0.018326,1.0500,0.000000,0.003000,0.00000900,-0.020000,1.0500,0.000000
1771570907.169669,14.580170,0.031273,-0.003900,-0.028779,0.017628,1.0100,0.000000,0.003900,0.00001521,-0.026000,1.0100,0.000000
1771570907.179572,14.590073,0.009902,-0.002850,0.106034,0.017628,1.0100,0.000000,0.002850,0.00000812,-0.019000,1.0100,0.000000
1771570907.210495,14.620996,0.030924,-0.003300,-0.014552,0.009948,0.5700,0.000000,0.003300,0.00001089,-0.022000,0.5700,0.000000
1771570907.218996,14.629497,0.008501,-0.002550,0.088224,0.009948,0.5700,0.000000,0.002550,0.00000650,-0.017000,0.5700,0.000000
1771570907.250048,14.660549,0.031052,-0.001050,0.048307,0.009250,0.5300,0.000000,0.001050,0.00000110,-0.007000,0.5300,0.000000
1771570907.257968,14.668469,0.007920,-0.001800,-0.094700,0.009250,0.5300,0.000000,0.001800,0.00000324,-0.012000,0.5300,0.000000
1771570907.289929,14.700430,0.031961,-0.000750,0.032853,0.009599,0.5500,0.000000,0.000750,0.00000056,-0.005000,0.5500,0.000000
1771570907.298287,14.708788,0.008358,0.001200,0.233309,0.009599,0.5500,0.000000,0.001200,0.00000144,0.008000,0.5500,0.000000
1771570907.329894,14.740395,0.031608,-0.000600,-0.056948,0.010821,0.6200,0.000000,0.000600,0.00000036,-0.004000,0.6200,0.000000
1771570907.339262,14.749763,0.009368,0.000150,0.080062,0.010821,0.6200,0.000000,0.000150,0.00000002,0.001000,0.6200,0.000000
1771570907.369652,14.780153,0.030390,0.000600,0.014807,0.010821,0.6200,0.000000,0.000600,0.00000036,0.004000,0.6200,0.000000
1771570907.377888,14.788389,0.008236,0.001050,0.054639,0.010821,0.6200,0.000000,0.001050,0.00000110,0.007000,0.6200,0.000000
1771570907.409072,14.819573,0.031184,0.004500,0.110635,0.010821,0.6200,0.000000,0.004500,0.00002025,0.030000,0.6200,0.000000
1771570907.419477,14.829978,0.010405,0.001800,-0.259489,0.010821,0.6200,0.000000,0.001800,0.00000324,0.012000,0.6200,0.000000
1771570907.450203,14.860704,0.030726,0.003000,0.039055,0.010821,0.6200,0.000000,0.003000,0.00000900,0.020000,0.6200,0.000000
1771570907.459123,14.869624,0.008920,0.003450,0.050449,0.010821,0.6200,0.000000,0.003450,0.00001190,0.023000,0.6200,0.000000
1771570907.489410,14.899911,0.030288,0.004200,0.024763,0.011170,0.6400,0.000000,0.004200,0.00001764,0.028000,0.6400,0.000000
1771570907.499138,14.909639,0.009727,0.003900,-0.030840,0.011170,0.6400,0.000000,0.003900,0.00001521,0.026000,0.6400,0.000000
1771570907.529277,14.939778,0.030139,0.004200,0.009954,0.010821,0.6200,0.000000,0.004200,0.00001764,0.028000,0.6200,0.000000
1771570907.539100,14.949601,0.009823,0.004800,0.061079,0.010821,0.6200,0.000000,0.004800,0.00002304,0.032000,0.6200,0.000000
1771570907.569890,14.980391,0.030790,0.004950,0.004872,0.011170,0.6400,0.000000,0.004950,0.00002450,0.033000,0.6400,0.000000
1771570907.577915,14.988416,0.008025,0.006000,0.130842,0.011170,0.6400,0.000000,0.006000,0.00003600,0.040000,0.6400,0.000000
1771570907.609047,15.019548,0.031132,0.007350,0.043363,0.010821,0.6200,0.000000,0.007350,0.00005402,0.049000,0.6200,0.000000
1771570907.619361,15.029862,0.010314,0.007350,0.000000,0.010821,0.6200,-0.000908,0.007350,0.00005402,0.049000,0.6200,-0.052000
1771570907.649401,15.059902,0.030041,0.008550,0.039946,0.009948,0.5700,-0.000559,0.008550,0.00007310,0.057000,0.5700,-0.032000
1771570907.659070,15.069571,0.009669,0.007350,-0.124110,0.009948,0.5700,-0.000332,0.007350,0.00005402,0.049000,0.5700,-0.019000
1771570907.689372,15.099873,0.030302,0.007950,0.019801,0.009599,0.5500,-0.000209,0.007950,0.00006320,0.053000,0.5500,-0.012000
1771570907.698605,15.109106,0.009233,0.008850,0.097481,0.009599,0.5500,-0.000122,0.008850,0.00007832,0.059000,0.5500,-0.007000
1771570907.730339,15.140840,0.031734,0.010050,0.037814,0.009250,0.5300,-0.000070,0.010050,0.00010100,0.067000,0.5300,-0.004000
1771570907.738681,15.149182,0.008342,0.010650,0.071925,0.009250,0.5300,-0.000052,0.010650,0.00011342,0.071000,0.5300,-0.003000
1771570907.769459,15.179960,0.030778,0.010350,-0.009747,0.006458,0.3700,-0.000035,0.010350,0.00010712,0.069000,0.3700,-0.002000
1771570907.778987,15.189488,0.009528,0.010650,0.031487,0.006458,0.3700,-0.000017,0.010650,0.00011342,0.071000,0.3700,-0.001000
1771570907.809144,15.219645,0.030157,0.012900,0.074611,0.001222,0.0700,-0.000017,0.012900,0.00016641,0.086000,0.0700,-0.001000
1771570907.818978,15.229479,0.009834,0.012450,-0.045758,0.001222,0.0700,-0.000000,0.012450,0.00015500,0.083000,0.0700,-0.000000
1771570907.851220,15.261721,0.032242,0.013200,0.023262,-0.018850,-1.0800,-0.000000,0.013200,0.00017424,0.088000,-1.0800,-0.000000
1771570907.858838,15.269339,0.007618,0.013350,0.019690,-0.018850,-1.0800,-0.000628,0.013350,0.00017822,0.089000,-1.0800,-0.036000
1771570907.891767,15.302268,0.032929,0.013800,0.013666,-0.036477,-2.0900,-0.000384,0.013800,0.00019044,0.092000,-2.0900,-0.022000
1771570907.899079,15.309580,0.007312,0.013500,-0.041027,-0.036477,-2.0900,-0.000227,0.013500,0.00018225,0.090000,-2.0900,-0.013000
1771570907.929893,15.340394,0.030814,0.013500,0.000000,-0.034208,-1.9600,-0.000140,0.013500,0.00018225,0.090000,-1.9600,-0.008000
1771570907.937822,15.348323,0.007928,0.013500,0.000000,-0.034208,-1.9600,-0.000087,0.013500,0.00018225,0.090000,-1.9600,-0.005000
1771570907.969905,15.380406,0.032083,0.013350,-0.004675,-0.026005,-1.4900,-0.000052,0.013350,0.00017822,0.089000,-1.4900,-0.003000
1771570907.978317,15.388818,0.008412,0.013950,0.071326,-0.026005,-1.4900,-0.000035,0.013950,0.00019460,0.093000,-1.4900,-0.002000
1771570908.010626,15.421127,0.032309,0.013200,-0.023213,-0.026529,-1.5200,-0.000017,0.013200,0.00017424,0.088000,-1.5200,-0.001000
1771570908.018684,15.429185,0.008058,0.013050,-0.018615,-0.026529,-1.5200,-0.000017,0.013050,0.00017030,0.087000,-1.5200,-0.001000
1771570908.050857,15.461358,0.032174,0.012900,-0.004662,-0.026878,-1.5400,-0.000000,0.012900,0.00016641,0.086000,-1.5400,-0.000000
1771570908.059094,15.469595,0.008237,0.012300,-0.072843,-0.026878,-1.5400,-0.000000,0.012300,0.00015129,0.082000,-1.5400,-0.000000
1771570908.090423,15.500924,0.031329,0.012150,-0.004788,-0.026529,-1.5200,-0.000000,0.012150,0.00014762,0.081000,-1.5200,-0.000000
1771570908.098651,15.509152,0.008228,0.012000,-0.018231,-0.026529,-1.5200,-0.000000,0.012000,0.00014400,0.080000,-1.5200,-0.000000
1771570908.130409,15.540910,0.031759,0.011700,-0.009446,-0.026529,-1.5200,-0.000000,0.011700,0.00013689,0.078000,-1.5200,-0.000000
1771570908.138600,15.549101,0.008190,0.010650,-0.128199,-0.026529,-1.5200,-0.000000,0.010650,0.00011342,0.071000,-1.5200,-0.000000
1771570908.170993,15.581494,0.032394,0.010200,-0.013892,-0.026529,-1.5200,-0.000000,0.010200,0.00010404,0.068000,-1.5200,-0.000000
1771570908.179237,15.589738,0.008244,0.009750,-0.054586,-0.026529,-1.5200,-0.000000,0.009750,0.00009506,0.065000,-1.5200,-0.000000
1771570908.210655,15.621156,0.031418,0.009300,-0.014323,-0.026529,-1.5200,-0.000000,0.009300,0.00008649,0.062000,-1.5200,-0.000000
1771570908.218849,15.629350,0.008194,0.010500,0.146449,-0.026529,-1.5200,-0.000000,0.010500,0.00011025,0.070000,-1.5200,-0.000000
1771570908.249563,15.660064,0.030715,0.008250,-0.073255,-0.026529,-1.5200,-0.000000,0.008250,0.00006806,0.055000,-1.5200,-0.000000
1771570908.257884,15.668385,0.008321,0.007650,-0.072110,-0.026529,-1.5200,-0.000000,0.007650,0.00005852,0.051000,-1.5200,-0.000000
1771570908.290574,15.701075,0.032690,0.009000,0.041297,-0.025656,-1.4700,-0.000000,0.009000,0.00008100,0.060000,-1.4700,-0.000000
1771570908.299058,15.709559,0.008484,0.007050,-0.229841,-0.025656,-1.4700,-0.000000,0.007050,0.00004970,0.047000,-1.4700,-0.000000
1771570908.330585,15.741086,0.031527,0.006750,-0.009516,-0.025656,-1.4700,-0.000000,0.006750,0.00004556,0.045000,-1.4700,-0.000000
1771570908.339048,15.749549,0.008463,0.005400,-0.159520,-0.025656,-1.4700,-0.000000,0.005400,0.00002916,0.036000,-1.4700,-0.000000
1771570908.370461,15.780962,0.031413,0.006450,0.033426,-0.025307,-1.4500,-0.000000,0.006450,0.00004160,0.043000,-1.4500,-0.000000
1771570908.378497,15.788998,0.008037,0.004050,-0.298633,-0.025307,-1.4500,-0.000000,0.004050,0.00001640,0.027000,-1.4500,-0.000000
1771570908.412069,15.822570,0.033571,0.004950,0.026809,-0.024958,-1.4300,-0.000000,0.004950,0.00002450,0.033000,-1.4300,-0.000000
1771570908.418371,15.828872,0.006302,0.003300,-0.261817,-0.024958,-1.4300,-0.000000,0.003300,0.00001089,0.022000,-1.4300,-0.000000
1771570908.450485,15.860986,0.032114,0.005850,0.079405,-0.024958,-1.4300,-0.000000,0.005850,0.00003422,0.039000,-1.4300,-0.000000
1771570908.459970,15.870471,0.009485,0.002550,-0.347900,-0.024958,-1.4300,-0.000000,0.002550,0.00000650,0.017000,-1.4300,-0.000000
1771570908.490190,15.900691,0.030220,0.000750,-0.059564,-0.024086,-1.3800,-0.000000,0.000750,0.00000056,0.005000,-1.3800,-0.000000
1771570908.498860,15.909361,0.008671,0.002700,0.224899,-0.024086,-1.3800,0.000628,0.002700,0.00000729,0.018000,-1.3800,0.036000
1771570908.530046,15.940547,0.031185,-0.000150,-0.091389,-0.023736,-1.3600,-0.000559,0.000150,0.00000002,-0.001000,-1.3600,-0.032000
1771570908.537851,15.948352,0.007805,-0.002100,-0.249836,-0.023387,-1.3400,-0.000332,0.002100,0.00000441,-0.014000,-1.3400,-0.019000
1771570908.570512,15.981013,0.032661,-0.002850,-0.022963,-0.023387,-1.3400,0.000733,0.002850,0.00000812,-0.019000,-1.3400,0.042000
1771570908.579338,15.989839,0.008826,-0.003600,-0.084974,-0.023387,-1.3400,0.000436,0.003600,0.00001296,-0.024000,-1.3400,0.025000
1771570908.610451,16.020952,0.031113,-0.003750,-0.004821,-0.023387,-1.3400,0.000262,0.003750,0.00001406,-0.025000,-1.3400,0.015000
1771570908.619357,16.029858,0.008906,-0.004050,-0.033686,-0.023387,-1.3400,0.000157,0.004050,0.00001640,-0.027000,-1.3400,0.009000
1771570908.649323,16.059824,0.029966,-0.004200,-0.005006,-0.023387,-1.3400,0.000105,0.004200,0.00001764,-0.028000,-1.3400,0.006000
1771570908.659609,16.070110,0.010286,-0.006600,-0.233330,-0.023387,-1.3400,0.000942,0.006600,0.00004356,-0.044000,-1.3400,0.054000
1771570908.689797,16.100298,0.030188,-0.007050,-0.014907,-0.008901,-0.5100,0.000576,0.007050,0.00004970,-0.047000,-0.5100,0.033000
1771570908.698264,16.108765,0.008467,-0.004650,0.283439,-0.008901,-0.5100,0.000349,0.004650,0.00002162,-0.031000,-0.5100,0.020000
1771570908.730304,16.140805,0.032040,-0.006300,-0.051499,0.017977,1.0300,0.000209,0.006300,0.00003969,-0.042000,1.0300,0.012000
1771570908.738561,16.149062,0.008257,-0.009150,-0.345155,0.017977,1.0300,0.000122,0.009150,0.00008372,-0.061000,1.0300,0.007000
1771570908.769159,16.179660,0.030598,-0.010800,-0.053925,0.026005,1.4900,0.000070,0.010800,0.00011664,-0.072000,1.4900,0.004000
1771570908.778477,16.188978,0.009318,-0.010800,0.000000,0.026005,1.4900,0.000052,0.010800,0.00011664,-0.072000,1.4900,0.003000
1771570908.808957,16.219458,0.030479,-0.011250,-0.014764,0.022166,1.2700,0.000035,0.011250,0.00012656,-0.075000,1.2700,0.002000
1771570908.818813,16.229314,0.009856,-0.010800,0.045658,0.022166,1.2700,0.000017,0.010800,0.00011664,-0.072000,1.2700,0.001000
1771570908.849675,16.260176,0.030863,-0.011400,-0.019441,0.022166,1.2700,0.000017,0.011400,0.00012996,-0.076000,1.2700,0.001000
1771570908.858085,16.268586,0.008410,-0.012750,-0.160528,0.022166,1.2700,0.000000,0.012750,0.00016256,-0.085000,1.2700,0.000000
1771570908.889257,16.299758,0.031172,-0.012300,0.014436,0.021817,1.2500,0.000000,0.012300,0.00015129,-0.082000,1.2500,0.000000
1771570908.897932,16.308433,0.008674,-0.009900,0.276684,0.021817,1.2500,0.000000,0.009900,0.00009801,-0.066000,1.2500,0.000000
1771570908.930941,16.341442,0.033009,-0.013800,-0.118149,0.021817,1.2500,0.000000,0.013800,0.00019044,-0.092000,1.2500,0.000000
1771570908.938789,16.349290,0.007849,-0.014250,-0.057336,0.021817,1.2500,0.000000,0.014250,0.00020306,-0.095000,1.2500,0.000000
1771570908.970465,16.380966,0.031676,-0.011850,0.075766,0.021817,1.2500,0.000000,0.011850,0.00014042,-0.079000,1.2500,0.000000
1771570908.978913,16.389414,0.008448,-0.013950,-0.248590,0.021817,1.2500,0.000000,0.013950,0.00019460,-0.093000,1.2500,0.000000
1771570909.009585,16.420086,0.030672,-0.014550,-0.019562,0.021817,1.2500,0.000000,0.014550,0.00021170,-0.097000,1.2500,0.000000
1771570909.018429,16.428930,0.008844,-0.015450,-0.101765,0.021817,1.2500,0.000000,0.015450,0.00023870,-0.103000,1.2500,0.000000
1771570909.050233,16.460734,0.031805,-0.015450,0.000000,0.021817,1.2500,0.000000,0.015450,0.00023870,-0.103000,1.2500,0.000000
1771570909.059632,16.470133,0.009399,-0.015150,0.031919,0.021817,1.2500,0.000000,0.015150,0.00022952,-0.101000,1.2500,0.000000
1771570909.090082,16.500583,0.030450,-0.015150,0.000000,0.021817,1.2500,0.000000,0.015150,0.00022952,-0.101000,1.2500,0.000000
1771570909.099216,16.509717,0.009134,-0.015000,0.016422,0.021817,1.2500,0.000000,0.015000,0.00022500,-0.100000,1.2500,0.000000
1771570909.129477,16.539978,0.030261,-0.014100,0.029741,0.021817,1.2500,0.000000,0.014100,0.00019881,-0.094000,1.2500,0.000000
1771570909.138855,16.549356,0.009378,-0.014550,-0.047986,0.021817,1.2500,0.000000,0.014550,0.00021170,-0.097000,1.2500,0.000000
1771570909.170321,16.580822,0.031466,-0.014550,0.000000,0.021118,1.2100,0.000000,0.014550,0.00021170,-0.097000,1.2100,0.000000
1771570909.178279,16.588780,0.007958,-0.010350,0.527775,0.021468,1.2300,0.000000,0.010350,0.00010712,-0.069000,1.2300,0.000000
1771570909.210210,16.620711,0.031930,-0.013500,-0.098652,0.021118,1.2100,0.000000,0.013500,0.00018225,-0.090000,1.2100,0.000000
1771570909.219201,16.629702,0.008991,-0.011850,0.183512,0.021118,1.2100,0.000000,0.011850,0.00014042,-0.079000,1.2100,0.000000
1771570909.249817,16.660318,0.030616,-0.013500,-0.053894,0.021118,1.2100,0.000000,0.013500,0.00018225,-0.090000,1.2100,0.000000
1771570909.258710,16.669211,0.008893,-0.013050,0.050602,0.021118,1.2100,0.000000,0.013050,0.00017030,-0.087000,1.2100,0.000000
1771570909.289122,16.699623,0.030413,-0.013050,0.000000,0.020246,1.1600,0.000000,0.013050,0.00017030,-0.087000,1.1600,0.000000
1771570909.299252,16.709753,0.010130,-0.012600,0.044423,0.020246,1.1600,0.000000,0.012600,0.00015876,-0.084000,1.1600,0.000000
1771570909.329165,16.739666,0.029912,-0.012600,0.000000,0.020246,1.1600,0.000000,0.012600,0.00015876,-0.084000,1.1600,0.000000
1771570909.339081,16.749582,0.009917,-0.011550,0.105884,0.020246,1.1600,0.000000,0.011550,0.00013340,-0.077000,1.1600,0.000000
1771570909.369935,16.780436,0.030854,-0.012000,-0.014585,0.020246,1.1600,0.000000,0.012000,0.00014400,-0.080000,1.1600,0.000000
1771570909.377831,16.788332,0.007895,-0.009900,0.265975,0.020246,1.1600,0.000000,0.009900,0.00009801,-0.066000,1.1600,0.000000
1771570909.410768,16.821269,0.032937,-0.011700,-0.054649,0.020246,1.1600,0.000000,0.011700,0.00013689,-0.078000,1.1600,0.000000
1771570909.419210,16.829711,0.008442,-0.011550,0.017768,0.020246,1.1600,0.000000,0.011550,0.00013340,-0.077000,1.1600,0.000000
1771570909.450034,16.860535,0.030824,-0.011400,0.004866,0.020769,1.1900,0.000000,0.011400,0.00012996,-0.076000,1.1900,0.000000
1771570909.458445,16.868946,0.008411,-0.010350,0.124834,0.020769,1.1900,0.000000,0.010350,0.00010712,-0.069000,1.1900,0.000000
1771570909.489374,16.899875,0.030930,-0.011100,-0.024249,0.020246,1.1600,0.000000,0.011100,0.00012321,-0.074000,1.1600,0.000000
1771570909.498776,16.909277,0.009402,-0.010650,0.047862,0.020246,1.1600,0.000000,0.010650,0.00011342,-0.071000,1.1600,0.000000
1771570909.529362,16.939863,0.030586,-0.010500,0.004904,0.019897,1.1400,0.000000,0.010500,0.00011025,-0.070000,1.1400,0.000000
1771570909.539589,16.950090,0.010226,-0.010200,0.029336,0.019897,1.1400,0.000000,0.010200,0.00010404,-0.068000,1.1400,0.000000
1771570909.569841,16.980342,0.030253,-0.009750,0.014875,0.019897,1.1400,0.000000,0.009750,0.00009506,-0.065000,1.1400,0.000000
1771570909.578038,16.988539,0.008196,-0.007350,0.292822,0.019897,1.1400,0.000000,0.007350,0.00005402,-0.049000,1.1400,0.000000
1771570909.610254,17.020755,0.032217,-0.007950,-0.018624,0.019897,1.1400,0.000000,0.007950,0.00006320,-0.053000,1.1400,0.000000
1771570909.618258,17.028759,0.008004,-0.006300,0.206154,0.019897,1.1400,0.000000,0.006300,0.00003969,-0.042000,1.1400,0.000000
1771570909.650347,17.060848,0.032089,-0.006900,-0.018698,0.019548,1.1200,0.000000,0.006900,0.00004761,-0.046000,1.1200,0.000000
1771570909.658773,17.069274,0.008426,-0.006750,0.017802,0.019548,1.1200,0.000000,0.006750,0.00004556,-0.045000,1.1200,0.000000
1771570909.690996,17.101497,0.032224,-0.006450,0.009310,0.019548,1.1200,0.000000,0.006450,0.00004160,-0.043000,1.1200,0.000000
1771570909.697672,17.108173,0.006676,-0.004350,0.314573,0.019548,1.1200,0.000000,0.004350,0.00001892,-0.029000,1.1200,0.000000
1771570909.729631,17.140132,0.031959,-0.003600,0.023468,0.019199,1.1000,0.000000,0.003600,0.00001296,-0.024000,1.1000,0.000000
1771570909.738094,17.148595,0.008463,-0.005250,-0.194963,0.019199,1.1000,0.000000,0.005250,0.00002756,-0.035000,1.1000,0.000000
1771570909.770098,17.180599,0.032004,-0.004050,0.037495,0.018326,1.0500,0.000000,0.004050,0.00001640,-0.027000,1.0500,0.000000
1771570909.778563,17.189064,0.008465,-0.001650,0.283527,0.018326,1.0500,0.000000,0.001650,0.00000272,-0.011000,1.0500,0.000000
1771570909.810190,17.220691,0.031627,-0.003300,-0.052170,0.014137,0.8100,0.000000,0.003300,0.00001089,-0.022000,0.8100,0.000000
1771570909.818895,17.229396,0.008704,-0.003300,0.000000,0.014137,0.8100,-0.000820,0.003300,0.00001089,-0.022000,0.8100,-0.047000
1771570909.850709,17.261210,0.031815,-0.002550,0.023574,0.007679,0.4400,0.000209,0.002550,0.00000650,-0.017000,0.4400,0.012000
1771570909.860233,17.270734,0.009524,-0.002550,0.000000,0.007679,0.4400,0.000122,0.002550,0.00000650,-0.017000,0.4400,0.007000
1771570909.889219,17.299720,0.028986,-0.001650,0.031050,0.008901,0.5100,0.000070,0.001650,0.00000272,-0.011000,0.5100,0.004000
1771570909.897737,17.308238,0.008518,-0.001500,0.017609,0.008901,0.5100,0.000052,0.001500,0.00000225,-0.010000,0.5100,0.003000
1771570909.929572,17.340073,0.031835,0.000600,0.065965,0.009250,0.5300,0.000035,0.000600,0.00000036,0.004000,0.5300,0.002000
1771570909.939476,17.349977,0.009903,0.001200,0.060585,0.009250,0.5300,0.000017,0.001200,0.00000144,0.008000,0.5300,0.001000
1771570909.968946,17.379447,0.029470,0.001050,-0.005090,0.009599,0.5500,0.000017,0.001050,0.00000110,0.007000,0.5500,0.001000
1771570909.978865,17.389366,0.009920,0.001950,0.090727,0.009599,0.5500,0.000000,0.001950,0.00000380,0.013000,0.5500,0.000000
1771570910.009655,17.420156,0.030790,0.003150,0.038974,0.009599,0.5500,0.000000,0.003150,0.00000992,0.021000,0.5500,0.000000
1771570910.017992,17.428493,0.008337,0.003750,0.071970,0.009599,0.5500,0.000000,0.003750,0.00001406,0.025000,0.5500,0.000000
1771570910.050125,17.460626,0.032134,0.003900,0.004668,0.009250,0.5300,-0.000698,0.003900,0.00001521,0.026000,0.5300,-0.040000
1771570910.058358,17.468859,0.008233,0.006600,0.327955,0.009250,0.5300,0.000559,0.006600,0.00004356,0.044000,0.5300,0.032000
1771570910.089444,17.499945,0.031086,0.005700,-0.028952,0.009599,0.5500,0.000559,0.005700,0.00003249,0.038000,0.5500,0.032000
1771570910.099041,17.509542,0.009597,0.007500,0.187567,0.009599,0.5500,-0.000506,0.007500,0.00005625,0.050000,0.5500,-0.029000
1771570910.129722,17.540223,0.030682,0.006900,-0.019556,0.009599,0.5500,-0.000297,0.006900,0.00004761,0.046000,0.5500,-0.017000
1771570910.139158,17.549659,0.009436,0.007950,0.111277,0.009599,0.5500,-0.000192,0.007950,0.00006320,0.053000,0.5500,-0.011000
1771570910.169558,17.580059,0.030400,0.007500,-0.014803,0.008901,0.5100,-0.000105,0.007500,0.00005625,0.050000,0.5100,-0.006000
1771570910.179042,17.589543,0.009484,0.008700,0.126525,0.008901,0.5100,-0.000070,0.008700,0.00007569,0.058000,0.5100,-0.004000
1771570910.208820,17.619321,0.029778,0.009150,0.015112,0.000349,0.0200,-0.000035,0.009150,0.00008372,0.061000,0.0200,-0.002000
1771570910.217658,17.628159,0.008838,0.009750,0.067887,0.000349,0.0200,-0.000017,0.009750,0.00009506,0.065000,0.0200,-0.001000
1771570910.250631,17.661132,0.032973,0.010950,0.036393,-0.026878,-1.5400,-0.000803,0.010950,0.00011990,0.073000,-1.5400,-0.046000
1771570910.258682,17.669183,0.008050,0.012300,0.167693,-0.026878,-1.5400,-0.000489,0.012300,0.00015129,0.082000,-1.5400,-0.028000
1771570910.289297,17.699798,0.030615,0.013350,0.034297,-0.041888,-2.4000,-0.000297,0.013350,0.00017822,0.089000,-2.4000,-0.017000
1771570910.298381,17.708882,0.009084,0.012300,-0.115591,-0.041888,-2.4000,-0.000175,0.012300,0.00015129,0.082000,-2.4000,-0.010000
1771570910.330466,17.740967,0.032086,0.012600,0.009350,-0.037525,-2.1500,-0.000105,0.012600,0.00015876,0.084000,-2.1500,-0.006000
1771570910.338486,17.748987,0.008020,0.012600,0.000000,-0.037525,-2.1500,-0.000070,0.012600,0.00015876,0.084000,-2.1500,-0.004000
1771570910.370061,17.780562,0.031575,0.012900,0.009501,-0.026529,-1.5200,-0.000035,0.012900,0.00016641,0.086000,-1.5200,-0.002000
1771570910.378744,17.789245,0.008682,0.012450,-0.051828,-0.026529,-1.5200,-0.000017,0.012450,0.00015500,0.083000,-1.5200,-0.001000
1771570910.409313,17.819814,0.030569,0.012300,-0.004907,-0.026529,-1.5200,-0.000017,0.012300,0.00015129,0.082000,-1.5200,-0.001000
1771570910.417672,17.828173,0.008360,0.012150,-0.017943,-0.026529,-1.5200,-0.000017,0.012150,0.00014762,0.081000,-1.5200,-0.001000
1771570910.449721,17.860222,0.032049,0.012000,-0.004680,-0.026529,-1.5200,-0.000000,0.012000,0.00014400,0.080000,-1.5200,-0.000000
1771570910.459130,17.869631,0.009409,0.011700,-0.031884,-0.026529,-1.5200,-0.000000,0.011700,0.00013689,0.078000,-1.5200,-0.000000
1771570910.489343,17.899844,0.030213,0.012150,0.014894,-0.026005,-1.4900,-0.000000,0.012150,0.00014762,0.081000,-1.4900,-0.000000
1771570910.498919,17.909420,0.009576,0.011850,-0.031327,-0.026005,-1.4900,-0.000000,0.011850,0.00014042,0.079000,-1.4900,-0.000000
1771570910.530051,17.940552,0.031131,0.010950,-0.028910,-0.026005,-1.4900,-0.000000,0.010950,0.00011990,0.073000,-1.4900,-0.000000
1771570910.538003,17.948504,0.007952,0.010650,-0.037724,-0.026005,-1.4900,-0.000000,0.010650,0.00011342,0.071000,-1.4900,-0.000000
1771570910.570227,17.980728,0.032224,0.010050,-0.018620,-0.026005,-1.4900,-0.000000,0.010050,0.00010100,0.067000,-1.4900,-0.000000
1771570910.578093,17.988594,0.007866,0.010200,0.019068,-0.026005,-1.4900,-0.000000,0.010200,0.00010404,0.068000,-1.4900,-0.000000
1771570910.609142,18.019643,0.031048,0.009900,-0.009662,-0.026005,-1.4900,-0.000000,0.009900,0.00009801,0.066000,-1.4900,-0.000000
1771570910.617754,18.028255,0.008613,0.009300,-0.069663,-0.026005,-1.4900,-0.000000,0.009300,0.00008649,0.062000,-1.4900,-0.000000
1771570910.650558,18.061059,0.032803,0.010800,0.045727,-0.026005,-1.4900,-0.000000,0.010800,0.00011664,0.072000,-1.4900,-0.000000
1771570910.659412,18.069913,0.008855,0.008850,-0.220224,-0.026005,-1.4900,-0.000000,0.008850,0.00007832,0.059000,-1.4900,-0.000000
1771570910.689745,18.100246,0.030333,0.007950,-0.029671,-0.026529,-1.5200,-0.000000,0.007950,0.00006320,0.053000,-1.5200,-0.000000
1771570910.697822,18.108323,0.008077,0.007800,-0.018571,-0.026529,-1.5200,-0.000000,0.007800,0.00006084,0.052000,-1.5200,-0.000000
1771570910.729292,18.139793,0.031470,0.007050,-0.023832,-0.026529,-1.5200,-0.000000,0.007050,0.00004970,0.047000,-1.5200,-0.000000
1771570910.739003,18.149504,0.009712,0.006900,-0.015446,-0.026529,-1.5200,-0.000000,0.006900,0.00004761,0.046000,-1.5200,-0.000000
1771570910.769161,18.179662,0.030157,0.005250,-0.054713,-0.026529,-1.5200,-0.000000,0.005250,0.00002756,0.035000,-1.5200,-0.000000
1771570910.779657,18.190158,0.010496,0.005400,0.014291,-0.026529,-1.5200,0.000838,0.005400,0.00002916,0.036000,-1.5200,0.048000
1771570910.809966,18.220467,0.030309,0.004350,-0.034643,-0.023387,-1.3400,0.000506,0.004350,0.00001892,0.029000,-1.3400,0.029000
1771570910.818697,18.229198,0.008731,0.003750,-0.068722,-0.023387,-1.3400,0.000314,0.003750,0.00001406,0.025000,-1.3400,0.018000
1771570910.849354,18.259855,0.030657,0.004350,0.019572,-0.021118,-1.2100,0.000192,0.004350,0.00001892,0.029000,-1.2100,0.011000
1771570910.858755,18.269256,0.009401,0.002850,-0.159556,-0.021118,-1.2100,0.000122,0.002850,0.00000812,0.019000,-1.2100,0.007000
1771570910.889826,18.300327,0.031071,0.002400,-0.014483,-0.021468,-1.2300,0.000070,0.002400,0.00000576,0.016000,-1.2300,0.004000
1771570910.898160,18.308661,0.008334,0.003150,0.089994,-0.021468,-1.2300,0.000035,0.003150,0.00000992,0.021000,-1.2300,0.002000
1771570910.930429,18.340930,0.032269,-0.000900,-0.125507,-0.021118,-1.2100,0.000017,0.000900,0.00000081,-0.006000,-1.2100,0.001000
1771570910.938125,18.348626,0.007695,-0.001650,-0.097463,-0.021118,-1.2100,0.000017,0.001650,0.00000272,-0.011000,-1.2100,0.001000
1771570910.969113,18.379614,0.030988,-0.001950,-0.009681,-0.021118,-1.2100,0.000017,0.001950,0.00000380,-0.013000,-1.2100,0.001000
1771570910.978032,18.388533,0.008919,-0.002700,-0.084090,-0.021118,-1.2100,0.000000,0.002700,0.00000729,-0.018000,-1.2100,0.000000
1771570911.009734,18.420235,0.031702,-0.003150,-0.014195,-0.021118,-1.2100,0.000000,0.003150,0.00000992,-0.021000,-1.2100,0.000000
1771570911.018656,18.429157,0.008923,-0.003600,-0.050434,-0.021118,-1.2100,0.000000,0.003600,0.00001296,-0.024000,-1.2100,0.000000
1771570911.050670,18.461171,0.032014,-0.003750,-0.004686,-0.021118,-1.2100,0.000000,0.003750,0.00001406,-0.025000,-1.2100,0.000000
1771570911.059100,18.469601,0.008430,-0.003750,0.000000,-0.021118,-1.2100,0.000000,0.003750,0.00001406,-0.025000,-1.2100,0.000000
1771570911.089901,18.500402,0.030801,-0.004050,-0.009740,-0.021118,-1.2100,0.000000,0.004050,0.00001640,-0.027000,-1.2100,0.000000
1771570911.099032,18.509533,0.009131,-0.006300,-0.246415,-0.021118,-1.2100,0.000000,0.006300,0.00003969,-0.042000,-1.2100,0.000000
1771570911.130701,18.541202,0.031669,-0.004350,0.061575,-0.021118,-1.2100,0.000000,0.004350,0.00001892,-0.029000,-1.2100,0.000000
1771570911.138830,18.549331,0.008129,-0.007050,-0.332149,-0.021118,-1.2100,0.000768,0.007050,0.00004970,-0.047000,-1.2100,0.044000
1771570911.169766,18.580267,0.030937,-0.008400,-0.043637,-0.004189,-0.2400,0.000471,0.008400,0.00007056,-0.056000,-0.2400,0.027000
1771570911.178245,18.588746,0.008479,-0.009450,-0.123837,-0.004189,-0.2400,0.000279,0.009450,0.00008930,-0.063000,-0.2400,0.016000
1771570911.210621,18.621122,0.032375,-0.010500,-0.032432,0.020769,1.1900,0.000175,0.010500,0.00011025,-0.070000,1.1900,0.010000
1771570911.218472,18.628973,0.007851,-0.010800,-0.038211,0.030718,1.7600,0.000105,0.010800,0.00011664,-0.072000,1.7600,0.006000
1771570911.249024,18.659525,0.030552,-0.011550,-0.024548,0.033685,1.9300,0.000070,0.011550,0.00013340,-0.077000,1.9300,0.004000
1771570911.258400,18.668901,0.009376,-0.011550,0.000000,0.033685,1.9300,0.000035,0.011550,0.00013340,-0.077000,1.9300,0.002000
1771570911.289026,18.699528,0.030627,-0.012300,-0.024488,0.032987,1.8900,0.000017,0.012300,0.00015129,-0.082000,1.8900,0.001000
1771570911.298713,18.709214,0.009686,-0.011400,0.092913,0.032987,1.8900,0.000873,0.011400,0.00012996,-0.076000,1.8900,0.050000
1771570911.329362,18.739863,0.030649,-0.013650,-0.073411,0.032289,1.8500,0.000524,0.013650,0.00018632,-0.091000,1.8500,0.030000
1771570911.338296,18.748797,0.008934,-0.013500,0.016790,0.032289,1.8500,0.000314,0.013500,0.00018225,-0.090000,1.8500,0.018000
1771570911.369024,18.779525,0.030728,-0.014250,-0.024408,0.032638,1.8700,0.000192,0.014250,0.00020306,-0.095000,1.8700,0.011000
1771570911.378771,18.789272,0.009747,-0.011550,0.277008,0.032638,1.8700,0.000122,0.011550,0.00013340,-0.077000,1.8700,0.007000
1771570911.410108,18.820609,0.031337,-0.014700,-0.100520,0.031765,1.8200,0.000070,0.014700,0.00021609,-0.098000,1.8200,0.004000
1771570911.418235,18.828736,0.008127,-0.015000,-0.036915,0.031765,1.8200,0.000035,0.015000,0.00022500,-0.100000,1.8200,0.002000
1771570911.449082,18.859583,0.030847,-0.014850,0.004863,0.033336,1.9100,0.000035,0.014850,0.00022052,-0.099000,1.9100,0.002000
1771570911.459385,18.869886,0.010303,-0.014400,0.043677,0.033336,1.9100,0.000017,0.014400,0.00020736,-0.096000,1.9100,0.001000
1771570911.490145,18.900646,0.030761,-0.013800,0.019505,0.033336,1.9100,0.000017,0.013800,0.00019044,-0.092000,1.9100,0.001000
1771570911.498296,18.908797,0.008151,-0.011850,0.239240,0.033336,1.9100,0.000000,0.011850,0.00014042,-0.079000,1.9100,0.000000
1771570911.530070,18.940571,0.031774,-0.014100,-0.070813,0.032987,1.8900,-0.000820,0.014100,0.00019881,-0.094000,1.8900,-0.047000
1771570911.538369,18.948870,0.008299,-0.013650,0.054224,0.032987,1.8900,-0.000489,0.013650,0.00018632,-0.091000,1.8900,-0.028000
1771570911.572517,18.983018,0.034148,-0.013050,0.017570,0.023038,1.3200,-0.000297,0.013050,0.00017030,-0.087000,1.3200,-0.017000
1771570911.579039,18.989540,0.006521,-0.013350,-0.046004,0.023038,1.3200,-0.000175,0.013350,0.00017822,-0.089000,1.3200,-0.010000
1771570911.609271,19.019772,0.030232,-0.012900,0.014885,0.015010,0.8600,-0.000105,0.012900,0.00016641,-0.086000,0.8600,-0.006000
1771570911.619696,19.030197,0.010426,-0.012900,0.000000,0.015010,0.8600,-0.000070,0.012900,0.00016641,-0.086000,0.8600,-0.004000
1771570911.649285,19.059786,0.029588,-0.012150,0.025348,0.014486,0.8300,-0.000035,0.012150,0.00014762,-0.081000,0.8300,-0.002000
1771570911.658200,19.068701,0.008915,-0.012450,-0.033651,0.014486,0.8300,-0.000017,0.012450,0.00015500,-0.083000,0.8300,-0.001000
1771570911.690698,19.101199,0.032499,-0.012000,0.013847,0.014486,0.8300,-0.000017,0.012000,0.00014400,-0.080000,0.8300,-0.001000
1771570911.698143,19.108644,0.007445,-0.012450,-0.060444,0.014486,0.8300,-0.000017,0.012450,0.00015500,-0.083000,0.8300,-0.001000
1771570911.730482,19.140983,0.032339,-0.012000,0.013915,0.014486,0.8300,-0.000000,0.012000,0.00014400,-0.080000,0.8300,-0.000000
1771570911.737724,19.148225,0.007242,-0.011550,0.062134,0.014486,0.8300,-0.000000,0.011550,0.00013340,-0.077000,0.8300,-0.000000
1771570911.769519,19.180020,0.031794,-0.011250,0.009436,0.014486,0.8300,-0.000000,0.011250,0.00012656,-0.075000,0.8300,-0.000000
1771570911.778177,19.188678,0.008659,-0.009750,0.173237,0.014486,0.8300,-0.000000,0.009750,0.00009506,-0.065000,0.8300,-0.000000
1771570911.810475,19.220976,0.032298,-0.011700,-0.060376,0.014486,0.8300,-0.000000,0.011700,0.00013689,-0.078000,0.8300,-0.000000
1771570911.818446,19.228947,0.007971,-0.011550,0.018818,0.014486,0.8300,-0.000000,0.011550,0.00013340,-0.077000,0.8300,-0.000000
1771570911.850345,19.260846,0.031898,-0.011700,-0.004702,0.014486,0.8300,-0.000000,0.011700,0.00013689,-0.078000,0.8300,-0.000000
1771570911.859177,19.269678,0.008832,-0.011550,0.016983,0.014486,0.8300,-0.000000,0.011550,0.00013340,-0.077000,0.8300,-0.000000
1771570911.889503,19.300004,0.030326,-0.011400,0.004946,0.014486,0.8300,-0.000000,0.011400,0.00012996,-0.076000,0.8300,-0.000000
1771570911.897491,19.307992,0.007987,-0.011100,0.037559,0.014486,0.8300,-0.000000,0.011100,0.00012321,-0.074000,0.8300,-0.000000
1771570911.929873,19.340374,0.032382,-0.010950,0.004632,0.014486,0.8300,-0.000000,0.010950,0.00011990,-0.073000,0.8300,-0.000000
1771570911.938258,19.348759,0.008385,-0.010350,0.071553,0.014486,0.8300,-0.000000,0.010350,0.00010712,-0.069000,0.8300,-0.000000
1771570911.969344,19.379845,0.031085,-0.009750,0.019302,0.014486,0.8300,-0.000000,0.009750,0.00009506,-0.065000,0.8300,-0.000000
1771570911.979352,19.389853,0.010009,-0.009750,0.000000,0.014486,0.8300,-0.000000,0.009750,0.00009506,-0.065000,0.8300,-0.000000
1771570912.009590,19.420091,0.030238,-0.009900,-0.004961,0.014486,0.8300,-0.000000,0.009900,0.00009801,-0.066000,0.8300,-0.000000
1771570912.018522,19.429023,0.008931,-0.010050,-0.016795,0.014486,0.8300,-0.000000,0.010050,0.00010100,-0.067000,0.8300,-0.000000
1771570912.050586,19.461087,0.032065,-0.007950,0.065493,0.014486,0.8300,-0.000000,0.007950,0.00006320,-0.053000,0.8300,-0.000000
1771570912.060115,19.470616,0.009529,-0.008550,-0.062965,0.014486,0.8300,-0.000000,0.008550,0.00007310,-0.057000,0.8300,-0.000000
1771570912.090461,19.500962,0.030346,-0.008100,0.014829,0.015010,0.8600,-0.000000,0.008100,0.00006561,-0.054000,0.8600,-0.000000
1771570912.098855,19.509356,0.008394,-0.003000,0.607542,0.015010,0.8600,-0.000000,0.003000,0.00000900,-0.020000,0.8600,-0.000000
1771570912.130062,19.540563,0.031206,-0.007200,-0.134589,0.014486,0.8300,-0.000000,0.007200,0.00005184,-0.048000,0.8300,-0.000000
1771570912.138521,19.549022,0.008459,-0.005250,0.230521,0.014486,0.8300,-0.000000,0.005250,0.00002756,-0.035000,0.8300,-0.000000
1771570912.169302,19.579803,0.030781,-0.006750,-0.048731,0.014486,0.8300,-0.000000,0.006750,0.00004556,-0.045000,0.8300,-0.000000
1771570912.178077,19.588578,0.008775,-0.007050,-0.034188,0.014486,0.8300,-0.000000,0.007050,0.00004970,-0.047000,0.8300,-0.000000
1771570912.210473,19.620974,0.032397,-0.006450,0.018520,0.015010,0.8600,-0.000000,0.006450,0.00004160,-0.043000,0.8600,-0.000000
1771570912.218870,19.629371,0.008397,-0.004500,0.232230,0.015010,0.8600,-0.000000,0.004500,0.00002025,-0.030000,0.8600,-0.000000
1771570912.250043,19.660544,0.031173,-0.003000,0.048119,0.014486,0.8300,-0.000000,0.003000,0.00000900,-0.020000,0.8300,-0.000000
1771570912.258363,19.668864,0.008320,-0.004200,-0.144237,0.014486,0.8300,-0.000000,0.004200,0.00001764,-0.028000,0.8300,-0.000000
1771570912.290328,19.700829,0.031965,-0.005100,-0.028156,0.014486,0.8300,-0.000000,0.005100,0.00002601,-0.034000,0.8300,-0.000000
1771570912.298941,19.709442,0.008614,-0.003300,0.208972,0.014486,0.8300,-0.000000,0.003300,0.00001089,-0.022000,0.8300,-0.000000
1771570912.329119,19.739620,0.030178,-0.001350,0.064617,0.015359,0.8800,-0.000000,0.001350,0.00000182,-0.009000,0.8800,-0.000000
1771570912.338894,19.749395,0.009775,-0.002850,-0.153454,0.015359,0.8800,-0.000000,0.002850,0.00000812,-0.019000,0.8800,-0.000000
1771570912.369625,19.780126,0.030731,-0.003600,-0.024406,0.015010,0.8600,-0.000000,0.003600,0.00001296,-0.024000,0.8600,-0.000000
1771570912.378597,19.789098,0.008972,0.000000,0.401241,0.015010,0.8600,-0.000000,0.000000,0.00000000,0.000000,0.8600,-0.000000
1771570912.410540,19.821041,0.031943,-0.003000,-0.093917,0.017279,0.9900,-0.000000,0.003000,0.00000900,-0.020000,0.9900,-0.000000
1771570912.417369,19.827870,0.006829,-0.001350,0.241616,0.017279,0.9900,-0.000000,0.001350,0.00000182,-0.009000,0.9900,-0.000000
1771570912.451102,19.861603,0.033733,-0.001050,0.008893,0.017628,1.0100,-0.000000,0.001050,0.00000110,-0.007000,1.0100,-0.000000
1771570912.458817,19.869318,0.007715,0.000450,0.194415,0.017628,1.0100,-0.000000,0.000450,0.00000020,0.003000,1.0100,-0.000000
1771570912.489677,19.900178,0.030860,0.001800,0.043746,0.017628,1.0100,-0.000000,0.001800,0.00000324,0.012000,1.0100,-0.000000
1771570912.498247,19.908748,0.008570,0.000750,-0.122514,0.017628,1.0100,-0.000000,0.000750,0.00000056,0.005000,1.0100,-0.000000
1771570912.530089,19.940590,0.031842,0.002250,0.047107,0.017628,1.0100,-0.000000,0.002250,0.00000506,0.015000,1.0100,-0.000000
1771570912.538393,19.948894,0.008304,0.002700,0.054193,0.017628,1.0100,-0.000000,0.002700,0.00000729,0.018000,1.0100,-0.000000
1771570912.570208,19.980709,0.031815,0.002400,-0.009430,0.017279,0.9900,-0.000000,0.002400,0.00000576,0.016000,0.9900,-0.000000
1771570912.578250,19.988751,0.008042,0.003300,0.111908,0.017279,0.9900,-0.000000,0.003300,0.00001089,0.022000,0.9900,-0.000000
1771570912.610173,20.020674,0.031923,0.003900,0.018795,0.016057,0.9200,-0.000000,0.003900,0.00001521,0.026000,0.9200,-0.000000
1771570912.618019,20.028520,0.007846,0.004350,0.057357,0.016057,0.9200,-0.000000,0.004350,0.00001892,0.029000,0.9200,-0.000000
1771570912.649965,20.060466,0.031946,0.005700,0.042258,0.013788,0.7900,-0.000000,0.005700,0.00003249,0.038000,0.7900,-0.000000
1771570912.658355,20.068856,0.008390,0.005100,-0.071510,0.013788,0.7900,-0.000000,0.005100,0.00002601,0.034000,0.7900,-0.000000
1771570912.689638,20.100139,0.031282,0.009450,0.139057,0.013788,0.7900,-0.000000,0.009450,0.00008930,0.063000,0.7900,-0.000000
1771570912.698841,20.109342,0.009203,0.007950,-0.162991,0.013788,0.7900,-0.000000,0.007950,0.00006320,0.053000,0.7900,-0.000000
1771570912.729236,20.139737,0.030396,0.007050,-0.029609,0.012217,0.7000,-0.000000,0.007050,0.00004970,0.047000,0.7000,-0.000000
1771570912.737813,20.148314,0.008576,0.007800,0.087452,0.012217,0.7000,-0.000000,0.007800,0.00006084,0.052000,0.7000,-0.000000
1771570912.769568,20.180069,0.031756,0.008850,0.033065,0.011868,0.6800,-0.000000,0.008850,0.00007832,0.059000,0.6800,-0.000000
1771570912.778028,20.188529,0.008460,0.009300,0.053194,0.011868,0.6800,-0.000000,0.009300,0.00008649,0.062000,0.6800,-0.000000
1771570912.810474,20.220975,0.032446,0.010200,0.027738,0.011519,0.6600,-0.000000,0.010200,0.00010404,0.068000,0.6600,-0.000000
1771570912.818631,20.229132,0.008157,0.011700,0.183891,0.011519,0.6600,-0.000611,0.011700,0.00013689,0.078000,0.6600,-0.035000
1771570912.849797,20.260298,0.031166,0.012450,0.024065,0.006981,0.4000,-0.000367,0.012450,0.00015500,0.083000,0.4000,-0.021000
1771570912.857629,20.268130,0.007832,0.013200,0.095763,0.006981,0.4000,-0.000227,0.013200,0.00017424,0.088000,0.4000,-0.013000
1771570912.889564,20.300065,0.031936,0.014100,0.028182,-0.004189,-0.2400,-0.000140,0.014100,0.00019881,0.094000,-0.2400,-0.008000
1771570912.897601,20.308102,0.008037,0.014850,0.093317,-0.004189,-0.2400,-0.000087,0.014850,0.00022052,0.099000,-0.2400,-0.005000
1771570912.929943,20.340444,0.032342,0.016500,0.051017,-0.031067,-1.7800,-0.000698,0.016500,0.00027225,0.110000,-1.7800,-0.040000
1771570912.937872,20.348373,0.007929,0.016800,0.037838,-0.031067,-1.7800,-0.000419,0.016800,0.00028224,0.112000,-1.7800,-0.024000
1771570912.970738,20.381239,0.032866,0.017550,0.022820,-0.043284,-2.4800,-0.000262,0.017550,0.00030800,0.117000,-2.4800,-0.015000
1771570912.979227,20.389728,0.008488,0.017850,0.035342,-0.043284,-2.4800,-0.000157,0.017850,0.00031862,0.119000,-2.4800,-0.009000
1771570913.008977,20.419478,0.029751,0.018150,0.010084,-0.036128,-2.0700,-0.000087,0.018150,0.00032942,0.121000,-2.0700,-0.005000
1771570913.018715,20.429216,0.009737,0.018750,0.061618,-0.036128,-2.0700,-0.000052,0.018750,0.00035156,0.125000,-2.0700,-0.003000
1771570913.050380,20.460881,0.031665,0.018750,0.000000,-0.034208,-1.9600,-0.000035,0.018750,0.00035156,0.125000,-1.9600,-0.002000
1771570913.058736,20.469237,0.008357,0.017100,-0.197449,-0.034208,-1.9600,-0.000017,0.017100,0.00029241,0.114000,-1.9600,-0.001000
1771570913.089520,20.500021,0.030784,0.017400,0.009745,-0.033685,-1.9300,-0.000017,0.017400,0.00030276,0.116000,-1.9300,-0.001000
1771570913.097946,20.508447,0.008426,0.018300,0.106807,-0.033685,-1.9300,-0.000000,0.018300,0.00033489,0.122000,-1.9300,-0.000000
1771570913.130004,20.540505,0.032058,0.018900,0.018716,-0.030369,-1.7400,-0.000000,0.018900,0.00035721,0.126000,-1.7400,-0.000000
1771570913.138435,20.548936,0.008431,0.018450,-0.053376,-0.030369,-1.7400,-0.000000,0.018450,0.00034040,0.123000,-1.7400,-0.000000
1771570913.169581,20.580082,0.031146,0.017400,-0.033712,-0.030718,-1.7600,-0.000000,0.017400,0.00030276,0.116000,-1.7600,-0.000000
1771570913.177466,20.587967,0.007885,0.016950,-0.057067,-0.030718,-1.7600,-0.000000,0.016950,0.00028730,0.113000,-1.7600,-0.000000
1771570913.210124,20.620625,0.032658,0.016050,-0.027558,-0.029147,-1.6700,-0.000000,0.016050,0.00025760,0.107000,-1.6700,-0.000000
1771570913.218102,20.628603,0.007977,0.016050,0.000000,-0.029147,-1.6700,-0.000000,0.016050,0.00025760,0.107000,-1.6700,-0.000000
1771570913.249869,20.660370,0.031767,0.015450,-0.018887,-0.022166,-1.2700,-0.000000,0.015450,0.00023870,0.103000,-1.2700,-0.000000
1771570913.257857,20.668358,0.007988,0.015300,-0.018777,-0.022166,-1.2700,-0.000000,0.015300,0.00023409,0.102000,-1.2700,-0.000000
1771570913.289900,20.700401,0.032043,0.016200,0.028088,-0.022689,-1.3000,-0.000000,0.016200,0.00026244,0.108000,-1.3000,-0.000000
1771570913.298597,20.709098,0.008697,0.013800,-0.275949,-0.022689,-1.3000,-0.000000,0.013800,0.00019044,0.092000,-1.3000,-0.000000
1771570913.328955,20.739456,0.030358,0.013500,-0.009882,-0.023387,-1.3400,-0.000000,0.013500,0.00018225,0.090000,-1.3400,-0.000000
1771570913.337280,20.747781,0.008325,0.012900,-0.072069,-0.023387,-1.3400,-0.000000,0.012900,0.00016641,0.086000,-1.3400,-0.000000
1771570913.370045,20.780546,0.032765,0.012450,-0.013734,-0.023387,-1.3400,-0.000000,0.012450,0.00015500,0.083000,-1.3400,-0.000000
1771570913.378930,20.789431,0.008885,0.012000,-0.050649,-0.023387,-1.3400,-0.000000,0.012000,0.00014400,0.080000,-1.3400,-0.000000
1771570913.410173,20.820674,0.031243,0.010800,-0.038409,-0.023038,-1.3200,-0.000000,0.010800,0.00011664,0.072000,-1.3200,-0.000000
1771570913.418678,20.829179,0.008505,0.010650,-0.017636,-0.023038,-1.3200,-0.000000,0.010650,0.00011342,0.071000,-1.3200,-0.000000
1771570913.450305,20.860806,0.031627,0.010050,-0.018971,-0.022689,-1.3000,-0.000000,0.010050,0.00010100,0.067000,-1.3000,-0.000000
1771570913.458441,20.868942,0.008136,0.010200,0.018438,-0.022689,-1.3000,-0.000000,0.010200,0.00010404,0.068000,-1.3000,-0.000000
1771570913.489182,20.899683,0.030742,0.007650,-0.082949,-0.023038,-1.3200,-0.000000,0.007650,0.00005852,0.051000,-1.3200,-0.000000
1771570913.498492,20.908993,0.009310,0.008550,0.096675,-0.023038,-1.3200,-0.000000,0.008550,0.00007310,0.057000,-1.3200,-0.000000
1771570913.530183,20.940684,0.031691,0.007050,-0.047332,-0.023387,-1.3400,-0.000000,0.007050,0.00004970,0.047000,-1.3400,-0.000000
1771570913.538288,20.948789,0.008105,0.006450,-0.074030,-0.023387,-1.3400,-0.000000,0.006450,0.00004160,0.043000,-1.3400,-0.000000
1771570913.570184,20.980685,0.031896,0.004950,-0.047027,-0.023387,-1.3400,-0.000000,0.004950,0.00002450,0.033000,-1.3400,-0.000000
1771570913.578602,20.989103,0.008418,0.004500,-0.053458,-0.023387,-1.3400,-0.000000,0.004500,0.00002025,0.030000,-1.3400,-0.000000
1771570913.610017,21.020518,0.031415,0.003750,-0.023874,-0.023387,-1.3400,-0.000000,0.003750,0.00001406,0.025000,-1.3400,-0.000000
1771570913.618045,21.028546,0.008029,0.003150,-0.074731,-0.023387,-1.3400,-0.000000,0.003150,0.00000992,0.021000,-1.3400,-0.000000
1771570913.649676,21.060177,0.031630,0.001950,-0.037938,-0.023038,-1.3200,-0.000000,0.001950,0.00000380,0.013000,-1.3200,-0.000000
1771570913.659346,21.069847,0.009670,0.000900,-0.108578,-0.023038,-1.3200,-0.000000,0.000900,0.00000081,0.006000,-1.3200,-0.000000
1771570913.689678,21.100179,0.030332,0.001500,0.019781,-0.023038,-1.3200,-0.000000,0.001500,0.00000225,0.010000,-1.3200,-0.000000
1771570913.697829,21.108330,0.008151,0.000900,-0.073612,-0.023038,-1.3200,-0.000000,0.000900,0.00000081,0.006000,-1.3200,-0.000000
1771570913.730111,21.140612,0.032282,-0.001500,-0.074346,-0.023038,-1.3200,-0.000000,0.001500,0.00000225,-0.010000,-1.3200,-0.000000
1771570913.738556,21.149057,0.008445,-0.002700,-0.142096,-0.023038,-1.3200,0.000698,0.002700,0.00000729,-0.018000,-1.3200,0.040000
1771570913.769948,21.180449,0.031393,-0.003750,-0.033447,-0.022166,-1.2700,0.000419,0.003750,0.00001406,-0.025000,-1.2700,0.024000
1771570913.777955,21.188456,0.008006,-0.003000,0.093676,-0.022166,-1.2700,0.000262,0.003000,0.00000900,-0.020000,-1.2700,0.015000
1771570913.810728,21.221229,0.032773,-0.003600,-0.018308,-0.018850,-1.0800,0.000157,0.003600,0.00001296,-0.024000,-1.0800,0.009000
1771570913.818599,21.229100,0.007872,-0.002400,0.152442,-0.018850,-1.0800,0.000087,0.002400,0.00000576,-0.016000,-1.0800,0.005000
1771570913.849070,21.259571,0.030471,-0.005700,-0.108301,-0.014137,-0.8100,0.000052,0.005700,0.00003249,-0.038000,-0.8100,0.003000
1771570913.859097,21.269598,0.010027,-0.005850,-0.014960,-0.014137,-0.8100,0.000035,0.005850,0.00003422,-0.039000,-0.8100,0.002000
1771570913.890053,21.300554,0.030956,-0.007200,-0.043611,-0.010821,-0.6200,0.000017,0.007200,0.00005184,-0.048000,-0.6200,0.001000
1771570913.898675,21.309176,0.008622,-0.007800,-0.069588,-0.010821,-0.6200,0.000960,0.007800,0.00006084,-0.052000,-0.6200,0.055000
1771570913.929497,21.339998,0.030822,-0.009150,-0.043800,-0.003142,-0.1800,0.000576,0.009150,0.00008372,-0.061000,-0.1800,0.033000
1771570913.937521,21.348022,0.008024,-0.010350,-0.149552,-0.003142,-0.1800,0.000349,0.010350,0.00010712,-0.069000,-0.1800,0.020000
1771570913.969622,21.380123,0.032101,-0.010500,-0.004673,0.012217,0.7000,0.000209,0.010500,0.00011025,-0.070000,0.7000,0.012000
1771570913.977798,21.388299,0.008176,-0.011100,-0.073387,0.012217,0.7000,0.000122,0.011100,0.00012321,-0.074000,0.7000,0.007000
1771570914.008735,21.419236,0.030937,-0.012450,-0.043637,0.023736,1.3600,0.000087,0.012450,0.00015500,-0.083000,1.3600,0.005000
1771570914.018729,21.429230,0.009994,-0.011850,0.060037,0.023736,1.3600,0.000052,0.011850,0.00014042,-0.079000,1.3600,0.003000
1771570914.049149,21.459650,0.030420,-0.011400,0.014793,0.024958,1.4300,0.000035,0.011400,0.00012996,-0.076000,1.4300,0.002000
1771570914.058409,21.468910,0.009260,-0.014100,-0.291571,0.023736,1.3600,0.000017,0.014100,0.00019881,-0.094000,1.3600,0.001000
1771570914.090110,21.500611,0.031702,-0.015000,-0.028390,0.023038,1.3200,0.000017,0.015000,0.00022500,-0.100000,1.3200,0.001000
1771570914.098876,21.509377,0.008766,-0.015300,-0.034222,0.023038,1.3200,0.000000,0.015300,0.00023409,-0.102000,1.3200,0.000000
1771570914.129383,21.539884,0.030506,-0.015450,-0.004917,0.022689,1.3000,0.000000,0.015450,0.00023870,-0.103000,1.3000,0.000000
1771570914.139124,21.549625,0.009742,-0.015300,0.015398,0.023038,1.3200,0.000000,0.015300,0.00023409,-0.102000,1.3200,0.000000
1771570914.169424,21.579925,0.030300,-0.015450,-0.004951,0.022689,1.3000,0.000000,0.015450,0.00023870,-0.103000,1.3000,0.000000
1771570914.177977,21.588478,0.008553,-0.016500,-0.122764,0.022689,1.3000,0.000995,0.016500,0.00027225,-0.110000,1.3000,0.057000
1771570914.209453,21.619954,0.031476,-0.016200,0.009531,0.023038,1.3200,0.000611,0.016200,0.00026244,-0.108000,1.3200,0.035000
1771570914.218291,21.628792,0.008837,-0.015300,0.101839,0.023038,1.3200,0.000367,0.015300,0.00023409,-0.102000,1.3200,0.021000
1771570914.249029,21.659530,0.030738,-0.016650,-0.043920,0.022689,1.3000,0.000227,0.016650,0.00027722,-0.111000,1.3000,0.013000
1771570914.257570,21.668071,0.008541,-0.016650,0.000000,0.022689,1.3000,0.000140,0.016650,0.00027722,-0.111000,1.3000,0.008000
1771570914.288870,21.699371,0.031300,-0.016350,0.009585,0.023038,1.3200,0.000087,0.016350,0.00026732,-0.109000,1.3200,0.005000
1771570914.297888,21.708389,0.009018,-0.016650,-0.033265,0.023038,1.3200,0.000052,0.016650,0.00027722,-0.111000,1.3200,0.003000
1771570914.329221,21.739722,0.031333,-0.016350,0.009574,0.023038,1.3200,0.000035,0.016350,0.00026732,-0.109000,1.3200,0.002000
1771570914.338029,21.748530,0.008808,-0.016050,0.034060,0.023038,1.3200,0.000017,0.016050,0.00025760,-0.107000,1.3200,0.001000
1771570914.369881,21.780382,0.031852,-0.016500,-0.014128,0.023038,1.3200,0.000017,0.016500,0.00027225,-0.110000,1.3200,0.001000
1771570914.378540,21.789041,0.008659,-0.015450,0.121259,0.023038,1.3200,0.000000,0.015450,0.00023870,-0.103000,1.3200,0.000000
1771570914.410290,21.820791,0.031750,-0.016200,-0.023622,0.023038,1.3200,0.000000,0.016200,0.00026244,-0.108000,1.3200,0.000000
1771570914.418503,21.829004,0.008213,-0.016500,-0.036526,0.023038,1.3200,0.000000,0.016500,0.00027225,-0.110000,1.3200,0.000000
1771570914.449913,21.860414,0.031410,-0.016650,-0.004776,0.023038,1.3200,0.000000,0.016650,0.00027722,-0.111000,1.3200,0.000000
1771570914.458518,21.869019,0.008605,-0.016650,0.000000,0.023736,1.3600,0.000000,0.016650,0.00027722,-0.111000,1.3600,0.000000
1771570914.489314,21.899815,0.030796,-0.016650,0.000000,0.024086,1.3800,0.000000,0.016650,0.00027722,-0.111000,1.3800,0.000000
1771570914.497612,21.908113,0.008299,-0.016650,0.000000,0.024086,1.3800,0.000000,0.016650,0.00027722,-0.111000,1.3800,0.000000
1771570914.528761,21.939262,0.031149,-0.016650,0.000000,0.023736,1.3600,0.000000,0.016650,0.00027722,-0.111000,1.3600,0.000000
1771570914.538759,21.949260,0.009997,-0.016200,0.045013,0.023736,1.3600,0.000000,0.016200,0.00026244,-0.108000,1.3600,0.000000
1771570914.569244,21.979745,0.030485,-0.015900,0.009841,0.023736,1.3600,0.000000,0.015900,0.00025281,-0.106000,1.3600,0.000000
1771570914.577629,21.988130,0.008385,-0.016500,-0.071555,0.023736,1.3600,0.000000,0.016500,0.00027225,-0.110000,1.3600,0.000000
1771570914.609258,22.019759,0.031629,-0.016500,0.000000,0.023736,1.3600,0.000000,0.016500,0.00027225,-0.110000,1.3600,0.000000
1771570914.618224,22.028725,0.008966,-0.016350,0.016730,0.023736,1.3600,0.000000,0.016350,0.00026732,-0.109000,1.3600,0.000000
1771570914.649944,22.060445,0.031719,-0.016500,-0.004729,0.023736,1.3600,0.000000,0.016500,0.00027225,-0.110000,1.3600,0.000000
1771570914.658083,22.068584,0.008140,-0.016500,0.000000,0.023736,1.3600,0.000000,0.016500,0.00027225,-0.110000,1.3600,0.000000
1771570914.689139,22.099640,0.031056,-0.016350,0.004830,0.023736,1.3600,0.000000,0.016350,0.00026732,-0.109000,1.3600,0.000000
1771570914.698798,22.109299,0.009659,-0.015750,0.062119,0.023736,1.3600,0.000000,0.015750,0.00024806,-0.105000,1.3600,0.000000
1771570914.729404,22.139905,0.030606,-0.016500,-0.024505,0.024086,1.3800,0.000000,0.016500,0.00027225,-0.110000,1.3800,0.000000
1771570914.737355,22.147856,0.007951,-0.016050,0.056600,0.024086,1.3800,0.000000,0.016050,0.00025760,-0.107000,1.3800,0.000000
1771570914.769882,22.180383,0.032527,-0.016200,-0.004611,0.024086,1.3800,0.000000,0.016200,0.00026244,-0.108000,1.3800,0.000000
1771570914.778238,22.188739,0.008355,-0.015900,0.035905,0.024086,1.3800,0.000000,0.015900,0.00025281,-0.106000,1.3800,0.000000
1771570914.809043,22.219544,0.030805,-0.016050,-0.004869,0.024086,1.3800,0.000000,0.016050,0.00025760,-0.107000,1.3800,0.000000
1771570914.817891,22.228392,0.008848,-0.016200,-0.016952,0.024086,1.3800,0.000000,0.016200,0.00026244,-0.108000,1.3800,0.000000
1771570914.849883,22.260384,0.031992,-0.016650,-0.014066,0.024086,1.3800,0.000000,0.016650,0.00027722,-0.111000,1.3800,0.000000
1771570914.858015,22.268516,0.008132,-0.016350,0.036891,0.024086,1.3800,0.000000,0.016350,0.00026732,-0.109000,1.3800,0.000000
1771570914.889889,22.300390,0.031874,-0.015450,0.028236,0.024086,1.3800,0.000000,0.015450,0.00023870,-0.103000,1.3800,0.000000
1771570914.898940,22.309441,0.009051,-0.016350,-0.099441,0.024086,1.3800,0.000000,0.016350,0.00026732,-0.109000,1.3800,0.000000
1771570914.930042,22.340543,0.031103,-0.015300,0.033759,0.024958,1.4300,0.000000,0.015300,0.00023409,-0.102000,1.4300,0.000000
1771570914.938389,22.348890,0.008347,-0.016800,-0.179710,0.024958,1.4300,0.000000,0.016800,0.00028224,-0.112000,1.4300,0.000000
1771570914.969703,22.380204,0.031314,-0.016500,0.009580,0.024958,1.4300,0.000000,0.016500,0.00027225,-0.110000,1.4300,0.000000
1771570914.977588,22.388089,0.007885,-0.016650,-0.019024,0.024958,1.4300,0.000000,0.016650,0.00027722,-0.111000,1.4300,0.000000
1771570915.008852,22.419353,0.031263,-0.016650,0.000000,0.024958,1.4300,0.000000,0.016650,0.00027722,-0.111000,1.4300,0.000000
1771570915.017365,22.427866,0.008514,-0.016800,-0.017619,0.024958,1.4300,0.000000,0.016800,0.00028224,-0.112000,1.4300,0.000000
1771570915.049092,22.459593,0.031726,-0.016950,-0.004728,0.024958,1.4300,0.000000,0.016950,0.00028730,-0.113000,1.4300,0.000000
1771570915.058770,22.469271,0.009678,-0.016800,0.015499,0.024958,1.4300,0.000000,0.016800,0.00028224,-0.112000,1.4300,0.000000
1771570915.089967,22.500468,0.031197,-0.016800,0.000000,0.024958,1.4300,0.000000,0.016800,0.00028224,-0.112000,1.4300,0.000000
1771570915.097894,22.508395,0.007928,-0.016650,0.018921,0.024958,1.4300,0.000000,0.016650,0.00027722,-0.111000,1.4300,0.000000
1771570915.129585,22.540086,0.031691,-0.016800,-0.004733,0.024958,1.4300,0.000000,0.016800,0.00028224,-0.112000,1.4300,0.000000
1771570915.137454,22.547955,0.007869,-0.016800,0.000000,0.024958,1.4300,0.000000,0.016800,0.00028224,-0.112000,1.4300,0.000000
1771570915.168900,22.579401,0.031446,-0.016350,0.014310,0.024958,1.4300,0.000000,0.016350,0.00026732,-0.109000,1.4300,0.000000
1771570915.179220,22.589721,0.010321,-0.016050,0.029068,0.024958,1.4300,0.000000,0.016050,0.00025760,-0.107000,1.4300,0.000000
1771570915.210105,22.620606,0.030885,-0.016200,-0.004857,0.024958,1.4300,0.000000,0.016200,0.00026244,-0.108000,1.4300,0.000000
1771570915.218088,22.628589,0.007983,-0.016350,-0.018790,0.024958,1.4300,0.000000,0.016350,0.00026732,-0.109000,1.4300,0.000000
1771570915.248821,22.659322,0.030732,-0.016650,-0.009762,0.024958,1.4300,0.000000,0.016650,0.00027722,-0.111000,1.4300,0.000000
1771570915.259709,22.670210,0.010888,-0.016650,0.000000,0.024958,1.4300,0.000000,0.016650,0.00027722,-0.111000,1.4300,0.000000
1771570915.289507,22.700008,0.029799,-0.016650,0.000000,0.025307,1.4500,0.000000,0.016650,0.00027722,-0.111000,1.4500,0.000000
1771570915.297533,22.708034,0.008026,-0.016650,0.000000,0.025307,1.4500,0.000000,0.016650,0.00027722,-0.111000,1.4500,0.000000
1771570915.329794,22.740295,0.032261,-0.016800,-0.004650,0.025307,1.4500,0.000000,0.016800,0.00028224,-0.112000,1.4500,0.000000
1771570915.337747,22.748248,0.007953,-0.016650,0.018860,0.025307,1.4500,0.000000,0.016650,0.00027722,-0.111000,1.4500,0.000000
1771570915.368586,22.779087,0.030839,-0.016800,-0.004864,0.025307,1.4500,0.000000,0.016800,0.00028224,-0.112000,1.4500,0.000000
1771570915.379020,22.789521,0.010434,-0.016800,0.000000,0.025307,1.4500,0.000000,0.016800,0.00028224,-0.112000,1.4500,0.000000
1771570915.410493,22.820994,0.031473,-0.016800,0.000000,0.025307,1.4500,0.000000,0.016800,0.00028224,-0.112000,1.4500,0.000000
1771570915.418434,22.828935,0.007941,-0.016800,0.000000,0.025307,1.4500,0.000000,0.016800,0.00028224,-0.112000,1.4500,0.000000
1771570915.449149,22.859650,0.030715,-0.016800,0.000000,0.025307,1.4500,0.000000,0.016800,0.00028224,-0.112000,1.4500,0.000000
1771570915.457599,22.868100,0.008450,-0.016800,0.000000,0.025307,1.4500,0.000000,0.016800,0.00028224,-0.112000,1.4500,0.000000
1771570915.489832,22.900333,0.032233,-0.016800,0.000000,0.025307,1.4500,0.000000,0.016800,0.00028224,-0.112000,1.4500,0.000000
1771570915.498224,22.908726,0.008392,-0.016650,0.017873,0.025307,1.4500,0.000000,0.016650,0.00027722,-0.111000,1.4500,0.000000
1771570915.528853,22.939354,0.030629,-0.016800,-0.004897,0.025307,1.4500,0.000000,0.016800,0.00028224,-0.112000,1.4500,0.000000
1771570915.537416,22.947917,0.008563,-0.016800,0.000000,0.025307,1.4500,0.000000,0.016800,0.00028224,-0.112000,1.4500,0.000000
1771570915.569221,22.979722,0.031805,-0.016800,0.000000,0.025307,1.4500,0.000000,0.016800,0.00028224,-0.112000,1.4500,0.000000
1771570915.577167,22.987668,0.007946,-0.016650,0.018879,0.025307,1.4500,0.000000,0.016650,0.00027722,-0.111000,1.4500,0.000000
1771570915.610097,23.020598,0.032931,-0.016800,-0.004555,0.025307,1.4500,0.000000,0.016800,0.00028224,-0.112000,1.4500,0.000000
1771570915.618165,23.028666,0.008067,-0.016650,0.018593,0.025307,1.4500,0.000000,0.016650,0.00027722,-0.111000,1.4500,0.000000
1771570915.648664,23.059165,0.030499,-0.016650,0.000000,0.025307,1.4500,0.000000,0.016650,0.00027722,-0.111000,1.4500,0.000000
1771570915.658709,23.069210,0.010045,-0.016800,-0.014932,0.025307,1.4500,0.000000,0.016800,0.00028224,-0.112000,1.4500,0.000000
1771570915.689843,23.100344,0.031135,-0.016800,0.000000,0.025307,1.4500,0.000000,0.016800,0.00028224,-0.112000,1.4500,0.000000
1771570915.697841,23.108342,0.007997,-0.016800,0.000000,0.025307,1.4500,0.000000,0.016800,0.00028224,-0.112000,1.4500,0.000000
1771570915.729634,23.140135,0.031793,-0.016650,0.004718,0.026005,1.4900,0.000000,0.016650,0.00027722,-0.111000,1.4900,0.000000
1771570915.738087,23.148588,0.008453,-0.016650,0.000000,0.026005,1.4900,0.000000,0.016650,0.00027722,-0.111000,1.4900,0.000000
1771570915.770202,23.180703,0.032115,-0.016650,0.000000,0.026005,1.4900,0.000000,0.016650,0.00027722,-0.111000,1.4900,0.000000
1771570915.778553,23.189054,0.008351,-0.016650,0.000000,0.026005,1.4900,0.000000,0.016650,0.00027722,-0.111000,1.4900,0.000000
1771570915.809057,23.219558,0.030504,-0.016800,-0.004917,0.026005,1.4900,0.000000,0.016800,0.00028224,-0.112000,1.4900,0.000000
1771570915.818101,23.228602,0.009043,-0.016650,0.016587,0.026005,1.4900,0.000000,0.016650,0.00027722,-0.111000,1.4900,0.000000
1771570915.848641,23.259142,0.030540,-0.016800,-0.004912,0.026005,1.4900,0.000000,0.016800,0.00028224,-0.112000,1.4900,0.000000
1771570915.859571,23.270072,0.010929,-0.016800,0.000000,0.026005,1.4900,0.000000,0.016800,0.00028224,-0.112000,1.4900,0.000000
1771570915.889181,23.299682,0.029610,-0.016650,0.005066,0.026005,1.4900,0.000000,0.016650,0.00027722,-0.111000,1.4900,0.000000
1771570915.897419,23.307920,0.008238,-0.016800,-0.018208,0.026005,1.4900,0.000000,0.016800,0.00028224,-0.112000,1.4900,0.000000
1771570915.929533,23.340034,0.032114,-0.016800,0.000000,0.026005,1.4900,0.000000,0.016800,0.00028224,-0.112000,1.4900,0.000000
1771570915.937947,23.348448,0.008414,-0.016800,0.000000,0.026005,1.4900,0.000000,0.016800,0.00028224,-0.112000,1.4900,0.000000
1771570915.970205,23.380706,0.032258,-0.016800,0.000000,0.026005,1.4900,0.000000,0.016800,0.00028224,-0.112000,1.4900,0.000000
1771570915.978480,23.388981,0.008275,-0.016800,0.000000,0.026005,1.4900,0.000000,0.016800,0.00028224,-0.112000,1.4900,0.000000
1771570916.008869,23.419370,0.030390,-0.016800,0.000000,0.026529,1.5200,0.000000,0.016800,0.00028224,-0.112000,1.5200,0.000000
1771570916.017399,23.427900,0.008529,-0.016800,0.000000,0.026529,1.5200,0.000000,0.016800,0.00028224,-0.112000,1.5200,0.000000
1771570916.049489,23.459991,0.032091,-0.016800,0.000000,0.026878,1.5400,0.000000,0.016800,0.00028224,-0.112000,1.5400,0.000000
1771570916.057780,23.468281,0.008290,-0.016800,0.000000,0.026878,1.5400,0.000000,0.016800,0.00028224,-0.112000,1.5400,0.000000
1771570916.089108,23.499609,0.031329,-0.016800,0.000000,0.026878,1.5400,0.000000,0.016800,0.00028224,-0.112000,1.5400,0.000000
1771570916.098167,23.508668,0.009058,-0.016800,0.000000,0.026878,1.5400,0.000000,0.016800,0.00028224,-0.112000,1.5400,0.000000
1771570916.129136,23.539637,0.030969,-0.016650,0.004844,0.026878,1.5400,0.000000,0.016650,0.00027722,-0.111000,1.5400,0.000000
1771570916.138373,23.548874,0.009237,-0.016650,0.000000,0.026878,1.5400,0.000000,0.016650,0.00027722,-0.111000,1.5400,0.000000
1771570916.169814,23.580315,0.031442,-0.016800,-0.004771,0.027227,1.5600,0.000000,0.016800,0.00028224,-0.112000,1.5600,0.000000
1771570916.179101,23.589602,0.009287,-0.016800,0.000000,0.027227,1.5600,0.000000,0.016800,0.00028224,-0.112000,1.5600,0.000000
1771570916.210757,23.621258,0.031657,-0.016800,0.000000,0.027576,1.5800,0.000000,0.016800,0.00028224,-0.112000,1.5800,0.000000
1771570916.218718,23.629219,0.007961,-0.016650,0.018843,0.027576,1.5800,0.000000,0.016650,0.00027722,-0.111000,1.5800,0.000000
1771570916.248840,23.659341,0.030122,-0.016650,0.000000,0.027576,1.5800,0.000000,0.016650,0.00027722,-0.111000,1.5800,0.000000
1771570916.258696,23.669197,0.009856,-0.016650,0.000000,0.027576,1.5800,0.000000,0.016650,0.00027722,-0.111000,1.5800,0.000000
1771570916.290097,23.700598,0.031400,-0.016800,-0.004777,0.027925,1.6000,0.000000,0.016800,0.00028224,-0.112000,1.6000,0.000000
1771570916.298333,23.708834,0.008237,-0.016800,0.000000,0.027925,1.6000,0.000000,0.016800,0.00028224,-0.112000,1.6000,0.000000
1771570916.328608,23.739109,0.030274,-0.016800,0.000000,0.028798,1.6500,0.000000,0.016800,0.00028224,-0.112000,1.6500,0.000000
1771570916.338641,23.749142,0.010034,-0.016800,0.000000,0.028798,1.6500,0.000000,0.016800,0.00028224,-0.112000,1.6500,0.000000
1771570916.369860,23.780361,0.031219,-0.016650,0.004805,0.028798,1.6500,0.000000,0.016650,0.00027722,-0.111000,1.6500,0.000000
1771570916.377608,23.788109,0.007748,-0.016650,0.000000,0.028798,1.6500,0.000000,0.016650,0.00027722,-0.111000,1.6500,0.000000
1771570916.410309,23.820810,0.032701,-0.016650,0.000000,0.029147,1.6700,0.000000,0.016650,0.00027722,-0.111000,1.6700,0.000000
1771570916.418994,23.829495,0.008685,-0.016800,-0.017271,0.029147,1.6700,0.000000,0.016800,0.00028224,-0.112000,1.6700,0.000000
1771570916.449275,23.859776,0.030281,-0.016650,0.004954,0.030369,1.7400,0.000000,0.016650,0.00027722,-0.111000,1.7400,0.000000
1771570916.457650,23.868151,0.008375,-0.011550,0.608978,0.030369,1.7400,0.000000,0.011550,0.00013340,-0.077000,1.7400,0.000000
1771570916.489609,23.900110,0.031959,-0.015000,-0.107952,0.030718,1.7600,0.000000,0.015000,0.00022500,-0.100000,1.7600,0.000000
1771570916.497820,23.908321,0.008212,-0.015150,-0.018266,0.030718,1.7600,0.000000,0.015150,0.00022952,-0.101000,1.7600,0.000000
1771570916.529938,23.940439,0.032117,-0.016500,-0.042034,0.034558,1.9800,0.000000,0.016500,0.00027225,-0.110000,1.9800,0.000000
1771570916.537725,23.948226,0.007788,-0.016650,-0.019261,0.034558,1.9800,0.000000,0.016650,0.00027722,-0.111000,1.9800,0.000000
1771570916.569073,23.979574,0.031348,-0.016650,0.000000,0.040666,2.3300,0.000000,0.016650,0.00027722,-0.111000,2.3300,0.000000
1771570916.578540,23.989041,0.009467,-0.016350,0.031689,0.040666,2.3300,0.000000,0.016350,0.00026732,-0.109000,2.3300,0.000000
1771570916.609659,24.020160,0.031119,-0.015900,0.014461,0.040666,2.3300,0.000000,0.015900,0.00025281,-0.106000,2.3300,0.000000
1771570916.618041,24.028542,0.008382,-0.015900,0.000000,0.040666,2.3300,0.000000,0.015900,0.00025281,-0.106000,2.3300,0.000000
1771570916.649255,24.059756,0.031214,-0.015900,0.000000,0.040666,2.3300,0.000000,0.015900,0.00025281,-0.106000,2.3300,0.000000
1771570916.658587,24.069088,0.009333,-0.015600,0.032145,0.040666,2.3300,0.000000,0.015600,0.00024336,-0.104000,2.3300,0.000000
1771570916.689602,24.100103,0.031015,-0.014400,0.038691,0.040666,2.3300,0.000000,0.014400,0.00020736,-0.096000,2.3300,0.000000
1771570916.698176,24.108677,0.008574,-0.013050,0.157457,0.040666,2.3300,0.000000,0.013050,0.00017030,-0.087000,2.3300,0.000000
1771570916.729935,24.140436,0.031759,-0.013350,-0.009446,0.040666,2.3300,0.000000,0.013350,0.00017822,-0.089000,2.3300,0.000000
1771570916.738283,24.148784,0.008348,-0.012900,0.053902,0.040666,2.3300,0.000000,0.012900,0.00016641,-0.086000,2.3300,0.000000
1771570916.769843,24.180344,0.031560,-0.012450,0.014258,0.040666,2.3300,0.000000,0.012450,0.00015500,-0.083000,2.3300,0.000000
1771570916.778892,24.189393,0.009049,-0.010800,0.182347,0.040666,2.3300,0.000000,0.010800,0.00011664,-0.072000,2.3300,0.000000
1771570916.810283,24.220784,0.031391,-0.011700,-0.028670,0.041015,2.3500,0.000000,0.011700,0.00013689,-0.078000,2.3500,0.000000
1771570916.818267,24.228768,0.007984,-0.010800,0.112727,0.041015,2.3500,0.000000,0.010800,0.00011664,-0.072000,2.3500,0.000000
1771570916.848723,24.259224,0.030455,-0.008400,0.078804,0.040317,2.3100,0.000000,0.008400,0.00007056,-0.056000,2.3100,0.000000
1771570916.858686,24.269187,0.009963,-0.009300,-0.090332,0.040317,2.3100,0.000000,0.009300,0.00008649,-0.062000,2.3100,0.000000
1771570916.889803,24.300304,0.031117,-0.006900,0.077128,0.040317,2.3100,0.000000,0.006900,0.00004761,-0.046000,2.3100,0.000000
1771570916.897903,24.308404,0.008100,-0.006750,0.018518,0.040317,2.3100,0.000000,0.006750,0.00004556,-0.045000,2.3100,0.000000
1771570916.928641,24.339142,0.030738,-0.006150,0.019520,0.035256,2.0200,-0.000628,0.006150,0.00003782,-0.041000,2.0200,-0.036000
1771570916.938527,24.349028,0.009886,-0.005250,0.091042,0.035256,2.0200,-0.000384,0.005250,0.00002756,-0.035000,2.0200,-0.022000
1771570916.969884,24.380385,0.031357,-0.003000,0.071754,0.018850,1.0800,-0.000227,0.003000,0.00000900,-0.020000,1.0800,-0.013000
1771570916.977786,24.388287,0.007903,-0.003000,0.000000,0.018850,1.0800,-0.000140,0.003000,0.00000900,-0.020000,1.0800,-0.008000
1771570917.009901,24.420402,0.032115,-0.002250,0.023354,0.009599,0.5500,-0.000087,0.002250,0.00000506,-0.015000,0.5500,-0.005000
1771570917.018384,24.428885,0.008483,-0.000900,0.159134,0.009599,0.5500,-0.000052,0.000900,0.00000081,-0.006000,0.5500,-0.003000
1771570917.050346,24.460847,0.031962,0.002850,0.117328,0.011519,0.6600,-0.000035,0.002850,0.00000812,0.019000,0.6600,-0.002000
1771570917.059770,24.470271,0.009424,0.002400,-0.047749,0.011519,0.6600,-0.000017,0.002400,0.00000576,0.016000,0.6600,-0.001000
1771570917.088827,24.499328,0.029057,0.003750,0.046461,0.010821,0.6200,-0.000733,0.003750,0.00001406,0.025000,0.6200,-0.042000
1771570917.097513,24.508014,0.008687,0.004200,0.051804,0.010821,0.6200,-0.000454,0.004200,0.00001764,0.028000,0.6200,-0.026000
1771570917.128816,24.539317,0.031303,0.005250,0.033543,0.007330,0.4200,-0.000279,0.005250,0.00002756,0.035000,0.4200,-0.016000
1771570917.137389,24.547890,0.008572,0.007350,0.244974,0.007330,0.4200,-0.000157,0.007350,0.00005402,0.049000,0.4200,-0.009000
1771570917.168450,24.578951,0.031062,0.007500,0.004829,0.007330,0.4200,-0.000105,0.007500,0.00005625,0.050000,0.4200,-0.006000
1771570917.178189,24.588690,0.009739,0.009300,0.184825,0.007330,0.4200,-0.000052,0.009300,0.00008649,0.062000,0.4200,-0.003000
1771570917.208876,24.619377,0.030687,0.010800,0.048880,0.007330,0.4200,-0.000035,0.010800,0.00011664,0.072000,0.4200,-0.002000
1771570917.217697,24.628198,0.008820,0.013050,0.255093,0.007330,0.4200,-0.000017,0.013050,0.00017030,0.087000,0.4200,-0.001000
1771570917.249932,24.660433,0.032236,0.013650,0.018613,-0.006109,-0.3500,-0.000017,0.013650,0.00018632,0.091000,-0.3500,-0.001000
1771570917.257823,24.668324,0.007891,0.015750,0.266136,-0.006109,-0.3500,-0.000000,0.015750,0.00024806,0.105000,-0.3500,-0.000000
1771570917.289840,24.700341,0.032017,0.019200,0.107754,-0.029147,-1.6700,-0.000681,0.019200,0.00036864,0.128000,-1.6700,-0.039000
1771570917.298207,24.708708,0.008367,0.019500,0.035856,-0.029147,-1.6700,-0.000419,0.019500,0.00038025,0.130000,-1.6700,-0.024000
1771570917.329396,24.739897,0.031189,0.020550,0.033666,-0.051313,-2.9400,-0.001204,0.020550,0.00042230,0.137000,-2.9400,-0.069000
1771570917.337700,24.748201,0.008304,0.020850,0.036126,-0.064054,-3.6700,-0.000733,0.020850,0.00043472,0.139000,-3.6700,-0.042000
1771570917.369728,24.780229,0.032028,0.021300,0.014050,-0.074002,-4.2400,-0.000436,0.021300,0.00045369,0.142000,-4.2400,-0.025000
1771570917.377768,24.788269,0.008039,0.022050,0.093292,-0.074002,-4.2400,-0.000262,0.022050,0.00048620,0.147000,-4.2400,-0.015000
1771570917.409756,24.820257,0.031988,0.021600,-0.014068,-0.079762,-4.5700,-0.000157,0.021600,0.00046656,0.144000,-4.5700,-0.009000
1771570917.418149,24.828650,0.008393,0.022500,0.107229,-0.079762,-4.5700,-0.000105,0.022500,0.00050625,0.150000,-4.5700,-0.006000
1771570917.448608,24.859109,0.030459,0.022200,-0.009849,-0.068591,-3.9300,-0.000052,0.022200,0.00049284,0.148000,-3.9300,-0.003000
1771570917.459303,24.869804,0.010695,0.021900,-0.028049,-0.068591,-3.9300,-0.000035,0.021900,0.00047961,0.146000,-3.9300,-0.002000
1771570917.490007,24.900508,0.030703,0.021750,-0.004885,-0.061785,-3.5400,-0.000017,0.021750,0.00047306,0.145000,-3.5400,-0.001000
1771570917.498653,24.909154,0.008646,0.021750,0.000000,-0.061785,-3.5400,-0.000017,0.021750,0.00047306,0.145000,-3.5400,-0.001000
1771570917.529588,24.940089,0.030935,0.021600,-0.004849,-0.062134,-3.5600,-0.000000,0.021600,0.00046656,0.144000,-3.5600,-0.000000
1771570917.537859,24.948360,0.008271,0.021150,-0.054406,-0.062134,-3.5600,-0.000000,0.021150,0.00044732,0.141000,-3.5600,-0.000000
1771570917.569401,24.979902,0.031542,0.021750,0.019022,-0.062134,-3.5600,-0.000000,0.021750,0.00047306,0.145000,-3.5600,-0.000000
1771570917.577270,24.987771,0.007869,0.020550,-0.152497,-0.062134,-3.5600,-0.000000,0.020550,0.00042230,0.137000,-3.5600,-0.000000
1771570917.609747,25.020248,0.032477,0.020400,-0.004619,-0.062134,-3.5600,-0.000000,0.020400,0.00041616,0.136000,-3.5600,-0.000000
1771570917.618077,25.028578,0.008330,0.018900,-0.180065,-0.062134,-3.5600,-0.000000,0.018900,0.00035721,0.126000,-3.5600,-0.000000
1771570917.649320,25.059821,0.031243,0.018750,-0.004801,-0.061436,-3.5200,-0.000000,0.018750,0.00035156,0.125000,-3.5200,-0.000000
1771570917.657745,25.068246,0.008425,0.019350,0.071219,-0.061436,-3.5200,-0.000000,0.019350,0.00037442,0.129000,-3.5200,-0.000000
1771570917.689010,25.099511,0.031265,0.015300,-0.129536,-0.061785,-3.5400,-0.000000,0.015300,0.00023409,0.102000,-3.5400,-0.000000
1771570917.697991,25.108492,0.008981,0.013800,-0.167019,-0.061785,-3.5400,-0.000000,0.013800,0.00019044,0.092000,-3.5400,-0.000000
1771570917.728637,25.139138,0.030646,0.012300,-0.048947,-0.059865,-3.4300,0.000838,0.012300,0.00015129,0.082000,-3.4300,0.048000
1771570917.738358,25.148860,0.009722,0.010650,-0.169727,-0.059865,-3.4300,0.001274,0.010650,0.00011342,0.071000,-3.4300,0.073000
1771570917.768659,25.179160,0.030300,0.009000,-0.054455,-0.037176,-2.1300,0.000768,0.009000,0.00008100,0.060000,-2.1300,0.044000
1771570917.779050,25.189551,0.010391,0.007200,-0.173227,-0.037176,-2.1300,0.000471,0.007200,0.00005184,0.048000,-2.1300,0.027000
1771570917.809394,25.219895,0.030344,0.005700,-0.049433,-0.007330,-0.4200,0.000279,0.005700,0.00003249,0.038000,-0.4200,0.016000
1771570917.818479,25.228980,0.009085,0.004650,-0.115573,-0.007330,-0.4200,0.000175,0.004650,0.00002162,0.031000,-0.4200,0.010000
1771570917.848714,25.259215,0.030235,0.003000,-0.054572,0.014137,0.8100,0.000873,0.003000,0.00000900,0.020000,0.8100,0.050000
1771570917.859284,25.269785,0.010570,0.001650,-0.127722,0.014137,0.8100,0.000524,0.001650,0.00000272,0.011000,0.8100,0.030000
1771570917.888751,25.299252,0.029467,0.001350,-0.010181,0.028798,1.6500,0.000332,0.001350,0.00000182,0.009000,1.6500,0.019000
1771570917.898429,25.308930,0.009678,-0.001500,-0.294471,0.028798,1.6500,0.000192,0.001500,0.00000225,-0.010000,1.6500,0.011000
1771570917.930104,25.340605,0.031675,-0.001650,-0.004736,0.023736,1.3600,0.000122,0.001650,0.00000272,-0.011000,1.3600,0.007000
1771570917.937989,25.348490,0.007885,-0.003600,-0.247321,0.023736,1.3600,0.000070,0.003600,0.00001296,-0.024000,1.3600,0.004000
1771570917.968727,25.379228,0.030738,-0.001650,0.063439,0.023038,1.3200,0.000052,0.001650,0.00000272,-0.011000,1.3200,0.003000
1771570917.977476,25.387977,0.008749,-0.004650,-0.342887,0.023038,1.3200,0.000035,0.004650,0.00002162,-0.031000,1.3200,0.002000
1771570918.009606,25.420107,0.032130,-0.004800,-0.004669,0.023038,1.3200,0.000017,0.004800,0.00002304,-0.032000,1.3200,0.001000
1771570918.018360,25.428861,0.008754,-0.006150,-0.154211,0.023038,1.3200,0.000017,0.006150,0.00003782,-0.041000,1.3200,0.001000
1771570918.048997,25.459498,0.030637,-0.007050,-0.029376,0.023387,1.3400,0.000000,0.007050,0.00004970,-0.047000,1.3400,0.000000
1771570918.058274,25.468775,0.009277,-0.006900,0.016170,0.023736,1.3600,0.000000,0.006900,0.00004761,-0.046000,1.3600,0.000000
1771570918.088782,25.499283,0.030508,-0.007950,-0.034417,0.023736,1.3600,0.000000,0.007950,0.00006320,-0.053000,1.3600,0.000000
1771570918.099031,25.509532,0.010249,-0.002850,0.497603,0.023736,1.3600,0.000000,0.002850,0.00000812,-0.019000,1.3600,0.000000
1771570918.129705,25.540206,0.030674,-0.009300,-0.210273,0.023736,1.3600,0.000000,0.009300,0.00008649,-0.062000,1.3600,0.000000
1771570918.138481,25.548982,0.008775,-0.010200,-0.102561,0.023736,1.3600,0.000000,0.010200,0.00010404,-0.068000,1.3600,0.000000
1771570918.169214,25.579715,0.030734,-0.010650,-0.014642,0.023736,1.3600,0.000000,0.010650,0.00011342,-0.071000,1.3600,0.000000
1771570918.177560,25.588061,0.008345,-0.010950,-0.035948,0.023736,1.3600,0.000000,0.010950,0.00011990,-0.073000,1.3600,0.000000
1771570918.208807,25.619308,0.031247,-0.010950,0.000000,0.023736,1.3600,0.000000,0.010950,0.00011990,-0.073000,1.3600,0.000000
1771570918.217473,25.627974,0.008667,-0.011250,-0.034616,0.023736,1.3600,0.000000,0.011250,0.00012656,-0.075000,1.3600,0.000000
1771570918.249849,25.660350,0.032375,-0.011250,0.000000,0.023736,1.3600,0.000000,0.011250,0.00012656,-0.075000,1.3600,0.000000
1771570918.258379,25.668880,0.008530,-0.011100,0.017584,0.023736,1.3600,0.000000,0.011100,0.00012321,-0.074000,1.3600,0.000000
1771570918.288937,25.699438,0.030558,-0.011550,-0.014726,0.023736,1.3600,0.000000,0.011550,0.00013340,-0.077000,1.3600,0.000000
1771570918.297040,25.707541,0.008103,-0.011100,0.055532,0.023736,1.3600,0.000000,0.011100,0.00012321,-0.074000,1.3600,0.000000
1771570918.328805,25.739306,0.031765,-0.011100,0.000000,0.023736,1.3600,0.000000,0.011100,0.00012321,-0.074000,1.3600,0.000000
1771570918.337769,25.748270,0.008964,-0.011250,-0.016733,0.023736,1.3600,0.000000,0.011250,0.00012656,-0.075000,1.3600,0.000000
1771570918.369555,25.780056,0.031786,-0.011100,0.004719,0.023387,1.3400,0.000000,0.011100,0.00012321,-0.074000,1.3400,0.000000
1771570918.377967,25.788468,0.008412,-0.011100,0.000000,0.023387,1.3400,0.000000,0.011100,0.00012321,-0.074000,1.3400,0.000000
1771570918.410113,25.820614,0.032146,-0.011100,0.000000,0.023736,1.3600,0.000000,0.011100,0.00012321,-0.074000,1.3600,0.000000
1771570918.418183,25.828684,0.008070,-0.009900,0.148690,0.023736,1.3600,0.000000,0.009900,0.00009801,-0.066000,1.3600,0.000000
1771570918.448992,25.859493,0.030809,-0.010350,-0.014606,0.023387,1.3400,0.000000,0.010350,0.00010712,-0.069000,1.3400,0.000000
1771570918.457394,25.867895,0.008401,-0.010200,0.017854,0.023387,1.3400,0.000000,0.010200,0.00010404,-0.068000,1.3400,0.000000
1771570918.488947,25.899448,0.031553,-0.010050,0.004754,0.023387,1.3400,0.000000,0.010050,0.00010100,-0.067000,1.3400,0.000000
1771570918.498904,25.909405,0.009956,-0.008700,0.135592,0.023387,1.3400,0.000000,0.008700,0.00007569,-0.058000,1.3400,0.000000
1771570918.529664,25.940165,0.030760,-0.008250,0.014629,0.023387,1.3400,0.000000,0.008250,0.00006806,-0.055000,1.3400,0.000000
1771570918.538554,25.949055,0.008890,-0.008100,0.016873,0.023387,1.3400,0.000000,0.008100,0.00006561,-0.054000,1.3400,0.000000
1771570918.569662,25.980163,0.031108,-0.007350,0.024110,0.021118,1.2100,0.000000,0.007350,0.00005402,-0.049000,1.2100,0.000000
1771570918.577910,25.988411,0.008248,-0.004950,0.290976,0.021118,1.2100,0.000000,0.004950,0.00002450,-0.033000,1.2100,0.000000
1771570918.608847,26.019348,0.030938,-0.006750,-0.058181,0.018326,1.0500,0.000000,0.006750,0.00004556,-0.045000,1.0500,0.000000
1771570918.617367,26.027868,0.008519,-0.007050,-0.035214,0.018326,1.0500,0.000000,0.007050,0.00004970,-0.047000,1.0500,0.000000
1771570918.649211,26.059712,0.031845,-0.003900,0.098918,0.018850,1.0800,0.000000,0.003900,0.00001521,-0.026000,1.0800,0.000000
1771570918.657522,26.068023,0.008311,-0.005400,-0.180488,0.018850,1.0800,0.000000,0.005400,0.00002916,-0.036000,1.0800,0.000000
1771570918.689371,26.099872,0.031849,-0.005550,-0.004710,0.018850,1.0800,0.000000,0.005550,0.00003080,-0.037000,1.0800,0.000000
1771570918.697664,26.108166,0.008293,-0.004800,0.090433,0.018850,1.0800,0.000000,0.004800,0.00002304,-0.032000,1.0800,0.000000
1771570918.729564,26.140065,0.031899,-0.002100,0.084641,0.019548,1.1200,0.000000,0.002100,0.00000441,-0.014000,1.1200,0.000000
1771570918.737852,26.148353,0.008288,-0.003300,-0.144781,0.019548,1.1200,0.000000,0.003300,0.00001089,-0.022000,1.1200,0.000000
1771570918.769197,26.179698,0.031344,-0.003750,-0.014357,0.018850,1.0800,0.000000,0.003750,0.00001406,-0.025000,1.0800,0.000000
1771570918.777226,26.187727,0.008030,-0.002850,0.112084,0.018850,1.0800,0.000000,0.002850,0.00000812,-0.019000,1.0800,0.000000
1771570918.809371,26.219872,0.032145,-0.002850,0.000000,0.019199,1.1000,0.000000,0.002850,0.00000812,-0.019000,1.1000,0.000000
1771570918.818069,26.228570,0.008698,-0.001200,0.189699,0.019199,1.1000,0.000000,0.001200,0.00000144,-0.008000,1.1000,0.000000
1771570918.848510,26.259011,0.030441,-0.001500,-0.009855,0.019199,1.1000,0.000000,0.001500,0.00000225,-0.010000,1.1000,0.000000
1771570918.859444,26.269945,0.010934,0.000600,0.192055,0.019199,1.1000,0.000000,0.000600,0.00000036,0.004000,1.1000,0.000000
1771570918.888403,26.298904,0.028959,0.000900,0.010359,0.019199,1.1000,0.000000,0.000900,0.00000081,0.006000,1.1000,0.000000
1771570918.897527,26.308028,0.009124,0.003900,0.328810,0.019199,1.1000,0.000000,0.003900,0.00001521,0.026000,1.1000,0.000000
1771570918.930194,26.340695,0.032666,0.002100,-0.055102,0.019199,1.1000,0.000000,0.002100,0.00000441,0.014000,1.1000,0.000000
1771570918.938359,26.348860,0.008165,0.003750,0.202085,0.019199,1.1000,0.000000,0.003750,0.00001406,0.025000,1.1000,0.000000
1771570918.968848,26.379349,0.030489,0.004200,0.014759,0.019199,1.1000,0.000000,0.004200,0.00001764,0.028000,1.1000,0.000000
1771570918.977085,26.387586,0.008238,0.004500,0.036417,0.019199,1.1000,0.000000,0.004500,0.00002025,0.030000,1.1000,0.000000
1771570919.008303,26.418804,0.031217,0.005250,0.024025,0.017977,1.0300,0.000000,0.005250,0.00002756,0.035000,1.0300,0.000000
1771570919.017198,26.427699,0.008895,0.005850,0.067452,0.017977,1.0300,0.000000,0.005850,0.00003422,0.039000,1.0300,0.000000
1771570919.048435,26.458936,0.031238,0.006900,0.033613,0.016057,0.9200,0.000000,0.006900,0.00004761,0.046000,0.9200,0.000000
1771570919.058783,26.469284,0.010348,0.007650,0.072481,0.016057,0.9200,-0.000960,0.007650,0.00005852,0.051000,0.9200,-0.055000
1771570919.090194,26.500695,0.031411,0.008700,0.033428,0.006458,0.3700,-0.000576,0.008700,0.00007569,0.058000,0.3700,-0.033000
1771570919.097914,26.508415,0.007720,0.010350,0.213718,0.006458,0.3700,-0.000349,0.010350,0.00010712,0.069000,0.3700,-0.020000
1771570919.129045,26.539546,0.031130,0.010950,0.019274,-0.012741,-0.7300,-0.000209,0.010950,0.00011990,0.073000,-0.7300,-0.012000
1771570919.137786,26.548287,0.008741,0.012450,0.171602,-0.012741,-0.7300,-0.000873,0.012450,0.00015500,0.083000,-0.7300,-0.050000
1771570919.169791,26.580292,0.032005,0.013200,0.023434,-0.042237,-2.4200,-0.000524,0.013200,0.00017424,0.088000,-2.4200,-0.030000
1771570919.178674,26.589175,0.008883,0.014250,0.118200,-0.042237,-2.4200,-0.000314,0.014250,0.00020306,0.095000,-2.4200,-0.018000
1771570919.209266,26.619767,0.030592,0.015600,0.044129,-0.052185,-2.9900,-0.000192,0.015600,0.00024336,0.104000,-2.9900,-0.011000
1771570919.217973,26.628474,0.008708,0.014550,-0.120585,-0.052185,-2.9900,-0.000122,0.014550,0.00021170,0.097000,-2.9900,-0.007000
1771570919.249057,26.659558,0.031083,0.015600,0.033780,-0.043633,-2.5000,-0.000070,0.015600,0.00024336,0.104000,-2.5000,-0.004000
1771570919.257257,26.667758,0.008201,0.015150,-0.054872,-0.043633,-2.5000,-0.000035,0.015150,0.00022952,0.101000,-2.5000,-0.002000
1771570919.290113,26.700614,0.032856,0.015300,0.004565,-0.031416,-1.8000,-0.000035,0.015300,0.00023409,0.102000,-1.8000,-0.002000
1771570919.298002,26.708503,0.007889,0.015150,-0.019015,-0.031416,-1.8000,-0.000017,0.015150,0.00022952,0.101000,-1.8000,-0.001000
1771570919.328556,26.739057,0.030554,0.015150,0.000000,-0.031416,-1.8000,-0.000017,0.015150,0.00022952,0.101000,-1.8000,-0.001000
1771570919.338417,26.748918,0.009862,0.015000,-0.015210,-0.031416,-1.8000,-0.000000,0.015000,0.00022500,0.100000,-1.8000,-0.000000
1771570919.369972,26.780473,0.031555,0.014250,-0.023768,-0.029845,-1.7100,-0.000000,0.014250,0.00020306,0.095000,-1.7100,-0.000000
1771570919.378562,26.789063,0.008589,0.014100,-0.017464,-0.029845,-1.7100,-0.000000,0.014100,0.00019881,0.094000,-1.7100,-0.000000
1771570919.409417,26.819918,0.030855,0.014400,0.009723,-0.026878,-1.5400,-0.000000,0.014400,0.00020736,0.096000,-1.5400,-0.000000
1771570919.417965,26.828466,0.008548,0.014100,-0.035095,-0.026878,-1.5400,-0.000000,0.014100,0.00019881,0.094000,-1.5400,-0.000000
1771570919.449908,26.860409,0.031943,0.013500,-0.018783,-0.027227,-1.5600,-0.000000,0.013500,0.00018225,0.090000,-1.5600,-0.000000
1771570919.458804,26.869305,0.008896,0.013500,0.000000,-0.027227,-1.5600,-0.000000,0.013500,0.00018225,0.090000,-1.5600,-0.000000
1771570919.489133,26.899634,0.030329,0.012450,-0.034621,-0.026878,-1.5400,-0.000000,0.012450,0.00015500,0.083000,-1.5400,-0.000000
1771570919.497746,26.908247,0.008614,0.012300,-0.017414,-0.026878,-1.5400,-0.000000,0.012300,0.00015129,0.082000,-1.5400,-0.000000
1771570919.528729,26.939230,0.030983,0.011850,-0.014524,-0.026878,-1.5400,-0.000000,0.011850,0.00014042,0.079000,-1.5400,-0.000000
1771570919.538012,26.948513,0.009282,0.010650,-0.129278,-0.026878,-1.5400,-0.000000,0.010650,0.00011342,0.071000,-1.5400,-0.000000
1771570919.568341,26.978842,0.030330,0.010500,-0.004946,-0.026005,-1.4900,-0.000000,0.010500,0.00011025,0.070000,-1.4900,-0.000000
1771570919.578792,26.989293,0.010451,0.009450,-0.100473,-0.026005,-1.4900,-0.000000,0.009450,0.00008930,0.063000,-1.4900,-0.000000
1771570919.609396,27.019897,0.030604,0.009750,0.009803,-0.024609,-1.4100,-0.000000,0.009750,0.00009506,0.065000,-1.4100,-0.000000
1771570919.617677,27.028178,0.008281,0.007950,-0.217378,-0.024609,-1.4100,-0.000000,0.007950,0.00006320,0.053000,-1.4100,-0.000000
1771570919.648698,27.059199,0.031021,0.007950,0.000000,-0.023736,-1.3600,-0.000000,0.007950,0.00006320,0.053000,-1.3600,-0.000000
1771570919.657665,27.068166,0.008966,0.006900,-0.117103,-0.023736,-1.3600,0.000960,0.006900,0.00004761,0.046000,-1.3600,0.055000
1771570919.689945,27.100446,0.032280,0.008850,0.060408,-0.022689,-1.3000,-0.000244,0.008850,0.00007832,0.059000,-1.3000,-0.014000
1771570919.697999,27.108500,0.008054,0.005250,-0.446995,-0.022689,-1.3000,-0.000209,0.005250,0.00002756,0.035000,-1.3000,-0.012000
1771570919.729843,27.140344,0.031844,0.006450,0.037684,-0.022166,-1.2700,0.000506,0.006450,0.00004160,0.043000,-1.2700,0.029000
1771570919.737689,27.148190,0.007846,0.003600,-0.363248,-0.022166,-1.2700,0.000314,0.003600,0.00001296,0.024000,-1.2700,0.018000
1771570919.769311,27.179812,0.031623,0.003150,-0.014230,-0.019199,-1.1000,0.000192,0.003150,0.00000992,0.021000,-1.1000,0.011000
1771570919.777638,27.188139,0.008327,0.002850,-0.036027,-0.019199,-1.1000,0.000122,0.002850,0.00000812,0.019000,-1.1000,0.007000
1771570919.810174,27.220675,0.032536,0.001200,-0.050713,-0.019548,-1.1200,0.000070,0.001200,0.00000144,0.008000,-1.1200,0.004000
1771570919.817393,27.227894,0.007219,0.001050,-0.020779,-0.019548,-1.1200,0.000035,0.001050,0.00000110,0.007000,-1.1200,0.002000
1771570919.849411,27.259912,0.032018,0.004350,0.103066,-0.018850,-1.0800,0.000017,0.004350,0.00001892,0.029000,-1.0800,0.001000
1771570919.858911,27.269412,0.009500,-0.000450,-0.505274,-0.018850,-1.0800,0.000017,0.000450,0.00000020,-0.003000,-1.0800,0.001000
1771570919.889123,27.299624,0.030212,0.001350,0.059579,-0.016057,-0.9200,0.000017,0.001350,0.00000182,0.009000,-0.9200,0.001000
1771570919.897427,27.307928,0.008304,-0.002700,-0.487710,-0.016057,-0.9200,0.000000,0.002700,0.00000729,-0.018000,-0.9200,0.000000
1771570919.928701,27.339202,0.031274,-0.002550,0.004796,-0.016406,-0.9400,0.000000,0.002550,0.00000650,-0.017000,-0.9400,0.000000
1771570919.937313,27.347814,0.008612,-0.003450,-0.104503,-0.016406,-0.9400,0.000000,0.003450,0.00001190,-0.023000,-0.9400,0.000000
1771570919.969752,27.380253,0.032439,-0.003600,-0.004624,-0.016057,-0.9200,0.000000,0.003600,0.00001296,-0.024000,-0.9200,0.000000
1771570919.978032,27.388533,0.008280,-0.004950,-0.163047,-0.015708,-0.9000,0.000000,0.004950,0.00002450,-0.033000,-0.9000,0.000000
1771570920.010239,27.420740,0.032207,-0.005250,-0.009315,-0.015708,-0.9000,0.000000,0.005250,0.00002756,-0.035000,-0.9000,0.000000
1771570920.018079,27.428580,0.007840,-0.006450,-0.153063,-0.015708,-0.9000,0.000000,0.006450,0.00004160,-0.043000,-0.9000,0.000000
1771570920.048985,27.459486,0.030905,-0.006900,-0.014561,-0.009250,-0.5300,0.000716,0.006900,0.00004761,-0.046000,-0.5300,0.041000
1771570920.057353,27.467854,0.008368,-0.007350,-0.053773,-0.009250,-0.5300,0.000436,0.007350,0.00005402,-0.049000,-0.5300,0.025000
1771570920.089983,27.500484,0.032630,-0.008400,-0.032179,0.011519,0.6600,0.000262,0.008400,0.00007056,-0.056000,0.6600,0.015000
1771570920.098130,27.508631,0.008147,-0.008100,0.036822,0.011519,0.6600,0.000157,0.008100,0.00006561,-0.054000,0.6600,0.009000
1771570920.129488,27.539989,0.031357,-0.010350,-0.071754,0.027227,1.5600,0.000105,0.010350,0.00010712,-0.069000,1.5600,0.006000
1771570920.138202,27.548703,0.008715,-0.010800,-0.051637,0.027227,1.5600,0.000052,0.010800,0.00011664,-0.072000,1.5600,0.003000
1771570920.168281,27.578782,0.030079,-0.010800,0.000000,0.028449,1.6300,0.000035,0.010800,0.00011664,-0.072000,1.6300,0.002000
1771570920.176941,27.587442,0.008660,-0.011550,-0.086604,0.028449,1.6300,0.000017,0.011550,0.00013340,-0.077000,1.6300,0.001000
1771570920.209217,27.619718,0.032275,-0.011550,0.000000,0.027576,1.5800,0.000017,0.011550,0.00013340,-0.077000,1.5800,0.001000
1771570920.217568,27.628069,0.008351,-0.011400,0.017962,0.027576,1.5800,0.000000,0.011400,0.00012996,-0.076000,1.5800,0.000000
1771570920.250085,27.660586,0.032517,-0.011850,-0.013839,0.027576,1.5800,0.000000,0.011850,0.00014042,-0.079000,1.5800,0.000000
1771570920.256865,27.667366,0.006779,-0.011850,0.000000,0.027576,1.5800,0.000000,0.011850,0.00014042,-0.079000,1.5800,0.000000
1771570920.288520,27.699021,0.031656,-0.012750,-0.028431,0.027576,1.5800,0.000000,0.012750,0.00016256,-0.085000,1.5800,0.000000
1771570920.298241,27.708742,0.009721,-0.012900,-0.015430,0.027576,1.5800,0.000000,0.012900,0.00016641,-0.086000,1.5800,0.000000
1771570920.328781,27.739282,0.030540,-0.010650,0.073675,0.027576,1.5800,0.000000,0.010650,0.00011342,-0.071000,1.5800,0.000000
1771570920.337310,27.747811,0.008529,-0.011850,-0.140701,0.027576,1.5800,0.000000,0.011850,0.00014042,-0.079000,1.5800,0.000000
1771570920.369066,27.779567,0.031756,-0.011700,0.004724,0.023736,1.3600,0.000000,0.011700,0.00013689,-0.078000,1.3600,0.000000
1771570920.377337,27.787838,0.008271,-0.012600,-0.108811,0.023736,1.3600,0.000000,0.012600,0.00015876,-0.084000,1.3600,0.000000
1771570920.408207,27.818708,0.030870,-0.013050,-0.014577,0.018850,1.0800,0.000000,0.013050,0.00017030,-0.087000,1.0800,0.000000
1771570920.418081,27.828582,0.009874,-0.013050,0.000000,0.018850,1.0800,0.000000,0.013050,0.00017030,-0.087000,1.0800,0.000000
1771570920.449658,27.860159,0.031577,-0.013050,0.000000,0.018850,1.0800,0.000000,0.013050,0.00017030,-0.087000,1.0800,0.000000
1771570920.457959,27.868460,0.008301,-0.012900,0.018071,0.018850,1.0800,0.000000,0.012900,0.00016641,-0.086000,1.0800,0.000000
1771570920.489582,27.900083,0.031623,-0.012900,0.000000,0.018850,1.0800,0.000000,0.012900,0.00016641,-0.086000,1.0800,0.000000
1771570920.497401,27.907902,0.007819,-0.012750,0.019184,0.018850,1.0800,0.000000,0.012750,0.00016256,-0.085000,1.0800,0.000000
1771570920.528191,27.938692,0.030790,-0.012900,-0.004872,0.018850,1.0800,0.000000,0.012900,0.00016641,-0.086000,1.0800,0.000000
1771570920.538152,27.948653,0.009960,-0.012300,0.060240,0.018850,1.0800,0.000000,0.012300,0.00015129,-0.082000,1.0800,0.000000
1771570920.568794,27.979295,0.030642,-0.012300,0.000000,0.018850,1.0800,0.000000,0.012300,0.00015129,-0.082000,1.0800,0.000000
1771570920.577240,27.987741,0.008446,-0.012000,0.035520,0.018850,1.0800,0.000000,0.012000,0.00014400,-0.080000,1.0800,0.000000
1771570920.610139,28.020640,0.032900,-0.012450,-0.013678,0.018850,1.0800,0.000000,0.012450,0.00015500,-0.083000,1.0800,0.000000
1771570920.618339,28.028840,0.008200,-0.010350,0.256100,0.018850,1.0800,0.000000,0.010350,0.00010712,-0.069000,1.0800,0.000000
1771570920.649136,28.059637,0.030797,-0.011100,-0.024353,0.018850,1.0800,0.000000,0.011100,0.00012321,-0.074000,1.0800,0.000000
1771570920.657567,28.068068,0.008431,-0.011850,-0.088958,0.018850,1.0800,0.000000,0.011850,0.00014042,-0.079000,1.0800,0.000000
1771570920.689599,28.100100,0.032032,-0.005100,0.210727,0.018850,1.0800,0.000000,0.005100,0.00002601,-0.034000,1.0800,0.000000
1771570920.698037,28.108538,0.008438,-0.012600,-0.888799,0.018850,1.0800,0.000000,0.012600,0.00015876,-0.084000,1.0800,0.000000
1771570920.728496,28.138997,0.030458,-0.012450,0.004925,0.017977,1.0300,0.000000,0.012450,0.00015500,-0.083000,1.0300,0.000000
1771570920.736829,28.147330,0.008334,-0.012150,0.035998,0.017977,1.0300,0.000000,0.012150,0.00014762,-0.081000,1.0300,0.000000
1771570920.768114,28.178615,0.031285,-0.012450,-0.009589,0.016930,0.9700,0.000000,0.012450,0.00015500,-0.083000,0.9700,0.000000
1771570920.778101,28.188602,0.009987,-0.012900,-0.045058,0.016930,0.9700,0.000000,0.012900,0.00016641,-0.086000,0.9700,0.000000
1771570920.808290,28.218791,0.030189,-0.012450,0.014906,0.016930,0.9700,0.000000,0.012450,0.00015500,-0.083000,0.9700,0.000000
1771570920.819069,28.229570,0.010779,-0.011700,0.069579,0.016930,0.9700,0.000000,0.011700,0.00013689,-0.078000,0.9700,0.000000
1771570920.848690,28.259191,0.029621,-0.012300,-0.020256,0.016930,0.9700,0.000000,0.012300,0.00015129,-0.082000,0.9700,0.000000
1771570920.857201,28.267702,0.008511,-0.011850,0.052875,0.016406,0.9400,0.000000,0.011850,0.00014042,-0.079000,0.9400,0.000000
1771570920.889324,28.299825,0.032124,-0.012750,-0.028017,0.016406,0.9400,0.000000,0.012750,0.00016256,-0.085000,0.9400,0.000000
1771570920.897229,28.307730,0.007905,-0.013050,-0.037952,0.016406,0.9400,0.000000,0.013050,0.00017030,-0.087000,0.9400,0.000000
1771570920.929316,28.339817,0.032086,-0.012450,0.018700,0.016406,0.9400,0.000000,0.012450,0.00015500,-0.083000,0.9400,0.000000
1771570920.938042,28.348543,0.008727,-0.013200,-0.085944,0.016406,0.9400,0.000000,0.013200,0.00017424,-0.088000,0.9400,0.000000
1771570920.968126,28.378627,0.030084,-0.012150,0.034902,0.016930,0.9700,0.000000,0.012150,0.00014762,-0.081000,0.9700,0.000000
1771570920.977481,28.387982,0.009355,-0.011850,0.032070,0.016930,0.9700,0.000000,0.011850,0.00014042,-0.079000,0.9700,0.000000
1771570921.008613,28.419114,0.031132,-0.012000,-0.004818,0.016930,0.9700,0.000000,0.012000,0.00014400,-0.080000,0.9700,0.000000
1771570921.016917,28.427418,0.008303,-0.012000,0.000000,0.016930,0.9700,0.000000,0.012000,0.00014400,-0.080000,0.9700,0.000000
1771570921.048842,28.459343,0.031926,-0.012000,0.000000,0.016930,0.9700,0.000000,0.012000,0.00014400,-0.080000,0.9700,0.000000
1771570921.057199,28.467700,0.008356,-0.012000,0.000000,0.016930,0.9700,0.000000,0.012000,0.00014400,-0.080000,0.9700,0.000000
1771570921.088674,28.499175,0.031475,-0.012000,0.000000,0.016930,0.9700,0.000000,0.012000,0.00014400,-0.080000,0.9700,0.000000
1771570921.097483,28.507984,0.008809,-0.012000,0.000000,0.016930,0.9700,0.000000,0.012000,0.00014400,-0.080000,0.9700,0.000000
1771570921.129357,28.539858,0.031874,-0.012000,0.000000,0.016930,0.9700,0.000000,0.012000,0.00014400,-0.080000,0.9700,0.000000
1771570921.137275,28.547776,0.007918,-0.012000,0.000000,0.016930,0.9700,0.000000,0.012000,0.00014400,-0.080000,0.9700,0.000000
1771570921.169008,28.579509,0.031733,-0.012600,-0.018908,0.016930,0.9700,0.000000,0.012600,0.00015876,-0.084000,0.9700,0.000000
1771570921.177297,28.587798,0.008289,-0.012900,-0.036191,0.016930,0.9700,0.000000,0.012900,0.00016641,-0.086000,0.9700,0.000000
1771570921.208086,28.618587,0.030789,-0.012900,0.000000,0.016930,0.9700,0.000000,0.012900,0.00016641,-0.086000,0.9700,0.000000
1771570921.218132,28.628633,0.010046,-0.013050,-0.014932,0.016930,0.9700,0.000000,0.013050,0.00017030,-0.087000,0.9700,0.000000
1771570921.248737,28.659238,0.030605,-0.012600,0.014703,0.016930,0.9700,0.000000,0.012600,0.00015876,-0.084000,0.9700,0.000000
1771570921.257720,28.668221,0.008983,-0.012600,0.000000,0.016930,0.9700,0.000000,0.012600,0.00015876,-0.084000,0.9700,0.000000
1771570921.288175,28.698676,0.030454,-0.012600,0.000000,0.016930,0.9700,0.000000,0.012600,0.00015876,-0.084000,0.9700,0.000000
1771570921.298240,28.708741,0.010065,-0.012300,0.029805,0.016930,0.9700,0.000000,0.012300,0.00015129,-0.082000,0.9700,0.000000
1771570921.329583,28.740084,0.031343,-0.012600,-0.009571,0.016930,0.9700,0.000000,0.012600,0.00015876,-0.084000,0.9700,0.000000
1771570921.337975,28.748476,0.008392,-0.012750,-0.017874,0.016930,0.9700,0.000000,0.012750,0.00016256,-0.085000,0.9700,0.000000
1771570921.369319,28.779820,0.031344,-0.012450,0.009571,0.016930,0.9700,0.000000,0.012450,0.00015500,-0.083000,0.9700,0.000000
1771570921.377357,28.787858,0.008038,-0.013050,-0.074649,0.016930,0.9700,0.000000,0.013050,0.00017030,-0.087000,0.9700,0.000000
1771570921.408435,28.818936,0.031078,-0.012150,0.028959,0.016930,0.9700,0.000000,0.012150,0.00014762,-0.081000,0.9700,0.000000
1771570921.416935,28.827436,0.008500,-0.012450,-0.035295,0.016930,0.9700,0.000000,0.012450,0.00015500,-0.083000,0.9700,0.000000
1771570921.448749,28.859250,0.031814,-0.012300,0.004715,0.016930,0.9700,0.000000,0.012300,0.00015129,-0.082000,0.9700,0.000000
1771570921.458226,28.868727,0.009477,-0.012300,0.000000,0.016930,0.9700,0.000000,0.012300,0.00015129,-0.082000,0.9700,0.000000
1771570921.488753,28.899254,0.030527,-0.012600,-0.009827,0.016930,0.9700,0.000000,0.012600,0.00015876,-0.084000,0.9700,0.000000
1771570921.497243,28.907744,0.008490,-0.012600,0.000000,0.016930,0.9700,0.000000,0.012600,0.00015876,-0.084000,0.9700,0.000000
1771570921.529002,28.939503,0.031760,-0.012300,0.009446,0.016930,0.9700,0.000000,0.012300,0.00015129,-0.082000,0.9700,0.000000
1771570921.537398,28.947899,0.008396,-0.012150,0.017866,0.016930,0.9700,0.000000,0.012150,0.00014762,-0.081000,0.9700,0.000000
1771570921.568724,28.979225,0.031326,-0.011850,0.009577,0.016930,0.9700,0.000000,0.011850,0.00014042,-0.079000,0.9700,0.000000
1771570921.577784,28.988285,0.009060,-0.012000,-0.016556,0.016930,0.9700,0.000000,0.012000,0.00014400,-0.080000,0.9700,0.000000
1771570921.608319,29.018820,0.030535,-0.012150,-0.004912,0.016930,0.9700,0.000000,0.012150,0.00014762,-0.081000,0.9700,0.000000
1771570921.616846,29.027347,0.008527,-0.012300,-0.017592,0.016930,0.9700,0.000000,0.012300,0.00015129,-0.082000,0.9700,0.000000
1771570921.648036,29.058537,0.031190,-0.012150,0.004809,0.016930,0.9700,0.000000,0.012150,0.00014762,-0.081000,0.9700,0.000000
1771570921.659119,29.069620,0.011083,-0.012300,-0.013534,0.016930,0.9700,0.000000,0.012300,0.00015129,-0.082000,0.9700,0.000000
1771570921.689474,29.099975,0.030355,-0.012300,0.000000,0.016930,0.9700,0.000000,0.012300,0.00015129,-0.082000,0.9700,0.000000
1771570921.697467,29.107968,0.007993,-0.012300,0.000000,0.016930,0.9700,0.000000,0.012300,0.00015129,-0.082000,0.9700,0.000000
1771570921.729234,29.139735,0.031766,-0.012300,0.000000,0.016930,0.9700,0.000000,0.012300,0.00015129,-0.082000,0.9700,0.000000
1771570921.737621,29.148122,0.008387,-0.012300,0.000000,0.016930,0.9700,0.000000,0.012300,0.00015129,-0.082000,0.9700,0.000000
1771570921.768988,29.179489,0.031368,-0.012300,0.000000,0.016930,0.9700,0.000000,0.012300,0.00015129,-0.082000,0.9700,0.000000
1771570921.777451,29.187952,0.008463,-0.012150,0.017724,0.016930,0.9700,0.000000,0.012150,0.00014762,-0.081000,0.9700,0.000000
1771570921.809553,29.220054,0.032102,-0.012150,0.000000,0.016930,0.9700,0.000000,0.012150,0.00014762,-0.081000,0.9700,0.000000
1771570921.817599,29.228100,0.008046,-0.012150,0.000000,0.016930,0.9700,0.000000,0.012150,0.00014762,-0.081000,0.9700,0.000000
1771570921.848458,29.258959,0.030859,-0.012150,0.000000,0.016930,0.9700,0.000000,0.012150,0.00014762,-0.081000,0.9700,0.000000
1771570921.856904,29.267405,0.008446,-0.012150,0.000000,0.016930,0.9700,0.000000,0.012150,0.00014762,-0.081000,0.9700,0.000000
1771570921.889204,29.299705,0.032300,-0.012150,0.000000,0.016930,0.9700,0.000000,0.012150,0.00014762,-0.081000,0.9700,0.000000
1771570921.896993,29.307494,0.007789,-0.012150,0.000000,0.016930,0.9700,0.000000,0.012150,0.00014762,-0.081000,0.9700,0.000000
1771570921.929218,29.339719,0.032225,-0.012150,0.000000,0.016930,0.9700,0.000000,0.012150,0.00014762,-0.081000,0.9700,0.000000
1771570921.937250,29.347751,0.008032,-0.012000,0.018675,0.016930,0.9700,0.000000,0.012000,0.00014400,-0.080000,0.9700,0.000000
1771570921.968051,29.378552,0.030801,-0.012150,-0.004870,0.016930,0.9700,0.000000,0.012150,0.00014762,-0.081000,0.9700,0.000000
1771570921.977319,29.387820,0.009269,-0.012150,0.000000,0.016930,0.9700,0.000000,0.012150,0.00014762,-0.081000,0.9700,0.000000
1771570922.009527,29.420028,0.032208,-0.012150,0.000000,0.016930,0.9700,0.000000,0.012150,0.00014762,-0.081000,0.9700,0.000000
1771570922.017977,29.428478,0.008450,-0.012150,0.000000,0.016930,0.9700,0.000000,0.012150,0.00014762,-0.081000,0.9700,0.000000
1771570922.048234,29.458735,0.030257,-0.012150,0.000000,0.016930,0.9700,0.000000,0.012150,0.00014762,-0.081000,0.9700,0.000000
1771570922.057739,29.468240,0.009506,-0.012150,0.000000,0.016930,0.9700,0.000000,0.012150,0.00014762,-0.081000,0.9700,0.000000
1771570922.088255,29.498756,0.030515,-0.012150,0.000000,0.016930,0.9700,0.000000,0.012150,0.00014762,-0.081000,0.9700,0.000000
1771570922.097947,29.508448,0.009692,-0.012150,0.000000,0.016930,0.9700,0.000000,0.012150,0.00014762,-0.081000,0.9700,0.000000
1771570922.128984,29.539485,0.031037,-0.012150,0.000000,0.016930,0.9700,0.000000,0.012150,0.00014762,-0.081000,0.9700,0.000000
1771570922.138601,29.549102,0.009616,-0.012150,0.000000,0.016930,0.9700,0.000000,0.012150,0.00014762,-0.081000,0.9700,0.000000
1771570922.168441,29.578942,0.029840,-0.012000,0.005027,0.016930,0.9700,0.000000,0.012000,0.00014400,-0.080000,0.9700,0.000000
1771570922.177366,29.587867,0.008925,-0.011850,0.016807,0.016930,0.9700,0.000000,0.011850,0.00014042,-0.079000,0.9700,0.000000
1771570922.208872,29.619373,0.031507,-0.011850,0.000000,0.016930,0.9700,0.000000,0.011850,0.00014042,-0.079000,0.9700,0.000000
1771570922.218007,29.628508,0.009135,-0.011850,0.000000,0.016930,0.9700,0.000000,0.011850,0.00014042,-0.079000,0.9700,0.000000
1771570922.248158,29.658659,0.030151,-0.011850,0.000000,0.016930,0.9700,0.000000,0.011850,0.00014042,-0.079000,0.9700,0.000000
1771570922.256684,29.667185,0.008526,-0.011850,0.000000,0.016930,0.9700,0.000000,0.011850,0.00014042,-0.079000,0.9700,0.000000
1771570922.288814,29.699315,0.032130,-0.011700,0.004669,0.016930,0.9700,0.000000,0.011700,0.00013689,-0.078000,0.9700,0.000000
1771570922.297843,29.708344,0.009029,-0.011700,0.000000,0.016930,0.9700,0.000000,0.011700,0.00013689,-0.078000,0.9700,0.000000
1771570922.328258,29.738759,0.030415,-0.011850,-0.004932,0.016930,0.9700,0.000000,0.011850,0.00014042,-0.079000,0.9700,0.000000
1771570922.338025,29.748526,0.009766,-0.011850,0.000000,0.016930,0.9700,0.000000,0.011850,0.00014042,-0.079000,0.9700,0.000000
1771570922.369080,29.779581,0.031055,-0.011700,0.004830,0.016930,0.9700,0.000000,0.011700,0.00013689,-0.078000,0.9700,0.000000
1771570922.377306,29.787807,0.008226,-0.012000,-0.036471,0.016930,0.9700,0.000000,0.012000,0.00014400,-0.080000,0.9700,0.000000
1771570922.409491,29.819992,0.032186,-0.012000,0.000000,0.016930,0.9700,0.000000,0.012000,0.00014400,-0.080000,0.9700,0.000000
1771570922.417626,29.828127,0.008135,-0.012000,0.000000,0.016930,0.9700,0.000000,0.012000,0.00014400,-0.080000,0.9700,0.000000
1771570922.448171,29.858672,0.030545,-0.012300,-0.009821,0.016930,0.9700,0.000000,0.012300,0.00015129,-0.082000,0.9700,0.000000
1771570922.458133,29.868634,0.009962,-0.012450,-0.015057,0.016930,0.9700,0.000000,0.012450,0.00015500,-0.083000,0.9700,0.000000
1771570922.488544,29.899045,0.030411,-0.012450,0.000000,0.016930,0.9700,0.000000,0.012450,0.00015500,-0.083000,0.9700,0.000000
1771570922.497050,29.907551,0.008506,-0.012450,0.000000,0.016930,0.9700,0.000000,0.012450,0.00015500,-0.083000,0.9700,0.000000
1771570922.528624,29.939125,0.031574,-0.012450,0.000000,0.016930,0.9700,0.000000,0.012450,0.00015500,-0.083000,0.9700,0.000000
1771570922.536858,29.947359,0.008234,-0.012450,0.000000,0.016930,0.9700,0.000000,0.012450,0.00015500,-0.083000,0.9700,0.000000
1771570922.568570,29.979071,0.031712,-0.012450,0.000000,0.016930,0.9700,0.000000,0.012450,0.00015500,-0.083000,0.9700,0.000000
1771570922.577482,29.987983,0.008912,-0.012450,0.000000,0.016930,0.9700,0.000000,0.012450,0.00015500,-0.083000,0.9700,0.000000
