time,time_rel,dt,x,xdot,theta,theta_deg,thdot,error,error_sq,d_raw,a_raw,w_raw
# Run: trial_12
# Controller: PID
# Start time: 2026-02-20 14:03:02
# Distance scale: 0.15 m per unit
1771570982.564097,0.000000,0.010000,0.091500,0.000000,0.024958,1.4300,-0.000000,0.091500,0.00837225,0.610000,1.4300,-0.000000
1771570982.573789,0.009692,0.009692,0.091500,0.000000,0.024958,1.4300,-0.000000,0.091500,0.00837225,0.610000,1.4300,-0.000000
1771570982.604081,0.039984,0.030292,0.091500,0.000000,0.024086,1.3800,-0.000000,0.091500,0.00837225,0.610000,1.3800,-0.000000
1771570982.611704,0.047607,0.007623,0.092100,0.078707,0.024086,1.3800,-0.000000,0.092100,0.00848241,0.614000,1.3800,-0.000000
1771570982.643632,0.079535,0.031929,0.091500,-0.018792,0.013090,0.7500,-0.000838,0.091500,0.00837225,0.610000,0.7500,-0.048000
1771570982.651706,0.087609,0.008074,0.091650,0.018579,0.013090,0.7500,-0.000506,0.091650,0.00839972,0.611000,0.7500,-0.029000
1771570982.683801,0.119704,0.032095,0.091800,0.004674,-0.028449,-1.6300,-0.001065,0.091800,0.00842724,0.612000,-1.6300,-0.061000
1771570982.692251,0.128154,0.008449,0.091650,-0.017753,-0.028449,-1.6300,-0.001396,0.091650,0.00839972,0.611000,-1.6300,-0.080000
1771570982.723281,0.159184,0.031030,0.091500,-0.004834,-0.097738,-5.6000,-0.001588,0.091500,0.00837225,0.610000,-5.6000,-0.091000
1771570982.731718,0.167621,0.008437,0.091200,-0.035558,-0.097738,-5.6000,-0.001658,0.091200,0.00831744,0.608000,-5.6000,-0.095000
1771570982.763927,0.199830,0.032209,0.090150,-0.032600,-0.170344,-9.7600,-0.001658,0.090150,0.00812702,0.601000,-9.7600,-0.095000
1771570982.771974,0.207877,0.008047,0.089100,-0.130478,-0.170344,-9.7600,-0.001658,0.089100,0.00793881,0.594000,-9.7600,-0.095000
1771570982.804374,0.240278,0.032401,0.088650,-0.013889,-0.225497,-12.9200,-0.001012,0.088650,0.00785882,0.591000,-12.9200,-0.058000
1771570982.812563,0.248466,0.008188,0.087600,-0.128229,-0.225497,-12.9200,-0.001361,0.087600,0.00767376,0.584000,-12.9200,-0.078000
1771570982.844303,0.280206,0.031740,0.084900,-0.085067,-0.242426,-13.8900,-0.000175,0.084900,0.00720801,0.566000,-13.8900,-0.010000
1771570982.852065,0.287968,0.007763,0.081750,-0.405788,-0.242426,-13.8900,-0.000105,0.081750,0.00668306,0.545000,-13.8900,-0.006000
1771570982.884203,0.320106,0.032138,0.079800,-0.060677,-0.221308,-12.6800,-0.000070,0.079800,0.00636804,0.532000,-12.6800,-0.004000
1771570982.893085,0.328989,0.008883,0.075750,-0.455952,-0.221308,-12.6800,-0.000035,0.075750,0.00573806,0.505000,-12.6800,-0.002000
1771570982.923960,0.359863,0.030874,0.070800,-0.160328,-0.182212,-10.4400,0.000855,0.070800,0.00501264,0.472000,-10.4400,0.049000
1771570982.932291,0.368194,0.008332,0.065550,-0.630136,-0.182212,-10.4400,0.000524,0.065550,0.00429680,0.437000,-10.4400,0.030000
1771570982.964972,0.400875,0.032681,0.057900,-0.234083,-0.139626,-8.0000,0.001012,0.057900,0.00335241,0.386000,-8.0000,0.058000
1771570982.971849,0.407752,0.006877,0.049350,-1.243241,-0.139626,-8.0000,0.001449,0.049350,0.00243542,0.329000,-8.0000,0.083000
1771570983.003200,0.439103,0.031350,0.042450,-0.220093,-0.091281,-5.2300,0.001850,0.042450,0.00180200,0.283000,-5.2300,0.106000
1771570983.012736,0.448639,0.009537,0.034200,-0.865075,-0.091281,-5.2300,0.001134,0.034200,0.00116964,0.228000,-5.2300,0.065000
1771570983.043731,0.479634,0.030995,0.028800,-0.174222,-0.042237,-2.4200,0.001431,0.028800,0.00082944,0.192000,-2.4200,0.082000
1771570983.052306,0.488209,0.008575,0.021600,-0.839654,-0.042237,-2.4200,0.001780,0.021600,0.00046656,0.144000,-2.4200,0.102000
1771570983.084412,0.520315,0.032106,0.018600,-0.093440,-0.007330,-0.4200,0.001082,0.018600,0.00034596,0.124000,-0.4200,0.062000
1771570983.092381,0.528284,0.007969,0.010800,-0.978805,-0.007330,-0.4200,0.000646,0.010800,0.00011664,0.072000,-0.4200,0.037000
1771570983.123442,0.559345,0.031061,0.012150,0.043463,0.001920,0.1100,0.000401,0.012150,0.00014762,0.081000,0.1100,0.023000
1771570983.132033,0.567936,0.008591,0.002100,-1.169870,0.001920,0.1100,0.000244,0.002100,0.00000441,0.014000,0.1100,0.014000
1771570983.163386,0.599289,0.031353,-0.002400,-0.143529,0.001571,0.0900,0.000140,0.002400,0.00000576,-0.016000,0.0900,0.008000
1771570983.172387,0.608290,0.009001,-0.003750,-0.149979,0.001571,0.0900,0.000873,0.003750,0.00001406,-0.025000,0.0900,0.050000
1771570983.203074,0.638977,0.030687,-0.006900,-0.102648,0.005411,0.3100,0.000541,0.006900,0.00004761,-0.046000,0.3100,0.031000
1771570983.212799,0.648702,0.009725,-0.011550,-0.478168,0.005411,0.3100,0.000332,0.011550,0.00013340,-0.077000,0.3100,0.019000
1771570983.243488,0.679391,0.030689,-0.015900,-0.141745,0.008378,0.4800,0.000192,0.015900,0.00025281,-0.106000,0.4800,0.011000
1771570983.252810,0.688713,0.009322,-0.020250,-0.466642,0.008378,0.4800,0.000122,0.020250,0.00041006,-0.135000,0.4800,0.007000
1771570983.283399,0.719302,0.030589,-0.026700,-0.210861,0.017977,1.0300,0.000698,0.026700,0.00071289,-0.178000,1.0300,0.040000
1771570983.293066,0.728969,0.009667,-0.033600,-0.713739,0.017977,1.0300,0.000419,0.033600,0.00112896,-0.224000,1.0300,0.024000
1771570983.323419,0.759322,0.030353,-0.038850,-0.172963,0.059516,3.4100,0.000873,0.038850,0.00150932,-0.259000,3.4100,0.050000
1771570983.331802,0.767705,0.008383,-0.045000,-0.733645,0.059516,3.4100,0.001222,0.045000,0.00202500,-0.300000,3.4100,0.070000
1771570983.364574,0.800477,0.032772,-0.051150,-0.187663,0.116239,6.6600,0.001536,0.051150,0.00261632,-0.341000,6.6600,0.088000
1771570983.372624,0.808527,0.008051,-0.056850,-0.708015,0.116239,6.6600,0.001745,0.056850,0.00323192,-0.379000,6.6600,0.100000
1771570983.403040,0.838943,0.030416,-0.057150,-0.009863,0.167552,9.6000,0.001065,0.057150,0.00326612,-0.381000,9.6000,0.061000
1771570983.413565,0.849468,0.010525,-0.063300,-0.584324,0.167552,9.6000,0.001309,0.063300,0.00400689,-0.422000,9.6000,0.075000
1771570983.443283,0.879186,0.029718,-0.067500,-0.141330,0.196000,11.2300,0.000785,0.067500,0.00455625,-0.450000,11.2300,0.045000
1771570983.451787,0.887690,0.008504,-0.072000,-0.529168,0.197920,11.3400,0.000489,0.072000,0.00518400,-0.480000,11.3400,0.028000
1771570983.484387,0.920290,0.032600,-0.079650,-0.234660,0.193732,11.1000,0.000297,0.079650,0.00634412,-0.531000,11.1000,0.017000
1771570983.492452,0.928355,0.008065,-0.080250,-0.074398,0.193732,11.1000,0.000175,0.080250,0.00644006,-0.535000,11.1000,0.010000
1771570983.523144,0.959047,0.030692,-0.081750,-0.048872,0.194779,11.1600,0.000105,0.081750,0.00668306,-0.545000,11.1600,0.006000
1771570983.531583,0.967486,0.008439,-0.082500,-0.088875,0.194779,11.1600,0.000070,0.082500,0.00680625,-0.550000,11.1600,0.004000
1771570983.563494,0.999398,0.031912,-0.084900,-0.075208,0.194779,11.1600,0.000035,0.084900,0.00720801,-0.566000,11.1600,0.002000
1771570983.572935,1.008838,0.009441,-0.084750,0.015889,0.194779,11.1600,0.000017,0.084750,0.00718256,-0.565000,11.1600,0.001000
1771570983.603873,1.039776,0.030937,-0.084900,-0.004848,0.194081,11.1200,0.000017,0.084900,0.00720801,-0.566000,11.1200,0.001000
1771570983.612907,1.048810,0.009034,-0.085050,-0.016603,0.194081,11.1200,0.000017,0.085050,0.00723350,-0.567000,11.1200,0.001000
1771570983.643316,1.079219,0.030409,-0.079350,0.187444,0.190590,10.9200,0.000000,0.079350,0.00629642,-0.529000,10.9200,0.000000
1771570983.652135,1.088038,0.008819,-0.082050,-0.306170,0.190590,10.9200,-0.000908,0.082050,0.00673220,-0.547000,10.9200,-0.052000
1771570983.683732,1.119635,0.031597,-0.079500,0.080703,0.171042,9.8000,-0.000541,0.079500,0.00632025,-0.530000,9.8000,-0.031000
1771570983.692240,1.128143,0.008508,-0.079350,0.017630,0.171042,9.8000,-0.000332,0.079350,0.00629642,-0.529000,9.8000,-0.019000
1771570983.724590,1.160493,0.032350,-0.075000,0.134467,0.145037,8.3100,-0.000209,0.075000,0.00562500,-0.500000,8.3100,-0.012000
1771570983.732723,1.168626,0.008132,-0.070800,0.516449,0.145037,8.3100,-0.000733,0.070800,0.00501264,-0.472000,8.3100,-0.042000
1771570983.764454,1.200357,0.031731,-0.066300,0.141817,0.109607,6.2800,-0.001396,0.066300,0.00439569,-0.442000,6.2800,-0.080000
1771570983.772474,1.208377,0.008020,-0.063900,0.299246,0.109607,6.2800,-0.000838,0.063900,0.00408321,-0.426000,6.2800,-0.048000
1771570983.803914,1.239817,0.031440,-0.060150,0.119275,0.072431,4.1500,-0.001396,0.060150,0.00361802,-0.401000,4.1500,-0.080000
1771570983.811614,1.247517,0.007700,-0.055500,0.603861,0.072431,4.1500,-0.000855,0.055500,0.00308025,-0.370000,4.1500,-0.049000
1771570983.844206,1.280109,0.032592,-0.052050,0.105854,0.038397,2.2000,-0.001222,0.052050,0.00270920,-0.347000,2.2000,-0.070000
1771570983.852700,1.288603,0.008494,-0.048450,0.423845,0.038397,2.2000,-0.001588,0.048450,0.00234740,-0.323000,2.2000,-0.091000
1771570983.884144,1.320047,0.031444,-0.043800,0.147880,-0.004538,-0.2600,-0.000960,0.043800,0.00191844,-0.292000,-0.2600,-0.055000
1771570983.892521,1.328424,0.008377,-0.040350,0.411862,-0.026878,-1.5400,-0.001431,0.040350,0.00162812,-0.269000,-1.5400,-0.082000
1771570983.923883,1.359787,0.031363,-0.037650,0.086090,-0.041364,-2.3700,-0.001763,0.037650,0.00141752,-0.251000,-2.3700,-0.101000
1771570983.932288,1.368191,0.008404,-0.033600,0.481885,-0.041364,-2.3700,-0.001065,0.033600,0.00112896,-0.224000,-2.3700,-0.061000
1771570983.965290,1.401193,0.033002,-0.028800,0.145444,-0.076271,-4.3700,-0.000646,0.028800,0.00082944,-0.192000,-4.3700,-0.037000
1771570983.972113,1.408016,0.006823,-0.027150,0.241844,-0.076271,-4.3700,-0.001012,0.027150,0.00073712,-0.181000,-4.3700,-0.058000
1771570984.004525,1.440428,0.032412,-0.024600,0.078675,-0.111177,-6.3700,-0.000611,0.024600,0.00060516,-0.164000,-6.3700,-0.035000
1771570984.012814,1.448717,0.008289,-0.018750,0.705726,-0.111177,-6.3700,-0.000384,0.018750,0.00035156,-0.125000,-6.3700,-0.022000
1771570984.044466,1.480370,0.031652,-0.022050,-0.104257,-0.116588,-6.6800,-0.000227,0.022050,0.00048620,-0.147000,-6.6800,-0.013000
1771570984.052860,1.488764,0.008394,-0.016350,0.679056,-0.116588,-6.6800,-0.000977,0.016350,0.00026732,-0.109000,-6.6800,-0.056000
1771570984.083776,1.519679,0.030915,-0.020250,-0.126150,-0.115366,-6.6100,-0.000593,0.020250,0.00041006,-0.135000,-6.6100,-0.034000
1771570984.092484,1.528387,0.008708,-0.017400,0.327303,-0.115366,-6.6100,0.000628,0.017400,0.00030276,-0.116000,-6.6100,0.036000
1771570984.124320,1.560223,0.031836,-0.016950,0.014135,-0.114668,-6.5700,0.000384,0.016950,0.00028730,-0.113000,-6.5700,0.022000
1771570984.132296,1.568199,0.007976,-0.016800,0.018806,-0.114668,-6.5700,0.000227,0.016800,0.00028224,-0.112000,-6.5700,0.013000
1771570984.164865,1.600769,0.032570,-0.017100,-0.009211,-0.098088,-5.6200,0.000140,0.017100,0.00029241,-0.114000,-5.6200,0.008000
1771570984.172800,1.608703,0.007935,-0.017100,0.000000,-0.098088,-5.6200,0.000977,0.017100,0.00029241,-0.114000,-5.6200,0.056000
1771570984.203611,1.639514,0.030811,-0.018750,-0.053553,-0.075224,-4.3100,0.000593,0.018750,0.00035156,-0.125000,-4.3100,0.034000
1771570984.211979,1.647882,0.008368,-0.020400,-0.197179,-0.075224,-4.3100,0.001257,0.020400,0.00041616,-0.136000,-4.3100,0.072000
1771570984.244346,1.680249,0.032367,-0.021000,-0.018538,-0.036477,-2.0900,0.000750,0.021000,0.00044100,-0.140000,-2.0900,0.043000
1771570984.252760,1.688663,0.008415,-0.021300,-0.035652,-0.036477,-2.0900,0.001257,0.021300,0.00045369,-0.142000,-2.0900,0.072000
1771570984.284207,1.720110,0.031446,-0.021900,-0.019080,0.001222,0.0700,0.000768,0.021900,0.00047961,-0.146000,0.0700,0.044000
1771570984.293077,1.728980,0.008871,-0.022200,-0.033820,0.001222,0.0700,0.000471,0.022200,0.00049284,-0.148000,0.0700,0.027000
1771570984.324248,1.760151,0.031171,-0.022800,-0.019249,0.021468,1.2300,0.000279,0.022800,0.00051984,-0.152000,1.2300,0.016000
1771570984.332737,1.768640,0.008489,-0.023400,-0.070681,0.021468,1.2300,0.000175,0.023400,0.00054756,-0.156000,1.2300,0.010000
1771570984.365360,1.801264,0.032623,-0.021300,0.064371,0.015010,0.8600,0.000105,0.021300,0.00045369,-0.142000,0.8600,0.006000
1771570984.371861,1.807765,0.006501,-0.025500,-0.646058,0.015010,0.8600,0.000070,0.025500,0.00065025,-0.170000,0.8600,0.004000
1771570984.404213,1.840116,0.032351,-0.024600,0.027819,0.005760,0.3300,0.000035,0.024600,0.00060516,-0.164000,0.3300,0.002000
1771570984.412394,1.848297,0.008181,-0.025800,-0.146684,0.002618,0.1500,0.000017,0.025800,0.00066564,-0.172000,0.1500,0.001000
1771570984.443043,1.878946,0.030649,-0.026100,-0.009788,0.001571,0.0900,0.000017,0.026100,0.00068121,-0.174000,0.0900,0.001000
1771570984.452966,1.888869,0.009923,-0.025650,0.045350,0.001571,0.0900,0.000000,0.025650,0.00065792,-0.171000,0.0900,0.000000
1771570984.483273,1.919176,0.030307,-0.026700,-0.034645,0.000698,0.0400,0.000000,0.026700,0.00071289,-0.178000,0.0400,0.000000
1771570984.492187,1.928090,0.008914,-0.027000,-0.033657,0.001222,0.0700,0.000000,0.027000,0.00072900,-0.180000,0.0700,0.000000
1771570984.522776,1.958679,0.030590,-0.027300,-0.009807,0.001222,0.0700,0.000000,0.027300,0.00074529,-0.182000,0.0700,0.000000
1771570984.532619,1.968522,0.009842,-0.027600,-0.030480,0.001222,0.0700,0.000000,0.027600,0.00076176,-0.184000,0.0700,0.000000
1771570984.563950,1.999853,0.031332,-0.026850,0.023938,0.001222,0.0700,0.000000,0.026850,0.00072092,-0.179000,0.0700,0.000000
1771570984.573485,2.009388,0.009535,-0.027600,-0.078659,0.001222,0.0700,0.000000,0.027600,0.00076176,-0.184000,0.0700,0.000000
1771570984.603986,2.039889,0.030501,-0.027450,0.004918,0.001222,0.0700,0.000000,0.027450,0.00075350,-0.183000,0.0700,0.000000
1771570984.612109,2.048012,0.008123,-0.027900,-0.055400,0.001222,0.0700,0.000000,0.027900,0.00077841,-0.186000,0.0700,0.000000
1771570984.644332,2.080235,0.032223,-0.028950,-0.032585,0.001571,0.0900,0.000000,0.028950,0.00083810,-0.193000,0.0900,0.000000
1771570984.652611,2.088514,0.008279,-0.029250,-0.036238,0.001920,0.1100,0.000000,0.029250,0.00085556,-0.195000,0.1100,0.000000
1771570984.683997,2.119900,0.031386,-0.027750,0.047792,0.002618,0.1500,0.000000,0.027750,0.00077006,-0.185000,0.1500,0.000000
1771570984.692305,2.128208,0.008308,-0.029250,-0.180540,0.002618,0.1500,0.000000,0.029250,0.00085556,-0.195000,0.1500,0.000000
1771570984.724165,2.160068,0.031860,-0.028200,0.032957,0.002269,0.1300,0.000000,0.028200,0.00079524,-0.188000,0.1300,0.000000
1771570984.732482,2.168385,0.008317,-0.028200,0.000000,0.002269,0.1300,0.000000,0.028200,0.00079524,-0.188000,0.1300,0.000000
1771570984.763324,2.199227,0.030841,-0.027300,0.029182,0.001571,0.0900,0.000000,0.027300,0.00074529,-0.182000,0.0900,0.000000
1771570984.771584,2.207487,0.008260,-0.028950,-0.199746,0.001571,0.0900,0.000000,0.028950,0.00083810,-0.193000,0.0900,0.000000
1771570984.804229,2.240132,0.032645,-0.029100,-0.004595,0.001571,0.0900,0.000000,0.029100,0.00084681,-0.194000,0.0900,0.000000
1771570984.812488,2.248391,0.008260,-0.022950,0.744594,0.001571,0.0900,0.000000,0.022950,0.00052670,-0.153000,0.0900,0.000000
1771570984.843067,2.278970,0.030579,-0.028800,-0.191309,0.001571,0.0900,0.000000,0.028800,0.00082944,-0.192000,0.0900,0.000000
1771570984.851553,2.287456,0.008486,-0.028650,0.017676,0.001571,0.0900,0.000000,0.028650,0.00082082,-0.191000,0.0900,0.000000
1771570984.882870,2.318773,0.031317,-0.027450,0.038318,0.001920,0.1100,0.000000,0.027450,0.00075350,-0.183000,0.1100,0.000000
1771570984.892863,2.328766,0.009993,-0.028950,-0.150100,0.001920,0.1100,0.000000,0.028950,0.00083810,-0.193000,0.1100,0.000000
1771570984.924268,2.360171,0.031404,-0.028800,0.004776,0.003840,0.2200,0.000000,0.028800,0.00082944,-0.192000,0.2200,0.000000
1771570984.931963,2.367866,0.007696,-0.029100,-0.038983,0.003840,0.2200,0.000000,0.029100,0.00084681,-0.194000,0.2200,0.000000
1771570984.964758,2.400661,0.032794,-0.029250,-0.004574,0.004538,0.2600,0.000000,0.029250,0.00085556,-0.195000,0.2600,0.000000
1771570984.973498,2.409401,0.008740,-0.029250,0.000000,0.004538,0.2600,0.000000,0.029250,0.00085556,-0.195000,0.2600,0.000000
1771570985.002888,2.438791,0.029390,-0.029100,0.005104,0.004538,0.2600,0.000000,0.029100,0.00084681,-0.194000,0.2600,0.000000
1771570985.012245,2.448148,0.009357,-0.027900,0.128247,0.004538,0.2600,0.000000,0.027900,0.00077841,-0.186000,0.2600,0.000000
1771570985.043155,2.479058,0.030910,-0.028650,-0.024264,0.004189,0.2400,0.000000,0.028650,0.00082082,-0.191000,0.2400,0.000000
1771570985.052179,2.488082,0.009024,-0.029100,-0.049866,0.004189,0.2400,0.000000,0.029100,0.00084681,-0.194000,0.2400,0.000000
1771570985.083790,2.519693,0.031611,-0.028650,0.014235,0.004538,0.2600,0.000000,0.028650,0.00082082,-0.191000,0.2600,0.000000
1771570985.092704,2.528607,0.008914,-0.028200,0.050484,0.004538,0.2600,0.000000,0.028200,0.00079524,-0.188000,0.2600,0.000000
1771570985.122868,2.558771,0.030164,-0.027900,0.009946,0.003840,0.2200,0.000000,0.027900,0.00077841,-0.186000,0.2200,0.000000
1771570985.133867,2.569770,0.010999,-0.027750,0.013637,0.003840,0.2200,0.000000,0.027750,0.00077006,-0.185000,0.2200,0.000000
1771570985.163616,2.599519,0.029748,-0.027750,0.000000,0.003142,0.1800,0.000000,0.027750,0.00077006,-0.185000,0.1800,0.000000
1771570985.173149,2.609052,0.009533,-0.027750,0.000000,0.003142,0.1800,0.000000,0.027750,0.00077006,-0.185000,0.1800,0.000000
1771570985.203756,2.639659,0.030607,-0.027600,0.004901,0.002618,0.1500,0.000000,0.027600,0.00076176,-0.184000,0.1500,0.000000
1771570985.212778,2.648681,0.009021,-0.027750,-0.016627,0.002618,0.1500,0.000000,0.027750,0.00077006,-0.185000,0.1500,0.000000
1771570985.242815,2.678718,0.030037,-0.028050,-0.009988,0.002618,0.1500,0.000000,0.028050,0.00078680,-0.187000,0.1500,0.000000
1771570985.252878,2.688781,0.010063,-0.028050,0.000000,0.002618,0.1500,0.000000,0.028050,0.00078680,-0.187000,0.1500,0.000000
1771570985.284008,2.719911,0.031130,-0.028050,0.000000,0.002618,0.1500,0.000000,0.028050,0.00078680,-0.187000,0.1500,0.000000
1771570985.292041,2.727944,0.008033,-0.027900,0.018673,0.002618,0.1500,0.000000,0.027900,0.00077841,-0.186000,0.1500,0.000000
1771570985.322822,2.758725,0.030781,-0.027900,0.000000,0.002618,0.1500,0.000000,0.027900,0.00077841,-0.186000,0.1500,0.000000
1771570985.332419,2.768322,0.009597,-0.027900,0.000000,0.002618,0.1500,0.000000,0.027900,0.00077841,-0.186000,0.1500,0.000000
1771570985.364699,2.800602,0.032280,-0.027900,0.000000,0.002618,0.1500,0.000000,0.027900,0.00077841,-0.186000,0.1500,0.000000
1771570985.372961,2.808864,0.008263,-0.027900,0.000000,0.002618,0.1500,0.000000,0.027900,0.00077841,-0.186000,0.1500,0.000000
1771570985.403661,2.839564,0.030700,-0.027450,0.014658,0.003142,0.1800,0.000000,0.027450,0.00075350,-0.183000,0.1800,0.000000
1771570985.411685,2.847588,0.008024,-0.027300,0.018694,0.003142,0.1800,0.000000,0.027300,0.00074529,-0.182000,0.1800,0.000000
1771570985.443010,2.878913,0.031325,-0.025950,0.043097,0.002618,0.1500,0.000000,0.025950,0.00067340,-0.173000,0.1500,0.000000
1771570985.453036,2.888939,0.010026,-0.026700,-0.074804,0.002618,0.1500,0.000000,0.026700,0.00071289,-0.178000,0.1500,0.000000
1771570985.484490,2.920393,0.031454,-0.027300,-0.019076,0.003142,0.1800,0.000000,0.027300,0.00074529,-0.182000,0.1800,0.000000
1771570985.492716,2.928619,0.008226,-0.027450,-0.018235,0.003142,0.1800,0.000000,0.027450,0.00075350,-0.183000,0.1800,0.000000
1771570985.523800,2.959703,0.031084,-0.027300,0.004826,0.003142,0.1800,0.000000,0.027300,0.00074529,-0.182000,0.1800,0.000000
1771570985.532026,2.967929,0.008226,-0.024750,0.309987,0.003142,0.1800,0.000000,0.024750,0.00061256,-0.165000,0.1800,0.000000
1771570985.563560,2.999463,0.031534,-0.020400,0.137945,0.002618,0.1500,0.000000,0.020400,0.00041616,-0.136000,0.1500,0.000000
1771570985.572652,3.008555,0.009092,-0.027300,-0.758921,0.002618,0.1500,0.000000,0.027300,0.00074529,-0.182000,0.1500,0.000000
1771570985.603497,3.039400,0.030845,-0.027300,0.000000,0.001920,0.1100,0.000000,0.027300,0.00074529,-0.182000,0.1100,0.000000
1771570985.611467,3.047370,0.007971,-0.027450,-0.018819,0.001920,0.1100,0.000000,0.027450,0.00075350,-0.183000,0.1100,0.000000
1771570985.643654,3.079557,0.032187,-0.026850,0.018641,0.002269,0.1300,0.000000,0.026850,0.00072092,-0.179000,0.1300,0.000000
1771570985.651991,3.087894,0.008337,-0.027450,-0.071968,0.002269,0.1300,0.000000,0.027450,0.00075350,-0.183000,0.1300,0.000000
1771570985.683282,3.119185,0.031291,-0.021150,0.201336,0.002269,0.1300,0.000000,0.021150,0.00044732,-0.141000,0.1300,0.000000
1771570985.692809,3.128712,0.009527,-0.027900,-0.708515,0.002269,0.1300,0.000000,0.027900,0.00077841,-0.186000,0.1300,0.000000
1771570985.723609,3.159512,0.030800,-0.019200,0.282471,0.003142,0.1800,0.000000,0.019200,0.00036864,-0.128000,0.1800,0.000000
1771570985.731938,3.167841,0.008329,-0.019350,-0.018009,0.003142,0.1800,0.000000,0.019350,0.00037442,-0.129000,0.1800,0.000000
1771570985.764522,3.200425,0.032584,-0.027600,-0.253190,0.005061,0.2900,0.000000,0.027600,0.00076176,-0.184000,0.2900,0.000000
1771570985.773405,3.209308,0.008883,-0.027450,0.016887,0.005061,0.2900,0.000000,0.027450,0.00075350,-0.183000,0.2900,0.000000
1771570985.803957,3.239861,0.030553,-0.027900,-0.014729,0.004538,0.2600,0.000000,0.027900,0.00077841,-0.186000,0.2600,0.000000
1771570985.811750,3.247653,0.007792,-0.025950,0.250249,0.004538,0.2600,0.000000,0.025950,0.00067340,-0.173000,0.2600,0.000000
1771570985.843655,3.279558,0.031906,-0.022950,0.094027,0.004538,0.2600,0.000000,0.022950,0.00052670,-0.153000,0.2600,0.000000
1771570985.851983,3.287886,0.008328,-0.027150,-0.504325,0.004538,0.2600,0.000000,0.027150,0.00073712,-0.181000,0.2600,0.000000
1771570985.883279,3.319182,0.031296,-0.027000,0.004793,0.004538,0.2600,0.000000,0.027000,0.00072900,-0.180000,0.2600,0.000000
1771570985.892849,3.328752,0.009570,-0.027450,-0.047024,0.004538,0.2600,0.000000,0.027450,0.00075350,-0.183000,0.2600,0.000000
1771570985.923486,3.359389,0.030637,-0.027600,-0.004896,0.005061,0.2900,0.000000,0.027600,0.00076176,-0.184000,0.2900,0.000000
1771570985.931979,3.367882,0.008493,-0.027900,-0.035322,0.005061,0.2900,0.000000,0.027900,0.00077841,-0.186000,0.2900,0.000000
1771570985.962712,3.398615,0.030733,-0.027900,0.000000,0.012217,0.7000,0.000873,0.027900,0.00077841,-0.186000,0.7000,0.050000
1771570985.972820,3.408723,0.010108,-0.026700,0.118724,0.012217,0.7000,0.000524,0.026700,0.00071289,-0.178000,0.7000,0.030000
1771570986.003581,3.439484,0.030761,-0.027750,-0.034134,0.018850,1.0800,0.000314,0.027750,0.00077006,-0.185000,1.0800,0.018000
1771570986.012000,3.447903,0.008419,-0.025500,0.267267,0.018850,1.0800,0.000192,0.025500,0.00065025,-0.170000,1.0800,0.011000
1771570986.043226,3.479129,0.031226,-0.026850,-0.043233,0.026005,1.4900,0.000122,0.026850,0.00072092,-0.179000,1.4900,0.007000
1771570986.051604,3.487507,0.008378,-0.027000,-0.017903,0.026005,1.4900,0.000070,0.027000,0.00072900,-0.180000,1.4900,0.004000
1771570986.083470,3.519373,0.031866,-0.023400,0.112974,0.027925,1.6000,0.000052,0.023400,0.00054756,-0.156000,1.6000,0.003000
1771570986.091802,3.527705,0.008332,-0.026400,-0.360036,0.027925,1.6000,0.000035,0.026400,0.00069696,-0.176000,1.6000,0.002000
1771570986.124575,3.560478,0.032773,-0.027750,-0.041193,0.031067,1.7800,0.000017,0.027750,0.00077006,-0.185000,1.7800,0.001000
1771570986.132568,3.568471,0.007994,-0.027450,0.037530,0.031067,1.7800,0.000017,0.027450,0.00075350,-0.183000,1.7800,0.001000
1771570986.163730,3.599633,0.031162,-0.027450,0.000000,0.031765,1.8200,0.000000,0.027450,0.00075350,-0.183000,1.8200,0.000000
1771570986.173295,3.609199,0.009566,-0.027750,-0.031362,0.031765,1.8200,0.000000,0.027750,0.00077006,-0.185000,1.8200,0.000000
1771570986.202638,3.638541,0.029343,-0.027750,0.000000,0.031765,1.8200,0.000000,0.027750,0.00077006,-0.185000,1.8200,0.000000
1771570986.212428,3.648331,0.009790,-0.027750,0.000000,0.031765,1.8200,0.000000,0.027750,0.00077006,-0.185000,1.8200,0.000000
1771570986.243902,3.679805,0.031473,-0.027750,0.000000,0.031765,1.8200,0.000000,0.027750,0.00077006,-0.185000,1.8200,0.000000
1771570986.251792,3.687695,0.007890,-0.027750,0.000000,0.031765,1.8200,0.000000,0.027750,0.00077006,-0.185000,1.8200,0.000000
1771570986.284448,3.720351,0.032656,-0.027750,0.000000,0.031765,1.8200,0.000000,0.027750,0.00077006,-0.185000,1.8200,0.000000
1771570986.292664,3.728567,0.008216,-0.027600,0.018257,0.031765,1.8200,0.000000,0.027600,0.00076176,-0.184000,1.8200,0.000000
1771570986.323040,3.758943,0.030376,-0.027450,0.004938,0.031765,1.8200,0.000000,0.027450,0.00075350,-0.183000,1.8200,0.000000
1771570986.331899,3.767802,0.008860,-0.027600,-0.016931,0.031765,1.8200,0.000000,0.027600,0.00076176,-0.184000,1.8200,0.000000
1771570986.364032,3.799935,0.032133,-0.027450,0.004668,0.031765,1.8200,0.000000,0.027450,0.00075350,-0.183000,1.8200,0.000000
1771570986.372062,3.807965,0.008029,-0.027450,0.000000,0.031765,1.8200,0.000000,0.027450,0.00075350,-0.183000,1.8200,0.000000
1771570986.402694,3.838598,0.030633,-0.027600,-0.004897,0.031765,1.8200,0.000000,0.027600,0.00076176,-0.184000,1.8200,0.000000
1771570986.412635,3.848538,0.009940,-0.026550,0.105632,0.031765,1.8200,0.000000,0.026550,0.00070490,-0.177000,1.8200,0.000000
1771570986.443767,3.879670,0.031132,-0.027150,-0.019273,0.031765,1.8200,0.000000,0.027150,0.00073712,-0.181000,1.8200,0.000000
1771570986.452210,3.888113,0.008443,-0.027000,0.017765,0.031765,1.8200,0.000000,0.027000,0.00072900,-0.180000,1.8200,0.000000
1771570986.482860,3.918763,0.030650,-0.027150,-0.004894,0.032289,1.8500,0.000000,0.027150,0.00073712,-0.181000,1.8500,0.000000
1771570986.492613,3.928516,0.009753,-0.026550,0.061521,0.032289,1.8500,0.000000,0.026550,0.00070490,-0.177000,1.8500,0.000000
1771570986.523359,3.959262,0.030746,-0.025200,0.043908,0.032289,1.8500,0.000000,0.025200,0.00063504,-0.168000,1.8500,0.000000
1771570986.531934,3.967838,0.008575,-0.023400,0.209908,0.032289,1.8500,0.000000,0.023400,0.00054756,-0.156000,1.8500,0.000000
1771570986.564772,4.000675,0.032837,-0.025950,-0.077655,0.031765,1.8200,0.000000,0.025950,0.00067340,-0.173000,1.8200,0.000000
1771570986.572802,4.008705,0.008030,-0.026100,-0.018679,0.031765,1.8200,0.000000,0.026100,0.00068121,-0.174000,1.8200,0.000000
1771570986.604012,4.039915,0.031209,-0.025650,0.014419,0.032289,1.8500,0.000000,0.025650,0.00065792,-0.171000,1.8500,0.000000
1771570986.612289,4.048193,0.008278,-0.019800,0.706722,0.032289,1.8500,0.000000,0.019800,0.00039204,-0.132000,1.8500,0.000000
1771570986.643244,4.079147,0.030955,-0.025350,-0.179293,0.031765,1.8200,0.000000,0.025350,0.00064262,-0.169000,1.8200,0.000000
1771570986.651735,4.087638,0.008491,-0.021900,0.406334,0.031765,1.8200,0.000000,0.021900,0.00047961,-0.146000,1.8200,0.000000
1771570986.683876,4.119779,0.032141,-0.020250,0.051337,0.031765,1.8200,0.000000,0.020250,0.00041006,-0.135000,1.8200,0.000000
1771570986.692005,4.127908,0.008129,-0.022200,-0.239871,0.031765,1.8200,0.000000,0.022200,0.00049284,-0.148000,1.8200,0.000000
1771570986.722816,4.158719,0.030811,-0.018150,0.131448,0.031765,1.8200,0.000000,0.018150,0.00032942,-0.121000,1.8200,0.000000
1771570986.732427,4.168330,0.009611,-0.021900,-0.390173,0.031765,1.8200,0.000000,0.021900,0.00047961,-0.146000,1.8200,0.000000
1771570986.764789,4.200692,0.032363,-0.021450,0.013905,0.031765,1.8200,0.000000,0.021450,0.00046010,-0.143000,1.8200,0.000000
1771570986.771387,4.207290,0.006598,-0.020700,0.113671,0.031765,1.8200,0.000000,0.020700,0.00042849,-0.138000,1.8200,0.000000
1771570986.803782,4.239685,0.032395,-0.019800,0.027782,0.032289,1.8500,0.000000,0.019800,0.00039204,-0.132000,1.8500,0.000000
1771570986.812019,4.247922,0.008237,-0.019350,0.054631,0.032289,1.8500,0.000000,0.019350,0.00037442,-0.129000,1.8500,0.000000
1771570986.844092,4.279995,0.032073,-0.016500,0.088860,0.031765,1.8200,0.000000,0.016500,0.00027225,-0.110000,1.8200,0.000000
1771570986.852579,4.288482,0.008487,-0.016350,0.017675,0.031765,1.8200,0.000000,0.016350,0.00026732,-0.109000,1.8200,0.000000
1771570986.883080,4.318983,0.030501,-0.016500,-0.004918,0.031765,1.8200,0.000000,0.016500,0.00027225,-0.110000,1.8200,0.000000
1771570986.891328,4.327231,0.008248,-0.016050,0.054557,0.031765,1.8200,0.000000,0.016050,0.00025760,-0.107000,1.8200,0.000000
1771570986.922648,4.358551,0.031320,-0.015300,0.023947,0.031765,1.8200,0.000000,0.015300,0.00023409,-0.102000,1.8200,0.000000
1771570986.932512,4.368415,0.009864,-0.013200,0.212899,0.031765,1.8200,0.000000,0.013200,0.00017424,-0.088000,1.8200,0.000000
1771570986.964277,4.400180,0.031765,-0.013200,0.000000,0.031765,1.8200,0.000000,0.013200,0.00017424,-0.088000,1.8200,0.000000
1771570986.973922,4.409825,0.009645,-0.012450,0.077763,0.031765,1.8200,0.000000,0.012450,0.00015500,-0.083000,1.8200,0.000000
1771570987.002788,4.438691,0.028866,-0.011550,0.031179,0.029147,1.6700,0.000000,0.011550,0.00013340,-0.077000,1.6700,0.000000
1771570987.012710,4.448613,0.009923,-0.010650,0.090701,0.029147,1.6700,-0.000628,0.010650,0.00011342,-0.071000,1.6700,-0.036000
1771570987.043553,4.479456,0.030843,-0.009150,0.048633,0.021817,1.2500,-0.000384,0.009150,0.00008372,-0.061000,1.2500,-0.022000
1771570987.051777,4.487680,0.008224,-0.008250,0.109439,0.021817,1.2500,-0.000227,0.008250,0.00006806,-0.055000,1.2500,-0.013000
1771570987.084729,4.520632,0.032952,-0.005100,0.095593,0.008029,0.4600,-0.000977,0.005100,0.00002601,-0.034000,0.4600,-0.056000
1771570987.092754,4.528657,0.008025,-0.006750,-0.205615,0.008029,0.4600,-0.000593,0.006750,0.00004556,-0.045000,0.4600,-0.034000
1771570987.123895,4.559798,0.031142,-0.006150,0.019267,-0.008029,-0.4600,-0.000367,0.006150,0.00003782,-0.041000,-0.4600,-0.021000
1771570987.132288,4.568192,0.008393,-0.003150,0.357439,-0.008029,-0.4600,-0.000227,0.003150,0.00000992,-0.021000,-0.4600,-0.013000
1771570987.164699,4.600602,0.032411,-0.004950,-0.055537,-0.027227,-1.5600,-0.000890,0.004950,0.00002450,-0.033000,-1.5600,-0.051000
1771570987.172748,4.608651,0.008049,-0.001800,0.391352,-0.027227,-1.5600,-0.000541,0.001800,0.00000324,-0.012000,-1.5600,-0.031000
1771570987.203158,4.639061,0.030410,-0.003150,-0.044394,-0.042586,-2.4400,-0.000332,0.003150,0.00000992,-0.021000,-2.4400,-0.019000
1771570987.212610,4.648513,0.009452,-0.002550,0.063480,-0.042586,-2.4400,-0.000192,0.002550,0.00000650,-0.017000,-2.4400,-0.011000
1771570987.243917,4.679820,0.031307,-0.002400,0.004791,-0.042935,-2.4600,-0.000122,0.002400,0.00000576,-0.016000,-2.4600,-0.007000
1771570987.252658,4.688561,0.008741,-0.001800,0.068639,-0.042935,-2.4600,-0.000070,0.001800,0.00000324,-0.012000,-2.4600,-0.004000
1771570987.283674,4.719577,0.031016,-0.001800,0.000000,-0.037176,-2.1300,-0.000052,0.001800,0.00000324,-0.012000,-2.1300,-0.003000
1771570987.292109,4.728012,0.008435,-0.001650,0.017784,-0.037176,-2.1300,-0.000035,0.001650,0.00000272,-0.011000,-2.1300,-0.002000
1771570987.323672,4.759575,0.031564,-0.000900,0.023761,-0.030369,-1.7400,-0.000017,0.000900,0.00000081,-0.006000,-1.7400,-0.001000
1771570987.332083,4.767986,0.008410,-0.000750,0.017835,-0.027227,-1.5600,-0.000017,0.000750,0.00000056,-0.005000,-1.5600,-0.001000
1771570987.364726,4.800629,0.032644,-0.001500,-0.022975,-0.026878,-1.5400,-0.000000,0.001500,0.00000225,-0.010000,-1.5400,-0.000000
1771570987.372909,4.808812,0.008183,-0.001200,0.036663,-0.026878,-1.5400,-0.000000,0.001200,0.00000144,-0.008000,-1.5400,-0.000000
1771570987.403374,4.839278,0.030466,-0.001350,-0.004924,-0.027227,-1.5600,-0.000000,0.001350,0.00000182,-0.009000,-1.5600,-0.000000
1771570987.411623,4.847527,0.008249,-0.001500,-0.018184,-0.027227,-1.5600,-0.000000,0.001500,0.00000225,-0.010000,-1.5600,-0.000000
1771570987.445006,4.880909,0.033383,-0.001500,0.000000,-0.027227,-1.5600,-0.000000,0.001500,0.00000225,-0.010000,-1.5600,-0.000000
1771570987.451818,4.887721,0.006812,-0.001500,0.000000,-0.027227,-1.5600,-0.000000,0.001500,0.00000225,-0.010000,-1.5600,-0.000000
1771570987.483646,4.919549,0.031828,-0.001350,0.004713,-0.026878,-1.5400,0.000681,0.001350,0.00000182,-0.009000,-1.5400,0.039000
1771570987.491943,4.927846,0.008297,-0.001500,-0.018079,-0.026878,-1.5400,0.000419,0.001500,0.00000225,-0.010000,-1.5400,0.024000
1771570987.523541,4.959444,0.031598,-0.001800,-0.009494,-0.023038,-1.3200,0.000244,0.001800,0.00000324,-0.012000,-1.3200,0.014000
1771570987.532002,4.967905,0.008461,-0.001800,0.000000,-0.023038,-1.3200,0.000157,0.001800,0.00000324,-0.012000,-1.3200,0.009000
1771570987.562961,4.998864,0.030960,-0.001650,0.004845,-0.021468,-1.2300,0.000087,0.001650,0.00000272,-0.011000,-1.2300,0.005000
1771570987.572264,5.008167,0.009303,-0.001800,-0.016124,-0.021468,-1.2300,0.000052,0.001800,0.00000324,-0.012000,-1.2300,0.003000
1771570987.603029,5.038933,0.030765,-0.002100,-0.009751,-0.021468,-1.2300,0.000035,0.002100,0.00000441,-0.014000,-1.2300,0.002000
1771570987.611386,5.047289,0.008357,-0.002250,-0.017949,-0.021468,-1.2300,0.000017,0.002250,0.00000506,-0.015000,-1.2300,0.001000
1771570987.643480,5.079383,0.032094,-0.002250,0.000000,-0.021468,-1.2300,0.000017,0.002250,0.00000506,-0.015000,-1.2300,0.001000
1771570987.652005,5.087908,0.008525,-0.000600,0.193556,-0.021468,-1.2300,0.000000,0.000600,0.00000036,-0.004000,-1.2300,0.000000
1771570987.683618,5.119521,0.031613,-0.003000,-0.075918,-0.021468,-1.2300,0.000000,0.003000,0.00000900,-0.020000,-1.2300,0.000000
1771570987.692532,5.128435,0.008914,-0.003600,-0.067306,-0.021468,-1.2300,0.000000,0.003600,0.00001296,-0.024000,-1.2300,0.000000
1771570987.723936,5.159839,0.031404,-0.003300,0.009553,-0.021468,-1.2300,0.000000,0.003300,0.00001089,-0.022000,-1.2300,0.000000
1771570987.732809,5.168712,0.008873,-0.003150,0.016906,-0.021468,-1.2300,0.000000,0.003150,0.00000992,-0.021000,-1.2300,0.000000
1771570987.763118,5.199021,0.030309,-0.002550,0.019796,-0.021468,-1.2300,0.000000,0.002550,0.00000650,-0.017000,-1.2300,0.000000
1771570987.771396,5.207299,0.008278,-0.003900,-0.163080,-0.021468,-1.2300,0.000000,0.003900,0.00001521,-0.026000,-1.2300,0.000000
1771570987.803299,5.239202,0.031903,-0.001800,0.065825,-0.021468,-1.2300,0.000000,0.001800,0.00000324,-0.012000,-1.2300,0.000000
1771570987.811746,5.247649,0.008448,-0.004950,-0.372885,-0.021468,-1.2300,0.000000,0.004950,0.00002450,-0.033000,-1.2300,0.000000
1771570987.843722,5.279625,0.031976,-0.005550,-0.018764,-0.019897,-1.1400,0.000000,0.005550,0.00003080,-0.037000,-1.1400,0.000000
1771570987.852563,5.288466,0.008842,-0.003300,0.254481,-0.019897,-1.1400,0.000000,0.003300,0.00001089,-0.022000,-1.1400,0.000000
1771570987.883348,5.319252,0.030785,-0.006150,-0.092577,-0.017977,-1.0300,0.000000,0.006150,0.00003782,-0.041000,-1.0300,0.000000
1771570987.891423,5.327326,0.008074,-0.006750,-0.074310,-0.017977,-1.0300,0.000000,0.006750,0.00004556,-0.045000,-1.0300,0.000000
1771570987.923616,5.359519,0.032193,-0.006300,0.013978,-0.017977,-1.0300,0.000000,0.006300,0.00003969,-0.042000,-1.0300,0.000000
1771570987.932557,5.368460,0.008941,-0.007050,-0.083886,-0.017977,-1.0300,0.000000,0.007050,0.00004970,-0.047000,-1.0300,0.000000
1771570987.964642,5.400545,0.032086,-0.003900,0.098175,-0.017977,-1.0300,0.000000,0.003900,0.00001521,-0.026000,-1.0300,0.000000
1771570987.971647,5.407550,0.007005,-0.009150,-0.749467,-0.017977,-1.0300,0.000000,0.009150,0.00008372,-0.061000,-1.0300,0.000000
1771570988.003904,5.439807,0.032257,-0.009300,-0.004650,-0.017628,-1.0100,0.000000,0.009300,0.00008649,-0.062000,-1.0100,0.000000
1771570988.012609,5.448512,0.008705,-0.007350,0.224012,-0.017628,-1.0100,0.000000,0.007350,0.00005402,-0.049000,-1.0100,0.000000
1771570988.042839,5.478742,0.030230,-0.008550,-0.039696,-0.017628,-1.0100,0.000000,0.008550,0.00007310,-0.057000,-1.0100,0.000000
1771570988.052520,5.488423,0.009681,-0.011100,-0.263390,-0.017628,-1.0100,0.000000,0.011100,0.00012321,-0.074000,-1.0100,0.000000
1771570988.083225,5.519128,0.030705,-0.010950,0.004885,-0.015010,-0.8600,0.000000,0.010950,0.00011990,-0.073000,-0.8600,0.000000
1771570988.092837,5.528740,0.009612,-0.011550,-0.062420,-0.015010,-0.8600,0.000000,0.011550,0.00013340,-0.077000,-0.8600,0.000000
1771570988.124410,5.560313,0.031573,-0.011850,-0.009502,-0.012217,-0.7000,0.000785,0.011850,0.00014042,-0.079000,-0.7000,0.045000
1771570988.132613,5.568516,0.008203,-0.011100,0.091427,-0.012217,-0.7000,0.000489,0.011100,0.00012321,-0.074000,-0.7000,0.028000
1771570988.162896,5.598799,0.030282,-0.012900,-0.059441,-0.000698,-0.0400,0.000297,0.012900,0.00016641,-0.086000,-0.0400,0.017000
1771570988.171805,5.607708,0.008909,-0.014100,-0.134688,-0.000698,-0.0400,0.000175,0.014100,0.00019881,-0.094000,-0.0400,0.010000
1771570988.204024,5.639927,0.032219,-0.015150,-0.032589,0.006981,0.4000,0.000105,0.015150,0.00022952,-0.101000,0.4000,0.006000
1771570988.212481,5.648384,0.008456,-0.015600,-0.053215,0.006981,0.4000,0.000768,0.015600,0.00024336,-0.104000,0.4000,0.044000
1771570988.243940,5.679843,0.031460,-0.016200,-0.019072,0.021817,1.2500,0.000471,0.016200,0.00026244,-0.108000,1.2500,0.027000
1771570988.252356,5.688259,0.008416,-0.016200,0.000000,0.021817,1.2500,0.000279,0.016200,0.00026244,-0.108000,1.2500,0.016000
1771570988.282767,5.718670,0.030411,-0.015900,0.009865,0.031765,1.8200,0.000175,0.015900,0.00025281,-0.106000,1.8200,0.010000
1771570988.292742,5.728645,0.009975,-0.015900,0.000000,0.031765,1.8200,0.000105,0.015900,0.00025281,-0.106000,1.8200,0.006000
1771570988.322490,5.758394,0.029749,-0.016650,-0.025211,0.032289,1.8500,0.000070,0.016650,0.00027722,-0.111000,1.8500,0.004000
1771570988.333034,5.768937,0.010543,-0.016350,0.028455,0.032289,1.8500,0.000035,0.016350,0.00026732,-0.109000,1.8500,0.002000
1771570988.364214,5.800117,0.031181,-0.017400,-0.033675,0.032638,1.8700,0.000017,0.017400,0.00030276,-0.116000,1.8700,0.001000
1771570988.373001,5.808904,0.008787,-0.018450,-0.119499,0.032638,1.8700,0.000017,0.018450,0.00034040,-0.123000,1.8700,0.001000
1771570988.403594,5.839497,0.030593,-0.019350,-0.029418,0.032289,1.8500,0.000000,0.019350,0.00037442,-0.129000,1.8500,0.000000
1771570988.412420,5.848323,0.008826,-0.019350,0.000000,0.032289,1.8500,0.000000,0.019350,0.00037442,-0.129000,1.8500,0.000000
1771570988.442920,5.878823,0.030500,-0.019350,0.000000,0.035605,2.0400,0.000000,0.019350,0.00037442,-0.129000,2.0400,0.000000
1771570988.451124,5.887027,0.008204,-0.018600,0.091419,0.035605,2.0400,0.000000,0.018600,0.00034596,-0.124000,2.0400,0.000000
1771570988.483147,5.919050,0.032023,-0.019200,-0.018737,0.035256,2.0200,0.000000,0.019200,0.00036864,-0.128000,2.0200,0.000000
1771570988.491563,5.927466,0.008416,-0.019050,0.017824,0.035256,2.0200,0.000000,0.019050,0.00036290,-0.127000,2.0200,0.000000
1771570988.524040,5.959943,0.032477,-0.018600,0.013856,0.035256,2.0200,0.000000,0.018600,0.00034596,-0.124000,2.0200,0.000000
1771570988.532007,5.967910,0.007967,-0.017250,0.169444,0.035256,2.0200,0.000000,0.017250,0.00029756,-0.115000,2.0200,0.000000
1771570988.565428,6.001332,0.033422,-0.016350,0.026929,0.035256,2.0200,0.000000,0.016350,0.00026732,-0.109000,2.0200,0.000000
1771570988.572011,6.007914,0.006583,-0.016350,0.000000,0.035256,2.0200,0.000000,0.016350,0.00026732,-0.109000,2.0200,0.000000
1771570988.603730,6.039633,0.031719,-0.016650,-0.009458,0.035256,2.0200,0.000000,0.016650,0.00027722,-0.111000,2.0200,0.000000
1771570988.611590,6.047493,0.007860,-0.016500,0.019084,0.035256,2.0200,0.000000,0.016500,0.00027225,-0.110000,2.0200,0.000000
1771570988.644000,6.079903,0.032410,-0.016050,0.013885,0.035256,2.0200,0.000000,0.016050,0.00025760,-0.107000,2.0200,0.000000
1771570988.652249,6.088152,0.008249,-0.016500,-0.054553,0.035256,2.0200,0.000000,0.016500,0.00027225,-0.110000,2.0200,0.000000
1771570988.683137,6.119040,0.030889,-0.016350,0.004856,0.035256,2.0200,0.000000,0.016350,0.00026732,-0.109000,2.0200,0.000000
1771570988.691444,6.127347,0.008307,-0.016650,-0.036115,0.035256,2.0200,0.000000,0.016650,0.00027722,-0.111000,2.0200,0.000000
1771570988.723207,6.159110,0.031763,-0.016650,0.000000,0.035256,2.0200,0.000000,0.016650,0.00027722,-0.111000,2.0200,0.000000
1771570988.733210,6.169113,0.010003,-0.016500,0.014996,0.035256,2.0200,0.000000,0.016500,0.00027225,-0.110000,2.0200,0.000000
1771570988.762908,6.198811,0.029697,-0.015300,0.040408,0.035256,2.0200,0.000000,0.015300,0.00023409,-0.102000,2.0200,0.000000
1771570988.772742,6.208645,0.009834,-0.016200,-0.091517,0.035256,2.0200,0.000000,0.016200,0.00026244,-0.108000,2.0200,0.000000
1771570988.803162,6.239065,0.030420,-0.016050,0.004931,0.035256,2.0200,0.000000,0.016050,0.00025760,-0.107000,2.0200,0.000000
1771570988.811556,6.247459,0.008394,-0.015750,0.035740,0.035256,2.0200,0.000000,0.015750,0.00024806,-0.105000,2.0200,0.000000
1771570988.842893,6.278796,0.031337,-0.014400,0.043081,0.035256,2.0200,0.000000,0.014400,0.00020736,-0.096000,2.0200,0.000000
1771570988.851496,6.287400,0.008604,-0.013800,0.069737,0.035256,2.0200,0.000000,0.013800,0.00019044,-0.092000,2.0200,0.000000
1771570988.882773,6.318676,0.031276,-0.013650,0.004796,0.035256,2.0200,0.000000,0.013650,0.00018632,-0.091000,2.0200,0.000000
1771570988.892598,6.328501,0.009825,-0.013350,0.030535,0.035256,2.0200,0.000000,0.013350,0.00017822,-0.089000,2.0200,0.000000
1771570988.922883,6.358786,0.030285,-0.012300,0.034670,0.035256,2.0200,0.000000,0.012300,0.00015129,-0.082000,2.0200,0.000000
1771570988.932751,6.368654,0.009868,-0.011700,0.060805,0.035256,2.0200,0.000000,0.011700,0.00013689,-0.078000,2.0200,0.000000
1771570988.963303,6.399206,0.030553,-0.011400,0.009819,0.034558,1.9800,0.000000,0.011400,0.00012996,-0.076000,1.9800,0.000000
1771570988.971582,6.407485,0.008278,-0.009750,0.199315,0.034558,1.9800,0.000000,0.009750,0.00009506,-0.065000,1.9800,0.000000
1771570989.002936,6.438839,0.031354,-0.007650,0.066977,0.034907,2.0000,0.000000,0.007650,0.00005852,-0.051000,2.0000,0.000000
1771570989.012287,6.448190,0.009351,-0.008400,-0.080203,0.034907,2.0000,0.000000,0.008400,0.00007056,-0.056000,2.0000,0.000000
1771570989.043929,6.479832,0.031642,-0.009000,-0.018962,0.034907,2.0000,0.000000,0.009000,0.00008100,-0.060000,2.0000,0.000000
1771570989.052099,6.488002,0.008169,-0.006750,0.275418,0.034907,2.0000,0.000000,0.006750,0.00004556,-0.045000,2.0000,0.000000
1771570989.084231,6.520134,0.032133,-0.006300,0.014004,0.032987,1.8900,-0.000785,0.006300,0.00003969,-0.042000,1.8900,-0.045000
1771570989.091214,6.527117,0.006983,-0.002700,0.515552,0.032987,1.8900,-0.000471,0.002700,0.00000729,-0.018000,1.8900,-0.027000
1771570989.122982,6.558885,0.031767,-0.004200,-0.047218,0.019199,1.1000,-0.000297,0.004200,0.00001764,-0.028000,1.1000,-0.017000
1771570989.131316,6.567219,0.008335,-0.004500,-0.035994,0.019199,1.1000,-0.000175,0.004500,0.00002025,-0.030000,1.1000,-0.010000
1771570989.162905,6.598808,0.031589,-0.003600,0.028491,0.008029,0.4600,-0.000105,0.003600,0.00001296,-0.024000,0.4600,-0.006000
1771570989.171777,6.607680,0.008872,-0.001050,0.287428,0.008029,0.4600,-0.000070,0.001050,0.00000110,-0.007000,0.4600,-0.004000
1771570989.203338,6.639241,0.031561,-0.001200,-0.004753,0.008901,0.5100,-0.000035,0.001200,0.00000144,-0.008000,0.5100,-0.002000
1771570989.211523,6.647426,0.008185,-0.000900,0.036654,0.008901,0.5100,-0.000017,0.000900,0.00000081,-0.006000,0.5100,-0.001000
1771570989.243265,6.679168,0.031743,0.000600,0.047255,0.012217,0.7000,-0.000017,0.000600,0.00000036,0.004000,0.7000,-0.001000
1771570989.251844,6.687747,0.008579,0.001350,0.087427,0.012217,0.7000,-0.000017,0.001350,0.00000182,0.009000,0.7000,-0.001000
1771570989.283185,6.719088,0.031341,0.003750,0.076578,0.013439,0.7700,-0.000000,0.003750,0.00001406,0.025000,0.7700,-0.000000
1771570989.293087,6.728990,0.009902,0.004650,0.090889,0.013439,0.7700,-0.000000,0.004650,0.00002162,0.031000,0.7700,-0.000000
1771570989.323818,6.759721,0.030731,0.006150,0.048810,0.012741,0.7300,-0.000000,0.006150,0.00003782,0.041000,0.7300,-0.000000
1771570989.332417,6.768320,0.008599,0.008700,0.296545,0.012741,0.7300,-0.000890,0.008700,0.00007569,0.058000,0.7300,-0.051000
1771570989.363584,6.799487,0.031167,0.007350,-0.043315,0.008378,0.4800,-0.000541,0.007350,0.00005402,0.049000,0.4800,-0.031000
1771570989.372883,6.808786,0.009298,0.009750,0.258111,0.008378,0.4800,-0.000332,0.009750,0.00009506,0.065000,0.4800,-0.019000
1771570989.403594,6.839498,0.030712,0.009900,0.004884,-0.008029,-0.4600,-0.000209,0.009900,0.00009801,0.066000,-0.4600,-0.012000
1771570989.412445,6.848348,0.008850,0.011400,0.169485,-0.008029,-0.4600,-0.000995,0.011400,0.00012996,0.076000,-0.4600,-0.057000
1771570989.443106,6.879009,0.030662,0.013200,0.058705,-0.038746,-2.2200,-0.000593,0.013200,0.00017424,0.088000,-2.2200,-0.034000
1771570989.451997,6.887900,0.008891,0.015900,0.303691,-0.038746,-2.2200,-0.000367,0.015900,0.00025281,0.106000,-2.2200,-0.021000
1771570989.483932,6.919836,0.031935,0.015750,-0.004697,-0.052185,-2.9900,-0.000227,0.015750,0.00024806,0.105000,-2.9900,-0.013000
1771570989.492295,6.928198,0.008363,0.017100,0.161430,-0.052185,-2.9900,-0.000140,0.017100,0.00029241,0.114000,-2.9900,-0.008000
1771570989.523732,6.959635,0.031437,0.019200,0.066800,-0.046077,-2.6400,-0.000087,0.019200,0.00036864,0.128000,-2.6400,-0.005000
1771570989.532222,6.968125,0.008490,0.017100,-0.247361,-0.046077,-2.6400,-0.000052,0.017100,0.00029241,0.114000,-2.6400,-0.003000
1771570989.562674,6.998577,0.030452,0.017850,0.024629,-0.038397,-2.2000,-0.000035,0.017850,0.00031862,0.119000,-2.2000,-0.002000
1771570989.572266,7.008169,0.009591,0.018150,0.031278,-0.038397,-2.2000,-0.000017,0.018150,0.00032942,0.121000,-2.2000,-0.001000
1771570989.602837,7.038740,0.030571,0.019050,0.029439,-0.038746,-2.2200,-0.000017,0.019050,0.00036290,0.127000,-2.2200,-0.001000
1771570989.611256,7.047159,0.008419,0.018900,-0.017818,-0.038746,-2.2200,-0.000000,0.018900,0.00035721,0.126000,-2.2200,-0.000000
1771570989.642792,7.078695,0.031536,0.018750,-0.004756,-0.038746,-2.2200,-0.000000,0.018750,0.00035156,0.125000,-2.2200,-0.000000
1771570989.653267,7.089170,0.010475,0.018600,-0.014319,-0.038746,-2.2200,-0.000000,0.018600,0.00034596,0.124000,-2.2200,-0.000000
1771570989.684351,7.120254,0.031084,0.019200,0.019303,-0.036826,-2.1100,-0.000000,0.019200,0.00036864,0.128000,-2.1100,-0.000000
1771570989.692547,7.128450,0.008196,0.018750,-0.054904,-0.036826,-2.1100,-0.000000,0.018750,0.00035156,0.125000,-2.1100,-0.000000
1771570989.724218,7.160121,0.031672,0.018600,-0.004736,-0.036826,-2.1100,-0.000000,0.018600,0.00034596,0.124000,-2.1100,-0.000000
1771570989.732230,7.168133,0.008012,0.020550,0.243398,-0.036826,-2.1100,-0.000000,0.020550,0.00042230,0.137000,-2.1100,-0.000000
1771570989.764519,7.200422,0.032289,0.019500,-0.032519,-0.031416,-1.8000,-0.000000,0.019500,0.00038025,0.130000,-1.8000,-0.000000
1771570989.771010,7.206913,0.006491,0.017850,-0.254182,-0.031416,-1.8000,-0.000000,0.017850,0.00031862,0.119000,-1.8000,-0.000000
1771570989.802874,7.238777,0.031863,0.017100,-0.023538,-0.031765,-1.8200,-0.000000,0.017100,0.00029241,0.114000,-1.8200,-0.000000
1771570989.811222,7.247125,0.008348,0.017550,0.053905,-0.031765,-1.8200,-0.000000,0.017550,0.00030800,0.117000,-1.8200,-0.000000
1771570989.843520,7.279423,0.032298,0.017100,-0.013933,-0.031067,-1.7800,-0.000000,0.017100,0.00029241,0.114000,-1.7800,-0.000000
1771570989.851047,7.286950,0.007527,0.016350,-0.099643,-0.031067,-1.7800,-0.000000,0.016350,0.00026732,0.109000,-1.7800,-0.000000
1771570989.883803,7.319706,0.032756,0.015900,-0.013738,-0.030718,-1.7600,-0.000000,0.015900,0.00025281,0.106000,-1.7600,-0.000000
1771570989.891905,7.327808,0.008102,0.015450,-0.055539,-0.030718,-1.7600,-0.000000,0.015450,0.00023870,0.103000,-1.7600,-0.000000
1771570989.923648,7.359551,0.031742,0.015450,0.000000,-0.027925,-1.6000,-0.000000,0.015450,0.00023870,0.103000,-1.6000,-0.000000
1771570989.932101,7.368004,0.008453,0.016050,0.070982,-0.027925,-1.6000,-0.000000,0.016050,0.00025760,0.107000,-1.6000,-0.000000
1771570989.964907,7.400810,0.032807,0.013200,-0.086872,-0.027576,-1.5800,-0.000000,0.013200,0.00017424,0.088000,-1.5800,-0.000000
1771570989.971533,7.407436,0.006626,0.013500,0.045279,-0.027576,-1.5800,-0.000000,0.013500,0.00018225,0.090000,-1.5800,-0.000000
1771570990.003223,7.439126,0.031690,0.011400,-0.066268,-0.027227,-1.5600,-0.000000,0.011400,0.00012996,0.076000,-1.5600,-0.000000
1771570990.011120,7.447023,0.007897,0.011550,0.018994,-0.027227,-1.5600,-0.000000,0.011550,0.00013340,0.077000,-1.5600,-0.000000
1771570990.043394,7.479297,0.032274,0.009900,-0.051125,-0.026005,-1.4900,-0.000000,0.009900,0.00009801,0.066000,-1.4900,-0.000000
1771570990.051838,7.487741,0.008445,0.008850,-0.124337,-0.026005,-1.4900,-0.000000,0.008850,0.00007832,0.059000,-1.4900,-0.000000
1771570990.084218,7.520121,0.032380,0.008250,-0.018530,-0.023387,-1.3400,-0.000000,0.008250,0.00006806,0.055000,-1.3400,-0.000000
1771570990.092147,7.528050,0.007929,0.007200,-0.132428,-0.023387,-1.3400,0.000733,0.007200,0.00005184,0.048000,-1.3400,0.042000
1771570990.123055,7.558958,0.030908,0.006750,-0.014560,-0.022166,-1.2700,0.000436,0.006750,0.00004556,0.045000,-1.2700,0.025000
1771570990.131552,7.567455,0.008497,0.006600,-0.017654,-0.022166,-1.2700,0.000262,0.006600,0.00004356,0.044000,-1.2700,0.015000
1771570990.163296,7.599200,0.031745,0.005250,-0.042526,-0.021817,-1.2500,0.000157,0.005250,0.00002756,0.035000,-1.2500,0.009000
1771570990.171780,7.607683,0.008483,0.003600,-0.194503,-0.021817,-1.2500,0.000105,0.003600,0.00001296,0.024000,-1.2500,0.006000
1771570990.203752,7.639655,0.031972,0.005700,0.065682,-0.018326,-1.0500,0.000052,0.005700,0.00003249,0.038000,-1.0500,0.003000
1771570990.212202,7.648105,0.008450,0.001650,-0.479302,-0.018326,-1.0500,0.000035,0.001650,0.00000272,0.011000,-1.0500,0.002000
1771570990.243481,7.679384,0.031279,0.002700,0.033568,-0.014486,-0.8300,0.000017,0.002700,0.00000729,0.018000,-0.8300,0.001000
1771570990.251626,7.687529,0.008145,0.000750,-0.239422,-0.014486,-0.8300,0.000017,0.000750,0.00000056,0.005000,-0.8300,0.001000
1771570990.283271,7.719174,0.031645,-0.000900,-0.052141,-0.011868,-0.6800,0.000000,0.000900,0.00000081,-0.006000,-0.6800,0.000000
1771570990.291429,7.727332,0.008158,-0.001650,-0.091929,-0.011868,-0.6800,0.000000,0.001650,0.00000272,-0.011000,-0.6800,0.000000
1771570990.323848,7.759752,0.032419,-0.002100,-0.013881,-0.011868,-0.6800,0.000000,0.002100,0.00000441,-0.014000,-0.6800,0.000000
1771570990.332322,7.768225,0.008473,-0.003450,-0.159327,-0.011868,-0.6800,0.000000,0.003450,0.00001190,-0.023000,-0.6800,0.000000
1771570990.364467,7.800370,0.032146,-0.003150,0.009332,-0.011170,-0.6400,0.000000,0.003150,0.00000992,-0.021000,-0.6400,0.000000
1771570990.372507,7.808410,0.008039,-0.004050,-0.111948,-0.011170,-0.6400,0.000000,0.004050,0.00001640,-0.027000,-0.6400,0.000000
1771570990.403049,7.838953,0.030543,-0.004200,-0.004911,-0.010297,-0.5900,0.000000,0.004200,0.00001764,-0.028000,-0.5900,0.000000
1771570990.412424,7.848327,0.009374,-0.004200,0.000000,-0.010297,-0.5900,0.000000,0.004200,0.00001764,-0.028000,-0.5900,0.000000
1771570990.442732,7.878635,0.030309,-0.006000,-0.059389,-0.010297,-0.5900,0.000000,0.006000,0.00003600,-0.040000,-0.5900,0.000000
1771570990.452458,7.888361,0.009726,-0.005850,0.015423,-0.010297,-0.5900,0.000000,0.005850,0.00003422,-0.039000,-0.5900,0.000000
1771570990.483428,7.919331,0.030969,-0.007200,-0.043592,-0.010821,-0.6200,0.000000,0.007200,0.00005184,-0.048000,-0.6200,0.000000
1771570990.491773,7.927676,0.008345,-0.008850,-0.197715,-0.010821,-0.6200,0.000000,0.008850,0.00007832,-0.059000,-0.6200,0.000000
1771570990.523134,7.959037,0.031361,-0.007950,0.028698,-0.010821,-0.6200,0.000000,0.007950,0.00006320,-0.053000,-0.6200,0.000000
1771570990.532518,7.968421,0.009384,-0.008550,-0.063939,-0.010821,-0.6200,0.000000,0.008550,0.00007310,-0.057000,-0.6200,0.000000
1771570990.563329,7.999232,0.030810,-0.011100,-0.082764,-0.010821,-0.6200,0.000000,0.011100,0.00012321,-0.074000,-0.6200,0.000000
1771570990.571828,8.007731,0.008500,-0.010950,0.017647,-0.010821,-0.6200,0.000000,0.010950,0.00011990,-0.073000,-0.6200,0.000000
1771570990.602533,8.038436,0.030705,-0.012300,-0.043967,-0.010821,-0.6200,0.000977,0.012300,0.00015129,-0.082000,-0.6200,0.056000
1771570990.612931,8.048835,0.010398,-0.011700,0.057701,-0.010821,-0.6200,0.000593,0.011700,0.00013689,-0.078000,-0.6200,0.034000
1771570990.643775,8.079678,0.030843,-0.012750,-0.034043,0.003491,0.2000,0.000367,0.012750,0.00016256,-0.085000,0.2000,0.021000
1771570990.652141,8.088044,0.008366,-0.014700,-0.233077,0.011170,0.6400,0.000227,0.014700,0.00021609,-0.098000,0.6400,0.013000
1771570990.684300,8.120203,0.032158,-0.015600,-0.027986,0.015359,0.8800,0.000140,0.015600,0.00024336,-0.104000,0.8800,0.008000
1771570990.692520,8.128423,0.008220,-0.015150,0.054745,0.019199,1.1000,0.000785,0.015150,0.00022952,-0.101000,1.1000,0.045000
1771570990.723271,8.159174,0.030752,-0.016500,-0.043900,0.022689,1.3000,0.000471,0.016500,0.00027225,-0.110000,1.3000,0.027000
1771570990.731523,8.167426,0.008251,-0.015750,0.090893,0.022689,1.3000,0.000279,0.015750,0.00024806,-0.105000,1.3000,0.016000
1771570990.763353,8.199256,0.031830,-0.016050,-0.009425,0.030369,1.7400,0.000175,0.016050,0.00025760,-0.107000,1.7400,0.010000
1771570990.771248,8.207151,0.007895,-0.018300,-0.284982,0.030369,1.7400,0.000105,0.018300,0.00033489,-0.122000,1.7400,0.006000
1771570990.803185,8.239088,0.031937,-0.020250,-0.061058,0.032638,1.8700,0.000070,0.020250,0.00041006,-0.135000,1.8700,0.004000
1771570990.811304,8.247207,0.008119,-0.020550,-0.036952,0.038048,2.1800,0.000035,0.020550,0.00042230,-0.137000,2.1800,0.002000
1771570990.843643,8.279546,0.032339,-0.016350,0.129874,0.041888,2.4000,0.000017,0.016350,0.00026732,-0.109000,2.4000,0.001000
1771570990.852224,8.288127,0.008581,-0.020400,-0.471951,0.041888,2.4000,0.000017,0.020400,0.00041616,-0.136000,2.4000,0.001000
1771570990.883233,8.319136,0.031009,-0.018900,0.048373,0.042586,2.4400,0.000000,0.018900,0.00035721,-0.126000,2.4400,0.000000
1771570990.891419,8.327322,0.008186,-0.021300,-0.293197,0.042586,2.4400,0.000000,0.021300,0.00045369,-0.142000,2.4400,0.000000
1771570990.923249,8.359152,0.031830,-0.021300,0.000000,0.042237,2.4200,0.000000,0.021300,0.00045369,-0.142000,2.4200,0.000000
1771570990.931207,8.367110,0.007958,-0.020850,0.056546,0.042237,2.4200,0.000000,0.020850,0.00043472,-0.139000,2.4200,0.000000
1771570990.963473,8.399376,0.032265,-0.020850,0.000000,0.042237,2.4200,0.000000,0.020850,0.00043472,-0.139000,2.4200,0.000000
1771570990.971923,8.407826,0.008451,-0.019350,0.177499,0.042237,2.4200,0.000000,0.019350,0.00037442,-0.129000,2.4200,0.000000
1771570991.003159,8.439062,0.031235,-0.020550,-0.038418,0.042237,2.4200,0.000000,0.020550,0.00042230,-0.137000,2.4200,0.000000
1771570991.011182,8.447085,0.008023,-0.020250,0.037391,0.042237,2.4200,0.000000,0.020250,0.00041006,-0.135000,2.4200,0.000000
1771570991.043716,8.479619,0.032534,-0.013500,0.207473,0.042237,2.4200,0.000000,0.013500,0.00018225,-0.090000,2.4200,0.000000
1771570991.052195,8.488098,0.008479,-0.018300,-0.566128,0.041888,2.4000,0.000000,0.018300,0.00033489,-0.122000,2.4000,0.000000
1771570991.083436,8.519339,0.031241,-0.014850,0.110430,0.040666,2.3300,0.000000,0.014850,0.00022052,-0.099000,2.3300,0.000000
1771570991.091851,8.527755,0.008415,-0.016200,-0.160424,0.040666,2.3300,0.000000,0.016200,0.00026244,-0.108000,2.3300,0.000000
1771570991.122434,8.558337,0.030583,-0.016200,0.000000,0.037525,2.1500,0.000000,0.016200,0.00026244,-0.108000,2.1500,0.000000
1771570991.130865,8.566768,0.008430,-0.016050,0.017793,0.037525,2.1500,0.000000,0.016050,0.00025760,-0.107000,2.1500,0.000000
1771570991.163542,8.599445,0.032677,-0.013350,0.082626,0.038048,2.1800,0.000000,0.013350,0.00017822,-0.089000,2.1800,0.000000
1771570991.171786,8.607689,0.008244,-0.015600,-0.272932,0.038048,2.1800,0.000000,0.015600,0.00024336,-0.104000,2.1800,0.000000
1771570991.202532,8.638435,0.030746,-0.014700,0.029272,0.038048,2.1800,0.000000,0.014700,0.00021609,-0.098000,2.1800,0.000000
1771570991.212515,8.648418,0.009984,-0.012750,0.195322,0.038048,2.1800,0.000000,0.012750,0.00016256,-0.085000,2.1800,0.000000
1771570991.243123,8.679026,0.030607,-0.012750,0.000000,0.038397,2.2000,0.000000,0.012750,0.00016256,-0.085000,2.2000,0.000000
1771570991.251217,8.687120,0.008095,-0.011700,0.129713,0.038397,2.2000,0.000000,0.011700,0.00013689,-0.078000,2.2000,0.000000
1771570991.283228,8.719131,0.032011,-0.011400,0.009372,0.038048,2.1800,0.000000,0.011400,0.00012996,-0.076000,2.1800,0.000000
1771570991.292171,8.728074,0.008942,-0.010500,0.100645,0.038048,2.1800,0.000000,0.010500,0.00011025,-0.070000,2.1800,0.000000
1771570991.322770,8.758673,0.030599,-0.008100,0.078433,0.037525,2.1500,0.000000,0.008100,0.00006561,-0.054000,2.1500,0.000000
1771570991.332376,8.768280,0.009606,-0.008550,-0.046844,0.037525,2.1500,0.000000,0.008550,0.00007310,-0.057000,2.1500,0.000000
1771570991.362711,8.798614,0.030335,-0.006450,0.069228,0.037176,2.1300,0.000000,0.006450,0.00004160,-0.043000,2.1300,0.000000
1771570991.371166,8.807069,0.008455,-0.006450,0.000000,0.037176,2.1300,0.000000,0.006450,0.00004160,-0.043000,2.1300,0.000000
1771570991.403077,8.838980,0.031910,-0.005700,0.023503,0.033336,1.9100,0.000000,0.005700,0.00003249,-0.038000,1.9100,0.000000
1771570991.412950,8.848853,0.009873,-0.004500,0.121542,0.033336,1.9100,-0.000611,0.004500,0.00002025,-0.030000,1.9100,-0.035000
1771570991.443622,8.879525,0.030673,-0.003750,0.024452,0.024958,1.4300,-0.000367,0.003750,0.00001406,-0.025000,1.4300,-0.021000
1771570991.451244,8.887147,0.007622,-0.001500,0.295216,0.024958,1.4300,-0.000227,0.001500,0.00000225,-0.010000,1.4300,-0.013000
1771570991.482708,8.918611,0.031464,-0.001950,-0.014302,0.017977,1.0300,-0.000140,0.001950,0.00000380,-0.013000,1.0300,-0.008000
1771570991.491040,8.926943,0.008332,-0.000900,0.126016,0.016930,0.9700,-0.000087,0.000900,0.00000081,-0.006000,0.9700,-0.005000
1771570991.522451,8.958354,0.031411,0.001350,0.071630,0.016406,0.9400,-0.000052,0.001350,0.00000182,0.009000,0.9400,-0.003000
1771570991.532961,8.968864,0.010510,0.001500,0.014272,0.016406,0.9400,-0.000035,0.001500,0.00000225,0.010000,0.9400,-0.002000
1771570991.562315,8.998218,0.029354,0.003300,0.061321,0.016057,0.9200,-0.000017,0.003300,0.00001089,0.022000,0.9200,-0.001000
1771570991.572148,9.008051,0.009833,0.006450,0.320339,0.016057,0.9200,-0.000017,0.006450,0.00004160,0.043000,0.9200,-0.001000
1771570991.603095,9.038998,0.030946,0.008700,0.072707,0.015010,0.8600,-0.000000,0.008700,0.00007569,0.058000,0.8600,-0.000000
1771570991.611473,9.047376,0.008378,0.007650,-0.125328,0.015010,0.8600,-0.000000,0.007650,0.00005852,0.051000,0.8600,-0.000000
1771570991.643620,9.079523,0.032147,0.009450,0.055992,0.011170,0.6400,-0.000873,0.009450,0.00008930,0.063000,0.6400,-0.050000
1771570991.652367,9.088270,0.008747,0.011850,0.274369,0.011170,0.6400,-0.000541,0.011850,0.00014042,0.079000,0.6400,-0.031000
1771570991.682852,9.118755,0.030484,0.013500,0.054126,0.001571,0.0900,-0.000332,0.013500,0.00018225,0.090000,0.0900,-0.019000
1771570991.690995,9.126898,0.008144,0.015900,0.294708,0.001571,0.0900,-0.000192,0.015900,0.00025281,0.106000,0.0900,-0.011000
1771570991.723721,9.159624,0.032726,0.020550,0.142089,-0.033685,-1.9300,-0.000768,0.020550,0.00042230,0.137000,-1.9300,-0.044000
1771570991.731652,9.167555,0.007931,0.019050,-0.189137,-0.033685,-1.9300,-0.001431,0.019050,0.00036290,0.127000,-1.9300,-0.082000
1771570991.763484,9.199387,0.031832,0.021000,0.061259,-0.067195,-3.8500,-0.000873,0.021000,0.00044100,0.140000,-3.8500,-0.050000
1771570991.771998,9.207901,0.008514,0.021750,0.088093,-0.067195,-3.8500,-0.000524,0.021750,0.00047306,0.145000,-3.8500,-0.030000
1771570991.804080,9.239983,0.032082,0.022050,0.009351,-0.077493,-4.4400,-0.000314,0.022050,0.00048620,0.147000,-4.4400,-0.018000
1771570991.812047,9.247950,0.007967,0.022200,0.018827,-0.077493,-4.4400,-0.000192,0.022200,0.00049284,0.148000,-4.4400,-0.011000
1771570991.843441,9.279344,0.031394,0.023100,0.028668,-0.069464,-3.9800,-0.000122,0.023100,0.00053361,0.154000,-3.9800,-0.007000
1771570991.851720,9.287623,0.008278,0.023250,0.018120,-0.069464,-3.9800,-0.000070,0.023250,0.00054056,0.155000,-3.9800,-0.004000
1771570991.883078,9.318981,0.031359,0.023550,0.009567,-0.065973,-3.7800,-0.000035,0.023550,0.00055460,0.157000,-3.7800,-0.002000
1771570991.891763,9.327666,0.008685,0.023400,-0.017271,-0.065973,-3.7800,-0.000035,0.023400,0.00054756,0.156000,-3.7800,-0.002000
1771570991.922445,9.358348,0.030682,0.023400,0.000000,-0.065973,-3.7800,-0.000017,0.023400,0.00054756,0.156000,-3.7800,-0.001000
1771570991.932776,9.368679,0.010331,0.023250,-0.014520,-0.065973,-3.7800,-0.000017,0.023250,0.00054056,0.155000,-3.7800,-0.001000
1771570991.963566,9.399469,0.030790,0.023250,0.000000,-0.065624,-3.7600,-0.000000,0.023250,0.00054056,0.155000,-3.7600,-0.000000
1771570991.971944,9.407847,0.008378,0.022950,-0.035808,-0.065624,-3.7600,-0.000000,0.022950,0.00052670,0.153000,-3.7600,-0.000000
1771570992.003606,9.439509,0.031662,0.023400,0.014213,-0.065624,-3.7600,-0.000000,0.023400,0.00054756,0.156000,-3.7600,-0.000000
1771570992.012316,9.448219,0.008711,0.022650,-0.086102,-0.065624,-3.7600,-0.000000,0.022650,0.00051302,0.151000,-3.7600,-0.000000
1771570992.043000,9.478904,0.030684,0.021300,-0.043997,-0.065624,-3.7600,-0.000000,0.021300,0.00045369,0.142000,-3.7600,-0.000000
1771570992.053236,9.489139,0.010236,0.021000,-0.029309,-0.065624,-3.7600,-0.000000,0.021000,0.00044100,0.140000,-3.7600,-0.000000
1771570992.083936,9.519839,0.030700,0.020550,-0.014658,-0.061785,-3.5400,-0.000000,0.020550,0.00042230,0.137000,-3.5400,-0.000000
1771570992.091626,9.527529,0.007690,0.019200,-0.175543,-0.061785,-3.5400,-0.000000,0.019200,0.00036864,0.128000,-3.5400,-0.000000
1771570992.122599,9.558502,0.030973,0.019950,0.024215,-0.061785,-3.5400,-0.000000,0.019950,0.00039800,0.133000,-3.5400,-0.000000
1771570992.131567,9.567470,0.008968,0.019050,-0.100358,-0.060214,-3.4500,-0.000000,0.019050,0.00036290,0.127000,-3.4500,-0.000000
1771570992.163597,9.599500,0.032030,0.015600,-0.107710,-0.059516,-3.4100,-0.000000,0.015600,0.00024336,0.104000,-3.4100,-0.000000
1771570992.172581,9.608484,0.008983,0.013200,-0.267160,-0.059516,-3.4100,0.000908,0.013200,0.00017424,0.088000,-3.4100,0.052000
1771570992.203140,9.639044,0.030560,0.011400,-0.058901,-0.050265,-2.8800,0.000559,0.011400,0.00012996,0.076000,-2.8800,0.032000
1771570992.211621,9.647524,0.008481,0.009900,-0.176870,-0.050265,-2.8800,0.001082,0.009900,0.00009801,0.066000,-2.8800,0.062000
1771570992.242983,9.678886,0.031362,0.007950,-0.062178,-0.026529,-1.5200,0.000663,0.007950,0.00006320,0.053000,-1.5200,0.038000
1771570992.250997,9.686900,0.008014,0.007350,-0.074869,-0.026529,-1.5200,0.000401,0.007350,0.00005402,0.049000,-1.5200,0.023000
1771570992.284143,9.720046,0.033146,0.004500,-0.085984,-0.006109,-0.3500,0.000244,0.004500,0.00002025,0.030000,-0.3500,0.014000
1771570992.290957,9.726860,0.006814,0.003900,-0.088048,-0.006109,-0.3500,0.000140,0.003900,0.00001521,0.026000,-0.3500,0.008000
1771570992.322331,9.758235,0.031374,0.001050,-0.090839,-0.000349,-0.0200,0.000087,0.001050,0.00000110,0.007000,-0.0200,0.005000
1771570992.332001,9.767904,0.009670,-0.001350,-0.248196,0.005760,0.3300,0.000716,0.001350,0.00000182,-0.009000,0.3300,0.041000
1771570992.363553,9.799456,0.031552,-0.002250,-0.028524,0.013788,0.7900,0.000436,0.002250,0.00000506,-0.015000,0.7900,0.025000
1771570992.372117,9.808020,0.008563,-0.002700,-0.052550,0.013788,0.7900,0.000262,0.002700,0.00000729,-0.018000,0.7900,0.015000
1771570992.402609,9.838512,0.030492,-0.002250,0.014758,0.032638,1.8700,0.000157,0.002250,0.00000506,-0.015000,1.8700,0.009000
1771570992.410997,9.846900,0.008388,-0.004050,-0.214597,0.034907,2.0000,0.000105,0.004050,0.00001640,-0.027000,2.0000,0.006000
1771570992.443297,9.879200,0.032300,-0.001650,0.074303,0.032638,1.8700,0.000052,0.001650,0.00000272,-0.011000,1.8700,0.003000
1771570992.451544,9.887447,0.008247,-0.005700,-0.491080,0.025307,1.4500,0.000035,0.005700,0.00003249,-0.038000,1.4500,0.002000
1771570992.483275,9.919178,0.031732,-0.006900,-0.037817,0.018850,1.0800,0.000017,0.006900,0.00004761,-0.046000,1.0800,0.001000
1771570992.491947,9.927850,0.008672,-0.007950,-0.121086,0.014137,0.8100,0.000017,0.007950,0.00006320,-0.053000,0.8100,0.001000
1771570992.522616,9.958519,0.030669,-0.008700,-0.024455,0.013439,0.7700,0.000000,0.008700,0.00007569,-0.058000,0.7700,0.000000
1771570992.531204,9.967107,0.008588,-0.009000,-0.034932,0.013439,0.7700,0.000000,0.009000,0.00008100,-0.060000,0.7700,0.000000
1771570992.562819,9.998722,0.031615,-0.009750,-0.023723,0.015010,0.8600,0.000000,0.009750,0.00009506,-0.065000,0.8600,0.000000
1771570992.573217,10.009120,0.010398,-0.008850,0.086556,0.016057,0.9200,0.000000,0.008850,0.00007832,-0.059000,0.9200,0.000000
1771570992.602938,10.038841,0.029721,-0.011550,-0.090846,0.017628,1.0100,0.000000,0.011550,0.00013340,-0.077000,1.0100,0.000000
1771570992.611133,10.047036,0.008195,-0.012150,-0.073216,0.017628,1.0100,0.000000,0.012150,0.00014762,-0.081000,1.0100,0.000000
1771570992.642327,10.078230,0.031194,-0.012300,-0.004809,0.017628,1.0100,0.000000,0.012300,0.00015129,-0.082000,1.0100,0.000000
1771570992.651085,10.086988,0.008758,-0.013200,-0.102765,0.017628,1.0100,0.000750,0.013200,0.00017424,-0.088000,1.0100,0.043000
1771570992.682505,10.118408,0.031420,-0.014400,-0.038192,0.019199,1.1000,0.000454,0.014400,0.00020736,-0.096000,1.1000,0.026000
1771570992.692315,10.128218,0.009810,-0.014700,-0.030580,0.019199,1.1000,0.000279,0.014700,0.00021609,-0.098000,1.1000,0.016000
1771570992.723493,10.159396,0.031177,-0.015450,-0.024056,0.019548,1.1200,0.000175,0.015450,0.00023870,-0.103000,1.1200,0.010000
1771570992.731381,10.167284,0.007888,-0.015750,-0.038032,0.019548,1.1200,0.000105,0.015750,0.00024806,-0.105000,1.1200,0.006000
1771570992.763482,10.199385,0.032101,-0.014700,0.032709,0.024086,1.3800,0.000070,0.014700,0.00021609,-0.098000,1.3800,0.004000
1771570992.771526,10.207429,0.008044,-0.016200,-0.186463,0.024086,1.3800,0.000035,0.016200,0.00026244,-0.108000,1.3800,0.002000
1771570992.802239,10.238142,0.030713,-0.016350,-0.004884,0.027576,1.5800,0.000017,0.016350,0.00026732,-0.109000,1.5800,0.001000
1771570992.811705,10.247608,0.009465,-0.016200,0.015847,0.029845,1.7100,0.000017,0.016200,0.00026244,-0.108000,1.7100,0.001000
1771570992.842946,10.278849,0.031241,-0.016350,-0.004801,0.030718,1.7600,0.000000,0.016350,0.00026732,-0.109000,1.7600,0.000000
1771570992.851484,10.287387,0.008538,-0.016200,0.017569,0.031067,1.7800,0.000000,0.016200,0.00026244,-0.108000,1.7800,0.000000
1771570992.883434,10.319337,0.031951,-0.016500,-0.009389,0.031067,1.7800,0.000000,0.016500,0.00027225,-0.110000,1.7800,0.000000
1771570992.891763,10.327666,0.008328,-0.016350,0.018011,0.031067,1.7800,0.000000,0.016350,0.00026732,-0.109000,1.7800,0.000000
1771570992.922149,10.358052,0.030386,-0.016350,0.000000,0.031067,1.7800,0.000000,0.016350,0.00026732,-0.109000,1.7800,0.000000
1771570992.931844,10.367747,0.009695,-0.016050,0.030944,0.031067,1.7800,0.000000,0.016050,0.00025760,-0.107000,1.7800,0.000000
1771570992.962387,10.398290,0.030542,-0.016200,-0.004911,0.031067,1.7800,0.000000,0.016200,0.00026244,-0.108000,1.7800,0.000000
1771570992.971902,10.407805,0.009515,-0.015900,0.031529,0.031067,1.7800,0.000000,0.015900,0.00025281,-0.106000,1.7800,0.000000
1771570993.002572,10.438475,0.030670,-0.015900,0.000000,0.031067,1.7800,0.000000,0.015900,0.00025281,-0.106000,1.7800,0.000000
1771570993.012240,10.448143,0.009668,-0.015450,0.046545,0.031067,1.7800,0.000000,0.015450,0.00023870,-0.103000,1.7800,0.000000
1771570993.042565,10.478468,0.030325,-0.015150,0.009893,0.031067,1.7800,0.000000,0.015150,0.00022952,-0.101000,1.7800,0.000000
1771570993.051356,10.487259,0.008790,-0.013950,0.136511,0.031067,1.7800,0.000000,0.013950,0.00019460,-0.093000,1.7800,0.000000
1771570993.082327,10.518230,0.030971,-0.013350,0.019373,0.031067,1.7800,0.000000,0.013350,0.00017822,-0.089000,1.7800,0.000000
1771570993.090769,10.526672,0.008442,-0.012750,0.071072,0.031067,1.7800,0.000000,0.012750,0.00016256,-0.085000,1.7800,0.000000
1771570993.123252,10.559155,0.032483,-0.010200,0.078503,0.031067,1.7800,0.000000,0.010200,0.00010404,-0.068000,1.7800,0.000000
1771570993.131194,10.567097,0.007942,-0.012000,-0.226644,0.031067,1.7800,0.000000,0.012000,0.00014400,-0.080000,1.7800,0.000000
1771570993.163372,10.599275,0.032178,-0.010800,0.037293,0.030718,1.7600,0.000000,0.010800,0.00011664,-0.072000,1.7600,0.000000
1771570993.171383,10.607286,0.008011,-0.011250,-0.056172,0.030718,1.7600,0.000000,0.011250,0.00012656,-0.075000,1.7600,0.000000
1771570993.202699,10.638602,0.031316,-0.008550,0.086218,0.029845,1.7100,-0.000925,0.008550,0.00007310,-0.057000,1.7100,-0.053000
1771570993.212062,10.647965,0.009363,-0.009450,-0.096124,0.029845,1.7100,-0.000559,0.009450,0.00008930,-0.063000,1.7100,-0.032000
1771570993.243299,10.679203,0.031237,-0.008850,0.019208,0.027925,1.6000,-0.000349,0.008850,0.00007832,-0.059000,1.6000,-0.020000
1771570993.252670,10.688573,0.009371,-0.007800,0.112053,0.027925,1.6000,-0.000209,0.007800,0.00006084,-0.052000,1.6000,-0.012000
1771570993.283393,10.719296,0.030723,-0.008550,-0.024412,0.021468,1.2300,-0.000122,0.008550,0.00007310,-0.057000,1.2300,-0.007000
1771570993.292533,10.728436,0.009140,-0.006900,0.180525,0.021468,1.2300,-0.000070,0.006900,0.00004761,-0.046000,1.2300,-0.004000
1771570993.324420,10.760323,0.031888,-0.006750,0.004704,0.014137,0.8100,-0.000052,0.006750,0.00004556,-0.045000,0.8100,-0.003000
1771570993.330888,10.766791,0.006468,-0.006150,0.092764,0.014137,0.8100,-0.000035,0.006150,0.00003782,-0.041000,0.8100,-0.002000
1771570993.363270,10.799173,0.032381,-0.002850,0.101911,0.014486,0.8300,-0.000017,0.002850,0.00000812,-0.019000,0.8300,-0.001000
1771570993.371596,10.807499,0.008327,-0.005100,-0.270213,0.014486,0.8300,-0.000017,0.005100,0.00002601,-0.034000,0.8300,-0.001000
1771570993.402288,10.838192,0.030692,-0.003150,0.063534,0.013090,0.7500,-0.000000,0.003150,0.00000992,-0.021000,0.7500,-0.000000
1771570993.412279,10.848182,0.009991,-0.002700,0.045041,0.013090,0.7500,-0.000000,0.002700,0.00000729,-0.018000,0.7500,-0.000000
1771570993.444219,10.880122,0.031940,-0.002100,0.018785,0.013439,0.7700,-0.000000,0.002100,0.00000441,-0.014000,0.7700,-0.000000
1771570993.450874,10.886777,0.006655,-0.001350,0.112698,0.013439,0.7700,-0.000000,0.001350,0.00000182,-0.009000,0.7700,-0.000000
1771570993.483399,10.919302,0.032525,-0.000900,0.013835,0.014137,0.8100,-0.000000,0.000900,0.00000081,-0.006000,0.8100,-0.000000
1771570993.491541,10.927444,0.008142,0.000300,0.147388,0.014137,0.8100,-0.000000,0.000300,0.00000009,0.002000,0.8100,-0.000000
1771570993.522265,10.958169,0.030724,0.000750,0.014646,0.014137,0.8100,-0.000000,0.000750,0.00000056,0.005000,0.8100,-0.000000
1771570993.531335,10.967238,0.009070,0.001800,0.115770,0.014137,0.8100,-0.000000,0.001800,0.00000324,0.012000,0.8100,-0.000000
1771570993.562107,10.998010,0.030772,0.004050,0.073119,0.014137,0.8100,-0.000000,0.004050,0.00001640,0.027000,0.8100,-0.000000
1771570993.572007,11.007910,0.009900,0.003900,-0.015151,0.014137,0.8100,-0.000000,0.003900,0.00001521,0.026000,0.8100,-0.000000
1771570993.603317,11.039220,0.031310,0.005400,0.047908,0.013788,0.7900,-0.000000,0.005400,0.00002916,0.036000,0.7900,-0.000000
1771570993.611469,11.047372,0.008152,0.006600,0.147207,0.013788,0.7900,-0.000000,0.006600,0.00004356,0.044000,0.7900,-0.000000
1771570993.642523,11.078426,0.031054,0.007800,0.038643,0.011519,0.6600,-0.000838,0.007800,0.00006084,0.052000,0.6600,-0.048000
1771570993.650804,11.086707,0.008281,0.007950,0.018113,0.011519,0.6600,-0.000506,0.007950,0.00006320,0.053000,0.6600,-0.029000
1771570993.683313,11.119216,0.032509,0.009150,0.036912,-0.009599,-0.5500,-0.000314,0.009150,0.00008372,0.061000,-0.5500,-0.018000
1771570993.691699,11.127602,0.008386,0.011700,0.304073,-0.009599,-0.5500,-0.001082,0.011700,0.00013689,0.078000,-0.5500,-0.062000
1771570993.723723,11.159626,0.032024,0.012450,0.023420,-0.034208,-1.9600,-0.000663,0.012450,0.00015500,0.083000,-1.9600,-0.038000
1771570993.732515,11.168418,0.008791,0.013050,0.068250,-0.034208,-1.9600,-0.000401,0.013050,0.00017030,0.087000,-1.9600,-0.023000
1771570993.762596,11.198499,0.030082,0.013050,0.000000,-0.043284,-2.4800,-0.000244,0.013050,0.00017030,0.087000,-2.4800,-0.014000
1771570993.770720,11.206623,0.008124,0.015150,0.258505,-0.043284,-2.4800,-0.000140,0.015150,0.00022952,0.101000,-2.4800,-0.008000
1771570993.803991,11.239894,0.033272,0.016800,0.049592,-0.040317,-2.3100,-0.000087,0.016800,0.00028224,0.112000,-2.3100,-0.005000
1771570993.811662,11.247565,0.007671,0.016800,0.000000,-0.040317,-2.3100,-0.000052,0.016800,0.00028224,0.112000,-2.3100,-0.003000
1771570993.843373,11.279276,0.031711,0.015300,-0.047302,-0.039968,-2.2900,-0.000035,0.015300,0.00023409,0.102000,-2.2900,-0.002000
1771570993.852007,11.287910,0.008634,0.015900,0.069492,-0.039968,-2.2900,-0.000017,0.015900,0.00025281,0.106000,-2.2900,-0.001000
1771570993.882942,11.318846,0.030935,0.016350,0.014547,-0.040666,-2.3300,-0.000017,0.016350,0.00026732,0.109000,-2.3300,-0.001000
1771570993.891784,11.327687,0.008841,0.015600,-0.084829,-0.040666,-2.3300,-0.000000,0.015600,0.00024336,0.104000,-2.3300,-0.000000
1771570993.922292,11.358195,0.030509,0.015600,0.000000,-0.038746,-2.2200,-0.000000,0.015600,0.00024336,0.104000,-2.2200,-0.000000
1771570993.931860,11.367763,0.009568,0.015450,-0.015677,-0.038746,-2.2200,-0.000000,0.015450,0.00023870,0.103000,-2.2200,-0.000000
1771570993.962701,11.398604,0.030840,0.015600,0.004864,-0.030369,-1.7400,-0.000000,0.015600,0.00024336,0.104000,-1.7400,-0.000000
1771570993.971044,11.406947,0.008343,0.015150,-0.053936,-0.030369,-1.7400,-0.000000,0.015150,0.00022952,0.101000,-1.7400,-0.000000
1771570994.003419,11.439322,0.032376,0.015450,0.009266,-0.028449,-1.6300,-0.000000,0.015450,0.00023870,0.103000,-1.6300,-0.000000
1771570994.011440,11.447343,0.008021,0.014550,-0.112211,-0.028449,-1.6300,-0.000000,0.014550,0.00021170,0.097000,-1.6300,-0.000000
1771570994.044002,11.479905,0.032562,0.015000,0.013820,-0.027925,-1.6000,-0.000000,0.015000,0.00022500,0.100000,-1.6000,-0.000000
1771570994.052035,11.487938,0.008034,0.013350,-0.205383,-0.027925,-1.6000,-0.000000,0.013350,0.00017822,0.089000,-1.6000,-0.000000
1771570994.082175,11.518079,0.030140,0.013350,0.000000,-0.024958,-1.4300,-0.000000,0.013350,0.00017822,0.089000,-1.4300,-0.000000
1771570994.092066,11.527969,0.009890,0.012600,-0.075832,-0.024958,-1.4300,-0.000000,0.012600,0.00015876,0.084000,-1.4300,-0.000000
1771570994.123160,11.559063,0.031094,0.011850,-0.024120,-0.024958,-1.4300,-0.000000,0.011850,0.00014042,0.079000,-1.4300,-0.000000
1771570994.131679,11.567582,0.008519,0.012150,0.035216,-0.024958,-1.4300,-0.000000,0.012150,0.00014762,0.081000,-1.4300,-0.000000
1771570994.164026,11.599929,0.032347,0.010800,-0.041735,-0.024609,-1.4100,-0.000000,0.010800,0.00011664,0.072000,-1.4100,-0.000000
1771570994.170738,11.606641,0.006712,0.009750,-0.156426,-0.024609,-1.4100,-0.000000,0.009750,0.00009506,0.065000,-1.4100,-0.000000
1771570994.202654,11.638557,0.031916,0.009450,-0.009400,-0.024609,-1.4100,-0.000000,0.009450,0.00008930,0.063000,-1.4100,-0.000000
1771570994.212063,11.647966,0.009409,0.010050,0.063769,-0.024609,-1.4100,-0.000000,0.010050,0.00010100,0.067000,-1.4100,-0.000000
1771570994.242641,11.678544,0.030578,0.007950,-0.068677,-0.024609,-1.4100,-0.000000,0.007950,0.00006320,0.053000,-1.4100,-0.000000
1771570994.250891,11.686794,0.008250,0.007050,-0.109088,-0.024609,-1.4100,-0.000000,0.007050,0.00004970,0.047000,-1.4100,-0.000000
1771570994.283664,11.719567,0.032773,0.007350,0.009154,-0.024086,-1.3800,-0.000000,0.007350,0.00005402,0.049000,-1.3800,-0.000000
1771570994.291945,11.727848,0.008281,0.006900,-0.054341,-0.024086,-1.3800,-0.000000,0.006900,0.00004761,0.046000,-1.3800,-0.000000
1771570994.324039,11.759942,0.032093,0.004950,-0.060760,-0.023736,-1.3600,-0.000000,0.004950,0.00002450,0.033000,-1.3600,-0.000000
1771570994.332187,11.768090,0.008148,0.004050,-0.110454,-0.023736,-1.3600,-0.000000,0.004050,0.00001640,0.027000,-1.3600,-0.000000
1771570994.362169,11.798072,0.029982,0.004500,0.015009,-0.023038,-1.3200,-0.000000,0.004500,0.00002025,0.030000,-1.3200,-0.000000
1771570994.371276,11.807179,0.009107,0.003900,-0.065881,-0.023038,-1.3200,-0.000000,0.003900,0.00001521,0.026000,-1.3200,-0.000000
1771570994.402635,11.838538,0.031359,0.002250,-0.052617,-0.023038,-1.3200,-0.000000,0.002250,0.00000506,0.015000,-1.3200,-0.000000
1771570994.410694,11.846597,0.008059,0.001200,-0.130289,-0.023038,-1.3200,-0.000000,0.001200,0.00000144,0.008000,-1.3200,-0.000000
1771570994.442176,11.878079,0.031482,0.000450,-0.023823,-0.022689,-1.3000,0.000681,0.000450,0.00000020,0.003000,-1.3000,0.039000
1771570994.451199,11.887102,0.009023,-0.001200,-0.182867,-0.021817,-1.2500,0.000419,0.001200,0.00000144,-0.008000,-1.2500,0.024000
1771570994.483567,11.919470,0.032367,-0.001800,-0.018537,-0.021817,-1.2500,0.000244,0.001800,0.00000324,-0.012000,-1.2500,0.014000
1771570994.492049,11.927952,0.008482,-0.002250,-0.053054,-0.021817,-1.2500,0.000157,0.002250,0.00000506,-0.015000,-1.2500,0.009000
1771570994.523754,11.959657,0.031705,-0.003150,-0.028386,-0.021817,-1.2500,0.000087,0.003150,0.00000992,-0.021000,-1.2500,0.005000
1771570994.531828,11.967731,0.008075,-0.002100,0.130039,-0.021817,-1.2500,0.000052,0.002100,0.00000441,-0.014000,-1.2500,0.003000
1771570994.562640,11.998543,0.030812,-0.003450,-0.043815,-0.018850,-1.0800,0.000035,0.003450,0.00001190,-0.023000,-1.0800,0.002000
1771570994.570596,12.006499,0.007956,-0.004350,-0.113129,-0.018850,-1.0800,0.000017,0.004350,0.00001892,-0.029000,-1.0800,0.001000
1771570994.602795,12.038698,0.032200,-0.004200,0.004658,-0.013788,-0.7900,0.000017,0.004200,0.00001764,-0.028000,-0.7900,0.001000
1771570994.611018,12.046921,0.008223,-0.004350,-0.018242,-0.013788,-0.7900,0.000000,0.004350,0.00001892,-0.029000,-0.7900,0.000000
1771570994.643162,12.079065,0.032144,-0.005700,-0.041999,-0.012217,-0.7000,0.000000,0.005700,0.00003249,-0.038000,-0.7000,0.000000
1771570994.651411,12.087314,0.008250,-0.005400,0.036366,-0.012217,-0.7000,0.000000,0.005400,0.00002916,-0.036000,-0.7000,0.000000
1771570994.683043,12.118946,0.031631,-0.008850,-0.109069,-0.012741,-0.7300,0.000000,0.008850,0.00007832,-0.059000,-0.7300,0.000000
1771570994.692435,12.128338,0.009392,-0.009300,-0.047912,-0.012741,-0.7300,0.000000,0.009300,0.00008649,-0.062000,-0.7300,0.000000
1771570994.722797,12.158700,0.030362,-0.009150,0.004940,-0.012741,-0.7300,0.000000,0.009150,0.00008372,-0.061000,-0.7300,0.000000
1771570994.730961,12.166864,0.008163,-0.009900,-0.091876,-0.012741,-0.7300,0.000000,0.009900,0.00009801,-0.066000,-0.7300,0.000000
1771570994.763357,12.199260,0.032396,-0.011400,-0.046302,-0.009948,-0.5700,0.000663,0.011400,0.00012996,-0.076000,-0.5700,0.038000
1771570994.771508,12.207412,0.008152,-0.012150,-0.092005,-0.009948,-0.5700,0.000401,0.012150,0.00014762,-0.081000,-0.5700,0.023000
1771570994.802280,12.238183,0.030772,-0.013800,-0.053621,0.002269,0.1300,0.000244,0.013800,0.00019044,-0.092000,0.1300,0.014000
1771570994.811919,12.247822,0.009639,-0.014400,-0.062250,0.002269,0.1300,0.000157,0.014400,0.00020736,-0.096000,0.1300,0.009000
1771570994.842828,12.278731,0.030909,-0.015450,-0.033971,0.010297,0.5900,0.000087,0.015450,0.00023870,-0.103000,0.5900,0.005000
1771570994.851671,12.287574,0.008843,-0.016050,-0.067853,0.010297,0.5900,0.000681,0.016050,0.00025760,-0.107000,0.5900,0.039000
1771570994.883014,12.318918,0.031344,-0.015750,0.009571,0.024958,1.4300,0.000419,0.015750,0.00024806,-0.105000,1.4300,0.024000
1771570994.891188,12.327091,0.008174,-0.016500,-0.091758,0.024958,1.4300,0.000262,0.016500,0.00027225,-0.110000,1.4300,0.015000
1771570994.923096,12.358999,0.031908,-0.017550,-0.032908,0.036128,2.0700,0.000157,0.017550,0.00030800,-0.117000,2.0700,0.009000
1771570994.931220,12.367123,0.008125,-0.019800,-0.276937,0.038048,2.1800,0.000087,0.019800,0.00039204,-0.132000,2.1800,0.005000
1771570994.962147,12.398050,0.030927,-0.020100,-0.009700,0.038048,2.1800,0.000052,0.020100,0.00040401,-0.134000,2.1800,0.003000
1771570994.970873,12.406776,0.008726,-0.021000,-0.103139,0.038048,2.1800,0.000035,0.021000,0.00044100,-0.140000,2.1800,0.002000
1771570995.002615,12.438518,0.031742,-0.021750,-0.023628,0.040317,2.3100,0.000017,0.021750,0.00047306,-0.145000,2.3100,0.001000
1771570995.012017,12.447920,0.009402,-0.021450,0.031907,0.040317,2.3100,0.000017,0.021450,0.00046010,-0.143000,2.3100,0.001000
1771570995.042217,12.478120,0.030200,-0.021900,-0.014901,0.039968,2.2900,0.000000,0.021900,0.00047961,-0.146000,2.2900,0.000000
1771570995.052011,12.487915,0.009794,-0.021900,0.000000,0.039968,2.2900,0.000000,0.021900,0.00047961,-0.146000,2.2900,0.000000
1771570995.083412,12.519315,0.031400,-0.022050,-0.004777,0.039968,2.2900,0.000000,0.022050,0.00048620,-0.147000,2.2900,0.000000
1771570995.090969,12.526872,0.007557,-0.022050,0.000000,0.039968,2.2900,0.000000,0.022050,0.00048620,-0.147000,2.2900,0.000000
1771570995.123361,12.559264,0.032392,-0.021000,0.032415,0.039968,2.2900,0.000000,0.021000,0.00044100,-0.140000,2.2900,0.000000
1771570995.131843,12.567746,0.008482,-0.021000,0.000000,0.039968,2.2900,0.000000,0.021000,0.00044100,-0.140000,2.2900,0.000000
1771570995.163355,12.599258,0.031512,-0.021750,-0.023800,0.039968,2.2900,0.000000,0.021750,0.00047306,-0.145000,2.2900,0.000000
1771570995.170589,12.606492,0.007234,-0.021000,0.103672,0.039968,2.2900,0.000000,0.021000,0.00044100,-0.140000,2.2900,0.000000
1771570995.202562,12.638465,0.031973,-0.021000,0.000000,0.039968,2.2900,0.000000,0.021000,0.00044100,-0.140000,2.2900,0.000000
1771570995.210916,12.646819,0.008353,-0.019500,0.179566,0.039968,2.2900,0.000000,0.019500,0.00038025,-0.130000,2.2900,0.000000
1771570995.242501,12.678404,0.031585,-0.019950,-0.014247,0.039968,2.2900,0.000000,0.019950,0.00039800,-0.133000,2.2900,0.000000
1771570995.252446,12.688349,0.009945,-0.019950,0.000000,0.039968,2.2900,0.000000,0.019950,0.00039800,-0.133000,2.2900,0.000000
1771570995.283262,12.719165,0.030815,-0.018150,0.058413,0.039968,2.2900,0.000000,0.018150,0.00032942,-0.121000,2.2900,0.000000
1771570995.291651,12.727554,0.008389,-0.014100,0.482762,0.039968,2.2900,0.000000,0.014100,0.00019881,-0.094000,2.2900,0.000000
1771570995.321940,12.757843,0.030290,-0.015900,-0.059426,0.039095,2.2400,0.000000,0.015900,0.00025281,-0.106000,2.2400,0.000000
1771570995.332070,12.767973,0.010130,-0.015300,0.059230,0.039095,2.2400,0.000000,0.015300,0.00023409,-0.102000,2.2400,0.000000
1771570995.362536,12.798439,0.030466,-0.016050,-0.024618,0.036477,2.0900,0.000000,0.016050,0.00025760,-0.107000,2.0900,0.000000
1771570995.370962,12.806865,0.008426,-0.016050,0.000000,0.036477,2.0900,0.000000,0.016050,0.00025760,-0.107000,2.0900,0.000000
1771570995.403038,12.838941,0.032076,-0.015300,0.023382,0.036826,2.1100,0.000000,0.015300,0.00023409,-0.102000,2.1100,0.000000
1771570995.411356,12.847260,0.008319,-0.014550,0.090159,0.036826,2.1100,0.000000,0.014550,0.00021170,-0.097000,2.1100,0.000000
1771570995.441941,12.877844,0.030585,-0.011400,0.102993,0.036826,2.1100,0.000000,0.011400,0.00012996,-0.076000,2.1100,0.000000
1771570995.452061,12.887964,0.010120,-0.008700,0.266801,0.036128,2.0700,0.000000,0.008700,0.00007569,-0.058000,2.0700,0.000000
1771570995.483046,12.918949,0.030985,-0.011400,-0.087139,0.033685,1.9300,-0.000785,0.011400,0.00012996,-0.076000,1.9300,-0.045000
1771570995.491254,12.927157,0.008208,-0.011250,0.018275,0.033685,1.9300,-0.000471,0.011250,0.00012656,-0.075000,1.9300,-0.027000
1771570995.523410,12.959313,0.032156,-0.008400,0.088629,0.014486,0.8300,-0.000297,0.008400,0.00007056,-0.056000,0.8300,-0.017000
1771570995.531552,12.967455,0.008142,-0.007800,0.073694,0.014486,0.8300,-0.000175,0.007800,0.00006084,-0.052000,0.8300,-0.010000
1771570995.563546,12.999449,0.031994,-0.009150,-0.042195,0.001222,0.0700,-0.000105,0.009150,0.00008372,-0.061000,0.0700,-0.006000
1771570995.571887,13.007790,0.008341,-0.007650,0.179843,0.001222,0.0700,-0.000070,0.007650,0.00005852,-0.051000,0.0700,-0.004000
1771570995.603530,13.039433,0.031644,-0.006150,0.047403,0.000349,0.0200,-0.000035,0.006150,0.00003782,-0.041000,0.0200,-0.002000
1771570995.611716,13.047619,0.008185,-0.006000,0.018325,0.000349,0.0200,-0.000017,0.006000,0.00003600,-0.040000,0.0200,-0.001000
1771570995.643755,13.079658,0.032039,-0.005250,0.023409,0.001920,0.1100,-0.000017,0.005250,0.00002756,-0.035000,0.1100,-0.001000
1771570995.651474,13.087377,0.007719,-0.004200,0.136027,0.001920,0.1100,-0.000017,0.004200,0.00001764,-0.028000,0.1100,-0.001000
1771570995.682644,13.118547,0.031170,-0.003150,0.033686,0.002618,0.1500,-0.000000,0.003150,0.00000992,-0.021000,0.1500,-0.000000
1771570995.690979,13.126882,0.008335,-0.002550,0.071987,0.002618,0.1500,-0.000000,0.002550,0.00000650,-0.017000,0.1500,-0.000000
1771570995.723671,13.159574,0.032692,-0.002850,-0.009176,0.004189,0.2400,-0.000000,0.002850,0.00000812,-0.019000,0.2400,-0.000000
1771570995.731832,13.167735,0.008161,-0.002250,0.073522,0.004189,0.2400,-0.000000,0.002250,0.00000506,-0.015000,0.2400,-0.000000
1771570995.762491,13.198395,0.030659,-0.001200,0.034247,0.008029,0.4600,-0.000000,0.001200,0.00000144,-0.008000,0.4600,-0.000000
1771570995.771934,13.207837,0.009442,-0.000900,0.031772,0.008029,0.4600,-0.000000,0.000900,0.00000081,-0.006000,0.4600,-0.000000
1771570995.803302,13.239205,0.031368,-0.000150,0.023910,0.013090,0.7500,-0.000000,0.000150,0.00000002,-0.001000,0.7500,-0.000000
1771570995.811600,13.247503,0.008298,0.001050,0.144619,0.013090,0.7500,-0.000000,0.001050,0.00000110,0.007000,0.7500,-0.000000
1771570995.841965,13.277868,0.030365,0.002400,0.044459,0.018326,1.0500,-0.000000,0.002400,0.00000576,0.016000,1.0500,-0.000000
1771570995.852413,13.288316,0.010448,0.003300,0.086139,0.018326,1.0500,-0.000000,0.003300,0.00001089,0.022000,1.0500,-0.000000
1771570995.882995,13.318898,0.030582,0.003600,0.009810,0.018326,1.0500,-0.000000,0.003600,0.00001296,0.024000,1.0500,-0.000000
1771570995.891150,13.327053,0.008154,0.005100,0.183950,0.018326,1.0500,-0.000000,0.005100,0.00002601,0.034000,1.0500,-0.000000
1771570995.923326,13.359229,0.032176,0.007800,0.083913,0.015010,0.8600,-0.000000,0.007800,0.00006084,0.052000,0.8600,-0.000000
1771570995.931427,13.367331,0.008102,0.007200,-0.074056,0.015010,0.8600,-0.000873,0.007200,0.00005184,0.048000,0.8600,-0.050000
1771570995.963294,13.399197,0.031867,0.008250,0.032950,0.007330,0.4200,-0.000524,0.008250,0.00006806,0.055000,0.4200,-0.030000
1771570995.971724,13.407627,0.008429,0.009450,0.142361,0.007330,0.4200,-0.000314,0.009450,0.00008930,0.063000,0.4200,-0.018000
1771570996.002185,13.438088,0.030461,0.012450,0.098486,-0.003142,-0.1800,-0.000192,0.012450,0.00015500,0.083000,-0.1800,-0.011000
1771570996.010666,13.446569,0.008481,0.011550,-0.106116,-0.003142,-0.1800,-0.000122,0.011550,0.00013340,0.077000,-0.1800,-0.007000
1771570996.042199,13.478102,0.031533,0.013800,0.071353,-0.018850,-1.0800,-0.000070,0.013800,0.00019044,0.092000,-1.0800,-0.004000
1771570996.051954,13.487857,0.009754,0.014400,0.061512,-0.018850,-1.0800,-0.000733,0.014400,0.00020736,0.096000,-1.0800,-0.042000
1771570996.082079,13.517982,0.030126,0.015900,0.049791,-0.032638,-1.8700,-0.000454,0.015900,0.00025281,0.106000,-1.8700,-0.026000
1771570996.092045,13.527948,0.009965,0.015900,0.000000,-0.039968,-2.2900,-0.000262,0.015900,0.00025281,0.106000,-2.2900,-0.015000
1771570996.122981,13.558884,0.030936,0.016950,0.033941,-0.044506,-2.5500,-0.000157,0.016950,0.00028730,0.113000,-2.5500,-0.009000
1771570996.132188,13.568091,0.009207,0.018000,0.114049,-0.044506,-2.5500,-0.000105,0.018000,0.00032400,0.120000,-2.5500,-0.006000
1771570996.162253,13.598156,0.030066,0.016800,-0.039913,-0.045204,-2.5900,-0.000052,0.016800,0.00028224,0.112000,-2.5900,-0.003000
1771570996.171685,13.607589,0.009432,0.017850,0.111322,-0.045204,-2.5900,-0.000035,0.017850,0.00031862,0.119000,-2.5900,-0.002000
1771570996.203265,13.639168,0.031580,0.018000,0.004750,-0.044855,-2.5700,-0.000017,0.018000,0.00032400,0.120000,-2.5700,-0.001000
1771570996.211649,13.647552,0.008384,0.017850,-0.017891,-0.044855,-2.5700,-0.000017,0.017850,0.00031862,0.119000,-2.5700,-0.001000
1771570996.242641,13.678545,0.030992,0.018150,0.009680,-0.044506,-2.5500,-0.000000,0.018150,0.00032942,0.121000,-2.5500,-0.000000
1771570996.250895,13.686798,0.008254,0.018900,0.090870,-0.044506,-2.5500,-0.000000,0.018900,0.00035721,0.126000,-2.5500,-0.000000
1771570996.282782,13.718685,0.031887,0.018450,-0.014112,-0.041888,-2.4000,-0.000000,0.018450,0.00034040,0.123000,-2.4000,-0.000000
1771570996.291819,13.727722,0.009037,0.017550,-0.099593,-0.041888,-2.4000,-0.000000,0.017550,0.00030800,0.117000,-2.4000,-0.000000
1771570996.322415,13.758318,0.030596,0.017400,-0.004903,-0.041888,-2.4000,-0.000000,0.017400,0.00030276,0.116000,-2.4000,-0.000000
1771570996.330685,13.766588,0.008270,0.017250,-0.018138,-0.041888,-2.4000,-0.000000,0.017250,0.00029756,0.115000,-2.4000,-0.000000
1771570996.363385,13.799288,0.032700,0.017850,0.018349,-0.041015,-2.3500,-0.000000,0.017850,0.00031862,0.119000,-2.3500,-0.000000
1771570996.372450,13.808353,0.009066,0.017550,-0.033092,-0.041015,-2.3500,-0.000000,0.017550,0.00030800,0.117000,-2.3500,-0.000000
1771570996.403188,13.839091,0.030737,0.016650,-0.029281,-0.036477,-2.0900,-0.000000,0.016650,0.00027722,0.111000,-2.0900,-0.000000
1771570996.411381,13.847284,0.008194,0.016200,-0.054920,-0.036477,-2.0900,-0.000000,0.016200,0.00026244,0.108000,-2.0900,-0.000000
1771570996.442372,13.878275,0.030991,0.015750,-0.014521,-0.027576,-1.5800,-0.000000,0.015750,0.00024806,0.105000,-1.5800,-0.000000
1771570996.450988,13.886891,0.008616,0.015300,-0.052229,-0.027576,-1.5800,-0.000000,0.015300,0.00023409,0.102000,-1.5800,-0.000000
1771570996.481891,13.917794,0.030904,0.016500,0.038830,-0.023736,-1.3600,-0.000000,0.016500,0.00027225,0.110000,-1.3600,-0.000000
1771570996.490609,13.926512,0.008718,0.014100,-0.275307,-0.023736,-1.3600,-0.000000,0.014100,0.00019881,0.094000,-1.3600,-0.000000
1771570996.522957,13.958860,0.032348,0.013050,-0.032459,-0.023736,-1.3600,-0.000000,0.013050,0.00017030,0.087000,-1.3600,-0.000000
1771570996.532308,13.968211,0.009351,0.012450,-0.064167,-0.023736,-1.3600,-0.000000,0.012450,0.00015500,0.083000,-1.3600,-0.000000
1771570996.562694,13.998597,0.030386,0.012000,-0.014810,-0.023736,-1.3600,-0.000000,0.012000,0.00014400,0.080000,-1.3600,-0.000000
1771570996.570827,14.006731,0.008134,0.010950,-0.129090,-0.023736,-1.3600,-0.000000,0.010950,0.00011990,0.073000,-1.3600,-0.000000
1771570996.602564,14.038467,0.031737,0.011550,0.018906,-0.023387,-1.3400,-0.000000,0.011550,0.00013340,0.077000,-1.3400,-0.000000
1771570996.610827,14.046730,0.008263,0.009150,-0.290456,-0.023387,-1.3400,-0.000000,0.009150,0.00008372,0.061000,-1.3400,-0.000000
1771570996.643380,14.079283,0.032553,0.009450,0.009216,-0.022689,-1.3000,0.000768,0.009450,0.00008930,0.063000,-1.3000,0.044000
1771570996.651519,14.087422,0.008139,0.007350,-0.258005,-0.022689,-1.3000,0.000471,0.007350,0.00005402,0.049000,-1.3000,0.027000
1771570996.682198,14.118101,0.030679,0.006750,-0.019557,-0.019897,-1.1400,0.000279,0.006750,0.00004556,0.045000,-1.1400,0.016000
1771570996.691876,14.127779,0.009678,0.007500,0.077492,-0.019897,-1.1400,0.000175,0.007500,0.00005625,0.050000,-1.1400,0.010000
1771570996.722272,14.158175,0.030396,0.005550,-0.064153,-0.020246,-1.1600,0.000105,0.005550,0.00003080,0.037000,-1.1600,0.006000
1771570996.732179,14.168082,0.009907,0.004500,-0.105988,-0.020246,-1.1600,0.000070,0.004500,0.00002025,0.030000,-1.1600,0.004000
1771570996.762701,14.198604,0.030522,0.004350,-0.004915,-0.020246,-1.1600,0.000035,0.004350,0.00001892,0.029000,-1.1600,0.002000
1771570996.771041,14.206944,0.008341,0.003300,-0.125890,-0.020246,-1.1600,0.000017,0.003300,0.00001089,0.022000,-1.1600,0.001000
1771570996.802492,14.238395,0.031451,0.003300,0.000000,-0.015359,-0.8800,0.000017,0.003300,0.00001089,0.022000,-0.8800,0.001000
1771570996.810529,14.246433,0.008037,0.001350,-0.242618,-0.015359,-0.8800,0.000000,0.001350,0.00000182,0.009000,-0.8800,0.000000
1771570996.842476,14.278379,0.031947,-0.000150,-0.046953,-0.007330,-0.4200,0.000000,0.000150,0.00000002,-0.001000,-0.4200,0.000000
1771570996.851368,14.287271,0.008892,-0.001350,-0.134959,-0.007330,-0.4200,0.000000,0.001350,0.00000182,-0.009000,-0.4200,0.000000
1771570996.882280,14.318183,0.030912,-0.001650,-0.009705,-0.004538,-0.2600,0.000000,0.001650,0.00000272,-0.011000,-0.2600,0.000000
1771570996.891643,14.327546,0.009363,-0.002250,-0.064079,-0.004538,-0.2600,0.000000,0.002250,0.00000506,-0.015000,-0.2600,0.000000
1771570996.922010,14.357913,0.030367,-0.002100,0.004940,-0.004538,-0.2600,0.000000,0.002100,0.00000441,-0.014000,-0.2600,0.000000
1771570996.931830,14.367733,0.009820,-0.002700,-0.061098,-0.004538,-0.2600,0.000000,0.002700,0.00000729,-0.018000,-0.2600,0.000000
1771570996.962101,14.398004,0.030271,-0.002400,0.009911,-0.004538,-0.2600,0.000000,0.002400,0.00000576,-0.016000,-0.2600,0.000000
1771570996.970999,14.406903,0.008899,-0.003600,-0.134847,-0.004538,-0.2600,0.000000,0.003600,0.00001296,-0.024000,-0.2600,0.000000
1771570997.002682,14.438585,0.031683,-0.004050,-0.014203,-0.004538,-0.2600,0.000000,0.004050,0.00001640,-0.027000,-0.2600,0.000000
1771570997.012567,14.448470,0.009884,-0.003900,0.015175,-0.004538,-0.2600,0.000000,0.003900,0.00001521,-0.026000,-0.2600,0.000000
1771570997.042638,14.478541,0.030071,-0.002250,0.054869,-0.001571,-0.0900,0.000628,0.002250,0.00000506,-0.015000,-0.0900,0.036000
1771570997.051087,14.486990,0.008449,-0.006150,-0.461589,-0.001571,-0.0900,0.000384,0.006150,0.00003782,-0.041000,-0.0900,0.022000
1771570997.082161,14.518064,0.031074,-0.005850,0.009654,0.008029,0.4600,0.000227,0.005850,0.00003422,-0.039000,0.4600,0.013000
1771570997.090429,14.526332,0.008268,-0.005700,0.018142,0.008029,0.4600,0.000140,0.005700,0.00003249,-0.038000,0.4600,0.008000
1771570997.122934,14.558837,0.032505,-0.007350,-0.050761,0.015708,0.9000,0.000087,0.007350,0.00005402,-0.049000,0.9000,0.005000
1771570997.131163,14.567066,0.008229,-0.008550,-0.145825,0.015708,0.9000,0.000052,0.008550,0.00007310,-0.057000,0.9000,0.003000
1771570997.163012,14.598915,0.031848,-0.006600,0.061228,0.017628,1.0100,0.000035,0.006600,0.00004356,-0.044000,1.0100,0.002000
1771570997.170944,14.606847,0.007932,-0.009750,-0.397104,0.017628,1.0100,0.000017,0.009750,0.00009506,-0.065000,1.0100,0.001000
1771570997.202563,14.638466,0.031619,-0.009300,0.014232,0.017628,1.0100,0.000017,0.009300,0.00008649,-0.062000,1.0100,0.001000
1771570997.210731,14.646634,0.008168,-0.009600,-0.036728,0.017628,1.0100,0.000000,0.009600,0.00009216,-0.064000,1.0100,0.000000
1771570997.242981,14.678884,0.032250,-0.009450,0.004651,0.016930,0.9700,0.000000,0.009450,0.00008930,-0.063000,0.9700,0.000000
1771570997.251506,14.687409,0.008525,-0.010500,-0.123162,0.016930,0.9700,0.000000,0.010500,0.00011025,-0.070000,0.9700,0.000000
1771570997.282389,14.718292,0.030883,-0.010650,-0.004857,0.016930,0.9700,0.000000,0.010650,0.00011342,-0.071000,0.9700,0.000000
1771570997.290890,14.726793,0.008501,-0.010650,0.000000,0.016930,0.9700,0.000000,0.010650,0.00011342,-0.071000,0.9700,0.000000
1771570997.323367,14.759270,0.032477,-0.010800,-0.004619,0.016930,0.9700,0.000000,0.010800,0.00011664,-0.072000,0.9700,0.000000
1771570997.331570,14.767473,0.008203,-0.010500,0.036572,0.016930,0.9700,0.000000,0.010500,0.00011025,-0.070000,0.9700,0.000000
1771570997.362458,14.798361,0.030888,-0.008250,0.072844,0.016930,0.9700,0.000000,0.008250,0.00006806,-0.055000,0.9700,0.000000
1771570997.370696,14.806599,0.008238,-0.010500,-0.273122,0.017279,0.9900,0.000000,0.010500,0.00011025,-0.070000,0.9900,0.000000
1771570997.403129,14.839032,0.032433,-0.010200,0.009250,0.016930,0.9700,0.000000,0.010200,0.00010404,-0.068000,0.9700,0.000000
1771570997.411357,14.847260,0.008228,-0.011100,-0.109382,0.016930,0.9700,0.000000,0.011100,0.00012321,-0.074000,0.9700,0.000000
1771570997.442179,14.878082,0.030822,-0.007500,0.116800,0.016930,0.9700,0.000000,0.007500,0.00005625,-0.050000,0.9700,0.000000
1771570997.450464,14.886367,0.008285,-0.010500,-0.362088,0.016930,0.9700,0.000000,0.010500,0.00011025,-0.070000,0.9700,0.000000
1771570997.482742,14.918645,0.032278,-0.008100,0.074355,0.016930,0.9700,0.000000,0.008100,0.00006561,-0.054000,0.9700,0.000000
1771570997.490852,14.926755,0.008110,-0.009600,-0.184956,0.016930,0.9700,0.000000,0.009600,0.00009216,-0.064000,0.9700,0.000000
1771570997.522732,14.958635,0.031880,-0.010050,-0.014115,0.016930,0.9700,0.000000,0.010050,0.00010100,-0.067000,0.9700,0.000000
1771570997.531625,14.967528,0.008893,-0.010050,0.000000,0.016930,0.9700,0.000000,0.010050,0.00010100,-0.067000,0.9700,0.000000
1771570997.562310,14.998214,0.030685,-0.008850,0.039107,0.016930,0.9700,0.000000,0.008850,0.00007832,-0.059000,0.9700,0.000000
1771570997.570552,15.006455,0.008242,-0.006000,0.345804,0.016930,0.9700,0.000000,0.006000,0.00003600,-0.040000,0.9700,0.000000
1771570997.602643,15.038546,0.032091,-0.008550,-0.079462,0.016406,0.9400,0.000000,0.008550,0.00007310,-0.057000,0.9400,0.000000
1771570997.610614,15.046517,0.007971,-0.008400,0.018818,0.016406,0.9400,0.000000,0.008400,0.00007056,-0.056000,0.9400,0.000000
1771570997.643264,15.079167,0.032650,-0.007500,0.027565,0.016057,0.9200,0.000000,0.007500,0.00005625,-0.050000,0.9200,0.000000
1771570997.651895,15.087798,0.008631,-0.005850,0.191177,0.016057,0.9200,0.000000,0.005850,0.00003422,-0.039000,0.9200,0.000000
1771570997.682734,15.118638,0.030840,-0.007350,-0.048639,0.013788,0.7900,0.000000,0.007350,0.00005402,-0.049000,0.7900,0.000000
1771570997.690784,15.126688,0.008050,-0.005400,0.242237,0.013788,0.7900,0.000000,0.005400,0.00002916,-0.036000,0.7900,0.000000
1771570997.723570,15.159473,0.032785,-0.006750,-0.041177,0.013439,0.7700,0.000000,0.006750,0.00004556,-0.045000,0.7700,0.000000
1771570997.731589,15.167492,0.008019,-0.006000,0.093523,0.013439,0.7700,0.000000,0.006000,0.00003600,-0.040000,0.7700,0.000000
1771570997.762560,15.198463,0.030971,-0.001650,0.140454,0.012741,0.7300,0.000000,0.001650,0.00000272,-0.011000,0.7300,0.000000
1771570997.771038,15.206941,0.008478,-0.005100,-0.406939,0.012741,0.7300,0.000000,0.005100,0.00002601,-0.034000,0.7300,0.000000
1771570997.803126,15.239029,0.032087,-0.005100,0.000000,0.013090,0.7500,0.000000,0.005100,0.00002601,-0.034000,0.7500,0.000000
1771570997.811252,15.247155,0.008126,-0.006000,-0.110749,0.013439,0.7700,0.000000,0.006000,0.00003600,-0.040000,0.7700,0.000000
1771570997.843061,15.278964,0.031809,-0.004050,0.061304,0.013788,0.7900,0.000000,0.004050,0.00001640,-0.027000,0.7900,0.000000
1771570997.851414,15.287317,0.008353,-0.004650,-0.071828,0.013788,0.7900,0.000000,0.004650,0.00002162,-0.031000,0.7900,0.000000
1771570997.883089,15.318992,0.031674,-0.003750,0.028414,0.014137,0.8100,0.000000,0.003750,0.00001406,-0.025000,0.8100,0.000000
1771570997.891343,15.327246,0.008254,-0.002400,0.163551,0.014137,0.8100,0.000000,0.002400,0.00000576,-0.016000,0.8100,0.000000
1771570997.922975,15.358878,0.031632,-0.003600,-0.037936,0.015010,0.8600,0.000000,0.003600,0.00001296,-0.024000,0.8600,0.000000
1771570997.931923,15.367826,0.008948,-0.003600,0.000000,0.015010,0.8600,0.000000,0.003600,0.00001296,-0.024000,0.8600,0.000000
1771570997.963459,15.399362,0.031536,-0.002700,0.028539,0.015359,0.8800,0.000000,0.002700,0.00000729,-0.018000,0.8800,0.000000
1771570997.971567,15.407470,0.008109,-0.002400,0.036998,0.015359,0.8800,0.000000,0.002400,0.00000576,-0.016000,0.8800,0.000000
1771570998.002051,15.437954,0.030484,-0.002400,0.000000,0.015708,0.9000,0.000000,0.002400,0.00000576,-0.016000,0.9000,0.000000
1771570998.011724,15.447627,0.009673,-0.001650,0.077536,0.015708,0.9000,0.000000,0.001650,0.00000272,-0.011000,0.9000,0.000000
1771570998.043126,15.479029,0.031402,-0.001500,0.004777,0.015708,0.9000,0.000000,0.001500,0.00000225,-0.010000,0.9000,0.000000
1771570998.051979,15.487882,0.008852,0.000900,0.271118,0.015708,0.9000,0.000000,0.000900,0.00000081,0.006000,0.9000,0.000000
1771570998.083069,15.518972,0.031090,-0.001200,-0.067545,0.015359,0.8800,0.000000,0.001200,0.00000144,-0.008000,0.8800,0.000000
1771570998.091646,15.527549,0.008577,0.000150,0.157400,0.015359,0.8800,0.000000,0.000150,0.00000002,0.001000,0.8800,0.000000
1771570998.122873,15.558776,0.031227,0.000750,0.019214,0.015708,0.9000,0.000000,0.000750,0.00000056,0.005000,0.9000,0.000000
1771570998.130707,15.566610,0.007835,0.001350,0.076583,0.015708,0.9000,0.000000,0.001350,0.00000182,0.009000,0.9000,0.000000
1771570998.162682,15.598585,0.031975,0.002250,0.028147,0.015708,0.9000,0.000000,0.002250,0.00000506,0.015000,0.9000,0.000000
1771570998.171110,15.607013,0.008428,0.003150,0.106783,0.015708,0.9000,0.000000,0.003150,0.00000992,0.021000,0.9000,0.000000
1771570998.202399,15.638302,0.031288,0.003150,0.000000,0.015359,0.8800,0.000000,0.003150,0.00000992,0.021000,0.8800,0.000000
1771570998.210866,15.646769,0.008467,0.003900,0.088580,0.015359,0.8800,0.000000,0.003900,0.00001521,0.026000,0.8800,0.000000
1771570998.241562,15.677465,0.030697,0.003900,0.000000,0.015359,0.8800,0.000000,0.003900,0.00001521,0.026000,0.8800,0.000000
1771570998.251989,15.687892,0.010426,0.004950,0.100707,0.015359,0.8800,0.000000,0.004950,0.00002450,0.033000,0.8800,0.000000
1771570998.282920,15.718823,0.030931,0.005250,0.009699,0.015010,0.8600,0.000000,0.005250,0.00002756,0.035000,0.8600,0.000000
1771570998.291290,15.727193,0.008370,0.008100,0.340505,0.015010,0.8600,0.000000,0.008100,0.00006561,0.054000,0.8600,0.000000
1771570998.322519,15.758422,0.031229,0.006600,-0.048032,0.014486,0.8300,0.000000,0.006600,0.00004356,0.044000,0.8300,0.000000
1771570998.331800,15.767703,0.009280,0.007050,0.048489,0.014486,0.8300,0.000000,0.007050,0.00004970,0.047000,0.8300,0.000000
1771570998.363000,15.798903,0.031200,0.007950,0.028846,0.013439,0.7700,0.000000,0.007950,0.00006320,0.053000,0.7700,0.000000
1771570998.371397,15.807300,0.008397,0.008700,0.089317,0.013439,0.7700,0.000000,0.008700,0.00007569,0.058000,0.7700,0.000000
1771570998.402951,15.838854,0.031554,0.009300,0.019015,0.011519,0.6600,-0.000855,0.009300,0.00008649,0.062000,0.6600,-0.049000
1771570998.410951,15.846854,0.008000,0.009900,0.074999,0.011519,0.6600,-0.000524,0.009900,0.00009801,0.066000,0.6600,-0.030000
1771570998.441719,15.877622,0.030768,0.011250,0.043877,0.003142,0.1800,-0.000314,0.011250,0.00012656,0.075000,0.1800,-0.018000
1771570998.450172,15.886075,0.008453,0.012150,0.106472,0.003142,0.1800,-0.000192,0.012150,0.00014762,0.081000,0.1800,-0.011000
1771570998.482052,15.917955,0.031880,0.013350,0.037641,-0.024086,-1.3800,-0.000942,0.013350,0.00017822,0.089000,-1.3800,-0.054000
1771570998.490869,15.926772,0.008818,0.013200,-0.017011,-0.024086,-1.3800,-0.000576,0.013200,0.00017424,0.088000,-1.3800,-0.033000
1771570998.523101,15.959004,0.032231,0.013650,0.013962,-0.042935,-2.4600,-0.000349,0.013650,0.00018632,0.091000,-2.4600,-0.020000
1771570998.531241,15.967144,0.008141,0.015150,0.184257,-0.042935,-2.4600,-0.000209,0.015150,0.00022952,0.101000,-2.4600,-0.012000
1771570998.562812,15.998715,0.031571,0.015000,-0.004751,-0.040666,-2.3300,-0.000122,0.015000,0.00022500,0.100000,-2.3300,-0.007000
1771570998.571734,16.007637,0.008922,0.016950,0.218570,-0.040666,-2.3300,-0.000070,0.016950,0.00028730,0.113000,-2.3300,-0.004000
1771570998.602183,16.038086,0.030449,0.015750,-0.039410,-0.035256,-2.0200,-0.000052,0.015750,0.00024806,0.105000,-2.0200,-0.003000
1771570998.611632,16.047535,0.009449,0.013950,-0.190491,-0.035256,-2.0200,-0.000035,0.013950,0.00019460,0.093000,-2.0200,-0.002000
1771570998.642904,16.078807,0.031272,0.015000,0.033577,-0.036128,-2.0700,-0.000017,0.015000,0.00022500,0.100000,-2.0700,-0.001000
1771570998.651718,16.087621,0.008814,0.014100,-0.102112,-0.036128,-2.0700,-0.000017,0.014100,0.00019881,0.094000,-2.0700,-0.001000
1771570998.681981,16.117884,0.030263,0.013200,-0.029739,-0.036128,-2.0700,-0.000000,0.013200,0.00017424,0.088000,-2.0700,-0.000000
1771570998.691025,16.126928,0.009044,0.012900,-0.033171,-0.036128,-2.0700,-0.000000,0.012900,0.00016641,0.086000,-2.0700,-0.000000
1771570998.722993,16.158896,0.031968,0.014550,0.051614,-0.028798,-1.6500,-0.000000,0.014550,0.00021170,0.097000,-1.6500,-0.000000
1771570998.731267,16.167170,0.008274,0.012300,-0.271941,-0.028798,-1.6500,-0.000000,0.012300,0.00015129,0.082000,-1.6500,-0.000000
1771570998.762645,16.198549,0.031379,0.011400,-0.028682,-0.028449,-1.6300,-0.000000,0.011400,0.00012996,0.076000,-1.6300,-0.000000
1771570998.771188,16.207091,0.008542,0.011100,-0.035119,-0.028449,-1.6300,-0.000000,0.011100,0.00012321,0.074000,-1.6300,-0.000000
1771570998.802606,16.238509,0.031418,0.010800,-0.009549,-0.027576,-1.5800,-0.000000,0.010800,0.00011664,0.072000,-1.5800,-0.000000
1771570998.812466,16.248369,0.009861,0.010350,-0.045635,-0.027576,-1.5800,-0.000000,0.010350,0.00010712,0.069000,-1.5800,-0.000000
1771570998.843056,16.278959,0.030590,0.009000,-0.044133,-0.027227,-1.5600,-0.000000,0.009000,0.00008100,0.060000,-1.5600,-0.000000
1771570998.851602,16.287505,0.008546,0.008700,-0.035104,-0.027227,-1.5600,-0.000000,0.008700,0.00007569,0.058000,-1.5600,-0.000000
1771570998.883324,16.319227,0.031722,0.007650,-0.033100,-0.025656,-1.4700,-0.000000,0.007650,0.00005852,0.051000,-1.4700,-0.000000
1771570998.891676,16.327579,0.008352,0.007200,-0.053879,-0.025656,-1.4700,-0.000000,0.007200,0.00005184,0.048000,-1.4700,-0.000000
1771570998.923043,16.358947,0.031367,0.006750,-0.014346,-0.024609,-1.4100,-0.000000,0.006750,0.00004556,0.045000,-1.4100,-0.000000
1771570998.932009,16.367913,0.008966,0.006150,-0.066920,-0.024609,-1.4100,-0.000000,0.006150,0.00003782,0.041000,-1.4100,-0.000000
1771570998.962367,16.398270,0.030358,0.005100,-0.034587,-0.023736,-1.3600,-0.000000,0.005100,0.00002601,0.034000,-1.3600,-0.000000
1771570998.971692,16.407595,0.009325,0.005100,0.000000,-0.023736,-1.3600,-0.000000,0.005100,0.00002601,0.034000,-1.3600,-0.000000
1771570999.002825,16.438728,0.031133,0.003750,-0.043362,-0.023387,-1.3400,-0.000000,0.003750,0.00001406,0.025000,-1.3400,-0.000000
1771570999.011218,16.447121,0.008393,0.006000,0.268079,-0.023387,-1.3400,-0.000000,0.006000,0.00003600,0.040000,-1.3400,-0.000000
1771570999.042357,16.478260,0.031139,0.003600,-0.077073,-0.023387,-1.3400,-0.000000,0.003600,0.00001296,0.024000,-1.3400,-0.000000
1771570999.050274,16.486177,0.007917,0.001050,-0.322085,-0.023387,-1.3400,-0.000000,0.001050,0.00000110,0.007000,-1.3400,-0.000000
1771570999.081842,16.517745,0.031568,0.000450,-0.019006,-0.023387,-1.3400,0.000716,0.000450,0.00000020,0.003000,-1.3400,0.041000
1771570999.091627,16.527530,0.009784,-0.000150,-0.061323,-0.023387,-1.3400,0.000436,0.000150,0.00000002,-0.001000,-1.3400,0.025000
1771570999.123014,16.558918,0.031388,-0.001050,-0.028674,-0.021817,-1.2500,0.000262,0.001050,0.00000110,-0.007000,-1.2500,0.015000
1771570999.131978,16.567881,0.008963,-0.001950,-0.100409,-0.022166,-1.2700,0.000157,0.001950,0.00000380,-0.013000,-1.2700,0.009000
1771570999.162489,16.598392,0.030511,-0.001950,0.000000,-0.021817,-1.2500,0.000105,0.001950,0.00000380,-0.013000,-1.2500,0.006000
1771570999.171162,16.607065,0.008673,-0.003600,-0.190247,-0.021817,-1.2500,0.000052,0.003600,0.00001296,-0.024000,-1.2500,0.003000
1771570999.202884,16.638788,0.031722,-0.002700,0.028371,-0.019548,-1.1200,0.000035,0.002700,0.00000729,-0.018000,-1.1200,0.002000
1771570999.211086,16.646989,0.008202,-0.004500,-0.219469,-0.017628,-1.0100,0.000017,0.004500,0.00002025,-0.030000,-1.0100,0.001000
1771570999.242882,16.678785,0.031796,-0.004500,0.000000,-0.016406,-0.9400,0.000017,0.004500,0.00002025,-0.030000,-0.9400,0.001000
1771570999.251378,16.687281,0.008496,-0.004200,0.035311,-0.016406,-0.9400,0.000000,0.004200,0.00001764,-0.028000,-0.9400,0.000000
1771570999.281846,16.717749,0.030468,-0.006450,-0.073849,-0.015359,-0.8800,0.000000,0.006450,0.00004160,-0.043000,-0.8800,0.000000
1771570999.292161,16.728064,0.010315,-0.007200,-0.072710,-0.015359,-0.8800,0.000000,0.007200,0.00005184,-0.048000,-0.8800,0.000000
1771570999.322858,16.758761,0.030698,-0.007200,0.000000,-0.014137,-0.8100,0.000000,0.007200,0.00005184,-0.048000,-0.8100,0.000000
1771570999.331449,16.767352,0.008591,-0.007800,-0.069839,-0.014137,-0.8100,0.000890,0.007800,0.00006084,-0.052000,-0.8100,0.051000
1771570999.362474,16.798377,0.031025,-0.009000,-0.038679,-0.004538,-0.2600,0.000541,0.009000,0.00008100,-0.060000,-0.2600,0.031000
1771570999.370591,16.806494,0.008117,-0.009450,-0.055438,-0.004538,-0.2600,0.000332,0.009450,0.00008930,-0.063000,-0.2600,0.019000
1771570999.402761,16.838664,0.032169,-0.011100,-0.051291,0.008378,0.4800,0.000192,0.011100,0.00012321,-0.074000,0.4800,0.011000
1771570999.411163,16.847066,0.008402,-0.011850,-0.089261,0.008378,0.4800,0.000122,0.011850,0.00014042,-0.079000,0.4800,0.007000
1771570999.441910,16.877813,0.030747,-0.010200,0.053664,0.016057,0.9200,0.000070,0.010200,0.00010404,-0.068000,0.9200,0.004000
1771570999.451443,16.887346,0.009533,-0.013500,-0.346169,0.016057,0.9200,0.000052,0.013500,0.00018225,-0.090000,0.9200,0.003000
1771570999.482986,16.918890,0.031543,-0.013950,-0.014266,0.016406,0.9400,0.000035,0.013950,0.00019460,-0.093000,0.9400,0.002000
1771570999.491133,16.927036,0.008146,-0.015000,-0.128893,0.016406,0.9400,0.000017,0.015000,0.00022500,-0.100000,0.9400,0.001000
1771570999.522927,16.958830,0.031794,-0.015900,-0.028307,0.016057,0.9200,0.000017,0.015900,0.00025281,-0.106000,0.9200,0.001000
1771570999.531316,16.967219,0.008390,-0.016200,-0.035758,0.016057,0.9200,0.000803,0.016200,0.00026244,-0.108000,0.9200,0.046000
1771570999.562172,16.998075,0.030855,-0.016050,0.004861,0.018850,1.0800,0.000489,0.016050,0.00025760,-0.107000,1.0800,0.028000
1771570999.571688,17.007591,0.009516,-0.016050,0.000000,0.018850,1.0800,0.000297,0.016050,0.00025760,-0.107000,1.0800,0.017000
1771570999.602380,17.038283,0.030692,-0.016650,-0.019549,0.022689,1.3000,0.000175,0.016650,0.00027722,-0.111000,1.3000,0.010000
1771570999.610855,17.046758,0.008475,-0.016350,0.035398,0.022689,1.3000,0.000105,0.016350,0.00026732,-0.109000,1.3000,0.006000
1771570999.642627,17.078531,0.031773,-0.018600,-0.070816,0.023387,1.3400,0.000070,0.018600,0.00034596,-0.124000,1.3400,0.004000
1771570999.651232,17.087135,0.008605,-0.019950,-0.156890,0.023387,1.3400,0.000035,0.019950,0.00039800,-0.133000,1.3400,0.002000
1771570999.682220,17.118123,0.030987,-0.020550,-0.019363,0.030369,1.7400,0.000017,0.020550,0.00042230,-0.137000,1.7400,0.001000
1771570999.690481,17.126384,0.008261,-0.020850,-0.036314,0.030369,1.7400,0.000017,0.020850,0.00043472,-0.139000,1.7400,0.001000
1771570999.721858,17.157761,0.031377,-0.020550,0.009561,0.042935,2.4600,0.000017,0.020550,0.00042230,-0.137000,2.4600,0.001000
1771570999.732234,17.168137,0.010376,-0.021000,-0.043368,0.042935,2.4600,0.000000,0.021000,0.00044100,-0.140000,2.4600,0.000000
1771570999.762710,17.198613,0.030476,-0.020850,0.004922,0.044855,2.5700,0.000000,0.020850,0.00043472,-0.139000,2.5700,0.000000
1771570999.771508,17.207411,0.008798,-0.020850,0.000000,0.044855,2.5700,0.000000,0.020850,0.00043472,-0.139000,2.5700,0.000000
1771570999.802270,17.238173,0.030762,-0.020700,0.004876,0.044157,2.5300,0.000000,0.020700,0.00042849,-0.138000,2.5300,0.000000
1771570999.810670,17.246573,0.008399,-0.020700,0.000000,0.044157,2.5300,0.000000,0.020700,0.00042849,-0.138000,2.5300,0.000000
1771570999.841979,17.277882,0.031309,-0.020400,0.009582,0.044157,2.5300,0.000000,0.020400,0.00041616,-0.136000,2.5300,0.000000
1771570999.850813,17.286716,0.008834,-0.018600,0.203755,0.044157,2.5300,0.000000,0.018600,0.00034596,-0.124000,2.5300,0.000000
1771570999.882893,17.318796,0.032080,-0.017400,0.037407,0.043284,2.4800,0.000000,0.017400,0.00030276,-0.116000,2.4800,0.000000
1771570999.890661,17.326564,0.007768,-0.016800,0.077243,0.043284,2.4800,0.000000,0.016800,0.00028224,-0.112000,2.4800,0.000000
1771570999.923255,17.359158,0.032595,-0.014250,0.078234,0.041364,2.3700,0.000000,0.014250,0.00020306,-0.095000,2.3700,0.000000
1771570999.931562,17.367465,0.008307,-0.015450,-0.144461,0.041364,2.3700,0.000000,0.015450,0.00023870,-0.103000,2.3700,0.000000
1771570999.961947,17.397851,0.030385,-0.016500,-0.034556,0.039095,2.2400,0.000000,0.016500,0.00027225,-0.110000,2.2400,0.000000
1771570999.970474,17.406377,0.008526,-0.016350,0.017593,0.039095,2.2400,0.000000,0.016350,0.00026732,-0.109000,2.2400,0.000000
1771571000.001527,17.437430,0.031054,-0.015900,0.014491,0.039444,2.2600,0.000000,0.015900,0.00025281,-0.106000,2.2600,0.000000
1771571000.011537,17.447440,0.010010,-0.014400,0.149857,0.039444,2.2600,0.000000,0.014400,0.00020736,-0.096000,2.2600,0.000000
1771571000.042990,17.478893,0.031453,-0.013950,0.014307,0.039444,2.2600,0.000000,0.013950,0.00019460,-0.093000,2.2600,0.000000
1771571000.051381,17.487284,0.008391,-0.013200,0.089377,0.039444,2.2600,0.000000,0.013200,0.00017424,-0.088000,2.2600,0.000000
1771571000.082839,17.518742,0.031458,-0.012600,0.019073,0.038397,2.2000,0.000000,0.012600,0.00015876,-0.084000,2.2000,0.000000
1771571000.091672,17.527575,0.008833,-0.011700,0.101889,0.038397,2.2000,-0.000681,0.011700,0.00013689,-0.078000,2.2000,-0.039000
1771571000.122302,17.558205,0.030629,-0.009750,0.063665,0.021817,1.2500,-0.000401,0.009750,0.00009506,-0.065000,1.2500,-0.023000
1771571000.130324,17.566227,0.008022,-0.009300,0.056094,0.021817,1.2500,-0.000244,0.009300,0.00008649,-0.062000,1.2500,-0.014000
1771571000.162839,17.598742,0.032515,-0.009600,-0.009226,0.004538,0.2600,-0.000157,0.009600,0.00009216,-0.064000,0.2600,-0.009000
1771571000.171413,17.607316,0.008574,-0.008250,0.157453,0.004538,0.2600,-0.000087,0.008250,0.00006806,-0.055000,0.2600,-0.005000
1771571000.202329,17.638232,0.030916,-0.007500,0.024259,-0.001571,-0.0900,-0.000052,0.007500,0.00005625,-0.050000,-0.0900,-0.003000
1771571000.210620,17.646523,0.008291,-0.007500,0.000000,-0.001571,-0.0900,-0.000035,0.007500,0.00005625,-0.050000,-0.0900,-0.002000
1771571000.242747,17.678650,0.032127,-0.006750,0.023345,0.000349,0.0200,-0.000017,0.006750,0.00004556,-0.045000,0.0200,-0.001000
1771571000.250806,17.686709,0.008059,0.001500,1.023758,0.000349,0.0200,-0.000017,0.001500,0.00000225,0.010000,0.0200,-0.001000
1771571000.281389,17.717292,0.030583,-0.004050,-0.181474,0.001571,0.0900,-0.000000,0.004050,0.00001640,-0.027000,0.0900,-0.000000
1771571000.292550,17.728453,0.011161,-0.004650,-0.053758,0.001571,0.0900,-0.000000,0.004650,0.00002162,-0.031000,0.0900,-0.000000
1771571000.322365,17.758268,0.029815,-0.000300,0.145899,0.004189,0.2400,-0.000000,0.000300,0.00000009,-0.002000,0.2400,-0.000000
1771571000.331305,17.767208,0.008940,-0.003750,-0.385927,0.004189,0.2400,-0.000000,0.003750,0.00001406,-0.025000,0.2400,-0.000000
1771571000.361883,17.797786,0.030579,-0.002250,0.049054,0.006981,0.4000,-0.000000,0.002250,0.00000506,-0.015000,0.4000,-0.000000
1771571000.370184,17.806087,0.008301,-0.002550,-0.036139,0.006981,0.4000,-0.000000,0.002550,0.00000650,-0.017000,0.4000,-0.000000
1771571000.402814,17.838717,0.032629,-0.001800,0.022986,0.010821,0.6200,-0.000000,0.001800,0.00000324,-0.012000,0.6200,-0.000000
1771571000.410989,17.846892,0.008176,-0.001350,0.055042,0.010821,0.6200,-0.000000,0.001350,0.00000182,-0.009000,0.6200,-0.000000
1771571000.441741,17.877644,0.030752,0.000600,0.063411,0.014137,0.8100,-0.000000,0.000600,0.00000036,0.004000,0.8100,-0.000000
1771571000.451273,17.887176,0.009532,0.000600,0.000000,0.014137,0.8100,-0.000000,0.000600,0.00000036,0.004000,0.8100,-0.000000
1771571000.481639,17.917542,0.030366,0.001200,0.019759,0.014486,0.8300,-0.000000,0.001200,0.00000144,0.008000,0.8300,-0.000000
1771571000.491629,17.927532,0.009990,0.002850,0.165162,0.014486,0.8300,-0.000000,0.002850,0.00000812,0.019000,0.8300,-0.000000
1771571000.521610,17.957514,0.029982,0.003600,0.025015,0.015010,0.8600,-0.000000,0.003600,0.00001296,0.024000,0.8600,-0.000000
1771571000.532115,17.968019,0.010505,0.005100,0.142790,0.015010,0.8600,-0.000000,0.005100,0.00002601,0.034000,0.8600,-0.000000
1771571000.562391,17.998294,0.030276,0.005250,0.004954,0.013788,0.7900,-0.000000,0.005250,0.00002756,0.035000,0.7900,-0.000000
1771571000.570977,18.006880,0.008585,0.007950,0.314485,0.013788,0.7900,-0.000681,0.007950,0.00006320,0.053000,0.7900,-0.039000
1771571000.601916,18.037819,0.030939,0.007650,-0.009697,0.001571,0.0900,-0.000401,0.007650,0.00005852,0.051000,0.0900,-0.023000
1771571000.610261,18.046164,0.008345,0.007950,0.035948,0.001571,0.0900,-0.000244,0.007950,0.00006320,0.053000,0.0900,-0.014000
1771571000.642157,18.078060,0.031896,0.009750,0.056434,-0.016406,-0.9400,-0.000157,0.009750,0.00009506,0.065000,-0.9400,-0.009000
1771571000.650131,18.086034,0.007974,0.011100,0.169297,-0.016406,-0.9400,-0.000977,0.011100,0.00012321,0.074000,-0.9400,-0.056000
1771571000.683093,18.118996,0.032962,0.010950,-0.004551,-0.030718,-1.7600,-0.000593,0.010950,0.00011990,0.073000,-1.7600,-0.034000
1771571000.690949,18.126852,0.007857,0.011400,0.057277,-0.030718,-1.7600,-0.000367,0.011400,0.00012996,0.076000,-1.7600,-0.021000
1771571000.721719,18.157622,0.030769,0.012600,0.039000,-0.035256,-2.0200,-0.000227,0.012600,0.00015876,0.084000,-2.0200,-0.013000
1771571000.732068,18.167971,0.010349,0.012900,0.028988,-0.035256,-2.0200,-0.000140,0.012900,0.00016641,0.086000,-2.0200,-0.008000
1771571000.762796,18.198699,0.030728,0.013350,0.014645,-0.033685,-1.9300,-0.000087,0.013350,0.00017822,0.089000,-1.9300,-0.005000
1771571000.771211,18.207114,0.008415,0.013800,0.053473,-0.033685,-1.9300,-0.000052,0.013800,0.00019044,0.092000,-1.9300,-0.003000
1771571000.802269,18.238173,0.031058,0.013500,-0.009659,-0.033336,-1.9100,-0.000035,0.013500,0.00018225,0.090000,-1.9100,-0.002000
1771571000.810113,18.246016,0.007843,0.014100,0.076497,-0.033336,-1.9100,-0.000017,0.014100,0.00019881,0.094000,-1.9100,-0.001000
1771571000.843183,18.279086,0.033070,0.016500,0.072573,-0.029147,-1.6700,-0.000017,0.016500,0.00027225,0.110000,-1.6700,-0.001000
1771571000.850113,18.286016,0.006930,0.020100,0.519472,-0.029147,-1.6700,-0.000000,0.020100,0.00040401,0.134000,-1.6700,-0.000000
1771571000.882339,18.318243,0.032226,0.013500,-0.204803,-0.032289,-1.8500,-0.000000,0.013500,0.00018225,0.090000,-1.8500,-0.000000
1771571000.891323,18.327226,0.008983,0.013500,0.000000,-0.032289,-1.8500,-0.000000,0.013500,0.00018225,0.090000,-1.8500,-0.000000
1771571000.921996,18.357899,0.030674,0.013800,0.009780,-0.035605,-2.0400,-0.000000,0.013800,0.00019044,0.092000,-2.0400,-0.000000
1771571000.930337,18.366240,0.008341,0.013050,-0.089922,-0.035605,-2.0400,-0.000000,0.013050,0.00017030,0.087000,-2.0400,-0.000000
1771571000.961733,18.397636,0.031396,0.012750,-0.009555,-0.035256,-2.0200,-0.000000,0.012750,0.00016256,0.085000,-2.0200,-0.000000
1771571000.971093,18.406996,0.009361,0.012600,-0.016025,-0.035256,-2.0200,-0.000000,0.012600,0.00015876,0.084000,-2.0200,-0.000000
1771571001.002729,18.438632,0.031636,0.012150,-0.014224,-0.028798,-1.6500,-0.000000,0.012150,0.00014762,0.081000,-1.6500,-0.000000
1771571001.011467,18.447370,0.008738,0.011250,-0.103001,-0.028798,-1.6500,-0.000000,0.011250,0.00012656,0.075000,-1.6500,-0.000000
1771571001.042776,18.478679,0.031309,0.011100,-0.004791,-0.027227,-1.5600,-0.000000,0.011100,0.00012321,0.074000,-1.5600,-0.000000
1771571001.050952,18.486855,0.008176,0.010350,-0.091731,-0.027227,-1.5600,-0.000000,0.010350,0.00010712,0.069000,-1.5600,-0.000000
1771571001.082951,18.518854,0.031999,0.009450,-0.028126,-0.026878,-1.5400,-0.000000,0.009450,0.00008930,0.063000,-1.5400,-0.000000
1771571001.091733,18.527637,0.008783,0.008850,-0.068317,-0.026878,-1.5400,-0.000000,0.008850,0.00007832,0.059000,-1.5400,-0.000000
1771571001.122002,18.557905,0.030268,0.007800,-0.034690,-0.023736,-1.3600,-0.000000,0.007800,0.00006084,0.052000,-1.3600,-0.000000
1771571001.130243,18.566146,0.008241,0.007350,-0.054605,-0.023736,-1.3600,-0.000000,0.007350,0.00005402,0.049000,-1.3600,-0.000000
1771571001.162706,18.598609,0.032464,0.006900,-0.013862,-0.023736,-1.3600,-0.000000,0.006900,0.00004761,0.046000,-1.3600,-0.000000
1771571001.171205,18.607108,0.008499,0.008550,0.194143,-0.023736,-1.3600,-0.000000,0.008550,0.00007310,0.057000,-1.3600,-0.000000
1771571001.201706,18.637609,0.030500,0.006150,-0.078687,-0.023736,-1.3600,-0.000000,0.006150,0.00003782,0.041000,-1.3600,-0.000000
1771571001.211639,18.647542,0.009933,0.004800,-0.135911,-0.023736,-1.3600,-0.000000,0.004800,0.00002304,0.032000,-1.3600,-0.000000
1771571001.242390,18.678293,0.030751,0.004200,-0.019512,-0.023736,-1.3600,-0.000000,0.004200,0.00001764,0.028000,-1.3600,-0.000000
1771571001.250372,18.686275,0.007982,0.004050,-0.018792,-0.023736,-1.3600,-0.000000,0.004050,0.00001640,0.027000,-1.3600,-0.000000
1771571001.282409,18.718312,0.032037,0.002850,-0.037457,-0.023736,-1.3600,-0.000000,0.002850,0.00000812,0.019000,-1.3600,-0.000000
1771571001.291003,18.726906,0.008594,0.001950,-0.104730,-0.023736,-1.3600,-0.000000,0.001950,0.00000380,0.013000,-1.3600,-0.000000
1771571001.323295,18.759198,0.032292,0.000600,-0.041806,-0.023736,-1.3600,-0.000000,0.000600,0.00000036,0.004000,-1.3600,-0.000000
1771571001.332969,18.768872,0.009674,0.000150,-0.046515,-0.023736,-1.3600,-0.000000,0.000150,0.00000002,0.001000,-1.3600,-0.000000
1771571001.363057,18.798960,0.030087,-0.000900,-0.034898,-0.023736,-1.3600,-0.000000,0.000900,0.00000081,-0.006000,-1.3600,-0.000000
1771571001.371880,18.807783,0.008824,-0.001800,-0.101999,-0.023736,-1.3600,-0.000000,0.001800,0.00000324,-0.012000,-1.3600,-0.000000
1771571001.402811,18.838714,0.030931,-0.002550,-0.024248,-0.023736,-1.3600,-0.000000,0.002550,0.00000650,-0.017000,-1.3600,-0.000000
1771571001.410920,18.846823,0.008108,-0.003000,-0.055498,-0.023736,-1.3600,0.000663,0.003000,0.00000900,-0.020000,-1.3600,0.038000
1771571001.443447,18.879350,0.032527,-0.003900,-0.027669,-0.023038,-1.3200,-0.000244,0.003900,0.00001521,-0.026000,-1.3200,-0.014000
1771571001.451526,18.887429,0.008079,-0.003900,0.000000,-0.023387,-1.3400,0.000785,0.003900,0.00001521,-0.026000,-1.3400,0.045000
1771571001.481893,18.917796,0.030367,-0.003750,0.004940,-0.023038,-1.3200,0.000489,0.003750,0.00001406,-0.025000,-1.3200,0.028000
1771571001.490215,18.926118,0.008322,-0.004500,-0.090120,-0.023038,-1.3200,0.000559,0.004500,0.00002025,-0.030000,-1.3200,0.032000
1771571001.521631,18.957534,0.031416,-0.006600,-0.066846,-0.023038,-1.3200,0.000332,0.006600,0.00004356,-0.044000,-1.3200,0.019000
1771571001.530951,18.966855,0.009321,-0.006900,-0.032186,-0.023038,-1.3200,0.000209,0.006900,0.00004761,-0.046000,-1.3200,0.012000
1771571001.561568,18.997471,0.030617,-0.005250,0.053892,-0.022166,-1.2700,0.000122,0.005250,0.00002756,-0.035000,-1.2700,0.007000
1771571001.570639,19.006542,0.009071,-0.007950,-0.297640,-0.022166,-1.2700,0.001012,0.007950,0.00006320,-0.053000,-1.2700,0.058000
1771571001.602832,19.038735,0.032192,-0.010200,-0.069893,-0.009250,-0.5300,0.000611,0.010200,0.00010404,-0.068000,-0.5300,0.035000
1771571001.610521,19.046424,0.007689,-0.010200,0.000000,-0.009250,-0.5300,0.000367,0.010200,0.00010404,-0.068000,-0.5300,0.021000
1771571001.642228,19.078131,0.031707,-0.010500,-0.009462,0.017977,1.0300,0.000227,0.010500,0.00011025,-0.070000,1.0300,0.013000
1771571001.650229,19.086132,0.008001,-0.012000,-0.187469,0.017977,1.0300,0.000140,0.012000,0.00014400,-0.080000,1.0300,0.008000
1771571001.682380,19.118283,0.032151,-0.012450,-0.013996,0.037176,2.1300,0.000087,0.012450,0.00015500,-0.083000,2.1300,0.005000
1771571001.691151,19.127054,0.008771,-0.014250,-0.205218,0.037176,2.1300,0.000052,0.014250,0.00020306,-0.095000,2.1300,0.003000
1771571001.722055,19.157959,0.030904,-0.015000,-0.024268,0.035605,2.0400,0.000035,0.015000,0.00022500,-0.100000,2.0400,0.002000
1771571001.730414,19.166317,0.008358,-0.015900,-0.107675,0.035605,2.0400,0.000017,0.015900,0.00025281,-0.106000,2.0400,0.001000
1771571001.762216,19.198119,0.031802,-0.014850,0.033017,0.032987,1.8900,0.000733,0.014850,0.00022052,-0.099000,1.8900,0.042000
1771571001.771243,19.207146,0.009027,-0.015900,-0.116315,0.032987,1.8900,0.000454,0.015900,0.00025281,-0.106000,1.8900,0.026000
1771571001.801335,19.237238,0.030092,-0.016050,-0.004985,0.032289,1.8500,0.000279,0.016050,0.00025760,-0.107000,1.8500,0.016000
1771571001.811271,19.247174,0.009936,-0.016650,-0.060386,0.032289,1.8500,0.000157,0.016650,0.00027722,-0.111000,1.8500,0.009000
1771571001.841717,19.277620,0.030446,-0.016800,-0.004927,0.031765,1.8200,0.000105,0.016800,0.00028224,-0.112000,1.8200,0.006000
1771571001.852182,19.288085,0.010465,-0.016950,-0.014334,0.031765,1.8200,0.000052,0.016950,0.00028730,-0.113000,1.8200,0.003000
1771571001.881526,19.317429,0.029345,-0.017100,-0.005112,0.032289,1.8500,0.000035,0.017100,0.00029241,-0.114000,1.8500,0.002000
1771571001.891591,19.327494,0.010065,-0.017250,-0.014904,0.031765,1.8200,0.000017,0.017250,0.00029756,-0.115000,1.8200,0.001000
1771571001.922112,19.358015,0.030521,-0.018450,-0.039318,0.031765,1.8200,0.000017,0.018450,0.00034040,-0.123000,1.8200,0.001000
1771571001.930461,19.366364,0.008349,-0.018900,-0.053898,0.031765,1.8200,0.000000,0.018900,0.00035721,-0.126000,1.8200,0.000000
1771571001.962299,19.398202,0.031838,-0.017850,0.032979,0.032987,1.8900,0.000000,0.017850,0.00031862,-0.119000,1.8900,0.000000
1771571001.970934,19.406837,0.008636,-0.018900,-0.121591,0.032987,1.8900,0.000000,0.018900,0.00035721,-0.126000,1.8900,0.000000
1771571002.001410,19.437313,0.030476,-0.019050,-0.004922,0.034907,2.0000,0.000000,0.019050,0.00036290,-0.127000,2.0000,0.000000
1771571002.011013,19.446916,0.009603,-0.018600,0.046863,0.034907,2.0000,0.000000,0.018600,0.00034596,-0.124000,2.0000,0.000000
1771571002.042840,19.478743,0.031828,-0.017400,0.037703,0.034907,2.0000,0.000000,0.017400,0.00030276,-0.116000,2.0000,0.000000
1771571002.050718,19.486621,0.007877,-0.017100,0.038084,0.034907,2.0000,0.000000,0.017100,0.00029241,-0.114000,2.0000,0.000000
1771571002.082456,19.518359,0.031738,-0.017100,0.000000,0.034907,2.0000,0.000000,0.017100,0.00029241,-0.114000,2.0000,0.000000
1771571002.090879,19.526782,0.008423,-0.017100,0.000000,0.034907,2.0000,0.000000,0.017100,0.00029241,-0.114000,2.0000,0.000000
1771571002.121495,19.557398,0.030616,-0.016950,0.004899,0.034558,1.9800,0.000000,0.016950,0.00028730,-0.113000,1.9800,0.000000
1771571002.131527,19.567430,0.010033,-0.017100,-0.014951,0.034558,1.9800,0.000000,0.017100,0.00029241,-0.114000,1.9800,0.000000
1771571002.163073,19.598976,0.031545,-0.017100,0.000000,0.034907,2.0000,0.000000,0.017100,0.00029241,-0.114000,2.0000,0.000000
1771571002.171395,19.607298,0.008322,-0.016950,0.018023,0.034907,2.0000,0.000000,0.016950,0.00028730,-0.113000,2.0000,0.000000
1771571002.202024,19.637927,0.030628,-0.016950,0.000000,0.034558,1.9800,0.000000,0.016950,0.00028730,-0.113000,1.9800,0.000000
1771571002.211474,19.647377,0.009451,-0.016950,0.000000,0.034558,1.9800,0.000000,0.016950,0.00028730,-0.113000,1.9800,0.000000
1771571002.241695,19.677598,0.030220,-0.016950,0.000000,0.034558,1.9800,0.000000,0.016950,0.00028730,-0.113000,1.9800,0.000000
1771571002.251035,19.686938,0.009340,-0.016800,0.016060,0.034558,1.9800,0.000000,0.016800,0.00028224,-0.112000,1.9800,0.000000
1771571002.282348,19.718251,0.031314,-0.016950,-0.004790,0.034907,2.0000,0.000000,0.016950,0.00028730,-0.113000,2.0000,0.000000
1771571002.290770,19.726673,0.008421,-0.016950,0.000000,0.034907,2.0000,0.000000,0.016950,0.00028730,-0.113000,2.0000,0.000000
1771571002.322489,19.758392,0.031719,-0.016950,0.000000,0.034558,1.9800,0.000000,0.016950,0.00028730,-0.113000,1.9800,0.000000
1771571002.330284,19.766187,0.007795,-0.017250,-0.038485,0.034558,1.9800,0.000000,0.017250,0.00029756,-0.115000,1.9800,0.000000
1771571002.361953,19.797856,0.031669,-0.016950,0.009473,0.034907,2.0000,0.000000,0.016950,0.00028730,-0.113000,2.0000,0.000000
1771571002.370597,19.806500,0.008644,-0.017100,-0.017353,0.034907,2.0000,0.000000,0.017100,0.00029241,-0.114000,2.0000,0.000000
1771571002.401439,19.837343,0.030842,-0.017100,0.000000,0.034558,1.9800,0.000000,0.017100,0.00029241,-0.114000,1.9800,0.000000
1771571002.411718,19.847621,0.010279,-0.017100,0.000000,0.034558,1.9800,0.000000,0.017100,0.00029241,-0.114000,1.9800,0.000000
1771571002.442655,19.878558,0.030937,-0.017250,-0.004849,0.034907,2.0000,0.000000,0.017250,0.00029756,-0.115000,2.0000,0.000000
1771571002.450716,19.886619,0.008060,-0.017250,0.000000,0.034907,2.0000,0.000000,0.017250,0.00029756,-0.115000,2.0000,0.000000
1771571002.482987,19.918890,0.032271,-0.017250,0.000000,0.034907,2.0000,0.000000,0.017250,0.00029756,-0.115000,2.0000,0.000000
1771571002.490935,19.926838,0.007948,-0.017250,0.000000,0.034907,2.0000,0.000000,0.017250,0.00029756,-0.115000,2.0000,0.000000
1771571002.521761,19.957664,0.030826,-0.017100,0.004866,0.034907,2.0000,0.000000,0.017100,0.00029241,-0.114000,2.0000,0.000000
1771571002.532529,19.968432,0.010767,-0.017250,-0.013931,0.034907,2.0000,0.000000,0.017250,0.00029756,-0.115000,2.0000,0.000000
1771571002.562730,19.998633,0.030201,-0.017250,0.000000,0.034907,2.0000,0.000000,0.017250,0.00029756,-0.115000,2.0000,0.000000
1771571002.570754,20.006657,0.008024,-0.017250,0.000000,0.034907,2.0000,0.000000,0.017250,0.00029756,-0.115000,2.0000,0.000000
1771571002.601637,20.037540,0.030882,-0.017250,0.000000,0.034907,2.0000,0.000000,0.017250,0.00029756,-0.115000,2.0000,0.000000
1771571002.610043,20.045946,0.008406,-0.017250,0.000000,0.034907,2.0000,0.000000,0.017250,0.00029756,-0.115000,2.0000,0.000000
1771571002.641420,20.077323,0.031377,-0.017250,0.000000,0.034907,2.0000,0.000000,0.017250,0.00029756,-0.115000,2.0000,0.000000
1771571002.651318,20.087221,0.009898,-0.017250,0.000000,0.034907,2.0000,0.000000,0.017250,0.00029756,-0.115000,2.0000,0.000000
1771571002.682694,20.118598,0.031377,-0.017100,0.004781,0.034907,2.0000,0.000000,0.017100,0.00029241,-0.114000,2.0000,0.000000
1771571002.691106,20.127009,0.008412,-0.017100,0.000000,0.034907,2.0000,0.000000,0.017100,0.00029241,-0.114000,2.0000,0.000000
1771571002.721849,20.157752,0.030743,-0.017250,-0.004879,0.034907,2.0000,0.000000,0.017250,0.00029756,-0.115000,2.0000,0.000000
1771571002.731538,20.167441,0.009689,-0.017250,0.000000,0.034907,2.0000,0.000000,0.017250,0.00029756,-0.115000,2.0000,0.000000
1771571002.762374,20.198277,0.030836,-0.016950,0.009729,0.034558,1.9800,0.000000,0.016950,0.00028730,-0.113000,1.9800,0.000000
1771571002.770969,20.206872,0.008595,-0.017250,-0.034904,0.034558,1.9800,0.000000,0.017250,0.00029756,-0.115000,1.9800,0.000000
1771571002.801851,20.237754,0.030882,-0.017250,0.000000,0.034907,2.0000,0.000000,0.017250,0.00029756,-0.115000,2.0000,0.000000
1771571002.811306,20.247209,0.009454,-0.017250,0.000000,0.034907,2.0000,0.000000,0.017250,0.00029756,-0.115000,2.0000,0.000000
1771571002.841614,20.277517,0.030308,-0.017250,0.000000,0.034907,2.0000,0.000000,0.017250,0.00029756,-0.115000,2.0000,0.000000
1771571002.850625,20.286528,0.009011,-0.017250,0.000000,0.034907,2.0000,0.000000,0.017250,0.00029756,-0.115000,2.0000,0.000000
1771571002.881632,20.317535,0.031007,-0.017250,0.000000,0.034907,2.0000,0.000000,0.017250,0.00029756,-0.115000,2.0000,0.000000
1771571002.891263,20.327166,0.009631,-0.017250,0.000000,0.034907,2.0000,0.000000,0.017250,0.00029756,-0.115000,2.0000,0.000000
1771571002.922643,20.358546,0.031381,-0.017250,0.000000,0.034907,2.0000,0.000000,0.017250,0.00029756,-0.115000,2.0000,0.000000
1771571002.930480,20.366383,0.007837,-0.017250,0.000000,0.034907,2.0000,0.000000,0.017250,0.00029756,-0.115000,2.0000,0.000000
1771571002.961766,20.397669,0.031286,-0.017250,0.000000,0.034907,2.0000,0.000000,0.017250,0.00029756,-0.115000,2.0000,0.000000
1771571002.970725,20.406628,0.008959,-0.017250,0.000000,0.034907,2.0000,0.000000,0.017250,0.00029756,-0.115000,2.0000,0.000000
1771571003.001858,20.437762,0.031133,-0.017250,0.000000,0.034907,2.0000,0.000000,0.017250,0.00029756,-0.115000,2.0000,0.000000
1771571003.010186,20.446089,0.008327,-0.017250,0.000000,0.034907,2.0000,0.000000,0.017250,0.00029756,-0.115000,2.0000,0.000000
1771571003.041781,20.477684,0.031595,-0.017250,0.000000,0.034907,2.0000,0.000000,0.017250,0.00029756,-0.115000,2.0000,0.000000
1771571003.049973,20.485876,0.008191,-0.017250,0.000000,0.034907,2.0000,0.000000,0.017250,0.00029756,-0.115000,2.0000,0.000000
1771571003.083599,20.519502,0.033627,-0.017250,0.000000,0.034907,2.0000,0.000000,0.017250,0.00029756,-0.115000,2.0000,0.000000
1771571003.091169,20.527072,0.007570,-0.017250,0.000000,0.034907,2.0000,0.000000,0.017250,0.00029756,-0.115000,2.0000,0.000000
1771571003.121608,20.557511,0.030438,-0.017250,0.000000,0.034558,1.9800,0.000000,0.017250,0.00029756,-0.115000,1.9800,0.000000
1771571003.131128,20.567031,0.009521,-0.017250,0.000000,0.034558,1.9800,0.000000,0.017250,0.00029756,-0.115000,1.9800,0.000000
1771571003.162291,20.598194,0.031163,-0.017250,0.000000,0.034907,2.0000,0.000000,0.017250,0.00029756,-0.115000,2.0000,0.000000
1771571003.170627,20.606530,0.008336,-0.017250,0.000000,0.034907,2.0000,0.000000,0.017250,0.00029756,-0.115000,2.0000,0.000000
1771571003.201955,20.637858,0.031328,-0.017250,0.000000,0.034907,2.0000,0.000000,0.017250,0.00029756,-0.115000,2.0000,0.000000
1771571003.210570,20.646473,0.008615,-0.017250,0.000000,0.034907,2.0000,0.000000,0.017250,0.00029756,-0.115000,2.0000,0.000000
1771571003.242669,20.678572,0.032099,-0.017250,0.000000,0.034558,1.9800,0.000000,0.017250,0.00029756,-0.115000,1.9800,0.000000
1771571003.250923,20.686826,0.008254,-0.017250,0.000000,0.034558,1.9800,0.000000,0.017250,0.00029756,-0.115000,1.9800,0.000000
1771571003.282435,20.718338,0.031512,-0.017250,0.000000,0.034907,2.0000,0.000000,0.017250,0.00029756,-0.115000,2.0000,0.000000
1771571003.291080,20.726984,0.008645,-0.017250,0.000000,0.034907,2.0000,0.000000,0.017250,0.00029756,-0.115000,2.0000,0.000000
1771571003.321862,20.757766,0.030782,-0.017250,0.000000,0.034907,2.0000,0.000000,0.017250,0.00029756,-0.115000,2.0000,0.000000
1771571003.330141,20.766044,0.008278,-0.017250,0.000000,0.034907,2.0000,0.000000,0.017250,0.00029756,-0.115000,2.0000,0.000000
1771571003.362164,20.798067,0.032023,-0.017250,0.000000,0.034558,1.9800,0.000000,0.017250,0.00029756,-0.115000,1.9800,0.000000
1771571003.370559,20.806463,0.008396,-0.017250,0.000000,0.034558,1.9800,0.000000,0.017250,0.00029756,-0.115000,1.9800,0.000000
1771571003.402008,20.837911,0.031448,-0.017250,0.000000,0.034907,2.0000,0.000000,0.017250,0.00029756,-0.115000,2.0000,0.000000
1771571003.411451,20.847354,0.009443,-0.017250,0.000000,0.034907,2.0000,0.000000,0.017250,0.00029756,-0.115000,2.0000,0.000000
1771571003.442152,20.878055,0.030701,-0.017250,0.000000,0.034907,2.0000,0.000000,0.017250,0.00029756,-0.115000,2.0000,0.000000
1771571003.450595,20.886498,0.008443,-0.017250,0.000000,0.034907,2.0000,0.000000,0.017250,0.00029756,-0.115000,2.0000,0.000000
1771571003.481587,20.917490,0.030992,-0.017250,0.000000,0.034558,1.9800,0.000000,0.017250,0.00029756,-0.115000,1.9800,0.000000
1771571003.490064,20.925967,0.008477,-0.017250,0.000000,0.034558,1.9800,0.000000,0.017250,0.00029756,-0.115000,1.9800,0.000000
1771571003.522436,20.958339,0.032371,-0.017250,0.000000,0.034907,2.0000,0.000000,0.017250,0.00029756,-0.115000,2.0000,0.000000
1771571003.530873,20.966776,0.008437,-0.017250,0.000000,0.034907,2.0000,0.000000,0.017250,0.00029756,-0.115000,2.0000,0.000000
1771571003.562456,20.998359,0.031583,-0.017250,0.000000,0.034907,2.0000,0.000000,0.017250,0.00029756,-0.115000,2.0000,0.000000
1771571003.571069,21.006972,0.008613,-0.017250,0.000000,0.034907,2.0000,0.000000,0.017250,0.00029756,-0.115000,2.0000,0.000000
1771571003.602164,21.038067,0.031095,-0.017250,0.000000,0.034907,2.0000,0.000000,0.017250,0.00029756,-0.115000,2.0000,0.000000
1771571003.610173,21.046076,0.008009,-0.017250,0.000000,0.034907,2.0000,0.000000,0.017250,0.00029756,-0.115000,2.0000,0.000000
1771571003.642130,21.078033,0.031957,-0.017100,0.004694,0.034907,2.0000,0.000000,0.017100,0.00029241,-0.114000,2.0000,0.000000
1771571003.650571,21.086474,0.008441,-0.017250,-0.017769,0.034907,2.0000,0.000000,0.017250,0.00029756,-0.115000,2.0000,0.000000
1771571003.682657,21.118560,0.032086,-0.017250,0.000000,0.034558,1.9800,0.000000,0.017250,0.00029756,-0.115000,1.9800,0.000000
1771571003.690620,21.126523,0.007963,-0.017250,0.000000,0.034558,1.9800,0.000000,0.017250,0.00029756,-0.115000,1.9800,0.000000
1771571003.722455,21.158358,0.031835,-0.017250,0.000000,0.034907,2.0000,0.000000,0.017250,0.00029756,-0.115000,2.0000,0.000000
1771571003.730296,21.166199,0.007841,-0.017250,0.000000,0.034907,2.0000,0.000000,0.017250,0.00029756,-0.115000,2.0000,0.000000
1771571003.762128,21.198031,0.031832,-0.017250,0.000000,0.034907,2.0000,0.000000,0.017250,0.00029756,-0.115000,2.0000,0.000000
1771571003.770115,21.206018,0.007987,-0.017250,0.000000,0.034907,2.0000,0.000000,0.017250,0.00029756,-0.115000,2.0000,0.000000
1771571003.801515,21.237418,0.031401,-0.017250,0.000000,0.034907,2.0000,0.000000,0.017250,0.00029756,-0.115000,2.0000,0.000000
1771571003.810939,21.246842,0.009424,-0.017250,0.000000,0.034907,2.0000,0.000000,0.017250,0.00029756,-0.115000,2.0000,0.000000
1771571003.842661,21.278564,0.031721,-0.017250,0.000000,0.034907,2.0000,0.000000,0.017250,0.00029756,-0.115000,2.0000,0.000000
1771571003.850973,21.286876,0.008312,-0.017250,0.000000,0.034907,2.0000,0.000000,0.017250,0.00029756,-0.115000,2.0000,0.000000
1771571003.881601,21.317504,0.030628,-0.017250,0.000000,0.034907,2.0000,0.000000,0.017250,0.00029756,-0.115000,2.0000,0.000000
1771571003.890018,21.325922,0.008418,-0.017250,0.000000,0.034907,2.0000,0.000000,0.017250,0.00029756,-0.115000,2.0000,0.000000
1771571003.921915,21.357818,0.031896,-0.017250,0.000000,0.034907,2.0000,0.000000,0.017250,0.00029756,-0.115000,2.0000,0.000000
1771571003.930647,21.366550,0.008733,-0.017250,0.000000,0.034907,2.0000,0.000000,0.017250,0.00029756,-0.115000,2.0000,0.000000
1771571003.962132,21.398036,0.031485,-0.017250,0.000000,0.034907,2.0000,0.000000,0.017250,0.00029756,-0.115000,2.0000,0.000000
1771571003.970675,21.406578,0.008542,-0.017250,0.000000,0.034907,2.0000,0.000000,0.017250,0.00029756,-0.115000,2.0000,0.000000
1771571004.002725,21.438628,0.032050,-0.017250,0.000000,0.034558,1.9800,0.000000,0.017250,0.00029756,-0.115000,1.9800,0.000000
1771571004.011597,21.447500,0.008872,-0.017250,0.000000,0.034558,1.9800,0.000000,0.017250,0.00029756,-0.115000,1.9800,0.000000
1771571004.042031,21.477934,0.030434,-0.017250,0.000000,0.034907,2.0000,0.000000,0.017250,0.00029756,-0.115000,2.0000,0.000000
1771571004.050991,21.486894,0.008960,-0.017250,0.000000,0.034907,2.0000,0.000000,0.017250,0.00029756,-0.115000,2.0000,0.000000
1771571004.081890,21.517793,0.030899,-0.017250,0.000000,0.034907,2.0000,0.000000,0.017250,0.00029756,-0.115000,2.0000,0.000000
1771571004.090345,21.526248,0.008455,-0.017250,0.000000,0.034907,2.0000,0.000000,0.017250,0.00029756,-0.115000,2.0000,0.000000
1771571004.122960,21.558863,0.032615,-0.017250,0.000000,0.034907,2.0000,0.000000,0.017250,0.00029756,-0.115000,2.0000,0.000000
1771571004.131086,21.566989,0.008126,-0.017250,0.000000,0.034907,2.0000,0.000000,0.017250,0.00029756,-0.115000,2.0000,0.000000
1771571004.161440,21.597343,0.030354,-0.017250,0.000000,0.034907,2.0000,0.000000,0.017250,0.00029756,-0.115000,2.0000,0.000000
1771571004.170421,21.606324,0.008981,-0.017250,0.000000,0.034907,2.0000,0.000000,0.017250,0.00029756,-0.115000,2.0000,0.000000
1771571004.201279,21.637182,0.030858,-0.017250,0.000000,0.034907,2.0000,0.000000,0.017250,0.00029756,-0.115000,2.0000,0.000000
1771571004.210896,21.646800,0.009617,-0.017250,0.000000,0.034907,2.0000,0.000000,0.017250,0.00029756,-0.115000,2.0000,0.000000
1771571004.241515,21.677418,0.030619,-0.017250,0.000000,0.034907,2.0000,0.000000,0.017250,0.00029756,-0.115000,2.0000,0.000000
1771571004.251158,21.687061,0.009643,-0.017250,0.000000,0.034907,2.0000,0.000000,0.017250,0.00029756,-0.115000,2.0000,0.000000
1771571004.281646,21.717550,0.030488,-0.017250,0.000000,0.034907,2.0000,0.000000,0.017250,0.00029756,-0.115000,2.0000,0.000000
1771571004.290074,21.725977,0.008427,-0.017250,0.000000,0.034907,2.0000,0.000000,0.017250,0.00029756,-0.115000,2.0000,0.000000
1771571004.322657,21.758560,0.032583,-0.017250,0.000000,0.034907,2.0000,0.000000,0.017250,0.00029756,-0.115000,2.0000,0.000000
1771571004.330903,21.766806,0.008246,-0.017100,0.018190,0.034907,2.0000,0.000000,0.017100,0.00029241,-0.114000,2.0000,0.000000
1771571004.362056,21.797959,0.031153,-0.017250,-0.004815,0.034907,2.0000,0.000000,0.017250,0.00029756,-0.115000,2.0000,0.000000
1771571004.370317,21.806220,0.008260,-0.017250,0.000000,0.034907,2.0000,0.000000,0.017250,0.00029756,-0.115000,2.0000,0.000000
1771571004.401902,21.837806,0.031586,-0.017250,0.000000,0.034907,2.0000,0.000000,0.017250,0.00029756,-0.115000,2.0000,0.000000
1771571004.410258,21.846161,0.008355,-0.017100,0.017953,0.034907,2.0000,0.000000,0.017100,0.00029241,-0.114000,2.0000,0.000000
1771571004.442225,21.878128,0.031967,-0.017250,-0.004692,0.034907,2.0000,0.000000,0.017250,0.00029756,-0.115000,2.0000,0.000000
1771571004.450671,21.886575,0.008446,-0.017250,0.000000,0.034907,2.0000,0.000000,0.017250,0.00029756,-0.115000,2.0000,0.000000
1771571004.481781,21.917684,0.031110,-0.017250,0.000000,0.034907,2.0000,0.000000,0.017250,0.00029756,-0.115000,2.0000,0.000000
1771571004.491206,21.927109,0.009425,-0.017250,0.000000,0.034907,2.0000,0.000000,0.017250,0.00029756,-0.115000,2.0000,0.000000
1771571004.522193,21.958096,0.030986,-0.017250,0.000000,0.034907,2.0000,0.000000,0.017250,0.00029756,-0.115000,2.0000,0.000000
1771571004.530447,21.966350,0.008254,-0.017250,0.000000,0.034907,2.0000,0.000000,0.017250,0.00029756,-0.115000,2.0000,0.000000
1771571004.562020,21.997923,0.031573,-0.017250,0.000000,0.034907,2.0000,0.000000,0.017250,0.00029756,-0.115000,2.0000,0.000000
1771571004.569851,22.005754,0.007831,-0.017250,0.000000,0.034907,2.0000,0.000000,0.017250,0.00029756,-0.115000,2.0000,0.000000
1771571004.602175,22.038078,0.032324,-0.017250,0.000000,0.034907,2.0000,0.000000,0.017250,0.00029756,-0.115000,2.0000,0.000000
1771571004.609914,22.045817,0.007739,-0.017250,0.000000,0.034907,2.0000,0.000000,0.017250,0.00029756,-0.115000,2.0000,0.000000
1771571004.642697,22.078600,0.032783,-0.017250,0.000000,0.034907,2.0000,0.000000,0.017250,0.00029756,-0.115000,2.0000,0.000000
1771571004.650591,22.086494,0.007894,-0.017250,0.000000,0.034907,2.0000,0.000000,0.017250,0.00029756,-0.115000,2.0000,0.000000
1771571004.683190,22.119093,0.032599,-0.017250,0.000000,0.034558,1.9800,0.000000,0.017250,0.00029756,-0.115000,1.9800,0.000000
1771571004.691305,22.127208,0.008115,-0.017250,0.000000,0.034558,1.9800,0.000000,0.017250,0.00029756,-0.115000,1.9800,0.000000
1771571004.721160,22.157063,0.029855,-0.017250,0.000000,0.034907,2.0000,0.000000,0.017250,0.00029756,-0.115000,2.0000,0.000000
1771571004.731049,22.166952,0.009889,-0.017250,0.000000,0.034907,2.0000,0.000000,0.017250,0.00029756,-0.115000,2.0000,0.000000
1771571004.762559,22.198462,0.031510,-0.017250,0.000000,0.034907,2.0000,0.000000,0.017250,0.00029756,-0.115000,2.0000,0.000000
1771571004.770992,22.206895,0.008432,-0.017250,0.000000,0.034907,2.0000,0.000000,0.017250,0.00029756,-0.115000,2.0000,0.000000
1771571004.801536,22.237439,0.030545,-0.017250,0.000000,0.034558,1.9800,0.000000,0.017250,0.00029756,-0.115000,1.9800,0.000000
1771571004.809764,22.245667,0.008228,-0.017250,0.000000,0.034558,1.9800,0.000000,0.017250,0.00029756,-0.115000,1.9800,0.000000
1771571004.841738,22.277641,0.031974,-0.017250,0.000000,0.034907,2.0000,0.000000,0.017250,0.00029756,-0.115000,2.0000,0.000000
1771571004.850132,22.286035,0.008394,-0.017250,0.000000,0.034907,2.0000,0.000000,0.017250,0.00029756,-0.115000,2.0000,0.000000
1771571004.883597,22.319500,0.033464,-0.017250,0.000000,0.034907,2.0000,0.000000,0.017250,0.00029756,-0.115000,2.0000,0.000000
1771571004.890207,22.326110,0.006611,-0.017250,0.000000,0.034907,2.0000,0.000000,0.017250,0.00029756,-0.115000,2.0000,0.000000
1771571004.921884,22.357787,0.031676,-0.017250,0.000000,0.034907,2.0000,0.000000,0.017250,0.00029756,-0.115000,2.0000,0.000000
1771571004.929874,22.365777,0.007990,-0.017250,0.000000,0.034907,2.0000,0.000000,0.017250,0.00029756,-0.115000,2.0000,0.000000
1771571004.961847,22.397750,0.031973,-0.017250,0.000000,0.034907,2.0000,0.000000,0.017250,0.00029756,-0.115000,2.0000,0.000000
1771571004.971720,22.407623,0.009873,-0.017250,0.000000,0.034907,2.0000,0.000000,0.017250,0.00029756,-0.115000,2.0000,0.000000
1771571005.002423,22.438326,0.030703,-0.017250,0.000000,0.034558,1.9800,0.000000,0.017250,0.00029756,-0.115000,1.9800,0.000000
1771571005.010799,22.446702,0.008376,-0.017250,0.000000,0.034558,1.9800,0.000000,0.017250,0.00029756,-0.115000,1.9800,0.000000
1771571005.042106,22.478009,0.031307,-0.017250,0.000000,0.034558,1.9800,0.000000,0.017250,0.00029756,-0.115000,1.9800,0.000000
1771571005.050545,22.486448,0.008439,-0.017250,0.000000,0.034558,1.9800,0.000000,0.017250,0.00029756,-0.115000,1.9800,0.000000
1771571005.081346,22.517249,0.030801,-0.017250,0.000000,0.034907,2.0000,0.000000,0.017250,0.00029756,-0.115000,2.0000,0.000000
1771571005.090383,22.526286,0.009037,-0.017250,0.000000,0.034907,2.0000,0.000000,0.017250,0.00029756,-0.115000,2.0000,0.000000
1771571005.122464,22.558367,0.032080,-0.017250,0.000000,0.034907,2.0000,0.000000,0.017250,0.00029756,-0.115000,2.0000,0.000000
1771571005.130382,22.566285,0.007918,-0.017250,0.000000,0.034907,2.0000,0.000000,0.017250,0.00029756,-0.115000,2.0000,0.000000
1771571005.162609,22.598512,0.032228,-0.017250,0.000000,0.034907,2.0000,0.000000,0.017250,0.00029756,-0.115000,2.0000,0.000000
1771571005.170675,22.606578,0.008066,-0.017250,0.000000,0.034907,2.0000,0.000000,0.017250,0.00029756,-0.115000,2.0000,0.000000
1771571005.202740,22.638643,0.032064,-0.017250,0.000000,0.034907,2.0000,0.000000,0.017250,0.00029756,-0.115000,2.0000,0.000000
1771571005.212126,22.648029,0.009386,-0.017250,0.000000,0.034907,2.0000,0.000000,0.017250,0.00029756,-0.115000,2.0000,0.000000
1771571005.241171,22.677074,0.029045,-0.017250,0.000000,0.034558,1.9800,0.000000,0.017250,0.00029756,-0.115000,1.9800,0.000000
1771571005.251788,22.687691,0.010617,-0.017250,0.000000,0.034558,1.9800,0.000000,0.017250,0.00029756,-0.115000,1.9800,0.000000
1771571005.282199,22.718102,0.030411,-0.017250,0.000000,0.034907,2.0000,0.000000,0.017250,0.00029756,-0.115000,2.0000,0.000000
1771571005.291723,22.727627,0.009524,-0.017250,0.000000,0.034907,2.0000,0.000000,0.017250,0.00029756,-0.115000,2.0000,0.000000
1771571005.322705,22.758608,0.030981,-0.017250,0.000000,0.034558,1.9800,0.000000,0.017250,0.00029756,-0.115000,1.9800,0.000000
1771571005.331031,22.766934,0.008327,-0.017250,0.000000,0.034558,1.9800,0.000000,0.017250,0.00029756,-0.115000,1.9800,0.000000
1771571005.361213,22.797116,0.030181,-0.017250,0.000000,0.034907,2.0000,0.000000,0.017250,0.00029756,-0.115000,2.0000,0.000000
1771571005.371549,22.807452,0.010336,-0.017250,0.000000,0.034907,2.0000,0.000000,0.017250,0.00029756,-0.115000,2.0000,0.000000
1771571005.401994,22.837898,0.030445,-0.017250,0.000000,0.034907,2.0000,0.000000,0.017250,0.00029756,-0.115000,2.0000,0.000000
1771571005.410371,22.846274,0.008376,-0.017250,0.000000,0.034907,2.0000,0.000000,0.017250,0.00029756,-0.115000,2.0000,0.000000
1771571005.441534,22.877437,0.031164,-0.017250,0.000000,0.034907,2.0000,0.000000,0.017250,0.00029756,-0.115000,2.0000,0.000000
1771571005.451481,22.887384,0.009947,-0.017250,0.000000,0.034907,2.0000,0.000000,0.017250,0.00029756,-0.115000,2.0000,0.000000
1771571005.482056,22.917959,0.030574,-0.017250,0.000000,0.034558,1.9800,0.000000,0.017250,0.00029756,-0.115000,1.9800,0.000000
1771571005.490435,22.926338,0.008379,-0.017250,0.000000,0.034558,1.9800,0.000000,0.017250,0.00029756,-0.115000,1.9800,0.000000
1771571005.521796,22.957700,0.031361,-0.017250,0.000000,0.034907,2.0000,0.000000,0.017250,0.00029756,-0.115000,2.0000,0.000000
1771571005.531221,22.967124,0.009425,-0.017250,0.000000,0.034907,2.0000,0.000000,0.017250,0.00029756,-0.115000,2.0000,0.000000
1771571005.562561,22.998464,0.031339,-0.017250,0.000000,0.034907,2.0000,0.000000,0.017250,0.00029756,-0.115000,2.0000,0.000000
1771571005.570712,23.006615,0.008152,-0.017250,0.000000,0.034907,2.0000,0.000000,0.017250,0.00029756,-0.115000,2.0000,0.000000
1771571005.601669,23.037572,0.030957,-0.017250,0.000000,0.034907,2.0000,0.000000,0.017250,0.00029756,-0.115000,2.0000,0.000000
1771571005.610012,23.045915,0.008343,-0.017250,0.000000,0.034907,2.0000,0.000000,0.017250,0.00029756,-0.115000,2.0000,0.000000
1771571005.642081,23.077984,0.032069,-0.017250,0.000000,0.034558,1.9800,0.000000,0.017250,0.00029756,-0.115000,1.9800,0.000000
1771571005.651757,23.087660,0.009676,-0.017250,0.000000,0.034558,1.9800,0.000000,0.017250,0.00029756,-0.115000,1.9800,0.000000
1771571005.681535,23.117438,0.029778,-0.017250,0.000000,0.034907,2.0000,0.000000,0.017250,0.00029756,-0.115000,2.0000,0.000000
1771571005.691145,23.127048,0.009610,-0.017250,0.000000,0.034907,2.0000,0.000000,0.017250,0.00029756,-0.115000,2.0000,0.000000
1771571005.722378,23.158281,0.031233,-0.017250,0.000000,0.034907,2.0000,0.000000,0.017250,0.00029756,-0.115000,2.0000,0.000000
1771571005.730647,23.166550,0.008269,-0.017250,0.000000,0.034907,2.0000,0.000000,0.017250,0.00029756,-0.115000,2.0000,0.000000
1771571005.762614,23.198517,0.031967,-0.017250,0.000000,0.034907,2.0000,0.000000,0.017250,0.00029756,-0.115000,2.0000,0.000000
1771571005.770692,23.206595,0.008078,-0.017250,0.000000,0.034907,2.0000,0.000000,0.017250,0.00029756,-0.115000,2.0000,0.000000
1771571005.801784,23.237687,0.031092,-0.017250,0.000000,0.034907,2.0000,0.000000,0.017250,0.00029756,-0.115000,2.0000,0.000000
1771571005.810179,23.246082,0.008395,-0.017250,0.000000,0.034907,2.0000,0.000000,0.017250,0.00029756,-0.115000,2.0000,0.000000
1771571005.842494,23.278397,0.032314,-0.017250,0.000000,0.034907,2.0000,0.000000,0.017250,0.00029756,-0.115000,2.0000,0.000000
1771571005.850585,23.286488,0.008091,-0.017250,0.000000,0.034907,2.0000,0.000000,0.017250,0.00029756,-0.115000,2.0000,0.000000
1771571005.881305,23.317208,0.030720,-0.017250,0.000000,0.034907,2.0000,0.000000,0.017250,0.00029756,-0.115000,2.0000,0.000000
1771571005.889830,23.325733,0.008525,-0.017250,0.000000,0.034907,2.0000,0.000000,0.017250,0.00029756,-0.115000,2.0000,0.000000
1771571005.922307,23.358210,0.032477,-0.017250,0.000000,0.034558,1.9800,0.000000,0.017250,0.00029756,-0.115000,1.9800,0.000000
1771571005.930529,23.366432,0.008222,-0.017250,0.000000,0.034558,1.9800,0.000000,0.017250,0.00029756,-0.115000,1.9800,0.000000
1771571005.962434,23.398337,0.031904,-0.017250,0.000000,0.034907,2.0000,0.000000,0.017250,0.00029756,-0.115000,2.0000,0.000000
1771571005.970592,23.406496,0.008159,-0.017250,0.000000,0.034907,2.0000,0.000000,0.017250,0.00029756,-0.115000,2.0000,0.000000
1771571006.001982,23.437885,0.031389,-0.017250,0.000000,0.034907,2.0000,0.000000,0.017250,0.00029756,-0.115000,2.0000,0.000000
1771571006.010305,23.446208,0.008323,-0.017250,0.000000,0.034907,2.0000,0.000000,0.017250,0.00029756,-0.115000,2.0000,0.000000
1771571006.042042,23.477945,0.031737,-0.017250,0.000000,0.034907,2.0000,0.000000,0.017250,0.00029756,-0.115000,2.0000,0.000000
1771571006.050206,23.486109,0.008164,-0.017250,0.000000,0.034907,2.0000,0.000000,0.017250,0.00029756,-0.115000,2.0000,0.000000
1771571006.082256,23.518159,0.032051,-0.017250,0.000000,0.034907,2.0000,0.000000,0.017250,0.00029756,-0.115000,2.0000,0.000000
1771571006.090484,23.526387,0.008228,-0.017250,0.000000,0.034907,2.0000,0.000000,0.017250,0.00029756,-0.115000,2.0000,0.000000
1771571006.121823,23.557726,0.031339,-0.017250,0.000000,0.034558,1.9800,0.000000,0.017250,0.00029756,-0.115000,1.9800,0.000000
1771571006.130278,23.566181,0.008455,-0.017100,0.017740,0.034558,1.9800,0.000000,0.017100,0.00029241,-0.114000,1.9800,0.000000
1771571006.161602,23.597505,0.031324,-0.017250,-0.004789,0.034907,2.0000,0.000000,0.017250,0.00029756,-0.115000,2.0000,0.000000
1771571006.171009,23.606912,0.009407,-0.017250,0.000000,0.034907,2.0000,0.000000,0.017250,0.00029756,-0.115000,2.0000,0.000000
1771571006.202029,23.637933,0.031021,-0.017250,0.000000,0.034907,2.0000,0.000000,0.017250,0.00029756,-0.115000,2.0000,0.000000
1771571006.210168,23.646071,0.008139,-0.017250,0.000000,0.034907,2.0000,0.000000,0.017250,0.00029756,-0.115000,2.0000,0.000000
1771571006.242218,23.678121,0.032049,-0.017250,0.000000,0.034907,2.0000,0.000000,0.017250,0.00029756,-0.115000,2.0000,0.000000
1771571006.251140,23.687043,0.008923,-0.017100,0.016811,0.034907,2.0000,0.000000,0.017100,0.00029241,-0.114000,2.0000,0.000000
1771571006.282038,23.717941,0.030898,-0.017250,-0.004855,0.034907,2.0000,0.000000,0.017250,0.00029756,-0.115000,2.0000,0.000000
1771571006.290827,23.726730,0.008789,-0.017100,0.017067,0.034907,2.0000,0.000000,0.017100,0.00029241,-0.114000,2.0000,0.000000
1771571006.321540,23.757443,0.030713,-0.017250,-0.004884,0.034907,2.0000,0.000000,0.017250,0.00029756,-0.115000,2.0000,0.000000
1771571006.330966,23.766869,0.009426,-0.017250,0.000000,0.034907,2.0000,0.000000,0.017250,0.00029756,-0.115000,2.0000,0.000000
1771571006.361513,23.797416,0.030547,-0.017100,0.004910,0.034558,1.9800,0.000000,0.017100,0.00029241,-0.114000,1.9800,0.000000
1771571006.370617,23.806520,0.009104,-0.017250,-0.016477,0.034558,1.9800,0.000000,0.017250,0.00029756,-0.115000,1.9800,0.000000
1771571006.401760,23.837663,0.031143,-0.017250,0.000000,0.034907,2.0000,0.000000,0.017250,0.00029756,-0.115000,2.0000,0.000000
1771571006.409847,23.845750,0.008087,-0.017250,0.000000,0.034907,2.0000,0.000000,0.017250,0.00029756,-0.115000,2.0000,0.000000
1771571006.441388,23.877291,0.031541,-0.017100,0.004756,0.034907,2.0000,0.000000,0.017100,0.00029241,-0.114000,2.0000,0.000000
1771571006.451041,23.886944,0.009653,-0.017250,-0.015539,0.034907,2.0000,0.000000,0.017250,0.00029756,-0.115000,2.0000,0.000000
1771571006.481387,23.917290,0.030346,-0.017250,0.000000,0.034907,2.0000,0.000000,0.017250,0.00029756,-0.115000,2.0000,0.000000
1771571006.489716,23.925619,0.008329,-0.017250,0.000000,0.034907,2.0000,0.000000,0.017250,0.00029756,-0.115000,2.0000,0.000000
1771571006.521081,23.956985,0.031365,-0.017250,0.000000,0.034907,2.0000,0.000000,0.017250,0.00029756,-0.115000,2.0000,0.000000
1771571006.531065,23.966968,0.009983,-0.017250,0.000000,0.034907,2.0000,0.000000,0.017250,0.00029756,-0.115000,2.0000,0.000000
1771571006.561840,23.997743,0.030775,-0.017250,0.000000,0.034907,2.0000,0.000000,0.017250,0.00029756,-0.115000,2.0000,0.000000
1771571006.570058,24.005961,0.008219,-0.017250,0.000000,0.034907,2.0000,0.000000,0.017250,0.00029756,-0.115000,2.0000,0.000000
1771571006.601140,24.037043,0.031081,-0.017250,0.000000,0.034907,2.0000,0.000000,0.017250,0.00029756,-0.115000,2.0000,0.000000
1771571006.611223,24.047127,0.010084,-0.017250,0.000000,0.034907,2.0000,0.000000,0.017250,0.00029756,-0.115000,2.0000,0.000000
1771571006.641268,24.077171,0.030044,-0.017250,0.000000,0.034907,2.0000,0.000000,0.017250,0.00029756,-0.115000,2.0000,0.000000
1771571006.650252,24.086155,0.008985,-0.017250,0.000000,0.034907,2.0000,0.000000,0.017250,0.00029756,-0.115000,2.0000,0.000000
1771571006.682446,24.118349,0.032193,-0.017250,0.000000,0.034907,2.0000,0.000000,0.017250,0.00029756,-0.115000,2.0000,0.000000
1771571006.691661,24.127564,0.009216,-0.017250,0.000000,0.034907,2.0000,0.000000,0.017250,0.00029756,-0.115000,2.0000,0.000000
1771571006.721148,24.157051,0.029487,-0.017250,0.000000,0.034907,2.0000,0.000000,0.017250,0.00029756,-0.115000,2.0000,0.000000
1771571006.731073,24.166976,0.009925,-0.017250,0.000000,0.034907,2.0000,0.000000,0.017250,0.00029756,-0.115000,2.0000,0.000000
1771571006.762367,24.198271,0.031295,-0.017250,0.000000,0.034907,2.0000,0.000000,0.017250,0.00029756,-0.115000,2.0000,0.000000
1771571006.771256,24.207159,0.008888,-0.017250,0.000000,0.034907,2.0000,0.000000,0.017250,0.00029756,-0.115000,2.0000,0.000000
1771571006.802427,24.238330,0.031171,-0.017250,0.000000,0.034907,2.0000,0.000000,0.017250,0.00029756,-0.115000,2.0000,0.000000
1771571006.810368,24.246271,0.007941,-0.017250,0.000000,0.034907,2.0000,0.000000,0.017250,0.00029756,-0.115000,2.0000,0.000000
1771571006.842193,24.278096,0.031825,-0.017250,0.000000,0.034907,2.0000,0.000000,0.017250,0.00029756,-0.115000,2.0000,0.000000
1771571006.850243,24.286146,0.008050,-0.017250,0.000000,0.034907,2.0000,0.000000,0.017250,0.00029756,-0.115000,2.0000,0.000000
1771571006.882384,24.318287,0.032141,-0.017250,0.000000,0.034907,2.0000,0.000000,0.017250,0.00029756,-0.115000,2.0000,0.000000
1771571006.890678,24.326581,0.008295,-0.017250,0.000000,0.034907,2.0000,0.000000,0.017250,0.00029756,-0.115000,2.0000,0.000000
1771571006.921838,24.357741,0.031159,-0.017250,0.000000,0.034907,2.0000,0.000000,0.017250,0.00029756,-0.115000,2.0000,0.000000
1771571006.929920,24.365823,0.008082,-0.017100,0.018559,0.034907,2.0000,0.000000,0.017100,0.00029241,-0.114000,2.0000,0.000000
1771571006.961860,24.397763,0.031940,-0.017100,0.000000,0.034907,2.0000,0.000000,0.017100,0.00029241,-0.114000,2.0000,0.000000
1771571006.970339,24.406242,0.008479,-0.017250,-0.017691,0.034907,2.0000,0.000000,0.017250,0.00029756,-0.115000,2.0000,0.000000
1771571007.001857,24.437760,0.031518,-0.017100,0.004759,0.034907,2.0000,0.000000,0.017100,0.00029241,-0.114000,2.0000,0.000000
1771571007.010502,24.446405,0.008645,-0.017100,0.000000,0.034907,2.0000,0.000000,0.017100,0.00029241,-0.114000,2.0000,0.000000
1771571007.041958,24.477861,0.031456,-0.017100,0.000000,0.034907,2.0000,0.000000,0.017100,0.00029241,-0.114000,2.0000,0.000000
1771571007.050092,24.485995,0.008134,-0.017100,0.000000,0.034907,2.0000,0.000000,0.017100,0.00029241,-0.114000,2.0000,0.000000
1771571007.082909,24.518812,0.032817,-0.017100,0.000000,0.034907,2.0000,0.000000,0.017100,0.00029241,-0.114000,2.0000,0.000000
1771571007.089987,24.525890,0.007078,-0.017250,-0.021193,0.034907,2.0000,0.000000,0.017250,0.00029756,-0.115000,2.0000,0.000000
1771571007.121643,24.557546,0.031656,-0.017250,0.000000,0.034907,2.0000,0.000000,0.017250,0.00029756,-0.115000,2.0000,0.000000
1771571007.131615,24.567518,0.009972,-0.017250,0.000000,0.034907,2.0000,0.000000,0.017250,0.00029756,-0.115000,2.0000,0.000000
1771571007.162255,24.598158,0.030640,-0.017100,0.004896,0.034907,2.0000,0.000000,0.017100,0.00029241,-0.114000,2.0000,0.000000
1771571007.170755,24.606658,0.008500,-0.017100,0.000000,0.034907,2.0000,0.000000,0.017100,0.00029241,-0.114000,2.0000,0.000000
1771571007.202417,24.638320,0.031662,-0.017100,0.000000,0.034907,2.0000,0.000000,0.017100,0.00029241,-0.114000,2.0000,0.000000
1771571007.210997,24.646900,0.008579,-0.017250,-0.017484,0.034907,2.0000,0.000000,0.017250,0.00029756,-0.115000,2.0000,0.000000
1771571007.242514,24.678417,0.031517,-0.017100,0.004759,0.034907,2.0000,0.000000,0.017100,0.00029241,-0.114000,2.0000,0.000000
1771571007.250591,24.686494,0.008077,-0.017100,0.000000,0.034907,2.0000,0.000000,0.017100,0.00029241,-0.114000,2.0000,0.000000
1771571007.280971,24.716874,0.030380,-0.017100,0.000000,0.034907,2.0000,0.000000,0.017100,0.00029241,-0.114000,2.0000,0.000000
1771571007.290962,24.726865,0.009991,-0.017250,-0.015014,0.034907,2.0000,0.000000,0.017250,0.00029756,-0.115000,2.0000,0.000000
1771571007.321011,24.756914,0.030049,-0.017250,0.000000,0.034907,2.0000,0.000000,0.017250,0.00029756,-0.115000,2.0000,0.000000
1771571007.330243,24.766146,0.009232,-0.017100,0.016248,0.034907,2.0000,0.000000,0.017100,0.00029241,-0.114000,2.0000,0.000000
1771571007.361771,24.797674,0.031528,-0.017100,0.000000,0.034907,2.0000,0.000000,0.017100,0.00029241,-0.114000,2.0000,0.000000
1771571007.370079,24.805982,0.008308,-0.017100,0.000000,0.034907,2.0000,0.000000,0.017100,0.00029241,-0.114000,2.0000,0.000000
1771571007.401844,24.837747,0.031764,-0.017100,0.000000,0.034907,2.0000,0.000000,0.017100,0.00029241,-0.114000,2.0000,0.000000
1771571007.409909,24.845812,0.008065,-0.017100,0.000000,0.034907,2.0000,0.000000,0.017100,0.00029241,-0.114000,2.0000,0.000000
1771571007.441907,24.877810,0.031999,-0.017100,0.000000,0.034907,2.0000,0.000000,0.017100,0.00029241,-0.114000,2.0000,0.000000
1771571007.450799,24.886702,0.008892,-0.017100,0.000000,0.034907,2.0000,0.000000,0.017100,0.00029241,-0.114000,2.0000,0.000000
1771571007.481426,24.917329,0.030627,-0.017250,-0.004898,0.034907,2.0000,0.000000,0.017250,0.00029756,-0.115000,2.0000,0.000000
1771571007.489818,24.925721,0.008393,-0.017100,0.017873,0.034907,2.0000,0.000000,0.017100,0.00029241,-0.114000,2.0000,0.000000
1771571007.522267,24.958170,0.032449,-0.017100,0.000000,0.034907,2.0000,0.000000,0.017100,0.00029241,-0.114000,2.0000,0.000000
1771571007.530634,24.966537,0.008368,-0.017100,0.000000,0.034907,2.0000,0.000000,0.017100,0.00029241,-0.114000,2.0000,0.000000
1771571007.562175,24.998078,0.031540,-0.017250,-0.004756,0.034907,2.0000,0.000000,0.017250,0.00029756,-0.115000,2.0000,0.000000
1771571007.571216,25.007119,0.009041,-0.017100,0.016591,0.034907,2.0000,0.000000,0.017100,0.00029241,-0.114000,2.0000,0.000000
1771571007.601977,25.037880,0.030761,-0.017250,-0.004876,0.034907,2.0000,0.000000,0.017250,0.00029756,-0.115000,2.0000,0.000000
1771571007.610644,25.046547,0.008667,-0.017250,0.000000,0.034907,2.0000,0.000000,0.017250,0.00029756,-0.115000,2.0000,0.000000
1771571007.641367,25.077270,0.030723,-0.017250,0.000000,0.034907,2.0000,0.000000,0.017250,0.00029756,-0.115000,2.0000,0.000000
1771571007.650369,25.086272,0.009002,-0.017250,0.000000,0.034907,2.0000,0.000000,0.017250,0.00029756,-0.115000,2.0000,0.000000
1771571007.682519,25.118422,0.032150,-0.017250,0.000000,0.034907,2.0000,0.000000,0.017250,0.00029756,-0.115000,2.0000,0.000000
1771571007.690240,25.126143,0.007721,-0.017250,0.000000,0.034907,2.0000,0.000000,0.017250,0.00029756,-0.115000,2.0000,0.000000
1771571007.721664,25.157567,0.031424,-0.017250,0.000000,0.034907,2.0000,0.000000,0.017250,0.00029756,-0.115000,2.0000,0.000000
1771571007.729768,25.165671,0.008104,-0.017100,0.018509,0.034907,2.0000,0.000000,0.017100,0.00029241,-0.114000,2.0000,0.000000
1771571007.761347,25.197250,0.031579,-0.017100,0.000000,0.034907,2.0000,0.000000,0.017100,0.00029241,-0.114000,2.0000,0.000000
1771571007.771384,25.207287,0.010037,-0.017100,0.000000,0.034907,2.0000,0.000000,0.017100,0.00029241,-0.114000,2.0000,0.000000
1771571007.801411,25.237314,0.030027,-0.017250,-0.004995,0.034907,2.0000,0.000000,0.017250,0.00029756,-0.115000,2.0000,0.000000
1771571007.809897,25.245800,0.008486,-0.017250,0.000000,0.034907,2.0000,0.000000,0.017250,0.00029756,-0.115000,2.0000,0.000000
1771571007.841437,25.277340,0.031539,-0.017250,0.000000,0.034907,2.0000,0.000000,0.017250,0.00029756,-0.115000,2.0000,0.000000
1771571007.850330,25.286233,0.008893,-0.017100,0.016866,0.034907,2.0000,0.000000,0.017100,0.00029241,-0.114000,2.0000,0.000000
1771571007.882924,25.318827,0.032594,-0.017100,0.000000,0.034907,2.0000,0.000000,0.017100,0.00029241,-0.114000,2.0000,0.000000
1771571007.891073,25.326976,0.008149,-0.017250,-0.018407,0.034907,2.0000,0.000000,0.017250,0.00029756,-0.115000,2.0000,0.000000
1771571007.921898,25.357801,0.030825,-0.017250,0.000000,0.034907,2.0000,0.000000,0.017250,0.00029756,-0.115000,2.0000,0.000000
1771571007.929772,25.365675,0.007874,-0.017100,0.019049,0.034907,2.0000,0.000000,0.017100,0.00029241,-0.114000,2.0000,0.000000
1771571007.961720,25.397624,0.031948,-0.017250,-0.004695,0.034907,2.0000,0.000000,0.017250,0.00029756,-0.115000,2.0000,0.000000
1771571007.970595,25.406498,0.008875,-0.017250,0.000000,0.034907,2.0000,0.000000,0.017250,0.00029756,-0.115000,2.0000,0.000000
1771571008.001145,25.437048,0.030550,-0.017250,0.000000,0.034907,2.0000,0.000000,0.017250,0.00029756,-0.115000,2.0000,0.000000
1771571008.010895,25.446798,0.009750,-0.017100,0.015384,0.034907,2.0000,0.000000,0.017100,0.00029241,-0.114000,2.0000,0.000000
1771571008.042036,25.477939,0.031141,-0.017250,-0.004817,0.034907,2.0000,0.000000,0.017250,0.00029756,-0.115000,2.0000,0.000000
1771571008.049745,25.485648,0.007709,-0.017250,0.000000,0.034907,2.0000,0.000000,0.017250,0.00029756,-0.115000,2.0000,0.000000
1771571008.081923,25.517826,0.032178,-0.017100,0.004662,0.034907,2.0000,0.000000,0.017100,0.00029241,-0.114000,2.0000,0.000000
1771571008.090211,25.526114,0.008288,-0.017250,-0.018098,0.034907,2.0000,0.000000,0.017250,0.00029756,-0.115000,2.0000,0.000000
1771571008.122344,25.558247,0.032133,-0.017250,0.000000,0.034907,2.0000,0.000000,0.017250,0.00029756,-0.115000,2.0000,0.000000
1771571008.130777,25.566680,0.008433,-0.017250,0.000000,0.034907,2.0000,0.000000,0.017250,0.00029756,-0.115000,2.0000,0.000000
1771571008.161271,25.597174,0.030493,-0.017100,0.004919,0.034907,2.0000,0.000000,0.017100,0.00029241,-0.114000,2.0000,0.000000
1771571008.170970,25.606873,0.009699,-0.017250,-0.015465,0.034907,2.0000,0.000000,0.017250,0.00029756,-0.115000,2.0000,0.000000
1771571008.201076,25.636979,0.030106,-0.017100,0.004982,0.034907,2.0000,0.000000,0.017100,0.00029241,-0.114000,2.0000,0.000000
1771571008.210973,25.646876,0.009897,-0.017100,0.000000,0.034907,2.0000,0.000000,0.017100,0.00029241,-0.114000,2.0000,0.000000
1771571008.241117,25.677020,0.030143,-0.017250,-0.004976,0.034907,2.0000,0.000000,0.017250,0.00029756,-0.115000,2.0000,0.000000
1771571008.251097,25.687001,0.009981,-0.017100,0.015029,0.034907,2.0000,0.000000,0.017100,0.00029241,-0.114000,2.0000,0.000000
1771571008.281218,25.717121,0.030121,-0.017100,0.000000,0.034907,2.0000,0.000000,0.017100,0.00029241,-0.114000,2.0000,0.000000
1771571008.291607,25.727510,0.010389,-0.017100,0.000000,0.034907,2.0000,0.000000,0.017100,0.00029241,-0.114000,2.0000,0.000000
1771571008.322478,25.758381,0.030871,-0.017250,-0.004859,0.034907,2.0000,0.000000,0.017250,0.00029756,-0.115000,2.0000,0.000000
1771571008.330661,25.766564,0.008183,-0.017250,0.000000,0.034907,2.0000,0.000000,0.017250,0.00029756,-0.115000,2.0000,0.000000
1771571008.362078,25.797981,0.031418,-0.017100,0.004774,0.034907,2.0000,0.000000,0.017100,0.00029241,-0.114000,2.0000,0.000000
1771571008.370749,25.806652,0.008671,-0.017100,0.000000,0.034907,2.0000,0.000000,0.017100,0.00029241,-0.114000,2.0000,0.000000
1771571008.401573,25.837476,0.030824,-0.017100,0.000000,0.034907,2.0000,0.000000,0.017100,0.00029241,-0.114000,2.0000,0.000000
1771571008.410196,25.846099,0.008623,-0.017100,0.000000,0.034907,2.0000,0.000000,0.017100,0.00029241,-0.114000,2.0000,0.000000
1771571008.442129,25.878032,0.031933,-0.017100,0.000000,0.034907,2.0000,0.000000,0.017100,0.00029241,-0.114000,2.0000,0.000000
1771571008.450659,25.886562,0.008531,-0.017100,0.000000,0.034907,2.0000,0.000000,0.017100,0.00029241,-0.114000,2.0000,0.000000
1771571008.483767,25.919670,0.033108,-0.017100,0.000000,0.034907,2.0000,0.000000,0.017100,0.00029241,-0.114000,2.0000,0.000000
1771571008.490170,25.926073,0.006403,-0.017250,-0.023427,0.034907,2.0000,0.000000,0.017250,0.00029756,-0.115000,2.0000,0.000000
1771571008.521832,25.957735,0.031662,-0.017100,0.004738,0.034907,2.0000,0.000000,0.017100,0.00029241,-0.114000,2.0000,0.000000
1771571008.530144,25.966047,0.008312,-0.017250,-0.018046,0.034907,2.0000,0.000000,0.017250,0.00029756,-0.115000,2.0000,0.000000
1771571008.562594,25.998497,0.032450,-0.017250,0.000000,0.034907,2.0000,0.000000,0.017250,0.00029756,-0.115000,2.0000,0.000000
1771571008.570748,26.006651,0.008154,-0.017250,0.000000,0.034907,2.0000,0.000000,0.017250,0.00029756,-0.115000,2.0000,0.000000
1771571008.601864,26.037767,0.031116,-0.017100,0.004821,0.034907,2.0000,0.000000,0.017100,0.00029241,-0.114000,2.0000,0.000000
1771571008.610018,26.045921,0.008153,-0.017100,0.000000,0.034907,2.0000,0.000000,0.017100,0.00029241,-0.114000,2.0000,0.000000
1771571008.640806,26.076710,0.030789,-0.017100,0.000000,0.034907,2.0000,0.000000,0.017100,0.00029241,-0.114000,2.0000,0.000000
1771571008.650653,26.086556,0.009846,-0.017100,0.000000,0.034907,2.0000,0.000000,0.017100,0.00029241,-0.114000,2.0000,0.000000
1771571008.681892,26.117795,0.031240,-0.017100,0.000000,0.034907,2.0000,0.000000,0.017100,0.00029241,-0.114000,2.0000,0.000000
1771571008.690368,26.126271,0.008476,-0.017100,0.000000,0.034907,2.0000,0.000000,0.017100,0.00029241,-0.114000,2.0000,0.000000
1771571008.721065,26.156968,0.030697,-0.017100,0.000000,0.034907,2.0000,0.000000,0.017100,0.00029241,-0.114000,2.0000,0.000000
1771571008.730794,26.166697,0.009729,-0.017100,0.000000,0.034907,2.0000,0.000000,0.017100,0.00029241,-0.114000,2.0000,0.000000
1771571008.761757,26.197660,0.030962,-0.017100,0.000000,0.034907,2.0000,0.000000,0.017100,0.00029241,-0.114000,2.0000,0.000000
1771571008.770303,26.206206,0.008547,-0.017100,0.000000,0.034907,2.0000,0.000000,0.017100,0.00029241,-0.114000,2.0000,0.000000
1771571008.801340,26.237243,0.031037,-0.017100,0.000000,0.034907,2.0000,0.000000,0.017100,0.00029241,-0.114000,2.0000,0.000000
1771571008.809536,26.245440,0.008196,-0.017100,0.000000,0.034907,2.0000,0.000000,0.017100,0.00029241,-0.114000,2.0000,0.000000
1771571008.841829,26.277732,0.032293,-0.017100,0.000000,0.034907,2.0000,0.000000,0.017100,0.00029241,-0.114000,2.0000,0.000000
1771571008.850330,26.286233,0.008501,-0.017100,0.000000,0.034907,2.0000,0.000000,0.017100,0.00029241,-0.114000,2.0000,0.000000
1771571008.881394,26.317297,0.031064,-0.017100,0.000000,0.034907,2.0000,0.000000,0.017100,0.00029241,-0.114000,2.0000,0.000000
1771571008.890945,26.326848,0.009550,-0.017100,0.000000,0.034907,2.0000,0.000000,0.017100,0.00029241,-0.114000,2.0000,0.000000
1771571008.921851,26.357754,0.030906,-0.017100,0.000000,0.034907,2.0000,0.000000,0.017100,0.00029241,-0.114000,2.0000,0.000000
1771571008.930422,26.366325,0.008571,-0.017100,0.000000,0.034907,2.0000,0.000000,0.017100,0.00029241,-0.114000,2.0000,0.000000
1771571008.962025,26.397928,0.031603,-0.017250,-0.004746,0.034907,2.0000,0.000000,0.017250,0.00029756,-0.115000,2.0000,0.000000
1771571008.970929,26.406832,0.008904,-0.017100,0.016845,0.034907,2.0000,0.000000,0.017100,0.00029241,-0.114000,2.0000,0.000000
1771571009.001692,26.437595,0.030762,-0.017100,0.000000,0.034907,2.0000,0.000000,0.017100,0.00029241,-0.114000,2.0000,0.000000
1771571009.010074,26.445977,0.008383,-0.017100,0.000000,0.034907,2.0000,0.000000,0.017100,0.00029241,-0.114000,2.0000,0.000000
1771571009.041338,26.477242,0.031264,-0.017100,0.000000,0.034907,2.0000,0.000000,0.017100,0.00029241,-0.114000,2.0000,0.000000
1771571009.051202,26.487105,0.009864,-0.017100,0.000000,0.034907,2.0000,0.000000,0.017100,0.00029241,-0.114000,2.0000,0.000000
1771571009.080938,26.516841,0.029735,-0.017100,0.000000,0.034907,2.0000,0.000000,0.017100,0.00029241,-0.114000,2.0000,0.000000
1771571009.091265,26.527168,0.010327,-0.017100,0.000000,0.034907,2.0000,0.000000,0.017100,0.00029241,-0.114000,2.0000,0.000000
1771571009.121794,26.557697,0.030529,-0.017100,0.000000,0.034907,2.0000,0.000000,0.017100,0.00029241,-0.114000,2.0000,0.000000
1771571009.130303,26.566206,0.008509,-0.017250,-0.017629,0.034907,2.0000,0.000000,0.017250,0.00029756,-0.115000,2.0000,0.000000
1771571009.161612,26.597515,0.031309,-0.017250,0.000000,0.034907,2.0000,0.000000,0.017250,0.00029756,-0.115000,2.0000,0.000000
1771571009.169724,26.605627,0.008111,-0.017100,0.018493,0.034907,2.0000,0.000000,0.017100,0.00029241,-0.114000,2.0000,0.000000
1771571009.201789,26.637692,0.032065,-0.017250,-0.004678,0.034907,2.0000,0.000000,0.017250,0.00029756,-0.115000,2.0000,0.000000
1771571009.210333,26.646236,0.008544,-0.017100,0.017556,0.034907,2.0000,0.000000,0.017100,0.00029241,-0.114000,2.0000,0.000000
1771571009.242061,26.677964,0.031729,-0.017250,-0.004728,0.034907,2.0000,0.000000,0.017250,0.00029756,-0.115000,2.0000,0.000000
1771571009.251598,26.687501,0.009537,-0.017250,0.000000,0.034907,2.0000,0.000000,0.017250,0.00029756,-0.115000,2.0000,0.000000
1771571009.281323,26.717226,0.029725,-0.017250,0.000000,0.034907,2.0000,0.000000,0.017250,0.00029756,-0.115000,2.0000,0.000000
1771571009.290182,26.726085,0.008859,-0.017250,0.000000,0.034907,2.0000,0.000000,0.017250,0.00029756,-0.115000,2.0000,0.000000
1771571009.322207,26.758110,0.032025,-0.017100,0.004684,0.034907,2.0000,0.000000,0.017100,0.00029241,-0.114000,2.0000,0.000000
1771571009.330408,26.766311,0.008201,-0.017100,0.000000,0.034907,2.0000,0.000000,0.017100,0.00029241,-0.114000,2.0000,0.000000
1771571009.360766,26.796669,0.030358,-0.017250,-0.004941,0.034907,2.0000,0.000000,0.017250,0.00029756,-0.115000,2.0000,0.000000
1771571009.370813,26.806716,0.010047,-0.017250,0.000000,0.034907,2.0000,0.000000,0.017250,0.00029756,-0.115000,2.0000,0.000000
1771571009.401375,26.837278,0.030562,-0.017250,0.000000,0.034907,2.0000,0.000000,0.017250,0.00029756,-0.115000,2.0000,0.000000
1771571009.409966,26.845869,0.008591,-0.017250,0.000000,0.034907,2.0000,0.000000,0.017250,0.00029756,-0.115000,2.0000,0.000000
1771571009.441716,26.877619,0.031751,-0.017250,0.000000,0.034907,2.0000,0.000000,0.017250,0.00029756,-0.115000,2.0000,0.000000
1771571009.450930,26.886833,0.009214,-0.017100,0.016280,0.034907,2.0000,0.000000,0.017100,0.00029241,-0.114000,2.0000,0.000000
1771571009.483281,26.919184,0.032351,-0.017250,-0.004637,0.034907,2.0000,0.000000,0.017250,0.00029756,-0.115000,2.0000,0.000000
1771571009.489806,26.925709,0.006525,-0.017250,0.000000,0.034907,2.0000,0.000000,0.017250,0.00029756,-0.115000,2.0000,0.000000
1771571009.522312,26.958215,0.032506,-0.017250,0.000000,0.034907,2.0000,0.000000,0.017250,0.00029756,-0.115000,2.0000,0.000000
1771571009.533128,26.969031,0.010816,-0.017250,0.000000,0.034907,2.0000,0.000000,0.017250,0.00029756,-0.115000,2.0000,0.000000
1771571009.561542,26.997445,0.028414,-0.017250,0.000000,0.034907,2.0000,0.000000,0.017250,0.00029756,-0.115000,2.0000,0.000000
1771571009.570193,27.006096,0.008651,-0.017100,0.017339,0.034907,2.0000,0.000000,0.017100,0.00029241,-0.114000,2.0000,0.000000
1771571009.602549,27.038452,0.032356,-0.017100,0.000000,0.034907,2.0000,0.000000,0.017100,0.00029241,-0.114000,2.0000,0.000000
1771571009.610429,27.046332,0.007880,-0.017250,-0.019036,0.034907,2.0000,0.000000,0.017250,0.00029756,-0.115000,2.0000,0.000000
1771571009.641127,27.077030,0.030699,-0.017100,0.004886,0.034907,2.0000,0.000000,0.017100,0.00029241,-0.114000,2.0000,0.000000
1771571009.650413,27.086316,0.009286,-0.017250,-0.016154,0.034907,2.0000,0.000000,0.017250,0.00029756,-0.115000,2.0000,0.000000
1771571009.680969,27.116872,0.030556,-0.017100,0.004909,0.034907,2.0000,0.000000,0.017100,0.00029241,-0.114000,2.0000,0.000000
1771571009.690776,27.126679,0.009807,-0.017100,0.000000,0.034907,2.0000,0.000000,0.017100,0.00029241,-0.114000,2.0000,0.000000
1771571009.721319,27.157222,0.030543,-0.017100,0.000000,0.034907,2.0000,0.000000,0.017100,0.00029241,-0.114000,2.0000,0.000000
1771571009.729751,27.165654,0.008432,-0.017100,0.000000,0.034907,2.0000,0.000000,0.017100,0.00029241,-0.114000,2.0000,0.000000
1771571009.761604,27.197507,0.031852,-0.017100,0.000000,0.034907,2.0000,0.000000,0.017100,0.00029241,-0.114000,2.0000,0.000000
1771571009.770297,27.206200,0.008693,-0.017250,-0.017254,0.034907,2.0000,0.000000,0.017250,0.00029756,-0.115000,2.0000,0.000000
1771571009.802643,27.238546,0.032346,-0.017100,0.004637,0.034907,2.0000,0.000000,0.017100,0.00029241,-0.114000,2.0000,0.000000
1771571009.810649,27.246552,0.008007,-0.017100,0.000000,0.034907,2.0000,0.000000,0.017100,0.00029241,-0.114000,2.0000,0.000000
1771571009.840924,27.276827,0.030274,-0.017100,0.000000,0.034907,2.0000,0.000000,0.017100,0.00029241,-0.114000,2.0000,0.000000
1771571009.850683,27.286586,0.009759,-0.017100,0.000000,0.034907,2.0000,0.000000,0.017100,0.00029241,-0.114000,2.0000,0.000000
1771571009.881444,27.317347,0.030761,-0.017100,0.000000,0.034907,2.0000,0.000000,0.017100,0.00029241,-0.114000,2.0000,0.000000
1771571009.889640,27.325543,0.008196,-0.017100,0.000000,0.034907,2.0000,0.000000,0.017100,0.00029241,-0.114000,2.0000,0.000000
1771571009.921927,27.357830,0.032288,-0.017100,0.000000,0.034907,2.0000,0.000000,0.017100,0.00029241,-0.114000,2.0000,0.000000
1771571009.929866,27.365769,0.007939,-0.017100,0.000000,0.034907,2.0000,0.000000,0.017100,0.00029241,-0.114000,2.0000,0.000000
1771571009.961939,27.397842,0.032073,-0.017100,0.000000,0.034907,2.0000,0.000000,0.017100,0.00029241,-0.114000,2.0000,0.000000
1771571009.970204,27.406107,0.008265,-0.017100,0.000000,0.034907,2.0000,0.000000,0.017100,0.00029241,-0.114000,2.0000,0.000000
1771571010.000698,27.436601,0.030495,-0.017100,0.000000,0.034907,2.0000,0.000000,0.017100,0.00029241,-0.114000,2.0000,0.000000
1771571010.010468,27.446371,0.009770,-0.017100,0.000000,0.034907,2.0000,0.000000,0.017100,0.00029241,-0.114000,2.0000,0.000000
1771571010.041931,27.477834,0.031463,-0.017100,0.000000,0.034907,2.0000,0.000000,0.017100,0.00029241,-0.114000,2.0000,0.000000
1771571010.050288,27.486192,0.008357,-0.017100,0.000000,0.034907,2.0000,0.000000,0.017100,0.00029241,-0.114000,2.0000,0.000000
1771571010.081090,27.516993,0.030802,-0.017100,0.000000,0.034907,2.0000,0.000000,0.017100,0.00029241,-0.114000,2.0000,0.000000
1771571010.089605,27.525508,0.008515,-0.017100,0.000000,0.034907,2.0000,0.000000,0.017100,0.00029241,-0.114000,2.0000,0.000000
1771571010.121509,27.557412,0.031904,-0.017100,0.000000,0.034907,2.0000,0.000000,0.017100,0.00029241,-0.114000,2.0000,0.000000
1771571010.131472,27.567375,0.009963,-0.017100,0.000000,0.034907,2.0000,0.000000,0.017100,0.00029241,-0.114000,2.0000,0.000000
1771571010.162238,27.598141,0.030767,-0.017100,0.000000,0.034907,2.0000,0.000000,0.017100,0.00029241,-0.114000,2.0000,0.000000
1771571010.170497,27.606400,0.008259,-0.017100,0.000000,0.034907,2.0000,0.000000,0.017100,0.00029241,-0.114000,2.0000,0.000000
1771571010.202013,27.637916,0.031516,-0.017100,0.000000,0.034907,2.0000,0.000000,0.017100,0.00029241,-0.114000,2.0000,0.000000
1771571010.209638,27.645541,0.007625,-0.017250,-0.019673,0.034907,2.0000,0.000000,0.017250,0.00029756,-0.115000,2.0000,0.000000
1771571010.242105,27.678008,0.032467,-0.017100,0.004620,0.034907,2.0000,0.000000,0.017100,0.00029241,-0.114000,2.0000,0.000000
1771571010.250560,27.686463,0.008456,-0.017250,-0.017740,0.034907,2.0000,0.000000,0.017250,0.00029756,-0.115000,2.0000,0.000000
1771571010.281100,27.717003,0.030540,-0.017250,0.000000,0.034907,2.0000,0.000000,0.017250,0.00029756,-0.115000,2.0000,0.000000
1771571010.289568,27.725471,0.008468,-0.017250,0.000000,0.034907,2.0000,0.000000,0.017250,0.00029756,-0.115000,2.0000,0.000000
1771571010.321616,27.757519,0.032048,-0.017100,0.004680,0.034907,2.0000,0.000000,0.017100,0.00029241,-0.114000,2.0000,0.000000
1771571010.329550,27.765453,0.007934,-0.017100,0.000000,0.034907,2.0000,0.000000,0.017100,0.00029241,-0.114000,2.0000,0.000000
1771571010.361759,27.797662,0.032209,-0.017250,-0.004657,0.034907,2.0000,0.000000,0.017250,0.00029756,-0.115000,2.0000,0.000000
1771571010.369643,27.805546,0.007884,-0.017250,0.000000,0.034907,2.0000,0.000000,0.017250,0.00029756,-0.115000,2.0000,0.000000
1771571010.401860,27.837763,0.032217,-0.017100,0.004656,0.034907,2.0000,0.000000,0.017100,0.00029241,-0.114000,2.0000,0.000000
1771571010.409871,27.845774,0.008011,-0.017100,0.000000,0.034907,2.0000,0.000000,0.017100,0.00029241,-0.114000,2.0000,0.000000
1771571010.441240,27.877143,0.031370,-0.017100,0.000000,0.034907,2.0000,0.000000,0.017100,0.00029241,-0.114000,2.0000,0.000000
1771571010.450409,27.886312,0.009168,-0.017100,0.000000,0.034907,2.0000,0.000000,0.017100,0.00029241,-0.114000,2.0000,0.000000
1771571010.481458,27.917361,0.031049,-0.017100,0.000000,0.034907,2.0000,0.000000,0.017100,0.00029241,-0.114000,2.0000,0.000000
1771571010.489859,27.925762,0.008401,-0.017250,-0.017856,0.034907,2.0000,0.000000,0.017250,0.00029756,-0.115000,2.0000,0.000000
1771571010.522047,27.957950,0.032188,-0.017100,0.004660,0.034907,2.0000,0.000000,0.017100,0.00029241,-0.114000,2.0000,0.000000
1771571010.530588,27.966491,0.008541,-0.017250,-0.017562,0.034907,2.0000,0.000000,0.017250,0.00029756,-0.115000,2.0000,0.000000
1771571010.562039,27.997942,0.031451,-0.017250,0.000000,0.034907,2.0000,0.000000,0.017250,0.00029756,-0.115000,2.0000,0.000000
1771571010.570400,28.006303,0.008361,-0.017250,0.000000,0.034907,2.0000,0.000000,0.017250,0.00029756,-0.115000,2.0000,0.000000
1771571010.602054,28.037957,0.031654,-0.017100,0.004739,0.035256,2.0200,0.000000,0.017100,0.00029241,-0.114000,2.0200,0.000000
1771571010.610326,28.046229,0.008272,-0.017250,-0.018134,0.035256,2.0200,0.000000,0.017250,0.00029756,-0.115000,2.0200,0.000000
1771571010.641793,28.077696,0.031467,-0.017100,0.004767,0.035256,2.0200,0.000000,0.017100,0.00029241,-0.114000,2.0200,0.000000
1771571010.650645,28.086548,0.008852,-0.017100,0.000000,0.035256,2.0200,0.000000,0.017100,0.00029241,-0.114000,2.0200,0.000000
1771571010.681185,28.117088,0.030540,-0.017100,0.000000,0.035256,2.0200,0.000000,0.017100,0.00029241,-0.114000,2.0200,0.000000
1771571010.690492,28.126395,0.009307,-0.017250,-0.016117,0.035256,2.0200,0.000000,0.017250,0.00029756,-0.115000,2.0200,0.000000
1771571010.722121,28.158024,0.031629,-0.017250,0.000000,0.035256,2.0200,0.000000,0.017250,0.00029756,-0.115000,2.0200,0.000000
1771571010.730466,28.166369,0.008345,-0.017250,0.000000,0.035256,2.0200,0.000000,0.017250,0.00029756,-0.115000,2.0200,0.000000
1771571010.762028,28.197931,0.031562,-0.017250,0.000000,0.035256,2.0200,0.000000,0.017250,0.00029756,-0.115000,2.0200,0.000000
1771571010.770416,28.206319,0.008388,-0.017250,0.000000,0.035256,2.0200,0.000000,0.017250,0.00029756,-0.115000,2.0200,0.000000
1771571010.801898,28.237802,0.031482,-0.017250,0.000000,0.035256,2.0200,0.000000,0.017250,0.00029756,-0.115000,2.0200,0.000000
1771571010.810192,28.246095,0.008294,-0.017250,0.000000,0.035256,2.0200,0.000000,0.017250,0.00029756,-0.115000,2.0200,0.000000
1771571010.842214,28.278117,0.032022,-0.017250,0.000000,0.035256,2.0200,0.000000,0.017250,0.00029756,-0.115000,2.0200,0.000000
1771571010.850476,28.286379,0.008261,-0.017100,0.018157,0.035256,2.0200,0.000000,0.017100,0.00029241,-0.114000,2.0200,0.000000
1771571010.881817,28.317720,0.031341,-0.017250,-0.004786,0.035256,2.0200,0.000000,0.017250,0.00029756,-0.115000,2.0200,0.000000
1771571010.891145,28.327048,0.009328,-0.017100,0.016080,0.035256,2.0200,0.000000,0.017100,0.00029241,-0.114000,2.0200,0.000000
1771571010.920678,28.356581,0.029533,-0.017100,0.000000,0.035256,2.0200,0.000000,0.017100,0.00029241,-0.114000,2.0200,0.000000
1771571010.930470,28.366373,0.009792,-0.017100,0.000000,0.035256,2.0200,0.000000,0.017100,0.00029241,-0.114000,2.0200,0.000000
1771571010.961706,28.397609,0.031236,-0.017250,-0.004802,0.035256,2.0200,0.000000,0.017250,0.00029756,-0.115000,2.0200,0.000000
1771571010.970145,28.406049,0.008439,-0.017100,0.017774,0.035256,2.0200,0.000000,0.017100,0.00029241,-0.114000,2.0200,0.000000
1771571011.001442,28.437345,0.031296,-0.017100,0.000000,0.035256,2.0200,0.000000,0.017100,0.00029241,-0.114000,2.0200,0.000000
1771571011.010473,28.446376,0.009032,-0.017100,0.000000,0.035256,2.0200,0.000000,0.017100,0.00029241,-0.114000,2.0200,0.000000
1771571011.040938,28.476841,0.030465,-0.017100,0.000000,0.035256,2.0200,0.000000,0.017100,0.00029241,-0.114000,2.0200,0.000000
1771571011.050918,28.486821,0.009980,-0.017100,0.000000,0.035256,2.0200,0.000000,0.017100,0.00029241,-0.114000,2.0200,0.000000
1771571011.081888,28.517792,0.030970,-0.017100,0.000000,0.035256,2.0200,0.000000,0.017100,0.00029241,-0.114000,2.0200,0.000000
1771571011.090122,28.526026,0.008234,-0.017100,0.000000,0.035256,2.0200,0.000000,0.017100,0.00029241,-0.114000,2.0200,0.000000
1771571011.120829,28.556732,0.030707,-0.017100,0.000000,0.035256,2.0200,0.000000,0.017100,0.00029241,-0.114000,2.0200,0.000000
1771571011.129888,28.565791,0.009059,-0.017100,0.000000,0.035256,2.0200,0.000000,0.017100,0.00029241,-0.114000,2.0200,0.000000
1771571011.161179,28.597082,0.031290,-0.017250,-0.004794,0.035256,2.0200,0.000000,0.017250,0.00029756,-0.115000,2.0200,0.000000
1771571011.170901,28.606804,0.009722,-0.017100,0.015428,0.035256,2.0200,0.000000,0.017100,0.00029241,-0.114000,2.0200,0.000000
1771571011.201300,28.637203,0.030399,-0.017100,0.000000,0.035256,2.0200,0.000000,0.017100,0.00029241,-0.114000,2.0200,0.000000
1771571011.209641,28.645544,0.008341,-0.017100,0.000000,0.035256,2.0200,0.000000,0.017100,0.00029241,-0.114000,2.0200,0.000000
1771571011.241671,28.677574,0.032030,-0.017250,-0.004683,0.035256,2.0200,0.000000,0.017250,0.00029756,-0.115000,2.0200,0.000000
1771571011.249673,28.685576,0.008002,-0.017100,0.018745,0.035256,2.0200,0.000000,0.017100,0.00029241,-0.114000,2.0200,0.000000
1771571011.282998,28.718901,0.033325,-0.017250,-0.004501,0.035256,2.0200,0.000000,0.017250,0.00029756,-0.115000,2.0200,0.000000
1771571011.290781,28.726684,0.007783,-0.017100,0.019272,0.035256,2.0200,0.000000,0.017100,0.00029241,-0.114000,2.0200,0.000000
1771571011.321120,28.757023,0.030339,-0.017250,-0.004944,0.035256,2.0200,0.000000,0.017250,0.00029756,-0.115000,2.0200,0.000000
1771571011.330848,28.766752,0.009728,-0.017100,0.015419,0.035256,2.0200,0.000000,0.017100,0.00029241,-0.114000,2.0200,0.000000
1771571011.361600,28.797503,0.030751,-0.017250,-0.004878,0.035256,2.0200,0.000000,0.017250,0.00029756,-0.115000,2.0200,0.000000
1771571011.369736,28.805639,0.008136,-0.017100,0.018437,0.035256,2.0200,0.000000,0.017100,0.00029241,-0.114000,2.0200,0.000000
1771571011.402431,28.838334,0.032695,-0.017250,-0.004588,0.035256,2.0200,0.000000,0.017250,0.00029756,-0.115000,2.0200,0.000000
1771571011.410740,28.846643,0.008309,-0.017250,0.000000,0.035256,2.0200,0.000000,0.017250,0.00029756,-0.115000,2.0200,0.000000
1771571011.440635,28.876538,0.029895,-0.017250,0.000000,0.035256,2.0200,0.000000,0.017250,0.00029756,-0.115000,2.0200,0.000000
1771571011.450513,28.886416,0.009878,-0.017250,0.000000,0.035256,2.0200,0.000000,0.017250,0.00029756,-0.115000,2.0200,0.000000
1771571011.482193,28.918097,0.031680,-0.017250,0.000000,0.035256,2.0200,0.000000,0.017250,0.00029756,-0.115000,2.0200,0.000000
1771571011.489616,28.925519,0.007422,-0.017250,0.000000,0.035256,2.0200,0.000000,0.017250,0.00029756,-0.115000,2.0200,0.000000
1771571011.520916,28.956819,0.031300,-0.017250,0.000000,0.035256,2.0200,0.000000,0.017250,0.00029756,-0.115000,2.0200,0.000000
1771571011.531187,28.967090,0.010271,-0.017250,0.000000,0.035256,2.0200,0.000000,0.017250,0.00029756,-0.115000,2.0200,0.000000
1771571011.564871,29.000774,0.033684,-0.017100,0.004453,0.035256,2.0200,0.000000,0.017100,0.00029241,-0.114000,2.0200,0.000000
1771571011.569606,29.005509,0.004736,-0.017100,0.000000,0.035256,2.0200,0.000000,0.017100,0.00029241,-0.114000,2.0200,0.000000
1771571011.601515,29.037418,0.031909,-0.017100,0.000000,0.035256,2.0200,0.000000,0.017100,0.00029241,-0.114000,2.0200,0.000000
1771571011.609758,29.045661,0.008243,-0.017100,0.000000,0.035256,2.0200,0.000000,0.017100,0.00029241,-0.114000,2.0200,0.000000
1771571011.640544,29.076447,0.030786,-0.017100,0.000000,0.035256,2.0200,0.000000,0.017100,0.00029241,-0.114000,2.0200,0.000000
1771571011.651165,29.087069,0.010622,-0.017100,0.000000,0.035256,2.0200,0.000000,0.017100,0.00029241,-0.114000,2.0200,0.000000
1771571011.682660,29.118563,0.031494,-0.017100,0.000000,0.035256,2.0200,0.000000,0.017100,0.00029241,-0.114000,2.0200,0.000000
1771571011.690497,29.126400,0.007837,-0.017100,0.000000,0.035256,2.0200,0.000000,0.017100,0.00029241,-0.114000,2.0200,0.000000
1771571011.720732,29.156635,0.030235,-0.017100,0.000000,0.035256,2.0200,0.000000,0.017100,0.00029241,-0.114000,2.0200,0.000000
1771571011.730661,29.166564,0.009929,-0.017250,-0.015107,0.035256,2.0200,0.000000,0.017250,0.00029756,-0.115000,2.0200,0.000000
1771571011.761538,29.197441,0.030876,-0.017100,0.004858,0.035605,2.0400,0.000000,0.017100,0.00029241,-0.114000,2.0400,0.000000
1771571011.769705,29.205608,0.008168,-0.017100,0.000000,0.035605,2.0400,0.000000,0.017100,0.00029241,-0.114000,2.0400,0.000000
1771571011.801703,29.237606,0.031998,-0.017250,-0.004688,0.035605,2.0400,0.000000,0.017250,0.00029756,-0.115000,2.0400,0.000000
1771571011.809922,29.245825,0.008219,-0.017100,0.018251,0.035605,2.0400,0.000000,0.017100,0.00029241,-0.114000,2.0400,0.000000
1771571011.842042,29.277946,0.032121,-0.017100,0.000000,0.035256,2.0200,0.000000,0.017100,0.00029241,-0.114000,2.0200,0.000000
1771571011.849877,29.285780,0.007834,-0.017100,0.000000,0.035256,2.0200,0.000000,0.017100,0.00029241,-0.114000,2.0200,0.000000
1771571011.881545,29.317448,0.031668,-0.017250,-0.004737,0.035605,2.0400,0.000000,0.017250,0.00029756,-0.115000,2.0400,0.000000
1771571011.889386,29.325289,0.007841,-0.017100,0.019130,0.035605,2.0400,0.000000,0.017100,0.00029241,-0.114000,2.0400,0.000000
1771571011.921061,29.356964,0.031675,-0.017100,0.000000,0.035605,2.0400,0.000000,0.017100,0.00029241,-0.114000,2.0400,0.000000
1771571011.929263,29.365166,0.008202,-0.017250,-0.018288,0.035605,2.0400,0.000000,0.017250,0.00029756,-0.115000,2.0400,0.000000
1771571011.961034,29.396937,0.031770,-0.017100,0.004721,0.035605,2.0400,0.000000,0.017100,0.00029241,-0.114000,2.0400,0.000000
1771571011.970347,29.406250,0.009313,-0.017100,0.000000,0.035605,2.0400,0.000000,0.017100,0.00029241,-0.114000,2.0400,0.000000
1771571012.000934,29.436837,0.030587,-0.017100,0.000000,0.035605,2.0400,0.000000,0.017100,0.00029241,-0.114000,2.0400,0.000000
1771571012.010803,29.446706,0.009869,-0.017100,0.000000,0.035605,2.0400,0.000000,0.017100,0.00029241,-0.114000,2.0400,0.000000
1771571012.042029,29.477932,0.031226,-0.017100,0.000000,0.035605,2.0400,0.000000,0.017100,0.00029241,-0.114000,2.0400,0.000000
1771571012.049716,29.485619,0.007687,-0.017100,0.000000,0.035605,2.0400,0.000000,0.017100,0.00029241,-0.114000,2.0400,0.000000
1771571012.083192,29.519095,0.033476,-0.017100,0.000000,0.035605,2.0400,0.000000,0.017100,0.00029241,-0.114000,2.0400,0.000000
1771571012.089916,29.525819,0.006724,-0.017100,0.000000,0.035605,2.0400,0.000000,0.017100,0.00029241,-0.114000,2.0400,0.000000
1771571012.120953,29.556856,0.031037,-0.017100,0.000000,0.035605,2.0400,0.000000,0.017100,0.00029241,-0.114000,2.0400,0.000000
1771571012.129784,29.565687,0.008831,-0.017100,0.000000,0.035605,2.0400,0.000000,0.017100,0.00029241,-0.114000,2.0400,0.000000
1771571012.161958,29.597862,0.032175,-0.017100,0.000000,0.035605,2.0400,0.000000,0.017100,0.00029241,-0.114000,2.0400,0.000000
1771571012.170449,29.606352,0.008490,-0.017100,0.000000,0.035605,2.0400,0.000000,0.017100,0.00029241,-0.114000,2.0400,0.000000
1771571012.201124,29.637027,0.030675,-0.017250,-0.004890,0.035605,2.0400,0.000000,0.017250,0.00029756,-0.115000,2.0400,0.000000
1771571012.209296,29.645200,0.008173,-0.017250,0.000000,0.035605,2.0400,0.000000,0.017250,0.00029756,-0.115000,2.0400,0.000000
1771571012.241744,29.677647,0.032448,-0.017100,0.004623,0.035605,2.0400,0.000000,0.017100,0.00029241,-0.114000,2.0400,0.000000
1771571012.249898,29.685801,0.008154,-0.017100,0.000000,0.035605,2.0400,0.000000,0.017100,0.00029241,-0.114000,2.0400,0.000000
1771571012.281860,29.717763,0.031962,-0.017100,0.000000,0.035605,2.0400,0.000000,0.017100,0.00029241,-0.114000,2.0400,0.000000
1771571012.289886,29.725789,0.008026,-0.017100,0.000000,0.035605,2.0400,0.000000,0.017100,0.00029241,-0.114000,2.0400,0.000000
1771571012.321970,29.757873,0.032084,-0.017100,0.000000,0.035605,2.0400,0.000000,0.017100,0.00029241,-0.114000,2.0400,0.000000
1771571012.330219,29.766122,0.008249,-0.017100,0.000000,0.035605,2.0400,0.000000,0.017100,0.00029241,-0.114000,2.0400,0.000000
1771571012.361511,29.797414,0.031292,-0.017100,0.000000,0.035605,2.0400,0.000000,0.017100,0.00029241,-0.114000,2.0400,0.000000
1771571012.370391,29.806294,0.008880,-0.017100,0.000000,0.035605,2.0400,0.000000,0.017100,0.00029241,-0.114000,2.0400,0.000000
1771571012.400818,29.836721,0.030427,-0.017100,0.000000,0.035605,2.0400,0.000000,0.017100,0.00029241,-0.114000,2.0400,0.000000
1771571012.410718,29.846621,0.009900,-0.017100,0.000000,0.035605,2.0400,0.000000,0.017100,0.00029241,-0.114000,2.0400,0.000000
1771571012.441142,29.877045,0.030424,-0.017100,0.000000,0.035605,2.0400,0.000000,0.017100,0.00029241,-0.114000,2.0400,0.000000
1771571012.449656,29.885559,0.008514,-0.017100,0.000000,0.035605,2.0400,0.000000,0.017100,0.00029241,-0.114000,2.0400,0.000000
1771571012.481369,29.917272,0.031713,-0.017100,0.000000,0.035605,2.0400,0.000000,0.017100,0.00029241,-0.114000,2.0400,0.000000
1771571012.489911,29.925814,0.008542,-0.017100,0.000000,0.035605,2.0400,0.000000,0.017100,0.00029241,-0.114000,2.0400,0.000000
1771571012.521208,29.957111,0.031297,-0.017100,0.000000,0.035605,2.0400,0.000000,0.017100,0.00029241,-0.114000,2.0400,0.000000
1771571012.530610,29.966513,0.009402,-0.017100,0.000000,0.035605,2.0400,0.000000,0.017100,0.00029241,-0.114000,2.0400,0.000000
1771571012.560953,29.996856,0.030343,-0.017250,-0.004943,0.035605,2.0400,0.000000,0.017250,0.00029756,-0.115000,2.0400,0.000000
