time,time_rel,dt,x,xdot,theta,theta_deg,thdot,theta_cmd,theta_cmd_dot,action_raw,action_used,setpoint_desired,setpoint_sent,armed,rl_enabled,error,error_sq
# Experiment: B (Step Response)
# Trial: 2
# Controller: RL (Simulation)
# Start time: 2026-02-22 13:43:48
# Notes: Ball starts at -10.0cm
1771742628.316379,0.000000,0.010000,-0.097858,0.136766,-0.038339,-2.1966,-3.401586,0.013779,1.377889,0.391307,0.391307,22.4202,22.4202,1,1,0.097858,0.00957616
1771742628.326379,0.010000,0.010000,-0.097372,0.032065,-0.059372,-3.4017,-2.245562,0.013779,0.000000,-0.388165,-0.388165,-22.2402,-22.2402,1,1,0.097372,0.00948132
1771742628.336379,0.020000,0.010000,-0.097422,-0.012997,-0.072586,-4.1589,-1.394242,0.013779,0.000000,0.254393,0.254393,14.5756,14.5756,1,1,0.097422,0.00949104
1771742628.346379,0.030000,0.010000,-0.097647,-0.031265,-0.079981,-4.5826,-0.727775,0.013779,0.000000,0.410519,0.410519,23.5210,23.5210,1,1,0.097647,0.00953486
1771742628.356379,0.040000,0.010000,-0.097995,-0.045071,-0.082464,-4.7248,-0.162243,0.013779,0.000000,0.411954,0.411954,23.6032,23.6032,1,1,0.097995,0.00960306
1771742628.366379,0.050000,0.010000,-0.098400,-0.046429,-0.081792,-4.6863,0.073018,0.013779,0.000000,0.406768,0.406768,23.3061,23.3061,1,1,0.098400,0.00968258
1771742628.376379,0.060000,0.010000,-0.098740,-0.038832,-0.081179,-4.6512,0.072369,0.013779,0.000000,0.396608,0.396608,22.7240,22.7240,1,1,0.098740,0.00974956
1771742628.386379,0.070000,0.010000,-0.099015,-0.031066,-0.080592,-4.6176,0.069599,0.013779,0.000000,0.397092,0.397092,22.7517,22.7517,1,1,0.099015,0.00980397
1771742628.396379,0.080000,0.010000,-0.099225,-0.023232,-0.080029,-4.5853,0.066970,0.013779,0.000000,0.396781,0.396781,22.7338,22.7338,1,1,0.099225,0.00984558
1771742628.406379,0.090000,0.010000,-0.099369,-0.015369,-0.079486,-4.5542,0.064642,0.013779,0.000000,0.398832,0.398832,22.8514,22.8514,1,1,0.099369,0.00987426
1771742628.416379,0.100000,0.010000,-0.099449,-0.007670,-0.078958,-4.5240,0.062973,0.013779,0.000000,0.397914,0.397914,22.7988,22.7988,1,1,0.099449,0.00989011
1771742628.426379,0.110000,0.010000,-0.099476,-0.002176,-0.078420,-4.4931,0.065840,0.013779,0.000000,0.396359,0.396359,22.7097,22.7097,1,1,0.099476,0.00989549
1771742628.436379,0.120000,0.010000,-0.099485,-0.000908,-0.077850,-4.4605,0.068608,0.013779,0.000000,0.395981,0.395981,22.6881,22.6881,1,1,0.099485,0.00989728
1771742628.446379,0.130000,0.010000,-0.099492,-0.000681,-0.077156,-4.4207,0.081412,0.018579,0.479966,0.396598,0.396598,22.7234,22.7234,1,1,0.099492,0.00989863
1771742628.456379,0.140000,0.010000,-0.099497,-0.000553,-0.076465,-4.3811,0.082147,0.019288,0.070904,0.423992,0.423992,24.2930,24.2930,1,1,0.099497,0.00989961
1771742628.466379,0.150000,0.010000,-0.099501,-0.000461,-0.075682,-4.3362,0.092339,0.023399,0.411107,0.407559,0.407559,23.3514,23.3514,1,1,0.099501,0.00990051
1771742628.476379,0.160000,0.010000,-0.099505,-0.000382,-0.074731,-4.2818,0.111545,0.030486,0.708784,0.423815,0.423815,24.2828,24.2828,1,1,0.099505,0.00990132
1771742628.486379,0.170000,0.010000,-0.099509,-0.000314,-0.073550,-4.2141,0.138427,0.040179,0.969252,0.429245,0.429245,24.5939,24.5939,1,1,0.099509,0.00990205
1771742628.496379,0.180000,0.010000,-0.099512,-0.000258,-0.072086,-4.1302,0.171779,0.052151,1.197161,0.430950,0.430950,24.6916,24.6916,1,1,0.099512,0.00990270
1771742628.506379,0.190000,0.010000,-0.099515,-0.000213,-0.070294,-4.0276,0.210550,0.066116,1.396582,0.431075,0.431075,24.6988,24.6988,1,1,0.099515,0.00990326
1771742628.516379,0.200000,0.010000,-0.099518,-0.000178,-0.068137,-3.9039,0.253826,0.081827,1.571075,0.431287,0.431287,24.7109,24.7109,1,1,0.099518,0.00990376
1771742628.526379,0.210000,0.010000,-0.099520,-0.000154,-0.065584,-3.7577,0.300817,0.099065,1.723757,0.431069,0.431069,24.6984,24.6984,1,1,0.099520,0.00990419
1771742628.536379,0.220000,0.010000,-0.099522,-0.000139,-0.062609,-3.5873,0.350836,0.117638,1.857353,0.430839,0.430839,24.6853,24.6853,1,1,0.099522,0.00990457
1771742628.546379,0.230000,0.010000,-0.099523,-0.000132,-0.059194,-3.3916,0.403290,0.137381,1.974250,0.430708,0.430708,24.6777,24.6777,1,1,0.099523,0.00990490
1771742628.556379,0.240000,0.010000,-0.099525,-0.000141,-0.055320,-3.1696,0.458270,0.158146,2.076534,0.430343,0.430343,24.6569,24.6569,1,1,0.099525,0.00990521
1771742628.566379,0.250000,0.010000,-0.099526,-0.000155,-0.050979,-2.9209,0.514157,0.179806,2.166033,0.430102,0.430102,24.6430,24.6430,1,1,0.099526,0.00990549
1771742628.576379,0.260000,0.010000,-0.099528,-0.000173,-0.046160,-2.6448,0.571056,0.202250,2.244345,0.429672,0.429672,24.6184,24.6184,1,1,0.099528,0.00990577
1771742628.586379,0.270000,0.010000,-0.099529,-0.000195,-0.040857,-2.3409,0.628732,0.225379,2.312868,0.428994,0.428994,24.5795,24.5795,1,1,0.099529,0.00990603
1771742628.596379,0.280000,0.010000,-0.099530,-0.000218,-0.035090,-2.0105,0.683986,0.248151,2.277249,0.428225,0.428225,24.5355,24.5355,1,1,0.099530,0.00990629
1771742628.606379,0.290000,0.010000,-0.099532,-0.000243,-0.028894,-1.6555,0.735337,0.270109,2.195797,0.425712,0.425712,24.3915,24.3915,1,1,0.099532,0.00990653
1771742628.616379,0.300000,0.010000,-0.099533,-0.000265,-0.022331,-1.2795,0.779297,0.290001,1.989202,0.421724,0.421724,24.1630,24.1630,1,1,0.099533,0.00990679
1771742628.626379,0.310000,0.010000,-0.099534,-0.000285,-0.015471,-0.8864,0.815235,0.307620,1.761857,0.417003,0.417003,23.8925,23.8925,1,1,0.099534,0.00990705
1771742628.636379,0.320000,0.010000,-0.099536,-0.000301,-0.008377,-0.4800,0.843595,0.323052,1.543197,0.413527,0.413527,23.6933,23.6933,1,1,0.099536,0.00990732
1771742628.646379,0.330000,0.010000,-0.099537,-0.000313,-0.001102,-0.0632,0.865424,0.336581,1.352941,0.393344,0.393344,22.5370,22.5370,1,1,0.099537,0.00990759
1771742628.656379,0.340000,0.010000,-0.099538,-0.000322,0.006304,0.3612,0.881449,0.348392,1.181096,0.319817,0.319817,18.3242,18.3242,1,1,0.099538,0.00990787
1771742628.666379,0.350000,0.010000,-0.099540,-0.000329,0.013801,0.7907,0.892463,0.358698,1.030592,0.256323,0.256323,14.6862,14.6862,1,1,0.099540,0.00990815
1771742628.676379,0.360000,0.010000,-0.099541,-0.000328,0.021352,1.2234,0.899270,0.367699,0.900122,0.231052,0.231052,13.2383,13.2383,1,1,0.099541,0.00990842
1771742628.686379,0.370000,0.010000,-0.099542,-0.000320,0.028926,1.6574,0.902169,0.375530,0.783054,0.204029,0.204029,11.6900,11.6900,1,1,0.099542,0.00990868
1771742628.696379,0.380000,0.010000,-0.099544,-0.000315,0.036497,2.0911,0.901966,0.382351,0.682153,0.181319,0.181319,10.3888,10.3888,1,1,0.099544,0.00990892
1771742628.706379,0.390000,0.010000,-0.099545,-0.000291,0.044042,2.5234,0.899011,0.388266,0.591512,0.163814,0.163814,9.3859,9.3859,1,1,0.099545,0.00990915
1771742628.716379,0.400000,0.010000,-0.099546,-0.000267,0.051540,2.9531,0.893572,0.393357,0.509096,0.151947,0.151947,8.7059,8.7059,1,1,0.099546,0.00990932
1771742628.726379,0.410000,0.010000,-0.099546,-0.000251,0.058974,3.3790,0.886006,0.397716,0.435841,0.143975,0.143975,8.2492,8.2492,1,1,0.099546,0.00990948
1771742628.736379,0.420000,0.010000,-0.099547,-0.000238,0.066323,3.8000,0.875991,0.401215,0.349957,0.133201,0.133201,7.6318,7.6318,1,1,0.099547,0.00990961
1771742628.746379,0.430000,0.010000,-0.099548,-0.000231,0.073566,4.2150,0.863795,0.403779,0.256364,0.122229,0.122229,7.0032,7.0032,1,1,0.099548,0.00990974
1771742628.756379,0.440000,0.010000,-0.099548,-0.000229,0.080677,4.6224,0.848261,0.405432,0.165304,0.115387,0.115387,6.6112,6.6112,1,1,0.099548,0.00990988
1771742628.766379,0.450000,0.010000,-0.099549,-0.000212,0.087648,5.0219,0.831474,0.406444,0.101184,0.107777,0.107777,6.1752,6.1752,1,1,0.099549,0.00991000
1771742628.776379,0.460000,0.010000,-0.099549,-0.000216,0.094410,5.4093,0.806493,0.404806,-0.163742,0.098719,0.098719,5.6562,5.6562,1,1,0.099549,0.00991010
1771742628.786379,0.470000,0.010000,-0.099550,-0.000197,0.100883,5.7802,0.772787,0.399883,-0.492340,0.102281,0.102281,5.8603,5.8603,1,1,0.099550,0.00991019
1771742628.796379,0.480000,0.010000,-0.099550,-0.000173,0.107000,6.1306,0.730785,0.392084,-0.779863,0.090356,0.090356,5.1770,5.1770,1,1,0.099550,0.00991026
1771742628.806379,0.490000,0.010000,-0.099549,-0.000167,0.112704,6.4575,0.683116,0.381770,-1.031446,0.077638,0.077638,4.4483,4.4483,1,1,0.099549,0.00990993
1771742628.816379,0.500000,0.010000,-0.099543,-0.000148,0.117949,6.7580,0.631697,0.369254,-1.251581,0.071056,0.071056,4.0712,4.0712,1,1,0.099543,0.00990888
1771742628.826379,0.510000,0.010000,-0.099533,-0.000119,0.122697,7.0300,0.576571,0.354812,-1.444200,0.067919,0.067919,3.8915,3.8915,1,1,0.099533,0.00990686
1771742628.836379,0.520000,0.010000,-0.099518,-0.000087,0.126915,7.2717,0.517626,0.338685,-1.612740,0.057798,0.057798,3.3116,3.3116,1,1,0.099518,0.00990385
1771742628.846379,0.530000,0.010000,-0.099496,0.000528,0.130571,7.4812,0.453492,0.321083,-1.760214,0.044490,0.044490,2.5491,2.5491,1,1,0.099496,0.00989944
1771742628.856379,0.540000,0.010000,-0.099463,0.001745,0.133645,7.6573,0.385945,0.302190,-1.889253,0.038110,0.038110,2.1836,2.1836,1,1,0.099463,0.00989290
1771742628.866379,0.550000,0.010000,-0.099416,0.003360,0.136124,7.7993,0.316646,0.282168,-2.002162,0.043189,0.043189,2.4746,2.4746,1,1,0.099416,0.00988357
1771742628.876379,0.560000,0.010000,-0.099355,0.005124,0.138027,7.9083,0.248311,0.262176,-1.999246,0.044410,0.044410,2.5445,2.5445,1,1,0.099355,0.00987132
1771742628.886379,0.570000,0.010000,-0.099281,0.006634,0.139416,7.9879,0.185698,0.243827,-1.834865,0.009427,0.009427,0.5401,0.5401,1,1,0.099281,0.00985677
1771742628.896379,0.580000,0.010000,-0.099199,0.007848,0.140338,8.0408,0.128732,0.226821,-1.700629,-0.011164,-0.011164,-0.6396,-0.6396,1,1,0.099199,0.00984040
1771742628.906379,0.590000,0.010000,-0.099109,0.008799,0.140831,8.0690,0.076369,0.210808,-1.601273,-0.017278,-0.017278,-0.9899,-0.9899,1,1,0.099109,0.00982258
1771742628.916379,0.600000,0.010000,-0.099017,0.009200,0.140970,8.0770,0.032030,0.197242,-1.356584,-0.006909,-0.006909,-0.3959,-0.3959,1,1,0.099017,0.00980438
1771742628.926379,0.610000,0.010000,-0.098924,0.009403,0.140765,8.0653,-0.009570,0.183882,-1.336077,-0.008534,-0.008534,-0.4890,-0.4890,1,1,0.098924,0.00978589
1771742628.936379,0.620000,0.010000,-0.098830,0.009468,0.140225,8.0343,-0.049654,0.170601,-1.328050,0.007166,0.007166,0.4106,0.4106,1,1,0.098830,0.00976727
1771742628.946379,0.630000,0.010000,-0.098737,0.009245,0.139381,7.9859,-0.086573,0.158158,-1.244314,0.014489,0.014489,0.8302,0.8302,1,1,0.098737,0.00974907
1771742628.956379,0.640000,0.010000,-0.098651,0.008635,0.138271,7.9224,-0.119308,0.146878,-1.127989,0.008320,0.008320,0.4767,0.4767,1,1,0.098651,0.00973196
1771742628.966379,0.650000,0.010000,-0.098571,0.007795,0.136904,7.8440,-0.150323,0.135743,-1.113496,-0.004026,-0.004026,-0.2307,-0.2307,1,1,0.098571,0.00971620
1771742628.976379,0.660000,0.010000,-0.098499,0.006811,0.135276,7.7508,-0.181108,0.124336,-1.140667,-0.020042,-0.020042,-1.1483,-1.1483,1,1,0.098499,0.00970197
1771742628.986379,0.670000,0.010000,-0.098437,0.005518,0.133413,7.6440,-0.209688,0.113558,-1.077826,-0.023434,-0.023434,-1.3426,-1.3426,1,1,0.098437,0.00968983
1771742628.996379,0.680000,0.010000,-0.098392,0.003631,0.131376,7.5273,-0.232382,0.104762,-0.879610,-0.025237,-0.025237,-1.4460,-1.4460,1,1,0.098392,0.00968094
1771742629.006379,0.690000,0.010000,-0.098367,0.001229,0.129200,7.4026,-0.250529,0.097218,-0.754402,-0.037220,-0.037220,-2.1325,-2.1325,1,1,0.098367,0.00967608
1771742629.016379,0.700000,0.010000,-0.098355,-0.000029,0.126797,7.2650,-0.276802,0.087126,-1.009167,-0.046122,-0.046122,-2.6426,-2.6426,1,1,0.098355,0.00967371
1771742629.026379,0.710000,0.010000,-0.098346,-0.000039,0.124117,7.1114,-0.310214,0.074840,-1.228625,-0.001137,-0.001137,-0.0652,-0.0652,1,1,0.098346,0.00967203
1771742629.036379,0.720000,0.010000,-0.098341,-0.000046,0.121202,6.9443,-0.340559,0.063325,-1.151475,0.056596,0.056596,3.2427,3.2427,1,1,0.098341,0.00967090
1771742629.046379,0.730000,0.010000,-0.098340,-0.000046,0.118131,6.7684,-0.363806,0.054546,-0.877933,0.058485,0.058485,3.3509,3.3509,1,1,0.098340,0.00967083
1771742629.056379,0.740000,0.010000,-0.098341,-0.000049,0.114930,6.5850,-0.380171,0.046661,-0.788506,0.056417,0.056417,3.2325,3.2325,1,1,0.098341,0.00967086
1771742629.066379,0.750000,0.010000,-0.098341,-0.000050,0.111681,6.3989,-0.386599,0.041724,-0.493687,0.083866,0.083866,4.8052,4.8052,1,1,0.098341,0.00967089
1771742629.076379,0.760000,0.010000,-0.098341,-0.000049,0.108422,6.2121,-0.388091,0.038320,-0.340433,0.097758,0.097758,5.6011,5.6011,1,1,0.098341,0.00967092
1771742629.086379,0.770000,0.010000,-0.098341,-0.000049,0.105142,6.0242,-0.390538,0.034570,-0.375001,0.106666,0.106666,6.1115,6.1115,1,1,0.098341,0.00967095
1771742629.096379,0.780000,0.010000,-0.098341,-0.000050,0.101813,5.8335,-0.396205,0.029745,-0.482446,0.109766,0.109766,6.2891,6.2891,1,1,0.098341,0.00967098
1771742629.106379,0.790000,0.010000,-0.098341,-0.000053,0.098399,5.6378,-0.406033,0.023522,-0.622341,0.113911,0.113911,6.5266,6.5266,1,1,0.098341,0.00967101
1771742629.116379,0.800000,0.010000,-0.098342,-0.000056,0.094914,5.4382,-0.414606,0.017652,-0.586943,0.123825,0.123825,7.0946,7.0946,1,1,0.098342,0.00967105
1771742629.126379,0.810000,0.010000,-0.098342,-0.000057,0.091372,5.2352,-0.421417,0.012291,-0.536114,0.131569,0.131569,7.5383,7.5383,1,1,0.098342,0.00967109
1771742629.136379,0.820000,0.010000,-0.098342,-0.000060,0.087752,5.0278,-0.430564,0.006102,-0.618886,0.138669,0.138669,7.9452,7.9452,1,1,0.098342,0.00967112
1771742629.146379,0.830000,0.010000,-0.098342,-0.000063,0.084049,4.8156,-0.440556,-0.000426,-0.652801,0.141424,0.141424,8.1030,8.1030,1,1,0.098342,0.00967116
1771742629.156379,0.840000,0.010000,-0.098342,-0.000061,0.080379,4.6054,-0.437229,-0.002647,-0.222135,0.149164,0.149164,8.5465,8.5465,1,1,0.098342,0.00967120
1771742629.166379,0.850000,0.010000,-0.098342,-0.000056,0.076841,4.4027,-0.422356,-0.001100,0.154697,0.143416,0.143416,8.2172,8.2172,1,1,0.098342,0.00967123
1771742629.176379,0.860000,0.010000,-0.098343,-0.000049,0.073516,4.2121,-0.397658,0.003744,0.484426,0.163929,0.163929,9.3925,9.3925,1,1,0.098343,0.00967126
1771742629.186379,0.870000,0.010000,-0.098343,-0.000041,0.070440,4.0359,-0.368120,0.010328,0.658412,0.210099,0.210099,12.0378,12.0378,1,1,0.098343,0.00967128
1771742629.196379,0.880000,0.010000,-0.098343,-0.000033,0.067678,3.8777,-0.331274,0.019521,0.919218,0.256951,0.256951,14.7222,14.7222,1,1,0.098343,0.00967130
1771742629.206379,0.890000,0.010000,-0.098343,-0.000025,0.065235,3.7377,-0.293406,0.029300,0.977963,0.323373,0.323373,18.5279,18.5279,1,1,0.098343,0.00967131
1771742629.216379,0.900000,0.010000,-0.098343,-0.000019,0.063099,3.6153,-0.256734,0.038971,0.967071,0.346401,0.346401,19.8473,19.8473,1,1,0.098343,0.00967131
1771742629.226379,0.910000,0.010000,-0.098343,-0.000014,0.061240,3.5088,-0.223423,0.047820,0.884940,0.358587,0.358587,20.5455,20.5455,1,1,0.098343,0.00967132
1771742629.236379,0.920000,0.010000,-0.098343,-0.000010,0.059638,3.4170,-0.192713,0.056082,0.826132,0.360315,0.360315,20.6445,20.6445,1,1,0.098343,0.00967133
1771742629.246379,0.930000,0.010000,-0.098343,-0.000007,0.058293,3.3399,-0.162118,0.064550,0.846786,0.362770,0.362770,20.7852,20.7852,1,1,0.098343,0.00967133
1771742629.256379,0.940000,0.010000,-0.098343,-0.000005,0.057196,3.2771,-0.132509,0.072927,0.837741,0.373461,0.373461,21.3977,21.3977,1,1,0.098343,0.00967133
1771742629.266379,0.950000,0.010000,-0.098343,-0.000003,0.056337,3.2279,-0.104085,0.081145,0.821778,0.382808,0.382808,21.9333,21.9333,1,1,0.098343,0.00967133
1771742629.276379,0.960000,0.010000,-0.098343,-0.000002,0.055692,3.1909,-0.078410,0.088680,0.753490,0.389023,0.389023,22.2894,22.2894,1,1,0.098343,0.00967133
1771742629.286379,0.970000,0.010000,-0.098343,-0.000001,0.055258,3.1660,-0.053287,0.096240,0.756059,0.392286,0.392286,22.4763,22.4763,1,1,0.098343,0.00967133
1771742629.296379,0.980000,0.010000,-0.098343,-0.000000,0.054984,3.1504,-0.033813,0.102137,0.589702,0.398935,0.398935,22.8573,22.8573,1,1,0.098343,0.00967133
1771742629.306379,0.990000,0.010000,-0.098343,-0.000000,0.054919,3.1466,-0.009302,0.109861,0.772399,0.396870,0.396870,22.7390,22.7390,1,1,0.098343,0.00967133
1771742629.316379,1.000000,0.010000,-0.098343,-0.000000,0.055123,3.1583,0.022381,0.120110,1.024915,0.407448,0.407448,23.3450,23.3450,1,1,0.098343,0.00967133
1771742629.326379,1.010000,0.010000,-0.098343,-0.000001,0.055648,3.1884,0.060134,0.132569,1.245866,0.415717,0.415717,23.8188,23.8188,1,1,0.098343,0.00967133
1771742629.336379,1.020000,0.010000,-0.098343,-0.000003,0.056535,3.2392,0.102965,0.146961,1.439199,0.421023,0.421023,24.1229,24.1229,1,1,0.098343,0.00967133
1771742629.346379,1.030000,0.010000,-0.098343,-0.000007,0.057819,3.3128,0.150008,0.163045,1.608365,0.422204,0.422204,24.1905,24.1905,1,1,0.098343,0.00967134
1771742629.356379,1.040000,0.010000,-0.098343,-0.000013,0.059528,3.4107,0.200512,0.180609,1.756385,0.409206,0.409206,23.4457,23.4457,1,1,0.098343,0.00967135
1771742629.366379,1.050000,0.010000,-0.098343,-0.000020,0.061687,3.5344,0.253826,0.199468,1.885903,0.341110,0.341110,19.5442,19.5442,1,1,0.098343,0.00967136
1771742629.376379,1.060000,0.010000,-0.098343,-0.000031,0.064314,3.6849,0.309384,0.219460,1.999231,0.218547,0.218547,12.5218,12.5218,1,1,0.098343,0.00967138
1771742629.386379,1.070000,0.010000,-0.098343,-0.000042,0.067375,3.8603,0.361425,0.238710,1.925015,0.181100,0.181100,10.3762,10.3762,1,1,0.098343,0.00967141
1771742629.396379,1.080000,0.010000,-0.098343,-0.000053,0.070829,4.0582,0.408452,0.256722,1.801219,0.170239,0.170239,9.7540,9.7540,1,1,0.098343,0.00967144
1771742629.406379,1.090000,0.010000,-0.098344,-0.000064,0.074627,4.2758,0.449845,0.273260,1.653758,0.157010,0.157010,8.9960,8.9960,1,1,0.098344,0.00967148
1771742629.416379,1.100000,0.010000,-0.098344,-0.000074,0.078719,4.5103,0.485167,0.288138,1.487828,0.144093,0.144093,8.2559,8.2559,1,1,0.098344,0.00967153
1771742629.426379,1.110000,0.010000,-0.098344,-0.000083,0.083072,4.7596,0.516471,0.301988,1.384955,0.132909,0.132909,7.6151,7.6151,1,1,0.098344,0.00967158
1771742629.436379,1.120000,0.010000,-0.098344,-0.000090,0.087626,5.0206,0.540954,0.313848,1.186027,0.122665,0.122665,7.0282,7.0282,1,1,0.098344,0.00967163
1771742629.446379,1.130000,0.010000,-0.098345,-0.000097,0.092376,5.2927,0.564304,0.325548,1.169996,0.116530,0.116530,6.6767,6.6767,1,1,0.098345,0.00967169
1771742629.456379,1.140000,0.010000,-0.098345,-0.000104,0.097305,5.5752,0.585799,0.336819,1.127108,0.100462,0.100462,5.7561,5.7561,1,1,0.098345,0.00967175
1771742629.466379,1.150000,0.010000,-0.098345,-0.000110,0.102390,5.8665,0.604511,0.347345,1.052555,0.068621,0.068621,3.9317,3.9317,1,1,0.098345,0.00967181
1771742629.476379,1.160000,0.010000,-0.098346,-0.000115,0.107596,6.1648,0.619207,0.356702,0.935741,-0.009689,-0.009689,-0.5552,-0.5552,1,1,0.098346,0.00967187
1771742629.486379,1.170000,0.010000,-0.098346,-0.000115,0.112847,6.4656,0.625021,0.363265,0.656295,-0.108113,-0.108113,-6.1944,-6.1944,1,1,0.098346,0.00967194
1771742629.496379,1.180000,0.010000,-0.098346,-0.000110,0.118027,6.7624,0.617485,0.365517,0.225192,-0.161166,-0.161166,-9.2341,-9.2341,1,1,0.098346,0.00967199
1771742629.506379,1.190000,0.010000,-0.098346,-0.000108,0.123042,7.0498,0.598399,0.363997,-0.152023,-0.171965,-0.171965,-9.8529,-9.8529,1,1,0.098346,0.00967202
1771742629.516379,1.200000,0.010000,-0.098347,-0.000098,0.127810,7.3230,0.569725,0.359176,-0.482086,-0.186334,-0.186334,-10.6762,-10.6762,1,1,0.098347,0.00967205
1771742629.526379,1.210000,0.010000,-0.098344,-0.000092,0.132265,7.5782,0.534396,0.351467,-0.770891,-0.179217,-0.179217,-10.2684,-10.2684,1,1,0.098344,0.00967160
1771742629.536379,1.220000,0.010000,-0.098338,-0.000086,0.136349,7.8122,0.494361,0.341231,-1.023595,-0.167099,-0.167099,-9.5741,-9.5741,1,1,0.098338,0.00967027
1771742629.546379,1.230000,0.010000,-0.098325,0.000021,0.140012,8.0221,0.448950,0.328784,-1.244712,-0.160791,-0.160791,-9.2126,-9.2126,1,1,0.098325,0.00966778
1771742629.556379,1.240000,0.010000,-0.098303,0.000901,0.143206,8.2051,0.396426,0.314402,-1.438189,-0.151373,-0.151373,-8.6730,-8.6730,1,1,0.098303,0.00966350
1771742629.566379,1.250000,0.010000,-0.098268,0.002405,0.145901,8.3595,0.339370,0.298327,-1.607481,-0.111539,-0.111539,-6.3907,-6.3907,1,1,0.098268,0.00965655
1771742629.576379,1.260000,0.010000,-0.098215,0.004381,0.148073,8.4840,0.279053,0.280771,-1.755612,-0.148121,-0.148121,-8.4867,-8.4867,1,1,0.098215,0.00964618
1771742629.586379,1.270000,0.010000,-0.098142,0.006748,0.149702,8.5773,0.215969,0.261919,-1.885226,-0.158219,-0.158219,-9.0653,-9.0653,1,1,0.098142,0.00963177
1771742629.596379,1.280000,0.010000,-0.098045,0.009399,0.150772,8.6386,0.150888,0.241932,-1.998639,-0.156634,-0.156634,-8.9745,-8.9745,1,1,0.098045,0.00961287
1771742629.606379,1.290000,0.010000,-0.097924,0.012241,0.151272,8.6673,0.084337,0.220954,-2.097875,-0.166527,-0.166527,-9.5413,-9.5413,1,1,0.097924,0.00958918
1771742629.616379,1.300000,0.010000,-0.097778,0.015185,0.151195,8.6629,0.016771,0.199106,-2.184706,-0.131496,-0.131496,-7.5342,-7.5342,1,1,0.097778,0.00956052
1771742629.626379,1.310000,0.010000,-0.097606,0.018145,0.150537,8.6251,-0.051399,0.176500,-2.260684,-0.086309,-0.086309,-4.9451,-4.9451,1,1,0.097606,0.00952688
1771742629.636379,1.320000,0.010000,-0.097408,0.021044,0.149294,8.5539,-0.119909,0.153228,-2.327164,-0.045161,-0.045161,-2.5875,-2.5875,1,1,0.097408,0.00948835
1771742629.646379,1.330000,0.010000,-0.097186,0.023805,0.147466,8.4492,-0.188483,0.129375,-2.385334,0.031658,0.031658,1.8139,1.8139,1,1,0.097186,0.00944517
1771742629.656379,1.340000,0.010000,-0.096942,0.026353,0.145055,8.3110,-0.256870,0.105012,-2.436234,0.077248,0.077248,4.4260,4.4260,1,1,0.096942,0.00939770
1771742629.666379,1.350000,0.010000,-0.096677,0.028615,0.142064,8.1397,-0.324873,0.080205,-2.480770,0.113166,0.113166,6.4840,6.4840,1,1,0.096677,0.00934640
1771742629.676379,1.360000,0.010000,-0.096394,0.030527,0.138498,7.9354,-0.392322,0.055007,-2.519740,0.142820,0.142820,8.1830,8.1830,1,1,0.096394,0.00929185
1771742629.686379,1.370000,0.010000,-0.096097,0.032021,0.134363,7.6984,-0.459074,0.029469,-2.553838,0.160815,0.160815,9.2140,9.2140,1,1,0.096097,0.00923471
1771742629.696379,1.380000,0.010000,-0.095805,0.031867,0.129866,7.4408,-0.508448,0.010613,-1.885543,0.177353,0.177353,10.1616,10.1616,1,1,0.095805,0.00917852
1771742629.706379,1.390000,0.010000,-0.095517,0.031126,0.124973,7.1604,-0.555597,-0.009228,-1.984184,0.168625,0.168625,9.6615,9.6615,1,1,0.095517,0.00912345
1771742629.716379,1.400000,0.010000,-0.095241,0.029625,0.119727,6.8598,-0.598505,-0.027852,-1.862383,0.175905,0.175905,10.0786,10.0786,1,1,0.095241,0.00907080
1771742629.726379,1.410000,0.010000,-0.094986,0.027103,0.114206,6.5435,-0.633810,-0.043950,-1.609772,0.192631,0.192631,11.0369,11.0369,1,1,0.094986,0.00902236
1771742629.736379,1.420000,0.010000,-0.094759,0.023796,0.108434,6.2128,-0.665003,-0.059272,-1.532218,0.210735,0.210735,12.0742,12.0742,1,1,0.094759,0.00897918
1771742629.746379,1.430000,0.010000,-0.094574,0.019005,0.102568,5.8767,-0.682323,-0.069188,-0.991625,0.240655,0.240655,13.7885,13.7885,1,1,0.094574,0.00894416
1771742629.756379,1.440000,0.010000,-0.094444,0.012720,0.096734,5.5424,-0.685397,-0.074374,-0.518606,0.282732,0.282732,16.1993,16.1993,1,1,0.094444,0.00891970
1771742629.766379,1.450000,0.010000,-0.094382,0.005070,0.091035,5.2159,-0.675743,-0.075422,-0.104715,0.310856,0.310856,17.8108,17.8108,1,1,0.094382,0.00890788
1771742629.776379,1.460000,0.010000,-0.094381,-0.000178,0.085512,4.8995,-0.666370,-0.072847,0.257441,0.324275,0.324275,18.5796,18.5796,1,1,0.094381,0.00890772
1771742629.786379,1.470000,0.010000,-0.094381,-0.000152,0.080223,4.5965,-0.632654,-0.067104,0.574326,0.334314,0.334314,19.1548,19.1548,1,1,0.094381,0.00890784
1771742629.796379,1.480000,0.010000,-0.094382,-0.000120,0.075283,4.3134,-0.591850,-0.058588,0.851601,0.318765,0.318765,18.2639,18.2639,1,1,0.094382,0.00890792
1771742629.806379,1.490000,0.010000,-0.094382,-0.000095,0.070746,4.0534,-0.544518,-0.047646,1.094217,0.311534,0.311534,17.8496,17.8496,1,1,0.094382,0.00890798
1771742629.816379,1.500000,0.010000,-0.094382,-0.000073,0.066656,3.8191,-0.491734,-0.034581,1.306506,0.325757,0.325757,18.6645,18.6645,1,1,0.094382,0.00890802
1771742629.826379,1.510000,0.010000,-0.094382,-0.000055,0.063051,3.6126,-0.434450,-0.019658,1.492258,0.347126,0.347126,19.8889,19.8889,1,1,0.094382,0.00890805
1771742629.836379,1.520000,0.010000,-0.094383,-0.000039,0.059961,3.4355,-0.373488,-0.003110,1.654792,0.368930,0.368930,21.1381,21.1381,1,1,0.094383,0.00890806
1771742629.846379,1.530000,0.010000,-0.094383,-0.000026,0.057411,3.2894,-0.309564,0.014860,1.797009,0.387549,0.387549,22.2049,22.2049,1,1,0.094383,0.00890807
1771742629.856379,1.540000,0.010000,-0.094383,-0.000015,0.055419,3.1753,-0.243298,0.034074,1.921449,0.402706,0.402706,23.0733,23.0733,1,1,0.094383,0.00890807
1771742629.866379,1.550000,0.010000,-0.094383,-0.000006,0.054001,3.0940,-0.175225,0.054378,2.030333,0.411747,0.411747,23.5914,23.5914,1,1,0.094383,0.00890807
1771742629.876379,1.560000,0.010000,-0.094383,-0.000001,0.053167,3.0462,-0.105809,0.075634,2.125608,0.419185,0.419185,24.0176,24.0176,1,1,0.094383,0.00890807
1771742629.886379,1.570000,0.010000,-0.094383,0.000001,0.052925,3.0324,-0.035450,0.097723,2.208972,0.424022,0.424022,24.2947,24.2947,1,1,0.094383,0.00890806
1771742629.896379,1.580000,0.010000,-0.094383,0.000000,0.053279,3.0527,0.035509,0.120543,2.281917,0.425045,0.425045,24.3533,24.3533,1,1,0.094383,0.00890806
1771742629.906379,1.590000,0.010000,-0.094383,-0.000003,0.054233,3.1073,0.106771,0.144000,2.345743,0.423547,0.423547,24.2674,24.2674,1,1,0.094383,0.00890807
1771742629.916379,1.600000,0.010000,-0.094383,-0.000010,0.055780,3.1959,0.177403,0.167789,2.378923,0.411763,0.411763,23.5923,23.5923,1,1,0.094383,0.00890807
1771742629.926379,1.610000,0.010000,-0.094383,-0.000017,0.057769,3.3099,0.231664,0.186661,1.887200,0.341558,0.341558,19.5698,19.5698,1,1,0.094383,0.00890808
1771742629.936379,1.620000,0.010000,-0.094383,-0.000023,0.060109,3.4440,0.274496,0.202270,1.560913,0.280285,0.280285,16.0592,16.0592,1,1,0.094383,0.00890810
1771742629.946379,1.630000,0.010000,-0.094383,-0.000030,0.062793,3.5978,0.315545,0.217706,1.543582,0.210640,0.210640,12.0688,12.0688,1,1,0.094383,0.00890812
1771742629.956379,1.640000,0.010000,-0.094383,-0.000039,0.065833,3.7720,0.357834,0.233884,1.617747,0.173990,0.173990,9.9689,9.9689,1,1,0.094383,0.00890814
1771742629.966379,1.650000,0.010000,-0.094383,-0.000049,0.069239,3.9671,0.401297,0.250764,1.688075,0.159626,0.159626,9.1459,9.1459,1,1,0.094383,0.00890817
1771742629.976379,1.660000,0.010000,-0.094383,-0.000060,0.073008,4.1830,0.444447,0.267863,1.709804,0.144882,0.144882,8.3011,8.3011,1,1,0.094383,0.00890821
1771742629.986379,1.670000,0.010000,-0.094384,-0.000072,0.077123,4.4188,0.485878,0.284718,1.685540,0.130441,0.130441,7.4737,7.4737,1,1,0.094384,0.00890825
1771742629.996379,1.680000,0.010000,-0.094384,-0.000083,0.081551,4.6725,0.523393,0.300597,1.587867,0.115168,0.115168,6.5986,6.5986,1,1,0.094384,0.00890830
1771742630.006379,1.690000,0.010000,-0.094384,-0.000093,0.086255,4.9421,0.556794,0.315420,1.482360,0.096523,0.096523,5.5304,5.5304,1,1,0.094384,0.00890836
1771742630.016379,1.700000,0.010000,-0.094384,-0.000102,0.091198,5.2253,0.585591,0.328995,1.357521,0.081808,0.081808,4.6872,4.6872,1,1,0.094384,0.00890842
1771742630.026379,1.710000,0.010000,-0.094385,-0.000110,0.096333,5.5195,0.608916,0.341002,1.200619,0.050015,0.050015,2.8657,2.8657,1,1,0.094385,0.00890848
1771742630.036379,1.720000,0.010000,-0.094385,-0.000115,0.101611,5.8219,0.626517,0.351320,1.031813,-0.007044,-0.007044,-0.4036,-0.4036,1,1,0.094385,0.00890854
1771742630.046379,1.730000,0.010000,-0.094385,-0.000117,0.106956,6.1281,0.635296,0.358875,0.755535,-0.100770,-0.100770,-5.7737,-5.7737,1,1,0.094385,0.00890861
1771742630.056379,1.740000,0.010000,-0.094386,-0.000114,0.112248,6.4313,0.630366,0.361995,0.312027,-0.160556,-0.160556,-9.1992,-9.1992,1,1,0.094386,0.00890866
1771742630.066379,1.750000,0.010000,-0.094386,-0.000106,0.117390,6.7260,0.613580,0.361235,-0.076042,-0.163970,-0.163970,-9.3948,-9.3948,1,1,0.094386,0.00890871
1771742630.076379,1.760000,0.010000,-0.094386,-0.000100,0.122298,7.0072,0.586643,0.357079,-0.415603,-0.186360,-0.186360,-10.6776,-10.6776,1,1,0.094386,0.00890874
1771742630.086379,1.770000,0.010000,-0.094385,-0.000094,0.126903,7.2710,0.552153,0.349952,-0.712718,-0.188200,-0.188200,-10.7830,-10.7830,1,1,0.094385,0.00890855
1771742630.096379,1.780000,0.010000,-0.094380,-0.000090,0.131145,7.5141,0.513253,0.340225,-0.972694,-0.177495,-0.177495,-10.1697,-10.1697,1,1,0.094380,0.00890753
1771742630.106379,1.790000,0.010000,-0.094369,-0.000074,0.134976,7.7335,0.469932,0.328223,-1.200173,-0.168861,-0.168861,-9.6750,-9.6750,1,1,0.094369,0.00890544
1771742630.116379,1.800000,0.010000,-0.094351,0.000105,0.138350,7.9269,0.421231,0.314231,-1.399217,-0.157129,-0.157129,-9.0028,-9.0028,1,1,0.094351,0.00890209
1771742630.126379,1.810000,0.010000,-0.094323,0.001022,0.141227,8.0917,0.366039,0.298497,-1.573381,-0.120482,-0.120482,-6.9031,-6.9031,1,1,0.094323,0.00889689
1771742630.136379,1.820000,0.010000,-0.094282,0.002484,0.143582,8.2267,0.306933,0.281239,-1.725774,-0.153198,-0.153198,-8.7776,-8.7776,1,1,0.094282,0.00888911
1771742630.146379,1.830000,0.010000,-0.094224,0.004356,0.145396,8.3306,0.244932,0.262648,-1.859118,-0.162349,-0.162349,-9.3019,-9.3019,1,1,0.094224,0.00887815
1771742630.156379,1.840000,0.010000,-0.094146,0.006553,0.146651,8.4025,0.180580,0.242890,-1.975794,-0.162899,-0.162899,-9.3334,-9.3334,1,1,0.094146,0.00886351
1771742630.166379,1.850000,0.010000,-0.094047,0.008972,0.147337,8.4418,0.114562,0.222111,-2.077886,-0.169448,-0.169448,-9.7086,-9.7086,1,1,0.094047,0.00884487
1771742630.176379,1.860000,0.010000,-0.093926,0.011521,0.147445,8.4480,0.047379,0.200439,-2.167216,-0.137118,-0.137118,-7.8563,-7.8563,1,1,0.093926,0.00882203
1771742630.186379,1.870000,0.010000,-0.093781,0.014111,0.146970,8.4208,-0.020501,0.177985,-2.245380,-0.078549,-0.078549,-4.5005,-4.5005,1,1,0.093781,0.00879494
1771742630.196379,1.880000,0.010000,-0.093614,0.016664,0.145909,8.3600,-0.088776,0.154848,-2.313773,-0.035519,-0.035519,-2.0351,-2.0351,1,1,0.093614,0.00876364
1771742630.206379,1.890000,0.010000,-0.093426,0.019103,0.144262,8.2656,-0.157196,0.131111,-2.373617,0.041425,0.041425,2.3735,2.3735,1,1,0.093426,0.00872832
1771742630.216379,1.900000,0.010000,-0.093216,0.021353,0.142030,8.1377,-0.225490,0.106852,-2.425981,0.073288,0.073288,4.1991,4.1991,1,1,0.093216,0.00868929
1771742630.226379,1.910000,0.010000,-0.092989,0.023342,0.139215,7.9764,-0.293442,0.082134,-2.471799,0.114862,0.114862,6.5811,6.5811,1,1,0.092989,0.00864695
1771742630.236379,1.920000,0.010000,-0.092746,0.025001,0.135823,7.7821,-0.360874,0.057015,-2.511890,0.148055,0.148055,8.4829,8.4829,1,1,0.092746,0.00860180
1771742630.246379,1.930000,0.010000,-0.092490,0.026267,0.131858,7.5549,-0.427650,0.031545,-2.546970,0.167374,0.167374,9.5898,9.5898,1,1,0.092490,0.00855446
1771742630.256379,1.940000,0.010000,-0.092240,0.026061,0.127523,7.3066,-0.479111,0.012542,-1.900337,0.179767,0.179767,10.2999,10.2999,1,1,0.092240,0.00850819
1771742630.266379,1.950000,0.010000,-0.091995,0.025248,0.122781,7.0348,-0.527822,-0.007577,-2.011861,0.168982,0.168982,9.6820,9.6820,1,1,0.091995,0.00846310
1771742630.276379,1.960000,0.010000,-0.091762,0.023760,0.117662,6.7416,-0.573274,-0.026923,-1.934656,0.168748,0.168748,9.6686,9.6686,1,1,0.091762,0.00842026
1771742630.286379,1.970000,0.010000,-0.091550,0.021336,0.112242,6.4310,-0.612092,-0.043920,-1.699697,0.182460,0.182460,10.4542,10.4542,1,1,0.091550,0.00838132
1771742630.296379,1.980000,0.010000,-0.091365,0.018054,0.106559,6.1054,-0.645641,-0.059611,-1.569091,0.201093,0.201093,11.5218,11.5218,1,1,0.091365,0.00834749
1771742630.306379,1.990000,0.010000,-0.091223,0.013344,0.100772,5.7738,-0.665857,-0.069850,-1.023889,0.231696,0.231696,13.2752,13.2752,1,1,0.091223,0.00832156
1771742630.316379,2.000000,0.010000,-0.091136,0.007166,0.095008,5.4436,-0.672014,-0.075319,-0.546837,0.277159,0.277159,15.8801,15.8801,1,1,0.091136,0.00830584
1771742630.326379,2.010000,0.010000,-0.091116,-0.000125,0.089369,5.1205,-0.666142,-0.076613,-0.129416,0.309292,0.309292,17.7211,17.7211,1,1,0.091116,0.00830218
1771742630.336379,2.020000,0.010000,-0.091117,-0.000157,0.083846,4.8040,-0.658043,-0.074254,0.235826,0.324145,0.324145,18.5721,18.5721,1,1,0.091117,0.00830231
1771742630.346379,2.030000,0.010000,-0.091117,-0.000129,0.078611,4.5041,-0.626536,-0.068700,0.555414,0.319184,0.319184,18.2879,18.2879,1,1,0.091117,0.00830239
1771742630.356379,2.040000,0.010000,-0.091118,-0.000107,0.073721,4.2239,-0.586585,-0.060350,0.835053,0.299708,0.299708,17.1720,17.1720,1,1,0.091118,0.00830246
1771742630.366379,2.050000,0.010000,-0.091118,-0.000087,0.069230,3.9666,-0.539979,-0.049552,1.079737,0.289457,0.289457,16.5847,16.5847,1,1,0.091118,0.00830250
1771742630.376379,2.060000,0.010000,-0.091118,-0.000069,0.065182,3.7347,-0.487841,-0.036614,1.293836,0.298699,0.298699,17.1142,17.1142,1,1,0.091118,0.00830254
1771742630.386379,2.070000,0.010000,-0.091118,-0.000053,0.061617,3.5304,-0.431131,-0.021802,1.481172,0.330868,0.330868,18.9573,18.9573,1,1,0.091118,0.00830256
1771742630.396379,2.080000,0.010000,-0.091118,-0.000038,0.058564,3.3555,-0.370683,-0.005351,1.645092,0.355373,0.355373,20.3614,20.3614,1,1,0.091118,0.00830258
1771742630.406379,2.090000,0.010000,-0.091119,-0.000025,0.056047,3.2113,-0.307218,0.012534,1.788521,0.378751,0.378751,21.7009,21.7009,1,1,0.091119,0.00830259
1771742630.416379,2.100000,0.010000,-0.091119,-0.000015,0.054087,3.0990,-0.241363,0.031674,1.914022,0.396853,0.396853,22.7380,22.7380,1,1,0.091119,0.00830259
1771742630.426379,2.110000,0.010000,-0.091119,-0.000007,0.052698,3.0194,-0.173659,0.051912,2.023835,0.406418,0.406418,23.2860,23.2860,1,1,0.091119,0.00830259
1771742630.436379,2.120000,0.010000,-0.091119,-0.000002,0.051891,2.9732,-0.104573,0.073112,2.119921,0.415429,0.415429,23.8023,23.8023,1,1,0.091119,0.00830259
1771742630.446379,2.130000,0.010000,-0.091119,0.000001,0.051675,2.9607,-0.034512,0.095152,2.203997,0.421235,0.421235,24.1350,24.1350,1,1,0.091119,0.00830259
1771742630.456379,2.140000,0.010000,-0.091119,-0.000000,0.052053,2.9824,0.036178,0.117927,2.277563,0.423842,0.423842,24.2844,24.2844,1,1,0.091119,0.00830259
1771742630.466379,2.150000,0.010000,-0.091119,-0.000003,0.053029,3.0384,0.107197,0.141347,2.341934,0.422504,0.422504,24.2077,24.2077,1,1,0.091119,0.00830259
1771742630.476379,2.160000,0.010000,-0.091119,-0.000009,0.054554,3.1257,0.173120,0.163576,2.222965,0.408445,0.408445,23.4022,23.4022,1,1,0.091119,0.00830259
1771742630.486379,2.170000,0.010000,-0.091119,-0.000015,0.056472,3.2356,0.221987,0.180593,1.701649,0.352527,0.352527,20.1983,20.1983,1,1,0.091119,0.00830260
1771742630.496379,2.180000,0.010000,-0.091119,-0.000019,0.058689,3.3626,0.259030,0.194201,1.360808,0.305261,0.305261,17.4902,17.4902,1,1,0.091119,0.00830261
1771742630.506379,2.190000,0.010000,-0.091119,-0.000025,0.061190,3.5059,0.293166,0.207263,1.306232,0.247291,0.247291,14.1687,14.1687,1,1,0.091119,0.00830263
1771742630.516379,2.200000,0.010000,-0.091119,-0.000032,0.064021,3.6682,0.331896,0.222183,1.492019,0.185569,0.185569,10.6323,10.6323,1,1,0.091119,0.00830265
1771742630.526379,2.210000,0.010000,-0.091119,-0.000041,0.067217,3.8513,0.374729,0.238729,1.654582,0.155841,0.155841,8.9290,8.9290,1,1,0.091119,0.00830267
1771742630.536379,2.220000,0.010000,-0.091119,-0.000052,0.070792,4.0561,0.419581,0.256232,1.750280,0.138181,0.138181,7.9172,7.9172,1,1,0.091119,0.00830270
1771742630.546379,2.230000,0.010000,-0.091119,-0.000063,0.074738,4.2822,0.463726,0.273810,1.757770,0.123304,0.123304,7.0648,7.0648,1,1,0.091119,0.00830274
1771742630.556379,2.240000,0.010000,-0.091120,-0.000075,0.079017,4.5273,0.503898,0.290386,1.657607,0.107956,0.107956,6.1854,6.1854,1,1,0.091120,0.00830278
1771742630.566379,2.250000,0.010000,-0.091120,-0.000085,0.083598,4.7898,0.540224,0.306016,1.563037,0.088488,0.088488,5.0700,5.0700,1,1,0.091120,0.00830284
1771742630.576379,2.260000,0.010000,-0.091120,-0.000095,0.088440,5.0673,0.571963,0.320418,1.440241,0.072269,0.072269,4.1407,4.1407,1,1,0.091120,0.00830289
1771742630.586379,2.270000,0.010000,-0.091121,-0.000104,0.093500,5.3572,0.598464,0.333346,1.292797,0.031482,0.031482,1.8038,1.8038,1,1,0.091121,0.00830295
1771742630.596379,2.280000,0.010000,-0.091121,-0.000110,0.098726,5.6566,0.618907,0.344491,1.114467,-0.033325,-0.033325,-1.9094,-1.9094,1,1,0.091121,0.00830301
1771742630.606379,2.290000,0.010000,-0.091121,-0.000113,0.104028,5.9604,0.629368,0.352485,0.799426,-0.125057,-0.125057,-7.1652,-7.1652,1,1,0.091121,0.00830307
1771742630.616379,2.300000,0.010000,-0.091122,-0.000110,0.109288,6.2617,0.625965,0.355990,0.350432,-0.178119,-0.178119,-10.2054,-10.2054,1,1,0.091122,0.00830313
1771742630.626379,2.310000,0.010000,-0.091122,-0.000103,0.114405,6.5549,0.610514,0.355565,-0.042438,-0.178760,-0.178760,-10.2422,-10.2422,1,1,0.091122,0.00830318
1771742630.636379,2.320000,0.010000,-0.091122,-0.000097,0.119295,6.8351,0.584757,0.351703,-0.386199,-0.197855,-0.197855,-11.3362,-11.3362,1,1,0.091122,0.00830321
1771742630.646379,2.330000,0.010000,-0.091121,-0.000088,0.123887,7.0982,0.550962,0.344833,-0.686990,-0.205964,-0.205964,-11.8008,-11.8008,1,1,0.091121,0.00830311
1771742630.656379,2.340000,0.010000,-0.091116,-0.000088,0.128123,7.3409,0.513087,0.335332,-0.950182,-0.194871,-0.194871,-11.1653,-11.1653,1,1,0.091116,0.00830222
1771742630.666379,2.350000,0.010000,-0.091106,-0.000071,0.131952,7.5603,0.471251,0.323527,-1.180475,-0.184704,-0.184704,-10.5827,-10.5827,1,1,0.091106,0.00830024
1771742630.676379,2.360000,0.010000,-0.091088,-0.000057,0.135332,7.7539,0.424861,0.309707,-1.381982,-0.161033,-0.161033,-9.2265,-9.2265,1,1,0.091088,0.00829705
1771742630.686379,2.370000,0.010000,-0.091063,0.000350,0.138220,7.9194,0.372683,0.294124,-1.558300,-0.128834,-0.128834,-7.3816,-7.3816,1,1,0.091063,0.00829239
1771742630.696379,2.380000,0.010000,-0.091026,0.001424,0.140588,8.0551,0.315046,0.276998,-1.712578,-0.164740,-0.164740,-9.4389,-9.4389,1,1,0.091026,0.00828570
1771742630.706379,2.390000,0.010000,-0.090975,0.002923,0.142416,8.1598,0.254336,0.258522,-1.847572,-0.170478,-0.170478,-9.7677,-9.7677,1,1,0.090975,0.00827638
1771742630.716379,2.400000,0.010000,-0.090906,0.004757,0.143687,8.2327,0.191095,0.238866,-1.965691,-0.169005,-0.169005,-9.6833,-9.6833,1,1,0.090906,0.00826397
1771742630.726379,2.410000,0.010000,-0.090819,0.006830,0.144390,8.2730,0.125946,0.218175,-2.069046,-0.173050,-0.173050,-9.9150,-9.9150,1,1,0.090819,0.00824814
1771742630.736379,2.420000,0.010000,-0.090712,0.009043,0.144517,8.2802,0.059506,0.196580,-2.159481,-0.122210,-0.122210,-7.0021,-7.0021,1,1,0.090712,0.00822870
1771742630.746379,2.430000,0.010000,-0.090585,0.011309,0.144061,8.2541,-0.007750,0.174194,-2.238612,-0.063037,-0.063037,-3.6118,-3.6118,1,1,0.090585,0.00820558
1771742630.756379,2.440000,0.010000,-0.090437,0.013542,0.143021,8.1945,-0.075452,0.151116,-2.307851,-0.017959,-0.017959,-1.0290,-1.0290,1,1,0.090437,0.00817882
1771742630.766379,2.450000,0.010000,-0.090270,0.015669,0.141394,8.1013,-0.143347,0.127431,-2.368435,0.050656,0.050656,2.9024,2.9024,1,1,0.090270,0.00814859
1771742630.776379,2.460000,0.010000,-0.090084,0.017612,0.139183,7.9746,-0.211124,0.103217,-2.421447,0.076456,0.076456,4.3806,4.3806,1,1,0.090084,0.00811518
1771742630.786379,2.470000,0.010000,-0.089883,0.019297,0.136390,7.8146,-0.278562,0.078538,-2.467832,0.124579,0.124579,7.1379,7.1379,1,1,0.089883,0.00807896
1771742630.796379,2.480000,0.010000,-0.089668,0.020660,0.133020,7.6215,-0.345500,0.053454,-2.508419,0.156194,0.156194,8.9492,8.9492,1,1,0.089668,0.00804041
1771742630.806379,2.490000,0.010000,-0.089443,0.021636,0.129077,7.3956,-0.411797,0.028015,-2.543932,0.175985,0.175985,10.0832,10.0832,1,1,0.089443,0.00800010
1771742630.816379,2.500000,0.010000,-0.089224,0.021364,0.124745,7.1474,-0.465790,0.008409,-1.960608,0.182551,0.182551,10.4594,10.4594,1,1,0.089224,0.00796092
1771742630.826379,2.510000,0.010000,-0.089011,0.020450,0.119992,6.8750,-0.516490,-0.012237,-2.064598,0.172103,0.172103,9.8608,9.8608,1,1,0.089011,0.00792305
1771742630.836379,2.520000,0.010000,-0.088812,0.018840,0.114852,6.5806,-0.563607,-0.032017,-1.978012,0.165468,0.165468,9.4806,9.4806,1,1,0.088812,0.00788755
1771742630.846379,2.530000,0.010000,-0.088635,0.016275,0.109409,6.2687,-0.603781,-0.049141,-1.712353,0.175418,0.175418,10.0507,10.0507,1,1,0.088635,0.00785612
1771742630.856379,2.540000,0.010000,-0.088488,0.012799,0.103709,5.9421,-0.637871,-0.064629,-1.548866,0.196678,0.196678,11.2688,11.2688,1,1,0.088488,0.00783006
1771742630.866379,2.550000,0.010000,-0.088386,0.007950,0.097911,5.6099,-0.659319,-0.074691,-1.006192,0.233615,0.233615,13.3852,13.3852,1,1,0.088386,0.00781201
1771742630.876379,2.560000,0.010000,-0.088341,0.001675,0.092140,5.2793,-0.667192,-0.080005,-0.531352,0.280927,0.280927,16.0959,16.0959,1,1,0.088341,0.00780421
1771742630.886379,2.570000,0.010000,-0.088342,-0.000160,0.086422,4.9516,-0.681168,-0.081164,-0.115867,0.315956,0.315956,18.1029,18.1029,1,1,0.088342,0.00780428
1771742630.896379,2.580000,0.010000,-0.088342,-0.000138,0.080910,4.6358,-0.658588,-0.078687,0.247682,0.330663,0.330663,18.9456,18.9456,1,1,0.088342,0.00780437
1771742630.906379,2.590000,0.010000,-0.088343,-0.000119,0.075681,4.3362,-0.626399,-0.073029,0.565788,0.315868,0.315868,18.0979,18.0979,1,1,0.088343,0.00780444
1771742630.916379,2.600000,0.010000,-0.088343,-0.000101,0.070800,4.0565,-0.586322,-0.064588,0.844130,0.292372,0.292372,16.7517,16.7517,1,1,0.088343,0.00780450
1771742630.926379,2.610000,0.010000,-0.088343,-0.000084,0.066320,3.7998,-0.539639,-0.053711,1.087680,0.276580,0.276580,15.8469,15.8469,1,1,0.088343,0.00780454
1771742630.936379,2.620000,0.010000,-0.088343,-0.000068,0.062286,3.5687,-0.487449,-0.040703,1.300786,0.287993,0.287993,16.5008,16.5008,1,1,0.088343,0.00780457
1771742630.946379,2.630000,0.010000,-0.088344,-0.000052,0.058736,3.3653,-0.430707,-0.025830,1.487253,0.317757,0.317757,18.2061,18.2061,1,1,0.088344,0.00780460
1771742630.956379,2.640000,0.010000,-0.088344,-0.000038,0.055699,3.1913,-0.370244,-0.009326,1.650412,0.345867,0.345867,19.8167,19.8167,1,1,0.088344,0.00780461
1771742630.966379,2.650000,0.010000,-0.088344,-0.000025,0.053201,3.0482,-0.306779,0.008606,1.793177,0.371554,0.371554,21.2885,21.2885,1,1,0.088344,0.00780462
1771742630.976379,2.660000,0.010000,-0.088344,-0.000015,0.051259,2.9369,-0.240935,0.027787,1.918095,0.391632,0.391632,22.4388,22.4388,1,1,0.088344,0.00780462
1771742630.986379,2.670000,0.010000,-0.088344,-0.000007,0.049889,2.8584,-0.173252,0.048061,2.027399,0.402687,0.402687,23.0723,23.0723,1,1,0.088344,0.00780462
1771742630.996379,2.680000,0.010000,-0.088344,-0.000003,0.049102,2.8134,-0.104197,0.069291,2.123040,0.411896,0.411896,23.5999,23.5999,1,1,0.088344,0.00780462
1771742631.006379,2.690000,0.010000,-0.088344,0.000000,0.048906,2.8021,-0.034174,0.091358,2.206726,0.419309,0.419309,24.0246,24.0246,1,1,0.088344,0.00780462
1771742631.016379,2.700000,0.010000,-0.088344,0.000000,0.049305,2.8249,0.036472,0.114158,2.279951,0.423073,0.423073,24.2403,24.2403,1,1,0.088344,0.00780462
1771742631.026379,2.710000,0.010000,-0.088344,-0.000003,0.050301,2.8820,0.107442,0.137598,2.344023,0.422626,0.422626,24.2147,24.2147,1,1,0.088344,0.00780462
1771742631.036379,2.720000,0.010000,-0.088344,-0.000009,0.051847,2.9706,0.173506,0.159882,2.228380,0.410320,0.410320,23.5096,23.5096,1,1,0.088344,0.00780463
1771742631.046379,2.730000,0.010000,-0.088344,-0.000014,0.053771,3.0808,0.221262,0.176443,1.656126,0.364369,0.364369,20.8768,20.8768,1,1,0.088344,0.00780464
1771742631.056379,2.740000,0.010000,-0.088344,-0.000018,0.055963,3.2064,0.255238,0.188960,1.251710,0.331955,0.331955,19.0196,19.0196,1,1,0.088344,0.00780465
1771742631.066379,2.750000,0.010000,-0.088344,-0.000023,0.058422,3.3473,0.287306,0.201339,1.237917,0.285273,0.285273,16.3450,16.3450,1,1,0.088344,0.00780466
1771742631.076379,2.760000,0.010000,-0.088344,-0.000030,0.061198,3.5064,0.324188,0.215662,1.432244,0.195942,0.195942,11.2267,11.2267,1,1,0.088344,0.00780468
1771742631.086379,2.770000,0.010000,-0.088344,-0.000038,0.064326,3.6856,0.365445,0.231684,1.602279,0.157275,0.157275,9.0112,9.0112,1,1,0.088344,0.00780470
1771742631.096379,2.780000,0.010000,-0.088344,-0.000048,0.067837,3.8868,0.410260,0.249168,1.748371,0.136724,0.136724,7.8337,7.8337,1,1,0.088344,0.00780473
1771742631.106379,2.790000,0.010000,-0.088345,-0.000059,0.071726,4.1096,0.455220,0.266976,1.780792,0.121250,0.121250,6.9471,6.9471,1,1,0.088345,0.00780477
1771742631.116379,2.800000,0.010000,-0.088345,-0.000070,0.075960,4.3522,0.496749,0.283940,1.696384,0.105363,0.105363,6.0369,6.0369,1,1,0.088345,0.00780481
1771742631.126379,2.810000,0.010000,-0.088345,-0.000081,0.080505,4.6126,0.534365,0.299934,1.599449,0.085201,0.085201,4.8817,4.8817,1,1,0.088345,0.00780486
1771742631.136379,2.820000,0.010000,-0.088345,-0.000092,0.085326,4.8888,0.567829,0.314856,1.492185,0.065506,0.065506,3.7532,3.7532,1,1,0.088345,0.00780491
1771742631.146379,2.830000,0.010000,-0.088346,-0.000101,0.090381,5.1784,0.596287,0.328383,1.352706,0.021187,0.021187,1.2139,1.2139,1,1,0.088346,0.00780496
1771742631.156379,2.840000,0.010000,-0.088346,-0.000108,0.095616,5.4784,0.618786,0.340164,1.178035,-0.040571,-0.040571,-2.3245,-2.3245,1,1,0.088346,0.00780502
1771742631.166379,2.850000,0.010000,-0.088346,-0.000111,0.100949,5.7839,0.631741,0.348933,0.876955,-0.135005,-0.135005,-7.7352,-7.7352,1,1,0.088346,0.00780508
1771742631.176379,2.860000,0.010000,-0.088347,-0.000110,0.106253,6.0879,0.630603,0.353116,0.418270,-0.193583,-0.193583,-11.0915,-11.0915,1,1,0.088347,0.00780514
1771742631.186379,2.870000,0.010000,-0.088347,-0.000104,0.111428,6.3844,0.617094,0.353285,0.016920,-0.195066,-0.195066,-11.1765,-11.1765,1,1,0.088347,0.00780519
1771742631.196379,2.880000,0.010000,-0.088347,-0.000098,0.116387,6.6685,0.592993,0.349943,-0.334261,-0.209957,-0.209957,-12.0297,-12.0297,1,1,0.088347,0.00780522
1771742631.206379,2.890000,0.010000,-0.088347,-0.000086,0.121056,6.9360,0.560130,0.343527,-0.641544,-0.224116,-0.224116,-12.8409,-12.8409,1,1,0.088347,0.00780523
1771742631.216379,2.900000,0.010000,-0.088343,-0.000088,0.125377,7.1836,0.523302,0.334423,-0.910417,-0.215401,-0.215401,-12.3415,-12.3415,1,1,0.088343,0.00780451
1771742631.226379,2.910000,0.010000,-0.088333,-0.000076,0.129299,7.4083,0.483055,0.322966,-1.145681,-0.203778,-0.203778,-11.6756,-11.6756,1,1,0.088333,0.00780271
1771742631.236379,2.920000,0.010000,-0.088315,-0.000059,0.132776,7.6075,0.438602,0.309451,-1.351536,-0.177021,-0.177021,-10.1426,-10.1426,1,1,0.088315,0.00779963
1771742631.246379,2.930000,0.010000,-0.088291,0.000009,0.135772,7.7791,0.389667,0.294134,-1.531660,-0.142902,-0.142902,-8.1877,-8.1877,1,1,0.088291,0.00779521
1771742631.256379,2.940000,0.010000,-0.088256,0.000619,0.138250,7.9211,0.334921,0.277241,-1.689269,-0.178537,-0.178537,-10.2294,-10.2294,1,1,0.088256,0.00778915
1771742631.266379,2.950000,0.010000,-0.088209,0.001792,0.140189,8.0322,0.275685,0.258970,-1.827176,-0.181156,-0.181156,-10.3795,-10.3795,1,1,0.088209,0.00778088
1771742631.276379,2.960000,0.010000,-0.088147,0.003310,0.141573,8.1115,0.213855,0.239491,-1.947845,-0.179809,-0.179809,-10.3023,-10.3023,1,1,0.088147,0.00776996
1771742631.286379,2.970000,0.010000,-0.088068,0.005097,0.142389,8.1583,0.149826,0.218957,-2.053430,-0.177148,-0.177148,-10.1498,-10.1498,1,1,0.088068,0.00775604
1771742631.296379,2.980000,0.010000,-0.087971,0.007050,0.142628,8.1720,0.084273,0.197499,-2.145817,-0.125114,-0.125114,-7.1685,-7.1685,1,1,0.087971,0.00773892
1771742631.306379,2.990000,0.010000,-0.087855,0.009070,0.142286,8.1524,0.017847,0.175232,-2.226656,-0.062703,-0.062703,-3.5926,-3.5926,1,1,0.087855,0.00771850
1771742631.316379,3.000000,0.010000,-0.087720,0.011076,0.141359,8.0993,-0.049111,0.152258,-2.297390,-0.015315,-0.015315,-0.8775,-0.8775,1,1,0.087720,0.00769482
1771742631.326379,3.010000,0.010000,-0.087567,0.012991,0.139845,8.0125,-0.116328,0.128666,-2.359282,0.050628,0.050628,2.9008,2.9008,1,1,0.087567,0.00766800
1771742631.336379,3.020000,0.010000,-0.087397,0.014740,0.137745,7.8922,-0.183519,0.104531,-2.413437,0.072812,0.072812,4.1718,4.1718,1,1,0.087397,0.00763830
1771742631.346379,3.030000,0.010000,-0.087213,0.016249,0.135063,7.7385,-0.250447,0.079923,-2.460824,0.124447,0.124447,7.1303,7.1303,1,1,0.087213,0.00760606
1771742631.356379,3.040000,0.010000,-0.087016,0.017451,0.131801,7.5517,-0.316918,0.054900,-2.502286,0.151551,0.151551,8.6832,8.6832,1,1,0.087016,0.00757173
1771742631.366379,3.050000,0.010000,-0.086809,0.018280,0.127966,7.3319,-0.382773,0.029514,-2.538567,0.175561,0.175561,10.0589,10.0589,1,1,0.086809,0.00753584
1771742631.376379,3.060000,0.010000,-0.086605,0.018215,0.123682,7.0865,-0.441164,0.007962,-2.155209,0.186552,0.186552,10.6886,10.6886,1,1,0.086605,0.00750044
1771742631.386379,3.070000,0.010000,-0.086405,0.017545,0.118931,6.8143,-0.496781,-0.014386,-2.234873,0.176356,0.176356,10.1044,10.1044,1,1,0.086405,0.00746590
1771742631.396379,3.080000,0.010000,-0.086218,0.016123,0.113767,6.5184,-0.548041,-0.035233,-2.084617,0.163535,0.163535,9.3699,9.3699,1,1,0.086218,0.00743347
1771742631.406379,3.090000,0.010000,-0.086051,0.013746,0.108276,6.2037,-0.592348,-0.053305,-1.807211,0.163499,0.163499,9.3678,9.3678,1,1,0.086051,0.00740485
1771742631.416379,3.100000,0.010000,-0.085916,0.010329,0.102533,5.8747,-0.628736,-0.068785,-1.548039,0.188910,0.188910,10.8237,10.8237,1,1,0.085916,0.00738164
1771742631.426379,3.110000,0.010000,-0.085827,0.005550,0.096694,5.5401,-0.652570,-0.078840,-1.005468,0.222228,0.222228,12.7328,12.7328,1,1,0.085827,0.00736636
1771742631.436379,3.120000,0.010000,-0.085795,-0.000149,0.090876,5.2068,-0.664758,-0.084147,-0.530719,0.275540,0.275540,15.7873,15.7873,1,1,0.085795,0.00736083
1771742631.446379,3.130000,0.010000,-0.085796,-0.000152,0.085097,4.8757,-0.682976,-0.085300,-0.115313,0.313025,0.313025,17.9350,17.9350,1,1,0.085796,0.00736093
1771742631.456379,3.140000,0.010000,-0.085796,-0.000133,0.079551,4.5579,-0.662427,-0.082818,0.248167,0.327830,0.327830,18.7833,18.7833,1,1,0.085796,0.00736101
1771742631.466379,3.150000,0.010000,-0.085797,-0.000117,0.074292,4.2566,-0.630491,-0.077156,0.566212,0.313609,0.313609,17.9685,17.9685,1,1,0.085797,0.00736108
1771742631.476379,3.160000,0.010000,-0.085797,-0.000100,0.069382,3.9753,-0.590517,-0.068711,0.844501,0.286605,0.286605,16.4213,16.4213,1,1,0.085797,0.00736113
1771742631.486379,3.170000,0.010000,-0.085797,-0.000084,0.064874,3.7170,-0.543910,-0.057831,1.088004,0.265571,0.265571,15.2161,15.2161,1,1,0.085797,0.00736117
1771742631.496379,3.180000,0.010000,-0.085797,-0.000068,0.060815,3.4844,-0.491784,-0.044821,1.301070,0.279264,0.279264,16.0006,16.0006,1,1,0.085797,0.00736120
1771742631.506379,3.190000,0.010000,-0.085798,-0.000053,0.057239,3.2796,-0.435095,-0.029946,1.487502,0.304921,0.304921,17.4707,17.4707,1,1,0.085798,0.00736123
1771742631.516379,3.200000,0.010000,-0.085798,-0.000039,0.054179,3.1042,-0.374674,-0.013439,1.650630,0.336376,0.336376,19.2729,19.2729,1,1,0.085798,0.00736124
1771742631.526379,3.210000,0.010000,-0.085798,-0.000026,0.051657,2.9597,-0.311243,0.004494,1.793367,0.362579,0.362579,20.7743,20.7743,1,1,0.085798,0.00736125
1771742631.536379,3.220000,0.010000,-0.085798,-0.000016,0.049693,2.8472,-0.245425,0.023677,1.918262,0.385199,0.385199,22.0703,22.0703,1,1,0.085798,0.00736126
1771742631.546379,3.230000,0.010000,-0.085798,-0.000008,0.048302,2.7675,-0.177763,0.043952,2.027545,0.397987,0.397987,22.8030,22.8030,1,1,0.085798,0.00736126
1771742631.556379,3.240000,0.010000,-0.085798,-0.000003,0.047494,2.7212,-0.108722,0.065184,2.123168,0.407233,0.407233,23.3327,23.3327,1,1,0.085798,0.00736126
1771742631.566379,3.250000,0.010000,-0.085798,-0.000000,0.047277,2.7088,-0.038708,0.087253,2.206838,0.416360,0.416360,23.8557,23.8557,1,1,0.085798,0.00736126
1771742631.576379,3.260000,0.010000,-0.085798,0.000000,0.047656,2.7305,0.031932,0.110053,2.280049,0.421216,0.421216,24.1339,24.1339,1,1,0.085798,0.00736126
1771742631.586379,3.270000,0.010000,-0.085798,-0.000003,0.048634,2.7865,0.102900,0.133494,2.344109,0.420982,0.420982,24.1205,24.1205,1,1,0.085798,0.00736126
1771742631.596379,3.280000,0.010000,-0.085798,-0.000008,0.050167,2.8743,0.169715,0.156008,2.251438,0.410227,0.410227,23.5043,23.5043,1,1,0.085798,0.00736127
1771742631.606379,3.290000,0.010000,-0.085798,-0.000013,0.052070,2.9834,0.217198,0.172333,1.632462,0.367852,0.367852,21.0764,21.0764,1,1,0.085798,0.00736127
1771742631.616379,3.300000,0.010000,-0.085798,-0.000016,0.054216,3.1064,0.248992,0.183988,1.165469,0.345027,0.345027,19.7686,19.7686,1,1,0.085798,0.00736128
1771742631.626379,3.310000,0.010000,-0.085798,-0.000021,0.056619,3.2440,0.279692,0.195897,1.190950,0.302526,0.302526,17.3335,17.3335,1,1,0.085798,0.00736130
1771742631.636379,3.320000,0.010000,-0.085798,-0.000027,0.059322,3.3989,0.314526,0.209525,1.362794,0.216970,0.216970,12.4315,12.4315,1,1,0.085798,0.00736131
1771742631.646379,3.330000,0.010000,-0.085798,-0.000036,0.062364,3.5732,0.353976,0.224940,1.541511,0.155423,0.155423,8.9051,8.9051,1,1,0.085798,0.00736133
1771742631.656379,3.340000,0.010000,-0.085798,-0.000043,0.065778,3.7688,0.397344,0.241919,1.697888,0.133040,0.133040,7.6226,7.6226,1,1,0.085798,0.00736136
1771742631.666379,3.350000,0.010000,-0.085799,-0.000054,0.069576,3.9864,0.442700,0.259829,1.791002,0.117488,0.117488,6.7315,6.7315,1,1,0.085799,0.00736139
1771742631.676379,3.360000,0.010000,-0.085799,-0.000065,0.073730,4.2244,0.485395,0.277099,1.726976,0.101224,0.101224,5.7997,5.7997,1,1,0.085799,0.00736143
1771742631.686379,3.370000,0.010000,-0.085799,-0.000076,0.078204,4.4808,0.524124,0.293366,1.626673,0.081630,0.081630,4.6770,4.6770,1,1,0.085799,0.00736147
1771742631.696379,3.380000,0.010000,-0.085799,-0.000087,0.082967,4.7537,0.559194,0.308740,1.537425,0.058832,0.058832,3.3708,3.3708,1,1,0.085799,0.00736152
1771742631.706379,3.390000,0.010000,-0.085800,-0.000096,0.087979,5.0408,0.589508,0.322799,1.405948,0.009441,0.009441,0.5409,0.5409,1,1,0.085800,0.00736157
1771742631.716379,3.400000,0.010000,-0.085800,-0.000104,0.093184,5.3391,0.613750,0.335072,1.227282,-0.052439,-0.052439,-3.0045,-3.0045,1,1,0.085800,0.00736163
1771742631.726379,3.410000,0.010000,-0.085800,-0.000108,0.098503,5.6438,0.628856,0.344467,0.939439,-0.147156,-0.147156,-8.4314,-8.4314,1,1,0.085800,0.00736169
1771742631.736379,3.420000,0.010000,-0.085801,-0.000107,0.103807,5.9477,0.629730,0.349196,0.472943,-0.208179,-0.208179,-11.9278,-11.9278,1,1,0.085801,0.00736174
1771742631.746379,3.430000,0.010000,-0.085801,-0.000102,0.108992,6.2448,0.617970,0.349844,0.064760,-0.207489,-0.207489,-11.8882,-11.8882,1,1,0.085801,0.00736179
1771742631.756379,3.440000,0.010000,-0.085801,-0.000093,0.113971,6.5301,0.595416,0.346920,-0.292401,-0.219393,-0.219393,-12.5703,-12.5703,1,1,0.085801,0.00736183
1771742631.766379,3.450000,0.010000,-0.085801,-0.000085,0.118668,6.7992,0.563687,0.340871,-0.604917,-0.237364,-0.237364,-13.6000,-13.6000,1,1,0.085801,0.00736186
1771742631.776379,3.460000,0.010000,-0.085798,-0.000086,0.123024,7.0488,0.527739,0.332087,-0.878368,-0.231191,-0.231191,-13.2463,-13.2463,1,1,0.085798,0.00736126
1771742631.786379,3.470000,0.010000,-0.085788,-0.000075,0.126987,7.2758,0.488955,0.320910,-1.117638,-0.216287,-0.216287,-12.3923,-12.3923,1,1,0.085788,0.00735958
1771742631.796379,3.480000,0.010000,-0.085770,-0.000060,0.130511,7.4777,0.446481,0.307640,-1.326999,-0.185646,-0.185646,-10.6368,-10.6368,1,1,0.085770,0.00735654
1771742631.806379,3.490000,0.010000,-0.085744,-0.000047,0.133559,7.6523,0.400005,0.292539,-1.510190,-0.153787,-0.153787,-8.8114,-8.8114,1,1,0.085744,0.00735212
1771742631.816379,3.500000,0.010000,-0.085710,0.000142,0.136097,7.7978,0.348936,0.275834,-1.670482,-0.190535,-0.190535,-10.9169,-10.9169,1,1,0.085710,0.00734621
1771742631.826379,3.510000,0.010000,-0.085665,0.000886,0.138098,7.9124,0.292524,0.257726,-1.810738,-0.189402,-0.189402,-10.8520,-10.8520,1,1,0.085665,0.00733848
1771742631.836379,3.520000,0.010000,-0.085607,0.002077,0.139545,7.9953,0.232503,0.238392,-1.933461,-0.187880,-0.187880,-10.7647,-10.7647,1,1,0.085607,0.00732848
1771742631.846379,3.530000,0.010000,-0.085533,0.003531,0.140425,8.0458,0.170380,0.217983,-2.040845,-0.169982,-0.169982,-9.7392,-9.7392,1,1,0.085533,0.00731587
1771742631.856379,3.540000,0.010000,-0.085443,0.005175,0.140730,8.0632,0.106470,0.196635,-2.134805,-0.114660,-0.114660,-6.5696,-6.5696,1,1,0.085443,0.00730044
1771742631.866379,3.550000,0.010000,-0.085335,0.006914,0.140453,8.0474,0.041370,0.174465,-2.217020,-0.052042,-0.052042,-2.9818,-2.9818,1,1,0.085335,0.00728208
1771742631.876379,3.560000,0.010000,-0.085210,0.008658,0.139591,7.9980,-0.024456,0.151575,-2.288958,-0.007083,-0.007083,-0.4058,-0.4058,1,1,0.085210,0.00726081
1771742631.886379,3.570000,0.010000,-0.085069,0.010328,0.138142,7.9150,-0.090666,0.128056,-2.351904,0.044337,0.044337,2.5403,2.5403,1,1,0.085069,0.00723675
1771742631.896379,3.580000,0.010000,-0.084912,0.011844,0.136108,7.7984,-0.156936,0.103987,-2.406982,0.070899,0.070899,4.0622,4.0622,1,1,0.084912,0.00721012
1771742631.906379,3.590000,0.010000,-0.084742,0.013132,0.133490,7.6484,-0.222999,0.079435,-2.455175,0.121597,0.121597,6.9670,6.9670,1,1,0.084742,0.00718124
1771742631.916379,3.600000,0.010000,-0.084561,0.014123,0.130294,7.4653,-0.288640,0.054461,-2.497344,0.148198,0.148198,8.4911,8.4911,1,1,0.084561,0.00715054
1771742631.926379,3.610000,0.010000,-0.084371,0.014750,0.126523,7.2492,-0.353682,0.029119,-2.534242,0.176903,0.176903,10.1358,10.1358,1,1,0.084371,0.00711852
1771742631.936379,3.620000,0.010000,-0.084183,0.014691,0.122263,7.0052,-0.414137,0.006256,-2.286330,0.190341,0.190341,10.9057,10.9057,1,1,0.084183,0.00708669
1771742631.946379,3.630000,0.010000,-0.083997,0.014067,0.117506,6.7326,-0.472374,-0.017240,-2.349605,0.182861,0.182861,10.4771,10.4771,1,1,0.083997,0.00705551
1771742631.956379,3.640000,0.010000,-0.083823,0.012685,0.112318,6.4353,-0.526130,-0.038761,-2.152024,0.169864,0.169864,9.7325,9.7325,1,1,0.083823,0.00702637
1771742631.966379,3.650000,0.010000,-0.083672,0.010364,0.106788,6.1185,-0.573185,-0.057401,-1.863989,0.157049,0.157049,8.9982,8.9982,1,1,0.083672,0.00700094
1771742631.976379,3.660000,0.010000,-0.083555,0.006875,0.101049,5.7897,-0.610342,-0.071473,-1.407268,0.183632,0.183632,10.5213,10.5213,1,1,0.083555,0.00698142
1771742631.986379,3.670000,0.010000,-0.083487,0.002019,0.095245,5.4571,-0.634761,-0.080296,-0.882294,0.214087,0.214087,12.2663,12.2663,1,1,0.083487,0.00697014
1771742631.996379,3.680000,0.010000,-0.083464,-0.000147,0.089437,5.1244,-0.660332,-0.084526,-0.422941,0.271928,0.271928,15.5803,15.5803,1,1,0.083464,0.00696631
1771742632.006379,3.690000,0.010000,-0.083465,-0.000139,0.083749,4.7985,-0.672403,-0.084736,-0.021008,0.305230,0.305230,17.4884,17.4884,1,1,0.083465,0.00696640
1771742632.016379,3.700000,0.010000,-0.083465,-0.000123,0.078312,4.4870,-0.650005,-0.081429,0.330684,0.314884,0.314884,18.0415,18.0415,1,1,0.083465,0.00696647
1771742632.026379,3.710000,0.010000,-0.083466,-0.000108,0.073179,4.1929,-0.616409,-0.075045,0.638415,0.291408,0.291408,16.6965,16.6965,1,1,0.083466,0.00696653
1771742632.036379,3.720000,0.010000,-0.083466,-0.000093,0.068409,3.9196,-0.575026,-0.065968,0.907679,0.260382,0.260382,14.9188,14.9188,1,1,0.083466,0.00696658
1771742632.046379,3.730000,0.010000,-0.083466,-0.000077,0.064053,3.6700,-0.527266,-0.054535,1.143285,0.255706,0.255706,14.6509,14.6509,1,1,0.083466,0.00696662
1771742632.056379,3.740000,0.010000,-0.083466,-0.000062,0.060154,3.4466,-0.474213,-0.041041,1.349440,0.266992,0.266992,15.2975,15.2975,1,1,0.083466,0.00696665
1771742632.066379,3.750000,0.010000,-0.083467,-0.000048,0.056747,3.2513,-0.416795,-0.025742,1.529826,0.295890,0.295890,16.9533,16.9533,1,1,0.083467,0.00696667
1771742632.076379,3.760000,0.010000,-0.083467,-0.000034,0.053860,3.0859,-0.355815,-0.008866,1.687663,0.328953,0.328953,18.8476,18.8476,1,1,0.083467,0.00696668
1771742632.086379,3.770000,0.010000,-0.083467,-0.000023,0.051516,2.9516,-0.291972,0.009392,1.825771,0.360013,0.360013,20.6272,20.6272,1,1,0.083467,0.00696669
1771742632.096379,3.780000,0.010000,-0.083467,-0.000014,0.049704,2.8479,-0.228676,0.027849,1.845710,0.381691,0.381691,21.8693,21.8693,1,1,0.083467,0.00696670
1771742632.106379,3.790000,0.010000,-0.083467,-0.000007,0.048441,2.7755,-0.163952,0.047322,1.947283,0.390855,0.390855,22.3944,22.3944,1,1,0.083467,0.00696670
1771742632.116379,3.800000,0.010000,-0.083467,-0.000003,0.047740,2.7353,-0.097541,0.067851,2.052939,0.400617,0.400617,22.9536,22.9536,1,1,0.083467,0.00696670
1771742632.126379,3.810000,0.010000,-0.083467,-0.000000,0.047613,2.7280,-0.029824,0.089305,2.145387,0.411979,0.411979,23.6047,23.6047,1,1,0.083467,0.00696669
1771742632.136379,3.820000,0.010000,-0.083467,0.000001,0.048065,2.7539,0.038815,0.111568,2.226280,0.417245,0.417245,23.9064,23.9064,1,1,0.083467,0.00696669
1771742632.146379,3.830000,0.010000,-0.083467,-0.000002,0.049102,2.8133,0.108045,0.134539,2.297060,0.415699,0.415699,23.8178,23.8178,1,1,0.083467,0.00696669
1771742632.156379,3.840000,0.010000,-0.083467,-0.000007,0.050612,2.8998,0.166502,0.154147,1.960870,0.400281,0.400281,22.9344,22.9344,1,1,0.083467,0.00696670
1771742632.166379,3.850000,0.010000,-0.083467,-0.000012,0.052422,3.0036,0.206223,0.167814,1.366696,0.369784,0.369784,21.1871,21.1871,1,1,0.083467,0.00696671
1771742632.176379,3.860000,0.010000,-0.083467,-0.000014,0.054465,3.1206,0.235953,0.178801,1.098645,0.350551,0.350551,20.0851,20.0851,1,1,0.083467,0.00696672
1771742632.186379,3.870000,0.010000,-0.083467,-0.000018,0.056744,3.2512,0.264257,0.189825,1.102394,0.289432,0.289432,16.5833,16.5833,1,1,0.083467,0.00696673
1771742632.196379,3.880000,0.010000,-0.083467,-0.000023,0.059313,3.3984,0.297705,0.202961,1.313660,0.203893,0.203893,11.6822,11.6822,1,1,0.083467,0.00696674
1771742632.206379,3.890000,0.010000,-0.083467,-0.000030,0.062215,3.5647,0.336045,0.217946,1.498519,0.148942,0.148942,8.5337,8.5337,1,1,0.083467,0.00696675
1771742632.216379,3.900000,0.010000,-0.083467,-0.000038,0.065482,3.7519,0.378508,0.234549,1.660270,0.123729,0.123729,7.0892,7.0892,1,1,0.083467,0.00696678
1771742632.226379,3.910000,0.010000,-0.083467,-0.000049,0.069142,3.9616,0.424374,0.252567,1.801802,0.108429,0.108429,6.2125,6.2125,1,1,0.083467,0.00696681
1771742632.236379,3.920000,0.010000,-0.083468,-0.000059,0.073161,4.1918,0.467536,0.269853,1.728600,0.091768,0.091768,5.2579,5.2579,1,1,0.083468,0.00696684
1771742632.246379,3.930000,0.010000,-0.083468,-0.000069,0.077505,4.4407,0.506922,0.286199,1.634545,0.071125,0.071125,4.0752,4.0752,1,1,0.083468,0.00696688
1771742632.256379,3.940000,0.010000,-0.083468,-0.000080,0.082150,4.7069,0.543400,0.301921,1.572258,0.044401,0.044401,2.5440,2.5440,1,1,0.083468,0.00696693
1771742632.266379,3.950000,0.010000,-0.083468,-0.000089,0.087056,4.9879,0.575207,0.316337,1.441549,-0.007888,-0.007888,-0.4519,-0.4519,1,1,0.083468,0.00696697
1771742632.276379,3.960000,0.010000,-0.083469,-0.000097,0.092161,5.2804,0.600371,0.328757,1.242026,-0.081126,-0.081126,-4.6482,-4.6482,1,1,0.083469,0.00696703
1771742632.286379,3.970000,0.010000,-0.083469,-0.000101,0.097367,5.5787,0.614727,0.337697,0.894046,-0.168226,-0.168226,-9.6387,-9.6387,1,1,0.083469,0.00696708
1771742632.296379,3.980000,0.010000,-0.083469,-0.000100,0.102550,5.8757,0.614993,0.342030,0.433225,-0.207629,-0.207629,-11.8963,-11.8963,1,1,0.083469,0.00696713
1771742632.306379,3.990000,0.010000,-0.083470,-0.000096,0.107629,6.1667,0.604904,0.343095,0.106515,-0.209583,-0.209583,-12.0082,-12.0082,1,1,0.083470,0.00696718
1771742632.316379,4.000000,0.010000,-0.083470,-0.000088,0.112512,6.4465,0.584022,0.340536,-0.255865,-0.233733,-0.233733,-13.3919,-13.3919,1,1,0.083470,0.00696722
1771742632.326379,4.010000,0.010000,-0.083470,-0.000081,0.117124,6.7107,0.553795,0.334807,-0.572948,-0.253419,-0.253419,-14.5198,-14.5198,1,1,0.083470,0.00696724
1771742632.336379,4.020000,0.010000,-0.083467,-0.000080,0.121403,6.9559,0.518990,0.326303,-0.850395,-0.244550,-0.244550,-14.0117,-14.0117,1,1,0.083467,0.00696671
1771742632.346379,4.030000,0.010000,-0.083457,-0.000071,0.125297,7.1790,0.481927,0.315371,-1.093161,-0.226416,-0.226416,-12.9727,-12.9727,1,1,0.083457,0.00696510
1771742632.356379,4.040000,0.010000,-0.083439,-0.000059,0.128760,7.3774,0.441744,0.302315,-1.305582,-0.187016,-0.187016,-10.7152,-10.7152,1,1,0.083439,0.00696208
1771742632.366379,4.050000,0.010000,-0.083412,-0.000046,0.131753,7.5489,0.397918,0.287401,-1.491450,-0.184358,-0.184358,-10.5630,-10.5630,1,1,0.083412,0.00695755
1771742632.376379,4.060000,0.010000,-0.083376,-0.000032,0.134246,7.6917,0.350402,0.270860,-1.654085,-0.198411,-0.198411,-11.3681,-11.3681,1,1,0.083376,0.00695150
1771742632.386379,4.070000,0.010000,-0.083330,0.000243,0.136208,7.8042,0.298363,0.252896,-1.796390,-0.195962,-0.195962,-11.2278,-11.2278,1,1,0.083330,0.00694385
1771742632.396379,4.080000,0.010000,-0.083272,0.000974,0.137620,7.8850,0.241921,0.233687,-1.920907,-0.191898,-0.191898,-10.9949,-10.9949,1,1,0.083272,0.00693428
1771742632.406379,4.090000,0.010000,-0.083201,0.002048,0.138467,7.9336,0.182515,0.213388,-2.029860,-0.153971,-0.153971,-8.8219,-8.8219,1,1,0.083201,0.00692248
1771742632.416379,4.100000,0.010000,-0.083116,0.003317,0.138742,7.9493,0.121218,0.192136,-2.125193,-0.087057,-0.087057,-4.9880,-4.9880,1,1,0.083116,0.00690824
1771742632.426379,4.110000,0.010000,-0.083015,0.004696,0.138438,7.9319,0.058439,0.170050,-2.208610,-0.024155,-0.024155,-1.3840,-1.3840,1,1,0.083015,0.00689146
1771742632.436379,4.120000,0.010000,-0.082898,0.006099,0.137550,7.8810,-0.005372,0.147234,-2.281599,0.016382,0.016382,0.9386,0.9386,1,1,0.082898,0.00687214
1771742632.446379,4.130000,0.010000,-0.082767,0.007438,0.136078,7.7967,-0.069757,0.123780,-2.345465,0.041597,0.041597,2.3833,2.3833,1,1,0.082767,0.00685041
1771742632.456379,4.140000,0.010000,-0.082622,0.008632,0.134022,7.6789,-0.134334,0.099766,-2.401348,0.071201,0.071201,4.0795,4.0795,1,1,0.082622,0.00682647
1771742632.466379,4.150000,0.010000,-0.082466,0.009603,0.131385,7.5278,-0.198793,0.075264,-2.450245,0.123951,0.123951,7.1019,7.1019,1,1,0.082466,0.00680066
1771742632.476379,4.160000,0.010000,-0.082300,0.010281,0.128170,7.3436,-0.262884,0.050333,-2.493031,0.149238,0.149238,8.5507,8.5507,1,1,0.082300,0.00677336
1771742632.486379,4.170000,0.010000,-0.082128,0.010597,0.124382,7.1265,-0.326411,0.025029,-2.530468,0.183858,0.183858,10.5343,10.5343,1,1,0.082128,0.00674507
1771742632.496379,4.180000,0.010000,-0.081953,0.010489,0.120027,6.8770,-0.389223,-0.000603,-2.563225,0.195309,0.195309,11.1904,11.1904,1,1,0.081953,0.00671634
1771742632.506379,4.190000,0.010000,-0.081781,0.009811,0.115145,6.5973,-0.449894,-0.025329,-2.472597,0.196580,0.196580,11.2632,11.2632,1,1,0.081781,0.00668821
1771742632.516379,4.200000,0.010000,-0.081624,0.008293,0.109843,6.2935,-0.504983,-0.046659,-2.132906,0.171700,0.171700,9.8377,9.8377,1,1,0.081624,0.00666248
1771742632.526379,4.210000,0.010000,-0.081491,0.005802,0.104215,5.9711,-0.552915,-0.064813,-1.815491,0.151369,0.151369,8.6728,8.6728,1,1,0.081491,0.00664085
1771742632.536379,4.220000,0.010000,-0.081399,0.002092,0.098425,5.6393,-0.590213,-0.077208,-1.239488,0.177167,0.177167,10.1509,10.1509,1,1,0.081399,0.00662581
1771742632.546379,4.230000,0.010000,-0.081349,-0.000136,0.092566,5.3037,-0.625672,-0.084563,-0.735487,0.216495,0.216495,12.4043,12.4043,1,1,0.081349,0.00661764
1771742632.556379,4.240000,0.010000,-0.081331,-0.000141,0.086746,4.9702,-0.658688,-0.087508,-0.294485,0.273301,0.273301,15.6590,15.6590,1,1,0.081331,0.00661480
1771742632.566379,4.250000,0.010000,-0.081332,-0.000132,0.081112,4.6474,-0.666224,-0.086594,0.091392,0.301023,0.301023,17.2474,17.2474,1,1,0.081332,0.00661489
1771742632.576379,4.260000,0.010000,-0.081332,-0.000117,0.075754,4.3404,-0.641514,-0.082304,0.429034,0.305161,0.305161,17.4844,17.4844,1,1,0.081332,0.00661495
1771742632.586379,4.270000,0.010000,-0.081333,-0.000102,0.070720,4.0520,-0.605766,-0.075059,0.724470,0.275993,0.275993,15.8132,15.8132,1,1,0.081333,0.00661501
1771742632.596379,4.280000,0.010000,-0.081333,-0.000087,0.066067,3.7854,-0.562526,-0.065229,0.982977,0.244333,0.244333,13.9993,13.9993,1,1,0.081333,0.00661505
1771742632.606379,4.290000,0.010000,-0.081333,-0.000072,0.061842,3.5433,-0.513218,-0.053138,1.209171,0.254998,0.254998,14.6103,14.6103,1,1,0.081333,0.00661509
1771742632.616379,4.300000,0.010000,-0.081333,-0.000057,0.058086,3.3281,-0.458892,-0.039067,1.407090,0.266199,0.266199,15.2521,15.2521,1,1,0.081333,0.00661511
1771742632.626379,4.310000,0.010000,-0.081333,-0.000043,0.054832,3.1416,-0.400441,-0.023264,1.580270,0.294737,0.294737,16.8872,16.8872,1,1,0.081333,0.00661513
1771742632.636379,4.320000,0.010000,-0.081334,-0.000031,0.052106,2.9854,-0.338638,-0.005946,1.731802,0.326489,0.326489,18.7065,18.7065,1,1,0.081334,0.00661514
1771742632.646379,4.330000,0.010000,-0.081334,-0.000020,0.049929,2.8607,-0.274152,0.012698,1.864393,0.362722,0.362722,20.7825,20.7825,1,1,0.081334,0.00661515
1771742632.656379,4.340000,0.010000,-0.081334,-0.000012,0.048247,2.7644,-0.214281,0.030032,1.733383,0.382317,0.382317,21.9051,21.9051,1,1,0.081334,0.00661515
1771742632.666379,4.350000,0.010000,-0.081334,-0.000006,0.047083,2.6976,-0.153284,0.048424,1.839184,0.385049,0.385049,22.0617,22.0617,1,1,0.081334,0.00661515
1771742632.676379,4.360000,0.010000,-0.081334,-0.000002,0.046455,2.6616,-0.090196,0.068007,1.958352,0.396203,0.396203,22.7008,22.7008,1,1,0.081334,0.00661515
1771742632.686379,4.370000,0.010000,-0.081334,0.000002,0.046377,2.6572,-0.025363,0.088633,2.062624,0.408231,0.408231,23.3899,23.3899,1,1,0.081334,0.00661515
1771742632.696379,4.380000,0.010000,-0.081334,0.000001,0.046860,2.6849,0.040791,0.110172,2.153862,0.414326,0.414326,23.7391,23.7391,1,1,0.081334,0.00661515
1771742632.706379,4.390000,0.010000,-0.081334,-0.000002,0.047910,2.7450,0.107879,0.132509,2.233695,0.413439,0.413439,23.6883,23.6883,1,1,0.081334,0.00661515
1771742632.716379,4.400000,0.010000,-0.081334,-0.000006,0.049387,2.8297,0.161697,0.150444,1.793546,0.397314,0.397314,22.7644,22.7644,1,1,0.081334,0.00661516
1771742632.726379,4.410000,0.010000,-0.081334,-0.000010,0.051126,2.9293,0.197360,0.162647,1.220287,0.376776,0.376776,21.5877,21.5877,1,1,0.081334,0.00661516
1771742632.736379,4.420000,0.010000,-0.081334,-0.000013,0.053119,3.0435,0.228512,0.174191,1.154380,0.364406,0.364406,20.8789,20.8789,1,1,0.081334,0.00661517
1771742632.746379,4.430000,0.010000,-0.081334,-0.000017,0.055361,3.1719,0.258410,0.185692,1.150095,0.296525,0.296525,16.9896,16.9896,1,1,0.081334,0.00661518
1771742632.756379,4.440000,0.010000,-0.081334,-0.000022,0.057906,3.3177,0.293130,0.199246,1.355399,0.202513,0.202513,11.6032,11.6032,1,1,0.081334,0.00661519
1771742632.766379,4.450000,0.010000,-0.081334,-0.000029,0.060793,3.4832,0.332538,0.214596,1.535040,0.143770,0.143770,8.2374,8.2374,1,1,0.081334,0.00661521
1771742632.776379,4.460000,0.010000,-0.081334,-0.000037,0.064054,3.6700,0.375911,0.231519,1.692226,0.117482,0.117482,6.7312,6.7312,1,1,0.081334,0.00661523
1771742632.786379,4.470000,0.010000,-0.081334,-0.000047,0.067715,3.8798,0.422552,0.249816,1.829764,0.102407,0.102407,5.8675,5.8675,1,1,0.081334,0.00661526
1771742632.796379,4.480000,0.010000,-0.081334,-0.000057,0.071724,4.1095,0.464785,0.266720,1.690408,0.084499,0.084499,4.8414,4.8414,1,1,0.081334,0.00661529
1771742632.806379,4.490000,0.010000,-0.081335,-0.000067,0.076053,4.3575,0.503707,0.282906,1.618535,0.064735,0.064735,3.7090,3.7090,1,1,0.081335,0.00661533
1771742632.816379,4.500000,0.010000,-0.081335,-0.000077,0.080684,4.6229,0.540047,0.298571,1.566567,0.035190,0.035190,2.0162,2.0162,1,1,0.081335,0.00661537
1771742632.826379,4.510000,0.010000,-0.081335,-0.000086,0.085576,4.9031,0.572098,0.313041,1.446932,-0.017780,-0.017780,-1.0187,-1.0187,1,1,0.081335,0.00661542
1771742632.836379,4.520000,0.010000,-0.081336,-0.000094,0.090671,5.1951,0.597796,0.325591,1.254978,-0.095506,-0.095506,-5.4721,-5.4721,1,1,0.081336,0.00661547
1771742632.846379,4.530000,0.010000,-0.081336,-0.000098,0.095868,5.4928,0.612523,0.334556,0.896544,-0.180343,-0.180343,-10.3329,-10.3329,1,1,0.081336,0.00661552
1771742632.856379,4.540000,0.010000,-0.081336,-0.000098,0.101067,5.7907,0.615724,0.339833,0.527745,-0.215022,-0.215022,-12.3198,-12.3198,1,1,0.081336,0.00661557
1771742632.866379,4.550000,0.010000,-0.081336,-0.000096,0.106216,6.0857,0.611610,0.342905,0.307154,-0.235693,-0.235693,-13.5042,-13.5042,1,1,0.081336,0.00661561
1771742632.876379,4.560000,0.010000,-0.081337,-0.000091,0.111212,6.3720,0.596251,0.342102,-0.080306,-0.271206,-0.271206,-15.5390,-15.5390,1,1,0.081337,0.00661565
1771742632.886379,4.570000,0.010000,-0.081337,-0.000085,0.115972,6.6447,0.570771,0.337909,-0.419334,-0.289857,-0.289857,-16.6076,-16.6076,1,1,0.081337,0.00661568
1771742632.896379,4.580000,0.010000,-0.081336,-0.000079,0.120428,6.9000,0.538053,0.330749,-0.715983,-0.291836,-0.291836,-16.7210,-16.7210,1,1,0.081336,0.00661549
1771742632.906379,4.590000,0.010000,-0.081329,-0.000076,0.124525,7.1348,0.503574,0.320993,-0.975551,-0.275934,-0.275934,-15.8098,-15.8098,1,1,0.081329,0.00661433
1771742632.916379,4.600000,0.010000,-0.081313,-0.000065,0.128214,7.3461,0.466937,0.308967,-1.202673,-0.241237,-0.241237,-13.8219,-13.8219,1,1,0.081313,0.00661179
1771742632.926379,4.610000,0.010000,-0.081287,-0.000054,0.131452,7.5316,0.427309,0.294952,-1.401404,-0.215905,-0.215905,-12.3704,-12.3704,1,1,0.081287,0.00660762
1771742632.936379,4.620000,0.010000,-0.081251,-0.000041,0.134203,7.6893,0.384344,0.279200,-1.575295,-0.221570,-0.221570,-12.6950,-12.6950,1,1,0.081251,0.00660173
1771742632.946379,4.630000,0.010000,-0.081204,0.000004,0.136441,7.8175,0.337931,0.261925,-1.727449,-0.223486,-0.223486,-12.8048,-12.8048,1,1,0.081204,0.00659412
1771742632.956379,4.640000,0.010000,-0.081146,0.000306,0.138138,7.9147,0.287662,0.243319,-1.860584,-0.221259,-0.221259,-12.6772,-12.6772,1,1,0.081146,0.00658467
1771742632.966379,4.650000,0.010000,-0.081075,0.001021,0.139277,7.9800,0.233315,0.223548,-1.977076,-0.190106,-0.190106,-10.8922,-10.8922,1,1,0.081075,0.00657310
1771742632.976379,4.660000,0.010000,-0.080989,0.002044,0.139847,8.0126,0.176138,0.202758,-2.079008,-0.127943,-0.127943,-7.3306,-7.3306,1,1,0.080989,0.00655917
1771742632.986379,4.670000,0.010000,-0.080887,0.003225,0.139840,8.0122,0.117208,0.181076,-2.168198,-0.051295,-0.051295,-2.9390,-2.9390,1,1,0.080887,0.00654270
1771742632.996379,4.680000,0.010000,-0.080769,0.004480,0.139251,7.9785,0.056907,0.158614,-2.246239,-0.005510,-0.005510,-0.3157,-0.3157,1,1,0.080769,0.00652367
1771742633.006379,4.690000,0.010000,-0.080636,0.005725,0.138078,7.9113,-0.004348,0.135469,-2.314525,0.022056,0.022056,1.2637,1.2637,1,1,0.080636,0.00650213
1771742633.016379,4.700000,0.010000,-0.080488,0.006870,0.136321,7.8106,-0.066061,0.111726,-2.374275,0.045370,0.045370,2.5995,2.5995,1,1,0.080488,0.00647826
1771742633.026379,4.710000,0.010000,-0.080326,0.007832,0.133981,7.6765,-0.127823,0.087460,-2.426556,0.078433,0.078433,4.4939,4.4939,1,1,0.080326,0.00645233
1771742633.036379,4.720000,0.010000,-0.080154,0.008530,0.131061,7.5093,-0.189276,0.062737,-2.472303,0.131156,0.131156,7.5147,7.5147,1,1,0.080154,0.00642467
1771742633.046379,4.730000,0.010000,-0.079973,0.008896,0.127567,7.3090,-0.250192,0.037614,-2.512331,0.152129,0.152129,8.7163,8.7163,1,1,0.079973,0.00639574
1771742633.056379,4.740000,0.010000,-0.079787,0.008861,0.123503,7.0762,-0.310349,0.012141,-2.547355,0.188358,0.188358,10.7921,10.7921,1,1,0.079787,0.00636604
1771742633.066379,4.750000,0.010000,-0.079600,0.008362,0.118876,6.8111,-0.369579,-0.013639,-2.578002,0.196630,0.196630,11.2661,11.2661,1,1,0.079600,0.00633616
1771742633.076379,4.760000,0.010000,-0.079415,0.007340,0.113693,6.5141,-0.427769,-0.039688,-2.604817,0.185690,0.185690,10.6393,10.6393,1,1,0.079415,0.00630677
1771742633.086379,4.770000,0.010000,-0.079244,0.005563,0.108059,6.1913,-0.482031,-0.062384,-2.269645,0.159058,0.159058,9.1134,9.1134,1,1,0.079244,0.00627964
1771742633.096379,4.780000,0.010000,-0.079104,0.002744,0.102156,5.8531,-0.528414,-0.078753,-1.636874,0.147892,0.147892,8.4736,8.4736,1,1,0.079104,0.00625741
1771742633.106379,4.790000,0.010000,-0.079004,-0.000097,0.096119,5.5072,-0.569375,-0.089585,-1.083199,0.158844,0.158844,9.1011,9.1011,1,1,0.079004,0.00624163
1771742633.116379,4.800000,0.010000,-0.078938,-0.000127,0.090033,5.1585,-0.614144,-0.095572,-0.598733,0.209814,0.209814,12.0215,12.0215,1,1,0.078938,0.00623128
1771742633.126379,4.810000,0.010000,-0.078905,-0.000134,0.084055,4.8160,-0.649546,-0.097320,-0.174826,0.265345,0.265345,15.2032,15.2032,1,1,0.078905,0.00622595
1771742633.136379,4.820000,0.010000,-0.078903,-0.000138,0.078277,4.4850,-0.674343,-0.095359,0.196093,0.293129,0.293129,16.7950,16.7950,1,1,0.078903,0.00622569
1771742633.146379,4.830000,0.010000,-0.078904,-0.000121,0.072821,4.1723,-0.652624,-0.090153,0.520648,0.308763,0.308763,17.6908,17.6908,1,1,0.078904,0.00622576
1771742633.156379,4.840000,0.010000,-0.078904,-0.000104,0.067719,3.8800,-0.615276,-0.082107,0.804633,0.286104,0.286104,16.3925,16.3925,1,1,0.078904,0.00622582
1771742633.166379,4.850000,0.010000,-0.078904,-0.000088,0.063017,3.6106,-0.570040,-0.071575,1.053119,0.260255,0.260255,14.9115,14.9115,1,1,0.078904,0.00622586
1771742633.176379,4.860000,0.010000,-0.078904,-0.000073,0.058762,3.3668,-0.518927,-0.058870,1.270545,0.265637,0.265637,15.2199,15.2199,1,1,0.078904,0.00622590
1771742633.186379,4.870000,0.010000,-0.078905,-0.000058,0.054990,3.1507,-0.463042,-0.044262,1.460793,0.275337,0.275337,15.7757,15.7757,1,1,0.078905,0.00622592
1771742633.196379,4.880000,0.010000,-0.078905,-0.000043,0.051732,2.9640,-0.403258,-0.027989,1.627260,0.298813,0.298813,17.1207,17.1207,1,1,0.078905,0.00622594
1771742633.206379,4.890000,0.010000,-0.078905,-0.000031,0.049013,2.8082,-0.340320,-0.010260,1.772918,0.325160,0.325160,18.6303,18.6303,1,1,0.078905,0.00622595
1771742633.216379,4.900000,0.010000,-0.078905,-0.000020,0.046853,2.6845,-0.274873,0.008743,1.900369,0.363843,0.363843,20.8467,20.8467,1,1,0.078905,0.00622596
1771742633.226379,4.910000,0.010000,-0.078905,-0.000013,0.045188,2.5891,-0.214672,0.026137,1.739362,0.382431,0.382431,21.9117,21.9117,1,1,0.078905,0.00622596
1771742633.236379,4.920000,0.010000,-0.078905,-0.000007,0.043987,2.5203,-0.158516,0.042725,1.658842,0.384579,0.384579,22.0347,22.0347,1,1,0.078905,0.00622596
1771742633.246379,4.930000,0.010000,-0.078905,-0.000003,0.043283,2.4799,-0.100293,0.060731,1.800552,0.389228,0.389228,22.3011,22.3011,1,1,0.078905,0.00622596
1771742633.256379,4.940000,0.010000,-0.078905,0.000001,0.043096,2.4692,-0.039702,0.079976,1.924549,0.401224,0.401224,22.9884,22.9884,1,1,0.078905,0.00622596
1771742633.266379,4.950000,0.010000,-0.078905,0.000001,0.043442,2.4890,0.022842,0.100307,2.033046,0.411793,0.411793,23.5940,23.5940,1,1,0.078905,0.00622596
1771742633.276379,4.960000,0.010000,-0.078905,-0.000001,0.044332,2.5401,0.086882,0.121587,2.127981,0.416096,0.416096,23.8405,23.8405,1,1,0.078905,0.00622596
1771742633.286379,4.970000,0.010000,-0.078905,-0.000004,0.045731,2.6202,0.147932,0.142151,2.056465,0.408890,0.408890,23.4277,23.4277,1,1,0.078905,0.00622597
1771742633.296379,4.980000,0.010000,-0.078905,-0.000008,0.047460,2.7192,0.192021,0.156914,1.476295,0.382139,0.382139,21.8949,21.8949,1,1,0.078905,0.00622597
1771742633.306379,4.990000,0.010000,-0.078905,-0.000014,0.049493,2.8357,0.229869,0.170505,1.359036,0.374030,0.374030,21.4303,21.4303,1,1,0.078905,0.00622598
1771742633.316379,5.000000,0.010000,-0.078905,-0.000017,0.051814,2.9687,0.264837,0.183609,1.310407,0.314713,0.314713,18.0317,18.0317,1,1,0.078905,0.00622599
1771742633.326379,5.010000,0.010000,-0.078905,-0.000023,0.054456,3.1201,0.302142,0.198009,1.440050,0.213616,0.213616,12.2393,12.2393,1,1,0.078905,0.00622600
1771742633.336379,5.020000,0.010000,-0.078905,-0.000030,0.057451,3.2917,0.342945,0.213903,1.589388,0.141738,0.141738,8.1210,8.1210,1,1,0.078905,0.00622602
1771742633.346379,5.030000,0.010000,-0.078905,-0.000038,0.060830,3.4853,0.387358,0.231301,1.739780,0.115926,0.115926,6.6421,6.6421,1,1,0.078905,0.00622604
1771742633.356379,5.040000,0.010000,-0.078905,-0.000048,0.064617,3.7023,0.434827,0.250015,1.871373,0.100816,0.100816,5.7763,5.7763,1,1,0.078905,0.00622607
1771742633.366379,5.050000,0.010000,-0.078906,-0.000058,0.068744,3.9387,0.476737,0.266835,1.682049,0.082981,0.082981,4.7545,4.7545,1,1,0.078906,0.00622610
1771742633.376379,5.060000,0.010000,-0.078906,-0.000067,0.073163,4.1920,0.513043,0.282134,1.529910,0.062217,0.062217,3.5648,3.5648,1,1,0.078906,0.00622614
1771742633.386379,5.070000,0.010000,-0.078906,-0.000076,0.077862,4.4612,0.546783,0.297020,1.488616,0.035132,0.035132,2.0129,2.0129,1,1,0.078906,0.00622618
1771742633.396379,5.080000,0.010000,-0.078906,-0.000085,0.082818,4.7451,0.578076,0.311367,1.434663,-0.018178,-0.018178,-1.0415,-1.0415,1,1,0.078906,0.00622622
1771742633.406379,5.090000,0.010000,-0.078907,-0.000094,0.087993,5.0416,0.605097,0.324458,1.309110,-0.091038,-0.091038,-5.2161,-5.2161,1,1,0.078907,0.00622627
1771742633.416379,5.100000,0.010000,-0.078907,-0.000099,0.093310,5.3463,0.624305,0.335012,1.055397,-0.187494,-0.187494,-10.7426,-10.7426,1,1,0.078907,0.00622633
1771742633.426379,5.110000,0.010000,-0.078907,-0.000101,0.098639,5.6516,0.629770,0.340903,0.589082,-0.242678,-0.242678,-13.9045,-13.9045,1,1,0.078907,0.00622638
1771742633.436379,5.120000,0.010000,-0.078908,-0.000100,0.103944,5.9555,0.628685,0.345044,0.414084,-0.253827,-0.253827,-14.5432,-14.5432,1,1,0.078908,0.00622642
1771742633.446379,5.130000,0.010000,-0.078908,-0.000095,0.109115,6.2518,0.616168,0.345176,0.013258,-0.286916,-0.286916,-16.4391,-16.4391,1,1,0.078908,0.00622647
1771742633.456379,5.140000,0.010000,-0.078908,-0.000087,0.114065,6.5355,0.593126,0.341802,-0.337465,-0.301927,-0.301927,-17.2991,-17.2991,1,1,0.078908,0.00622650
1771742633.466379,5.150000,0.010000,-0.078908,-0.000080,0.118724,6.8024,0.561617,0.335358,-0.644348,-0.311148,-0.311148,-17.8275,-17.8275,1,1,0.078908,0.00622645
1771742633.476379,5.160000,0.010000,-0.078902,-0.000081,0.123035,7.0494,0.528485,0.326230,-0.912870,-0.299586,-0.299586,-17.1650,-17.1650,1,1,0.078902,0.00622552
1771742633.486379,5.170000,0.010000,-0.078887,-0.000071,0.126948,7.2736,0.494303,0.314751,-1.147827,-0.269730,-0.269730,-15.4544,-15.4544,1,1,0.078887,0.00622319
1771742633.496379,5.180000,0.010000,-0.078861,-0.000060,0.130418,7.4724,0.458201,0.301217,-1.353415,-0.234708,-0.234708,-13.4478,-13.4478,1,1,0.078861,0.00621910
1771742633.506379,5.190000,0.010000,-0.078823,-0.000048,0.133408,7.6437,0.419665,0.285884,-1.533304,-0.226990,-0.226990,-13.0056,-13.0056,1,1,0.078823,0.00621306
1771742633.516379,5.200000,0.010000,-0.078772,-0.000040,0.135890,7.7859,0.378712,0.268977,-1.690707,-0.232613,-0.232613,-13.3277,-13.3277,1,1,0.078772,0.00620499
1771742633.526379,5.210000,0.010000,-0.078707,-0.000008,0.137840,7.8976,0.335431,0.250693,-1.828434,-0.238227,-0.238227,-13.6494,-13.6494,1,1,0.078707,0.00619485
1771742633.536379,5.220000,0.010000,-0.078629,0.000157,0.139236,7.9776,0.289351,0.231203,-1.948946,-0.215869,-0.215869,-12.3684,-12.3684,1,1,0.078629,0.00618258
1771742633.546379,5.230000,0.010000,-0.078537,0.000548,0.140064,8.0251,0.240217,0.210659,-2.054393,-0.149392,-0.149392,-8.5595,-8.5595,1,1,0.078537,0.00616804
1771742633.556379,5.240000,0.010000,-0.078429,0.001187,0.140314,8.0394,0.188417,0.189193,-2.146660,-0.072639,-0.072639,-4.1619,-4.1619,1,1,0.078429,0.00615111
1771742633.566379,5.250000,0.010000,-0.078305,0.001958,0.139981,8.0203,0.135020,0.166919,-2.227393,0.002180,0.002180,0.1249,0.1249,1,1,0.078305,0.00613172
1771742633.576379,5.260000,0.010000,-0.078166,0.002743,0.139062,7.9676,0.080739,0.143938,-2.298035,0.019331,0.019331,1.1076,1.1076,1,1,0.078166,0.00610989
1771742633.586379,5.270000,0.010000,-0.078011,0.003454,0.137556,7.8814,0.025942,0.120340,-2.359847,0.049255,0.049255,2.8221,2.8221,1,1,0.078011,0.00608573
1771742633.596379,5.280000,0.010000,-0.077843,0.004000,0.135465,7.7616,-0.028897,0.096201,-2.413932,0.061019,0.061019,3.4961,3.4961,1,1,0.077843,0.00605948
1771742633.606379,5.290000,0.010000,-0.077663,0.003896,0.132839,7.6111,-0.063953,0.071588,-2.461256,0.101217,0.101217,5.7993,5.7993,1,1,0.077663,0.00603149
1771742633.616379,5.300000,0.010000,-0.077451,0.004622,0.129776,7.4356,-0.005923,0.046561,-2.502665,0.143281,0.143281,8.2094,8.2094,1,1,0.077451,0.00599866
1771742633.626379,5.310000,0.010000,-0.077097,0.012491,0.124928,7.1578,-0.028247,0.021172,-2.538898,0.181195,0.181195,10.3817,10.3817,1,1,0.077097,0.00594390
1771742633.636379,5.320000,0.010000,-0.076602,0.029711,0.117958,6.7585,-0.357273,-0.004534,-2.570601,0.233110,0.233110,13.3562,13.3562,1,1,0.076602,0.00586793
1771742633.646379,5.330000,0.010000,-0.076289,0.013819,0.113104,6.4804,-0.257357,-0.030517,-2.598342,0.206347,0.206347,11.8228,11.8228,1,1,0.076289,0.00582001
1771742633.656379,5.340000,0.010000,-0.075950,0.012012,0.107564,6.1630,-0.153139,-0.056481,-2.596371,0.190394,0.190394,10.9087,10.9087,1,1,0.075950,0.00576839
1771742633.666379,5.350000,0.010000,-0.075451,0.026305,0.099520,5.7021,-0.388957,-0.076404,-1.992356,0.229933,0.229933,13.1742,13.1742,1,1,0.075451,0.00569288
1771742633.676379,5.360000,0.010000,-0.075051,0.021943,0.092269,5.2866,-0.518842,-0.090347,-1.394246,0.170028,0.170028,9.7419,9.7419,1,1,0.075051,0.00563270
1771742633.686379,5.370000,0.010000,-0.074806,0.014644,0.086379,4.9492,-0.519668,-0.099056,-0.870899,0.180120,0.180120,10.3201,10.3201,1,1,0.074806,0.00559595
1771742633.696379,5.380000,0.010000,-0.074628,0.006705,0.080536,4.6144,-0.517944,-0.103185,-0.412971,0.191761,0.191761,10.9871,10.9871,1,1,0.074628,0.00556938
1771742633.706379,5.390000,0.010000,-0.074521,-0.000071,0.074812,4.2864,-0.520916,-0.103308,-0.012284,0.211561,0.211561,12.1216,12.1216,1,1,0.074521,0.00555343
1771742633.716379,5.400000,0.010000,-0.074461,-0.000101,0.069202,3.9650,-0.550350,-0.099925,0.338318,0.227904,0.227904,13.0579,13.0579,1,1,0.074461,0.00554440
1771742633.726379,5.410000,0.010000,-0.074438,-0.000110,0.063889,3.6606,-0.578940,-0.093474,0.645094,0.226947,0.226947,13.0031,13.0031,1,1,0.074438,0.00554105
1771742633.736379,5.420000,0.010000,-0.074439,-0.000103,0.058970,3.3787,-0.580734,-0.084339,0.913523,0.232351,0.232351,13.3128,13.3128,1,1,0.074439,0.00554112
1771742633.746379,5.430000,0.010000,-0.074439,-0.000082,0.054513,3.1234,-0.541650,-0.072855,1.148398,0.237706,0.237706,13.6195,13.6195,1,1,0.074439,0.00554116
1771742633.756379,5.440000,0.010000,-0.074439,-0.000064,0.050527,2.8950,-0.490658,-0.059316,1.353914,0.264992,0.264992,15.1829,15.1829,1,1,0.074439,0.00554119
1771742633.766379,5.450000,0.010000,-0.074439,-0.000050,0.047038,2.6951,-0.433988,-0.043978,1.533741,0.282583,0.282583,16.1908,16.1908,1,1,0.074439,0.00554121
1771742633.776379,5.460000,0.010000,-0.074439,-0.000037,0.044074,2.5252,-0.373457,-0.027068,1.691089,0.312138,0.312138,17.8842,17.8842,1,1,0.074439,0.00554123
1771742633.786379,5.470000,0.010000,-0.074439,-0.000025,0.041656,2.3867,-0.309959,-0.008780,1.828769,0.352896,0.352896,20.2195,20.2195,1,1,0.074439,0.00554124
1771742633.796379,5.480000,0.010000,-0.074440,-0.000015,0.039803,2.2805,-0.244147,0.010713,1.949239,0.377085,0.377085,21.6054,21.6054,1,1,0.074440,0.00554124
1771742633.806379,5.490000,0.010000,-0.074440,-0.000008,0.038509,2.2064,-0.178115,0.030627,1.991442,0.388664,0.388664,22.2688,22.2688,1,1,0.074440,0.00554125
1771742633.816379,5.500000,0.010000,-0.074440,-0.000003,0.037724,2.1615,-0.116337,0.049314,1.868657,0.397310,0.397310,22.7642,22.7642,1,1,0.074440,0.00554125
1771742633.826379,5.510000,0.010000,-0.074440,-0.000000,0.037414,2.1437,-0.058696,0.067119,1.780595,0.401856,0.401856,23.0246,23.0246,1,1,0.074440,0.00554124
1771742633.836379,5.520000,0.010000,-0.074440,0.000001,0.037577,2.1530,-0.002300,0.085175,1.805525,0.405735,0.405735,23.2469,23.2469,1,1,0.074440,0.00554125
1771742633.846379,5.530000,0.010000,-0.074440,0.000001,0.038195,2.1884,0.052262,0.103016,1.784116,0.412501,0.412501,23.6346,23.6346,1,1,0.074440,0.00554124
1771742633.856379,5.540000,0.010000,-0.074440,-0.000001,0.039191,2.2455,0.099635,0.118507,1.549133,0.415050,0.415050,23.7806,23.7806,1,1,0.074440,0.00554125
1771742633.866379,5.550000,0.010000,-0.074440,-0.000004,0.040525,2.3219,0.141662,0.132738,1.423053,0.413077,0.413077,23.6676,23.6676,1,1,0.074440,0.00554125
1771742633.876379,5.560000,0.010000,-0.074440,-0.000007,0.042162,2.4157,0.179158,0.145859,1.312103,0.407283,0.407283,23.3356,23.3356,1,1,0.074440,0.00554125
1771742633.886379,5.570000,0.010000,-0.074440,-0.000011,0.044149,2.5296,0.219488,0.160750,1.489166,0.393489,0.393489,22.5452,22.5452,1,1,0.074440,0.00554126
1771742633.896379,5.580000,0.010000,-0.074440,-0.000016,0.046484,2.6634,0.260407,0.175979,1.522901,0.341987,0.341987,19.5944,19.5944,1,1,0.074440,0.00554127
1771742633.906379,5.590000,0.010000,-0.074440,-0.000022,0.049204,2.8192,0.304581,0.192796,1.681605,0.233702,0.233702,13.3901,13.3901,1,1,0.074440,0.00554128
1771742633.916379,5.600000,0.010000,-0.074440,-0.000029,0.052334,2.9985,0.351948,0.211000,1.820470,0.132121,0.132121,7.5700,7.5700,1,1,0.074440,0.00554130
1771742633.926379,5.610000,0.010000,-0.074440,-0.000039,0.055897,3.2027,0.402009,0.230420,1.941977,0.108919,0.108919,6.2406,6.2406,1,1,0.074440,0.00554132
1771742633.936379,5.620000,0.010000,-0.074440,-0.000049,0.059889,3.4314,0.452506,0.250200,1.978050,0.092216,0.092216,5.2836,5.2836,1,1,0.074440,0.00554135
1771742633.946379,5.630000,0.010000,-0.074440,-0.000060,0.064257,3.6816,0.498679,0.268589,1.838865,0.069964,0.069964,4.0086,4.0086,1,1,0.074440,0.00554138
1771742633.956379,5.640000,0.010000,-0.074441,-0.000070,0.068946,3.9503,0.538899,0.285247,1.665834,0.040862,0.040862,2.3412,2.3412,1,1,0.074441,0.00554142
1771742633.966379,5.650000,0.010000,-0.074441,-0.000080,0.073907,4.2346,0.573308,0.300308,1.506096,-0.001286,-0.001286,-0.0737,-0.0737,1,1,0.074441,0.00554146
1771742633.976379,5.660000,0.010000,-0.074441,-0.000088,0.079110,4.5327,0.603431,0.314333,1.402412,-0.044555,-0.044555,-2.5528,-2.5528,1,1,0.074441,0.00554150
1771742633.986379,5.670000,0.010000,-0.074442,-0.000096,0.084510,4.8421,0.628645,0.326922,1.258968,-0.114190,-0.114190,-6.5426,-6.5426,1,1,0.074442,0.00554155
1771742633.996379,5.680000,0.010000,-0.074442,-0.000102,0.090054,5.1597,0.647975,0.337692,1.076932,-0.213163,-0.213163,-12.2133,-12.2133,1,1,0.074442,0.00554160
1771742634.006379,5.690000,0.010000,-0.074442,-0.000106,0.095685,5.4824,0.660736,0.346390,0.869891,-0.272085,-0.272085,-15.5893,-15.5893,1,1,0.074442,0.00554166
1771742634.016379,5.700000,0.010000,-0.074443,-0.000107,0.101326,5.8056,0.665091,0.352278,0.588726,-0.302296,-0.302296,-17.3203,-17.3203,1,1,0.074443,0.00554171
1771742634.026379,5.710000,0.010000,-0.074443,-0.000104,0.106863,6.1228,0.657362,0.353938,0.166070,-0.318967,-0.318967,-18.2754,-18.2754,1,1,0.074443,0.00554175
1771742634.036379,5.720000,0.010000,-0.074443,-0.000097,0.112203,6.4288,0.638409,0.351901,-0.203755,-0.319961,-0.319961,-18.3324,-18.3324,1,1,0.074443,0.00554180
1771742634.046379,5.730000,0.010000,-0.074443,-0.000090,0.117269,6.7190,0.609761,0.346627,-0.527351,-0.328258,-0.328258,-18.8078,-18.8078,1,1,0.074443,0.00554182
1771742634.056379,5.740000,0.010000,-0.074439,-0.000092,0.122004,6.9903,0.578874,0.338522,-0.810498,-0.333035,-0.333035,-19.0815,-19.0815,1,1,0.074439,0.00554114
1771742634.066379,5.750000,0.010000,-0.074425,-0.000083,0.126357,7.2397,0.549263,0.327940,-1.058252,-0.309167,-0.309167,-17.7140,-17.7140,1,1,0.074425,0.00553903
1771742634.076379,5.760000,0.010000,-0.074397,-0.000074,0.130280,7.4645,0.520716,0.315189,-1.275036,-0.284979,-0.284979,-16.3281,-16.3281,1,1,0.074397,0.00553489
1771742634.086379,5.770000,0.010000,-0.074352,-0.000066,0.133736,7.6625,0.492930,0.300542,-1.464723,-0.261618,-0.261618,-14.9896,-14.9896,1,1,0.074352,0.00552826
1771742634.096379,5.780000,0.010000,-0.074288,-0.000060,0.136692,7.8319,0.466517,0.284235,-1.630698,-0.244113,-0.244113,-13.9867,-13.9867,1,1,0.074288,0.00551875
1771742634.106379,5.790000,0.010000,-0.074202,-0.000054,0.139125,7.9713,0.441493,0.266476,-1.775927,-0.247069,-0.247069,-14.1560,-14.1560,1,1,0.074202,0.00550601
1771742634.116379,5.800000,0.010000,-0.074093,-0.000050,0.141013,8.0795,0.417970,0.247446,-1.903002,-0.225294,-0.225294,-12.9084,-12.9084,1,1,0.074093,0.00548975
1771742634.126379,5.810000,0.010000,-0.073957,-0.000038,0.142343,8.1556,0.396204,0.227304,-2.014192,-0.166775,-0.166775,-9.5555,-9.5555,1,1,0.073957,0.00546970
1771742634.136379,5.820000,0.010000,-0.073777,0.002651,0.143203,8.2050,0.437711,0.206189,-2.111484,-0.112978,-0.112978,-6.4732,-6.4732,1,1,0.073777,0.00544309
1771742634.146379,5.830000,0.010000,-0.073455,0.011344,0.142449,8.1617,0.416235,0.184223,-2.196614,-0.048855,-0.048855,-2.7992,-2.7992,1,1,0.073455,0.00539570
1771742634.156379,5.840000,0.010000,-0.072988,0.028095,0.139681,8.0031,0.125363,0.161512,-2.271103,-0.035241,-0.035241,-2.0192,-2.0192,1,1,0.072988,0.00532729
1771742634.166379,5.850000,0.010000,-0.072663,0.015382,0.138730,7.9487,0.219621,0.138149,-2.336281,-0.028334,-0.028334,-1.6234,-1.6234,1,1,0.072663,0.00527995
1771742634.176379,5.860000,0.010000,-0.072276,0.016997,0.136756,7.8356,0.296151,0.114216,-2.393312,0.038092,0.038092,2.1825,2.1825,1,1,0.072276,0.00522384
1771742634.186379,5.870000,0.010000,-0.071687,0.037264,0.131827,7.5531,-0.010928,0.089784,-2.443214,0.072090,0.072090,4.1305,4.1305,1,1,0.071687,0.00513910
1771742634.196379,5.880000,0.010000,-0.071194,0.033544,0.127957,7.3314,-0.102871,0.064915,-2.486878,0.108301,0.108301,6.2052,6.2052,1,1,0.071194,0.00506859
1771742634.206379,5.890000,0.010000,-0.070794,0.026519,0.124947,7.1589,-0.060827,0.039664,-2.525084,0.136235,0.136235,7.8057,7.8057,1,1,0.070794,0.00501175
1771742634.216379,5.900000,0.010000,-0.070345,0.022875,0.120884,6.9261,0.044937,0.014079,-2.558514,0.192466,0.192466,11.0275,11.0275,1,1,0.070345,0.00494843
1771742634.226379,5.910000,0.010000,-0.069742,0.037592,0.114292,6.5485,-0.197703,-0.011798,-2.587766,0.254968,0.254968,14.6086,14.6086,1,1,0.069742,0.00486401
1771742634.236379,5.920000,0.010000,-0.069177,0.039803,0.107690,6.1702,-0.400497,-0.037932,-2.613361,0.231397,0.231397,13.2581,13.2581,1,1,0.069177,0.00478541
1771742634.246379,5.930000,0.010000,-0.068767,0.029026,0.102653,5.8816,-0.330352,-0.061352,-2.342022,0.199520,0.199520,11.4316,11.4316,1,1,0.068767,0.00472891
1771742634.256379,5.940000,0.010000,-0.068373,0.017582,0.097199,5.5691,-0.188298,-0.078354,-1.700204,0.184206,0.184206,10.5542,10.5542,1,1,0.068373,0.00467489
1771742634.266379,5.950000,0.010000,-0.067867,0.023721,0.089603,5.1339,-0.260412,-0.089740,-1.138612,0.201463,0.201463,11.5430,11.5430,1,1,0.067867,0.00460592
1771742634.276379,5.960000,0.010000,-0.067369,0.029723,0.081385,4.6630,-0.572705,-0.096213,-0.647220,0.166689,0.166689,9.5506,9.5506,1,1,0.067369,0.00453858
1771742634.286379,5.970000,0.010000,-0.067131,0.018418,0.076006,4.3548,-0.525836,-0.098385,-0.217252,0.165717,0.165717,9.4949,9.4949,1,1,0.067131,0.00450653
1771742634.296379,5.980000,0.010000,-0.066977,0.006005,0.070829,4.0582,-0.468650,-0.096795,0.158971,0.130141,0.130141,7.4565,7.4565,1,1,0.066977,0.00448587
1771742634.306379,5.990000,0.010000,-0.066884,-0.000059,0.065803,3.7703,-0.432108,-0.091914,0.488165,0.114480,0.114480,6.5592,6.5592,1,1,0.066884,0.00447352
1771742634.316379,6.000000,0.010000,-0.066820,-0.000057,0.060990,3.4944,-0.423483,-0.084152,0.776210,0.096306,0.096306,5.5180,5.5180,1,1,0.066820,0.00446489
1771742634.326379,6.010000,0.010000,-0.066779,-0.000057,0.056535,3.2392,-0.427740,-0.073869,1.028250,0.088679,0.088679,5.0809,5.0809,1,1,0.066779,0.00445943
1771742634.336379,6.020000,0.010000,-0.066773,-0.000061,0.052482,3.0070,-0.449041,-0.061381,1.248785,0.089318,0.089318,5.1175,5.1175,1,1,0.066773,0.00445863
1771742634.346379,6.030000,0.010000,-0.066773,-0.000055,0.048958,2.8051,-0.427437,-0.046964,1.441752,0.170666,0.170666,9.7785,9.7785,1,1,0.066773,0.00445866
1771742634.356379,6.040000,0.010000,-0.066773,-0.000041,0.045970,2.6339,-0.380113,-0.030858,1.610599,0.228913,0.228913,13.1157,13.1157,1,1,0.066773,0.00445868
1771742634.366379,6.050000,0.010000,-0.066773,-0.000028,0.043523,2.4937,-0.322823,-0.013274,1.758340,0.291322,0.291322,16.6915,16.6915,1,1,0.066773,0.00445870
1771742634.376379,6.060000,0.010000,-0.066774,-0.000017,0.041628,2.3851,-0.260747,0.005602,1.887613,0.337256,0.337256,19.3234,19.3234,1,1,0.066774,0.00445870
1771742634.386379,6.070000,0.010000,-0.066774,-0.000010,0.040300,2.3090,-0.195876,0.025609,2.000728,0.359991,0.359991,20.6260,20.6260,1,1,0.066774,0.00445871
1771742634.396379,6.080000,0.010000,-0.066774,-0.000002,0.039549,2.2660,-0.129153,0.046606,2.099702,0.371846,0.371846,21.3052,21.3052,1,1,0.066774,0.00445871
1771742634.406379,6.090000,0.010000,-0.066774,-0.000001,0.039186,2.2452,-0.075566,0.061616,1.501041,0.379635,0.379635,21.7515,21.7515,1,1,0.066774,0.00445871
1771742634.416379,6.100000,0.010000,-0.066774,0.000001,0.039155,2.2434,-0.030970,0.074629,1.301260,0.365494,0.365494,20.9412,20.9412,1,1,0.066774,0.00445871
1771742634.426379,6.110000,0.010000,-0.066774,0.000001,0.039309,2.2522,-0.000561,0.082524,0.789536,0.356414,0.356414,20.4210,20.4210,1,1,0.066774,0.00445871
1771742634.436379,6.120000,0.010000,-0.066774,0.000001,0.039544,2.2657,0.016916,0.086519,0.399445,0.304662,0.304662,17.4558,17.4558,1,1,0.066774,0.00445870
1771742634.446379,6.130000,0.010000,-0.066774,-0.000001,0.039791,2.2798,0.024422,0.087742,0.122345,0.234563,0.234563,13.4395,13.4395,1,1,0.066774,0.00445871
1771742634.456379,6.140000,0.010000,-0.066774,-0.000001,0.040027,2.2934,0.026509,0.087859,0.011705,0.162439,0.162439,9.3071,9.3071,1,1,0.066774,0.00445871
1771742634.466379,6.150000,0.010000,-0.066774,-0.000000,0.040261,2.3068,0.027081,0.088042,0.018228,0.131104,0.131104,7.5117,7.5117,1,1,0.066774,0.00445871
1771742634.476379,6.160000,0.010000,-0.066774,-0.000000,0.040593,2.3258,0.034494,0.091692,0.365015,0.130441,0.130441,7.4737,7.4737,1,1,0.066774,0.00445871
1771742634.486379,6.170000,0.010000,-0.066774,0.000001,0.041102,2.3550,0.050213,0.098376,0.668454,0.225128,0.225128,12.8989,12.8989,1,1,0.066774,0.00445871
1771742634.496379,6.180000,0.010000,-0.066774,0.000000,0.041852,2.3980,0.073740,0.107716,0.933963,0.289393,0.289393,16.5810,16.5810,1,1,0.066774,0.00445871
1771742634.506379,6.190000,0.010000,-0.066774,-0.000001,0.042896,2.4578,0.104102,0.119379,1.166284,0.331767,0.331767,19.0089,19.0089,1,1,0.066774,0.00445871
1771742634.516379,6.200000,0.010000,-0.066774,-0.000003,0.044279,2.5370,0.140289,0.133074,1.369564,0.338689,0.338689,19.4055,19.4055,1,1,0.066774,0.00445871
1771742634.526379,6.210000,0.010000,-0.066774,-0.000006,0.046036,2.6377,0.181364,0.148549,1.547434,0.292683,0.292683,16.7695,16.7695,1,1,0.066774,0.00445872
1771742634.536379,6.220000,0.010000,-0.066774,-0.000010,0.048199,2.7616,0.226498,0.165579,1.703071,0.196776,0.196776,11.2745,11.2745,1,1,0.066774,0.00445872
1771742634.546379,6.230000,0.010000,-0.066774,-0.000013,0.050791,2.9101,0.274971,0.183972,1.839253,0.078833,0.078833,4.5168,4.5168,1,1,0.066774,0.00445873
1771742634.556379,6.240000,0.010000,-0.066773,0.000163,0.053830,3.0842,0.325380,0.203556,1.958412,0.071170,0.071170,4.0777,4.0777,1,1,0.066773,0.00445864
1771742634.566379,6.250000,0.010000,-0.066773,-0.000027,0.057138,3.2737,0.364144,0.217202,1.364545,0.059695,0.059695,3.4203,3.4203,1,1,0.066773,0.00445866
1771742634.576379,6.260000,0.010000,-0.066773,-0.000032,0.060563,3.4700,0.387980,0.225651,0.844911,0.054344,0.054344,3.1137,3.1137,1,1,0.066773,0.00445867
1771742634.586379,6.270000,0.010000,-0.066773,-0.000033,0.063987,3.6662,0.396968,0.229553,0.390231,0.039150,0.039150,2.2431,2.2431,1,1,0.066773,0.00445869
1771742634.596379,6.280000,0.010000,-0.066773,-0.000033,0.067310,3.8566,0.393012,0.229477,-0.007614,0.010936,0.010936,0.6266,0.6266,1,1,0.066773,0.00445870
1771742634.606379,6.290000,0.010000,-0.066774,-0.000030,0.070447,4.0363,0.377937,0.225920,-0.355728,0.009301,0.009301,0.5329,0.5329,1,1,0.066774,0.00445871
1771742634.616379,6.300000,0.010000,-0.066774,-0.000028,0.073514,4.2120,0.367084,0.225821,-0.009889,0.015310,0.015310,0.8772,0.8772,1,1,0.066774,0.00445872
1771742634.626379,6.310000,0.010000,-0.066774,-0.000028,0.076609,4.3894,0.365043,0.229225,0.340413,-0.044779,-0.044779,-2.5657,-2.5657,1,1,0.066774,0.00445873
1771742634.636379,6.320000,0.010000,-0.066774,-0.000029,0.079812,4.5729,0.372115,0.235694,0.646927,-0.078816,-0.078816,-4.5158,-4.5158,1,1,0.066774,0.00445874
1771742634.646379,6.330000,0.010000,-0.066774,-0.000032,0.083188,4.7663,0.387434,0.244845,0.915127,-0.095105,-0.095105,-5.4491,-5.4491,1,1,0.066774,0.00445876
1771742634.656379,6.340000,0.010000,-0.066774,-0.000033,0.086633,4.9637,0.398278,0.250825,0.597970,-0.097470,-0.097470,-5.5846,-5.5846,1,1,0.066774,0.00445877
1771742634.666379,6.350000,0.010000,-0.066774,-0.000033,0.090028,5.1582,0.398687,0.252567,0.174158,-0.125348,-0.125348,-7.1819,-7.1819,1,1,0.066774,0.00445879
1771742634.676379,6.360000,0.010000,-0.066774,-0.000032,0.093275,5.3443,0.388174,0.250600,-0.196678,-0.132386,-0.132386,-7.5852,-7.5852,1,1,0.066774,0.00445880
1771742634.686379,6.370000,0.010000,-0.066774,-0.000028,0.096298,5.5175,0.367747,0.245388,-0.521159,-0.119158,-0.119158,-6.8272,-6.8272,1,1,0.066774,0.00445881
1771742634.696379,6.380000,0.010000,-0.066773,-0.000024,0.099031,5.6740,0.340234,0.237337,-0.805080,-0.096424,-0.096424,-5.5247,-5.5247,1,1,0.066773,0.00445869
1771742634.706379,6.390000,0.010000,-0.066764,-0.000023,0.101435,5.8118,0.317690,0.226802,-1.053511,-0.097192,-0.097192,-5.5687,-5.5687,1,1,0.066764,0.00445742
1771742634.716379,6.400000,0.010000,-0.066739,-0.000021,0.103467,5.9282,0.303154,0.214093,-1.270888,-0.091072,-0.091072,-5.2180,-5.2180,1,1,0.066739,0.00445415
1771742634.726379,6.410000,0.010000,-0.066692,-0.000021,0.105093,6.0214,0.300251,0.199483,-1.461093,-0.091595,-0.091595,-5.2480,-5.2480,1,1,0.066692,0.00444784
1771742634.736379,6.420000,0.010000,-0.066612,-0.000024,0.106290,6.0899,0.314653,0.183207,-1.627522,-0.068329,-0.068329,-3.9150,-3.9150,1,1,0.066612,0.00443722
1771742634.746379,6.430000,0.010000,-0.066488,-0.000033,0.107041,6.1330,0.352975,0.165476,-1.773148,-0.018358,-0.018358,-1.0518,-1.0518,1,1,0.066488,0.00442064
1771742634.756379,6.440000,0.010000,-0.066282,0.002536,0.106958,6.1282,0.394780,0.146470,-1.900570,0.073597,0.073597,4.2168,4.2168,1,1,0.066282,0.00439327
1771742634.766379,6.450000,0.010000,-0.065941,0.011417,0.105066,6.0199,0.296842,0.126349,-2.012065,0.137043,0.137043,7.8520,7.8520,1,1,0.065941,0.00434818
1771742634.776379,6.460000,0.010000,-0.065577,0.015663,0.102441,5.8694,0.082524,0.105253,-2.109622,0.178526,0.178526,10.2288,10.2288,1,1,0.065577,0.00430033
1771742634.786379,6.470000,0.010000,-0.065374,0.001045,0.101453,5.8129,0.205193,0.083303,-2.194985,0.166226,0.166226,9.5241,9.5241,1,1,0.065374,0.00427375
1771742634.796379,6.480000,0.010000,-0.065065,0.005474,0.098541,5.6460,0.239599,0.060607,-2.269678,0.277569,0.277569,15.9036,15.9036,1,1,0.065065,0.00423347
1771742634.806379,6.490000,0.010000,-0.064581,0.024659,0.092773,5.3155,-0.143812,0.037256,-2.335034,0.322093,0.322093,18.4546,18.4546,1,1,0.064581,0.00417070
1771742634.816379,6.500000,0.010000,-0.064359,-0.000002,0.090338,5.1760,0.095885,0.017705,-1.955174,0.240302,0.240302,13.7683,13.7683,1,1,0.064359,0.00414207
1771742634.826379,6.510000,0.010000,-0.064030,0.004465,0.085940,4.9240,0.124039,0.003438,-1.426609,0.285546,0.285546,16.3606,16.3606,1,1,0.064030,0.00409984
1771742634.836379,6.520000,0.010000,-0.063563,0.023042,0.078977,4.5250,-0.330087,-0.009140,-1.257879,0.268871,0.268871,15.4052,15.4052,1,1,0.063563,0.00404021
1771742634.846379,6.530000,0.010000,-0.063414,0.003440,0.075860,4.3464,-0.189498,-0.019382,-1.024140,0.092401,0.092401,5.2942,5.2942,1,1,0.063414,0.00402135
1771742634.856379,6.540000,0.010000,-0.063272,-0.000005,0.072481,4.1529,-0.100599,-0.028408,-0.902667,0.135667,0.135667,7.7731,7.7731,1,1,0.063272,0.00400341
1771742634.866379,6.550000,0.010000,-0.063075,0.000593,0.068643,3.9329,-0.030771,-0.033398,-0.499006,0.179148,0.179148,10.2644,10.2644,1,1,0.063075,0.00397850
1771742634.876379,6.560000,0.010000,-0.062810,0.004173,0.063960,3.6646,-0.081859,-0.034274,-0.087564,0.168334,0.168334,9.6448,9.6448,1,1,0.062810,0.00394513
1771742634.886379,6.570000,0.010000,-0.062603,-0.000003,0.059955,3.4351,-0.088171,-0.031550,0.272447,0.084763,0.084763,4.8565,4.8565,1,1,0.062603,0.00391915
1771742634.896379,6.580000,0.010000,-0.062449,-0.000003,0.056972,3.2643,-0.000137,-0.025675,0.587457,-0.037060,-0.037060,-2.1234,-2.1234,1,1,0.062449,0.00389991
1771742634.906379,6.590000,0.010000,-0.062252,0.000512,0.053848,3.0853,0.052671,-0.017044,0.863091,-0.027905,-0.027905,-1.5989,-1.5989,1,1,0.062252,0.00387533
1771742634.916379,6.600000,0.010000,-0.062045,0.000745,0.050630,2.9009,0.010165,-0.006001,1.104270,-0.038177,-0.038177,-2.1874,-2.1874,1,1,0.062045,0.00384958
1771742634.926379,6.610000,0.010000,-0.061908,-0.000003,0.048751,2.7932,0.106313,0.007152,1.315302,-0.019426,-0.019426,-1.1131,-1.1131,1,1,0.061908,0.00383258
1771742634.936379,6.620000,0.010000,-0.061748,-0.000007,0.047118,2.6997,0.159268,0.022151,1.499955,0.047675,0.047675,2.7316,2.7316,1,1,0.061748,0.00381279
1771742634.946379,6.630000,0.010000,-0.061590,-0.000013,0.045965,2.6336,0.213336,0.038766,1.661527,0.118330,0.118330,6.7798,6.7798,1,1,0.061590,0.00379337
1771742634.956379,6.640000,0.010000,-0.061437,-0.000020,0.045332,2.5973,0.271400,0.056795,1.802902,0.181822,0.181822,10.4176,10.4176,1,1,0.061437,0.00377447
1771742634.966379,6.650000,0.010000,-0.061286,-0.000029,0.045226,2.5913,0.331048,0.076061,1.926605,0.219884,0.219884,12.5984,12.5984,1,1,0.061286,0.00375594
1771742634.976379,6.660000,0.010000,-0.061123,-0.000008,0.045318,2.5965,0.361961,0.089429,1.336713,0.140751,0.140751,8.0644,8.0644,1,1,0.061123,0.00373603
1771742634.986379,6.670000,0.010000,-0.060955,0.000122,0.045571,2.6110,0.389887,0.097634,0.820558,0.175742,0.175742,10.0692,10.0692,1,1,0.060955,0.00371552
1771742634.996379,6.680000,0.010000,-0.060789,-0.000041,0.046050,2.6385,0.409146,0.107823,1.018925,0.227486,0.227486,13.0340,13.0340,1,1,0.060789,0.00369532
1771742635.006379,6.690000,0.010000,-0.060627,-0.000047,0.046789,2.6808,0.438014,0.115387,0.756378,0.140555,0.140555,8.0532,8.0532,1,1,0.060627,0.00367561
1771742635.016379,6.700000,0.010000,-0.060444,0.000517,0.047408,2.7163,0.456350,0.118515,0.312765,0.157466,0.157466,9.0221,9.0221,1,1,0.060444,0.00365352
1771742635.026379,6.710000,0.010000,-0.060237,0.001379,0.047631,2.7290,0.424489,0.117761,-0.075396,0.230925,0.230925,13.2310,13.2310,1,1,0.060237,0.00362851
1771742635.036379,6.720000,0.010000,-0.060047,-0.000001,0.047918,2.7455,0.406049,0.113611,-0.415038,0.268949,0.268949,15.4096,15.4096,1,1,0.060047,0.00360566
1771742635.046379,6.730000,0.010000,-0.059856,0.000689,0.048142,2.7584,0.426015,0.106488,-0.712224,0.302906,0.302906,17.3553,17.3553,1,1,0.059856,0.00358276
1771742635.056379,6.740000,0.010000,-0.059609,0.003375,0.047422,2.7171,0.364071,0.096766,-0.972262,0.343137,0.343137,19.6603,19.6603,1,1,0.059609,0.00355317
1771742635.066379,6.750000,0.010000,-0.059398,-0.000023,0.046853,2.6845,0.321975,0.090629,-0.613628,0.335644,0.335644,19.2310,19.2310,1,1,0.059398,0.00352815
1771742635.076379,6.760000,0.010000,-0.059236,-0.000033,0.046943,2.6896,0.371172,0.088751,-0.187858,0.298894,0.298894,17.1253,17.1253,1,1,0.059236,0.00350889
1771742635.086379,6.770000,0.010000,-0.059035,0.000818,0.046697,2.6755,0.390997,0.090598,0.184690,0.306402,0.306402,17.5555,17.5555,1,1,0.059035,0.00348510
1771742635.096379,6.780000,0.010000,-0.058831,0.000079,0.046277,2.6515,0.341022,0.095704,0.510669,0.265956,0.265956,15.2382,15.2382,1,1,0.058831,0.00346104
1771742635.106379,6.790000,0.010000,-0.058682,-0.000042,0.046872,2.6856,0.423192,0.101335,0.563084,0.220725,0.220725,12.6466,12.6466,1,1,0.058682,0.00344359
1771742635.116379,6.800000,0.010000,-0.058488,0.000618,0.047183,2.7034,0.443751,0.109753,0.841764,0.200528,0.200528,11.4894,11.4894,1,1,0.058488,0.00342090
1771742635.126379,6.810000,0.010000,-0.058303,-0.000042,0.047665,2.7310,0.434402,0.120609,1.085610,0.124880,0.124880,7.1551,7.1551,1,1,0.058303,0.00339925
1771742635.136379,6.820000,0.010000,-0.058143,-0.000056,0.048729,2.7919,0.487723,0.126617,0.600843,0.045377,0.045377,2.5999,2.5999,1,1,0.058143,0.00338055
1771742635.146379,6.830000,0.010000,-0.057943,0.000809,0.049474,2.8347,0.502594,0.130473,0.385609,0.149044,0.149044,8.5396,8.5396,1,1,0.057943,0.00335744
1771742635.156379,6.840000,0.010000,-0.057747,-0.000050,0.050198,2.8762,0.472119,0.137338,0.686473,0.190416,0.190416,10.9101,10.9101,1,1,0.057747,0.00333472
1771742635.166379,6.850000,0.010000,-0.057598,-0.000071,0.051872,2.9720,0.554451,0.146836,0.949730,0.066429,0.066429,3.8061,3.8061,1,1,0.057598,0.00331751
1771742635.176379,6.860000,0.010000,-0.057410,0.000461,0.053371,3.0579,0.573346,0.158636,1.180080,0.019938,0.019938,1.1424,1.1424,1,1,0.057410,0.00329588
1771742635.186379,6.870000,0.010000,-0.057235,-0.000081,0.055237,3.1648,0.594374,0.172453,1.381636,-0.017256,-0.017256,-0.9887,-0.9887,1,1,0.057235,0.00327580
1771742635.196379,6.880000,0.010000,-0.057079,-0.000100,0.057772,3.3101,0.660919,0.188033,1.557997,-0.038413,-0.038413,-2.2009,-2.2009,1,1,0.057079,0.00325800
1771742635.206379,6.890000,0.010000,-0.056901,0.000056,0.060340,3.4572,0.682775,0.201890,1.385761,-0.043353,-0.043353,-2.4840,-2.4840,1,1,0.056901,0.00323771
1771742635.216379,6.900000,0.010000,-0.056730,-0.000117,0.063252,3.6241,0.716101,0.214954,1.306392,-0.045545,-0.045545,-2.6095,-2.6095,1,1,0.056730,0.00321829
1771742635.226379,6.910000,0.010000,-0.056545,0.000280,0.066179,3.7918,0.734820,0.222894,0.794027,-0.048153,-0.048153,-2.7590,-2.7590,1,1,0.056545,0.00319737
1771742635.236379,6.920000,0.010000,-0.056342,0.000921,0.068912,3.9484,0.729412,0.226352,0.345708,-0.025398,-0.025398,-1.4552,-1.4552,1,1,0.056342,0.00317441
1771742635.246379,6.930000,0.010000,-0.056132,0.000936,0.071498,4.0965,0.714573,0.225886,-0.046572,-0.009061,-0.009061,-0.5192,-0.5192,1,1,0.056132,0.00315079
1771742635.256379,6.940000,0.010000,-0.055915,0.001444,0.073912,4.2348,0.706043,0.221988,-0.389816,0.009493,0.009493,0.5439,0.5439,1,1,0.055915,0.00312650
1771742635.266379,6.950000,0.010000,-0.055673,0.002819,0.075846,4.3457,0.672603,0.215086,-0.690155,0.022873,0.022873,1.3105,1.3105,1,1,0.055673,0.00309951
1771742635.276379,6.960000,0.010000,-0.055429,0.002271,0.077503,4.4406,0.632428,0.206831,-0.825525,0.066735,0.066735,3.8236,3.8236,1,1,0.055429,0.00307240
1771742635.286379,6.970000,0.010000,-0.055214,0.000625,0.079381,4.5482,0.640569,0.203098,-0.373269,0.081344,0.081344,4.6607,4.6607,1,1,0.055214,0.00304856
1771742635.296379,6.980000,0.010000,-0.054966,0.003055,0.080739,4.6260,0.633427,0.196341,-0.675676,-0.063570,-0.063570,-3.6423,-3.6423,1,1,0.054966,0.00302122
1771742635.306379,6.990000,0.010000,-0.054676,0.005319,0.081261,4.6559,0.534875,0.186939,-0.940282,0.012646,0.012646,0.7246,0.7246,1,1,0.054676,0.00298945
1771742635.316379,7.000000,0.010000,-0.054448,-0.000066,0.082332,4.7173,0.557281,0.175220,-1.171813,0.058172,0.058172,3.3330,3.3330,1,1,0.054448,0.00296458
1771742635.326379,7.010000,0.010000,-0.054169,0.004036,0.082471,4.7252,0.548480,0.161476,-1.374402,0.121566,0.121566,6.9652,6.9652,1,1,0.054169,0.00293432
1771742635.336379,7.020000,0.010000,-0.053816,0.009986,0.081140,4.6490,0.349530,0.145960,-1.551668,0.164496,0.164496,9.4249,9.4249,1,1,0.053816,0.00289612
1771742635.346379,7.030000,0.010000,-0.053595,-0.000047,0.081488,4.6689,0.474887,0.128892,-1.706775,0.161649,0.161649,9.2618,9.2618,1,1,0.053595,0.00287245
1771742635.356379,7.040000,0.010000,-0.053241,0.007356,0.079613,4.5615,0.417005,0.110467,-1.842494,0.285088,0.285088,16.3343,16.3343,1,1,0.053241,0.00283457
1771742635.366379,7.050000,0.010000,-0.052834,0.014218,0.076282,4.3706,0.099848,0.093484,-1.698314,0.321557,0.321557,18.4238,18.4238,1,1,0.052834,0.00279148
1771742635.376379,7.060000,0.010000,-0.052682,-0.000020,0.076232,4.3678,0.298053,0.080666,-1.281813,0.185932,0.185932,10.6531,10.6531,1,1,0.052682,0.00277535
1771742635.386379,7.070000,0.010000,-0.052407,0.002783,0.074263,4.2549,0.312661,0.071769,-0.889660,0.249490,0.249490,14.2947,14.2947,1,1,0.052407,0.00274647
1771742635.396379,7.080000,0.010000,-0.052086,0.005428,0.071319,4.0863,0.165071,0.065657,-0.611207,0.216943,0.216943,12.4299,12.4299,1,1,0.052086,0.00271299
1771742635.406379,7.090000,0.010000,-0.051895,-0.000021,0.070391,4.0331,0.319181,0.063800,-0.185740,0.044550,0.044550,2.5526,2.5526,1,1,0.051895,0.00269309
1771742635.416379,7.100000,0.010000,-0.051599,0.003606,0.068158,3.9052,0.311128,0.065665,0.186543,0.084656,0.084656,4.8504,4.8504,1,1,0.051599,0.00266241
1771742635.426379,7.110000,0.010000,-0.051309,-0.000007,0.065427,3.7487,0.176918,0.063807,-0.185841,-0.021516,-0.021516,-1.2328,-1.2328,1,1,0.051309,0.00263259
1771742635.436379,7.120000,0.010000,-0.051137,-0.000021,0.064504,3.6958,0.310920,0.058690,-0.511676,-0.047617,-0.047617,-2.7283,-2.7283,1,1,0.051137,0.00261501
1771742635.446379,7.130000,0.010000,-0.050844,0.003263,0.062208,3.5642,0.301130,0.057703,-0.098651,0.212251,0.212251,12.1611,12.1611,1,1,0.050844,0.00258509
1771742635.456379,7.140000,0.010000,-0.050569,-0.000007,0.059717,3.4215,0.198719,0.060331,0.262746,0.111364,0.111364,6.3807,6.3807,1,1,0.050569,0.00255719
1771742635.466379,7.150000,0.010000,-0.050411,-0.000027,0.059290,3.3970,0.361448,0.066121,0.578969,-0.092442,-0.092442,-5.2965,-5.2965,1,1,0.050411,0.00254124
1771742635.476379,7.160000,0.010000,-0.050137,0.002385,0.057718,3.3070,0.359742,0.074677,0.855663,-0.042268,-0.042268,-2.4218,-2.4218,1,1,0.050137,0.00251372
1771742635.486379,7.170000,0.010000,-0.049893,-0.000020,0.056423,3.2328,0.319040,0.085655,1.097771,-0.122304,-0.122304,-7.0075,-7.0075,1,1,0.049893,0.00248928
1771742635.496379,7.180000,0.010000,-0.049729,-0.000043,0.056807,3.2548,0.460744,0.098751,1.309616,-0.197539,-0.197539,-11.3181,-11.3181,1,1,0.049729,0.00247298
1771742635.506379,7.190000,0.010000,-0.049473,0.001761,0.056345,3.2283,0.463967,0.109649,1.089764,-0.182572,-0.182572,-10.4606,-10.4606,1,1,0.049473,0.00244756
1771742635.516379,7.200000,0.010000,-0.049245,-0.000039,0.056291,3.2252,0.454224,0.122675,1.302609,-0.153685,-0.153685,-8.8055,-8.8055,1,1,0.049245,0.00242504
1771742635.526379,7.210000,0.010000,-0.049064,-0.000060,0.057353,3.2861,0.552464,0.134458,1.178356,-0.191268,-0.191268,-10.9589,-10.9589,1,1,0.049064,0.00240731
1771742635.536379,7.220000,0.010000,-0.048813,0.001634,0.057729,3.3076,0.553491,0.141278,0.681996,-0.138104,-0.138104,-7.9128,-7.9128,1,1,0.048813,0.00238272
1771742635.546379,7.230000,0.010000,-0.048566,-0.000047,0.057964,3.3211,0.503977,0.143755,0.247680,-0.058907,-0.058907,-3.3751,-3.3751,1,1,0.048566,0.00235864
1771742635.556379,7.240000,0.010000,-0.048363,-0.000061,0.058908,3.3752,0.557673,0.142432,-0.132346,0.007330,0.007330,0.4200,0.4200,1,1,0.048363,0.00233902
1771742635.566379,7.250000,0.010000,-0.048091,0.002513,0.058942,3.3771,0.541183,0.137783,-0.464868,0.120721,0.120721,6.9168,6.9168,1,1,0.048091,0.00231274
1771742635.576379,7.260000,0.010000,-0.047829,-0.000042,0.058793,3.3686,0.474403,0.137206,-0.057694,0.206334,0.206334,11.8221,11.8221,1,1,0.047829,0.00228762
1771742635.586379,7.270000,0.010000,-0.047627,-0.000056,0.059529,3.4108,0.538677,0.133976,-0.323028,0.073977,0.073977,4.2386,4.2386,1,1,0.047627,0.00226829
1771742635.596379,7.280000,0.010000,-0.047340,0.003067,0.059142,3.3886,0.511577,0.127659,-0.631716,0.167939,0.167939,9.6222,9.6222,1,1,0.047340,0.00224104
1771742635.606379,7.290000,0.010000,-0.047053,-0.000028,0.058195,3.3344,0.404539,0.118640,-0.901817,0.244442,0.244442,14.0055,14.0055,1,1,0.047053,0.00221396
1771742635.616379,7.300000,0.010000,-0.046841,-0.000015,0.058168,3.3328,0.463203,0.107259,-1.138156,0.276266,0.276266,15.8289,15.8289,1,1,0.046841,0.00219407
1771742635.626379,7.310000,0.010000,-0.046528,0.004093,0.056677,3.2474,0.417149,0.093809,-1.344952,0.344123,0.344123,19.7168,19.7168,1,1,0.046528,0.00216484
1771742635.636379,7.320000,0.010000,-0.046217,-0.000015,0.054443,3.1194,0.278113,0.078550,-1.525899,0.354104,0.354104,20.2887,20.2887,1,1,0.046217,0.00213602
1771742635.646379,7.330000,0.010000,-0.046002,0.000001,0.053327,3.0554,0.345511,0.061708,-1.684227,0.319697,0.319697,18.3173,18.3173,1,1,0.046002,0.00211617
1771742635.656379,7.340000,0.010000,-0.045666,0.004784,0.050405,2.8880,0.282844,0.043480,-1.822765,0.363540,0.363540,20.8293,20.8293,1,1,0.045666,0.00208534
1771742635.666379,7.350000,0.010000,-0.045334,0.000889,0.046658,2.6733,0.118687,0.024041,-1.943985,0.351830,0.351830,20.1584,20.1584,1,1,0.045334,0.00205518
1771742635.676379,7.360000,0.010000,-0.045133,-0.000012,0.044710,2.5617,0.243712,0.010521,-1.351921,0.323568,0.323568,18.5391,18.5391,1,1,0.045133,0.00203700
1771742635.686379,7.370000,0.010000,-0.044800,0.003987,0.040935,2.3454,0.185950,0.002183,-0.833865,0.331579,0.331579,18.9981,18.9981,1,1,0.044800,0.00200707
1771742635.696379,7.380000,0.010000,-0.044511,-0.000002,0.037272,2.1355,0.108554,-0.001623,-0.380566,0.306677,0.306677,17.5713,17.5713,1,1,0.044511,0.00198124
1771742635.706379,7.390000,0.010000,-0.044316,-0.000010,0.035222,2.0181,0.231017,-0.001462,0.016070,0.232594,0.232594,13.3266,13.3266,1,1,0.044316,0.00196387
1771742635.716379,7.400000,0.010000,-0.044029,0.001500,0.032135,1.8412,0.216488,0.002169,0.363128,0.280313,0.280313,16.0608,16.0608,1,1,0.044029,0.00193853
1771742635.726379,7.410000,0.010000,-0.043776,-0.000006,0.029438,1.6867,0.196961,0.008837,0.666802,0.254067,0.254067,14.5569,14.5569,1,1,0.043776,0.00191636
1771742635.736379,7.420000,0.010000,-0.043579,-0.000017,0.028009,1.6048,0.305117,0.018162,0.932518,0.200344,0.200344,11.4789,11.4789,1,1,0.043579,0.00189911
1771742635.746379,7.430000,0.010000,-0.043326,0.000350,0.026152,1.4984,0.316066,0.029812,1.165019,0.271918,0.271918,15.5797,15.5797,1,1,0.043326,0.00187716
1771742635.756379,7.440000,0.010000,-0.043102,-0.000021,0.024922,1.4279,0.347499,0.043497,1.368458,0.262474,0.262474,15.0386,15.0386,1,1,0.043102,0.00185780
1771742635.766379,7.450000,0.010000,-0.042898,-0.000031,0.024504,1.4040,0.427553,0.058962,1.546466,0.280060,0.280060,16.0463,16.0463,1,1,0.042898,0.00184025
1771742635.776379,7.460000,0.010000,-0.042675,-0.000036,0.024239,1.3888,0.459332,0.075984,1.702224,0.297653,0.297653,17.0543,17.0543,1,1,0.042675,0.00182112
1771742635.786379,7.470000,0.010000,-0.042471,-0.000049,0.024730,1.4169,0.532820,0.094369,1.838512,0.273852,0.273852,15.6906,15.6906,1,1,0.042471,0.00180380
1771742635.796379,7.480000,0.010000,-0.042257,-0.000057,0.025547,1.4637,0.578615,0.113947,1.957764,0.274390,0.274390,15.7214,15.7214,1,1,0.042257,0.00178566
1771742635.806379,7.490000,0.010000,-0.042055,-0.000071,0.027042,1.5494,0.648804,0.134568,2.062109,0.252394,0.252394,14.4611,14.4611,1,1,0.042055,0.00176866
1771742635.816379,7.500000,0.010000,-0.041848,-0.000083,0.028963,1.6595,0.702839,0.156102,2.153411,0.211078,0.211078,12.0939,12.0939,1,1,0.041848,0.00175124
1771742635.826379,7.510000,0.010000,-0.041639,-0.000095,0.031305,1.7936,0.753193,0.174924,1.882192,0.153148,0.153148,8.7748,8.7748,1,1,0.041639,0.00173382
1771742635.836379,7.520000,0.010000,-0.041417,-0.000100,0.033738,1.9331,0.774583,0.187902,1.297852,0.139416,0.139416,7.9880,7.9880,1,1,0.041417,0.00171540
1771742635.846379,7.530000,0.010000,-0.041201,-0.000109,0.036496,2.0911,0.809846,0.199454,1.155133,0.121954,0.121954,6.9875,6.9875,1,1,0.041201,0.00169751
1771742635.856379,7.540000,0.010000,-0.040967,-0.000103,0.039123,2.2416,0.809160,0.206280,0.682663,0.100427,0.100427,5.7540,5.7540,1,1,0.040967,0.00167827
1771742635.866379,7.550000,0.010000,-0.040733,-0.000106,0.041770,2.3933,0.813481,0.208763,0.248264,0.117954,0.117954,6.7583,6.7583,1,1,0.040733,0.00165914
1771742635.876379,7.560000,0.010000,-0.040502,-0.000111,0.044570,2.5537,0.830513,0.214426,0.566297,0.156893,0.156893,8.9893,8.9893,1,1,0.040502,0.00164043
1771742635.886379,7.570000,0.010000,-0.040266,-0.000113,0.047392,2.7154,0.839066,0.220432,0.600599,0.045702,0.045702,2.6185,2.6185,1,1,0.040266,0.00162137
1771742635.896379,7.580000,0.010000,-0.040035,-0.000118,0.050419,2.8888,0.861453,0.227885,0.745352,0.000085,0.000085,0.0048,0.0048,1,1,0.040035,0.00160278
1771742635.906379,7.590000,0.010000,-0.039799,-0.000122,0.053557,3.0686,0.879066,0.236606,0.872098,-0.038655,-0.038655,-2.2148,-2.2148,1,1,0.039799,0.00158399
1771742635.916379,7.600000,0.010000,-0.039554,-0.000095,0.056607,3.2433,0.879258,0.241262,0.465569,-0.071553,-0.071553,-4.0997,-4.0997,1,1,0.039554,0.00156449
1771742635.926379,7.610000,0.010000,-0.039310,-0.000123,0.059746,3.4232,0.889216,0.245403,0.414102,-0.085512,-0.085512,-4.8995,-4.8995,1,1,0.039310,0.00154530
1771742635.936379,7.620000,0.010000,-0.039051,0.000370,0.062646,3.5893,0.879495,0.246277,0.087382,-0.099664,-0.099664,-5.7103,-5.7103,1,1,0.039051,0.00152497
1771742635.946379,7.630000,0.010000,-0.038783,0.000222,0.065304,3.7416,0.857867,0.243551,-0.272607,-0.101347,-0.101347,-5.8067,-5.8067,1,1,0.038783,0.00150415
1771742635.956379,7.640000,0.010000,-0.038510,0.000645,0.067725,3.8803,0.839182,0.237675,-0.587597,-0.074641,-0.074641,-4.2766,-4.2766,1,1,0.038510,0.00148305
1771742635.966379,7.650000,0.010000,-0.038220,0.001244,0.069668,3.9917,0.799130,0.229043,-0.863213,-0.085799,-0.085799,-4.9159,-4.9159,1,1,0.038220,0.00146076
1771742635.976379,7.660000,0.010000,-0.037928,0.000819,0.071301,4.0852,0.765571,0.217999,-1.104377,-0.007807,-0.007807,-0.4473,-0.4473,1,1,0.037928,0.00143855
1771742635.986379,7.670000,0.010000,-0.037623,0.001952,0.072431,4.1500,0.723127,0.204845,-1.315396,0.037451,0.037451,2.1458,2.1458,1,1,0.037623,0.00141549
1771742635.996379,7.680000,0.010000,-0.037324,0.000269,0.073326,4.2013,0.690548,0.193984,-1.086133,0.079980,0.079980,4.5825,4.5825,1,1,0.037324,0.00139309
1771742636.006379,7.690000,0.010000,-0.037040,0.000690,0.074249,4.2541,0.689467,0.187971,-0.601301,0.023846,0.023846,1.3663,1.3663,1,1,0.037040,0.00137194
1771742636.016379,7.700000,0.010000,-0.036723,0.002127,0.074523,4.2698,0.639848,0.179219,-0.875204,-0.098044,-0.098044,-5.6175,-5.6175,1,1,0.036723,0.00134860
1771742636.026379,7.710000,0.010000,-0.036421,-0.000054,0.074715,4.2808,0.619323,0.168070,-1.114869,-0.029631,-0.029631,-1.6977,-1.6977,1,1,0.036421,0.00132652
1771742636.036379,7.720000,0.010000,-0.036100,0.002501,0.074329,4.2587,0.578514,0.154824,-1.324577,0.025870,0.025870,1.4823,1.4823,1,1,0.036100,0.00130323
1771742636.046379,7.730000,0.010000,-0.035774,0.000079,0.073453,4.2085,0.520455,0.139743,-1.508070,0.085143,0.085143,4.8783,4.8783,1,1,0.035774,0.00127980
1771742636.056379,7.740000,0.010000,-0.035459,0.001760,0.072371,4.1466,0.498334,0.123057,-1.668627,0.148743,0.148743,8.5224,8.5224,1,1,0.035459,0.00125731
1771742636.066379,7.750000,0.010000,-0.035105,0.002926,0.070366,4.0317,0.411746,0.104966,-1.809115,0.207909,0.207909,11.9123,11.9123,1,1,0.035105,0.00123238
1771742636.076379,7.760000,0.010000,-0.034786,-0.000003,0.068447,3.9217,0.402554,0.085646,-1.932041,0.268572,0.268572,15.3881,15.3881,1,1,0.034786,0.00121010
1771742636.086379,7.770000,0.010000,-0.034423,0.004217,0.065429,3.7488,0.320827,0.065610,-2.003578,0.284512,0.284512,16.3013,16.3013,1,1,0.034423,0.00118493
1771742636.096379,7.780000,0.010000,-0.034085,-0.000010,0.062332,3.5713,0.284985,0.046684,-1.892607,0.299554,0.299554,17.1632,17.1632,1,1,0.034085,0.00116180
1771742636.106379,7.790000,0.010000,-0.033765,0.001074,0.059166,3.3900,0.273801,0.033614,-1.306966,0.299719,0.299719,17.1727,17.1727,1,1,0.033765,0.00114011
1771742636.116379,7.800000,0.010000,-0.033443,0.000020,0.055764,3.1950,0.243598,0.025669,-0.794529,0.273887,0.273887,15.6925,15.6925,1,1,0.033443,0.00111842
1771742636.126379,7.810000,0.010000,-0.033150,-0.000004,0.052797,3.0251,0.271754,0.022207,-0.346147,0.221560,0.221560,12.6945,12.6945,1,1,0.033150,0.00109890
1771742636.136379,7.820000,0.010000,-0.032840,0.000439,0.049657,2.8451,0.269689,0.022412,0.020479,0.198106,0.198106,11.3507,11.3507,1,1,0.032840,0.00107844
1771742636.146379,7.830000,0.010000,-0.032531,-0.000009,0.046486,2.6635,0.261950,0.019101,-0.331147,0.157734,0.157734,9.0375,9.0375,1,1,0.032531,0.00105827
1771742636.156379,7.840000,0.010000,-0.032222,0.000218,0.043242,2.4776,0.257778,0.013009,-0.609148,0.221078,0.221078,12.6669,12.6669,1,1,0.032222,0.00103828
1771742636.166379,7.850000,0.010000,-0.031921,-0.000009,0.040111,2.2982,0.263456,0.011170,-0.183939,0.265275,0.265275,15.1991,15.1991,1,1,0.031921,0.00101894
1771742636.176379,7.860000,0.010000,-0.031629,-0.000011,0.037238,2.1336,0.286848,0.013051,0.188120,0.235491,0.235491,13.4926,13.4926,1,1,0.031629,0.00100036
1771742636.186379,7.870000,0.010000,-0.031338,-0.000013,0.034570,1.9807,0.310007,0.018188,0.513671,0.221997,0.221997,12.7195,12.7195,1,1,0.031338,0.00098205
1771742636.196379,7.880000,0.010000,-0.031055,-0.000017,0.032282,1.8496,0.347925,0.026173,0.798528,0.189021,0.189021,10.8301,10.8301,1,1,0.031055,0.00096443
1771742636.206379,7.890000,0.010000,-0.030775,-0.000020,0.030325,1.7375,0.385184,0.036651,1.047777,0.189182,0.189182,10.8393,10.8393,1,1,0.030775,0.00094708
1771742636.216379,7.900000,0.010000,-0.030501,-0.000025,0.028830,1.6518,0.433413,0.049309,1.265871,0.208964,0.208964,11.9727,11.9727,1,1,0.030501,0.00093031
1771742636.226379,7.910000,0.010000,-0.030229,-0.000030,0.027752,1.5901,0.480637,0.063877,1.456703,0.254064,0.254064,14.5568,14.5568,1,1,0.030229,0.00091379
1771742636.236379,7.920000,0.010000,-0.029963,-0.000037,0.027190,1.5579,0.535984,0.080113,1.623681,0.280647,0.280647,16.0799,16.0799,1,1,0.029963,0.00089777
1771742636.246379,7.930000,0.010000,-0.029698,-0.000043,0.027104,1.5529,0.590063,0.097811,1.769787,0.299999,0.299999,17.1887,17.1887,1,1,0.029698,0.00088198
1771742636.256379,7.940000,0.010000,-0.029429,-0.000049,0.027335,1.5662,0.630950,0.113280,1.546862,0.303217,0.303217,17.3731,17.3731,1,1,0.029429,0.00086607
1771742636.266379,7.950000,0.010000,-0.029153,-0.000052,0.027720,1.5882,0.655183,0.123883,1.060333,0.315881,0.315881,18.0987,18.0987,1,1,0.029153,0.00084989
1771742636.276379,7.960000,0.010000,-0.028871,-0.000053,0.028150,1.6129,0.666752,0.129670,0.578726,0.328088,0.328088,18.7980,18.7980,1,1,0.028871,0.00083352
1771742636.286379,7.970000,0.010000,-0.028600,-0.000058,0.028973,1.6600,0.704276,0.138225,0.855451,0.313979,0.313979,17.9897,17.9897,1,1,0.028600,0.00081796
1771742636.296379,7.980000,0.010000,-0.028325,-0.000062,0.029982,1.7178,0.730819,0.149201,1.097586,0.303698,0.303698,17.4006,17.4006,1,1,0.028325,0.00080229
1771742636.306379,7.990000,0.010000,-0.028053,-0.000067,0.031299,1.7933,0.765064,0.159987,1.078624,0.244314,0.244314,13.9982,13.9982,1,1,0.028053,0.00078695
1771742636.316379,8.000000,0.010000,-0.027769,-0.000067,0.032604,1.8681,0.774525,0.167738,0.775122,0.167770,0.167770,9.6125,9.6125,1,1,0.027769,0.00077111
1771742636.326379,8.010000,0.010000,-0.027482,-0.000068,0.033930,1.9441,0.781173,0.171030,0.329166,0.120965,0.120965,6.9308,6.9308,1,1,0.027482,0.00075529
1771742636.336379,8.020000,0.010000,-0.027193,-0.000067,0.035247,2.0195,0.784563,0.173299,0.226904,0.105719,0.105719,6.0572,6.0572,1,1,0.027193,0.00073946
1771742636.346379,8.030000,0.010000,-0.026909,-0.000069,0.036745,2.1053,0.802968,0.177757,0.445809,0.082031,0.082031,4.7001,4.7001,1,1,0.026909,0.00072409
1771742636.356379,8.040000,0.010000,-0.026625,-0.000072,0.038406,2.2005,0.823559,0.185149,0.739149,0.011975,0.011975,0.6861,0.6861,1,1,0.026625,0.00070889
1771742636.366379,8.050000,0.010000,-0.026345,-0.000077,0.040363,2.3126,0.855708,0.195107,0.995821,-0.066912,-0.066912,-3.8338,-3.8338,1,1,0.026345,0.00069408
1771742636.376379,8.060000,0.010000,-0.026066,-0.000082,0.042593,2.4404,0.888750,0.207311,1.220409,-0.095777,-0.095777,-5.4876,-5.4876,1,1,0.026066,0.00067944
1771742636.386379,8.070000,0.010000,-0.025785,-0.000086,0.045052,2.5813,0.918599,0.219299,1.198828,-0.104855,-0.104855,-6.0077,-6.0077,1,1,0.025785,0.00066484
1771742636.396379,8.080000,0.010000,-0.025503,-0.000091,0.047776,2.7373,0.950750,0.231372,1.207277,-0.126210,-0.126210,-7.2313,-7.2313,1,1,0.025503,0.00065041
1771742636.406379,8.090000,0.010000,-0.025220,-0.000096,0.050719,2.9060,0.979770,0.243461,1.208947,-0.148664,-0.148664,-8.5178,-8.5178,1,1,0.025220,0.00063603
1771742636.416379,8.100000,0.010000,-0.024927,-0.000097,0.053690,3.0762,0.992405,0.252276,0.881475,-0.204941,-0.204941,-11.7422,-11.7422,1,1,0.024927,0.00062135
1771742636.426379,8.110000,0.010000,-0.024633,-0.000097,0.056750,3.2516,1.006324,0.258704,0.642769,-0.217626,-0.217626,-12.4690,-12.4690,1,1,0.024633,0.00060678
1771742636.436379,8.120000,0.010000,-0.024325,-0.000094,0.059588,3.4141,0.994761,0.260837,0.213357,-0.234354,-0.234354,-13.4275,-13.4275,1,1,0.024325,0.00059168
1771742636.446379,8.130000,0.010000,-0.024014,-0.000091,0.062313,3.5702,0.986200,0.259214,-0.162379,-0.202996,-0.202996,-11.6308,-11.6308,1,1,0.024014,0.00057668
1771742636.456379,8.140000,0.010000,-0.023691,-0.000084,0.064666,3.7051,0.957081,0.254302,-0.491147,-0.185483,-0.185483,-10.6274,-10.6274,1,1,0.023691,0.00056127
1771742636.466379,8.150000,0.010000,-0.023366,-0.000079,0.066761,3.8251,0.932173,0.246514,-0.778820,-0.166262,-0.166262,-9.5261,-9.5261,1,1,0.023366,0.00054596
1771742636.476379,8.160000,0.010000,-0.023029,-0.000071,0.068383,3.9180,0.890512,0.236209,-1.030533,-0.135169,-0.135169,-7.7446,-7.7446,1,1,0.023029,0.00053032
1771742636.486379,8.170000,0.010000,-0.022690,-0.000064,0.069644,3.9903,0.853898,0.223701,-1.250782,-0.095798,-0.095798,-5.4888,-5.4888,1,1,0.022690,0.00051482
1771742636.496379,8.180000,0.010000,-0.022340,-0.000054,0.070364,4.0316,0.803480,0.209266,-1.443500,-0.080203,-0.080203,-4.5953,-4.5953,1,1,0.022340,0.00049908
1771742636.506379,8.190000,0.010000,-0.021989,-0.000049,0.070655,4.0482,0.758709,0.193144,-1.612129,-0.071133,-0.071133,-4.0756,-4.0756,1,1,0.021989,0.00048351
1771742636.516379,8.200000,0.010000,-0.021628,-0.000041,0.070362,4.0314,0.702364,0.175548,-1.759678,-0.086011,-0.086011,-4.9281,-4.9281,1,1,0.021628,0.00046778
1771742636.526379,8.210000,0.010000,-0.021267,-0.000035,0.069595,3.9875,0.652066,0.156660,-1.888785,-0.081725,-0.081725,-4.6825,-4.6825,1,1,0.021267,0.00045227
1771742636.536379,8.220000,0.010000,-0.020897,-0.000029,0.068222,3.9088,0.591954,0.136642,-2.001752,-0.080819,-0.080819,-4.6306,-4.6306,1,1,0.020897,0.00043667
1771742636.546379,8.230000,0.010000,-0.020526,-0.000024,0.066350,3.8016,0.538114,0.115636,-2.100599,-0.054147,-0.054147,-3.1024,-3.1024,1,1,0.020526,0.00042131
1771742636.556379,8.240000,0.010000,-0.020158,-0.000020,0.064110,3.6732,0.496209,0.093765,-2.187090,0.025675,0.025675,1.4710,1.4710,1,1,0.020158,0.00040633
1771742636.566379,8.250000,0.010000,-0.019792,-0.000018,0.061585,3.5286,0.463808,0.071138,-2.262770,0.055812,0.055812,3.1978,3.1978,1,1,0.019792,0.00039172
1771742636.576379,8.260000,0.010000,-0.019428,-0.000016,0.058838,3.3712,0.438567,0.047848,-2.328989,0.069884,0.069884,4.0040,4.0040,1,1,0.019428,0.00037744
1771742636.586379,8.270000,0.010000,-0.019066,-0.000015,0.055914,3.2037,0.418701,0.023978,-2.386931,0.066264,0.066264,3.7967,3.7967,1,1,0.019066,0.00036349
1771742636.596379,8.280000,0.010000,-0.018705,-0.000014,0.052850,3.0281,0.402856,0.000198,-2.378008,0.049143,0.049143,2.8157,2.8157,1,1,0.018705,0.00034986
1771742636.606379,8.290000,0.010000,-0.018345,-0.000014,0.049670,2.8459,0.390005,-0.017119,-1.731691,0.051826,0.051826,2.9694,2.9694,1,1,0.018345,0.00033653
1771742636.616379,8.300000,0.010000,-0.017986,-0.000013,0.046395,2.6582,0.379364,-0.028780,-1.166164,0.037688,0.037688,2.1594,2.1594,1,1,0.017986,0.00032350
1771742636.626379,8.310000,0.010000,-0.017628,-0.000012,0.043038,2.4659,0.370340,-0.035493,-0.671327,0.049229,0.049229,2.8206,2.8206,1,1,0.017628,0.00031076
1771742636.636379,8.320000,0.010000,-0.017272,-0.000012,0.039610,2.2695,0.362481,-0.039948,-0.445489,0.050190,0.050190,2.8757,2.8757,1,1,0.017272,0.00029831
1771742636.646379,8.330000,0.010000,-0.016916,-0.000012,0.036119,2.0695,0.355443,-0.045706,-0.575787,0.056886,0.056886,3.2593,3.2593,1,1,0.016916,0.00028614
1771742636.656379,8.340000,0.010000,-0.016561,-0.000011,0.032569,1.8661,0.348965,-0.050208,-0.450231,0.079161,0.079161,4.5356,4.5356,1,1,0.016561,0.00027426
1771742636.666379,8.350000,0.010000,-0.016207,-0.000011,0.028965,1.6596,0.342844,-0.054035,-0.382631,0.091751,0.091751,5.2570,5.2570,1,1,0.016207,0.00026266
1771742636.676379,8.360000,0.010000,-0.015854,-0.000010,0.025308,1.4500,0.336928,-0.054049,-0.001403,0.108602,0.108602,6.2225,6.2225,1,1,0.015854,0.00025133
1771742636.686379,8.370000,0.010000,-0.015501,-0.000010,0.021599,1.2375,0.331097,-0.050570,0.347838,0.116910,0.116910,6.6985,6.6985,1,1,0.015501,0.00024029
1771742636.696379,8.380000,0.010000,-0.015150,-0.000010,0.017840,1.0221,0.325260,-0.044036,0.653424,0.143969,0.143969,8.2488,8.2488,1,1,0.015150,0.00022952
1771742636.706379,8.390000,0.010000,-0.014799,-0.000009,0.014029,0.8038,0.319344,-0.034828,0.920812,0.151888,0.151888,8.7026,8.7026,1,1,0.014799,0.00021902
1771742636.716379,8.400000,0.010000,-0.014450,-0.000009,0.010166,0.5825,0.313292,-0.023280,1.154776,0.138180,0.138180,7.9171,7.9171,1,1,0.014450,0.00020880
1771742636.726379,8.410000,0.010000,-0.014135,-0.000011,0.007148,0.4095,0.380295,-0.014227,0.905298,0.125651,0.125651,7.1993,7.1993,1,1,0.014135,0.00019981
1771742636.736379,8.420000,0.010000,-0.013794,-0.000011,0.003929,0.2251,0.379950,-0.005971,0.825670,0.185649,0.185649,10.6369,10.6369,1,1,0.013794,0.00019028
1771742636.746379,8.430000,0.010000,-0.013478,-0.000012,0.001321,0.0757,0.429573,-0.000513,0.545732,0.225487,0.225487,12.9195,12.9195,1,1,0.013478,0.00018164
1771742636.756379,8.440000,0.010000,-0.013142,-0.000012,-0.001401,-0.0803,0.432268,0.005705,0.621784,0.295158,0.295158,16.9113,16.9113,1,1,0.013142,0.00017272
1771742636.766379,8.450000,0.010000,-0.012828,-0.000013,-0.003580,-0.2051,0.477263,0.011265,0.556068,0.310987,0.310987,17.8182,17.8182,1,1,0.012828,0.00016455
1771742636.776379,8.460000,0.010000,-0.012496,-0.000013,-0.005869,-0.3363,0.479385,0.016968,0.570262,0.346374,0.346374,19.8458,19.8458,1,1,0.012496,0.00015616
1771742636.786379,8.470000,0.010000,-0.012191,-0.000015,-0.007476,-0.4284,0.535769,0.024742,0.777420,0.358244,0.358244,20.5259,20.5259,1,1,0.012191,0.00014862
1771742636.796379,8.480000,0.010000,-0.011864,-0.000014,-0.009210,-0.5277,0.539511,0.033118,0.837617,0.372110,0.372110,21.3204,21.3204,1,1,0.011864,0.00014076
1771742636.806379,8.490000,0.010000,-0.011565,-0.000016,-0.010201,-0.5845,0.601400,0.042554,0.943553,0.379217,0.379217,21.7275,21.7275,1,1,0.011565,0.00013376
1771742636.816379,8.500000,0.010000,-0.011241,-0.000016,-0.011376,-0.6518,0.602120,0.051848,0.929453,0.394093,0.394093,22.5799,22.5799,1,1,0.011241,0.00012637
1771742636.826379,8.510000,0.010000,-0.010952,-0.000059,-0.011650,-0.6675,0.676729,0.063363,1.151507,0.397225,0.397225,22.7593,22.7593,1,1,0.010952,0.00011994
1771742636.836379,8.520000,0.010000,-0.010629,-0.000018,-0.012220,-0.7001,0.671326,0.074429,1.106563,0.391514,0.391514,22.4321,22.4321,1,1,0.010629,0.00011297
1771742636.846379,8.530000,0.010000,-0.010334,-0.000020,-0.012086,-0.6925,0.728582,0.082398,0.796892,0.384720,0.384720,22.0428,22.0428,1,1,0.010334,0.00010679
1771742636.856379,8.540000,0.010000,-0.010005,-0.000018,-0.012417,-0.7115,0.705814,0.087805,0.540665,0.393083,0.393083,22.5220,22.5220,1,1,0.010005,0.00010010
1771742636.866379,8.550000,0.010000,-0.009722,-0.000649,-0.011765,-0.6741,0.784237,0.096026,0.822148,0.395477,0.395477,22.6592,22.6592,1,1,0.009722,0.00009451
1771742636.876379,8.560000,0.010000,-0.009399,-0.000019,-0.011585,-0.6638,0.760988,0.106710,1.068445,0.367684,0.367684,21.0668,21.0668,1,1,0.009399,0.00008833
1771742636.886379,8.570000,0.010000,-0.009143,-0.003660,-0.010022,-0.5742,0.887117,0.119550,1.283955,0.327065,0.327065,18.7394,18.7394,1,1,0.009143,0.00008359
1771742636.896379,8.580000,0.010000,-0.008814,-0.000019,-0.009578,-0.5488,0.798276,0.134275,1.472527,0.232161,0.232161,13.3018,13.3018,1,1,0.008814,0.00007769
1771742636.906379,8.590000,0.010000,-0.008645,-0.013195,-0.006195,-0.3549,1.087922,0.150651,1.637527,0.179466,0.179466,10.2827,10.2827,1,1,0.008645,0.00007474
1771742636.916379,8.600000,0.010000,-0.008328,-0.000021,-0.005160,-0.2957,0.858746,0.168470,1.781902,0.090891,0.090891,5.2076,5.2076,1,1,0.008328,0.00006936
1771742636.926379,8.610000,0.010000,-0.008225,-0.020135,-0.000116,-0.0067,1.271675,0.187552,1.908230,0.082885,0.082885,4.7490,4.7490,1,1,0.008225,0.00006764
1771742636.936379,8.620000,0.010000,-0.007928,-0.000025,0.002015,0.1155,0.968148,0.207740,2.018767,-0.032375,-0.032375,-1.8550,-1.8550,1,1,0.007928,0.00006286
1771742636.946379,8.630000,0.010000,-0.007818,-0.018818,0.007892,0.4522,1.364957,0.228894,2.115487,0.027496,0.027496,1.5754,1.5754,1,1,0.007818,0.00006112
1771742636.956379,8.640000,0.010000,-0.007513,-0.000029,0.010757,0.6163,1.062081,0.249936,2.104130,-0.283918,-0.283918,-16.2673,-16.2673,1,1,0.007513,0.00005644
1771742636.966379,8.650000,0.010000,-0.007398,-0.017855,0.017413,0.9977,1.451106,0.267633,1.769731,-0.190769,-0.190769,-10.9303,-10.9303,1,1,0.007398,0.00005474
1771742636.976379,8.660000,0.010000,-0.007086,-0.000032,0.020968,1.2014,1.150073,0.282269,1.463584,-0.391005,-0.391005,-22.4030,-22.4030,1,1,0.007086,0.00005021
1771742636.986379,8.670000,0.010000,-0.006922,-0.012139,0.027560,1.5791,1.451112,0.296121,1.385177,-0.358756,-0.358756,-20.5552,-20.5552,1,1,0.006922,0.00004791
1771742636.996379,8.680000,0.010000,-0.006587,-0.000033,0.031370,1.7973,1.202652,0.308540,1.241955,-0.417326,-0.417326,-23.9110,-23.9110,1,1,0.006587,0.00004338
1771742637.006379,8.690000,0.010000,-0.006387,-0.008229,0.037852,2.1688,1.446956,0.315933,0.739300,-0.407387,-0.407387,-23.3415,-23.3415,1,1,0.006387,0.00004080
1771742637.016379,8.700000,0.010000,-0.006037,-0.000031,0.041847,2.3977,1.241070,0.318911,0.297822,-0.422051,-0.422051,-24.1818,-24.1818,1,1,0.006037,0.00003644
1771742637.026379,8.710000,0.010000,-0.005749,-0.000037,0.047063,2.6965,1.329443,0.318027,-0.088472,-0.420884,-0.420884,-24.1149,-24.1149,1,1,0.005749,0.00003305
1771742637.036379,8.720000,0.010000,-0.005371,-0.000026,0.050608,2.8997,1.218292,0.313762,-0.426478,-0.424782,-0.424782,-24.3382,-24.3382,1,1,0.005371,0.00002885
1771742637.046379,8.730000,0.010000,-0.005050,-0.000026,0.054824,3.1412,1.249630,0.306540,-0.722234,-0.417560,-0.417560,-23.9244,-23.9244,1,1,0.005050,0.00002550
1771742637.056379,8.740000,0.010000,-0.004678,-0.000020,0.057946,3.3200,1.171169,0.296729,-0.981021,-0.415361,-0.415361,-23.7984,-23.7984,1,1,0.004678,0.00002188
1771742637.066379,8.750000,0.010000,-0.004321,-0.000017,0.060878,3.4881,1.139862,0.284655,-1.207459,-0.394716,-0.394716,-22.6155,-22.6155,1,1,0.004321,0.00001867
1771742637.076379,8.760000,0.010000,-0.003956,-0.000013,0.063368,3.6307,1.098927,0.270599,-1.405593,-0.366525,-0.366525,-21.0003,-21.0003,1,1,0.003956,0.00001565
1771742637.086379,8.770000,0.010000,-0.003593,-0.000011,0.065630,3.7603,1.073035,0.254809,-1.578959,-0.320708,-0.320708,-18.3752,-18.3752,1,1,0.003593,0.00001291
1771742637.096379,8.780000,0.010000,-0.003233,-0.000008,0.067763,3.8825,1.058560,0.237503,-1.730655,-0.262722,-0.262722,-15.0529,-15.0529,1,1,0.003233,0.00001045
1771742637.106379,8.790000,0.010000,-0.002875,-0.000007,0.069840,4.0016,1.052794,0.218869,-1.863389,-0.205326,-0.205326,-11.7643,-11.7643,1,1,0.002875,0.00000827
1771742637.116379,8.800000,0.010000,-0.002518,-0.000005,0.071920,4.1207,1.053723,0.199073,-1.979531,-0.162218,-0.162218,-9.2944,-9.2944,1,1,0.002518,0.00000634
1771742637.126379,8.810000,0.010000,-0.002162,-0.000003,0.074046,4.2425,1.059845,0.178262,-2.081156,-0.120717,-0.120717,-6.9166,-6.9166,1,1,0.002162,0.00000467
1771742637.136379,8.820000,0.010000,-0.001807,-0.000002,0.076253,4.3690,1.070048,0.156561,-2.170077,-0.120125,-0.120125,-6.8826,-6.8826,1,1,0.001807,0.00000326
1771742637.146379,8.830000,0.010000,-0.001452,-0.000000,0.078570,4.5017,1.083509,0.134082,-2.247883,-0.163439,-0.163439,-9.3644,-9.3644,1,1,0.001452,0.00000211
1771742637.156379,8.840000,0.010000,-0.001098,0.000002,0.081018,4.6420,1.099620,0.110923,-2.315964,-0.190007,-0.190007,-10.8866,-10.8866,1,1,0.001098,0.00000120
1771742637.166379,8.850000,0.010000,-0.000744,0.000003,0.083615,4.7908,1.117937,0.087167,-2.375534,-0.187142,-0.187142,-10.7224,-10.7224,1,1,0.000744,0.00000055
1771742637.176379,8.860000,0.010000,-0.000390,0.000005,0.086170,4.9372,1.087860,0.062891,-2.427658,-0.174168,-0.174168,-9.9791,-9.9791,1,1,0.000390,0.00000015
1771742637.186379,8.870000,0.010000,-0.000025,0.003444,0.087834,5.0325,0.893388,0.038158,-2.473267,-0.150771,-0.150771,-8.6385,-8.6385,1,1,0.000025,0.00000000
1771742637.196379,8.880000,0.010000,0.000331,0.000008,0.089038,5.1015,0.935498,0.013026,-2.513174,-0.119614,-0.119614,-6.8534,-6.8534,1,1,0.000331,0.00000011
1771742637.206379,8.890000,0.010000,0.000721,0.011488,0.089000,5.0994,0.598972,-0.012455,-2.548093,-0.054674,-0.054674,-3.1326,-3.1326,1,1,0.000721,0.00000052
1771742637.216379,8.900000,0.010000,0.001094,0.000010,0.088790,5.0873,0.825132,-0.038241,-2.578648,-0.112582,-0.112582,-6.4505,-6.4505,1,1,0.001094,0.00000120
1771742637.226379,8.910000,0.010000,0.001533,0.025188,0.086913,4.9798,0.238931,-0.064295,-2.605382,0.013107,0.013107,0.7510,0.7510,1,1,0.001533,0.00000235
1771742637.236379,8.920000,0.010000,0.001945,0.000009,0.084733,4.8548,0.635595,-0.083601,-1.930644,-0.003243,-0.003243,-0.1858,-0.1858,1,1,0.001945,0.00000378
1771742637.246379,8.930000,0.010000,0.002312,0.010779,0.082512,4.7276,0.302454,-0.097004,-1.340248,-0.043867,-0.043867,-2.5134,-2.5134,1,1,0.002312,0.00000535
1771742637.256379,8.940000,0.010000,0.002657,-0.001636,0.080447,4.6093,0.606393,-0.105240,-0.823651,-0.073324,-0.073324,-4.2012,-4.2012,1,1,0.002657,0.00000706
1771742637.266379,8.950000,0.010000,0.003007,0.009301,0.077985,4.4682,0.262861,-0.108957,-0.371629,-0.120773,-0.120773,-6.9198,-6.9198,1,1,0.003007,0.00000904
1771742637.276379,8.960000,0.010000,0.003332,-0.003775,0.075702,4.3374,0.581005,-0.115699,-0.674241,-0.093729,-0.093729,-5.3703,-5.3703,1,1,0.003332,0.00001110
1771742637.286379,8.970000,0.010000,0.003673,0.010108,0.072812,4.1718,0.175836,-0.124988,-0.928849,-0.103803,-0.103803,-5.9475,-5.9475,1,1,0.003673,0.00001349
1771742637.296379,8.980000,0.010000,0.003987,-0.005782,0.070043,4.0132,0.530252,-0.132757,-0.776930,0.013191,0.013191,0.7558,0.7558,1,1,0.003987,0.00001589
1771742637.306379,8.990000,0.010000,0.004290,0.004095,0.067054,3.8419,0.188637,-0.137933,-0.517634,-0.039082,-0.039082,-2.2392,-2.2392,1,1,0.004290,0.00001840
1771742637.316379,9.000000,0.010000,0.004548,-0.012602,0.064397,3.6897,0.542993,-0.139538,-0.160472,0.002684,0.002684,0.1538,0.1538,1,1,0.004548,0.00002068
1771742637.326379,9.010000,0.010000,0.004803,0.000004,0.061482,3.5227,0.192833,-0.137451,0.208653,-0.074265,-0.074265,-4.2551,-4.2551,1,1,0.004803,0.00002307
1771742637.336379,9.020000,0.010000,0.005022,-0.017508,0.058875,3.3733,0.548533,-0.132135,0.531637,0.004325,0.004325,0.2478,0.2478,1,1,0.005022,0.00002522
1771742637.346379,9.030000,0.010000,0.005255,0.000006,0.056203,3.2202,0.243966,-0.129691,0.244416,-0.173450,-0.173450,-9.9379,-9.9379,1,1,0.005255,0.00002762
1771742637.356379,9.040000,0.010000,0.005475,-0.017306,0.053925,3.0897,0.583989,-0.124061,0.562930,-0.014748,-0.014748,-0.8450,-0.8450,1,1,0.005475,0.00002998
1771742637.366379,9.050000,0.010000,0.005696,-0.003160,0.051869,2.9719,0.360531,-0.115645,0.841630,-0.191892,-0.191892,-10.9946,-10.9946,1,1,0.005696,0.00003244
1771742637.376379,9.060000,0.010000,0.005899,-0.018969,0.050326,2.8835,0.663004,-0.106673,0.897233,-0.173521,-0.173521,-9.9420,-9.9420,1,1,0.005899,0.00003480
1771742637.386379,9.070000,0.010000,0.006114,-0.003243,0.048642,2.7870,0.382415,-0.102313,0.436013,-0.307276,-0.307276,-17.6056,-17.6056,1,1,0.006114,0.00003738
1771742637.396379,9.080000,0.010000,0.006314,-0.019317,0.047261,2.7079,0.680904,-0.101988,0.032446,-0.130815,-0.130815,-7.4951,-7.4951,1,1,0.006314,0.00003987
1771742637.406379,9.090000,0.010000,0.006526,-0.003410,0.045669,2.6167,0.386634,-0.100956,0.103242,-0.094039,-0.094039,-5.3880,-5.3880,1,1,0.006526,0.00004259
1771742637.416379,9.100000,0.010000,0.006721,-0.020069,0.044344,2.5407,0.687344,-0.101312,-0.035590,-0.063112,-0.063112,-3.6161,-3.6161,1,1,0.006721,0.00004517
1771742637.426379,9.110000,0.010000,0.006921,-0.005211,0.042933,2.4599,0.421199,-0.098133,0.317924,-0.061954,-0.061954,-3.5497,-3.5497,1,1,0.006921,0.00004790
1771742637.436379,9.120000,0.010000,0.007101,-0.021839,0.041848,2.3977,0.713572,-0.091860,0.627250,-0.111161,-0.111161,-6.3691,-6.3691,1,1,0.007101,0.00005042
1771742637.446379,9.130000,0.010000,0.007259,-0.013172,0.041099,2.3548,0.555162,-0.082881,0.897909,-0.266513,-0.266513,-15.2701,-15.2701,1,1,0.007259,0.00005270
1771742637.456379,9.140000,0.010000,0.007386,-0.027749,0.040861,2.3412,0.804870,-0.078515,0.436605,-0.289671,-0.289671,-16.5969,-16.5969,1,1,0.007386,0.00005455
1771742637.466379,9.150000,0.010000,0.007531,-0.011135,0.040198,2.3032,0.502013,-0.071204,0.731095,-0.250285,-0.250285,-14.3403,-14.3403,1,1,0.007531,0.00005672
1771742637.476379,9.160000,0.010000,0.007666,-0.027144,0.039663,2.2725,0.773552,-0.068297,0.290642,-0.251990,-0.251990,-14.4380,-14.4380,1,1,0.007666,0.00005876
1771742637.486379,9.170000,0.010000,0.007764,-0.022455,0.039637,2.2710,0.676821,-0.062264,0.603378,-0.235440,-0.235440,-13.4897,-13.4897,1,1,0.007764,0.00006028
1771742637.496379,9.180000,0.010000,0.007823,-0.035424,0.040189,2.3027,0.890684,-0.060475,0.178890,-0.305141,-0.305141,-17.4833,-17.4833,1,1,0.007823,0.00006120
1771742637.506379,9.190000,0.010000,0.007948,-0.009050,0.039460,2.2609,0.411211,-0.062400,-0.192537,-0.231577,-0.231577,-13.2684,-13.2684,1,1,0.007948,0.00006316
1771742637.516379,9.200000,0.010000,0.008084,-0.027409,0.038416,2.2011,0.719973,-0.067576,-0.517536,-0.019118,-0.019118,-1.0954,-1.0954,1,1,0.008084,0.00006535
1771742637.526379,9.210000,0.010000,0.008170,-0.024098,0.038092,2.1825,0.642718,-0.075480,-0.790489,-0.022379,-0.022379,-1.2822,-1.2822,1,1,0.008170,0.00006675
1771742637.536379,9.220000,0.010000,0.008231,-0.032504,0.038048,2.1800,0.770805,-0.078907,-0.342612,-0.004379,-0.004379,-0.2509,-0.2509,1,1,0.008231,0.00006775
1771742637.546379,9.230000,0.010000,0.008322,-0.018402,0.037312,2.1378,0.501816,-0.078414,0.049280,-0.031599,-0.031599,-1.8105,-1.8105,1,1,0.008322,0.00006925
1771742637.556379,9.240000,0.010000,0.008387,-0.035605,0.036853,2.1115,0.783113,-0.076356,0.205746,-0.063849,-0.063849,-3.6583,-3.6583,1,1,0.008387,0.00007034
1771742637.566379,9.250000,0.010000,0.008456,-0.020354,0.036117,2.0693,0.490839,-0.078047,-0.169038,-0.143218,-0.143218,-8.2058,-8.2058,1,1,0.008456,0.00007151
1771742637.576379,9.260000,0.010000,0.008503,-0.037985,0.035599,2.0397,0.776791,-0.083016,-0.496974,-0.002091,-0.002091,-0.1198,-0.1198,1,1,0.008503,0.00007229
1771742637.586379,9.270000,0.010000,0.008578,-0.016399,0.034345,1.9678,0.370696,-0.090856,-0.783918,0.011676,0.011676,0.6690,0.6690,1,1,0.008578,0.00007358
1771742637.596379,9.280000,0.010000,0.008641,-0.036538,0.033095,1.8962,0.697973,-0.101206,-1.034995,0.073693,0.073693,4.2223,4.2223,1,1,0.008641,0.00007466
1771742637.606379,9.290000,0.010000,0.008719,-0.016036,0.031313,1.7941,0.306946,-0.113752,-1.254686,0.011668,0.011668,0.6685,0.6685,1,1,0.008719,0.00007603
1771742637.616379,9.300000,0.010000,0.008776,-0.037662,0.029670,1.7000,0.655134,-0.128222,-1.446916,0.083386,0.083386,4.7777,4.7777,1,1,0.008776,0.00007701
1771742637.626379,9.310000,0.010000,0.008882,-0.007636,0.026844,1.5380,0.091597,-0.144373,-1.615117,0.029279,0.029279,1.6775,1.6775,1,1,0.008882,0.00007889
1771742637.636379,9.320000,0.010000,0.008980,-0.033704,0.023872,1.3677,0.511549,-0.155273,-1.090057,0.081373,0.081373,4.6624,4.6624,1,1,0.008980,0.00008065
1771742637.646379,9.330000,0.010000,0.009033,-0.022745,0.021319,1.2215,0.273542,-0.161321,-0.604734,0.055937,0.055937,3.2049,3.2049,1,1,0.009033,0.00008159
1771742637.656379,9.340000,0.010000,0.009025,-0.045678,0.019442,1.1139,0.627490,-0.163121,-0.180077,0.067332,0.067332,3.8578,3.8578,1,1,0.009025,0.00008145
1771742637.666379,9.350000,0.010000,0.009054,-0.017640,0.016467,0.9435,0.082113,-0.161206,0.191499,0.087031,0.087031,4.9865,4.9865,1,1,0.009054,0.00008197
1771742637.676379,9.360000,0.010000,0.009064,-0.044362,0.013386,0.7670,0.496847,-0.156040,0.516627,0.083930,0.083930,4.8088,4.8088,1,1,0.009064,0.00008216
1771742637.686379,9.370000,0.010000,0.008946,-0.052746,0.012048,0.6903,0.581645,-0.148029,0.801115,0.066972,0.066972,3.8372,3.8372,1,1,0.008946,0.00008004
1771742637.696379,9.380000,0.010000,0.008811,-0.049326,0.010469,0.5998,0.457652,-0.144510,0.351910,0.046241,0.046241,2.6494,2.6494,1,1,0.008811,0.00007764
1771742637.706379,9.390000,0.010000,0.008605,-0.068669,0.009614,0.5508,0.732774,-0.137940,0.656987,0.080568,0.080568,4.6162,4.6162,1,1,0.008605,0.00007405
1771742637.716379,9.400000,0.010000,0.008405,-0.050794,0.008078,0.4628,0.352345,-0.128701,0.923929,0.053160,0.053160,3.0458,3.0458,1,1,0.008405,0.00007065
1771742637.726379,9.410000,0.010000,0.008177,-0.071659,0.006516,0.3733,0.655036,-0.117126,1.157504,0.082532,0.082532,4.7287,4.7287,1,1,0.008177,0.00006687
1771742637.736379,9.420000,0.010000,0.007820,-0.085833,0.006723,0.3852,0.843459,-0.103507,1.361882,-0.024469,-0.024469,-1.4019,-1.4019,1,1,0.007820,0.00006115
1771742637.746379,9.430000,0.010000,0.007481,-0.081187,0.007211,0.4132,0.837359,-0.088100,1.540712,-0.025449,-0.025449,-1.4581,-1.4581,1,1,0.007481,0.00005597
1771742637.756379,9.440000,0.010000,0.007130,-0.084344,0.008123,0.4654,0.917193,-0.073427,1.467230,-0.021446,-0.021446,-1.2288,-1.2288,1,1,0.007130,0.00005084
1771742637.766379,9.450000,0.010000,0.006782,-0.083587,0.009390,0.5380,0.954337,-0.057099,1.632892,-0.011138,-0.011138,-0.6382,-0.6382,1,1,0.006782,0.00004599
1771742637.776379,9.460000,0.010000,0.006436,-0.082962,0.010920,0.6257,0.981805,-0.042969,1.412943,0.079596,0.079596,4.5605,4.5605,1,1,0.006436,0.00004142
1771742637.786379,9.470000,0.010000,0.006092,-0.082434,0.012645,0.7245,1.002021,-0.029182,1.378763,0.089346,0.089346,5.1192,5.1192,1,1,0.006092,0.00003712
1771742637.796379,9.480000,0.010000,0.005751,-0.081979,0.014514,0.8316,1.016802,-0.014655,1.452661,0.124747,0.124747,7.1475,7.1475,1,1,0.005751,0.00003307
1771742637.806379,9.490000,0.010000,0.005411,-0.081576,0.016490,0.9448,1.027510,-0.002332,1.232307,0.183672,0.183672,10.5236,10.5236,1,1,0.005411,0.00002928
1771742637.816379,9.500000,0.010000,0.005072,-0.081213,0.018543,1.0624,1.035162,0.006331,0.866302,0.178089,0.178089,10.2037,10.2037,1,1,0.005072,0.00002573
1771742637.826379,9.510000,0.010000,0.004735,-0.080879,0.020652,1.1833,1.040523,0.011320,0.498874,0.115834,0.115834,6.6368,6.6368,1,1,0.004735,0.00002242
1771742637.836379,9.520000,0.010000,0.004400,-0.080565,0.022801,1.3064,1.044163,0.019176,0.785581,0.036986,0.036986,2.1192,2.1192,1,1,0.004400,0.00001936
1771742637.846379,9.530000,0.010000,0.004065,-0.080265,0.024979,1.4312,1.046509,0.023424,0.424804,0.121377,0.121377,6.9544,6.9544,1,1,0.004065,0.00001653
1771742637.856379,9.540000,0.010000,0.003732,-0.079977,0.027176,1.5570,1.047882,0.030631,0.720769,0.038747,0.038747,2.2201,2.2201,1,1,0.003732,0.00001393
1771742637.866379,9.550000,0.010000,0.003400,-0.079695,0.029386,1.6837,1.048521,0.033448,0.281607,0.124616,0.124616,7.1400,7.1400,1,1,0.003400,0.00001156
1771742637.876379,9.560000,0.010000,0.003071,-0.079225,0.031593,1.8102,1.047568,0.032421,-0.102660,0.021800,0.021800,1.2490,1.2490,1,1,0.003071,0.00000943
1771742637.886379,9.570000,0.010000,0.002748,-0.078349,0.033777,1.9353,1.044214,0.028032,-0.438893,-0.026354,-0.026354,-1.5100,-1.5100,1,1,0.002748,0.00000755
1771742637.896379,9.580000,0.010000,0.002435,-0.076963,0.035915,2.0578,1.038505,0.023136,-0.489623,-0.038619,-0.038619,-2.2127,-2.2127,1,1,0.002435,0.00000593
1771742637.906379,9.590000,0.010000,0.002138,-0.075163,0.037995,2.1770,1.031578,0.022342,-0.079354,-0.047181,-0.047181,-2.7033,-2.7033,1,1,0.002138,0.00000457
1771742637.916379,9.600000,0.010000,0.001857,-0.072983,0.040011,2.2925,1.023968,0.025139,0.279631,-0.079627,-0.079627,-4.5623,-4.5623,1,1,0.001857,0.00000345
1771742637.926379,9.610000,0.010000,0.001597,-0.070470,0.041961,2.4042,1.016181,0.031076,0.593743,-0.096036,-0.096036,-5.5024,-5.5024,1,1,0.001597,0.00000255
1771742637.936379,9.620000,0.010000,0.001360,-0.067661,0.043845,2.5122,1.008578,0.039762,0.868591,-0.044052,-0.044052,-2.5240,-2.5240,1,1,0.001360,0.00000185
1771742637.946379,9.630000,0.010000,0.001148,-0.064590,0.045668,2.6166,1.001439,0.050853,1.109083,0.043176,0.043176,2.4738,2.4738,1,1,0.001148,0.00000132
1771742637.956379,9.640000,0.010000,0.000963,-0.061289,0.047436,2.7179,0.994991,0.058975,0.812261,0.083443,0.083443,4.7809,4.7809,1,1,0.000963,0.00000093
1771742637.966379,9.650000,0.010000,0.000807,-0.057788,0.049154,2.8163,0.989421,0.062592,0.361662,-0.030869,-0.030869,-1.7687,-1.7687,1,1,0.000807,0.00000065
1771742637.976379,9.660000,0.010000,0.000682,-0.054114,0.050832,2.9124,0.984891,0.069247,0.665520,-0.183703,-0.183703,-10.5254,-10.5254,1,1,0.000682,0.00000046
1771742637.986379,9.670000,0.010000,0.000588,-0.050297,0.052479,3.0068,0.981541,0.071580,0.233264,-0.183843,-0.183843,-10.5334,-10.5334,1,1,0.000588,0.00000035
1771742637.996379,9.680000,0.010000,0.000526,-0.046361,0.054106,3.1000,0.979495,0.077111,0.553172,-0.265345,-0.265345,-15.2031,-15.2031,1,1,0.000526,0.00000028
1771742638.006379,9.690000,0.010000,0.000498,-0.042333,0.055724,3.1928,0.978864,0.078461,0.134960,-0.269143,-0.269143,-15.4208,-15.4208,1,1,0.000498,0.00000025
1771742638.016379,9.700000,0.010000,0.000504,-0.038237,0.057347,3.2857,0.979744,0.076151,-0.230976,-0.309725,-0.309725,-17.7459,-17.7459,1,1,0.000504,0.00000025
1771742638.026379,9.710000,0.010000,0.000544,-0.034096,0.058986,3.3797,0.982224,0.070640,-0.551170,-0.289183,-0.289183,-16.5690,-16.5690,1,1,0.000544,0.00000030
1771742638.036379,9.720000,0.010000,0.000619,-0.029930,0.060657,3.4754,0.986379,0.062326,-0.831339,-0.274144,-0.274144,-15.7073,-15.7073,1,1,0.000619,0.00000038
1771742638.046379,9.730000,0.010000,0.000729,-0.025761,0.062373,3.5737,0.992275,0.051561,-1.076488,-0.263081,-0.263081,-15.0734,-15.0734,1,1,0.000729,0.00000053
1771742638.056379,9.740000,0.010000,0.000873,-0.021605,0.064150,3.6755,0.999969,0.038651,-1.290993,-0.261134,-0.261134,-14.9619,-14.9619,1,1,0.000873,0.00000076
1771742638.066379,9.750000,0.010000,0.001052,-0.017479,0.066002,3.7816,1.009504,0.028313,-1.033798,-0.250083,-0.250083,-14.3287,-14.3287,1,1,0.001052,0.00000111
1771742638.076379,9.760000,0.010000,0.001277,-0.010658,0.067720,3.8801,0.966838,0.022758,-0.555507,-0.268625,-0.268625,-15.3911,-15.3911,1,1,0.001277,0.00000163
1771742638.086379,9.770000,0.010000,0.001531,-0.009637,0.069491,3.9815,1.010084,0.021388,-0.137003,-0.289767,-0.289767,-16.6024,-16.6024,1,1,0.001531,0.00000234
1771742638.096379,9.780000,0.010000,0.001820,-0.002617,0.070889,4.0616,0.882135,0.016699,-0.468943,-0.313268,-0.313268,-17.9489,-17.9489,1,1,0.001820,0.00000331
1771742638.106379,9.790000,0.010000,0.002130,-0.002908,0.072204,4.1370,0.961735,0.009105,-0.759391,-0.292342,-0.292342,-16.7499,-16.7499,1,1,0.002130,0.00000454
1771742638.116379,9.800000,0.010000,0.002454,0.000014,0.073141,4.1907,0.802336,-0.001030,-1.013533,-0.269116,-0.269116,-15.4192,-15.4192,1,1,0.002454,0.00000602
1771742638.126379,9.810000,0.010000,0.002780,-0.000516,0.073915,4.2350,0.887948,-0.013389,-1.235908,-0.235406,-0.235406,-13.4878,-13.4878,1,1,0.002780,0.00000773
1771742638.136379,9.820000,0.010000,0.003124,0.004004,0.074013,4.2406,0.652407,-0.027694,-1.430485,-0.204059,-0.204059,-11.6917,-11.6917,1,1,0.003124,0.00000976
1771742638.146379,9.830000,0.010000,0.003452,-0.001857,0.074089,4.2450,0.833368,-0.043702,-1.600740,-0.129627,-0.129627,-7.4271,-7.4271,1,1,0.003452,0.00001192
1771742638.156379,9.840000,0.010000,0.003832,0.014941,0.072873,4.1753,0.373471,-0.061199,-1.749713,-0.031349,-0.031349,-1.7962,-1.7962,1,1,0.003832,0.00001468
1771742638.166379,9.850000,0.010000,0.004196,-0.000432,0.071399,4.0908,0.679302,-0.079999,-1.880065,-0.060793,-0.060793,-3.4832,-3.4832,1,1,0.004196,0.00001761
1771742638.176379,9.860000,0.010000,0.004563,0.012717,0.069306,3.9710,0.280353,-0.099941,-1.994123,0.022347,0.022347,1.2804,1.2804,1,1,0.004563,0.00002082
1771742638.186379,9.870000,0.010000,0.004900,-0.002970,0.067265,3.8540,0.612033,-0.120090,-2.014919,0.029312,0.029312,1.6795,1.6795,1,1,0.004900,0.00002401
1771742638.196379,9.880000,0.010000,0.005277,0.018930,0.063992,3.6665,0.045325,-0.136339,-1.624909,0.087833,0.087833,5.0325,5.0325,1,1,0.005277,0.00002784
1771742638.206379,9.890000,0.010000,0.005626,-0.003208,0.060585,3.4713,0.468892,-0.152875,-1.653579,0.122588,0.122588,7.0238,7.0238,1,1,0.005626,0.00003165
1771742638.216379,9.900000,0.010000,0.005959,0.011034,0.056791,3.2539,0.030939,-0.169986,-1.711151,0.082741,0.082741,4.7407,4.7407,1,1,0.005959,0.00003551
1771742638.226379,9.910000,0.010000,0.006238,-0.011374,0.053302,3.0540,0.456912,-0.187896,-1.791020,0.100460,0.100460,5.7560,5.7560,1,1,0.006238,0.00003891
1771742638.236379,9.920000,0.010000,0.006551,0.015089,0.048446,2.7758,-0.217626,-0.200952,-1.305565,0.040362,0.040362,2.3126,2.3126,1,1,0.006551,0.00004291
1771742638.246379,9.930000,0.010000,0.006820,-0.013750,0.043560,2.4958,0.306369,-0.209473,-0.852046,0.047405,0.047405,2.7161,2.7161,1,1,0.006820,0.00004652
1771742638.256379,9.940000,0.010000,0.007051,0.000002,0.039046,2.2372,-0.015547,-0.213437,-0.396475,0.039996,0.039996,2.2916,2.2916,1,1,0.007051,0.00004972
1771742638.266379,9.950000,0.010000,0.007219,-0.025324,0.035290,2.0220,0.426130,-0.213416,0.002150,0.049929,0.049929,2.8607,2.8607,1,1,0.007219,0.00005211
1771742638.276379,9.960000,0.010000,0.007405,0.000002,0.030695,1.7587,-0.132469,-0.209906,0.350948,0.063765,0.063765,3.6535,3.6535,1,1,0.007405,0.00005483
1771742638.286379,9.970000,0.010000,0.007551,-0.028581,0.026267,1.5050,0.352350,-0.203345,0.656145,0.032128,0.032128,1.8408,1.8408,1,1,0.007551,0.00005701
1771742638.296379,9.980000,0.010000,0.007615,-0.024754,0.023034,1.3197,0.255005,-0.194113,0.923193,0.068473,0.068473,3.9232,3.9232,1,1,0.007615,0.00005799
1771742638.306379,9.990000,0.010000,0.007602,-0.046011,0.020881,1.1964,0.594487,-0.182544,1.156859,0.059832,0.059832,3.4281,3.4281,1,1,0.007602,0.00005779
1771742638.316379,10.000000,0.010000,0.007627,-0.019191,0.017732,1.0160,0.082220,-0.168931,1.361318,0.070977,0.070977,4.0667,4.0667,1,1,0.007627,0.00005817
1771742638.326379,10.010000,0.010000,0.007639,-0.043894,0.014489,0.8301,0.475714,-0.153529,1.540219,0.037626,0.037626,2.1558,2.1558,1,1,0.007639,0.00005835
1771742638.336379,10.020000,0.010000,0.007493,-0.061076,0.013616,0.7801,0.728857,-0.136561,1.696757,-0.008049,-0.008049,-0.4612,-0.4612,1,1,0.007493,0.00005614
1771742638.346379,10.030000,0.010000,0.007337,-0.048968,0.012480,0.7150,0.464174,-0.118224,1.833729,-0.001352,-0.001352,-0.0774,-0.0774,1,1,0.007337,0.00005383
1771742638.356379,10.040000,0.010000,0.007149,-0.066073,0.011501,0.6590,0.715794,-0.098688,1.953578,-0.015680,-0.015680,-0.8984,-0.8984,1,1,0.007149,0.00005111
1771742638.366379,10.050000,0.010000,0.006852,-0.077992,0.012009,0.6881,0.874223,-0.081307,1.738133,-0.102561,-0.102561,-5.8763,-5.8763,1,1,0.006852,0.00004695
1771742638.376379,10.060000,0.010000,0.006532,-0.076747,0.012811,0.7340,0.840265,-0.065218,1.608894,-0.007993,-0.007993,-0.4579,-0.4579,1,1,0.006532,0.00004267
1771742638.386379,10.070000,0.010000,0.006185,-0.083398,0.013922,0.7977,0.937119,-0.052066,1.315177,-0.010787,-0.010787,-0.6180,-0.6180,1,1,0.006185,0.00003825
1771742638.396379,10.080000,0.010000,0.005840,-0.082713,0.015333,0.8785,0.968394,-0.039317,1.274940,0.018496,0.018496,1.0598,1.0598,1,1,0.005840,0.00003411
1771742638.406379,10.090000,0.010000,0.005498,-0.082140,0.016966,0.9721,0.991436,-0.026432,1.288526,0.054120,0.054120,3.1008,3.1008,1,1,0.005498,0.00003022
1771742638.416379,10.100000,0.010000,0.005157,-0.081649,0.018764,1.0751,1.008311,-0.018648,0.778394,0.096872,0.096872,5.5504,5.5504,1,1,0.005157,0.00002660
1771742638.426379,10.110000,0.010000,0.004819,-0.081219,0.020683,1.1851,1.020568,-0.008346,1.030161,0.019674,0.019674,1.1273,1.1273,1,1,0.004819,0.00002322
1771742638.436379,10.120000,0.010000,0.004482,-0.080834,0.022691,1.3001,1.029363,0.000176,0.852228,0.093100,0.093100,5.3342,5.3342,1,1,0.004482,0.00002009
1771742638.446379,10.130000,0.010000,0.004147,-0.080482,0.024764,1.4189,1.035564,0.009026,0.885006,0.065068,0.065068,3.7281,3.7281,1,1,0.004147,0.00001720
1771742638.456379,10.140000,0.010000,0.003813,-0.080154,0.026883,1.5403,1.039818,0.013279,0.425314,0.097144,0.097144,5.5660,5.5660,1,1,0.003813,0.00001454
1771742638.466379,10.150000,0.010000,0.003480,-0.079843,0.029036,1.6636,1.042612,0.013510,0.023084,0.001400,0.001400,0.0802,0.0802,1,1,0.003480,0.00001211
1771742638.476379,10.160000,0.010000,0.003149,-0.079468,0.031207,1.7880,1.043903,0.011653,-0.185772,-0.028892,-0.028892,-1.6554,-1.6554,1,1,0.003149,0.00000992
1771742638.486379,10.170000,0.010000,0.002823,-0.078809,0.033376,1.9123,1.042867,0.008236,-0.341659,-0.024749,-0.024749,-1.4180,-1.4180,1,1,0.002823,0.00000797
1771742638.496379,10.180000,0.010000,0.002511,-0.076231,0.035412,2.0290,1.014428,0.001756,-0.648017,-0.035852,-0.035852,-2.0542,-2.0542,1,1,0.002511,0.00000631
1771742638.506379,10.190000,0.010000,0.002216,-0.075028,0.037352,2.1401,1.016804,-0.000424,-0.217949,0.003058,0.003058,0.1752,0.1752,1,1,0.002216,0.00000491
1771742638.516379,10.200000,0.010000,0.001938,-0.072217,0.039205,2.2463,0.996197,-0.001719,-0.129537,-0.058146,-0.058146,-3.3315,-3.3315,1,1,0.001938,0.00000376
1771742638.526379,10.210000,0.010000,0.001680,-0.070388,0.040990,2.3486,0.998710,0.000638,0.235721,-0.086312,-0.086312,-4.9453,-4.9453,1,1,0.001680,0.00000282
1771742638.536379,10.220000,0.010000,0.001441,-0.068062,0.042771,2.4506,0.997529,0.006191,0.555322,-0.156495,-0.156495,-8.9665,-8.9665,1,1,0.001441,0.00000208
1771742638.546379,10.230000,0.010000,0.001223,-0.065350,0.044529,2.5513,0.994452,0.014541,0.834972,-0.149632,-0.149632,-8.5733,-8.5733,1,1,0.001223,0.00000150
1771742638.556379,10.240000,0.010000,0.001030,-0.062324,0.046254,2.6502,0.990500,0.018356,0.381535,-0.087029,-0.087029,-4.9864,-4.9864,1,1,0.001030,0.00000106
1771742638.566379,10.250000,0.010000,0.000864,-0.059038,0.047944,2.7470,0.986379,0.025185,0.682909,-0.185971,-0.185971,-10.6554,-10.6554,1,1,0.000864,0.00000075
1771742638.576379,10.260000,0.010000,0.000727,-0.055538,0.049602,2.8420,0.982590,0.030171,0.498526,-0.165298,-0.165298,-9.4709,-9.4709,1,1,0.000727,0.00000053
1771742638.586379,10.270000,0.010000,0.000620,-0.051862,0.051232,2.9354,0.979499,0.038023,0.785276,-0.223777,-0.223777,-12.8215,-12.8215,1,1,0.000620,0.00000038
1771742638.596379,10.280000,0.010000,0.000545,-0.048044,0.052841,3.0276,0.977376,0.041404,0.338051,-0.202327,-0.202327,-11.5925,-11.5925,1,1,0.000545,0.00000030
1771742638.606379,10.290000,0.010000,0.000502,-0.044114,0.054440,3.1192,0.976429,0.040871,-0.053271,-0.284111,-0.284111,-16.2783,-16.2783,1,1,0.000502,0.00000025
1771742638.616379,10.300000,0.010000,0.000492,-0.040101,0.056040,3.2108,0.976822,0.036915,-0.395678,-0.289132,-0.289132,-16.5661,-16.5661,1,1,0.000492,0.00000024
1771742638.626379,10.310000,0.010000,0.000517,-0.036028,0.057651,3.3032,0.978684,0.029962,-0.695284,-0.263987,-0.263987,-15.1253,-15.1253,1,1,0.000517,0.00000027
1771742638.636379,10.320000,0.010000,0.000575,-0.031920,0.059288,3.3970,0.982121,0.026599,-0.336300,-0.246067,-0.246067,-14.0986,-14.0986,1,1,0.000575,0.00000033
1771742638.646379,10.330000,0.010000,0.000668,-0.027797,0.060964,3.4930,0.987221,0.020165,-0.643328,-0.301839,-0.301839,-17.2941,-17.2941,1,1,0.000668,0.00000045
1771742638.656379,10.340000,0.010000,0.000806,-0.021108,0.062500,3.5810,0.947857,0.011046,-0.911978,-0.283159,-0.283159,-16.2238,-16.2238,1,1,0.000806,0.00000065
1771742638.666379,10.350000,0.010000,0.001004,-0.012836,0.063637,3.6461,0.881139,-0.000425,-1.147047,-0.258582,-0.258582,-14.8157,-14.8157,1,1,0.001004,0.00000101
1771742638.676379,10.360000,0.010000,0.001250,-0.008856,0.064497,3.6954,0.866013,-0.013952,-1.352732,-0.208542,-0.208542,-11.9486,-11.9486,1,1,0.001250,0.00000156
1771742638.686379,10.370000,0.010000,0.001531,-0.003867,0.065027,3.7258,0.796046,-0.023087,-0.913460,-0.131614,-0.131614,-7.5409,-7.5409,1,1,0.001531,0.00000234
1771742638.696379,10.380000,0.010000,0.001840,-0.001301,0.065325,3.7428,0.793238,-0.034570,-1.148343,-0.194619,-0.194619,-11.1509,-11.1509,1,1,0.001840,0.00000339
1771742638.706379,10.390000,0.010000,0.002164,0.000011,0.065236,3.7378,0.699514,-0.048109,-1.353866,-0.120266,-0.120266,-6.8908,-6.8908,1,1,0.002164,0.00000468
1771742638.716379,10.400000,0.010000,0.002488,0.000012,0.064802,3.7129,0.688687,-0.063446,-1.533699,-0.064655,-0.064655,-3.7045,-3.7045,1,1,0.002488,0.00000619
1771742638.726379,10.410000,0.010000,0.002810,0.000010,0.063870,3.6595,0.574647,-0.080356,-1.691052,-0.014845,-0.014845,-0.8506,-0.8506,1,1,0.002810,0.00000790
1771742638.736379,10.420000,0.010000,0.003126,0.000010,0.062506,3.5813,0.559902,-0.098644,-1.828736,0.003017,0.003017,0.1729,0.1729,1,1,0.003126,0.00000977
1771742638.746379,10.430000,0.010000,0.003440,0.000008,0.060595,3.4719,0.437981,-0.118136,-1.949210,0.042560,0.042560,2.4385,2.4385,1,1,0.003440,0.00001183
1771742638.756379,10.440000,0.010000,0.003747,0.000008,0.058289,3.3397,0.438969,-0.136367,-1.823134,0.056094,0.056094,3.2140,3.2140,1,1,0.003747,0.00001404
1771742638.766379,10.450000,0.010000,0.004054,0.000007,0.055624,3.1870,0.349880,-0.150080,-1.371250,0.071044,0.071044,4.0705,4.0705,1,1,0.004054,0.00001643
1771742638.776379,10.460000,0.010000,0.004355,0.000007,0.052638,3.0159,0.342744,-0.165569,-1.548910,0.065854,0.065854,3.7731,3.7731,1,1,0.004355,0.00001896
1771742638.786379,10.470000,0.010000,0.004654,0.000006,0.049289,2.8241,0.259824,-0.180268,-1.469873,0.064668,0.064668,3.7052,3.7052,1,1,0.004654,0.00002166
1771742638.796379,10.480000,0.010000,0.004946,-0.000692,0.045825,2.6256,0.297568,-0.190057,-0.978937,0.056491,0.056491,3.2367,3.2367,1,1,0.004946,0.00002447
1771742638.806379,10.490000,0.010000,0.005239,0.000005,0.042224,2.4193,0.232632,-0.195132,-0.507504,0.055830,0.055830,3.1989,3.1989,1,1,0.005239,0.00002744
1771742638.816379,10.500000,0.010000,0.005503,-0.006438,0.038940,2.2311,0.359790,-0.196082,-0.095000,0.064477,0.064477,3.6943,3.6943,1,1,0.005503,0.00003028
1771742638.826379,10.510000,0.010000,0.005771,0.000004,0.035281,2.0215,0.165709,-0.195899,0.018281,0.064663,0.064663,3.7049,3.7049,1,1,0.005771,0.00003331
1771742638.836379,10.520000,0.010000,0.005974,-0.020052,0.032445,1.8590,0.519163,-0.192248,0.365062,0.069895,0.069895,4.0047,4.0047,1,1,0.005974,0.00003569
1771742638.846379,10.530000,0.010000,0.006190,0.000002,0.028761,1.6479,0.028277,-0.185564,0.668495,0.089243,0.089243,5.1132,5.1132,1,1,0.006190,0.00003832
1771742638.856379,10.540000,0.010000,0.006371,-0.023452,0.025092,1.4377,0.429145,-0.176224,0.933999,0.074408,0.074408,4.2633,4.2633,1,1,0.006371,0.00004059
1771742638.866379,10.550000,0.010000,0.006454,-0.027151,0.022955,1.3152,0.471702,-0.164560,1.166315,0.054856,0.054856,3.1430,3.1430,1,1,0.006454,0.00004166
1771742638.876379,10.560000,0.010000,0.006497,-0.033597,0.021323,1.2217,0.558625,-0.150864,1.369592,0.002538,0.002538,0.1454,0.1454,1,1,0.006497,0.00004221
1771742638.886379,10.570000,0.010000,0.006508,-0.035624,0.020007,1.1463,0.564180,-0.135390,1.547458,-0.037050,-0.037050,-2.1228,-2.1228,1,1,0.006508,0.00004235
1771742638.896379,10.580000,0.010000,0.006456,-0.048612,0.019528,1.1188,0.761220,-0.118359,1.703092,-0.096509,-0.096509,-5.5295,-5.5295,1,1,0.006456,0.00004168
1771742638.906379,10.590000,0.010000,0.006400,-0.038965,0.018847,1.0798,0.556821,-0.099966,1.839271,-0.138802,-0.138802,-7.9528,-7.9528,1,1,0.006400,0.00004096
1771742638.916379,10.600000,0.010000,0.006317,-0.052787,0.018362,1.0521,0.767837,-0.080382,1.958428,-0.135466,-0.135466,-7.7616,-7.7616,1,1,0.006317,0.00003991
1771742638.926379,10.610000,0.010000,0.006147,-0.062325,0.019131,1.0961,0.901783,-0.063273,1.710909,-0.153385,-0.153385,-8.7883,-8.7883,1,1,0.006147,0.00003778
1771742638.936379,10.620000,0.010000,0.005948,-0.061198,0.020127,1.1532,0.848997,-0.048385,1.488792,-0.061756,-0.061756,-3.5384,-3.5384,1,1,0.005948,0.00003537
1771742638.946379,10.630000,0.010000,0.005720,-0.068680,0.021374,1.2246,0.952102,-0.034277,1.410774,-0.091270,-0.091270,-5.2294,-5.2294,1,1,0.005720,0.00003272
1771742638.956379,10.640000,0.010000,0.005446,-0.073761,0.023220,1.3304,1.015943,-0.021910,1.236759,-0.007289,-0.007289,-0.4176,-0.4176,1,1,0.005446,0.00002966
1771742638.966379,10.650000,0.010000,0.005154,-0.073955,0.025199,1.4438,0.997927,-0.010434,1.147557,0.021618,0.021618,1.2386,1.2386,1,1,0.005154,0.00002656
1771742638.976379,10.660000,0.010000,0.004847,-0.077286,0.027291,1.5636,1.041211,0.002026,1.245963,0.052792,0.052792,3.0248,3.0248,1,1,0.004847,0.00002349
1771742638.986379,10.670000,0.010000,0.004521,-0.079266,0.029619,1.6970,1.066067,0.011073,0.904779,0.129843,0.129843,7.4395,7.4395,1,1,0.004521,0.00002044
1771742638.996379,10.680000,0.010000,0.004188,-0.079946,0.032062,1.8370,1.077718,0.016546,0.547284,0.064407,0.064407,3.6903,3.6903,1,1,0.004188,0.00001754
1771742639.006379,10.690000,0.010000,0.003856,-0.079633,0.034541,1.9791,1.081043,0.017844,0.129807,-0.018516,-0.018516,-1.0609,-1.0609,1,1,0.003856,0.00001487
1771742639.016379,10.700000,0.010000,0.003535,-0.077357,0.036907,2.1146,1.050382,0.015489,-0.235484,-0.097981,-0.097981,-5.6139,-5.6139,1,1,0.003535,0.00001249
1771742639.026379,10.710000,0.010000,0.003231,-0.075366,0.039081,2.2392,1.031131,0.009938,-0.555115,-0.091302,-0.091302,-5.2312,-5.2312,1,1,0.003231,0.00001044
1771742639.036379,10.720000,0.010000,0.002958,-0.070055,0.040879,2.3422,0.958785,0.001590,-0.834791,-0.056827,-0.056827,-3.2559,-3.2559,1,1,0.002958,0.00000875
1771742639.046379,10.730000,0.010000,0.002707,-0.069458,0.042497,2.4349,0.976172,-0.009205,-1.079508,0.004229,0.004229,0.2423,0.2423,1,1,0.002707,0.00000733
1771742639.056379,10.740000,0.010000,0.002514,-0.056622,0.043344,2.4834,0.779567,-0.022141,-1.293636,0.021636,0.021636,1.2397,1.2397,1,1,0.002514,0.00000632
1771742639.066379,10.750000,0.010000,0.002354,-0.059775,0.043911,2.5159,0.872286,-0.029970,-0.782865,0.118480,0.118480,6.7884,6.7884,1,1,0.002354,0.00000554
1771742639.076379,10.760000,0.010000,0.002207,-0.054586,0.044556,2.5529,0.818017,-0.037632,-0.766259,0.030011,0.030011,1.7195,1.7195,1,1,0.002207,0.00000487
1771742639.086379,10.770000,0.010000,0.002072,-0.056495,0.045328,2.5971,0.893235,-0.040846,-0.321411,0.041632,0.041632,2.3854,2.3854,1,1,0.002072,0.00000429
1771742639.096379,10.780000,0.010000,0.001980,-0.045249,0.045685,2.6176,0.735301,-0.040168,0.067832,-0.063132,-0.063132,-3.6172,-3.6172,1,1,0.001980,0.00000392
1771742639.106379,10.790000,0.010000,0.001915,-0.048387,0.045934,2.6318,0.836533,-0.036084,0.408418,-0.163420,-0.163420,-9.3633,-9.3633,1,1,0.001915,0.00000367
1771742639.116379,10.800000,0.010000,0.001837,-0.049441,0.046789,2.6808,0.901376,-0.029020,0.706432,-0.263127,-0.263127,-15.0760,-15.0760,1,1,0.001837,0.00000337
1771742639.126379,10.810000,0.010000,0.001760,-0.048965,0.048023,2.7515,0.940797,-0.019348,0.967194,-0.290033,-0.290033,-16.6176,-16.6176,1,1,0.001760,0.00000310
1771742639.136379,10.820000,0.010000,0.001709,-0.043750,0.049212,2.8196,0.897900,-0.014375,0.497229,-0.275159,-0.275159,-15.7655,-15.7655,1,1,0.001709,0.00000292
1771742639.146379,10.830000,0.010000,0.001680,-0.043242,0.050442,2.8901,0.941683,-0.013515,0.086009,-0.310856,-0.310856,-17.8107,-17.8107,1,1,0.001680,0.00000282
1771742639.156379,10.840000,0.010000,0.001690,-0.034892,0.051423,2.9463,0.847035,-0.016253,-0.273808,-0.275562,-0.275562,-15.7886,-15.7886,1,1,0.001690,0.00000286
1771742639.166379,10.850000,0.010000,0.001729,-0.035292,0.052356,2.9998,0.910654,-0.021325,-0.507171,-0.214524,-0.214524,-12.2913,-12.2913,1,1,0.001729,0.00000299
1771742639.176379,10.860000,0.010000,0.001803,-0.027087,0.053133,3.0443,0.821123,-0.022272,-0.094709,-0.192682,-0.192682,-11.0399,-11.0399,1,1,0.001803,0.00000325
1771742639.186379,10.870000,0.010000,0.001903,-0.028122,0.053934,3.0902,0.897693,-0.019610,0.266196,-0.279024,-0.279024,-15.9869,-15.9869,1,1,0.001903,0.00000362
1771742639.196379,10.880000,0.010000,0.002009,-0.026305,0.055103,3.1572,0.923377,-0.013790,0.581987,-0.331695,-0.331695,-19.0047,-19.0047,1,1,0.002009,0.00000404
1771742639.206379,10.890000,0.010000,0.002140,-0.022458,0.056325,3.2272,0.913470,-0.008315,0.547520,-0.361881,-0.361881,-20.7343,-20.7343,1,1,0.002140,0.00000458
1771742639.216379,10.900000,0.010000,0.002287,-0.022130,0.057747,3.3087,0.967142,-0.002072,0.624343,-0.362737,-0.362737,-20.7833,-20.7833,1,1,0.002287,0.00000523
1771742639.226379,10.910000,0.010000,0.002473,-0.013607,0.058974,3.3789,0.874958,-0.000099,0.197234,-0.363476,-0.363476,-20.8257,-20.8257,1,1,0.002473,0.00000612
1771742639.236379,10.920000,0.010000,0.002686,-0.014492,0.060223,3.4505,0.951186,-0.001864,-0.176486,-0.345215,-0.345215,-19.7794,-19.7794,1,1,0.002686,0.00000722
1771742639.246379,10.930000,0.010000,0.002932,-0.006506,0.061180,3.5054,0.817466,-0.006899,-0.503491,-0.307429,-0.307429,-17.6144,-17.6144,1,1,0.002932,0.00000860
1771742639.256379,10.940000,0.010000,0.003193,-0.009150,0.062150,3.5609,0.924144,-0.014795,-0.789620,-0.277255,-0.277255,-15.8856,-15.8856,1,1,0.003193,0.00001019
1771742639.266379,10.950000,0.010000,0.003484,0.000013,0.062465,3.5790,0.677172,-0.025195,-1.039984,-0.243957,-0.243957,-13.9777,-13.9777,1,1,0.003484,0.00001214
1771742639.276379,10.960000,0.010000,0.003777,-0.006155,0.062656,3.5899,0.843609,-0.037786,-1.259052,-0.148136,-0.148136,-8.4876,-8.4876,1,1,0.003777,0.00001426
1771742639.286379,10.970000,0.010000,0.004075,0.000011,0.062292,3.5691,0.572311,-0.052293,-1.450736,-0.075081,-0.075081,-4.3018,-4.3018,1,1,0.004075,0.00001661
1771742639.296379,10.980000,0.010000,0.004349,-0.009076,0.061915,3.5475,0.785124,-0.068478,-1.618460,-0.061628,-0.061628,-3.5310,-3.5310,1,1,0.004349,0.00001891
1771742639.306379,10.990000,0.010000,0.004654,0.005698,0.060422,3.4620,0.342264,-0.084003,-1.552560,0.044725,0.044725,2.5625,2.5625,1,1,0.004654,0.00002166
1771742639.316379,11.000000,0.010000,0.004940,-0.008727,0.058700,3.3633,0.642627,-0.101079,-1.707556,0.007288,0.007288,0.4176,0.4176,1,1,0.004940,0.00002440
1771742639.326379,11.010000,0.010000,0.005222,0.001983,0.056440,3.2337,0.267830,-0.119511,-1.843177,0.071626,0.071626,4.1039,4.1039,1,1,0.005222,0.00002727
1771742639.336379,11.020000,0.010000,0.005462,-0.014807,0.054305,3.1114,0.599267,-0.139129,-1.961846,0.091166,0.091166,5.2234,5.2234,1,1,0.005462,0.00002984
1771742639.346379,11.030000,0.010000,0.005751,0.010424,0.050593,2.8988,-0.049201,-0.159786,-2.065681,0.096232,0.096232,5.5137,5.5137,1,1,0.005751,0.00003307
1771742639.356379,11.040000,0.010000,0.006014,-0.013513,0.046572,2.6684,0.397041,-0.181351,-2.156537,0.108389,0.108389,6.2102,6.2102,1,1,0.006014,0.00003617
1771742639.366379,11.050000,0.010000,0.006253,0.000002,0.042276,2.4222,-0.028245,-0.201834,-2.048295,0.044817,0.044817,2.5678,2.5678,1,1,0.006253,0.00003911
1771742639.376379,11.060000,0.010000,0.006427,-0.024392,0.038376,2.1988,0.408962,-0.216266,-1.443193,0.054703,0.054703,3.1342,3.1342,1,1,0.006427,0.00004131
1771742639.386379,11.070000,0.010000,0.006620,0.000001,0.033291,1.9074,-0.227736,-0.225403,-0.913728,0.030923,0.030923,1.7718,1.7718,1,1,0.006620,0.00004382
1771742639.396379,11.080000,0.010000,0.006759,-0.029509,0.028252,1.6187,0.285080,-0.229908,-0.450446,0.001767,0.001767,0.1012,0.1012,1,1,0.006759,0.00004569
1771742639.406379,11.090000,0.010000,0.006866,-0.013802,0.023640,1.3545,-0.012313,-0.230359,-0.045074,0.063161,0.063161,3.6189,3.6189,1,1,0.006866,0.00004714
1771742639.416379,11.100000,0.010000,0.006918,-0.039136,0.019773,1.1329,0.408425,-0.227262,0.309626,0.020819,0.020819,1.1928,1.1928,1,1,0.006918,0.00004787
1771742639.426379,11.110000,0.010000,0.006990,-0.013690,0.015304,0.8769,-0.075222,-0.221062,0.619988,0.112273,0.112273,6.4328,6.4328,1,1,0.006990,0.00004885
1771742639.436379,11.120000,0.010000,0.007032,-0.040775,0.011042,0.6326,0.363617,-0.212147,0.891556,0.011158,0.011158,0.6393,0.6393,1,1,0.007032,0.00004944
1771742639.446379,11.130000,0.010000,0.006970,-0.043431,0.008217,0.4708,0.361713,-0.200855,1.129177,0.115143,0.115143,6.5972,6.5972,1,1,0.006970,0.00004858
1771742639.456379,11.140000,0.010000,0.006839,-0.057175,0.006172,0.3536,0.551679,-0.187484,1.337096,0.112412,0.112412,6.4407,6.4407,1,1,0.006839,0.00004678
1771742639.466379,11.150000,0.010000,0.006696,-0.048586,0.003886,0.2226,0.344318,-0.172294,1.519025,0.150079,0.150079,8.5989,8.5989,1,1,0.006696,0.00004484
1771742639.476379,11.160000,0.010000,0.006502,-0.067262,0.002036,0.1167,0.617424,-0.155512,1.678212,0.115505,0.115505,6.6180,6.6180,1,1,0.006502,0.00004228
1771742639.486379,11.170000,0.010000,0.006219,-0.072982,0.001254,0.0718,0.658688,-0.137337,1.817502,0.074375,0.074375,4.2614,4.2614,1,1,0.006219,0.00003868
1771742639.496379,11.180000,0.010000,0.005867,-0.084420,0.001200,0.0687,0.802576,-0.117943,1.939380,0.101852,0.101852,5.8357,5.8357,1,1,0.005867,0.00003443
1771742639.506379,11.190000,0.010000,0.005517,-0.084093,0.001556,0.0892,0.849934,-0.097483,2.046023,0.117141,0.117141,6.7117,6.7117,1,1,0.005517,0.00003044
1771742639.516379,11.200000,0.010000,0.005170,-0.083396,0.002216,0.1270,0.881252,-0.081432,1.605070,0.106762,0.106762,6.1170,6.1170,1,1,0.005170,0.00002672
1771742639.526379,11.210000,0.010000,0.004824,-0.082822,0.003094,0.1773,0.903456,-0.070878,1.055370,0.073655,0.073655,4.2201,4.2201,1,1,0.004824,0.00002327
1771742639.536379,11.220000,0.010000,0.004481,-0.082340,0.004125,0.2363,0.918804,-0.058153,1.272515,0.086978,0.086978,4.9835,4.9835,1,1,0.004481,0.00002008
1771742639.546379,11.230000,0.010000,0.004140,-0.081927,0.005261,0.3014,0.928983,-0.048282,0.987148,0.103882,0.103882,5.9520,5.9520,1,1,0.004140,0.00001714
1771742639.556379,11.240000,0.010000,0.003800,-0.081564,0.006466,0.3704,0.935256,-0.036153,1.212820,0.118191,0.118191,6.7718,6.7718,1,1,0.003800,0.00001444
1771742639.566379,11.250000,0.010000,0.003461,-0.081239,0.007711,0.4418,0.938566,-0.029032,0.712152,0.141920,0.141920,8.1314,8.1314,1,1,0.003461,0.00001198
1771742639.576379,11.260000,0.010000,0.003124,-0.080943,0.008977,0.5143,0.939615,-0.019310,0.972199,0.144895,0.144895,8.3019,8.3019,1,1,0.003124,0.00000976
1771742639.586379,11.270000,0.010000,0.002788,-0.080666,0.010246,0.5871,0.938929,-0.007313,1.199740,0.161464,0.161464,9.2512,9.2512,1,1,0.002788,0.00000777
1771742639.596379,11.280000,0.010000,0.002453,-0.080405,0.011508,0.6593,0.936898,0.006676,1.398838,0.225216,0.225216,12.9039,12.9039,1,1,0.002453,0.00000602
1771742639.606379,11.290000,0.010000,0.002119,-0.080155,0.012751,0.7306,0.933814,0.020279,1.360366,0.301043,0.301043,17.2485,17.2485,1,1,0.002119,0.00000449
1771742639.616379,11.300000,0.010000,0.001786,-0.079914,0.013970,0.8004,0.929891,0.028692,0.841254,0.320255,0.320255,18.3492,18.3492,1,1,0.001786,0.00000319
1771742639.626379,11.310000,0.010000,0.001455,-0.079562,0.015151,0.8681,0.924663,0.037837,0.914506,0.262525,0.262525,15.0416,15.0416,1,1,0.001455,0.00000212
1771742639.636379,11.320000,0.010000,0.001128,-0.078982,0.016280,0.9328,0.917756,0.047750,0.991300,0.289390,0.289390,16.5808,16.5808,1,1,0.001128,0.00000127
1771742639.646379,11.330000,0.010000,0.000809,-0.077972,0.017334,0.9932,0.908454,0.055127,0.737647,0.310601,0.310601,17.7961,17.7961,1,1,0.000809,0.00000065
1771742639.656379,11.340000,0.010000,0.000500,-0.076607,0.018300,1.0485,0.897719,0.058090,0.296376,0.292688,0.292688,16.7698,16.7698,1,1,0.000500,0.00000025
1771742639.666379,11.350000,0.010000,0.000205,-0.074950,0.019172,1.0985,0.886235,0.061701,0.361100,0.232223,0.232223,13.3054,13.3054,1,1,0.000205,0.00000004
1771742639.676379,11.360000,0.010000,-0.000075,-0.073035,0.019945,1.1427,0.874372,0.066974,0.527253,0.241152,0.241152,13.8170,13.8170,1,1,0.000075,0.00000001
1771742639.686379,11.370000,0.010000,-0.000337,-0.070892,0.020617,1.1813,0.862383,0.073376,0.640215,0.267862,0.267862,15.3474,15.3474,1,1,0.000337,0.00000011
1771742639.696379,11.380000,0.010000,-0.000581,-0.068558,0.021191,1.2142,0.850537,0.081944,0.856806,0.284423,0.284423,16.2962,16.2962,1,1,0.000581,0.00000034
1771742639.706379,11.390000,0.010000,-0.000803,-0.066059,0.021668,1.2415,0.839027,0.089813,0.786893,0.302764,0.302764,17.3471,17.3471,1,1,0.000803,0.00000065
1771742639.716379,11.400000,0.010000,-0.001005,-0.063427,0.022053,1.2635,0.828020,0.098769,0.895643,0.288184,0.288184,16.5117,16.5117,1,1,0.001005,0.00000101
1771742639.726379,11.410000,0.010000,-0.001183,-0.060686,0.022350,1.2806,0.817629,0.110097,1.132753,0.279874,0.279874,16.0356,16.0356,1,1,0.001183,0.00000140
1771742639.736379,11.420000,0.010000,-0.001338,-0.057862,0.022565,1.2929,0.807960,0.123499,1.340225,0.272679,0.272679,15.6233,15.6233,1,1,0.001338,0.00000179
1771742639.746379,11.430000,0.010000,-0.001486,-0.056703,0.022995,1.3175,0.830151,0.138717,1.521763,0.236196,0.236196,13.5330,13.5330,1,1,0.001486,0.00000221
1771742639.756379,11.440000,0.010000,-0.001659,-0.059115,0.024256,1.3898,0.918623,0.154193,1.547600,0.184258,0.184258,10.5572,10.5572,1,1,0.001659,0.00000275
1771742639.766379,11.450000,0.010000,-0.001786,-0.053830,0.025092,1.4376,0.872403,0.171092,1.689968,0.066570,0.066570,3.8142,3.8142,1,1,0.001786,0.00000319
1771742639.776379,11.460000,0.010000,-0.002018,-0.064762,0.028238,1.6179,1.119778,0.188531,1.743854,-0.066806,-0.066806,-3.8277,-3.8277,1,1,0.002018,0.00000407
1771742639.786379,11.470000,0.010000,-0.002160,-0.054645,0.030236,1.7324,0.996315,0.201551,1.301967,-0.332844,-0.332844,-19.0705,-19.0705,1,1,0.002160,0.00000467
1771742639.796379,11.480000,0.010000,-0.002277,-0.051460,0.032284,1.8497,1.001547,0.209452,0.790156,-0.286400,-0.286400,-16.4095,-16.4095,1,1,0.002277,0.00000518
1771742639.806379,11.490000,0.010000,-0.002366,-0.048120,0.034393,1.9706,1.008149,0.213415,0.396253,-0.273535,-0.273535,-15.6724,-15.6724,1,1,0.002366,0.00000560
1771742639.816379,11.500000,0.010000,-0.002439,-0.045850,0.036778,2.1072,1.037905,0.220221,0.680592,-0.261183,-0.261183,-14.9647,-14.9647,1,1,0.002439,0.00000595
1771742639.826379,11.510000,0.010000,-0.002472,-0.041111,0.039064,2.2382,1.027728,0.228246,0.802529,-0.313076,-0.313076,-17.9379,-17.9379,1,1,0.002472,0.00000611
1771742639.836379,11.520000,0.010000,-0.002514,-0.041655,0.042164,2.4158,1.115770,0.237561,0.931481,-0.329874,-0.329874,-18.9004,-18.9004,1,1,0.002514,0.00000632
1771742639.846379,11.530000,0.010000,-0.002457,-0.030531,0.044179,2.5313,1.000129,0.243889,0.632790,-0.381665,-0.381665,-21.8678,-21.8678,1,1,0.002457,0.00000604
1771742639.856379,11.540000,0.010000,-0.002482,-0.038740,0.048352,2.7704,1.232794,0.248387,0.449814,-0.354800,-0.354800,-20.3285,-20.3285,1,1,0.002482,0.00000616
1771742639.866379,11.550000,0.010000,-0.002385,-0.025262,0.051125,2.9292,1.083915,0.251423,0.303649,-0.404547,-0.404547,-23.1789,-23.1789,1,1,0.002385,0.00000569
1771742639.876379,11.560000,0.010000,-0.002211,-0.016353,0.053289,3.0532,1.020180,0.250590,-0.083373,-0.395250,-0.395250,-22.6462,-22.6462,1,1,0.002211,0.00000489
1771742639.886379,11.570000,0.010000,-0.002033,-0.015527,0.056205,3.2203,1.102735,0.246369,-0.422017,-0.365904,-0.365904,-20.9647,-20.9647,1,1,0.002033,0.00000413
1771742639.896379,11.580000,0.010000,-0.001763,-0.005073,0.058293,3.3399,1.015886,0.239186,-0.718331,-0.367862,-0.367862,-21.0769,-21.0769,1,1,0.001763,0.00000311
1771742639.906379,11.590000,0.010000,-0.001434,-0.000398,0.059985,3.4369,0.987328,0.229410,-0.977605,-0.320166,-0.320166,-18.3441,-18.3441,1,1,0.001434,0.00000206
1771742639.916379,11.600000,0.010000,-0.001087,0.000003,0.061648,3.5322,0.999715,0.217365,-1.204470,-0.258978,-0.258978,-14.8383,-14.8383,1,1,0.001087,0.00000118
1771742639.926379,11.610000,0.010000,-0.000738,0.000004,0.063444,3.6350,1.016986,0.203336,-1.402977,-0.219659,-0.219659,-12.5855,-12.5855,1,1,0.000738,0.00000055
1771742639.936379,11.620000,0.010000,-0.000390,0.000006,0.065391,3.7466,1.035374,0.187569,-1.576671,-0.191177,-0.191177,-10.9536,-10.9536,1,1,0.000390,0.00000015
1771742639.946379,11.630000,0.010000,-0.000042,0.000007,0.067501,3.8675,1.054801,0.170282,-1.728653,-0.158095,-0.158095,-9.0582,-9.0582,1,1,0.000042,0.00000000
1771742639.956379,11.640000,0.010000,0.000306,0.000009,0.069780,3.9981,1.075217,0.151666,-1.861637,-0.156128,-0.156128,-8.9455,-8.9455,1,1,0.000306,0.00000009
1771742639.966379,11.650000,0.010000,0.000653,0.000011,0.072237,4.1389,1.096596,0.131886,-1.977998,-0.184903,-0.184903,-10.5941,-10.5941,1,1,0.000653,0.00000043
1771742639.976379,11.660000,0.010000,0.001001,0.000013,0.074879,4.2903,1.118924,0.111088,-2.079815,-0.204632,-0.204632,-11.7246,-11.7246,1,1,0.001001,0.00000100
1771742639.986379,11.670000,0.010000,0.001348,0.000015,0.077715,4.4528,1.142201,0.089399,-2.168904,-0.203222,-0.203222,-11.6438,-11.6438,1,1,0.001348,0.00000182
1771742639.996379,11.680000,0.010000,0.001695,0.000016,0.080497,4.6121,1.105024,0.066930,-2.246856,-0.194565,-0.194565,-11.1477,-11.1477,1,1,0.001695,0.00000287
1771742640.006379,11.690000,0.010000,0.002045,0.001260,0.082492,4.7264,0.940782,0.043780,-2.315065,-0.173268,-0.173268,-9.9276,-9.9276,1,1,0.002045,0.00000418
1771742640.016379,11.700000,0.010000,0.002386,0.000015,0.083916,4.8080,0.931469,0.020032,-2.374748,-0.137730,-0.137730,-7.8913,-7.8913,1,1,0.002386,0.00000569
1771742640.026379,11.710000,0.010000,0.002739,0.004506,0.084415,4.8366,0.712197,-0.004238,-2.426970,-0.081698,-0.081698,-4.6810,-4.6810,1,1,0.002739,0.00000750
1771742640.036379,11.720000,0.010000,0.003081,0.000015,0.084576,4.8459,0.804013,-0.028964,-2.472665,-0.071601,-0.071601,-4.1024,-4.1024,1,1,0.003081,0.00000949
1771742640.046379,11.730000,0.010000,0.003468,0.014655,0.083379,4.7773,0.399772,-0.054091,-2.512648,0.016344,0.016344,0.9365,0.9365,1,1,0.003468,0.00001202
1771742640.056379,11.740000,0.010000,0.003835,-0.000010,0.082107,4.7044,0.704822,-0.074787,-2.069600,-0.064925,-0.064925,-3.7200,-3.7200,1,1,0.003835,0.00001471
1771742640.066379,11.750000,0.010000,0.004231,0.018455,0.079881,4.5768,0.225596,-0.089405,-1.461834,-0.003686,-0.003686,-0.2112,-0.2112,1,1,0.004231,0.00001790
1771742640.076379,11.760000,0.010000,0.004601,-0.000700,0.077613,4.4469,0.599727,-0.098705,-0.930039,-0.016446,-0.016446,-0.9423,-0.9423,1,1,0.004601,0.00002117
1771742640.086379,11.770000,0.010000,0.004941,0.007796,0.075347,4.3171,0.294607,-0.105883,-0.717779,-0.101670,-0.101670,-5.8253,-5.8253,1,1,0.004941,0.00002442
1771742640.096379,11.780000,0.010000,0.005238,-0.007625,0.073471,4.2096,0.632172,-0.115654,-0.977123,-0.080467,-0.080467,-4.6104,-4.6104,1,1,0.005238,0.00002744
1771742640.106379,11.790000,0.010000,0.005587,0.017014,0.070210,4.0227,0.024205,-0.126777,-1.112224,-0.054925,-0.054925,-3.1470,-3.1470,1,1,0.005587,0.00003122
1771742640.116379,11.800000,0.010000,0.005920,-0.004701,0.066727,3.8232,0.460587,-0.136332,-0.955571,0.093767,0.093767,5.3725,5.3725,1,1,0.005920,0.00003505
1771742640.126379,11.810000,0.010000,0.006200,0.000006,0.063800,3.6555,0.238497,-0.143611,-0.727904,-0.005686,-0.005686,-0.3258,-0.3258,1,1,0.006200,0.00003844
1771742640.136379,11.820000,0.010000,0.006411,-0.018607,0.061654,3.5325,0.604162,-0.147319,-0.370713,0.022638,0.022638,1.2971,1.2971,1,1,0.006411,0.00004110
1771742640.146379,11.830000,0.010000,0.006665,0.006611,0.058087,3.3281,-0.034823,-0.147072,0.024692,-0.021629,-0.021629,-1.2393,-1.2393,1,1,0.006665,0.00004442
1771742640.156379,11.840000,0.010000,0.006891,-0.018138,0.054306,3.1115,0.428455,-0.143365,0.370671,0.079552,0.079552,4.5580,4.5580,1,1,0.006891,0.00004748
1771742640.166379,11.850000,0.010000,0.007040,-0.016567,0.052035,2.9814,0.416873,-0.136631,0.673403,-0.062927,-0.062927,-3.6055,-3.6055,1,1,0.007040,0.00004956
1771742640.176379,11.860000,0.010000,0.007160,-0.024721,0.050375,2.8863,0.572233,-0.127248,0.938294,-0.113679,-0.113679,-6.5133,-6.5133,1,1,0.007160,0.00005127
1771742640.186379,11.870000,0.010000,0.007309,-0.011132,0.048276,2.7660,0.340050,-0.119458,0.779032,-0.242588,-0.242588,-13.8993,-13.8993,1,1,0.007309,0.00005343
1771742640.196379,11.880000,0.010000,0.007427,-0.029739,0.046778,2.6802,0.672244,-0.109150,1.030719,-0.108739,-0.108739,-6.2303,-6.2303,1,1,0.007427,0.00005516
1771742640.206379,11.890000,0.010000,0.007542,-0.015333,0.045330,2.5972,0.417425,-0.097562,1.158812,-0.296558,-0.296558,-16.9915,-16.9915,1,1,0.007542,0.00005688
1771742640.216379,11.900000,0.010000,0.007631,-0.032857,0.044314,2.5390,0.723604,-0.090913,0.664894,-0.213726,-0.213726,-12.2456,-12.2456,1,1,0.007631,0.00005823
1771742640.226379,11.910000,0.010000,0.007728,-0.016676,0.043106,2.4698,0.432011,-0.088586,0.232717,-0.280585,-0.280585,-16.0763,-16.0763,1,1,0.007728,0.00005972
1771742640.236379,11.920000,0.010000,0.007806,-0.034238,0.042187,2.4171,0.733834,-0.084379,0.420768,-0.094621,-0.094621,-5.4214,-5.4214,1,1,0.007806,0.00006093
1771742640.246379,11.930000,0.010000,0.007862,-0.024947,0.041548,2.3805,0.558890,-0.077206,0.717237,-0.229961,-0.229961,-13.1758,-13.1758,1,1,0.007862,0.00006182
1771742640.256379,11.940000,0.010000,0.007885,-0.040302,0.041410,2.3726,0.817485,-0.068266,0.894008,-0.258718,-0.258718,-14.8234,-14.8234,1,1,0.007885,0.00006218
1771742640.266379,11.950000,0.010000,0.007900,-0.029618,0.041290,2.3657,0.615564,-0.056953,1.131323,-0.328913,-0.328913,-18.8453,-18.8453,1,1,0.007900,0.00006242
1771742640.276379,11.960000,0.010000,0.007891,-0.043953,0.041502,2.3779,0.855072,-0.050544,0.640842,-0.299766,-0.299766,-17.1753,-17.1753,1,1,0.007891,0.00006226
1771742640.286379,11.970000,0.010000,0.007864,-0.036371,0.041895,2.4004,0.707493,-0.041446,0.909802,-0.312596,-0.312596,-17.9105,-17.9105,1,1,0.007864,0.00006184
1771742640.296379,11.980000,0.010000,0.007810,-0.048864,0.042666,2.4446,0.915106,-0.036976,0.447011,-0.312665,-0.312665,-17.9144,-17.9144,1,1,0.007810,0.00006099
1771742640.306379,11.990000,0.010000,0.007780,-0.032790,0.042897,2.4578,0.620029,-0.036556,0.042069,-0.291107,-0.291107,-16.6792,-16.6792,1,1,0.007780,0.00006053
1771742640.316379,12.000000,0.010000,0.007746,-0.046831,0.043133,2.4713,0.857718,-0.039678,-0.312255,-0.173342,-0.173342,-9.9318,-9.9318,1,1,0.007746,0.00006000
1771742640.326379,12.010000,0.010000,0.007715,-0.034660,0.043223,2.4765,0.632913,-0.045901,-0.622289,-0.083001,-0.083001,-4.7556,-4.7556,1,1,0.007715,0.00005952
1771742640.336379,12.020000,0.010000,0.007667,-0.048353,0.043532,2.4942,0.865434,-0.054837,-0.893569,0.010370,0.010370,0.5942,0.5942,1,1,0.007667,0.00005879
1771742640.346379,12.030000,0.010000,0.007685,-0.021613,0.042612,2.4415,0.385393,-0.066146,-1.130939,0.011557,0.011557,0.6622,0.6622,1,1,0.007685,0.00005906
1771742640.356379,12.040000,0.010000,0.007716,-0.040017,0.041399,2.3720,0.701964,-0.079533,-1.338637,0.090555,0.090555,5.1884,5.1884,1,1,0.007716,0.00005954
1771742640.366379,12.050000,0.010000,0.007726,-0.030113,0.040473,2.3190,0.515973,-0.087755,-0.822242,0.028224,0.028224,1.6171,1.6171,1,1,0.007726,0.00005969
1771742640.376379,12.060000,0.010000,0.007702,-0.046125,0.040050,2.2947,0.785987,-0.098440,-1.068527,0.038100,0.038100,2.1830,2.1830,1,1,0.007702,0.00005931
1771742640.386379,12.070000,0.010000,0.007784,-0.007348,0.037618,2.1554,0.089493,-0.111281,-1.284027,0.023710,0.023710,1.3585,1.3585,1,1,0.007784,0.00006060
1771742640.396379,12.080000,0.010000,0.007897,-0.031675,0.034574,1.9810,0.504267,-0.126006,-1.472590,0.121976,0.121976,6.9887,6.9887,1,1,0.007897,0.00006236
1771742640.406379,12.090000,0.010000,0.007944,-0.027054,0.032501,1.8622,0.401368,-0.142382,-1.637582,0.055157,0.055157,3.1603,3.1603,1,1,0.007944,0.00006311
1771742640.416379,12.100000,0.010000,0.007990,-0.031032,0.030267,1.7342,0.447027,-0.160202,-1.781950,0.069848,0.069848,4.0020,4.0020,1,1,0.007990,0.00006384
1771742640.426379,12.110000,0.010000,0.008082,-0.016392,0.026990,1.5464,0.161413,-0.179260,-1.905790,0.062711,0.062711,3.5931,3.5931,1,1,0.008082,0.00006531
1771742640.436379,12.120000,0.010000,0.008123,-0.040007,0.024349,1.3951,0.544831,-0.193241,-1.398095,0.062997,0.062997,3.6095,3.6095,1,1,0.008123,0.00006598
1771742640.446379,12.130000,0.010000,0.008246,-0.000847,0.019806,1.1348,-0.217920,-0.201983,-0.874268,0.086942,0.086942,4.9814,4.9814,1,1,0.008246,0.00006800
1771742640.456379,12.140000,0.010000,0.008362,-0.032716,0.014922,0.8549,0.302318,-0.206142,-0.415918,0.051458,0.051458,2.9483,2.9483,1,1,0.008362,0.00006993
1771742640.466379,12.150000,0.010000,0.008349,-0.037894,0.011894,0.6815,0.340631,-0.206291,-0.014863,0.082748,0.082748,4.7411,4.7411,1,1,0.008349,0.00006971
1771742640.476379,12.160000,0.010000,0.008304,-0.040719,0.008955,0.5131,0.332885,-0.202930,0.336061,0.096291,0.096291,5.5171,5.5171,1,1,0.008304,0.00006895
1771742640.486379,12.170000,0.010000,0.008201,-0.051666,0.006521,0.3736,0.463748,-0.196499,0.643119,0.099088,0.099088,5.6773,5.6773,1,1,0.008201,0.00006726
1771742640.496379,12.180000,0.010000,0.008078,-0.047173,0.003910,0.2240,0.319367,-0.187381,0.911795,0.126540,0.126540,7.2502,7.2502,1,1,0.008078,0.00006525
1771742640.506379,12.190000,0.010000,0.007879,-0.068286,0.002075,0.1189,0.623401,-0.175912,1.146887,0.104403,0.104403,5.9819,5.9819,1,1,0.007879,0.00006207
1771742640.516379,12.200000,0.010000,0.007660,-0.055263,-0.000013,-0.0007,0.323214,-0.162387,1.352592,0.136465,0.136465,7.8189,7.8189,1,1,0.007660,0.00005868
1771742640.526379,12.210000,0.010000,0.007398,-0.075817,-0.001900,-0.1088,0.615204,-0.147061,1.532584,0.130782,0.130782,7.4933,7.4933,1,1,0.007398,0.00005473
1771742640.536379,12.220000,0.010000,0.007038,-0.086226,-0.002276,-0.1304,0.775687,-0.130160,1.690076,0.078591,0.078591,4.5030,4.5030,1,1,0.007038,0.00004954
1771742640.546379,12.230000,0.010000,0.006683,-0.085200,-0.002116,-0.1213,0.831816,-0.111881,1.827883,0.061914,0.061914,3.5474,3.5474,1,1,0.006683,0.00004467
1771742640.556379,12.240000,0.010000,0.006332,-0.084381,-0.001564,-0.0896,0.872820,-0.092396,1.948463,0.086184,0.086184,4.9380,4.9380,1,1,0.006332,0.00004009
1771742640.566379,12.250000,0.010000,0.005983,-0.083716,-0.000725,-0.0415,0.902470,-0.072972,1.942416,0.100177,0.100177,5.7397,5.7397,1,1,0.005983,0.00003580
1771742640.576379,12.260000,0.010000,0.005636,-0.083167,0.000320,0.0183,0.923588,-0.052983,1.998934,0.147920,0.147920,8.4752,8.4752,1,1,0.005636,0.00003177
1771742640.586379,12.270000,0.010000,0.005292,-0.082703,0.001511,0.0866,0.938287,-0.038983,1.400002,0.201079,0.201079,11.5210,11.5210,1,1,0.005292,0.00002800
1771742640.596379,12.280000,0.010000,0.004949,-0.082304,0.002803,0.1606,0.948147,-0.023767,1.521633,0.149334,0.149334,8.5562,8.5562,1,1,0.004949,0.00002449
1771742640.606379,12.290000,0.010000,0.004607,-0.081951,0.004162,0.2385,0.954351,-0.008759,1.500723,0.219432,0.219432,12.5725,12.5725,1,1,0.004607,0.00002123
1771742640.616379,12.300000,0.010000,0.004267,-0.081633,0.005561,0.3186,0.957783,0.004722,1.348096,0.269017,0.269017,15.4135,15.4135,1,1,0.004267,0.00001821
1771742640.626379,12.310000,0.010000,0.003928,-0.081341,0.006982,0.4001,0.959102,0.019949,1.522734,0.291036,0.291036,16.6751,16.6751,1,1,0.003928,0.00001543
1771742640.636379,12.320000,0.010000,0.003590,-0.081069,0.008410,0.4818,0.958801,0.030506,1.055679,0.338916,0.338916,19.4185,19.4185,1,1,0.003590,0.00001289
1771742640.646379,12.330000,0.010000,0.003253,-0.080810,0.009832,0.5633,0.957247,0.043234,1.272785,0.301212,0.301212,17.2582,17.2582,1,1,0.003253,0.00001059
1771742640.656379,12.340000,0.010000,0.002918,-0.080561,0.011241,0.6440,0.954714,0.054177,1.094357,0.336128,0.336128,19.2587,19.2587,1,1,0.002918,0.00000851
1771742640.666379,12.350000,0.010000,0.002583,-0.080319,0.012629,0.7236,0.951404,0.060262,0.608497,0.327583,0.327583,18.7691,18.7691,1,1,0.002583,0.00000667
1771742640.676379,12.360000,0.010000,0.002249,-0.080083,0.013990,0.8016,0.947469,0.062096,0.183369,0.265330,0.265330,15.2023,15.2023,1,1,0.002249,0.00000506
1771742640.686379,12.370000,0.010000,0.001917,-0.079851,0.015322,0.8779,0.943020,0.065107,0.301101,0.207010,0.207010,11.8608,11.8608,1,1,0.001917,0.00000367
1771742640.696379,12.380000,0.010000,0.001586,-0.079458,0.016610,0.9517,0.937258,0.069491,0.438377,0.223948,0.223948,12.8313,12.8313,1,1,0.001586,0.00000252
1771742640.706379,12.390000,0.010000,0.001261,-0.078797,0.017841,1.0222,0.929860,0.076817,0.732645,0.248273,0.248273,14.2250,14.2250,1,1,0.001261,0.00000159
1771742640.716379,12.400000,0.010000,0.000943,-0.077716,0.018995,1.0883,0.920376,0.086718,0.990131,0.299207,0.299207,17.1433,17.1433,1,1,0.000943,0.00000089
1771742640.726379,12.410000,0.010000,0.000637,-0.076290,0.020061,1.1494,0.909701,0.094545,0.782693,0.316506,0.316506,18.1344,18.1344,1,1,0.000637,0.00000041
1771742640.736379,12.420000,0.010000,0.000345,-0.074572,0.021034,1.2051,0.898410,0.104885,1.033922,0.292271,0.292271,16.7459,16.7459,1,1,0.000345,0.00000012
1771742640.746379,12.430000,0.010000,0.000069,-0.072598,0.021910,1.2553,0.886856,0.117422,1.253748,0.286902,0.286902,16.4383,16.4383,1,1,0.000069,0.00000000
1771742640.756379,12.440000,0.010000,-0.000190,-0.070393,0.022689,1.3000,0.875260,0.131883,1.446095,0.262742,0.262742,15.0540,15.0540,1,1,0.000190,0.00000004
1771742640.766379,12.450000,0.010000,-0.000428,-0.067992,0.023373,1.3392,0.863862,0.148027,1.614399,0.225021,0.225021,12.8927,12.8927,1,1,0.000428,0.00000018
1771742640.776379,12.460000,0.010000,-0.000705,-0.071730,0.025027,1.4339,0.966747,0.165644,1.761665,0.146779,0.146779,8.4098,8.4098,1,1,0.000705,0.00000050
1771742640.786379,12.470000,0.010000,-0.000938,-0.066702,0.026223,1.5025,0.916722,0.184549,1.890523,-0.078362,-0.078362,-4.4898,-4.4898,1,1,0.000938,0.00000088
1771742640.796379,12.480000,0.010000,-0.001247,-0.074258,0.029508,1.6907,1.139783,0.202428,1.787933,-0.219644,-0.219644,-12.5846,-12.5846,1,1,0.001247,0.00000156
1771742640.806379,12.490000,0.010000,-0.001474,-0.064931,0.031725,1.8177,1.024610,0.214582,1.215376,-0.371735,-0.371735,-21.2989,-21.2989,1,1,0.001474,0.00000217
1771742640.816379,12.500000,0.010000,-0.001689,-0.063341,0.034221,1.9607,1.054077,0.221726,0.714388,-0.324771,-0.324771,-18.6080,-18.6080,1,1,0.001689,0.00000285
1771742640.826379,12.510000,0.010000,-0.001845,-0.056379,0.036150,2.0713,0.992837,0.224486,0.276024,-0.321252,-0.321252,-18.4064,-18.4064,1,1,0.001845,0.00000340
1771742640.836379,12.520000,0.010000,-0.002041,-0.060322,0.039376,2.2561,1.131679,0.227459,0.297340,-0.254956,-0.254956,-14.6079,-14.6079,1,1,0.002041,0.00000417
1771742640.846379,12.530000,0.010000,-0.002143,-0.049688,0.041521,2.3790,1.015710,0.233552,0.609238,-0.343175,-0.343175,-19.6625,-19.6625,1,1,0.002143,0.00000459
1771742640.856379,12.540000,0.010000,-0.002290,-0.053963,0.045114,2.5848,1.171158,0.242373,0.882150,-0.316997,-0.316997,-18.1626,-18.1626,1,1,0.002290,0.00000524
1771742640.866379,12.550000,0.010000,-0.002330,-0.042048,0.047511,2.7222,1.043271,0.248611,0.623724,-0.395341,-0.395341,-22.6513,-22.6513,1,1,0.002330,0.00000543
1771742640.876379,12.560000,0.010000,-0.002392,-0.043685,0.051009,2.9226,1.162061,0.253397,0.478640,-0.372712,-0.372712,-21.3548,-21.3548,1,1,0.002392,0.00000572
1771742640.886379,12.570000,0.010000,-0.002346,-0.031656,0.053380,3.0585,1.042038,0.254565,0.116817,-0.395869,-0.395869,-22.6816,-22.6816,1,1,0.002346,0.00000550
1771742640.896379,12.580000,0.010000,-0.002287,-0.029687,0.056330,3.2274,1.105248,0.252097,-0.246851,-0.381471,-0.381471,-21.8567,-21.8567,1,1,0.002287,0.00000523
1771742640.906379,12.590000,0.010000,-0.002133,-0.018804,0.058405,3.3463,1.012842,0.246446,-0.565060,-0.374705,-0.374705,-21.4690,-21.4690,1,1,0.002133,0.00000455
1771742640.916379,12.600000,0.010000,-0.001923,-0.012355,0.060358,3.4583,1.001582,0.238011,-0.843494,-0.332765,-0.332765,-19.0660,-19.0660,1,1,0.001923,0.00000370
1771742640.926379,12.610000,0.010000,-0.001640,-0.004070,0.061875,3.5452,0.957034,0.227140,-1.087123,-0.293637,-0.293637,-16.8242,-16.8242,1,1,0.001640,0.00000269
1771742640.936379,12.620000,0.010000,-0.001310,-0.000421,0.063243,3.6235,0.953633,0.214137,-1.300298,-0.213205,-0.213205,-12.2157,-12.2157,1,1,0.001310,0.00000172
1771742640.946379,12.630000,0.010000,-0.000965,0.000004,0.064717,3.7080,0.978257,0.199269,-1.486827,-0.150373,-0.150373,-8.6157,-8.6157,1,1,0.000965,0.00000093
1771742640.956379,12.640000,0.010000,-0.000617,0.000005,0.066402,3.8046,1.004972,0.182768,-1.650039,-0.131038,-0.131038,-7.5079,-7.5079,1,1,0.000617,0.00000038
1771742640.966379,12.650000,0.010000,-0.000270,0.000007,0.068302,3.9134,1.030560,0.164840,-1.792850,-0.131152,-0.131152,-7.5144,-7.5144,1,1,0.000270,0.00000007
1771742640.976379,12.660000,0.010000,0.000078,0.000008,0.070410,4.0342,1.055518,0.145662,-1.917810,-0.146514,-0.146514,-8.3946,-8.3946,1,1,0.000078,0.00000001
1771742640.986379,12.670000,0.010000,0.000425,0.000010,0.072725,4.1668,1.080227,0.125390,-2.027149,-0.186340,-0.186340,-10.6765,-10.6765,1,1,0.000425,0.00000018
1771742640.996379,12.680000,0.010000,0.000773,0.000012,0.075245,4.3112,1.104980,0.104162,-2.122822,-0.206295,-0.206295,-11.8199,-11.8199,1,1,0.000773,0.00000060
1771742641.006379,12.690000,0.010000,0.001120,0.000014,0.077975,4.4676,1.130003,0.082097,-2.206535,-0.201126,-0.201126,-11.5237,-11.5237,1,1,0.001120,0.00000125
1771742641.016379,12.700000,0.010000,0.001468,0.000014,0.080534,4.6143,1.063704,0.059299,-2.279784,-0.190636,-0.190636,-10.9227,-10.9227,1,1,0.001468,0.00000215
1771742641.026379,12.710000,0.010000,0.001811,0.000013,0.082363,4.7190,0.936705,0.035860,-2.343877,-0.152516,-0.152516,-8.7385,-8.7385,1,1,0.001811,0.00000328
1771742641.036379,12.720000,0.010000,0.002147,0.000013,0.083519,4.7853,0.873102,0.011860,-2.399958,-0.120843,-0.120843,-6.9238,-6.9238,1,1,0.002147,0.00000461
1771742641.046379,12.730000,0.010000,0.002480,0.000012,0.083951,4.8101,0.746095,-0.012630,-2.449029,-0.044328,-0.044328,-2.5398,-2.5398,1,1,0.002480,0.00000615
1771742641.056379,12.740000,0.010000,0.002805,0.000011,0.083723,4.7970,0.686214,-0.037550,-2.491966,-0.043389,-0.043389,-2.4860,-2.4860,1,1,0.002805,0.00000787
1771742641.066379,12.750000,0.010000,0.003127,0.000010,0.082883,4.7488,0.584104,-0.059507,-2.195690,-0.015937,-0.015937,-0.9131,-0.9131,1,1,0.003127,0.00000978
1771742641.076379,12.760000,0.010000,0.003443,0.000010,0.081674,4.6796,0.575045,-0.075228,-1.572162,-0.051473,-0.051473,-2.9492,-2.9492,1,1,0.003443,0.00001186
1771742641.086379,12.770000,0.010000,0.003758,0.000010,0.080189,4.5945,0.513095,-0.085494,-1.026576,-0.086824,-0.086824,-4.9747,-4.9747,1,1,0.003758,0.00001412
1771742641.096379,12.780000,0.010000,0.004068,0.000011,0.078620,4.5046,0.540374,-0.091201,-0.570721,-0.130029,-0.130029,-7.4501,-7.4501,1,1,0.004068,0.00001655
1771742641.106379,12.790000,0.010000,0.004378,0.000009,0.076854,4.4034,0.468146,-0.098115,-0.691409,-0.162557,-0.162557,-9.3138,-9.3138,1,1,0.004378,0.00001917
1771742641.116379,12.800000,0.010000,0.004684,0.000010,0.074905,4.2917,0.480094,-0.107656,-0.954049,-0.130322,-0.130322,-7.4669,-7.4669,1,1,0.004684,0.00002194
1771742641.126379,12.810000,0.010000,0.004990,0.000008,0.072634,4.1616,0.390574,-0.119494,-1.183859,-0.083405,-0.083405,-4.7788,-4.7788,1,1,0.004990,0.00002490
1771742641.136379,12.820000,0.010000,0.005290,0.000010,0.070189,4.0216,0.419068,-0.129698,-1.020402,-0.039326,-0.039326,-2.2532,-2.2532,1,1,0.005290,0.00002798
1771742641.146379,12.830000,0.010000,0.005590,0.000008,0.067550,3.8703,0.346857,-0.137316,-0.761725,-0.027737,-0.027737,-1.5892,-1.5892,1,1,0.005590,0.00003125
1771742641.156379,12.840000,0.010000,0.005879,-0.001606,0.064991,3.7237,0.422544,-0.140490,-0.317443,-0.028638,-0.028638,-1.6409,-1.6409,1,1,0.005879,0.00003456
1771742641.166379,12.850000,0.010000,0.006170,0.000008,0.062355,3.5727,0.340718,-0.139777,0.071303,-0.062840,-0.062840,-3.6005,-3.6005,1,1,0.006170,0.00003807
1771742641.176379,12.860000,0.010000,0.006425,-0.009300,0.060280,3.4538,0.539628,-0.135662,0.411456,-0.071775,-0.071775,-4.1124,-4.1124,1,1,0.006425,0.00004128
1771742641.186379,12.870000,0.010000,0.006686,0.000007,0.057787,3.3110,0.276131,-0.128571,0.709090,-0.150564,-0.150564,-8.6267,-8.6267,1,1,0.006686,0.00004471
1771742641.196379,12.880000,0.010000,0.006896,-0.018722,0.055889,3.2022,0.630439,-0.118876,0.969520,-0.106400,-0.106400,-6.0963,-6.0963,1,1,0.006896,0.00004756
1771742641.206379,12.890000,0.010000,0.007121,0.000006,0.053719,3.0779,0.276219,-0.110451,0.842545,-0.306617,-0.306617,-17.5678,-17.5678,1,1,0.007121,0.00005071
1771742641.216379,12.900000,0.010000,0.007326,-0.019438,0.051846,2.9706,0.633274,-0.106569,0.388161,-0.143514,-0.143514,-8.2228,-8.2228,1,1,0.007326,0.00005367
1771742641.226379,12.910000,0.010000,0.007536,-0.002177,0.049932,2.8609,0.332041,-0.106663,-0.009425,-0.203234,-0.203234,-11.6445,-11.6445,1,1,0.007536,0.00005680
1771742641.236379,12.920000,0.010000,0.007726,-0.021231,0.048425,2.7746,0.672587,-0.110237,-0.357313,-0.037793,-0.037793,-2.1654,-2.1654,1,1,0.007726,0.00005969
1771742641.246379,12.930000,0.010000,0.007938,0.000006,0.046258,2.6504,0.236069,-0.112747,-0.251070,-0.015668,-0.015668,-0.8977,-0.8977,1,1,0.007938,0.00006301
1771742641.256379,12.940000,0.010000,0.008129,-0.021538,0.044188,2.5318,0.612200,-0.111454,0.129379,0.042191,0.042191,2.4174,2.4174,1,1,0.008129,0.00006608
1771742641.266379,12.950000,0.010000,0.008283,-0.012546,0.042696,2.4463,0.444279,-0.106831,0.462273,-0.074977,-0.074977,-4.2959,-4.2959,1,1,0.008283,0.00006861
1771742641.276379,12.960000,0.010000,0.008391,-0.030667,0.041917,2.4017,0.750431,-0.099295,0.753555,-0.122528,-0.122528,-7.0204,-7.0204,1,1,0.008391,0.00007041
1771742641.286379,12.970000,0.010000,0.008528,-0.008753,0.040507,2.3209,0.349261,-0.090463,0.883210,-0.280365,-0.280365,-16.0637,-16.0637,1,1,0.008528,0.00007272
1771742641.296379,12.980000,0.010000,0.008653,-0.029089,0.039162,2.2438,0.689692,-0.086226,0.423743,-0.144270,-0.144270,-8.2660,-8.2660,1,1,0.008653,0.00007488
1771742641.306379,12.990000,0.010000,0.008728,-0.024214,0.038514,2.2067,0.581804,-0.084419,0.180633,-0.216779,-0.216779,-12.4205,-12.4205,1,1,0.008728,0.00007619
1771742641.316379,13.000000,0.010000,0.008763,-0.037719,0.038401,2.2002,0.795748,-0.086329,-0.191012,-0.121675,-0.121675,-6.9715,-6.9715,1,1,0.008763,0.00007678
1771742641.326379,13.010000,0.010000,0.008859,-0.011510,0.036981,2.1189,0.310812,-0.088838,-0.250884,-0.038588,-0.038588,-2.2110,-2.2110,1,1,0.008859,0.00007848
1771742641.336379,13.020000,0.010000,0.008953,-0.033123,0.035417,2.0293,0.665905,-0.094524,-0.568590,0.045415,0.045415,2.6021,2.6021,1,1,0.008953,0.00008016
1771742641.346379,13.030000,0.010000,0.009008,-0.024573,0.034297,1.9651,0.485941,-0.100648,-0.612374,0.012684,0.012684,0.7267,0.7267,1,1,0.009008,0.00008114
1771742641.356379,13.040000,0.010000,0.009013,-0.043104,0.033804,1.9368,0.780239,-0.109497,-0.884893,0.029822,0.029822,1.7087,1.7087,1,1,0.009013,0.00008123
1771742641.366379,13.050000,0.010000,0.009104,-0.006937,0.031507,1.8052,0.112435,-0.113749,-0.425216,0.021366,0.021366,1.2242,1.2242,1,1,0.009104,0.00008288
1771742641.376379,13.060000,0.010000,0.009209,-0.032802,0.028720,1.6455,0.533620,-0.113979,-0.022998,0.109888,0.109888,6.2961,6.2961,1,1,0.009209,0.00008480
1771742641.386379,13.070000,0.010000,0.009167,-0.046350,0.028173,1.6142,0.730134,-0.110690,0.328943,0.019608,0.019608,1.1235,1.1235,1,1,0.009167,0.00008403
1771742641.396379,13.080000,0.010000,0.009153,-0.028136,0.026770,1.5338,0.367849,-0.106226,0.446407,-0.055327,-0.055327,-3.1700,-3.1700,1,1,0.009153,0.00008378
1771742641.406379,13.090000,0.010000,0.009111,-0.049310,0.025522,1.4623,0.697105,-0.105810,0.041540,0.012383,0.012383,0.7095,0.7095,1,1,0.009111,0.00008302
1771742641.416379,13.100000,0.010000,0.009045,-0.037408,0.024308,1.3927,0.442118,-0.108937,-0.312718,0.020462,0.020462,1.1724,1.1724,1,1,0.009045,0.00008182
1771742641.426379,13.110000,0.010000,0.008936,-0.057076,0.023485,1.3456,0.741573,-0.113354,-0.441655,0.074958,0.074958,4.2948,4.2948,1,1,0.008936,0.00007985
1771742641.436379,13.120000,0.010000,0.008865,-0.031468,0.021579,1.2364,0.244063,-0.120709,-0.735514,0.033394,0.033394,1.9133,1.9133,1,1,0.008865,0.00007858
1771742641.446379,13.130000,0.010000,0.008782,-0.054721,0.019502,1.1174,0.605620,-0.123654,-0.294509,0.100455,0.100455,5.7556,5.7556,1,1,0.008782,0.00007713
1771742641.456379,13.140000,0.010000,0.008616,-0.055377,0.018462,1.0578,0.565110,-0.122740,0.091370,0.044195,0.044195,2.5322,2.5322,1,1,0.008616,0.00007423
1771742641.466379,13.150000,0.010000,0.008397,-0.066990,0.017910,1.0262,0.717043,-0.118450,0.429015,0.060002,0.060002,3.4379,3.4379,1,1,0.008397,0.00007051
1771742641.476379,13.160000,0.010000,0.008179,-0.056858,0.016893,0.9679,0.486581,-0.111206,0.724454,0.020114,0.020114,1.1524,1.1524,1,1,0.008179,0.00006690
1771742641.486379,13.170000,0.010000,0.007921,-0.074638,0.016186,0.9274,0.748913,-0.101376,0.982963,0.015903,0.015903,0.9112,0.9112,1,1,0.007921,0.00006274
1771742641.496379,13.180000,0.010000,0.007605,-0.075616,0.016239,0.9305,0.739431,-0.089284,1.209159,-0.089982,-0.089982,-5.1556,-5.1556,1,1,0.007605,0.00005784
1771742641.506379,13.190000,0.010000,0.007252,-0.084842,0.016848,0.9653,0.887927,-0.075214,1.407080,-0.109579,-0.109579,-6.2784,-6.2784,1,1,0.007252,0.00005259
1771742641.516379,13.200000,0.010000,0.006918,-0.080250,0.017705,1.0144,0.878622,-0.063361,1.185273,-0.074973,-0.074973,-4.2956,-4.2956,1,1,0.006918,0.00004785
1771742641.526379,13.210000,0.010000,0.006585,-0.079879,0.018706,1.0718,0.893696,-0.056480,0.688048,-0.076876,-0.076876,-4.4047,-4.4047,1,1,0.006585,0.00004336
1771742641.536379,13.220000,0.010000,0.006244,-0.081654,0.019964,1.1438,0.941324,-0.047873,0.860788,-0.064430,-0.064430,-3.6916,-3.6916,1,1,0.006244,0.00003899
1771742641.546379,13.230000,0.010000,0.005911,-0.080095,0.021358,1.2237,0.945291,-0.039331,0.854181,-0.056560,-0.056560,-3.2407,-3.2407,1,1,0.005911,0.00003494
1771742641.556379,13.240000,0.010000,0.005568,-0.082134,0.023014,1.3186,0.996128,-0.028366,1.096474,-0.060874,-0.060874,-3.4878,-3.4878,1,1,0.005568,0.00003101
1771742641.566379,13.250000,0.010000,0.005231,-0.080849,0.024840,1.4232,1.006629,-0.020646,0.771995,-0.004282,-0.004282,-0.2453,-0.2453,1,1,0.005231,0.00002737
1771742641.576379,13.260000,0.010000,0.004893,-0.081137,0.026836,1.5376,1.031150,-0.010401,1.024562,-0.053834,-0.053834,-3.0845,-3.0845,1,1,0.004893,0.00002394
1771742641.586379,13.270000,0.010000,0.004557,-0.080684,0.028968,1.6598,1.045012,-0.003576,0.682445,0.030463,0.030463,1.7454,1.7454,1,1,0.004557,0.00002077
1771742641.596379,13.280000,0.010000,0.004223,-0.080278,0.031203,1.7878,1.055304,0.004371,0.794727,-0.043408,-0.043408,-2.4871,-2.4871,1,1,0.004223,0.00001783
1771742641.606379,13.290000,0.010000,0.003890,-0.079905,0.033515,1.9203,1.062933,0.007834,0.346320,0.000112,0.000112,0.0064,0.0064,1,1,0.003890,0.00001513
1771742641.616379,13.300000,0.010000,0.003567,-0.077487,0.035733,2.0473,1.031954,0.008843,0.100861,-0.085923,-0.085923,-4.9230,-4.9230,1,1,0.003567,0.00001272
1771742641.626379,13.310000,0.010000,0.003253,-0.077293,0.037891,2.1710,1.042662,0.006235,-0.260812,-0.105865,-0.105865,-6.0656,-6.0656,1,1,0.003253,0.00001058
1771742641.636379,13.320000,0.010000,0.002972,-0.070154,0.039629,2.2705,0.935628,0.000462,-0.577277,-0.086225,-0.086225,-4.9403,-4.9403,1,1,0.002972,0.00000883
1771742641.646379,13.330000,0.010000,0.002713,-0.071084,0.041176,2.3592,0.978313,-0.008080,-0.854183,-0.000827,-0.000827,-0.0474,-0.0474,1,1,0.002713,0.00000736
1771742641.656379,13.340000,0.010000,0.002490,-0.062346,0.042333,2.4255,0.852863,-0.016679,-0.859959,0.003477,0.003477,0.1992,0.1992,1,1,0.002490,0.00000620
1771742641.666379,13.350000,0.010000,0.002291,-0.064070,0.043336,2.4830,0.918603,-0.022648,-0.596887,0.057549,0.057549,3.2973,3.2973,1,1,0.002291,0.00000525
1771742641.676379,13.360000,0.010000,0.002114,-0.058041,0.044261,2.5360,0.848936,-0.026887,-0.423901,-0.011766,-0.011766,-0.6742,-0.6742,1,1,0.002114,0.00000447
1771742641.686379,13.370000,0.010000,0.001955,-0.059221,0.045208,2.5902,0.911466,-0.031135,-0.424831,-0.023502,-0.023502,-1.3465,-1.3465,1,1,0.001955,0.00000382
1771742641.696379,13.380000,0.010000,0.001831,-0.050460,0.045887,2.6291,0.798867,-0.031362,-0.022662,-0.051669,-0.051669,-2.9604,-2.9604,1,1,0.001831,0.00000335
1771742641.706379,13.390000,0.010000,0.001732,-0.052135,0.046506,2.6646,0.875543,-0.034171,-0.280905,-0.142222,-0.142222,-8.1487,-8.1487,1,1,0.001732,0.00000300
1771742641.716379,13.400000,0.010000,0.001648,-0.047689,0.047248,2.7071,0.844372,-0.033138,0.103274,-0.087246,-0.087246,-4.9988,-4.9988,1,1,0.001648,0.00000272
1771742641.726379,13.410000,0.010000,0.001583,-0.047351,0.048070,2.7542,0.888803,-0.034422,-0.128365,-0.208670,-0.208670,-11.9559,-11.9559,1,1,0.001583,0.00000251
1771742641.736379,13.420000,0.010000,0.001552,-0.040189,0.048721,2.7915,0.812764,-0.032055,0.236747,-0.162391,-0.162391,-9.3043,-9.3043,1,1,0.001552,0.00000241
1771742641.746379,13.430000,0.010000,0.001543,-0.041101,0.049411,2.8310,0.882828,-0.033474,-0.141913,-0.268388,-0.268388,-15.3775,-15.3775,1,1,0.001543,0.00000238
1771742641.756379,13.440000,0.010000,0.001580,-0.030103,0.049741,2.8500,0.740477,-0.038206,-0.473239,-0.193291,-0.193291,-11.0748,-11.0748,1,1,0.001580,0.00000250
1771742641.766379,13.450000,0.010000,0.001647,-0.032436,0.050002,2.8649,0.837367,-0.044208,-0.600237,-0.108123,-0.108123,-6.1950,-6.1950,1,1,0.001647,0.00000271
1771742641.776379,13.460000,0.010000,0.001743,-0.023991,0.050188,2.8756,0.740871,-0.045970,-0.176141,-0.098725,-0.098725,-5.6565,-5.6565,1,1,0.001743,0.00000304
1771742641.786379,13.470000,0.010000,0.001858,-0.026555,0.050474,2.8919,0.841095,-0.044020,0.194942,-0.194021,-0.194021,-11.1166,-11.1166,1,1,0.001858,0.00000345
1771742641.796379,13.480000,0.010000,0.001988,-0.021577,0.050950,2.9192,0.805517,-0.038824,0.519640,-0.293736,-0.293736,-16.8298,-16.8298,1,1,0.001988,0.00000395
1771742641.806379,13.490000,0.010000,0.002130,-0.023241,0.051663,2.9600,0.888424,-0.035442,0.338221,-0.347299,-0.347299,-19.8988,-19.8988,1,1,0.002130,0.00000454
1771742641.816379,13.500000,0.010000,0.002315,-0.011973,0.052037,2.9815,0.739602,-0.033949,0.149252,-0.327631,-0.327631,-18.7719,-18.7719,1,1,0.002315,0.00000536
1771742641.826379,13.510000,0.010000,0.002526,-0.015397,0.052397,3.0021,0.852601,-0.036134,-0.218471,-0.318721,-0.318721,-18.2613,-18.2613,1,1,0.002526,0.00000638
1771742641.836379,13.520000,0.010000,0.002760,-0.007414,0.052622,3.0150,0.727426,-0.041536,-0.540228,-0.255965,-0.255965,-14.6657,-14.6657,1,1,0.002760,0.00000762
1771742641.846379,13.530000,0.010000,0.003002,-0.011740,0.052964,3.0346,0.853186,-0.047250,-0.571367,-0.178846,-0.178846,-10.2471,-10.2471,1,1,0.003002,0.00000901
1771742641.856379,13.540000,0.010000,0.003280,0.000010,0.052611,3.0144,0.581636,-0.055740,-0.849012,-0.174106,-0.174106,-9.9756,-9.9756,1,1,0.003280,0.00001076
1771742641.866379,13.550000,0.010000,0.003561,-0.007925,0.052128,2.9867,0.767134,-0.066660,-1.091952,-0.089439,-0.089439,-5.1245,-5.1245,1,1,0.003561,0.00001268
1771742641.876379,13.560000,0.010000,0.003850,0.000010,0.051260,2.9370,0.521557,-0.079705,-1.304523,-0.014896,-0.014896,-0.8535,-0.8535,1,1,0.003850,0.00001482
1771742641.886379,13.570000,0.010000,0.004117,-0.009975,0.050471,2.8918,0.736314,-0.093903,-1.419830,-0.010721,-0.010721,-0.6142,-0.6142,1,1,0.004117,0.00001695
1771742641.896379,13.580000,0.010000,0.004393,0.000007,0.048907,2.8022,0.373962,-0.102836,-0.893285,0.076440,0.076440,4.3797,4.3797,1,1,0.004393,0.00001930
1771742641.906379,13.590000,0.010000,0.004637,-0.013694,0.047268,2.7083,0.646663,-0.107162,-0.432559,0.015788,0.015788,0.9046,0.9046,1,1,0.004637,0.00002150
1771742641.916379,13.600000,0.010000,0.004891,0.000007,0.045410,2.6018,0.371349,-0.114437,-0.727555,-0.015354,-0.015354,-0.8797,-0.8797,1,1,0.004891,0.00002393
1771742641.926379,13.610000,0.010000,0.005129,-0.014563,0.043792,2.5091,0.649718,-0.124294,-0.985676,0.028957,0.028957,1.6591,1.6591,1,1,0.005129,0.00002631
1771742641.936379,13.620000,0.010000,0.005378,0.000005,0.041327,2.3679,0.219421,-0.136409,-1.211533,0.070975,0.070975,4.0666,4.0666,1,1,0.005378,0.00002892
1771742641.946379,13.630000,0.010000,0.005592,-0.018303,0.038813,2.2238,0.554175,-0.150501,-1.409157,0.101624,0.101624,5.8226,5.8226,1,1,0.005592,0.00003127
1771742641.956379,13.640000,0.010000,0.005819,0.000003,0.035557,2.0373,0.103874,-0.166322,-1.582078,0.059062,0.059062,3.3840,3.3840,1,1,0.005819,0.00003386
1771742641.966379,13.650000,0.010000,0.006013,-0.021304,0.032352,1.8536,0.479747,-0.177527,-1.120547,0.086811,0.086811,4.9739,4.9739,1,1,0.006013,0.00003616
1771742641.976379,13.660000,0.010000,0.006223,0.000002,0.028722,1.6457,0.072912,-0.183841,-0.631413,0.054023,0.054023,3.0953,3.0953,1,1,0.006223,0.00003872
1771742641.986379,13.670000,0.010000,0.006408,-0.022642,0.025329,1.4513,0.458873,-0.185875,-0.203420,0.075787,0.075787,4.3423,4.3423,1,1,0.006408,0.00004107
1771742641.996379,13.680000,0.010000,0.006576,-0.008179,0.022083,1.2652,0.180712,-0.184165,0.171073,0.078773,0.078773,4.5134,4.5134,1,1,0.006576,0.00004324
1771742642.006379,13.690000,0.010000,0.006702,-0.029405,0.019345,1.1084,0.528072,-0.179177,0.498755,0.080945,0.080945,4.6378,4.6378,1,1,0.006702,0.00004492
1771742642.016379,13.700000,0.010000,0.006814,-0.015117,0.016586,0.9503,0.241453,-0.171322,0.785476,0.114157,0.114157,6.5407,6.5407,1,1,0.006814,0.00004642
1771742642.026379,13.710000,0.010000,0.006886,-0.035644,0.014210,0.8142,0.565843,-0.160959,1.036358,0.073175,0.073175,4.1926,4.1926,1,1,0.006886,0.00004742
1771742642.036379,13.720000,0.010000,0.006897,-0.033229,0.012565,0.7199,0.479236,-0.148400,1.255879,0.070790,0.070790,4.0560,4.0560,1,1,0.006897,0.00004757
1771742642.046379,13.730000,0.010000,0.006847,-0.049378,0.011619,0.6657,0.718099,-0.133920,1.447960,-0.002726,-0.002726,-0.1562,-0.1562,1,1,0.006847,0.00004688
1771742642.056379,13.740000,0.010000,0.006772,-0.041845,0.010707,0.6135,0.536442,-0.117760,1.616031,-0.054213,-0.054213,-3.1062,-3.1062,1,1,0.006772,0.00004586
1771742642.066379,13.750000,0.010000,0.006658,-0.056790,0.010088,0.5780,0.752029,-0.100129,1.763093,-0.068478,-0.068478,-3.9235,-3.9235,1,1,0.006658,0.00004433
1771742642.076379,13.760000,0.010000,0.006448,-0.067310,0.010744,0.6156,0.888051,-0.081211,1.891772,-0.106796,-0.106796,-6.1190,-6.1190,1,1,0.006448,0.00004157
1771742642.086379,13.770000,0.010000,0.006210,-0.065015,0.011484,0.6580,0.799610,-0.063677,1.753418,0.011734,0.011734,0.6723,0.6723,1,1,0.006210,0.00003856
1771742642.096379,13.780000,0.010000,0.005940,-0.074050,0.012405,0.7108,0.915232,-0.044866,1.881102,-0.044912,-0.044912,-2.5733,-2.5733,1,1,0.005940,0.00003529
1771742642.106379,13.790000,0.010000,0.005613,-0.080401,0.013993,0.8018,0.986036,-0.031897,1.296899,0.120020,0.120020,6.8766,6.8766,1,1,0.005613,0.00003151
1771742642.116379,13.800000,0.010000,0.005273,-0.081694,0.015825,0.9067,1.011432,-0.018437,1.346051,0.096407,0.096407,5.5237,5.5237,1,1,0.005273,0.00002780
1771742642.126379,13.810000,0.010000,0.004934,-0.081306,0.017751,1.0170,1.020739,-0.006286,1.215122,0.152220,0.152220,8.7216,8.7216,1,1,0.004934,0.00002434
1771742642.136379,13.820000,0.010000,0.004597,-0.080953,0.019744,1.1312,1.027243,0.004618,1.090381,0.163395,0.163395,9.3619,9.3619,1,1,0.004597,0.00002113
1771742642.146379,13.830000,0.010000,0.004261,-0.080626,0.021784,1.2481,1.031640,0.017650,1.303149,0.168516,0.168516,9.6552,9.6552,1,1,0.004261,0.00001815
1771742642.156379,13.840000,0.010000,0.003926,-0.080318,0.023858,1.3670,1.034452,0.025562,0.791190,0.236648,0.236648,13.5590,13.5590,1,1,0.003926,0.00001541
1771742642.166379,13.850000,0.010000,0.003593,-0.080024,0.025954,1.4871,1.036068,0.031215,0.565358,0.148347,0.148347,8.4996,8.4996,1,1,0.003593,0.00001291
1771742642.176379,13.860000,0.010000,0.003260,-0.079739,0.028064,1.6080,1.036780,0.032671,0.145622,0.098014,0.098014,5.6158,5.6158,1,1,0.003260,0.00001063
1771742642.186379,13.870000,0.010000,0.002931,-0.079300,0.030174,1.7288,1.035942,0.030455,-0.221646,0.015415,0.015415,0.8832,0.8832,1,1,0.002931,0.00000859
1771742642.196379,13.880000,0.010000,0.002607,-0.078471,0.032260,1.8484,1.032643,0.025025,-0.543006,-0.006130,-0.006130,-0.3512,-0.3512,1,1,0.002607,0.00000680
1771742642.206379,13.890000,0.010000,0.002293,-0.077127,0.034300,1.9652,1.026824,0.016783,-0.824196,-0.019819,-0.019819,-1.1356,-1.1356,1,1,0.002293,0.00000526
1771742642.216379,13.900000,0.010000,0.001994,-0.075373,0.036280,2.0787,1.019700,0.013062,-0.372106,0.011402,0.011402,0.6533,0.6533,1,1,0.001994,0.00000398
1771742642.226379,13.910000,0.010000,0.001712,-0.073242,0.038195,2.1884,1.011823,0.006315,-0.674659,-0.037126,-0.037126,-2.1272,-2.1272,1,1,0.001712,0.00000293
1771742642.236379,13.920000,0.010000,0.001449,-0.070782,0.040041,2.2942,1.003713,0.003903,-0.241260,-0.009743,-0.009743,-0.5582,-0.5582,1,1,0.001449,0.00000210
1771742642.246379,13.930000,0.010000,0.001209,-0.068031,0.041819,2.3961,0.995741,0.005282,0.137963,-0.082808,-0.082808,-4.7446,-4.7446,1,1,0.001209,0.00000146
1771742642.256379,13.940000,0.010000,0.000994,-0.065023,0.043532,2.4942,0.988190,0.009980,0.469783,-0.145660,-0.145660,-8.3457,-8.3457,1,1,0.000994,0.00000099
1771742642.266379,13.950000,0.010000,0.000805,-0.061790,0.045186,2.5890,0.981292,0.017581,0.760126,-0.159958,-0.159958,-9.1649,-9.1649,1,1,0.000805,0.00000065
1771742642.276379,13.960000,0.010000,0.000644,-0.058361,0.046786,2.6807,0.975232,0.027723,1.014176,-0.119216,-0.119216,-6.8305,-6.8305,1,1,0.000644,0.00000042
1771742642.286379,13.970000,0.010000,0.000513,-0.054766,0.048343,2.7698,0.970172,0.040088,1.236470,-0.073635,-0.073635,-4.2190,-4.2190,1,1,0.000513,0.00000026
1771742642.296379,13.980000,0.010000,0.000413,-0.051030,0.049863,2.8570,0.966250,0.053620,1.353237,-0.038905,-0.038905,-2.2291,-2.2291,1,1,0.000413,0.00000017
1771742642.306379,13.990000,0.010000,0.000345,-0.047182,0.051359,2.9426,0.963588,0.061970,0.835016,-0.063435,-0.063435,-3.6346,-3.6346,1,1,0.000345,0.00000012
1771742642.316379,14.000000,0.010000,0.000309,-0.043247,0.052841,3.0275,0.962293,0.065786,0.381573,-0.208998,-0.208998,-11.9747,-11.9747,1,1,0.000309,0.00000010
1771742642.326379,14.010000,0.010000,0.000307,-0.039247,0.054321,3.1123,0.962463,0.065634,-0.015189,-0.285939,-0.285939,-16.3831,-16.3831,1,1,0.000307,0.00000009
1771742642.336379,14.020000,0.010000,0.000338,-0.035207,0.055812,3.1978,0.964180,0.062011,-0.362356,-0.302491,-0.302491,-17.3314,-17.3314,1,1,0.000338,0.00000011
1771742642.346379,14.030000,0.010000,0.000403,-0.031147,0.057327,3.2846,0.967518,0.055685,-0.632608,-0.277461,-0.277461,-15.8973,-15.8973,1,1,0.000403,0.00000016
1771742642.356379,14.040000,0.010000,0.000502,-0.027088,0.058880,3.3736,0.972542,0.046659,-0.902598,-0.266394,-0.266394,-15.2633,-15.2633,1,1,0.000502,0.00000025
1771742642.366379,14.050000,0.010000,0.000635,-0.023047,0.060486,3.4656,0.979304,0.039608,-0.705024,-0.252288,-0.252288,-14.4550,-14.4550,1,1,0.000635,0.00000040
1771742642.376379,14.060000,0.010000,0.000801,-0.019040,0.062160,3.5615,0.987850,0.029949,-0.965962,-0.286998,-0.286998,-16.4438,-16.4438,1,1,0.000801,0.00000064
1771742642.386379,14.070000,0.010000,0.001000,-0.015081,0.063916,3.6621,0.998211,0.018006,-1.194283,-0.273359,-0.273359,-15.6623,-15.6623,1,1,0.001000,0.00000100
1771742642.396379,14.080000,0.010000,0.001257,-0.005178,0.065040,3.7265,0.834933,0.004065,-1.394063,-0.256639,-0.256639,-14.7043,-14.7043,1,1,0.001257,0.00000158
1771742642.406379,14.090000,0.010000,0.001546,-0.005513,0.065958,3.7791,0.913851,-0.011345,-1.541011,-0.172853,-0.172853,-9.9037,-9.9037,1,1,0.001546,0.00000239
1771742642.416379,14.100000,0.010000,0.001858,0.000011,0.066435,3.8065,0.740696,-0.021338,-0.999319,-0.128345,-0.128345,-7.3536,-7.3536,1,1,0.001858,0.00000345
1771742642.426379,14.110000,0.010000,0.002175,-0.002351,0.066845,3.8299,0.860675,-0.026591,-0.525338,-0.178293,-0.178293,-10.2154,-10.2154,1,1,0.002175,0.00000473
1771742642.436379,14.120000,0.010000,0.002497,0.000012,0.067129,3.8462,0.730020,-0.031197,-0.460549,-0.261629,-0.261629,-14.9902,-14.9902,1,1,0.002497,0.00000623
1771742642.446379,14.130000,0.010000,0.002815,-0.001333,0.067395,3.8614,0.827138,-0.038717,-0.752046,-0.274510,-0.274510,-15.7283,-15.7283,1,1,0.002815,0.00000793
1771742642.456379,14.140000,0.010000,0.003141,0.000926,0.067149,3.8473,0.622336,-0.048788,-1.007106,-0.212925,-0.212925,-12.1997,-12.1997,1,1,0.003141,0.00000986
1771742642.466379,14.150000,0.010000,0.003441,-0.004856,0.066936,3.8352,0.792200,-0.061091,-1.230284,-0.132267,-0.132267,-7.5783,-7.5783,1,1,0.003441,0.00001184
1771742642.476379,14.160000,0.010000,0.003779,0.008257,0.065627,3.7602,0.388529,-0.075347,-1.425564,-0.041113,-0.041113,-2.3556,-2.3556,1,1,0.003779,0.00001428
1771742642.486379,14.170000,0.010000,0.004101,-0.003837,0.064117,3.6736,0.663365,-0.091311,-1.596435,-0.042959,-0.042959,-2.4614,-2.4614,1,1,0.004101,0.00001682
1771742642.496379,14.180000,0.010000,0.004428,0.006634,0.062041,3.5547,0.302355,-0.108771,-1.745946,0.027660,0.027660,1.5848,1.5848,1,1,0.004428,0.00001961
1771742642.506379,14.190000,0.010000,0.004720,-0.008189,0.060060,3.4412,0.614416,-0.127538,-1.876769,0.040217,0.040217,2.3043,2.3043,1,1,0.004720,0.00002227
1771742642.516379,14.200000,0.010000,0.005055,0.014296,0.056690,3.2481,0.026489,-0.145766,-1.822756,0.108050,0.108050,6.1908,6.1908,1,1,0.005055,0.00002556
1771742642.526379,14.210000,0.010000,0.005370,-0.006890,0.053066,3.0405,0.438954,-0.159625,-1.385915,0.119041,0.119041,6.8206,6.8206,1,1,0.005370,0.00002883
1771742642.536379,14.220000,0.010000,0.005641,0.000004,0.049757,2.8509,0.179063,-0.168261,-0.863610,0.071149,0.071149,4.0765,4.0765,1,1,0.005641,0.00003182
1771742642.546379,14.230000,0.010000,0.005848,-0.019269,0.047086,2.6978,0.541106,-0.172327,-0.406593,0.086168,0.086168,4.9371,4.9371,1,1,0.005848,0.00003420
1771742642.556379,14.240000,0.010000,0.006070,0.000002,0.043371,2.4850,-0.003614,-0.173073,-0.074570,0.059146,0.059146,3.3888,3.3888,1,1,0.006070,0.00003685
1771742642.566379,14.250000,0.010000,0.006250,-0.023562,0.039595,2.2686,0.421972,-0.177216,-0.414314,0.087253,0.087253,4.9992,4.9992,1,1,0.006250,0.00003906
1771742642.576379,14.260000,0.010000,0.006427,-0.004641,0.035862,2.0547,0.087589,-0.184332,-0.711591,0.069703,0.069703,3.9937,3.9937,1,1,0.006427,0.00004131
1771742642.586379,14.270000,0.010000,0.006575,-0.027123,0.032631,1.8696,0.479300,-0.187906,-0.357415,0.070520,0.070520,4.0405,4.0405,1,1,0.006575,0.00004323
1771742642.596379,14.280000,0.010000,0.006747,-0.002567,0.028778,1.6489,0.012258,-0.187543,0.036328,0.063157,0.063157,3.6186,3.6186,1,1,0.006747,0.00004553
1771742642.606379,14.290000,0.010000,0.006899,-0.027124,0.025078,1.4369,0.427712,-0.183734,0.380853,0.074580,0.074580,4.2731,4.2731,1,1,0.006899,0.00004760
1771742642.616379,14.300000,0.010000,0.006984,-0.022546,0.022332,1.2795,0.319897,-0.176911,0.682312,0.078846,0.078846,4.5175,4.5175,1,1,0.006984,0.00004878
1771742642.626379,14.310000,0.010000,0.007004,-0.041678,0.020495,1.1743,0.626085,-0.167450,0.946089,0.072827,0.072827,4.1727,4.1727,1,1,0.007004,0.00004906
1771742642.636379,14.320000,0.010000,0.007052,-0.018984,0.017861,1.0234,0.189789,-0.155681,1.176894,0.064387,0.064387,3.6891,3.6891,1,1,0.007052,0.00004973
1771742642.646379,14.330000,0.010000,0.007084,-0.040811,0.015207,0.8713,0.537153,-0.141893,1.378848,0.053896,0.053896,3.0880,3.0880,1,1,0.007084,0.00005018
1771742642.656379,14.340000,0.010000,0.006977,-0.055996,0.014645,0.8391,0.760729,-0.126337,1.555558,-0.048729,-0.048729,-2.7919,-2.7919,1,1,0.006977,0.00004868
1771742642.666379,14.350000,0.010000,0.006868,-0.043746,0.013736,0.7870,0.498925,-0.109235,1.710179,-0.085515,-0.085515,-4.8997,-4.8997,1,1,0.006868,0.00004716
1771742642.676379,14.360000,0.010000,0.006732,-0.059478,0.012921,0.7403,0.732213,-0.090781,1.845472,-0.058999,-0.058999,-3.3804,-3.3804,1,1,0.006732,0.00004532
1771742642.686379,14.370000,0.010000,0.006497,-0.070446,0.013489,0.7728,0.879756,-0.072040,1.874078,-0.125856,-0.125856,-7.2110,-7.2110,1,1,0.006497,0.00004221
1771742642.696379,14.380000,0.010000,0.006204,-0.074848,0.014683,0.8413,0.913179,-0.052151,1.988884,-0.010504,-0.010504,-0.6019,-0.6019,1,1,0.006204,0.00003849
1771742642.706379,14.390000,0.010000,0.005868,-0.081605,0.016313,0.9347,0.992176,-0.036919,1.523177,0.094065,0.094065,5.3895,5.3895,1,1,0.005868,0.00003443
1771742642.716379,14.400000,0.010000,0.005527,-0.081835,0.018165,1.0408,1.015351,-0.023489,1.342996,0.095468,0.095468,5.4699,5.4699,1,1,0.005527,0.00003054
1771742642.726379,14.410000,0.010000,0.005187,-0.081397,0.020147,1.1543,1.028509,-0.012659,1.083073,0.109767,0.109767,6.2892,6.2892,1,1,0.005187,0.00002691
1771742642.736379,14.420000,0.010000,0.004850,-0.081005,0.022224,1.2733,1.038079,-0.001754,1.090477,0.084335,0.084335,4.8320,4.8320,1,1,0.004850,0.00002352
1771742642.746379,14.430000,0.010000,0.004514,-0.080647,0.024371,1.3964,1.044962,0.008321,1.007497,0.118523,0.118523,6.7909,6.7909,1,1,0.004514,0.00002037
1771742642.756379,14.440000,0.010000,0.004179,-0.080315,0.026571,1.5224,1.049833,0.016384,0.806323,0.122378,0.122378,7.0118,7.0118,1,1,0.004179,0.00001746
1771742642.766379,14.450000,0.010000,0.003846,-0.080000,0.028808,1.6506,1.053198,0.022385,0.600034,0.087424,0.087424,5.0090,5.0090,1,1,0.003846,0.00001479
1771742642.776379,14.460000,0.010000,0.003514,-0.079697,0.031072,1.7803,1.055434,0.026324,0.393892,0.044804,0.044804,2.5671,2.5671,1,1,0.003514,0.00001234
1771742642.786379,14.470000,0.010000,0.003184,-0.079233,0.033348,1.9107,1.055902,0.026280,-0.004410,0.006408,0.006408,0.3671,0.3671,1,1,0.003184,0.00001014
1771742642.796379,14.480000,0.010000,0.002861,-0.078326,0.035608,2.0402,1.053523,0.022750,-0.352925,-0.054446,-0.054446,-3.1196,-3.1196,1,1,0.002861,0.00000819
1771742642.806379,14.490000,0.010000,0.002550,-0.076886,0.037829,2.1674,1.048521,0.016172,-0.657875,-0.058203,-0.058203,-3.3348,-3.3348,1,1,0.002550,0.00000650
1771742642.816379,14.500000,0.010000,0.002260,-0.073349,0.039872,2.2845,1.012275,0.006925,-0.924706,-0.040733,-0.040733,-2.3338,-2.3338,1,1,0.002260,0.00000511
1771742642.826379,14.510000,0.010000,0.001991,-0.071693,0.041800,2.3950,1.015739,0.002324,-0.460052,0.000490,0.000490,0.0281,0.0281,1,1,0.001991,0.00000396
1771742642.836379,14.520000,0.010000,0.001746,-0.068021,0.043617,2.4991,0.988586,0.001789,-0.053480,-0.068012,-0.068012,-3.8968,-3.8968,1,1,0.001746,0.00000305
1771742642.846379,14.530000,0.010000,0.001525,-0.065942,0.045364,2.5991,0.995130,0.004812,0.302271,-0.148790,-0.148790,-8.5250,-8.5250,1,1,0.001525,0.00000232
1771742642.856379,14.540000,0.010000,0.001324,-0.063343,0.047134,2.7006,0.997125,0.010947,0.613553,-0.200829,-0.200829,-11.5067,-11.5067,1,1,0.001324,0.00000175
1771742642.866379,14.550000,0.010000,0.001147,-0.060357,0.048905,2.8020,0.996820,0.019807,0.885925,-0.183684,-0.183684,-10.5243,-10.5243,1,1,0.001147,0.00000132
1771742642.876379,14.560000,0.010000,0.000998,-0.057067,0.050666,2.9029,0.995436,0.031049,1.124250,-0.141826,-0.141826,-8.1260,-8.1260,1,1,0.000998,0.00000100
1771742642.886379,14.570000,0.010000,0.000877,-0.053533,0.052412,3.0030,0.993812,0.042465,1.141612,-0.109850,-0.109850,-6.2940,-6.2940,1,1,0.000877,0.00000077
1771742642.896379,14.580000,0.010000,0.000787,-0.049806,0.054147,3.1024,0.992533,0.048964,0.649845,-0.148637,-0.148637,-8.5163,-8.5163,1,1,0.000787,0.00000062
1771742642.906379,14.590000,0.010000,0.000729,-0.045926,0.055876,3.2015,0.992014,0.051159,0.219548,-0.266305,-0.266305,-15.2582,-15.2582,1,1,0.000729,0.00000053
1771742642.916379,14.600000,0.010000,0.000705,-0.041927,0.057606,3.3006,0.992556,0.049590,-0.156961,-0.318357,-0.318357,-18.2405,-18.2405,1,1,0.000705,0.00000050
1771742642.926379,14.610000,0.010000,0.000714,-0.037841,0.059349,3.4005,0.994385,0.044726,-0.486407,-0.296363,-0.296363,-16.9803,-16.9803,1,1,0.000714,0.00000051
1771742642.936379,14.620000,0.010000,0.000758,-0.033693,0.061116,3.5017,0.997670,0.036979,-0.774672,-0.276116,-0.276116,-15.8203,-15.8203,1,1,0.000758,0.00000057
1771742642.946379,14.630000,0.010000,0.000836,-0.029507,0.062920,3.6051,1.002544,0.027265,-0.971393,-0.262846,-0.262846,-15.0599,-15.0599,1,1,0.000836,0.00000070
1771742642.956379,14.640000,0.010000,0.000949,-0.025306,0.064776,3.7114,1.009110,0.022256,-0.500903,-0.267498,-0.267498,-15.3265,-15.3265,1,1,0.000949,0.00000090
1771742642.966379,14.650000,0.010000,0.001128,-0.013832,0.066153,3.7903,0.886871,0.014382,-0.787356,-0.292533,-0.292533,-16.7609,-16.7609,1,1,0.001128,0.00000127
1771742642.976379,14.660000,0.010000,0.001355,-0.012254,0.067363,3.8596,0.942672,0.004002,-1.038002,-0.272772,-0.272772,-15.6287,-15.6287,1,1,0.001355,0.00000184
1771742642.986379,14.670000,0.010000,0.001629,-0.003094,0.068061,3.8996,0.771599,-0.008571,-1.257318,-0.252776,-0.252776,-14.4830,-14.4830,1,1,0.001629,0.00000265
1771742642.996379,14.680000,0.010000,0.001927,-0.004466,0.068643,3.9329,0.878448,-0.023063,-1.449219,-0.167662,-0.167662,-9.6063,-9.6063,1,1,0.001927,0.00000371
1771742643.006379,14.690000,0.010000,0.002241,0.000010,0.068597,3.9303,0.638091,-0.037908,-1.484531,-0.115308,-0.115308,-6.6067,-6.6067,1,1,0.002241,0.00000502
1771742643.016379,14.700000,0.010000,0.002541,-0.004884,0.068443,3.9215,0.802787,-0.047407,-0.949899,-0.096134,-0.096134,-5.5081,-5.5081,1,1,0.002541,0.00000646
1771742643.026379,14.710000,0.010000,0.002848,0.000066,0.067808,3.8851,0.551016,-0.059210,-1.180227,-0.134304,-0.134304,-7.6951,-7.6951,1,1,0.002848,0.00000811
1771742643.036379,14.720000,0.010000,0.003133,-0.007457,0.067192,3.8498,0.755759,-0.073027,-1.381765,-0.099189,-0.099189,-5.6831,-5.6831,1,1,0.003133,0.00000981
1771742643.046379,14.730000,0.010000,0.003455,0.007325,0.065470,3.7512,0.322265,-0.088608,-1.558110,-0.001544,-0.001544,-0.0885,-0.0885,1,1,0.003455,0.00001194
1771742643.056379,14.740000,0.010000,0.003765,-0.005584,0.063517,3.6393,0.614391,-0.105733,-1.712412,-0.006887,-0.006887,-0.3946,-0.3946,1,1,0.003765,0.00001417
1771742643.066379,14.750000,0.010000,0.004076,0.005040,0.061039,3.4973,0.249842,-0.124207,-1.847426,0.052519,0.052519,3.0091,3.0091,1,1,0.004076,0.00001662
1771742643.076379,14.760000,0.010000,0.004351,-0.010299,0.058689,3.3626,0.573002,-0.141537,-1.732986,0.072875,0.072875,4.1754,4.1754,1,1,0.004351,0.00001893
1771742643.086379,14.770000,0.010000,0.004663,0.010644,0.055097,3.1568,0.011732,-0.157282,-1.574523,0.098329,0.098329,5.6339,5.6339,1,1,0.004663,0.00002174
1771742643.096379,14.780000,0.010000,0.004948,-0.010292,0.051325,2.9407,0.420990,-0.174188,-1.690644,0.108155,0.108155,6.1968,6.1968,1,1,0.004948,0.00002449
1771742643.106379,14.790000,0.010000,0.005206,0.000003,0.047453,2.7189,0.064572,-0.186511,-1.232299,0.046136,0.046136,2.6434,2.6434,1,1,0.005206,0.00002710
1771742643.116379,14.800000,0.010000,0.005403,-0.020895,0.044016,2.5219,0.456461,-0.194794,-0.828313,0.075190,0.075190,4.3081,4.3081,1,1,0.005403,0.00002919
1771742643.126379,14.810000,0.010000,0.005616,0.000001,0.039663,2.2725,-0.080919,-0.198552,-0.375708,0.042387,0.042387,2.4286,2.4286,1,1,0.005616,0.00003154
1771742643.136379,14.820000,0.010000,0.005788,-0.024699,0.035374,2.0268,0.364006,-0.198348,0.020321,0.055831,0.055831,3.1989,3.1989,1,1,0.005788,0.00003350
1771742643.146379,14.830000,0.010000,0.005924,-0.013318,0.031713,1.8170,0.160183,-0.194680,0.366847,0.067862,0.067862,3.8882,3.8882,1,1,0.005924,0.00003509
1771742643.156379,14.840000,0.010000,0.006013,-0.033770,0.028836,1.6522,0.514002,-0.187979,0.670057,0.060588,0.060588,3.4714,3.4714,1,1,0.006013,0.00003615
1771742643.166379,14.850000,0.010000,0.006127,-0.010683,0.025390,1.4547,0.090995,-0.178626,0.935366,0.071243,0.071243,4.0819,4.0819,1,1,0.006127,0.00003754
1771742643.176379,14.860000,0.010000,0.006226,-0.032907,0.022072,1.2646,0.465367,-0.166951,1.167511,0.076012,0.076012,4.3552,4.3552,1,1,0.006226,0.00003877
1771742643.186379,14.870000,0.010000,0.006219,-0.039982,0.020424,1.1702,0.563986,-0.153244,1.370638,0.021369,0.021369,1.2243,1.2243,1,1,0.006219,0.00003868
1771742643.196379,14.880000,0.010000,0.006183,-0.040862,0.019041,1.0910,0.550067,-0.137760,1.548374,-0.023112,-0.023112,-1.3242,-1.3242,1,1,0.006183,0.00003824
1771742643.206379,14.890000,0.010000,0.006087,-0.054439,0.018480,1.0589,0.758958,-0.120721,1.703893,-0.067931,-0.067931,-3.8921,-3.8921,1,1,0.006087,0.00003705
1771742643.216379,14.900000,0.010000,0.005983,-0.044947,0.017776,1.0185,0.558610,-0.102322,1.839972,-0.095216,-0.095216,-5.4555,-5.4555,1,1,0.005983,0.00003579
1771742643.226379,14.910000,0.010000,0.005854,-0.058148,0.017244,0.9880,0.760779,-0.082731,1.959042,-0.114087,-0.114087,-6.5367,-6.5367,1,1,0.005854,0.00003427
1771742643.236379,14.920000,0.010000,0.005643,-0.067176,0.017906,1.0260,0.888217,-0.066623,1.610838,-0.124197,-0.124197,-7.1160,-7.1160,1,1,0.005643,0.00003184
1771742643.246379,14.930000,0.010000,0.005390,-0.069506,0.019037,1.0907,0.899230,-0.049037,1.758549,-0.057030,-0.057030,-3.2676,-3.2676,1,1,0.005390,0.00002905
1771742643.256379,14.940000,0.010000,0.005105,-0.075206,0.020510,1.1751,0.973834,-0.037141,1.189665,0.027169,0.027169,1.5567,1.5567,1,1,0.005105,0.00002606
1771742643.266379,14.950000,0.010000,0.004799,-0.075701,0.022166,1.2700,0.960233,-0.025519,1.162152,-0.016047,-0.016047,-0.9194,-0.9194,1,1,0.004799,0.00002303
1771742643.276379,14.960000,0.010000,0.004476,-0.079315,0.023963,1.3730,1.007229,-0.013847,1.167264,0.016926,0.016926,0.9698,0.9698,1,1,0.004476,0.00002003
1771742643.286379,14.970000,0.010000,0.004140,-0.080572,0.025970,1.4880,1.028918,-0.004542,0.930436,0.081175,0.081175,4.6510,4.6510,1,1,0.004140,0.00001714
1771742643.296379,14.980000,0.010000,0.003806,-0.080206,0.028050,1.6071,1.035916,0.004931,0.947317,0.046040,0.046040,2.6379,2.6379,1,1,0.003806,0.00001448
1771742643.306379,14.990000,0.010000,0.003473,-0.079865,0.030182,1.7293,1.040801,0.013816,0.888519,0.079383,0.079383,4.5483,4.5483,1,1,0.003473,0.00001206
1771742643.316379,15.000000,0.010000,0.003142,-0.079518,0.032351,1.8536,1.043963,0.018100,0.428388,0.086935,0.086935,4.9810,4.9810,1,1,0.003142,0.00000987
1771742643.326379,15.010000,0.010000,0.002815,-0.078820,0.034527,1.9783,1.043993,0.018358,0.025774,-0.014199,-0.014199,-0.8135,-0.8135,1,1,0.002815,0.00000793
1771742643.336379,15.020000,0.010000,0.002499,-0.077526,0.036677,2.1014,1.040343,0.015093,-0.326514,-0.062112,-0.062112,-3.5587,-3.5587,1,1,0.002499,0.00000624
1771742643.346379,15.030000,0.010000,0.002196,-0.075770,0.038781,2.2220,1.034701,0.008745,-0.634765,-0.053632,-0.053632,-3.0729,-3.0729,1,1,0.002196,0.00000482
1771742643.356379,15.040000,0.010000,0.001927,-0.069598,0.040530,2.3222,0.956203,-0.000300,-0.904486,-0.034222,-0.034222,-1.9607,-1.9607,1,1,0.001927,0.00000371
1771742643.366379,15.050000,0.010000,0.001686,-0.068505,0.042082,2.4111,0.974070,-0.011705,-1.140491,0.025666,0.025666,1.4705,1.4705,1,1,0.001686,0.00000284
1771742643.376379,15.060000,0.010000,0.001489,-0.059501,0.043188,2.4745,0.854772,-0.018193,-0.648863,0.038967,0.038967,2.2327,2.2327,1,1,0.001489,0.00000222
1771742643.386379,15.070000,0.010000,0.001324,-0.059631,0.044088,2.5260,0.902923,-0.020380,-0.218690,0.021925,0.021925,1.2562,1.2562,1,1,0.001324,0.00000175
1771742643.396379,15.080000,0.010000,0.001167,-0.058550,0.045267,2.5936,0.932316,-0.019839,0.054164,-0.079424,-0.079424,-4.5507,-4.5507,1,1,0.001167,0.00000136
1771742643.406379,15.090000,0.010000,0.001025,-0.056269,0.046584,2.6691,0.943478,-0.015874,0.396460,-0.175613,-0.175613,-10.0619,-10.0619,1,1,0.001025,0.00000105
1771742643.416379,15.100000,0.010000,0.000904,-0.053871,0.047989,2.7496,0.955912,-0.008914,0.695968,-0.253389,-0.253389,-14.5181,-14.5181,1,1,0.000904,0.00000082
1771742643.426379,15.110000,0.010000,0.000805,-0.051013,0.049465,2.8342,0.963411,-0.002045,0.686925,-0.251800,-0.251800,-14.4271,-14.4271,1,1,0.000805,0.00000065
1771742643.436379,15.120000,0.010000,0.000733,-0.047827,0.050986,2.9213,0.968222,0.007456,0.950125,-0.268366,-0.268366,-15.3763,-15.3763,1,1,0.000733,0.00000054
1771742643.446379,15.130000,0.010000,0.000689,-0.044404,0.052538,3.0102,0.971779,0.017391,0.993489,-0.256095,-0.256095,-14.6732,-14.6732,1,1,0.000689,0.00000047
1771742643.456379,15.140000,0.010000,0.000674,-0.040809,0.054117,3.1007,0.975044,0.022593,0.520237,-0.267358,-0.267358,-15.3185,-15.3185,1,1,0.000674,0.00000045
1771742643.466379,15.150000,0.010000,0.000690,-0.037093,0.055726,3.1929,0.978674,0.023655,0.106142,-0.326227,-0.326227,-18.6915,-18.6915,1,1,0.000690,0.00000048
1771742643.476379,15.160000,0.010000,0.000738,-0.033294,0.057369,3.2870,0.983117,0.021093,-0.256192,-0.326273,-0.326273,-18.6941,-18.6941,1,1,0.000738,0.00000054
1771742643.486379,15.170000,0.010000,0.000818,-0.029445,0.059057,3.3837,0.988686,0.015360,-0.573234,-0.301008,-0.301008,-17.2465,-17.2465,1,1,0.000818,0.00000067
1771742643.496379,15.180000,0.010000,0.000930,-0.025572,0.060799,3.4835,0.995601,0.013835,-0.152514,-0.283796,-0.283796,-16.2603,-16.2603,1,1,0.000930,0.00000086
1771742643.506379,15.190000,0.010000,0.001079,-0.020547,0.062522,3.5823,0.983409,0.015992,0.215616,-0.316160,-0.316160,-18.1146,-18.1146,1,1,0.001079,0.00000116
1771742643.516379,15.200000,0.010000,0.001264,-0.016729,0.064260,3.6818,0.994074,0.016733,0.074164,-0.345439,-0.345439,-19.7922,-19.7922,1,1,0.001264,0.00000160
1771742643.526379,15.210000,0.010000,0.001495,-0.009405,0.065752,3.7673,0.923667,0.013891,-0.284172,-0.333346,-0.333346,-19.0993,-19.0993,1,1,0.001495,0.00000223
1771742643.536379,15.220000,0.010000,0.001754,-0.009033,0.067258,3.8536,0.980486,0.007914,-0.597716,-0.307896,-0.307896,-17.6411,-17.6411,1,1,0.001754,0.00000308
1771742643.546379,15.230000,0.010000,0.002054,0.000012,0.068151,3.9048,0.783635,-0.000806,-0.872068,-0.281659,-0.281659,-16.1378,-16.1378,1,1,0.002054,0.00000422
1771742643.556379,15.240000,0.010000,0.002375,-0.001770,0.068857,3.9452,0.893961,-0.011928,-1.112125,-0.252224,-0.252224,-14.4514,-14.4514,1,1,0.002375,0.00000564
1771742643.566379,15.250000,0.010000,0.002700,0.000012,0.069248,3.9676,0.725439,-0.025149,-1.322175,-0.222274,-0.222274,-12.7354,-12.7354,1,1,0.002700,0.00000729
1771742643.576379,15.260000,0.010000,0.003022,-0.000180,0.069374,3.9748,0.793807,-0.040209,-1.505969,-0.121624,-0.121624,-6.9685,-6.9685,1,1,0.003022,0.00000913
1771742643.586379,15.270000,0.010000,0.003359,0.003044,0.068830,3.9437,0.574365,-0.056877,-1.666789,-0.046194,-0.046194,-2.6467,-2.6467,1,1,0.003359,0.00001128
1771742643.596379,15.280000,0.010000,0.003681,-0.001237,0.068146,3.9045,0.714413,-0.074952,-1.807506,-0.054089,-0.054089,-3.0991,-3.0991,1,1,0.003681,0.00001355
1771742643.606379,15.290000,0.010000,0.004042,0.011336,0.066312,3.7994,0.321818,-0.094258,-1.930634,0.032110,0.032110,1.8398,1.8398,1,1,0.004042,0.00001634
1771742643.616379,15.300000,0.010000,0.004378,-0.002745,0.064438,3.6920,0.626512,-0.114642,-2.038370,0.018502,0.018502,1.0601,1.0601,1,1,0.004378,0.00001917
1771742643.626379,15.310000,0.010000,0.004756,0.018440,0.061283,3.5112,0.069588,-0.135786,-2.114430,0.093802,0.093802,5.3745,5.3745,1,1,0.004756,0.00002262
1771742643.636379,15.320000,0.010000,0.005108,-0.002766,0.057948,3.3202,0.474508,-0.157778,-2.199192,0.123157,0.123157,7.0564,7.0564,1,1,0.005108,0.00002609
1771742643.646379,15.330000,0.010000,0.005466,0.016023,0.053803,3.0827,-0.050095,-0.180512,-2.273359,0.078891,0.078891,4.5201,4.5201,1,1,0.005466,0.00002987
1771742643.656379,15.340000,0.010000,0.005779,-0.007442,0.049765,2.8513,0.395251,-0.199616,-1.910422,0.083315,0.083315,4.7736,4.7736,1,1,0.005779,0.00003340
1771742643.666379,15.350000,0.010000,0.006098,0.012760,0.044872,2.5710,-0.168887,-0.213151,-1.353494,0.029850,0.029850,1.7103,1.7103,1,1,0.006098,0.00003718
1771742643.676379,15.360000,0.010000,0.006359,-0.014446,0.040182,2.3022,0.324594,-0.221715,-0.856343,0.034007,0.034007,1.9485,1.9485,1,1,0.006359,0.00004043
1771742643.686379,15.370000,0.010000,0.006589,0.000002,0.035373,2.0267,-0.093248,-0.225717,-0.400234,0.025020,0.025020,1.4336,1.4336,1,1,0.006589,0.00004342
1771742643.696379,15.380000,0.010000,0.006749,-0.026463,0.031100,1.7819,0.367920,-0.225728,-0.001139,0.032877,0.032877,1.8837,1.8837,1,1,0.006749,0.00004555
1771742643.706379,15.390000,0.010000,0.006929,-0.000268,0.026294,1.5066,-0.127429,-0.222248,0.348069,0.070712,0.070712,4.0515,4.0515,1,1,0.006929,0.00004800
1771742643.716379,15.400000,0.010000,0.007077,-0.028175,0.021808,1.2495,0.343136,-0.215711,0.653626,0.019203,0.019203,1.1002,1.1002,1,1,0.007077,0.00005008
1771742643.726379,15.410000,0.010000,0.007155,-0.022073,0.018290,1.0479,0.202824,-0.206501,0.920989,0.085615,0.085615,4.9054,4.9054,1,1,0.007155,0.00005120
1771742643.736379,15.420000,0.010000,0.007162,-0.043787,0.015730,0.9013,0.547800,-0.194952,1.154931,0.060535,0.060535,3.4684,3.4684,1,1,0.007162,0.00005130
1771742643.746379,15.430000,0.010000,0.007185,-0.021849,0.012535,0.7182,0.117257,-0.181356,1.359630,0.119870,0.119870,6.8681,6.8681,1,1,0.007185,0.00005162
1771742643.756379,15.440000,0.010000,0.007182,-0.045377,0.009417,0.5396,0.486030,-0.165968,1.538743,0.043044,0.043044,2.4662,2.4662,1,1,0.007182,0.00005158
1771742643.766379,15.450000,0.010000,0.007034,-0.060524,0.008419,0.4824,0.699785,-0.149014,1.695466,0.035862,0.035862,2.0548,2.0548,1,1,0.007034,0.00004948
1771742643.776379,15.460000,0.010000,0.006876,-0.050172,0.007140,0.4091,0.462125,-0.130688,1.832598,0.068350,0.068350,3.9162,3.9162,1,1,0.006876,0.00004728
1771742643.786379,15.470000,0.010000,0.006682,-0.066777,0.006055,0.3470,0.701145,-0.111162,1.952589,0.035357,0.035357,2.0258,2.0258,1,1,0.006682,0.00004465
1771742643.796379,15.480000,0.010000,0.006381,-0.078424,0.006379,0.3655,0.851004,-0.093535,1.762646,-0.026366,-0.026366,-1.5107,-1.5107,1,1,0.006381,0.00004072
1771742643.806379,15.490000,0.010000,0.006055,-0.078379,0.007044,0.4036,0.837235,-0.077593,1.594283,0.029663,0.029663,1.6996,1.6996,1,1,0.006055,0.00003666
1771742643.816379,15.500000,0.010000,0.005707,-0.083352,0.007977,0.4571,0.914422,-0.064766,1.282661,0.023077,0.023077,1.3222,1.3222,1,1,0.005707,0.00003257
1771742643.826379,15.510000,0.010000,0.005363,-0.082737,0.009160,0.5248,0.940170,-0.052561,1.220532,0.039307,0.039307,2.2521,2.2521,1,1,0.005363,0.00002876
1771742643.836379,15.520000,0.010000,0.005020,-0.082220,0.010523,0.6029,0.958635,-0.038390,1.417031,0.065437,0.065437,3.7493,3.7493,1,1,0.005020,0.00002520
1771742643.846379,15.530000,0.010000,0.004679,-0.081776,0.012017,0.6885,0.971629,-0.029482,0.890836,0.127213,0.127213,7.2888,7.2888,1,1,0.004679,0.00002189
1771742643.856379,15.540000,0.010000,0.004340,-0.081385,0.013601,0.7793,0.980509,-0.018196,1.128548,0.086489,0.086489,4.9555,4.9555,1,1,0.004340,0.00001884
1771742643.866379,15.550000,0.010000,0.004002,-0.081034,0.015248,0.8736,0.986286,-0.008355,0.984143,0.144049,0.144049,8.2534,8.2534,1,1,0.004002,0.00001602
1771742643.876379,15.560000,0.010000,0.003666,-0.080713,0.016935,0.9703,0.989720,0.003747,1.210191,0.145763,0.145763,8.3516,8.3516,1,1,0.003666,0.00001344
1771742643.886379,15.570000,0.010000,0.003331,-0.080413,0.018647,1.0684,0.991376,0.010845,0.709851,0.224950,0.224950,12.8887,12.8887,1,1,0.003331,0.00001109
1771742643.896379,15.580000,0.010000,0.002997,-0.080128,0.020370,1.1671,0.991676,0.013972,0.312710,0.137910,0.137910,7.9016,7.9016,1,1,0.002997,0.00000898
1771742643.906379,15.590000,0.010000,0.002664,-0.079855,0.022095,1.2659,0.990937,0.020199,0.622687,0.091417,0.091417,5.2378,5.2378,1,1,0.002664,0.00000710
1771742643.916379,15.600000,0.010000,0.002334,-0.079461,0.023808,1.3641,0.988706,0.022157,0.195785,0.138569,0.138569,7.9394,7.9394,1,1,0.002334,0.00000545
1771742643.926379,15.610000,0.010000,0.002008,-0.078790,0.025491,1.4605,0.984465,0.020380,-0.177754,0.085855,0.085855,4.9191,4.9191,1,1,0.002008,0.00000403
1771742643.936379,15.620000,0.010000,0.001691,-0.077625,0.027119,1.5538,0.977529,0.021540,0.116047,0.086984,0.086984,4.9838,4.9838,1,1,0.001691,0.00000286
1771742643.946379,15.630000,0.010000,0.001386,-0.076057,0.028678,1.6431,0.969059,0.021732,0.019217,0.073786,0.073786,4.2276,4.2276,1,1,0.001386,0.00000192
1771742643.956379,15.640000,0.010000,0.001097,-0.074151,0.030160,1.7280,0.959810,0.023929,0.219684,0.064111,0.064111,3.6733,3.6733,1,1,0.001097,0.00000120
1771742643.966379,15.650000,0.010000,0.000826,-0.071940,0.031561,1.8083,0.950190,0.029118,0.518846,0.040764,0.040764,2.3356,2.3356,1,1,0.000826,0.00000068
1771742643.976379,15.660000,0.010000,0.000574,-0.069459,0.032881,1.8840,0.940568,0.037148,0.803056,0.068389,0.068389,3.9184,3.9184,1,1,0.000574,0.00000033
1771742643.986379,15.670000,0.010000,0.000345,-0.066747,0.034122,1.9551,0.931237,0.043316,0.616764,0.146483,0.146483,8.3929,8.3929,1,1,0.000345,0.00000012
1771742643.996379,15.680000,0.010000,0.000140,-0.063833,0.035289,2.0219,0.922411,0.052203,0.888734,0.091529,0.091529,5.2442,5.2442,1,1,0.000140,0.00000002
1771742644.006379,15.690000,0.010000,-0.000040,-0.060745,0.036385,2.0847,0.914258,0.063470,1.126708,0.154914,0.154914,8.8759,8.8759,1,1,0.000040,0.00000000
1771742644.016379,15.700000,0.010000,-0.000193,-0.057511,0.037419,2.1439,0.906903,0.076820,1.334936,0.184737,0.184737,10.5847,10.5847,1,1,0.000193,0.00000004
1771742644.026379,15.710000,0.010000,-0.000318,-0.054158,0.038397,2.2000,0.900490,0.085010,0.819003,0.159900,0.159900,9.1616,9.1616,1,1,0.000318,0.00000010
1771742644.036379,15.720000,0.010000,-0.000415,-0.050713,0.039328,2.2533,0.895138,0.088685,0.367562,0.070041,0.070041,4.0130,4.0130,1,1,0.000415,0.00000017
1771742644.046379,15.730000,0.010000,-0.000482,-0.047199,0.040222,2.3045,0.890951,0.094921,0.623547,-0.055352,-0.055352,-3.1714,-3.1714,1,1,0.000482,0.00000023
1771742644.056379,15.740000,0.010000,-0.000521,-0.043642,0.041088,2.3542,0.888015,0.096886,0.196537,-0.031973,-0.031973,-1.8319,-1.8319,1,1,0.000521,0.00000027
1771742644.066379,15.750000,0.010000,-0.000529,-0.040062,0.041939,2.4029,0.886406,0.095648,-0.123777,-0.116872,-0.116872,-6.6963,-6.6963,1,1,0.000529,0.00000028
1771742644.076379,15.760000,0.010000,-0.000507,-0.036483,0.042784,2.4514,0.886186,0.092915,-0.273283,-0.155238,-0.155238,-8.8945,-8.8945,1,1,0.000507,0.00000026
1771742644.086379,15.770000,0.010000,-0.000456,-0.032922,0.043637,2.5002,0.887411,0.089315,-0.360054,-0.169230,-0.169230,-9.6962,-9.6962,1,1,0.000456,0.00000021
1771742644.096379,15.780000,0.010000,-0.000375,-0.029398,0.044509,2.5502,0.890124,0.083246,-0.606884,-0.186269,-0.186269,-10.6724,-10.6724,1,1,0.000375,0.00000014
1771742644.106379,15.790000,0.010000,-0.000265,-0.025928,0.045413,2.6020,0.894360,0.081389,-0.185712,-0.173414,-0.173414,-9.9359,-9.9359,1,1,0.000265,0.00000007
1771742644.116379,15.800000,0.010000,-0.000127,-0.022525,0.046363,2.6564,0.900145,0.083255,0.186568,-0.244397,-0.244397,-14.0029,-14.0029,1,1,0.000127,0.00000002
1771742644.126379,15.810000,0.010000,0.000039,-0.019202,0.047370,2.7141,0.907498,0.084289,0.103427,-0.283060,-0.283060,-16.2181,-16.2181,1,1,0.000039,0.00000000
1771742644.136379,15.820000,0.010000,0.000232,-0.015970,0.048448,2.7758,0.916429,0.088685,0.439564,-0.293365,-0.293365,-16.8086,-16.8086,1,1,0.000232,0.00000005
1771742644.146379,15.830000,0.010000,0.000452,-0.012836,0.049610,2.8425,0.926937,0.096021,0.733685,-0.316047,-0.316047,-18.1082,-18.1082,1,1,0.000452,0.00000020
1771742644.156379,15.840000,0.010000,0.000695,-0.010437,0.050885,2.9155,0.942573,0.104006,0.798484,-0.318376,-0.318376,-18.2416,-18.2416,1,1,0.000695,0.00000048
1771742644.166379,15.850000,0.010000,0.000952,-0.009235,0.052320,2.9977,0.965060,0.107502,0.349608,-0.329998,-0.329998,-18.9075,-18.9075,1,1,0.000952,0.00000091
1771742644.176379,15.860000,0.010000,0.001219,-0.008017,0.053933,3.0901,0.986223,0.107071,-0.043159,-0.307555,-0.307555,-17.6216,-17.6216,1,1,0.001219,0.00000149
1771742644.186379,15.870000,0.010000,0.001497,-0.006809,0.055719,3.1924,1.006830,0.103202,-0.386830,-0.283717,-0.283717,-16.2558,-16.2558,1,1,0.001497,0.00000224
1771742644.196379,15.880000,0.010000,0.001785,-0.005626,0.057676,3.3046,1.027383,0.096327,-0.687542,-0.271549,-0.271549,-15.5586,-15.5586,1,1,0.001785,0.00000319
1771742644.206379,15.890000,0.010000,0.002082,-0.004471,0.059806,3.4267,1.048201,0.086820,-0.950665,-0.266096,-0.266096,-15.2462,-15.2462,1,1,0.002082,0.00000434
1771742644.216379,15.900000,0.010000,0.002389,-0.003350,0.062115,3.5589,1.069538,0.075011,-1.180898,-0.265874,-0.265874,-15.2335,-15.2335,1,1,0.002389,0.00000571
1771742644.226379,15.910000,0.010000,0.002705,-0.002262,0.064606,3.7017,1.091550,0.061188,-1.382351,-0.259568,-0.259568,-14.8722,-14.8722,1,1,0.002705,0.00000732
1771742644.236379,15.920000,0.010000,0.003035,0.000022,0.067057,3.8421,1.059082,0.045602,-1.558623,-0.246273,-0.246273,-14.1104,-14.1104,1,1,0.003035,0.00000921
1771742644.246379,15.930000,0.010000,0.003372,0.000020,0.069009,3.9539,0.960317,0.028473,-1.712861,-0.228551,-0.228551,-13.0950,-13.0950,1,1,0.003372,0.00001137
1771742644.256379,15.940000,0.010000,0.003703,0.000020,0.070426,4.0351,0.906692,0.009995,-1.847820,-0.188724,-0.188724,-10.8131,-10.8131,1,1,0.003703,0.00001371
1771742644.266379,15.950000,0.010000,0.004031,0.000017,0.071247,4.0822,0.802327,-0.009664,-1.965908,-0.131425,-0.131425,-7.5301,-7.5301,1,1,0.004031,0.00001625
1771742644.276379,15.960000,0.010000,0.004353,0.000017,0.071504,4.0969,0.746764,-0.030357,-2.069235,-0.041899,-0.041899,-2.4006,-2.4006,1,1,0.004353,0.00001895
1771742644.286379,15.970000,0.010000,0.004671,0.000014,0.071141,4.0761,0.638963,-0.051953,-2.159647,-0.002555,-0.002555,-0.1464,-0.1464,1,1,0.004671,0.00002182
1771742644.296379,15.980000,0.010000,0.004983,0.000013,0.070199,4.0221,0.583455,-0.074341,-2.238757,0.010452,0.010452,0.5988,0.5988,1,1,0.004983,0.00002483
1771742644.306379,15.990000,0.010000,0.005292,0.000010,0.068627,3.9320,0.473802,-0.097420,-2.307978,0.029239,0.029239,1.6752,1.6752,1,1,0.005292,0.00002800
1771742644.316379,16.000000,0.010000,0.005594,0.000009,0.066484,3.8092,0.422717,-0.120708,-2.328710,0.046280,0.046280,2.6516,2.6516,1,1,0.005594,0.00003129
1771742644.326379,16.010000,0.010000,0.005893,0.000008,0.063868,3.6594,0.348139,-0.139563,-1.885523,0.075021,0.075021,4.2984,4.2984,1,1,0.005893,0.00003473
1771742644.336379,16.020000,0.010000,0.006188,0.000007,0.060905,3.4896,0.323105,-0.155379,-1.581669,0.064126,0.064126,3.6742,3.6742,1,1,0.006188,0.00003829
1771742644.346379,16.030000,0.010000,0.006480,0.000006,0.057623,3.3015,0.264520,-0.169191,-1.381186,0.066948,0.066948,3.8358,3.8358,1,1,0.006480,0.00004199
1771742644.356379,16.040000,0.010000,0.006768,0.000006,0.054134,3.1016,0.260787,-0.180488,-1.129709,0.069778,0.069778,3.9980,3.9980,1,1,0.006768,0.00004581
1771742644.366379,16.050000,0.010000,0.007055,0.000006,0.050489,2.8928,0.224754,-0.188711,-0.822310,0.065543,0.065543,3.7553,3.7553,1,1,0.007055,0.00004978
1771742644.376379,16.060000,0.010000,0.007335,-0.001163,0.046853,2.6845,0.254406,-0.193691,-0.497990,0.067565,0.067565,3.8712,3.8712,1,1,0.007335,0.00005380
1771742644.386379,16.070000,0.010000,0.007613,-0.000251,0.043198,2.4751,0.224372,-0.194558,-0.086675,0.066131,0.066131,3.7890,3.7890,1,1,0.007613,0.00005796
1771742644.396379,16.080000,0.010000,0.007862,-0.007625,0.039970,2.2901,0.349734,-0.191826,0.273225,0.061475,0.061475,3.5223,3.5223,1,1,0.007862,0.00006181
1771742644.406379,16.090000,0.010000,0.008114,-0.000379,0.036495,2.0910,0.187230,-0.185944,0.588138,0.052331,0.052331,2.9984,2.9984,1,1,0.008114,0.00006584
1771742644.416379,16.100000,0.010000,0.008293,-0.023337,0.034081,1.9527,0.572653,-0.177308,0.863687,0.062721,0.062721,3.5937,3.5937,1,1,0.008293,0.00006878
1771742644.426379,16.110000,0.010000,0.008489,0.000003,0.030723,1.7603,0.031947,-0.166260,1.104792,0.009762,0.009762,0.5593,0.5593,1,1,0.008489,0.00007207
1771742644.436379,16.120000,0.010000,0.008648,-0.026577,0.027366,1.5679,0.470480,-0.153102,1.315758,0.025764,0.025764,1.4762,1.4762,1,1,0.008648,0.00007479
1771742644.446379,16.130000,0.010000,0.008677,-0.035396,0.025981,1.4886,0.587406,-0.138099,1.500355,-0.045534,-0.045534,-2.6089,-2.6089,1,1,0.008677,0.00007529
1771742644.456379,16.140000,0.010000,0.008676,-0.034901,0.024783,1.4200,0.537621,-0.121480,1.661876,-0.150218,-0.150218,-8.6069,-8.6069,1,1,0.008676,0.00007527
1771742644.466379,16.150000,0.010000,0.008603,-0.052217,0.024502,1.4039,0.798967,-0.103448,1.803207,-0.150406,-0.150406,-8.6176,-8.6176,1,1,0.008603,0.00007400
1771742644.476379,16.160000,0.010000,0.008522,-0.039552,0.023973,1.3735,0.531878,-0.084179,1.926872,-0.214289,-0.214289,-12.2779,-12.2779,1,1,0.008522,0.00007262
1771742644.486379,16.170000,0.010000,0.008411,-0.056782,0.023633,1.3541,0.791842,-0.064934,1.924460,-0.133365,-0.133365,-7.6412,-7.6412,1,1,0.008411,0.00007074
1771742644.496379,16.180000,0.010000,0.008190,-0.068750,0.024843,1.4234,0.957546,-0.048625,1.630970,-0.179146,-0.179146,-10.2643,-10.2643,1,1,0.008190,0.00006707
1771742644.506379,16.190000,0.010000,0.007963,-0.059932,0.025783,1.4773,0.760112,-0.034101,1.452374,-0.093148,-0.093148,-5.3370,-5.3370,1,1,0.007963,0.00006341
1771742644.516379,16.200000,0.010000,0.007715,-0.071971,0.026784,1.5346,0.934498,-0.021572,1.252905,-0.123902,-0.123902,-7.0991,-7.0991,1,1,0.007715,0.00005953
1771742644.526379,16.210000,0.010000,0.007392,-0.080182,0.028806,1.6504,1.043400,-0.011191,1.038091,-0.043668,-0.043668,-2.5020,-2.5020,1,1,0.007392,0.00005464
1771742644.536379,16.220000,0.010000,0.007080,-0.074876,0.030757,1.7622,0.966805,-0.003251,0.794027,-0.021360,-0.021360,-1.2238,-1.2238,1,1,0.007080,0.00005013
1771742644.546379,16.230000,0.010000,0.006742,-0.081575,0.032940,1.8873,1.059959,0.004996,0.824651,-0.081638,-0.081638,-4.6775,-4.6775,1,1,0.006742,0.00004546
1771742644.556379,16.240000,0.010000,0.006415,-0.078680,0.035228,2.0184,1.043798,0.008721,0.372504,-0.030264,-0.030264,-1.7340,-1.7340,1,1,0.006415,0.00004115
1771742644.566379,16.250000,0.010000,0.006091,-0.077612,0.037480,2.1474,1.031697,0.010851,0.213042,-0.118025,-0.118025,-6.7623,-6.7623,1,1,0.006091,0.00003710
1771742644.576379,16.260000,0.010000,0.005775,-0.075847,0.039577,2.2676,0.999048,0.009225,-0.162654,-0.150202,-0.150202,-8.6059,-8.6059,1,1,0.005775,0.00003335
1771742644.586379,16.270000,0.010000,0.005467,-0.075302,0.041523,2.3791,0.988972,0.004311,-0.491388,-0.121038,-0.121038,-6.9350,-6.9350,1,1,0.005467,0.00002988
1771742644.596379,16.280000,0.010000,0.005182,-0.070391,0.043081,2.4684,0.907054,-0.003480,-0.779030,-0.062380,-0.062380,-3.5741,-3.5741,1,1,0.005182,0.00002685
1771742644.606379,16.290000,0.010000,0.004907,-0.072502,0.044555,2.5528,0.955303,-0.013787,-1.030717,0.009400,0.009400,0.5386,0.5386,1,1,0.004907,0.00002407
1771742644.616379,16.300000,0.010000,0.004689,-0.057294,0.045114,2.5848,0.700457,-0.026296,-1.250944,0.015933,0.015933,0.9129,0.9129,1,1,0.004689,0.00002199
1771742644.626379,16.310000,0.010000,0.004492,-0.065221,0.045475,2.6055,0.860529,-0.040733,-1.443642,0.116331,0.116331,6.6653,6.6653,1,1,0.004492,0.00002018
1771742644.636379,16.320000,0.010000,0.004327,-0.051498,0.045434,2.6032,0.637491,-0.049874,-0.914120,0.072576,0.072576,4.1583,4.1583,1,1,0.004327,0.00001872
1771742644.646379,16.330000,0.010000,0.004174,-0.060087,0.045369,2.5994,0.813453,-0.059127,-0.925352,0.088512,0.088512,5.0714,5.0714,1,1,0.004174,0.00001742
1771742644.656379,16.340000,0.010000,0.004051,-0.046329,0.044963,2.5762,0.592552,-0.063733,-0.460617,0.053297,0.053297,3.0537,3.0537,1,1,0.004051,0.00001641
1771742644.666379,16.350000,0.010000,0.003938,-0.055381,0.044587,2.5547,0.778835,-0.064273,-0.053974,0.062091,0.062091,3.5575,3.5575,1,1,0.003938,0.00001551
1771742644.676379,16.360000,0.010000,0.003832,-0.046879,0.044301,2.5383,0.652497,-0.066444,-0.217056,-0.047567,-0.047567,-2.7254,-2.7254,1,1,0.003832,0.00001468
1771742644.686379,16.370000,0.010000,0.003724,-0.054461,0.044259,2.5359,0.813526,-0.064852,0.159142,-0.003651,-0.003651,-0.2092,-0.2092,1,1,0.003724,0.00001387
1771742644.696379,16.380000,0.010000,0.003653,-0.039998,0.043784,2.5086,0.582314,-0.066950,-0.209817,-0.110772,-0.110772,-6.3468,-6.3468,1,1,0.003653,0.00001334
1771742644.706379,16.390000,0.010000,0.003595,-0.048676,0.043289,2.4803,0.764050,-0.072277,-0.532656,0.013105,0.013105,0.7509,0.7509,1,1,0.003595,0.00001293
1771742644.716379,16.400000,0.010000,0.003561,-0.036471,0.042602,2.4409,0.572957,-0.078372,-0.609511,0.023666,0.023666,1.3560,1.3560,1,1,0.003561,0.00001268
1771742644.726379,16.410000,0.010000,0.003533,-0.045219,0.042031,2.4082,0.755125,-0.080215,-0.184257,0.041450,0.041450,2.3749,2.3749,1,1,0.003533,0.00001248
1771742644.736379,16.420000,0.010000,0.003516,-0.035705,0.041464,2.3757,0.610737,-0.078336,0.187841,-0.019353,-0.019353,-1.1088,-1.1088,1,1,0.003516,0.00001236
1771742644.746379,16.430000,0.010000,0.003499,-0.043682,0.041110,2.3554,0.777837,-0.073202,0.513427,-0.089417,-0.089417,-5.1232,-5.1232,1,1,0.003499,0.00001224
1771742644.756379,16.440000,0.010000,0.003475,-0.039280,0.041084,2.3539,0.723466,-0.065219,0.798314,-0.214986,-0.214986,-12.3178,-12.3178,1,1,0.003475,0.00001207
1771742644.766379,16.450000,0.010000,0.003442,-0.045012,0.041407,2.3724,0.850103,-0.054743,1.047591,-0.297327,-0.297327,-17.0356,-17.0356,1,1,0.003442,0.00001185
1771742644.776379,16.460000,0.010000,0.003403,-0.042353,0.042055,2.4096,0.827572,-0.042086,1.265708,-0.301187,-0.301187,-17.2567,-17.2567,1,1,0.003403,0.00001158
1771742644.786379,16.470000,0.010000,0.003359,-0.045931,0.043008,2.4642,0.917678,-0.030163,1.192292,-0.276446,-0.276446,-15.8392,-15.8392,1,1,0.003359,0.00001128
1771742644.796379,16.480000,0.010000,0.003309,-0.044992,0.044307,2.5386,0.928838,-0.018631,1.153173,-0.269206,-0.269206,-15.4243,-15.4243,1,1,0.003309,0.00001095
1771742644.806379,16.490000,0.010000,0.003262,-0.045207,0.045790,2.6236,0.962965,-0.012032,0.659960,-0.264002,-0.264002,-15.1262,-15.1262,1,1,0.003262,0.00001064
1771742644.816379,16.500000,0.010000,0.003238,-0.039744,0.047119,2.6997,0.898399,-0.009748,0.228399,-0.301049,-0.301049,-17.2489,-17.2489,1,1,0.003238,0.00001049
1771742644.826379,16.510000,0.010000,0.003227,-0.041604,0.048521,2.7801,0.966840,-0.011240,-0.149216,-0.285900,-0.285900,-16.3809,-16.3809,1,1,0.003227,0.00001041
1771742644.836379,16.520000,0.010000,0.003243,-0.033868,0.049732,2.8494,0.866129,-0.009055,0.218501,-0.243275,-0.243275,-13.9386,-13.9386,1,1,0.003243,0.00001052
1771742644.846379,16.530000,0.010000,0.003277,-0.036308,0.050958,2.9197,0.948864,-0.004965,0.409013,-0.303540,-0.303540,-17.3916,-17.3916,1,1,0.003277,0.00001074
1771742644.856379,16.540000,0.010000,0.003306,-0.036151,0.052618,3.0148,0.986561,0.000837,0.580188,-0.338963,-0.338963,-19.4212,-19.4212,1,1,0.003306,0.00001093
1771742644.866379,16.550000,0.010000,0.003366,-0.028978,0.054056,3.0972,0.901288,0.002423,0.158599,-0.346687,-0.346687,-19.8637,-19.8637,1,1,0.003366,0.00001133
1771742644.876379,16.560000,0.010000,0.003444,-0.030823,0.055540,3.1822,0.978639,0.000320,-0.210292,-0.331228,-0.331228,-18.9780,-18.9780,1,1,0.003444,0.00001186
1771742644.886379,16.570000,0.010000,0.003572,-0.018023,0.056526,3.2387,0.796236,-0.005010,-0.533071,-0.291151,-0.291151,-16.6817,-16.6817,1,1,0.003572,0.00001276
1771742644.896379,16.580000,0.010000,0.003727,-0.022155,0.057412,3.2895,0.916380,-0.013165,-0.815503,-0.250104,-0.250104,-14.3299,-14.3299,1,1,0.003727,0.00001389
1771742644.906379,16.590000,0.010000,0.003929,-0.008076,0.057787,3.3109,0.695270,-0.023792,-1.062631,-0.210624,-0.210624,-12.0679,-12.0679,1,1,0.003929,0.00001543
1771742644.916379,16.600000,0.010000,0.004151,-0.014671,0.058110,3.3295,0.858076,-0.036580,-1.278868,-0.121326,-0.121326,-6.9515,-6.9515,1,1,0.004151,0.00001723
1771742644.926379,16.610000,0.010000,0.004412,-0.000053,0.057632,3.3021,0.531432,-0.051261,-1.468075,-0.054657,-0.054657,-3.1316,-3.1316,1,1,0.004412,0.00001947
1771742644.936379,16.620000,0.010000,0.004676,-0.010540,0.057015,3.2667,0.759234,-0.067598,-1.633632,-0.049243,-0.049243,-2.8214,-2.8214,1,1,0.004676,0.00002186
1771742644.946379,16.630000,0.010000,0.004949,0.000008,0.055743,3.1938,0.414816,-0.085382,-1.778494,0.049237,0.049237,2.8211,2.8211,1,1,0.004949,0.00002449
1771742644.956379,16.640000,0.010000,0.005193,-0.013569,0.054467,3.1207,0.690103,-0.104435,-1.905248,0.035782,0.035782,2.0501,2.0501,1,1,0.005193,0.00002697
1771742644.966379,16.650000,0.010000,0.005464,0.003775,0.052033,2.9813,0.187217,-0.121790,-1.735502,0.110257,0.110257,6.3173,6.3173,1,1,0.005464,0.00002985
1771742644.976379,16.660000,0.010000,0.005705,-0.015022,0.049405,2.8307,0.545892,-0.140466,-1.867630,0.106261,0.106261,6.0883,6.0883,1,1,0.005705,0.00003255
1771742644.986379,16.670000,0.010000,0.005946,0.000003,0.046123,2.6426,0.096683,-0.160299,-1.983242,0.070265,0.070265,4.0259,4.0259,1,1,0.005946,0.00003535
1771742644.996379,16.680000,0.010000,0.006140,-0.021380,0.042961,2.4615,0.488348,-0.181143,-2.084403,0.084425,0.084425,4.8372,4.8372,1,1,0.006140,0.00003769
1771742645.006379,16.690000,0.010000,0.006358,0.002025,0.038482,2.2048,-0.145623,-0.199903,-1.876069,0.049395,0.049395,2.8301,2.8301,1,1,0.006358,0.00004042
1771742645.016379,16.700000,0.010000,0.006529,-0.025181,0.033908,1.9428,0.335845,-0.212828,-1.292495,0.025051,0.025051,1.4353,1.4353,1,1,0.006529,0.00004263
1771742645.026379,16.710000,0.010000,0.006704,-0.002495,0.029205,1.6733,-0.075526,-0.220647,-0.781867,0.043370,0.043370,2.4849,2.4849,1,1,0.006704,0.00004495
1771742645.036379,16.720000,0.010000,0.006844,-0.028871,0.025003,1.4326,0.373844,-0.223998,-0.335068,0.039301,0.039301,2.2518,2.2518,1,1,0.006844,0.00004684
1771742645.046379,16.730000,0.010000,0.006997,-0.004186,0.020369,1.1671,-0.088827,-0.223439,0.055881,0.076450,0.076450,4.3803,4.3803,1,1,0.006997,0.00004895
1771742645.056379,16.740000,0.010000,0.007117,-0.031474,0.016067,0.9206,0.361124,-0.219459,0.397962,0.031181,0.031181,1.7866,1.7866,1,1,0.007117,0.00005065
1771742645.066379,16.750000,0.010000,0.007179,-0.022764,0.012443,0.7129,0.165957,-0.212486,0.697283,0.111890,0.111890,6.4108,6.4108,1,1,0.007179,0.00005154
1771742645.076379,16.760000,0.010000,0.007175,-0.045353,0.009621,0.5512,0.517777,-0.202895,0.959188,0.073399,0.073399,4.2055,4.2055,1,1,0.007175,0.00005147
1771742645.086379,16.770000,0.010000,0.007165,-0.027913,0.006462,0.3703,0.157383,-0.191011,1.188356,0.153021,0.153021,8.7675,8.7675,1,1,0.007165,0.00005133
1771742645.096379,16.780000,0.010000,0.007116,-0.050784,0.003545,0.2031,0.505493,-0.177122,1.388877,0.079344,0.079344,4.5461,4.5461,1,1,0.007116,0.00005063
1771742645.106379,16.790000,0.010000,0.006952,-0.059140,0.002142,0.1227,0.591252,-0.161479,1.564333,0.120061,0.120061,6.8790,6.8790,1,1,0.006952,0.00004833
1771742645.116379,16.800000,0.010000,0.006736,-0.064331,0.001138,0.0652,0.619870,-0.144300,1.717857,0.077617,0.077617,4.4471,4.4471,1,1,0.006736,0.00004537
1771742645.126379,16.810000,0.010000,0.006446,-0.077227,0.000906,0.0519,0.784629,-0.125778,1.852191,0.051245,0.051245,2.9361,2.9361,1,1,0.006446,0.00004156
1771742645.136379,16.820000,0.010000,0.006134,-0.074868,0.000846,0.0485,0.716967,-0.106081,1.969733,0.076399,0.076399,4.3773,4.3773,1,1,0.006134,0.00003763
1771742645.146379,16.830000,0.010000,0.005783,-0.084408,0.001116,0.0639,0.841520,-0.089690,1.639149,0.048471,0.048471,2.7772,2.7772,1,1,0.005783,0.00003344
1771742645.156379,16.840000,0.010000,0.005434,-0.083664,0.001723,0.0987,0.876438,-0.073057,1.663242,0.063022,0.063022,3.6109,3.6109,1,1,0.005434,0.00002953
1771742645.166379,16.850000,0.010000,0.005088,-0.083055,0.002573,0.1474,0.901390,-0.059012,1.404478,0.088978,0.088978,5.0981,5.0981,1,1,0.005088,0.00002589
1771742645.176379,16.860000,0.010000,0.004744,-0.082547,0.003596,0.2060,0.918850,-0.043233,1.577984,0.098307,0.098307,5.6326,5.6326,1,1,0.004744,0.00002251
1771742645.186379,16.870000,0.010000,0.004402,-0.082114,0.004739,0.2715,0.930668,-0.032916,1.031670,0.161810,0.161810,9.2710,9.2710,1,1,0.004402,0.00001938
1771742645.196379,16.880000,0.010000,0.004061,-0.081736,0.005963,0.3416,0.938225,-0.020398,1.251777,0.141439,0.141439,8.1039,8.1039,1,1,0.004061,0.00001649
1771742645.206379,16.890000,0.010000,0.003722,-0.081400,0.007236,0.4146,0.942557,-0.008673,1.172470,0.182366,0.182366,10.4488,10.4488,1,1,0.003722,0.00001385
1771742645.216379,16.900000,0.010000,0.003384,-0.081094,0.008537,0.4892,0.944433,0.005076,1.374977,0.209459,0.209459,12.0011,12.0011,1,1,0.003384,0.00001145
1771742645.226379,16.910000,0.010000,0.003047,-0.080811,0.009849,0.5643,0.944431,0.014360,0.928351,0.295727,0.295727,16.9439,16.9439,1,1,0.003047,0.00000929
1771742645.236379,16.920000,0.010000,0.002712,-0.080545,0.011157,0.6392,0.942980,0.025974,1.161373,0.239275,0.239275,13.7095,13.7095,1,1,0.002712,0.00000735
1771742645.246379,16.930000,0.010000,0.002377,-0.080291,0.012451,0.7134,0.940398,0.032645,0.667135,0.306637,0.306637,17.5690,17.5690,1,1,0.002377,0.00000565
1771742645.256379,16.940000,0.010000,0.002044,-0.080046,0.013725,0.7864,0.936923,0.034992,0.234678,0.233523,0.233523,13.3799,13.3799,1,1,0.002044,0.00000418
1771742645.266379,16.950000,0.010000,0.001711,-0.079783,0.014969,0.8576,0.932602,0.040168,0.517590,0.210494,0.210494,12.0604,12.0604,1,1,0.001711,0.00000293
1771742645.276379,16.960000,0.010000,0.001381,-0.079371,0.016171,0.9265,0.926885,0.041206,0.103826,0.229964,0.229964,13.1760,13.1760,1,1,0.001381,0.00000191
1771742645.286379,16.970000,0.010000,0.001057,-0.078596,0.017311,0.9918,0.918914,0.043933,0.272701,0.220016,0.220016,12.6060,12.6060,1,1,0.001057,0.00000112
1771742645.296379,16.980000,0.010000,0.000742,-0.077421,0.018370,1.0526,0.909006,0.049564,0.563066,0.216006,0.216006,12.3762,12.3762,1,1,0.000742,0.00000055
1771742645.306379,16.990000,0.010000,0.000439,-0.075919,0.019340,1.1081,0.898012,0.055657,0.609297,0.258511,0.258511,14.8116,14.8116,1,1,0.000439,0.00000019
1771742645.316379,17.000000,0.010000,0.000150,-0.074138,0.020213,1.1581,0.886456,0.064479,0.882201,0.271474,0.271474,15.5543,15.5543,1,1,0.000150,0.00000002
1771742645.326379,17.010000,0.010000,-0.000122,-0.072109,0.020988,1.2025,0.874655,0.074099,0.962012,0.305132,0.305132,17.4828,17.4828,1,1,0.000122,0.00000001
1771742645.336379,17.020000,0.010000,-0.000376,-0.069865,0.021664,1.2413,0.862849,0.086007,1.190826,0.313556,0.313556,17.9654,17.9654,1,1,0.000376,0.00000014
1771742645.346379,17.030000,0.010000,-0.000610,-0.067437,0.022243,1.2744,0.851279,0.099917,1.391039,0.316375,0.316375,18.1270,18.1270,1,1,0.000610,0.00000037
1771742645.356379,17.040000,0.010000,-0.000823,-0.064854,0.022729,1.3023,0.840125,0.115580,1.566225,0.307787,0.307787,17.6349,17.6349,1,1,0.000823,0.00000068
1771742645.366379,17.050000,0.010000,-0.001014,-0.062147,0.023125,1.3250,0.829541,0.131042,1.546199,0.279786,0.279786,16.0305,16.0305,1,1,0.001014,0.00000103
1771742645.376379,17.060000,0.010000,-0.001208,-0.062200,0.023919,1.3704,0.871206,0.148061,1.701990,0.225198,0.225198,12.9029,12.9029,1,1,0.001208,0.00000146
1771742645.386379,17.070000,0.010000,-0.001386,-0.060106,0.024777,1.4196,0.877329,0.159463,1.140175,0.133278,0.133278,7.6362,7.6362,1,1,0.001386,0.00000192
1771742645.396379,17.080000,0.010000,-0.001561,-0.059518,0.025981,1.4886,0.913575,0.165949,0.648587,0.049998,0.049998,2.8647,2.8647,1,1,0.001561,0.00000244
1771742645.406379,17.090000,0.010000,-0.001706,-0.055800,0.027036,1.5490,0.897097,0.173951,0.800192,-0.044230,-0.044230,-2.5342,-2.5342,1,1,0.001706,0.00000291
1771742645.416379,17.100000,0.010000,-0.001866,-0.057098,0.028809,1.6507,0.973675,0.179709,0.575810,-0.096620,-0.096620,-5.5359,-5.5359,1,1,0.001866,0.00000348
1771742645.426379,17.110000,0.010000,-0.001964,-0.050037,0.029940,1.7155,0.904427,0.184246,0.453707,-0.191366,-0.191366,-10.9645,-10.9645,1,1,0.001964,0.00000386
1771742645.436379,17.120000,0.010000,-0.002105,-0.054247,0.032337,1.8528,1.039992,0.191707,0.746059,-0.185200,-0.185200,-10.6112,-10.6112,1,1,0.002105,0.00000443
1771742645.446379,17.130000,0.010000,-0.002168,-0.045448,0.033868,1.9405,0.947235,0.201678,0.997087,-0.279244,-0.279244,-15.9995,-15.9995,1,1,0.002168,0.00000470
1771742645.456379,17.140000,0.010000,-0.002288,-0.051139,0.036981,2.1188,1.117007,0.213893,1.221517,-0.252764,-0.252764,-14.4823,-14.4823,1,1,0.002288,0.00000524
1771742645.466379,17.150000,0.010000,-0.002313,-0.040458,0.038992,2.2341,0.999265,0.226351,1.245787,-0.372935,-0.372935,-21.3676,-21.3676,1,1,0.002313,0.00000535
1771742645.476379,17.160000,0.010000,-0.002397,-0.046267,0.042683,2.4456,1.180036,0.237604,1.125310,-0.348531,-0.348531,-19.9694,-19.9694,1,1,0.002397,0.00000575
1771742645.486379,17.170000,0.010000,-0.002372,-0.034068,0.045106,2.5844,1.044704,0.246377,0.877286,-0.401571,-0.401571,-23.0083,-23.0083,1,1,0.002372,0.00000563
1771742645.496379,17.180000,0.010000,-0.002362,-0.035234,0.048518,2.7799,1.151991,0.250562,0.418559,-0.374948,-0.374948,-21.4830,-21.4830,1,1,0.002362,0.00000558
1771742645.506379,17.190000,0.010000,-0.002248,-0.023503,0.050814,2.9114,1.033533,0.250734,0.017174,-0.393391,-0.393391,-22.5396,-22.5396,1,1,0.002248,0.00000505
1771742645.516379,17.200000,0.010000,-0.002126,-0.022135,0.053743,3.0793,1.102951,0.247394,-0.334039,-0.362715,-0.362715,-20.7820,-20.7820,1,1,0.002126,0.00000452
1771742645.526379,17.210000,0.010000,-0.001910,-0.011602,0.055805,3.1974,1.011658,0.240980,-0.641350,-0.359259,-0.359259,-20.5840,-20.5840,1,1,0.001910,0.00000365
1771742645.536379,17.220000,0.010000,-0.001632,-0.004967,0.057511,3.2952,0.978820,0.231878,-0.910247,-0.307451,-0.307451,-17.6157,-17.6157,1,1,0.001632,0.00000266
1771742645.546379,17.230000,0.010000,-0.001308,-0.001235,0.058988,3.3798,0.964790,0.220422,-1.145532,-0.244876,-0.244876,-14.0304,-14.0304,1,1,0.001308,0.00000171
1771742645.556379,17.240000,0.010000,-0.000966,0.000003,0.060480,3.4653,0.976027,0.206908,-1.351406,-0.171677,-0.171677,-9.8364,-9.8364,1,1,0.000966,0.00000093
1771742645.566379,17.250000,0.010000,-0.000619,0.000005,0.062119,3.5592,0.998125,0.191593,-1.531546,-0.140336,-0.140336,-8.0407,-8.0407,1,1,0.000619,0.00000038
1771742645.576379,17.260000,0.010000,-0.000272,0.000006,0.063941,3.6636,1.020064,0.174701,-1.689169,-0.134961,-0.134961,-7.7327,-7.7327,1,1,0.000272,0.00000007
1771742645.586379,17.270000,0.010000,0.000075,0.000008,0.065948,3.7785,1.042089,0.156430,-1.827089,-0.140465,-0.140465,-8.0480,-8.0480,1,1,0.000075,0.00000001
1771742645.596379,17.280000,0.010000,0.000422,0.000010,0.068140,3.9041,1.064392,0.136952,-1.947768,-0.169810,-0.169810,-9.7294,-9.7294,1,1,0.000422,0.00000018
1771742645.606379,17.290000,0.010000,0.000768,0.000012,0.070522,4.0406,1.087122,0.116419,-2.053363,-0.198891,-0.198891,-11.3956,-11.3956,1,1,0.000768,0.00000059
1771742645.616379,17.300000,0.010000,0.001115,0.000014,0.073098,4.1882,1.110402,0.094961,-2.145759,-0.207715,-0.207715,-11.9012,-11.9012,1,1,0.001115,0.00000124
1771742645.626379,17.310000,0.010000,0.001461,0.000016,0.075874,4.3472,1.134329,0.072695,-2.226605,-0.200905,-0.200905,-11.5110,-11.5110,1,1,0.001461,0.00000214
1771742645.636379,17.320000,0.010000,0.001808,0.000015,0.078190,4.4800,0.999695,0.049722,-2.297345,-0.186061,-0.186061,-10.6605,-10.6605,1,1,0.001808,0.00000327
1771742645.646379,17.330000,0.010000,0.002147,0.000015,0.079841,4.5745,0.943170,0.026129,-2.359243,-0.140398,-0.140398,-8.0442,-8.0442,1,1,0.002147,0.00000461
1771742645.656379,17.340000,0.010000,0.002482,0.000013,0.080756,4.6270,0.807799,0.001995,-2.413403,-0.091725,-0.091725,-5.2555,-5.2555,1,1,0.002482,0.00000616
1771742645.666379,17.350000,0.010000,0.002811,0.000013,0.081015,4.6418,0.755082,-0.022613,-2.460794,-0.030161,-0.030161,-1.7281,-1.7281,1,1,0.002811,0.00000790
1771742645.676379,17.360000,0.010000,0.003135,0.000010,0.080548,4.6151,0.619704,-0.047635,-2.502260,-0.003105,-0.003105,-0.1779,-0.1779,1,1,0.003135,0.00000983
1771742645.686379,17.370000,0.010000,0.003453,0.000011,0.079651,4.5637,0.622375,-0.066039,-1.840412,-0.016248,-0.016248,-0.9309,-0.9309,1,1,0.003453,0.00001192
1771742645.696379,17.380000,0.010000,0.003769,0.000010,0.078387,4.4913,0.529032,-0.078652,-1.261295,-0.050262,-0.050262,-2.8798,-2.8798,1,1,0.003769,0.00001421
1771742645.706379,17.390000,0.010000,0.004080,0.000011,0.077006,4.4121,0.573416,-0.086198,-0.754567,-0.106567,-0.106567,-6.1058,-6.1058,1,1,0.004080,0.00001665
1771742645.716379,17.400000,0.010000,0.004392,0.000010,0.075411,4.3207,0.483227,-0.092981,-0.678337,-0.140974,-0.140974,-8.0772,-8.0772,1,1,0.004392,0.00001929
1771742645.726379,17.410000,0.010000,0.004698,0.000011,0.073647,4.2197,0.513087,-0.102407,-0.942611,-0.131767,-0.131767,-7.5497,-7.5497,1,1,0.004698,0.00002208
1771742645.736379,17.420000,0.010000,0.005005,0.000009,0.071543,4.0991,0.404577,-0.114146,-1.173850,-0.083890,-0.083890,-4.8065,-4.8065,1,1,0.005005,0.00002505
1771742645.746379,17.430000,0.010000,0.005306,0.000010,0.069233,3.9668,0.440410,-0.125842,-1.169607,-0.042751,-0.042751,-2.4495,-2.4495,1,1,0.005306,0.00002815
1771742645.756379,17.440000,0.010000,0.005607,0.000008,0.066664,3.8196,0.346888,-0.135225,-0.938290,-0.013043,-0.013043,-0.7473,-0.7473,1,1,0.005607,0.00003144
1771742645.766379,17.450000,0.010000,0.005896,-0.001573,0.064095,3.6724,0.420570,-0.141579,-0.635452,-0.010867,-0.010867,-0.6227,-0.6227,1,1,0.005896,0.00003476
1771742645.776379,17.460000,0.010000,0.006187,0.000008,0.061370,3.5162,0.321128,-0.143649,-0.206954,-0.023214,-0.023214,-1.3301,-1.3301,1,1,0.006187,0.00003828
1771742645.786379,17.470000,0.010000,0.006439,-0.009505,0.059155,3.3893,0.522173,-0.141969,0.167981,-0.032890,-0.032890,-1.8845,-1.8845,1,1,0.006439,0.00004147
1771742645.796379,17.480000,0.010000,0.006700,0.000006,0.056449,3.2343,0.239531,-0.137009,0.496049,-0.089059,-0.089059,-5.1027,-5.1027,1,1,0.006700,0.00004488
1771742645.806379,17.490000,0.010000,0.006905,-0.019477,0.054320,3.1123,0.605256,-0.129178,0.783109,-0.030860,-0.030860,-1.7681,-1.7681,1,1,0.006905,0.00004768
1771742645.816379,17.500000,0.010000,0.007125,0.000005,0.051943,2.9761,0.247759,-0.118835,1.034286,-0.244285,-0.244285,-13.9965,-13.9965,1,1,0.007125,0.00005076
1771742645.826379,17.510000,0.010000,0.007326,-0.020033,0.049885,2.8582,0.612802,-0.110263,0.857160,-0.130432,-0.130432,-7.4732,-7.4732,1,1,0.007326,0.00005367
1771742645.836379,17.520000,0.010000,0.007510,-0.007860,0.048194,2.7613,0.403405,-0.106254,0.400949,-0.286811,-0.286811,-16.4331,-16.4331,1,1,0.007510,0.00005639
1771742645.846379,17.530000,0.010000,0.007660,-0.025541,0.047108,2.6991,0.716997,-0.106236,0.001765,-0.119652,-0.119652,-6.8555,-6.8555,1,1,0.007660,0.00005868
1771742645.856379,17.540000,0.010000,0.007856,0.000005,0.044922,2.5739,0.197340,-0.109427,-0.319137,-0.073781,-0.073781,-4.2274,-4.2274,1,1,0.007856,0.00006172
1771742645.866379,17.550000,0.010000,0.008043,-0.022197,0.042597,2.4406,0.584073,-0.108729,0.069821,0.056432,0.056432,3.2333,3.2333,1,1,0.008043,0.00006470
1771742645.876379,17.560000,0.010000,0.008158,-0.021042,0.041452,2.3750,0.552313,-0.104628,0.410159,-0.058263,-0.058263,-3.3382,-3.3382,1,1,0.008158,0.00006656
1771742645.886379,17.570000,0.010000,0.008235,-0.030922,0.040869,2.3416,0.712073,-0.097548,0.707955,-0.145637,-0.145637,-8.3444,-8.3444,1,1,0.008235,0.00006782
1771742645.896379,17.580000,0.010000,0.008328,-0.018628,0.039861,2.2838,0.479565,-0.087863,0.968526,-0.265516,-0.265516,-15.2129,-15.2129,1,1,0.008328,0.00006936
1771742645.906379,17.590000,0.010000,0.008389,-0.036205,0.039284,2.2508,0.771291,-0.079782,0.808107,-0.235813,-0.235813,-13.5111,-13.5111,1,1,0.008389,0.00007038
1771742645.916379,17.600000,0.010000,0.008441,-0.023811,0.038689,2.2167,0.532825,-0.073920,0.586143,-0.314714,-0.314714,-18.0318,-18.0318,1,1,0.008441,0.00007126
1771742645.926379,17.610000,0.010000,0.008464,-0.040557,0.038444,2.2027,0.806809,-0.072282,0.163810,-0.212878,-0.212878,-12.1970,-12.1970,1,1,0.008464,0.00007164
1771742645.936379,17.620000,0.010000,0.008488,-0.026615,0.037996,2.1770,0.538996,-0.067358,0.492399,-0.139596,-0.139596,-7.9982,-7.9982,1,1,0.008488,0.00007204
1771742645.946379,17.630000,0.010000,0.008487,-0.043325,0.037790,2.1652,0.810858,-0.066540,0.081784,-0.188133,-0.188133,-10.7792,-10.7792,1,1,0.008487,0.00007204
1771742645.956379,17.640000,0.010000,0.008494,-0.027819,0.037254,2.1345,0.514401,-0.069315,-0.277505,-0.109938,-0.109938,-6.2990,-6.2990,1,1,0.008494,0.00007215
1771742645.966379,17.650000,0.010000,0.008481,-0.045026,0.036893,2.1138,0.794015,-0.075234,-0.591883,0.029651,0.029651,1.6989,1.6989,1,1,0.008481,0.00007192
1771742645.976379,17.660000,0.010000,0.008488,-0.025819,0.035953,2.0600,0.431452,-0.080786,-0.555221,0.026997,0.026997,1.5468,1.5468,1,1,0.008488,0.00007205
1771742645.986379,17.670000,0.010000,0.008481,-0.044634,0.035075,2.0097,0.738064,-0.082154,-0.136753,0.085207,0.085207,4.8820,4.8820,1,1,0.008481,0.00007193
1771742645.996379,17.680000,0.010000,0.008439,-0.037465,0.034581,1.9814,0.584570,-0.079860,0.229407,-0.010027,-0.010027,-0.5745,-0.5745,1,1,0.008439,0.00007122
1771742646.006379,17.690000,0.010000,0.008354,-0.053302,0.034623,1.9837,0.836019,-0.077160,0.269966,-0.067883,-0.067883,-3.8894,-3.8894,1,1,0.008354,0.00006979
1771742646.016379,17.700000,0.010000,0.008311,-0.030161,0.033685,1.9300,0.401421,-0.078289,-0.112846,-0.110868,-0.110868,-6.3522,-6.3522,1,1,0.008311,0.00006907
1771742646.026379,17.710000,0.010000,0.008266,-0.049353,0.032586,1.8670,0.713057,-0.082767,-0.447806,0.078709,0.078709,4.5097,4.5097,1,1,0.008266,0.00006832
1771742646.036379,17.720000,0.010000,0.008184,-0.042138,0.031877,1.8264,0.556895,-0.090176,-0.740896,0.048001,0.048001,2.7502,2.7502,1,1,0.008184,0.00006698
1771742646.046379,17.730000,0.010000,0.008064,-0.056959,0.031608,1.8110,0.788889,-0.100149,-0.997350,0.049182,0.049182,2.8179,2.8179,1,1,0.008064,0.00006503
1771742646.056379,17.740000,0.010000,0.008035,-0.023010,0.029492,1.6898,0.162252,-0.112367,-1.221747,0.001976,0.001976,0.1132,0.1132,1,1,0.008035,0.00006455
1771742646.066379,17.750000,0.010000,0.008022,-0.046479,0.026867,1.5394,0.547169,-0.119566,-0.719963,0.106436,0.106436,6.0983,6.0983,1,1,0.008022,0.00006435
1771742646.076379,17.760000,0.010000,0.007916,-0.049230,0.025592,1.4663,0.560977,-0.128137,-0.857079,0.030642,0.030642,1.7557,1.7557,1,1,0.007916,0.00006266
1771742646.086379,17.770000,0.010000,0.007805,-0.048143,0.024123,1.3821,0.506089,-0.132146,-0.400878,0.040832,0.040832,2.3395,2.3395,1,1,0.007805,0.00006091
1771742646.096379,17.780000,0.010000,0.007654,-0.058107,0.023039,1.3200,0.644776,-0.132163,-0.001703,0.050560,0.050560,2.8969,2.8969,1,1,0.007654,0.00005858
1771742646.106379,17.790000,0.010000,0.007516,-0.046651,0.021407,1.2265,0.404931,-0.128687,0.347576,0.035907,0.035907,2.0573,2.0573,1,1,0.007516,0.00005649
1771742646.116379,17.800000,0.010000,0.007340,-0.064936,0.020148,1.1544,0.689328,-0.122155,0.653195,0.067749,0.067749,3.8817,3.8817,1,1,0.007340,0.00005387
1771742646.126379,17.810000,0.010000,0.007128,-0.058343,0.019173,1.0985,0.532791,-0.112949,0.920611,-0.028624,-0.028624,-1.6400,-1.6400,1,1,0.007128,0.00005081
1771742646.136379,17.820000,0.010000,0.006874,-0.073673,0.018633,1.0676,0.764287,-0.107316,0.563326,-0.043020,-0.043020,-2.4648,-2.4648,1,1,0.006874,0.00004725
1771742646.146379,17.830000,0.010000,0.006624,-0.059904,0.017672,1.0125,0.482226,-0.105877,0.143844,-0.012123,-0.012123,-0.6946,-0.6946,1,1,0.006624,0.00004388
1771742646.156379,17.840000,0.010000,0.006355,-0.075514,0.016751,0.9598,0.721222,-0.101128,0.474930,0.134356,0.134356,7.6980,7.6980,1,1,0.006355,0.00004038
1771742646.166379,17.850000,0.010000,0.006022,-0.079889,0.016818,0.9636,0.782496,-0.093482,0.764629,0.036917,0.036917,2.1152,2.1152,1,1,0.006022,0.00003626
1771742646.176379,17.860000,0.010000,0.005684,-0.081122,0.017186,0.9847,0.830283,-0.083301,1.018117,-0.035315,-0.035315,-2.0234,-2.0234,1,1,0.005684,0.00003231
1771742646.186379,17.870000,0.010000,0.005347,-0.080847,0.017808,1.0203,0.859426,-0.072641,1.065962,-0.052755,-0.052755,-3.0226,-3.0226,1,1,0.005347,0.00002859
1771742646.196379,17.880000,0.010000,0.005002,-0.082737,0.018791,1.0767,0.920618,-0.059823,1.281782,-0.038450,-0.038450,-2.2030,-2.2030,1,1,0.005002,0.00002502
1771742646.206379,17.890000,0.010000,0.004664,-0.081215,0.020005,1.1462,0.936100,-0.048515,1.130821,-0.018767,-0.018767,-1.0752,-1.0752,1,1,0.004664,0.00002175
1771742646.216379,17.900000,0.010000,0.004324,-0.081566,0.021439,1.2284,0.966909,-0.037347,1.116843,-0.015132,-0.015132,-0.8670,-0.8670,1,1,0.004324,0.00001870
1771742646.226379,17.910000,0.010000,0.003986,-0.081057,0.023043,1.3203,0.984195,-0.026358,1.098832,-0.005455,-0.005455,-0.3126,-0.3126,1,1,0.003986,0.00001589
1771742646.236379,17.920000,0.010000,0.003650,-0.080613,0.024771,1.4193,0.996546,-0.018575,0.778313,0.027588,0.027588,1.5807,1.5807,1,1,0.003650,0.00001332
1771742646.246379,17.930000,0.010000,0.003316,-0.080218,0.026587,1.5233,1.005196,-0.008274,1.030089,-0.007982,-0.007982,-0.4573,-0.4573,1,1,0.003316,0.00001100
1771742646.256379,17.940000,0.010000,0.002983,-0.079858,0.028467,1.6311,1.011066,-0.002752,0.552262,0.074861,0.074861,4.2892,4.2892,1,1,0.002983,0.00000890
1771742646.266379,17.950000,0.010000,0.002653,-0.079439,0.030387,1.7410,1.014392,-0.001410,0.134164,-0.017384,-0.017384,-0.9960,-0.9960,1,1,0.002653,0.00000704
1771742646.276379,17.960000,0.010000,0.002328,-0.078600,0.032309,1.8512,1.013860,-0.002749,-0.133914,-0.026419,-0.026419,-1.5137,-1.5137,1,1,0.002328,0.00000542
1771742646.286379,17.970000,0.010000,0.002014,-0.077193,0.034201,1.9596,1.009651,-0.000430,0.231891,-0.009258,-0.009258,-0.5304,-0.5304,1,1,0.002014,0.00000406
1771742646.296379,17.980000,0.010000,0.001714,-0.075343,0.036043,2.0651,1.003391,0.004238,0.466843,-0.070734,-0.070734,-4.0527,-4.0527,1,1,0.001714,0.00000294
1771742646.306379,17.990000,0.010000,0.001433,-0.073104,0.037823,2.1671,0.995935,0.004832,0.059422,-0.075544,-0.075544,-4.3284,-4.3284,1,1,0.001433,0.00000205
1771742646.316379,18.000000,0.010000,0.001173,-0.070532,0.039537,2.2653,0.987974,0.001862,-0.297072,-0.078902,-0.078902,-4.5208,-4.5208,1,1,0.001173,0.00000138
1771742646.326379,18.010000,0.010000,0.000935,-0.067671,0.041183,2.3596,0.979988,-0.003177,-0.503892,-0.053513,-0.053513,-3.0661,-3.0661,1,1,0.000935,0.00000088
1771742646.336379,18.020000,0.010000,0.000724,-0.064561,0.042764,2.4502,0.972341,-0.005126,-0.194868,-0.032727,-0.032727,-1.8751,-1.8751,1,1,0.000724,0.00000052
1771742646.346379,18.030000,0.010000,0.000539,-0.061236,0.044284,2.5373,0.965303,-0.006377,-0.125073,-0.105963,-0.105963,-6.0712,-6.0712,1,1,0.000539,0.00000029
1771742646.356379,18.040000,0.010000,0.000384,-0.057729,0.045750,2.6213,0.959090,-0.006261,0.011516,-0.141090,-0.141090,-8.0838,-8.0838,1,1,0.000384,0.00000015
1771742646.366379,18.050000,0.010000,0.000259,-0.054069,0.047170,2.7027,0.953878,-0.002670,0.359142,-0.191701,-0.191701,-10.9836,-10.9836,1,1,0.000259,0.00000007
1771742646.376379,18.060000,0.010000,0.000165,-0.050284,0.048554,2.7819,0.949814,-0.003018,-0.034816,-0.245534,-0.245534,-14.0681,-14.0681,1,1,0.000165,0.00000003
1771742646.386379,18.070000,0.010000,0.000103,-0.046401,0.049912,2.8597,0.947023,0.000168,0.318602,-0.223781,-0.223781,-12.8217,-12.8217,1,1,0.000103,0.00000001
1771742646.396379,18.080000,0.010000,0.000074,-0.042446,0.051255,2.9367,0.945615,-0.000535,-0.070290,-0.286671,-0.286671,-16.4250,-16.4250,1,1,0.000074,0.00000001
1771742646.406379,18.090000,0.010000,0.000078,-0.038443,0.052595,3.0135,0.945682,-0.003770,-0.323545,-0.253348,-0.253348,-14.5158,-14.5158,1,1,0.000078,0.00000001
1771742646.416379,18.100000,0.010000,0.000116,-0.034415,0.053946,3.0909,0.947305,-0.004456,-0.068595,-0.237553,-0.237553,-13.6108,-13.6108,1,1,0.000116,0.00000001
1771742646.426379,18.110000,0.010000,0.000198,-0.027963,0.055138,3.1592,0.906985,-0.008547,-0.409087,-0.292243,-0.292243,-16.7443,-16.7443,1,1,0.000198,0.00000004
1771742646.436379,18.120000,0.010000,0.000324,-0.023189,0.056164,3.2179,0.897897,-0.015617,-0.707017,-0.257320,-0.257320,-14.7433,-14.7433,1,1,0.000324,0.00000011
1771742646.446379,18.130000,0.010000,0.000507,-0.014204,0.056814,3.2552,0.813442,-0.023528,-0.791058,-0.214085,-0.214085,-12.2662,-12.2662,1,1,0.000507,0.00000026
1771742646.456379,18.140000,0.010000,0.000727,-0.013304,0.057440,3.2911,0.873604,-0.027276,-0.374809,-0.174942,-0.174942,-10.0234,-10.0234,1,1,0.000727,0.00000053
1771742646.466379,18.150000,0.010000,0.000976,-0.007555,0.058012,3.3238,0.809382,-0.027958,-0.068140,-0.264059,-0.264059,-15.1295,-15.1295,1,1,0.000976,0.00000095
1771742646.476379,18.160000,0.010000,0.001246,-0.007524,0.058658,3.3609,0.876207,-0.032044,-0.408689,-0.312317,-0.312317,-17.8945,-17.8945,1,1,0.001246,0.00000155
1771742646.486379,18.170000,0.010000,0.001550,0.000009,0.058784,3.3681,0.694176,-0.039111,-0.706668,-0.259540,-0.259540,-14.8705,-14.8705,1,1,0.001550,0.00000240
1771742646.496379,18.180000,0.010000,0.001863,-0.002954,0.058822,3.3702,0.816632,-0.048785,-0.967401,-0.165211,-0.165211,-9.4659,-9.4659,1,1,0.001863,0.00000347
1771742646.506379,18.190000,0.010000,0.002180,0.000009,0.058470,3.3501,0.620863,-0.060741,-1.195542,-0.118253,-0.118253,-6.7754,-6.7754,1,1,0.002180,0.00000475
1771742646.516379,18.200000,0.010000,0.002481,-0.004711,0.058086,3.3281,0.768131,-0.074692,-1.395165,-0.057575,-0.057575,-3.2988,-3.2988,1,1,0.002481,0.00000615
1771742646.526379,18.210000,0.010000,0.002810,0.005560,0.056693,3.2483,0.403831,-0.090391,-1.569835,0.029318,0.029318,1.6798,1.6798,1,1,0.002810,0.00000789
1771742646.536379,18.220000,0.010000,0.003120,-0.004998,0.055100,3.1570,0.647086,-0.107617,-1.722671,0.014597,0.014597,0.8363,0.8363,1,1,0.003120,0.00000974
1771742646.546379,18.230000,0.010000,0.003433,0.003782,0.052907,3.0314,0.304205,-0.123859,-1.624201,0.088507,0.088507,5.0711,5.0711,1,1,0.003433,0.00001178
1771742646.556379,18.240000,0.010000,0.003709,-0.009733,0.050755,2.9081,0.588795,-0.141562,-1.770242,0.083668,0.083668,4.7938,4.7938,1,1,0.003709,0.00001376
1771742646.566379,18.250000,0.010000,0.004008,0.006346,0.047556,2.7248,0.105415,-0.156031,-1.446976,0.074101,0.074101,4.2457,4.2457,1,1,0.004008,0.00001606
1771742646.576379,18.260000,0.010000,0.004275,-0.011991,0.044226,2.5339,0.463070,-0.165202,-0.917038,0.104026,0.104026,5.9602,5.9602,1,1,0.004275,0.00001827
1771742646.586379,18.270000,0.010000,0.004529,0.000004,0.040999,2.3491,0.197498,-0.169735,-0.453342,0.063979,0.063979,3.6657,3.6657,1,1,0.004529,0.00002052
1771742646.596379,18.280000,0.010000,0.004749,-0.017487,0.038247,2.1914,0.525162,-0.177193,-0.745740,0.084749,0.084749,4.8558,4.8558,1,1,0.004749,0.00002255
1771742646.606379,18.290000,0.010000,0.004981,0.000002,0.034448,1.9737,0.007685,-0.187209,-1.001589,0.061956,0.061956,3.5498,3.5498,1,1,0.004981,0.00002481
1771742646.616379,18.300000,0.010000,0.005172,-0.021963,0.030548,1.7503,0.401633,-0.196250,-0.904144,0.079848,0.079848,4.5750,4.5750,1,1,0.005172,0.00002675
1771742646.626379,18.310000,0.010000,0.005360,-0.004403,0.026661,1.5276,0.085955,-0.200671,-0.442060,0.063893,0.063893,3.6608,3.6608,1,1,0.005360,0.00002873
1771742646.636379,18.320000,0.010000,0.005519,-0.025586,0.023230,1.3310,0.450796,-0.201048,-0.037737,0.066873,0.066873,3.8316,3.8316,1,1,0.005519,0.00003046
1771742646.646379,18.330000,0.010000,0.005684,-0.006356,0.019534,1.1192,0.091911,-0.197887,0.316046,0.096004,0.096004,5.5006,5.5006,1,1,0.005684,0.00003231
1771742646.656379,18.340000,0.010000,0.005823,-0.028060,0.016129,0.9241,0.452485,-0.191631,0.625606,0.078475,0.078475,4.4963,4.4963,1,1,0.005823,0.00003391
1771742646.666379,18.350000,0.010000,0.005905,-0.023514,0.013474,0.7720,0.340426,-0.182667,0.896471,0.124209,0.124209,7.1166,7.1166,1,1,0.005905,0.00003487
1771742646.676379,18.360000,0.010000,0.005929,-0.040896,0.011570,0.6629,0.612214,-0.171332,1.133478,0.084247,0.084247,4.8270,4.8270,1,1,0.005929,0.00003515
1771742646.686379,18.370000,0.010000,0.005948,-0.027504,0.009414,0.5394,0.334989,-0.157923,1.340859,0.142400,0.142400,8.1589,8.1589,1,1,0.005948,0.00003538
1771742646.696379,18.380000,0.010000,0.005937,-0.045146,0.007455,0.4271,0.604992,-0.142700,1.522318,0.053144,0.053144,3.0449,3.0449,1,1,0.005937,0.00003524
1771742646.706379,18.390000,0.010000,0.005816,-0.056747,0.007053,0.4041,0.763707,-0.125889,1.681094,0.019973,0.019973,1.1444,1.1444,1,1,0.005816,0.00003382
1771742646.716379,18.400000,0.010000,0.005673,-0.052081,0.006639,0.3804,0.634060,-0.107689,1.820023,-0.007307,-0.007307,-0.4186,-0.4186,1,1,0.005673,0.00003218
1771742646.726379,18.410000,0.010000,0.005496,-0.063630,0.006452,0.3697,0.792929,-0.088273,1.941586,-0.072545,-0.072545,-4.1565,-4.1565,1,1,0.005496,0.00003020
1771742646.736379,18.420000,0.010000,0.005245,-0.071760,0.007193,0.4121,0.891588,-0.069495,1.877861,-0.003345,-0.003345,-0.1917,-0.1917,1,1,0.005245,0.00002751
1771742646.746379,18.430000,0.010000,0.004940,-0.077636,0.008514,0.4878,0.953083,-0.050827,1.866785,0.076914,0.076914,4.4069,4.4069,1,1,0.004940,0.00002441
1771742646.756379,18.440000,0.010000,0.004601,-0.081493,0.010167,0.5825,0.987734,-0.036487,1.433999,0.158236,0.158236,9.0663,9.0663,1,1,0.004601,0.00002117
1771742646.766379,18.450000,0.010000,0.004262,-0.081189,0.011852,0.6790,0.990347,-0.023567,1.292000,0.148834,0.148834,8.5276,8.5276,1,1,0.004262,0.00001817
1771742646.776379,18.460000,0.010000,0.003925,-0.080903,0.013554,0.7766,0.991358,-0.008771,1.479566,0.163589,0.163589,9.3730,9.3730,1,1,0.003925,0.00001541
1771742646.786379,18.470000,0.010000,0.003589,-0.080630,0.015263,0.8745,0.991142,0.002135,1.090573,0.246096,0.246096,14.1002,14.1002,1,1,0.003589,0.00001288
1771742646.796379,18.480000,0.010000,0.003254,-0.080368,0.016969,0.9723,0.989980,0.015168,1.303317,0.210490,0.210490,12.0602,12.0602,1,1,0.003254,0.00001059
1771742646.806379,18.490000,0.010000,0.002920,-0.080112,0.018667,1.0696,0.988080,0.023803,0.863488,0.275345,0.275345,15.7761,15.7761,1,1,0.002920,0.00000853
1771742646.816379,18.500000,0.010000,0.002588,-0.079861,0.020351,1.1660,0.985599,0.034849,1.104618,0.217392,0.217392,12.4556,12.4556,1,1,0.002588,0.00000670
1771742646.826379,18.510000,0.010000,0.002257,-0.079505,0.022011,1.2612,0.982067,0.041024,0.617474,0.279682,0.279682,16.0246,16.0246,1,1,0.002257,0.00000509
1771742646.836379,18.520000,0.010000,0.001930,-0.078888,0.023633,1.3541,0.976859,0.042936,0.191224,0.200716,0.200716,11.5002,11.5002,1,1,0.001930,0.00000373
1771742646.846379,18.530000,0.010000,0.001612,-0.077797,0.025193,1.4434,0.969214,0.041118,-0.181745,0.126814,0.126814,7.2659,7.2659,1,1,0.001612,0.00000260
1771742646.856379,18.540000,0.010000,0.001306,-0.076313,0.026678,1.5285,0.960163,0.036038,-0.508092,0.110601,0.110601,6.3370,6.3370,1,1,0.001306,0.00000170
1771742646.866379,18.550000,0.010000,0.001014,-0.074501,0.028082,1.6090,0.950423,0.031115,-0.492288,0.096700,0.096700,5.5405,5.5405,1,1,0.001014,0.00000103
1771742646.876379,18.560000,0.010000,0.000739,-0.072391,0.029402,1.6846,0.940344,0.030298,-0.081686,0.091239,0.091239,5.2276,5.2276,1,1,0.000739,0.00000055
1771742646.886379,18.570000,0.010000,0.000483,-0.070017,0.030638,1.7554,0.930267,0.033074,0.277591,0.080172,0.080172,4.5935,4.5935,1,1,0.000483,0.00000023
1771742646.896379,18.580000,0.010000,0.000249,-0.067414,0.031790,1.8214,0.920464,0.038993,0.591958,0.043353,0.043353,2.4839,2.4839,1,1,0.000249,0.00000006
1771742646.906379,18.590000,0.010000,0.000037,-0.064613,0.032863,1.8829,0.911136,0.047664,0.867029,0.101581,0.101581,5.8202,5.8202,1,1,0.000037,0.00000000
1771742646.916379,18.600000,0.010000,-0.000150,-0.061639,0.033862,1.9402,0.902415,0.058741,1.107716,0.172075,0.172075,9.8592,9.8592,1,1,0.000150,0.00000002
1771742646.926379,18.610000,0.010000,-0.000311,-0.058520,0.034793,1.9935,0.894450,0.071924,1.318317,0.209058,0.209058,11.9781,11.9781,1,1,0.000311,0.00000010
1771742646.936379,18.620000,0.010000,-0.000445,-0.055284,0.035663,2.0434,0.887378,0.086950,1.502594,0.192975,0.192975,11.0567,11.0567,1,1,0.000445,0.00000020
1771742646.946379,18.630000,0.010000,-0.000552,-0.051955,0.036481,2.0902,0.881311,0.103255,1.630521,0.182353,0.182353,10.4480,10.4480,1,1,0.000552,0.00000031
1771742646.956379,18.640000,0.010000,-0.000631,-0.048560,0.037255,2.1345,0.876347,0.121013,1.775772,0.100637,0.100637,5.7661,5.7661,1,1,0.000631,0.00000040
1771742646.966379,18.650000,0.010000,-0.000681,-0.045121,0.037995,2.1769,0.872572,0.133060,1.204735,-0.037674,-0.037674,-2.1586,-2.1586,1,1,0.000681,0.00000046
1771742646.976379,18.660000,0.010000,-0.000703,-0.041661,0.038711,2.2180,0.870056,0.140111,0.705077,-0.087636,-0.087636,-5.0212,-5.0212,1,1,0.000703,0.00000049
1771742646.986379,18.670000,0.010000,-0.000695,-0.038200,0.039415,2.2583,0.868863,0.142790,0.267877,-0.132577,-0.132577,-7.5961,-7.5961,1,1,0.000695,0.00000048
1771742646.996379,18.680000,0.010000,-0.000659,-0.034759,0.040117,2.2985,0.869043,0.141643,-0.114674,-0.155815,-0.155815,-8.9275,-8.9275,1,1,0.000659,0.00000043
1771742647.006379,18.690000,0.010000,-0.000594,-0.031355,0.040830,2.3394,0.870640,0.137149,-0.449405,-0.157572,-0.157572,-9.0282,-9.0282,1,1,0.000594,0.00000035
1771742647.016379,18.700000,0.010000,-0.000502,-0.028005,0.041564,2.3815,0.873686,0.130027,-0.712209,-0.124148,-0.124148,-7.1132,-7.1132,1,1,0.000502,0.00000025
1771742647.026379,18.710000,0.010000,-0.000381,-0.024723,0.042334,2.4255,0.878208,0.120304,-0.972248,-0.117809,-0.117809,-6.7500,-6.7500,1,1,0.000381,0.00000015
1771742647.036379,18.720000,0.010000,-0.000234,-0.021523,0.043150,2.4723,0.884222,0.115288,-0.501651,-0.114354,-0.114354,-6.5520,-6.5520,1,1,0.000234,0.00000005
1771742647.046379,18.730000,0.010000,-0.000061,-0.018415,0.044025,2.5225,0.891740,0.114389,-0.089879,-0.189290,-0.189290,-10.8455,-10.8455,1,1,0.000061,0.00000000
1771742647.056379,18.740000,0.010000,0.000137,-0.015409,0.044973,2.5767,0.900763,0.117093,0.270422,-0.234954,-0.234954,-13.4619,-13.4619,1,1,0.000137,0.00000002
1771742647.066379,18.750000,0.010000,0.000360,-0.012511,0.046005,2.6359,0.911286,0.122950,0.585685,-0.269049,-0.269049,-15.4153,-15.4153,1,1,0.000360,0.00000013
1771742647.076379,18.760000,0.010000,0.000605,-0.010091,0.047143,2.7011,0.925357,0.130375,0.742535,-0.289956,-0.289956,-16.6133,-16.6133,1,1,0.000605,0.00000037
1771742647.086379,18.770000,0.010000,0.000864,-0.009005,0.048432,2.7750,0.947288,0.133382,0.300652,-0.298716,-0.298716,-17.1151,-17.1151,1,1,0.000864,0.00000075
1771742647.096379,18.780000,0.010000,0.001132,-0.007912,0.049896,2.8588,0.967916,0.132522,-0.085995,-0.284009,-0.284009,-16.2725,-16.2725,1,1,0.001132,0.00000128
1771742647.106379,18.790000,0.010000,0.001410,-0.006832,0.051528,2.9523,0.987954,0.128279,-0.424312,-0.267071,-0.267071,-15.3020,-15.3020,1,1,0.001410,0.00000199
1771742647.116379,18.800000,0.010000,0.001696,-0.005783,0.053327,3.0554,1.007923,0.121075,-0.720339,-0.250139,-0.250139,-14.3319,-14.3319,1,1,0.001696,0.00000288
1771742647.126379,18.810000,0.010000,0.001991,-0.004772,0.055294,3.1681,1.028154,0.111282,-0.979362,-0.244205,-0.244205,-13.9919,-13.9919,1,1,0.001991,0.00000396
1771742647.136379,18.820000,0.010000,0.002294,-0.003799,0.057433,3.2907,1.048849,0.099222,-1.206008,-0.252715,-0.252715,-14.4795,-14.4795,1,1,0.002294,0.00000526
1771742647.146379,18.830000,0.010000,0.002605,-0.002866,0.059750,3.4234,1.070180,0.085179,-1.404323,-0.255023,-0.255023,-14.6118,-14.6118,1,1,0.002605,0.00000678
1771742647.156379,18.840000,0.010000,0.002923,-0.001970,0.062251,3.5667,1.092245,0.069400,-1.577848,-0.252969,-0.252969,-14.4941,-14.4941,1,1,0.002923,0.00000854
1771742647.166379,18.850000,0.010000,0.003249,-0.001099,0.064942,3.7209,1.115068,0.052103,-1.729683,-0.239365,-0.239365,-13.7146,-13.7146,1,1,0.003249,0.00001055
1771742647.176379,18.860000,0.010000,0.003582,0.000020,0.067016,3.8397,0.943091,0.033478,-1.862538,-0.223386,-0.223386,-12.7991,-12.7991,1,1,0.003582,0.00001283
1771742647.186379,18.870000,0.010000,0.003912,0.000022,0.068611,3.9311,0.961944,0.013690,-1.978787,-0.167744,-0.167744,-9.6110,-9.6110,1,1,0.003912,0.00001530
1771742647.196379,18.880000,0.010000,0.004251,0.002261,0.069446,3.9790,0.759714,-0.007115,-2.080504,-0.120216,-0.120216,-6.8879,-6.8879,1,1,0.004251,0.00001807
1771742647.206379,18.890000,0.010000,0.004579,0.000020,0.069892,4.0045,0.824964,-0.028810,-2.169507,-0.038801,-0.038801,-2.2232,-2.2232,1,1,0.004579,0.00002097
1771742647.216379,18.900000,0.010000,0.004932,0.007779,0.069315,3.9715,0.522644,-0.051284,-2.247385,0.048153,0.048153,2.7590,2.7590,1,1,0.004932,0.00002433
1771742647.226379,18.910000,0.010000,0.005257,-0.003357,0.068786,3.9412,0.774699,-0.074439,-2.315527,-0.013667,-0.013667,-0.7831,-0.7831,1,1,0.005257,0.00002763
1771742647.236379,18.920000,0.010000,0.005661,0.024569,0.066310,3.7993,0.099787,-0.098191,-2.375152,0.103507,0.103507,5.9305,5.9305,1,1,0.005661,0.00003204
1771742647.246379,18.930000,0.010000,0.006045,-0.000543,0.063380,3.6314,0.533396,-0.117184,-1.899357,0.125625,0.125625,7.1978,7.1978,1,1,0.006045,0.00003655
1771742647.256379,18.940000,0.010000,0.006365,0.004893,0.060791,3.4831,0.261297,-0.133062,-1.587755,0.070021,0.070021,4.0119,4.0119,1,1,0.006365,0.00004052
1771742647.266379,18.950000,0.010000,0.006626,-0.011734,0.058648,3.3603,0.586018,-0.148018,-1.495659,0.065222,0.065222,3.7369,3.7369,1,1,0.006626,0.00004390
1771742647.276379,18.960000,0.010000,0.006950,0.017072,0.054651,3.1313,-0.124049,-0.161394,-1.337561,0.104657,0.104657,5.9964,5.9964,1,1,0.006950,0.00004830
1771742647.286379,18.970000,0.010000,0.007247,-0.010124,0.050380,2.8866,0.375757,-0.172841,-1.144687,0.107459,0.107459,6.1569,6.1569,1,1,0.007247,0.00005251
1771742647.296379,18.980000,0.010000,0.007494,0.000004,0.046668,2.6739,0.111360,-0.181156,-0.831552,0.066856,0.066856,3.8306,3.8306,1,1,0.007494,0.00005617
1771742647.306379,18.990000,0.010000,0.007675,-0.023294,0.043785,2.5087,0.523719,-0.186435,-0.527870,0.083833,0.083833,4.8033,4.8033,1,1,0.007675,0.00005890
1771742647.316379,19.000000,0.010000,0.007878,0.001559,0.039538,2.2654,-0.138854,-0.187563,-0.112820,0.056955,0.056955,3.2633,3.2633,1,1,0.007878,0.00006207
1771742647.326379,19.010000,0.010000,0.008033,-0.027605,0.035190,2.0162,0.365243,-0.185060,0.250348,0.059684,0.059684,3.4196,3.4196,1,1,0.008033,0.00006453
1771742647.336379,19.020000,0.010000,0.008106,-0.023389,0.032112,1.8399,0.270493,-0.179379,0.568121,0.069207,0.069207,3.9653,3.9653,1,1,0.008106,0.00006571
1771742647.346379,19.030000,0.010000,0.008106,-0.044012,0.030116,1.7255,0.607789,-0.170917,0.846171,0.071611,0.071611,4.1030,4.1030,1,1,0.008106,0.00006571
1771742647.356379,19.040000,0.010000,0.008165,-0.012761,0.026834,1.5375,0.027906,-0.160022,1.089466,0.012815,0.012815,0.7343,0.7343,1,1,0.008165,0.00006667
1771742647.366379,19.050000,0.010000,0.008220,-0.039045,0.023385,1.3398,0.458345,-0.146999,1.302348,0.023099,0.023099,1.3235,1.3235,1,1,0.008220,0.00006757
1771742647.376379,19.060000,0.010000,0.008108,-0.057181,0.022539,1.2914,0.736456,-0.132113,1.488621,-0.028858,-0.028858,-1.6535,-1.6535,1,1,0.008108,0.00006573
1771742647.386379,19.070000,0.010000,0.008013,-0.037692,0.021009,1.2037,0.350601,-0.115597,1.651609,-0.146775,-0.146775,-8.4096,-8.4096,1,1,0.008013,0.00006421
1771742647.396379,19.080000,0.010000,0.007900,-0.057733,0.019476,1.1159,0.661400,-0.097654,1.794224,0.019466,0.019466,1.1153,1.1153,1,1,0.007900,0.00006241
1771742647.406379,19.090000,0.010000,0.007660,-0.071599,0.019802,1.1346,0.859756,-0.078464,1.919012,-0.195279,-0.195279,-11.1887,-11.1887,1,1,0.007660,0.00005867
1771742647.416379,19.100000,0.010000,0.007379,-0.069485,0.020442,1.1712,0.777512,-0.058182,2.028201,-0.093100,-0.093100,-5.3342,-5.3342,1,1,0.007379,0.00005445
1771742647.426379,19.110000,0.010000,0.007059,-0.080450,0.021434,1.2281,0.929834,-0.042552,1.562982,-0.059709,-0.059709,-3.4211,-3.4211,1,1,0.007059,0.00004983
1771742647.436379,19.120000,0.010000,0.006714,-0.082966,0.023059,1.3212,0.996855,-0.026754,1.579811,0.001711,0.001711,0.0980,0.0980,1,1,0.006714,0.00004507
1771742647.446379,19.130000,0.010000,0.006371,-0.082272,0.024993,1.4320,1.029404,-0.016291,1.046359,0.093763,0.093763,5.3722,5.3722,1,1,0.006371,0.00004059
1771742647.456379,19.140000,0.010000,0.006030,-0.081686,0.027162,1.5563,1.054047,-0.006794,0.949683,0.005180,0.005180,0.2968,0.2968,1,1,0.006030,0.00003636
1771742647.466379,19.150000,0.010000,0.005692,-0.081102,0.029505,1.6905,1.071438,0.002706,0.950011,0.004935,0.004935,0.2828,0.2828,1,1,0.005692,0.00003240
1771742647.476379,19.160000,0.010000,0.005356,-0.080737,0.031987,1.8327,1.086575,0.011319,0.861304,0.029092,0.029092,1.6669,1.6669,1,1,0.005356,0.00002869
1771742647.486379,19.170000,0.010000,0.005028,-0.078754,0.034462,1.9745,1.069849,0.015365,0.404575,0.022729,0.022729,1.3022,1.3022,1,1,0.005028,0.00002528
1771742647.496379,19.180000,0.010000,0.004702,-0.078083,0.036880,2.1131,1.059145,0.016332,0.096669,-0.077797,-0.077797,-4.4575,-4.4575,1,1,0.004702,0.00002211
1771742647.506379,19.190000,0.010000,0.004389,-0.075963,0.039122,2.2415,1.026071,0.013687,-0.264480,-0.121251,-0.121251,-6.9472,-6.9472,1,1,0.004389,0.00001926
1771742647.516379,19.200000,0.010000,0.004089,-0.074556,0.041184,2.3597,1.012475,0.007882,-0.580486,-0.107628,-0.107628,-6.1667,-6.1667,1,1,0.004089,0.00001672
1771742647.526379,19.210000,0.010000,0.003802,-0.073249,0.043165,2.4732,1.006688,0.006294,-0.158860,-0.062046,-0.062046,-3.5550,-3.5550,1,1,0.003802,0.00001446
1771742647.536379,19.220000,0.010000,0.003541,-0.068582,0.044867,2.5707,0.946725,0.001413,-0.488068,-0.138327,-0.138327,-7.9256,-7.9256,1,1,0.003541,0.00001254
1771742647.546379,19.230000,0.010000,0.003299,-0.068450,0.046468,2.6624,0.972841,-0.006348,-0.776125,-0.068458,-0.068458,-3.9223,-3.9223,1,1,0.003299,0.00001088
1771742647.556379,19.240000,0.010000,0.003100,-0.058508,0.047545,2.7241,0.828538,-0.013019,-0.667012,-0.050794,-0.050794,-2.9103,-2.9103,1,1,0.003100,0.00000961
1771742647.566379,19.250000,0.010000,0.002925,-0.061512,0.048510,2.7794,0.919124,-0.015364,-0.234570,-0.017406,-0.017406,-0.9973,-0.9973,1,1,0.002925,0.00000856
1771742647.576379,19.260000,0.010000,0.002752,-0.059237,0.049766,2.8514,0.918333,-0.013926,0.143817,-0.129297,-0.129297,-7.4081,-7.4081,1,1,0.002752,0.00000757
1771742647.586379,19.270000,0.010000,0.002595,-0.057737,0.051085,2.9270,0.934925,-0.011538,0.238822,-0.239351,-0.239351,-13.7138,-13.7138,1,1,0.002595,0.00000673
1771742647.596379,19.280000,0.010000,0.002462,-0.053726,0.052352,2.9995,0.910082,-0.009479,0.205910,-0.264886,-0.264886,-15.1768,-15.1768,1,1,0.002462,0.00000606
1771742647.606379,19.290000,0.010000,0.002344,-0.054052,0.053766,3.0805,0.965997,-0.004657,0.482140,-0.269433,-0.269433,-15.4374,-15.4374,1,1,0.002344,0.00000549
1771742647.616379,19.300000,0.010000,0.002253,-0.047944,0.055129,3.1587,0.909991,-0.001234,0.342323,-0.293665,-0.293665,-16.8257,-16.8257,1,1,0.002253,0.00000508
1771742647.626379,19.310000,0.010000,0.002186,-0.047902,0.056539,3.2394,0.965538,-0.001729,-0.049533,-0.308894,-0.308894,-17.6983,-17.6983,1,1,0.002186,0.00000478
1771742647.636379,19.320000,0.010000,0.002167,-0.037059,0.057569,3.2985,0.830478,-0.005654,-0.392407,-0.276329,-0.276329,-15.8325,-15.8325,1,1,0.002167,0.00000470
1771742647.646379,19.330000,0.010000,0.002182,-0.038370,0.058501,3.3519,0.914863,-0.012578,-0.692422,-0.234881,-0.234881,-13.4577,-13.4577,1,1,0.002182,0.00000476
1771742647.656379,19.340000,0.010000,0.002244,-0.026621,0.059101,3.3862,0.766751,-0.018761,-0.618356,-0.190175,-0.190175,-10.8962,-10.8962,1,1,0.002244,0.00000504
1771742647.666379,19.350000,0.010000,0.002337,-0.029248,0.059665,3.4186,0.876382,-0.027663,-0.890127,-0.191717,-0.191717,-10.9846,-10.9846,1,1,0.002337,0.00000546
1771742647.676379,19.360000,0.010000,0.002486,-0.014458,0.059759,3.4240,0.674429,-0.032762,-0.509938,-0.152549,-0.152549,-8.7404,-8.7404,1,1,0.002486,0.00000618
1771742647.686379,19.370000,0.010000,0.002667,-0.019227,0.059795,3.4260,0.821232,-0.035016,-0.225396,-0.211263,-0.211263,-12.1045,-12.1045,1,1,0.002667,0.00000711
1771742647.696379,19.380000,0.010000,0.002858,-0.013407,0.060147,3.4462,0.777035,-0.033497,0.151845,-0.265768,-0.265768,-15.2274,-15.2274,1,1,0.002858,0.00000817
1771742647.706379,19.390000,0.010000,0.003070,-0.013578,0.060618,3.4731,0.838684,-0.035659,-0.216202,-0.336163,-0.336163,-19.2607,-19.2607,1,1,0.003070,0.00000943
1771742647.716379,19.400000,0.010000,0.003321,-0.004510,0.060588,3.4715,0.667084,-0.041042,-0.538242,-0.273813,-0.273813,-15.6883,-15.6883,1,1,0.003321,0.00001103
1771742647.726379,19.410000,0.010000,0.003576,-0.010674,0.060686,3.4771,0.832138,-0.049242,-0.820028,-0.199407,-0.199407,-11.4252,-11.4252,1,1,0.003576,0.00001279
1771742647.736379,19.420000,0.010000,0.003856,0.000010,0.060029,3.4394,0.514632,-0.059908,-1.066590,-0.131715,-0.131715,-7.5467,-7.5467,1,1,0.003856,0.00001487
1771742647.746379,19.430000,0.010000,0.004124,-0.009917,0.059259,3.3953,0.741234,-0.072731,-1.282332,-0.081532,-0.081532,-4.6715,-4.6715,1,1,0.004124,0.00001701
1771742647.756379,19.440000,0.010000,0.004401,0.000008,0.057909,3.3179,0.416244,-0.087442,-1.471107,0.002511,0.002511,0.1439,0.1439,1,1,0.004401,0.00001937
1771742647.766379,19.450000,0.010000,0.004651,-0.012681,0.056591,3.2424,0.684015,-0.103805,-1.636284,0.004804,0.004804,0.2753,0.2753,1,1,0.004651,0.00002163
1771742647.776379,19.460000,0.010000,0.004926,0.003434,0.054199,3.1054,0.207625,-0.120190,-1.638440,0.088382,0.088382,5.0639,5.0639,1,1,0.004926,0.00002426
1771742647.786379,19.470000,0.010000,0.005173,-0.014133,0.051646,2.9591,0.552521,-0.131035,-1.084569,0.095899,0.095899,5.4946,5.4946,1,1,0.005173,0.00002676
1771742647.796379,19.480000,0.010000,0.005419,0.000005,0.048989,2.8068,0.246651,-0.138621,-0.758515,0.064637,0.064637,3.7034,3.7034,1,1,0.005419,0.00002937
1771742647.806379,19.490000,0.010000,0.005637,-0.017662,0.046698,2.6756,0.580833,-0.141767,-0.314635,0.060260,0.060260,3.4526,3.4526,1,1,0.005637,0.00003178
1771742647.816379,19.500000,0.010000,0.005868,0.000004,0.043765,2.5075,0.154618,-0.148011,-0.624371,0.033306,0.033306,1.9083,1.9083,1,1,0.005868,0.00003444
1771742647.826379,19.510000,0.010000,0.006069,-0.020208,0.040931,2.3452,0.522510,-0.156965,-0.895391,0.096719,0.096719,5.5416,5.5416,1,1,0.006069,0.00003684
1771742647.836379,19.520000,0.010000,0.006286,0.000003,0.037519,2.1497,0.084785,-0.168290,-1.132533,0.062645,0.062645,3.5893,3.5893,1,1,0.006286,0.00003951
1771742647.846379,19.530000,0.010000,0.006473,-0.022298,0.034266,1.9633,0.477018,-0.181480,-1.319040,0.086742,0.086742,4.9699,4.9699,1,1,0.006473,0.00004190
1771742647.856379,19.540000,0.010000,0.006677,0.000002,0.030373,1.7402,0.004908,-0.189531,-0.805094,0.046295,0.046295,2.6525,2.6525,1,1,0.006677,0.00004458
1771742647.866379,19.550000,0.010000,0.006850,-0.024558,0.026631,1.5258,0.423475,-0.193085,-0.355392,0.071299,0.071299,4.0851,4.0851,1,1,0.006850,0.00004692
1771742647.876379,19.560000,0.010000,0.007001,-0.009420,0.023089,1.3229,0.132262,-0.192704,0.038098,0.072656,0.072656,4.1629,4.1629,1,1,0.007001,0.00004901
1771742647.886379,19.570000,0.010000,0.007107,-0.032158,0.020113,1.1524,0.504291,-0.188880,0.382402,0.070189,0.070189,4.0215,4.0215,1,1,0.007107,0.00005050
1771742647.896379,19.580000,0.010000,0.007208,-0.014145,0.016919,0.9694,0.150321,-0.182043,0.683667,0.108628,0.108628,6.2239,6.2239,1,1,0.007208,0.00005196
1771742647.906379,19.590000,0.010000,0.007274,-0.036975,0.014036,0.8042,0.512881,-0.172571,0.947275,0.074734,0.074734,4.2819,4.2819,1,1,0.007274,0.00005291
1771742647.916379,19.600000,0.010000,0.007265,-0.035878,0.012092,0.6928,0.446423,-0.160791,1.177931,0.098631,0.098631,5.6511,5.6511,1,1,0.007265,0.00005278
1771742647.926379,19.610000,0.010000,0.007185,-0.053187,0.010986,0.6295,0.701916,-0.146994,1.379756,0.036739,0.036739,2.1050,2.1050,1,1,0.007185,0.00005162
1771742647.936379,19.620000,0.010000,0.007100,-0.039868,0.009529,0.5460,0.414715,-0.131430,1.556352,-0.013083,-0.013083,-0.7496,-0.7496,1,1,0.007100,0.00005041
1771742647.946379,19.630000,0.010000,0.006984,-0.057648,0.008198,0.4697,0.676394,-0.114322,1.710874,0.024990,0.024990,1.4318,1.4318,1,1,0.006984,0.00004878
1771742647.956379,19.640000,0.010000,0.006754,-0.070159,0.008423,0.4826,0.842291,-0.095861,1.846081,-0.095655,-0.095655,-5.4806,-5.4806,1,1,0.006754,0.00004561
1771742647.966379,19.650000,0.010000,0.006482,-0.069501,0.008924,0.5113,0.776833,-0.076217,1.964386,-0.007655,-0.007655,-0.4386,-0.4386,1,1,0.006482,0.00004202
1771742647.976379,19.660000,0.010000,0.006169,-0.079433,0.009721,0.5570,0.902016,-0.055847,2.036983,-0.032245,-0.032245,-1.8475,-1.8475,1,1,0.006169,0.00003806
1771742647.986379,19.670000,0.010000,0.005824,-0.082832,0.011056,0.6334,0.958738,-0.041514,1.433295,0.122207,0.122207,7.0019,7.0019,1,1,0.005824,0.00003392
1771742647.996379,19.680000,0.010000,0.005481,-0.082295,0.012587,0.7212,0.979073,-0.027412,1.410166,0.104568,0.104568,5.9913,5.9913,1,1,0.005481,0.00003004
1771742648.006379,19.690000,0.010000,0.005140,-0.081834,0.014263,0.8172,0.993721,-0.014904,1.250856,0.145729,0.145729,8.3496,8.3496,1,1,0.005140,0.00002642
1771742648.016379,19.700000,0.010000,0.004801,-0.081428,0.016043,0.9192,1.004100,-0.004267,1.063661,0.160113,0.160113,9.1738,9.1738,1,1,0.004801,0.00002305
1771742648.026379,19.710000,0.010000,0.004463,-0.081064,0.017898,1.0255,1.011271,0.008530,1.279769,0.156796,0.156796,8.9837,8.9837,1,1,0.004463,0.00001992
1771742648.036379,19.720000,0.010000,0.004127,-0.080730,0.019804,1.1347,1.016029,0.016806,0.827544,0.230397,0.230397,13.2008,13.2008,1,1,0.004127,0.00001703
1771742648.046379,19.730000,0.010000,0.003792,-0.080419,0.021745,1.2459,1.018967,0.027034,1.022811,0.160154,0.160154,9.1762,9.1762,1,1,0.003792,0.00001438
1771742648.056379,19.740000,0.010000,0.003458,-0.080123,0.023708,1.3584,1.020529,0.032493,0.545894,0.224661,0.224661,12.8721,12.8721,1,1,0.003458,0.00001196
1771742648.066379,19.750000,0.010000,0.003125,-0.079838,0.025684,1.4716,1.021047,0.033779,0.128592,0.125314,0.125314,7.1800,7.1800,1,1,0.003125,0.00000977
1771742648.076379,19.760000,0.010000,0.002794,-0.079454,0.027659,1.5848,1.020190,0.032680,-0.109861,0.045272,0.045272,2.5939,2.5939,1,1,0.002794,0.00000781
1771742648.086379,19.770000,0.010000,0.002468,-0.078792,0.029616,1.6969,1.017320,0.028228,-0.445195,0.033061,0.033061,1.8942,1.8942,1,1,0.002468,0.00000609
1771742648.096379,19.780000,0.010000,0.002151,-0.077602,0.031528,1.8064,1.011573,0.023743,-0.448545,0.010786,0.010786,0.6180,0.6180,1,1,0.002151,0.00000463
1771742648.106379,19.790000,0.010000,0.001847,-0.075981,0.033380,1.9125,1.004199,0.016744,-0.699845,0.004033,0.004033,0.2311,0.2311,1,1,0.001847,0.00000341
1771742648.116379,19.800000,0.010000,0.001559,-0.073995,0.035163,2.0147,0.995996,0.014111,-0.263298,0.019475,0.019475,1.1158,1.1158,1,1,0.001559,0.00000243
1771742648.126379,19.810000,0.010000,0.001289,-0.071678,0.036873,2.1127,0.987411,0.015298,0.118680,-0.021066,-0.021066,-1.2070,-1.2070,1,1,0.001289,0.00000166
1771742648.136379,19.820000,0.010000,0.001041,-0.069070,0.038511,2.2065,0.978849,0.019827,0.452911,-0.066806,-0.066806,-3.8277,-3.8277,1,1,0.001041,0.00000108
1771742648.146379,19.830000,0.010000,0.000816,-0.066207,0.040079,2.2964,0.970606,0.027281,0.745363,-0.082166,-0.082166,-4.7078,-4.7078,1,1,0.000816,0.00000067
1771742648.156379,19.840000,0.010000,0.000616,-0.063120,0.041581,2.3824,0.962924,0.037293,1.001258,-0.003902,-0.003902,-0.2236,-0.2236,1,1,0.000616,0.00000038
1771742648.166379,19.850000,0.010000,0.000444,-0.059839,0.043023,2.4650,0.955993,0.049545,1.225167,0.068045,0.068045,3.8987,3.8987,1,1,0.000444,0.00000020
1771742648.176379,19.860000,0.010000,0.000300,-0.056393,0.044413,2.5447,0.949975,0.063371,1.382616,0.106048,0.106048,6.0761,6.0761,1,1,0.000300,0.00000009
1771742648.186379,19.870000,0.010000,0.000185,-0.052809,0.045759,2.6218,0.945008,0.078960,1.558855,0.073257,0.073257,4.1973,4.1973,1,1,0.000185,0.00000003
1771742648.196379,19.880000,0.010000,0.000101,-0.049115,0.047070,2.6969,0.941214,0.089109,1.014932,-0.055609,-0.055609,-3.1862,-3.1862,1,1,0.000101,0.00000001
1771742648.206379,19.890000,0.010000,0.000048,-0.045334,0.048358,2.7707,0.938699,0.094499,0.539000,-0.122487,-0.122487,-7.0180,-7.0180,1,1,0.000048,0.00000000
1771742648.216379,19.900000,0.010000,0.000028,-0.041491,0.049634,2.8438,0.937557,0.095725,0.122559,-0.200490,-0.200490,-11.4872,-11.4872,1,1,0.000028,0.00000000
1771742648.226379,19.910000,0.010000,0.000039,-0.037610,0.050908,2.9168,0.937870,0.093307,-0.241827,-0.252376,-0.252376,-14.4601,-14.4601,1,1,0.000039,0.00000000
1771742648.236379,19.920000,0.010000,0.000083,-0.033711,0.052195,2.9906,0.939710,0.087700,-0.560664,-0.244785,-0.244785,-14.0252,-14.0252,1,1,0.000083,0.00000001
1771742648.246379,19.930000,0.010000,0.000160,-0.029814,0.053507,3.0657,0.943140,0.079303,-0.839647,-0.229599,-0.229599,-13.1550,-13.1550,1,1,0.000160,0.00000003
1771742648.256379,19.940000,0.010000,0.000269,-0.025939,0.054858,3.1431,0.948211,0.068466,-1.083757,-0.216147,-0.216147,-12.3843,-12.3843,1,1,0.000269,0.00000007
1771742648.266379,19.950000,0.010000,0.000410,-0.022101,0.056261,3.2235,0.954967,0.055492,-1.297353,-0.204772,-0.204772,-11.7326,-11.7326,1,1,0.000410,0.00000017
1771742648.276379,19.960000,0.010000,0.000582,-0.018315,0.057731,3.3078,0.963441,0.040650,-1.484250,-0.199724,-0.199724,-11.4434,-11.4434,1,1,0.000582,0.00000034
1771742648.286379,19.970000,0.010000,0.000786,-0.014593,0.059283,3.3967,0.973656,0.031153,-0.949653,-0.206399,-0.206399,-11.8258,-11.8258,1,1,0.000786,0.00000062
1771742648.296379,19.980000,0.010000,0.001019,-0.011233,0.060938,3.4915,0.987251,0.026334,-0.481880,-0.276587,-0.276587,-15.8473,-15.8473,1,1,0.001019,0.00000104
1771742648.306379,19.990000,0.010000,0.001272,-0.009779,0.062760,3.5959,1.012691,0.025609,-0.072580,-0.296138,-0.296138,-16.9675,-16.9675,1,1,0.001272,0.00000162
1771742648.316379,20.000000,0.010000,0.001538,-0.008305,0.064782,3.7118,1.036535,0.028464,0.285559,-0.320258,-0.320258,-18.3494,-18.3494,1,1,0.001538,0.00000236
1771742648.326379,20.010000,0.010000,0.001826,-0.004373,0.066708,3.8221,0.989989,0.027472,-0.099202,-0.342156,-0.342156,-19.6041,-19.6041,1,1,0.001826,0.00000333
1771742648.336379,20.020000,0.010000,0.002135,-0.002492,0.068543,3.9272,1.001803,0.023114,-0.435868,-0.316394,-0.316394,-18.1280,-18.1280,1,1,0.002135,0.00000456
1771742648.346379,20.030000,0.010000,0.002462,0.000016,0.070069,4.0147,0.913593,0.015809,-0.730450,-0.286733,-0.286733,-16.4286,-16.4286,1,1,0.002462,0.00000606
1771742648.356379,20.040000,0.010000,0.002795,0.000018,0.071399,4.0908,0.933173,0.005927,-0.988210,-0.270831,-0.270831,-15.5175,-15.5175,1,1,0.002795,0.00000781
1771742648.366379,20.050000,0.010000,0.003127,0.000015,0.072297,4.1423,0.809415,-0.006211,-1.213749,-0.251467,-0.251467,-14.4080,-14.4080,1,1,0.003127,0.00000978
1771742648.376379,20.060000,0.010000,0.003453,0.000017,0.072846,4.1738,0.821065,-0.020321,-1.411096,-0.200010,-0.200010,-11.4597,-11.4597,1,1,0.003453,0.00001192
1771742648.386379,20.070000,0.010000,0.003778,0.000014,0.072881,4.1758,0.684273,-0.036159,-1.583775,-0.131394,-0.131394,-7.5283,-7.5283,1,1,0.003778,0.00001427
1771742648.396379,20.080000,0.010000,0.004095,0.000015,0.072505,4.1542,0.692124,-0.053508,-1.734869,-0.086101,-0.086101,-4.9332,-4.9332,1,1,0.004095,0.00001677
1771742648.406379,20.090000,0.010000,0.004412,0.000011,0.071570,4.1007,0.548362,-0.071785,-1.827707,-0.028162,-0.028162,-1.6136,-1.6136,1,1,0.004412,0.00001947
1771742648.416379,20.100000,0.010000,0.004721,0.000013,0.070273,4.0264,0.574328,-0.088612,-1.682679,-0.025019,-0.025019,-1.4335,-1.4335,1,1,0.004721,0.00002229
1771742648.426379,20.110000,0.010000,0.005031,0.000009,0.068430,3.9207,0.419338,-0.106826,-1.821410,-0.004189,-0.004189,-0.2400,-0.2400,1,1,0.005031,0.00002531
1771742648.436379,20.120000,0.010000,0.005332,0.000010,0.066181,3.7919,0.444668,-0.126254,-1.942800,0.014079,0.014079,0.8067,0.8067,1,1,0.005332,0.00002843
1771742648.446379,20.130000,0.010000,0.005633,0.000006,0.063345,3.6294,0.280928,-0.146744,-2.049016,0.055004,0.055004,3.1515,3.1515,1,1,0.005633,0.00003173
1771742648.456379,20.140000,0.010000,0.005925,0.000006,0.060080,3.4423,0.308177,-0.168164,-2.141955,0.076360,0.076360,4.3751,4.3751,1,1,0.005925,0.00003511
1771742648.466379,20.150000,0.010000,0.006218,0.000004,0.056313,3.2265,0.164276,-0.186692,-1.852878,0.061142,0.061142,3.5032,3.5032,1,1,0.006218,0.00003866
1771742648.476379,20.160000,0.010000,0.006484,-0.004577,0.052514,3.0088,0.271488,-0.199414,-1.272203,0.059178,0.059178,3.3907,3.3907,1,1,0.006484,0.00004204
1771742648.486379,20.170000,0.010000,0.006753,0.000003,0.048196,2.7614,0.059054,-0.208341,-0.892704,0.041747,0.041747,2.3919,2.3919,1,1,0.006753,0.00004560
1771742648.496379,20.180000,0.010000,0.006948,-0.020012,0.044680,2.5600,0.422664,-0.213732,-0.539065,0.064039,0.064039,3.6692,3.6692,1,1,0.006948,0.00004827
1771742648.506379,20.190000,0.010000,0.007173,0.003843,0.039723,2.2759,-0.218523,-0.214958,-0.122616,0.038760,0.038760,2.2208,2.2208,1,1,0.007173,0.00005145
1771742648.516379,20.200000,0.010000,0.007342,-0.026084,0.034844,1.9964,0.306272,-0.212540,0.241777,0.029382,0.029382,1.6835,1.6835,1,1,0.007342,0.00005390
1771742648.526379,20.210000,0.010000,0.007453,-0.015825,0.030861,1.7682,0.110307,-0.206934,0.560621,0.058779,0.058779,3.3678,3.3678,1,1,0.007453,0.00005554
1771742648.536379,20.220000,0.010000,0.007499,-0.039439,0.027858,1.5961,0.505316,-0.198538,0.839609,0.046214,0.046214,2.6478,2.6478,1,1,0.007499,0.00005624
1771742648.546379,20.230000,0.010000,0.007582,-0.011230,0.023994,1.3747,-0.019618,-0.187701,1.083724,0.066956,0.066956,3.8363,3.8363,1,1,0.007582,0.00005748
1771742648.556379,20.240000,0.010000,0.007648,-0.037729,0.020175,1.1559,0.415945,-0.174728,1.297324,0.038557,0.038557,2.2091,2.2091,1,1,0.007648,0.00005850
1771742648.566379,20.250000,0.010000,0.007574,-0.049506,0.018504,1.0602,0.582715,-0.159885,1.484224,0.032609,0.032609,1.8684,1.8684,1,1,0.007574,0.00005736
1771742648.576379,20.260000,0.010000,0.007483,-0.043428,0.016758,0.9602,0.432033,-0.143408,1.647762,-0.007160,-0.007160,-0.4103,-0.4103,1,1,0.007483,0.00005600
1771742648.586379,20.270000,0.010000,0.007337,-0.061247,0.015628,0.8954,0.701502,-0.125499,1.790858,-0.000151,-0.000151,-0.0087,-0.0087,1,1,0.007337,0.00005383
1771742648.596379,20.280000,0.010000,0.007132,-0.060344,0.015121,0.8664,0.638551,-0.106339,1.916066,-0.035494,-0.035494,-2.0337,-2.0337,1,1,0.007132,0.00005087
1771742648.606379,20.290000,0.010000,0.006874,-0.073714,0.015195,0.8706,0.828745,-0.086082,2.025624,-0.122267,-0.122267,-7.0054,-7.0054,1,1,0.006874,0.00004725
1771742648.616379,20.300000,0.010000,0.006567,-0.073998,0.015722,0.9008,0.788488,-0.070104,1.597869,-0.046259,-0.046259,-2.6505,-2.6505,1,1,0.006567,0.00004313
1771742648.626379,20.310000,0.010000,0.006219,-0.083676,0.016646,0.9538,0.918167,-0.053336,1.676788,-0.065877,-0.065877,-3.7745,-3.7745,1,1,0.006219,0.00003867
1771742648.636379,20.320000,0.010000,0.005873,-0.082899,0.017941,1.0279,0.956964,-0.041824,1.151202,0.034011,0.034011,1.9487,1.9487,1,1,0.005873,0.00003450
1771742648.646379,20.330000,0.010000,0.005531,-0.082247,0.019512,1.1179,0.985677,-0.032923,0.890074,-0.012444,-0.012444,-0.7130,-0.7130,1,1,0.005531,0.00003059
1771742648.656379,20.340000,0.010000,0.005190,-0.081697,0.021287,1.2197,1.006903,-0.021644,1.127880,-0.018040,-0.018040,-1.0336,-1.0336,1,1,0.005190,0.00002694
1771742648.666379,20.350000,0.010000,0.004852,-0.081221,0.023216,1.3302,1.022525,-0.013162,0.848224,0.047957,0.047957,2.7478,2.7478,1,1,0.004852,0.00002354
1771742648.676379,20.360000,0.010000,0.004515,-0.080800,0.025258,1.4472,1.033954,-0.003147,1.001474,0.001677,0.001677,0.0961,0.0961,1,1,0.004515,0.00002039
1771742648.686379,20.370000,0.010000,0.004180,-0.080420,0.027383,1.5690,1.042246,0.002125,0.527224,0.070126,0.070126,4.0179,4.0179,1,1,0.004180,0.00001747
1771742648.696379,20.380000,0.010000,0.003846,-0.080069,0.029571,1.6943,1.048192,0.005935,0.381050,-0.031224,-0.031224,-1.7890,-1.7890,1,1,0.003846,0.00001479
1771742648.706379,20.390000,0.010000,0.003514,-0.079740,0.031805,1.8223,1.052382,0.005779,-0.015647,-0.055725,-0.055725,-3.1928,-3.1928,1,1,0.003514,0.00001235
1771742648.716379,20.400000,0.010000,0.003188,-0.078318,0.033994,1.9477,1.037389,0.005038,-0.074131,-0.058781,-0.058781,-3.3679,-3.3679,1,1,0.003188,0.00001016
1771742648.726379,20.410000,0.010000,0.002881,-0.075411,0.035973,2.0611,1.000616,0.000898,-0.413930,-0.064058,-0.064058,-3.6703,-3.6703,1,1,0.002881,0.00000830
1771742648.736379,20.420000,0.010000,0.002594,-0.073176,0.037740,2.1624,0.981891,-0.006214,-0.711255,-0.021953,-0.021953,-1.2578,-1.2578,1,1,0.002594,0.00000673
1771742648.746379,20.430000,0.010000,0.002331,-0.069944,0.039305,2.2520,0.950833,-0.011220,-0.500564,0.010640,0.010640,0.6096,0.6096,1,1,0.002331,0.00000543
1771742648.756379,20.440000,0.010000,0.002094,-0.066831,0.040657,2.3295,0.926833,-0.018052,-0.683220,-0.005397,-0.005397,-0.3092,-0.3092,1,1,0.002094,0.00000438
1771742648.766379,20.450000,0.010000,0.001875,-0.065504,0.041971,2.4048,0.939171,-0.020540,-0.248752,0.018206,0.018206,1.0431,1.0431,1,1,0.001875,0.00000352
1771742648.776379,20.460000,0.010000,0.001679,-0.061814,0.043210,2.4758,0.913230,-0.019528,0.101188,-0.060319,-0.060319,-3.4560,-3.4560,1,1,0.001679,0.00000282
1771742648.786379,20.470000,0.010000,0.001500,-0.061096,0.044488,2.5489,0.944349,-0.019342,0.018597,-0.154329,-0.154329,-8.8424,-8.8424,1,1,0.001500,0.00000225
1771742648.796379,20.480000,0.010000,0.001343,-0.057237,0.045773,2.6226,0.922765,-0.015688,0.365338,-0.155508,-0.155508,-8.9100,-8.9100,1,1,0.001343,0.00000180
1771742648.806379,20.490000,0.010000,0.001208,-0.055759,0.047085,2.6978,0.947399,-0.013518,0.217067,-0.242520,-0.242520,-13.8954,-13.8954,1,1,0.001208,0.00000146
1771742648.816379,20.500000,0.010000,0.001090,-0.053550,0.048538,2.7810,0.962186,-0.008128,0.538999,-0.244829,-0.244829,-14.0276,-14.0276,1,1,0.001090,0.00000119
1771742648.826379,20.510000,0.010000,0.001000,-0.049204,0.049955,2.8622,0.941981,-0.006902,0.122559,-0.264374,-0.264374,-15.1475,-15.1475,1,1,0.001000,0.00000100
1771742648.836379,20.520000,0.010000,0.000942,-0.045807,0.051304,2.9395,0.941829,-0.009320,-0.241827,-0.263654,-0.263654,-15.1063,-15.1063,1,1,0.000942,0.00000089
1771742648.846379,20.530000,0.010000,0.000931,-0.037932,0.052328,2.9982,0.863855,-0.014927,-0.560665,-0.221055,-0.221055,-12.6655,-12.6655,1,1,0.000931,0.00000087
1771742648.856379,20.540000,0.010000,0.000955,-0.036816,0.053280,3.0527,0.908977,-0.021068,-0.614144,-0.152194,-0.152194,-8.7200,-8.7200,1,1,0.000955,0.00000091
1771742648.866379,20.550000,0.010000,0.001021,-0.028148,0.054014,3.0948,0.819695,-0.022951,-0.188310,-0.168444,-0.168444,-9.6511,-9.6511,1,1,0.001021,0.00000104
1771742648.876379,20.560000,0.010000,0.001120,-0.027988,0.054719,3.1352,0.883707,-0.021109,0.184294,-0.254417,-0.254417,-14.5770,-14.5770,1,1,0.001120,0.00000125
1771742648.886379,20.570000,0.010000,0.001234,-0.025013,0.055701,3.1915,0.897337,-0.019145,0.196392,-0.324818,-0.324818,-18.6107,-18.6107,1,1,0.001234,0.00000152
1771742648.896379,20.580000,0.010000,0.001375,-0.021802,0.056777,3.2531,0.907162,-0.014476,0.466881,-0.330751,-0.330751,-18.9507,-18.9507,1,1,0.001375,0.00000189
1771742648.906379,20.590000,0.010000,0.001551,-0.016344,0.057769,3.3099,0.877000,-0.013881,0.059455,-0.357678,-0.357678,-20.4934,-20.4934,1,1,0.001551,0.00000241
1771742648.916379,20.600000,0.010000,0.001761,-0.013425,0.058734,3.3652,0.892195,-0.016852,-0.297043,-0.328598,-0.328598,-18.8273,-18.8273,1,1,0.001761,0.00000310
1771742648.926379,20.610000,0.010000,0.002010,-0.006858,0.059360,3.4011,0.796151,-0.022941,-0.608978,-0.288398,-0.288398,-16.5240,-16.5240,1,1,0.002010,0.00000404
1771742648.936379,20.620000,0.010000,0.002279,-0.007395,0.059982,3.4367,0.869396,-0.031761,-0.881922,-0.236678,-0.236678,-13.5607,-13.5607,1,1,0.002279,0.00000519
1771742648.946379,20.630000,0.010000,0.002579,0.000011,0.059941,3.4343,0.647451,-0.042968,-1.120748,-0.185097,-0.185097,-10.6053,-10.6053,1,1,0.002579,0.00000665
1771742648.956379,20.640000,0.010000,0.002876,-0.005415,0.059825,3.4277,0.805633,-0.056265,-1.329720,-0.093616,-0.093616,-5.3638,-5.3638,1,1,0.002876,0.00000827
1771742648.966379,20.650000,0.010000,0.003185,0.001480,0.059002,3.3806,0.505006,-0.071391,-1.512571,-0.009909,-0.009909,-0.5678,-0.5678,1,1,0.003185,0.00001015
1771742648.976379,20.660000,0.010000,0.003471,-0.007643,0.058086,3.3281,0.722206,-0.088117,-1.672565,-0.027838,-0.027838,-1.5950,-1.5950,1,1,0.003471,0.00001205
1771742648.986379,20.670000,0.010000,0.003766,0.001628,0.056464,3.2352,0.374756,-0.099261,-1.114429,0.068404,0.068404,3.9193,3.9193,1,1,0.003766,0.00001418
1771742648.996379,20.680000,0.010000,0.004030,-0.010944,0.054806,3.1402,0.644438,-0.107909,-0.864787,-0.002217,-0.002217,-0.1270,-0.1270,1,1,0.004030,0.00001624
1771742649.006379,20.690000,0.010000,0.004299,0.000006,0.052690,3.0189,0.314191,-0.118966,-1.105754,0.015254,0.015254,0.8740,0.8740,1,1,0.004299,0.00001848
1771742649.016379,20.700000,0.010000,0.004536,-0.014622,0.050702,2.9050,0.609985,-0.132132,-1.316601,0.044443,0.044443,2.5464,2.5464,1,1,0.004536,0.00002058
1771742649.026379,20.710000,0.010000,0.004789,0.000774,0.047749,2.7358,0.137488,-0.147143,-1.501092,0.081308,0.081308,4.6586,4.6586,1,1,0.004789,0.00002293
1771742649.036379,20.720000,0.010000,0.005006,-0.018097,0.044708,2.5616,0.497455,-0.163769,-1.662521,0.100282,0.100282,5.7457,5.7457,1,1,0.005006,0.00002506
1771742649.046379,20.730000,0.010000,0.005234,0.000002,0.040891,2.3429,0.018884,-0.181806,-1.803772,0.054922,0.054922,3.1468,3.1468,1,1,0.005234,0.00002739
1771742649.056379,20.740000,0.010000,0.005424,-0.021966,0.037133,2.1276,0.420034,-0.195130,-1.332401,0.085097,0.085097,4.8757,4.8757,1,1,0.005424,0.00002942
1771742649.066379,20.750000,0.010000,0.005631,0.000001,0.032834,1.8813,-0.034772,-0.203298,-0.816785,0.044726,0.044726,2.5626,2.5626,1,1,0.005631,0.00003170
1771742649.076379,20.760000,0.010000,0.005808,-0.023860,0.028759,1.6477,0.384770,-0.206954,-0.365621,0.065991,0.065991,3.7810,3.7810,1,1,0.005808,0.00003374
1771742649.086379,20.770000,0.010000,0.005978,-0.006197,0.024735,1.4172,0.059939,-0.206663,0.029147,0.073748,0.073748,4.2254,4.2254,1,1,0.005978,0.00003574
1771742649.096379,20.780000,0.010000,0.006112,-0.028820,0.021206,1.2150,0.441941,-0.202917,0.374570,0.058353,0.058353,3.3434,3.3434,1,1,0.006112,0.00003736
1771742649.106379,20.790000,0.010000,0.006233,-0.013228,0.017707,1.0145,0.139912,-0.196149,0.676814,0.112679,0.112679,6.4560,6.4560,1,1,0.006233,0.00003885
1771742649.116379,20.800000,0.010000,0.006315,-0.034842,0.014648,0.8392,0.490951,-0.186736,0.941278,0.069688,0.069688,3.9928,3.9928,1,1,0.006315,0.00003988
1771742649.126379,20.810000,0.010000,0.006346,-0.029002,0.012181,0.6979,0.349588,-0.175009,1.172685,0.121011,0.121011,6.9334,6.9334,1,1,0.006346,0.00004027
1771742649.136379,20.820000,0.010000,0.006320,-0.046876,0.010378,0.5946,0.624082,-0.161258,1.375165,0.072633,0.072633,4.1616,4.1616,1,1,0.006320,0.00003994
1771742649.146379,20.830000,0.010000,0.006262,-0.039825,0.008771,0.5026,0.453886,-0.145734,1.552335,0.057669,0.057669,3.3042,3.3042,1,1,0.006262,0.00003921
1771742649.156379,20.840000,0.010000,0.006159,-0.055656,0.007572,0.4338,0.687332,-0.128661,1.707359,0.031060,0.031060,1.7796,1.7796,1,1,0.006159,0.00003794
1771742649.166379,20.850000,0.010000,0.005974,-0.062338,0.007428,0.4256,0.756620,-0.110231,1.843005,-0.021720,-0.021720,-1.2444,-1.2444,1,1,0.005974,0.00003569
1771742649.176379,20.860000,0.010000,0.005735,-0.069295,0.007828,0.4485,0.831830,-0.090614,1.961695,-0.036127,-0.036127,-2.0699,-2.0699,1,1,0.005735,0.00003289
1771742649.186379,20.870000,0.010000,0.005443,-0.075963,0.008771,0.5026,0.904160,-0.069958,2.065549,0.020714,0.020714,1.1868,1.1868,1,1,0.005443,0.00002963
1771742649.196379,20.880000,0.010000,0.005117,-0.078556,0.009961,0.5707,0.906970,-0.055375,1.458290,0.105166,0.105166,6.0256,6.0256,1,1,0.005117,0.00002618
1771742649.206379,20.890000,0.010000,0.004775,-0.082086,0.011293,0.6471,0.954582,-0.040205,1.517078,0.066840,0.066840,3.8297,3.8297,1,1,0.004775,0.00002280
1771742649.216379,20.900000,0.010000,0.004435,-0.081644,0.012753,0.7307,0.967243,-0.025961,1.424405,0.135973,0.135973,7.7907,7.7907,1,1,0.004435,0.00001966
1771742649.226379,20.910000,0.010000,0.004096,-0.081254,0.014301,0.8194,0.975824,-0.015421,1.053923,0.170386,0.170386,9.7624,9.7624,1,1,0.004096,0.00001678
1771742649.236379,20.920000,0.010000,0.003759,-0.080905,0.015909,0.9115,0.981327,-0.002709,1.271249,0.138484,0.138484,7.9346,7.9346,1,1,0.003759,0.00001413
1771742649.246379,20.930000,0.010000,0.003423,-0.080584,0.017556,1.0059,0.984504,0.006341,0.904964,0.218041,0.218041,12.4928,12.4928,1,1,0.003423,0.00001172
1771742649.256379,20.940000,0.010000,0.003088,-0.080285,0.019224,1.1015,0.985913,0.017750,1.140909,0.172286,0.172286,9.8713,9.8713,1,1,0.003088,0.00000954
1771742649.266379,20.950000,0.010000,0.002755,-0.080001,0.020902,1.1976,0.985974,0.024610,0.686040,0.247214,0.247214,14.1643,14.1643,1,1,0.002755,0.00000759
1771742649.276379,20.960000,0.010000,0.002423,-0.079716,0.022581,1.2938,0.984944,0.028743,0.413241,0.167651,0.167651,9.6057,9.6057,1,1,0.002423,0.00000587
1771742649.286379,20.970000,0.010000,0.002094,-0.079241,0.024241,1.3889,0.982032,0.029032,0.028967,0.126245,0.126245,7.2333,7.2333,1,1,0.002094,0.00000438
1771742649.296379,20.980000,0.010000,0.001772,-0.078300,0.025857,1.4815,0.976202,0.025795,-0.323720,0.109094,0.109094,6.2506,6.2506,1,1,0.001772,0.00000314
1771742649.306379,20.990000,0.010000,0.001460,-0.076914,0.027408,1.5704,0.968284,0.019472,-0.632321,0.092814,0.092814,5.3179,5.3179,1,1,0.001460,0.00000213
1771742649.316379,21.000000,0.010000,0.001163,-0.075163,0.028885,1.6550,0.959226,0.017430,-0.204215,0.082162,0.082162,4.7075,4.7075,1,1,0.001163,0.00000135
1771742649.326379,21.010000,0.010000,0.000882,-0.073095,0.030282,1.7350,0.949616,0.019134,0.170378,0.070927,0.070927,4.0638,4.0638,1,1,0.000882,0.00000078
1771742649.336379,21.020000,0.010000,0.000620,-0.070743,0.031597,1.8104,0.939816,0.024115,0.498147,0.043445,0.043445,2.4892,2.4892,1,1,0.000620,0.00000038
1771742649.346379,21.030000,0.010000,0.000380,-0.068145,0.032830,1.8810,0.930174,0.031964,0.784944,0.047631,0.047631,2.7291,2.7291,1,1,0.000380,0.00000014
1771742649.356379,21.040000,0.010000,0.000162,-0.065335,0.033985,1.9472,0.920930,0.042323,1.035892,0.123035,0.123035,7.0494,7.0494,1,1,0.000162,0.00000003
1771742649.366379,21.050000,0.010000,-0.000031,-0.062340,0.035066,2.0091,0.912269,0.054344,1.202013,0.187610,0.187610,10.7493,10.7493,1,1,0.000031,0.00000000
1771742649.376379,21.060000,0.010000,-0.000197,-0.059189,0.036079,2.0672,0.904326,0.068352,1.400828,0.208603,0.208603,11.9521,11.9521,1,1,0.000197,0.00000004
1771742649.386379,21.070000,0.010000,-0.000337,-0.055909,0.037032,2.1218,0.897254,0.081344,1.299178,0.190804,0.190804,10.9323,10.9323,1,1,0.000337,0.00000011
1771742649.396379,21.080000,0.010000,-0.000449,-0.052527,0.037931,2.1733,0.891181,0.096202,1.485846,0.152416,0.152416,8.7328,8.7328,1,1,0.000449,0.00000020
1771742649.406379,21.090000,0.010000,-0.000532,-0.049068,0.038787,2.2223,0.886214,0.105713,0.951050,0.100461,0.100461,5.7560,5.7560,1,1,0.000532,0.00000028
1771742649.416379,21.100000,0.010000,-0.000586,-0.045557,0.039609,2.2694,0.882446,0.110544,0.483103,-0.005341,-0.005341,-0.3060,-0.3060,1,1,0.000586,0.00000034
1771742649.426379,21.110000,0.010000,-0.000611,-0.042017,0.040408,2.3152,0.879956,0.111280,0.073649,-0.068366,-0.068366,-3.9171,-3.9171,1,1,0.000611,0.00000037
1771742649.436379,21.120000,0.010000,-0.000605,-0.038470,0.041194,2.3603,0.878812,0.108972,-0.230821,-0.118041,-0.118041,-6.7632,-6.7632,1,1,0.000605,0.00000037
1771742649.446379,21.130000,0.010000,-0.000571,-0.034935,0.041980,2.4053,0.879070,0.105621,-0.335121,-0.137133,-0.137133,-7.8571,-7.8571,1,1,0.000571,0.00000033
1771742649.456379,21.140000,0.010000,-0.000507,-0.031432,0.042776,2.4509,0.880777,0.101284,-0.433675,-0.154008,-0.154008,-8.8240,-8.8240,1,1,0.000507,0.00000026
1771742649.466379,21.150000,0.010000,-0.000414,-0.027976,0.043596,2.4979,0.883971,0.094054,-0.722985,-0.169284,-0.169284,-9.6992,-9.6992,1,1,0.000414,0.00000017
1771742649.476379,21.160000,0.010000,-0.000293,-0.024585,0.044452,2.5469,0.888681,0.088251,-0.580283,-0.153928,-0.153928,-8.8194,-8.8194,1,1,0.000293,0.00000009
1771742649.486379,21.170000,0.010000,-0.000144,-0.021270,0.045357,2.5988,0.894928,0.086664,-0.158682,-0.195057,-0.195057,-11.1759,-11.1759,1,1,0.000144,0.00000002
1771742649.496379,21.180000,0.010000,0.000032,-0.018044,0.046323,2.6541,0.902725,0.088767,0.210219,-0.253966,-0.253966,-14.5512,-14.5512,1,1,0.000032,0.00000000
1771742649.506379,21.190000,0.010000,0.000234,-0.014917,0.047364,2.7138,0.912076,0.094097,0.533007,-0.290245,-0.290245,-16.6298,-16.6298,1,1,0.000234,0.00000005
1771742649.516379,21.200000,0.010000,0.000462,-0.011894,0.048493,2.7784,0.922977,0.102251,0.815447,-0.305722,-0.305722,-17.5166,-17.5166,1,1,0.000462,0.00000021
1771742649.526379,21.210000,0.010000,0.000710,-0.009953,0.049745,2.8502,0.940902,0.108522,0.627066,-0.311105,-0.311105,-17.8250,-17.8250,1,1,0.000710,0.00000050
1771742649.536379,21.220000,0.010000,0.000971,-0.008786,0.051163,2.9314,0.962777,0.110518,0.199617,-0.315353,-0.315353,-18.0684,-18.0684,1,1,0.000971,0.00000094
1771742649.546379,21.230000,0.010000,0.001242,-0.007615,0.052755,3.0226,0.983542,0.108774,-0.174401,-0.292806,-0.292806,-16.7766,-16.7766,1,1,0.001242,0.00000154
1771742649.556379,21.240000,0.010000,0.001523,-0.006460,0.054518,3.1236,1.003890,0.103757,-0.501667,-0.275264,-0.275264,-15.7715,-15.7715,1,1,0.001523,0.00000232
1771742649.566379,21.250000,0.010000,0.001813,-0.005332,0.056450,3.2343,1.024244,0.095877,-0.788024,-0.268149,-0.268149,-15.3638,-15.3638,1,1,0.001813,0.00000329
1771742649.576379,21.260000,0.010000,0.002112,-0.004236,0.058555,3.3549,1.044928,0.085491,-1.038587,-0.266923,-0.266923,-15.2935,-15.2935,1,1,0.002112,0.00000446
1771742649.586379,21.270000,0.010000,0.002420,-0.003178,0.060836,3.4857,1.066166,0.072913,-1.257830,-0.266636,-0.266636,-15.2771,-15.2771,1,1,0.002420,0.00000586
1771742649.596379,21.280000,0.010000,0.002737,-0.002156,0.063300,3.6268,1.088097,0.058416,-1.449667,-0.258885,-0.258885,-14.8330,-14.8330,1,1,0.002737,0.00000749
1771742649.606379,21.290000,0.010000,0.003067,0.000022,0.065692,3.7639,1.048005,0.042241,-1.617524,-0.243657,-0.243657,-13.9605,-13.9605,1,1,0.003067,0.00000941
1771742649.616379,21.300000,0.010000,0.003403,0.000020,0.067574,3.8717,0.952955,0.024597,-1.764400,-0.222693,-0.222693,-12.7594,-12.7594,1,1,0.003403,0.00001158
1771742649.626379,21.310000,0.010000,0.003734,0.000019,0.068906,3.9480,0.892776,0.005668,-1.892915,-0.173600,-0.173600,-9.9466,-9.9466,1,1,0.003734,0.00001394
1771742649.636379,21.320000,0.010000,0.004061,0.000017,0.069639,3.9900,0.792877,-0.014386,-2.005367,-0.102865,-0.102865,-5.8937,-5.8937,1,1,0.004061,0.00001649
1771742649.646379,21.330000,0.010000,0.004382,0.000016,0.069796,3.9990,0.730902,-0.035424,-2.103762,-0.023097,-0.023097,-1.3234,-1.3234,1,1,0.004382,0.00001920
1771742649.656379,21.340000,0.010000,0.004699,0.000014,0.069332,3.9724,0.628214,-0.057322,-2.189858,0.015201,0.015201,0.8709,0.8709,1,1,0.004699,0.00002208
1771742649.666379,21.350000,0.010000,0.005011,0.000012,0.068280,3.9121,0.566317,-0.079974,-2.265191,0.023320,0.023320,1.3362,1.3362,1,1,0.005011,0.00002511
1771742649.676379,21.360000,0.010000,0.005319,0.000010,0.066598,3.8158,0.462345,-0.103285,-2.331108,0.039702,0.039702,2.2748,2.2748,1,1,0.005319,0.00002829
1771742649.686379,21.370000,0.010000,0.005620,0.000009,0.064399,3.6898,0.419238,-0.124782,-2.149738,0.061570,0.061570,3.5277,3.5277,1,1,0.005620,0.00003159
1771742649.696379,21.380000,0.010000,0.005919,0.000008,0.061749,3.5380,0.343696,-0.142703,-1.792077,0.073053,0.073053,4.1856,4.1856,1,1,0.005919,0.00003504
1771742649.706379,21.390000,0.010000,0.006213,0.000007,0.058763,3.3669,0.321992,-0.158231,-1.552743,0.070287,0.070287,4.0271,4.0271,1,1,0.006213,0.00003860
1771742649.716379,21.400000,0.010000,0.006505,0.000006,0.055463,3.1778,0.262066,-0.171781,-1.355069,0.070546,0.070546,4.0420,4.0420,1,1,0.006505,0.00004232
1771742649.726379,21.410000,0.010000,0.006793,0.000005,0.051970,2.9777,0.262800,-0.182669,-1.088801,0.068183,0.068183,3.9066,3.9066,1,1,0.006793,0.00004615
1771742649.736379,21.420000,0.010000,0.007080,0.000006,0.048336,2.7695,0.226547,-0.190293,-0.762349,0.063405,0.063405,3.6328,3.6328,1,1,0.007080,0.00005013
1771742649.746379,21.430000,0.010000,0.007356,-0.001919,0.044760,2.5646,0.268231,-0.194343,-0.405000,0.067181,0.067181,3.8492,3.8492,1,1,0.007356,0.00005411
1771742649.756379,21.440000,0.010000,0.007631,-0.000449,0.041139,2.3571,0.222310,-0.194396,-0.005309,0.067581,0.067581,3.8721,3.8721,1,1,0.007631,0.00005823
1771742649.766379,21.450000,0.010000,0.007867,-0.010346,0.038064,2.1809,0.388858,-0.190952,0.344420,0.061521,0.061521,3.5249,3.5249,1,1,0.007867,0.00006190
1771742649.776379,21.460000,0.010000,0.008112,0.000003,0.034568,1.9806,0.151638,-0.184447,0.650433,0.047699,0.047699,2.7330,2.7330,1,1,0.008112,0.00006580
1771742649.786379,21.470000,0.010000,0.008289,-0.023676,0.031924,1.8291,0.547206,-0.175265,0.918195,0.069273,0.069273,3.9691,3.9691,1,1,0.008289,0.00006871
1771742649.796379,21.480000,0.010000,0.008481,-0.000495,0.028731,1.6461,0.093487,-0.163741,1.152487,0.005535,0.005535,0.3171,0.3171,1,1,0.008481,0.00007192
1771742649.806379,21.490000,0.010000,0.008643,-0.025937,0.025735,1.4745,0.508675,-0.150166,1.357492,0.038064,0.038064,2.1809,2.1809,1,1,0.008643,0.00007469
1771742649.816379,21.500000,0.010000,0.008693,-0.031291,0.024370,1.3963,0.562172,-0.134797,1.536871,-0.073064,-0.073064,-4.1863,-4.1863,1,1,0.008693,0.00007557
1771742649.826379,21.510000,0.010000,0.008691,-0.038932,0.023564,1.3501,0.652873,-0.117859,1.693828,-0.151606,-0.151606,-8.6864,-8.6864,1,1,0.008691,0.00007553
1771742649.836379,21.520000,0.010000,0.008645,-0.042826,0.023154,1.3266,0.675794,-0.099547,1.831165,-0.227098,-0.227098,-13.0118,-13.0118,1,1,0.008645,0.00007473
1771742649.846379,21.530000,0.010000,0.008530,-0.055718,0.023566,1.3502,0.856117,-0.080034,1.951336,-0.254050,-0.254050,-14.5560,-14.5560,1,1,0.008530,0.00007276
1771742649.856379,21.540000,0.010000,0.008402,-0.048102,0.023829,1.3653,0.676335,-0.061507,1.852706,-0.183622,-0.183622,-10.5207,-10.5207,1,1,0.008402,0.00007059
1771742649.866379,21.550000,0.010000,0.008238,-0.062400,0.024356,1.3955,0.884472,-0.045893,1.561397,-0.208399,-0.208399,-11.9404,-11.9404,1,1,0.008238,0.00006786
1771742649.876379,21.560000,0.010000,0.007999,-0.068642,0.025846,1.4808,0.951347,-0.031758,1.413422,-0.126919,-0.126919,-7.2719,-7.2719,1,1,0.007999,0.00006398
1771742649.886379,21.570000,0.010000,0.007732,-0.069777,0.027477,1.5743,0.932072,-0.019341,1.241739,-0.066727,-0.066727,-3.8232,-3.8232,1,1,0.007732,0.00005978
1771742649.896379,21.580000,0.010000,0.007426,-0.078102,0.029502,1.6904,1.044133,-0.009233,1.010777,-0.050041,-0.050041,-2.8671,-2.8671,1,1,0.007426,0.00005515
1771742649.906379,21.590000,0.010000,0.007125,-0.072183,0.031376,1.7977,0.934069,-0.002117,0.711656,-0.036830,-0.036830,-2.1102,-2.1102,1,1,0.007125,0.00005077
1771742649.916379,21.600000,0.010000,0.006806,-0.079541,0.033371,1.9120,1.040070,0.006807,0.892372,-0.114713,-0.114713,-6.5726,-6.5726,1,1,0.006806,0.00004632
1771742649.926379,21.610000,0.010000,0.006469,-0.080826,0.035783,2.0502,1.077649,0.011125,0.431760,-0.010298,-0.010298,-0.5900,-0.5900,1,1,0.006469,0.00004185
1771742649.936379,21.620000,0.010000,0.006152,-0.076151,0.038067,2.1811,1.022762,0.014492,0.336745,-0.109059,-0.109059,-6.2486,-6.2486,1,1,0.006152,0.00003784
1771742649.946379,21.630000,0.010000,0.005829,-0.078323,0.040385,2.3139,1.054895,0.013948,-0.054414,-0.132670,-0.132670,-7.6014,-7.6014,1,1,0.005829,0.00003398
1771742649.956379,21.640000,0.010000,0.005533,-0.071006,0.042270,2.4219,0.932425,0.009981,-0.396678,-0.152504,-0.152504,-8.7378,-8.7378,1,1,0.005533,0.00003061
1771742649.966379,21.650000,0.010000,0.005241,-0.075800,0.044132,2.5286,1.023724,0.003020,-0.696159,-0.074629,-0.074629,-4.2759,-4.2759,1,1,0.005241,0.00002747
1771742649.976379,21.660000,0.010000,0.004996,-0.061051,0.045239,2.5920,0.772985,-0.006562,-0.958205,-0.072776,-0.072776,-4.1698,-4.1698,1,1,0.004996,0.00002496
1771742649.986379,21.670000,0.010000,0.004773,-0.068038,0.046082,2.6403,0.913400,-0.018437,-1.187495,0.078707,0.078707,4.5096,4.5096,1,1,0.004773,0.00002278
1771742649.996379,21.680000,0.010000,0.004581,-0.055365,0.046526,2.6657,0.707297,-0.032319,-1.388124,0.048592,0.048592,2.7841,2.7841,1,1,0.004581,0.00002099
1771742650.006379,21.690000,0.010000,0.004402,-0.062965,0.046925,2.6886,0.864655,-0.044144,-1.182503,0.102446,0.102446,5.8698,5.8698,1,1,0.004402,0.00001938
1771742650.016379,21.700000,0.010000,0.004266,-0.046814,0.046744,2.6782,0.601368,-0.051000,-0.685624,0.056045,0.056045,3.2112,3.2112,1,1,0.004266,0.00001820
1771742650.026379,21.710000,0.010000,0.004149,-0.055978,0.046461,2.6620,0.790227,-0.053509,-0.250855,0.070047,0.070047,4.0134,4.0134,1,1,0.004149,0.00001721
1771742650.036379,21.720000,0.010000,0.004015,-0.052852,0.046679,2.6745,0.760446,-0.052213,0.129567,-0.040326,-0.040326,-2.3105,-2.3105,1,1,0.004015,0.00001612
1771742650.046379,21.730000,0.010000,0.003891,-0.053387,0.046946,2.6898,0.797465,-0.054570,-0.235694,-0.151404,-0.151404,-8.6748,-8.6748,1,1,0.003891,0.00001514
1771742650.056379,21.740000,0.010000,0.003788,-0.048236,0.047069,2.6969,0.734674,-0.053141,0.142833,-0.054562,-0.054562,-3.1262,-3.1262,1,1,0.003788,0.00001435
1771742650.066379,21.750000,0.010000,0.003686,-0.052678,0.047435,2.7178,0.844062,-0.055382,-0.224087,-0.170402,-0.170402,-9.7633,-9.7633,1,1,0.003686,0.00001359
1771742650.076379,21.760000,0.010000,0.003648,-0.034239,0.046922,2.6884,0.546997,-0.060834,-0.545142,-0.076084,-0.076084,-4.3593,-4.3593,1,1,0.003648,0.00001331
1771742650.086379,21.770000,0.010000,0.003635,-0.043521,0.046233,2.6490,0.744302,-0.069094,-0.826065,0.026352,0.026352,1.5098,1.5098,1,1,0.003635,0.00001321
1771742650.096379,21.780000,0.010000,0.003623,-0.035985,0.045772,2.6225,0.640558,-0.072832,-0.373741,0.016588,0.016588,0.9504,0.9504,1,1,0.003623,0.00001313
1771742650.106379,21.790000,0.010000,0.003607,-0.043449,0.045642,2.6151,0.803792,-0.072825,0.000698,-0.019763,-0.019763,-1.1323,-1.1323,1,1,0.003607,0.00001301
1771742650.116379,21.800000,0.010000,0.003630,-0.028282,0.045051,2.5812,0.563310,-0.069328,0.349677,-0.109567,-0.109567,-6.2777,-6.2777,1,1,0.003630,0.00001318
1771742650.126379,21.810000,0.010000,0.003669,-0.037266,0.044447,2.5466,0.752757,-0.062778,0.655033,-0.197807,-0.197807,-11.3335,-11.3335,1,1,0.003669,0.00001346
1771742650.136379,21.820000,0.010000,0.003659,-0.041956,0.044939,2.5748,0.863906,-0.053556,0.922220,-0.302701,-0.302701,-17.3435,-17.3435,1,1,0.003659,0.00001338
1771742650.146379,21.830000,0.010000,0.003667,-0.033992,0.045331,2.5973,0.750149,-0.041995,1.156008,-0.326665,-0.326665,-18.7165,-18.7165,1,1,0.003667,0.00001345
1771742650.156379,21.840000,0.010000,0.003681,-0.039415,0.045871,2.6282,0.875773,-0.028390,1.360573,-0.311255,-0.311255,-17.8336,-17.8336,1,1,0.003681,0.00001355
1771742650.166379,21.850000,0.010000,0.003665,-0.042341,0.047169,2.7026,0.957184,-0.019975,0.841436,-0.284455,-0.284455,-16.2981,-16.2981,1,1,0.003665,0.00001343
1771742650.176379,21.860000,0.010000,0.003682,-0.032549,0.048147,2.7586,0.813909,-0.016103,0.387190,-0.322307,-0.322307,-18.4668,-18.4668,1,1,0.003682,0.00001356
1771742650.186379,21.870000,0.010000,0.003716,-0.036699,0.049097,2.8131,0.920747,-0.016206,-0.010274,-0.314753,-0.314753,-18.0340,-18.0340,1,1,0.003716,0.00001381
1771742650.196379,21.880000,0.010000,0.003767,-0.029482,0.050010,2.8654,0.825898,-0.019787,-0.358056,-0.268112,-0.268112,-15.3617,-15.3617,1,1,0.003767,0.00001419
1771742650.206379,21.890000,0.010000,0.003828,-0.033484,0.051056,2.9253,0.932070,-0.026410,-0.662365,-0.206255,-0.206255,-11.8176,-11.8176,1,1,0.003828,0.00001465
1771742650.216379,21.900000,0.010000,0.003945,-0.017025,0.051385,2.9442,0.674634,-0.028715,-0.230503,-0.182811,-0.182811,-10.4743,-10.4743,1,1,0.003945,0.00001556
1771742650.226379,21.910000,0.010000,0.004088,-0.024187,0.051541,2.9531,0.837909,-0.027242,0.147375,-0.240507,-0.240507,-13.7800,-13.7800,1,1,0.004088,0.00001672
1771742650.236379,21.920000,0.010000,0.004205,-0.025298,0.052475,3.0066,0.891915,-0.026307,0.093484,-0.313358,-0.313358,-17.9541,-17.9541,1,1,0.004205,0.00001768
1771742650.246379,21.930000,0.010000,0.004364,-0.014340,0.052929,3.0326,0.731485,-0.028980,-0.267268,-0.303880,-0.303880,-17.4110,-17.4110,1,1,0.004364,0.00001904
1771742650.256379,21.940000,0.010000,0.004533,-0.020997,0.053492,3.0649,0.884011,-0.034809,-0.582925,-0.257849,-0.257849,-14.7736,-14.7736,1,1,0.004533,0.00002055
1771742650.266379,21.950000,0.010000,0.004747,-0.005138,0.053338,3.0560,0.587818,-0.043400,-0.859125,-0.188455,-0.188455,-10.7977,-10.7977,1,1,0.004747,0.00002253
1771742650.276379,21.960000,0.010000,0.004971,-0.015134,0.053075,3.0410,0.797214,-0.054408,-1.100801,-0.107151,-0.107151,-6.1393,-6.1393,1,1,0.004971,0.00002471
1771742650.286379,21.970000,0.010000,0.005222,-0.000802,0.052297,2.9964,0.501314,-0.067531,-1.312266,-0.031145,-0.031145,-1.7845,-1.7845,1,1,0.005222,0.00002727
1771742650.296379,21.980000,0.010000,0.005467,-0.013194,0.051558,2.9541,0.747654,-0.082504,-1.497299,-0.023802,-0.023802,-1.3638,-1.3638,1,1,0.005467,0.00002989
1771742650.306379,21.990000,0.010000,0.005725,0.000007,0.049939,2.8613,0.334362,-0.099096,-1.659202,0.068072,0.068072,3.9003,3.9003,1,1,0.005725,0.00003277
1771742650.316379,22.000000,0.010000,0.005950,-0.016393,0.048226,2.7632,0.644350,-0.117104,-1.800868,0.076278,0.076278,4.3704,4.3704,1,1,0.005950,0.00003541
1771742650.326379,22.010000,0.010000,0.006188,0.000004,0.045581,2.6116,0.167597,-0.135980,-1.887600,0.092404,0.092404,5.2944,5.2944,1,1,0.006188,0.00003830
1771742650.336379,22.020000,0.010000,0.006388,-0.020378,0.042877,2.4567,0.538220,-0.149006,-1.302584,0.098804,0.098804,5.6611,5.6611,1,1,0.006388,0.00004081
1771742650.346379,22.030000,0.010000,0.006603,0.000003,0.039725,2.2761,0.129331,-0.156913,-0.790695,0.061662,0.061662,3.5330,3.5330,1,1,0.006603,0.00004360
1771742650.356379,22.040000,0.010000,0.006794,-0.021846,0.036798,2.1084,0.513744,-0.167322,-1.040924,0.091851,0.091851,5.2626,5.2626,1,1,0.006794,0.00004615
1771742650.366379,22.050000,0.010000,0.006999,0.000002,0.033093,1.8961,0.014773,-0.179921,-1.259875,0.057827,0.057827,3.3132,3.3132,1,1,0.006999,0.00004899
1771742650.376379,22.060000,0.010000,0.007171,-0.024764,0.029468,1.6884,0.438044,-0.194436,-1.451456,0.078528,0.078528,4.4993,4.4993,1,1,0.007171,0.00005142
1771742650.386379,22.070000,0.010000,0.007360,0.000002,0.025231,1.4457,-0.052213,-0.203645,-0.920958,0.058597,0.058597,3.3574,3.3574,1,1,0.007360,0.00005416
1771742650.396379,22.080000,0.010000,0.007517,-0.026885,0.021212,1.2154,0.394292,-0.208213,-0.456773,0.057641,0.057641,3.3026,3.3026,1,1,0.007517,0.00005650
1771742650.406379,22.090000,0.010000,0.007651,-0.010093,0.017300,0.9912,0.061428,-0.208719,-0.050610,0.077282,0.077282,4.4280,4.4280,1,1,0.007651,0.00005854
1771742650.416379,22.100000,0.010000,0.007736,-0.035244,0.013930,0.7981,0.462154,-0.205671,0.304782,0.053472,0.053472,3.0637,3.0637,1,1,0.007736,0.00005984
1771742650.426379,22.110000,0.010000,0.007805,-0.017589,0.010408,0.5963,0.101221,-0.199514,0.615750,0.121379,0.121379,6.9545,6.9545,1,1,0.007805,0.00006092
1771742650.436379,22.120000,0.010000,0.007830,-0.042354,0.007252,0.4155,0.483314,-0.190635,0.887847,0.067314,0.067314,3.8568,3.8568,1,1,0.007830,0.00006131
1771742650.446379,22.130000,0.010000,0.007780,-0.039367,0.004898,0.2807,0.369340,-0.179376,1.125932,0.129400,0.129400,7.4141,7.4141,1,1,0.007780,0.00006053
1771742650.456379,22.140000,0.010000,0.007656,-0.059071,0.003338,0.1912,0.652358,-0.166033,1.334256,0.097601,0.097601,5.5921,5.5921,1,1,0.007656,0.00005861
1771742650.466379,22.150000,0.010000,0.007510,-0.047560,0.001585,0.0908,0.382380,-0.150868,1.516540,0.109932,0.109932,6.2986,6.2986,1,1,0.007510,0.00005640
1771742650.476379,22.160000,0.010000,0.007320,-0.066733,0.000053,0.0030,0.653391,-0.134108,1.676039,0.092738,0.092738,5.3135,5.3135,1,1,0.007320,0.00005359
1771742650.486379,22.170000,0.010000,0.007007,-0.080324,0.000119,0.0068,0.823238,-0.115952,1.815600,0.026798,0.026798,1.5354,1.5354,1,1,0.007007,0.00004910
1771742650.496379,22.180000,0.010000,0.006682,-0.078130,0.000434,0.0249,0.789312,-0.096575,1.937715,0.064825,0.064825,3.7142,3.7142,1,1,0.006682,0.00004465
1771742650.506379,22.190000,0.010000,0.006331,-0.084254,0.001065,0.0610,0.882007,-0.076129,2.044567,0.052242,0.052242,2.9933,2.9933,1,1,0.006331,0.00004008
1771742650.516379,22.200000,0.010000,0.005982,-0.083578,0.001989,0.1140,0.912513,-0.059288,1.684078,0.135134,0.135134,7.7426,7.7426,1,1,0.005982,0.00003579
1771742650.526379,22.210000,0.010000,0.005636,-0.083019,0.003127,0.1791,0.934397,-0.044672,1.461616,0.119583,0.119583,6.8516,6.8516,1,1,0.005636,0.00003177
1771742650.536379,22.220000,0.010000,0.005292,-0.082547,0.004417,0.2530,0.949800,-0.029428,1.524430,0.127417,0.127417,7.3004,7.3004,1,1,0.005292,0.00002801
1771742650.546379,22.230000,0.010000,0.004950,-0.082138,0.005813,0.3331,0.960323,-0.019065,1.036250,0.192044,0.192044,11.0033,11.0033,1,1,0.004950,0.00002450
1771742650.556379,22.240000,0.010000,0.004609,-0.081778,0.007282,0.4172,0.967164,-0.006507,1.255785,0.145280,0.145280,8.3239,8.3239,1,1,0.004609,0.00002125
1771742650.566379,22.250000,0.010000,0.004270,-0.081453,0.008797,0.5040,0.971220,0.002720,0.922772,0.229954,0.229954,13.1754,13.1754,1,1,0.004270,0.00001823
1771742650.576379,22.260000,0.010000,0.003932,-0.081153,0.010339,0.5924,0.973158,0.014285,1.156491,0.198085,0.198085,11.3494,11.3494,1,1,0.003932,0.00001546
1771742650.586379,22.270000,0.010000,0.003595,-0.080873,0.011893,0.6814,0.973480,0.024700,1.041447,0.274061,0.274061,15.7026,15.7026,1,1,0.003595,0.00001292
1771742650.596379,22.280000,0.010000,0.003259,-0.080606,0.013447,0.7705,0.972557,0.035354,1.065404,0.276080,0.276080,15.8182,15.8182,1,1,0.003259,0.00001062
1771742650.606379,22.290000,0.010000,0.002924,-0.080350,0.014993,0.8590,0.970668,0.042527,0.717307,0.299577,0.299577,17.1645,17.1645,1,1,0.002924,0.00000855
1771742650.616379,22.300000,0.010000,0.002590,-0.080100,0.016524,0.9468,0.968020,0.045313,0.278578,0.254143,0.254143,14.5613,14.5613,1,1,0.002590,0.00000671
1771742650.626379,22.310000,0.010000,0.002257,-0.079856,0.018035,1.0333,0.964765,0.047752,0.243899,0.176725,0.176725,10.1256,10.1256,1,1,0.002257,0.00000510
1771742650.636379,22.320000,0.010000,0.001927,-0.079463,0.019513,1.1180,0.960197,0.048313,0.056130,0.178030,0.178030,10.2004,10.2004,1,1,0.001927,0.00000371
1771742650.646379,22.330000,0.010000,0.001601,-0.078818,0.020944,1.2000,0.954030,0.052295,0.398179,0.174227,0.174227,9.9825,9.9825,1,1,0.001601,0.00000256
1771742650.656379,22.340000,0.010000,0.001284,-0.077725,0.022308,1.2781,0.945573,0.059270,0.697473,0.207399,0.207399,11.8831,11.8831,1,1,0.001284,0.00000165
1771742650.666379,22.350000,0.010000,0.000978,-0.076260,0.023590,1.3516,0.935783,0.067788,0.851839,0.263010,0.263010,15.0693,15.0693,1,1,0.000978,0.00000096
1771742650.676379,22.360000,0.010000,0.000686,-0.074482,0.024786,1.4201,0.925312,0.078732,1.094425,0.288659,0.288659,16.5389,16.5389,1,1,0.000686,0.00000047
1771742650.686379,22.370000,0.010000,0.000411,-0.072428,0.025892,1.4835,0.914563,0.087051,0.831848,0.300725,0.300725,17.2303,17.2303,1,1,0.000411,0.00000017
1771742650.696379,22.380000,0.010000,0.000154,-0.070129,0.026908,1.5417,0.903804,0.097820,1.076933,0.269474,0.269474,15.4398,15.4398,1,1,0.000154,0.00000002
1771742650.706379,22.390000,0.010000,-0.000081,-0.067614,0.027835,1.5948,0.893277,0.110353,1.253307,0.259120,0.259120,14.8465,14.8465,1,1,0.000081,0.00000001
1771742650.716379,22.400000,0.010000,-0.000295,-0.064917,0.028676,1.6430,0.883164,0.124810,1.445710,0.235415,0.235415,13.4883,13.4883,1,1,0.000295,0.00000009
1771742650.726379,22.410000,0.010000,-0.000485,-0.062063,0.029437,1.6866,0.873626,0.140951,1.614062,0.191814,0.191814,10.9901,10.9901,1,1,0.000485,0.00000024
1771742650.736379,22.420000,0.010000,-0.000651,-0.059080,0.030123,1.7259,0.864805,0.158564,1.761370,0.085584,0.085584,4.9036,4.9036,1,1,0.000651,0.00000042
1771742650.746379,22.430000,0.010000,-0.000840,-0.061234,0.031623,1.8119,0.951380,0.170512,1.194728,-0.080744,-0.080744,-4.6263,-4.6263,1,1,0.000840,0.00000071
1771742650.756379,22.440000,0.010000,-0.000985,-0.056142,0.032756,1.8768,0.911495,0.177475,0.696321,-0.163585,-0.163585,-9.3727,-9.3727,1,1,0.000985,0.00000097
1771742650.766379,22.450000,0.010000,-0.001106,-0.053195,0.033910,1.9429,0.913371,0.180077,0.260215,-0.184948,-0.184948,-10.5967,-10.5967,1,1,0.001106,0.00000122
1771742650.776379,22.460000,0.010000,-0.001190,-0.048753,0.034860,1.9974,0.891251,0.179346,-0.073130,-0.191982,-0.191982,-10.9998,-10.9998,1,1,0.001190,0.00000142
1771742650.786379,22.470000,0.010000,-0.001279,-0.048960,0.036407,2.0860,0.955082,0.182197,0.285077,-0.159833,-0.159833,-9.1577,-9.1577,1,1,0.001279,0.00000164
1771742650.796379,22.480000,0.010000,-0.001316,-0.043005,0.037545,2.1512,0.911304,0.188182,0.598508,-0.232406,-0.232406,-13.3159,-13.3159,1,1,0.001316,0.00000173
1771742650.806379,22.490000,0.010000,-0.001381,-0.045602,0.039726,2.2761,1.023387,0.196909,0.872761,-0.226235,-0.226235,-12.9623,-12.9623,1,1,0.001381,0.00000191
1771742650.816379,22.500000,0.010000,-0.001381,-0.038089,0.041291,2.3658,0.957685,0.208037,1.112731,-0.321556,-0.321556,-18.4238,-18.4238,1,1,0.001381,0.00000191
1771742650.826379,22.510000,0.010000,-0.001403,-0.040123,0.043859,2.5129,1.065915,0.215716,0.767973,-0.319447,-0.319447,-18.3030,-18.3030,1,1,0.001403,0.00000197
1771742650.836379,22.520000,0.010000,-0.001350,-0.031660,0.045709,2.6189,0.989626,0.221142,0.542543,-0.358791,-0.358791,-20.5572,-20.5572,1,1,0.001350,0.00000182
1771742650.846379,22.530000,0.010000,-0.001282,-0.029518,0.047918,2.7455,1.029202,0.222926,0.178415,-0.320945,-0.320945,-18.3888,-18.3888,1,1,0.001282,0.00000164
1771742650.856379,22.540000,0.010000,-0.001146,-0.021864,0.049587,2.8411,0.972412,0.220996,-0.192953,-0.325420,-0.325420,-18.6452,-18.6452,1,1,0.001146,0.00000131
1771742650.866379,22.550000,0.010000,-0.000972,-0.017344,0.051249,2.9364,0.973169,0.215817,-0.517900,-0.262289,-0.262289,-15.0280,-15.0280,1,1,0.000972,0.00000095
1771742650.876379,22.560000,0.010000,-0.000745,-0.011176,0.052636,3.0158,0.945197,0.207795,-0.802228,-0.225081,-0.225081,-12.8962,-12.8962,1,1,0.000745,0.00000055
1771742650.886379,22.570000,0.010000,-0.000476,-0.006974,0.053914,3.0891,0.938875,0.197285,-1.051015,-0.172558,-0.172558,-9.8868,-9.8868,1,1,0.000476,0.00000023
1771742650.896379,22.580000,0.010000,-0.000181,-0.004757,0.055229,3.1644,0.949367,0.184598,-1.268704,-0.149780,-0.149780,-8.5818,-8.5818,1,1,0.000181,0.00000003
1771742650.906379,22.590000,0.010000,0.000131,-0.002659,0.056649,3.2457,0.962363,0.170006,-1.459182,-0.139792,-0.139792,-8.0095,-8.0095,1,1,0.000131,0.00000002
1771742650.916379,22.600000,0.010000,0.000460,-0.000562,0.058188,3.3339,0.976700,0.153748,-1.625850,-0.133887,-0.133887,-7.6711,-7.6711,1,1,0.000460,0.00000021
1771742650.926379,22.610000,0.010000,0.000799,0.000011,0.059903,3.4322,1.003179,0.136031,-1.771685,-0.164739,-0.164739,-9.4389,-9.4389,1,1,0.000799,0.00000064
1771742650.936379,22.620000,0.010000,0.001142,0.000013,0.061849,3.5437,1.032586,0.117038,-1.899290,-0.196634,-0.196634,-11.2663,-11.2663,1,1,0.001142,0.00000130
1771742650.946379,22.630000,0.010000,0.001484,0.000015,0.064029,3.6686,1.060492,0.096928,-2.010945,-0.215227,-0.215227,-12.3316,-12.3316,1,1,0.001484,0.00000220
1771742650.956379,22.640000,0.010000,0.001827,0.000017,0.066436,3.8065,1.087503,0.075842,-2.108642,-0.216792,-0.216792,-12.4213,-12.4213,1,1,0.001827,0.00000334
1771742650.966379,22.650000,0.010000,0.002169,0.000019,0.069066,3.9572,1.114081,0.053901,-2.194128,-0.201184,-0.201184,-11.5270,-11.5270,1,1,0.002169,0.00000471
1771742650.976379,22.660000,0.010000,0.002523,0.002612,0.070948,4.0650,0.907930,0.031211,-2.268928,-0.168619,-0.168619,-9.6612,-9.6612,1,1,0.002523,0.00000636
1771742650.986379,22.670000,0.010000,0.002866,0.000018,0.072384,4.1473,0.962119,0.007868,-2.334378,-0.103064,-0.103064,-5.9051,-5.9051,1,1,0.002866,0.00000821
1771742650.996379,22.680000,0.010000,0.003236,0.009011,0.072694,4.1650,0.643280,-0.016049,-2.391646,-0.031842,-0.031842,-1.8244,-1.8244,1,1,0.003236,0.00001047
1771742651.006379,22.690000,0.010000,0.003592,0.000018,0.072784,4.1702,0.843823,-0.040466,-2.441756,-0.039738,-0.039738,-2.2768,-2.2768,1,1,0.003592,0.00001290
1771742651.016379,22.700000,0.010000,0.003984,0.015947,0.071708,4.1086,0.397722,-0.058341,-1.787471,0.091053,0.091053,5.2169,5.2169,1,1,0.003984,0.00001587
1771742651.026379,22.710000,0.010000,0.004354,0.000016,0.070410,4.0342,0.701066,-0.070491,-1.214971,-0.062303,-0.062303,-3.5697,-3.5697,1,1,0.004354,0.00001896
1771742651.036379,22.720000,0.010000,0.004686,0.003739,0.069199,3.9648,0.472909,-0.079153,-0.866266,-0.057261,-0.057261,-3.2808,-3.2808,1,1,0.004686,0.00002196
1771742651.046379,22.730000,0.010000,0.004973,-0.008009,0.068337,3.9154,0.737915,-0.085995,-0.684166,-0.107276,-0.107276,-6.1465,-6.1465,1,1,0.004973,0.00002473
1771742651.056379,22.740000,0.010000,0.005302,0.011389,0.066219,3.7941,0.219078,-0.095472,-0.947711,-0.095269,-0.095269,-5.4585,-5.4585,1,1,0.005302,0.00002811
1771742651.066379,22.750000,0.010000,0.005615,-0.006227,0.063863,3.6591,0.579169,-0.107255,-1.178313,0.000633,0.000633,0.0363,0.0363,1,1,0.005615,0.00003153
1771742651.076379,22.760000,0.010000,0.005895,0.000007,0.061572,3.5278,0.300525,-0.120752,-1.349645,-0.000037,-0.000037,-0.0021,-0.0021,1,1,0.005895,0.00003475
1771742651.086379,22.770000,0.010000,0.006116,-0.017022,0.059753,3.4236,0.637363,-0.132757,-1.200499,0.037141,0.037141,2.1280,2.1280,1,1,0.006116,0.00003740
1771742651.096379,22.780000,0.010000,0.006386,0.008460,0.056386,3.2307,-0.008674,-0.141310,-0.855338,0.066318,0.066318,3.7998,3.7998,1,1,0.006386,0.00004078
1771742651.106379,22.790000,0.010000,0.006634,-0.015358,0.052707,3.0199,0.437945,-0.145304,-0.399355,0.102095,0.102095,5.8496,5.8496,1,1,0.006634,0.00004401
1771742651.116379,22.800000,0.010000,0.006832,-0.008037,0.050067,2.8686,0.324672,-0.145307,-0.000369,0.018444,0.018444,1.0568,1.0568,1,1,0.006832,0.00004667
1771742651.126379,22.810000,0.010000,0.006983,-0.025136,0.048350,2.7703,0.637254,-0.141820,0.348743,0.010163,0.010163,0.5823,0.5823,1,1,0.006983,0.00004876
1771742651.136379,22.820000,0.010000,0.007180,0.000003,0.045450,2.6041,0.098637,-0.135278,0.654216,-0.052831,-0.052831,-3.0270,-3.0270,1,1,0.007180,0.00005155
1771742651.146379,22.830000,0.010000,0.007362,-0.023122,0.042443,2.4318,0.509035,-0.126063,0.921504,0.030194,0.030194,1.7300,1.7300,1,1,0.007362,0.00005419
1771742651.156379,22.840000,0.010000,0.007444,-0.027727,0.041140,2.3572,0.584389,-0.118093,0.797000,-0.162228,-0.162228,-9.2950,-9.2950,1,1,0.007444,0.00005542
1771742651.166379,22.850000,0.010000,0.007524,-0.024600,0.039828,2.2820,0.520478,-0.110489,0.760398,-0.198343,-0.198343,-11.3642,-11.3642,1,1,0.007524,0.00005661
1771742651.176379,22.860000,0.010000,0.007566,-0.035933,0.039085,2.2394,0.708983,-0.107326,0.316282,-0.173418,-0.173418,-9.9361,-9.9361,1,1,0.007566,0.00005724
1771742651.186379,22.870000,0.010000,0.007656,-0.015084,0.037388,2.1422,0.328185,-0.105819,0.150716,-0.096924,-0.096924,-5.5533,-5.5533,1,1,0.007656,0.00005861
1771742651.196379,22.880000,0.010000,0.007734,-0.034666,0.035787,2.0504,0.658507,-0.101009,0.480943,0.022886,0.022886,1.3113,1.3113,1,1,0.007734,0.00005982
1771742651.206379,22.890000,0.010000,0.007750,-0.033526,0.035125,2.0125,0.618635,-0.093311,0.769891,-0.138851,-0.138851,-7.9556,-7.9556,1,1,0.007750,0.00006006
1771742651.216379,22.900000,0.010000,0.007714,-0.046423,0.035194,2.0165,0.824962,-0.083083,1.022720,-0.230988,-0.230988,-13.2346,-13.2346,1,1,0.007714,0.00005951
1771742651.226379,22.910000,0.010000,0.007701,-0.030546,0.034695,1.9879,0.523729,-0.070644,1.243946,-0.300025,-0.300025,-17.1901,-17.1901,1,1,0.007701,0.00005930
1771742651.236379,22.920000,0.010000,0.007673,-0.046510,0.034277,1.9639,0.784555,-0.056269,1.437519,-0.222090,-0.222090,-12.7248,-12.7248,1,1,0.007673,0.00005888
1771742651.246379,22.930000,0.010000,0.007560,-0.053851,0.035170,2.0151,0.891198,-0.046930,0.933908,-0.272659,-0.272659,-15.6222,-15.6222,1,1,0.007560,0.00005715
1771742651.256379,22.940000,0.010000,0.007454,-0.045998,0.035758,2.0488,0.731802,-0.039793,0.713657,-0.271823,-0.271823,-15.5743,-15.5743,1,1,0.007454,0.00005556
1771742651.266379,22.950000,0.010000,0.007326,-0.057593,0.036588,2.0963,0.917912,-0.037039,0.275384,-0.266246,-0.266246,-15.2548,-15.2548,1,1,0.007326,0.00005367
1771742651.276379,22.960000,0.010000,0.007191,-0.049786,0.037384,2.1419,0.763039,-0.031139,0.590027,-0.201620,-0.201620,-11.5520,-11.5520,1,1,0.007191,0.00005171
1771742651.286379,22.970000,0.010000,0.007038,-0.060364,0.038383,2.1992,0.935719,-0.029467,0.167208,-0.260286,-0.260286,-14.9133,-14.9133,1,1,0.007038,0.00004953
1771742651.296379,22.980000,0.010000,0.006900,-0.048046,0.038991,2.2340,0.706115,-0.031494,-0.202759,-0.190719,-0.190719,-10.9274,-10.9274,1,1,0.006900,0.00004761
1771742651.306379,22.990000,0.010000,0.006758,-0.059263,0.039618,2.2700,0.895404,-0.036759,-0.526480,-0.060530,-0.060530,-3.4681,-3.4681,1,1,0.006758,0.00004567
1771742651.316379,23.000000,0.010000,0.006636,-0.045259,0.039806,2.2807,0.640358,-0.044280,-0.752061,-0.007028,-0.007028,-0.4027,-0.4027,1,1,0.006636,0.00004403
1771742651.326379,23.010000,0.010000,0.006511,-0.057334,0.040004,2.2920,0.848742,-0.047370,-0.308987,0.086297,0.086297,4.9445,4.9445,1,1,0.006511,0.00004240
1771742651.336379,23.020000,0.010000,0.006395,-0.045693,0.040013,2.2926,0.638239,-0.053564,-0.619430,-0.012873,-0.012873,-0.7375,-0.7375,1,1,0.006395,0.00004089
1771742651.346379,23.030000,0.010000,0.006269,-0.057451,0.040169,2.3015,0.843524,-0.062475,-0.891067,0.074385,0.074385,4.2619,4.2619,1,1,0.006269,0.00003930
1771742651.356379,23.040000,0.010000,0.006201,-0.033961,0.039261,2.2495,0.425810,-0.073762,-1.128749,0.042140,0.042140,2.4144,2.4144,1,1,0.006201,0.00003846
1771742651.366379,23.050000,0.010000,0.006149,-0.049533,0.038091,2.1825,0.700379,-0.087129,-1.336721,0.105743,0.105743,6.0586,6.0586,1,1,0.006149,0.00003781
1771742651.376379,23.060000,0.010000,0.006105,-0.034903,0.036745,2.1053,0.438083,-0.102316,-1.518697,0.020789,0.020789,1.1911,1.1911,1,1,0.006105,0.00003727
1771742651.386379,23.070000,0.010000,0.006047,-0.050158,0.035621,2.0409,0.704125,-0.119096,-1.677926,0.068080,0.068080,3.9007,3.9007,1,1,0.006047,0.00003656
1771742651.396379,23.080000,0.010000,0.006085,-0.014643,0.032736,1.8756,0.069706,-0.137268,-1.817251,0.046138,0.046138,2.6435,2.6435,1,1,0.006085,0.00003703
1771742651.406379,23.090000,0.010000,0.006150,-0.037042,0.029333,1.6807,0.458449,-0.149678,-1.241029,0.092050,0.092050,5.2741,5.2741,1,1,0.006150,0.00003782
1771742651.416379,23.100000,0.010000,0.006155,-0.033123,0.026886,1.5405,0.374116,-0.163504,-1.382597,0.068226,0.068226,3.9090,3.9090,1,1,0.006155,0.00003788
1771742651.426379,23.110000,0.010000,0.006140,-0.040721,0.024631,1.4113,0.490198,-0.172111,-0.860707,0.075310,0.075310,4.3149,4.3149,1,1,0.006140,0.00003770
1771742651.436379,23.120000,0.010000,0.006156,-0.026976,0.021650,1.2405,0.225047,-0.176152,-0.404052,0.082223,0.082223,4.7110,4.7110,1,1,0.006156,0.00003790
1771742651.446379,23.130000,0.010000,0.006135,-0.046748,0.019128,1.0960,0.549441,-0.176197,-0.004480,0.080006,0.080006,4.5840,4.5840,1,1,0.006135,0.00003764
1771742651.456379,23.140000,0.010000,0.006121,-0.028984,0.016246,0.9308,0.204715,-0.172745,0.345146,0.115393,0.115393,6.6115,6.6115,1,1,0.006121,0.00003746
1771742651.466379,23.150000,0.010000,0.006080,-0.049219,0.013558,0.7768,0.529751,-0.166235,0.651069,0.083782,0.083782,4.8004,4.8004,1,1,0.006080,0.00003697
1771742651.476379,23.160000,0.010000,0.005970,-0.049350,0.011800,0.6761,0.493674,-0.157047,0.918751,0.115556,0.115556,6.6209,6.6209,1,1,0.005970,0.00003564
1771742651.486379,23.170000,0.010000,0.005796,-0.063876,0.010821,0.6200,0.710799,-0.145517,1.152973,0.101078,0.101078,5.7913,5.7913,1,1,0.005796,0.00003359
1771742651.496379,23.180000,0.010000,0.005629,-0.050255,0.009379,0.5374,0.428484,-0.131938,1.357917,0.056209,0.056209,3.2206,3.2206,1,1,0.005629,0.00003169
1771742651.506379,23.190000,0.010000,0.005443,-0.065632,0.007951,0.4555,0.660541,-0.116566,1.537243,0.051991,0.051991,2.9789,2.9789,1,1,0.005443,0.00002962
1771742651.516379,23.200000,0.010000,0.005159,-0.076224,0.007892,0.4522,0.806088,-0.099624,1.694154,-0.006580,-0.006580,-0.3770,-0.3770,1,1,0.005159,0.00002662
1771742651.526379,23.210000,0.010000,0.004822,-0.080942,0.008502,0.4871,0.856704,-0.081404,1.822033,0.030143,0.030143,1.7271,1.7271,1,1,0.004822,0.00002325
1771742651.536379,23.220000,0.010000,0.004478,-0.082582,0.009354,0.5360,0.901395,-0.061970,1.943344,0.070796,0.070796,4.0563,4.0563,1,1,0.004478,0.00002005
1771742651.546379,23.230000,0.010000,0.004136,-0.082036,0.010401,0.5959,0.921158,-0.045696,1.627452,0.137804,0.137804,7.8956,7.8956,1,1,0.004136,0.00001711
1771742651.556379,23.240000,0.010000,0.003796,-0.081572,0.011586,0.6638,0.934797,-0.030570,1.512575,0.142361,0.142361,8.1567,8.1567,1,1,0.003796,0.00001441
1771742651.566379,23.250000,0.010000,0.003458,-0.081169,0.012865,0.7371,0.943821,-0.016471,1.409915,0.175200,0.175200,10.0382,10.0382,1,1,0.003458,0.00001196
1771742651.576379,23.260000,0.010000,0.003121,-0.080811,0.014206,0.8139,0.949362,-0.004411,1.205961,0.210201,0.210201,12.0436,12.0436,1,1,0.003121,0.00000974
1771742651.586379,23.270000,0.010000,0.002786,-0.080486,0.015584,0.8929,0.952261,0.009631,1.404282,0.216458,0.216458,12.4022,12.4022,1,1,0.002786,0.00000776
1771742651.596379,23.280000,0.010000,0.002452,-0.080186,0.016980,0.9729,0.953148,0.018900,0.926882,0.287257,0.287257,16.4586,16.4586,1,1,0.002452,0.00000601
1771742651.606379,23.290000,0.010000,0.002119,-0.079904,0.018381,1.0532,0.952492,0.030501,1.160087,0.230835,0.230835,13.2259,13.2259,1,1,0.002119,0.00000449
1771742651.616379,23.300000,0.010000,0.001788,-0.079546,0.019771,1.1328,0.950163,0.039323,0.882209,0.289783,0.289783,16.6034,16.6034,1,1,0.001788,0.00000320
1771742651.626379,23.310000,0.010000,0.001461,-0.078873,0.021127,1.2105,0.945247,0.043552,0.422867,0.264997,0.264997,15.1832,15.1832,1,1,0.001461,0.00000213
1771742651.636379,23.320000,0.010000,0.001144,-0.077725,0.022421,1.2846,0.937495,0.044607,0.105488,0.197517,0.197517,11.3169,11.3169,1,1,0.001144,0.00000131
1771742651.646379,23.330000,0.010000,0.000838,-0.076196,0.023638,1.3544,0.928112,0.042039,-0.256764,0.172028,0.172028,9.8565,9.8565,1,1,0.000838,0.00000070
1771742651.656379,23.340000,0.010000,0.000547,-0.074349,0.024771,1.4193,0.917846,0.040552,-0.148695,0.175024,0.175024,10.0282,10.0282,1,1,0.000547,0.00000030
1771742651.666379,23.350000,0.010000,0.000274,-0.072224,0.025815,1.4791,0.907171,0.042742,0.218958,0.167098,0.167098,9.5740,9.5740,1,1,0.000274,0.00000007
1771742651.676379,23.360000,0.010000,0.000020,-0.069856,0.026769,1.5338,0.896436,0.048148,0.540654,0.137662,0.137662,7.8874,7.8874,1,1,0.000020,0.00000000
1771742651.686379,23.370000,0.010000,-0.000214,-0.067278,0.027634,1.5833,0.885871,0.056370,0.822138,0.183703,0.183703,10.5254,10.5254,1,1,0.000214,0.00000005
1771742651.696379,23.380000,0.010000,-0.000424,-0.064522,0.028414,1.6280,0.875715,0.067054,1.068437,0.245979,0.245979,14.0936,14.0936,1,1,0.000424,0.00000018
1771742651.706379,23.390000,0.010000,-0.000611,-0.061617,0.029113,1.6680,0.866139,0.079893,1.283948,0.254492,0.254492,14.5813,14.5813,1,1,0.000611,0.00000037
1771742651.716379,23.400000,0.010000,-0.000772,-0.058591,0.029736,1.7038,0.857292,0.094619,1.472520,0.258670,0.258670,14.8207,14.8207,1,1,0.000772,0.00000060
1771742651.726379,23.410000,0.010000,-0.000908,-0.055470,0.030292,1.7356,0.849300,0.110994,1.637521,0.251234,0.251234,14.3947,14.3947,1,1,0.000908,0.00000082
1771742651.736379,23.420000,0.010000,-0.001017,-0.052280,0.030787,1.7639,0.842268,0.125974,1.498019,0.213008,0.213008,12.2045,12.2045,1,1,0.001017,0.00000104
1771742651.746379,23.430000,0.010000,-0.001100,-0.049046,0.031230,1.7893,0.836282,0.142572,1.659832,0.138484,0.138484,7.9345,7.9345,1,1,0.001100,0.00000121
1771742651.756379,23.440000,0.010000,-0.001181,-0.048486,0.032083,1.8382,0.879963,0.157875,1.530303,0.020180,0.020180,1.1562,1.1562,1,1,0.001181,0.00000139
1771742651.766379,23.450000,0.010000,-0.001230,-0.044809,0.032841,1.8817,0.869667,0.167775,0.989950,-0.095236,-0.095236,-5.4566,-5.4566,1,1,0.001230,0.00000151
1771742651.776379,23.460000,0.010000,-0.001286,-0.045068,0.034179,1.9583,0.931845,0.172946,0.517140,-0.154218,-0.154218,-8.8361,-8.8361,1,1,0.001286,0.00000165
1771742651.786379,23.470000,0.010000,-0.001294,-0.039604,0.035160,2.0145,0.893697,0.173981,0.103432,-0.222139,-0.222139,-12.7276,-12.7276,1,1,0.001294,0.00000167
1771742651.796379,23.480000,0.010000,-0.001261,-0.034845,0.035914,2.0577,0.869799,0.173120,-0.086032,-0.185731,-0.185731,-10.6416,-10.6416,1,1,0.001261,0.00000159
1771742651.806379,23.490000,0.010000,-0.001198,-0.031333,0.036658,2.1004,0.869165,0.168877,-0.424343,-0.167257,-0.167257,-9.5831,-9.5831,1,1,0.001198,0.00000144
1771742651.816379,23.500000,0.010000,-0.001103,-0.027521,0.037345,2.1397,0.863671,0.168655,-0.022235,-0.128108,-0.128108,-7.3401,-7.3401,1,1,0.001103,0.00000122
1771742651.826379,23.510000,0.010000,-0.000999,-0.026121,0.038379,2.1989,0.901729,0.171951,0.329611,-0.187608,-0.187608,-10.7491,-10.7491,1,1,0.000999,0.00000100
1771742651.836379,23.520000,0.010000,-0.000855,-0.021594,0.039239,2.2482,0.884137,0.178325,0.637475,-0.231809,-0.231809,-13.2816,-13.2816,1,1,0.000855,0.00000073
1771742651.846379,23.530000,0.010000,-0.000735,-0.023872,0.041066,2.3529,0.988975,0.187394,0.906857,-0.227819,-0.227819,-13.0531,-13.0531,1,1,0.000735,0.00000054
1771742651.856379,23.540000,0.010000,-0.000563,-0.018004,0.042505,2.4354,0.948830,0.195374,0.798004,-0.333856,-0.333856,-19.1285,-19.1285,1,1,0.000563,0.00000032
1771742651.866379,23.550000,0.010000,-0.000354,-0.013615,0.043810,2.5101,0.935838,0.198866,0.349187,-0.314809,-0.314809,-18.0372,-18.0372,1,1,0.000354,0.00000013
1771742651.876379,23.560000,0.010000,-0.000122,-0.010884,0.045256,2.5930,0.952673,0.198431,-0.043527,-0.268642,-0.268642,-15.3921,-15.3921,1,1,0.000122,0.00000001
1771742651.886379,23.570000,0.010000,0.000143,-0.007700,0.046602,2.6701,0.947275,0.194559,-0.387152,-0.245831,-0.245831,-14.0851,-14.0851,1,1,0.000143,0.00000002
1771742651.896379,23.580000,0.010000,0.000428,-0.005981,0.047979,2.7490,0.955563,0.187681,-0.687824,-0.215052,-0.215052,-12.3216,-12.3216,1,1,0.000428,0.00000018
1771742651.906379,23.590000,0.010000,0.000725,-0.004416,0.049447,2.8331,0.967045,0.178172,-0.950912,-0.201193,-0.201193,-11.5275,-11.5275,1,1,0.000725,0.00000053
1771742651.916379,23.600000,0.010000,0.001034,-0.002974,0.051028,2.9237,0.981007,0.166361,-1.181114,-0.188956,-0.188956,-10.8264,-10.8264,1,1,0.001034,0.00000107
1771742651.926379,23.610000,0.010000,0.001355,-0.001624,0.052739,3.0217,0.996886,0.152535,-1.382540,-0.176972,-0.176972,-10.1397,-10.1397,1,1,0.001355,0.00000184
1771742651.936379,23.620000,0.010000,0.001687,-0.000293,0.054593,3.1279,1.013981,0.136947,-1.558789,-0.188076,-0.188076,-10.7759,-10.7759,1,1,0.001687,0.00000285
1771742651.946379,23.630000,0.010000,0.002025,0.000017,0.056629,3.2446,1.039377,0.119817,-1.713006,-0.206839,-0.206839,-11.8510,-11.8510,1,1,0.002025,0.00000410
1771742651.956379,23.640000,0.010000,0.002364,0.000019,0.058884,3.3738,1.066409,0.101338,-1.847946,-0.222872,-0.222872,-12.7696,-12.7696,1,1,0.002364,0.00000559
1771742651.966379,23.650000,0.010000,0.002703,0.000021,0.061361,3.5157,1.092784,0.081678,-1.966019,-0.230680,-0.230680,-13.2170,-13.2170,1,1,0.002703,0.00000731
1771742651.976379,23.660000,0.010000,0.003043,0.000024,0.064057,3.6702,1.118906,0.060984,-2.069332,-0.221357,-0.221357,-12.6828,-12.6828,1,1,0.003043,0.00000926
1771742651.986379,23.670000,0.010000,0.003382,0.000021,0.066370,3.8027,1.000366,0.039387,-2.159731,-0.196398,-0.196398,-11.2528,-11.2528,1,1,0.003382,0.00001144
1771742651.996379,23.680000,0.010000,0.003715,0.000021,0.068037,3.8982,0.935825,0.016999,-2.238831,-0.133283,-0.133283,-7.6365,-7.6365,1,1,0.003715,0.00001380
1771742652.006379,23.690000,0.010000,0.004044,0.000018,0.069008,3.9539,0.815890,-0.006082,-2.308043,-0.062537,-0.062537,-3.5831,-3.5831,1,1,0.004044,0.00001635
1771742652.016379,23.700000,0.010000,0.004366,0.000017,0.069333,3.9725,0.753381,-0.029768,-2.368603,0.009829,0.009829,0.5631,0.5631,1,1,0.004366,0.00001906
1771742652.026379,23.710000,0.010000,0.004685,0.000014,0.068996,3.9532,0.640812,-0.052928,-2.316054,0.048713,0.048713,2.7910,2.7910,1,1,0.004685,0.00002195
1771742652.036379,23.720000,0.010000,0.004997,0.000014,0.068199,3.9075,0.617934,-0.071461,-1.853311,0.033376,0.033376,1.9123,1.9123,1,1,0.004997,0.00002497
1771742652.046379,23.730000,0.010000,0.005307,0.000012,0.066992,3.8384,0.534675,-0.086148,-1.468679,0.010607,0.010607,0.6077,0.6077,1,1,0.005307,0.00002816
1771742652.056379,23.740000,0.010000,0.005612,0.000013,0.065541,3.7552,0.540337,-0.097501,-1.135293,-0.018531,-0.018531,-1.0618,-1.0618,1,1,0.005612,0.00003149
1771742652.066379,23.750000,0.010000,0.005916,0.000010,0.063775,3.6540,0.457135,-0.108823,-1.132179,-0.028921,-0.028921,-1.6570,-1.6570,1,1,0.005916,0.00003500
1771742652.076379,23.760000,0.010000,0.006215,0.000011,0.061753,3.5382,0.460326,-0.121075,-1.225204,-0.015343,-0.015343,-0.8791,-0.8791,1,1,0.006215,0.00003863
1771742652.086379,23.770000,0.010000,0.006513,0.000009,0.059391,3.4029,0.373716,-0.133800,-1.272464,0.019568,0.019568,1.1211,1.1211,1,1,0.006513,0.00004242
1771742652.096379,23.780000,0.010000,0.006806,0.000009,0.056798,3.2543,0.385794,-0.145910,-1.211006,0.037571,0.037571,2.1527,2.1527,1,1,0.006806,0.00004632
1771742652.106379,23.790000,0.010000,0.007099,0.000008,0.053973,3.0924,0.318158,-0.155341,-0.943094,0.052716,0.052716,3.0204,3.0204,1,1,0.007099,0.00005039
1771742652.116379,23.800000,0.010000,0.007375,-0.002892,0.051204,2.9338,0.384301,-0.160473,-0.513218,0.062537,0.062537,3.5831,3.5831,1,1,0.007375,0.00005438
1771742652.126379,23.810000,0.010000,0.007652,0.000008,0.048252,2.7646,0.284769,-0.161473,-0.100000,0.037655,0.037655,2.1575,2.1575,1,1,0.007652,0.00005856
1771742652.136379,23.820000,0.010000,0.007879,-0.013779,0.045992,2.6351,0.529551,-0.158857,0.261566,0.030026,0.030026,1.7204,1.7204,1,1,0.007879,0.00006208
1771742652.146379,23.830000,0.010000,0.008115,0.000005,0.043004,2.4639,0.154683,-0.153078,0.577936,-0.013545,-0.013545,-0.7761,-0.7761,1,1,0.008115,0.00006586
1771742652.156379,23.840000,0.010000,0.008295,-0.023422,0.040436,2.3168,0.558167,-0.144530,0.854760,0.037026,0.037026,2.1214,2.1214,1,1,0.008295,0.00006880
1771742652.166379,23.850000,0.010000,0.008450,-0.009614,0.038158,2.1863,0.299367,-0.133560,1.096981,-0.120617,-0.120617,-6.9108,-6.9108,1,1,0.008450,0.00007140
1771742652.176379,23.860000,0.010000,0.008563,-0.030847,0.036482,2.0903,0.653175,-0.120471,1.308924,-0.057058,-0.057058,-3.2692,-3.2692,1,1,0.008563,0.00007332
1771742652.186379,23.870000,0.010000,0.008649,-0.019330,0.035059,2.0087,0.425904,-0.107729,1.274247,-0.263138,-0.263138,-15.0767,-15.0767,1,1,0.008649,0.00007481
1771742652.196379,23.880000,0.010000,0.008694,-0.038497,0.034161,1.9573,0.736104,-0.097878,0.985100,-0.161556,-0.161556,-9.2565,-9.2565,1,1,0.008694,0.00007558
1771742652.206379,23.890000,0.010000,0.008719,-0.027284,0.033351,1.9108,0.508768,-0.087561,1.031680,-0.278630,-0.278630,-15.9643,-15.9643,1,1,0.008719,0.00007602
1771742652.216379,23.900000,0.010000,0.008706,-0.045007,0.032957,1.8883,0.789802,-0.075043,1.251785,-0.214194,-0.214194,-12.2724,-12.2724,1,1,0.008706,0.00007580
1771742652.226379,23.910000,0.010000,0.008644,-0.042246,0.033157,1.8997,0.708319,-0.060966,1.407680,-0.310123,-0.310123,-17.7688,-17.7688,1,1,0.008644,0.00007472
1771742652.236379,23.920000,0.010000,0.008532,-0.056013,0.033966,1.9461,0.918536,-0.046756,1.421031,-0.286921,-0.286921,-16.4394,-16.4394,1,1,0.008532,0.00007280
1771742652.246379,23.930000,0.010000,0.008409,-0.047395,0.034712,1.9889,0.735974,-0.033094,1.366162,-0.235469,-0.235469,-13.4914,-13.4914,1,1,0.008409,0.00007071
1771742652.256379,23.940000,0.010000,0.008260,-0.060306,0.035680,2.0443,0.935282,-0.024251,0.884365,-0.219847,-0.219847,-12.5963,-12.5963,1,1,0.008260,0.00006822
1771742652.266379,23.950000,0.010000,0.008077,-0.057739,0.037003,2.1201,0.863503,-0.017466,0.678463,-0.234060,-0.234060,-13.4106,-13.4106,1,1,0.008077,0.00006524
1771742652.276379,23.960000,0.010000,0.007861,-0.067647,0.038719,2.2184,1.015210,-0.015020,0.244590,-0.247991,-0.247991,-14.2089,-14.2089,1,1,0.007861,0.00006180
1771742652.286379,23.970000,0.010000,0.007669,-0.053949,0.039846,2.2830,0.754651,-0.009389,0.563082,-0.220686,-0.220686,-12.6444,-12.6444,1,1,0.007669,0.00005881
1771742652.296379,23.980000,0.010000,0.007475,-0.065332,0.040872,2.3418,0.940919,-0.007953,0.143631,-0.228274,-0.228274,-13.0791,-13.0791,1,1,0.007475,0.00005587
1771742652.306379,23.990000,0.010000,0.007252,-0.063223,0.042302,2.4237,0.891217,-0.010187,-0.223389,-0.207705,-0.207705,-11.9006,-11.9006,1,1,0.007252,0.00005259
1771742652.316379,24.000000,0.010000,0.007027,-0.065466,0.043692,2.5034,0.922645,-0.015632,-0.544531,-0.107281,-0.107281,-6.1467,-6.1467,1,1,0.007027,0.00004938
1771742652.326379,24.010000,0.010000,0.006834,-0.056039,0.044465,2.5477,0.751944,-0.023888,-0.825531,-0.038268,-0.038268,-2.1926,-2.1926,1,1,0.006834,0.00004671
1771742652.336379,24.020000,0.010000,0.006632,-0.066157,0.045402,2.6014,0.930112,-0.034602,-1.071405,0.064341,0.064341,3.6865,3.6865,1,1,0.006632,0.00004399
1771742652.346379,24.030000,0.010000,0.006508,-0.039554,0.044969,2.5765,0.461742,-0.047467,-1.286545,0.018993,0.018993,1.0882,1.0882,1,1,0.006508,0.00004235
1771742652.356379,24.040000,0.010000,0.006411,-0.054749,0.044095,2.5264,0.735022,-0.062215,-1.474793,0.133370,0.133370,7.6415,7.6415,1,1,0.006411,0.00004110
1771742652.366379,24.050000,0.010000,0.006307,-0.044099,0.043360,2.4844,0.549587,-0.078610,-1.639510,0.052569,0.052569,3.0120,3.0120,1,1,0.006307,0.00003978
1771742652.376379,24.060000,0.010000,0.006191,-0.055768,0.042870,2.4563,0.759489,-0.096446,-1.783637,0.057625,0.057625,3.3016,3.3016,1,1,0.006191,0.00003833
1771742652.386379,24.070000,0.010000,0.006183,-0.020863,0.040511,2.3211,0.145079,-0.111871,-1.542503,0.042133,0.042133,2.4140,2.4140,1,1,0.006183,0.00003822
1771742652.396379,24.080000,0.010000,0.006205,-0.041772,0.037633,2.1562,0.517599,-0.127145,-1.527351,0.119203,0.119203,6.8299,6.8299,1,1,0.006205,0.00003851
1771742652.406379,24.090000,0.010000,0.006187,-0.034386,0.035447,2.0309,0.383380,-0.142251,-1.510581,0.058445,0.058445,3.3487,3.3487,1,1,0.006187,0.00003828
1771742652.416379,24.100000,0.010000,0.006144,-0.046430,0.033665,1.9288,0.590311,-0.152055,-0.980441,0.077439,0.077439,4.4369,4.4369,1,1,0.006144,0.00003775
1771742652.426379,24.110000,0.010000,0.006182,-0.017181,0.030368,1.7400,0.063778,-0.161583,-0.952734,0.058297,0.058297,3.3402,3.3402,1,1,0.006182,0.00003822
1771742652.436379,24.120000,0.010000,0.006224,-0.039886,0.026924,1.5427,0.453602,-0.167348,-0.576529,0.085516,0.085516,4.8997,4.8997,1,1,0.006224,0.00003874
1771742652.446379,24.130000,0.010000,0.006207,-0.035317,0.024369,1.3963,0.353570,-0.168902,-0.155397,0.075135,0.075135,4.3049,4.3049,1,1,0.006207,0.00003853
1771742652.456379,24.140000,0.010000,0.006136,-0.051909,0.022602,1.2950,0.624530,-0.166771,0.213093,0.072384,0.072384,4.1473,4.1473,1,1,0.006136,0.00003765
1771742652.466379,24.150000,0.010000,0.006118,-0.025353,0.019664,1.1267,0.129000,-0.161416,0.535522,0.106844,0.106844,6.1217,6.1217,1,1,0.006118,0.00003743
1771742652.476379,24.160000,0.010000,0.006099,-0.046959,0.016537,0.9475,0.483776,-0.153239,0.817648,0.090145,0.090145,5.1649,5.1649,1,1,0.006099,0.00003720
1771742652.486379,24.170000,0.010000,0.005944,-0.061741,0.015544,0.8906,0.711308,-0.142594,1.064508,0.077436,0.077436,4.4367,4.4367,1,1,0.005944,0.00003533
1771742652.496379,24.180000,0.010000,0.005805,-0.045591,0.013962,0.7999,0.390088,-0.129789,1.280510,0.012824,0.012824,0.7348,0.7348,1,1,0.005805,0.00003370
1771742652.506379,24.190000,0.010000,0.005652,-0.061857,0.012352,0.7077,0.643290,-0.115094,1.469512,0.043691,0.043691,2.5033,2.5033,1,1,0.005652,0.00003194
1771742652.516379,24.200000,0.010000,0.005396,-0.072991,0.012244,0.7016,0.803161,-0.098745,1.634889,-0.057735,-0.057735,-3.3080,-3.3080,1,1,0.005396,0.00002912
1771742652.526379,24.210000,0.010000,0.005094,-0.074738,0.012639,0.7241,0.797753,-0.080949,1.779594,-0.011790,-0.011790,-0.6755,-0.6755,1,1,0.005094,0.00002595
1771742652.536379,24.220000,0.010000,0.004755,-0.082126,0.013414,0.7686,0.895678,-0.063525,1.742425,-0.006145,-0.006145,-0.3521,-0.3521,1,1,0.004755,0.00002261
1771742652.546379,24.230000,0.010000,0.004413,-0.082177,0.014496,0.8306,0.927376,-0.045904,1.762047,0.068208,0.068208,3.9080,3.9080,1,1,0.004413,0.00001947
1771742652.556379,24.240000,0.010000,0.004073,-0.081641,0.015766,0.9034,0.946510,-0.032879,1.302521,0.130594,0.130594,7.4825,7.4825,1,1,0.004073,0.00001659
1771742652.566379,24.250000,0.010000,0.003734,-0.081181,0.017171,0.9838,0.959916,-0.018080,1.479934,0.104199,0.104199,5.9702,5.9702,1,1,0.003734,0.00001395
1771742652.576379,24.260000,0.010000,0.003398,-0.080778,0.018671,1.0697,0.969014,-0.006428,1.165188,0.195914,0.195914,11.2251,11.2251,1,1,0.003398,0.00001155
1771742652.586379,24.270000,0.010000,0.003063,-0.080416,0.020234,1.1593,0.974867,0.003424,0.985151,0.171865,0.171865,9.8471,9.8471,1,1,0.003063,0.00000938
1771742652.596379,24.280000,0.010000,0.002729,-0.080086,0.021838,1.2512,0.978267,0.015534,1.211073,0.167378,0.167378,9.5901,9.5901,1,1,0.002729,0.00000745
1771742652.606379,24.290000,0.010000,0.002397,-0.079778,0.023467,1.3446,0.979807,0.024861,0.932628,0.241735,0.241735,13.8504,13.8504,1,1,0.002397,0.00000574
1771742652.616379,24.300000,0.010000,0.002067,-0.079315,0.025097,1.4380,0.979005,0.031433,0.657187,0.212813,0.212813,12.1933,12.1933,1,1,0.002067,0.00000427
1771742652.626379,24.310000,0.010000,0.001744,-0.078372,0.026697,1.5296,0.974650,0.033692,0.225973,0.163961,0.163961,9.3943,9.3943,1,1,0.001744,0.00000304
1771742652.636379,24.320000,0.010000,0.001432,-0.076953,0.028242,1.6181,0.967662,0.034942,0.124978,0.092175,0.092175,5.2812,5.2812,1,1,0.001432,0.00000205
1771742652.646379,24.330000,0.010000,0.001135,-0.075151,0.029718,1.7027,0.959203,0.032545,-0.239710,0.078927,0.078927,4.5222,4.5222,1,1,0.001135,0.00000129
1771742652.656379,24.340000,0.010000,0.000855,-0.073020,0.031116,1.7828,0.949984,0.027003,-0.554192,0.069726,0.069726,3.9950,3.9950,1,1,0.000855,0.00000073
1771742652.666379,24.350000,0.010000,0.000594,-0.070599,0.032436,1.8584,0.940456,0.022860,-0.414348,0.065258,0.065258,3.7390,3.7390,1,1,0.000594,0.00000035
1771742652.676379,24.360000,0.010000,0.000355,-0.067929,0.033675,1.9295,0.931019,0.022725,-0.013489,0.051045,0.051045,2.9246,2.9246,1,1,0.000355,0.00000013
1771742652.686379,24.370000,0.010000,0.000140,-0.065045,0.034838,1.9961,0.921946,0.026097,0.337263,0.019934,0.019934,1.1421,1.1421,1,1,0.000140,0.00000002
1771742652.696379,24.380000,0.010000,-0.000050,-0.061976,0.035929,2.0586,0.913446,0.032539,0.644171,-0.031333,-0.031333,-1.7953,-1.7953,1,1,0.000050,0.00000000
1771742652.706379,24.390000,0.010000,-0.000213,-0.058752,0.036953,2.1173,0.905671,0.041666,0.912716,0.017531,0.017531,1.0045,1.0045,1,1,0.000213,0.00000005
1771742652.716379,24.400000,0.010000,-0.000349,-0.055401,0.037918,2.1725,0.898786,0.053143,1.147692,0.076840,0.076840,4.4026,4.4026,1,1,0.000349,0.00000012
1771742652.726379,24.410000,0.010000,-0.000456,-0.051951,0.038832,2.2249,0.892924,0.066676,1.353296,0.126968,0.126968,7.2747,7.2747,1,1,0.000456,0.00000021
1771742652.736379,24.420000,0.010000,-0.000534,-0.048427,0.039704,2.2749,0.888196,0.082008,1.533200,0.125026,0.125026,7.1635,7.1635,1,1,0.000534,0.00000029
1771742652.746379,24.430000,0.010000,-0.000582,-0.044854,0.040544,2.3230,0.884698,0.098359,1.635064,0.089382,0.089382,5.1212,5.1212,1,1,0.000582,0.00000034
1771742652.756379,24.440000,0.010000,-0.000601,-0.041255,0.041363,2.3699,0.882509,0.109175,1.081615,-0.007246,-0.007246,-0.4152,-0.4152,1,1,0.000601,0.00000036
1771742652.766379,24.450000,0.010000,-0.000589,-0.037652,0.042173,2.4163,0.881698,0.115148,0.597347,-0.091676,-0.091676,-5.2526,-5.2526,1,1,0.000589,0.00000035
1771742652.776379,24.460000,0.010000,-0.000547,-0.034065,0.042985,2.4628,0.882321,0.116884,0.173613,-0.143355,-0.143355,-8.2136,-8.2136,1,1,0.000547,0.00000030
1771742652.786379,24.470000,0.010000,-0.000476,-0.030513,0.043811,2.5102,0.884425,0.114913,-0.197154,-0.182043,-0.182043,-10.4303,-10.4303,1,1,0.000476,0.00000023
1771742652.796379,24.480000,0.010000,-0.000375,-0.027012,0.044664,2.5590,0.888047,0.109697,-0.521576,-0.190774,-0.190774,-10.9306,-10.9306,1,1,0.000375,0.00000014
1771742652.806379,24.490000,0.010000,-0.000246,-0.023578,0.045556,2.6102,0.893216,0.102366,-0.733157,-0.180230,-0.180230,-10.3264,-10.3264,1,1,0.000246,0.00000006
1771742652.816379,24.500000,0.010000,-0.000088,-0.020224,0.046502,2.6644,0.899950,0.092460,-0.990578,-0.181379,-0.181379,-10.3922,-10.3922,1,1,0.000088,0.00000001
1771742652.826379,24.510000,0.010000,0.000097,-0.016962,0.047513,2.7223,0.908262,0.080302,-1.215822,-0.172687,-0.172687,-9.8942,-9.8942,1,1,0.000097,0.00000001
1771742652.836379,24.520000,0.010000,0.000309,-0.013800,0.048604,2.7848,0.918154,0.072455,-0.784629,-0.160846,-0.160846,-9.2158,-9.2158,1,1,0.000309,0.00000010
1771742652.846379,24.530000,0.010000,0.000546,-0.010745,0.049787,2.8526,0.929618,0.069080,-0.337485,-0.242628,-0.242628,-13.9016,-13.9016,1,1,0.000546,0.00000030
1771742652.856379,24.540000,0.010000,0.000801,-0.009492,0.051115,2.9287,0.952206,0.069618,0.053767,-0.302745,-0.302745,-17.3460,-17.3460,1,1,0.000801,0.00000064
1771742652.866379,24.550000,0.010000,0.001066,-0.008283,0.052623,3.0151,0.973638,0.073579,0.396112,-0.329149,-0.329149,-18.8589,-18.8589,1,1,0.001066,0.00000114
1771742652.876379,24.560000,0.010000,0.001341,-0.007076,0.054304,3.1114,0.994255,0.075555,0.197534,-0.337088,-0.337088,-19.3137,-19.3137,1,1,0.001341,0.00000180
1771742652.886379,24.570000,0.010000,0.001627,-0.005888,0.056156,3.2175,1.014637,0.073792,-0.176223,-0.322899,-0.322899,-18.5008,-18.5008,1,1,0.001627,0.00000265
1771742652.896379,24.580000,0.010000,0.001922,-0.004732,0.058178,3.3334,1.035212,0.068760,-0.503261,-0.305279,-0.305279,-17.4912,-17.4912,1,1,0.001922,0.00000369
1771742652.906379,24.590000,0.010000,0.002227,-0.003612,0.060376,3.4593,1.056226,0.060866,-0.789419,-0.289132,-0.289132,-16.5661,-16.5661,1,1,0.002227,0.00000496
1771742652.916379,24.600000,0.010000,0.002540,-0.002527,0.062754,3.5955,1.077853,0.050467,-1.039808,-0.276079,-0.276079,-15.8182,-15.8182,1,1,0.002540,0.00000645
1771742652.926379,24.610000,0.010000,0.002869,0.000021,0.065032,3.7261,1.031603,0.037878,-1.258898,-0.264504,-0.264504,-15.1549,-15.1549,1,1,0.002869,0.00000823
1771742652.936379,24.620000,0.010000,0.003205,0.000020,0.066916,3.8340,0.969207,0.023372,-1.450601,-0.248669,-0.248669,-14.2477,-14.2477,1,1,0.003205,0.00001027
1771742652.946379,24.630000,0.010000,0.003537,0.000019,0.068304,3.9135,0.895617,0.007189,-1.618342,-0.224763,-0.224763,-12.8780,-12.8780,1,1,0.003537,0.00001251
1771742652.956379,24.640000,0.010000,0.003865,0.000018,0.069175,3.9635,0.826485,-0.010462,-1.765115,-0.164421,-0.164421,-9.4207,-9.4207,1,1,0.003865,0.00001494
1771742652.966379,24.650000,0.010000,0.004189,0.000016,0.069507,3.9824,0.748300,-0.029260,-1.879803,-0.068490,-0.068490,-3.9242,-3.9242,1,1,0.004189,0.00001754
1771742652.976379,24.660000,0.010000,0.004507,0.000015,0.069287,3.9698,0.675110,-0.049199,-1.993893,-0.024061,-0.024061,-1.3786,-1.3786,1,1,0.004507,0.00002032
1771742652.986379,24.670000,0.010000,0.004822,0.000013,0.068496,3.9245,0.593681,-0.070136,-2.093723,0.003218,0.003218,0.1844,0.1844,1,1,0.004822,0.00002325
1771742652.996379,24.680000,0.010000,0.005131,0.000011,0.067133,3.8464,0.518599,-0.091947,-2.181073,0.021545,0.021545,1.2344,1.2344,1,1,0.005131,0.00002633
1771742653.006379,24.690000,0.010000,0.005436,0.000009,0.065183,3.7347,0.435773,-0.114522,-2.257505,0.042891,0.042891,2.4575,2.4575,1,1,0.005436,0.00002955
1771742653.016379,24.700000,0.010000,0.005736,0.000008,0.062651,3.5897,0.360402,-0.137766,-2.324383,0.069483,0.069483,3.9811,3.9811,1,1,0.005736,0.00003291
1771742653.026379,24.710000,0.010000,0.006032,0.000007,0.059617,3.4158,0.298466,-0.158705,-2.093915,0.081495,0.081495,4.6693,4.6693,1,1,0.006032,0.00003639
1771742653.036379,24.720000,0.010000,0.006324,0.000006,0.056221,3.2213,0.260120,-0.175008,-1.630341,0.068088,0.068088,3.9011,3.9011,1,1,0.006324,0.00003999
1771742653.046379,24.730000,0.010000,0.006612,0.000006,0.052565,3.0118,0.226900,-0.187642,-1.263386,0.064096,0.064096,3.6724,3.6724,1,1,0.006612,0.00004372
1771742653.056379,24.740000,0.010000,0.006899,0.000005,0.048742,2.7927,0.212255,-0.197250,-0.960766,0.059249,0.059249,3.3947,3.3947,1,1,0.006899,0.00004759
1771742653.066379,24.750000,0.010000,0.007183,0.000004,0.044837,2.5689,0.202853,-0.203677,-0.642736,0.059069,0.059069,3.3844,3.3844,1,1,0.007183,0.00005159
1771742653.076379,24.760000,0.010000,0.007460,-0.001193,0.040994,2.3488,0.224358,-0.206313,-0.263567,0.057293,0.057293,3.2827,3.2827,1,1,0.007460,0.00005565
1771742653.086379,24.770000,0.010000,0.007729,-0.002004,0.037257,2.1347,0.230849,-0.205129,0.118445,0.061101,0.061101,3.5009,3.5009,1,1,0.007729,0.00005974
1771742653.096379,24.780000,0.010000,0.007973,-0.007063,0.033861,1.9401,0.305909,-0.200602,0.452705,0.062835,0.062835,3.6002,3.6002,1,1,0.007973,0.00006356
1771742653.106379,24.790000,0.010000,0.008202,-0.005765,0.030540,1.7498,0.261857,-0.193150,0.745183,0.063180,0.063180,3.6199,3.6199,1,1,0.008202,0.00006728
1771742653.116379,24.800000,0.010000,0.008370,-0.021191,0.028087,1.6093,0.504932,-0.183139,1.001101,0.064242,0.064242,3.6808,3.6808,1,1,0.008370,0.00007006
1771742653.126379,24.810000,0.010000,0.008554,-0.004376,0.024988,1.4317,0.151528,-0.170888,1.225029,0.032314,0.032314,1.8515,1.8515,1,1,0.008554,0.00007317
1771742653.136379,24.820000,0.010000,0.008689,-0.028899,0.022331,1.2795,0.543943,-0.156679,1.420966,0.046565,0.046565,2.6680,2.6680,1,1,0.008689,0.00007550
1771742653.146379,24.830000,0.010000,0.008747,-0.026706,0.020650,1.1832,0.459365,-0.140755,1.592411,-0.054009,-0.054009,-3.0945,-3.0945,1,1,0.008747,0.00007652
1771742653.156379,24.840000,0.010000,0.008732,-0.045669,0.019864,1.1381,0.743553,-0.123330,1.742426,-0.077144,-0.077144,-4.4200,-4.4200,1,1,0.008732,0.00007625
1771742653.166379,24.850000,0.010000,0.008702,-0.033321,0.018903,1.0831,0.474776,-0.104593,1.873688,-0.168822,-0.168822,-9.6728,-9.6728,1,1,0.008702,0.00007572
1771742653.176379,24.860000,0.010000,0.008633,-0.052012,0.018201,1.0429,0.751890,-0.084708,1.988543,-0.085888,-0.085888,-4.9210,-4.9210,1,1,0.008633,0.00007453
1771742653.186379,24.870000,0.010000,0.008449,-0.063922,0.019064,1.0923,0.906994,-0.066713,1.799458,-0.209263,-0.209263,-11.9899,-11.9899,1,1,0.008449,0.00007139
1771742653.196379,24.880000,0.010000,0.008250,-0.057495,0.019757,1.1320,0.741550,-0.050991,1.572278,-0.095746,-0.095746,-5.4858,-5.4858,1,1,0.008250,0.00006806
1771742653.206379,24.890000,0.010000,0.008016,-0.070426,0.020637,1.1824,0.920401,-0.037455,1.353548,-0.157039,-0.157039,-8.9977,-8.9977,1,1,0.008016,0.00006426
1771742653.216379,24.900000,0.010000,0.007708,-0.077583,0.022428,1.2850,0.999281,-0.025136,1.231958,-0.067155,-0.067155,-3.8477,-3.8477,1,1,0.007708,0.00005942
1771742653.226379,24.910000,0.010000,0.007386,-0.077209,0.024325,1.3937,0.977829,-0.014139,1.099628,-0.003926,-0.003926,-0.2250,-0.2250,1,1,0.007386,0.00005456
1771742653.236379,24.920000,0.010000,0.007043,-0.082398,0.026472,1.5168,1.054999,-0.004474,0.966492,0.002388,0.002388,0.1368,0.1368,1,1,0.007043,0.00004961
1771742653.246379,24.930000,0.010000,0.006702,-0.081798,0.028868,1.6540,1.081218,0.004115,0.858953,0.015991,0.015991,0.9162,0.9162,1,1,0.006702,0.00004492
1771742653.256379,24.940000,0.010000,0.006377,-0.077919,0.031209,1.7882,1.042109,0.008140,0.402518,-0.001656,-0.001656,-0.0949,-0.0949,1,1,0.006377,0.00004067
1771742653.266379,24.950000,0.010000,0.006039,-0.081168,0.033717,1.9318,1.092467,0.012943,0.480309,-0.092958,-0.092958,-5.3261,-5.3261,1,1,0.006039,0.00003647
1771742653.276379,24.960000,0.010000,0.005725,-0.075314,0.035997,2.0625,1.015057,0.013655,0.071205,-0.078160,-0.078160,-4.4782,-4.4782,1,1,0.005725,0.00003278
1771742653.286379,24.970000,0.010000,0.005405,-0.078866,0.038335,2.1964,1.072483,0.010788,-0.286762,-0.131258,-0.131258,-7.5205,-7.5205,1,1,0.005405,0.00002921
1771742653.296379,24.980000,0.010000,0.005125,-0.067136,0.040000,2.2918,0.871918,0.004788,-0.599982,-0.128403,-0.128403,-7.3570,-7.3570,1,1,0.005125,0.00002627
1771742653.306379,24.990000,0.010000,0.004862,-0.072541,0.041427,2.3736,0.974820,-0.003953,-0.874051,-0.002829,-0.002829,-0.1621,-0.1621,1,1,0.004862,0.00002364
1771742653.316379,25.000000,0.010000,0.004619,-0.063479,0.042561,2.4385,0.824796,-0.015091,-1.113860,-0.004802,-0.004802,-0.2751,-0.2751,1,1,0.004619,0.00002134
1771742653.326379,25.010000,0.010000,0.004386,-0.068968,0.043655,2.5012,0.937932,-0.025173,-1.008181,0.091632,0.091632,5.2501,5.2501,1,1,0.004386,0.00001924
1771742653.336379,25.020000,0.010000,0.004211,-0.050958,0.043858,2.5129,0.636496,-0.037485,-1.231224,0.021538,0.021538,1.2340,1.2340,1,1,0.004211,0.00001774
1771742653.346379,25.030000,0.010000,0.004064,-0.059430,0.043763,2.5074,0.809136,-0.044768,-0.728255,0.119318,0.119318,6.8364,6.8364,1,1,0.004064,0.00001651
1771742653.356379,25.040000,0.010000,0.003895,-0.057931,0.044221,2.5337,0.804963,-0.047649,-0.288158,0.050158,0.050158,2.8739,2.8739,1,1,0.003895,0.00001517
1771742653.366379,25.050000,0.010000,0.003735,-0.057604,0.044737,2.5632,0.823919,-0.046680,0.096928,-0.022361,-0.022361,-1.2812,-1.2812,1,1,0.003735,0.00001395
1771742653.376379,25.060000,0.010000,0.003582,-0.056439,0.045335,2.5975,0.830111,-0.042341,0.433878,-0.125382,-0.125382,-7.1839,-7.1839,1,1,0.003582,0.00001283
1771742653.386379,25.070000,0.010000,0.003432,-0.057057,0.046116,2.6423,0.870390,-0.037256,0.508567,-0.237822,-0.237822,-13.6262,-13.6262,1,1,0.003432,0.00001178
1771742653.396379,25.080000,0.010000,0.003309,-0.050696,0.046686,2.6749,0.788664,-0.036296,0.095930,-0.268673,-0.268673,-15.3938,-15.3938,1,1,0.003309,0.00001095
1771742653.406379,25.090000,0.010000,0.003192,-0.054803,0.047426,2.7173,0.895873,-0.038948,-0.265127,-0.183685,-0.183685,-10.5244,-10.5244,1,1,0.003192,0.00001019
1771742653.416379,25.100000,0.010000,0.003134,-0.037809,0.047404,2.7160,0.628552,-0.044758,-0.581052,-0.102059,-0.102059,-5.8475,-5.8475,1,1,0.003134,0.00000982
1771742653.426379,25.110000,0.010000,0.003106,-0.044729,0.047153,2.7017,0.789110,-0.053333,-0.857486,-0.001513,-0.001513,-0.0867,-0.0867,1,1,0.003106,0.00000965
1771742653.436379,25.120000,0.010000,0.003082,-0.038772,0.047149,2.7015,0.719447,-0.057345,-0.401235,0.015024,0.015024,0.8608,0.8608,1,1,0.003082,0.00000950
1771742653.446379,25.130000,0.010000,0.003058,-0.043858,0.047444,2.7183,0.847251,-0.057365,-0.002015,-0.051297,-0.051297,-2.9391,-2.9391,1,1,0.003058,0.00000935
1771742653.456379,25.140000,0.010000,0.003077,-0.029820,0.047273,2.7085,0.634131,-0.053892,0.347303,-0.156540,-0.156540,-8.9691,-8.9691,1,1,0.003077,0.00000947
1771742653.466379,25.150000,0.010000,0.003118,-0.036550,0.047048,2.6957,0.791741,-0.047363,0.652956,-0.254217,-0.254217,-14.5656,-14.5656,1,1,0.003118,0.00000972
1771742653.476379,25.160000,0.010000,0.003121,-0.040258,0.047780,2.7376,0.894374,-0.038159,0.920402,-0.328770,-0.328770,-18.8371,-18.8371,1,1,0.003121,0.00000974
1771742653.486379,25.170000,0.010000,0.003138,-0.034572,0.048589,2.7840,0.830226,-0.027119,1.103966,-0.334559,-0.334559,-19.1688,-19.1688,1,1,0.003138,0.00000985
1771742653.496379,25.180000,0.010000,0.003162,-0.037564,0.049574,2.8404,0.922166,-0.020950,0.616904,-0.325296,-0.325296,-18.6381,-18.6381,1,1,0.003162,0.00001000
1771742653.506379,25.190000,0.010000,0.003207,-0.030669,0.050519,2.8945,0.838717,-0.019043,0.190725,-0.342183,-0.342183,-19.6057,-19.6057,1,1,0.003207,0.00001029
1771742653.516379,25.200000,0.010000,0.003265,-0.033566,0.051578,2.9552,0.931181,-0.020865,-0.182181,-0.305907,-0.305907,-17.5272,-17.5272,1,1,0.003265,0.00001066
1771742653.526379,25.210000,0.010000,0.003375,-0.019062,0.052044,2.9819,0.714164,-0.025949,-0.508475,-0.256971,-0.256971,-14.7234,-14.7234,1,1,0.003375,0.00001139
1771742653.536379,25.220000,0.010000,0.003513,-0.024587,0.052376,3.0009,0.854513,-0.033889,-0.793981,-0.181605,-0.181605,-10.4052,-10.4052,1,1,0.003513,0.00001234
1771742653.546379,25.230000,0.010000,0.003684,-0.012299,0.052442,3.0047,0.676344,-0.042410,-0.852119,-0.136985,-0.136985,-7.8487,-7.8487,1,1,0.003684,0.00001358
1771742653.556379,25.240000,0.010000,0.003871,-0.019014,0.052584,3.0128,0.835705,-0.046376,-0.396539,-0.099610,-0.099610,-5.7072,-5.7072,1,1,0.003871,0.00001498
1771742653.566379,25.250000,0.010000,0.004079,-0.008495,0.052577,3.0125,0.670586,-0.046355,0.002095,-0.187061,-0.187061,-10.7178,-10.7178,1,1,0.004079,0.00001664
1771742653.576379,25.260000,0.010000,0.004292,-0.015914,0.052733,3.0214,0.839001,-0.046973,-0.061781,-0.273646,-0.273646,-15.6788,-15.6788,1,1,0.004292,0.00001842
1771742653.586379,25.270000,0.010000,0.004528,-0.004667,0.052533,3.0099,0.615301,-0.051004,-0.403124,-0.261089,-0.261089,-14.9593,-14.9593,1,1,0.004528,0.00002050
1771742653.596379,25.280000,0.010000,0.004762,-0.013826,0.052406,3.0026,0.810593,-0.058022,-0.701800,-0.170576,-0.170576,-9.7733,-9.7733,1,1,0.004762,0.00002268
1771742653.606379,25.290000,0.010000,0.005023,0.000011,0.051649,2.9593,0.498722,-0.067653,-0.963140,-0.107323,-0.107323,-6.1491,-6.1491,1,1,0.005023,0.00002523
1771742653.616379,25.300000,0.010000,0.005276,-0.012151,0.050866,2.9144,0.741899,-0.079571,-1.191814,-0.054254,-0.054254,-3.1085,-3.1085,1,1,0.005276,0.00002784
1771742653.626379,25.310000,0.010000,0.005539,0.000008,0.049476,2.8348,0.396971,-0.093491,-1.391903,0.024867,0.024867,1.4248,1.4248,1,1,0.005539,0.00003068
1771742653.636379,25.320000,0.010000,0.005774,-0.014925,0.048120,2.7571,0.681728,-0.109160,-1.566981,0.041627,0.041627,2.3850,2.3850,1,1,0.005774,0.00003334
1771742653.646379,25.330000,0.010000,0.006021,0.000075,0.045778,2.6229,0.212345,-0.126362,-1.720174,0.092131,0.092131,5.2787,5.2787,1,1,0.006021,0.00003625
1771742653.656379,25.340000,0.010000,0.006228,-0.019198,0.043328,2.4825,0.564948,-0.142688,-1.632616,0.102572,0.102572,5.8769,5.8769,1,1,0.006228,0.00003879
1771742653.666379,25.350000,0.010000,0.006450,0.000003,0.040280,2.3079,0.134326,-0.153483,-1.079473,0.058116,0.058116,3.3298,3.3298,1,1,0.006450,0.00004160
1771742653.676379,25.360000,0.010000,0.006643,-0.021518,0.037368,2.1410,0.515100,-0.159438,-0.595473,0.095800,0.095800,5.4889,5.4889,1,1,0.006643,0.00004412
1771742653.686379,25.370000,0.010000,0.006841,-0.002181,0.034289,1.9646,0.165496,-0.161157,-0.171973,0.059848,0.059848,3.4290,3.4290,1,1,0.006841,0.00004680
1771742653.696379,25.380000,0.010000,0.007015,-0.023800,0.031574,1.8091,0.535513,-0.164395,-0.323789,0.095220,0.095220,5.4557,5.4557,1,1,0.007015,0.00004921
1771742653.706379,25.390000,0.010000,0.007208,-0.001164,0.028244,1.6182,0.087038,-0.170719,-0.632381,0.065917,0.065917,3.7767,3.7767,1,1,0.007208,0.00005195
1771742653.716379,25.400000,0.010000,0.007375,-0.024954,0.025052,1.4354,0.483648,-0.179743,-0.902399,0.082181,0.082181,4.7086,4.7086,1,1,0.007375,0.00005440
1771742653.726379,25.410000,0.010000,0.007543,-0.005104,0.021617,1.2386,0.103134,-0.184148,-0.440534,0.067174,0.067174,3.8488,3.8488,1,1,0.007543,0.00005690
1771742653.736379,25.420000,0.010000,0.007676,-0.029208,0.018519,1.0611,0.492473,-0.184512,-0.036401,0.072851,0.072851,4.1740,4.1740,1,1,0.007676,0.00005892
1771742653.746379,25.430000,0.010000,0.007786,-0.014319,0.015466,0.8861,0.187234,-0.181340,0.317215,0.095390,0.095390,5.4654,5.4654,1,1,0.007786,0.00006062
1771742653.756379,25.440000,0.010000,0.007849,-0.037296,0.012869,0.7373,0.544891,-0.175074,0.626629,0.076226,0.076226,4.3674,4.3674,1,1,0.007849,0.00006161
1771742653.766379,25.450000,0.010000,0.007873,-0.027451,0.010522,0.6029,0.318062,-0.166100,0.897366,0.122702,0.122702,7.0303,7.0303,1,1,0.007873,0.00006199
1771742653.776379,25.460000,0.010000,0.007841,-0.048162,0.008702,0.4986,0.626776,-0.154758,1.134261,0.070754,0.070754,4.0539,4.0539,1,1,0.007841,0.00006148
1771742653.786379,25.470000,0.010000,0.007759,-0.042967,0.007271,0.4166,0.474790,-0.141342,1.341544,0.061646,0.061646,3.5321,3.5321,1,1,0.007759,0.00006019
1771742653.796379,25.480000,0.010000,0.007617,-0.060583,0.006371,0.3650,0.723982,-0.126113,1.522917,-0.001454,-0.001454,-0.0833,-0.0833,1,1,0.007617,0.00005802
1771742653.806379,25.490000,0.010000,0.007414,-0.060608,0.006029,0.3454,0.661312,-0.109297,1.681618,-0.041379,-0.041379,-2.3708,-2.3708,1,1,0.007414,0.00005497
1771742653.816379,25.500000,0.010000,0.007152,-0.074161,0.006214,0.3560,0.838678,-0.091092,1.820482,-0.084940,-0.084940,-4.8667,-4.8667,1,1,0.007152,0.00005115
1771742653.826379,25.510000,0.010000,0.006825,-0.078390,0.007040,0.4034,0.854837,-0.071672,1.941988,0.004971,0.004971,0.2848,0.2848,1,1,0.006825,0.00004658
1771742653.836379,25.520000,0.010000,0.006477,-0.083620,0.008149,0.4669,0.936075,-0.054474,1.719860,0.047877,0.047877,2.7431,2.7431,1,1,0.006477,0.00004195
1771742653.846379,25.530000,0.010000,0.006131,-0.082989,0.009524,0.5457,0.963667,-0.037392,1.708181,0.111784,0.111784,6.4048,6.4048,1,1,0.006131,0.00003759
1771742653.856379,25.540000,0.010000,0.005787,-0.082458,0.011094,0.6356,0.983799,-0.024321,1.307078,0.162466,0.162466,9.3086,9.3086,1,1,0.005787,0.00003349
1771742653.866379,25.550000,0.010000,0.005445,-0.082001,0.012807,0.7338,0.998334,-0.012175,1.214649,0.143407,0.143407,8.2166,8.2166,1,1,0.005445,0.00002965
1771742653.876379,25.560000,0.010000,0.005105,-0.081600,0.014623,0.8378,1.008668,0.001271,1.344551,0.169552,0.169552,9.7146,9.7146,1,1,0.005105,0.00002607
1771742653.886379,25.570000,0.010000,0.004767,-0.081239,0.016512,0.9461,1.015845,0.010640,0.936935,0.231524,0.231524,13.2654,13.2654,1,1,0.004767,0.00002272
1771742653.896379,25.580000,0.010000,0.004430,-0.080908,0.018454,1.0573,1.020648,0.022329,1.168884,0.178286,0.178286,10.2150,10.2150,1,1,0.004430,0.00001962
1771742653.906379,25.590000,0.010000,0.004094,-0.080599,0.020431,1.1706,1.023661,0.029066,0.673707,0.247638,0.247638,14.1886,14.1886,1,1,0.004094,0.00001676
1771742653.916379,25.600000,0.010000,0.003759,-0.080305,0.022430,1.2852,1.025322,0.033139,0.407251,0.156854,0.156854,8.9870,8.9870,1,1,0.003759,0.00001413
1771742653.926379,25.610000,0.010000,0.003426,-0.080022,0.024443,1.4005,1.025956,0.033211,0.007278,0.098509,0.098509,5.6442,5.6442,1,1,0.003426,0.00001174
1771742653.936379,25.620000,0.010000,0.003093,-0.079746,0.026463,1.5162,1.025809,0.029785,-0.342697,0.045445,0.045445,2.6038,2.6038,1,1,0.003093,0.00000957
1771742653.946379,25.630000,0.010000,0.002764,-0.079297,0.028474,1.6314,1.024098,0.023295,-0.648926,0.019870,0.019870,1.1385,1.1385,1,1,0.002764,0.00000764
1771742653.956379,25.640000,0.010000,0.002440,-0.078483,0.030456,1.7450,1.020151,0.021005,-0.229049,0.026600,0.026600,1.5241,1.5241,1,1,0.002440,0.00000595
1771742653.966379,25.650000,0.010000,0.002126,-0.077172,0.032387,1.8557,1.013808,0.022491,0.148648,0.003155,0.003155,0.1808,0.1808,1,1,0.002126,0.00000452
1771742653.976379,25.660000,0.010000,0.001826,-0.075459,0.034256,1.9627,1.006198,0.027283,0.479133,-0.015656,-0.015656,-0.8970,-0.8970,1,1,0.001826,0.00000334
1771742653.986379,25.670000,0.010000,0.001543,-0.073380,0.036054,2.0658,0.997866,0.034966,0.768307,0.024624,0.024624,1.4109,1.4109,1,1,0.001543,0.00000238
1771742653.996379,25.680000,0.010000,0.001279,-0.070981,0.037781,2.1647,0.989310,0.045179,1.021334,0.113472,0.113472,6.5015,6.5015,1,1,0.001279,0.00000164
1771742654.006379,25.690000,0.010000,0.001037,-0.068300,0.039435,2.2595,0.980886,0.057606,1.242733,0.195087,0.195087,11.1777,11.1777,1,1,0.001037,0.00000108
1771742654.016379,25.700000,0.010000,0.000819,-0.065369,0.041021,2.3503,0.972867,0.071971,1.436458,0.206580,0.206580,11.8361,11.8361,1,1,0.000819,0.00000067
1771742654.026379,25.710000,0.010000,0.000627,-0.062221,0.042544,2.4376,0.965475,0.085260,1.328936,0.177615,0.177615,10.1766,10.1766,1,1,0.000627,0.00000039
1771742654.036379,25.720000,0.010000,0.000462,-0.058885,0.044009,2.5215,0.958888,0.100379,1.511885,0.074384,0.074384,4.2619,4.2619,1,1,0.000462,0.00000021
1771742654.046379,25.730000,0.010000,0.000326,-0.055389,0.045425,2.6027,0.953261,0.110117,0.973834,-0.087740,-0.087740,-5.0271,-5.0271,1,1,0.000326,0.00000011
1771742654.056379,25.740000,0.010000,0.000220,-0.051759,0.046801,2.6815,0.948728,0.115148,0.503039,-0.123190,-0.123190,-7.0583,-7.0583,1,1,0.000220,0.00000005
1771742654.066379,25.750000,0.010000,0.000145,-0.048023,0.048147,2.7586,0.945405,0.116059,0.091093,-0.189199,-0.189199,-10.8403,-10.8403,1,1,0.000145,0.00000002
1771742654.076379,25.760000,0.010000,0.000102,-0.044204,0.049473,2.8346,0.943396,0.113365,-0.269360,-0.222740,-0.222740,-12.7621,-12.7621,1,1,0.000102,0.00000001
1771742654.086379,25.770000,0.010000,0.000091,-0.040328,0.050790,2.9101,0.942793,0.107518,-0.584755,-0.206319,-0.206319,-11.8212,-11.8212,1,1,0.000091,0.00000001
1771742654.096379,25.780000,0.010000,0.000112,-0.036416,0.052112,2.9858,0.943675,0.098910,-0.860727,-0.194553,-0.194553,-11.1471,-11.1471,1,1,0.000112,0.00000001
1771742654.106379,25.790000,0.010000,0.000166,-0.032489,0.053451,3.0625,0.946114,0.087888,-1.102202,-0.181642,-0.181642,-10.4073,-10.4073,1,1,0.000166,0.00000003
1771742654.116379,25.800000,0.010000,0.000253,-0.028568,0.054820,3.1410,0.950170,0.079980,-0.790804,-0.169480,-0.169480,-9.7105,-9.7105,1,1,0.000253,0.00000006
1771742654.126379,25.810000,0.010000,0.000373,-0.024670,0.056234,3.2220,0.955893,0.076551,-0.342888,-0.236429,-0.236429,-13.5464,-13.5464,1,1,0.000373,0.00000014
1771742654.136379,25.820000,0.010000,0.000524,-0.020811,0.057705,3.3063,0.963326,0.077042,0.049039,-0.297885,-0.297885,-17.0676,-17.0676,1,1,0.000524,0.00000027
1771742654.146379,25.830000,0.010000,0.000708,-0.017006,0.059250,3.3948,0.972500,0.080962,0.391975,-0.332317,-0.332317,-19.0403,-19.0403,1,1,0.000708,0.00000050
1771742654.156379,25.840000,0.010000,0.000923,-0.013265,0.060882,3.4883,0.983433,0.087882,0.692044,-0.337768,-0.337768,-19.3527,-19.3527,1,1,0.000923,0.00000085
1771742654.166379,25.850000,0.010000,0.001164,-0.010643,0.062641,3.5891,1.002050,0.090447,0.256473,-0.365658,-0.365658,-20.9507,-20.9507,1,1,0.001164,0.00000135
1771742654.176379,25.860000,0.010000,0.001422,-0.009184,0.064584,3.7004,1.027355,0.089200,-0.124652,-0.325335,-0.325335,-18.6403,-18.6403,1,1,0.001422,0.00000202
1771742654.186379,25.870000,0.010000,0.001693,-0.007682,0.066728,3.8232,1.051123,0.084619,-0.458137,-0.291514,-0.291514,-16.7025,-16.7025,1,1,0.001693,0.00000287
1771742654.196379,25.880000,0.010000,0.001976,-0.006163,0.069064,3.9571,1.074216,0.077119,-0.749935,-0.278269,-0.278269,-15.9436,-15.9436,1,1,0.001976,0.00000391
1771742654.206379,25.890000,0.010000,0.002272,-0.004642,0.071593,4.1020,1.097205,0.067067,-1.005259,-0.269208,-0.269208,-15.4245,-15.4245,1,1,0.002272,0.00000516
1771742654.216379,25.900000,0.010000,0.002589,-0.001277,0.074098,4.2455,1.068268,0.054780,-1.228668,-0.260959,-0.260959,-14.9519,-14.9519,1,1,0.002589,0.00000670
1771742654.226379,25.910000,0.010000,0.002923,0.000019,0.076181,4.3648,0.985346,0.040539,-1.424150,-0.249225,-0.249225,-14.2795,-14.2795,1,1,0.002923,0.00000854
1771742654.236379,25.920000,0.010000,0.003257,0.000019,0.077827,4.4591,0.942377,0.024587,-1.595197,-0.228796,-0.228796,-13.1090,-13.1090,1,1,0.003257,0.00001061
1771742654.246379,25.930000,0.010000,0.003589,0.000017,0.078928,4.5222,0.841535,0.007138,-1.744863,-0.200423,-0.200423,-11.4834,-11.4834,1,1,0.003589,0.00001288
1771742654.256379,25.940000,0.010000,0.003914,0.000017,0.079512,4.5557,0.794390,-0.011620,-1.875821,-0.144713,-0.144713,-8.2914,-8.2914,1,1,0.003914,0.00001532
1771742654.266379,25.950000,0.010000,0.004236,0.000015,0.079510,4.5556,0.687872,-0.031524,-1.990410,-0.075583,-0.075583,-4.3306,-4.3306,1,1,0.004236,0.00001795
1771742654.276379,25.960000,0.010000,0.004553,0.000014,0.078963,4.5243,0.639140,-0.052431,-2.090674,-0.066131,-0.066131,-3.7890,-3.7890,1,1,0.004553,0.00002073
1771742654.286379,25.970000,0.010000,0.004866,0.000011,0.077808,4.4581,0.529031,-0.074215,-2.178406,-0.031691,-0.031691,-1.8157,-1.8157,1,1,0.004866,0.00002368
1771742654.296379,25.980000,0.010000,0.005173,0.000010,0.076093,4.3598,0.480658,-0.096767,-2.255171,-0.021385,-0.021385,-1.2253,-1.2253,1,1,0.005173,0.00002676
1771742654.306379,25.990000,0.010000,0.005476,0.000008,0.073759,4.2261,0.368477,-0.119990,-2.322340,0.011134,0.011134,0.6380,0.6380,1,1,0.005476,0.00002999
1771742654.316379,26.000000,0.010000,0.005774,0.000007,0.070934,4.0642,0.339089,-0.141431,-2.144053,0.036677,0.036677,2.1015,2.1015,1,1,0.005774,0.00003333
1771742654.326379,26.010000,0.010000,0.006069,0.000006,0.067689,3.8783,0.260123,-0.158535,-1.710478,0.051815,0.051815,2.9688,2.9688,1,1,0.006069,0.00003683
1771742654.336379,26.020000,0.010000,0.006359,0.000006,0.064180,3.6772,0.258644,-0.172369,-1.383402,0.053181,0.053181,3.0471,3.0471,1,1,0.006359,0.00004043
1771742654.346379,26.030000,0.010000,0.006648,0.000005,0.060427,3.4622,0.199895,-0.183443,-1.107373,0.052113,0.052113,2.9859,2.9859,1,1,0.006648,0.00004419
1771742654.356379,26.040000,0.010000,0.006932,-0.000234,0.056581,3.2419,0.223776,-0.191666,-0.822267,0.059192,0.059192,3.3915,3.3915,1,1,0.006932,0.00004805
1771742654.366379,26.050000,0.010000,0.007216,0.000005,0.052659,3.0171,0.184693,-0.196307,-0.464121,0.054242,0.054242,3.1078,3.1078,1,1,0.007216,0.00005207
1771742654.376379,26.060000,0.010000,0.007480,-0.004305,0.048981,2.8064,0.273611,-0.196877,-0.057040,0.059655,0.059655,3.4180,3.4180,1,1,0.007480,0.00005594
1771742654.386379,26.070000,0.010000,0.007746,0.000003,0.045172,2.5881,0.168596,-0.193886,0.299156,0.053384,0.053384,3.0587,3.0587,1,1,0.007746,0.00006000
1771742654.396379,26.080000,0.010000,0.007949,-0.018317,0.042346,2.4262,0.488592,-0.187778,0.610827,0.057328,0.057328,3.2847,3.2847,1,1,0.007949,0.00006318
1771742654.406379,26.090000,0.010000,0.008164,0.000003,0.038594,2.2113,0.005723,-0.178942,0.883540,-0.003117,-0.003117,-0.1786,-0.1786,1,1,0.008164,0.00006665
1771742654.416379,26.100000,0.010000,0.008324,-0.026442,0.035091,2.0106,0.456468,-0.167721,1.122163,0.046630,0.046630,2.6717,2.6717,1,1,0.008324,0.00006928
1771742654.426379,26.110000,0.010000,0.008412,-0.021626,0.032662,1.8714,0.348159,-0.154411,1.330958,-0.020094,-0.020094,-1.1513,-1.1513,1,1,0.008412,0.00007076
1771742654.436379,26.120000,0.010000,0.008430,-0.042001,0.031242,1.7900,0.678678,-0.139274,1.513654,-0.005050,-0.005050,-0.2893,-0.2893,1,1,0.008430,0.00007106
1771742654.446379,26.130000,0.010000,0.008465,-0.020779,0.029247,1.6758,0.273875,-0.122539,1.673514,-0.133184,-0.133184,-7.6309,-7.6309,1,1,0.008465,0.00007166
1771742654.456379,26.140000,0.010000,0.008481,-0.042729,0.027356,1.5674,0.627134,-0.104405,1.813390,0.027420,0.027420,1.5711,1.5711,1,1,0.008481,0.00007192
1771742654.466379,26.150000,0.010000,0.008356,-0.057872,0.027595,1.5811,0.854875,-0.085048,1.935782,-0.230787,-0.230787,-13.2231,-13.2231,1,1,0.008356,0.00006983
1771742654.476379,26.160000,0.010000,0.008239,-0.043489,0.027381,1.5688,0.563467,-0.067903,1.714508,-0.201553,-0.201553,-11.5482,-11.5482,1,1,0.008239,0.00006788
1771742654.486379,26.170000,0.010000,0.008102,-0.059635,0.027223,1.5598,0.811596,-0.052016,1.588685,-0.148574,-0.148574,-8.5127,-8.5127,1,1,0.008102,0.00006564
1771742654.496379,26.180000,0.010000,0.007863,-0.070719,0.028543,1.6354,0.969580,-0.038733,1.328223,-0.183037,-0.183037,-10.4872,-10.4872,1,1,0.007863,0.00006183
1771742654.506379,26.190000,0.010000,0.007621,-0.062184,0.029618,1.6970,0.784990,-0.026435,1.229852,-0.110218,-0.110218,-6.3150,-6.3150,1,1,0.007621,0.00005808
1771742654.516379,26.200000,0.010000,0.007362,-0.073164,0.030755,1.7621,0.949191,-0.016458,0.997736,-0.131663,-0.131663,-7.5437,-7.5437,1,1,0.007362,0.00005419
1771742654.526379,26.210000,0.010000,0.007038,-0.079533,0.032779,1.8781,1.034396,-0.007234,0.922321,-0.094612,-0.094612,-5.4209,-5.4209,1,1,0.007038,0.00004954
1771742654.536379,26.220000,0.010000,0.006733,-0.073231,0.034597,1.9822,0.938529,-0.002655,0.457965,-0.065245,-0.065245,-3.7383,-3.7383,1,1,0.006733,0.00004533
1771742654.546379,26.230000,0.010000,0.006410,-0.079855,0.036590,2.0965,1.039685,0.003506,0.616060,-0.157347,-0.157347,-9.0153,-9.0153,1,1,0.006410,0.00004109
1771742654.556379,26.240000,0.010000,0.006096,-0.075433,0.038598,2.2115,0.983530,0.005406,0.189986,-0.108530,-0.108530,-6.2183,-6.2183,1,1,0.006096,0.00003716
1771742654.566379,26.250000,0.010000,0.005776,-0.077951,0.040649,2.3290,1.023472,0.004099,-0.130696,-0.161446,-0.161446,-9.2502,-9.2502,1,1,0.005776,0.00003336
1771742654.576379,26.260000,0.010000,0.005487,-0.069337,0.042201,2.4180,0.877791,-0.000535,-0.463425,-0.133587,-0.133587,-7.6540,-7.6540,1,1,0.005487,0.00003011
1771742654.586379,26.270000,0.010000,0.005202,-0.075120,0.043725,2.5052,0.987246,-0.001100,-0.056431,-0.028542,-0.028542,-1.6354,-1.6354,1,1,0.005202,0.00002707
1771742654.596379,26.280000,0.010000,0.004929,-0.068211,0.045133,2.5859,0.875535,-0.005084,-0.398443,-0.155120,-0.155120,-8.8877,-8.8877,1,1,0.004929,0.00002429
1771742654.606379,26.290000,0.010000,0.004660,-0.073125,0.046592,2.6695,0.979105,-0.012061,-0.697703,-0.056775,-0.056775,-3.2530,-3.2530,1,1,0.004660,0.00002171
1771742654.616379,26.300000,0.010000,0.004450,-0.055372,0.047153,2.7017,0.684008,-0.021657,-0.959556,-0.056145,-0.056145,-3.2169,-3.2169,1,1,0.004450,0.00001980
1771742654.626379,26.310000,0.010000,0.004269,-0.063210,0.047399,2.7157,0.847814,-0.033544,-1.188678,0.098375,0.098375,5.6365,5.6365,1,1,0.004269,0.00001823
1771742654.636379,26.320000,0.010000,0.004100,-0.054717,0.047663,2.7309,0.722576,-0.043128,-0.958433,0.065957,0.065957,3.7790,3.7790,1,1,0.004100,0.00001681
1771742654.646379,26.330000,0.010000,0.003933,-0.061273,0.048105,2.7562,0.867514,-0.054195,-1.106686,0.064753,0.064753,3.7101,3.7101,1,1,0.003933,0.00001547
1771742654.656379,26.340000,0.010000,0.003842,-0.038214,0.047434,2.7178,0.486916,-0.060388,-0.619285,0.033392,0.033392,1.9132,1.9132,1,1,0.003842,0.00001476
1771742654.666379,26.350000,0.010000,0.003786,-0.048934,0.046406,2.6589,0.708866,-0.062316,-0.192808,0.069852,0.069852,4.0022,4.0022,1,1,0.003786,0.00001434
1771742654.676379,26.360000,0.010000,0.003688,-0.050749,0.046377,2.6572,0.770564,-0.067493,-0.517773,-0.039889,-0.039889,-2.2855,-2.2855,1,1,0.003688,0.00001360
1771742654.686379,26.370000,0.010000,0.003637,-0.038604,0.045771,2.6225,0.584252,-0.072623,-0.512956,0.010056,0.010056,0.5762,0.5762,1,1,0.003637,0.00001322
1771742654.696379,26.380000,0.010000,0.003592,-0.047175,0.045299,2.5955,0.767173,-0.080602,-0.797902,0.033982,0.033982,1.9470,1.9470,1,1,0.003592,0.00001290
1771742654.706379,26.390000,0.010000,0.003602,-0.027287,0.044081,2.5257,0.442210,-0.087225,-0.662307,0.016167,0.016167,0.9263,0.9263,1,1,0.003602,0.00001297
1771742654.716379,26.400000,0.010000,0.003634,-0.038589,0.042729,2.4482,0.672063,-0.089530,-0.230453,0.055915,0.055915,3.2037,3.2037,1,1,0.003634,0.00001320
1771742654.726379,26.410000,0.010000,0.003654,-0.032455,0.041798,2.3948,0.588374,-0.095037,-0.550712,-0.000730,-0.000730,-0.0418,-0.0418,1,1,0.003654,0.00001335
1771742654.736379,26.420000,0.010000,0.003661,-0.040951,0.041318,2.3674,0.763992,-0.096365,-0.132807,0.016362,0.016362,0.9375,0.9375,1,1,0.003661,0.00001340
1771742654.746379,26.430000,0.010000,0.003725,-0.020445,0.039994,2.2915,0.421725,-0.094036,0.232859,-0.015707,-0.015707,-0.9000,-0.9000,1,1,0.003725,0.00001388
1771742654.756379,26.440000,0.010000,0.003810,-0.032423,0.038504,2.2061,0.656556,-0.088508,0.552818,-0.024351,-0.024351,-1.3952,-1.3952,1,1,0.003810,0.00001451
1771742654.766379,26.450000,0.010000,0.003823,-0.039995,0.038439,2.2024,0.809228,-0.080180,0.832781,-0.192875,-0.192875,-11.0509,-11.0509,1,1,0.003823,0.00001461
1771742654.776379,26.460000,0.010000,0.003856,-0.029228,0.038156,2.1862,0.634693,-0.069403,1.077750,-0.284102,-0.284102,-16.2778,-16.2778,1,1,0.003856,0.00001487
1771742654.786379,26.470000,0.010000,0.003892,-0.037331,0.037966,2.1753,0.795990,-0.056553,1.284928,-0.292203,-0.292203,-16.7420,-16.7420,1,1,0.003892,0.00001515
1771742654.796379,26.480000,0.010000,0.003881,-0.042306,0.038751,2.2202,0.900444,-0.041820,1.473378,-0.307191,-0.307191,-17.6007,-17.6007,1,1,0.003881,0.00001506
1771742654.806379,26.490000,0.010000,0.003869,-0.038562,0.039680,2.2735,0.850636,-0.032418,0.940140,-0.276565,-0.276565,-15.8460,-15.8460,1,1,0.003869,0.00001497
1771742654.816379,26.500000,0.010000,0.003855,-0.042460,0.040815,2.3385,0.938554,-0.027109,0.530926,-0.301570,-0.301570,-17.2787,-17.2787,1,1,0.003855,0.00001486
1771742654.826379,26.510000,0.010000,0.003844,-0.038600,0.042041,2.4088,0.889876,-0.019473,0.763643,-0.300534,-0.300534,-17.2193,-17.2193,1,1,0.003844,0.00001478
1771742654.836379,26.520000,0.010000,0.003835,-0.041647,0.043428,2.4882,0.966280,-0.015018,0.445500,-0.309088,-0.309088,-17.7095,-17.7095,1,1,0.003835,0.00001470
1771742654.846379,26.530000,0.010000,0.003830,-0.038395,0.044930,2.5743,0.932423,-0.007629,0.738879,-0.306143,-0.306143,-17.5407,-17.5407,1,1,0.003830,0.00001467
1771742654.856379,26.540000,0.010000,0.003828,-0.040526,0.046594,2.6696,0.996820,-0.004654,0.297453,-0.314026,-0.314026,-17.9924,-17.9924,1,1,0.003828,0.00001465
1771742654.866379,26.550000,0.010000,0.003852,-0.032965,0.048033,2.7521,0.890922,-0.002027,0.262700,-0.303853,-0.303853,-17.4095,-17.4095,1,1,0.003852,0.00001483
1771742654.876379,26.560000,0.010000,0.003890,-0.035885,0.049472,2.8346,0.973932,-0.003219,-0.119204,-0.311854,-0.311854,-17.8679,-17.8679,1,1,0.003890,0.00001513
1771742654.886379,26.570000,0.010000,0.003954,-0.027699,0.050718,2.9059,0.860733,-0.005861,-0.264142,-0.270062,-0.270062,-15.4734,-15.4734,1,1,0.003954,0.00001563
1771742654.896379,26.580000,0.010000,0.004031,-0.031295,0.052004,2.9796,0.958899,-0.011663,-0.580190,-0.257402,-0.257402,-14.7481,-14.7481,1,1,0.004031,0.00001625
1771742654.906379,26.590000,0.010000,0.004168,-0.014557,0.052526,3.0095,0.696162,-0.020230,-0.856732,-0.231734,-0.231734,-13.2774,-13.2774,1,1,0.004168,0.00001737
1771742654.916379,26.600000,0.010000,0.004333,-0.021612,0.052848,3.0280,0.857106,-0.031217,-1.098707,-0.129721,-0.129721,-7.4325,-7.4325,1,1,0.004333,0.00001878
1771742654.926379,26.610000,0.010000,0.004532,-0.007935,0.052777,3.0239,0.631553,-0.044321,-1.310434,-0.089850,-0.089850,-5.1480,-5.1480,1,1,0.004532,0.00002054
1771742654.936379,26.620000,0.010000,0.004741,-0.016780,0.052751,3.0224,0.821508,-0.059278,-1.495696,-0.049203,-0.049203,-2.8191,-2.8191,1,1,0.004741,0.00002248
1771742654.946379,26.630000,0.010000,0.004990,0.000008,0.051641,2.9588,0.405396,-0.075856,-1.657800,0.038685,0.038685,2.2165,2.2165,1,1,0.004990,0.00002490
1771742654.956379,26.640000,0.010000,0.005232,-0.013906,0.050285,2.8811,0.680282,-0.093853,-1.799640,0.029340,0.029340,1.6810,1.6810,1,1,0.005232,0.00002737
1771742654.966379,26.650000,0.010000,0.005485,0.000006,0.048329,2.7690,0.311745,-0.113090,-1.923751,0.093309,0.093309,5.3462,5.3462,1,1,0.005485,0.00003008
1771742654.976379,26.660000,0.010000,0.005710,-0.016516,0.046439,2.6607,0.623825,-0.133414,-2.032348,0.097572,0.097572,5.5905,5.5905,1,1,0.005710,0.00003260
1771742654.986379,26.670000,0.010000,0.005966,0.004363,0.043188,2.4745,0.042821,-0.154687,-2.127371,0.079502,0.079502,4.5551,4.5551,1,1,0.005966,0.00003559
1771742654.996379,26.680000,0.010000,0.006188,-0.018145,0.039679,2.2734,0.450288,-0.173333,-1.864569,0.103628,0.103628,5.9375,5.9375,1,1,0.006188,0.00003830
1771742655.006379,26.690000,0.010000,0.006409,0.000002,0.035741,2.0478,0.016353,-0.190648,-1.731515,0.050061,0.050061,2.8683,2.8683,1,1,0.006409,0.00004108
1771742655.016379,26.700000,0.010000,0.006587,-0.023831,0.032073,1.8376,0.432314,-0.202308,-1.166009,0.071097,0.071097,4.0736,4.0736,1,1,0.006587,0.00004339
1771742655.026379,26.710000,0.010000,0.006782,0.000001,0.027644,1.5839,-0.087727,-0.209195,-0.688673,0.051979,0.051979,2.9782,2.9782,1,1,0.006782,0.00004600
1771742655.036379,26.720000,0.010000,0.006940,-0.026794,0.023372,1.3391,0.366150,-0.212012,-0.281732,0.051265,0.051265,2.9372,2.9372,1,1,0.006940,0.00004816
1771742655.046379,26.730000,0.010000,0.007065,-0.012610,0.019444,1.1141,0.086637,-0.210987,0.102550,0.081315,0.081315,4.6590,4.6590,1,1,0.007065,0.00004992
1771742655.056379,26.740000,0.010000,0.007138,-0.036397,0.016172,0.9266,0.471490,-0.206599,0.438797,0.051038,0.051038,2.9243,2.9243,1,1,0.007138,0.00005095
1771742655.066379,26.750000,0.010000,0.007212,-0.016214,0.012538,0.7184,0.073399,-0.199269,0.733014,0.123481,0.123481,7.0750,7.0750,1,1,0.007212,0.00005201
1771742655.076379,26.760000,0.010000,0.007250,-0.040622,0.009156,0.5246,0.457784,-0.189364,0.990453,0.055822,0.055822,3.1984,3.1984,1,1,0.007250,0.00005257
1771742655.086379,26.770000,0.010000,0.007195,-0.042760,0.006991,0.4006,0.441618,-0.177207,1.215712,0.120170,0.120170,6.8852,6.8852,1,1,0.007195,0.00005176
1771742655.096379,26.780000,0.010000,0.007064,-0.058559,0.005691,0.3261,0.663534,-0.163079,1.412814,0.103931,0.103931,5.9548,5.9548,1,1,0.007064,0.00004990
1771742655.106379,26.790000,0.010000,0.006929,-0.046181,0.003968,0.2273,0.386191,-0.147226,1.585278,0.084826,0.084826,4.8601,4.8601,1,1,0.006929,0.00004801
1771742655.116379,26.800000,0.010000,0.006757,-0.064390,0.002403,0.1377,0.648869,-0.129864,1.736184,0.076384,0.076384,4.3765,4.3765,1,1,0.006757,0.00004566
1771742655.126379,26.810000,0.010000,0.006469,-0.077238,0.002393,0.1371,0.814223,-0.111182,1.868227,0.020476,0.020476,1.1732,1.1732,1,1,0.006469,0.00004185
1771742655.136379,26.820000,0.010000,0.006145,-0.077774,0.002775,0.1590,0.796320,-0.091344,1.983764,0.047373,0.047373,2.7143,2.7143,1,1,0.006145,0.00003776
1771742655.146379,26.830000,0.010000,0.005796,-0.083821,0.003444,0.1973,0.884959,-0.071039,2.030521,0.056898,0.056898,3.2600,3.2600,1,1,0.005796,0.00003359
1771742655.156379,26.840000,0.010000,0.005449,-0.083174,0.004384,0.2512,0.912961,-0.055662,1.537728,0.137456,0.137456,7.8756,7.8756,1,1,0.005449,0.00002969
1771742655.166379,26.850000,0.010000,0.005105,-0.082636,0.005519,0.3162,0.932905,-0.042296,1.336582,0.103355,0.103355,5.9218,5.9218,1,1,0.005105,0.00002606
1771742655.176379,26.860000,0.010000,0.004762,-0.082179,0.006793,0.3892,0.946789,-0.027110,1.518575,0.116976,0.116976,6.7022,6.7022,1,1,0.004762,0.00002268
1771742655.186379,26.870000,0.010000,0.004421,-0.081782,0.008163,0.4677,0.956108,-0.017314,0.979687,0.196536,0.196536,11.2607,11.2607,1,1,0.004421,0.00001955
1771742655.196379,26.880000,0.010000,0.004082,-0.081429,0.009596,0.5498,0.961981,-0.005251,1.206292,0.143517,0.143517,8.2229,8.2229,1,1,0.004082,0.00001666
1771742655.206379,26.890000,0.010000,0.003744,-0.081109,0.011070,0.6342,0.965242,0.002383,0.763409,0.226679,0.226679,12.9878,12.9878,1,1,0.003744,0.00001402
1771742655.216379,26.900000,0.010000,0.003407,-0.080813,0.012564,0.7199,0.966516,0.012554,1.017048,0.169986,0.169986,9.7395,9.7395,1,1,0.003407,0.00001161
1771742655.226379,26.910000,0.010000,0.003072,-0.080535,0.014065,0.8059,0.966267,0.023976,1.142209,0.241406,0.241406,13.8316,13.8316,1,1,0.003072,0.00000944
1771742655.236379,26.920000,0.010000,0.002737,-0.080270,0.015563,0.8917,0.964843,0.031582,0.760619,0.285878,0.285878,16.3796,16.3796,1,1,0.002737,0.00000749
1771742655.246379,26.930000,0.010000,0.002404,-0.080015,0.017049,0.9769,0.962503,0.037182,0.560023,0.236413,0.236413,13.5455,13.5455,1,1,0.002404,0.00000578
1771742655.256379,26.940000,0.010000,0.002072,-0.079737,0.018516,1.0609,0.959281,0.038592,0.140954,0.209441,0.209441,12.0001,12.0001,1,1,0.002072,0.00000429
1771742655.266379,26.950000,0.010000,0.001742,-0.079301,0.019949,1.1430,0.954635,0.039690,0.109763,0.167802,0.167802,9.6144,9.6144,1,1,0.001742,0.00000304
1771742655.276379,26.960000,0.010000,0.001419,-0.078455,0.021327,1.2219,0.947503,0.041841,0.215110,0.171161,0.171161,9.8068,9.8068,1,1,0.001419,0.00000201
1771742655.286379,26.970000,0.010000,0.001106,-0.077192,0.022631,1.2967,0.938437,0.047214,0.537287,0.164082,0.164082,9.4012,9.4012,1,1,0.001106,0.00000122
1771742655.296379,26.980000,0.010000,0.000805,-0.075582,0.023851,1.3666,0.928295,0.054231,0.701773,0.215025,0.215025,12.3200,12.3200,1,1,0.000805,0.00000065
1771742655.306379,26.990000,0.010000,0.000520,-0.073679,0.024983,1.4314,0.917642,0.062074,0.784309,0.251897,0.251897,14.4327,14.4327,1,1,0.000520,0.00000027
1771742655.316379,27.000000,0.010000,0.000252,-0.071510,0.026024,1.4911,0.906778,0.072428,1.035336,0.267421,0.267421,15.3221,15.3221,1,1,0.000252,0.00000006
1771742655.326379,27.010000,0.010000,0.000004,-0.069110,0.026974,1.5455,0.896021,0.081314,0.888613,0.287083,0.287083,16.4487,16.4487,1,1,0.000004,0.00000000
1771742655.336379,27.020000,0.010000,-0.000223,-0.066511,0.027837,1.5949,0.885555,0.092580,1.126602,0.264891,0.264891,15.1771,15.1771,1,1,0.000223,0.00000005
1771742655.346379,27.030000,0.010000,-0.000427,-0.063743,0.028615,1.6395,0.875576,0.102256,0.967581,0.264348,0.264348,15.1460,15.1460,1,1,0.000427,0.00000018
1771742655.356379,27.040000,0.010000,-0.000607,-0.060832,0.029314,1.6796,0.866233,0.114213,1.195699,0.225597,0.225597,12.9257,12.9257,1,1,0.000607,0.00000037
1771742655.366379,27.050000,0.010000,-0.000762,-0.057806,0.029940,1.7154,0.857658,0.128166,1.395303,0.209095,0.209095,11.9803,11.9803,1,1,0.000762,0.00000058
1771742655.376379,27.060000,0.010000,-0.000891,-0.054690,0.030500,1.7475,0.849965,0.141697,1.353088,0.152534,0.152534,8.7395,8.7395,1,1,0.000891,0.00000079
1771742655.386379,27.070000,0.010000,-0.000994,-0.051510,0.031003,1.7763,0.843253,0.150165,0.846802,0.065964,0.065964,3.7794,3.7794,1,1,0.000994,0.00000099
1771742655.396379,27.080000,0.010000,-0.001070,-0.048288,0.031456,1.8023,0.837600,0.154084,0.391886,0.009271,0.009271,0.5312,0.5312,1,1,0.001070,0.00000115
1771742655.406379,27.090000,0.010000,-0.001134,-0.046584,0.032127,1.8408,0.860744,0.156218,0.213469,-0.044061,-0.044061,-2.5245,-2.5245,1,1,0.001134,0.00000129
1771742655.416379,27.100000,0.010000,-0.001165,-0.042781,0.032679,1.8724,0.847790,0.157201,0.098301,-0.083562,-0.083562,-4.7877,-4.7877,1,1,0.001165,0.00000136
1771742655.426379,27.110000,0.010000,-0.001185,-0.041228,0.033497,1.9193,0.876476,0.161552,0.435079,-0.093722,-0.093722,-5.3699,-5.3699,1,1,0.001185,0.00000140
1771742655.436379,27.120000,0.010000,-0.001178,-0.037944,0.034305,1.9655,0.875533,0.168850,0.729760,-0.152090,-0.152090,-8.7141,-8.7141,1,1,0.001178,0.00000139
1771742655.446379,27.130000,0.010000,-0.001188,-0.039430,0.035912,2.0576,0.961573,0.178726,0.987606,-0.198218,-0.198218,-11.3570,-11.3570,1,1,0.001188,0.00000141
1771742655.456379,27.140000,0.010000,-0.001146,-0.033504,0.037096,2.1255,0.916878,0.190858,1.213221,-0.282340,-0.282340,-16.1769,-16.1769,1,1,0.001146,0.00000131
1771742655.466379,27.150000,0.010000,-0.001142,-0.037263,0.039495,2.2629,1.047796,0.200112,0.925413,-0.277937,-0.277937,-15.9246,-15.9246,1,1,0.001142,0.00000130
1771742655.476379,27.160000,0.010000,-0.001071,-0.029657,0.041235,2.3626,0.977919,0.208141,0.802949,-0.350058,-0.350058,-20.0568,-20.0568,1,1,0.001071,0.00000115
1771742655.486379,27.170000,0.010000,-0.000975,-0.026628,0.043098,2.4693,0.992292,0.211677,0.353514,-0.321200,-0.321200,-18.4034,-18.4034,1,1,0.000975,0.00000095
1771742655.496379,27.180000,0.010000,-0.000824,-0.020275,0.044545,2.5522,0.948762,0.211354,-0.032268,-0.297784,-0.297784,-17.0618,-17.0618,1,1,0.000824,0.00000068
1771742655.506379,27.190000,0.010000,-0.000662,-0.018842,0.046404,2.6587,0.994499,0.207581,-0.377300,-0.231655,-0.231655,-13.2728,-13.2728,1,1,0.000662,0.00000044
1771742655.516379,27.200000,0.010000,-0.000448,-0.012855,0.047923,2.7458,0.959543,0.200789,-0.679203,-0.231664,-0.231664,-13.2734,-13.2734,1,1,0.000448,0.00000020
1771742655.526379,27.210000,0.010000,-0.000192,-0.008297,0.049275,2.8233,0.944884,0.191355,-0.943369,-0.191391,-0.191391,-10.9659,-10.9659,1,1,0.000192,0.00000004
1771742655.536379,27.220000,0.010000,0.000089,-0.006291,0.050622,2.9004,0.952197,0.179610,-1.174514,-0.167330,-0.167330,-9.5873,-9.5873,1,1,0.000089,0.00000001
1771742655.546379,27.230000,0.010000,0.000387,-0.004451,0.052054,2.9825,0.962967,0.165842,-1.376765,-0.155403,-0.155403,-8.9039,-8.9039,1,1,0.000387,0.00000015
1771742655.556379,27.240000,0.010000,0.000698,-0.002739,0.053594,3.0707,0.976373,0.150305,-1.553735,-0.148036,-0.148036,-8.4819,-8.4819,1,1,0.000698,0.00000049
1771742655.566379,27.250000,0.010000,0.001023,-0.001091,0.055259,3.1661,0.991608,0.133219,-1.708584,-0.182504,-0.182504,-10.4567,-10.4567,1,1,0.001023,0.00000105
1771742655.576379,27.260000,0.010000,0.001359,0.000014,0.057078,3.2703,1.011913,0.114778,-1.844077,-0.203939,-0.203939,-11.6849,-11.6849,1,1,0.001359,0.00000185
1771742655.586379,27.270000,0.010000,0.001700,0.000016,0.059103,3.3863,1.040382,0.095152,-1.962633,-0.219600,-0.219600,-12.5821,-12.5821,1,1,0.001700,0.00000289
1771742655.596379,27.280000,0.010000,0.002040,0.000018,0.061357,3.5155,1.067626,0.074488,-2.066370,-0.224820,-0.224820,-12.8812,-12.8812,1,1,0.002040,0.00000416
1771742655.606379,27.290000,0.010000,0.002381,0.000020,0.063835,3.6575,1.094183,0.052917,-2.157140,-0.209764,-0.209764,-12.0186,-12.0186,1,1,0.002381,0.00000567
1771742655.616379,27.300000,0.010000,0.002722,0.000018,0.065926,3.7773,0.974714,0.030551,-2.236563,-0.175261,-0.175261,-10.0417,-10.0417,1,1,0.002722,0.00000741
1771742655.626379,27.310000,0.010000,0.003056,0.000017,0.067358,3.8593,0.908042,0.007491,-2.306059,-0.108552,-0.108552,-6.2196,-6.2196,1,1,0.003056,0.00000934
1771742655.636379,27.320000,0.010000,0.003386,0.000015,0.068085,3.9010,0.787879,-0.016178,-2.366867,-0.014627,-0.014627,-0.8380,-0.8380,1,1,0.003386,0.00001146
1771742655.646379,27.330000,0.010000,0.003709,0.000014,0.068159,3.9052,0.723811,-0.040379,-2.420075,0.034148,0.034148,1.9566,1.9566,1,1,0.003709,0.00001376
1771742655.656379,27.340000,0.010000,0.004029,0.000013,0.067708,3.8794,0.645915,-0.059255,-1.887650,0.056931,0.056931,3.2619,3.2619,1,1,0.004029,0.00001623
1771742655.666379,27.350000,0.010000,0.004344,0.000013,0.066922,3.8344,0.625009,-0.072764,-1.350933,0.003376,0.003376,0.1934,0.1934,1,1,0.004344,0.00001887
1771742655.676379,27.360000,0.010000,0.004656,0.000012,0.065856,3.7733,0.571349,-0.083094,-1.032984,-0.041729,-0.041729,-2.3909,-2.3909,1,1,0.004656,0.00002168
1771742655.686379,27.370000,0.010000,0.004965,0.000013,0.064614,3.7021,0.569278,-0.091212,-0.811778,-0.064747,-0.064747,-3.7097,-3.7097,1,1,0.004965,0.00002466
1771742655.696379,27.380000,0.010000,0.005273,0.000011,0.063079,3.6142,0.497772,-0.101806,-1.059371,-0.071701,-0.071701,-4.1082,-4.1082,1,1,0.005273,0.00002781
1771742655.706379,27.390000,0.010000,0.005577,0.000011,0.061257,3.5098,0.483698,-0.114566,-1.276016,-0.026451,-0.026451,-1.5155,-1.5155,1,1,0.005577,0.00003110
1771742655.716379,27.400000,0.010000,0.005878,0.000009,0.059093,3.3858,0.410362,-0.127695,-1.312921,0.019654,0.019654,1.1261,1.1261,1,1,0.005878,0.00003455
1771742655.726379,27.410000,0.010000,0.006175,0.000010,0.056679,3.2475,0.407281,-0.139836,-1.214058,0.030077,0.030077,1.7233,1.7233,1,1,0.006175,0.00003813
1771742655.736379,27.420000,0.010000,0.006471,0.000009,0.054062,3.0975,0.358854,-0.148577,-0.874109,0.046245,0.046245,2.6496,2.6496,1,1,0.006471,0.00004187
1771742655.746379,27.430000,0.010000,0.006758,-0.001278,0.051465,2.9487,0.400354,-0.152735,-0.415779,0.045963,0.045963,2.6335,2.6335,1,1,0.006758,0.00004567
1771742655.756379,27.440000,0.010000,0.007046,0.000009,0.048815,2.7969,0.352205,-0.152882,-0.014741,0.018245,0.018245,1.0453,1.0453,1,1,0.007046,0.00004964
1771742655.766379,27.450000,0.010000,0.007302,-0.007937,0.046627,2.6715,0.499691,-0.149520,0.336167,0.000428,0.000428,0.0245,0.0245,1,1,0.007302,0.00005332
1771742655.776379,27.460000,0.010000,0.007564,0.000008,0.044123,2.5281,0.302423,-0.143088,0.643212,-0.040328,-0.040328,-2.3106,-2.3106,1,1,0.007564,0.00005721
1771742655.786379,27.470000,0.010000,0.007766,-0.019789,0.042399,2.4293,0.647484,-0.133969,0.911877,-0.033738,-0.033738,-1.9331,-1.9331,1,1,0.007766,0.00006032
1771742655.796379,27.480000,0.010000,0.007983,0.000007,0.040173,2.3017,0.245107,-0.122500,1.146958,-0.212035,-0.212035,-12.1487,-12.1487,1,1,0.007983,0.00006373
1771742655.806379,27.490000,0.010000,0.008174,-0.021573,0.038122,2.1842,0.612432,-0.112404,1.009630,-0.080796,-0.080796,-4.6293,-4.6293,1,1,0.008174,0.00006682
1771742655.816379,27.500000,0.010000,0.008307,-0.017474,0.036940,2.1165,0.521175,-0.106447,0.595704,-0.253917,-0.253917,-14.5484,-14.5484,1,1,0.008307,0.00006901
1771742655.826379,27.510000,0.010000,0.008386,-0.033369,0.036528,2.0929,0.778949,-0.102103,0.434318,-0.164330,-0.164330,-9.4154,-9.4154,1,1,0.008386,0.00007033
1771742655.836379,27.520000,0.010000,0.008517,-0.007721,0.035013,2.0061,0.304121,-0.094812,0.729094,-0.149645,-0.149645,-8.5740,-8.5740,1,1,0.008517,0.00007253
1771742655.846379,27.530000,0.010000,0.008645,-0.029034,0.033353,1.9110,0.654087,-0.084942,0.987023,-0.064479,-0.064479,-3.6944,-3.6944,1,1,0.008645,0.00007473
1771742655.856379,27.540000,0.010000,0.008642,-0.042558,0.033735,1.9328,0.860828,-0.072815,1.212711,-0.290423,-0.290423,-16.6400,-16.6400,1,1,0.008642,0.00007468
1771742655.866379,27.550000,0.010000,0.008653,-0.027879,0.033604,1.9254,0.571420,-0.058713,1.410188,-0.317271,-0.317271,-18.1783,-18.1783,1,1,0.008653,0.00007487
1771742655.876379,27.560000,0.010000,0.008644,-0.044308,0.033587,1.9244,0.830180,-0.045629,1.308450,-0.245840,-0.245840,-14.0856,-14.0856,1,1,0.008644,0.00007472
1771742655.886379,27.570000,0.010000,0.008559,-0.048803,0.034629,1.9841,0.877231,-0.037644,0.798418,-0.278617,-0.278617,-15.9636,-15.9636,1,1,0.008559,0.00007326
1771742655.896379,27.580000,0.010000,0.008465,-0.047006,0.035576,2.0383,0.815690,-0.032885,0.475909,-0.288420,-0.288420,-16.5252,-16.5252,1,1,0.008465,0.00007166
1771742655.906379,27.590000,0.010000,0.008339,-0.055954,0.036856,2.1117,0.945539,-0.032212,0.067355,-0.263703,-0.263703,-15.1091,-15.1091,1,1,0.008339,0.00006954
1771742655.916379,27.600000,0.010000,0.008245,-0.040803,0.037350,2.1400,0.653832,-0.032403,-0.019079,-0.181993,-0.181993,-10.4274,-10.4274,1,1,0.008245,0.00006798
1771742655.926379,27.610000,0.010000,0.008143,-0.054994,0.037813,2.1665,0.881604,-0.036060,-0.365760,-0.118190,-0.118190,-6.7718,-6.7718,1,1,0.008143,0.00006631
1771742655.936379,27.620000,0.010000,0.008034,-0.044893,0.038199,2.1887,0.682005,-0.041652,-0.559194,-0.026934,-0.026934,-1.5432,-1.5432,1,1,0.008034,0.00006455
1771742655.946379,27.630000,0.010000,0.007903,-0.058226,0.038815,2.2239,0.897535,-0.050036,-0.838361,0.038449,0.038449,2.2030,2.2030,1,1,0.007903,0.00006246
1771742655.956379,27.640000,0.010000,0.007835,-0.032491,0.038175,2.1873,0.426132,-0.060862,-1.082631,0.028027,0.028027,1.6058,1.6058,1,1,0.007835,0.00006138
1771742655.966379,27.650000,0.010000,0.007778,-0.050431,0.037199,2.1314,0.726324,-0.071960,-1.109787,0.132316,0.132316,7.5812,7.5812,1,1,0.007778,0.00006050
1771742655.976379,27.660000,0.010000,0.007681,-0.045488,0.036787,2.1077,0.620593,-0.078180,-0.621998,0.045725,0.045725,2.6198,2.6198,1,1,0.007681,0.00005899
1771742655.986379,27.670000,0.010000,0.007564,-0.054088,0.036571,2.0954,0.754229,-0.087113,-0.893314,0.054418,0.054418,3.1179,3.1179,1,1,0.007564,0.00005721
1771742655.996379,27.680000,0.010000,0.007509,-0.032003,0.035096,2.0109,0.347238,-0.098420,-1.130716,0.019620,0.019620,1.1242,1.1242,1,1,0.007509,0.00005639
1771742656.006379,27.690000,0.010000,0.007450,-0.051062,0.033577,1.9238,0.666003,-0.111805,-1.338442,0.090869,0.090869,5.2064,5.2064,1,1,0.007450,0.00005550
1771742656.016379,27.700000,0.010000,0.007418,-0.028827,0.031402,1.7992,0.253479,-0.127007,-1.520203,0.028467,0.028467,1.6311,1.6311,1,1,0.007418,0.00005503
1771742656.026379,27.710000,0.010000,0.007374,-0.049637,0.029273,1.6772,0.599111,-0.143799,-1.679243,0.085543,0.085543,4.9012,4.9012,1,1,0.007374,0.00005438
1771742656.036379,27.720000,0.010000,0.007372,-0.022428,0.026191,1.5006,0.093684,-0.158787,-1.498801,0.055949,0.055949,3.2056,3.2056,1,1,0.007372,0.00005435
1771742656.046379,27.730000,0.010000,0.007362,-0.046354,0.023044,1.3203,0.488066,-0.168411,-0.962385,0.069206,0.069206,3.9652,3.9652,1,1,0.007362,0.00005420
1771742656.056379,27.740000,0.010000,0.007318,-0.034543,0.020205,1.1576,0.245530,-0.173341,-0.493021,0.075365,0.075365,4.3181,4.3181,1,1,0.007318,0.00005356
1771742656.066379,27.750000,0.010000,0.007225,-0.055624,0.017939,1.0278,0.580328,-0.174164,-0.082327,0.074847,0.074847,4.2884,4.2884,1,1,0.007225,0.00005220
1771742656.076379,27.760000,0.010000,0.007154,-0.032915,0.014938,0.8559,0.138417,-0.171394,0.277029,0.114763,0.114763,6.5754,6.5754,1,1,0.007154,0.00005118
1771742656.086379,27.770000,0.010000,0.007063,-0.055934,0.011961,0.6853,0.501797,-0.165480,0.591467,0.077301,0.077301,4.4290,4.4290,1,1,0.007063,0.00004988
1771742656.096379,27.780000,0.010000,0.006869,-0.061332,0.010386,0.5951,0.548234,-0.156814,0.866599,0.101802,0.101802,5.8328,5.8328,1,1,0.006869,0.00004718
1771742656.106379,27.790000,0.010000,0.006631,-0.066907,0.009158,0.5247,0.596747,-0.145740,1.107340,0.097413,0.097413,5.5813,5.5813,1,1,0.006631,0.00004398
1771742656.116379,27.800000,0.010000,0.006347,-0.073463,0.008352,0.4785,0.662374,-0.132560,1.317988,0.056940,0.056940,3.2624,3.2624,1,1,0.006347,0.00004028
1771742656.126379,27.810000,0.010000,0.006017,-0.079010,0.007964,0.4563,0.716957,-0.117537,1.502306,0.000766,0.000766,0.0439,0.0439,1,1,0.006017,0.00003621
1771742656.136379,27.820000,0.010000,0.005665,-0.084533,0.008076,0.4627,0.826563,-0.100901,1.663583,0.002944,0.002944,0.1687,0.1687,1,1,0.005665,0.00003209
1771742656.146379,27.830000,0.010000,0.005317,-0.083649,0.008620,0.4939,0.871460,-0.084730,1.617109,0.030130,0.030130,1.7263,1.7263,1,1,0.005317,0.00002827
1771742656.156379,27.840000,0.010000,0.004971,-0.082933,0.009478,0.5431,0.904117,-0.067090,1.764036,0.029873,0.029873,1.7116,1.7116,1,1,0.004971,0.00002471
1771742656.166379,27.850000,0.010000,0.004628,-0.082341,0.010566,0.6054,0.927593,-0.051710,1.537983,0.094577,0.094577,5.4189,5.4189,1,1,0.004628,0.00002142
1771742656.176379,27.860000,0.010000,0.004287,-0.081842,0.011818,0.6771,0.944173,-0.036596,1.511456,0.106623,0.106623,6.1090,6.1090,1,1,0.004287,0.00001838
1771742656.186379,27.870000,0.010000,0.003948,-0.081412,0.013186,0.7555,0.955568,-0.022600,1.399504,0.148280,0.148280,8.4958,8.4958,1,1,0.003948,0.00001558
1771742656.196379,27.880000,0.010000,0.003610,-0.081032,0.014633,0.8384,0.963057,-0.010419,1.218098,0.181411,0.181411,10.3941,10.3941,1,1,0.003610,0.00001303
1771742656.206379,27.890000,0.010000,0.003274,-0.080690,0.016132,0.9243,0.967595,0.003730,1.414902,0.191298,0.191298,10.9606,10.9606,1,1,0.003274,0.00001072
1771742656.216379,27.900000,0.010000,0.002939,-0.080376,0.017662,1.0120,0.969895,0.012926,0.919640,0.265926,0.265926,15.2364,15.2364,1,1,0.002939,0.00000864
1771742656.226379,27.910000,0.010000,0.002605,-0.080083,0.019208,1.1005,0.970490,0.024035,1.110949,0.203694,0.203694,11.6708,11.6708,1,1,0.002605,0.00000679
1771742656.236379,27.920000,0.010000,0.002272,-0.079804,0.020756,1.1892,0.969778,0.033208,0.917214,0.262350,0.262350,15.0315,15.0315,1,1,0.002272,0.00000516
1771742656.246379,27.930000,0.010000,0.001942,-0.079373,0.022290,1.2772,0.967173,0.037743,0.453497,0.249144,0.249144,14.2749,14.2749,1,1,0.001942,0.00000377
1771742656.256379,27.940000,0.010000,0.001619,-0.078538,0.023785,1.3628,0.961751,0.038220,0.047744,0.170807,0.170807,9.7865,9.7865,1,1,0.001619,0.00000262
1771742656.266379,27.950000,0.010000,0.001305,-0.077248,0.025216,1.4448,0.953914,0.035147,-0.307290,0.134762,0.134762,7.7213,7.7213,1,1,0.001305,0.00000170
1771742656.276379,27.960000,0.010000,0.001004,-0.075586,0.026572,1.5224,0.944712,0.034520,-0.062717,0.125557,0.125557,7.1939,7.1939,1,1,0.001004,0.00000101
1771742656.286379,27.970000,0.010000,0.000719,-0.073608,0.027845,1.5954,0.934820,0.033939,-0.058084,0.118106,0.118106,6.7669,6.7669,1,1,0.000719,0.00000052
1771742656.296379,27.980000,0.010000,0.000453,-0.071347,0.029034,1.6635,0.924622,0.036921,0.298243,0.110913,0.110913,6.3549,6.3549,1,1,0.000453,0.00000020
1771742656.306379,27.990000,0.010000,0.000206,-0.068844,0.030137,1.7267,0.914496,0.043022,0.610028,0.082264,0.082264,4.7134,4.7134,1,1,0.000206,0.00000004
1771742656.316379,28.000000,0.010000,-0.000017,-0.066130,0.031158,1.7852,0.904681,0.051850,0.882840,0.145941,0.145941,8.3618,8.3618,1,1,0.000017,0.00000000
1771742656.326379,28.010000,0.010000,-0.000218,-0.063235,0.032100,1.8392,0.895355,0.063066,1.121551,0.211285,0.211285,12.1057,12.1057,1,1,0.000218,0.00000005
1771742656.336379,28.020000,0.010000,-0.000393,-0.060187,0.032967,1.8889,0.886692,0.076370,1.330423,0.227987,0.227987,13.0627,13.0627,1,1,0.000393,0.00000015
1771742656.346379,28.030000,0.010000,-0.000541,-0.057016,0.033768,1.9348,0.878842,0.091502,1.513186,0.219931,0.219931,12.6011,12.6011,1,1,0.000541,0.00000029
1771742656.356379,28.040000,0.010000,-0.000663,-0.053746,0.034510,1.9773,0.871931,0.105526,1.402405,0.208011,0.208011,11.9181,11.9181,1,1,0.000663,0.00000044
1771742656.366379,28.050000,0.010000,-0.000757,-0.050405,0.035200,2.0168,0.866063,0.121288,1.576170,0.145582,0.145582,8.3412,8.3412,1,1,0.000757,0.00000057
1771742656.376379,28.060000,0.010000,-0.000823,-0.047016,0.035848,2.0540,0.861327,0.137270,1.598202,0.049425,0.049425,2.8319,2.8319,1,1,0.000823,0.00000068
1771742656.386379,28.070000,0.010000,-0.000860,-0.043601,0.036465,2.0893,0.857801,0.147763,1.049361,-0.063205,-0.063205,-3.6214,-3.6214,1,1,0.000860,0.00000074
1771742656.396379,28.080000,0.010000,-0.000869,-0.040183,0.037060,2.1234,0.855547,0.153454,0.569125,-0.109421,-0.109421,-6.2694,-6.2694,1,1,0.000869,0.00000076
1771742656.406379,28.090000,0.010000,-0.000850,-0.036782,0.037645,2.1569,0.854620,0.154944,0.148919,-0.140341,-0.140341,-8.0410,-8.0410,1,1,0.000850,0.00000072
1771742656.416379,28.100000,0.010000,-0.000802,-0.033416,0.038231,2.1904,0.855064,0.152756,-0.218762,-0.154394,-0.154394,-8.8461,-8.8461,1,1,0.000802,0.00000064
1771742656.426379,28.110000,0.010000,-0.000727,-0.030103,0.038828,2.2247,0.856913,0.147526,-0.523034,-0.137786,-0.137786,-7.8946,-7.8946,1,1,0.000727,0.00000053
1771742656.436379,28.120000,0.010000,-0.000625,-0.026858,0.039450,2.2603,0.860193,0.139458,-0.806721,-0.101633,-0.101633,-5.8232,-5.8232,1,1,0.000625,0.00000039
1771742656.446379,28.130000,0.010000,-0.000496,-0.023694,0.040109,2.2981,0.864924,0.135890,-0.356815,-0.086632,-0.086632,-4.9636,-4.9636,1,1,0.000496,0.00000025
1771742656.456379,28.140000,0.010000,-0.000341,-0.020624,0.040815,2.3386,0.871116,0.136259,0.036853,-0.157051,-0.157051,-8.9983,-8.9983,1,1,0.000341,0.00000012
1771742656.466379,28.150000,0.010000,-0.000161,-0.017658,0.041583,2.3825,0.878773,0.140072,0.381312,-0.211590,-0.211590,-12.1232,-12.1232,1,1,0.000161,0.00000003
1771742656.476379,28.160000,0.010000,0.000043,-0.014804,0.042423,2.4306,0.887890,0.146899,0.682714,-0.243348,-0.243348,-13.9428,-13.9428,1,1,0.000043,0.00000000
1771742656.486379,28.170000,0.010000,0.000270,-0.012067,0.043348,2.4837,0.898458,0.154538,0.763898,-0.248403,-0.248403,-14.2325,-14.2325,1,1,0.000270,0.00000007
1771742656.496379,28.180000,0.010000,0.000518,-0.009642,0.044375,2.5425,0.911525,0.157731,0.319345,-0.263883,-0.263883,-15.1194,-15.1194,1,1,0.000518,0.00000027
1771742656.506379,28.190000,0.010000,0.000780,-0.008631,0.045548,2.6097,0.933044,0.157035,-0.069639,-0.251505,-0.251505,-14.4102,-14.4102,1,1,0.000780,0.00000061
1771742656.516379,28.200000,0.010000,0.001051,-0.007620,0.046892,2.6867,0.953290,0.152935,-0.410000,-0.243511,-0.243511,-13.9522,-13.9522,1,1,0.001051,0.00000110
1771742656.526379,28.210000,0.010000,0.001330,-0.006630,0.048402,2.7732,0.972954,0.145857,-0.707816,-0.235667,-0.235667,-13.5027,-13.5027,1,1,0.001330,0.00000177
1771742656.536379,28.220000,0.010000,0.001617,-0.005676,0.050074,2.8691,0.992541,0.136173,-0.968405,-0.221884,-0.221884,-12.7130,-12.7130,1,1,0.001617,0.00000261
1771742656.546379,28.230000,0.010000,0.001911,-0.004765,0.051913,2.9744,1.012370,0.124209,-1.196420,-0.223408,-0.223408,-12.8004,-12.8004,1,1,0.001911,0.00000365
1771742656.556379,28.240000,0.010000,0.002214,-0.003898,0.053920,3.0894,1.032632,0.110249,-1.395933,-0.235514,-0.235514,-13.4940,-13.4940,1,1,0.002214,0.00000490
1771742656.566379,28.250000,0.010000,0.002522,-0.003074,0.056100,3.2143,1.053492,0.094544,-1.570508,-0.249004,-0.249004,-14.2669,-14.2669,1,1,0.002522,0.00000636
1771742656.576379,28.260000,0.010000,0.002838,-0.002295,0.058461,3.3496,1.075065,0.077312,-1.723260,-0.249524,-0.249524,-14.2967,-14.2967,1,1,0.002838,0.00000805
1771742656.586379,28.270000,0.010000,0.003160,-0.001551,0.061008,3.4955,1.097392,0.058742,-1.856918,-0.236853,-0.236853,-13.5707,-13.5707,1,1,0.003160,0.00000998
1771742656.596379,28.280000,0.010000,0.003491,0.000023,0.063364,3.6305,1.028612,0.039004,-1.973869,-0.221168,-0.221168,-12.6720,-12.6720,1,1,0.003491,0.00001219
1771742656.606379,28.290000,0.010000,0.003825,0.000021,0.065126,3.7314,0.936063,0.018242,-2.076202,-0.169235,-0.169235,-9.6964,-9.6964,1,1,0.003825,0.00001463
1771742656.616379,28.300000,0.010000,0.004153,0.000019,0.066256,3.7962,0.854354,-0.003416,-2.165742,-0.094574,-0.094574,-5.4187,-5.4187,1,1,0.004153,0.00001725
1771742656.626379,28.310000,0.010000,0.004476,0.000017,0.066739,3.8239,0.760590,-0.025857,-2.244090,-0.004592,-0.004592,-0.2631,-0.2631,1,1,0.004476,0.00002004
1771742656.636379,28.320000,0.010000,0.004795,0.000015,0.066585,3.8150,0.679007,-0.048983,-2.312645,0.037085,0.037085,2.1248,2.1248,1,1,0.004795,0.00002299
1771742656.646379,28.330000,0.010000,0.005108,0.000013,0.065781,3.7690,0.585400,-0.072709,-2.372630,0.048996,0.048996,2.8073,2.8073,1,1,0.005108,0.00002609
1771742656.656379,28.340000,0.010000,0.005416,0.000012,0.064458,3.6932,0.533277,-0.093079,-2.036966,0.056606,0.056606,3.2433,3.2433,1,1,0.005416,0.00002933
1771742656.666379,28.350000,0.010000,0.005720,0.000011,0.062724,3.5938,0.473562,-0.109180,-1.610066,0.046533,0.046533,2.6661,2.6661,1,1,0.005720,0.00003272
1771742656.676379,28.360000,0.010000,0.006021,0.000010,0.060651,3.4751,0.437865,-0.123458,-1.427859,0.032270,0.032270,1.8489,1.8489,1,1,0.006021,0.00003625
1771742656.686379,28.370000,0.010000,0.006319,0.000009,0.058236,3.3367,0.382099,-0.137465,-1.400698,0.034414,0.034414,1.9718,1.9718,1,1,0.006319,0.00003993
1771742656.696379,28.380000,0.010000,0.006613,0.000008,0.055508,3.1804,0.349840,-0.151407,-1.394230,0.052524,0.052524,3.0094,3.0094,1,1,0.006613,0.00004373
1771742656.706379,28.390000,0.010000,0.006904,0.000008,0.052506,3.0084,0.308023,-0.163672,-1.226455,0.075581,0.075581,4.3305,4.3305,1,1,0.006904,0.00004767
1771742656.716379,28.400000,0.010000,0.007193,0.000006,0.049340,2.8270,0.300536,-0.172820,-0.914766,0.076546,0.076546,4.3857,4.3857,1,1,0.007193,0.00005174
1771742656.726379,28.410000,0.010000,0.007480,0.000006,0.046078,2.6401,0.281612,-0.178863,-0.604350,0.074680,0.074680,4.2788,4.2788,1,1,0.007480,0.00005594
1771742656.736379,28.420000,0.010000,0.007755,-0.002155,0.042922,2.4592,0.320518,-0.180661,-0.179741,0.074422,0.074422,4.2641,4.2641,1,1,0.007755,0.00006015
1771742656.746379,28.430000,0.010000,0.008025,-0.001471,0.039788,2.2797,0.292668,-0.178743,0.191793,0.058791,0.058791,3.3685,3.3685,1,1,0.008025,0.00006441
1771742656.756379,28.440000,0.010000,0.008258,-0.010505,0.037174,2.1299,0.438334,-0.173574,0.516885,0.045705,0.045705,2.6187,2.6187,1,1,0.008258,0.00006820
1771742656.766379,28.450000,0.010000,0.008495,-0.001882,0.034263,1.9631,0.247110,-0.165560,0.801340,0.012062,0.012062,0.6911,0.6911,1,1,0.008495,0.00007216
1771742656.776379,28.460000,0.010000,0.008664,-0.024279,0.032247,1.8476,0.615627,-0.155058,1.050238,0.027524,0.027524,1.5770,1.5770,1,1,0.008664,0.00007507
1771742656.786379,28.470000,0.010000,0.008848,-0.002111,0.029641,1.6983,0.173507,-0.142378,1.268024,-0.097926,-0.097926,-5.6107,-5.6107,1,1,0.008848,0.00007828
1771742656.796379,28.480000,0.010000,0.009002,-0.026513,0.027186,1.5577,0.567944,-0.127792,1.458587,0.011957,0.011957,0.6851,0.6851,1,1,0.009002,0.00008104
1771742656.806379,28.490000,0.010000,0.009038,-0.034594,0.026487,1.5176,0.667986,-0.111539,1.625330,-0.197576,-0.197576,-11.3203,-11.3203,1,1,0.009038,0.00008168
1771742656.816379,28.500000,0.010000,0.009035,-0.036659,0.026092,1.4950,0.660332,-0.093826,1.771229,-0.270914,-0.270914,-15.5223,-15.5223,1,1,0.009035,0.00008163
1771742656.826379,28.510000,0.010000,0.008959,-0.052030,0.026603,1.5242,0.885306,-0.075533,1.829375,-0.276944,-0.276944,-15.8677,-15.8677,1,1,0.008959,0.00008026
1771742656.836379,28.520000,0.010000,0.008882,-0.039417,0.026755,1.5329,0.618913,-0.056643,1.888923,-0.230767,-0.230767,-13.2220,-13.2220,1,1,0.008882,0.00007889
1771742656.846379,28.530000,0.010000,0.008779,-0.055428,0.027011,1.5476,0.857795,-0.039995,1.664863,-0.182333,-0.182333,-10.4469,-10.4469,1,1,0.008779,0.00007707
1771742656.856379,28.540000,0.010000,0.008574,-0.066582,0.028695,1.6441,1.010523,-0.025660,1.433434,-0.154419,-0.154419,-8.8476,-8.8476,1,1,0.008574,0.00007351
1771742656.866379,28.550000,0.010000,0.008365,-0.058215,0.030109,1.7251,0.823376,-0.013150,1.251027,-0.066069,-0.066069,-3.7855,-3.7855,1,1,0.008365,0.00006997
1771742656.876379,28.560000,0.010000,0.008135,-0.069510,0.031576,1.8092,0.987137,-0.004157,0.899270,-0.126449,-0.126449,-7.2450,-7.2450,1,1,0.008135,0.00006618
1771742656.886379,28.570000,0.010000,0.007851,-0.073487,0.033733,1.9328,1.024808,0.002075,0.623282,-0.100210,-0.100210,-5.7416,-5.7416,1,1,0.007851,0.00006164
1771742656.896379,28.580000,0.010000,0.007565,-0.070429,0.035674,2.0440,0.943678,0.004038,0.196306,-0.126448,-0.126448,-7.2449,-7.2449,1,1,0.007565,0.00005723
1771742656.906379,28.590000,0.010000,0.007258,-0.078125,0.037810,2.1664,1.058133,0.006974,0.293574,-0.165327,-0.165327,-9.4726,-9.4726,1,1,0.007258,0.00005268
1771742656.916379,28.600000,0.010000,0.006972,-0.068558,0.039581,2.2678,0.893108,0.006052,-0.092188,-0.163452,-0.163452,-9.3651,-9.3651,1,1,0.006972,0.00004861
1771742656.926379,28.610000,0.010000,0.006681,-0.076291,0.041364,2.3700,1.019682,0.006790,0.073803,-0.124976,-0.124976,-7.1606,-7.1606,1,1,0.006681,0.00004463
1771742656.936379,28.620000,0.010000,0.006392,-0.069639,0.043040,2.4660,0.895679,0.003945,-0.284488,-0.180763,-0.180763,-10.3569,-10.3569,1,1,0.006392,0.00004085
1771742656.946379,28.630000,0.010000,0.006098,-0.076386,0.044789,2.5662,1.015079,-0.002034,-0.597993,-0.095793,-0.095793,-5.4886,-5.4886,1,1,0.006098,0.00003718
1771742656.956379,28.640000,0.010000,0.005854,-0.059102,0.045665,2.6164,0.713273,-0.010758,-0.872310,-0.080935,-0.080935,-4.6372,-4.6372,1,1,0.005854,0.00003428
1771742656.966379,28.650000,0.010000,0.005632,-0.068500,0.046252,2.6500,0.889467,-0.021881,-1.112337,0.081377,0.081377,4.6626,4.6626,1,1,0.005632,0.00003172
1771742656.976379,28.660000,0.010000,0.005426,-0.057331,0.046642,2.6724,0.703201,-0.035105,-1.322361,0.053776,0.053776,3.0811,3.0811,1,1,0.005426,0.00002944
1771742656.986379,28.670000,0.010000,0.005221,-0.066265,0.047122,2.6999,0.876600,-0.050019,-1.491431,0.108054,0.108054,6.1910,6.1910,1,1,0.005221,0.00002726
1771742656.996379,28.680000,0.010000,0.005091,-0.041611,0.046415,2.6594,0.456015,-0.059578,-0.955937,0.037436,0.037436,2.1449,2.1449,1,1,0.005091,0.00002592
1771742657.006379,28.690000,0.010000,0.004990,-0.054808,0.045343,2.5980,0.708953,-0.067937,-0.835885,0.115104,0.115104,6.5950,6.5950,1,1,0.004990,0.00002490
1771742657.016379,28.700000,0.010000,0.004852,-0.053548,0.045092,2.5836,0.703547,-0.071971,-0.403413,0.054337,0.054337,3.1133,3.1133,1,1,0.004852,0.00002354
1771742657.026379,28.710000,0.010000,0.004736,-0.049277,0.044572,2.5538,0.645582,-0.078781,-0.680962,0.023709,0.023709,1.3584,1.3584,1,1,0.004736,0.00002243
1771742657.036379,28.720000,0.010000,0.004634,-0.049744,0.043962,2.5188,0.672255,-0.088230,-0.944908,0.043179,0.043179,2.4740,2.4740,1,1,0.004634,0.00002148
1771742657.046379,28.730000,0.010000,0.004573,-0.040125,0.042797,2.4521,0.519670,-0.097633,-0.940273,0.020265,0.020265,1.1611,1.1611,1,1,0.004573,0.00002091
1771742657.056379,28.740000,0.010000,0.004497,-0.051412,0.042025,2.4079,0.737929,-0.102369,-0.473673,0.046776,0.046776,2.6801,2.6801,1,1,0.004497,0.00002022
1771742657.066379,28.750000,0.010000,0.004499,-0.024018,0.040014,2.2926,0.267565,-0.110005,-0.763530,0.002755,0.002755,0.1578,0.1578,1,1,0.004499,0.00002024
1771742657.076379,28.760000,0.010000,0.004527,-0.040121,0.037677,2.1587,0.568981,-0.113195,-0.319023,0.105639,0.105639,6.0527,6.0527,1,1,0.004527,0.00002049
1771742657.086379,28.770000,0.010000,0.004483,-0.044273,0.036702,2.1029,0.653196,-0.112496,0.069921,0.028029,0.028029,1.6060,1.6060,1,1,0.004483,0.00002010
1771742657.096379,28.780000,0.010000,0.004457,-0.037036,0.035503,2.0342,0.533615,-0.108393,0.410247,0.010141,0.010141,0.5810,0.5810,1,1,0.004457,0.00001986
1771742657.106379,28.790000,0.010000,0.004409,-0.048049,0.034752,1.9912,0.737337,-0.101313,0.708032,-0.021722,-0.021722,-1.2446,-1.2446,1,1,0.004409,0.00001944
1771742657.116379,28.800000,0.010000,0.004365,-0.038265,0.033976,1.9467,0.569896,-0.091627,0.968594,-0.152556,-0.152556,-8.7408,-8.7408,1,1,0.004365,0.00001906
1771742657.126379,28.810000,0.010000,0.004312,-0.048478,0.033425,1.9151,0.757857,-0.079661,1.196585,-0.174001,-0.174001,-9.9695,-9.9695,1,1,0.004312,0.00001860
1771742657.136379,28.820000,0.010000,0.004208,-0.052628,0.033825,1.9380,0.836955,-0.065700,1.396078,-0.246984,-0.246984,-14.1511,-14.1511,1,1,0.004208,0.00001771
1771742657.146379,28.830000,0.010000,0.004094,-0.051984,0.034469,1.9749,0.832065,-0.050696,1.500468,-0.240001,-0.240001,-13.7510,-13.7510,1,1,0.004094,0.00001676
1771742657.156379,28.840000,0.010000,0.003962,-0.056682,0.035479,2.0328,0.924254,-0.041057,0.963844,-0.206268,-0.206268,-11.8183,-11.8183,1,1,0.003962,0.00001570
1771742657.166379,28.850000,0.010000,0.003833,-0.052313,0.036515,2.0922,0.857469,-0.030528,1.052950,-0.232099,-0.232099,-13.2983,-13.2983,1,1,0.003833,0.00001470
1771742657.176379,28.860000,0.010000,0.003705,-0.056107,0.037667,2.1582,0.938989,-0.024179,0.634908,-0.212841,-0.212841,-12.1949,-12.1949,1,1,0.003705,0.00001373
1771742657.186379,28.870000,0.010000,0.003560,-0.057324,0.039245,2.2486,0.977231,-0.015309,0.886932,-0.238621,-0.238621,-13.6720,-13.6720,1,1,0.003560,0.00001267
1771742657.196379,28.880000,0.010000,0.003428,-0.053305,0.040735,2.3340,0.925777,-0.011039,0.427000,-0.209049,-0.209049,-11.9776,-11.9776,1,1,0.003428,0.00001175
1771742657.206379,28.890000,0.010000,0.003305,-0.055067,0.042283,2.4226,0.980981,-0.003812,0.722691,-0.248158,-0.248158,-14.2184,-14.2184,1,1,0.003305,0.00001092
1771742657.216379,28.900000,0.010000,0.003175,-0.055392,0.044147,2.5294,1.013866,0.000168,0.398022,-0.226128,-0.226128,-12.9562,-12.9562,1,1,0.003175,0.00001008
1771742657.226379,28.910000,0.010000,0.003072,-0.049307,0.045798,2.6240,0.936316,0.001414,0.124666,-0.253238,-0.253238,-14.5095,-14.5095,1,1,0.003072,0.00000944
1771742657.236379,28.920000,0.010000,0.002987,-0.050220,0.047403,2.7160,0.987283,-0.000985,-0.239983,-0.249784,-0.249784,-14.3116,-14.3116,1,1,0.002987,0.00000892
1771742657.246379,28.930000,0.010000,0.002938,-0.041427,0.048679,2.7891,0.868060,-0.006576,-0.559051,-0.216108,-0.216108,-12.3821,-12.3821,1,1,0.002938,0.00000863
1771742657.256379,28.940000,0.010000,0.002912,-0.043391,0.049872,2.8574,0.943520,-0.014958,-0.838236,-0.138473,-0.138473,-7.9339,-7.9339,1,1,0.002912,0.00000848
1771742657.266379,28.950000,0.010000,0.002944,-0.028288,0.050369,2.8859,0.716145,-0.025783,-1.082522,-0.122859,-0.122859,-7.0393,-7.0393,1,1,0.002944,0.00000867
1771742657.276379,28.960000,0.010000,0.003009,-0.033160,0.050649,2.9020,0.846332,-0.038746,-1.296273,-0.016989,-0.016989,-0.9734,-0.9734,1,1,0.003009,0.00000906
1771742657.286379,28.970000,0.010000,0.003127,-0.016873,0.050337,2.8841,0.598482,-0.053579,-1.483304,-0.019077,-0.019077,-1.0930,-1.0930,1,1,0.003127,0.00000978
1771742657.296379,28.980000,0.010000,0.003271,-0.024299,0.049923,2.8604,0.772779,-0.070049,-1.646957,-0.013530,-0.013530,-0.7752,-0.7752,1,1,0.003271,0.00001070
1771742657.306379,28.990000,0.010000,0.003476,-0.003746,0.048525,2.7803,0.395311,-0.087898,-1.784906,0.077303,0.077303,4.4291,4.4291,1,1,0.003476,0.00001209
1771742657.316379,29.000000,0.010000,0.003700,-0.015676,0.046904,2.6874,0.644380,-0.106738,-1.884035,0.077150,0.077150,4.4204,4.4204,1,1,0.003700,0.00001369
1771742657.326379,29.010000,0.010000,0.003950,-0.000120,0.044864,2.5705,0.340855,-0.119733,-1.299465,0.079385,0.079385,4.5485,4.5485,1,1,0.003950,0.00001560
1771742657.336379,29.020000,0.010000,0.004192,-0.013894,0.042942,2.4604,0.613103,-0.134594,-1.486098,0.088349,0.088349,5.0620,5.0620,1,1,0.004192,0.00001757
1771742657.346379,29.030000,0.010000,0.004446,0.000004,0.040288,2.3083,0.215226,-0.146036,-1.144174,0.063865,0.063865,3.6592,3.6592,1,1,0.004446,0.00001976
1771742657.356379,29.040000,0.010000,0.004668,-0.017037,0.037629,2.1560,0.534569,-0.159436,-1.340030,0.098842,0.098842,5.6632,5.6632,1,1,0.004668,0.00002179
1771742657.366379,29.050000,0.010000,0.004903,0.000003,0.034351,1.9682,0.126539,-0.170729,-1.129356,0.062355,0.062355,3.5727,3.5727,1,1,0.004903,0.00002404
1771742657.376379,29.060000,0.010000,0.005109,-0.019559,0.031166,1.7857,0.477981,-0.177121,-0.639121,0.090284,0.090284,5.1729,5.1729,1,1,0.005109,0.00002610
1771742657.386379,29.070000,0.010000,0.005322,-0.001740,0.027836,1.5949,0.158064,-0.179222,-0.210165,0.067541,0.067541,3.8698,3.8698,1,1,0.005322,0.00002832
1771742657.396379,29.080000,0.010000,0.005512,-0.021457,0.024848,1.4237,0.498677,-0.177571,0.165172,0.084453,0.084453,4.8388,4.8388,1,1,0.005512,0.00003038
1771742657.406379,29.090000,0.010000,0.005687,-0.008632,0.021998,1.2604,0.255341,-0.172635,0.493591,0.099895,0.099895,5.7236,5.7236,1,1,0.005687,0.00003235
1771742657.416379,29.100000,0.010000,0.005828,-0.027140,0.019608,1.1234,0.562142,-0.164825,0.780958,0.084297,0.084297,4.8299,4.8299,1,1,0.005828,0.00003396
1771742657.426379,29.110000,0.010000,0.005940,-0.018342,0.017493,1.0023,0.379437,-0.154501,1.032404,0.104516,0.104516,5.9883,5.9883,1,1,0.005940,0.00003529
1771742657.436379,29.120000,0.010000,0.006012,-0.034933,0.015860,0.9087,0.642702,-0.141977,1.252419,0.023733,0.023733,1.3598,1.3598,1,1,0.006012,0.00003615
1771742657.446379,29.130000,0.010000,0.006038,-0.031969,0.014746,0.8449,0.555535,-0.127528,1.444933,-0.024784,-0.024784,-1.4200,-1.4200,1,1,0.006038,0.00003646
1771742657.456379,29.140000,0.010000,0.006017,-0.045358,0.014176,0.8122,0.756185,-0.111394,1.613382,-0.072810,-0.072810,-4.1717,-4.1717,1,1,0.006017,0.00003620
1771742657.466379,29.150000,0.010000,0.005949,-0.045287,0.014108,0.8083,0.716878,-0.093786,1.760775,-0.125216,-0.125216,-7.1744,-7.1744,1,1,0.005949,0.00003539
1771742657.476379,29.160000,0.010000,0.005837,-0.055440,0.014505,0.8311,0.859188,-0.074889,1.889744,-0.162325,-0.162325,-9.3006,-9.3006,1,1,0.005837,0.00003408
1771742657.486379,29.170000,0.010000,0.005664,-0.061738,0.015683,0.8986,0.934032,-0.054863,2.002592,-0.054321,-0.054321,-3.1124,-3.1124,1,1,0.005664,0.00003208
1771742657.496379,29.180000,0.010000,0.005462,-0.063198,0.017078,0.9785,0.926100,-0.040210,1.465225,0.031586,0.031586,1.8098,1.8098,1,1,0.005462,0.00002984
1771742657.506379,29.190000,0.010000,0.005232,-0.068533,0.018711,1.0720,0.990741,-0.023899,1.631137,-0.002603,-0.002603,-0.1491,-0.1491,1,1,0.005232,0.00002738
1771742657.516379,29.200000,0.010000,0.004969,-0.072221,0.020717,1.1870,1.030311,-0.012469,1.143002,0.112644,0.112644,6.4540,6.4540,1,1,0.004969,0.00002469
1771742657.526379,29.210000,0.010000,0.004682,-0.074722,0.022947,1.3148,1.053978,-0.000354,1.211525,0.059793,0.059793,3.4259,3.4259,1,1,0.004682,0.00002192
1771742657.536379,29.220000,0.010000,0.004380,-0.076302,0.025304,1.4498,1.067018,0.012177,1.253114,0.129284,0.129284,7.4074,7.4074,1,1,0.004380,0.00001919
1771742657.546379,29.230000,0.010000,0.004070,-0.077137,0.027721,1.5883,1.072935,0.021192,0.901492,0.184396,0.184396,10.5651,10.5651,1,1,0.004070,0.00001657
1771742657.556379,29.240000,0.010000,0.003758,-0.077344,0.030152,1.7276,1.074058,0.031608,1.041551,0.118514,0.118514,6.7904,6.7904,1,1,0.003758,0.00001412
1771742657.566379,29.250000,0.010000,0.003447,-0.077003,0.032570,1.8661,1.071943,0.037231,0.562291,0.186678,0.186678,10.6959,10.6959,1,1,0.003447,0.00001188
1771742657.576379,29.260000,0.010000,0.003142,-0.076171,0.034953,2.0027,1.067676,0.038660,0.142939,0.056430,0.056430,3.2332,3.2332,1,1,0.003142,0.00000987
1771742657.586379,29.270000,0.010000,0.002847,-0.074898,0.037289,2.1365,1.062055,0.036420,-0.223994,-0.059847,-0.059847,-3.4290,-3.4290,1,1,0.002847,0.00000811
1771742657.596379,29.280000,0.010000,0.002566,-0.073225,0.039571,2.2672,1.055672,0.030970,-0.545061,-0.092904,-0.092904,-5.3230,-5.3230,1,1,0.002566,0.00000658
1771742657.606379,29.290000,0.010000,0.002301,-0.071191,0.041795,2.3947,1.048968,0.022710,-0.825994,-0.092966,-0.092966,-5.3266,-5.3266,1,1,0.002301,0.00000529
1771742657.616379,29.300000,0.010000,0.002055,-0.068608,0.043946,2.5179,1.038362,0.013081,-0.962888,-0.070050,-0.070050,-4.0136,-4.0136,1,1,0.002055,0.00000422
1771742657.626379,29.310000,0.010000,0.001844,-0.063272,0.045829,2.6258,0.984080,0.008146,-0.493461,-0.055058,-0.055058,-3.1546,-3.1546,1,1,0.001844,0.00000340
1771742657.636379,29.320000,0.010000,0.001661,-0.061388,0.047577,2.7259,0.996540,0.006803,-0.134361,-0.114732,-0.114732,-6.5736,-6.5736,1,1,0.001661,0.00000276
1771742657.646379,29.330000,0.010000,0.001497,-0.058915,0.049387,2.8296,1.002861,0.009118,0.231500,-0.195554,-0.195554,-11.2044,-11.2044,1,1,0.001497,0.00000224
1771742657.656379,29.340000,0.010000,0.001357,-0.056030,0.051228,2.9352,1.006092,0.014634,0.551628,-0.239180,-0.239180,-13.7040,-13.7040,1,1,0.001357,0.00000184
1771742657.666379,29.350000,0.010000,0.001243,-0.052827,0.053086,3.0416,1.007748,0.022951,0.831741,-0.249814,-0.249814,-14.3133,-14.3133,1,1,0.001243,0.00000154
1771742657.676379,29.360000,0.010000,0.001157,-0.049374,0.054953,3.1486,1.008851,0.033720,1.076839,-0.243600,-0.243600,-13.9573,-13.9573,1,1,0.001157,0.00000134
1771742657.686379,29.370000,0.010000,0.001101,-0.045726,0.056829,3.2561,1.010104,0.044319,1.059933,-0.245393,-0.245393,-14.0600,-14.0600,1,1,0.001101,0.00000121
1771742657.696379,29.380000,0.010000,0.001077,-0.041926,0.058720,3.3644,1.011998,0.057084,1.276508,-0.279820,-0.279820,-16.0325,-16.0325,1,1,0.001077,0.00000116
1771742657.706379,29.390000,0.010000,0.001085,-0.038008,0.060632,3.4740,1.014883,0.064763,0.767878,-0.308957,-0.308957,-17.7019,-17.7019,1,1,0.001085,0.00000118
1771742657.716379,29.400000,0.010000,0.001126,-0.034002,0.062576,3.5853,1.019015,0.067991,0.322828,-0.346871,-0.346871,-19.8743,-19.8743,1,1,0.001126,0.00000127
1771742657.726379,29.410000,0.010000,0.001201,-0.029935,0.064563,3.6992,1.024582,0.067325,-0.066592,-0.353126,-0.353126,-20.2326,-20.2326,1,1,0.001201,0.00000144
1771742657.736379,29.420000,0.010000,0.001311,-0.025829,0.066606,3.8163,1.031728,0.063252,-0.407334,-0.326466,-0.326466,-18.7051,-18.7051,1,1,0.001311,0.00000172
1771742657.746379,29.430000,0.010000,0.001454,-0.021704,0.068720,3.9373,1.040563,0.056197,-0.705483,-0.300776,-0.300776,-17.2332,-17.2332,1,1,0.001454,0.00000211
1771742657.756379,29.440000,0.010000,0.001632,-0.017577,0.070918,4.0633,1.051174,0.046533,-0.966363,-0.278016,-0.278016,-15.9291,-15.9291,1,1,0.001632,0.00000266
1771742657.766379,29.450000,0.010000,0.001865,-0.008632,0.072744,4.1679,0.949992,0.034587,-1.194634,-0.264770,-0.264770,-15.1702,-15.1702,1,1,0.001865,0.00000348
1771742657.776379,29.460000,0.010000,0.002135,-0.007249,0.074383,4.2618,0.982971,0.020643,-1.394370,-0.248442,-0.248442,-14.2347,-14.2347,1,1,0.002135,0.00000456
1771742657.786379,29.470000,0.010000,0.002442,0.000013,0.075291,4.3138,0.776935,0.004952,-1.569140,-0.229597,-0.229597,-13.1549,-13.1549,1,1,0.002442,0.00000596
1771742657.796379,29.480000,0.010000,0.002758,-0.002339,0.076051,4.3574,0.904110,-0.012269,-1.722063,-0.160117,-0.160117,-9.1740,-9.1740,1,1,0.002758,0.00000761
1771742657.806379,29.490000,0.010000,0.003115,0.008486,0.075811,4.3437,0.557206,-0.030827,-1.855871,-0.117296,-0.117296,-6.7206,-6.7206,1,1,0.003115,0.00000970
1771742657.816379,29.500000,0.010000,0.003462,-0.000802,0.075357,4.3176,0.782213,-0.050557,-1.972953,-0.106187,-0.106187,-6.0840,-6.0840,1,1,0.003462,0.00001198
1771742657.826379,29.510000,0.010000,0.003841,0.014342,0.073892,4.2337,0.354169,-0.071311,-2.075400,0.018375,0.018375,1.0528,1.0528,1,1,0.003841,0.00001476
1771742657.836379,29.520000,0.010000,0.004200,-0.000888,0.072296,4.1423,0.665042,-0.092961,-2.165041,-0.030746,-0.030746,-1.7616,-1.7616,1,1,0.004200,0.00001764
1771742657.846379,29.530000,0.010000,0.004595,0.019900,0.069523,3.9834,0.127734,-0.115396,-2.243476,0.055914,0.055914,3.2036,3.2036,1,1,0.004595,0.00002111
1771742657.856379,29.540000,0.010000,0.004962,-0.001359,0.066617,3.8169,0.527651,-0.138517,-2.312108,0.110345,0.110345,6.3223,6.3223,1,1,0.004962,0.00002462
1771742657.866379,29.550000,0.010000,0.005351,0.021298,0.062647,3.5894,-0.054270,-0.162011,-2.349357,0.103827,0.103827,5.9488,5.9488,1,1,0.005351,0.00002863
1771742657.876379,29.560000,0.010000,0.005704,-0.003306,0.058664,3.3612,0.407818,-0.179356,-1.734565,0.113521,0.113521,6.5043,6.5043,1,1,0.005704,0.00003254
1771742657.886379,29.570000,0.010000,0.006040,0.012426,0.054282,3.1101,-0.060681,-0.191689,-1.233241,0.053446,0.053446,3.0622,3.0622,1,1,0.006040,0.00003648
1771742657.896379,29.580000,0.010000,0.006316,-0.012090,0.050256,2.8795,0.398785,-0.200824,-0.913512,0.089968,0.089968,5.1548,5.1548,1,1,0.006316,0.00003989
1771742657.906379,29.590000,0.010000,0.006585,0.006059,0.045576,2.6113,-0.127748,-0.206776,-0.595224,0.041511,0.041511,2.3784,2.3784,1,1,0.006585,0.00004337
1771742657.916379,29.600000,0.010000,0.006792,-0.020913,0.041178,2.3593,0.357894,-0.209629,-0.285260,0.057143,0.057143,3.2741,3.2741,1,1,0.006792,0.00004614
1771742657.926379,29.610000,0.010000,0.006996,0.000002,0.036644,2.0996,-0.060353,-0.208634,0.099463,0.057933,0.057933,3.3193,3.3193,1,1,0.006996,0.00004894
1771742657.936379,29.620000,0.010000,0.007157,-0.026285,0.032613,1.8686,0.395655,-0.204273,0.436096,0.039156,0.039156,2.2435,2.2435,1,1,0.007157,0.00005122
1771742657.946379,29.630000,0.010000,0.007303,-0.008351,0.028716,1.6453,0.061991,-0.196967,0.730650,0.069891,0.069891,4.0045,4.0045,1,1,0.007303,0.00005333
1771742657.956379,29.640000,0.010000,0.007407,-0.032733,0.025385,1.4545,0.469065,-0.187083,0.988385,0.063099,0.063099,3.6153,3.6153,1,1,0.007407,0.00005486
1771742657.966379,29.650000,0.010000,0.007474,-0.021137,0.022449,1.2862,0.233886,-0.174944,1.213902,0.058563,0.058563,3.3554,3.3554,1,1,0.007474,0.00005587
1771742657.976379,29.660000,0.010000,0.007491,-0.042614,0.020147,1.1543,0.577788,-0.160831,1.411230,0.056124,0.056124,3.2157,3.2157,1,1,0.007491,0.00005611
1771742657.986379,29.670000,0.010000,0.007463,-0.035238,0.018281,1.0474,0.407462,-0.144993,1.583893,-0.016089,-0.016089,-0.9218,-0.9218,1,1,0.007463,0.00005569
1771742657.996379,29.680000,0.010000,0.007382,-0.053471,0.017010,0.9746,0.686897,-0.127643,1.734972,0.003575,0.003575,0.2048,0.2048,1,1,0.007382,0.00005450
1771742658.006379,29.690000,0.010000,0.007243,-0.052401,0.016393,0.9393,0.622904,-0.108971,1.867166,-0.078999,-0.078999,-4.5263,-4.5263,1,1,0.007243,0.00005246
1771742658.016379,29.700000,0.010000,0.007047,-0.066196,0.016393,0.9392,0.821706,-0.089143,1.982836,-0.146759,-0.146759,-8.4087,-8.4087,1,1,0.007047,0.00004967
1771742658.026379,29.710000,0.010000,0.006798,-0.067821,0.016980,0.9729,0.806042,-0.068302,2.084048,-0.080336,-0.080336,-4.6029,-4.6029,1,1,0.006798,0.00004621
1771742658.036379,29.720000,0.010000,0.006501,-0.077442,0.018046,1.0339,0.934652,-0.053558,1.474476,-0.047065,-0.047065,-2.6966,-2.6966,1,1,0.006501,0.00004226
1771742658.046379,29.730000,0.010000,0.006180,-0.076919,0.019369,1.1097,0.907443,-0.039720,1.383762,-0.027910,-0.027910,-1.5991,-1.5991,1,1,0.006180,0.00003819
1771742658.056379,29.740000,0.010000,0.005836,-0.082462,0.020935,1.1995,0.986818,-0.027513,1.220663,-0.008410,-0.008410,-0.4818,-0.4818,1,1,0.005836,0.00003406
1771742658.066379,29.750000,0.010000,0.005495,-0.081862,0.022742,1.3030,1.011926,-0.019180,0.833365,0.038028,0.038028,2.1788,2.1788,1,1,0.005495,0.00003020
1771742658.076379,29.760000,0.010000,0.005156,-0.081347,0.024730,1.4169,1.030614,-0.008397,1.078260,-0.023366,-0.023366,-1.3388,-1.3388,1,1,0.005156,0.00002659
1771742658.086379,29.770000,0.010000,0.004819,-0.080896,0.026854,1.5386,1.044502,0.000540,0.893701,0.068103,0.068103,3.9020,3.9020,1,1,0.004819,0.00002323
1771742658.096379,29.780000,0.010000,0.004484,-0.080492,0.029080,1.6662,1.054805,0.007793,0.725283,0.038970,0.038970,2.2328,2.2328,1,1,0.004484,0.00002010
1771742658.106379,29.790000,0.010000,0.004150,-0.080122,0.031384,1.7982,1.062432,0.013834,0.604139,0.006290,0.006290,0.3604,0.3604,1,1,0.004150,0.00001722
1771742658.116379,29.800000,0.010000,0.003817,-0.079777,0.033746,1.9335,1.068064,0.015630,0.179556,-0.009083,-0.009083,-0.5204,-0.5204,1,1,0.003817,0.00001457
1771742658.126379,29.810000,0.010000,0.003487,-0.079350,0.036148,2.0711,1.071684,0.014123,-0.150689,-0.090195,-0.090195,-5.1678,-5.1678,1,1,0.003487,0.00001216
1771742658.136379,29.820000,0.010000,0.003182,-0.073831,0.038211,2.1893,0.988086,0.009314,-0.480919,-0.098728,-0.098728,-5.6567,-5.6567,1,1,0.003182,0.00001013
1771742658.146379,29.830000,0.010000,0.002897,-0.074109,0.040094,2.2972,1.014792,0.001615,-0.769870,-0.037004,-0.037004,-2.1202,-2.1202,1,1,0.002897,0.00000839
1771742658.156379,29.840000,0.010000,0.002652,-0.064741,0.041471,2.3761,0.874659,-0.008612,-1.022702,-0.023475,-0.023475,-1.3450,-1.3450,1,1,0.002652,0.00000703
1771742658.166379,29.850000,0.010000,0.002434,-0.066312,0.042620,2.4420,0.934781,-0.014070,-0.545798,0.072790,0.072790,4.1706,4.1706,1,1,0.002434,0.00000592
1771742658.176379,29.860000,0.010000,0.002219,-0.064886,0.044005,2.5213,0.944981,-0.015800,-0.172994,-0.020749,-0.020749,-1.1888,-1.1888,1,1,0.002219,0.00000493
1771742658.186379,29.870000,0.010000,0.002027,-0.061341,0.045319,2.5966,0.921397,-0.014876,0.092381,-0.106661,-0.106661,-6.1112,-6.1112,1,1,0.002027,0.00000411
1771742658.196379,29.880000,0.010000,0.001850,-0.060947,0.046702,2.6758,0.958088,-0.010577,0.429899,-0.188211,-0.188211,-10.7837,-10.7837,1,1,0.001850,0.00000342
1771742658.206379,29.890000,0.010000,0.001697,-0.056181,0.048043,2.7527,0.920182,-0.010306,0.027096,-0.244673,-0.244673,-14.0187,-14.0187,1,1,0.001697,0.00000288
1771742658.216379,29.900000,0.010000,0.001567,-0.055250,0.049399,2.8303,0.954554,-0.006579,0.372775,-0.213348,-0.213348,-12.2239,-12.2239,1,1,0.001567,0.00000246
1771742658.226379,29.910000,0.010000,0.001451,-0.053396,0.050953,2.9194,0.975654,-0.000885,0.569356,-0.266621,-0.266621,-15.2763,-15.2763,1,1,0.001451,0.00000211
1771742658.236379,29.920000,0.010000,0.001361,-0.049394,0.052519,3.0091,0.961712,0.000606,0.149121,-0.271720,-0.271720,-15.5684,-15.5684,1,1,0.001361,0.00000185
1771742658.246379,29.930000,0.010000,0.001301,-0.045892,0.054031,3.0958,0.959977,-0.000605,-0.121111,-0.278178,-0.278178,-15.9384,-15.9384,1,1,0.001301,0.00000169
1771742658.256379,29.940000,0.010000,0.001286,-0.038718,0.055269,3.1667,0.895231,-0.005155,-0.455038,-0.258610,-0.258610,-14.8172,-14.8172,1,1,0.001286,0.00000165
1771742658.266379,29.950000,0.010000,0.001305,-0.037247,0.056457,3.2347,0.934859,-0.012627,-0.747224,-0.217713,-0.217713,-12.4740,-12.4740,1,1,0.001305,0.00000170
1771742658.276379,29.960000,0.010000,0.001378,-0.026025,0.057223,3.2786,0.801205,-0.015675,-0.304755,-0.191429,-0.191429,-10.9681,-10.9681,1,1,0.001378,0.00000190
1771742658.286379,29.970000,0.010000,0.001489,-0.026700,0.057881,3.3163,0.881487,-0.016650,-0.097497,-0.263388,-0.263388,-15.0910,-15.0910,1,1,0.001489,0.00000222
1771742658.296379,29.980000,0.010000,0.001609,-0.024724,0.058950,3.3776,0.914152,-0.014012,0.263756,-0.304006,-0.304006,-17.4183,-17.4183,1,1,0.001609,0.00000259
1771742658.306379,29.990000,0.010000,0.001776,-0.015645,0.059743,3.4230,0.820043,-0.014855,-0.084210,-0.344408,-0.344408,-19.7331,-19.7331,1,1,0.001776,0.00000315
