time,time_rel,dt,x,xdot,theta,theta_deg,thdot,theta_cmd,theta_cmd_dot,action_raw,action_used,setpoint_desired,setpoint_sent,armed,rl_enabled,error,error_sq
# Experiment: B (Step Response)
# Trial: 3
# Controller: RL (Simulation)
# Start time: 2026-02-22 13:43:57
# Notes: Ball starts at +10.0cm
1771742637.387036,0.000000,0.010000,0.098219,-0.116040,0.076440,4.3797,3.346090,0.019971,1.997106,-0.427871,-0.427871,-24.5152,-24.5152,1,1,0.098219,0.00964699
1771742637.397036,0.010000,0.010000,0.097900,-0.012461,0.097244,5.5717,2.227928,0.019971,0.000000,-0.417490,-0.417490,-23.9204,-23.9204,1,1,0.097900,0.00958448
1771742637.407036,0.020000,0.010000,0.098007,0.019501,0.110821,6.3496,1.445686,0.019971,0.000000,-0.429833,-0.429833,-24.6276,-24.6276,1,1,0.098007,0.00960545
1771742637.417036,0.030000,0.010000,0.098298,0.039811,0.118761,6.8045,0.797337,0.019971,0.000000,-0.422157,-0.422157,-24.1878,-24.1878,1,1,0.098298,0.00966250
1771742637.427036,0.040000,0.010000,0.098734,0.056250,0.121913,6.9851,0.245874,0.019971,0.000000,-0.428693,-0.428693,-24.5623,-24.5623,1,1,0.098734,0.00974843
1771742637.437036,0.050000,0.010000,0.099270,0.065289,0.121467,6.9596,-0.108724,0.019971,0.000000,-0.423465,-0.423465,-24.2628,-24.2628,1,1,0.099270,0.00985449
1771742637.447036,0.060000,0.010000,0.099778,0.059998,0.120789,6.9207,-0.083913,0.019971,0.000000,-0.422368,-0.422368,-24.1999,-24.1999,1,1,0.099778,0.00995567
1771742637.457036,0.070000,0.010000,0.100249,0.055376,0.120123,6.8826,-0.079219,0.019971,0.000000,-0.423094,-0.423094,-24.2415,-24.2415,1,1,0.100249,0.01004987
1771742637.467036,0.080000,0.010000,0.100681,0.050726,0.119484,6.8459,-0.075944,0.019971,0.000000,-0.423159,-0.423159,-24.2452,-24.2452,1,1,0.100681,0.01013676
1771742637.477036,0.090000,0.010000,0.101075,0.046014,0.118870,6.8108,-0.072947,0.019971,0.000000,-0.422938,-0.422938,-24.2325,-24.2325,1,1,0.101075,0.01021610
1771742637.487036,0.100000,0.010000,0.101428,0.041243,0.118280,6.7769,-0.070154,0.019971,0.000000,-0.422583,-0.422583,-24.2122,-24.2122,1,1,0.101428,0.01028772
1771742637.497036,0.110000,0.010000,0.101742,0.036416,0.117711,6.7444,-0.067547,0.019971,0.000000,-0.422215,-0.422215,-24.1911,-24.1911,1,1,0.101742,0.01035142
1771742637.507036,0.120000,0.010000,0.102015,0.031536,0.117164,6.7130,-0.065121,0.019971,0.000000,-0.421836,-0.421836,-24.1694,-24.1694,1,1,0.102015,0.01040704
1771742637.517036,0.130000,0.010000,0.102252,0.027134,0.116502,6.6751,-0.076992,0.015171,-0.479966,-0.421442,-0.421442,-24.1468,-24.1468,1,1,0.102252,0.01045545
1771742637.527036,0.140000,0.010000,0.102455,0.022998,0.115656,6.6266,-0.097770,0.007481,-0.769036,-0.421771,-0.421771,-24.1657,-24.1657,1,1,0.102455,0.01049701
1771742637.537036,0.150000,0.010000,0.102626,0.019061,0.114567,6.5642,-0.125968,-0.002739,-1.021972,-0.421290,-0.421290,-24.1381,-24.1381,1,1,0.102626,0.01053202
1771742637.547036,0.160000,0.010000,0.102765,0.015261,0.113183,6.4849,-0.160413,-0.015172,-1.243291,-0.422951,-0.422951,-24.2333,-24.2333,1,1,0.102765,0.01056068
1771742637.557036,0.170000,0.010000,0.102874,0.011540,0.111461,6.3862,-0.200070,-0.029541,-1.436946,-0.422869,-0.422869,-24.2286,-24.2286,1,1,0.102874,0.01058310
1771742637.567036,0.180000,0.010000,0.102953,0.007841,0.109366,6.2662,-0.244082,-0.045605,-1.606393,-0.419979,-0.419979,-24.0630,-24.0630,1,1,0.102953,0.01059930
1771742637.577036,0.190000,0.010000,0.103001,0.004110,0.106867,6.1230,-0.291676,-0.063152,-1.754660,-0.419922,-0.419922,-24.0598,-24.0598,1,1,0.103001,0.01060922
1771742637.587036,0.200000,0.010000,0.103020,0.000820,0.103936,5.9551,-0.343678,-0.081996,-1.884393,-0.421308,-0.421308,-24.1392,-24.1392,1,1,0.103020,0.01061317
1771742637.597036,0.210000,0.010000,0.103025,0.000261,0.100524,5.7596,-0.403651,-0.101975,-1.997910,-0.421769,-0.421769,-24.1656,-24.1656,1,1,0.103025,0.01061413
1771742637.607036,0.220000,0.010000,0.103028,0.000221,0.096647,5.5375,-0.459485,-0.122947,-2.097237,-0.423046,-0.423046,-24.2388,-24.2388,1,1,0.103028,0.01061474
1771742637.617036,0.230000,0.010000,0.103030,0.000210,0.092297,5.2882,-0.516005,-0.144788,-2.184148,-0.424138,-0.424138,-24.3013,-24.3013,1,1,0.103030,0.01061525
1771742637.627036,0.240000,0.010000,0.103032,0.000193,0.087464,5.0113,-0.573851,-0.167390,-2.260196,-0.424590,-0.424590,-24.3272,-24.3272,1,1,0.103032,0.01061569
1771742637.637036,0.250000,0.010000,0.103034,0.000215,0.082145,4.7065,-0.632037,-0.190658,-2.326737,-0.425436,-0.425436,-24.3757,-24.3757,1,1,0.103034,0.01061609
1771742637.647036,0.260000,0.010000,0.103036,0.000241,0.076335,4.3737,-0.690581,-0.214507,-2.384961,-0.426669,-0.426669,-24.4464,-24.4464,1,1,0.103036,0.01061647
1771742637.657036,0.270000,0.010000,0.103038,0.000270,0.070032,4.0126,-0.749308,-0.238866,-2.435907,-0.429125,-0.429125,-24.5871,-24.5871,1,1,0.103038,0.01061683
1771742637.667036,0.280000,0.010000,0.103040,0.000298,0.063291,3.6263,-0.801901,-0.261669,-2.280296,-0.432729,-0.432729,-24.7935,-24.7935,1,1,0.103040,0.01061717
1771742637.677036,0.290000,0.010000,0.103041,0.000323,0.056190,3.2195,-0.845043,-0.281830,-2.016021,-0.432127,-0.432127,-24.7590,-24.7590,1,1,0.103041,0.01061748
1771742637.687036,0.300000,0.010000,0.103043,0.000343,0.048803,2.7962,-0.879409,-0.299460,-1.762986,-0.430495,-0.430495,-24.6656,-24.6656,1,1,0.103043,0.01061780
1771742637.697036,0.310000,0.010000,0.103044,0.000359,0.041203,2.3608,-0.905064,-0.314524,-1.506489,-0.428676,-0.428676,-24.5613,-24.5613,1,1,0.103044,0.01061813
1771742637.707036,0.320000,0.010000,0.103046,0.000370,0.033444,1.9162,-0.924288,-0.327699,-1.317471,-0.426443,-0.426443,-24.4334,-24.4334,1,1,0.103046,0.01061846
1771742637.717036,0.330000,0.010000,0.103048,0.000378,0.025566,1.4648,-0.938521,-0.339400,-1.170116,-0.423812,-0.423812,-24.2826,-24.2826,1,1,0.103048,0.01061879
1771742637.727036,0.340000,0.010000,0.103049,0.000378,0.017610,1.0090,-0.948155,-0.349696,-1.029604,-0.418979,-0.418979,-24.0057,-24.0057,1,1,0.103049,0.01061912
1771742637.737036,0.350000,0.010000,0.103051,0.000370,0.009605,0.5503,-0.953972,-0.358865,-0.916877,-0.404019,-0.404019,-23.1486,-23.1486,1,1,0.103051,0.01061943
1771742637.747036,0.360000,0.010000,0.103052,0.000360,0.001579,0.0905,-0.956612,-0.367024,-0.815910,-0.358778,-0.358778,-20.5565,-20.5565,1,1,0.103052,0.01061972
1771742637.757036,0.370000,0.010000,0.103053,0.000330,-0.006443,-0.3692,-0.956247,-0.374220,-0.719567,-0.316590,-0.316590,-18.1393,-18.1393,1,1,0.103053,0.01061996
1771742637.767036,0.380000,0.010000,0.103054,0.000311,-0.014441,-0.8274,-0.953428,-0.380622,-0.640203,-0.279950,-0.279950,-16.0400,-16.0400,1,1,0.103054,0.01062017
1771742637.777036,0.390000,0.010000,0.103055,0.000298,-0.022399,-1.2834,-0.948699,-0.386378,-0.575593,-0.263337,-0.263337,-15.0881,-15.0881,1,1,0.103055,0.01062036
1771742637.787036,0.400000,0.010000,0.103056,0.000288,-0.030307,-1.7365,-0.942824,-0.391721,-0.534343,-0.251625,-0.251625,-14.4170,-14.4170,1,1,0.103056,0.01062053
1771742637.797036,0.410000,0.010000,0.103057,0.000307,-0.038165,-2.1867,-0.937295,-0.396847,-0.512598,-0.233934,-0.233934,-13.4034,-13.4034,1,1,0.103057,0.01062072
1771742637.807036,0.420000,0.010000,0.103058,0.000298,-0.045945,-2.6324,-0.928075,-0.401257,-0.440996,-0.212720,-0.212720,-12.1880,-12.1880,1,1,0.103058,0.01062093
1771742637.817036,0.430000,0.010000,0.103059,0.000277,-0.053639,-3.0733,-0.917459,-0.404912,-0.365478,-0.189902,-0.189902,-10.8806,-10.8806,1,1,0.103059,0.01062110
1771742637.827036,0.440000,0.010000,0.103060,0.000273,-0.061231,-3.5083,-0.905816,-0.407883,-0.297055,-0.169556,-0.169556,-9.7148,-9.7148,1,1,0.103060,0.01062126
1771742637.837036,0.450000,0.010000,0.103060,0.000272,-0.068699,-3.9361,-0.891009,-0.410203,-0.232005,-0.146673,-0.146673,-8.4038,-8.4038,1,1,0.103060,0.01062145
1771742637.847036,0.460000,0.010000,0.103061,0.000248,-0.076038,-4.3566,-0.875282,-0.411904,-0.170116,-0.126410,-0.126410,-7.2428,-7.2428,1,1,0.103061,0.01062160
1771742637.857036,0.470000,0.010000,0.103062,0.000212,-0.083229,-4.7687,-0.858049,-0.412788,-0.088444,-0.110629,-0.110629,-6.3386,-6.3386,1,1,0.103062,0.01062171
1771742637.867036,0.480000,0.010000,0.103062,0.000234,-0.090217,-5.1691,-0.834029,-0.411692,0.109612,-0.099718,-0.099718,-5.7134,-5.7134,1,1,0.103062,0.01062186
1771742637.877036,0.490000,0.010000,0.103063,0.000219,-0.096926,-5.5534,-0.800416,-0.407242,0.444976,-0.084444,-0.084444,-4.8383,-4.8383,1,1,0.103063,0.01062197
1771742637.887036,0.500000,0.010000,0.103063,0.000194,-0.103285,-5.9178,-0.759038,-0.399858,0.738420,-0.057281,-0.057281,-3.2820,-3.2820,1,1,0.103063,0.01062206
1771742637.897036,0.510000,0.010000,0.103063,0.000180,-0.109236,-6.2587,-0.711151,-0.389906,0.995183,-0.034734,-0.034734,-1.9901,-1.9901,1,1,0.103063,0.01062190
1771742637.907036,0.520000,0.010000,0.103059,0.000166,-0.114730,-6.5736,-0.658834,-0.377708,1.219851,-0.009389,-0.009389,-0.5380,-0.5380,1,1,0.103059,0.01062119
1771742637.917036,0.530000,0.010000,0.103052,0.000135,-0.119729,-6.8600,-0.603040,-0.363543,1.416436,0.014385,0.014385,0.8242,0.8242,1,1,0.103052,0.01061962
1771742637.927036,0.540000,0.010000,0.103039,0.000109,-0.124200,-7.1161,-0.543526,-0.347659,1.588447,0.052641,0.052641,3.0161,3.0161,1,1,0.103039,0.01061711
1771742637.937036,0.550000,0.010000,0.103022,-0.000207,-0.128125,-7.3410,-0.480785,-0.330792,1.686737,0.069616,0.069616,3.9887,3.9887,1,1,0.103022,0.01061361
1771742637.947036,0.560000,0.010000,0.102998,-0.001047,-0.131497,-7.5342,-0.415840,-0.313180,1.761115,0.075202,0.075202,4.3087,4.3087,1,1,0.102998,0.01060866
1771742637.957036,0.570000,0.010000,0.102965,-0.002157,-0.134323,-7.6962,-0.351374,-0.295227,1.795304,0.086463,0.086463,4.9540,4.9540,1,1,0.102965,0.01060182
1771742637.967036,0.580000,0.010000,0.102920,-0.003541,-0.136600,-7.8266,-0.286563,-0.276658,1.856925,0.073425,0.073425,4.2069,4.2069,1,1,0.102920,0.01059258
1771742637.977036,0.590000,0.010000,0.102863,-0.005076,-0.138336,-7.9260,-0.222424,-0.257877,1.878102,0.068441,0.068441,3.9214,3.9214,1,1,0.102863,0.01058072
1771742637.987036,0.600000,0.010000,0.102793,-0.006577,-0.139556,-7.9960,-0.160781,-0.239471,1.840606,0.099652,0.099652,5.7096,5.7096,1,1,0.102793,0.01056634
1771742637.997036,0.610000,0.010000,0.102712,-0.007873,-0.140300,-8.0386,-0.103301,-0.222002,1.746908,0.182792,0.182792,10.4732,10.4732,1,1,0.102712,0.01054983
1771742638.007036,0.620000,0.010000,0.102622,-0.009042,-0.140585,-8.0549,-0.048301,-0.204807,1.719470,0.222011,0.222011,12.7203,12.7203,1,1,0.102622,0.01053134
1771742638.017036,0.630000,0.010000,0.102521,-0.010359,-0.140384,-8.0434,0.008548,-0.186366,1.844080,0.260310,0.260310,14.9147,14.9147,1,1,0.102521,0.01051045
1771742638.027036,0.640000,0.010000,0.102407,-0.011666,-0.139699,-8.0042,0.065724,-0.167412,1.895410,0.303247,0.303247,17.3748,17.3748,1,1,0.102407,0.01048721
1771742638.037036,0.650000,0.010000,0.102282,-0.012962,-0.138520,-7.9366,0.123841,-0.147659,1.975287,0.308287,0.308287,17.6636,17.6636,1,1,0.102282,0.01046160
1771742638.047036,0.660000,0.010000,0.102146,-0.014143,-0.136847,-7.8408,0.182138,-0.127404,2.025559,0.234046,0.234046,13.4099,13.4099,1,1,0.102146,0.01043381
1771742638.057036,0.670000,0.010000,0.102000,-0.015244,-0.134666,-7.7158,0.241748,-0.106190,2.121430,0.121922,0.121922,6.9856,6.9856,1,1,0.102000,0.01040394
1771742638.067036,0.680000,0.010000,0.101844,-0.016186,-0.131970,-7.5614,0.302234,-0.084214,2.197569,0.041687,0.041687,2.3885,2.3885,1,1,0.101844,0.01037224
1771742638.077036,0.690000,0.010000,0.101687,-0.016373,-0.128834,-7.3817,0.356070,-0.064287,1.992695,0.001458,0.001458,0.0835,0.0835,1,1,0.101687,0.01034027
1771742638.087036,0.700000,0.010000,0.101534,-0.015902,-0.125294,-7.1788,0.405047,-0.045443,1.884379,-0.011394,-0.011394,-0.6528,-0.6528,1,1,0.101534,0.01030907
1771742638.097036,0.710000,0.010000,0.101395,-0.014213,-0.121471,-6.9598,0.441831,-0.030585,1.485850,-0.036677,-0.036677,-2.1014,-2.1014,1,1,0.101395,0.01028097
1771742638.107036,0.720000,0.010000,0.101280,-0.011536,-0.117433,-6.7284,0.469758,-0.018206,1.237826,-0.041469,-0.041469,-2.3760,-2.3760,1,1,0.101280,0.01025754
1771742638.117036,0.730000,0.010000,0.101185,-0.008746,-0.113122,-6.4814,0.501084,-0.003885,1.432163,-0.077060,-0.077060,-4.4152,-4.4152,1,1,0.101185,0.01023849
1771742638.127036,0.740000,0.010000,0.101113,-0.005880,-0.108497,-6.2164,0.536706,0.012137,1.602209,-0.134990,-0.134990,-7.7343,-7.7343,1,1,0.101113,0.01022387
1771742638.137036,0.750000,0.010000,0.101064,-0.002870,-0.103531,-5.9319,0.576023,0.029647,1.750999,-0.187112,-0.187112,-10.7207,-10.7207,1,1,0.101064,0.01021392
1771742638.147036,0.760000,0.010000,0.101039,0.000135,-0.098193,-5.6260,0.619418,0.048459,1.881190,-0.223771,-0.223771,-12.8211,-12.8211,1,1,0.101039,0.01020882
1771742638.157036,0.770000,0.010000,0.101026,0.000183,-0.092428,-5.2957,0.674522,0.068410,1.995107,-0.248726,-0.248726,-14.2510,-14.2510,1,1,0.101026,0.01020620
1771742638.167036,0.780000,0.010000,0.101017,0.000212,-0.086257,-4.9422,0.726151,0.089358,2.094784,-0.256567,-0.256567,-14.7002,-14.7002,1,1,0.101017,0.01020442
1771742638.177036,0.790000,0.010000,0.101015,0.000233,-0.079766,-4.5702,0.769684,0.107444,1.808604,-0.265020,-0.265020,-15.1845,-15.1845,1,1,0.101015,0.01020397
1771742638.187036,0.800000,0.010000,0.101016,0.000226,-0.073114,-4.1891,0.791719,0.119779,1.233463,-0.293631,-0.293631,-16.8238,-16.8238,1,1,0.101016,0.01020414
1771742638.197036,0.810000,0.010000,0.101016,0.000217,-0.066434,-3.8064,0.795760,0.127081,0.730214,-0.364014,-0.364014,-20.8564,-20.8564,1,1,0.101016,0.01020429
1771742638.207036,0.820000,0.010000,0.101017,0.000204,-0.059841,-3.4286,0.786102,0.129980,0.289872,-0.397781,-0.397781,-22.7912,-22.7912,1,1,0.101017,0.01020442
1771742638.217036,0.830000,0.010000,0.101017,0.000188,-0.053431,-3.0614,0.764777,0.129025,-0.095428,-0.412673,-0.412673,-23.6444,-23.6444,1,1,0.101017,0.01020453
1771742638.227036,0.840000,0.010000,0.101018,0.000170,-0.047286,-2.7093,0.733545,0.124700,-0.432565,-0.417029,-0.417029,-23.8940,-23.8940,1,1,0.101018,0.01020463
1771742638.237036,0.850000,0.010000,0.101018,0.000150,-0.041477,-2.3765,0.693941,0.117424,-0.727561,-0.418320,-0.418320,-23.9679,-23.9679,1,1,0.101018,0.01020471
1771742638.247036,0.860000,0.010000,0.101019,0.000129,-0.036062,-2.0662,0.647299,0.107567,-0.985681,-0.418541,-0.418541,-23.9806,-23.9806,1,1,0.101019,0.01020477
1771742638.257036,0.870000,0.010000,0.101019,0.000107,-0.031090,-1.7813,0.594782,0.095452,-1.211537,-0.417666,-0.417666,-23.9305,-23.9305,1,1,0.101019,0.01020483
1771742638.267036,0.880000,0.010000,0.101019,0.000086,-0.026601,-1.5241,0.537400,0.081360,-1.409161,-0.414441,-0.414441,-23.7457,-23.7457,1,1,0.101019,0.01020487
1771742638.277036,0.890000,0.010000,0.101019,0.000066,-0.022628,-1.2965,0.476030,0.065540,-1.582082,-0.407113,-0.407113,-23.3259,-23.3259,1,1,0.101019,0.01020490
1771742638.287036,0.900000,0.010000,0.101019,0.000048,-0.019198,-1.1000,0.411434,0.048206,-1.733387,-0.404735,-0.404735,-23.1896,-23.1896,1,1,0.101019,0.01020491
1771742638.297036,0.910000,0.010000,0.101019,0.000032,-0.016334,-0.9358,0.344274,0.029548,-1.865780,-0.409735,-0.409735,-23.4761,-23.4761,1,1,0.101019,0.01020492
1771742638.307036,0.920000,0.010000,0.101019,0.000019,-0.014050,-0.8050,0.275120,0.009732,-1.981623,-0.418258,-0.418258,-23.9644,-23.9644,1,1,0.101019,0.01020492
1771742638.317036,0.930000,0.010000,0.101019,0.000009,-0.012359,-0.7081,0.204467,-0.011098,-2.082986,-0.423434,-0.423434,-24.2610,-24.2610,1,1,0.101019,0.01020492
1771742638.327036,0.940000,0.010000,0.101019,0.000002,-0.011271,-0.6458,0.132743,-0.032815,-2.171679,-0.423509,-0.423509,-24.2653,-24.2653,1,1,0.101019,0.01020492
1771742638.337036,0.950000,0.010000,0.101019,-0.000001,-0.010791,-0.6183,0.060315,-0.055308,-2.249285,-0.423083,-0.423083,-24.2409,-24.2409,1,1,0.101019,0.01020491
1771742638.347036,0.960000,0.010000,0.101019,-0.000002,-0.010922,-0.6258,-0.012501,-0.078480,-2.317190,-0.422002,-0.422002,-24.1789,-24.1789,1,1,0.101019,0.01020491
1771742638.357036,0.970000,0.010000,0.101019,0.000002,-0.011666,-0.6684,-0.085433,-0.102246,-2.376607,-0.418506,-0.418506,-23.9786,-23.9786,1,1,0.101019,0.01020491
1771742638.367036,0.980000,0.010000,0.101019,0.000009,-0.013020,-0.7460,-0.158250,-0.126532,-2.428597,-0.415968,-0.415968,-23.8332,-23.8332,1,1,0.101019,0.01020491
1771742638.377036,0.990000,0.010000,0.101019,0.000018,-0.014983,-0.8584,-0.230753,-0.151273,-2.474088,-0.411011,-0.411011,-23.5492,-23.5492,1,1,0.101019,0.01020493
1771742638.387036,1.000000,0.010000,0.101020,0.000031,-0.017550,-1.0055,-0.302776,-0.176412,-2.513893,-0.417224,-0.417224,-23.9052,-23.9052,1,1,0.101020,0.01020495
1771742638.397036,1.010000,0.010000,0.101020,0.000048,-0.020716,-1.1869,-0.374177,-0.201899,-2.548722,-0.421478,-0.421478,-24.1489,-24.1489,1,1,0.101020,0.01020498
1771742638.407036,1.020000,0.010000,0.101020,0.000067,-0.024470,-1.4020,-0.444408,-0.227551,-2.565178,-0.417989,-0.417989,-23.9490,-23.9490,1,1,0.101020,0.01020503
1771742638.417036,1.030000,0.010000,0.101020,0.000085,-0.028706,-1.6447,-0.502261,-0.249699,-2.214803,-0.407942,-0.407942,-23.3733,-23.3733,1,1,0.101020,0.01020509
1771742638.427036,1.040000,0.010000,0.101021,0.000101,-0.033358,-1.9112,-0.552123,-0.269703,-2.000449,-0.367926,-0.367926,-21.0806,-21.0806,1,1,0.101021,0.01020516
1771742638.437036,1.050000,0.010000,0.101021,0.000117,-0.038378,-2.1989,-0.596379,-0.288272,-1.856934,-0.314514,-0.314514,-18.0203,-18.0203,1,1,0.101021,0.01020523
1771742638.447036,1.060000,0.010000,0.101021,0.000131,-0.043716,-2.5048,-0.634443,-0.305168,-1.689517,-0.251151,-0.251151,-14.3899,-14.3899,1,1,0.101021,0.01020532
1771742638.457036,1.070000,0.010000,0.101022,0.000143,-0.049309,-2.8252,-0.665147,-0.319960,-1.479268,-0.169261,-0.169261,-9.6979,-9.6979,1,1,0.101022,0.01020541
1771742638.467036,1.080000,0.010000,0.101022,0.000152,-0.055102,-3.1571,-0.689268,-0.332851,-1.289038,-0.159048,-0.159048,-9.1128,-9.1128,1,1,0.101022,0.01020550
1771742638.477036,1.090000,0.010000,0.101023,0.000158,-0.061045,-3.4976,-0.707444,-0.343995,-1.114393,-0.157779,-0.157779,-9.0401,-9.0401,1,1,0.101023,0.01020559
1771742638.487036,1.100000,0.010000,0.101023,0.000161,-0.067088,-3.8439,-0.719561,-0.353309,-0.931388,-0.158600,-0.158600,-9.0871,-9.0871,1,1,0.101023,0.01020568
1771742638.497036,1.110000,0.010000,0.101024,0.000163,-0.073190,-4.1935,-0.726829,-0.361141,-0.783249,-0.153609,-0.153609,-8.8012,-8.8012,1,1,0.101024,0.01020578
1771742638.507036,1.120000,0.010000,0.101024,0.000162,-0.079309,-4.5441,-0.729008,-0.367375,-0.623380,-0.134647,-0.134647,-7.7147,-7.7147,1,1,0.101024,0.01020586
1771742638.517036,1.130000,0.010000,0.101025,0.000162,-0.085445,-4.8956,-0.731104,-0.373606,-0.623114,-0.112772,-0.112772,-6.4613,-6.4613,1,1,0.101025,0.01020595
1771742638.527036,1.140000,0.010000,0.101025,0.000161,-0.091591,-5.2478,-0.732401,-0.379590,-0.598397,-0.096622,-0.096622,-5.5360,-5.5360,1,1,0.101025,0.01020604
1771742638.537036,1.150000,0.010000,0.101025,0.000159,-0.097717,-5.5988,-0.730043,-0.384390,-0.479989,-0.087874,-0.087874,-5.0348,-5.0348,1,1,0.101025,0.01020612
1771742638.547036,1.160000,0.010000,0.101026,0.000132,-0.103774,-5.9458,-0.722307,-0.387334,-0.294399,-0.074375,-0.074375,-4.2614,-4.2614,1,1,0.101026,0.01020617
1771742638.557036,1.170000,0.010000,0.101026,0.000154,-0.109660,-6.2831,-0.702408,-0.386419,0.091466,-0.054745,-0.054745,-3.1367,-3.1367,1,1,0.101026,0.01020626
1771742638.567036,1.180000,0.010000,0.101026,0.000144,-0.115295,-6.6059,-0.672621,-0.382128,0.429099,-0.020451,-0.020451,-1.1718,-1.1718,1,1,0.101026,0.01020631
1771742638.577036,1.190000,0.010000,0.101026,0.000129,-0.120608,-6.9103,-0.634978,-0.374883,0.724528,0.009498,0.009498,0.5442,0.5442,1,1,0.101026,0.01020626
1771742638.587036,1.200000,0.010000,0.101023,0.000129,-0.125540,-7.1929,-0.591783,-0.365053,0.983027,0.048657,0.048657,2.7878,2.7878,1,1,0.101023,0.01020561
1771742638.597036,1.210000,0.010000,0.101015,0.000107,-0.130044,-7.4509,-0.544387,-0.352960,1.209215,0.096909,0.096909,5.5525,5.5525,1,1,0.101015,0.01020408
1771742638.607036,1.220000,0.010000,0.101002,0.000017,-0.134075,-7.6819,-0.492190,-0.338889,1.407129,0.143995,0.143995,8.2503,8.2503,1,1,0.101002,0.01020147
1771742638.617036,1.230000,0.010000,0.100981,-0.000811,-0.137594,-7.8836,-0.433681,-0.323086,1.580304,0.170784,0.170784,9.7852,9.7852,1,1,0.100981,0.01019719
1771742638.627036,1.240000,0.010000,0.100947,-0.002244,-0.140575,-8.0543,-0.371387,-0.305768,1.731831,0.163981,0.163981,9.3954,9.3954,1,1,0.100947,0.01019038
1771742638.637036,1.250000,0.010000,0.100897,-0.004131,-0.142998,-8.1932,-0.306474,-0.287124,1.864418,0.152777,0.152777,8.7535,8.7535,1,1,0.100897,0.01018027
1771742638.647036,1.260000,0.010000,0.100828,-0.006394,-0.144848,-8.2992,-0.239362,-0.267319,1.980432,0.152327,0.152327,8.7277,8.7277,1,1,0.100828,0.01016625
1771742638.657036,1.270000,0.010000,0.100737,-0.008929,-0.146113,-8.3716,-0.170733,-0.246500,2.081944,0.180384,0.180384,10.3353,10.3353,1,1,0.100737,0.01014787
1771742638.667036,1.280000,0.010000,0.100626,-0.011285,-0.146839,-8.4133,-0.105964,-0.226672,1.982829,0.276416,0.276416,15.8375,15.8375,1,1,0.100626,0.01012562
1771742638.677036,1.290000,0.010000,0.100498,-0.013400,-0.147061,-8.4260,-0.045200,-0.207635,1.903705,0.306449,0.306449,17.5583,17.5583,1,1,0.100498,0.01009990
1771742638.687036,1.300000,0.010000,0.100353,-0.015396,-0.146787,-8.4103,0.013881,-0.188523,1.911118,0.323663,0.323663,18.5445,18.5445,1,1,0.100353,0.01007082
1771742638.697036,1.310000,0.010000,0.100191,-0.017443,-0.145997,-8.3650,0.074263,-0.168310,2.021294,0.337243,0.337243,19.3226,19.3226,1,1,0.100191,0.01003815
1771742638.707036,1.320000,0.010000,0.100009,-0.019500,-0.144678,-8.2894,0.136059,-0.147133,2.117698,0.341504,0.341504,19.5667,19.5667,1,1,0.100009,0.01000185
1771742638.717036,1.330000,0.010000,0.099810,-0.021487,-0.142823,-8.1831,0.198904,-0.125113,2.202051,0.310016,0.310016,17.7626,17.7626,1,1,0.099810,0.00996207
1771742638.727036,1.340000,0.010000,0.099594,-0.023326,-0.140425,-8.0458,0.262436,-0.102354,2.275861,0.225953,0.225953,12.9461,12.9461,1,1,0.099594,0.00991902
1771742638.737036,1.350000,0.010000,0.099363,-0.024943,-0.137483,-7.8772,0.326362,-0.078950,2.340444,0.085004,0.085004,4.8704,4.8704,1,1,0.099363,0.00987309
1771742638.747036,1.360000,0.010000,0.099120,-0.026266,-0.133994,-7.6773,0.390417,-0.054980,2.396954,-0.011656,-0.011656,-0.6678,-0.6678,1,1,0.099120,0.00982477
1771742638.757036,1.370000,0.010000,0.098867,-0.027229,-0.129961,-7.4462,0.454384,-0.030516,2.446401,-0.099681,-0.099681,-5.7113,-5.7113,1,1,0.098867,0.00977464
1771742638.767036,1.380000,0.010000,0.098611,-0.027409,-0.125443,-7.1873,0.513061,-0.007605,2.291163,-0.149836,-0.149836,-8.5850,-8.5850,1,1,0.098611,0.00972421
1771742638.777036,1.390000,0.010000,0.098364,-0.026475,-0.120532,-6.9060,0.562313,0.012387,1.999144,-0.167172,-0.167172,-9.5782,-9.5782,1,1,0.098364,0.00967552
1771742638.787036,1.400000,0.010000,0.098127,-0.025069,-0.115202,-6.6006,0.611471,0.033370,2.098317,-0.173822,-0.173822,-9.9592,-9.9592,1,1,0.098127,0.00962890
1771742638.797036,1.410000,0.010000,0.097903,-0.023242,-0.109439,-6.2704,0.661783,0.055221,2.185093,-0.208380,-0.208380,-11.9393,-11.9393,1,1,0.097903,0.00958495
1771742638.807036,1.420000,0.010000,0.097695,-0.020951,-0.103234,-5.9148,0.713168,0.077831,2.261022,-0.216216,-0.216216,-12.3883,-12.3883,1,1,0.097695,0.00954438
1771742638.817036,1.430000,0.010000,0.097509,-0.018138,-0.096580,-5.5336,0.765384,0.101106,2.327460,-0.205978,-0.205978,-11.8017,-11.8017,1,1,0.097509,0.00950802
1771742638.827036,1.440000,0.010000,0.097349,-0.014744,-0.089474,-5.1265,0.818158,0.124962,2.385593,-0.189916,-0.189916,-10.8814,-10.8814,1,1,0.097349,0.00947678
1771742638.837036,1.450000,0.010000,0.097220,-0.010715,-0.081914,-4.6933,0.871274,0.149326,2.436460,-0.214172,-0.214172,-12.2711,-12.2711,1,1,0.097220,0.00945166
1771742638.847036,1.460000,0.010000,0.097137,-0.005194,-0.074037,-4.2420,0.913049,0.169412,2.008621,-0.268410,-0.268410,-15.3787,-15.3787,1,1,0.097137,0.00943564
1771742638.857036,1.470000,0.010000,0.097112,0.000335,-0.065988,-3.7808,0.943561,0.183497,1.408478,-0.345283,-0.345283,-19.7832,-19.7832,1,1,0.097112,0.00943065
1771742638.867036,1.480000,0.010000,0.097113,0.000335,-0.057842,-3.3141,0.968366,0.192331,0.883352,-0.394524,-0.394524,-22.6046,-22.6046,1,1,0.097113,0.00943089
1771742638.877036,1.490000,0.010000,0.097114,0.000308,-0.049793,-2.8529,0.959151,0.196569,0.423867,-0.418135,-0.418135,-23.9574,-23.9574,1,1,0.097114,0.00943110
1771742638.887036,1.500000,0.010000,0.097115,0.000284,-0.041933,-2.4026,0.937503,0.196788,0.021818,-0.425714,-0.425714,-24.3916,-24.3916,1,1,0.097115,0.00943128
1771742638.897036,1.510000,0.010000,0.097116,0.000259,-0.034348,-1.9680,0.905490,0.193488,-0.329975,-0.428885,-0.428885,-24.5733,-24.5733,1,1,0.097116,0.00943143
1771742638.907036,1.520000,0.010000,0.097116,0.000233,-0.027111,-1.5534,0.864720,0.187110,-0.637794,-0.429731,-0.429731,-24.6218,-24.6218,1,1,0.097116,0.00943157
1771742638.917036,1.530000,0.010000,0.097117,0.000206,-0.020283,-1.1621,0.816588,0.178039,-0.907136,-0.429628,-0.429628,-24.6159,-24.6159,1,1,0.097117,0.00943168
1771742638.927036,1.540000,0.010000,0.097117,0.000178,-0.013914,-0.7972,0.762307,0.166610,-1.142810,-0.428637,-0.428637,-24.5591,-24.5591,1,1,0.097117,0.00943177
1771742638.937036,1.550000,0.010000,0.097118,0.000150,-0.008046,-0.4610,0.702934,0.153120,-1.349024,-0.427299,-0.427299,-24.4824,-24.4824,1,1,0.097118,0.00943185
1771742638.947036,1.560000,0.010000,0.097118,0.000124,-0.002715,-0.1556,0.639385,0.137826,-1.529462,-0.426116,-0.426116,-24.4147,-24.4147,1,1,0.097118,0.00943191
1771742638.957036,1.570000,0.010000,0.097118,0.000098,0.002052,0.1176,0.572457,0.120952,-1.687345,-0.424908,-0.424908,-24.3455,-24.3455,1,1,0.097118,0.00943196
1771742638.967036,1.580000,0.010000,0.097118,0.000075,0.006233,0.3571,0.502839,0.102697,-1.825493,-0.420511,-0.420511,-24.0935,-24.0935,1,1,0.097118,0.00943200
1771742638.977036,1.590000,0.010000,0.097119,0.000054,0.009810,0.5621,0.431130,0.083233,-1.946372,-0.415649,-0.415649,-23.8149,-23.8149,1,1,0.097119,0.00943202
1771742638.987036,1.600000,0.010000,0.097119,0.000036,0.012771,0.7317,0.357845,0.062712,-2.052141,-0.417706,-0.417706,-23.9328,-23.9328,1,1,0.097119,0.00943203
1771742638.997036,1.610000,0.010000,0.097119,0.000022,0.015107,0.8656,0.283433,0.041265,-2.144690,-0.421100,-0.421100,-24.1272,-24.1272,1,1,0.097119,0.00943204
1771742639.007036,1.620000,0.010000,0.097119,0.000010,0.016811,0.9632,0.208276,0.019008,-2.225669,-0.424521,-0.424521,-24.3233,-24.3233,1,1,0.097119,0.00943204
1771742639.017036,1.630000,0.010000,0.097119,0.000003,0.017880,1.0244,0.132706,-0.003957,-2.296526,-0.425471,-0.425471,-24.3777,-24.3777,1,1,0.097119,0.00943203
1771742639.027036,1.640000,0.010000,0.097119,-0.000001,0.018313,1.0493,0.057007,-0.027542,-2.358526,-0.426773,-0.426773,-24.4523,-24.4523,1,1,0.097119,0.00943203
1771742639.037036,1.650000,0.010000,0.097119,-0.000000,0.018112,1.0377,-0.018580,-0.051670,-2.412777,-0.428370,-0.428370,-24.5438,-24.5438,1,1,0.097119,0.00943203
1771742639.047036,1.660000,0.010000,0.097119,0.000003,0.017278,0.9900,-0.093846,-0.076272,-2.460245,-0.429589,-0.429589,-24.6137,-24.6137,1,1,0.097119,0.00943203
1771742639.057036,1.670000,0.010000,0.097119,0.000010,0.015817,0.9063,-0.168616,-0.101290,-2.501780,-0.427977,-0.427977,-24.5213,-24.5213,1,1,0.097119,0.00943204
1771742639.067036,1.680000,0.010000,0.097119,0.000020,0.013734,0.7869,-0.242743,-0.126671,-2.538124,-0.423454,-0.423454,-24.2621,-24.2621,1,1,0.097119,0.00943205
1771742639.077036,1.690000,0.010000,0.097119,0.000033,0.011035,0.6323,-0.316102,-0.152371,-2.569924,-0.420105,-0.420105,-24.0702,-24.0702,1,1,0.097119,0.00943207
1771742639.087036,1.700000,0.010000,0.097119,0.000050,0.007729,0.4428,-0.388589,-0.178348,-2.597749,-0.423908,-0.423908,-24.2882,-24.2882,1,1,0.097119,0.00943211
1771742639.097036,1.710000,0.010000,0.097119,0.000070,0.003822,0.2190,-0.460118,-0.204569,-2.622097,-0.427457,-0.427457,-24.4915,-24.4915,1,1,0.097119,0.00943216
1771742639.107036,1.720000,0.010000,0.097120,0.000092,-0.000676,-0.0387,-0.530472,-0.230954,-2.638495,-0.427747,-0.427747,-24.5081,-24.5081,1,1,0.097120,0.00943222
1771742639.117036,1.730000,0.010000,0.097120,0.000113,-0.005666,-0.3246,-0.589965,-0.254298,-2.334399,-0.426701,-0.426701,-24.4482,-24.4482,1,1,0.097120,0.00943230
1771742639.127036,1.740000,0.010000,0.097120,0.000132,-0.011074,-0.6345,-0.640360,-0.275148,-2.085022,-0.422737,-0.422737,-24.2211,-24.2211,1,1,0.097120,0.00943238
1771742639.137036,1.750000,0.010000,0.097121,0.000149,-0.016834,-0.9645,-0.682851,-0.293820,-1.867162,-0.404049,-0.404049,-23.1503,-23.1503,1,1,0.097121,0.00943248
1771742639.147036,1.760000,0.010000,0.097121,0.000163,-0.022880,-1.3109,-0.717529,-0.310276,-1.645636,-0.362572,-0.362572,-20.7739,-20.7739,1,1,0.097121,0.00943258
1771742639.157036,1.770000,0.010000,0.097122,0.000175,-0.029158,-1.6706,-0.745552,-0.324838,-1.456214,-0.305349,-0.305349,-17.4952,-17.4952,1,1,0.097122,0.00943269
1771742639.167036,1.780000,0.010000,0.097123,0.000184,-0.035620,-2.0409,-0.767920,-0.337780,-1.294145,-0.226126,-0.226126,-12.9561,-12.9561,1,1,0.097123,0.00943280
1771742639.177036,1.790000,0.010000,0.097123,0.000191,-0.042225,-2.4193,-0.785252,-0.349256,-1.147619,-0.198296,-0.198296,-11.3615,-11.3615,1,1,0.097123,0.00943291
1771742639.187036,1.800000,0.010000,0.097124,0.000195,-0.048926,-2.8033,-0.797157,-0.359096,-0.984011,-0.184034,-0.184034,-10.5444,-10.5444,1,1,0.097124,0.00943303
1771742639.197036,1.810000,0.010000,0.097124,0.000196,-0.055675,-3.1900,-0.803271,-0.367141,-0.804470,-0.160127,-0.160127,-9.1746,-9.1746,1,1,0.097124,0.00943313
1771742639.207036,1.820000,0.010000,0.097125,0.000195,-0.062435,-3.5773,-0.804848,-0.373761,-0.662049,-0.146071,-0.146071,-8.3693,-8.3693,1,1,0.097125,0.00943324
1771742639.217036,1.830000,0.010000,0.097125,0.000194,-0.069198,-3.9647,-0.805260,-0.380030,-0.626837,-0.125275,-0.125275,-7.1777,-7.1777,1,1,0.097125,0.00943335
1771742639.227036,1.840000,0.010000,0.097126,0.000193,-0.075954,-4.3519,-0.804623,-0.385958,-0.592845,-0.101636,-0.101636,-5.8233,-5.8233,1,1,0.097126,0.00943345
1771742639.237036,1.850000,0.010000,0.097126,0.000190,-0.082686,-4.7376,-0.801857,-0.391182,-0.522367,-0.085267,-0.085267,-4.8855,-4.8855,1,1,0.097126,0.00943355
1771742639.247036,1.860000,0.010000,0.097127,0.000186,-0.089374,-5.1207,-0.796756,-0.395622,-0.443996,-0.069197,-0.069197,-3.9647,-3.9647,1,1,0.097127,0.00943365
1771742639.257036,1.870000,0.010000,0.097127,0.000161,-0.095992,-5.5000,-0.788903,-0.399011,-0.338945,-0.051058,-0.051058,-2.9254,-2.9254,1,1,0.097127,0.00943373
1771742639.267036,1.880000,0.010000,0.097128,0.000185,-0.102465,-5.8708,-0.772213,-0.399641,-0.062970,-0.030984,-0.030984,-1.7752,-1.7752,1,1,0.097128,0.00943383
1771742639.277036,1.890000,0.010000,0.097128,0.000177,-0.108706,-6.2284,-0.744976,-0.396701,0.293967,-0.004370,-0.004370,-0.2504,-0.2504,1,1,0.097128,0.00943391
1771742639.287036,1.900000,0.010000,0.097129,0.000158,-0.114640,-6.5684,-0.709111,-0.390638,0.606287,0.033293,0.033293,1.9075,1.9075,1,1,0.097129,0.00943397
1771742639.297036,1.910000,0.010000,0.097127,0.000153,-0.120205,-6.8872,-0.666761,-0.381843,0.879567,0.077209,0.077209,4.4237,4.4237,1,1,0.097127,0.00943367
1771742639.307036,1.920000,0.010000,0.097121,0.000138,-0.125348,-7.1819,-0.620333,-0.370656,1.118687,0.133224,0.133224,7.6332,7.6332,1,1,0.097121,0.00943257
1771742639.317036,1.930000,0.010000,0.097110,0.000113,-0.130025,-7.4499,-0.569842,-0.357377,1.327917,0.176971,0.176971,10.1397,10.1397,1,1,0.097110,0.00943044
1771742639.327036,1.940000,0.010000,0.097093,-0.000110,-0.134198,-7.6890,-0.514394,-0.342267,1.510993,0.217001,0.217001,12.4333,12.4333,1,1,0.097093,0.00942706
1771742639.337036,1.950000,0.010000,0.097066,-0.001125,-0.137830,-7.8971,-0.453070,-0.325555,1.671185,0.204306,0.204306,11.7059,11.7059,1,1,0.097066,0.00942177
1771742639.347036,1.960000,0.010000,0.097025,-0.002694,-0.140900,-8.0730,-0.388594,-0.307441,1.811353,0.192126,0.192126,11.0080,11.0080,1,1,0.097025,0.00941377
1771742639.357036,1.970000,0.010000,0.096966,-0.004715,-0.143393,-8.2158,-0.321628,-0.288101,1.933999,0.187051,0.187051,10.7172,10.7172,1,1,0.096966,0.00940234
1771742639.367036,1.980000,0.010000,0.096886,-0.007093,-0.145295,-8.3248,-0.252801,-0.267688,2.041315,0.182319,0.182319,10.4461,10.4461,1,1,0.096886,0.00938693
1771742639.377036,1.990000,0.010000,0.096784,-0.009725,-0.146598,-8.3994,-0.182722,-0.246336,2.135217,0.214676,0.214676,12.3000,12.3000,1,1,0.096784,0.00936715
1771742639.387036,2.000000,0.010000,0.096658,-0.012522,-0.147295,-8.4394,-0.111834,-0.224162,2.217381,0.298365,0.298365,17.0950,17.0950,1,1,0.096658,0.00934272
1771742639.397036,2.010000,0.010000,0.096507,-0.015397,-0.147384,-8.4445,-0.040510,-0.201269,2.289274,0.336810,0.336810,19.2978,19.2978,1,1,0.096507,0.00931352
1771742639.407036,2.020000,0.010000,0.096330,-0.018267,-0.146864,-8.4147,0.030924,-0.177748,2.352180,0.338922,0.338922,19.4188,19.4188,1,1,0.096330,0.00927956
1771742639.417036,2.030000,0.010000,0.096130,-0.021053,-0.145736,-8.3501,0.102215,-0.153675,2.407224,0.342953,0.342953,19.6498,19.6498,1,1,0.096130,0.00924097
1771742639.427036,2.040000,0.010000,0.095906,-0.023684,-0.144003,-8.2508,0.173207,-0.129122,2.455387,0.315384,0.315384,18.0702,18.0702,1,1,0.095906,0.00919800
1771742639.437036,2.050000,0.010000,0.095661,-0.026086,-0.141669,-8.1170,0.243682,-0.104146,2.497529,0.257738,0.257738,14.7673,14.7673,1,1,0.095661,0.00915102
1771742639.447036,2.060000,0.010000,0.095397,-0.028189,-0.138740,-7.9492,0.313482,-0.078802,2.534404,0.122129,0.122129,6.9975,6.9975,1,1,0.095397,0.00910053
1771742639.457036,2.070000,0.010000,0.095116,-0.029927,-0.135223,-7.7477,0.382467,-0.053136,2.566669,-0.012645,-0.012645,-0.7245,-0.7245,1,1,0.095116,0.00904709
1771742639.467036,2.080000,0.010000,0.094823,-0.031237,-0.131124,-7.5129,0.450541,-0.027187,2.594901,-0.127064,-0.127064,-7.2802,-7.2802,1,1,0.094823,0.00899140
1771742639.477036,2.090000,0.010000,0.094521,-0.032060,-0.126453,-7.2452,0.517618,-0.000990,2.619605,-0.188254,-0.188254,-10.7862,-10.7862,1,1,0.094521,0.00893420
1771742639.487036,2.100000,0.010000,0.094220,-0.031874,-0.121301,-6.9501,0.577000,0.022515,2.350516,-0.227564,-0.227564,-13.0385,-13.0385,1,1,0.094220,0.00887748
1771742639.497036,2.110000,0.010000,0.093933,-0.030421,-0.115778,-6.6336,0.625465,0.042490,1.997559,-0.221935,-0.221935,-12.7159,-12.7159,1,1,0.093933,0.00882345
1771742639.507036,2.120000,0.010000,0.093661,-0.028361,-0.109852,-6.2941,0.672656,0.063460,2.096930,-0.226581,-0.226581,-12.9821,-12.9821,1,1,0.093661,0.00877245
1771742639.517036,2.130000,0.010000,0.093408,-0.025804,-0.103510,-5.9307,0.720614,0.085298,2.183880,-0.227555,-0.227555,-13.0379,-13.0379,1,1,0.093408,0.00872512
1771742639.527036,2.140000,0.010000,0.093178,-0.022732,-0.096740,-5.5428,0.769596,0.107898,2.259961,-0.212771,-0.212771,-12.1909,-12.1909,1,1,0.093178,0.00868219
1771742639.537036,2.150000,0.010000,0.092976,-0.019096,-0.089536,-5.1300,0.819453,0.131163,2.326531,-0.187251,-0.187251,-10.7287,-10.7287,1,1,0.092976,0.00864447
1771742639.547036,2.160000,0.010000,0.092806,-0.014844,-0.081894,-4.6922,0.869967,0.155011,2.384781,-0.219063,-0.219063,-12.5514,-12.5514,1,1,0.092806,0.00861291
1771742639.557036,2.170000,0.010000,0.092683,-0.009281,-0.073937,-4.2363,0.911596,0.175058,2.004660,-0.275217,-0.275217,-15.7688,-15.7688,1,1,0.092683,0.00859013
1771742639.567036,2.180000,0.010000,0.092625,-0.001911,-0.065836,-3.7721,0.937257,0.189108,1.405012,-0.346147,-0.346147,-19.8328,-19.8328,1,1,0.092625,0.00857943
1771742639.577036,2.190000,0.010000,0.092619,0.000343,-0.057639,-3.3025,0.969308,0.197911,0.880320,-0.393122,-0.393122,-22.5242,-22.5242,1,1,0.092619,0.00857829
1771742639.587036,2.200000,0.010000,0.092620,0.000311,-0.049523,-2.8375,0.965931,0.202123,0.421214,-0.417845,-0.417845,-23.9407,-23.9407,1,1,0.092620,0.00857850
1771742639.597036,2.210000,0.010000,0.092621,0.000283,-0.041604,-2.3837,0.944483,0.202318,0.019496,-0.426091,-0.426091,-24.4132,-24.4132,1,1,0.092621,0.00857868
1771742639.607036,2.220000,0.010000,0.092622,0.000257,-0.033964,-1.9460,0.912472,0.198998,-0.332007,-0.429411,-0.429411,-24.6034,-24.6034,1,1,0.092622,0.00857883
1771742639.617036,2.230000,0.010000,0.092623,0.000231,-0.026675,-1.5284,0.871692,0.192602,-0.639572,-0.429729,-0.429729,-24.6216,-24.6216,1,1,0.092623,0.00857897
1771742639.627036,2.240000,0.010000,0.092623,0.000204,-0.019797,-1.1343,0.823546,0.183515,-0.908691,-0.429652,-0.429652,-24.6173,-24.6173,1,1,0.092623,0.00857908
1771742639.637036,2.250000,0.010000,0.092624,0.000177,-0.013382,-0.7667,0.769248,0.172074,-1.144171,-0.428923,-0.428923,-24.5755,-24.5755,1,1,0.092624,0.00857917
1771742639.647036,2.260000,0.010000,0.092624,0.000150,-0.007470,-0.4280,0.709856,0.158572,-1.350215,-0.427411,-0.427411,-24.4888,-24.4888,1,1,0.092624,0.00857925
1771742639.657036,2.270000,0.010000,0.092625,0.000124,-0.002097,-0.1201,0.646286,0.143267,-1.530504,-0.426013,-0.426013,-24.4087,-24.4087,1,1,0.092625,0.00857931
1771742639.667036,2.280000,0.010000,0.092625,0.000099,0.002711,0.1553,0.579335,0.126384,-1.688257,-0.424232,-0.424232,-24.3067,-24.3067,1,1,0.092625,0.00857936
1771742639.677036,2.290000,0.010000,0.092625,0.000076,0.006931,0.3971,0.509693,0.108121,-1.826291,-0.420277,-0.420277,-24.0801,-24.0801,1,1,0.092625,0.00857940
1771742639.687036,2.300000,0.010000,0.092625,0.000056,0.010545,0.6042,0.437958,0.088650,-1.947070,-0.415468,-0.415468,-23.8046,-23.8046,1,1,0.092625,0.00857942
1771742639.697036,2.310000,0.010000,0.092625,0.000038,0.013542,0.7759,0.364647,0.068123,-2.052752,-0.415822,-0.415822,-23.8249,-23.8249,1,1,0.092625,0.00857944
1771742639.707036,2.320000,0.010000,0.092625,0.000023,0.015913,0.9117,0.290207,0.046671,-2.145224,-0.419196,-0.419196,-24.0181,-24.0181,1,1,0.092625,0.00857944
1771742639.717036,2.330000,0.010000,0.092625,0.000012,0.017651,1.0113,0.215022,0.024409,-2.226137,-0.422213,-0.422213,-24.1910,-24.1910,1,1,0.092625,0.00857945
1771742639.727036,2.340000,0.010000,0.092625,0.000004,0.018752,1.0744,0.139422,0.001440,-2.296936,-0.423773,-0.423773,-24.2804,-24.2804,1,1,0.092625,0.00857945
1771742639.737036,2.350000,0.010000,0.092625,0.000000,0.019217,1.1011,0.063692,-0.022149,-2.358885,-0.424959,-0.424959,-24.3484,-24.3484,1,1,0.092625,0.00857944
1771742639.747036,2.360000,0.010000,0.092625,-0.000001,0.019047,1.0913,-0.011925,-0.046280,-2.413090,-0.426980,-0.426980,-24.4642,-24.4642,1,1,0.092625,0.00857944
1771742639.757036,2.370000,0.010000,0.092625,0.000002,0.018244,1.0453,-0.087223,-0.070885,-2.460519,-0.427874,-0.427874,-24.5154,-24.5154,1,1,0.092625,0.00857944
1771742639.767036,2.380000,0.010000,0.092625,0.000008,0.016813,0.9633,-0.162026,-0.095905,-2.502020,-0.426410,-0.426410,-24.4315,-24.4315,1,1,0.092625,0.00857945
1771742639.777036,2.390000,0.010000,0.092625,0.000018,0.014759,0.8456,-0.236186,-0.121289,-2.538334,-0.420676,-0.420676,-24.1029,-24.1029,1,1,0.092625,0.00857946
1771742639.787036,2.400000,0.010000,0.092625,0.000030,0.012088,0.6926,-0.309577,-0.146990,-2.570108,-0.417589,-0.417589,-23.9261,-23.9261,1,1,0.092625,0.00857948
1771742639.797036,2.410000,0.010000,0.092626,0.000046,0.008809,0.5047,-0.382098,-0.172969,-2.597910,-0.421389,-0.421389,-24.1438,-24.1438,1,1,0.092626,0.00857951
1771742639.807036,2.420000,0.010000,0.092626,0.000064,0.004930,0.2824,-0.453661,-0.199191,-2.622237,-0.425680,-0.425680,-24.3896,-24.3896,1,1,0.092626,0.00857956
1771742639.817036,2.430000,0.010000,0.092626,0.000086,0.000458,0.0262,-0.524197,-0.225626,-2.643523,-0.428235,-0.428235,-24.5360,-24.5360,1,1,0.092626,0.00857961
1771742639.827036,2.440000,0.010000,0.092627,0.000106,-0.004517,-0.2588,-0.585185,-0.249401,-2.377448,-0.427242,-0.427242,-24.4792,-24.4792,1,1,0.092627,0.00857968
1771742639.837036,2.450000,0.010000,0.092627,0.000125,-0.009919,-0.5683,-0.636900,-0.270625,-2.122436,-0.424121,-0.424121,-24.3004,-24.3004,1,1,0.092627,0.00857976
1771742639.847036,2.460000,0.010000,0.092627,0.000142,-0.015678,-0.8983,-0.680379,-0.289574,-1.894843,-0.408916,-0.408916,-23.4291,-23.4291,1,1,0.092627,0.00857985
1771742639.857036,2.470000,0.010000,0.092628,0.000156,-0.021731,-1.2451,-0.716148,-0.306349,-1.677492,-0.367017,-0.367017,-21.0285,-21.0285,1,1,0.092628,0.00857995
1771742639.867036,2.480000,0.010000,0.092629,0.000168,-0.028021,-1.6055,-0.745069,-0.321175,-1.482635,-0.307643,-0.307643,-17.6266,-17.6266,1,1,0.092629,0.00858004
1771742639.877036,2.490000,0.010000,0.092629,0.000177,-0.034501,-1.9767,-0.768360,-0.334401,-1.322564,-0.218092,-0.218092,-12.4957,-12.4957,1,1,0.092629,0.00858015
1771742639.887036,2.500000,0.010000,0.092630,0.000184,-0.041127,-2.3564,-0.786366,-0.346085,-1.168416,-0.161686,-0.161686,-9.2639,-9.2639,1,1,0.092630,0.00858026
1771742639.897036,2.510000,0.010000,0.092630,0.000189,-0.047854,-2.7418,-0.798914,-0.356125,-1.004068,-0.130043,-0.130043,-7.4509,-7.4509,1,1,0.092630,0.00858036
1771742639.907036,2.520000,0.010000,0.092631,0.000191,-0.054628,-3.1299,-0.805148,-0.364194,-0.806878,-0.104006,-0.104006,-5.9591,-5.9591,1,1,0.092631,0.00858047
1771742639.917036,2.530000,0.010000,0.092631,0.000190,-0.061411,-3.5186,-0.806899,-0.370869,-0.667436,-0.075117,-0.075117,-4.3039,-4.3039,1,1,0.092631,0.00858057
1771742639.927036,2.540000,0.010000,0.092632,0.000189,-0.068199,-3.9075,-0.807407,-0.377184,-0.631509,-0.048562,-0.048562,-2.7824,-2.7824,1,1,0.092632,0.00858067
1771742639.937036,2.550000,0.010000,0.092632,0.000188,-0.074982,-4.2962,-0.807119,-0.383246,-0.606199,-0.035255,-0.035255,-2.0200,-2.0200,1,1,0.092632,0.00858078
1771742639.947036,2.560000,0.010000,0.092633,0.000187,-0.081752,-4.6840,-0.805516,-0.388869,-0.562365,-0.029031,-0.029031,-1.6634,-1.6634,1,1,0.092633,0.00858088
1771742639.957036,2.570000,0.010000,0.092634,0.000184,-0.088484,-5.0698,-0.801455,-0.393666,-0.479656,-0.014631,-0.014631,-0.8383,-0.8383,1,1,0.092634,0.00858097
1771742639.967036,2.580000,0.010000,0.092634,0.000180,-0.095156,-5.4520,-0.794472,-0.397473,-0.380695,0.003429,0.003429,0.1965,0.1965,1,1,0.092634,0.00858106
1771742639.977036,2.590000,0.010000,0.092634,0.000162,-0.101704,-5.8272,-0.780741,-0.398903,-0.143035,0.024626,0.024626,1.4109,1.4109,1,1,0.092634,0.00858114
1771742639.987036,2.600000,0.010000,0.092635,0.000174,-0.108032,-6.1898,-0.755637,-0.396664,0.223910,0.053304,0.053304,3.0541,3.0541,1,1,0.092635,0.00858122
1771742639.997036,2.610000,0.010000,0.092635,0.000158,-0.114065,-6.5355,-0.721491,-0.391214,0.544988,0.095539,0.095539,5.4740,5.4740,1,1,0.092635,0.00858128
1771742640.007036,2.620000,0.010000,0.092634,0.000152,-0.119739,-6.8606,-0.680733,-0.382955,0.825930,0.145912,0.145912,8.3601,8.3601,1,1,0.092634,0.00858102
1771742640.017036,2.630000,0.010000,0.092628,0.000140,-0.125001,-7.1620,-0.636226,-0.372237,1.071755,0.194947,0.194947,11.1696,11.1696,1,1,0.092628,0.00857995
1771742640.027036,2.640000,0.010000,0.092616,0.000114,-0.129805,-7.4373,-0.587957,-0.359369,1.286851,0.233843,0.233843,13.3982,13.3982,1,1,0.092616,0.00857776
1771742640.037036,2.650000,0.010000,0.092598,0.000059,-0.134111,-7.6840,-0.535382,-0.344618,1.475061,0.235120,0.235120,13.4714,13.4714,1,1,0.092598,0.00857434
1771742640.047036,2.660000,0.010000,0.092570,-0.000708,-0.137882,-7.9000,-0.476591,-0.328221,1.639744,0.205657,0.205657,11.7833,11.7833,1,1,0.092570,0.00856919
1771742640.057036,2.670000,0.010000,0.092529,-0.002132,-0.141093,-8.0840,-0.413570,-0.310382,1.783842,0.207353,0.207353,11.8804,11.8804,1,1,0.092529,0.00856154
1771742640.067036,2.680000,0.010000,0.092470,-0.004021,-0.143728,-8.2350,-0.347960,-0.291283,1.909927,0.210947,0.210947,12.0864,12.0864,1,1,0.092470,0.00855073
1771742640.077036,2.690000,0.010000,0.092391,-0.006299,-0.145774,-8.3523,-0.280160,-0.271081,2.020252,0.212231,0.212231,12.1599,12.1599,1,1,0.092391,0.00853618
1771742640.087036,2.700000,0.010000,0.092290,-0.008859,-0.147222,-8.4352,-0.210905,-0.249913,2.116787,0.215392,0.215392,12.3411,12.3411,1,1,0.092290,0.00851750
1771742640.097036,2.710000,0.010000,0.092165,-0.011605,-0.148064,-8.4834,-0.140711,-0.227900,2.201254,0.285772,0.285772,16.3735,16.3735,1,1,0.092165,0.00849440
1771742640.107036,2.720000,0.010000,0.092015,-0.014450,-0.148298,-8.4969,-0.069967,-0.205149,2.275163,0.321019,0.321019,18.3930,18.3930,1,1,0.092015,0.00846675
1771742640.117036,2.730000,0.010000,0.091840,-0.017308,-0.147923,-8.4753,0.000937,-0.181750,2.339834,0.322872,0.322872,18.4992,18.4992,1,1,0.091840,0.00843452
1771742640.127036,2.740000,0.010000,0.091640,-0.020099,-0.146939,-8.4190,0.071736,-0.157786,2.396420,0.314457,0.314457,18.0171,18.0171,1,1,0.091640,0.00839782
1771742640.137036,2.750000,0.010000,0.091416,-0.022753,-0.145348,-8.3279,0.142273,-0.133327,2.445934,0.296008,0.296008,16.9600,16.9600,1,1,0.091416,0.00835686
1771742640.147036,2.760000,0.010000,0.091170,-0.025194,-0.143156,-8.2023,0.212307,-0.108434,2.489258,0.264076,0.264076,15.1305,15.1305,1,1,0.091170,0.00831198
1771742640.157036,2.770000,0.010000,0.090904,-0.027350,-0.140368,-8.0425,0.281652,-0.083162,2.527166,0.198411,0.198411,11.3681,11.3681,1,1,0.090904,0.00826361
1771742640.167036,2.780000,0.010000,0.090622,-0.029155,-0.136989,-7.8489,0.350163,-0.057559,2.560336,0.063615,0.063615,3.6448,3.6448,1,1,0.090622,0.00821229
1771742640.177036,2.790000,0.010000,0.090325,-0.030547,-0.133028,-7.6220,0.417736,-0.031665,2.589360,-0.090474,-0.090474,-5.1838,-5.1838,1,1,0.090325,0.00815863
1771742640.187036,2.800000,0.010000,0.090019,-0.031465,-0.128493,-7.3621,0.484289,-0.005518,2.614756,-0.176911,-0.176911,-10.1363,-10.1363,1,1,0.090019,0.00810335
1771742640.197036,2.810000,0.010000,0.089706,-0.031852,-0.123391,-7.0698,0.549753,0.020852,2.636977,-0.228802,-0.228802,-13.1094,-13.1094,1,1,0.089706,0.00804723
1771742640.207036,2.820000,0.010000,0.089398,-0.031315,-0.117808,-6.7499,0.609124,0.044774,2.392233,-0.267528,-0.267528,-15.3282,-15.3282,1,1,0.089398,0.00799208
1771742640.217036,2.830000,0.010000,0.089105,-0.029686,-0.111826,-6.4072,0.660459,0.066102,2.132728,-0.255139,-0.255139,-14.6184,-14.6184,1,1,0.089105,0.00793970
1771742640.227036,2.840000,0.010000,0.088829,-0.027354,-0.105425,-6.0404,0.709729,0.088254,2.215203,-0.239467,-0.239467,-13.7204,-13.7204,1,1,0.088829,0.00789061
1771742640.237036,2.850000,0.010000,0.088575,-0.024418,-0.098592,-5.6489,0.758860,0.111127,2.287368,-0.221186,-0.221186,-12.6730,-12.6730,1,1,0.088575,0.00784549
1771742640.247036,2.860000,0.010000,0.088347,-0.020877,-0.091323,-5.2324,0.808347,0.134632,2.350513,-0.194933,-0.194933,-11.1688,-11.1688,1,1,0.088347,0.00780516
1771742640.257036,2.870000,0.010000,0.088153,-0.016505,-0.083657,-4.7932,0.855413,0.157110,2.247813,-0.215991,-0.215991,-12.3754,-12.3754,1,1,0.088153,0.00777103
1771742640.267036,2.880000,0.010000,0.088011,-0.010711,-0.075750,-4.3401,0.891723,0.174473,1.736215,-0.282375,-0.282375,-16.1789,-16.1789,1,1,0.088011,0.00774600
1771742640.277036,2.890000,0.010000,0.087937,-0.003236,-0.067759,-3.8823,0.913413,0.186174,1.170122,-0.342909,-0.342909,-19.6472,-19.6472,1,1,0.087937,0.00773293
1771742640.287036,2.900000,0.010000,0.087922,0.000310,-0.059737,-3.4227,0.939149,0.192922,0.674791,-0.397561,-0.397561,-22.7785,-22.7785,1,1,0.087922,0.00773024
1771742640.297036,2.910000,0.010000,0.087923,0.000283,-0.051822,-2.9692,0.940384,0.195336,0.241376,-0.418455,-0.418455,-23.9757,-23.9757,1,1,0.087923,0.00773043
1771742640.307036,2.920000,0.010000,0.087924,0.000255,-0.044149,-2.5296,0.915723,0.193957,-0.137862,-0.426046,-0.426046,-24.4106,-24.4106,1,1,0.087924,0.00773059
1771742640.317036,2.930000,0.010000,0.087924,0.000230,-0.036787,-2.1077,0.880511,0.189260,-0.469695,-0.428684,-0.428684,-24.5618,-24.5618,1,1,0.087924,0.00773072
1771742640.327036,2.940000,0.010000,0.087925,0.000205,-0.029801,-1.7075,0.837070,0.181659,-0.760049,-0.427855,-0.427855,-24.5143,-24.5143,1,1,0.087925,0.00773083
1771742640.337036,2.950000,0.010000,0.087926,0.000180,-0.023247,-1.3320,0.786770,0.171518,-1.014108,-0.426686,-0.426686,-24.4473,-24.4473,1,1,0.087926,0.00773093
1771742640.347036,2.960000,0.010000,0.087926,0.000155,-0.017173,-0.9839,0.730760,0.159154,-1.236411,-0.425649,-0.425649,-24.3879,-24.3879,1,1,0.087926,0.00773100
1771742640.357036,2.970000,0.010000,0.087926,0.000129,-0.011615,-0.6655,0.670037,0.144845,-1.430925,-0.424781,-0.424781,-24.3382,-24.3382,1,1,0.087926,0.00773107
1771742640.367036,2.980000,0.010000,0.087927,0.000105,-0.006607,-0.3785,0.605466,0.128834,-1.601125,-0.422729,-0.422729,-24.2206,-24.2206,1,1,0.087927,0.00773112
1771742640.377036,2.990000,0.010000,0.087927,0.000083,-0.002172,-0.1244,0.537800,0.111333,-1.750051,-0.417986,-0.417986,-23.9488,-23.9488,1,1,0.087927,0.00773116
1771742640.387036,3.000000,0.010000,0.087927,0.000062,0.001670,0.0957,0.467687,0.092530,-1.880360,-0.411145,-0.411145,-23.5569,-23.5569,1,1,0.087927,0.00773119
1771742640.397036,3.010000,0.010000,0.087927,0.000044,0.004903,0.2809,0.395693,0.072586,-1.994381,-0.407530,-0.407530,-23.3498,-23.3498,1,1,0.087927,0.00773121
1771742640.407036,3.020000,0.010000,0.087927,0.000029,0.007517,0.4307,0.322303,0.051644,-2.094149,-0.408768,-0.408768,-23.4207,-23.4207,1,1,0.087927,0.00773122
1771742640.417036,3.030000,0.010000,0.087927,0.000016,0.009504,0.5445,0.247937,0.029830,-2.181446,-0.414117,-0.414117,-23.7271,-23.7271,1,1,0.087927,0.00773122
1771742640.427036,3.040000,0.010000,0.087927,0.000007,0.010859,0.6222,0.172958,0.007252,-2.257831,-0.417411,-0.417411,-23.9159,-23.9159,1,1,0.087927,0.00773122
1771742640.437036,3.050000,0.010000,0.087927,0.000002,0.011580,0.6635,0.097675,-0.015995,-2.324668,-0.418924,-0.418924,-24.0026,-24.0026,1,1,0.087927,0.00773122
1771742640.447036,3.060000,0.010000,0.087927,-0.000000,0.011667,0.6685,0.022356,-0.039827,-2.383151,-0.419735,-0.419735,-24.0490,-24.0490,1,1,0.087927,0.00773122
1771742640.457036,3.070000,0.010000,0.087927,0.000001,0.011122,0.6373,-0.052772,-0.064170,-2.434323,-0.419289,-0.419289,-24.0235,-24.0235,1,1,0.087927,0.00773122
1771742640.467036,3.080000,0.010000,0.087927,0.000005,0.009949,0.5700,-0.127515,-0.088961,-2.479098,-0.417615,-0.417615,-23.9276,-23.9276,1,1,0.087927,0.00773123
1771742640.477036,3.090000,0.010000,0.087927,0.000012,0.008152,0.4671,-0.201709,-0.114144,-2.518277,-0.412714,-0.412714,-23.6468,-23.6468,1,1,0.087927,0.00773123
1771742640.487036,3.100000,0.010000,0.087928,0.000022,0.005737,0.3287,-0.275216,-0.139669,-2.552558,-0.409505,-0.409505,-23.4629,-23.4629,1,1,0.087928,0.00773125
1771742640.497036,3.110000,0.010000,0.087928,0.000036,0.002712,0.1554,-0.347921,-0.165495,-2.582554,-0.414370,-0.414370,-23.7417,-23.7417,1,1,0.087928,0.00773127
1771742640.507036,3.120000,0.010000,0.087928,0.000052,-0.000917,-0.0525,-0.419726,-0.191583,-2.608801,-0.422254,-0.422254,-24.1934,-24.1934,1,1,0.087928,0.00773131
1771742640.517036,3.130000,0.010000,0.087928,0.000071,-0.005140,-0.2945,-0.490553,-0.217900,-2.631766,-0.426793,-0.426793,-24.4535,-24.4535,1,1,0.087928,0.00773135
1771742640.527036,3.140000,0.010000,0.087928,0.000090,-0.009870,-0.5655,-0.552208,-0.241604,-2.370373,-0.425458,-0.425458,-24.3770,-24.3770,1,1,0.087928,0.00773141
1771742640.537036,3.150000,0.010000,0.087929,0.000107,-0.015021,-0.8607,-0.603862,-0.262500,-2.089548,-0.419404,-0.419404,-24.0301,-24.0301,1,1,0.087929,0.00773147
1771742640.547036,3.160000,0.010000,0.087929,0.000122,-0.020536,-1.1766,-0.648188,-0.281452,-1.895215,-0.395919,-0.395919,-22.6845,-22.6845,1,1,0.087929,0.00773155
1771742640.557036,3.170000,0.010000,0.087930,0.000136,-0.026354,-1.5100,-0.685464,-0.298447,-1.699491,-0.331885,-0.331885,-19.0156,-19.0156,1,1,0.087930,0.00773163
1771742640.567036,3.180000,0.010000,0.087930,0.000148,-0.032420,-1.8575,-0.715926,-0.313506,-1.505963,-0.241366,-0.241366,-13.8292,-13.8292,1,1,0.087930,0.00773171
1771742640.577036,3.190000,0.010000,0.087931,0.000157,-0.038681,-2.2163,-0.740184,-0.326785,-1.327858,-0.119931,-0.119931,-6.8715,-6.8715,1,1,0.087931,0.00773180
1771742640.587036,3.200000,0.010000,0.087931,0.000164,-0.045090,-2.5835,-0.758601,-0.338348,-1.156303,-0.074324,-0.074324,-4.2585,-4.2585,1,1,0.087931,0.00773189
1771742640.597036,3.210000,0.010000,0.087932,0.000169,-0.051600,-2.9565,-0.771502,-0.348256,-0.990841,-0.036489,-0.036489,-2.0907,-2.0907,1,1,0.087932,0.00773199
1771742640.607036,3.220000,0.010000,0.087932,0.000171,-0.058160,-3.3323,-0.778461,-0.356314,-0.805722,0.007870,0.007870,0.4509,0.4509,1,1,0.087932,0.00773208
1771742640.617036,3.230000,0.010000,0.087933,0.000171,-0.064735,-3.7090,-0.780864,-0.362962,-0.664897,0.049975,0.049975,2.8634,2.8634,1,1,0.087933,0.00773217
1771742640.627036,3.240000,0.010000,0.087933,0.000171,-0.071320,-4.0863,-0.782315,-0.369388,-0.642598,0.065977,0.065977,3.7802,3.7802,1,1,0.087933,0.00773226
1771742640.637036,3.250000,0.010000,0.087934,0.000171,-0.077922,-4.4646,-0.784212,-0.375997,-0.660818,0.073755,0.073755,4.2259,4.2259,1,1,0.087934,0.00773235
1771742640.647036,3.260000,0.010000,0.087934,0.000171,-0.084532,-4.8433,-0.785353,-0.382346,-0.634957,0.075502,0.075502,4.3260,4.3260,1,1,0.087934,0.00773244
1771742640.657036,3.270000,0.010000,0.087935,0.000170,-0.091125,-5.2211,-0.783656,-0.387735,-0.538901,0.077609,0.077609,4.4467,4.4467,1,1,0.087935,0.00773252
1771742640.667036,3.280000,0.010000,0.087935,0.000166,-0.097661,-5.5956,-0.777709,-0.391694,-0.395861,0.087911,0.087911,5.0369,5.0369,1,1,0.087935,0.00773261
1771742640.677036,3.290000,0.010000,0.087936,0.000158,-0.104050,-5.9616,-0.761746,-0.392222,-0.052820,0.098568,0.098568,5.6476,5.6476,1,1,0.087936,0.00773269
1771742640.687036,3.300000,0.010000,0.087936,0.000156,-0.110202,-6.3141,-0.735095,-0.389194,0.302849,0.127047,0.127047,7.2792,7.2792,1,1,0.087936,0.00773274
1771742640.697036,3.310000,0.010000,0.087936,0.000141,-0.116044,-6.6488,-0.699756,-0.383053,0.614059,0.183052,0.183052,10.4881,10.4881,1,1,0.087936,0.00773279
1771742640.707036,3.320000,0.010000,0.087933,0.000140,-0.121515,-6.9623,-0.659534,-0.374189,0.886367,0.217011,0.217011,12.4338,12.4338,1,1,0.087933,0.00773226
1771742640.717036,3.330000,0.010000,0.087925,0.000124,-0.126566,-7.2517,-0.616421,-0.362943,1.124637,0.260613,0.260613,14.9320,14.9320,1,1,0.087925,0.00773072
1771742640.727036,3.340000,0.010000,0.087908,0.000101,-0.131151,-7.5144,-0.569665,-0.349612,1.333123,0.251369,0.251369,14.4024,14.4024,1,1,0.087908,0.00772787
1771742640.737036,3.350000,0.010000,0.087884,0.000062,-0.135233,-7.7483,-0.518891,-0.334456,1.515549,0.223384,0.223384,12.7990,12.7990,1,1,0.087884,0.00772363
1771742640.747036,3.360000,0.010000,0.087850,-0.000620,-0.138775,-7.9512,-0.462105,-0.317705,1.675171,0.220881,0.220881,12.6556,12.6556,1,1,0.087850,0.00771760
1771742640.757036,3.370000,0.010000,0.087802,-0.001966,-0.141755,-8.1219,-0.400697,-0.299556,1.814840,0.219672,0.219672,12.5863,12.5863,1,1,0.087802,0.00770911
1771742640.767036,3.380000,0.010000,0.087736,-0.003761,-0.144156,-8.2595,-0.336568,-0.280186,1.937051,0.224723,0.224723,12.8757,12.8757,1,1,0.087736,0.00769756
1771742640.777036,3.390000,0.010000,0.087650,-0.005927,-0.145968,-8.3633,-0.270149,-0.259746,2.043986,0.214553,0.214553,12.2930,12.2930,1,1,0.087650,0.00768248
1771742640.787036,3.400000,0.010000,0.087542,-0.008351,-0.147181,-8.4328,-0.202231,-0.238370,2.137553,0.231885,0.231885,13.2860,13.2860,1,1,0.087542,0.00766353
1771742640.797036,3.410000,0.010000,0.087410,-0.010935,-0.147790,-8.4678,-0.133409,-0.216176,2.219425,0.278659,0.278659,15.9660,15.9660,1,1,0.087410,0.00764051
1771742640.807036,3.420000,0.010000,0.087254,-0.013589,-0.147793,-8.4679,-0.064111,-0.193265,2.291063,0.289537,0.289537,16.5892,16.5892,1,1,0.087254,0.00761332
1771742640.817036,3.430000,0.010000,0.087075,-0.016227,-0.147189,-8.4333,0.005256,-0.169728,2.353746,0.286865,0.286865,16.4362,16.4362,1,1,0.087075,0.00758198
1771742640.827036,3.440000,0.010000,0.086871,-0.018779,-0.145978,-8.3639,0.074541,-0.145642,2.408593,0.263057,0.263057,15.0721,15.0721,1,1,0.086871,0.00754662
1771742640.837036,3.450000,0.010000,0.086646,-0.021166,-0.144165,-8.2600,0.143484,-0.121076,2.456585,0.218158,0.218158,12.4995,12.4995,1,1,0.086646,0.00750749
1771742640.847036,3.460000,0.010000,0.086400,-0.023316,-0.141753,-8.1218,0.211856,-0.096090,2.498578,0.218933,0.218933,12.5439,12.5439,1,1,0.086400,0.00746494
1771742640.857036,3.470000,0.010000,0.086136,-0.025159,-0.138748,-7.9497,0.279481,-0.070737,2.535321,0.167385,0.167385,9.5905,9.5905,1,1,0.086136,0.00741942
1771742640.867036,3.480000,0.010000,0.085857,-0.026630,-0.135158,-7.7440,0.346208,-0.045062,2.567472,0.019895,0.019895,1.1399,1.1399,1,1,0.085857,0.00737144
1771742640.877036,3.490000,0.010000,0.085566,-0.027665,-0.130988,-7.5051,0.411916,-0.019106,2.595604,-0.130955,-0.130955,-7.5032,-7.5032,1,1,0.085566,0.00732162
1771742640.887036,3.500000,0.010000,0.085268,-0.028205,-0.126248,-7.2335,0.476514,0.007096,2.620219,-0.211037,-0.211037,-12.0915,-12.0915,1,1,0.085268,0.00727066
1771742640.897036,3.510000,0.010000,0.084967,-0.028194,-0.120947,-6.9297,0.539935,0.033513,2.641758,-0.255872,-0.255872,-14.6604,-14.6604,1,1,0.084967,0.00721932
1771742640.907036,3.520000,0.010000,0.084674,-0.027196,-0.115205,-6.6007,0.596416,0.056143,2.262990,-0.284576,-0.284576,-16.3050,-16.3050,1,1,0.084674,0.00716974
1771742640.917036,3.530000,0.010000,0.084398,-0.025315,-0.109047,-6.2479,0.647906,0.078111,2.196768,-0.268281,-0.268281,-15.3714,-15.3714,1,1,0.084398,0.00712294
1771742640.927036,3.540000,0.010000,0.084140,-0.022719,-0.102460,-5.8705,0.697352,0.100823,2.271237,-0.247651,-0.247651,-14.1893,-14.1893,1,1,0.084140,0.00707952
1771742640.937036,3.550000,0.010000,0.083906,-0.019465,-0.095435,-5.4680,0.746078,0.124187,2.336399,-0.223991,-0.223991,-12.8338,-12.8338,1,1,0.083906,0.00704017
1771742640.947036,3.560000,0.010000,0.083707,-0.015241,-0.088068,-5.0459,0.789890,0.144522,2.033476,-0.201745,-0.201745,-11.5591,-11.5591,1,1,0.083707,0.00700687
1771742640.957036,3.570000,0.010000,0.083560,-0.009687,-0.080518,-4.6133,0.823603,0.159339,1.481691,-0.259782,-0.259782,-14.8844,-14.8844,1,1,0.083560,0.00698231
1771742640.967036,3.580000,0.010000,0.083481,-0.002631,-0.072932,-4.1787,0.844565,0.168813,0.947413,-0.332670,-0.332670,-19.0606,-19.0606,1,1,0.083481,0.00696902
1771742640.977036,3.590000,0.010000,0.083456,0.000266,-0.065309,-3.7420,0.873853,0.175078,0.626500,-0.390450,-0.390450,-22.3711,-22.3711,1,1,0.083456,0.00696488
1771742640.987036,3.600000,0.010000,0.083457,0.000245,-0.057797,-3.3115,0.888368,0.177069,0.199122,-0.410916,-0.410916,-23.5438,-23.5438,1,1,0.083457,0.00696505
1771742640.997036,3.610000,0.010000,0.083458,0.000220,-0.050541,-2.8958,0.865923,0.175321,-0.174834,-0.421560,-0.421560,-24.1536,-24.1536,1,1,0.083458,0.00696518
1771742641.007036,3.620000,0.010000,0.083458,0.000198,-0.043597,-2.4979,0.831501,0.170301,-0.502046,-0.424458,-0.424458,-24.3196,-24.3196,1,1,0.083458,0.00696529
1771742641.017036,3.630000,0.010000,0.083459,0.000176,-0.037028,-2.1215,0.788760,0.162417,-0.788356,-0.423102,-0.423102,-24.2420,-24.2420,1,1,0.083459,0.00696538
1771742641.027036,3.640000,0.010000,0.083459,0.000153,-0.030889,-1.7698,0.739207,0.152028,-1.038877,-0.420157,-0.420157,-24.0732,-24.0732,1,1,0.083459,0.00696546
1771742641.037036,3.650000,0.010000,0.083460,0.000131,-0.025226,-1.4453,0.683994,0.139447,-1.258083,-0.417986,-0.417986,-23.9489,-23.9489,1,1,0.083460,0.00696552
1771742641.047036,3.660000,0.010000,0.083460,0.000109,-0.020076,-1.1503,0.624111,0.124949,-1.449889,-0.415709,-0.415709,-23.8184,-23.8184,1,1,0.083460,0.00696557
1771742641.057036,3.670000,0.010000,0.083460,0.000087,-0.015470,-0.8863,0.560415,0.108771,-1.617719,-0.411643,-0.411643,-23.5854,-23.5854,1,1,0.083460,0.00696562
1771742641.067036,3.680000,0.010000,0.083460,0.000068,-0.011432,-0.6550,0.493648,0.091126,-1.764570,-0.400712,-0.400712,-22.9591,-22.9591,1,1,0.083460,0.00696565
1771742641.077036,3.690000,0.010000,0.083461,0.000050,-0.007981,-0.4573,0.424454,0.072195,-1.893064,-0.389606,-0.389606,-22.3228,-22.3228,1,1,0.083461,0.00696567
1771742641.087036,3.700000,0.010000,0.083461,0.000034,-0.005133,-0.2941,0.353392,0.052140,-2.005497,-0.388774,-0.388774,-22.2751,-22.2751,1,1,0.083461,0.00696568
1771742641.097036,3.710000,0.010000,0.083461,0.000021,-0.002898,-0.1660,0.280942,0.031101,-2.103876,-0.388770,-0.388770,-22.2749,-22.2749,1,1,0.083461,0.00696569
1771742641.107036,3.720000,0.010000,0.083461,0.000011,-0.001283,-0.0735,0.207520,0.009202,-2.189957,-0.383193,-0.383193,-21.9553,-21.9553,1,1,0.083461,0.00696569
1771742641.117036,3.730000,0.010000,0.083461,0.000005,-0.000293,-0.0168,0.133485,-0.013451,-2.265278,-0.380430,-0.380430,-21.7970,-21.7970,1,1,0.083461,0.00696569
1771742641.127036,3.740000,0.010000,0.083461,0.000001,0.000069,0.0040,0.059144,-0.036763,-2.331184,-0.378444,-0.378444,-21.6833,-21.6833,1,1,0.083461,0.00696569
1771742641.137036,3.750000,0.010000,0.083461,-0.000000,-0.000195,-0.0112,-0.015239,-0.060651,-2.388852,-0.384099,-0.384099,-22.0072,-22.0072,1,1,0.083461,0.00696569
1771742641.147036,3.760000,0.010000,0.083461,0.000002,-0.001084,-0.0621,-0.089438,-0.085045,-2.439312,-0.382955,-0.382955,-21.9417,-21.9417,1,1,0.083461,0.00696569
1771742641.157036,3.770000,0.010000,0.083461,0.000007,-0.002595,-0.1487,-0.163264,-0.109879,-2.483463,-0.387374,-0.387374,-22.1949,-22.1949,1,1,0.083461,0.00696570
1771742641.167036,3.780000,0.010000,0.083461,0.000015,-0.004723,-0.2706,-0.236552,-0.135100,-2.522096,-0.392776,-0.392776,-22.5044,-22.5044,1,1,0.083461,0.00696571
1771742641.177036,3.790000,0.010000,0.083461,0.000026,-0.007461,-0.4275,-0.309166,-0.160659,-2.555900,-0.401535,-0.401535,-23.0063,-23.0063,1,1,0.083461,0.00696573
1771742641.187036,3.800000,0.010000,0.083461,0.000040,-0.010802,-0.6189,-0.380991,-0.186514,-2.585479,-0.414570,-0.414570,-23.7531,-23.7531,1,1,0.083461,0.00696575
1771742641.197036,3.810000,0.010000,0.083461,0.000057,-0.014741,-0.8446,-0.451931,-0.212628,-2.611360,-0.422166,-0.422166,-24.1883,-24.1883,1,1,0.083461,0.00696579
1771742641.207036,3.820000,0.010000,0.083462,0.000072,-0.019146,-1.0970,-0.510180,-0.234750,-2.212226,-0.419520,-0.419520,-24.0367,-24.0367,1,1,0.083462,0.00696583
1771742641.217036,3.830000,0.010000,0.083462,0.000086,-0.023937,-1.3715,-0.558066,-0.254003,-1.925302,-0.389353,-0.389353,-22.3083,-22.3083,1,1,0.083462,0.00696588
1771742641.227036,3.840000,0.010000,0.083462,0.000098,-0.029042,-1.6640,-0.597306,-0.270849,-1.684593,-0.311812,-0.311812,-17.8655,-17.8655,1,1,0.083462,0.00696594
1771742641.237036,3.850000,0.010000,0.083463,0.000108,-0.034382,-1.9699,-0.627140,-0.284892,-1.404305,-0.183012,-0.183012,-10.4858,-10.4858,1,1,0.083463,0.00696600
1771742641.247036,3.860000,0.010000,0.083463,0.000115,-0.039897,-2.2859,-0.649654,-0.296834,-1.194228,-0.035983,-0.035983,-2.0617,-2.0617,1,1,0.083463,0.00696606
1771742641.257036,3.870000,0.010000,0.083463,0.000120,-0.045542,-2.6093,-0.666192,-0.307035,-1.020127,0.047167,0.047167,2.7025,2.7025,1,1,0.083463,0.00696613
1771742641.267036,3.880000,0.010000,0.083464,0.000125,-0.051300,-2.9393,-0.680264,-0.316668,-0.963294,0.090747,0.090747,5.1994,5.1994,1,1,0.083464,0.00696619
1771742641.277036,3.890000,0.010000,0.083464,0.000128,-0.057133,-3.2735,-0.690072,-0.324954,-0.828580,0.126210,0.126210,7.2313,7.2313,1,1,0.083464,0.00696626
1771742641.287036,3.900000,0.010000,0.083465,0.000131,-0.063029,-3.6113,-0.697948,-0.332757,-0.780253,0.153687,0.153687,8.8056,8.8056,1,1,0.083465,0.00696633
1771742641.297036,3.910000,0.010000,0.083465,0.000133,-0.068979,-3.9522,-0.704653,-0.340259,-0.750243,0.181002,0.181002,10.3706,10.3706,1,1,0.083465,0.00696640
1771742641.307036,3.920000,0.010000,0.083465,0.000135,-0.074988,-4.2965,-0.711552,-0.347919,-0.765949,0.193948,0.193948,11.1124,11.1124,1,1,0.083465,0.00696647
1771742641.317036,3.930000,0.010000,0.083466,0.000139,-0.081073,-4.6451,-0.720195,-0.356250,-0.833139,0.193984,0.193984,11.1145,11.1145,1,1,0.083466,0.00696654
1771742641.327036,3.940000,0.010000,0.083466,0.000142,-0.087228,-4.9978,-0.728559,-0.364489,-0.823952,0.186994,0.186994,10.7140,10.7140,1,1,0.083466,0.00696661
1771742641.337036,3.950000,0.010000,0.083467,0.000143,-0.093412,-5.3521,-0.732942,-0.371368,-0.687881,0.177776,0.177776,10.1858,10.1858,1,1,0.083467,0.00696668
1771742641.347036,3.960000,0.010000,0.083467,0.000139,-0.099505,-5.7012,-0.724777,-0.373897,-0.252830,0.178569,0.178569,10.2313,10.2313,1,1,0.083467,0.00696675
1771742641.357036,3.970000,0.010000,0.083467,0.000130,-0.105410,-6.0396,-0.705075,-0.372618,0.127839,0.208768,0.208768,11.9615,11.9615,1,1,0.083467,0.00696681
1771742641.367036,3.980000,0.010000,0.083468,0.000124,-0.111048,-6.3626,-0.675422,-0.368009,0.460925,0.241152,0.241152,13.8170,13.8170,1,1,0.083468,0.00696685
1771742641.377036,3.990000,0.010000,0.083467,0.000117,-0.116353,-6.6665,-0.638651,-0.360485,0.752375,0.277502,0.277502,15.8997,15.8997,1,1,0.083467,0.00696669
1771742641.387036,4.000000,0.010000,0.083460,0.000111,-0.121270,-6.9483,-0.599435,-0.350411,1.007394,0.292640,0.292640,16.7671,16.7671,1,1,0.083460,0.00696565
1771742641.397036,4.010000,0.010000,0.083447,0.000096,-0.125752,-7.2051,-0.557919,-0.338106,1.230536,0.258429,0.258429,14.8069,14.8069,1,1,0.083447,0.00696333
1771742641.407036,4.020000,0.010000,0.083424,0.000077,-0.129758,-7.4346,-0.513212,-0.323848,1.425785,0.238200,0.238200,13.6479,13.6479,1,1,0.083424,0.00695949
1771742641.417036,4.030000,0.010000,0.083391,0.000063,-0.133254,-7.6349,-0.465061,-0.307882,1.596628,0.227733,0.227733,13.0481,13.0481,1,1,0.083391,0.00695408
1771742641.427036,4.040000,0.010000,0.083349,-0.000153,-0.136212,-7.8044,-0.412696,-0.290421,1.746115,0.209763,0.209763,12.0185,12.0185,1,1,0.083349,0.00694700
1771742641.437036,4.050000,0.010000,0.083294,-0.000937,-0.138604,-7.9414,-0.355450,-0.271651,1.876916,0.212007,0.212007,12.1471,12.1471,1,1,0.083294,0.00693788
1771742641.447036,4.060000,0.010000,0.083224,-0.002177,-0.140418,-8.0454,-0.294922,-0.251738,1.991368,0.183653,0.183653,10.5225,10.5225,1,1,0.083224,0.00692627
1771742641.457036,4.070000,0.010000,0.083137,-0.003715,-0.141644,-8.1156,-0.232247,-0.230823,2.091513,0.200889,0.200889,11.5101,11.5101,1,1,0.083137,0.00691184
1771742641.467036,4.080000,0.010000,0.083032,-0.005471,-0.142275,-8.1518,-0.167806,-0.209031,2.179139,0.227709,0.227709,13.0468,13.0468,1,1,0.083032,0.00689434
1771742641.477036,4.090000,0.010000,0.082908,-0.007344,-0.142306,-8.1536,-0.102273,-0.186473,2.255813,0.227618,0.227618,13.0415,13.0415,1,1,0.082908,0.00687368
1771742641.487036,4.100000,0.010000,0.082764,-0.009236,-0.141737,-8.1209,-0.036212,-0.163244,2.322902,0.223258,0.223258,12.7917,12.7917,1,1,0.082764,0.00684984
1771742641.497036,4.110000,0.010000,0.082601,-0.011067,-0.140567,-8.0539,0.030074,-0.139428,2.381605,0.188000,0.188000,10.7716,10.7716,1,1,0.082601,0.00682294
1771742641.507036,4.120000,0.010000,0.082421,-0.012757,-0.138798,-7.9525,0.096227,-0.115098,2.432970,0.167008,0.167008,9.5689,9.5689,1,1,0.082421,0.00679319
1771742641.517036,4.130000,0.010000,0.082224,-0.014226,-0.136435,-7.8171,0.161957,-0.090319,2.477915,0.136225,0.136225,7.8051,7.8051,1,1,0.082224,0.00676087
1771742641.527036,4.140000,0.010000,0.082015,-0.015404,-0.133482,-7.6479,0.227024,-0.065147,2.517241,0.068817,0.068817,3.9429,3.9429,1,1,0.082015,0.00672639
1771742641.537036,4.150000,0.010000,0.081794,-0.016221,-0.129945,-7.4453,0.291234,-0.039630,2.551652,-0.080774,-0.080774,-4.6280,-4.6280,1,1,0.081794,0.00669021
1771742641.547036,4.160000,0.010000,0.081565,-0.016614,-0.125832,-7.2096,0.354446,-0.013813,2.581761,-0.201586,-0.201586,-11.5500,-11.5500,1,1,0.081565,0.00665291
1771742641.557036,4.170000,0.010000,0.081333,-0.016522,-0.121150,-6.9414,0.416536,0.012268,2.608107,-0.261388,-0.261388,-14.9764,-14.9764,1,1,0.081333,0.00661510
1771742641.567036,4.180000,0.010000,0.081104,-0.015798,-0.115944,-6.6431,0.476042,0.037236,2.496728,-0.283181,-0.283181,-16.2251,-16.2251,1,1,0.081104,0.00657791
1771742641.577036,4.190000,0.010000,0.080896,-0.013990,-0.110409,-6.3260,0.526703,0.055591,1.835572,-0.283781,-0.283781,-16.2595,-16.2595,1,1,0.080896,0.00654414
1771742641.587036,4.200000,0.010000,0.080713,-0.011276,-0.104553,-5.9904,0.571428,0.073754,1.816222,-0.261933,-0.261933,-15.0077,-15.0077,1,1,0.080713,0.00651453
1771742641.597036,4.210000,0.010000,0.080557,-0.007834,-0.098350,-5.6351,0.613243,0.092998,1.924442,-0.246298,-0.246298,-14.1119,-14.1119,1,1,0.080557,0.00648944
1771742641.607036,4.220000,0.010000,0.080439,-0.003549,-0.091874,-5.2640,0.650733,0.109826,1.682748,-0.230638,-0.230638,-13.2146,-13.2146,1,1,0.080439,0.00647039
1771742641.617036,4.230000,0.010000,0.080361,0.000153,-0.085179,-4.8804,0.688384,0.124005,1.417905,-0.219086,-0.219086,-12.5527,-12.5527,1,1,0.080361,0.00645794
1771742641.627036,4.240000,0.010000,0.080316,0.000178,-0.078361,-4.4897,0.733899,0.132921,0.891601,-0.278946,-0.278946,-15.9824,-15.9824,1,1,0.080316,0.00645068
1771742641.637036,4.250000,0.010000,0.080300,0.000188,-0.071601,-4.1025,0.768967,0.137231,0.431085,-0.355498,-0.355498,-20.3685,-20.3685,1,1,0.080300,0.00644801
1771742641.647036,4.260000,0.010000,0.080300,0.000177,-0.065021,-3.7254,0.777665,0.137513,0.028133,-0.388078,-0.388078,-22.2353,-22.2353,1,1,0.080300,0.00644812
1771742641.657036,4.270000,0.010000,0.080301,0.000160,-0.058713,-3.3640,0.753969,0.134268,-0.324449,-0.395518,-0.395518,-22.6615,-22.6615,1,1,0.080301,0.00644821
1771742641.667036,4.280000,0.010000,0.080301,0.000143,-0.052729,-3.0212,0.718615,0.127939,-0.632959,-0.397044,-0.397044,-22.7490,-22.7490,1,1,0.080301,0.00644829
1771742641.677036,4.290000,0.010000,0.080302,0.000125,-0.047128,-2.7003,0.675345,0.118910,-0.902905,-0.391379,-0.391379,-22.4244,-22.4244,1,1,0.080302,0.00644835
1771742641.687036,4.300000,0.010000,0.080302,0.000107,-0.041961,-2.4042,0.625676,0.107519,-1.139108,-0.376632,-0.376632,-21.5794,-21.5794,1,1,0.080302,0.00644840
1771742641.697036,4.310000,0.010000,0.080302,0.000089,-0.037269,-2.1354,0.570714,0.094061,-1.345785,-0.360192,-0.360192,-20.6375,-20.6375,1,1,0.080302,0.00644844
1771742641.707036,4.320000,0.010000,0.080302,0.000071,-0.033087,-1.8958,0.511396,0.078794,-1.526628,-0.323723,-0.323723,-18.5480,-18.5480,1,1,0.080302,0.00644848
1771742641.717036,4.330000,0.010000,0.080303,0.000054,-0.029444,-1.6870,0.448530,0.061946,-1.684865,-0.262424,-0.262424,-15.0358,-15.0358,1,1,0.080303,0.00644850
1771742641.727036,4.340000,0.010000,0.080303,0.000040,-0.026362,-1.5104,0.382819,0.043713,-1.823323,-0.213739,-0.213739,-12.2463,-12.2463,1,1,0.080303,0.00644852
1771742641.737036,4.350000,0.010000,0.080303,0.000027,-0.023857,-1.3669,0.314870,0.024268,-1.944473,-0.169441,-0.169441,-9.7083,-9.7083,1,1,0.080303,0.00644852
1771742641.747036,4.360000,0.010000,0.080303,0.000016,-0.021945,-1.2573,0.245209,0.003763,-2.050480,-0.150088,-0.150088,-8.5994,-8.5994,1,1,0.080303,0.00644853
1771742641.757036,4.370000,0.010000,0.080303,0.000008,-0.020633,-1.1822,0.174290,-0.017669,-2.143236,-0.131152,-0.131152,-7.5145,-7.5145,1,1,0.080303,0.00644853
1771742641.767036,4.380000,0.010000,0.080303,0.000003,-0.019929,-1.1419,0.102504,-0.039913,-2.224397,-0.140951,-0.140951,-8.0759,-8.0759,1,1,0.080303,0.00644853
1771742641.777036,4.390000,0.010000,0.080303,0.000000,-0.019837,-1.1365,0.030192,-0.062867,-2.295413,-0.185111,-0.185111,-10.6061,-10.6061,1,1,0.080303,0.00644853
1771742641.787036,4.400000,0.010000,0.080303,0.000001,-0.020357,-1.1663,-0.042361,-0.086443,-2.357553,-0.241573,-0.241573,-13.8411,-13.8411,1,1,0.080303,0.00644853
1771742641.797036,4.410000,0.010000,0.080303,0.000003,-0.021489,-1.2312,-0.114902,-0.110562,-2.411924,-0.275337,-0.275337,-15.7756,-15.7756,1,1,0.080303,0.00644853
1771742641.807036,4.420000,0.010000,0.080303,0.000009,-0.023230,-1.3310,-0.187223,-0.135157,-2.459500,-0.309196,-0.309196,-17.7156,-17.7156,1,1,0.080303,0.00644854
1771742641.817036,4.430000,0.010000,0.080303,0.000017,-0.025578,-1.4655,-0.259141,-0.160168,-2.501128,-0.349254,-0.349254,-20.0108,-20.0108,1,1,0.080303,0.00644855
1771742641.827036,4.440000,0.010000,0.080303,0.000028,-0.028516,-1.6338,-0.329505,-0.185171,-2.500289,-0.367989,-0.367989,-21.0842,-21.0842,1,1,0.080303,0.00644857
1771742641.837036,4.450000,0.010000,0.080303,0.000038,-0.031840,-1.8243,-0.380451,-0.203558,-1.838687,-0.359540,-0.359540,-20.6001,-20.6001,1,1,0.080303,0.00644859
1771742641.847036,4.460000,0.010000,0.080303,0.000044,-0.035391,-2.0278,-0.412486,-0.216156,-1.259785,-0.228628,-0.228628,-13.0994,-13.0994,1,1,0.080303,0.00644862
1771742641.857036,4.470000,0.010000,0.080303,0.000047,-0.039037,-2.2367,-0.428007,-0.223689,-0.753246,-0.045999,-0.045999,-2.6355,-2.6355,1,1,0.080303,0.00644864
1771742641.867036,4.480000,0.010000,0.080304,0.000047,-0.042663,-2.4444,-0.429342,-0.226789,-0.310025,0.000214,0.000214,0.0123,0.0123,1,1,0.080304,0.00644866
1771742641.877036,4.490000,0.010000,0.080304,0.000044,-0.046170,-2.6453,-0.418548,-0.226011,0.077794,-0.026820,-0.026820,-1.5367,-1.5367,1,1,0.080304,0.00644869
1771742641.887036,4.500000,0.010000,0.080304,0.000039,-0.049476,-2.8347,-0.397422,-0.221839,0.417136,-0.085063,-0.085063,-4.8737,-4.8737,1,1,0.080304,0.00644870
1771742641.897036,4.510000,0.010000,0.080304,0.000033,-0.052509,-3.0086,-0.367529,-0.214699,0.714060,-0.135266,-0.135266,-7.7502,-7.7502,1,1,0.080304,0.00644871
1771742641.907036,4.520000,0.010000,0.080304,0.000029,-0.055385,-3.1734,-0.346469,-0.211000,0.369848,-0.174175,-0.174175,-9.9795,-9.9795,1,1,0.080304,0.00644872
1771742641.917036,4.530000,0.010000,0.080304,0.000028,-0.058213,-3.3354,-0.337516,-0.211255,-0.025448,-0.094388,-0.094388,-5.4080,-5.4080,1,1,0.080304,0.00644874
1771742641.927036,4.540000,0.010000,0.080304,0.000028,-0.061082,-3.4997,-0.339478,-0.214968,-0.371333,0.007104,0.007104,0.4070,0.4070,1,1,0.080304,0.00644875
1771742641.937036,4.550000,0.010000,0.080304,0.000031,-0.064067,-3.6708,-0.350827,-0.221708,-0.673982,0.123028,0.123028,7.0490,7.0490,1,1,0.080304,0.00644876
1771742641.947036,4.560000,0.010000,0.080304,0.000035,-0.067233,-3.8522,-0.370173,-0.231096,-0.938801,0.232467,0.232467,13.3194,13.3194,1,1,0.080304,0.00644878
1771742641.957036,4.570000,0.010000,0.080304,0.000040,-0.070635,-4.0471,-0.396296,-0.242801,-1.170516,0.283932,0.283932,16.2681,16.2681,1,1,0.080304,0.00644880
1771742641.967036,4.580000,0.010000,0.080305,0.000047,-0.074319,-4.2581,-0.428135,-0.256534,-1.373268,0.307363,0.307363,17.6106,17.6106,1,1,0.080305,0.00644883
1771742641.977036,4.590000,0.010000,0.080305,0.000051,-0.078122,-4.4760,-0.445997,-0.265059,-0.852543,0.310520,0.310520,17.7915,17.7915,1,1,0.080305,0.00644885
1771742641.987036,4.600000,0.010000,0.080305,0.000051,-0.081923,-4.6938,-0.449592,-0.269028,-0.396910,0.328792,0.328792,18.8384,18.8384,1,1,0.080305,0.00644888
1771742641.997036,4.610000,0.010000,0.080305,0.000049,-0.085621,-4.9057,-0.440708,-0.269011,0.001770,0.330612,0.330612,18.9427,18.9427,1,1,0.080305,0.00644890
1771742642.007036,4.620000,0.010000,0.080305,0.000044,-0.089130,-5.1068,-0.421156,-0.265505,0.350615,0.306641,0.306641,17.5693,17.5693,1,1,0.080305,0.00644892
1771742642.017036,4.630000,0.010000,0.080305,0.000037,-0.092378,-5.2929,-0.392541,-0.258946,0.655854,0.243987,0.243987,13.9794,13.9794,1,1,0.080305,0.00644893
1771742642.027036,4.640000,0.010000,0.080305,0.000030,-0.095303,-5.4604,-0.356279,-0.249717,0.922938,0.179559,0.179559,10.2880,10.2880,1,1,0.080305,0.00644894
1771742642.037036,4.650000,0.010000,0.080305,0.000024,-0.097914,-5.6101,-0.320002,-0.240274,0.944272,0.102582,0.102582,5.8775,5.8775,1,1,0.080305,0.00644885
1771742642.047036,4.660000,0.010000,0.080300,0.000022,-0.100159,-5.7387,-0.282867,-0.228521,1.175304,0.084048,0.084048,4.8156,4.8156,1,1,0.080300,0.00644802
1771742642.057036,4.670000,0.010000,0.080287,0.000015,-0.101994,-5.8438,-0.244095,-0.214746,1.377457,-0.009436,-0.009436,-0.5406,-0.5406,1,1,0.080287,0.00644608
1771742642.067036,4.680000,0.010000,0.080267,0.000010,-0.103382,-5.9234,-0.202978,-0.199203,1.554341,-0.053936,-0.053936,-3.0903,-3.0903,1,1,0.080267,0.00644280
1771742642.077036,4.690000,0.010000,0.080238,0.000005,-0.104293,-5.9756,-0.159155,-0.182112,1.709114,-0.022257,-0.022257,-1.2752,-1.2752,1,1,0.080238,0.00643810
1771742642.087036,4.700000,0.010000,0.080200,0.000002,-0.104704,-5.9991,-0.112528,-0.163666,1.844541,0.014679,0.014679,0.8411,0.8411,1,1,0.080200,0.00643200
1771742642.097036,4.710000,0.010000,0.080153,-0.000000,-0.104595,-5.9928,-0.063393,-0.144036,1.963039,0.050799,0.050799,2.9106,2.9106,1,1,0.080153,0.00642454
1771742642.107036,4.720000,0.010000,0.080099,-0.000002,-0.103952,-5.9560,-0.011958,-0.123369,2.066725,-0.028591,-0.028591,-1.6381,-1.6381,1,1,0.080099,0.00641582
1771742642.117036,4.730000,0.010000,0.080037,-0.000002,-0.102766,-5.8880,0.041624,-0.101794,2.157450,-0.137297,-0.137297,-7.8665,-7.8665,1,1,0.080037,0.00640593
1771742642.127036,4.740000,0.010000,0.079969,0.000002,-0.101027,-5.7884,0.097147,-0.079426,2.236835,-0.182509,-0.182509,-10.4570,-10.4570,1,1,0.079969,0.00639500
1771742642.137036,4.750000,0.010000,0.079895,0.000007,-0.098732,-5.6569,0.154403,-0.056363,2.306296,-0.209570,-0.209570,-12.0075,-12.0075,1,1,0.079895,0.00638318
1771742642.147036,4.760000,0.010000,0.079816,0.000014,-0.095878,-5.4934,0.213163,-0.032692,2.367075,-0.214465,-0.214465,-12.2879,-12.2879,1,1,0.079816,0.00637061
1771742642.157036,4.770000,0.010000,0.079734,0.000025,-0.092464,-5.2978,0.273213,-0.008490,2.420256,-0.237556,-0.237556,-13.6109,-13.6109,1,1,0.079734,0.00635744
1771742642.167036,4.780000,0.010000,0.079659,0.000037,-0.088677,-5.0808,0.329965,0.009197,1.768659,-0.232215,-0.232215,-13.3049,-13.3049,1,1,0.079659,0.00634564
1771742642.177036,4.790000,0.010000,0.079602,0.000050,-0.084675,-4.8515,0.380585,0.021182,1.198510,-0.185207,-0.185207,-10.6116,-10.6116,1,1,0.079602,0.00633654
1771742642.187036,4.800000,0.010000,0.079568,0.000059,-0.080593,-4.6177,0.423371,0.028178,0.699631,-0.163867,-0.163867,-9.3889,-9.3889,1,1,0.079568,0.00633100
1771742642.197036,4.810000,0.010000,0.079558,0.000067,-0.076549,-4.3859,0.456603,0.030809,0.263111,-0.082433,-0.082433,-4.7231,-4.7231,1,1,0.079558,0.00632949
1771742642.207036,4.820000,0.010000,0.079558,0.000062,-0.072662,-4.1633,0.459668,0.029621,-0.118844,-0.016231,-0.016231,-0.9300,-0.9300,1,1,0.079558,0.00632953
1771742642.217036,4.830000,0.010000,0.079559,0.000057,-0.068934,-3.9496,0.445696,0.027753,-0.186770,0.065149,0.065149,3.7328,3.7328,1,1,0.079559,0.00632956
1771742642.227036,4.840000,0.010000,0.079559,0.000055,-0.065236,-3.7378,0.439776,0.029610,0.185642,0.069897,0.069897,4.0048,4.0048,1,1,0.079559,0.00632959
1771742642.237036,4.850000,0.010000,0.079559,0.000051,-0.061683,-3.5342,0.425077,0.027743,-0.186629,-0.032495,-0.032495,-1.8618,-1.8618,1,1,0.079559,0.00632962
1771742642.247036,4.860000,0.010000,0.079559,0.000045,-0.058357,-3.3436,0.400895,0.022620,-0.512366,0.045119,0.045119,2.5851,2.5851,1,1,0.079559,0.00632964
1771742642.257036,4.870000,0.010000,0.079559,0.000038,-0.055324,-3.1698,0.368421,0.014646,-0.797387,0.079546,0.079546,4.5577,4.5577,1,1,0.079559,0.00632966
1771742642.267036,4.880000,0.010000,0.079559,0.000030,-0.052641,-3.0161,0.328923,0.004178,-1.046779,0.115440,0.115440,6.6142,6.6142,1,1,0.079559,0.00632968
1771742642.277036,4.890000,0.010000,0.079559,0.000022,-0.050354,-2.8851,0.283534,-0.008472,-1.264998,0.157211,0.157211,9.0075,9.0075,1,1,0.079559,0.00632969
1771742642.287036,4.900000,0.010000,0.079559,0.000015,-0.048504,-2.7791,0.233246,-0.023031,-1.455939,0.179363,0.179363,10.2767,10.2767,1,1,0.079559,0.00632969
1771742642.297036,4.910000,0.010000,0.079559,0.000009,-0.047122,-2.6999,0.178919,-0.039261,-1.623012,0.197823,0.197823,11.3344,11.3344,1,1,0.079559,0.00632970
1771742642.307036,4.920000,0.010000,0.079559,0.000005,-0.046233,-2.6490,0.121301,-0.056953,-1.769202,0.216265,0.216265,12.3911,12.3911,1,1,0.079559,0.00632969
1771742642.317036,4.930000,0.010000,0.079559,0.000002,-0.045699,-2.6183,0.075973,-0.070318,-1.336427,0.211228,0.211228,12.1025,12.1025,1,1,0.079559,0.00632970
1771742642.327036,4.940000,0.010000,0.079559,0.000001,-0.045372,-2.5996,0.046863,-0.078521,-0.820308,0.196931,0.196931,11.2833,11.2833,1,1,0.079559,0.00632970
1771742642.337036,4.950000,0.010000,0.079559,0.000001,-0.045132,-2.5859,0.032421,-0.082208,-0.368703,0.136709,0.136709,7.8328,7.8328,1,1,0.079559,0.00632970
1771742642.347036,4.960000,0.010000,0.079559,0.000001,-0.044877,-2.5713,0.030644,-0.081943,0.026451,0.025616,0.025616,1.4677,1.4677,1,1,0.079559,0.00632970
1771742642.357036,4.970000,0.010000,0.079559,0.000001,-0.044521,-2.5509,0.039708,-0.078221,0.372210,-0.061489,-0.061489,-3.5230,-3.5230,1,1,0.079559,0.00632970
1771742642.367036,4.980000,0.010000,0.079559,0.000002,-0.044018,-2.5221,0.055259,-0.072505,0.571571,-0.097622,-0.097622,-5.5934,-5.5934,1,1,0.079559,0.00632970
1771742642.377036,4.990000,0.010000,0.079559,0.000003,-0.043299,-2.4808,0.078701,-0.064013,0.849191,-0.123483,-0.123483,-7.0750,-7.0750,1,1,0.079559,0.00632971
1771742642.387036,5.000000,0.010000,0.079559,0.000005,-0.042306,-2.4240,0.109126,-0.053092,1.092108,-0.158714,-0.158714,-9.0936,-9.0936,1,1,0.079559,0.00632971
1771742642.397036,5.010000,0.010000,0.079559,0.000008,-0.040993,-2.3487,0.145470,-0.040046,1.304660,-0.201843,-0.201843,-11.5647,-11.5647,1,1,0.079559,0.00632971
1771742642.407036,5.020000,0.010000,0.079560,0.000012,-0.039320,-2.2529,0.186770,-0.025139,1.490643,-0.249461,-0.249461,-14.2931,-14.2931,1,1,0.079560,0.00632972
1771742642.417036,5.030000,0.010000,0.079560,0.000017,-0.037254,-2.1345,0.232176,-0.008606,1.653379,-0.287788,-0.287788,-16.4890,-16.4890,1,1,0.079560,0.00632973
1771742642.427036,5.040000,0.010000,0.079559,0.000022,-0.034769,-1.9921,0.280165,0.009352,1.795772,-0.292524,-0.292524,-16.7604,-16.7604,1,1,0.079559,0.00632965
1771742642.437036,5.050000,0.010000,0.079557,0.000032,-0.031844,-1.8245,0.329349,0.028556,1.920367,-0.273087,-0.273087,-15.6468,-15.6468,1,1,0.079557,0.00632927
1771742642.447036,5.060000,0.010000,0.079552,0.000046,-0.028461,-1.6307,0.379967,0.048850,2.029387,-0.256599,-0.256599,-14.7020,-14.7020,1,1,0.079552,0.00632851
1771742642.457036,5.070000,0.010000,0.079549,0.000057,-0.024680,-1.4141,0.430185,0.067360,1.851013,-0.266681,-0.266681,-15.2797,-15.2797,1,1,0.079549,0.00632810
1771742642.467036,5.080000,0.010000,0.079550,0.000064,-0.020675,-1.1846,0.464826,0.080065,1.270570,-0.289181,-0.289181,-16.5689,-16.5689,1,1,0.079550,0.00632814
1771742642.477036,5.090000,0.010000,0.079550,0.000066,-0.016589,-0.9505,0.479986,0.087692,0.762683,-0.346854,-0.346854,-19.8733,-19.8733,1,1,0.079550,0.00632818
1771742642.487036,5.100000,0.010000,0.079550,0.000066,-0.012532,-0.7180,0.480544,0.090875,0.318282,-0.378003,-0.378003,-21.6580,-21.6580,1,1,0.079550,0.00632822
1771742642.497036,5.110000,0.010000,0.079550,0.000062,-0.008602,-0.4928,0.468894,0.090169,-0.070569,-0.388436,-0.388436,-22.2557,-22.2557,1,1,0.079550,0.00632825
1771742642.507036,5.120000,0.010000,0.079551,0.000056,-0.004882,-0.2797,0.446882,0.086061,-0.410814,-0.393912,-0.393912,-22.5695,-22.5695,1,1,0.079551,0.00632829
1771742642.517036,5.130000,0.010000,0.079551,0.000049,-0.001443,-0.0827,0.416085,0.078976,-0.708528,-0.395844,-0.395844,-22.6802,-22.6802,1,1,0.079551,0.00632831
1771742642.527036,5.140000,0.010000,0.079551,0.000040,0.001657,0.0949,0.377873,0.069286,-0.969028,-0.398784,-0.398784,-22.8486,-22.8486,1,1,0.079551,0.00632833
1771742642.537036,5.150000,0.010000,0.079551,0.000031,0.004366,0.2502,0.333440,0.057316,-1.196965,-0.401179,-0.401179,-22.9859,-22.9859,1,1,0.079551,0.00632834
1771742642.547036,5.160000,0.010000,0.079551,0.000023,0.006645,0.3807,0.283821,0.043352,-1.396410,-0.403281,-0.403281,-23.1063,-23.1063,1,1,0.079551,0.00632835
1771742642.557036,5.170000,0.010000,0.079551,0.000015,0.008459,0.4847,0.229918,0.027643,-1.570925,-0.408073,-0.408073,-23.3809,-23.3809,1,1,0.079551,0.00632836
1771742642.567036,5.180000,0.010000,0.079551,0.000009,0.009780,0.5604,0.172513,0.010406,-1.723625,-0.410295,-0.410295,-23.5082,-23.5082,1,1,0.079551,0.00632836
1771742642.577036,5.190000,0.010000,0.079551,0.000004,0.010586,0.6065,0.112286,-0.008166,-1.857238,-0.407842,-0.407842,-23.3676,-23.3676,1,1,0.079551,0.00632836
1771742642.587036,5.200000,0.010000,0.079551,0.000001,0.010860,0.6222,0.049826,-0.027907,-1.974149,-0.402632,-0.402632,-23.0691,-23.0691,1,1,0.079551,0.00632836
1771742642.597036,5.210000,0.010000,0.079551,0.000000,0.010588,0.6066,-0.014359,-0.048672,-2.076446,-0.400397,-0.400397,-22.9411,-22.9411,1,1,0.079551,0.00632836
1771742642.607036,5.220000,0.010000,0.079551,0.000001,0.009760,0.5592,-0.079827,-0.070331,-2.165956,-0.394892,-0.394892,-22.6256,-22.6256,1,1,0.079551,0.00632836
1771742642.617036,5.230000,0.010000,0.079551,0.000006,0.008370,0.4796,-0.146201,-0.092774,-2.244278,-0.389141,-0.389141,-22.2962,-22.2962,1,1,0.079551,0.00632837
1771742642.627036,5.240000,0.010000,0.079551,0.000012,0.006414,0.3675,-0.213154,-0.115902,-2.312809,-0.387258,-0.387258,-22.1883,-22.1883,1,1,0.079551,0.00632838
1771742642.637036,5.250000,0.010000,0.079551,0.000020,0.003889,0.2228,-0.280402,-0.139630,-2.372774,-0.385769,-0.385769,-22.1030,-22.1030,1,1,0.079551,0.00632839
1771742642.647036,5.260000,0.010000,0.079551,0.000031,0.000797,0.0456,-0.347706,-0.163882,-2.425243,-0.397890,-0.397890,-22.7974,-22.7974,1,1,0.079551,0.00632841
1771742642.657036,5.270000,0.010000,0.079551,0.000045,-0.002863,-0.1640,-0.414862,-0.188594,-2.471153,-0.413426,-0.413426,-23.6876,-23.6876,1,1,0.079551,0.00632844
1771742642.667036,5.280000,0.010000,0.079552,0.000061,-0.007085,-0.4059,-0.481693,-0.213707,-2.511325,-0.421772,-0.421772,-24.1658,-24.1658,1,1,0.079552,0.00632848
1771742642.677036,5.290000,0.010000,0.079552,0.000078,-0.011816,-0.6770,-0.543344,-0.237404,-2.369675,-0.423433,-0.423433,-24.2609,-24.2609,1,1,0.079552,0.00632852
1771742642.687036,5.300000,0.010000,0.079552,0.000094,-0.016978,-0.9728,-0.596787,-0.258738,-2.133367,-0.411779,-0.411779,-23.5932,-23.5932,1,1,0.079552,0.00632858
1771742642.697036,5.310000,0.010000,0.079553,0.000108,-0.022500,-1.2891,-0.641744,-0.277682,-1.894472,-0.361028,-0.361028,-20.6854,-20.6854,1,1,0.079553,0.00632864
1771742642.707036,5.320000,0.010000,0.079553,0.000121,-0.028302,-1.6216,-0.677591,-0.293952,-1.626999,-0.247379,-0.247379,-14.1738,-14.1738,1,1,0.079553,0.00632870
1771742642.717036,5.330000,0.010000,0.079554,0.000130,-0.034311,-1.9658,-0.704412,-0.307537,-1.358502,-0.071615,-0.071615,-4.1032,-4.1032,1,1,0.079554,0.00632877
1771742642.727036,5.340000,0.010000,0.079554,0.000137,-0.040470,-2.3188,-0.724285,-0.319145,-1.160747,0.055199,0.055199,3.1627,3.1627,1,1,0.079554,0.00632885
1771742642.737036,5.350000,0.010000,0.079555,0.000141,-0.046722,-2.6770,-0.737185,-0.328613,-0.946834,0.109408,0.109408,6.2686,6.2686,1,1,0.079555,0.00632892
1771742642.747036,5.360000,0.010000,0.079555,0.000143,-0.053016,-3.0376,-0.743882,-0.336179,-0.756604,0.143749,0.143749,8.2362,8.2362,1,1,0.079555,0.00632899
1771742642.757036,5.370000,0.010000,0.079555,0.000144,-0.059322,-3.3989,-0.746521,-0.342564,-0.638487,0.176517,0.176517,10.1137,10.1137,1,1,0.079555,0.00632906
1771742642.767036,5.380000,0.010000,0.079556,0.000143,-0.065616,-3.7595,-0.745979,-0.347965,-0.540068,0.199918,0.199918,11.4545,11.4545,1,1,0.079556,0.00632914
1771742642.777036,5.390000,0.010000,0.079556,0.000143,-0.071926,-4.1211,-0.747291,-0.354205,-0.624065,0.216835,0.216835,12.4237,12.4237,1,1,0.079556,0.00632921
1771742642.787036,5.400000,0.010000,0.079557,0.000145,-0.078283,-4.4853,-0.751910,-0.361608,-0.740257,0.222860,0.222860,12.7689,12.7689,1,1,0.079557,0.00632928
1771742642.797036,5.410000,0.010000,0.079557,0.000147,-0.084685,-4.8521,-0.757169,-0.369129,-0.752056,0.213943,0.213943,12.2580,12.2580,1,1,0.079557,0.00632935
1771742642.807036,5.420000,0.010000,0.079558,0.000148,-0.091111,-5.2203,-0.760454,-0.375917,-0.678801,0.203719,0.203719,11.6723,11.6723,1,1,0.079558,0.00632942
1771742642.817036,5.430000,0.010000,0.079558,0.000147,-0.097494,-5.5860,-0.757287,-0.380399,-0.448279,0.200572,0.200572,11.4919,11.4919,1,1,0.079558,0.00632950
1771742642.827036,5.440000,0.010000,0.079559,0.000140,-0.103727,-5.9431,-0.742586,-0.380831,-0.043179,0.223406,0.223406,12.8002,12.8002,1,1,0.079559,0.00632956
1771742642.837036,5.450000,0.010000,0.079559,0.000135,-0.109721,-6.2865,-0.717197,-0.377718,0.311285,0.250702,0.250702,14.3642,14.3642,1,1,0.079559,0.00632961
1771742642.847036,5.460000,0.010000,0.079559,0.000121,-0.115404,-6.6121,-0.683129,-0.371504,0.621440,0.294405,0.294405,16.8681,16.8681,1,1,0.079559,0.00632962
1771742642.857036,5.470000,0.010000,0.079554,0.000123,-0.120720,-6.9167,-0.646411,-0.362576,0.892826,0.320855,0.320855,18.3836,18.3836,1,1,0.079554,0.00632887
1771742642.867036,5.480000,0.010000,0.079541,0.000109,-0.125618,-7.1974,-0.608838,-0.351273,1.130288,0.298419,0.298419,17.0982,17.0982,1,1,0.079541,0.00632682
1771742642.877036,5.490000,0.010000,0.079518,0.000095,-0.130055,-7.4516,-0.569521,-0.337892,1.338068,0.269564,0.269564,15.4449,15.4449,1,1,0.079518,0.00632305
1771742642.887036,5.500000,0.010000,0.079482,0.000077,-0.133994,-7.6773,-0.527847,-0.322693,1.519875,0.264705,0.264705,15.1665,15.1665,1,1,0.079482,0.00631736
1771742642.897036,5.510000,0.010000,0.079433,0.000065,-0.137404,-7.8727,-0.483702,-0.305904,1.678957,0.252042,0.252042,14.4410,14.4410,1,1,0.079433,0.00630966
1771742642.907036,5.520000,0.010000,0.079371,-0.000115,-0.140260,-8.0363,-0.436650,-0.287722,1.818153,0.221420,0.221420,12.6864,12.6864,1,1,0.079371,0.00629983
1771742642.917036,5.530000,0.010000,0.079294,-0.000739,-0.142540,-8.1670,-0.385700,-0.268323,1.939950,0.204336,0.204336,11.7076,11.7076,1,1,0.079294,0.00628755
1771742642.927036,5.540000,0.010000,0.079199,-0.001812,-0.144231,-8.2638,-0.331423,-0.247857,2.046522,0.178400,0.178400,10.2216,10.2216,1,1,0.079199,0.00627244
1771742642.937036,5.550000,0.010000,0.079084,-0.003167,-0.145325,-8.3265,-0.275099,-0.226460,2.139773,0.178311,0.178311,10.2164,10.2164,1,1,0.079084,0.00625421
1771742642.947036,5.560000,0.010000,0.078948,-0.004706,-0.145817,-8.3547,-0.217270,-0.204246,2.221367,0.188239,0.188239,10.7853,10.7853,1,1,0.078948,0.00623271
1771742642.957036,5.570000,0.010000,0.078790,-0.006326,-0.145704,-8.3482,-0.158570,-0.181318,2.292762,0.177602,0.177602,10.1758,10.1758,1,1,0.078790,0.00620786
1771742642.967036,5.580000,0.010000,0.078611,-0.007939,-0.144987,-8.3071,-0.099461,-0.157766,2.355232,0.155436,0.155436,8.9059,8.9059,1,1,0.078611,0.00617973
1771742642.977036,5.590000,0.010000,0.078412,-0.009449,-0.143667,-8.2315,-0.040483,-0.133667,2.409894,0.146251,0.146251,8.3796,8.3796,1,1,0.078412,0.00614844
1771742642.987036,5.600000,0.010000,0.078194,-0.010764,-0.141748,-8.1216,0.017862,-0.109090,2.457723,0.132287,0.132287,7.5795,7.5795,1,1,0.078194,0.00611426
1771742642.997036,5.610000,0.010000,0.077958,-0.011795,-0.139235,-7.9776,0.075117,-0.084094,2.499574,0.060551,0.060551,3.4693,3.4693,1,1,0.077958,0.00607750
1771742643.007036,5.620000,0.010000,0.077714,-0.010262,-0.136255,-7.8069,0.084085,-0.058732,2.536193,-0.014336,-0.014336,-0.8214,-0.8214,1,1,0.077714,0.00603954
1771742643.017036,5.630000,0.010000,0.077424,-0.010543,-0.132543,-7.5941,0.025112,-0.033050,2.568235,-0.169477,-0.169477,-9.7103,-9.7103,1,1,0.077424,0.00599449
1771742643.027036,5.640000,0.010000,0.076981,-0.021206,-0.126717,-7.2604,0.124192,-0.007087,2.596271,-0.274656,-0.274656,-15.7366,-15.7366,1,1,0.076981,0.00592603
1771742643.037036,5.650000,0.010000,0.076467,-0.034772,-0.119587,-6.8518,0.462791,0.019121,2.620803,-0.242521,-0.242521,-13.8954,-13.8954,1,1,0.076467,0.00584716
1771742643.047036,5.660000,0.010000,0.076129,-0.026341,-0.114439,-6.5569,0.432100,0.042273,2.315194,-0.240375,-0.240375,-13.7725,-13.7725,1,1,0.076129,0.00579569
1771742643.057036,5.670000,0.010000,0.075816,-0.021973,-0.108990,-6.2447,0.448353,0.059289,1.701591,-0.256534,-0.256534,-14.6983,-14.6983,1,1,0.075816,0.00574810
1771742643.067036,5.680000,0.010000,0.075535,-0.016952,-0.103300,-5.9187,0.462094,0.074166,1.487774,-0.253631,-0.253631,-14.5320,-14.5320,1,1,0.075535,0.00570557
1771742643.077036,5.690000,0.010000,0.075292,-0.011261,-0.097391,-5.5801,0.473322,0.088425,1.425909,-0.231977,-0.231977,-13.2913,-13.2913,1,1,0.075292,0.00566888
1771742643.087036,5.700000,0.010000,0.075097,-0.004870,-0.091348,-5.2339,0.481685,0.099573,1.114707,-0.232334,-0.232334,-13.3118,-13.3118,1,1,0.075097,0.00563950
1771742643.097036,5.710000,0.010000,0.074952,0.000057,-0.085248,-4.8843,0.495407,0.106556,0.698298,-0.248826,-0.248826,-14.2567,-14.2567,1,1,0.074952,0.00561778
1771742643.107036,5.720000,0.010000,0.074838,0.000087,-0.079085,-4.5313,0.527752,0.111517,0.496191,-0.233774,-0.233774,-13.3943,-13.3943,1,1,0.074838,0.00560069
1771742643.117036,5.730000,0.010000,0.074749,0.000105,-0.073002,-4.1827,0.559152,0.114114,0.259613,-0.236192,-0.236192,-13.5328,-13.5328,1,1,0.074749,0.00558734
1771742643.127036,5.740000,0.010000,0.074690,0.000115,-0.067093,-3.8441,0.589743,0.112895,-0.121904,-0.267361,-0.267361,-15.3187,-15.3187,1,1,0.074690,0.00557861
1771742643.137036,5.750000,0.010000,0.074667,0.000124,-0.061441,-3.5203,0.619089,0.108337,-0.455732,-0.285401,-0.285401,-16.3523,-16.3523,1,1,0.074667,0.00557523
1771742643.147036,5.760000,0.010000,0.074668,0.000111,-0.056143,-3.2168,0.624244,0.100859,-0.747831,-0.288189,-0.288189,-16.5120,-16.5120,1,1,0.074668,0.00557530
1771742643.157036,5.770000,0.010000,0.074668,0.000093,-0.051281,-2.9382,0.588360,0.090825,-1.003418,-0.264106,-0.264106,-15.1322,-15.1322,1,1,0.074668,0.00557535
1771742643.167036,5.780000,0.010000,0.074668,0.000077,-0.046865,-2.6851,0.540151,0.078554,-1.227057,-0.185937,-0.185937,-10.6534,-10.6534,1,1,0.074668,0.00557538
1771742643.177036,5.790000,0.010000,0.074669,0.000062,-0.042928,-2.4596,0.485763,0.064327,-1.422741,-0.069761,-0.069761,-3.9970,-3.9970,1,1,0.074669,0.00557541
1771742643.187036,5.800000,0.010000,0.074669,0.000048,-0.039503,-2.2633,0.427041,0.048387,-1.593964,0.025342,0.025342,1.4520,1.4520,1,1,0.074669,0.00557543
1771742643.197036,5.810000,0.010000,0.074669,0.000035,-0.036613,-2.0978,0.364933,0.030949,-1.743784,0.093272,0.093272,5.3441,5.3441,1,1,0.074669,0.00557544
1771742643.207036,5.820000,0.010000,0.074669,0.000024,-0.034281,-1.9641,0.300143,0.012201,-1.874877,0.140325,0.140325,8.0400,8.0400,1,1,0.074669,0.00557545
1771742643.217036,5.830000,0.010000,0.074669,0.000013,-0.032520,-1.8633,0.233258,-0.007695,-1.989583,0.170721,0.170721,9.7816,9.7816,1,1,0.074669,0.00557546
1771742643.227036,5.840000,0.010000,0.074669,0.000006,-0.031344,-1.7959,0.164778,-0.028595,-2.089951,0.174590,0.174590,10.0033,10.0033,1,1,0.074669,0.00557546
1771742643.237036,5.850000,0.010000,0.074669,0.000001,-0.030761,-1.7625,0.095139,-0.050373,-2.177773,0.164080,0.164080,9.4011,9.4011,1,1,0.074669,0.00557545
1771742643.247036,5.860000,0.010000,0.074669,-0.000001,-0.030776,-1.7633,0.024712,-0.072919,-2.254617,0.105793,0.105793,6.0615,6.0615,1,1,0.074669,0.00557545
1771742643.257036,5.870000,0.010000,0.074669,-0.000001,-0.031393,-1.7987,-0.046179,-0.096137,-2.321856,0.059596,0.059596,3.4146,3.4146,1,1,0.074669,0.00557545
1771742643.267036,5.880000,0.010000,0.074669,0.000001,-0.032606,-1.8682,-0.116888,-0.119795,-2.365792,-0.024545,-0.024545,-1.4063,-1.4063,1,1,0.074669,0.00557546
1771742643.277036,5.890000,0.010000,0.074669,0.000006,-0.034327,-1.9668,-0.179735,-0.140844,-2.104918,-0.138468,-0.138468,-7.9336,-7.9336,1,1,0.074669,0.00557546
1771742643.287036,5.900000,0.010000,0.074669,0.000010,-0.036385,-2.0847,-0.225945,-0.156252,-1.540770,-0.093084,-0.093084,-5.3333,-5.3333,1,1,0.074669,0.00557547
1771742643.297036,5.910000,0.010000,0.074669,0.000015,-0.038633,-2.2135,-0.254807,-0.166243,-0.999108,0.060595,0.060595,3.4718,3.4718,1,1,0.074669,0.00557548
1771742643.307036,5.920000,0.010000,0.074669,0.000017,-0.040944,-2.3459,-0.268206,-0.171495,-0.525154,0.071978,0.071978,4.1240,4.1240,1,1,0.074669,0.00557548
1771742643.317036,5.930000,0.010000,0.074669,0.000016,-0.043214,-2.4760,-0.268247,-0.172599,-0.110444,0.012483,0.012483,0.7152,0.7152,1,1,0.074669,0.00557549
1771742643.327036,5.940000,0.010000,0.074669,0.000015,-0.045351,-2.5984,-0.256857,-0.170075,0.252428,-0.057458,-0.057458,-3.2921,-3.2921,1,1,0.074669,0.00557549
1771742643.337036,5.950000,0.010000,0.074669,0.000012,-0.047277,-2.7088,-0.235732,-0.164375,0.569940,-0.122564,-0.122564,-7.0224,-7.0224,1,1,0.074669,0.00557550
1771742643.347036,5.960000,0.010000,0.074669,0.000009,-0.048930,-2.8035,-0.206347,-0.155898,0.847763,-0.157734,-0.157734,-9.0375,-9.0375,1,1,0.074669,0.00557550
1771742643.357036,5.970000,0.010000,0.074669,0.000007,-0.050252,-2.8792,-0.169991,-0.144989,1.090859,-0.180257,-0.180257,-10.3280,-10.3280,1,1,0.074669,0.00557550
1771742643.367036,5.980000,0.010000,0.074669,0.000004,-0.051199,-2.9335,-0.127793,-0.131954,1.303567,-0.207725,-0.207725,-11.9017,-11.9017,1,1,0.074669,0.00557550
1771742643.377036,5.990000,0.010000,0.074667,-0.000001,-0.051735,-2.9642,-0.083788,-0.117057,1.489687,-0.238374,-0.238374,-13.6579,-13.6579,1,1,0.074667,0.00557516
1771742643.387036,6.000000,0.010000,0.074659,0.000001,-0.051833,-2.9698,-0.040248,-0.100531,1.652542,-0.235483,-0.235483,-13.4922,-13.4922,1,1,0.074659,0.00557403
1771742643.397036,6.010000,0.010000,0.074657,-0.000002,-0.051645,-2.9591,0.002033,-0.089562,1.096909,-0.234595,-0.234595,-13.4413,-13.4413,1,1,0.074657,0.00557366
1771742643.407036,6.020000,0.010000,0.074657,0.000000,-0.051324,-2.9406,0.028177,-0.083455,0.610729,-0.141240,-0.141240,-8.0925,-8.0925,1,1,0.074657,0.00557366
1771742643.417036,6.030000,0.010000,0.074657,0.000001,-0.050983,-2.9211,0.036985,-0.081602,0.185322,-0.058903,-0.058903,-3.3749,-3.3749,1,1,0.074657,0.00557366
1771742643.427036,6.040000,0.010000,0.074657,0.000001,-0.050512,-2.8941,0.050564,-0.076489,0.511223,0.015342,0.015342,0.8790,0.8790,1,1,0.074657,0.00557366
1771742643.437036,6.050000,0.010000,0.074657,0.000003,-0.049836,-2.8554,0.071831,-0.068526,0.796386,-0.035503,-0.035503,-2.0342,-2.0342,1,1,0.074657,0.00557366
1771742643.447036,6.060000,0.010000,0.074657,0.000004,-0.048907,-2.8022,0.099450,-0.058400,1.012602,-0.069284,-0.069284,-3.9697,-3.9697,1,1,0.074657,0.00557367
1771742643.457036,6.070000,0.010000,0.074657,0.000005,-0.047874,-2.7430,0.115892,-0.053030,0.536961,-0.099590,-0.099590,-5.7061,-5.7061,1,1,0.074657,0.00557367
1771742643.467036,6.080000,0.010000,0.074657,0.000005,-0.046850,-2.6843,0.119664,-0.051822,0.120775,-0.027460,-0.027460,-1.5734,-1.5734,1,1,0.074657,0.00557367
1771742643.477036,6.090000,0.010000,0.074657,0.000005,-0.045927,-2.6314,0.112019,-0.054256,-0.243388,0.031154,0.031154,1.7850,1.7850,1,1,0.074657,0.00557368
1771742643.487036,6.100000,0.010000,0.074657,0.000003,-0.045182,-2.5888,0.094540,-0.059876,-0.562030,0.088806,0.088806,5.0882,5.0882,1,1,0.074657,0.00557368
1771742643.497036,6.110000,0.010000,0.074657,0.000002,-0.044684,-2.5602,0.068687,-0.068285,-0.840842,0.139521,0.139521,7.9939,7.9939,1,1,0.074657,0.00557368
1771742643.507036,6.120000,0.010000,0.074657,0.000001,-0.044486,-2.5489,0.035754,-0.079133,-1.084803,0.201159,0.201159,11.5256,11.5256,1,1,0.074657,0.00557368
1771742643.517036,6.130000,0.010000,0.074657,-0.000000,-0.044636,-2.5575,-0.003131,-0.092116,-1.298268,0.222542,0.222542,12.7507,12.7507,1,1,0.074657,0.00557368
1771742643.527036,6.140000,0.010000,0.074657,-0.000001,-0.045174,-2.5883,-0.046993,-0.106966,-1.485051,0.214612,0.214612,12.2964,12.2964,1,1,0.074657,0.00557368
1771742643.537036,6.150000,0.010000,0.074657,0.000002,-0.045928,-2.6315,-0.077646,-0.116470,-0.950353,0.190914,0.190914,10.9386,10.9386,1,1,0.074657,0.00557368
1771742643.547036,6.160000,0.010000,0.074657,0.000003,-0.046772,-2.6798,-0.093702,-0.121295,-0.482493,0.159613,0.159613,9.1452,9.1452,1,1,0.074657,0.00557368
1771742643.557036,6.170000,0.010000,0.074657,0.000002,-0.047599,-2.7272,-0.096638,-0.122026,-0.073116,0.099534,0.099534,5.7029,5.7029,1,1,0.074657,0.00557369
1771742643.567036,6.180000,0.010000,0.074657,0.000002,-0.048319,-2.7685,-0.088247,-0.119175,0.285089,0.020552,0.020552,1.1775,1.1775,1,1,0.074657,0.00557369
1771742643.577036,6.190000,0.010000,0.074657,0.000001,-0.048855,-2.7992,-0.070182,-0.113190,0.598519,-0.052047,-0.052047,-2.9821,-2.9821,1,1,0.074657,0.00557369
1771742643.587036,6.200000,0.010000,0.074657,0.000001,-0.049344,-2.8272,-0.061225,-0.111443,0.174638,-0.122290,-0.122290,-7.0067,-7.0067,1,1,0.074657,0.00557369
1771742643.597036,6.210000,0.010000,0.074657,0.000001,-0.049685,-2.8467,-0.045972,-0.106424,0.501874,-0.013067,-0.013067,-0.7487,-0.7487,1,1,0.074657,0.00557369
1771742643.607036,6.220000,0.010000,0.074657,0.000001,-0.049803,-2.8535,-0.022761,-0.098542,0.788206,-0.088766,-0.088766,-5.0859,-5.0859,1,1,0.074657,0.00557369
1771742643.617036,6.230000,0.010000,0.074657,0.000001,-0.049641,-2.8442,0.007660,-0.088155,1.038746,-0.123255,-0.123255,-7.0620,-7.0620,1,1,0.074657,0.00557369
1771742643.627036,6.240000,0.010000,0.074657,0.000002,-0.049150,-2.8161,0.044258,-0.075575,1.257969,-0.138850,-0.138850,-7.9555,-7.9555,1,1,0.074657,0.00557368
1771742643.637036,6.250000,0.010000,0.074657,0.000001,-0.048290,-2.7668,0.085417,-0.061077,1.449788,-0.153299,-0.153299,-8.7834,-8.7834,1,1,0.074657,0.00557362
1771742643.647036,6.260000,0.010000,0.074653,0.000004,-0.047031,-2.6947,0.126864,-0.044901,1.617631,-0.191895,-0.191895,-10.9948,-10.9948,1,1,0.074653,0.00557305
1771742643.657036,6.270000,0.010000,0.074644,0.000010,-0.045345,-2.5981,0.168563,-0.027256,1.764493,-0.241156,-0.241156,-13.8172,-13.8172,1,1,0.074644,0.00557169
1771742643.667036,6.280000,0.010000,0.074628,0.000015,-0.043209,-2.4757,0.210768,-0.008326,1.892997,-0.276690,-0.276690,-15.8532,-15.8532,1,1,0.074628,0.00556935
1771742643.677036,6.290000,0.010000,0.074605,0.000021,-0.040605,-2.3265,0.253695,0.011728,2.005438,-0.278053,-0.278053,-15.9313,-15.9313,1,1,0.074605,0.00556591
1771742643.687036,6.300000,0.010000,0.074586,0.000028,-0.037698,-2.1599,0.296378,0.025785,1.405693,-0.257711,-0.257711,-14.7658,-14.7658,1,1,0.074586,0.00556310
1771742643.697036,6.310000,0.010000,0.074581,0.000034,-0.034632,-1.9843,0.338049,0.034594,0.880915,-0.277384,-0.277384,-15.8929,-15.8929,1,1,0.074581,0.00556233
1771742643.707036,6.320000,0.010000,0.074581,0.000036,-0.031557,-1.8081,0.356473,0.038812,0.421735,-0.237823,-0.237823,-13.6262,-13.6262,1,1,0.074581,0.00556236
1771742643.717036,6.330000,0.010000,0.074581,0.000034,-0.028576,-1.6373,0.353523,0.039011,0.019952,-0.226225,-0.226225,-12.9618,-12.9618,1,1,0.074581,0.00556238
1771742643.727036,6.340000,0.010000,0.074581,0.000031,-0.025766,-1.4763,0.338013,0.035695,-0.331608,-0.207544,-0.207544,-11.8914,-11.8914,1,1,0.074581,0.00556239
1771742643.737036,6.350000,0.010000,0.074582,0.000027,-0.023199,-1.3292,0.312879,0.029303,-0.639223,-0.189374,-0.189374,-10.8503,-10.8503,1,1,0.074582,0.00556241
1771742643.747036,6.360000,0.010000,0.074582,0.000021,-0.020938,-1.1997,0.279796,0.020219,-0.908386,-0.168414,-0.168414,-9.6494,-9.6494,1,1,0.074582,0.00556242
1771742643.757036,6.370000,0.010000,0.074582,0.000016,-0.019034,-1.0906,0.240055,0.008780,-1.143903,-0.143728,-0.143728,-8.2350,-8.2350,1,1,0.074582,0.00556242
1771742643.767036,6.380000,0.010000,0.074582,0.000010,-0.017532,-1.0045,0.194749,-0.004720,-1.349981,-0.124043,-0.124043,-7.1071,-7.1071,1,1,0.074582,0.00556243
1771742643.777036,6.390000,0.010000,0.074582,0.000007,-0.016466,-0.9434,0.144820,-0.020023,-1.530299,-0.096412,-0.096412,-5.5240,-5.5240,1,1,0.074582,0.00556243
1771742643.787036,6.400000,0.010000,0.074582,0.000003,-0.015867,-0.9091,0.091093,-0.036904,-1.688078,-0.072799,-0.072799,-4.1711,-4.1711,1,1,0.074582,0.00556243
1771742643.797036,6.410000,0.010000,0.074582,0.000001,-0.015759,-0.9029,0.034278,-0.055165,-1.826134,-0.087390,-0.087390,-5.0071,-5.0071,1,1,0.074582,0.00556243
1771742643.807036,6.420000,0.010000,0.074582,0.000000,-0.016161,-0.9259,-0.025011,-0.074634,-1.946933,-0.112644,-0.112644,-6.4540,-6.4540,1,1,0.074582,0.00556243
1771742643.817036,6.430000,0.010000,0.074582,0.000000,-0.017086,-0.9790,-0.086235,-0.095161,-2.052632,-0.153265,-0.153265,-8.7814,-8.7814,1,1,0.074582,0.00556243
1771742643.827036,6.440000,0.010000,0.074582,0.000003,-0.018547,-1.0626,-0.148937,-0.116612,-2.145119,-0.183900,-0.183900,-10.5367,-10.5367,1,1,0.074582,0.00556244
1771742643.837036,6.450000,0.010000,0.074582,0.000009,-0.020349,-1.1659,-0.195410,-0.131891,-1.527913,-0.240328,-0.240328,-13.7698,-13.7698,1,1,0.074582,0.00556244
1771742643.847036,6.460000,0.010000,0.074582,0.000012,-0.022398,-1.2833,-0.229385,-0.143683,-1.179179,-0.145498,-0.145498,-8.3364,-8.3364,1,1,0.074582,0.00556245
1771742643.857036,6.470000,0.010000,0.074582,0.000014,-0.024590,-1.4089,-0.250988,-0.151665,-0.798268,-0.130959,-0.130959,-7.5034,-7.5034,1,1,0.074582,0.00556246
1771742643.867036,6.480000,0.010000,0.074582,0.000016,-0.026840,-1.5378,-0.261816,-0.156379,-0.471357,-0.137195,-0.137195,-7.8607,-7.8607,1,1,0.074582,0.00556246
1771742643.877036,6.490000,0.010000,0.074582,0.000016,-0.029063,-1.6652,-0.262517,-0.157883,-0.150437,-0.162094,-0.162094,-9.2873,-9.2873,1,1,0.074582,0.00556247
1771742643.887036,6.500000,0.010000,0.074582,0.000014,-0.031176,-1.7863,-0.253241,-0.156114,0.176943,-0.184904,-0.184904,-10.5942,-10.5942,1,1,0.074582,0.00556247
1771742643.897036,6.510000,0.010000,0.074582,0.000012,-0.033126,-1.8980,-0.236772,-0.152105,0.400888,-0.221905,-0.221905,-12.7142,-12.7142,1,1,0.074582,0.00556248
1771742643.907036,6.520000,0.010000,0.074582,0.000010,-0.034841,-1.9962,-0.211986,-0.145143,0.696157,-0.242638,-0.242638,-13.9021,-13.9021,1,1,0.074582,0.00556248
1771742643.917036,6.530000,0.010000,0.074582,0.000008,-0.036273,-2.0783,-0.180999,-0.136100,0.904308,-0.260722,-0.260722,-14.9383,-14.9383,1,1,0.074582,0.00556248
1771742643.927036,6.540000,0.010000,0.074582,0.000006,-0.037522,-2.1498,-0.156797,-0.130012,0.608881,-0.269485,-0.269485,-15.4404,-15.4404,1,1,0.074582,0.00556248
1771742643.937036,6.550000,0.010000,0.074582,0.000005,-0.038699,-2.2173,-0.144003,-0.127841,0.217092,-0.218216,-0.218216,-12.5029,-12.5029,1,1,0.074582,0.00556248
1771742643.947036,6.560000,0.010000,0.074582,0.000005,-0.039904,-2.2863,-0.142867,-0.129432,-0.159110,-0.129923,-0.129923,-7.4440,-7.4440,1,1,0.074582,0.00556249
1771742643.957036,6.570000,0.010000,0.074582,0.000005,-0.041220,-2.3617,-0.152038,-0.134315,-0.488287,-0.042210,-0.042210,-2.4185,-2.4185,1,1,0.074582,0.00556249
1771742643.967036,6.580000,0.010000,0.074582,0.000007,-0.042716,-2.4474,-0.170058,-0.142078,-0.776317,0.024130,0.024130,1.3825,1.3825,1,1,0.074582,0.00556249
1771742643.977036,6.590000,0.010000,0.074582,0.000007,-0.044251,-2.5354,-0.178283,-0.145380,-0.330212,0.104623,0.104623,5.9945,5.9945,1,1,0.074582,0.00556250
1771742643.987036,6.600000,0.010000,0.074582,0.000007,-0.045719,-2.6195,-0.174887,-0.144779,0.060131,0.016790,0.016790,0.9620,0.9620,1,1,0.074582,0.00556250
1771742643.997036,6.610000,0.010000,0.074582,0.000007,-0.047125,-2.7001,-0.168579,-0.143831,0.094791,-0.049292,-0.049292,-2.8242,-2.8242,1,1,0.074582,0.00556250
1771742644.007036,6.620000,0.010000,0.074582,0.000007,-0.048566,-2.7827,-0.169872,-0.146114,-0.228293,-0.038867,-0.038867,-2.2269,-2.2269,1,1,0.074582,0.00556250
1771742644.017036,6.630000,0.010000,0.074582,0.000007,-0.050109,-2.8710,-0.178888,-0.150962,-0.484882,0.040618,0.040618,2.3272,2.3272,1,1,0.074582,0.00556251
1771742644.027036,6.640000,0.010000,0.074582,0.000009,-0.051825,-2.9694,-0.196293,-0.158696,-0.773337,0.103225,0.103225,5.9143,5.9143,1,1,0.074582,0.00556251
1771742644.037036,6.650000,0.010000,0.074582,0.000010,-0.053776,-3.0811,-0.221153,-0.168953,-1.025736,0.147455,0.147455,8.4485,8.4485,1,1,0.074582,0.00556252
1771742644.047036,6.660000,0.010000,0.074582,0.000013,-0.055982,-3.2075,-0.249907,-0.180424,-1.147111,0.176853,0.176853,10.1329,10.1329,1,1,0.074582,0.00556252
1771742644.057036,6.670000,0.010000,0.074582,0.000017,-0.058423,-3.3474,-0.277988,-0.191557,-1.113265,0.188899,0.188899,10.8231,10.8231,1,1,0.074582,0.00556253
1771742644.067036,6.680000,0.010000,0.074582,0.000019,-0.060954,-3.4924,-0.293302,-0.197807,-0.625041,0.224064,0.224064,12.8379,12.8379,1,1,0.074582,0.00556254
1771742644.077036,6.690000,0.010000,0.074583,0.000020,-0.063460,-3.6360,-0.295404,-0.199786,-0.197845,0.195508,0.195508,11.2018,11.2018,1,1,0.074583,0.00556255
1771742644.087036,6.700000,0.010000,0.074583,0.000019,-0.065847,-3.7727,-0.285790,-0.198026,0.175952,0.121323,0.121323,6.9513,6.9513,1,1,0.074583,0.00556256
1771742644.097036,6.710000,0.010000,0.074583,0.000016,-0.068035,-3.8981,-0.266115,-0.192996,0.503024,0.040718,0.040718,2.3330,2.3330,1,1,0.074583,0.00556256
1771742644.107036,6.720000,0.010000,0.074583,0.000012,-0.069957,-4.0082,-0.237883,-0.185104,0.789212,-0.008322,-0.008322,-0.4768,-0.4768,1,1,0.074583,0.00556257
1771742644.117036,6.730000,0.010000,0.074583,0.000009,-0.071556,-4.0999,-0.202426,-0.174708,1.039626,-0.050476,-0.050476,-2.8921,-2.8921,1,1,0.074583,0.00556257
1771742644.127036,6.740000,0.010000,0.074580,0.000004,-0.072788,-4.1705,-0.164008,-0.162120,1.258739,-0.041950,-0.041950,-2.4036,-2.4036,1,1,0.074580,0.00556223
1771742644.137036,6.750000,0.010000,0.074572,0.000005,-0.073617,-4.2180,-0.126142,-0.147616,1.450462,-0.057503,-0.057503,-3.2947,-3.2947,1,1,0.074572,0.00556097
1771742644.147036,6.760000,0.010000,0.074555,0.000003,-0.074009,-4.2404,-0.088504,-0.131433,1.618220,-0.084209,-0.084209,-4.8248,-4.8248,1,1,0.074555,0.00555843
1771742644.157036,6.770000,0.010000,0.074527,0.000001,-0.073936,-4.2362,-0.050793,-0.113783,1.765008,-0.111487,-0.111487,-6.3878,-6.3878,1,1,0.074527,0.00555434
1771742644.167036,6.780000,0.010000,0.074488,0.000001,-0.073376,-4.2041,-0.012931,-0.094849,1.893448,-0.172667,-0.172667,-9.8931,-9.8931,1,1,0.074488,0.00554850
1771742644.177036,6.790000,0.010000,0.074436,0.000002,-0.072311,-4.1431,0.024797,-0.074791,2.005833,-0.230397,-0.230397,-13.2008,-13.2008,1,1,0.074436,0.00554074
1771742644.187036,6.800000,0.010000,0.074370,0.000003,-0.070730,-4.0525,0.062472,-0.053749,2.104170,-0.247387,-0.247387,-14.1742,-14.1742,1,1,0.074370,0.00553094
1771742644.197036,6.810000,0.010000,0.074290,0.000005,-0.068620,-3.9317,0.100106,-0.031847,2.190214,-0.239816,-0.239816,-13.7405,-13.7405,1,1,0.074290,0.00551903
1771742644.207036,6.820000,0.010000,0.074195,0.000009,-0.065977,-3.7802,0.137656,-0.009192,2.265503,-0.216426,-0.216426,-12.4003,-12.4003,1,1,0.074195,0.00550494
1771742644.217036,6.830000,0.010000,0.074098,0.000012,-0.062975,-3.6082,0.174831,0.007141,1.633250,-0.206224,-0.206224,-11.8158,-11.8158,1,1,0.074098,0.00549047
1771742644.227036,6.840000,0.010000,0.074008,0.000017,-0.059766,-3.4243,0.211578,0.017941,1.080028,-0.195937,-0.195937,-11.2264,-11.2264,1,1,0.074008,0.00547713
1771742644.237036,6.850000,0.010000,0.073934,0.000023,-0.056478,-3.2359,0.248075,0.023901,0.595958,-0.120196,-0.120196,-6.8867,-6.8867,1,1,0.073934,0.00546619
1771742644.247036,6.860000,0.010000,0.073883,0.000028,-0.053222,-3.0494,0.284615,0.025625,0.172398,-0.028817,-0.028817,-1.6511,-1.6511,1,1,0.073883,0.00545875
1771742644.257036,6.870000,0.010000,0.073863,0.000035,-0.050092,-2.8701,0.320907,0.023642,-0.198218,0.045861,0.045861,2.6276,2.6276,1,1,0.073863,0.00545575
1771742644.267036,6.880000,0.010000,0.073863,0.000034,-0.047196,-2.7042,0.336110,0.018417,-0.522506,0.112304,0.112304,6.4346,6.4346,1,1,0.073863,0.00545577
1771742644.277036,6.890000,0.010000,0.073863,0.000028,-0.044625,-2.5568,0.312957,0.010355,-0.806259,0.133824,0.133824,7.6675,7.6675,1,1,0.073863,0.00545579
1771742644.287036,6.900000,0.010000,0.073863,0.000021,-0.042404,-2.4295,0.276789,-0.000191,-1.054543,0.176727,0.176727,10.1257,10.1257,1,1,0.073863,0.00545580
1771742644.297036,6.910000,0.010000,0.073863,0.000015,-0.040572,-2.3246,0.233485,-0.012909,-1.271791,0.199892,0.199892,11.4530,11.4530,1,1,0.073863,0.00545581
1771742644.307036,6.920000,0.010000,0.073863,0.000009,-0.039169,-2.2442,0.184976,-0.027527,-1.461883,0.211549,0.211549,12.1208,12.1208,1,1,0.073863,0.00545581
1771742644.317036,6.930000,0.010000,0.073863,0.000004,-0.038226,-2.1902,0.132311,-0.043809,-1.628213,0.232587,0.232587,13.3263,13.3263,1,1,0.073863,0.00545581
1771742644.327036,6.940000,0.010000,0.073863,0.000001,-0.037767,-2.1639,0.076274,-0.061547,-1.773752,0.233110,0.233110,13.3562,13.3562,1,1,0.073863,0.00545581
1771742644.337036,6.950000,0.010000,0.073863,-0.000001,-0.037816,-2.1667,0.017530,-0.080558,-1.901099,0.215160,0.215160,12.3278,12.3278,1,1,0.073863,0.00545581
1771742644.347036,6.960000,0.010000,0.073863,-0.000001,-0.038258,-2.1920,-0.032533,-0.096266,-1.570823,0.173933,0.173933,9.9657,9.9657,1,1,0.073863,0.00545581
1771742644.357036,6.970000,0.010000,0.073863,-0.000000,-0.039000,-2.2345,-0.072027,-0.108725,-1.245888,0.172069,0.172069,9.8588,9.8588,1,1,0.073863,0.00545581
1771742644.367036,6.980000,0.010000,0.073863,0.000002,-0.039897,-2.2860,-0.096389,-0.116136,-0.741086,0.163346,0.163346,9.3591,9.3591,1,1,0.073863,0.00545581
1771742644.377036,6.990000,0.010000,0.073863,0.000003,-0.040833,-2.3396,-0.106571,-0.119130,-0.299384,0.105846,0.105846,6.0646,6.0646,1,1,0.073863,0.00545581
1771742644.387036,7.000000,0.010000,0.073863,0.000003,-0.041709,-2.3898,-0.104376,-0.118259,0.087105,0.020600,0.020600,1.1803,1.1803,1,1,0.073863,0.00545581
1771742644.397036,7.010000,0.010000,0.073863,0.000002,-0.042442,-2.4317,-0.091568,-0.114006,0.425282,-0.060041,-0.060041,-3.4401,-3.4401,1,1,0.073863,0.00545581
1771742644.407036,7.020000,0.010000,0.073863,0.000001,-0.042959,-2.4613,-0.069724,-0.106794,0.721188,-0.127868,-0.127868,-7.3263,-7.3263,1,1,0.073863,0.00545581
1771742644.417036,7.030000,0.010000,0.073863,0.000001,-0.043200,-2.4752,-0.040217,-0.096993,0.980105,-0.176341,-0.176341,-10.1036,-10.1036,1,1,0.073863,0.00545581
1771742644.427036,7.040000,0.010000,0.073863,0.000001,-0.043116,-2.4704,-0.004253,-0.084926,1.206658,-0.182679,-0.182679,-10.4668,-10.4668,1,1,0.073863,0.00545581
1771742644.437036,7.050000,0.010000,0.073863,0.000001,-0.042663,-2.4444,0.037052,-0.070878,1.404892,-0.192045,-0.192045,-11.0033,-11.0033,1,1,0.073863,0.00545581
1771742644.447036,7.060000,0.010000,0.073861,-0.000000,-0.041811,-2.3956,0.080070,-0.055094,1.578346,-0.212943,-0.212943,-12.2007,-12.2007,1,1,0.073861,0.00545550
1771742644.457036,7.070000,0.010000,0.073855,0.000006,-0.040531,-2.3223,0.122822,-0.037793,1.730119,-0.253046,-0.253046,-14.4985,-14.4985,1,1,0.073855,0.00545450
1771742644.467036,7.080000,0.010000,0.073842,0.000010,-0.038801,-2.2231,0.165532,-0.019164,1.862920,-0.291143,-0.291143,-16.6813,-16.6813,1,1,0.073842,0.00545258
1771742644.477036,7.090000,0.010000,0.073821,0.000015,-0.036599,-2.0970,0.208401,0.000628,1.979121,-0.304893,-0.304893,-17.4691,-17.4691,1,1,0.073821,0.00544955
1771742644.487036,7.100000,0.010000,0.073792,0.000021,-0.033911,-1.9430,0.251588,0.021435,2.080796,-0.297034,-0.297034,-17.0188,-17.0188,1,1,0.073792,0.00544530
1771742644.497036,7.110000,0.010000,0.073762,0.000028,-0.030828,-1.7663,0.294905,0.039174,1.773885,-0.273299,-0.273299,-15.6589,-15.6589,1,1,0.073762,0.00544077
1771742644.507036,7.120000,0.010000,0.073740,0.000035,-0.027506,-1.5760,0.338209,0.051205,1.203084,-0.298712,-0.298712,-17.1149,-17.1149,1,1,0.073740,0.00543756
1771742644.517036,7.130000,0.010000,0.073736,0.000042,-0.024080,-1.3797,0.381163,0.058242,0.703632,-0.321891,-0.321891,-18.4430,-18.4430,1,1,0.073736,0.00543701
1771742644.527036,7.140000,0.010000,0.073736,0.000043,-0.020703,-1.1862,0.393928,0.060908,0.266613,-0.325122,-0.325122,-18.6281,-18.6281,1,1,0.073736,0.00543704
1771742644.537036,7.150000,0.010000,0.073736,0.000040,-0.017460,-1.0004,0.386146,0.059750,-0.115780,-0.323200,-0.323200,-18.5180,-18.5180,1,1,0.073736,0.00543706
1771742644.547036,7.160000,0.010000,0.073737,0.000036,-0.014426,-0.8266,0.366359,0.055246,-0.450373,-0.326882,-0.326882,-18.7290,-18.7290,1,1,0.073737,0.00543708
1771742644.557036,7.170000,0.010000,0.073737,0.000031,-0.011667,-0.6685,0.337467,0.047815,-0.743142,-0.324387,-0.324387,-18.5860,-18.5860,1,1,0.073737,0.00543709
1771742644.567036,7.180000,0.010000,0.073737,0.000024,-0.009241,-0.5295,0.301098,0.037822,-0.999315,-0.307145,-0.307145,-17.5981,-17.5981,1,1,0.073737,0.00543710
1771742644.577036,7.190000,0.010000,0.073737,0.000018,-0.007197,-0.4123,0.258491,0.025587,-1.223467,-0.285955,-0.285955,-16.3840,-16.3840,1,1,0.073737,0.00543711
1771742644.587036,7.200000,0.010000,0.073737,0.000012,-0.005575,-0.3194,0.210687,0.011391,-1.419599,-0.287992,-0.287992,-16.5007,-16.5007,1,1,0.073737,0.00543712
1771742644.597036,7.210000,0.010000,0.073737,0.000008,-0.004408,-0.2526,0.158585,-0.004521,-1.591215,-0.278472,-0.278472,-15.9553,-15.9553,1,1,0.073737,0.00543712
1771742644.607036,7.220000,0.010000,0.073737,0.000004,-0.003724,-0.2134,0.102964,-0.021935,-1.741379,-0.250342,-0.250342,-14.3435,-14.3435,1,1,0.073737,0.00543712
1771742644.617036,7.230000,0.010000,0.073737,0.000001,-0.003544,-0.2031,0.044503,-0.040663,-1.872773,-0.235615,-0.235615,-13.4998,-13.4998,1,1,0.073737,0.00543712
1771742644.627036,7.240000,0.010000,0.073737,0.000001,-0.003886,-0.2227,-0.016216,-0.060540,-1.987742,-0.243614,-0.243614,-13.9580,-13.9580,1,1,0.073737,0.00543712
1771742644.637036,7.250000,0.010000,0.073737,0.000001,-0.004763,-0.2729,-0.078681,-0.081424,-2.088340,-0.267520,-0.267520,-15.3278,-15.3278,1,1,0.073737,0.00543712
1771742644.647036,7.260000,0.010000,0.073737,0.000003,-0.006184,-0.3543,-0.142455,-0.103187,-2.176363,-0.283929,-0.283929,-16.2679,-16.2679,1,1,0.073737,0.00543713
1771742644.657036,7.270000,0.010000,0.073737,0.000008,-0.008155,-0.4673,-0.207166,-0.125721,-2.253384,-0.307647,-0.307647,-17.6269,-17.6269,1,1,0.073737,0.00543713
1771742644.667036,7.280000,0.010000,0.073737,0.000016,-0.010682,-0.6120,-0.272486,-0.148929,-2.320777,-0.333880,-0.333880,-19.1299,-19.1299,1,1,0.073737,0.00543714
1771742644.677036,7.290000,0.010000,0.073737,0.000026,-0.013720,-0.7861,-0.334337,-0.171173,-2.224412,-0.366490,-0.366490,-20.9983,-20.9983,1,1,0.073737,0.00543716
1771742644.687036,7.300000,0.010000,0.073737,0.000036,-0.017171,-0.9838,-0.386791,-0.190325,-1.915169,-0.368709,-0.368709,-21.1255,-21.1255,1,1,0.073737,0.00543718
1771742644.697036,7.310000,0.010000,0.073737,0.000043,-0.020901,-1.1975,-0.425322,-0.204927,-1.460259,-0.324015,-0.324015,-18.5647,-18.5647,1,1,0.073737,0.00543720
1771742644.707036,7.320000,0.010000,0.073738,0.000048,-0.024787,-1.4202,-0.449502,-0.215056,-1.012849,-0.191603,-0.191603,-10.9781,-10.9781,1,1,0.073738,0.00543723
1771742644.717036,7.330000,0.010000,0.073738,0.000052,-0.028810,-1.6507,-0.467985,-0.224173,-0.911707,-0.053021,-0.053021,-3.0379,-3.0379,1,1,0.073738,0.00543725
1771742644.727036,7.340000,0.010000,0.073738,0.000055,-0.032906,-1.8853,-0.479326,-0.230960,-0.678736,0.010920,0.010920,0.6257,0.6257,1,1,0.073738,0.00543728
1771742644.737036,7.350000,0.010000,0.073738,0.000054,-0.036953,-2.1172,-0.478469,-0.233408,-0.244828,0.068016,0.068016,3.8970,3.8970,1,1,0.073738,0.00543730
1771742644.747036,7.360000,0.010000,0.073738,0.000052,-0.040902,-2.3435,-0.469964,-0.233684,-0.027586,0.014571,0.014571,0.8349,0.8349,1,1,0.073738,0.00543733
1771742644.757036,7.370000,0.010000,0.073738,0.000050,-0.044791,-2.5664,-0.462505,-0.234925,-0.124116,-0.011742,-0.011742,-0.6728,-0.6728,1,1,0.073738,0.00543735
1771742644.767036,7.380000,0.010000,0.073739,0.000050,-0.048704,-2.7905,-0.462316,-0.239000,-0.407433,0.059681,0.059681,3.4195,3.4195,1,1,0.073739,0.00543737
1771742644.777036,7.390000,0.010000,0.073739,0.000051,-0.052676,-3.0181,-0.467305,-0.244616,-0.561612,0.191219,0.191219,10.9560,10.9560,1,1,0.073739,0.00543740
1771742644.787036,7.400000,0.010000,0.073739,0.000054,-0.056766,-3.2525,-0.478733,-0.252495,-0.787883,0.253953,0.253953,14.5505,14.5505,1,1,0.073739,0.00543742
1771742644.797036,7.410000,0.010000,0.073739,0.000058,-0.061032,-3.4969,-0.496799,-0.262668,-1.017310,0.289838,0.289838,16.6065,16.6065,1,1,0.073739,0.00543745
1771742644.807036,7.420000,0.010000,0.073739,0.000065,-0.065526,-3.7544,-0.521235,-0.275060,-1.239212,0.305968,0.305968,17.5307,17.5307,1,1,0.073739,0.00543748
1771742644.817036,7.430000,0.010000,0.073740,0.000071,-0.070216,-4.0231,-0.544764,-0.286766,-1.170609,0.312278,0.312278,17.8922,17.8922,1,1,0.073740,0.00543752
1771742644.827036,7.440000,0.010000,0.073740,0.000073,-0.074955,-4.2946,-0.555567,-0.293518,-0.675217,0.315854,0.315854,18.0971,18.0971,1,1,0.073740,0.00543755
1771742644.837036,7.450000,0.010000,0.073740,0.000072,-0.079628,-4.5624,-0.553113,-0.295936,-0.241749,0.328945,0.328945,18.8472,18.8472,1,1,0.073740,0.00543759
1771742644.847036,7.460000,0.010000,0.073740,0.000068,-0.084141,-4.8209,-0.538877,-0.294560,0.137536,0.343942,0.343942,19.7064,19.7064,1,1,0.073740,0.00543761
1771742644.857036,7.470000,0.010000,0.073740,0.000062,-0.088414,-5.0657,-0.514522,-0.289866,0.469410,0.316226,0.316226,18.1184,18.1184,1,1,0.073740,0.00543764
1771742644.867036,7.480000,0.010000,0.073740,0.000054,-0.092379,-5.2929,-0.481600,-0.282268,0.759799,0.272578,0.272578,15.6175,15.6175,1,1,0.073740,0.00543765
1771742644.877036,7.490000,0.010000,0.073737,0.000052,-0.095985,-5.4995,-0.445672,-0.272129,1.013890,0.227327,0.227327,13.0249,13.0249,1,1,0.073737,0.00543718
1771742644.887036,7.500000,0.010000,0.073726,0.000045,-0.099189,-5.6831,-0.411194,-0.259767,1.236220,0.171819,0.171819,9.8445,9.8445,1,1,0.073726,0.00543554
1771742644.897036,7.510000,0.010000,0.073703,0.000038,-0.101950,-5.8413,-0.378134,-0.245460,1.430758,0.128397,0.128397,7.3566,7.3566,1,1,0.073703,0.00543218
1771742644.907036,7.520000,0.010000,0.073666,0.000031,-0.104236,-5.9723,-0.346290,-0.229450,1.600979,0.086384,0.086384,4.9494,4.9494,1,1,0.073666,0.00542666
1771742644.917036,7.530000,0.010000,0.073611,0.000026,-0.106019,-6.0744,-0.316147,-0.211951,1.749923,-0.001936,-0.001936,-0.1109,-0.1109,1,1,0.073611,0.00541863
1771742644.927036,7.540000,0.010000,0.073537,0.000023,-0.107279,-6.1466,-0.287890,-0.193148,1.880248,-0.029886,-0.029886,-1.7123,-1.7123,1,1,0.073537,0.00540773
1771742644.937036,7.550000,0.010000,0.073442,0.000018,-0.107999,-6.1879,-0.261661,-0.173205,1.994283,-0.051287,-0.051287,-2.9385,-2.9385,1,1,0.073442,0.00539366
1771742644.947036,7.560000,0.010000,0.073322,0.000015,-0.108167,-6.1975,-0.237756,-0.152265,2.094063,-0.019683,-0.019683,-1.1278,-1.1278,1,1,0.073322,0.00537615
1771742644.957036,7.570000,0.010000,0.073177,0.000011,-0.107774,-6.1750,-0.216521,-0.130451,2.181371,-0.055387,-0.055387,-3.1735,-3.1735,1,1,0.073177,0.00535494
1771742644.967036,7.580000,0.010000,0.072981,-0.002873,-0.106745,-6.1161,-0.255004,-0.107873,2.257766,-0.127457,-0.127457,-7.3028,-7.3028,1,1,0.072981,0.00532626
1771742644.977036,7.590000,0.010000,0.072646,-0.011785,-0.103870,-5.9513,-0.164159,-0.084627,2.324611,-0.214746,-0.214746,-12.3040,-12.3040,1,1,0.072646,0.00527739
1771742644.987036,7.600000,0.010000,0.072262,-0.019501,-0.099923,-5.7252,0.092298,-0.060796,2.383100,-0.285168,-0.285168,-16.3389,-16.3389,1,1,0.072262,0.00522185
1771742644.997036,7.610000,0.010000,0.072030,-0.008793,-0.097448,-5.5833,0.042124,-0.036453,2.434279,-0.245714,-0.245714,-14.0784,-14.0784,1,1,0.072030,0.00518839
1771742645.007036,7.620000,0.010000,0.071776,-0.006153,-0.094251,-5.4002,-0.034489,-0.011663,2.479060,-0.293187,-0.293187,-16.7983,-16.7983,1,1,0.071776,0.00515183
1771742645.017036,7.630000,0.010000,0.071382,-0.014738,-0.088869,-5.0918,0.064571,0.011272,2.293523,-0.272630,-0.272630,-15.6206,-15.6206,1,1,0.071382,0.00509533
1771742645.027036,7.640000,0.010000,0.070975,-0.021442,-0.082684,-4.7374,0.369970,0.027850,1.657767,-0.247753,-0.247753,-14.1952,-14.1952,1,1,0.070975,0.00503743
1771742645.037036,7.650000,0.010000,0.070784,-0.011789,-0.078706,-4.5095,0.344326,0.038865,1.101480,-0.134880,-0.134880,-7.7280,-7.7280,1,1,0.070784,0.00501042
1771742645.047036,7.660000,0.010000,0.070659,-0.001330,-0.074685,-4.2792,0.312246,0.045012,0.614729,-0.044310,-0.044310,-2.5388,-2.5388,1,1,0.070659,0.00499271
1771742645.057036,7.670000,0.010000,0.070569,0.000035,-0.070566,-4.0431,0.314447,0.046900,0.188822,0.003124,0.003124,0.1790,0.1790,1,1,0.070569,0.00497994
1771742645.067036,7.680000,0.010000,0.070496,0.000037,-0.066564,-3.8138,0.325470,0.045062,-0.183847,0.071896,0.071896,4.1193,4.1193,1,1,0.070496,0.00496974
1771742645.077036,7.690000,0.010000,0.070447,0.000039,-0.062779,-3.5970,0.342583,0.039963,-0.509932,0.121145,0.121145,6.9411,6.9411,1,1,0.070447,0.00496284
1771742645.087036,7.700000,0.010000,0.070430,0.000044,-0.059277,-3.3963,0.367052,0.032010,-0.795256,0.169037,0.169037,9.6851,9.6851,1,1,0.070430,0.00496040
1771742645.097036,7.710000,0.010000,0.070430,0.000044,-0.056158,-3.2176,0.367439,0.021561,-1.044915,0.220798,0.220798,12.6508,12.6508,1,1,0.070430,0.00496043
1771742645.107036,7.720000,0.010000,0.070430,0.000034,-0.053488,-3.0646,0.332052,0.008927,-1.263366,0.236105,0.236105,13.5278,13.5278,1,1,0.070430,0.00496045
1771742645.117036,7.730000,0.010000,0.070431,0.000022,-0.051274,-2.9378,0.284334,-0.005618,-1.454511,0.254005,0.254005,14.5534,14.5534,1,1,0.070431,0.00496046
1771742645.127036,7.740000,0.010000,0.070431,0.000014,-0.049539,-2.8384,0.230666,-0.021835,-1.621763,0.270200,0.270200,15.4813,15.4813,1,1,0.070431,0.00496047
1771742645.137036,7.750000,0.010000,0.070431,0.000007,-0.048308,-2.7679,0.173163,-0.039517,-1.768109,0.289453,0.289453,16.5844,16.5844,1,1,0.070431,0.00496047
1771742645.147036,7.760000,0.010000,0.070431,0.000002,-0.047601,-2.7273,0.112823,-0.058478,-1.896161,0.296978,0.296978,17.0156,17.0156,1,1,0.070431,0.00496047
1771742645.157036,7.770000,0.010000,0.070431,-0.000000,-0.047433,-2.7177,0.050300,-0.078560,-2.008207,0.282790,0.282790,16.2027,16.2027,1,1,0.070431,0.00496047
1771742645.167036,7.780000,0.010000,0.070431,-0.000002,-0.047614,-2.7281,0.002130,-0.092641,-1.408115,0.248462,0.248462,14.2358,14.2358,1,1,0.070431,0.00496047
1771742645.177036,7.790000,0.010000,0.070431,-0.000001,-0.047998,-2.7501,-0.029704,-0.101472,-0.883035,0.252076,0.252076,14.4429,14.4429,1,1,0.070431,0.00496047
1771742645.187036,7.800000,0.010000,0.070431,0.000001,-0.048462,-2.7767,-0.046524,-0.105708,-0.423590,0.214967,0.214967,12.3167,12.3167,1,1,0.070431,0.00496047
1771742645.197036,7.810000,0.010000,0.070431,0.000001,-0.048904,-2.8020,-0.050224,-0.105923,-0.021575,0.155831,0.155831,8.9284,8.9284,1,1,0.070431,0.00496047
1771742645.207036,7.820000,0.010000,0.070431,0.000001,-0.049234,-2.8209,-0.042644,-0.102621,0.330188,0.079588,0.079588,4.5601,4.5601,1,1,0.070431,0.00496047
1771742645.217036,7.830000,0.010000,0.070431,0.000001,-0.049379,-2.8292,-0.025443,-0.096242,0.637980,-0.003881,-0.003881,-0.2224,-0.2224,1,1,0.070431,0.00496047
1771742645.227036,7.840000,0.010000,0.070431,0.000001,-0.049274,-2.8232,-0.000058,-0.087169,0.907298,-0.070215,-0.070215,-4.0231,-4.0231,1,1,0.070431,0.00496047
1771742645.237036,7.850000,0.010000,0.070431,0.000001,-0.048867,-2.7999,0.032233,-0.075739,1.142952,-0.098925,-0.098925,-5.6680,-5.6680,1,1,0.070431,0.00496047
1771742645.247036,7.860000,0.010000,0.070430,-0.000000,-0.048114,-2.7567,0.069261,-0.062248,1.349149,-0.120290,-0.120290,-6.8921,-6.8921,1,1,0.070430,0.00496037
1771742645.257036,7.870000,0.010000,0.070424,0.000004,-0.046985,-2.6920,0.105062,-0.046952,1.529571,-0.134994,-0.134994,-7.7346,-7.7346,1,1,0.070424,0.00495960
1771742645.267036,7.880000,0.010000,0.070411,0.000007,-0.045449,-2.6040,0.139089,-0.030078,1.687441,-0.177385,-0.177385,-10.1634,-10.1634,1,1,0.070411,0.00495776
1771742645.277036,7.890000,0.010000,0.070388,0.000010,-0.043481,-2.4913,0.170938,-0.011822,1.825576,-0.239050,-0.239050,-13.6966,-13.6966,1,1,0.070388,0.00495444
1771742645.287036,7.900000,0.010000,0.070351,0.000014,-0.041060,-2.3526,0.199958,0.007643,1.946445,-0.278472,-0.278472,-15.9553,-15.9553,1,1,0.070351,0.00494929
1771742645.297036,7.910000,0.010000,0.070299,0.000017,-0.038173,-2.1872,0.225132,0.028165,2.052205,-0.280812,-0.280812,-16.0893,-16.0893,1,1,0.070299,0.00494191
1771742645.307036,7.920000,0.010000,0.070227,0.000020,-0.034808,-1.9944,0.245713,0.049612,2.144746,-0.283603,-0.283603,-16.2493,-16.2493,1,1,0.070227,0.00493187
1771742645.317036,7.930000,0.010000,0.070136,0.000023,-0.030997,-1.7760,0.261503,0.070282,2.066938,-0.311453,-0.311453,-17.8449,-17.8449,1,1,0.070136,0.00491912
1771742645.327036,7.940000,0.010000,0.070036,0.000025,-0.026903,-1.5414,0.274717,0.084877,1.459505,-0.340328,-0.340328,-19.4994,-19.4994,1,1,0.070036,0.00490497
1771742645.337036,7.950000,0.010000,0.069933,0.000027,-0.022668,-1.2988,0.287648,0.094157,0.928001,-0.375516,-0.375516,-21.5155,-21.5155,1,1,0.069933,0.00489064
1771742645.347036,7.960000,0.010000,0.069838,0.000030,-0.018411,-1.0549,0.302693,0.098786,0.462935,-0.382303,-0.382303,-21.9043,-21.9043,1,1,0.069838,0.00487733
1771742645.357036,7.970000,0.010000,0.069759,0.000034,-0.014234,-0.8156,0.322455,0.099346,0.056003,-0.385320,-0.385320,-22.0772,-22.0772,1,1,0.069759,0.00486626
1771742645.367036,7.980000,0.010000,0.069705,0.000037,-0.010221,-0.5856,0.349856,0.096345,-0.300064,-0.387245,-0.387245,-22.1875,-22.1875,1,1,0.069705,0.00485872
1771742645.377036,7.990000,0.010000,0.069686,0.000042,-0.006445,-0.3693,0.387597,0.090229,-0.611622,-0.385370,-0.385370,-22.0800,-22.0800,1,1,0.069686,0.00485607
1771742645.387036,8.000000,0.010000,0.069686,0.000042,-0.003022,-0.1732,0.397964,0.081387,-0.884235,-0.376135,-0.376135,-21.5509,-21.5509,1,1,0.069686,0.00485610
1771742645.397036,8.010000,0.010000,0.069686,0.000035,-0.000025,-0.0015,0.368274,0.070159,-1.122771,-0.359805,-0.359805,-20.6153,-20.6153,1,1,0.069686,0.00485611
1771742645.407036,8.020000,0.010000,0.069686,0.000027,0.002537,0.1454,0.324337,0.056844,-1.331491,-0.344413,-0.344413,-19.7334,-19.7334,1,1,0.069686,0.00485612
1771742645.417036,8.030000,0.010000,0.069686,0.000020,0.004637,0.2657,0.273468,0.041703,-1.514120,-0.329926,-0.329926,-18.9034,-18.9034,1,1,0.069686,0.00485613
1771742645.427036,8.040000,0.010000,0.069686,0.000013,0.006249,0.3580,0.218142,0.024964,-1.673921,-0.327459,-0.327459,-18.7620,-18.7620,1,1,0.069686,0.00485613
1771742645.437036,8.050000,0.010000,0.069686,0.000008,0.007349,0.4211,0.159506,0.006826,-1.813747,-0.320415,-0.320415,-18.3584,-18.3584,1,1,0.069686,0.00485614
1771742645.447036,8.060000,0.010000,0.069686,0.000002,0.007918,0.4537,0.098307,-0.012535,-1.936094,-0.304078,-0.304078,-17.4224,-17.4224,1,1,0.069686,0.00485614
1771742645.457036,8.070000,0.010000,0.069686,-0.000001,0.007942,0.4550,0.035118,-0.032966,-2.043148,-0.291745,-0.291745,-16.7157,-16.7157,1,1,0.069686,0.00485614
1771742645.467036,8.080000,0.010000,0.069686,-0.000002,0.007411,0.4246,-0.029569,-0.054334,-2.136821,-0.289186,-0.289186,-16.5691,-16.5691,1,1,0.069686,0.00485614
1771742645.477036,8.090000,0.010000,0.069686,-0.000000,0.006316,0.3619,-0.095364,-0.076522,-2.218784,-0.301393,-0.301393,-17.2685,-17.2685,1,1,0.069686,0.00485614
1771742645.487036,8.100000,0.010000,0.069686,0.000003,0.004653,0.2666,-0.161907,-0.099427,-2.290502,-0.308284,-0.308284,-17.6634,-17.6634,1,1,0.069686,0.00485615
1771742645.497036,8.110000,0.010000,0.069686,0.000010,0.002420,0.1386,-0.228894,-0.122960,-2.353255,-0.326673,-0.326673,-18.7170,-18.7170,1,1,0.069686,0.00485616
1771742645.507036,8.120000,0.010000,0.069686,0.000018,-0.000384,-0.0220,-0.296060,-0.147041,-2.408164,-0.351132,-0.351132,-20.1184,-20.1184,1,1,0.069686,0.00485617
1771742645.517036,8.130000,0.010000,0.069686,0.000029,-0.003757,-0.2153,-0.363176,-0.171603,-2.456209,-0.382679,-0.382679,-21.9259,-21.9259,1,1,0.069686,0.00485619
1771742645.527036,8.140000,0.010000,0.069687,0.000041,-0.007655,-0.4386,-0.426760,-0.195129,-2.352525,-0.403075,-0.403075,-23.0945,-23.0945,1,1,0.069687,0.00485622
1771742645.537036,8.150000,0.010000,0.069687,0.000051,-0.011927,-0.6833,-0.477402,-0.213789,-1.866052,-0.400270,-0.400270,-22.9338,-22.9338,1,1,0.069687,0.00485624
1771742645.547036,8.160000,0.010000,0.069687,0.000060,-0.016455,-0.9428,-0.514533,-0.228306,-1.451708,-0.344695,-0.344695,-19.7496,-19.7496,1,1,0.069687,0.00485628
1771742645.557036,8.170000,0.010000,0.069687,0.000067,-0.021184,-1.2138,-0.542838,-0.240700,-1.239414,-0.218198,-0.218198,-12.5018,-12.5018,1,1,0.069687,0.00485631
1771742645.567036,8.180000,0.010000,0.069687,0.000072,-0.026049,-1.4925,-0.562951,-0.250665,-0.996426,-0.070363,-0.070363,-4.0315,-4.0315,1,1,0.069687,0.00485634
1771742645.577036,8.190000,0.010000,0.069688,0.000074,-0.030959,-1.7738,-0.573239,-0.257341,-0.667671,0.073981,0.073981,4.2388,4.2388,1,1,0.069688,0.00485638
1771742645.587036,8.200000,0.010000,0.069688,0.000075,-0.035854,-2.0543,-0.575521,-0.261642,-0.430039,0.159226,0.159226,9.1230,9.1230,1,1,0.069688,0.00485641
1771742645.597036,8.210000,0.010000,0.069688,0.000074,-0.040717,-2.3329,-0.573824,-0.265085,-0.344297,0.187945,0.187945,10.7684,10.7684,1,1,0.069688,0.00485644
1771742645.607036,8.220000,0.010000,0.069688,0.000074,-0.045584,-2.6118,-0.573636,-0.269623,-0.453850,0.214437,0.214437,12.2863,12.2863,1,1,0.069688,0.00485648
1771742645.617036,8.230000,0.010000,0.069689,0.000075,-0.050464,-2.8914,-0.574496,-0.274456,-0.483264,0.251380,0.251380,14.4030,14.4030,1,1,0.069689,0.00485651
1771742645.627036,8.240000,0.010000,0.069689,0.000076,-0.055403,-3.1744,-0.579433,-0.280983,-0.652712,0.271572,0.271572,15.5599,15.5599,1,1,0.069689,0.00485655
1771742645.637036,8.250000,0.010000,0.069689,0.000079,-0.060461,-3.4642,-0.590370,-0.289752,-0.876858,0.292688,0.292688,16.7698,16.7698,1,1,0.069689,0.00485658
1771742645.647036,8.260000,0.010000,0.069689,0.000084,-0.065698,-3.7642,-0.608030,-0.300915,-1.116317,0.309230,0.309230,17.7176,17.7176,1,1,0.069689,0.00485662
1771742645.657036,8.270000,0.010000,0.069690,0.000090,-0.071149,-4.0765,-0.630698,-0.313685,-1.277004,0.304866,0.304866,17.4675,17.4675,1,1,0.069690,0.00485666
1771742645.667036,8.280000,0.010000,0.069690,0.000096,-0.076747,-4.3973,-0.649831,-0.324508,-1.082310,0.286983,0.286983,16.4429,16.4429,1,1,0.069690,0.00485671
1771742645.677036,8.290000,0.010000,0.069690,0.000098,-0.082351,-4.7184,-0.656806,-0.330487,-0.597955,0.295834,0.295834,16.9500,16.9500,1,1,0.069690,0.00485676
1771742645.687036,8.300000,0.010000,0.069691,0.000096,-0.087851,-5.0335,-0.651045,-0.332229,-0.174145,0.323798,0.323798,18.5523,18.5523,1,1,0.069691,0.00485680
1771742645.697036,8.310000,0.010000,0.069691,0.000091,-0.093156,-5.3374,-0.633820,-0.330262,0.196689,0.348907,0.348907,19.9909,19.9909,1,1,0.069691,0.00485684
1771742645.707036,8.320000,0.010000,0.069691,0.000083,-0.098188,-5.6257,-0.606697,-0.325050,0.521169,0.342630,0.342630,19.6313,19.6313,1,1,0.069691,0.00485687
1771742645.717036,8.330000,0.010000,0.069690,0.000080,-0.102884,-5.8948,-0.573575,-0.316999,0.805089,0.318904,0.318904,18.2719,18.2719,1,1,0.069690,0.00485664
1771742645.727036,8.340000,0.010000,0.069680,0.000076,-0.107204,-6.1423,-0.543829,-0.306464,1.053518,0.298435,0.298435,17.0991,17.0991,1,1,0.069680,0.00485526
1771742645.737036,8.350000,0.010000,0.069656,0.000069,-0.111102,-6.3657,-0.519497,-0.293755,1.270894,0.270142,0.270142,15.4780,15.4780,1,1,0.069656,0.00485193
1771742645.747036,8.360000,0.010000,0.069612,0.000065,-0.114542,-6.5628,-0.501976,-0.279144,1.461098,0.241758,0.241758,13.8517,13.8517,1,1,0.069612,0.00484582
1771742645.757036,8.370000,0.010000,0.069542,0.000064,-0.117498,-6.7321,-0.493982,-0.262869,1.627527,0.224040,0.224040,12.8365,12.8365,1,1,0.069542,0.00483605
1771742645.767036,8.380000,0.010000,0.069438,0.000065,-0.119946,-6.8724,-0.497842,-0.245138,1.773152,0.208561,0.208561,11.9496,11.9496,1,1,0.069438,0.00482161
1771742645.777036,8.390000,0.010000,0.069292,0.000073,-0.121872,-6.9827,-0.516584,-0.226132,1.900574,0.204619,0.204619,11.7238,11.7238,1,1,0.069292,0.00480135
1771742645.787036,8.400000,0.010000,0.069056,-0.004786,-0.122763,-7.0338,-0.542728,-0.206011,2.012068,0.218695,0.218695,12.5303,12.5303,1,1,0.069056,0.00476872
1771742645.797036,8.410000,0.010000,0.068666,-0.017772,-0.121554,-6.9645,-0.355220,-0.184915,2.109625,0.274381,0.274381,15.7209,15.7209,1,1,0.068666,0.00471508
1771742645.807036,8.420000,0.010000,0.068321,-0.015823,-0.120674,-6.9141,-0.255205,-0.162965,2.194988,0.235167,0.235167,13.4741,13.4741,1,1,0.068321,0.00466782
1771742645.817036,8.430000,0.010000,0.068066,-0.005652,-0.120621,-6.9111,-0.362379,-0.140268,2.269680,0.116331,0.116331,6.6653,6.6653,1,1,0.068066,0.00463295
1771742645.827036,8.440000,0.010000,0.067672,-0.012717,-0.118323,-6.7794,-0.367300,-0.116918,2.335036,0.157542,0.157542,9.0265,9.0265,1,1,0.067672,0.00457957
1771742645.837036,8.450000,0.010000,0.067101,-0.036931,-0.113113,-6.4809,0.124853,-0.092996,2.392222,0.163860,0.163860,9.3885,9.3885,1,1,0.067101,0.00450251
1771742645.847036,8.460000,0.010000,0.066801,-0.018151,-0.111351,-6.3799,-0.033382,-0.068573,2.442261,0.061198,0.061198,3.5064,3.5064,1,1,0.066801,0.00446237
1771742645.857036,8.470000,0.010000,0.066467,-0.011991,-0.108651,-6.2253,-0.138046,-0.043713,2.486044,-0.224816,-0.224816,-12.8810,-12.8810,1,1,0.066467,0.00441789
1771742645.867036,8.480000,0.010000,0.065966,-0.023132,-0.103211,-5.9136,-0.010716,-0.018469,2.524354,-0.243915,-0.243915,-13.9753,-13.9753,1,1,0.065966,0.00435153
1771742645.877036,8.490000,0.010000,0.065421,-0.035467,-0.096518,-5.5301,0.382290,0.007110,2.557876,-0.228779,-0.228779,-13.1081,-13.1081,1,1,0.065421,0.00427984
1771742645.887036,8.500000,0.010000,0.065114,-0.024121,-0.092546,-5.3025,0.314172,0.032982,2.587207,-0.188549,-0.188549,-10.8030,-10.8030,1,1,0.065114,0.00423986
1771742645.897036,8.510000,0.010000,0.064847,-0.007753,-0.088274,-5.0578,0.177344,0.054929,2.194736,-0.235295,-0.235295,-13.4814,-13.4814,1,1,0.064847,0.00420515
1771742645.907036,8.520000,0.010000,0.064505,-0.007774,-0.082362,-4.7190,0.105228,0.073640,1.871130,-0.217434,-0.217434,-12.4580,-12.4580,1,1,0.064505,0.00416087
1771742645.917036,8.530000,0.010000,0.064043,-0.021233,-0.074224,-4.2527,0.432013,0.091772,1.813180,-0.269935,-0.269935,-15.4661,-15.4661,1,1,0.064043,0.00410152
1771742645.927036,8.540000,0.010000,0.063805,0.000020,-0.068639,-3.9328,0.257990,0.111128,1.935598,-0.173280,-0.173280,-9.9282,-9.9282,1,1,0.063805,0.00407107
1771742645.937036,8.550000,0.010000,0.063502,-0.001419,-0.061583,-3.5285,0.202186,0.126633,1.550484,-0.295476,-0.295476,-16.9295,-16.9295,1,1,0.063502,0.00403255
1771742645.947036,8.560000,0.010000,0.063103,-0.014298,-0.052453,-3.0053,0.585968,0.136709,1.007608,-0.355654,-0.355654,-20.3775,-20.3775,1,1,0.063103,0.00398196
1771742645.957036,8.570000,0.010000,0.062981,0.000056,-0.046742,-2.6781,0.454040,0.142035,0.532591,-0.303177,-0.303177,-17.3708,-17.3708,1,1,0.062981,0.00396657
1771742645.967036,8.580000,0.010000,0.062851,0.000040,-0.040991,-2.3486,0.375207,0.144763,0.272814,-0.351365,-0.351365,-20.1317,-20.1317,1,1,0.062851,0.00395021
1771742645.977036,8.590000,0.010000,0.062683,0.000311,-0.035265,-2.0205,0.293310,0.143660,-0.110353,-0.366212,-0.366212,-20.9824,-20.9824,1,1,0.062683,0.00392910
1771742645.987036,8.600000,0.010000,0.062471,-0.000267,-0.029211,-1.6737,0.269593,0.139203,-0.445625,-0.372658,-0.372658,-21.3518,-21.3518,1,1,0.062471,0.00390267
1771742645.997036,8.610000,0.010000,0.062274,0.000030,-0.023299,-1.3350,0.318462,0.131814,-0.738988,-0.373362,-0.373362,-21.3921,-21.3921,1,1,0.062274,0.00387807
1771742646.007036,8.620000,0.010000,0.062151,0.000019,-0.018699,-1.0714,0.244974,0.121857,-0.995680,-0.355842,-0.355842,-20.3883,-20.3883,1,1,0.062151,0.00386274
1771742646.017036,8.630000,0.010000,0.062015,0.000010,-0.014543,-0.8332,0.161250,0.109654,-1.220286,-0.354613,-0.354613,-20.3178,-20.3178,1,1,0.062015,0.00384581
1771742646.027036,8.640000,0.010000,0.061861,0.000007,-0.010700,-0.6130,0.106744,0.095486,-1.416816,-0.354845,-0.354845,-20.3311,-20.3311,1,1,0.061861,0.00382684
1771742646.037036,8.650000,0.010000,0.061713,0.000004,-0.007385,-0.4231,0.048792,0.079598,-1.588780,-0.350786,-0.350786,-20.0986,-20.0986,1,1,0.061713,0.00380849
1771742646.047036,8.660000,0.010000,0.061569,0.000003,-0.004624,-0.2649,-0.012182,0.062205,-1.739248,-0.352721,-0.352721,-20.2094,-20.2094,1,1,0.061569,0.00379072
1771742646.057036,8.670000,0.010000,0.061429,0.000004,-0.002433,-0.1394,-0.075458,0.043496,-1.870908,-0.352584,-0.352584,-20.2016,-20.2016,1,1,0.061429,0.00377349
1771742646.067036,8.680000,0.010000,0.061292,0.000007,-0.000827,-0.0474,-0.140615,0.023635,-1.986110,-0.350696,-0.350696,-20.0934,-20.0934,1,1,0.061292,0.00375675
1771742646.077036,8.690000,0.010000,0.061159,0.000012,0.000186,0.0106,-0.207170,0.002766,-2.086913,-0.344414,-0.344414,-19.7335,-19.7335,1,1,0.061159,0.00374045
1771742646.087036,8.700000,0.010000,0.061029,0.000020,0.000598,0.0342,-0.274777,-0.018985,-2.175114,-0.321721,-0.321721,-18.4333,-18.4333,1,1,0.061029,0.00372454
1771742646.097036,8.710000,0.010000,0.060902,0.000030,0.000406,0.0232,-0.343098,-0.041508,-2.252291,-0.285436,-0.285436,-16.3543,-16.3543,1,1,0.060902,0.00370900
1771742646.107036,8.720000,0.010000,0.060776,0.000043,-0.000391,-0.0224,-0.411867,-0.064706,-2.319820,-0.298083,-0.298083,-17.0789,-17.0789,1,1,0.060776,0.00369376
1771742646.117036,8.730000,0.010000,0.060653,0.000058,-0.001793,-0.1027,-0.480843,-0.088495,-2.378909,-0.318625,-0.318625,-18.2559,-18.2559,1,1,0.060653,0.00367880
1771742646.127036,8.740000,0.010000,0.060532,0.000075,-0.003796,-0.2175,-0.549819,-0.112801,-2.430611,-0.328228,-0.328228,-18.8061,-18.8061,1,1,0.060532,0.00366407
1771742646.137036,8.750000,0.010000,0.060411,0.000094,-0.006396,-0.3664,-0.618469,-0.137560,-2.475850,-0.358616,-0.358616,-20.5472,-20.5472,1,1,0.060411,0.00364954
1771742646.147036,8.760000,0.010000,0.060292,0.000114,-0.009579,-0.5489,-0.684830,-0.162714,-2.515435,-0.380467,-0.380467,-21.7992,-21.7992,1,1,0.060292,0.00363517
1771742646.157036,8.770000,0.010000,0.060172,0.000131,-0.013285,-0.7612,-0.745430,-0.186731,-2.401630,-0.396174,-0.396174,-22.6991,-22.6991,1,1,0.060172,0.00362072
1771742646.167036,8.780000,0.010000,0.060047,0.000147,-0.017364,-0.9949,-0.791981,-0.207237,-2.050696,-0.394028,-0.394028,-22.5761,-22.5761,1,1,0.060047,0.00360566
1771742646.177036,8.790000,0.010000,0.059920,0.000163,-0.021794,-1.2487,-0.834205,-0.225423,-1.818545,-0.292863,-0.292863,-16.7798,-16.7798,1,1,0.059920,0.00359041
1771742646.187036,8.800000,0.010000,0.059789,0.000175,-0.026482,-1.5173,-0.867537,-0.241318,-1.589514,-0.082974,-0.082974,-4.7541,-4.7541,1,1,0.059789,0.00357467
1771742646.197036,8.810000,0.010000,0.059653,0.000185,-0.031378,-1.7978,-0.894818,-0.254990,-1.367224,0.151447,0.151447,8.6773,8.6773,1,1,0.059653,0.00355853
1771742646.207036,8.820000,0.010000,0.059513,0.000193,-0.036396,-2.0854,-0.913676,-0.266168,-1.117793,0.260291,0.260291,14.9136,14.9136,1,1,0.059513,0.00354180
1771742646.217036,8.830000,0.010000,0.059364,0.000194,-0.041391,-2.3716,-0.918092,-0.273112,-0.694412,0.283150,0.283150,16.2233,16.2233,1,1,0.059364,0.00352407
1771742646.227036,8.840000,0.010000,0.059206,0.000191,-0.046263,-2.6507,-0.911006,-0.275698,-0.258544,0.300620,0.300620,17.2242,17.2242,1,1,0.059206,0.00350541
1771742646.237036,8.850000,0.010000,0.059049,0.000191,-0.051117,-2.9288,-0.911000,-0.278496,-0.279810,0.311148,0.311148,17.8275,17.8275,1,1,0.059049,0.00348680
1771742646.247036,8.860000,0.010000,0.058892,0.000193,-0.056007,-3.2089,-0.917128,-0.283512,-0.501618,0.320852,0.320852,18.3835,18.3835,1,1,0.058892,0.00346823
1771742646.257036,8.870000,0.010000,0.058731,0.000195,-0.060912,-3.4900,-0.922570,-0.289102,-0.558952,0.320575,0.320575,18.3676,18.3676,1,1,0.058731,0.00344937
1771742646.267036,8.880000,0.010000,0.058574,0.000202,-0.065974,-3.7800,-0.940401,-0.297483,-0.838149,0.315770,0.315770,18.0923,18.0923,1,1,0.058574,0.00343094
1771742646.277036,8.890000,0.010000,0.058416,0.000209,-0.071187,-4.0787,-0.960101,-0.307856,-1.037304,0.309657,0.309657,17.7421,17.7421,1,1,0.058416,0.00341242
1771742646.287036,8.900000,0.010000,0.058256,0.000218,-0.076562,-4.3867,-0.981252,-0.318896,-1.103972,0.309724,0.309724,17.7459,17.7459,1,1,0.058256,0.00339381
1771742646.297036,8.910000,0.010000,0.058091,0.000223,-0.081999,-4.6982,-0.993989,-0.328287,-0.939150,0.319682,0.319682,18.3164,18.3164,1,1,0.058091,0.00337454
1771742646.307036,8.920000,0.010000,0.057913,-0.000132,-0.087323,-5.0033,-0.993576,-0.333014,-0.472690,0.339143,0.339143,19.4315,19.4315,1,1,0.057913,0.00335388
1771742646.317036,8.930000,0.010000,0.057717,-0.001022,-0.092403,-5.2943,-0.983468,-0.333660,-0.064538,0.350613,0.350613,20.0886,20.0886,1,1,0.057717,0.00333131
1771742646.327036,8.940000,0.010000,0.057502,-0.001988,-0.097121,-5.5646,-0.957682,-0.330734,0.292595,0.364783,0.364783,20.9005,20.9005,1,1,0.057502,0.00330647
1771742646.337036,8.950000,0.010000,0.057273,-0.002617,-0.101505,-5.8158,-0.928914,-0.324683,0.605087,0.365555,0.365555,20.9447,20.9447,1,1,0.057273,0.00328019
1771742646.347036,8.960000,0.010000,0.057025,-0.003972,-0.105463,-6.0426,-0.897767,-0.315898,0.878517,0.362298,0.362298,20.7581,20.7581,1,1,0.057025,0.00325188
1771742646.357036,8.970000,0.010000,0.056751,-0.005811,-0.108849,-6.2366,-0.847731,-0.304720,1.117768,0.356021,0.356021,20.3985,20.3985,1,1,0.056751,0.00322064
1771742646.367036,8.980000,0.010000,0.056464,-0.006443,-0.111807,-6.4060,-0.800029,-0.291449,1.327113,0.344891,0.344891,19.7608,19.7608,1,1,0.056464,0.00318818
1771742646.377036,8.990000,0.010000,0.056162,-0.007811,-0.114281,-6.5478,-0.761669,-0.276346,1.510289,0.329790,0.329790,18.8956,18.8956,1,1,0.056162,0.00315413
1771742646.387036,9.000000,0.010000,0.055823,-0.010822,-0.115975,-6.6449,-0.689456,-0.259640,1.670569,0.325786,0.325786,18.6662,18.6662,1,1,0.055823,0.00311621
1771742646.397036,9.010000,0.010000,0.055481,-0.010757,-0.117279,-6.7196,-0.629592,-0.241532,1.810814,0.326142,0.326142,18.6866,18.6866,1,1,0.055481,0.00307810
1771742646.407036,9.020000,0.010000,0.055133,-0.011162,-0.118186,-6.7715,-0.610102,-0.222197,1.933528,0.313886,0.313886,17.9844,17.9844,1,1,0.055133,0.00303965
1771742646.417036,9.030000,0.010000,0.054721,-0.016865,-0.117859,-6.7528,-0.503411,-0.201788,2.040903,0.304770,0.304770,17.4620,17.4620,1,1,0.054721,0.00299435
1771742646.427036,9.040000,0.010000,0.054325,-0.015395,-0.117355,-6.7240,-0.419610,-0.180439,2.134856,0.269252,0.269252,15.4270,15.4270,1,1,0.054325,0.00295120
1771742646.437036,9.050000,0.010000,0.053965,-0.011396,-0.117009,-6.7041,-0.483200,-0.158269,2.217065,0.229674,0.229674,13.1594,13.1594,1,1,0.053965,0.00291227
1771742646.447036,9.060000,0.010000,0.053459,-0.023701,-0.114173,-6.5416,-0.307107,-0.135379,2.288997,0.296026,0.296026,16.9611,16.9611,1,1,0.053459,0.00285790
1771742646.457036,9.070000,0.010000,0.052995,-0.021927,-0.111493,-6.3881,-0.177565,-0.111859,2.351939,0.146284,0.146284,8.3815,8.3815,1,1,0.052995,0.00280847
1771742646.467036,9.080000,0.010000,0.052657,-0.007752,-0.110163,-6.3119,-0.347462,-0.087789,2.407012,-0.022057,-0.022057,-1.2638,-1.2638,1,1,0.052657,0.00277279
1771742646.477036,9.090000,0.010000,0.052187,-0.017769,-0.106420,-6.0974,-0.248253,-0.063237,2.455201,0.062411,0.062411,3.5759,3.5759,1,1,0.052187,0.00272347
1771742646.487036,9.100000,0.010000,0.051624,-0.031147,-0.100741,-5.7720,0.134389,-0.038263,2.497367,0.034807,0.034807,1.9943,1.9943,1,1,0.051624,0.00266505
1771742646.497036,9.110000,0.010000,0.051360,-0.000202,-0.098881,-5.6654,-0.239859,-0.012921,2.534262,-0.009237,-0.009237,-0.5292,-0.5292,1,1,0.051360,0.00263781
1771742646.507036,9.120000,0.010000,0.050962,-0.009014,-0.094465,-5.4124,-0.180078,0.012745,2.566545,-0.086009,-0.086009,-4.9280,-4.9280,1,1,0.050962,0.00259715
1771742646.517036,9.130000,0.010000,0.050487,-0.019622,-0.088267,-5.0573,0.193151,0.038693,2.594793,-0.032127,-0.032127,-1.8408,-1.8408,1,1,0.050487,0.00254894
1771742646.527036,9.140000,0.010000,0.050134,-0.007259,-0.083254,-4.7701,0.029673,0.064888,2.619510,-0.108137,-0.108137,-6.1958,-6.1958,1,1,0.050134,0.00251340
1771742646.537036,9.150000,0.010000,0.049704,-0.012982,-0.076612,-4.3896,0.129419,0.091299,2.641137,0.057915,0.057915,3.3183,3.3183,1,1,0.049704,0.00247047
1771742646.547036,9.160000,0.010000,0.049246,-0.015552,-0.068799,-3.9419,0.332643,0.117900,2.660061,0.034987,0.034987,2.0046,2.0046,1,1,0.049246,0.00242516
1771742646.557036,9.170000,0.010000,0.048895,-0.005502,-0.061810,-3.5415,0.254776,0.137685,1.978487,-0.061710,-0.061710,-3.5357,-3.5357,1,1,0.048895,0.00239074
1771742646.567036,9.180000,0.010000,0.048508,-0.008012,-0.053680,-3.0756,0.307328,0.151506,1.382110,-0.221123,-0.221123,-12.6694,-12.6694,1,1,0.048508,0.00235298
1771742646.577036,9.190000,0.010000,0.048128,-0.006020,-0.044860,-2.5703,0.457569,0.167090,1.558412,-0.292629,-0.292629,-16.7664,-16.7664,1,1,0.048128,0.00231633
1771742646.587036,9.200000,0.010000,0.047902,0.000022,-0.038149,-2.1858,0.300627,0.177235,1.014545,-0.322904,-0.322904,-18.5010,-18.5010,1,1,0.047902,0.00229458
1771742646.597036,9.210000,0.010000,0.047567,-0.001942,-0.029833,-1.7093,0.309942,0.182622,0.538661,-0.378327,-0.378327,-21.6765,-21.6765,1,1,0.047567,0.00226264
1771742646.607036,9.220000,0.010000,0.047257,0.000049,-0.021146,-1.2116,0.471671,0.183844,0.122263,-0.389436,-0.389436,-22.3130,-22.3130,1,1,0.047257,0.00223322
1771742646.617036,9.230000,0.010000,0.047114,0.000064,-0.015577,-0.8925,0.224923,0.181424,-0.242086,-0.372144,-0.372144,-21.3223,-21.3223,1,1,0.047114,0.00221974
1771742646.627036,9.240000,0.010000,0.046798,-0.001050,-0.008035,-0.4604,0.244660,0.175815,-0.560891,-0.407361,-0.407361,-23.3400,-23.3400,1,1,0.046798,0.00219002
1771742646.637036,9.250000,0.010000,0.046533,0.000025,-0.000832,-0.0477,0.332877,0.167416,-0.839846,-0.397488,-0.397488,-22.7744,-22.7744,1,1,0.046533,0.00216534
1771742646.647036,9.260000,0.010000,0.046394,0.000341,0.003687,0.2112,0.107429,0.156577,-1.083931,-0.373320,-0.373320,-21.3897,-21.3897,1,1,0.046394,0.00215240
1771742646.657036,9.270000,0.010000,0.046122,0.000395,0.009587,0.5493,0.113548,0.143602,-1.297505,-0.386641,-0.386641,-22.1529,-22.1529,1,1,0.046122,0.00212721
1771742646.667036,9.280000,0.010000,0.045892,0.000007,0.015014,0.8603,0.153363,0.132891,-1.071084,-0.374959,-0.374959,-21.4836,-21.4836,1,1,0.045892,0.00210603
1771742646.677036,9.290000,0.010000,0.045738,0.000004,0.018517,1.0610,-0.015143,0.120653,-1.223794,-0.378970,-0.378970,-21.7134,-21.7134,1,1,0.045738,0.00209200
1771742646.687036,9.300000,0.010000,0.045500,0.000703,0.022779,1.3052,-0.021626,0.106454,-1.419886,-0.378317,-0.378317,-21.6760,-21.6760,1,1,0.045500,0.00207022
1771742646.697036,9.310000,0.010000,0.045304,0.000002,0.026251,1.5041,-0.047253,0.090540,-1.591466,-0.356411,-0.356411,-20.4209,-20.4209,1,1,0.045304,0.00205241
1771742646.707036,9.320000,0.010000,0.045138,0.000006,0.028528,1.6346,-0.163185,0.073124,-1.741598,-0.334097,-0.334097,-19.1424,-19.1424,1,1,0.045138,0.00203744
1771742646.717036,9.330000,0.010000,0.044935,0.000007,0.030826,1.7662,-0.186080,0.054394,-1.872964,-0.332965,-0.332965,-19.0775,-19.0775,1,1,0.044935,0.00201916
1771742646.727036,9.340000,0.010000,0.044767,0.000015,0.032093,1.8388,-0.280894,0.034515,-1.987910,-0.310577,-0.310577,-17.7947,-17.7947,1,1,0.044767,0.00200407
1771742646.737036,9.350000,0.010000,0.044579,0.000020,0.033087,1.8958,-0.325358,0.013630,-2.088487,-0.295035,-0.295035,-16.9043,-16.9043,1,1,0.044579,0.00198732
1771742646.747036,9.360000,0.010000,0.044412,0.000031,0.033235,1.9043,-0.409043,-0.008135,-2.176492,-0.269963,-0.269963,-15.4677,-15.4677,1,1,0.044412,0.00197243
1771742646.757036,9.370000,0.010000,0.044235,0.000039,0.032956,1.8882,-0.465102,-0.030670,-2.253496,-0.267738,-0.267738,-15.3402,-15.3402,1,1,0.044235,0.00195674
1771742646.767036,9.380000,0.010000,0.044070,0.000053,0.031935,1.8298,-0.542593,-0.053879,-2.320875,-0.257796,-0.257796,-14.7706,-14.7706,1,1,0.044070,0.00194215
1771742646.777036,9.390000,0.010000,0.043900,0.000065,0.030408,1.7423,-0.604635,-0.077677,-2.379831,-0.275987,-0.275987,-15.8129,-15.8129,1,1,0.043900,0.00192720
1771742646.787036,9.400000,0.010000,0.043737,0.000082,0.028205,1.6160,-0.678322,-0.101991,-2.431418,-0.316052,-0.316052,-18.1085,-18.1085,1,1,0.043737,0.00191291
1771742646.797036,9.410000,0.010000,0.043571,0.000097,0.025459,1.4587,-0.743120,-0.126757,-2.476557,-0.356565,-0.356565,-20.4297,-20.4297,1,1,0.043571,0.00189846
1771742646.807036,9.420000,0.010000,0.043410,0.000116,0.022081,1.2652,-0.814121,-0.151917,-2.516053,-0.381590,-0.381590,-21.8635,-21.8635,1,1,0.043410,0.00188441
1771742646.817036,9.430000,0.010000,0.043247,0.000132,0.018159,1.0404,-0.877550,-0.177423,-2.550612,-0.397818,-0.397818,-22.7933,-22.7933,1,1,0.043247,0.00187028
1771742646.827036,9.440000,0.010000,0.043079,0.000146,0.013821,0.7919,-0.928848,-0.199797,-2.237350,-0.403879,-0.403879,-23.1405,-23.1405,1,1,0.043079,0.00185583
1771742646.837036,9.450000,0.010000,0.042902,0.000156,0.009281,0.5318,-0.960020,-0.216584,-1.678754,-0.368259,-0.368259,-21.0997,-21.0997,1,1,0.042902,0.00184061
1771742646.847036,9.460000,0.010000,0.042725,0.000165,0.004465,0.2558,-0.993098,-0.231132,-1.454752,-0.202012,-0.202012,-11.5744,-11.5744,1,1,0.042725,0.00182545
1771742646.857036,9.470000,0.010000,0.042535,0.000168,-0.000326,-0.0187,-1.001856,-0.241063,-0.993058,-0.053774,-0.053774,-3.0810,-3.0810,1,1,0.042535,0.00180923
1771742646.867036,9.480000,0.010000,0.042342,0.000170,-0.005169,-0.2962,-1.011720,-0.247809,-0.674655,0.124082,0.124082,7.1094,7.1094,1,1,0.042342,0.00179288
1771742646.877036,9.490000,0.010000,0.042137,0.000167,-0.009821,-0.5627,-1.001665,-0.250578,-0.276924,0.193285,0.193285,11.0744,11.0744,1,1,0.042137,0.00177553
1771742646.887036,9.500000,0.010000,0.041933,0.000167,-0.014468,-0.8289,-1.002716,-0.252723,-0.214490,0.193845,0.193845,11.1065,11.1065,1,1,0.041933,0.00175839
1771742646.897036,9.510000,0.010000,0.041718,0.000162,-0.018903,-1.0830,-0.989135,-0.253357,-0.063404,0.222907,0.222907,12.7716,12.7716,1,1,0.041718,0.00174043
1771742646.907036,9.520000,0.010000,0.041510,0.000163,-0.023423,-1.3420,-0.996776,-0.256186,-0.282870,0.222365,0.222365,12.7406,12.7406,1,1,0.041510,0.00172309
1771742646.917036,9.530000,0.010000,0.041299,0.000165,-0.027976,-1.6029,-1.004871,-0.262152,-0.596577,0.285680,0.285680,16.3683,16.3683,1,1,0.041299,0.00170562
1771742646.927036,9.540000,0.010000,0.041092,0.000171,-0.032717,-1.8746,-1.025762,-0.270862,-0.871071,0.312996,0.312996,17.9333,17.9333,1,1,0.041092,0.00168853
1771742646.937036,9.550000,0.010000,0.040883,0.000178,-0.037636,-2.1564,-1.048840,-0.281975,-1.111253,0.313427,0.313427,17.9580,17.9580,1,1,0.040883,0.00167144
1771742646.947036,9.560000,0.010000,0.040677,0.000187,-0.042823,-2.4536,-1.079901,-0.295189,-1.321412,0.306102,0.306102,17.5383,17.5383,1,1,0.040677,0.00165460
1771742646.957036,9.570000,0.010000,0.040466,0.000195,-0.048198,-2.7615,-1.106311,-0.308775,-1.358618,0.296318,0.296318,16.9778,16.9778,1,1,0.040466,0.00163754
1771742646.967036,9.580000,0.010000,0.040243,0.000195,-0.053497,-3.0652,-1.110170,-0.317173,-0.839725,0.288813,0.288813,16.5478,16.5478,1,1,0.040243,0.00161948
1771742646.977036,9.590000,0.010000,0.040012,0.000194,-0.058707,-3.3636,-1.107879,-0.321029,-0.385694,0.319513,0.319513,18.3067,18.3067,1,1,0.040012,0.00160097
1771742646.987036,9.600000,0.010000,0.039770,0.000188,-0.063664,-3.6477,-1.090984,-0.320914,0.011584,0.353567,0.353567,20.2579,20.2579,1,1,0.039770,0.00158166
1771742646.997036,9.610000,0.010000,0.039518,-0.000224,-0.068332,-3.9151,-1.070734,-0.317322,0.359202,0.370103,0.370103,21.2054,21.2054,1,1,0.039518,0.00156167
1771742647.007036,9.620000,0.010000,0.039249,-0.000717,-0.072553,-4.1570,-1.035531,-0.310688,0.663367,0.374322,0.374322,21.4471,21.4471,1,1,0.039249,0.00154051
1771742647.017036,9.630000,0.010000,0.038972,-0.000800,-0.076375,-4.3760,-0.998026,-0.301393,0.929512,0.367855,0.367855,21.0766,21.0766,1,1,0.038972,0.00151884
1771742647.027036,9.640000,0.010000,0.038683,-0.001574,-0.079708,-4.5669,-0.954648,-0.289769,1.162389,0.361358,0.361358,20.7043,20.7043,1,1,0.038683,0.00149635
1771742647.037036,9.650000,0.010000,0.038381,-0.001801,-0.082506,-4.7273,-0.902962,-0.276107,1.366156,0.351441,0.351441,20.1361,20.1361,1,1,0.038381,0.00147307
1771742647.047036,9.660000,0.010000,0.038071,-0.002206,-0.084819,-4.8597,-0.855587,-0.260663,1.544453,0.335148,0.335148,19.2026,19.2026,1,1,0.038071,0.00144944
1771742647.057036,9.670000,0.010000,0.037746,-0.003093,-0.086490,-4.9555,-0.794795,-0.243658,1.700462,0.314298,0.314298,18.0080,18.0080,1,1,0.037746,0.00142476
1771742647.067036,9.680000,0.010000,0.037417,-0.002705,-0.087665,-5.0229,-0.742170,-0.225289,1.836970,0.285919,0.285919,16.3820,16.3820,1,1,0.037417,0.00140003
1771742647.077036,9.690000,0.010000,0.037074,-0.004037,-0.088185,-5.0526,-0.680813,-0.205724,1.956415,0.266087,0.266087,15.2456,15.2456,1,1,0.037074,0.00137446
1771742647.087036,9.700000,0.010000,0.036723,-0.003490,-0.088113,-5.0485,-0.616617,-0.185115,2.060929,0.244813,0.244813,14.0268,14.0268,1,1,0.036723,0.00134861
1771742647.097036,9.710000,0.010000,0.036371,-0.004077,-0.087514,-5.0142,-0.564691,-0.163591,2.152378,0.212016,0.212016,12.1476,12.1476,1,1,0.036371,0.00132282
1771742647.107036,9.720000,0.010000,0.035998,-0.004933,-0.086124,-4.9345,-0.484890,-0.141267,2.232397,0.169328,0.169328,9.7018,9.7018,1,1,0.035998,0.00129589
1771742647.117036,9.730000,0.010000,0.035641,-0.003006,-0.084413,-4.8365,-0.444491,-0.118243,2.302413,-0.053091,-0.053091,-3.0419,-3.0419,1,1,0.035641,0.00127029
1771742647.127036,9.740000,0.010000,0.035256,-0.005919,-0.081755,-4.6842,-0.360074,-0.094606,2.363677,-0.154705,-0.154705,-8.8640,-8.8640,1,1,0.035256,0.00124300
1771742647.137036,9.750000,0.010000,0.034898,-0.000003,-0.078820,-4.5160,-0.317468,-0.070434,2.417284,-0.211853,-0.211853,-12.1383,-12.1383,1,1,0.034898,0.00121790
1771742647.147036,9.760000,0.010000,0.034524,-0.004787,-0.075000,-4.2972,-0.240766,-0.045792,2.464189,-0.209165,-0.209165,-11.9843,-11.9843,1,1,0.034524,0.00119192
1771742647.157036,9.770000,0.010000,0.034159,0.000005,-0.070687,-4.0501,-0.169575,-0.020739,2.505231,-0.236831,-0.236831,-13.5694,-13.5694,1,1,0.034159,0.00116682
1771742647.167036,9.780000,0.010000,0.033807,-0.002597,-0.066014,-3.7823,-0.132256,0.004672,2.541143,-0.272406,-0.272406,-15.6077,-15.6077,1,1,0.033807,0.00114292
1771742647.177036,9.790000,0.010000,0.033438,-0.001483,-0.060607,-3.4725,-0.048374,0.030398,2.572566,-0.226936,-0.226936,-13.0025,-13.0025,1,1,0.033438,0.00111807
1771742647.187036,9.800000,0.010000,0.033072,-0.002670,-0.054727,-3.1356,-0.002038,0.056398,2.600061,-0.169872,-0.169872,-9.7329,-9.7329,1,1,0.033072,0.00109379
1771742647.197036,9.810000,0.010000,0.032712,-0.000663,-0.048420,-2.7742,0.055817,0.082640,2.624119,-0.084098,-0.084098,-4.8184,-4.8184,1,1,0.032712,0.00107009
1771742647.207036,9.820000,0.010000,0.032360,-0.001576,-0.041780,-2.3938,0.088959,0.105570,2.293090,-0.038042,-0.038042,-2.1796,-2.1796,1,1,0.032360,0.00104718
1771742647.217036,9.830000,0.010000,0.032013,-0.000022,-0.034823,-1.9952,0.136504,0.122976,1.740534,-0.039603,-0.039603,-2.2691,-2.2691,1,1,0.032013,0.00102484
1771742647.227036,9.840000,0.010000,0.031681,-0.000526,-0.027809,-1.5933,0.145018,0.134715,1.173901,-0.148284,-0.148284,-8.4961,-8.4961,1,1,0.031681,0.00100370
1771742647.237036,9.850000,0.010000,0.031357,0.000006,-0.020805,-1.1921,0.159352,0.141496,0.678098,-0.288655,-0.288655,-16.5387,-16.5387,1,1,0.031357,0.00098329
1771742647.247036,9.860000,0.010000,0.031060,0.000006,-0.014325,-0.8208,0.119470,0.143938,0.244270,-0.300866,-0.300866,-17.2384,-17.2384,1,1,0.031060,0.00096473
1771742647.257036,9.870000,0.010000,0.030750,0.000003,-0.007794,-0.4466,0.114904,0.142585,-0.135330,-0.310941,-0.310941,-17.8156,-17.8156,1,1,0.030750,0.00094556
1771742647.267036,9.880000,0.010000,0.030465,0.000002,-0.001902,-0.1090,0.062389,0.137910,-0.467480,-0.281222,-0.281222,-16.1128,-16.1128,1,1,0.030465,0.00092813
1771742647.277036,9.890000,0.010000,0.030172,0.000003,0.003828,0.2193,0.037637,0.130329,-0.758110,-0.271867,-0.271867,-15.5768,-15.5768,1,1,0.030172,0.00091036
1771742647.287036,9.900000,0.010000,0.029900,0.000003,0.008877,0.5086,-0.024099,0.120205,-1.012412,-0.242354,-0.242354,-13.8859,-13.8859,1,1,0.029900,0.00089399
1771742647.297036,9.910000,0.010000,0.029621,0.000004,0.013621,0.7804,-0.063138,0.107856,-1.234927,-0.217841,-0.217841,-12.4814,-12.4814,1,1,0.029621,0.00087742
1771742647.307036,9.920000,0.010000,0.029360,0.000006,0.017654,1.0115,-0.131051,0.093560,-1.429627,-0.164735,-0.164735,-9.4386,-9.4386,1,1,0.029360,0.00086201
1771742647.317036,9.930000,0.010000,0.029094,0.000008,0.021284,1.2195,-0.180152,0.077560,-1.599989,-0.134722,-0.134722,-7.7190,-7.7190,1,1,0.029094,0.00084649
1771742647.327036,9.940000,0.010000,0.028843,0.000011,0.024189,1.3859,-0.251929,0.060069,-1.749056,-0.124436,-0.124436,-7.1297,-7.1297,1,1,0.028843,0.00083193
1771742647.337036,9.950000,0.010000,0.028572,0.000012,0.027056,1.5502,-0.272068,0.047805,-1.226385,-0.126240,-0.126240,-7.2330,-7.2330,1,1,0.028572,0.00081635
1771742647.347036,9.960000,0.010000,0.028320,0.000016,0.029291,1.6782,-0.329630,0.036879,-1.092601,-0.139608,-0.139608,-7.9989,-7.9989,1,1,0.028320,0.00080201
1771742647.357036,9.970000,0.010000,0.028060,0.000018,0.031288,1.7927,-0.363404,0.023828,-1.305092,-0.161981,-0.161981,-9.2808,-9.2808,1,1,0.028060,0.00078734
1771742647.367036,9.980000,0.010000,0.027816,0.000024,0.032622,1.8691,-0.427151,0.008918,-1.491021,-0.145462,-0.145462,-8.3344,-8.3344,1,1,0.027816,0.00077371
1771742647.377036,9.990000,0.010000,0.027565,0.000027,0.033623,1.9264,-0.470628,-0.007619,-1.653709,-0.171321,-0.171321,-9.8159,-9.8159,1,1,0.027565,0.00075983
1771742647.387036,10.000000,0.010000,0.027328,0.000034,0.033945,1.9449,-0.538268,-0.025580,-1.796062,-0.189974,-0.189974,-10.8847,-10.8847,1,1,0.027328,0.00074682
1771742647.397036,10.010000,0.010000,0.027085,0.000040,0.033871,1.9407,-0.588488,-0.044786,-1.920620,-0.200093,-0.200093,-11.4645,-11.4645,1,1,0.027085,0.00073362
1771742647.407036,10.020000,0.010000,0.026854,0.000048,0.033116,1.8974,-0.658311,-0.065082,-2.029608,-0.181733,-0.181733,-10.4126,-10.4126,1,1,0.026854,0.00072113
1771742647.417036,10.030000,0.010000,0.026618,0.000055,0.031922,1.8290,-0.713051,-0.086332,-2.124973,-0.182548,-0.182548,-10.4592,-10.4592,1,1,0.026618,0.00070850
1771742647.427036,10.040000,0.010000,0.026376,0.000061,0.030433,1.7437,-0.752546,-0.102770,-1.643866,-0.181026,-0.181026,-10.3720,-10.3720,1,1,0.026376,0.00069567
1771742647.437036,10.050000,0.010000,0.026125,0.000063,0.028831,1.6519,-0.773518,-0.113663,-1.089317,-0.061819,-0.061819,-3.5419,-3.5419,1,1,0.026125,0.00068252
1771742647.447036,10.060000,0.010000,0.025869,0.000064,0.027198,1.5583,-0.783541,-0.119704,-0.604086,-0.050045,-0.050045,-2.8674,-2.8674,1,1,0.025869,0.00066919
1771742647.457036,10.070000,0.010000,0.025604,0.000062,0.025670,1.4708,-0.779610,-0.121499,-0.179510,-0.127496,-0.127496,-7.3050,-7.3050,1,1,0.025604,0.00065558
1771742647.467036,10.080000,0.010000,0.025341,0.000062,0.024133,1.3827,-0.781938,-0.122092,-0.059260,-0.188082,-0.188082,-10.7763,-10.7763,1,1,0.025341,0.00064216
1771742647.477036,10.090000,0.010000,0.025077,0.000062,0.022565,1.2929,-0.787526,-0.124281,-0.218948,-0.188105,-0.188105,-10.7776,-10.7776,1,1,0.025077,0.00062888
1771742647.487036,10.100000,0.010000,0.024818,0.000064,0.020842,1.1942,-0.804119,-0.128994,-0.471240,-0.161761,-0.161761,-9.2682,-9.2682,1,1,0.024818,0.00061591
1771742647.497036,10.110000,0.010000,0.024545,0.000061,0.019304,1.1061,-0.795346,-0.131052,-0.205850,-0.084521,-0.084521,-4.8427,-4.8427,1,1,0.024545,0.00060244
1771742647.507036,10.120000,0.010000,0.024288,0.000065,0.017390,0.9964,-0.826862,-0.136086,-0.503352,-0.131851,-0.131851,-7.5545,-7.5545,1,1,0.024288,0.00058993
1771742647.517036,10.130000,0.010000,0.024018,0.000065,0.015562,0.8916,-0.829852,-0.142822,-0.673607,-0.015790,-0.015790,-0.9047,-0.9047,1,1,0.024018,0.00057689
1771742647.527036,10.140000,0.010000,0.023760,0.000069,0.013391,0.7673,-0.861405,-0.149981,-0.715882,0.086053,0.086053,4.9305,4.9305,1,1,0.023760,0.00056455
1771742647.537036,10.150000,0.010000,0.023480,0.000066,0.011512,0.6596,-0.847694,-0.153950,-0.396907,0.143553,0.143553,8.2250,8.2250,1,1,0.023480,0.00055131
1771742647.547036,10.160000,0.010000,0.023216,0.000069,0.009305,0.5331,-0.874207,-0.157525,-0.357479,0.063771,0.063771,3.6538,3.6538,1,1,0.023216,0.00053899
1771742647.557036,10.170000,0.010000,0.022932,0.000066,0.007392,0.4236,-0.859074,-0.160462,-0.293770,0.084208,0.084208,4.8248,4.8248,1,1,0.022932,0.00052587
1771742647.567036,10.180000,0.010000,0.022653,0.000065,0.005439,0.3116,-0.861614,-0.159542,0.092017,0.090628,0.090628,5.1926,5.1926,1,1,0.022653,0.00051316
1771742647.577036,10.190000,0.010000,0.022355,0.000059,0.003924,0.2248,-0.828857,-0.155246,0.429581,-0.039381,-0.039381,-2.2564,-2.2564,1,1,0.022355,0.00049977
1771742647.587036,10.200000,0.010000,0.022073,0.000060,0.002270,0.1301,-0.835098,-0.151778,0.346874,-0.142089,-0.142089,-8.1411,-8.1411,1,1,0.022073,0.00048720
1771742647.597036,10.210000,0.010000,0.021782,0.000058,0.000764,0.0438,-0.827019,-0.152233,-0.045551,-0.110637,-0.110637,-6.3390,-6.3390,1,1,0.021782,0.00047444
1771742647.607036,10.220000,0.010000,0.021504,0.000060,-0.001040,-0.0596,-0.852163,-0.156122,-0.388923,0.050540,0.050540,2.8957,2.8957,1,1,0.021504,0.00046242
1771742647.617036,10.230000,0.010000,0.021202,0.000056,-0.002436,-0.1396,-0.827356,-0.156827,-0.070477,0.224642,0.224642,12.8710,12.8710,1,1,0.021202,0.00044953
1771742647.627036,10.240000,0.010000,0.020910,0.000056,-0.003910,-0.2240,-0.830361,-0.153953,0.287399,0.123239,0.123239,7.0611,7.0611,1,1,0.020910,0.00043724
1771742647.637036,10.250000,0.010000,0.020605,0.000052,-0.005071,-0.2905,-0.807896,-0.151190,0.276279,-0.006557,-0.006557,-0.3757,-0.3757,1,1,0.020605,0.00042455
1771742647.647036,10.260000,0.010000,0.020300,0.000049,-0.006083,-0.3485,-0.792708,-0.145282,0.590810,0.007011,0.007011,0.4017,0.4017,1,1,0.020300,0.00041208
1771742647.657036,10.270000,0.010000,0.019982,0.000044,-0.006661,-0.3816,-0.755845,-0.136622,0.866025,-0.101024,-0.101024,-5.7883,-5.7883,1,1,0.019982,0.00039928
1771742647.667036,10.280000,0.010000,0.019665,0.000040,-0.006975,-0.3997,-0.727520,-0.125554,1.106838,-0.169469,-0.169469,-9.7099,-9.7099,1,1,0.019665,0.00038671
1771742647.677036,10.290000,0.010000,0.019336,0.000034,-0.006774,-0.3881,-0.680465,-0.112378,1.317549,-0.221563,-0.221563,-12.6946,-12.6946,1,1,0.019336,0.00037390
1771742647.687036,10.300000,0.010000,0.019009,0.000030,-0.006231,-0.3570,-0.642838,-0.097359,1.501921,-0.259887,-0.259887,-14.8904,-14.8904,1,1,0.019009,0.00036133
1771742647.697036,10.310000,0.010000,0.018671,0.000025,-0.005118,-0.2933,-0.588752,-0.080726,1.663247,-0.296191,-0.296191,-16.9705,-16.9705,1,1,0.018671,0.00034859
1771742647.707036,10.320000,0.010000,0.018353,0.000025,-0.004097,-0.2348,-0.584511,-0.069664,1.106275,-0.314319,-0.314319,-18.0091,-18.0091,1,1,0.018353,0.00033682
1771742647.717036,10.330000,0.010000,0.018025,0.000022,-0.002782,-0.1594,-0.560640,-0.063474,0.618925,-0.260409,-0.260409,-14.9203,-14.9203,1,1,0.018025,0.00032489
1771742647.727036,10.340000,0.010000,0.017716,0.000024,-0.001773,-0.1016,-0.581020,-0.061550,0.192493,-0.205306,-0.205306,-11.7632,-11.7632,1,1,0.017716,0.00031387
1771742647.737036,10.350000,0.010000,0.017380,0.000020,-0.000183,-0.0105,-0.539508,-0.056375,0.517498,-0.170517,-0.170517,-9.7699,-9.7699,1,1,0.017380,0.00030205
1771742647.747036,10.360000,0.010000,0.017062,0.000020,0.001252,0.0717,-0.543135,-0.048356,0.801876,-0.196059,-0.196059,-11.2334,-11.2334,1,1,0.017062,0.00029110
1771742647.757036,10.370000,0.010000,0.016717,0.000017,0.003372,0.1932,-0.488872,-0.037849,1.050708,-0.221258,-0.221258,-12.6771,-12.6771,1,1,0.016717,0.00027945
1771742647.767036,10.380000,0.010000,0.016409,0.000018,0.004954,0.2838,-0.520461,-0.032146,0.570303,-0.240340,-0.240340,-13.7705,-13.7705,1,1,0.016409,0.00026926
1771742647.777036,10.390000,0.010000,0.016066,0.000015,0.007228,0.4141,-0.472236,-0.027251,0.489455,-0.202317,-0.202317,-11.5919,-11.5919,1,1,0.016066,0.00025812
1771742647.787036,10.400000,0.010000,0.015769,0.000018,0.008695,0.4982,-0.527096,-0.026459,0.079208,-0.183304,-0.183304,-10.5026,-10.5026,1,1,0.015769,0.00024867
1771742647.797036,10.410000,0.010000,0.015437,0.000016,0.010663,0.6109,-0.500067,-0.029257,-0.279759,-0.149945,-0.149945,-8.5912,-8.5912,1,1,0.015437,0.00023830
1771742647.807036,10.420000,0.010000,0.015150,0.000020,0.011678,0.6691,-0.572009,-0.035195,-0.593855,-0.096804,-0.096804,-5.5465,-5.5465,1,1,0.015150,0.00022952
1771742647.817036,10.430000,0.010000,0.014828,0.000019,0.013061,0.7483,-0.560195,-0.043882,-0.868689,-0.059022,-0.059022,-3.3817,-3.3817,1,1,0.014828,0.00021986
1771742647.827036,10.440000,0.010000,0.014549,0.000024,0.013385,0.7669,-0.644570,-0.054974,-1.109169,0.032236,0.032236,1.8470,1.8470,1,1,0.014549,0.00021169
1771742647.837036,10.450000,0.010000,0.014235,0.000023,0.013989,0.8015,-0.643402,-0.068170,-1.319589,0.114070,0.114070,6.5357,6.5357,1,1,0.014235,0.00020265
1771742647.847036,10.460000,0.010000,0.013965,0.000056,0.013459,0.7711,-0.736899,-0.083207,-1.503706,0.191421,0.191421,10.9676,10.9676,1,1,0.013965,0.00019503
1771742647.857036,10.470000,0.010000,0.013655,0.000028,0.013253,0.7594,-0.734419,-0.098469,-1.526246,0.283084,0.283084,16.2195,16.2195,1,1,0.013655,0.00018645
1771742647.867036,10.480000,0.010000,0.013373,0.000032,0.012311,0.7054,-0.795682,-0.108333,-0.986400,0.306673,0.306673,17.5711,17.5711,1,1,0.013373,0.00017883
1771742647.877036,10.490000,0.010000,0.013065,0.000031,0.011545,0.6615,-0.797921,-0.119299,-1.096578,0.289975,0.289975,16.6144,16.6144,1,1,0.013065,0.00017070
1771742647.887036,10.500000,0.010000,0.012789,0.000036,0.009943,0.5697,-0.868579,-0.132044,-1.274484,0.321257,0.321257,18.4067,18.4067,1,1,0.012789,0.00016355
1771742647.897036,10.510000,0.010000,0.012484,0.000036,0.008519,0.4881,-0.873411,-0.145581,-1.353705,0.365720,0.365720,20.9542,20.9542,1,1,0.012484,0.00015584
1771742647.907036,10.520000,0.010000,0.012194,0.000038,0.006648,0.3809,-0.913154,-0.153935,-0.835426,0.371361,0.371361,21.2774,21.2774,1,1,0.012194,0.00014869
1771742647.917036,10.530000,0.010000,0.011875,0.000035,0.005202,0.2980,-0.890529,-0.157754,-0.381932,0.362346,0.362346,20.7609,20.7609,1,1,0.011875,0.00014103
1771742647.927036,10.540000,0.010000,0.011573,0.000035,0.003505,0.2008,-0.907768,-0.157606,0.014876,0.315144,0.315144,18.0564,18.0564,1,1,0.011573,0.00013393
1771742647.937036,10.550000,0.010000,0.011241,0.000030,0.002415,0.1384,-0.864743,-0.153985,0.362082,0.238688,0.238688,13.6758,13.6758,1,1,0.011241,0.00012637
1771742647.947036,10.560000,0.010000,0.010927,0.000029,0.001209,0.0693,-0.865912,-0.147326,0.665888,0.120672,0.120672,6.9140,6.9140,1,1,0.010927,0.00011940
1771742647.957036,10.570000,0.010000,0.010584,0.000024,0.000744,0.0426,-0.807784,-0.138009,0.931718,0.033475,0.033475,1.9180,1.9180,1,1,0.010584,0.00011201
1771742647.967036,10.580000,0.010000,0.010259,0.000023,0.000250,0.0143,-0.797812,-0.126366,1.164319,-0.046200,-0.046200,-2.6470,-2.6470,1,1,0.010259,0.00010524
1771742647.977036,10.590000,0.010000,0.009904,0.000018,0.000597,0.0342,-0.728535,-0.112687,1.367845,-0.099903,-0.099903,-5.7240,-5.7240,1,1,0.009904,0.00009810
1771742647.987036,10.600000,0.010000,0.009570,0.000016,0.000966,0.0554,-0.711200,-0.097228,1.545930,-0.165691,-0.165691,-9.4934,-9.4934,1,1,0.009570,0.00009159
1771742647.997036,10.610000,0.010000,0.009213,0.000013,0.002086,0.1195,-0.646917,-0.080210,1.701755,-0.203209,-0.203209,-11.6430,-11.6430,1,1,0.009213,0.00008488
1771742648.007036,10.620000,0.010000,0.008860,0.000010,0.003620,0.2074,-0.598418,-0.061829,1.838101,-0.264332,-0.264332,-15.1451,-15.1451,1,1,0.008860,0.00007849
1771742648.017036,10.630000,0.010000,0.008509,0.000009,0.005466,0.3132,-0.561726,-0.042255,1.957404,-0.287257,-0.287257,-16.4586,-16.4586,1,1,0.008509,0.00007241
1771742648.027036,10.640000,0.010000,0.008162,0.000007,0.007548,0.4325,-0.533854,-0.021637,2.061795,-0.293027,-0.293027,-16.7892,-16.7892,1,1,0.008162,0.00006661
1771742648.037036,10.650000,0.010000,0.007816,0.000006,0.009810,0.5621,-0.512562,-0.000106,2.153136,-0.272400,-0.272400,-15.6074,-15.6074,1,1,0.007816,0.00006109
1771742648.047036,10.660000,0.010000,0.007473,0.000006,0.012210,0.6996,-0.496169,0.022225,2.233060,-0.211308,-0.211308,-12.1071,-12.1071,1,1,0.007473,0.00005584
1771742648.057036,10.670000,0.010000,0.007131,0.000005,0.014715,0.8431,-0.483414,0.045255,2.302993,-0.177322,-0.177322,-10.1598,-10.1598,1,1,0.007131,0.00005085
1771742648.067036,10.680000,0.010000,0.006790,0.000005,0.017303,0.9914,-0.473351,0.068896,2.364185,-0.211368,-0.211368,-12.1105,-12.1105,1,1,0.006790,0.00004611
1771742648.077036,10.690000,0.010000,0.006451,0.000004,0.019955,1.1434,-0.465270,0.086092,1.719596,-0.253316,-0.253316,-14.5140,-14.5140,1,1,0.006451,0.00004162
1771742648.087036,10.700000,0.010000,0.006114,0.000004,0.022660,1.2983,-0.458638,0.097648,1.155581,-0.187420,-0.187420,-10.7384,-10.7384,1,1,0.006114,0.00003738
1771742648.097036,10.710000,0.010000,0.005778,0.000003,0.025408,1.4558,-0.453056,0.104269,0.662067,-0.126817,-0.126817,-7.2661,-7.2661,1,1,0.005778,0.00003338
1771742648.107036,10.720000,0.010000,0.005443,0.000003,0.028193,1.6153,-0.448224,0.106571,0.230243,-0.081668,-0.081668,-4.6792,-4.6792,1,1,0.005443,0.00002962
1771742648.117036,10.730000,0.010000,0.005109,0.000002,0.031008,1.7766,-0.443914,0.105095,-0.147603,-0.067823,-0.067823,-3.8860,-3.8860,1,1,0.005109,0.00002610
1771742648.127036,10.740000,0.010000,0.004776,0.000048,0.033850,1.9395,-0.440237,0.100313,-0.478219,-0.041772,-0.041772,-2.3934,-2.3934,1,1,0.004776,0.00002281
1771742648.137036,10.750000,0.010000,0.004447,0.000290,0.036712,2.1034,-0.437955,0.092638,-0.767507,-0.047405,-0.047405,-2.7161,-2.7161,1,1,0.004447,0.00001977
1771742648.147036,10.760000,0.010000,0.004122,0.001079,0.039573,2.2674,-0.438929,0.082432,-1.020635,-0.057561,-0.057561,-3.2980,-3.2980,1,1,0.004122,0.00001699
1771742648.157036,10.770000,0.010000,0.003807,0.002452,0.042413,2.4301,-0.442584,0.070010,-1.242121,-0.020714,-0.020714,-1.1868,-1.1868,1,1,0.003807,0.00001450
1771742648.167036,10.780000,0.010000,0.003507,0.004310,0.045216,2.5907,-0.447627,0.055651,-1.435922,-0.001015,-0.001015,-0.0582,-0.0582,1,1,0.003507,0.00001230
1771742648.177036,10.790000,0.010000,0.003235,0.007641,0.047803,2.7389,-0.471747,0.039596,-1.605497,0.009771,0.009771,0.5598,0.5598,1,1,0.003235,0.00001046
1771742648.187036,10.800000,0.010000,0.003051,0.017573,0.049137,2.8154,-0.606896,0.022057,-1.753876,0.010961,0.010961,0.6280,0.6280,1,1,0.003051,0.00000931
1771742648.197036,10.810000,0.010000,0.002865,0.017575,0.050907,2.9167,-0.561141,0.003220,-1.883707,-0.093040,-0.093040,-5.3308,-5.3308,1,1,0.002865,0.00000821
1771742648.207036,10.820000,0.010000,0.002827,0.034028,0.050410,2.8883,-0.804598,-0.016753,-1.997310,0.004622,0.004622,0.2648,0.2648,1,1,0.002827,0.00000799
1771742648.217036,10.830000,0.010000,0.002755,0.030547,0.050964,2.9200,-0.692262,-0.037720,-2.096712,-0.149059,-0.149059,-8.5405,-8.5405,1,1,0.002755,0.00000759
1771742648.227036,10.840000,0.010000,0.002792,0.042637,0.049988,2.8641,-0.856607,-0.052575,-1.485557,0.006575,0.006575,0.3767,0.3767,1,1,0.002792,0.00000780
1771742648.237036,10.850000,0.010000,0.002786,0.038227,0.050216,2.8772,-0.727776,-0.062083,-0.950797,-0.071926,-0.071926,-4.1211,-4.1211,1,1,0.002786,0.00000776
1771742648.247036,10.860000,0.010000,0.002895,0.051015,0.048781,2.7949,-0.905823,-0.066912,-0.482881,-0.066069,-0.066069,-3.7855,-3.7855,1,1,0.002895,0.00000838
1771742648.257036,10.870000,0.010000,0.002951,0.045476,0.048713,2.7910,-0.759404,-0.067647,-0.073455,-0.103006,-0.103006,-5.9018,-5.9018,1,1,0.002951,0.00000871
1771742648.267036,10.880000,0.010000,0.003054,0.050754,0.048194,2.7613,-0.806895,-0.065117,0.253016,-0.112610,-0.112610,-6.4521,-6.4521,1,1,0.003054,0.00000933
1771742648.277036,10.890000,0.010000,0.003119,0.046929,0.048736,2.7924,-0.693550,-0.064172,0.094443,-0.075570,-0.075570,-4.3298,-4.3298,1,1,0.003119,0.00000973
1771742648.287036,10.900000,0.010000,0.003311,0.060787,0.047380,2.7146,-0.895599,-0.059855,0.431704,-0.134275,-0.134275,-7.6934,-7.6934,1,1,0.003311,0.00001096
1771742648.297036,10.910000,0.010000,0.003446,0.054758,0.047411,2.7164,-0.746313,-0.052587,0.726807,-0.032498,-0.032498,-1.8620,-1.8620,1,1,0.003446,0.00001187
1771742648.307036,10.920000,0.010000,0.003548,0.051473,0.048360,2.7708,-0.647471,-0.044792,0.779470,-0.048888,-0.048888,-2.8011,-2.8011,1,1,0.003548,0.00001259
1771742648.317036,10.930000,0.010000,0.003739,0.061225,0.048051,2.7531,-0.780508,-0.037823,0.696919,-0.121366,-0.121366,-6.9537,-6.9537,1,1,0.003739,0.00001398
1771742648.327036,10.940000,0.010000,0.003888,0.056807,0.048831,2.7978,-0.663165,-0.035216,0.260738,0.080664,0.080664,4.6217,4.6217,1,1,0.003888,0.00001512
1771742648.337036,10.950000,0.010000,0.004062,0.059662,0.049479,2.8350,-0.675704,-0.030236,0.497974,-0.110830,-0.110830,-6.3501,-6.3501,1,1,0.004062,0.00001650
1771742648.347036,10.960000,0.010000,0.004237,0.059976,0.050416,2.8886,-0.643622,-0.029369,0.086661,-0.056914,-0.056914,-3.2609,-3.2609,1,1,0.004237,0.00001796
1771742648.357036,10.970000,0.010000,0.004449,0.063939,0.051029,2.9237,-0.676592,-0.025120,0.424895,-0.130712,-0.130712,-7.4893,-7.4893,1,1,0.004449,0.00001979
1771742648.367036,10.980000,0.010000,0.004641,0.062043,0.052285,2.9957,-0.606532,-0.024893,0.022717,-0.049350,-0.049350,-2.8275,-2.8275,1,1,0.004641,0.00002154
1771742648.377036,10.990000,0.010000,0.004911,0.070117,0.051995,2.9791,-0.769736,-0.028185,-0.329189,-0.148627,-0.148627,-8.5157,-8.5157,1,1,0.004911,0.00002412
1771742648.387036,11.000000,0.010000,0.005124,0.064085,0.053002,3.0368,-0.628838,-0.034556,-0.637106,-0.102300,-0.102300,-5.8614,-5.8614,1,1,0.005124,0.00002626
1771742648.397036,11.010000,0.010000,0.005432,0.073857,0.051920,2.9748,-0.851297,-0.043622,-0.906533,-0.149024,-0.149024,-8.5385,-8.5385,1,1,0.005432,0.00002951
1771742648.407036,11.020000,0.010000,0.005661,0.065433,0.052486,3.0072,-0.672671,-0.048063,-0.444151,-0.163844,-0.163844,-9.3876,-9.3876,1,1,0.005661,0.00003205
1771742648.417036,11.030000,0.010000,0.005967,0.073245,0.051351,2.9422,-0.853531,-0.055440,-0.737698,-0.173771,-0.173771,-9.9563,-9.9563,1,1,0.005967,0.00003560
1771742648.427036,11.040000,0.010000,0.006185,0.063933,0.051956,2.9769,-0.665014,-0.058404,-0.296420,-0.151297,-0.151297,-8.6687,-8.6687,1,1,0.006185,0.00003826
1771742648.437036,11.050000,0.010000,0.006487,0.072442,0.050623,2.9005,-0.871339,-0.057507,0.089698,-0.189339,-0.189339,-10.8483,-10.8483,1,1,0.006487,0.00004208
1771742648.447036,11.060000,0.010000,0.006692,0.061959,0.051168,2.9317,-0.667998,-0.060213,-0.270580,-0.088850,-0.088850,-5.0908,-5.0908,1,1,0.006692,0.00004478
1771742648.457036,11.070000,0.010000,0.006991,0.071817,0.049758,2.8509,-0.876337,-0.059090,0.112309,-0.187118,-0.187118,-10.7211,-10.7211,1,1,0.006991,0.00004888
1771742648.467036,11.080000,0.010000,0.007185,0.060437,0.050318,2.8830,-0.663057,-0.061598,-0.250796,-0.088360,-0.088360,-5.0626,-5.0626,1,1,0.007185,0.00005163
1771742648.477036,11.090000,0.010000,0.007482,0.071100,0.048757,2.7936,-0.889309,-0.061012,0.058548,-0.185866,-0.185866,-10.6494,-10.6494,1,1,0.007482,0.00005598
1771742648.487036,11.100000,0.010000,0.007664,0.058689,0.049280,2.8235,-0.663762,-0.063991,-0.297837,-0.089507,-0.089507,-5.1284,-5.1284,1,1,0.007664,0.00005873
1771742648.497036,11.110000,0.010000,0.007957,0.070455,0.047612,2.7280,-0.897704,-0.063106,0.088459,-0.180845,-0.180845,-10.3617,-10.3617,1,1,0.007957,0.00006332
1771742648.507036,11.120000,0.010000,0.008129,0.057122,0.048124,2.7573,-0.661909,-0.065823,-0.271664,-0.089079,-0.089079,-5.1038,-5.1038,1,1,0.008129,0.00006607
1771742648.517036,11.130000,0.010000,0.008418,0.069420,0.046054,2.6387,-0.937909,-0.070383,-0.455969,-0.178228,-0.178228,-10.2117,-10.2117,1,1,0.008418,0.00007086
1771742648.527036,11.140000,0.010000,0.008571,0.054567,0.046355,2.6559,-0.681677,-0.077863,-0.748039,-0.129275,-0.129275,-7.4069,-7.4069,1,1,0.008571,0.00007346
1771742648.537036,11.150000,0.010000,0.008854,0.067913,0.043519,2.4935,-1.017681,-0.087899,-1.003600,-0.146172,-0.146172,-8.3751,-8.3751,1,1,0.008854,0.00007839
1771742648.547036,11.160000,0.010000,0.008980,0.050800,0.043358,2.4842,-0.728988,-0.098633,-1.073395,-0.165830,-0.165830,-9.5013,-9.5013,1,1,0.008980,0.00008065
1771742648.557036,11.170000,0.010000,0.009259,0.066815,0.040038,2.2940,-1.067819,-0.105216,-0.658297,-0.065778,-0.065778,-3.7688,-3.7688,1,1,0.009259,0.00008572
1771742648.567036,11.180000,0.010000,0.009366,0.048041,0.039585,2.2680,-0.758447,-0.114467,-0.925076,-0.156931,-0.156931,-8.9915,-8.9915,1,1,0.009366,0.00008771
1771742648.577036,11.190000,0.010000,0.009636,0.065423,0.035901,2.0570,-1.105306,-0.119070,-0.460376,-0.028863,-0.028863,-1.6537,-1.6537,1,1,0.009636,0.00009285
1771742648.587036,11.200000,0.010000,0.009723,0.045262,0.035226,2.0183,-0.780824,-0.126589,-0.751895,-0.162268,-0.162268,-9.2972,-9.2972,1,1,0.009723,0.00009453
1771742648.597036,11.210000,0.010000,0.009973,0.062736,0.031393,1.7987,-1.120092,-0.129678,-0.308842,0.010749,0.010749,0.6158,0.6158,1,1,0.009973,0.00009947
1771742648.607036,11.220000,0.010000,0.010032,0.041677,0.030628,1.7548,-0.789450,-0.135871,-0.619302,-0.165983,-0.165983,-9.5101,-9.5101,1,1,0.010032,0.00010065
1771742648.617036,11.230000,0.010000,0.010258,0.059416,0.026642,1.5265,-1.135743,-0.137799,-0.192824,0.059372,0.059372,3.4018,3.4018,1,1,0.010258,0.00010522
1771742648.627036,11.240000,0.010000,0.010285,0.037643,0.025764,1.4762,-0.802168,-0.142977,-0.517787,-0.153227,-0.153227,-8.7793,-8.7793,1,1,0.010285,0.00010577
1771742648.637036,11.250000,0.010000,0.010460,0.053410,0.021905,1.2551,-1.121935,-0.144017,-0.103998,0.114487,0.114487,6.5597,6.5597,1,1,0.010460,0.00010941
1771742648.647036,11.260000,0.010000,0.010437,0.031594,0.021088,1.2083,-0.796662,-0.148293,-0.427635,-0.112058,-0.112058,-6.4204,-6.4204,1,1,0.010437,0.00010893
1771742648.657036,11.270000,0.010000,0.010568,0.047965,0.017115,0.9806,-1.134702,-0.148544,-0.025115,0.142569,0.142569,8.1686,8.1686,1,1,0.010568,0.00011169
1771742648.667036,11.280000,0.010000,0.010496,0.025626,0.016197,0.9280,-0.808294,-0.148248,0.029650,-0.047417,-0.047417,-2.7168,-2.7168,1,1,0.010496,0.00011017
1771742648.677036,11.290000,0.010000,0.010544,0.038118,0.012680,0.7265,-1.086848,-0.150446,-0.219775,0.024952,0.024952,1.4296,1.4296,1,1,0.010544,0.00011117
1771742648.687036,11.300000,0.010000,0.010395,0.016660,0.012018,0.6886,-0.782705,-0.148878,0.156763,0.115824,0.115824,6.6362,6.6362,1,1,0.010395,0.00010806
1771742648.697036,11.310000,0.010000,0.010386,0.031312,0.008360,0.4790,-1.104355,-0.149885,-0.100668,0.036800,0.036800,2.1085,2.1085,1,1,0.010386,0.00010788
1771742648.707036,11.320000,0.010000,0.010180,0.009630,0.007548,0.4325,-0.801277,-0.147275,0.260981,0.144278,0.144278,8.2665,8.2665,1,1,0.010180,0.00010363
1771742648.717036,11.330000,0.010000,0.010054,0.018010,0.004706,0.2696,-1.019785,-0.148482,-0.120707,0.060670,0.060670,3.4761,3.4761,1,1,0.010054,0.00010109
1771742648.727036,11.340000,0.010000,0.009757,0.000020,0.004308,0.2469,-0.766488,-0.146047,0.243447,0.284934,0.284934,16.3255,16.3255,1,1,0.009757,0.00009520
1771742648.737036,11.350000,0.010000,0.009589,0.012934,0.001081,0.0619,-1.065710,-0.147408,-0.136050,0.129217,0.129217,7.4036,7.4036,1,1,0.009589,0.00009196
1771742648.747036,11.360000,0.010000,0.009270,0.000022,0.000199,0.0114,-0.841570,-0.145108,0.230022,0.340038,0.340038,19.4828,19.4828,1,1,0.009270,0.00008592
1771742648.757036,11.370000,0.010000,0.008970,0.000024,-0.001236,-0.0708,-0.888345,-0.146123,-0.101490,0.209743,0.209743,12.0174,12.0174,1,1,0.008970,0.00008046
1771742648.767036,11.380000,0.010000,0.008620,0.000019,-0.001706,-0.0978,-0.823001,-0.143520,0.260262,0.323590,0.323590,18.5403,18.5403,1,1,0.008620,0.00007430
1771742648.777036,11.390000,0.010000,0.008315,0.000021,-0.002869,-0.1644,-0.865294,-0.139587,0.393276,0.222781,0.222781,12.7644,12.7644,1,1,0.008315,0.00006914
1771742648.787036,11.400000,0.010000,0.007953,0.000016,-0.002866,-0.1642,-0.782261,-0.132655,0.693182,0.219013,0.219013,12.5485,12.5485,1,1,0.007953,0.00006326
1771742648.797036,11.410000,0.010000,0.007638,0.000016,-0.003428,-0.1964,-0.809623,-0.123099,0.955600,0.093112,0.093112,5.3350,5.3350,1,1,0.007638,0.00005833
1771742648.807036,11.420000,0.010000,0.007280,0.000012,-0.003100,-0.1776,-0.745159,-0.111247,1.185216,0.068425,0.068425,3.9205,3.9205,1,1,0.007280,0.00005300
1771742648.817036,11.430000,0.010000,0.006929,0.000010,-0.002406,-0.1378,-0.700716,-0.097386,1.386130,-0.023014,-0.023014,-1.3186,-1.3186,1,1,0.006929,0.00004800
1771742648.827036,11.440000,0.010000,0.006578,0.000008,-0.001393,-0.0798,-0.664952,-0.081767,1.561929,-0.107405,-0.107405,-6.1538,-6.1538,1,1,0.006578,0.00004327
1771742648.837036,11.450000,0.010000,0.006230,0.000007,-0.000159,-0.0091,-0.638793,-0.064609,1.715754,-0.169734,-0.169734,-9.7250,-9.7250,1,1,0.006230,0.00003882
1771742648.847036,11.460000,0.010000,0.005885,0.000006,0.001236,0.0708,-0.619831,-0.048949,1.565983,-0.199898,-0.199898,-11.4533,-11.4533,1,1,0.005885,0.00003463
1771742648.857036,11.470000,0.010000,0.005541,0.000005,0.002745,0.1573,-0.606267,-0.031756,1.719301,-0.202621,-0.202621,-11.6093,-11.6093,1,1,0.005541,0.00003070
1771742648.867036,11.480000,0.010000,0.005199,0.000004,0.004333,0.2482,-0.596751,-0.013222,1.853454,-0.180949,-0.180949,-10.3676,-10.3676,1,1,0.005199,0.00002703
1771742648.877036,11.490000,0.010000,0.004858,0.000003,0.005973,0.3422,-0.590277,0.006487,1.970838,-0.097828,-0.097828,-5.6051,-5.6051,1,1,0.004858,0.00002360
1771742648.887036,11.500000,0.010000,0.004519,0.000003,0.007647,0.4381,-0.586091,0.027222,2.073549,-0.019247,-0.019247,-1.1028,-1.1028,1,1,0.004519,0.00002042
1771742648.897036,11.510000,0.010000,0.004181,0.000002,0.009338,0.5350,-0.583629,0.048856,2.163422,-0.000805,-0.000805,-0.0461,-0.0461,1,1,0.004181,0.00001748
1771742648.907036,11.520000,0.010000,0.003844,0.000002,0.011036,0.6323,-0.582472,0.070597,2.174062,-0.042661,-0.042661,-2.4443,-2.4443,1,1,0.003844,0.00001478
1771742648.917036,11.530000,0.010000,0.003508,0.000001,0.012732,0.7295,-0.582307,0.089149,1.855196,-0.129876,-0.129876,-7.4413,-7.4413,1,1,0.003508,0.00001231
1771742648.927036,11.540000,0.010000,0.003173,0.000001,0.014419,0.8261,-0.582901,0.101891,1.274231,-0.139547,-0.139547,-7.9954,-7.9954,1,1,0.003173,0.00001007
1771742648.937036,11.550000,0.010000,0.002840,0.000000,0.016091,0.9220,-0.584080,0.109550,0.765886,-0.061526,-0.061526,-3.5252,-3.5252,1,1,0.002840,0.00000806
1771742648.947036,11.560000,0.010000,0.002508,0.000182,0.017741,1.0165,-0.586853,0.112761,0.321084,-0.004208,-0.004208,-0.2411,-0.2411,1,1,0.002508,0.00000629
1771742648.957036,11.570000,0.010000,0.002180,0.000643,0.019354,1.1089,-0.591506,0.112080,-0.068117,0.046717,0.046717,2.6767,2.6767,1,1,0.002180,0.00000475
1771742648.967036,11.580000,0.010000,0.001858,0.001598,0.020912,1.1982,-0.598955,0.107993,-0.408668,0.048012,0.048012,2.7509,2.7509,1,1,0.001858,0.00000345
1771742648.977036,11.590000,0.010000,0.001547,0.002957,0.022400,1.2834,-0.608007,0.100927,-0.706651,0.032072,0.032072,1.8376,1.8376,1,1,0.001547,0.00000239
1771742648.987036,11.600000,0.010000,0.001249,0.004655,0.023808,1.3641,-0.617889,0.091253,-0.967385,0.061918,0.061918,3.5477,3.5477,1,1,0.001249,0.00000156
1771742648.997036,11.610000,0.010000,0.000968,0.006658,0.025132,1.4399,-0.628175,0.079297,-1.195528,0.076561,0.076561,4.3866,4.3866,1,1,0.000968,0.00000094
1771742649.007036,11.620000,0.010000,0.000704,0.008931,0.026370,1.5109,-0.638517,0.065346,-1.395153,0.071438,0.071438,4.0931,4.0931,1,1,0.000704,0.00000050
1771742649.017036,11.630000,0.010000,0.000461,0.011440,0.027524,1.5770,-0.648629,0.054772,-1.057409,0.062414,0.062414,3.5761,3.5761,1,1,0.000461,0.00000021
1771742649.027036,11.640000,0.010000,0.000241,0.014155,0.028597,1.6385,-0.658309,0.047825,-0.694714,0.056237,0.056237,3.2221,3.2221,1,1,0.000241,0.00000006
1771742649.037036,11.650000,0.010000,0.000044,0.017049,0.029592,1.6955,-0.667430,0.038255,-0.956941,0.052254,0.052254,2.9940,2.9940,1,1,0.000044,0.00000000
1771742649.047036,11.660000,0.010000,-0.000128,0.020096,0.030516,1.7484,-0.675831,0.026391,-1.186389,0.033527,0.033527,1.9209,1.9209,1,1,0.000128,0.00000002
1771742649.057036,11.670000,0.010000,-0.000274,0.023267,0.031375,1.7977,-0.683379,0.012520,-1.387156,0.029670,0.029670,1.7000,1.7000,1,1,0.000274,0.00000008
1771742649.067036,11.680000,0.010000,-0.000393,0.026537,0.032178,1.8437,-0.689961,0.003264,-0.925571,0.025615,0.025615,1.4676,1.4676,1,1,0.000393,0.00000015
1771742649.077036,11.690000,0.010000,-0.000484,0.029881,0.032932,1.8869,-0.695484,-0.001344,-0.460809,0.005722,0.005722,0.3279,0.3279,1,1,0.000484,0.00000023
1771742649.087036,11.700000,0.010000,-0.000547,0.033277,0.033647,1.9278,-0.699865,-0.001885,-0.054142,-0.011491,-0.011491,-0.6584,-0.6584,1,1,0.000547,0.00000030
1771742649.097036,11.710000,0.010000,-0.000581,0.036701,0.034333,1.9671,-0.703033,0.001132,0.301692,0.025926,0.025926,1.4855,1.4855,1,1,0.000581,0.00000034
1771742649.107036,11.720000,0.010000,-0.000587,0.040132,0.035000,2.0054,-0.704926,0.004999,0.386754,0.108264,0.108264,6.2031,6.2031,1,1,0.000587,0.00000034
1771742649.117036,11.730000,0.010000,-0.000564,0.043551,0.035660,2.0432,-0.705491,0.011874,0.687476,0.152815,0.152815,8.7557,8.7557,1,1,0.000564,0.00000032
1771742649.127036,11.740000,0.010000,-0.000513,0.046939,0.036324,2.0812,-0.704684,0.019960,0.808591,0.233252,0.233252,13.3643,13.3643,1,1,0.000513,0.00000026
1771742649.137036,11.750000,0.010000,-0.000434,0.050278,0.037003,2.1201,-0.702466,0.026395,0.643479,0.258031,0.258031,14.7841,14.7841,1,1,0.000434,0.00000019
1771742649.147036,11.760000,0.010000,-0.000327,0.053554,0.037710,2.1606,-0.698807,0.030897,0.450243,0.235186,0.235186,13.4751,13.4751,1,1,0.000327,0.00000011
1771742649.157036,11.770000,0.010000,-0.000194,0.056752,0.038457,2.2034,-0.693681,0.034064,0.316748,0.195038,0.195038,11.1749,11.1749,1,1,0.000194,0.00000004
1771742649.167036,11.780000,0.010000,-0.000035,0.059860,0.039256,2.2492,-0.687071,0.036338,0.227374,0.168122,0.168122,9.6327,9.6327,1,1,0.000035,0.00000000
1771742649.177036,11.790000,0.010000,0.000150,0.062868,0.040120,2.2987,-0.678963,0.035987,-0.035145,0.143041,0.143041,8.1957,8.1957,1,1,0.000150,0.00000002
1771742649.187036,11.800000,0.010000,0.000359,0.065767,0.041060,2.3526,-0.669349,0.035197,-0.078955,0.081852,0.081852,4.6898,4.6898,1,1,0.000359,0.00000013
1771742649.197036,11.810000,0.010000,0.000591,0.068549,0.042090,2.4116,-0.658223,0.033999,-0.119775,0.041500,0.041500,2.3778,2.3778,1,1,0.000591,0.00000035
1771742649.207036,11.820000,0.010000,0.000846,0.071130,0.043226,2.4767,-0.645195,0.030465,-0.353463,-0.005425,-0.005425,-0.3109,-0.3109,1,1,0.000846,0.00000072
1771742649.217036,11.830000,0.010000,0.001109,0.072214,0.044540,2.5520,-0.624129,0.025220,-0.524444,-0.095273,-0.095273,-5.4587,-5.4587,1,1,0.001109,0.00000123
1771742649.227036,11.840000,0.010000,0.001381,0.073280,0.046025,2.6370,-0.603924,0.024122,-0.109823,-0.129788,-0.129788,-7.4363,-7.4363,1,1,0.001381,0.00000191
1771742649.237036,11.850000,0.010000,0.001661,0.074316,0.047676,2.7316,-0.584021,0.026652,0.252971,-0.126557,-0.126557,-7.2512,-7.2512,1,1,0.001661,0.00000276
1771742649.247036,11.860000,0.010000,0.001950,0.075312,0.049492,2.8357,-0.563990,0.032356,0.570415,-0.113672,-0.113672,-6.5130,-6.5130,1,1,0.001950,0.00000380
1771742649.257036,11.870000,0.010000,0.002247,0.076268,0.051477,2.9494,-0.543577,0.040838,0.848179,-0.147581,-0.147581,-8.4558,-8.4558,1,1,0.002247,0.00000505
1771742649.267036,11.880000,0.010000,0.002552,0.077177,0.053634,3.0730,-0.522561,0.051750,1.091223,-0.194616,-0.194616,-11.1507,-11.1507,1,1,0.002552,0.00000651
1771742649.277036,11.890000,0.010000,0.002864,0.078044,0.055970,3.2068,-0.500830,0.064789,1.303886,-0.255216,-0.255216,-14.6228,-14.6228,1,1,0.002864,0.00000820
1771742649.287036,11.900000,0.010000,0.003183,0.078874,0.058490,3.3512,-0.478298,0.079689,1.489966,-0.345869,-0.345869,-19.8169,-19.8169,1,1,0.003183,0.00001013
1771742649.297036,11.910000,0.010000,0.003509,0.079672,0.061202,3.5066,-0.454897,0.090743,1.105417,-0.394620,-0.394620,-22.6101,-22.6101,1,1,0.003509,0.00001231
1771742649.307036,11.920000,0.010000,0.003842,0.080454,0.064112,3.6733,-0.430652,0.097280,0.653733,-0.386630,-0.386630,-22.1523,-22.1523,1,1,0.003842,0.00001476
1771742649.317036,11.930000,0.010000,0.004180,0.081129,0.067232,3.8521,-0.404885,0.099510,0.222950,-0.361846,-0.361846,-20.7323,-20.7323,1,1,0.004180,0.00001747
1771742649.327036,11.940000,0.010000,0.004518,0.081173,0.070607,4.0455,-0.374417,0.097970,-0.153984,-0.341757,-0.341757,-19.5813,-19.5813,1,1,0.004518,0.00002041
1771742649.337036,11.950000,0.010000,0.004856,0.081213,0.074233,4.2532,-0.343971,0.093132,-0.483802,-0.318034,-0.318034,-18.2220,-18.2220,1,1,0.004856,0.00002359
1771742649.347036,11.960000,0.010000,0.005190,0.079968,0.077204,4.4235,-0.410976,0.085408,-0.772393,-0.297371,-0.297371,-17.0381,-17.0381,1,1,0.005190,0.00002693
1771742649.357036,11.970000,0.010000,0.005521,0.079559,0.080104,4.5896,-0.415302,0.075159,-1.024909,-0.285485,-0.285485,-16.3571,-16.3571,1,1,0.005521,0.00003048
1771742649.367036,11.980000,0.010000,0.005847,0.078147,0.082234,4.7116,-0.494927,0.062700,-1.245862,-0.265684,-0.265684,-15.2226,-15.2226,1,1,0.005847,0.00003419
1771742649.377036,11.990000,0.010000,0.006171,0.077630,0.084223,4.8256,-0.507006,0.048308,-1.439195,-0.229009,-0.229009,-13.1212,-13.1212,1,1,0.006171,0.00003808
1771742649.387036,12.000000,0.010000,0.006488,0.076118,0.085358,4.8906,-0.596004,0.032224,-1.608361,-0.214138,-0.214138,-12.2692,-12.2692,1,1,0.006488,0.00004209
1771742649.397036,12.010000,0.010000,0.006803,0.075552,0.086314,4.9454,-0.612618,0.014661,-1.756382,-0.218660,-0.218660,-12.5283,-12.5283,1,1,0.006803,0.00004628
1771742649.407036,12.020000,0.010000,0.007111,0.073967,0.086354,4.9477,-0.708486,-0.004198,-1.885900,-0.217628,-0.217628,-12.4692,-12.4692,1,1,0.007111,0.00005056
1771742649.417036,12.030000,0.010000,0.007417,0.073380,0.086199,4.9388,-0.727350,-0.024191,-1.999228,-0.224181,-0.224181,-12.8446,-12.8446,1,1,0.007417,0.00005501
1771742649.427036,12.040000,0.010000,0.007716,0.071748,0.085086,4.8751,-0.828203,-0.045175,-2.098391,-0.211872,-0.211872,-12.1394,-12.1394,1,1,0.007716,0.00005953
1771742649.437036,12.050000,0.010000,0.008012,0.071163,0.083777,4.8001,-0.847582,-0.067026,-2.185158,-0.183476,-0.183476,-10.5124,-10.5124,1,1,0.008012,0.00006419
1771742649.447036,12.060000,0.010000,0.008302,0.069504,0.081481,4.6685,-0.952023,-0.089637,-2.261079,-0.182048,-0.182048,-10.4306,-10.4306,1,1,0.008302,0.00006892
1771742649.457036,12.070000,0.010000,0.008589,0.068938,0.078999,4.5263,-0.970618,-0.112912,-2.327510,-0.235477,-0.235477,-13.4918,-13.4918,1,1,0.008589,0.00007377
1771742649.467036,12.080000,0.010000,0.008869,0.067267,0.075512,4.3265,-1.077622,-0.136768,-2.385637,-0.251976,-0.251976,-14.4372,-14.4372,1,1,0.008869,0.00007866
1771742649.477036,12.090000,0.010000,0.009148,0.067046,0.072093,4.1306,-1.069280,-0.156844,-2.007534,-0.272322,-0.272322,-15.6029,-15.6029,1,1,0.009148,0.00008369
1771742649.487036,12.100000,0.010000,0.009422,0.065679,0.067886,3.8896,-1.153129,-0.172924,-1.608020,-0.243703,-0.243703,-13.9632,-13.9632,1,1,0.009422,0.00008877
1771742649.497036,12.110000,0.010000,0.009682,0.064234,0.064120,3.6738,-1.105066,-0.184519,-1.159505,-0.243245,-0.243245,-13.9369,-13.9369,1,1,0.009682,0.00009375
1771742649.507036,12.120000,0.010000,0.009951,0.064581,0.059545,3.4117,-1.191383,-0.191174,-0.665501,-0.203841,-0.203841,-11.6792,-11.6792,1,1,0.009951,0.00009903
1771742649.517036,12.130000,0.010000,0.010142,0.055983,0.056426,3.2330,-1.034163,-0.194045,-0.287054,-0.214988,-0.214988,-12.3179,-12.3179,1,1,0.010142,0.00010285
1771742649.527036,12.140000,0.010000,0.010402,0.062552,0.050838,2.9128,-1.297998,-0.197121,-0.307694,-0.178266,-0.178266,-10.2139,-10.2139,1,1,0.010402,0.00010820
1771742649.537036,12.150000,0.010000,0.010436,0.037904,0.049158,2.8165,-0.878809,-0.199685,-0.256330,-0.207024,-0.207024,-11.8616,-11.8616,1,1,0.010436,0.00010891
1771742649.547036,12.160000,0.010000,0.010731,0.064129,0.041016,2.3500,-1.561177,-0.202747,-0.306207,-0.078702,-0.078702,-4.5093,-4.5093,1,1,0.010731,0.00011515
1771742649.557036,12.170000,0.010000,0.010740,0.033738,0.037689,2.1594,-1.056929,-0.203887,-0.114065,-0.137116,-0.137116,-7.8562,-7.8562,1,1,0.010740,0.00011536
1771742649.567036,12.180000,0.010000,0.010811,0.040102,0.033071,1.8948,-1.197073,-0.201395,0.249259,-0.007312,-0.007312,-0.4190,-0.4190,1,1,0.010811,0.00011687
1771742649.577036,12.190000,0.010000,0.010673,0.017451,0.031772,1.8204,-0.843750,-0.198977,0.241830,-0.114765,-0.114765,-6.5755,-6.5755,1,1,0.010673,0.00011391
1771742649.587036,12.200000,0.010000,0.010863,0.046452,0.024403,1.3982,-1.379143,-0.200351,-0.137465,-0.054185,-0.054185,-3.1046,-3.1046,1,1,0.010863,0.00011801
1771742649.597036,12.210000,0.010000,0.010746,0.019026,0.022079,1.2650,-0.953987,-0.205045,-0.469348,0.061754,0.061754,3.5383,3.5383,1,1,0.010746,0.00011547
1771742649.607036,12.220000,0.010000,0.010834,0.040866,0.015728,0.9011,-1.383811,-0.212642,-0.759745,0.255372,0.255372,14.6318,14.6318,1,1,0.010834,0.00011738
1771742649.617036,12.230000,0.010000,0.010669,0.013344,0.013300,0.7620,-0.969697,-0.216525,-0.388261,0.319921,0.319921,18.3301,18.3301,1,1,0.010669,0.00011383
1771742649.627036,12.240000,0.010000,0.010678,0.031607,0.007309,0.4188,-1.350451,-0.219865,-0.334003,0.317879,0.317879,18.2132,18.2132,1,1,0.010678,0.00011402
1771742649.637036,12.250000,0.010000,0.010440,0.004778,0.005011,0.2871,-0.959924,-0.219297,0.056813,0.355674,0.355674,20.3786,20.3786,1,1,0.010440,0.00010900
1771742649.647036,12.260000,0.010000,0.010349,0.020191,-0.000472,-0.0270,-1.302939,-0.218758,0.053855,0.309639,0.309639,17.7410,17.7410,1,1,0.010349,0.00010709
1771742649.657036,12.270000,0.010000,0.010046,0.000035,-0.002705,-0.1550,-0.976902,-0.214796,0.396189,0.387451,0.387451,22.1993,22.1993,1,1,0.010046,0.00010093
1771742649.667036,12.280000,0.010000,0.009828,0.006049,-0.006867,-0.3935,-1.166700,-0.213825,0.097151,0.318433,0.318433,18.2449,18.2449,1,1,0.009828,0.00009659
1771742649.677036,12.290000,0.010000,0.009474,0.000031,-0.008647,-0.4954,-0.972011,-0.209484,0.434073,0.401185,0.401185,22.9862,22.9862,1,1,0.009474,0.00008975
1771742649.687036,12.300000,0.010000,0.009188,0.000037,-0.011549,-0.6617,-1.043884,-0.202195,0.728880,0.349126,0.349126,20.0035,20.0035,1,1,0.009188,0.00008442
1771742649.697036,12.310000,0.010000,0.008816,0.000026,-0.012743,-0.7301,-0.924726,-0.192327,0.986836,0.354027,0.354027,20.2843,20.2843,1,1,0.008816,0.00007773
1771742649.707036,12.320000,0.010000,0.008509,0.000028,-0.014734,-0.8442,-0.963137,-0.182632,0.969527,0.283435,0.283435,16.2397,16.2397,1,1,0.008509,0.00007240
1771742649.717036,12.330000,0.010000,0.008142,0.000020,-0.015456,-0.8856,-0.871176,-0.170658,1.197402,0.312421,0.312421,17.9004,17.9004,1,1,0.008142,0.00006629
1771742649.727036,12.340000,0.010000,0.007806,0.000019,-0.016263,-0.9318,-0.857806,-0.156690,1.396793,0.266100,0.266100,15.2464,15.2464,1,1,0.007806,0.00006093
1771742649.737036,12.350000,0.010000,0.007445,0.000015,-0.016340,-0.9362,-0.796720,-0.140977,1.571259,0.255026,0.255026,14.6119,14.6119,1,1,0.007445,0.00005543
1771742649.747036,12.360000,0.010000,0.007089,0.000012,-0.016036,-0.9188,-0.752192,-0.123738,1.723918,0.210168,0.210168,12.0418,12.0418,1,1,0.007089,0.00005025
1771742649.757036,12.370000,0.010000,0.006735,0.000010,-0.015456,-0.8855,-0.720096,-0.105163,1.857494,0.160718,0.160718,9.2085,9.2085,1,1,0.006735,0.00004536
1771742649.767036,12.380000,0.010000,0.006384,0.000009,-0.014681,-0.8412,-0.697341,-0.085419,1.974373,0.105585,0.105585,6.0496,6.0496,1,1,0.006384,0.00004075
1771742649.777036,12.390000,0.010000,0.006035,0.000007,-0.013772,-0.7891,-0.681613,-0.064653,2.076642,0.052400,0.052400,3.0023,3.0023,1,1,0.006035,0.00003642
1771742649.787036,12.400000,0.010000,0.005687,0.000006,-0.012774,-0.7319,-0.671182,-0.042991,2.166128,-0.016300,-0.016300,-0.9339,-0.9339,1,1,0.005687,0.00003235
1771742649.797036,12.410000,0.010000,0.005341,0.000006,-0.011721,-0.6716,-0.664753,-0.020547,2.244428,-0.046921,-0.046921,-2.6884,-2.6884,1,1,0.005341,0.00002853
1771742649.807036,12.420000,0.010000,0.004997,0.000005,-0.010641,-0.6097,-0.661360,0.002582,2.312940,-0.027182,-0.027182,-1.5574,-1.5574,1,1,0.004997,0.00002497
1771742649.817036,12.430000,0.010000,0.004653,0.000004,-0.009552,-0.5473,-0.660281,0.026311,2.372888,-0.026669,-0.026669,-1.5280,-1.5280,1,1,0.004653,0.00002165
1771742649.827036,12.440000,0.010000,0.004311,0.000003,-0.008470,-0.4853,-0.660978,0.050565,2.425343,-0.020946,-0.020946,-1.2001,-1.2001,1,1,0.004311,0.00001858
1771742649.837036,12.450000,0.010000,0.003969,0.000003,-0.007407,-0.4244,-0.663050,0.075277,2.471241,-0.080997,-0.080997,-4.6408,-4.6408,1,1,0.003969,0.00001576
1771742649.847036,12.460000,0.010000,0.003629,0.000002,-0.006373,-0.3652,-0.666201,0.100391,2.511402,-0.158508,-0.158508,-9.0818,-9.0818,1,1,0.003629,0.00001317
1771742649.857036,12.470000,0.010000,0.003289,0.000001,-0.005375,-0.3080,-0.670211,0.121105,2.071368,-0.201412,-0.201412,-11.5401,-11.5401,1,1,0.003289,0.00001082
1771742649.867036,12.480000,0.010000,0.002951,0.000001,-0.004419,-0.2532,-0.674918,0.137845,1.674022,-0.199883,-0.199883,-11.4524,-11.4524,1,1,0.002951,0.00000871
1771742649.877036,12.490000,0.010000,0.002613,-0.000000,-0.003221,-0.1846,-0.610751,0.149002,1.115704,-0.215121,-0.215121,-12.3255,-12.3255,1,1,0.002613,0.00000683
1771742649.887036,12.500000,0.010000,0.002279,-0.000001,-0.001904,-0.1091,-0.631590,0.155274,0.627175,-0.217060,-0.217060,-12.4366,-12.4366,1,1,0.002279,0.00000519
1771742649.897036,12.510000,0.010000,0.001945,-0.000002,-0.000558,-0.0320,-0.606000,0.157271,0.199712,-0.206686,-0.206686,-11.8423,-11.8423,1,1,0.001945,0.00000378
1771742649.907036,12.520000,0.010000,0.001616,0.000537,0.000750,0.0430,-0.633512,0.155528,-0.174318,-0.147454,-0.147454,-8.4485,-8.4485,1,1,0.001616,0.00000261
1771742649.917036,12.530000,0.010000,0.001292,0.001105,0.001861,0.1067,-0.656197,0.150512,-0.501594,-0.105297,-0.105297,-6.0331,-6.0331,1,1,0.001292,0.00000167
1771742649.927036,12.540000,0.010000,0.000972,0.001781,0.002806,0.1608,-0.675801,0.142632,-0.787960,-0.043308,-0.043308,-2.4813,-2.4813,1,1,0.000972,0.00000095
1771742649.937036,12.550000,0.010000,0.000659,0.002603,0.003600,0.2063,-0.693393,0.132247,-1.038531,0.041564,0.041564,2.3815,2.3815,1,1,0.000659,0.00000043
1771742649.947036,12.560000,0.010000,0.000354,0.003592,0.004258,0.2440,-0.709682,0.119669,-1.257781,0.170743,0.170743,9.7829,9.7829,1,1,0.000354,0.00000013
1771742649.957036,12.570000,0.010000,0.000058,0.004755,0.004785,0.2742,-0.725135,0.105173,-1.449624,0.248831,0.248831,14.2570,14.2570,1,1,0.000058,0.00000000
1771742649.967036,12.580000,0.010000,-0.000227,0.006092,0.005188,0.2972,-0.739993,0.088998,-1.617487,0.273205,0.273205,15.6535,15.6535,1,1,0.000227,0.00000005
1771742649.977036,12.590000,0.010000,-0.000500,0.007594,0.005470,0.3134,-0.754402,0.071354,-1.764367,0.288198,0.288198,16.5125,16.5125,1,1,0.000500,0.00000025
1771742649.987036,12.600000,0.010000,-0.000759,0.009247,0.005634,0.3228,-0.768407,0.052425,-1.892887,0.308186,0.308186,17.6578,17.6578,1,1,0.000759,0.00000058
1771742649.997036,12.610000,0.010000,-0.001004,0.011034,0.005683,0.3256,-0.782015,0.032372,-2.005342,0.313844,0.313844,17.9819,17.9819,1,1,0.001004,0.00000101
1771742650.007036,12.620000,0.010000,-0.001233,0.012937,0.005621,0.3220,-0.795214,0.011334,-2.103740,0.330531,0.330531,18.9380,18.9380,1,1,0.001233,0.00000152
1771742650.017036,12.630000,0.010000,-0.001446,0.014936,0.005451,0.3123,-0.807976,-0.010564,-2.189838,0.347451,0.347451,19.9075,19.9075,1,1,0.001446,0.00000209
1771742650.027036,12.640000,0.010000,-0.001641,0.017011,0.005177,0.2966,-0.820265,-0.033216,-2.265174,0.373400,0.373400,21.3943,21.3943,1,1,0.001641,0.00000269
1771742650.037036,12.650000,0.010000,-0.001819,0.019143,0.004802,0.2752,-0.832045,-0.049545,-1.632962,0.386606,0.386606,22.1509,22.1509,1,1,0.001819,0.00000331
1771742650.047036,12.660000,0.010000,-0.001978,0.021312,0.004333,0.2482,-0.843279,-0.060343,-1.079776,0.385480,0.385480,22.0864,22.0864,1,1,0.001978,0.00000391
1771742650.057036,12.670000,0.010000,-0.002120,0.023498,0.003772,0.2161,-0.853934,-0.066300,-0.595738,0.362302,0.362302,20.7584,20.7584,1,1,0.002120,0.00000449
1771742650.067036,12.680000,0.010000,-0.002243,0.025682,0.003126,0.1791,-0.863981,-0.068022,-0.172205,0.306689,0.306689,17.5720,17.5720,1,1,0.002243,0.00000503
1771742650.077036,12.690000,0.010000,-0.002348,0.027846,0.002399,0.1374,-0.873397,-0.066039,0.198387,0.211974,0.211974,12.1452,12.1452,1,1,0.002348,0.00000551
1771742650.087036,12.700000,0.010000,-0.002435,0.029972,0.001597,0.0915,-0.882164,-0.060812,0.522654,0.170981,0.170981,9.7965,9.7965,1,1,0.002435,0.00000593
1771742650.097036,12.710000,0.010000,-0.002505,0.032044,0.000726,0.0416,-0.890271,-0.052748,0.806388,0.173008,0.173008,9.9127,9.9127,1,1,0.002505,0.00000628
1771742650.107036,12.720000,0.010000,-0.002558,0.034046,-0.000210,-0.0120,-0.897711,-0.042202,1.054656,0.191226,0.191226,10.9565,10.9565,1,1,0.002558,0.00000654
1771742650.117036,12.730000,0.010000,-0.002595,0.035965,-0.001203,-0.0689,-0.904485,-0.029483,1.271889,0.208306,0.208306,11.9350,11.9350,1,1,0.002595,0.00000673
1771742650.127036,12.740000,0.010000,-0.002616,0.037786,-0.002249,-0.1289,-0.910601,-0.014863,1.461969,0.228987,0.228987,13.1200,13.1200,1,1,0.002616,0.00000684
1771742650.137036,12.750000,0.010000,-0.002623,0.039497,-0.003342,-0.1915,-0.916068,0.001420,1.628289,0.196596,0.196596,11.2641,11.2641,1,1,0.002623,0.00000688
1771742650.147036,12.760000,0.010000,-0.002616,0.041088,-0.004477,-0.2565,-0.920908,0.019158,1.773819,0.092505,0.092505,5.3001,5.3001,1,1,0.002616,0.00000685
1771742650.157036,12.770000,0.010000,-0.002597,0.042550,-0.005648,-0.3236,-0.925144,0.038170,1.901157,0.056903,0.056903,3.2603,3.2603,1,1,0.002597,0.00000675
1771742650.167036,12.780000,0.010000,-0.002567,0.043874,-0.006851,-0.3926,-0.928805,0.058295,2.012578,0.012183,0.012183,0.6980,0.6980,1,1,0.002567,0.00000659
1771742650.177036,12.790000,0.010000,-0.002586,0.030647,-0.007008,-0.4015,-0.674444,0.079396,2.110072,-0.058046,-0.058046,-3.3258,-3.3258,1,1,0.002586,0.00000669
1771742650.187036,12.800000,0.010000,-0.002624,0.036772,-0.006693,-0.3835,-0.766412,0.101350,2.195379,-0.154047,-0.154047,-8.8263,-8.8263,1,1,0.002624,0.00000689
1771742650.197036,12.810000,0.010000,-0.002693,0.024013,-0.005661,-0.3244,-0.519964,0.124050,2.270022,-0.230905,-0.230905,-13.2299,-13.2299,1,1,0.002693,0.00000725
1771742650.207036,12.820000,0.010000,-0.002766,0.033321,-0.004409,-0.2526,-0.666023,0.140422,1.637204,-0.265761,-0.265761,-15.2270,-15.2270,1,1,0.002766,0.00000765
1771742650.217036,12.830000,0.010000,-0.002850,0.022708,-0.002764,-0.1583,-0.453491,0.151257,1.083487,-0.266739,-0.266739,-15.2830,-15.2830,1,1,0.002850,0.00000812
1771742650.227036,12.840000,0.010000,-0.002924,0.033607,-0.001105,-0.0633,-0.622267,0.157247,0.598986,-0.192256,-0.192256,-11.0155,-11.0155,1,1,0.002924,0.00000855
1771742650.237036,12.850000,0.010000,-0.002988,0.026668,0.000623,0.0357,-0.469133,0.161494,0.424742,-0.258550,-0.258550,-14.8138,-14.8138,1,1,0.002988,0.00000893
1771742650.247036,12.860000,0.010000,-0.003028,0.037549,0.002193,0.1256,-0.631213,0.167346,0.585141,-0.205548,-0.205548,-11.7770,-11.7770,1,1,0.003028,0.00000917
1771742650.257036,12.870000,0.010000,-0.003091,0.022944,0.004453,0.2551,-0.335413,0.175051,0.770514,-0.295477,-0.295477,-16.9296,-16.9296,1,1,0.003091,0.00000955
1771742650.267036,12.880000,0.010000,-0.003144,0.036653,0.006851,0.3926,-0.541586,0.178302,0.325134,-0.162654,-0.162654,-9.3194,-9.3194,1,1,0.003144,0.00000989
1771742650.277036,12.890000,0.010000,-0.003136,0.039802,0.008506,0.4873,-0.554790,0.177656,-0.064573,-0.267389,-0.267389,-15.3202,-15.3202,1,1,0.003136,0.00000984
1771742650.287036,12.900000,0.010000,-0.003096,0.044508,0.009960,0.5707,-0.593322,0.173601,-0.405568,-0.254070,-0.254070,-14.5572,-14.5572,1,1,0.003096,0.00000959
1771742650.297036,12.910000,0.010000,-0.003023,0.048042,0.011226,0.6432,-0.609018,0.166561,-0.703937,-0.215510,-0.215510,-12.3478,-12.3478,1,1,0.003023,0.00000914
1771742650.307036,12.920000,0.010000,-0.002904,0.055922,0.012060,0.6910,-0.701031,0.156911,-0.965011,-0.171279,-0.171279,-9.8136,-9.8136,1,1,0.002904,0.00000843
1771742650.317036,12.930000,0.010000,-0.002756,0.055905,0.012801,0.7335,-0.651650,0.144977,-1.193451,-0.165001,-0.165001,-9.4538,-9.4538,1,1,0.002756,0.00000760
1771742650.327036,12.940000,0.010000,-0.002576,0.063173,0.013374,0.7663,-0.732778,0.131043,-1.393335,-0.118952,-0.118952,-6.8154,-6.8154,1,1,0.002576,0.00000664
1771742650.337036,12.950000,0.010000,-0.002348,0.068564,0.013486,0.7727,-0.780995,0.115361,-1.568234,-0.121413,-0.121413,-6.9564,-6.9564,1,1,0.002348,0.00000551
1771742650.347036,12.960000,0.010000,-0.002083,0.072693,0.013331,0.7638,-0.808519,0.098148,-1.721271,-0.153381,-0.153381,-8.7881,-8.7881,1,1,0.002083,0.00000434
1771742650.357036,12.970000,0.010000,-0.001790,0.075894,0.013037,0.7470,-0.822096,0.079597,-1.855178,-0.203931,-0.203931,-11.6844,-11.6844,1,1,0.001790,0.00000320
1771742650.367036,12.980000,0.010000,-0.001474,0.078395,0.012692,0.7272,-0.826189,0.059873,-1.972346,-0.250940,-0.250940,-14.3778,-14.3778,1,1,0.001474,0.00000217
1771742650.377036,12.990000,0.010000,-0.001141,0.080367,0.012354,0.7078,-0.823856,0.039124,-2.074869,-0.315485,-0.315485,-18.0760,-18.0760,1,1,0.001141,0.00000130
1771742650.387036,13.000000,0.010000,-0.000805,0.080651,0.012129,0.6949,-0.810136,0.017479,-2.164576,-0.328215,-0.328215,-18.8053,-18.8053,1,1,0.000805,0.00000065
1771742650.397036,13.010000,0.010000,-0.000469,0.080546,0.012032,0.6894,-0.794697,-0.004952,-2.243070,-0.310886,-0.310886,-17.8124,-17.8124,1,1,0.000469,0.00000022
1771742650.407036,13.020000,0.010000,-0.000134,0.080431,0.012057,0.6908,-0.779846,-0.028069,-2.311752,-0.239088,-0.239088,-13.6987,-13.6987,1,1,0.000134,0.00000002
1771742650.417036,13.030000,0.010000,0.000201,0.080307,0.012201,0.6991,-0.765318,-0.051788,-2.371849,-0.186158,-0.186158,-10.6661,-10.6661,1,1,0.000201,0.00000004
1771742650.427036,13.040000,0.010000,0.000535,0.080179,0.012461,0.7140,-0.750908,-0.072253,-2.046524,-0.107690,-0.107690,-6.1702,-6.1702,1,1,0.000535,0.00000029
1771742650.437036,13.050000,0.010000,0.000867,0.079759,0.012637,0.7240,-0.757961,-0.086670,-1.441642,-0.031056,-0.031056,-1.7794,-1.7794,1,1,0.000867,0.00000075
1771742650.447036,13.060000,0.010000,0.001196,0.078786,0.012343,0.7072,-0.806382,-0.096461,-0.979137,-0.033167,-0.033167,-1.9003,-1.9003,1,1,0.001196,0.00000143
1771742650.457036,13.070000,0.010000,0.001515,0.077810,0.012299,0.7047,-0.777826,-0.101538,-0.507679,-0.085347,-0.085347,-4.8900,-4.8900,1,1,0.001515,0.00000230
1771742650.467036,13.080000,0.010000,0.001840,0.077839,0.011760,0.6738,-0.829130,-0.104022,-0.248435,-0.132637,-0.132637,-7.5996,-7.5996,1,1,0.001840,0.00000338
1771742650.477036,13.090000,0.010000,0.002145,0.075719,0.011591,0.6641,-0.787551,-0.109687,-0.566447,-0.138978,-0.138978,-7.9628,-7.9628,1,1,0.002145,0.00000460
1771742650.487036,13.100000,0.010000,0.002463,0.076258,0.010355,0.5933,-0.900355,-0.118134,-0.844707,-0.111918,-0.111918,-6.4124,-6.4124,1,1,0.002463,0.00000607
1771742650.497036,13.110000,0.010000,0.002730,0.070573,0.010010,0.5735,-0.803270,-0.129016,-1.088184,-0.001425,-0.001425,-0.0817,-0.0817,1,1,0.002730,0.00000745
1771742650.507036,13.120000,0.010000,0.003037,0.073888,0.007491,0.4292,-1.035004,-0.142028,-1.301227,0.109446,0.109446,6.2708,6.2708,1,1,0.003037,0.00000923
1771742650.517036,13.130000,0.010000,0.003261,0.064629,0.006372,0.3651,-0.883854,-0.156904,-1.487640,0.252923,0.252923,14.4914,14.4914,1,1,0.003261,0.00001063
1771742650.527036,13.140000,0.010000,0.003561,0.071977,0.002864,0.1641,-1.139105,-0.173412,-1.650751,0.315830,0.315830,18.0957,18.0957,1,1,0.003561,0.00001268
1771742650.537036,13.150000,0.010000,0.003750,0.059779,0.001138,0.0652,-0.947323,-0.184365,-1.095341,0.336784,0.336784,19.2963,19.2963,1,1,0.003750,0.00001406
1771742650.547036,13.160000,0.010000,0.004036,0.069915,-0.002550,-0.1461,-1.157138,-0.190459,-0.609357,0.348515,0.348515,19.9684,19.9684,1,1,0.004036,0.00001629
1771742650.557036,13.170000,0.010000,0.004200,0.056504,-0.004372,-0.2505,-0.956292,-0.192300,-0.184122,0.272936,0.272936,15.6381,15.6381,1,1,0.004200,0.00001764
1771742650.567036,13.180000,0.010000,0.004412,0.061363,-0.007395,-0.4237,-1.084715,-0.190420,0.187959,0.288880,0.288880,16.5516,16.5516,1,1,0.004412,0.00001947
1771742650.577036,13.190000,0.010000,0.004510,0.048657,-0.008769,-0.5024,-0.907466,-0.185285,0.513530,0.193571,0.193571,11.0908,11.0908,1,1,0.004510,0.00002034
1771742650.587036,13.200000,0.010000,0.004647,0.052493,-0.011259,-0.6451,-1.027073,-0.177301,0.798405,0.163459,0.163459,9.3655,9.3655,1,1,0.004647,0.00002159
1771742650.597036,13.210000,0.010000,0.004675,0.040451,-0.012285,-0.7039,-0.869858,-0.171718,0.558296,0.131535,0.131535,7.5364,7.5364,1,1,0.004675,0.00002185
1771742650.607036,13.220000,0.010000,0.004737,0.043764,-0.014400,-0.8251,-0.986973,-0.167625,0.409253,0.200220,0.200220,11.4718,11.4718,1,1,0.004737,0.00002244
1771742650.617036,13.230000,0.010000,0.004696,0.032288,-0.015195,-0.8706,-0.845566,-0.160662,0.696346,0.250486,0.250486,14.3518,14.3518,1,1,0.004696,0.00002206
1771742650.627036,13.240000,0.010000,0.004635,0.029713,-0.016146,-0.9251,-0.863145,-0.151078,0.958369,0.207298,0.207298,11.8773,11.8773,1,1,0.004635,0.00002148
1771742650.637036,13.250000,0.010000,0.004494,0.020873,-0.016220,-0.9293,-0.770755,-0.139202,1.187639,0.207892,0.207892,11.9113,11.9113,1,1,0.004494,0.00002020
1771742650.647036,13.260000,0.010000,0.004329,0.017931,-0.016396,-0.9394,-0.782000,-0.125319,1.388250,0.134237,0.134237,7.6912,7.6912,1,1,0.004329,0.00001874
1771742650.657036,13.270000,0.010000,0.004103,0.011114,-0.016010,-0.9173,-0.723401,-0.109682,1.563784,0.165680,0.165680,9.4927,9.4927,1,1,0.004103,0.00001683
1771742650.667036,13.280000,0.010000,0.003829,0.005773,-0.015289,-0.8760,-0.688624,-0.092508,1.717377,0.116177,0.116177,6.6565,6.6565,1,1,0.003829,0.00001466
1771742650.677036,13.290000,0.010000,0.003518,0.001523,-0.014381,-0.8239,-0.669918,-0.073990,1.851771,0.089614,0.089614,5.1345,5.1345,1,1,0.003518,0.00001238
1771742650.687036,13.300000,0.010000,0.003185,0.000001,-0.013434,-0.7697,-0.674072,-0.054296,1.969365,0.079830,0.079830,4.5739,4.5739,1,1,0.003185,0.00001014
1771742650.697036,13.310000,0.010000,0.002846,0.000001,-0.012572,-0.7203,-0.688494,-0.033574,2.072261,0.067540,0.067540,3.8698,3.8698,1,1,0.002846,0.00000810
1771742650.707036,13.320000,0.010000,0.002507,-0.000000,-0.011821,-0.6773,-0.701451,-0.011951,2.162294,0.071651,0.071651,4.1053,4.1053,1,1,0.002507,0.00000629
1771742650.717036,13.330000,0.010000,0.002169,-0.000001,-0.011174,-0.6402,-0.713390,0.009975,2.192623,0.109825,0.109825,6.2925,6.2925,1,1,0.002169,0.00000471
1771742650.727036,13.340000,0.010000,0.001832,-0.000002,-0.010624,-0.6087,-0.724650,0.025670,1.569479,0.103666,0.103666,5.9396,5.9396,1,1,0.001832,0.00000336
1771742650.737036,13.350000,0.010000,0.001495,-0.000002,-0.010169,-0.5826,-0.735485,0.042894,1.722360,0.153016,0.153016,8.7672,8.7672,1,1,0.001495,0.00000224
1771742650.747036,13.360000,0.010000,0.001159,-0.000003,-0.009806,-0.5618,-0.746091,0.061455,1.856131,0.102493,0.102493,5.8724,5.8724,1,1,0.001159,0.00000134
1771742650.757036,13.370000,0.010000,0.000824,-0.000004,-0.009534,-0.5463,-0.756617,0.079685,1.823031,0.043173,0.043173,2.4736,2.4736,1,1,0.000824,0.00000068
1771742650.767036,13.380000,0.010000,0.000489,-0.000005,-0.009354,-0.5360,-0.767176,0.095711,1.602585,0.001194,0.001194,0.0684,0.0684,1,1,0.000489,0.00000024
1771742650.777036,13.390000,0.010000,0.000155,-0.000006,-0.009197,-0.5270,-0.760858,0.106243,1.053196,-0.028130,-0.028130,-1.6117,-1.6117,1,1,0.000155,0.00000002
1771742650.787036,13.400000,0.010000,-0.000178,-0.000006,-0.008819,-0.5053,-0.709777,0.113673,0.742957,-0.009631,-0.009631,-0.5518,-0.5518,1,1,0.000178,0.00000003
1771742650.797036,13.410000,0.010000,-0.000500,0.001677,-0.008445,-0.4839,-0.748815,0.116683,0.301022,0.005345,0.005345,0.3062,0.3062,1,1,0.000500,0.00000025
1771742650.807036,13.420000,0.010000,-0.000823,-0.000008,-0.007976,-0.4570,-0.691545,0.115826,-0.085672,0.032750,0.032750,1.8764,1.8764,1,1,0.000823,0.00000068
1771742650.817036,13.430000,0.010000,-0.001136,0.003058,-0.007561,-0.4332,-0.747680,0.111586,-0.424029,0.157599,0.157599,9.0298,9.0298,1,1,0.001136,0.00000129
1771742650.827036,13.440000,0.010000,-0.001429,0.005332,-0.007507,-0.4301,-0.785983,0.106080,-0.550571,0.235279,0.235279,13.4805,13.4805,1,1,0.001429,0.00000204
1771742650.837036,13.450000,0.010000,-0.001720,0.003464,-0.007434,-0.4259,-0.747142,0.101777,-0.430366,0.260203,0.260203,14.9085,14.9085,1,1,0.001720,0.00000296
1771742650.847036,13.460000,0.010000,-0.002003,0.006845,-0.007460,-0.4274,-0.799390,0.101502,-0.027504,0.274956,0.274956,15.7538,15.7538,1,1,0.002003,0.00000401
1771742650.857036,13.470000,0.010000,-0.002291,0.002292,-0.007290,-0.4177,-0.707121,0.101772,0.027054,0.193879,0.193879,11.1084,11.1084,1,1,0.002291,0.00000525
1771742650.867036,13.480000,0.010000,-0.002573,0.007328,-0.007140,-0.4091,-0.783267,0.105499,0.372738,0.228155,0.228155,13.0723,13.0723,1,1,0.002573,0.00000662
1771742650.877036,13.490000,0.010000,-0.002853,0.003269,-0.006888,-0.3946,-0.694046,0.105270,-0.022920,0.104256,0.104256,5.9734,5.9734,1,1,0.002853,0.00000814
1771742650.887036,13.500000,0.010000,-0.003118,0.009424,-0.006723,-0.3852,-0.784197,0.101579,-0.369121,0.223152,0.223152,12.7857,12.7857,1,1,0.003118,0.00000972
1771742650.897036,13.510000,0.010000,-0.003352,0.011753,-0.006954,-0.3984,-0.803144,0.094859,-0.672046,0.242870,0.242870,13.9154,13.9154,1,1,0.003352,0.00001124
1771742650.907036,13.520000,0.010000,-0.003557,0.016328,-0.007497,-0.4296,-0.860182,0.085488,-0.937106,0.281957,0.281957,16.1550,16.1550,1,1,0.003557,0.00001265
1771742650.917036,13.530000,0.010000,-0.003739,0.017637,-0.008235,-0.4718,-0.857741,0.073797,-1.169034,0.300383,0.300383,17.2107,17.2107,1,1,0.003739,0.00001398
1771742650.927036,13.540000,0.010000,-0.003896,0.021939,-0.009184,-0.5262,-0.907980,0.065241,-0.855657,0.329680,0.329680,18.8892,18.8892,1,1,0.003896,0.00001518
1771742650.937036,13.550000,0.010000,-0.004041,0.021200,-0.010147,-0.5814,-0.868239,0.061179,-0.406133,0.315111,0.315111,18.0545,18.0545,1,1,0.004041,0.00001633
1771742650.947036,13.560000,0.010000,-0.004167,0.025713,-0.011210,-0.6423,-0.922132,0.061116,-0.006301,0.294722,0.294722,16.8863,16.8863,1,1,0.004167,0.00001737
1771742650.957036,13.570000,0.010000,-0.004307,0.018482,-0.011820,-0.6772,-0.767372,0.064552,0.343553,0.230578,0.230578,13.2112,13.2112,1,1,0.004307,0.00001855
1771742650.967036,13.580000,0.010000,-0.004441,0.025306,-0.012313,-0.7055,-0.862636,0.071049,0.649674,0.211129,0.211129,12.0968,12.0968,1,1,0.004441,0.00001972
1771742650.977036,13.590000,0.010000,-0.004583,0.017541,-0.012449,-0.7133,-0.697800,0.080224,0.917531,0.094976,0.094976,5.4417,5.4417,1,1,0.004583,0.00002100
1771742650.987036,13.600000,0.010000,-0.004714,0.026108,-0.012556,-0.7194,-0.822600,0.091743,1.151905,0.078676,0.078676,4.5078,4.5078,1,1,0.004714,0.00002222
1771742650.997036,13.610000,0.010000,-0.004884,0.009157,-0.011713,-0.6711,-0.492880,0.105313,1.356983,-0.013164,-0.013164,-0.7542,-0.7542,1,1,0.004884,0.00002386
1771742651.007036,13.620000,0.010000,-0.005056,0.022148,-0.010603,-0.6075,-0.693079,0.113696,0.838294,-0.057343,-0.057343,-3.2855,-3.2855,1,1,0.005056,0.00002557
1771742651.017036,13.630000,0.010000,-0.005203,0.017164,-0.009659,-0.5534,-0.570420,0.124521,1.082573,-0.069478,-0.069478,-3.9808,-3.9808,1,1,0.005203,0.00002707
1771742651.027036,13.640000,0.010000,-0.005327,0.026217,-0.008828,-0.5058,-0.694480,0.137485,1.296318,-0.117899,-0.117899,-6.7551,-6.7551,1,1,0.005327,0.00002838
1771742651.037036,13.650000,0.010000,-0.005503,0.005975,-0.006676,-0.3825,-0.278139,0.152318,1.483344,-0.198494,-0.198494,-11.3729,-11.3729,1,1,0.005503,0.00003028
1771742651.047036,13.660000,0.010000,-0.005668,0.024134,-0.004298,-0.2463,-0.557738,0.168788,1.646992,-0.067029,-0.067029,-3.8405,-3.8405,1,1,0.005668,0.00003212
1771742651.057036,13.670000,0.010000,-0.005838,0.007543,-0.001443,-0.0827,-0.216255,0.186690,1.790183,-0.257508,-0.257508,-14.7541,-14.7541,1,1,0.005838,0.00003408
1771742651.067036,13.680000,0.010000,-0.005978,0.027503,0.001308,0.0750,-0.517233,0.202742,1.605269,-0.081718,-0.081718,-4.6821,-4.6821,1,1,0.005978,0.00003574
1771742651.077036,13.690000,0.010000,-0.006139,0.005568,0.004952,0.2837,-0.060686,0.214240,1.149743,-0.299405,-0.299405,-17.1546,-17.1546,1,1,0.006139,0.00003769
1771742651.087036,13.700000,0.010000,-0.006273,0.029105,0.008660,0.4962,-0.413578,0.220809,0.656959,0.023401,0.023401,1.3408,1.3408,1,1,0.006273,0.00003935
1771742651.097036,13.710000,0.010000,-0.006343,0.024480,0.011819,0.6772,-0.260169,0.223067,0.225773,-0.247576,-0.247576,-14.1851,-14.1851,1,1,0.006343,0.00004023
1771742651.107036,13.720000,0.010000,-0.006341,0.044627,0.014333,0.8212,-0.540003,0.221552,-0.151514,-0.135608,-0.135608,-7.7698,-7.7698,1,1,0.006341,0.00004020
1771742651.117036,13.730000,0.010000,-0.006344,0.026278,0.017614,1.0092,-0.134168,0.216736,-0.481641,-0.295408,-0.295408,-16.9257,-16.9257,1,1,0.006344,0.00004024
1771742651.127036,13.740000,0.010000,-0.006310,0.048976,0.020938,1.1997,-0.451219,0.209031,-0.770501,0.035827,0.035827,2.0527,2.0527,1,1,0.006310,0.00003982
1771742651.137036,13.750000,0.010000,-0.006138,0.062942,0.022557,1.2924,-0.607288,0.198798,-1.023255,-0.157142,-0.157142,-9.0036,-9.0036,1,1,0.006138,0.00003768
1771742651.147036,13.760000,0.010000,-0.005934,0.058501,0.024378,1.3968,-0.435936,0.186354,-1.244414,-0.224577,-0.224577,-12.8673,-12.8673,1,1,0.005934,0.00003521
1771742651.157036,13.770000,0.010000,-0.005672,0.074966,0.025956,1.4871,-0.634525,0.171975,-1.437928,-0.095306,-0.095306,-5.4607,-5.4607,1,1,0.005672,0.00003217
1771742651.167036,13.780000,0.010000,-0.005316,0.085349,0.026475,1.5169,-0.746286,0.155902,-1.607253,-0.176068,-0.176068,-10.0879,-10.0879,1,1,0.005316,0.00002826
1771742651.177036,13.790000,0.010000,-0.004963,0.084778,0.026779,1.5343,-0.767928,0.138348,-1.755412,-0.195101,-0.195101,-11.1785,-11.1785,1,1,0.004963,0.00002463
1771742651.187036,13.800000,0.010000,-0.004612,0.084315,0.026942,1.5436,-0.781477,0.119498,-1.885051,-0.194264,-0.194264,-11.1305,-11.1305,1,1,0.004612,0.00002127
1771742651.197036,13.810000,0.010000,-0.004262,0.083934,0.027022,1.5482,-0.788877,0.099513,-1.998486,-0.211470,-0.211470,-12.1164,-12.1164,1,1,0.004262,0.00001816
1771742651.207036,13.820000,0.010000,-0.003914,0.083614,0.027063,1.5506,-0.791580,0.078535,-2.097741,-0.249275,-0.249275,-14.2824,-14.2824,1,1,0.003914,0.00001532
1771742651.217036,13.830000,0.010000,-0.003566,0.083341,0.027098,1.5526,-0.790669,0.063671,-1.486457,-0.318332,-0.318332,-18.2391,-18.2391,1,1,0.003566,0.00001272
1771742651.227036,13.840000,0.010000,-0.003220,0.083102,0.027154,1.5558,-0.786950,0.047174,-1.649716,-0.273914,-0.273914,-15.6941,-15.6941,1,1,0.003220,0.00001037
1771742651.237036,13.850000,0.010000,-0.002875,0.082890,0.027250,1.5613,-0.781021,0.029248,-1.792567,-0.328194,-0.328194,-18.8041,-18.8041,1,1,0.002875,0.00000826
1771742651.247036,13.860000,0.010000,-0.002530,0.082698,0.027402,1.5700,-0.773327,0.010072,-1.917562,-0.340261,-0.340261,-19.4955,-19.4955,1,1,0.002530,0.00000640
1771742651.257036,13.870000,0.010000,-0.002186,0.082522,0.027625,1.5828,-0.764196,-0.003216,-1.328801,-0.322309,-0.322309,-18.4670,-18.4670,1,1,0.002186,0.00000478
1771742651.267036,13.880000,0.010000,-0.001843,0.082359,0.027927,1.6001,-0.753867,-0.018333,-1.511767,-0.279752,-0.279752,-16.0286,-16.0286,1,1,0.001843,0.00000340
1771742651.277036,13.890000,0.010000,-0.001500,0.082206,0.028318,1.6225,-0.742517,-0.035052,-1.671862,-0.253880,-0.253880,-14.5463,-14.5463,1,1,0.001500,0.00000225
1771742651.287036,13.900000,0.010000,-0.001158,0.082062,0.028806,1.6505,-0.730273,-0.046190,-1.113813,-0.228669,-0.228669,-13.1018,-13.1018,1,1,0.001158,0.00000134
1771742651.297036,13.910000,0.010000,-0.000817,0.081925,0.029398,1.6844,-0.717223,-0.059427,-1.323652,-0.155148,-0.155148,-8.8893,-8.8893,1,1,0.000817,0.00000067
1771742651.307036,13.920000,0.010000,-0.000482,0.080318,0.029079,1.6661,-0.812935,-0.074499,-1.507262,-0.144899,-0.144899,-8.3021,-8.3021,1,1,0.000482,0.00000023
1771742651.317036,13.930000,0.010000,-0.000148,0.080172,0.028860,1.6536,-0.800517,-0.089470,-1.497063,-0.182747,-0.182747,-10.4706,-10.4706,1,1,0.000148,0.00000002
1771742651.327036,13.940000,0.010000,0.000179,0.078538,0.027711,1.5877,-0.898692,-0.104720,-1.525004,-0.128877,-0.128877,-7.3841,-7.3841,1,1,0.000179,0.00000003
1771742651.337036,13.950000,0.010000,0.000505,0.078332,0.026621,1.5253,-0.890804,-0.121554,-1.683445,-0.084503,-0.084503,-4.8417,-4.8417,1,1,0.000505,0.00000026
1771742651.347036,13.960000,0.010000,0.000825,0.076589,0.024520,1.4049,-0.997844,-0.139775,-1.822080,0.008497,0.008497,0.4868,0.4868,1,1,0.000825,0.00000068
1771742651.357036,13.970000,0.010000,0.001144,0.076569,0.022611,1.2955,-0.976135,-0.156543,-1.676736,0.116712,0.116712,6.6871,6.6871,1,1,0.001144,0.00000131
1771742651.367036,13.980000,0.010000,0.001455,0.074707,0.019604,1.1232,-1.092889,-0.174705,-1.816210,0.142254,0.142254,8.1506,8.1506,1,1,0.001455,0.00000212
1771742651.377036,13.990000,0.010000,0.001764,0.074451,0.016790,0.9620,-1.071272,-0.194087,-1.938250,0.238800,0.238800,13.6823,13.6823,1,1,0.001764,0.00000311
1771742651.387036,14.000000,0.010000,0.002068,0.073029,0.013014,0.7457,-1.173632,-0.210115,-1.602775,0.242080,0.242080,13.8701,13.8701,1,1,0.002068,0.00000428
1771742651.397036,14.010000,0.010000,0.002326,0.067909,0.010115,0.5795,-1.079080,-0.220649,-1.053362,0.272738,0.272738,15.6267,15.6267,1,1,0.002326,0.00000541
1771742651.407036,14.020000,0.010000,0.002623,0.071395,0.005567,0.3190,-1.255399,-0.226375,-0.572626,0.273107,0.273107,15.6479,15.6479,1,1,0.002623,0.00000688
1771742651.417036,14.030000,0.010000,0.002802,0.058474,0.003047,0.1746,-1.037575,-0.227895,-0.151982,0.230315,0.230315,13.1961,13.1961,1,1,0.002802,0.00000785
1771742651.427036,14.040000,0.010000,0.003095,0.070271,-0.001966,-0.1126,-1.304709,-0.225734,0.216082,0.278154,0.278154,15.9370,15.9370,1,1,0.003095,0.00000958
1771742651.437036,14.050000,0.010000,0.003253,0.055487,-0.004785,-0.2741,-1.069292,-0.220352,0.538137,0.206548,0.206548,11.8344,11.8344,1,1,0.003253,0.00001058
1771742651.447036,14.060000,0.010000,0.003406,0.054706,-0.007795,-0.4466,-1.089749,-0.215652,0.470073,0.175567,0.175567,10.0592,10.0592,1,1,0.003406,0.00001160
1771742651.457036,14.070000,0.010000,0.003467,0.044566,-0.009495,-0.5440,-0.949307,-0.208048,0.760380,0.230396,0.230396,13.2007,13.2007,1,1,0.003467,0.00001202
1771742651.467036,14.080000,0.010000,0.003608,0.052845,-0.012974,-0.7433,-1.140270,-0.197904,1.014398,0.188489,0.188489,10.7996,10.7996,1,1,0.003608,0.00001302
1771742651.477036,14.090000,0.010000,0.003635,0.040195,-0.014813,-0.8487,-0.964663,-0.185537,1.236664,0.226516,0.226516,12.9784,12.9784,1,1,0.003635,0.00001321
1771742651.487036,14.100000,0.010000,0.003578,0.030864,-0.015595,-0.8935,-0.851648,-0.171226,1.431147,0.201716,0.201716,11.5575,11.5575,1,1,0.003578,0.00001280
1771742651.497036,14.110000,0.010000,0.003523,0.030833,-0.016868,-0.9664,-0.905010,-0.155213,1.601320,0.176268,0.176268,10.0994,10.0994,1,1,0.003523,0.00001241
1771742651.507036,14.120000,0.010000,0.003396,0.022789,-0.017314,-0.9920,-0.817127,-0.137710,1.750220,0.219139,0.219139,12.5558,12.5558,1,1,0.003396,0.00001153
1771742651.517036,14.130000,0.010000,0.003215,0.016693,-0.017247,-0.9882,-0.763654,-0.118905,1.880509,0.202971,0.202971,11.6294,11.6294,1,1,0.003215,0.00001033
1771742651.527036,14.140000,0.010000,0.002991,0.011924,-0.016876,-0.9669,-0.732196,-0.098960,1.994511,0.164379,0.164379,9.4182,9.4182,1,1,0.002991,0.00000895
1771742651.537036,14.150000,0.010000,0.002733,0.008111,-0.016335,-0.9359,-0.715217,-0.078018,2.094263,0.149251,0.149251,8.5515,8.5515,1,1,0.002733,0.00000747
1771742651.547036,14.160000,0.010000,0.002449,0.005028,-0.015715,-0.9004,-0.708135,-0.056202,2.181546,0.138051,0.138051,7.9098,7.9098,1,1,0.002449,0.00000600
1771742651.557036,14.170000,0.010000,0.002142,0.002521,-0.015079,-0.8640,-0.707886,-0.033623,2.257919,0.119425,0.119425,6.8425,6.8425,1,1,0.002142,0.00000459
1771742651.567036,14.180000,0.010000,0.001817,0.000464,-0.014470,-0.8291,-0.712313,-0.010376,2.324745,0.123726,0.123726,7.0890,7.0890,1,1,0.001817,0.00000330
1771742651.577036,14.190000,0.010000,0.001483,-0.000002,-0.013951,-0.7993,-0.727711,0.012867,2.324280,0.103306,0.103306,5.9190,5.9190,1,1,0.001483,0.00000220
1771742651.587036,14.200000,0.010000,0.001147,-0.000003,-0.013566,-0.7773,-0.744705,0.036695,2.382811,0.085533,0.085533,4.9007,4.9007,1,1,0.001147,0.00000132
1771742651.597036,14.210000,0.010000,0.000812,-0.000004,-0.013314,-0.7628,-0.760172,0.055670,1.897418,0.055100,0.055100,3.1570,3.1570,1,1,0.000812,0.00000066
1771742651.607036,14.220000,0.010000,0.000477,-0.000005,-0.013187,-0.7556,-0.774599,0.075763,2.009306,0.069190,0.069190,3.9643,3.9643,1,1,0.000477,0.00000023
1771742651.617036,14.230000,0.010000,0.000142,-0.000006,-0.013179,-0.7551,-0.788355,0.091507,1.574412,0.011223,0.011223,0.6431,0.6431,1,1,0.000142,0.00000002
1771742651.627036,14.240000,0.010000,-0.000192,-0.000007,-0.013014,-0.7456,-0.736221,0.102102,1.059522,0.005950,0.005950,0.3409,0.3409,1,1,0.000192,0.00000004
1771742651.637036,14.250000,0.010000,-0.000523,-0.000007,-0.012508,-0.7166,-0.693153,0.114863,1.276148,0.007814,0.007814,0.4477,0.4477,1,1,0.000523,0.00000027
1771742651.647036,14.260000,0.010000,-0.000850,-0.000007,-0.011715,-0.6712,-0.655988,0.125877,1.101340,-0.044633,-0.044633,-2.5573,-2.5573,1,1,0.000850,0.00000072
1771742651.657036,14.270000,0.010000,-0.001175,-0.000008,-0.010785,-0.6179,-0.650238,0.132023,0.614606,-0.074582,-0.074582,-4.2732,-4.2732,1,1,0.001175,0.00000138
1771742651.667036,14.280000,0.010000,-0.001498,-0.000008,-0.009815,-0.5623,-0.642306,0.134176,0.215357,-0.035416,-0.035416,-2.0292,-2.0292,1,1,0.001498,0.00000224
1771742651.677036,14.290000,0.010000,-0.001816,0.000747,-0.008878,-0.5087,-0.653933,0.134661,0.048436,0.008018,0.008018,0.4594,0.4594,1,1,0.001816,0.00000330
1771742651.687036,14.300000,0.010000,-0.002129,0.001235,-0.008001,-0.4584,-0.656110,0.132756,-0.190452,0.030603,0.030603,1.7534,1.7534,1,1,0.002129,0.00000453
1771742651.697036,14.310000,0.010000,-0.002433,0.002562,-0.007197,-0.4123,-0.668691,0.131627,-0.112883,0.081696,0.081696,4.6808,4.6808,1,1,0.002433,0.00000592
1771742651.707036,14.320000,0.010000,-0.002724,0.004340,-0.006515,-0.3733,-0.685178,0.128087,-0.354016,0.075201,0.075201,4.3087,4.3087,1,1,0.002724,0.00000742
1771742651.717036,14.330000,0.010000,-0.002996,0.006906,-0.006013,-0.3445,-0.711978,0.122768,-0.531926,0.141755,0.141755,8.1220,8.1220,1,1,0.002996,0.00000897
1771742651.727036,14.340000,0.010000,-0.003244,0.010098,-0.005757,-0.3298,-0.746564,0.114623,-0.814501,0.192678,0.192678,11.0397,11.0397,1,1,0.003244,0.00001052
1771742651.737036,14.350000,0.010000,-0.003476,0.010779,-0.005575,-0.3194,-0.733612,0.108944,-0.567911,0.247712,0.247712,14.1929,14.1929,1,1,0.003476,0.00001209
1771742651.747036,14.360000,0.010000,-0.003678,0.017145,-0.005717,-0.3276,-0.819497,0.100484,-0.845988,0.236921,0.236921,13.5746,13.5746,1,1,0.003678,0.00001353
1771742651.757036,14.370000,0.010000,-0.003858,0.016885,-0.006018,-0.3448,-0.785437,0.089591,-1.089305,0.252472,0.252472,14.4656,14.4656,1,1,0.003858,0.00001488
1771742651.767036,14.380000,0.010000,-0.004011,0.022816,-0.006526,-0.3739,-0.860440,0.079369,-1.022206,0.278508,0.278508,15.9573,15.9573,1,1,0.004011,0.00001609
1771742651.777036,14.390000,0.010000,-0.004123,0.027518,-0.007514,-0.4305,-0.912627,0.066934,-1.243496,0.289534,0.289534,16.5891,16.5891,1,1,0.004123,0.00001700
1771742651.787036,14.400000,0.010000,-0.004201,0.031358,-0.008840,-0.5065,-0.949707,0.052563,-1.437125,0.322690,0.322690,18.4888,18.4888,1,1,0.004201,0.00001765
1771742651.797036,14.410000,0.010000,-0.004251,0.034571,-0.010411,-0.5965,-0.976697,0.041565,-1.099733,0.341983,0.341983,19.5942,19.5942,1,1,0.004251,0.00001807
1771742651.807036,14.420000,0.010000,-0.004280,0.036744,-0.012122,-0.6945,-0.986929,0.035433,-0.613200,0.331001,0.331001,18.9650,18.9650,1,1,0.004280,0.00001832
1771742651.817036,14.430000,0.010000,-0.004299,0.037057,-0.013784,-0.7897,-0.966260,0.033559,-0.187484,0.298523,0.298523,17.1041,17.1041,1,1,0.004299,0.00001848
1771742651.827036,14.440000,0.010000,-0.004309,0.038563,-0.015393,-0.8819,-0.969126,0.035409,0.185017,0.264187,0.264187,15.1368,15.1368,1,1,0.004309,0.00001857
1771742651.837036,14.450000,0.010000,-0.004327,0.035151,-0.016672,-0.9552,-0.886799,0.040383,0.497406,0.190621,0.190621,10.9218,10.9218,1,1,0.004327,0.00001873
1771742651.847036,14.460000,0.010000,-0.004338,0.039578,-0.017927,-1.0271,-0.945850,0.048226,0.784296,0.129975,0.129975,7.4470,7.4470,1,1,0.004338,0.00001882
1771742651.857036,14.470000,0.010000,-0.004386,0.026763,-0.018355,-1.0517,-0.699884,0.058579,1.035325,0.045036,0.045036,2.5804,2.5804,1,1,0.004386,0.00001924
1771742651.867036,14.480000,0.010000,-0.004443,0.034859,-0.018492,-1.0595,-0.826744,0.071129,1.254975,0.075378,0.075378,4.3188,4.3188,1,1,0.004443,0.00001974
1771742651.877036,14.490000,0.010000,-0.004511,0.025366,-0.018278,-1.0473,-0.640221,0.085600,1.447169,-0.022213,-0.022213,-1.2727,-1.2727,1,1,0.004511,0.00002035
1771742651.887036,14.500000,0.010000,-0.004571,0.034802,-0.018066,-1.0351,-0.789814,0.101754,1.615339,-0.074165,-0.074165,-4.2493,-4.2493,1,1,0.004571,0.00002089
1771742651.897036,14.510000,0.010000,-0.004699,0.010612,-0.016482,-0.9444,-0.340698,0.119379,1.762487,-0.131216,-0.131216,-7.5181,-7.5181,1,1,0.004699,0.00002208
1771742651.907036,14.520000,0.010000,-0.004842,0.026149,-0.014455,-0.8282,-0.595392,0.138291,1.891242,-0.103389,-0.103389,-5.9237,-5.9237,1,1,0.004842,0.00002345
1771742651.917036,14.530000,0.010000,-0.004982,0.014036,-0.012282,-0.7037,-0.354104,0.158330,2.003903,-0.226804,-0.226804,-12.9949,-12.9949,1,1,0.004982,0.00002482
1771742651.927036,14.540000,0.010000,-0.005095,0.029829,-0.010342,-0.5925,-0.604455,0.179355,2.102481,-0.183744,-0.183744,-10.5278,-10.5278,1,1,0.005095,0.00002596
1771742651.937036,14.550000,0.010000,-0.005278,-0.000001,-0.006574,-0.3767,0.034847,0.198311,1.895574,-0.300111,-0.300111,-17.1951,-17.1951,1,1,0.005278,0.00002786
1771742651.947036,14.560000,0.010000,-0.005455,0.023957,-0.002276,-0.1304,-0.350904,0.211406,1.309561,0.073965,0.073965,4.2379,4.2379,1,1,0.005455,0.00002976
1771742651.957036,14.570000,0.010000,-0.005544,0.025208,0.000842,0.0482,-0.324528,0.219374,0.796800,-0.205129,-0.205129,-11.7530,-11.7530,1,1,0.005544,0.00003074
1771742651.967036,14.580000,0.010000,-0.005601,0.031278,0.003827,0.2193,-0.378249,0.222856,0.348134,-0.192340,-0.192340,-11.0203,-11.0203,1,1,0.005601,0.00003137
1771742651.977036,14.590000,0.010000,-0.005639,0.030287,0.006954,0.3984,-0.301766,0.222411,-0.044448,-0.239058,-0.239058,-13.6970,-13.6970,1,1,0.005639,0.00003179
1771742651.987036,14.600000,0.010000,-0.005604,0.047862,0.009313,0.5336,-0.549373,0.218532,-0.387958,-0.174686,-0.174686,-10.0088,-10.0088,1,1,0.005604,0.00003140
1771742651.997036,14.610000,0.010000,-0.005591,0.027473,0.012633,0.7238,-0.120268,0.211646,-0.688529,-0.301282,-0.301282,-17.2622,-17.2622,1,1,0.005591,0.00003126
1771742652.007036,14.620000,0.010000,-0.005554,0.049229,0.016098,0.9224,-0.434857,0.202131,-0.951529,0.027429,0.027429,1.5716,1.5716,1,1,0.005554,0.00003085
1771742652.017036,14.630000,0.010000,-0.005375,0.064905,0.017682,1.0131,-0.635234,0.190314,-1.181654,-0.151737,-0.151737,-8.6939,-8.6939,1,1,0.005375,0.00002889
1771742652.027036,14.640000,0.010000,-0.005165,0.058848,0.019386,1.1107,-0.448530,0.176484,-1.383013,-0.202856,-0.202856,-11.6228,-11.6228,1,1,0.005165,0.00002668
1771742652.037036,14.650000,0.010000,-0.004910,0.073821,0.020946,1.2001,-0.635008,0.160892,-1.559202,-0.112101,-0.112101,-6.4229,-6.4229,1,1,0.004910,0.00002411
1771742652.047036,14.660000,0.010000,-0.004557,0.084724,0.021430,1.2278,-0.748822,0.143759,-1.713368,-0.166615,-0.166615,-9.5463,-9.5463,1,1,0.004557,0.00002077
1771742652.057036,14.670000,0.010000,-0.004207,0.084165,0.021709,1.2439,-0.769057,0.125276,-1.848263,-0.181608,-0.181608,-10.4054,-10.4054,1,1,0.004207,0.00001770
1771742652.067036,14.680000,0.010000,-0.003858,0.083709,0.021858,1.2524,-0.781531,0.105613,-1.966296,-0.198060,-0.198060,-11.3480,-11.3480,1,1,0.003858,0.00001488
1771742652.077036,14.690000,0.010000,-0.003511,0.083332,0.021931,1.2566,-0.788108,0.091899,-1.371443,-0.245140,-0.245140,-14.0455,-14.0455,1,1,0.003511,0.00001232
1771742652.087036,14.700000,0.010000,-0.003165,0.083013,0.021970,1.2588,-0.790179,0.076408,-1.549078,-0.229040,-0.229040,-13.1230,-13.1230,1,1,0.003165,0.00001002
1771742652.097036,14.710000,0.010000,-0.002820,0.082738,0.022007,1.2609,-0.788780,0.059363,-1.704509,-0.259682,-0.259682,-14.8787,-14.8787,1,1,0.002820,0.00000795
1771742652.107036,14.720000,0.010000,-0.002476,0.082497,0.022068,1.2644,-0.784682,0.040958,-1.840512,-0.320210,-0.320210,-18.3467,-18.3467,1,1,0.002476,0.00000613
1771742652.117036,14.730000,0.010000,-0.002133,0.082282,0.022171,1.2703,-0.778458,0.021362,-1.959513,-0.342752,-0.342752,-19.6382,-19.6382,1,1,0.002133,0.00000455
1771742652.127036,14.740000,0.010000,-0.001791,0.082086,0.022332,1.2795,-0.770531,0.000726,-2.063640,-0.329954,-0.329954,-18.9050,-18.9050,1,1,0.001791,0.00000321
1771742652.137036,14.750000,0.010000,-0.001450,0.081906,0.022563,1.2928,-0.761214,-0.013840,-1.456619,-0.294014,-0.294014,-16.8458,-16.8458,1,1,0.001450,0.00000210
1771742652.147036,14.760000,0.010000,-0.001109,0.081738,0.022876,1.3107,-0.750738,-0.030076,-1.623608,-0.254685,-0.254685,-14.5924,-14.5924,1,1,0.001109,0.00000123
1771742652.157036,14.770000,0.010000,-0.000769,0.081580,0.023278,1.3337,-0.739269,-0.047773,-1.769723,-0.222931,-0.222931,-12.7730,-12.7730,1,1,0.000769,0.00000059
1771742652.167036,14.780000,0.010000,-0.000430,0.081430,0.023777,1.3623,-0.726928,-0.059768,-1.199441,-0.175360,-0.175360,-10.0474,-10.0474,1,1,0.000430,0.00000018
1771742652.177036,14.790000,0.010000,-0.000094,0.080600,0.023904,1.3696,-0.764895,-0.073124,-1.335591,-0.134124,-0.134124,-7.6847,-7.6847,1,1,0.000094,0.00000001
1771742652.187036,14.800000,0.010000,0.000238,0.079753,0.023647,1.3549,-0.804210,-0.086684,-1.356060,-0.136128,-0.136128,-7.7996,-7.7996,1,1,0.000238,0.00000006
1771742652.197036,14.810000,0.010000,0.000567,0.078921,0.023017,1.3188,-0.842490,-0.100606,-1.392197,-0.123637,-0.123637,-7.0839,-7.0839,1,1,0.000567,0.00000032
1771742652.207036,14.820000,0.010000,0.000892,0.077963,0.021925,1.2562,-0.890348,-0.116279,-1.567238,-0.075155,-0.075155,-4.3061,-4.3061,1,1,0.000892,0.00000080
1771742652.217036,14.830000,0.010000,0.001214,0.077289,0.020570,1.1786,-0.917133,-0.130374,-1.409520,0.019456,0.019456,1.1147,1.1147,1,1,0.001214,0.00000147
1771742652.227036,14.840000,0.010000,0.001532,0.076216,0.018672,1.0699,-0.974017,-0.146198,-1.582396,0.089969,0.089969,5.1548,5.1548,1,1,0.001532,0.00000235
1771742652.237036,14.850000,0.010000,0.001846,0.075464,0.016456,0.9428,-1.007003,-0.163534,-1.733662,0.176087,0.176087,10.0890,10.0890,1,1,0.001846,0.00000341
1771742652.247036,14.860000,0.010000,0.002156,0.074313,0.013639,0.7814,-1.070294,-0.182195,-1.866020,0.218013,0.218013,12.4912,12.4912,1,1,0.002156,0.00000465
1771742652.257036,14.870000,0.010000,0.002462,0.073622,0.010544,0.6041,-1.099173,-0.200665,-1.846998,0.268560,0.268560,15.3874,15.3874,1,1,0.002462,0.00000606
1771742652.267036,14.880000,0.010000,0.002766,0.072943,0.007181,0.4114,-1.127198,-0.213335,-1.267057,0.281299,0.281299,16.1173,16.1173,1,1,0.002766,0.00000765
1771742652.277036,14.890000,0.010000,0.003063,0.071948,0.003870,0.2217,-1.120826,-0.220931,-0.759609,0.279706,0.279706,16.0260,16.0260,1,1,0.003063,0.00000938
1771742652.287036,14.900000,0.010000,0.003357,0.071457,0.000456,0.0261,-1.131091,-0.224087,-0.315592,0.265246,0.265246,15.1975,15.1975,1,1,0.003357,0.00001127
1771742652.297036,14.910000,0.010000,0.003608,0.066462,-0.002388,-0.1368,-1.069232,-0.223358,0.072923,0.218474,0.218474,12.5177,12.5177,1,1,0.003608,0.00001301
1771742652.307036,14.920000,0.010000,0.003878,0.068304,-0.005855,-0.3355,-1.135525,-0.219229,0.412873,0.198293,0.198293,11.3613,11.3613,1,1,0.003878,0.00001504
1771742652.317036,14.930000,0.010000,0.004033,0.055483,-0.007585,-0.4346,-0.948611,-0.212126,0.710330,0.139158,0.139158,7.9732,7.9732,1,1,0.004033,0.00001626
1771742652.327036,14.940000,0.010000,0.004292,0.066428,-0.011554,-0.6620,-1.188306,-0.202420,0.970605,0.102552,0.102552,5.8758,5.8758,1,1,0.004292,0.00001842
1771742652.337036,14.950000,0.010000,0.004420,0.051810,-0.013600,-0.7792,-0.981718,-0.190436,1.198345,0.133600,0.133600,7.6547,7.6547,1,1,0.004420,0.00001953
1771742652.347036,14.960000,0.010000,0.004450,0.040947,-0.014390,-0.8245,-0.846848,-0.176460,1.397618,0.100855,0.100855,5.7786,5.7786,1,1,0.004450,0.00001980
1771742652.357036,14.970000,0.010000,0.004511,0.043945,-0.016231,-0.9300,-0.959667,-0.160740,1.571981,0.059438,0.059438,3.4056,3.4056,1,1,0.004511,0.00002035
1771742652.367036,14.980000,0.010000,0.004478,0.033309,-0.016896,-0.9681,-0.833776,-0.143495,1.724549,0.136969,0.136969,7.8477,7.8477,1,1,0.004478,0.00002005
1771742652.377036,14.990000,0.010000,0.004371,0.025192,-0.016808,-0.9630,-0.753788,-0.124915,1.858047,0.107761,0.107761,6.1743,6.1743,1,1,0.004371,0.00001911
1771742652.387036,15.000000,0.010000,0.004209,0.018839,-0.016249,-0.9310,-0.704330,-0.105166,1.974857,0.002621,0.002621,0.1502,0.1502,1,1,0.004209,0.00001771
1771742652.397036,15.010000,0.010000,0.004001,0.013699,-0.015401,-0.8824,-0.674269,-0.084395,2.077065,-0.041101,-0.041101,-2.3549,-2.3549,1,1,0.004001,0.00001601
1771742652.407036,15.020000,0.010000,0.003756,0.009474,-0.014387,-0.8243,-0.657436,-0.062730,2.166498,-0.057758,-0.057758,-3.3093,-3.3093,1,1,0.003756,0.00001411
1771742652.417036,15.030000,0.010000,0.003481,0.005969,-0.013290,-0.7615,-0.649754,-0.040283,2.244752,-0.056793,-0.056793,-3.2540,-3.2540,1,1,0.003481,0.00001212
1771742652.427036,15.040000,0.010000,0.003180,0.003051,-0.012168,-0.6972,-0.648481,-0.017151,2.313224,-0.046358,-0.046358,-2.6561,-2.6561,1,1,0.003180,0.00001011
1771742652.437036,15.050000,0.010000,0.002857,0.000612,-0.011063,-0.6339,-0.651695,0.006581,2.373136,-0.041567,-0.041567,-2.3816,-2.3816,1,1,0.002857,0.00000816
1771742652.447036,15.060000,0.010000,0.002523,-0.000000,-0.010041,-0.5753,-0.667049,0.023855,1.727429,-0.029121,-0.029121,-1.6685,-1.6685,1,1,0.002523,0.00000637
1771742652.457036,15.070000,0.010000,0.002187,-0.000001,-0.009152,-0.5244,-0.684347,0.035479,1.162434,0.096071,0.096071,5.5044,5.5044,1,1,0.002187,0.00000478
1771742652.467036,15.080000,0.010000,0.001851,-0.000002,-0.008395,-0.4810,-0.699475,0.047744,1.226506,0.190311,0.190311,10.9040,10.9040,1,1,0.001851,0.00000343
1771742652.477036,15.090000,0.010000,0.001515,-0.000002,-0.007755,-0.4444,-0.713060,0.054986,0.724127,0.157948,0.157948,9.0498,9.0498,1,1,0.001515,0.00000230
1771742652.487036,15.100000,0.010000,0.001180,-0.000003,-0.007225,-0.4139,-0.725575,0.057831,0.284545,0.242698,0.242698,13.9056,13.9056,1,1,0.001180,0.00000139
1771742652.497036,15.110000,0.010000,0.000846,-0.000004,-0.006797,-0.3894,-0.737376,0.063812,0.598043,0.291485,0.291485,16.7009,16.7009,1,1,0.000846,0.00000072
1771742652.507036,15.120000,0.010000,0.000512,-0.000005,-0.006468,-0.3706,-0.748734,0.069305,0.549373,0.260294,0.260294,14.9138,14.9138,1,1,0.000512,0.00000026
1771742652.517036,15.130000,0.010000,0.000179,0.000080,-0.006239,-0.3575,-0.760384,0.070622,0.131635,0.255382,0.255382,14.6323,14.6323,1,1,0.000179,0.00000003
1771742652.527036,15.140000,0.010000,-0.000152,0.000239,-0.006112,-0.3502,-0.772321,0.068283,-0.233885,0.304227,0.304227,17.4309,17.4309,1,1,0.000152,0.00000002
1771742652.537036,15.150000,0.010000,-0.000481,0.000702,-0.006095,-0.3492,-0.786105,0.062746,-0.553715,0.324433,0.324433,18.5886,18.5886,1,1,0.000481,0.00000023
1771742652.547036,15.160000,0.010000,-0.000803,0.001431,-0.006201,-0.3553,-0.801154,0.054410,-0.833567,0.341358,0.341358,19.5584,19.5584,1,1,0.000803,0.00000065
1771742652.557036,15.170000,0.010000,-0.001118,0.002376,-0.006438,-0.3689,-0.816952,0.043626,-1.078437,0.359958,0.359958,20.6241,20.6241,1,1,0.001118,0.00000125
1771742652.567036,15.180000,0.010000,-0.001425,0.003497,-0.006811,-0.3902,-0.833165,0.032977,-1.064911,0.372720,0.372720,21.3553,21.3553,1,1,0.001425,0.00000203
1771742652.577036,15.190000,0.010000,-0.001720,0.004768,-0.007320,-0.4194,-0.849613,0.025214,-0.776221,0.376995,0.376995,21.6002,21.6002,1,1,0.001720,0.00000296
1771742652.587036,15.200000,0.010000,-0.002005,0.006164,-0.007969,-0.4566,-0.866164,0.021913,-0.330128,0.373522,0.373522,21.4012,21.4012,1,1,0.002005,0.00000402
1771742652.597036,15.210000,0.010000,-0.002277,0.007664,-0.008757,-0.5017,-0.882728,0.022515,0.060204,0.358339,0.358339,20.5313,20.5313,1,1,0.002277,0.00000518
1771742652.607036,15.220000,0.010000,-0.002536,0.009243,-0.009684,-0.5548,-0.899210,0.026533,0.401745,0.332610,0.332610,19.0571,19.0571,1,1,0.002536,0.00000643
1771742652.617036,15.230000,0.010000,-0.002781,0.010878,-0.010749,-0.6158,-0.915538,0.033539,0.700592,0.289994,0.289994,16.6154,16.6154,1,1,0.002781,0.00000773
1771742652.627036,15.240000,0.010000,-0.003012,0.012548,-0.011950,-0.6847,-0.931664,0.043159,0.962084,0.229887,0.229887,13.1715,13.1715,1,1,0.003012,0.00000907
1771742652.637036,15.250000,0.010000,-0.003247,0.010100,-0.012979,-0.7436,-0.873842,0.055068,1.190889,0.150535,0.150535,8.6250,8.6250,1,1,0.003247,0.00001054
1771742652.647036,15.260000,0.010000,-0.003497,0.008071,-0.013615,-0.7801,-0.822998,0.068979,1.391094,0.095786,0.095786,5.4882,5.4882,1,1,0.003497,0.00001223
1771742652.657036,15.270000,0.010000,-0.003767,0.004444,-0.013756,-0.7881,-0.741862,0.084642,1.566273,0.065113,0.065113,3.7307,3.7307,1,1,0.003767,0.00001419
1771742652.667036,15.280000,0.010000,-0.004048,0.004427,-0.013533,-0.7754,-0.716913,0.101837,1.719555,0.025694,0.025694,1.4722,1.4722,1,1,0.004048,0.00001638
1771742652.677036,15.290000,0.010000,-0.004344,0.000254,-0.012647,-0.7246,-0.574811,0.120374,1.853676,-0.044039,-0.044039,-2.5232,-2.5232,1,1,0.004344,0.00001887
1771742652.687036,15.300000,0.010000,-0.004628,0.005350,-0.011572,-0.6630,-0.641045,0.140085,1.971033,-0.087378,-0.087378,-5.0064,-5.0064,1,1,0.004628,0.00002142
1771742652.697036,15.310000,0.010000,-0.004916,-0.000007,-0.009547,-0.5470,-0.357029,0.160822,2.073719,-0.148470,-0.148470,-8.5067,-8.5067,1,1,0.004916,0.00002417
1771742652.707036,15.320000,0.010000,-0.005147,0.015704,-0.007599,-0.4354,-0.602580,0.182457,2.163570,-0.127927,-0.127927,-7.3297,-7.3297,1,1,0.005147,0.00002649
1771742652.717036,15.330000,0.010000,-0.005398,-0.002403,-0.004035,-0.2312,-0.014539,0.204879,2.242190,-0.269933,-0.269933,-15.4660,-15.4660,1,1,0.005398,0.00002914
1771742652.727036,15.340000,0.010000,-0.005601,0.020733,-0.000018,-0.0010,-0.380680,0.224062,1.918241,0.040497,0.040497,2.3203,2.3203,1,1,0.005601,0.00003137
1771742652.737036,15.350000,0.010000,-0.005782,0.006555,0.004030,0.2309,-0.076734,0.237630,1.356850,-0.241581,-0.241581,-13.8416,-13.8416,1,1,0.005782,0.00003343
1771742652.747036,15.360000,0.010000,-0.005913,0.029237,0.007678,0.4399,-0.419069,0.246012,0.838178,-0.003554,-0.003554,-0.2036,-0.2036,1,1,0.005913,0.00003496
1771742652.757036,15.370000,0.010000,-0.006061,0.005988,0.012164,0.6970,0.059257,0.249855,0.384340,-0.289332,-0.289332,-16.5775,-16.5775,1,1,0.006061,0.00003673
1771742652.767036,15.380000,0.010000,-0.006175,0.032043,0.016635,0.9531,-0.329078,0.249728,-0.012769,0.058746,0.058746,3.3659,3.3659,1,1,0.006175,0.00003813
1771742652.777036,15.390000,0.010000,-0.006189,0.034011,0.020013,1.1467,-0.281620,0.246125,-0.360238,-0.226093,-0.226093,-12.9542,-12.9542,1,1,0.006189,0.00003830
1771742652.787036,15.400000,0.010000,-0.006120,0.051367,0.022644,1.2974,-0.501220,0.239483,-0.664274,-0.128602,-0.128602,-7.3683,-7.3683,1,1,0.006120,0.00003745
1771742652.797036,15.410000,0.010000,-0.006045,0.037805,0.025934,1.4859,-0.169479,0.230180,-0.930306,-0.262050,-0.262050,-15.0144,-15.0144,1,1,0.006045,0.00003655
1771742652.807036,15.420000,0.010000,-0.005922,0.059581,0.029136,1.6693,-0.460357,0.218549,-1.163084,0.019362,0.019362,1.1094,1.1094,1,1,0.005922,0.00003507
1771742652.817036,15.430000,0.010000,-0.005658,0.074834,0.030669,1.7572,-0.630352,0.204881,-1.366764,-0.134353,-0.134353,-7.6978,-7.6978,1,1,0.005658,0.00003201
1771742652.827036,15.440000,0.010000,-0.005359,0.071686,0.032260,1.8484,-0.494961,0.189431,-1.544984,-0.217924,-0.217924,-12.4861,-12.4861,1,1,0.005359,0.00002872
1771742652.837036,15.450000,0.010000,-0.004999,0.086353,0.033603,1.9253,-0.654778,0.172422,-1.700927,-0.111877,-0.111877,-6.4101,-6.4101,1,1,0.004999,0.00002499
1771742652.847036,15.460000,0.010000,-0.004642,0.085648,0.034635,1.9844,-0.686149,0.154048,-1.837377,-0.210878,-0.210878,-12.0824,-12.0824,1,1,0.004642,0.00002155
1771742652.857036,15.470000,0.010000,-0.004288,0.085086,0.035462,2.0318,-0.706402,0.139854,-1.419395,-0.217563,-0.217563,-12.4655,-12.4655,1,1,0.004288,0.00001839
1771742652.867036,15.480000,0.010000,-0.003935,0.084637,0.036162,2.0719,-0.718260,0.123944,-1.591037,-0.227709,-0.227709,-13.0468,-13.0468,1,1,0.003935,0.00001549
1771742652.877036,15.490000,0.010000,-0.003584,0.084273,0.036794,2.1082,-0.723722,0.108007,-1.593721,-0.224119,-0.224119,-12.8411,-12.8411,1,1,0.003584,0.00001285
1771742652.887036,15.500000,0.010000,-0.003234,0.083972,0.037405,2.1432,-0.724278,0.090571,-1.743572,-0.226333,-0.226333,-12.9679,-12.9679,1,1,0.003234,0.00001046
1771742652.897036,15.510000,0.010000,-0.002885,0.083720,0.038030,2.1790,-0.721038,0.078805,-1.176559,-0.247546,-0.247546,-14.1833,-14.1833,1,1,0.002885,0.00000832
1771742652.907036,15.520000,0.010000,-0.002537,0.083506,0.038696,2.2171,-0.714828,0.065020,-1.378555,-0.227867,-0.227867,-13.0558,-13.0558,1,1,0.002537,0.00000644
1771742652.917036,15.530000,0.010000,-0.002190,0.083319,0.039424,2.2588,-0.706259,0.049467,-1.555302,-0.238166,-0.238166,-13.6459,-13.6459,1,1,0.002190,0.00000480
1771742652.927036,15.540000,0.010000,-0.001844,0.083155,0.040232,2.3051,-0.695785,0.032367,-1.709955,-0.276523,-0.276523,-15.8436,-15.8436,1,1,0.001844,0.00000340
1771742652.937036,15.550000,0.010000,-0.001498,0.083009,0.041134,2.3568,-0.683737,0.020896,-1.147145,-0.278580,-0.278580,-15.9614,-15.9614,1,1,0.001498,0.00000224
1771742652.947036,15.560000,0.010000,-0.001152,0.082877,0.042141,2.4145,-0.670360,0.007368,-1.352817,-0.202896,-0.202896,-11.6251,-11.6251,1,1,0.001152,0.00000133
1771742652.957036,15.570000,0.010000,-0.000808,0.082757,0.043265,2.4789,-0.655829,-0.007960,-1.532781,-0.204987,-0.204987,-11.7449,-11.7449,1,1,0.000808,0.00000065
1771742652.967036,15.580000,0.010000,-0.000463,0.082648,0.044513,2.5504,-0.640271,-0.020950,-1.298957,-0.196227,-0.196227,-11.2430,-11.2430,1,1,0.000463,0.00000021
1771742652.977036,15.590000,0.010000,-0.000125,0.081092,0.044888,2.5719,-0.731713,-0.035806,-1.485654,-0.139721,-0.139721,-8.0054,-8.0054,1,1,0.000125,0.00000002
1771742652.987036,15.600000,0.010000,0.000211,0.080718,0.045206,2.5901,-0.735786,-0.052296,-1.649013,-0.215545,-0.215545,-12.3498,-12.3498,1,1,0.000211,0.00000004
1771742652.997036,15.610000,0.010000,0.000541,0.079057,0.044576,2.5540,-0.835661,-0.070216,-1.791952,-0.202707,-0.202707,-11.6143,-11.6143,1,1,0.000541,0.00000029
1771742653.007036,15.620000,0.010000,0.000868,0.078652,0.043869,2.5135,-0.842259,-0.089386,-1.917024,-0.220068,-0.220068,-12.6090,-12.6090,1,1,0.000868,0.00000075
1771742653.017036,15.630000,0.010000,0.001190,0.077162,0.042328,2.4252,-0.930078,-0.106504,-1.711829,-0.163660,-0.163660,-9.3770,-9.3770,1,1,0.001190,0.00000142
1771742653.027036,15.640000,0.010000,0.001510,0.076776,0.040725,2.3334,-0.935401,-0.124135,-1.763020,-0.132612,-0.132612,-7.5981,-7.5981,1,1,0.001510,0.00000228
1771742653.037036,15.650000,0.010000,0.001825,0.075658,0.038547,2.2086,-0.995865,-0.137101,-1.296651,-0.088204,-0.088204,-5.0537,-5.0537,1,1,0.001825,0.00000333
1771742653.047036,15.660000,0.010000,0.002139,0.075339,0.036354,2.0829,-0.996241,-0.149734,-1.263307,-0.043734,-0.043734,-2.5058,-2.5058,1,1,0.002139,0.00000458
1771742653.057036,15.670000,0.010000,0.002448,0.074074,0.033480,1.9183,-1.068198,-0.164279,-1.454460,0.009735,0.009735,0.5578,0.5578,1,1,0.002448,0.00000599
1771742653.067036,15.680000,0.010000,0.002755,0.073825,0.030642,1.7557,-1.063473,-0.178566,-1.428758,0.111802,0.111802,6.4058,6.4058,1,1,0.002755,0.00000759
1771742653.077036,15.690000,0.010000,0.003059,0.072967,0.027408,1.5704,-1.104949,-0.187577,-0.901097,0.141589,0.141589,8.1125,8.1125,1,1,0.003059,0.00000936
1771742653.087036,15.700000,0.010000,0.003349,0.071368,0.024578,1.4082,-1.060875,-0.191971,-0.439394,0.111971,0.111971,6.4154,6.4154,1,1,0.003349,0.00001121
1771742653.097036,15.710000,0.010000,0.003650,0.072258,0.021259,1.2180,-1.112433,-0.192503,-0.053201,0.029891,0.029891,1.7126,1.7126,1,1,0.003650,0.00001332
1771742653.107036,15.720000,0.010000,0.003873,0.063821,0.019340,1.1081,-0.961351,-0.189478,0.302515,-0.041669,-0.041669,-2.3874,-2.3874,1,1,0.003873,0.00001500
1771742653.117036,15.730000,0.010000,0.004167,0.070404,0.015069,0.8634,-1.213081,-0.190322,-0.084365,-0.063672,-0.063672,-3.6481,-3.6481,1,1,0.004167,0.00001736
1771742653.127036,15.740000,0.010000,0.004329,0.056108,0.013043,0.7473,-0.971676,-0.191870,-0.154820,0.060267,0.060267,3.4531,3.4531,1,1,0.004329,0.00001874
1771742653.137036,15.750000,0.010000,0.004618,0.069461,0.008567,0.4909,-1.234159,-0.195395,-0.352476,0.178337,0.178337,10.2180,10.2180,1,1,0.004618,0.00002132
1771742653.147036,15.760000,0.010000,0.004764,0.053907,0.006417,0.3677,-0.984230,-0.194988,0.040650,0.158568,0.158568,9.0853,9.0853,1,1,0.004764,0.00002270
1771742653.157036,15.770000,0.010000,0.004962,0.059220,0.003098,0.1775,-1.109384,-0.191142,0.384634,0.179411,0.179411,10.2795,10.2795,1,1,0.004962,0.00002462
1771742653.167036,15.780000,0.010000,0.005035,0.045419,0.001705,0.0977,-0.902447,-0.184286,0.685621,0.069336,0.069336,3.9727,3.9727,1,1,0.005035,0.00002535
1771742653.177036,15.790000,0.010000,0.005188,0.053747,-0.001439,-0.0824,-1.090451,-0.174796,0.948984,0.055391,0.055391,3.1737,3.1737,1,1,0.005188,0.00002691
1771742653.187036,15.800000,0.010000,0.005215,0.039859,-0.002724,-0.1561,-0.890954,-0.163002,1.179427,0.017481,0.017481,1.0016,1.0016,1,1,0.005215,0.00002719
1771742653.197036,15.810000,0.010000,0.005192,0.034226,-0.003537,-0.2027,-0.840441,-0.149191,1.381064,-0.005009,-0.005009,-0.2870,-0.2870,1,1,0.005192,0.00002696
1771742653.207036,15.820000,0.010000,0.005124,0.029081,-0.003962,-0.2270,-0.799897,-0.133616,1.557497,-0.046226,-0.046226,-2.6485,-2.6485,1,1,0.005124,0.00002625
1771742653.217036,15.830000,0.010000,0.004993,0.022128,-0.003705,-0.2123,-0.727714,-0.116497,1.711876,-0.080595,-0.080595,-4.6178,-4.6178,1,1,0.004993,0.00002493
1771742653.227036,15.840000,0.010000,0.004833,0.018736,-0.003345,-0.1917,-0.717244,-0.098199,1.829853,-0.168971,-0.168971,-9.6813,-9.6813,1,1,0.004833,0.00002336
1771742653.237036,15.850000,0.010000,0.004619,0.012687,-0.002421,-0.1387,-0.657932,-0.085678,1.252056,-0.178297,-0.178297,-10.2156,-10.2156,1,1,0.004619,0.00002134
1771742653.247036,15.860000,0.010000,0.004404,0.012488,-0.001875,-0.1074,-0.699060,-0.078213,0.746483,-0.145243,-0.145243,-8.3218,-8.3218,1,1,0.004404,0.00001940
1771742653.257036,15.870000,0.010000,0.004144,0.007480,-0.000876,-0.0502,-0.652237,-0.068191,1.002238,-0.015752,-0.015752,-0.9025,-0.9025,1,1,0.004144,0.00001718
1771742653.267036,15.880000,0.010000,0.003851,0.003786,0.000387,0.0222,-0.625090,-0.055931,1.226024,-0.092598,-0.092598,-5.3055,-5.3055,1,1,0.003851,0.00001483
1771742653.277036,15.890000,0.010000,0.003533,0.001079,0.001794,0.1028,-0.611161,-0.041712,1.421837,-0.146952,-0.146952,-8.4197,-8.4197,1,1,0.003533,0.00001248
1771742653.287036,15.900000,0.010000,0.003201,0.000001,0.003238,0.1855,-0.611526,-0.025781,1.593173,-0.167392,-0.167392,-9.5909,-9.5909,1,1,0.003201,0.00001025
1771742653.297036,15.910000,0.010000,0.002866,0.000000,0.004640,0.2658,-0.619595,-0.013891,1.188956,-0.129198,-0.129198,-7.4025,-7.4025,1,1,0.002866,0.00000821
1771742653.307036,15.920000,0.010000,0.002531,-0.000000,0.005976,0.3424,-0.626933,-0.005231,0.866031,-0.070790,-0.070790,-4.0560,-4.0560,1,1,0.002531,0.00000641
1771742653.317036,15.930000,0.010000,0.002197,-0.000001,0.007250,0.4154,-0.633768,-0.001144,0.408711,-0.012736,-0.012736,-0.7297,-0.7297,1,1,0.002197,0.00000483
1771742653.327036,15.940000,0.010000,0.001864,0.000039,0.008464,0.4849,-0.640519,-0.001058,0.008557,0.032933,0.032933,1.8869,1.8869,1,1,0.001864,0.00000347
1771742653.337036,15.950000,0.010000,0.001533,0.000265,0.009614,0.5508,-0.648195,-0.004474,-0.341579,0.095845,0.095845,5.4915,5.4915,1,1,0.001533,0.00000235
1771742653.347036,15.960000,0.010000,0.001206,0.000880,0.010688,0.6124,-0.657913,-0.010953,-0.647947,0.168438,0.168438,9.6508,9.6508,1,1,0.001206,0.00000145
1771742653.357036,15.970000,0.010000,0.000887,0.001863,0.011672,0.6688,-0.669119,-0.020114,-0.916020,0.245440,0.245440,14.0627,14.0627,1,1,0.000887,0.00000079
1771742653.367036,15.980000,0.010000,0.000577,0.003153,0.012559,0.7196,-0.681143,-0.031619,-1.150583,0.297308,0.297308,17.0345,17.0345,1,1,0.000577,0.00000033
1771742653.377036,15.990000,0.010000,0.000280,0.004713,0.013344,0.7645,-0.693586,-0.045178,-1.355826,0.320774,0.320774,18.3790,18.3790,1,1,0.000280,0.00000008
1771742653.387036,16.000000,0.010000,-0.000002,0.006512,0.014023,0.8035,-0.706229,-0.053550,-0.837282,0.338360,0.338360,19.3866,19.3866,1,1,0.000002,0.00000000
1771742653.397036,16.010000,0.010000,-0.000269,0.008523,0.014598,0.8364,-0.718846,-0.058431,-0.488089,0.304921,0.304921,17.4707,17.4707,1,1,0.000269,0.00000007
1771742653.407036,16.020000,0.010000,-0.000517,0.010716,0.015068,0.8633,-0.731245,-0.066193,-0.776144,0.267811,0.267811,15.3444,15.3444,1,1,0.000517,0.00000027
1771742653.417036,16.030000,0.010000,-0.000737,0.014084,0.015265,0.8746,-0.761742,-0.076475,-1.028191,0.307601,0.307601,17.6243,17.6243,1,1,0.000737,0.00000054
1771742653.427036,16.040000,0.010000,-0.000939,0.016185,0.015425,0.8838,-0.766869,-0.083065,-0.659047,0.346405,0.346405,19.8475,19.8475,1,1,0.000939,0.00000088
1771742653.437036,16.050000,0.010000,-0.001121,0.018731,0.015491,0.8876,-0.777795,-0.085341,-0.227600,0.312785,0.312785,17.9212,17.9212,1,1,0.001121,0.00000126
1771742653.447036,16.060000,0.010000,-0.001283,0.021118,0.015509,0.8886,-0.783919,-0.083842,0.149916,0.232880,0.232880,13.3430,13.3430,1,1,0.001283,0.00000165
1771742653.457036,16.070000,0.010000,-0.001424,0.023636,0.015470,0.8864,-0.790764,-0.079040,0.480242,0.105852,0.105852,6.0649,6.0649,1,1,0.001424,0.00000203
1771742653.467036,16.080000,0.010000,-0.001544,0.026239,0.015373,0.8808,-0.797764,-0.071347,0.769278,0.013633,0.013633,0.7811,0.7811,1,1,0.001544,0.00000238
1771742653.477036,16.090000,0.010000,-0.001641,0.028889,0.015218,0.8719,-0.804540,-0.061125,1.022184,-0.012905,-0.012905,-0.7394,-0.7394,1,1,0.001641,0.00000269
1771742653.487036,16.100000,0.010000,-0.001717,0.031554,0.015009,0.8600,-0.810836,-0.048690,1.243477,0.019206,0.019206,1.1004,1.1004,1,1,0.001717,0.00000295
1771742653.497036,16.110000,0.010000,-0.001770,0.034209,0.014751,0.8452,-0.816479,-0.034319,1.437108,0.084229,0.084229,4.8260,4.8260,1,1,0.001770,0.00000313
1771742653.507036,16.120000,0.010000,-0.001801,0.036831,0.014451,0.8280,-0.821354,-0.018254,1.606535,0.196580,0.196580,11.2632,11.2632,1,1,0.001801,0.00000324
1771742653.517036,16.130000,0.010000,-0.001811,0.039401,0.014115,0.8087,-0.825381,-0.000706,1.754784,0.271540,0.271540,15.5581,15.5581,1,1,0.001811,0.00000328
1771742653.527036,16.140000,0.010000,-0.001799,0.041900,0.013751,0.7879,-0.828505,0.018139,1.884502,0.269197,0.269197,15.4239,15.4239,1,1,0.001799,0.00000324
1771742653.537036,16.150000,0.010000,-0.001768,0.044313,0.013367,0.7659,-0.830696,0.038119,1.998005,0.211012,0.211012,12.0901,12.0901,1,1,0.001768,0.00000313
1771742653.547036,16.160000,0.010000,-0.001717,0.046627,0.012971,0.7432,-0.831936,0.059092,2.097320,0.080691,0.080691,4.6233,4.6233,1,1,0.001717,0.00000295
1771742653.557036,16.170000,0.010000,-0.001647,0.048829,0.012571,0.7203,-0.832221,0.080935,2.184221,-0.122282,-0.122282,-7.0062,-7.0062,1,1,0.001647,0.00000271
1771742653.567036,16.180000,0.010000,-0.001560,0.050910,0.012174,0.6975,-0.831554,0.103537,2.260259,-0.240058,-0.240058,-13.7543,-13.7543,1,1,0.001560,0.00000243
1771742653.577036,16.190000,0.010000,-0.001491,0.044566,0.012409,0.7110,-0.681224,0.119824,1.628661,-0.306239,-0.306239,-17.5462,-17.5462,1,1,0.001491,0.00000222
1771742653.587036,16.200000,0.010000,-0.001422,0.049325,0.012950,0.7420,-0.730350,0.130584,1.076013,-0.279866,-0.279866,-16.0352,-16.0352,1,1,0.001422,0.00000202
1771742653.597036,16.210000,0.010000,-0.001329,0.050938,0.013360,0.7655,-0.722848,0.136508,0.592445,-0.272266,-0.272266,-15.5997,-15.5997,1,1,0.001329,0.00000177
1771742653.607036,16.220000,0.010000,-0.001220,0.053164,0.013785,0.7898,-0.726613,0.138202,0.169324,-0.246859,-0.246859,-14.1440,-14.1440,1,1,0.001220,0.00000149
1771742653.617036,16.230000,0.010000,-0.001089,0.056376,0.014112,0.8086,-0.748457,0.136192,-0.200908,-0.217507,-0.217507,-12.4623,-12.4623,1,1,0.001089,0.00000118
1771742653.627036,16.240000,0.010000,-0.000933,0.059252,0.014303,0.8195,-0.765028,0.130944,-0.524860,-0.187321,-0.187321,-10.7327,-10.7327,1,1,0.000933,0.00000087
1771742653.637036,16.250000,0.010000,-0.000763,0.060247,0.014512,0.8315,-0.749015,0.129842,-0.110187,-0.153049,-0.153049,-8.7691,-8.7691,1,1,0.000763,0.00000058
1771742653.647036,16.260000,0.010000,-0.000579,0.062619,0.014741,0.8446,-0.759040,0.132369,0.252653,-0.190606,-0.190606,-10.9209,-10.9209,1,1,0.000579,0.00000034
1771742653.657036,16.270000,0.010000,-0.000397,0.059987,0.015272,0.8750,-0.680495,0.138070,0.570137,-0.246361,-0.246361,-14.1155,-14.1155,1,1,0.000397,0.00000016
1771742653.667036,16.280000,0.010000,-0.000210,0.063135,0.015967,0.9149,-0.706860,0.146549,0.847936,-0.297740,-0.297740,-17.0593,-17.0593,1,1,0.000210,0.00000004
1771742653.677036,16.290000,0.010000,-0.000012,0.062950,0.016720,0.9580,-0.674000,0.150478,0.392878,-0.334871,-0.334871,-19.1867,-19.1867,1,1,0.000012,0.00000000
1771742653.687036,16.300000,0.010000,0.000196,0.065661,0.017510,1.0032,-0.694053,0.150425,-0.005298,-0.317009,-0.317009,-18.1633,-18.1633,1,1,0.000196,0.00000004
1771742653.697036,16.310000,0.010000,0.000424,0.067677,0.018207,1.0432,-0.702466,0.146888,-0.353701,-0.289204,-0.289204,-16.5701,-16.5701,1,1,0.000424,0.00000018
1771742653.707036,16.320000,0.010000,0.000664,0.069192,0.018885,1.0821,-0.703052,0.140303,-0.658555,-0.252020,-0.252020,-14.4397,-14.4397,1,1,0.000664,0.00000044
1771742653.717036,16.330000,0.010000,0.000915,0.070337,0.019593,1.1226,-0.698304,0.131049,-0.925301,-0.220077,-0.220077,-12.6095,-12.6095,1,1,0.000915,0.00000084
1771742653.727036,16.340000,0.010000,0.001174,0.071196,0.020363,1.1667,-0.689837,0.119462,-1.158704,-0.203840,-0.203840,-11.6792,-11.6792,1,1,0.001174,0.00000138
1771742653.737036,16.350000,0.010000,0.001438,0.071833,0.021220,1.2158,-0.678746,0.105833,-1.362932,-0.204881,-0.204881,-11.7388,-11.7388,1,1,0.001438,0.00000207
1771742653.747036,16.360000,0.010000,0.001707,0.072295,0.022181,1.2709,-0.665761,0.090417,-1.541631,-0.227093,-0.227093,-13.0115,-13.0115,1,1,0.001707,0.00000291
1771742653.757036,16.370000,0.010000,0.001978,0.072610,0.023259,1.3326,-0.651329,0.073437,-1.697993,-0.268111,-0.268111,-15.3616,-15.3616,1,1,0.001978,0.00000391
1771742653.767036,16.380000,0.010000,0.002252,0.072808,0.024462,1.4016,-0.635793,0.055089,-1.834810,-0.256688,-0.256688,-14.7071,-14.7071,1,1,0.002252,0.00000507
1771742653.777036,16.390000,0.010000,0.002527,0.072907,0.025800,1.4782,-0.619341,0.035544,-1.954525,-0.231701,-0.231701,-13.2755,-13.2755,1,1,0.002527,0.00000638
1771742653.787036,16.400000,0.010000,0.002802,0.072934,0.027277,1.5629,-0.602178,0.014951,-2.059275,-0.210619,-0.210619,-12.0676,-12.0676,1,1,0.002802,0.00000785
1771742653.797036,16.410000,0.010000,0.003074,0.072589,0.028914,1.6566,-0.582845,-0.006559,-2.150931,-0.171952,-0.171952,-9.8521,-9.8521,1,1,0.003074,0.00000945
1771742653.807036,16.420000,0.010000,0.003375,0.075323,0.029747,1.7044,-0.666820,-0.028870,-2.231131,-0.100615,-0.100615,-5.7648,-5.7648,1,1,0.003375,0.00001139
1771742653.817036,16.430000,0.010000,0.003692,0.076814,0.030169,1.7285,-0.708787,-0.051883,-2.301305,-0.166081,-0.166081,-9.5157,-9.5157,1,1,0.003692,0.00001363
1771742653.827036,16.440000,0.010000,0.004009,0.076071,0.029764,1.7054,-0.795318,-0.075510,-2.362708,-0.119419,-0.119419,-6.8422,-6.8422,1,1,0.004009,0.00001607
1771742653.837036,16.450000,0.010000,0.004323,0.075289,0.029026,1.6631,-0.829225,-0.097574,-2.206371,-0.082862,-0.082862,-4.7476,-4.7476,1,1,0.004323,0.00001869
1771742653.847036,16.460000,0.010000,0.004632,0.074266,0.027781,1.5917,-0.881867,-0.113389,-1.581509,-0.012581,-0.012581,-0.7208,-0.7208,1,1,0.004632,0.00002146
1771742653.857036,16.470000,0.010000,0.004940,0.073869,0.026475,1.5169,-0.886783,-0.124695,-1.130642,-0.011521,-0.011521,-0.6601,-0.6601,1,1,0.004940,0.00002440
1771742653.867036,16.480000,0.010000,0.005244,0.072951,0.024735,1.4172,-0.931789,-0.134718,-1.002319,-0.013387,-0.013387,-0.7670,-0.7670,1,1,0.005244,0.00002750
1771742653.877036,16.490000,0.010000,0.005546,0.072468,0.022872,1.3105,-0.943466,-0.146265,-1.154687,0.033159,0.033159,1.8999,1.8999,1,1,0.005546,0.00003076
1771742653.887036,16.500000,0.010000,0.005843,0.071407,0.020469,1.1728,-1.000071,-0.159859,-1.359417,0.123470,0.123470,7.0743,7.0743,1,1,0.005843,0.00003415
1771742653.897036,16.510000,0.010000,0.006130,0.069996,0.018113,1.0378,-0.993760,-0.171963,-1.210356,0.212488,0.212488,12.1746,12.1746,1,1,0.006130,0.00003758
1771742653.907036,16.520000,0.010000,0.006423,0.070207,0.015286,0.8758,-1.043259,-0.179430,-0.746723,0.230307,0.230307,13.1956,13.1956,1,1,0.006423,0.00004125
1771742653.917036,16.530000,0.010000,0.006654,0.063317,0.013285,0.7612,-0.953356,-0.183329,-0.389858,0.174742,0.174742,10.0120,10.0120,1,1,0.006654,0.00004428
1771742653.927036,16.540000,0.010000,0.006941,0.068736,0.009791,0.5610,-1.112794,-0.183249,0.007940,0.157929,0.157929,9.0487,9.0487,1,1,0.006941,0.00004817
1771742653.937036,16.550000,0.010000,0.007075,0.051947,0.008630,0.4945,-0.861371,-0.179689,0.356013,0.004910,0.004910,0.2813,0.2813,1,1,0.007075,0.00005005
1771742653.947036,16.560000,0.010000,0.007354,0.067026,0.004213,0.2414,-1.210703,-0.177988,0.170110,0.009034,0.009034,0.5176,0.5176,1,1,0.007354,0.00005408
1771742653.957036,16.570000,0.010000,0.007457,0.047585,0.002459,0.1409,-0.924114,-0.173009,0.497912,0.047022,0.047022,2.6942,2.6942,1,1,0.007457,0.00005561
1771742653.967036,16.580000,0.010000,0.007529,0.043837,0.000761,0.0436,-0.917861,-0.165162,0.784739,0.025220,0.025220,1.4450,1.4450,1,1,0.007529,0.00005669
1771742653.977036,16.590000,0.010000,0.007520,0.034714,-0.000033,-0.0019,-0.820865,-0.154805,1.035712,-0.028622,-0.028622,-1.6399,-1.6399,1,1,0.007520,0.00005655
1771742653.987036,16.600000,0.010000,0.007526,0.035910,-0.001617,-0.0926,-0.906155,-0.142251,1.255314,-0.082146,-0.082146,-4.7066,-4.7066,1,1,0.007526,0.00005664
1771742653.997036,16.610000,0.010000,0.007406,0.022096,-0.001554,-0.0890,-0.731037,-0.127777,1.447466,-0.089659,-0.089659,-5.1371,-5.1371,1,1,0.007406,0.00005485
1771742654.007036,16.620000,0.010000,0.007295,0.022613,-0.002194,-0.1257,-0.806632,-0.111621,1.615598,-0.175612,-0.175612,-10.0618,-10.0618,1,1,0.007295,0.00005321
1771742654.017036,16.630000,0.010000,0.007079,0.011097,-0.001556,-0.0891,-0.671503,-0.093994,1.762714,-0.133431,-0.133431,-7.6450,-7.6450,1,1,0.007079,0.00005011
1771742654.027036,16.640000,0.010000,0.006796,0.003592,-0.000289,-0.0166,-0.604915,-0.075079,1.891441,-0.237026,-0.237026,-13.5806,-13.5806,1,1,0.006796,0.00004619
1771742654.037036,16.650000,0.010000,0.006475,0.000006,0.001207,0.0691,-0.586796,-0.055038,2.004077,-0.272618,-0.272618,-15.6199,-15.6199,1,1,0.006475,0.00004193
1771742654.047036,16.660000,0.010000,0.006131,0.000005,0.002970,0.1702,-0.575628,-0.034012,2.102633,-0.267213,-0.267213,-15.3102,-15.3102,1,1,0.006131,0.00003759
1771742654.057036,16.670000,0.010000,0.005789,0.000005,0.004800,0.2750,-0.567687,-0.012123,2.188870,-0.238862,-0.238862,-13.6858,-13.6858,1,1,0.005789,0.00003351
1771742654.067036,16.680000,0.010000,0.005448,0.000004,0.006674,0.3824,-0.562163,0.003539,1.566195,-0.172335,-0.172335,-9.8741,-9.8741,1,1,0.005448,0.00002968
1771742654.077036,16.690000,0.010000,0.005108,0.000003,0.008576,0.4914,-0.558452,0.013752,1.021355,-0.085121,-0.085121,-4.8771,-4.8771,1,1,0.005108,0.00002610
1771742654.087036,16.700000,0.010000,0.004770,0.000003,0.010496,0.6013,-0.556102,0.019198,0.544620,-0.063712,-0.063712,-3.6504,-3.6504,1,1,0.004770,0.00002275
1771742654.097036,16.710000,0.010000,0.004433,0.000002,0.012423,0.7118,-0.554775,0.020473,0.127476,-0.051803,-0.051803,-2.9681,-2.9681,1,1,0.004433,0.00001965
1771742654.107036,16.720000,0.010000,0.004096,0.000002,0.014351,0.8222,-0.554218,0.018098,-0.237524,-0.033880,-0.033880,-1.9412,-1.9412,1,1,0.004096,0.00001678
1771742654.117036,16.730000,0.010000,0.003761,0.000001,0.016275,0.9325,-0.554245,0.012529,-0.556899,0.007710,0.007710,0.4417,0.4417,1,1,0.003761,0.00001415
1771742654.127036,16.740000,0.010000,0.003427,0.000001,0.018191,1.0422,-0.554714,0.004165,-0.836353,0.068989,0.068989,3.9528,3.9528,1,1,0.003427,0.00001175
1771742654.137036,16.750000,0.010000,0.003094,0.000051,0.020093,1.1513,-0.555828,-0.006643,-1.080875,0.157871,0.157871,9.0453,9.0453,1,1,0.003094,0.00000957
1771742654.147036,16.760000,0.010000,0.002780,0.001997,0.021693,1.2429,-0.588503,-0.019592,-1.294831,0.221710,0.221710,12.7031,12.7031,1,1,0.002780,0.00000773
1771742654.157036,16.770000,0.010000,0.002511,0.007184,0.022515,1.2900,-0.673437,-0.034412,-1.482043,0.260064,0.260064,14.9006,14.9006,1,1,0.002511,0.00000631
1771742654.167036,16.780000,0.010000,0.002238,0.006835,0.023516,1.3474,-0.655765,-0.050871,-1.645854,0.302817,0.302817,17.3501,17.3501,1,1,0.002238,0.00000501
1771742654.177036,16.790000,0.010000,0.002082,0.019688,0.022531,1.2909,-0.870063,-0.068763,-1.789188,0.315202,0.315202,18.0597,18.0597,1,1,0.002082,0.00000434
1771742654.187036,16.800000,0.010000,0.001886,0.015467,0.022409,1.2839,-0.778689,-0.087909,-1.914605,0.376882,0.376882,21.5937,21.5937,1,1,0.001886,0.00000356
1771742654.197036,16.810000,0.010000,0.001761,0.023392,0.021137,1.2111,-0.903228,-0.101171,-1.326214,0.371573,0.371573,21.2896,21.2896,1,1,0.001761,0.00000310
1771742654.207036,16.820000,0.010000,0.001595,0.019003,0.020767,1.1899,-0.807717,-0.109285,-0.811371,0.389055,0.389055,22.2912,22.2912,1,1,0.001595,0.00000254
1771742654.217036,16.830000,0.010000,0.001505,0.027419,0.019165,1.0981,-0.940862,-0.112893,-0.360884,0.345409,0.345409,19.7905,19.7905,1,1,0.001505,0.00000226
1771742654.227036,16.840000,0.010000,0.001369,0.022669,0.018522,1.0613,-0.839223,-0.112560,0.033293,0.269373,0.269373,15.4339,15.4339,1,1,0.001369,0.00000187
1771742654.237036,16.850000,0.010000,0.001232,0.022681,0.018044,1.0338,-0.822675,-0.108778,0.378197,0.166000,0.166000,9.5111,9.5111,1,1,0.001232,0.00000152
1771742654.247036,16.860000,0.010000,0.001088,0.022067,0.017840,1.0222,-0.794221,-0.101979,0.679988,0.051396,0.051396,2.9448,2.9448,1,1,0.001088,0.00000118
1771742654.257036,16.870000,0.010000,0.000938,0.021699,0.017879,1.0244,-0.769033,-0.092538,0.944055,-0.032910,-0.032910,-1.8856,-1.8856,1,1,0.000938,0.00000088
1771742654.267036,16.880000,0.010000,0.000782,0.021147,0.018206,1.0431,-0.738969,-0.080787,1.175114,-0.093397,-0.093397,-5.3512,-5.3512,1,1,0.000782,0.00000061
1771742654.277036,16.890000,0.010000,0.000627,0.021419,0.018700,1.0715,-0.721651,-0.067014,1.377291,-0.110560,-0.110560,-6.3346,-6.3346,1,1,0.000627,0.00000039
1771742654.287036,16.900000,0.010000,0.000477,0.022274,0.019286,1.1050,-0.712497,-0.051472,1.554195,-0.122067,-0.122067,-6.9939,-6.9939,1,1,0.000477,0.00000023
1771742654.297036,16.910000,0.010000,0.000338,0.023546,0.019915,1.1410,-0.708491,-0.034382,1.708987,-0.064848,-0.064848,-3.7155,-3.7155,1,1,0.000338,0.00000011
1771742654.307036,16.920000,0.010000,0.000211,0.025124,0.020556,1.1778,-0.707637,-0.015938,1.844429,0.070242,0.070242,4.0246,4.0246,1,1,0.000211,0.00000004
1771742654.317036,16.930000,0.010000,0.000098,0.026927,0.021193,1.2143,-0.708611,0.003692,1.962941,0.175531,0.175531,10.0572,10.0572,1,1,0.000098,0.00000001
1771742654.327036,16.940000,0.010000,0.000002,0.028899,0.021815,1.2499,-0.710545,0.024358,2.066640,0.229113,0.229113,13.1272,13.1272,1,1,0.000002,0.00000000
1771742654.337036,16.950000,0.010000,-0.000077,0.030997,0.022419,1.2845,-0.712848,0.045932,2.157376,0.232884,0.232884,13.3433,13.3433,1,1,0.000077,0.00000001
1771742654.347036,16.960000,0.010000,-0.000138,0.033187,0.023003,1.3180,-0.715097,0.068299,2.236769,0.110781,0.110781,6.3473,6.3473,1,1,0.000138,0.00000002
1771742654.357036,16.970000,0.010000,-0.000181,0.035442,0.023570,1.3505,-0.717004,0.091362,2.306239,-0.102531,-0.102531,-5.8746,-5.8746,1,1,0.000181,0.00000003
1771742654.367036,16.980000,0.010000,-0.000204,0.037737,0.024125,1.3823,-0.718366,0.108051,1.668893,-0.254392,-0.254392,-14.5756,-14.5756,1,1,0.000204,0.00000004
1771742654.377036,16.990000,0.010000,-0.000208,0.040055,0.024673,1.4137,-0.719041,0.119163,1.111216,-0.245765,-0.245765,-14.0813,-14.0813,1,1,0.000208,0.00000004
1771742654.387036,17.000000,0.010000,-0.000193,0.042379,0.025221,1.4450,-0.718926,0.125395,0.623248,-0.208400,-0.208400,-11.9404,-11.9404,1,1,0.000193,0.00000004
1771742654.397036,17.010000,0.010000,-0.000158,0.044694,0.025774,1.4767,-0.717948,0.127358,0.196276,-0.162803,-0.162803,-9.3279,-9.3279,1,1,0.000158,0.00000003
1771742654.407036,17.020000,0.010000,-0.000105,0.046986,0.026342,1.5093,-0.716048,0.125585,-0.177324,-0.099505,-0.099505,-5.7012,-5.7012,1,1,0.000105,0.00000001
1771742654.417036,17.030000,0.010000,-0.000032,0.049245,0.026931,1.5430,-0.713187,0.120543,-0.504225,-0.075799,-0.075799,-4.3430,-4.3430,1,1,0.000032,0.00000000
1771742654.427036,17.040000,0.010000,0.000059,0.051460,0.027550,1.5785,-0.709332,0.112640,-0.790262,-0.078500,-0.078500,-4.4977,-4.4977,1,1,0.000059,0.00000000
1771742654.437036,17.050000,0.010000,0.000169,0.053622,0.028208,1.6162,-0.704460,0.107340,-0.529972,-0.102228,-0.102228,-5.8572,-5.8572,1,1,0.000169,0.00000003
1771742654.447036,17.060000,0.010000,0.000296,0.055724,0.028913,1.6566,-0.698553,0.106194,-0.114659,-0.055729,-0.055729,-3.1930,-3.1930,1,1,0.000296,0.00000009
1771742654.457036,17.070000,0.010000,0.000440,0.057759,0.029674,1.7002,-0.691601,0.108681,0.248739,-0.000055,-0.000055,-0.0031,-0.0031,1,1,0.000440,0.00000019
1771742654.467036,17.080000,0.010000,0.000600,0.059722,0.030499,1.7475,-0.683595,0.114348,0.566712,-0.060411,-0.060411,-3.4613,-3.4613,1,1,0.000600,0.00000036
1771742654.477036,17.090000,0.010000,0.000777,0.061610,0.031397,1.7989,-0.674531,0.115816,0.146807,-0.151273,-0.151273,-8.6673,-8.6673,1,1,0.000777,0.00000060
1771742654.487036,17.100000,0.010000,0.000969,0.063430,0.032377,1.8550,-0.664633,0.113610,-0.220609,-0.121454,-0.121454,-6.9588,-6.9588,1,1,0.000969,0.00000094
1771742654.497036,17.110000,0.010000,0.001175,0.065170,0.033445,1.9163,-0.653664,0.108189,-0.542099,-0.116915,-0.116915,-6.6987,-6.6987,1,1,0.001175,0.00000138
1771742654.507036,17.120000,0.010000,0.001395,0.066826,0.034611,1.9831,-0.641617,0.099955,-0.823403,-0.121773,-0.121773,-6.9771,-6.9771,1,1,0.001395,0.00000195
1771742654.517036,17.130000,0.010000,0.001629,0.068406,0.035884,2.0560,-0.628529,0.089260,-1.069543,-0.158708,-0.158708,-9.0933,-9.0933,1,1,0.001629,0.00000265
1771742654.527036,17.140000,0.010000,0.001872,0.069487,0.037291,2.1366,-0.612036,0.076411,-1.284916,-0.164535,-0.164535,-9.4271,-9.4271,1,1,0.001872,0.00000351
1771742654.537036,17.150000,0.010000,0.002119,0.069964,0.038862,2.2266,-0.592464,0.061677,-1.473367,-0.145957,-0.145957,-8.3627,-8.3627,1,1,0.002119,0.00000449
1771742654.547036,17.160000,0.010000,0.002370,0.070405,0.040594,2.3259,-0.573155,0.045294,-1.638262,-0.126977,-0.126977,-7.2753,-7.2753,1,1,0.002370,0.00000562
1771742654.557036,17.170000,0.010000,0.002624,0.070828,0.042486,2.4343,-0.553905,0.029820,-1.547427,-0.108370,-0.108370,-6.2092,-6.2092,1,1,0.002624,0.00000688
1771742654.567036,17.180000,0.010000,0.002881,0.071229,0.044539,2.5519,-0.534440,0.013314,-1.650601,-0.079175,-0.079175,-4.5364,-4.5364,1,1,0.002881,0.00000830
1771742654.577036,17.190000,0.010000,0.003171,0.074512,0.045860,2.6276,-0.610721,0.002362,-1.095210,-0.057450,-0.057450,-3.2916,-3.2916,1,1,0.003171,0.00001006
1771742654.587036,17.200000,0.010000,0.003456,0.073983,0.047608,2.7278,-0.562454,-0.003731,-0.609243,-0.112997,-0.112997,-6.4742,-6.4742,1,1,0.003456,0.00001194
1771742654.597036,17.210000,0.010000,0.003781,0.077920,0.048276,2.7660,-0.676133,-0.010816,-0.708504,-0.134501,-0.134501,-7.7063,-7.7063,1,1,0.003781,0.00001429
1771742654.607036,17.220000,0.010000,0.004081,0.075387,0.049704,2.8478,-0.592150,-0.020506,-0.969007,-0.161961,-0.161961,-9.2797,-9.2797,1,1,0.004081,0.00001665
1771742654.617036,17.230000,0.010000,0.004398,0.076122,0.049520,2.8373,-0.762849,-0.032475,-1.196947,-0.124726,-0.124726,-7.1463,-7.1463,1,1,0.004398,0.00001934
1771742654.627036,17.240000,0.010000,0.004667,0.070968,0.050497,2.8933,-0.636211,-0.043030,-1.055501,-0.182471,-0.182471,-10.4548,-10.4548,1,1,0.004667,0.00002178
1771742654.637036,17.250000,0.010000,0.004976,0.074310,0.049428,2.8320,-0.853825,-0.052873,-0.984282,-0.122455,-0.122455,-7.0161,-7.0161,1,1,0.004976,0.00002477
1771742654.647036,17.260000,0.010000,0.005213,0.066489,0.049913,2.8598,-0.685268,-0.064976,-1.210312,-0.158485,-0.158485,-9.0805,-9.0805,1,1,0.005213,0.00002718
1771742654.657036,17.270000,0.010000,0.005515,0.072372,0.047841,2.7411,-0.958105,-0.077421,-1.244483,-0.130781,-0.130781,-7.4932,-7.4932,1,1,0.005515,0.00003041
1771742654.667036,17.280000,0.010000,0.005717,0.061658,0.047737,2.7351,-0.745423,-0.085988,-0.856706,-0.168681,-0.168681,-9.6647,-9.6647,1,1,0.005717,0.00003268
1771742654.677036,17.290000,0.010000,0.006015,0.071524,0.045423,2.6026,-0.981428,-0.091112,-0.512366,-0.147178,-0.147178,-8.4327,-8.4327,1,1,0.006015,0.00003618
1771742654.687036,17.300000,0.010000,0.006202,0.059526,0.045213,2.5905,-0.754195,-0.093269,-0.215732,-0.162680,-0.162680,-9.3209,-9.3209,1,1,0.006202,0.00003846
1771742654.697036,17.310000,0.010000,0.006496,0.070968,0.043021,2.4649,-0.965764,-0.091666,0.160300,-0.179579,-0.179579,-10.2891,-10.2891,1,1,0.006496,0.00004220
1771742654.707036,17.320000,0.010000,0.006676,0.058470,0.042940,2.4603,-0.737759,-0.087389,0.427700,-0.128586,-0.128586,-7.3674,-7.3674,1,1,0.006676,0.00004457
1771742654.717036,17.330000,0.010000,0.006959,0.069473,0.040995,2.3488,-0.936654,-0.087137,0.025171,-0.182407,-0.182407,-10.4512,-10.4512,1,1,0.006959,0.00004843
1771742654.727036,17.340000,0.010000,0.007125,0.056773,0.041123,2.3562,-0.712485,-0.090408,-0.327041,-0.134703,-0.134703,-7.7179,-7.7179,1,1,0.007125,0.00005077
1771742654.737036,17.350000,0.010000,0.007415,0.069434,0.038349,2.1972,-1.023241,-0.096760,-0.635227,-0.161770,-0.161770,-9.2687,-9.2687,1,1,0.007415,0.00005498
1771742654.747036,17.360000,0.010000,0.007565,0.054299,0.037978,2.1760,-0.763820,-0.100256,-0.349576,-0.161260,-0.161260,-9.2395,-9.2395,1,1,0.007565,0.00005723
1771742654.757036,17.370000,0.010000,0.007838,0.067342,0.035331,2.0243,-1.007421,-0.106805,-0.654945,-0.144667,-0.144667,-8.2888,-8.2888,1,1,0.007838,0.00006144
1771742654.767036,17.380000,0.010000,0.007969,0.051791,0.035077,2.0098,-0.749082,-0.109045,-0.224011,-0.157024,-0.157024,-8.9968,-8.9968,1,1,0.007969,0.00006351
1771742654.777036,17.390000,0.010000,0.008245,0.067088,0.031850,1.8249,-1.067788,-0.114496,-0.545075,-0.135093,-0.135093,-7.7402,-7.7402,1,1,0.008245,0.00006798
1771742654.787036,17.400000,0.010000,0.008362,0.049669,0.031245,1.7902,-0.785086,-0.116532,-0.203558,-0.153947,-0.153947,-8.8205,-8.8205,1,1,0.008362,0.00006993
1771742654.797036,17.410000,0.010000,0.008600,0.062461,0.028326,1.6230,-1.033062,-0.121803,-0.527179,-0.106457,-0.106457,-6.0995,-6.0995,1,1,0.008600,0.00007395
1771742654.807036,17.420000,0.010000,0.008679,0.045089,0.027942,1.6009,-0.759821,-0.124975,-0.317185,-0.115704,-0.115704,-6.6293,-6.6293,1,1,0.008679,0.00007533
1771742654.817036,17.430000,0.010000,0.008924,0.062588,0.024214,1.3874,-1.118882,-0.129688,-0.471312,-0.040341,-0.040341,-2.3114,-2.3114,1,1,0.008924,0.00007963
1771742654.827036,17.440000,0.010000,0.008990,0.042975,0.023309,1.3355,-0.814775,-0.135925,-0.623637,-0.094624,-0.094624,-5.4216,-5.4216,1,1,0.008990,0.00008081
1771742654.837036,17.450000,0.010000,0.009157,0.053678,0.020289,1.1625,-1.042083,-0.137891,-0.196617,0.157888,0.157888,9.0463,9.0463,1,1,0.009157,0.00008386
1771742654.847036,17.460000,0.010000,0.009157,0.035306,0.019830,1.1362,-0.768432,-0.143102,-0.521106,-0.062380,-0.062380,-3.5741,-3.5741,1,1,0.009157,0.00008385
1771742654.857036,17.470000,0.010000,0.009348,0.055522,0.015644,0.8963,-1.167461,-0.144171,-0.106901,0.173231,0.173231,9.9254,9.9254,1,1,0.009348,0.00008738
1771742654.867036,17.480000,0.010000,0.009344,0.034289,0.014411,0.8257,-0.851315,-0.146371,-0.219984,-0.029451,-0.029451,-1.6874,-1.6874,1,1,0.009344,0.00008732
1771742654.877036,17.490000,0.010000,0.009384,0.038503,0.011962,0.6854,-0.981316,-0.148232,-0.186111,0.160691,0.160691,9.2069,9.2069,1,1,0.009384,0.00008806
1771742654.887036,17.500000,0.010000,0.009262,0.020821,0.011832,0.6779,-0.734722,-0.147786,0.044565,0.166168,0.166168,9.5207,9.5207,1,1,0.009262,0.00008579
1771742654.897036,17.510000,0.010000,0.009369,0.045093,0.007207,0.4129,-1.216762,-0.148941,-0.115470,0.081607,0.081607,4.6757,4.6757,1,1,0.009369,0.00008777
1771742654.907036,17.520000,0.010000,0.009271,0.022651,0.005619,0.3219,-0.891890,-0.147210,0.173105,0.155256,0.155256,8.8955,8.8955,1,1,0.009271,0.00008595
1771742654.917036,17.530000,0.010000,0.009104,0.014837,0.004662,0.2671,-0.825684,-0.148052,-0.084211,0.142394,0.142394,8.1586,8.1586,1,1,0.009104,0.00008288
1771742654.927036,17.540000,0.010000,0.008961,0.017099,0.002695,0.1544,-0.934895,-0.145298,0.275381,0.234415,0.234415,13.4310,13.4310,1,1,0.008961,0.00008030
1771742654.937036,17.550000,0.010000,0.008669,0.000687,0.002744,0.1572,-0.721602,-0.141599,0.369929,0.174487,0.174487,9.9973,9.9973,1,1,0.008669,0.00007516
1771742654.947036,17.560000,0.010000,0.008519,0.015702,-0.000285,-0.0163,-1.052967,-0.134871,0.672754,0.111077,0.111077,6.3642,6.3642,1,1,0.008519,0.00007257
1771742654.957036,17.570000,0.010000,0.008214,0.000018,-0.001077,-0.0617,-0.824164,-0.129840,0.503087,0.143617,0.143617,8.2286,8.2286,1,1,0.008214,0.00006747
1771742654.967036,17.580000,0.010000,0.007863,0.000015,-0.001024,-0.0587,-0.767580,-0.121948,0.789267,0.132268,0.132268,7.5784,7.5784,1,1,0.007863,0.00006183
1771742654.977036,17.590000,0.010000,0.007542,0.000015,-0.001315,-0.0753,-0.783256,-0.114502,0.744594,0.039075,0.039075,2.2388,2.2388,1,1,0.007542,0.00005688
1771742654.987036,17.600000,0.010000,0.007186,0.000011,-0.000803,-0.0460,-0.722864,-0.104496,1.000585,0.058106,0.058106,3.3292,3.3292,1,1,0.007186,0.00005165
1771742654.997036,17.610000,0.010000,0.006854,0.000011,-0.000435,-0.0249,-0.721007,-0.095115,0.938066,-0.047931,-0.047931,-2.7462,-2.7462,1,1,0.006854,0.00004698
1771742655.007036,17.620000,0.010000,0.006503,0.000008,0.000453,0.0260,-0.679024,-0.083417,1.169874,-0.050678,-0.050678,-2.9036,-2.9036,1,1,0.006503,0.00004229
1771742655.017036,17.630000,0.010000,0.006155,0.000007,0.001604,0.0919,-0.648169,-0.069690,1.372705,-0.135051,-0.135051,-7.7378,-7.7378,1,1,0.006155,0.00003788
1771742655.027036,17.640000,0.010000,0.005809,0.000006,0.002945,0.1688,-0.625650,-0.054188,1.550183,-0.182454,-0.182454,-10.4538,-10.4538,1,1,0.005809,0.00003375
1771742655.037036,17.650000,0.010000,0.005465,0.000005,0.004424,0.2535,-0.609376,-0.037133,1.705476,-0.204418,-0.204418,-11.7123,-11.7123,1,1,0.005465,0.00002987
1771742655.047036,17.660000,0.010000,0.005123,0.000004,0.005999,0.3437,-0.597785,-0.018719,1.841357,-0.196388,-0.196388,-11.2522,-11.2522,1,1,0.005123,0.00002625
1771742655.057036,17.670000,0.010000,0.004783,0.000003,0.007640,0.4378,-0.589707,0.000883,1.960254,-0.111019,-0.111019,-6.3609,-6.3609,1,1,0.004783,0.00002288
1771742655.067036,17.680000,0.010000,0.004444,0.000003,0.009325,0.5343,-0.584266,0.021526,2.064288,-0.032021,-0.032021,-1.8347,-1.8347,1,1,0.004444,0.00001975
1771742655.077036,17.690000,0.010000,0.004106,0.000002,0.011036,0.6323,-0.580810,0.036098,1.457186,0.010004,0.010004,0.5732,0.5732,1,1,0.004106,0.00001686
1771742655.087036,17.700000,0.010000,0.003770,0.000002,0.012761,0.7311,-0.578852,0.049538,1.343983,0.118494,0.118494,6.7892,6.7892,1,1,0.003770,0.00001421
1771742655.097036,17.710000,0.010000,0.003434,0.000001,0.014488,0.8301,-0.578026,0.059879,1.034125,0.140758,0.140758,8.0648,8.0648,1,1,0.003434,0.00001180
1771742655.107036,17.720000,0.010000,0.003100,0.000000,0.016211,0.9288,-0.578061,0.065437,0.555794,0.161914,0.161914,9.2770,9.2770,1,1,0.003100,0.00000961
1771742655.117036,17.730000,0.010000,0.002767,0.000043,0.017923,1.0269,-0.579022,0.066809,0.137253,0.191459,0.191459,10.9698,10.9698,1,1,0.002767,0.00000766
1771742655.127036,17.740000,0.010000,0.002436,0.000290,0.019613,1.1237,-0.581722,0.064520,-0.228969,0.145435,0.145435,8.3328,8.3328,1,1,0.002436,0.00000594
1771742655.137036,17.750000,0.010000,0.002111,0.001024,0.021262,1.2182,-0.587557,0.059026,-0.549414,0.045017,0.045017,2.5793,2.5793,1,1,0.002111,0.00000445
1771742655.147036,17.760000,0.010000,0.001794,0.002215,0.022849,1.3092,-0.595626,0.050728,-0.829803,0.051951,0.051951,2.9766,2.9766,1,1,0.001794,0.00000322
1771742655.157036,17.770000,0.010000,0.001489,0.003785,0.024363,1.3959,-0.604918,0.039976,-1.075143,0.056285,0.056285,3.2249,3.2249,1,1,0.001489,0.00000222
1771742655.167036,17.780000,0.010000,0.001200,0.005680,0.025797,1.4781,-0.614815,0.027078,-1.289816,0.086651,0.086651,4.9648,4.9648,1,1,0.001200,0.00000144
1771742655.177036,17.790000,0.010000,0.000928,0.007869,0.027148,1.5555,-0.624938,0.012301,-1.477655,0.124154,0.124154,7.1135,7.1135,1,1,0.000928,0.00000086
1771742655.187036,17.800000,0.010000,0.000675,0.010314,0.028415,1.6281,-0.634952,-0.003114,-1.541501,0.173575,0.173575,9.9451,9.9451,1,1,0.000675,0.00000046
1771742655.197036,17.810000,0.010000,0.000445,0.012984,0.029602,1.6961,-0.644611,-0.013111,-0.999747,0.222253,0.222253,12.7341,12.7341,1,1,0.000445,0.00000020
1771742655.207036,17.820000,0.010000,0.000238,0.015849,0.030711,1.7596,-0.653733,-0.018368,-0.525713,0.141499,0.141499,8.1073,8.1073,1,1,0.000238,0.00000006
1771742655.217036,17.830000,0.010000,0.000056,0.018885,0.031749,1.8191,-0.662197,-0.019477,-0.110933,0.030676,0.030676,1.7576,1.7576,1,1,0.000056,0.00000000
1771742655.227036,17.840000,0.010000,-0.000100,0.022062,0.032721,1.8748,-0.669850,-0.016957,0.251999,-0.036593,-0.036593,-2.0966,-2.0966,1,1,0.000100,0.00000001
1771742655.237036,17.850000,0.010000,-0.000229,0.025355,0.033636,1.9272,-0.676564,-0.011262,0.569565,-0.015425,-0.015425,-0.8838,-0.8838,1,1,0.000229,0.00000005
1771742655.247036,17.860000,0.010000,-0.000329,0.028738,0.034501,1.9767,-0.682232,-0.002787,0.847436,0.046059,0.046059,2.6390,2.6390,1,1,0.000329,0.00000011
1771742655.257036,17.870000,0.010000,-0.000401,0.032187,0.035325,2.0240,-0.686763,0.008118,1.090572,0.168929,0.168929,9.6789,9.6789,1,1,0.000401,0.00000016
1771742655.267036,17.880000,0.010000,-0.000444,0.035678,0.036120,2.0695,-0.690077,0.014170,0.605185,0.255726,0.255726,14.6520,14.6520,1,1,0.000444,0.00000020
1771742655.277036,17.890000,0.010000,-0.000458,0.039189,0.036894,2.1139,-0.692105,0.018893,0.472260,0.222805,0.222805,12.7658,12.7658,1,1,0.000458,0.00000021
1771742655.287036,17.900000,0.010000,-0.000442,0.042700,0.037661,2.1578,-0.692786,0.023567,0.467403,0.225409,0.225409,12.9150,12.9150,1,1,0.000442,0.00000020
1771742655.297036,17.910000,0.010000,-0.000398,0.046192,0.038430,2.2019,-0.692070,0.031147,0.758044,0.231372,0.231372,13.2566,13.2566,1,1,0.000398,0.00000016
1771742655.307036,17.920000,0.010000,-0.000324,0.049645,0.039214,2.2468,-0.689913,0.041271,1.012354,0.263013,0.263013,15.0695,15.0695,1,1,0.000324,0.00000011
1771742655.317036,17.930000,0.010000,-0.000222,0.053045,0.040026,2.2933,-0.686278,0.053619,1.234876,0.239483,0.239483,13.7214,13.7214,1,1,0.000222,0.00000005
1771742655.327036,17.940000,0.010000,-0.000092,0.056375,0.040878,2.3421,-0.681135,0.067915,1.429582,0.143530,0.143530,8.2236,8.2236,1,1,0.000092,0.00000001
1771742655.337036,17.950000,0.010000,0.000065,0.059624,0.041782,2.3939,-0.674459,0.077113,0.919801,0.021269,0.021269,1.2186,1.2186,1,1,0.000065,0.00000000
1771742655.347036,17.960000,0.010000,0.000248,0.062780,0.042751,2.4495,-0.666234,0.081671,0.455760,0.032082,0.032082,1.8382,1.8382,1,1,0.000248,0.00000006
1771742655.357036,17.970000,0.010000,0.000457,0.065833,0.043799,2.5095,-0.656446,0.082168,0.049724,0.045629,0.045629,2.6143,2.6143,1,1,0.000457,0.00000021
1771742655.367036,17.980000,0.010000,0.000691,0.068775,0.044938,2.5747,-0.645083,0.079113,-0.305557,0.027498,0.027498,1.5755,1.5755,1,1,0.000691,0.00000048
1771742655.377036,17.990000,0.010000,0.000945,0.071120,0.046203,2.6472,-0.629814,0.074981,-0.413175,-0.018993,-0.018993,-1.0882,-1.0882,1,1,0.000945,0.00000089
1771742655.387036,18.000000,0.010000,0.001208,0.072291,0.047649,2.7301,-0.608488,0.074856,-0.012463,-0.053312,-0.053312,-3.0545,-3.0545,1,1,0.001208,0.00000146
1771742655.397036,18.010000,0.010000,0.001481,0.073451,0.049267,2.8228,-0.587971,0.078238,0.338161,-0.058078,-0.058078,-3.3277,-3.3277,1,1,0.001481,0.00000219
1771742655.407036,18.020000,0.010000,0.001764,0.074581,0.051055,2.9252,-0.567657,0.084687,0.644957,-0.117804,-0.117804,-6.7497,-6.7497,1,1,0.001764,0.00000311
1771742655.417036,18.030000,0.010000,0.002055,0.075679,0.053012,3.0374,-0.547177,0.093821,0.913403,-0.204178,-0.204178,-11.6985,-11.6985,1,1,0.002055,0.00000422
1771742655.427036,18.040000,0.010000,0.002356,0.076734,0.055142,3.1594,-0.526227,0.105304,1.148294,-0.325781,-0.325781,-18.6659,-18.6659,1,1,0.002356,0.00000555
1771742655.437036,18.050000,0.010000,0.002665,0.077751,0.057449,3.2916,-0.504637,0.118843,1.353823,-0.383578,-0.383578,-21.9774,-21.9774,1,1,0.002665,0.00000710
1771742655.447036,18.060000,0.010000,0.002982,0.078731,0.059940,3.4343,-0.482284,0.133923,1.508007,-0.408608,-0.408608,-23.4115,-23.4115,1,1,0.002982,0.00000889
1771742655.457036,18.070000,0.010000,0.003307,0.079678,0.062620,3.5879,-0.459071,0.143627,0.970440,-0.416785,-0.416785,-23.8800,-23.8800,1,1,0.003307,0.00001094
1771742655.467036,18.080000,0.010000,0.003640,0.080614,0.065497,3.7527,-0.435035,0.148628,0.500069,-0.414704,-0.414704,-23.7608,-23.7608,1,1,0.003640,0.00001325
1771742655.477036,18.090000,0.010000,0.003979,0.081300,0.068591,3.9300,-0.408583,0.149513,0.088495,-0.406255,-0.406255,-23.2767,-23.2767,1,1,0.003979,0.00001583
1771742655.487036,18.100000,0.010000,0.004318,0.081352,0.071944,4.1221,-0.377606,0.146796,-0.271633,-0.396297,-0.396297,-22.7061,-22.7061,1,1,0.004318,0.00001864
1771742655.497036,18.110000,0.010000,0.004657,0.081399,0.075553,4.3289,-0.346782,0.140929,-0.586745,-0.384116,-0.384116,-22.0082,-22.0082,1,1,0.004657,0.00002169
1771742655.507036,18.120000,0.010000,0.004997,0.081453,0.079418,4.5503,-0.315866,0.132304,-0.862468,-0.374870,-0.374870,-21.4785,-21.4785,1,1,0.004997,0.00002497
1771742655.517036,18.130000,0.010000,0.005336,0.081523,0.083542,4.7866,-0.284635,0.121267,-1.103725,-0.352521,-0.352521,-20.1980,-20.1980,1,1,0.005336,0.00002848
1771742655.527036,18.140000,0.010000,0.005670,0.079930,0.086771,4.9716,-0.377070,0.108119,-1.314825,-0.338694,-0.338694,-19.4057,-19.4057,1,1,0.005670,0.00003214
1771742655.537036,18.150000,0.010000,0.006001,0.079453,0.089895,5.1506,-0.385005,0.093123,-1.499538,-0.314621,-0.314621,-18.0265,-18.0265,1,1,0.006001,0.00003601
1771742655.547036,18.160000,0.010000,0.006329,0.078277,0.092016,5.2721,-0.489411,0.076512,-1.661161,-0.305387,-0.305387,-17.4974,-17.4974,1,1,0.006329,0.00004006
1771742655.557036,18.170000,0.010000,0.006652,0.077313,0.094082,5.3905,-0.492257,0.058486,-1.802582,-0.268986,-0.268986,-15.4118,-15.4118,1,1,0.006652,0.00004424
1771742655.567036,18.180000,0.010000,0.006989,0.078075,0.094868,5.4356,-0.626916,0.039223,-1.926325,-0.251947,-0.251947,-14.4355,-14.4355,1,1,0.006989,0.00004884
1771742655.577036,18.190000,0.010000,0.007303,0.075403,0.096037,5.5025,-0.583169,0.018877,-2.034600,-0.256137,-0.256137,-14.6756,-14.6756,1,1,0.007303,0.00005333
1771742655.587036,18.200000,0.010000,0.007684,0.081699,0.094994,5.4427,-0.818324,-0.002417,-2.129341,-0.233413,-0.233413,-13.3736,-13.3736,1,1,0.007684,0.00005904
1771742655.597036,18.210000,0.010000,0.007973,0.071958,0.096038,5.5026,-0.591486,-0.024539,-2.212239,-0.206166,-0.206166,-11.8124,-11.8124,1,1,0.007973,0.00006357
1771742655.607036,18.220000,0.010000,0.008512,0.097902,0.091471,5.2409,-1.192245,-0.047387,-2.284775,-0.171508,-0.171508,-9.8267,-9.8267,1,1,0.008512,0.00007245
1771742655.617036,18.230000,0.010000,0.008809,0.071388,0.090894,5.2078,-0.760905,-0.070869,-2.348244,-0.190623,-0.190623,-10.9219,-10.9219,1,1,0.008809,0.00007761
1771742655.627036,18.240000,0.010000,0.009278,0.088927,0.086072,4.9316,-1.215389,-0.094907,-2.403780,-0.164893,-0.164893,-9.4476,-9.4476,1,1,0.009278,0.00008609
1771742655.637036,18.250000,0.010000,0.009538,0.066203,0.085132,4.8777,-0.795994,-0.119431,-2.452373,-0.279361,-0.279361,-16.0062,-16.0062,1,1,0.009538,0.00009098
1771742655.647036,18.260000,0.010000,0.010091,0.095029,0.077609,4.4467,-1.471139,-0.144380,-2.494892,-0.191434,-0.191434,-10.9684,-10.9684,1,1,0.010091,0.00010182
1771742655.657036,18.270000,0.010000,0.010341,0.063682,0.075227,4.3102,-0.947782,-0.168669,-2.428929,-0.328377,-0.328377,-18.8146,-18.8146,1,1,0.010341,0.00010694
1771742655.667036,18.280000,0.010000,0.010800,0.084427,0.067706,3.8793,-1.488858,-0.186913,-1.824404,-0.231541,-0.231541,-13.2664,-13.2664,1,1,0.010800,0.00011663
1771742655.677036,18.290000,0.010000,0.010991,0.055931,0.065013,3.7250,-0.979259,-0.201722,-1.480917,-0.303878,-0.303878,-17.4109,-17.4109,1,1,0.010991,0.00012080
1771742655.687036,18.300000,0.010000,0.011397,0.077317,0.056896,3.2599,-1.548817,-0.211190,-0.946737,-0.132518,-0.132518,-7.5927,-7.5927,1,1,0.011397,0.00012990
1771742655.697036,18.310000,0.010000,0.011515,0.046550,0.053813,3.0832,-1.020335,-0.216284,-0.509466,-0.246724,-0.246724,-14.1362,-14.1362,1,1,0.011515,0.00013260
1771742655.707036,18.320000,0.010000,0.011778,0.060510,0.046476,2.6629,-1.468637,-0.221266,-0.498156,-0.111104,-0.111104,-6.3658,-6.3658,1,1,0.011778,0.00013872
1771742655.717036,18.330000,0.010000,0.011761,0.030482,0.043839,2.5118,-0.972680,-0.222784,-0.151840,-0.192042,-0.192042,-11.0032,-11.0032,1,1,0.011761,0.00013833
1771742655.727036,18.340000,0.010000,0.011997,0.056609,0.035942,2.0594,-1.527717,-0.220707,0.207734,-0.074429,-0.074429,-4.2644,-4.2644,1,1,0.011997,0.00014392
1771742655.737036,18.350000,0.010000,0.011937,0.024895,0.032890,1.8844,-1.019254,-0.215399,0.530833,-0.126808,-0.126808,-7.2656,-7.2656,1,1,0.011937,0.00014250
1771742655.747036,18.360000,0.010000,0.012014,0.039361,0.027106,1.5531,-1.312470,-0.212302,0.309697,-0.111808,-0.111808,-6.4061,-6.4061,1,1,0.012014,0.00014434
1771742655.757036,18.370000,0.010000,0.011838,0.011829,0.025284,1.4487,-0.892503,-0.206376,0.592614,-0.038075,-0.038075,-2.1815,-2.1815,1,1,0.011838,0.00014013
1771742655.767036,18.380000,0.010000,0.011933,0.040568,0.018281,1.0474,-1.441515,-0.204681,0.169471,-0.074216,-0.074216,-4.2523,-4.2523,1,1,0.011933,0.00014241
1771742655.777036,18.390000,0.010000,0.011750,0.010360,0.015613,0.8946,-0.985901,-0.203025,0.165585,0.102161,0.102161,5.8534,5.8534,1,1,0.011750,0.00013806
1771742655.787036,18.400000,0.010000,0.011639,0.017870,0.011103,0.6361,-1.185120,-0.205067,-0.204179,0.155199,0.155199,8.8922,8.8922,1,1,0.011639,0.00013546
1771742655.797036,18.410000,0.010000,0.011330,0.000031,0.009731,0.5575,-0.876641,-0.208376,-0.330934,0.328393,0.328393,18.8155,18.8155,1,1,0.011330,0.00012837
1771742655.807036,18.420000,0.010000,0.011328,0.029094,0.002720,0.1558,-1.451773,-0.214762,-0.638633,0.299760,0.299760,17.1750,17.1750,1,1,0.011328,0.00012833
1771742655.817036,18.430000,0.010000,0.011054,0.000042,-0.000190,-0.0109,-1.024426,-0.216860,-0.209738,0.387683,0.387683,22.2126,22.2126,1,1,0.011054,0.00012219
1771742655.827036,18.440000,0.010000,0.010797,0.001084,-0.004096,-0.2347,-1.131187,-0.220593,-0.373303,0.367695,0.367695,21.0674,21.0674,1,1,0.010797,0.00011657
1771742655.837036,18.450000,0.010000,0.010437,0.000037,-0.006100,-0.3495,-0.996790,-0.220369,0.022426,0.403235,0.403235,23.1036,23.1036,1,1,0.010437,0.00010893
1771742655.847036,18.460000,0.010000,0.010181,0.001642,-0.009824,-0.5629,-1.117993,-0.216828,0.354088,0.370445,0.370445,21.2249,21.2249,1,1,0.010181,0.00010365
1771742655.857036,18.470000,0.010000,0.009810,0.000032,-0.011401,-0.6532,-0.962338,-0.210239,0.658892,0.391588,0.391588,22.4363,22.4363,1,1,0.009810,0.00009623
1771742655.867036,18.480000,0.010000,0.009521,0.000037,-0.014167,-0.8117,-1.030685,-0.200983,0.925597,0.328282,0.328282,18.8092,18.8092,1,1,0.009521,0.00009065
1771742655.877036,18.490000,0.010000,0.009149,0.000026,-0.015275,-0.8752,-0.914799,-0.189836,1.114683,0.335373,0.335373,19.2155,19.2155,1,1,0.009149,0.00008370
1771742655.887036,18.500000,0.010000,0.008826,0.000026,-0.016802,-0.9627,-0.923148,-0.176592,1.324414,0.281678,0.281678,16.1390,16.1390,1,1,0.008826,0.00007790
1771742655.897036,18.510000,0.010000,0.008460,0.000020,-0.017257,-0.9888,-0.839816,-0.163795,1.279699,0.283897,0.283897,16.2661,16.2661,1,1,0.008460,0.00007158
1771742655.907036,18.520000,0.010000,0.008125,0.000018,-0.017860,-1.0233,-0.833491,-0.149107,1.468802,0.251590,0.251590,14.4150,14.4150,1,1,0.008125,0.00006601
1771742655.917036,18.530000,0.010000,0.007765,0.000015,-0.017770,-1.0182,-0.777004,-0.132764,1.634268,0.244181,0.244181,13.9906,13.9906,1,1,0.007765,0.00006029
1771742655.927036,18.540000,0.010000,0.007408,0.000012,-0.017327,-0.9928,-0.735860,-0.114974,1.779050,0.191119,0.191119,10.9503,10.9503,1,1,0.007408,0.00005488
1771742655.937036,18.550000,0.010000,0.007054,0.000010,-0.016630,-0.9528,-0.706238,-0.095916,1.905735,0.144947,0.144947,8.3049,8.3049,1,1,0.007054,0.00004977
1771742655.947036,18.560000,0.010000,0.006703,0.000009,-0.015753,-0.9026,-0.685274,-0.075750,2.016584,0.082241,0.082241,4.7121,4.7121,1,1,0.006703,0.00004493
1771742655.957036,18.570000,0.010000,0.006354,0.000008,-0.014753,-0.8453,-0.670827,-0.054615,2.113577,0.018933,0.018933,1.0848,1.0848,1,1,0.006354,0.00004037
1771742655.967036,18.580000,0.010000,0.006006,0.000007,-0.013671,-0.7833,-0.661292,-0.032630,2.198445,-0.040653,-0.040653,-2.3292,-2.3292,1,1,0.006006,0.00003607
1771742655.977036,18.590000,0.010000,0.005659,0.000006,-0.012540,-0.7185,-0.655471,-0.009903,2.272706,-0.057730,-0.057730,-3.3077,-3.3077,1,1,0.005659,0.00003203
1771742655.987036,18.600000,0.010000,0.005314,0.000005,-0.011383,-0.6522,-0.652466,0.013474,2.337683,-0.047635,-0.047635,-2.7293,-2.7293,1,1,0.005314,0.00002824
1771742655.997036,18.610000,0.010000,0.004970,0.000004,-0.010221,-0.5856,-0.651610,0.037419,2.394539,-0.048339,-0.048339,-2.7696,-2.7696,1,1,0.004970,0.00002470
1771742656.007036,18.620000,0.010000,0.004627,0.000004,-0.009066,-0.5195,-0.652403,0.061862,2.444287,-0.049856,-0.049856,-2.8565,-2.8565,1,1,0.004627,0.00002141
1771742656.017036,18.630000,0.010000,0.004285,0.000003,-0.007930,-0.4544,-0.654474,0.086740,2.487817,-0.122948,-0.122948,-7.0444,-7.0444,1,1,0.004285,0.00001836
1771742656.027036,18.640000,0.010000,0.003944,0.000003,-0.006823,-0.3909,-0.657548,0.111385,2.464463,-0.182282,-0.182282,-10.4440,-10.4440,1,1,0.003944,0.00001556
1771742656.037036,18.650000,0.010000,0.003604,0.000002,-0.005750,-0.3294,-0.661421,0.129458,1.807339,-0.217922,-0.217922,-12.4860,-12.4860,1,1,0.003604,0.00001299
1771742656.047036,18.660000,0.010000,0.003265,0.000001,-0.004689,-0.2686,-0.659183,0.143798,1.434040,-0.204530,-0.204530,-11.7187,-11.7187,1,1,0.003265,0.00001066
1771742656.057036,18.670000,0.010000,0.002927,0.000000,-0.003383,-0.1938,-0.600091,0.152856,0.905719,-0.232788,-0.232788,-13.3378,-13.3378,1,1,0.002927,0.00000857
1771742656.067036,18.680000,0.010000,0.002593,-0.000000,-0.001975,-0.1131,-0.620921,0.157290,0.443439,-0.220121,-0.220121,-12.6120,-12.6120,1,1,0.002593,0.00000672
1771742656.077036,18.690000,0.010000,0.002258,-0.000001,-0.000628,-0.0360,-0.616932,0.157679,0.038943,-0.195819,-0.195819,-11.2196,-11.2196,1,1,0.002258,0.00000510
1771742656.087036,18.700000,0.010000,0.001926,0.000125,0.000640,0.0367,-0.636954,0.154530,-0.314991,-0.142129,-0.142129,-8.1434,-8.1434,1,1,0.001926,0.00000371
1771742656.097036,18.710000,0.010000,0.001595,0.000222,0.001763,0.1010,-0.653537,0.148283,-0.624683,-0.092284,-0.092284,-5.2875,-5.2875,1,1,0.001595,0.00000254
1771742656.107036,18.720000,0.010000,0.001265,0.000432,0.002758,0.1580,-0.668481,0.139326,-0.895663,-0.024114,-0.024114,-1.3816,-1.3816,1,1,0.001265,0.00000160
1771742656.117036,18.730000,0.010000,0.000939,0.000908,0.003631,0.2081,-0.683241,0.127998,-1.132771,0.094899,0.094899,5.4373,5.4373,1,1,0.000939,0.00000088
1771742656.127036,18.740000,0.010000,0.000618,0.001645,0.004383,0.2511,-0.697930,0.114596,-1.340241,0.216207,0.216207,12.3877,12.3877,1,1,0.000618,0.00000038
1771742656.137036,18.750000,0.010000,0.000305,0.002622,0.005014,0.2873,-0.712536,0.099378,-1.521776,0.258724,0.258724,14.8238,14.8238,1,1,0.000305,0.00000009
1771742656.147036,18.760000,0.010000,0.000001,0.003823,0.005523,0.3165,-0.727090,0.082572,-1.680620,0.280341,0.280341,16.0624,16.0624,1,1,0.000001,0.00000000
1771742656.157036,18.770000,0.010000,-0.000291,0.005226,0.005912,0.3388,-0.741523,0.064376,-1.819609,0.301016,0.301016,17.2469,17.2469,1,1,0.000291,0.00000008
1771742656.167036,18.780000,0.010000,-0.000571,0.006813,0.006182,0.3542,-0.755788,0.044964,-1.941223,0.315557,0.315557,18.0801,18.0801,1,1,0.000571,0.00000033
1771742656.177036,18.790000,0.010000,-0.000836,0.008564,0.006334,0.3629,-0.769836,0.024487,-2.047636,0.327199,0.327199,18.7471,18.7471,1,1,0.000836,0.00000070
1771742656.187036,18.800000,0.010000,-0.001086,0.010458,0.006371,0.3650,-0.783592,0.003080,-2.140748,0.348485,0.348485,19.9667,19.9667,1,1,0.001086,0.00000118
1771742656.197036,18.810000,0.010000,-0.001319,0.012473,0.006294,0.3606,-0.796987,-0.019142,-2.222220,0.365794,0.365794,20.9585,20.9585,1,1,0.001319,0.00000174
1771742656.207036,18.820000,0.010000,-0.001535,0.014585,0.006108,0.3499,-0.809961,-0.041227,-2.208461,0.381432,0.381432,21.8544,21.8544,1,1,0.001535,0.00000236
1771742656.217036,18.830000,0.010000,-0.001732,0.016775,0.005815,0.3332,-0.822460,-0.057060,-1.583338,0.390853,0.390853,22.3943,22.3943,1,1,0.001732,0.00000300
1771742656.227036,18.840000,0.010000,-0.001911,0.019020,0.005421,0.3106,-0.834431,-0.067424,-1.036355,0.387231,0.387231,22.1867,22.1867,1,1,0.001911,0.00000365
1771742656.237036,18.850000,0.010000,-0.002071,0.021299,0.004930,0.2825,-0.845830,-0.073001,-0.557744,0.367612,0.367612,21.0626,21.0626,1,1,0.002071,0.00000429
1771742656.247036,18.860000,0.010000,-0.002212,0.023591,0.004347,0.2491,-0.856618,-0.074391,-0.138961,0.315739,0.315739,18.0905,18.0905,1,1,0.002212,0.00000489
1771742656.257036,18.870000,0.010000,-0.002334,0.025878,0.003677,0.2107,-0.866763,-0.072116,0.227475,0.225196,0.225196,12.9028,12.9028,1,1,0.002334,0.00000545
1771742656.267036,18.880000,0.010000,-0.002437,0.028140,0.002926,0.1677,-0.876240,-0.066635,0.548107,0.173012,0.173012,9.9128,9.9128,1,1,0.002437,0.00000594
1771742656.277036,18.890000,0.010000,-0.002521,0.030359,0.002100,0.1203,-0.885030,-0.058348,0.828659,0.162659,0.162659,9.3197,9.3197,1,1,0.002521,0.00000636
1771742656.287036,18.900000,0.010000,-0.002587,0.032518,0.001204,0.0690,-0.893121,-0.047607,1.074143,0.178338,0.178338,10.2180,10.2180,1,1,0.002587,0.00000669
1771742656.297036,18.910000,0.010000,-0.002635,0.034602,0.000245,0.0140,-0.900508,-0.034718,1.288941,0.207628,0.207628,11.8962,11.8962,1,1,0.002635,0.00000695
1771742656.307036,18.920000,0.010000,-0.002667,0.036594,-0.000772,-0.0442,-0.907192,-0.019949,1.476889,0.234706,0.234706,13.4477,13.4477,1,1,0.002667,0.00000711
1771742656.317036,18.930000,0.010000,-0.002683,0.038483,-0.001840,-0.1054,-0.913182,-0.003535,1.641344,0.220072,0.220072,12.6092,12.6092,1,1,0.002683,0.00000720
1771742656.327036,18.940000,0.010000,-0.002683,0.040256,-0.002954,-0.1693,-0.918491,0.014317,1.785242,0.112278,0.112278,6.4331,6.4331,1,1,0.002683,0.00000720
1771742656.337036,18.950000,0.010000,-0.002670,0.041902,-0.004109,-0.2354,-0.923137,0.033429,1.911152,0.069147,0.069147,3.9618,3.9618,1,1,0.002670,0.00000713
1771742656.347036,18.960000,0.010000,-0.002644,0.043411,-0.005298,-0.3035,-0.927148,0.053642,2.021324,0.025887,0.025887,1.4832,1.4832,1,1,0.002644,0.00000699
1771742656.357036,18.970000,0.010000,-0.002648,0.034526,-0.005753,-0.3296,-0.747419,0.074819,2.117724,-0.039167,-0.039167,-2.2441,-2.2441,1,1,0.002648,0.00000701
1771742656.367036,18.980000,0.010000,-0.002662,0.039364,-0.005881,-0.3369,-0.813801,0.096840,2.202075,-0.143562,-0.143562,-8.2255,-8.2255,1,1,0.002662,0.00000709
1771742656.377036,18.990000,0.010000,-0.002733,0.021640,-0.004830,-0.2767,-0.477036,0.119599,2.275881,-0.223439,-0.223439,-12.8021,-12.8021,1,1,0.002733,0.00000747
1771742656.387036,19.000000,0.010000,-0.002819,0.031858,-0.003315,-0.1899,-0.637811,0.136022,1.642330,-0.254405,-0.254405,-14.5763,-14.5763,1,1,0.002819,0.00000795
1771742656.397036,19.010000,0.010000,-0.002878,0.029816,-0.002086,-0.1195,-0.576295,0.146902,1.087973,-0.254054,-0.254054,-14.5562,-14.5562,1,1,0.002878,0.00000829
1771742656.407036,19.020000,0.010000,-0.002918,0.035746,-0.000977,-0.0560,-0.654865,0.152931,0.602911,-0.229892,-0.229892,-13.1718,-13.1718,1,1,0.002918,0.00000852
1771742656.417036,19.030000,0.010000,-0.002975,0.026557,0.000674,0.0386,-0.461344,0.156107,0.317586,-0.251242,-0.251242,-14.3951,-14.3951,1,1,0.002975,0.00000885
1771742656.427036,19.040000,0.010000,-0.003016,0.037571,0.002293,0.1314,-0.625855,0.162376,0.626953,-0.181173,-0.181173,-10.3804,-10.3804,1,1,0.003016,0.00000910
1771742656.437036,19.050000,0.010000,-0.003064,0.026316,0.004345,0.2489,-0.389793,0.171353,0.897650,-0.284043,-0.284043,-16.2745,-16.2745,1,1,0.003064,0.00000939
1771742656.447036,19.060000,0.010000,-0.003097,0.038932,0.006415,0.3675,-0.576730,0.177443,0.608991,-0.198216,-0.198216,-11.3569,-11.3569,1,1,0.003097,0.00000959
1771742656.457036,19.070000,0.010000,-0.003103,0.034566,0.008361,0.4791,-0.456834,0.179281,0.183802,-0.294958,-0.294958,-16.8999,-16.8999,1,1,0.003103,0.00000963
1771742656.467036,19.080000,0.010000,-0.003074,0.046035,0.010046,0.5756,-0.616797,0.177398,-0.188239,-0.230259,-0.230259,-13.1928,-13.1928,1,1,0.003074,0.00000945
1771742656.477036,19.090000,0.010000,-0.003021,0.041970,0.011703,0.6706,-0.496914,0.172260,-0.513775,-0.258882,-0.258882,-14.8328,-14.8328,1,1,0.003021,0.00000913
1771742656.487036,19.100000,0.010000,-0.002936,0.052617,0.013177,0.7550,-0.637874,0.164274,-0.798619,-0.172363,-0.172363,-9.8757,-9.8757,1,1,0.002936,0.00000862
1771742656.497036,19.110000,0.010000,-0.002786,0.059038,0.013924,0.7978,-0.701645,0.153796,-1.047858,-0.174611,-0.174611,-10.0044,-10.0044,1,1,0.002786,0.00000776
1771742656.507036,19.120000,0.010000,-0.002597,0.062829,0.014392,0.8246,-0.718576,0.141136,-1.265941,-0.155002,-0.155002,-8.8810,-8.8810,1,1,0.002597,0.00000674
1771742656.517036,19.130000,0.010000,-0.002369,0.068573,0.014592,0.8360,-0.771439,0.126569,-1.456765,-0.132005,-0.132005,-7.5633,-7.5633,1,1,0.002369,0.00000561
1771742656.527036,19.140000,0.010000,-0.002102,0.072942,0.014500,0.8308,-0.801431,0.110331,-1.623735,-0.144694,-0.144694,-8.2904,-8.2904,1,1,0.002102,0.00000442
1771742656.537036,19.150000,0.010000,-0.001806,0.076336,0.014255,0.8168,-0.816536,0.092633,-1.769834,-0.179938,-0.179938,-10.3097,-10.3097,1,1,0.001806,0.00000326
1771742656.547036,19.160000,0.010000,-0.001485,0.078989,0.013951,0.7993,-0.821482,0.073656,-1.897670,-0.232700,-0.232700,-13.3327,-13.3327,1,1,0.001485,0.00000221
1771742656.557036,19.170000,0.010000,-0.001148,0.080857,0.013661,0.7827,-0.818299,0.053561,-2.009527,-0.292990,-0.292990,-16.7871,-16.7871,1,1,0.001148,0.00000132
1771742656.567036,19.180000,0.010000,-0.000812,0.080763,0.013505,0.7738,-0.802362,0.032487,-2.107402,-0.333079,-0.333079,-19.0840,-19.0840,1,1,0.000812,0.00000066
1771742656.577036,19.190000,0.010000,-0.000476,0.080655,0.013475,0.7720,-0.787189,0.010557,-2.193043,-0.333544,-0.333544,-19.1106,-19.1106,1,1,0.000476,0.00000023
1771742656.587036,19.200000,0.010000,-0.000140,0.080537,0.013565,0.7772,-0.772469,-0.012123,-2.267978,-0.294895,-0.294895,-16.8962,-16.8962,1,1,0.000140,0.00000002
1771742656.597036,19.210000,0.010000,0.000195,0.080413,0.013772,0.7891,-0.757967,-0.035459,-2.333547,-0.216850,-0.216850,-12.4246,-12.4246,1,1,0.000195,0.00000004
1771742656.607036,19.220000,0.010000,0.000530,0.080284,0.014097,0.8077,-0.743504,-0.059368,-2.390919,-0.159329,-0.159329,-9.1289,-9.1289,1,1,0.000530,0.00000028
1771742656.617036,19.230000,0.010000,0.000864,0.080154,0.014539,0.8330,-0.728939,-0.076798,-1.742989,-0.077069,-0.077069,-4.4157,-4.4157,1,1,0.000864,0.00000075
1771742656.627036,19.240000,0.010000,0.001192,0.078864,0.014291,0.8188,-0.800890,-0.089024,-1.222659,-0.036388,-0.036388,-2.0849,-2.0849,1,1,0.001192,0.00000142
1771742656.637036,19.250000,0.010000,0.001511,0.077701,0.014350,0.8222,-0.766160,-0.097272,-0.824725,-0.068323,-0.068323,-3.9146,-3.9146,1,1,0.001511,0.00000228
1771742656.647036,19.260000,0.010000,0.001834,0.077728,0.013722,0.7862,-0.837949,-0.101613,-0.434161,-0.110024,-0.110024,-6.3039,-6.3039,1,1,0.001834,0.00000337
1771742656.657036,19.270000,0.010000,0.002127,0.074320,0.013708,0.7854,-0.770427,-0.106998,-0.538509,-0.129894,-0.129894,-7.4424,-7.4424,1,1,0.002127,0.00000453
1771742656.667036,19.280000,0.010000,0.002444,0.076030,0.012291,0.7042,-0.919163,-0.115201,-0.820261,-0.113305,-0.113305,-6.4919,-6.4919,1,1,0.002444,0.00000597
1771742656.677036,19.290000,0.010000,0.002707,0.070054,0.011843,0.6785,-0.813843,-0.125869,-1.066794,-0.018675,-0.018675,-1.0700,-1.0700,1,1,0.002707,0.00000733
1771742656.687036,19.300000,0.010000,0.003016,0.074165,0.009498,0.5442,-1.015840,-0.138694,-1.282511,0.093707,0.093707,5.3690,5.3690,1,1,0.003016,0.00000909
1771742656.697036,19.310000,0.010000,0.003245,0.065358,0.008507,0.4874,-0.869577,-0.153407,-1.471263,0.229429,0.229429,13.1453,13.1453,1,1,0.003245,0.00001053
1771742656.707036,19.320000,0.010000,0.003544,0.071989,0.004988,0.2858,-1.139689,-0.169771,-1.636421,0.296586,0.296586,16.9931,16.9931,1,1,0.003544,0.00001256
1771742656.717036,19.330000,0.010000,0.003734,0.059854,0.003271,0.1874,-0.945736,-0.185411,-1.564047,0.326882,0.326882,18.7290,18.7290,1,1,0.003734,0.00001394
1771742656.727036,19.340000,0.010000,0.004028,0.070611,-0.000882,-0.0506,-1.206519,-0.195606,-1.019475,0.353829,0.353829,20.2729,20.2729,1,1,0.004028,0.00001622
1771742656.737036,19.350000,0.010000,0.004192,0.056294,-0.002994,-0.1715,-0.986923,-0.201036,-0.542975,0.314666,0.314666,18.0290,18.0290,1,1,0.004192,0.00001757
1771742656.747036,19.360000,0.010000,0.004418,0.062661,-0.006534,-0.3744,-1.139934,-0.202296,-0.126037,0.346317,0.346317,19.8425,19.8425,1,1,0.004418,0.00001952
1771742656.757036,19.370000,0.010000,0.004520,0.048896,-0.008238,-0.4720,-0.942522,-0.199908,0.238784,0.284889,0.284889,16.3229,16.3229,1,1,0.004520,0.00002043
1771742656.767036,19.380000,0.010000,0.004688,0.055650,-0.011530,-0.6606,-1.113009,-0.194328,0.558001,0.258453,0.258453,14.8083,14.8083,1,1,0.004688,0.00002197
1771742656.777036,19.390000,0.010000,0.004731,0.041875,-0.013076,-0.7492,-0.925541,-0.185955,0.837317,0.217848,0.217848,12.4818,12.4818,1,1,0.004731,0.00002238
1771742656.787036,19.400000,0.010000,0.004767,0.040717,-0.014987,-0.8587,-0.964945,-0.178948,0.700760,0.175239,0.175239,10.0405,10.0405,1,1,0.004767,0.00002272
1771742656.797036,19.410000,0.010000,0.004703,0.029609,-0.015649,-0.8966,-0.831322,-0.170742,0.820527,0.228464,0.228464,13.0900,13.0900,1,1,0.004703,0.00002212
1771742656.807036,19.420000,0.010000,0.004683,0.033952,-0.017615,-1.0093,-0.972141,-0.160072,1.067027,0.213699,0.213699,12.2441,12.2441,1,1,0.004683,0.00002193
1771742656.817036,19.430000,0.010000,0.004563,0.022840,-0.018353,-1.0516,-0.841687,-0.147245,1.282714,0.249603,0.249603,14.3012,14.3012,1,1,0.004563,0.00002082
1771742656.827036,19.440000,0.010000,0.004368,0.014473,-0.018320,-1.0497,-0.760440,-0.132530,1.471441,0.226110,0.226110,12.9551,12.9551,1,1,0.004368,0.00001908
1771742656.837036,19.450000,0.010000,0.004115,0.007962,-0.017812,-1.0206,-0.710628,-0.116165,1.636577,0.178694,0.178694,10.2384,10.2384,1,1,0.004115,0.00001693
1771742656.847036,19.460000,0.010000,0.003816,0.002794,-0.017024,-0.9754,-0.681907,-0.098354,1.781070,0.143363,0.143363,8.2141,8.2141,1,1,0.003816,0.00001456
1771742656.857036,19.470000,0.010000,0.003486,0.000002,-0.016124,-0.9238,-0.676129,-0.079279,1.907502,0.132563,0.132563,7.5953,7.5953,1,1,0.003486,0.00001215
1771742656.867036,19.480000,0.010000,0.003146,0.000001,-0.015274,-0.8751,-0.690857,-0.059098,2.018130,0.130463,0.130463,7.4750,7.4750,1,1,0.003146,0.00000990
1771742656.877036,19.490000,0.010000,0.002807,0.000001,-0.014538,-0.8330,-0.704085,-0.037948,2.114930,0.127285,0.127285,7.2929,7.2929,1,1,0.002807,0.00000788
1771742656.887036,19.500000,0.010000,0.002468,-0.000000,-0.013908,-0.7969,-0.716270,-0.015952,2.199630,0.123054,0.123054,7.0505,7.0505,1,1,0.002468,0.00000609
1771742656.897036,19.510000,0.010000,0.002129,-0.000001,-0.013377,-0.7664,-0.727758,0.006785,2.273742,0.130712,0.130712,7.4892,7.4892,1,1,0.002129,0.00000453
1771742656.907036,19.520000,0.010000,0.001792,-0.000002,-0.012941,-0.7415,-0.738810,0.030171,2.338590,0.101230,0.101230,5.8000,5.8000,1,1,0.001792,0.00000321
1771742656.917036,19.530000,0.010000,0.001454,-0.000003,-0.012600,-0.7219,-0.749625,0.048305,1.813351,0.059992,0.059992,3.4373,3.4373,1,1,0.001454,0.00000211
1771742656.927036,19.540000,0.010000,0.001117,-0.000003,-0.012351,-0.7077,-0.760355,0.067662,1.935748,0.080492,0.080492,4.6118,4.6118,1,1,0.001117,0.00000125
1771742656.937036,19.550000,0.010000,0.000781,-0.000004,-0.012196,-0.6988,-0.771119,0.085917,1.825463,0.027891,0.027891,1.5981,1.5981,1,1,0.000781,0.00000061
1771742656.947036,19.560000,0.010000,0.000446,-0.000005,-0.011985,-0.6867,-0.746086,0.105380,1.946346,-0.015947,-0.015947,-0.9137,-0.9137,1,1,0.000446,0.00000020
1771742656.957036,19.570000,0.010000,0.000113,-0.000005,-0.011341,-0.6498,-0.658913,0.120471,1.509116,-0.103585,-0.103585,-5.9350,-5.9350,1,1,0.000113,0.00000001
1771742656.967036,19.580000,0.010000,-0.000214,0.000271,-0.010500,-0.6016,-0.679288,0.130186,0.971411,-0.103365,-0.103365,-5.9224,-5.9224,1,1,0.000214,0.00000005
1771742656.977036,19.590000,0.010000,-0.000541,-0.000006,-0.009493,-0.5439,-0.620125,0.135195,0.500918,-0.087334,-0.087334,-5.0039,-5.0039,1,1,0.000541,0.00000029
1771742656.987036,19.600000,0.010000,-0.000848,0.003975,-0.008621,-0.4939,-0.697604,0.136087,0.089238,-0.036819,-0.036819,-2.1096,-2.1096,1,1,0.000848,0.00000072
1771742656.997036,19.610000,0.010000,-0.001158,-0.000007,-0.007532,-0.4315,-0.580281,0.135384,-0.070296,-0.043896,-0.043896,-2.5151,-2.5151,1,1,0.001158,0.00000134
1771742657.007036,19.620000,0.010000,-0.001454,0.005746,-0.006477,-0.3711,-0.680567,0.134372,-0.101242,0.062756,0.062756,3.5957,3.5957,1,1,0.001454,0.00000211
1771742657.017036,19.630000,0.010000,-0.001739,0.003498,-0.005572,-0.3193,-0.633094,0.132957,-0.141468,0.022685,0.022685,1.2998,1.2998,1,1,0.001739,0.00000302
1771742657.027036,19.640000,0.010000,-0.002006,0.009163,-0.004894,-0.2804,-0.723260,0.132676,-0.028066,0.067921,0.067921,3.8916,3.8916,1,1,0.002006,0.00000402
1771742657.037036,19.650000,0.010000,-0.002280,0.002800,-0.003994,-0.2288,-0.594685,0.128940,-0.373623,-0.001878,-0.001878,-0.1076,-0.1076,1,1,0.002280,0.00000520
1771742657.047036,19.660000,0.010000,-0.002542,0.010071,-0.003136,-0.1797,-0.706083,0.122180,-0.675986,0.132003,0.132003,7.5632,7.5632,1,1,0.002542,0.00000646
1771742657.057036,19.670000,0.010000,-0.002757,0.015351,-0.002962,-0.1697,-0.777941,0.116969,-0.521109,0.185218,0.185218,10.6122,10.6122,1,1,0.002757,0.00000760
1771742657.067036,19.680000,0.010000,-0.002961,0.013004,-0.002762,-0.1583,-0.711185,0.108919,-0.805037,0.169272,0.169272,9.6986,9.6986,1,1,0.002961,0.00000877
1771742657.077036,19.690000,0.010000,-0.003147,0.019086,-0.002686,-0.1539,-0.792756,0.098384,-1.053473,0.229842,0.229842,13.1690,13.1690,1,1,0.003147,0.00000990
1771742657.087036,19.700000,0.010000,-0.003289,0.023874,-0.003129,-0.1793,-0.849156,0.085676,-1.270855,0.251980,0.251980,14.4374,14.4374,1,1,0.003289,0.00001082
1771742657.097036,19.710000,0.010000,-0.003398,0.027777,-0.003936,-0.2255,-0.888937,0.071065,-1.461064,0.276294,0.276294,15.8305,15.8305,1,1,0.003398,0.00001155
1771742657.107036,19.720000,0.010000,-0.003478,0.031059,-0.005004,-0.2867,-0.917668,0.054790,-1.627497,0.299568,0.299568,17.1640,17.1640,1,1,0.003478,0.00001209
1771742657.117036,19.730000,0.010000,-0.003533,0.033883,-0.006264,-0.3589,-0.938959,0.043339,-1.145115,0.318250,0.318250,18.2344,18.2344,1,1,0.003533,0.00001248
1771742657.127036,19.740000,0.010000,-0.003567,0.036352,-0.007670,-0.4395,-0.955168,0.032434,-1.090440,0.313704,0.313704,17.9739,17.9739,1,1,0.003567,0.00001273
1771742657.137036,19.750000,0.010000,-0.003583,0.038527,-0.009188,-0.5264,-0.967840,0.026384,-0.605069,0.314683,0.314683,18.0300,18.0300,1,1,0.003583,0.00001284
1771742657.147036,19.760000,0.010000,-0.003582,0.040447,-0.010796,-0.6186,-0.977992,0.024580,-0.180370,0.292159,0.292159,16.7395,16.7395,1,1,0.003582,0.00001283
1771742657.157036,19.770000,0.010000,-0.003566,0.042103,-0.012472,-0.7146,-0.985765,0.026492,0.191242,0.267255,0.267255,15.3126,15.3126,1,1,0.003566,0.00001272
1771742657.167036,19.780000,0.010000,-0.003538,0.043535,-0.014202,-0.8137,-0.992124,0.024675,-0.181729,0.214951,0.214951,12.3158,12.3158,1,1,0.003538,0.00001252
1771742657.177036,19.790000,0.010000,-0.003500,0.044764,-0.015980,-0.9156,-0.997636,0.026576,0.190053,0.250340,0.250340,14.3434,14.3434,1,1,0.003500,0.00001225
1771742657.187036,19.800000,0.010000,-0.003468,0.042003,-0.017518,-1.0037,-0.934990,0.031729,0.515362,0.179331,0.179331,10.2749,10.2749,1,1,0.003468,0.00001203
1771742657.197036,19.810000,0.010000,-0.003437,0.044009,-0.018955,-1.0860,-0.960059,0.039729,0.800008,0.110086,0.110086,6.3074,6.3074,1,1,0.003437,0.00001181
1771742657.207036,19.820000,0.010000,-0.003441,0.033911,-0.019689,-1.1281,-0.771690,0.050220,1.049073,0.044288,0.044288,2.5375,2.5375,1,1,0.003441,0.00001184
1771742657.217036,19.830000,0.010000,-0.003457,0.039166,-0.020157,-1.1549,-0.858547,0.062890,1.267004,0.058266,0.058266,3.3384,3.3384,1,1,0.003457,0.00001195
1771742657.227036,19.840000,0.010000,-0.003498,0.028741,-0.020116,-1.1525,-0.666236,0.077467,1.457695,-0.032367,-0.032367,-1.8545,-1.8545,1,1,0.003498,0.00001224
1771742657.237036,19.850000,0.010000,-0.003544,0.036110,-0.019951,-1.1431,-0.791133,0.093713,1.624549,-0.071750,-0.071750,-4.1110,-4.1110,1,1,0.003544,0.00001256
1771742657.247036,19.860000,0.010000,-0.003647,0.016159,-0.018693,-1.0710,-0.428241,0.111418,1.770546,-0.121783,-0.121783,-6.9776,-6.9776,1,1,0.003647,0.00001330
1771742657.257036,19.870000,0.010000,-0.003766,0.028385,-0.017087,-0.9790,-0.636804,0.130401,1.898294,-0.160784,-0.160784,-9.2123,-9.2123,1,1,0.003766,0.00001418
1771742657.267036,19.880000,0.010000,-0.003907,0.012851,-0.014977,-0.8581,-0.347069,0.150502,2.010073,-0.225555,-0.225555,-12.9233,-12.9233,1,1,0.003907,0.00001527
1771742657.277036,19.890000,0.010000,-0.004041,0.027122,-0.012883,-0.7381,-0.584332,0.168209,1.770715,-0.177291,-0.177291,-10.1580,-10.1580,1,1,0.004041,0.00001633
1771742657.287036,19.900000,0.010000,-0.004212,0.006109,-0.009874,-0.5657,-0.173932,0.180590,1.238081,-0.273252,-0.273252,-15.6562,-15.6562,1,1,0.004212,0.00001774
1771742657.297036,19.910000,0.010000,-0.004376,0.024299,-0.006726,-0.3854,-0.471049,0.187932,0.734255,-0.012827,-0.012827,-0.7350,-0.7350,1,1,0.004376,0.00001915
1771742657.307036,19.920000,0.010000,-0.004508,0.016823,-0.003889,-0.2228,-0.304918,0.195733,0.780095,-0.247514,-0.247514,-14.1815,-14.1815,1,1,0.004508,0.00002032
1771742657.317036,19.930000,0.010000,-0.004596,0.033055,-0.001533,-0.0878,-0.555189,0.199068,0.333517,-0.139720,-0.139720,-8.0053,-8.0053,1,1,0.004596,0.00002112
1771742657.327036,19.940000,0.010000,-0.004710,0.012975,0.001655,0.0948,-0.155301,0.198496,-0.057238,-0.300673,-0.300673,-17.2273,-17.2273,1,1,0.004710,0.00002219
1771742657.337036,19.950000,0.010000,-0.004809,0.032519,0.004937,0.2828,-0.454899,0.194504,-0.399149,0.056959,0.056959,3.2635,3.2635,1,1,0.004809,0.00002312
1771742657.347036,19.960000,0.010000,-0.004799,0.042003,0.006740,0.3862,-0.568860,0.187521,-0.698322,-0.210839,-0.210839,-12.0802,-12.0802,1,1,0.004799,0.00002303
1771742657.357036,19.970000,0.010000,-0.004768,0.038848,0.008641,0.4951,-0.455325,0.177920,-0.960097,-0.204454,-0.204454,-11.7143,-11.7143,1,1,0.004768,0.00002273
1771742657.367036,19.980000,0.010000,-0.004686,0.052850,0.010135,0.5807,-0.644323,0.166029,-1.189151,-0.080436,-0.080436,-4.6086,-4.6086,1,1,0.004686,0.00002196
1771742657.377036,19.990000,0.010000,-0.004544,0.055555,0.011068,0.6341,-0.630332,0.152133,-1.389573,-0.125749,-0.125749,-7.2049,-7.2049,1,1,0.004544,0.00002064
1771742657.387036,20.000000,0.010000,-0.004347,0.065869,0.011545,0.6615,-0.751472,0.136484,-1.564942,-0.097539,-0.097539,-5.5886,-5.5886,1,1,0.004347,0.00001889
1771742657.397036,20.010000,0.010000,-0.004088,0.071736,0.011451,0.6561,-0.794105,0.119300,-1.718390,-0.117703,-0.117703,-6.7439,-6.7439,1,1,0.004088,0.00001671
1771742657.407036,20.020000,0.010000,-0.003781,0.078210,0.010991,0.6297,-0.849798,0.100773,-1.852657,-0.155307,-0.155307,-8.8984,-8.8984,1,1,0.003781,0.00001430
1771742657.417036,20.030000,0.010000,-0.003439,0.082079,0.010279,0.5890,-0.875469,0.081072,-1.970141,-0.195148,-0.195148,-11.1812,-11.1812,1,1,0.003439,0.00001183
1771742657.427036,20.040000,0.010000,-0.003098,0.081861,0.009603,0.5502,-0.870443,0.067324,-1.374808,-0.238802,-0.238802,-13.6824,-13.6824,1,1,0.003098,0.00000960
1771742657.437036,20.050000,0.010000,-0.002758,0.081654,0.008970,0.5140,-0.864344,0.051803,-1.552022,-0.197389,-0.197389,-11.3095,-11.3095,1,1,0.002758,0.00000760
1771742657.447036,20.060000,0.010000,-0.002418,0.081456,0.008390,0.4807,-0.857360,0.034733,-1.707085,-0.241157,-0.241157,-13.8173,-13.8173,1,1,0.002418,0.00000585
1771742657.457036,20.070000,0.010000,-0.002080,0.081264,0.007869,0.4509,-0.849629,0.016305,-1.842766,-0.287075,-0.287075,-16.4482,-16.4482,1,1,0.002080,0.00000432
1771742657.467036,20.080000,0.010000,-0.001742,0.081078,0.007412,0.4247,-0.841252,0.003671,-1.263354,-0.274201,-0.274201,-15.7105,-15.7105,1,1,0.001742,0.00000303
1771742657.477036,20.090000,0.010000,-0.001405,0.080896,0.007024,0.4025,-0.832301,-0.010874,-1.454501,-0.255549,-0.255549,-14.6419,-14.6419,1,1,0.001405,0.00000197
1771742657.487036,20.100000,0.010000,-0.001068,0.080718,0.006710,0.3844,-0.822828,-0.027091,-1.621754,-0.225992,-0.225992,-12.9484,-12.9484,1,1,0.001068,0.00000114
1771742657.497036,20.110000,0.010000,-0.000733,0.080543,0.006473,0.3709,-0.812865,-0.037791,-1.069969,-0.192418,-0.192418,-11.0248,-11.0248,1,1,0.000733,0.00000054
1771742657.507036,20.120000,0.010000,-0.000398,0.080371,0.006318,0.3620,-0.802436,-0.048786,-1.099479,-0.143421,-0.143421,-8.2174,-8.2174,1,1,0.000398,0.00000016
1771742657.517036,20.130000,0.010000,-0.000063,0.080202,0.006248,0.3580,-0.791555,-0.054915,-0.612978,-0.116058,-0.116058,-6.6496,-6.6496,1,1,0.000063,0.00000000
1771742657.527036,20.140000,0.010000,0.000270,0.080035,0.006266,0.3590,-0.780228,-0.062764,-0.784850,-0.134643,-0.134643,-7.7145,-7.7145,1,1,0.000270,0.00000007
1771742657.537036,20.150000,0.010000,0.000603,0.079846,0.006378,0.3655,-0.768318,-0.073122,-1.035809,-0.113292,-0.113292,-6.4912,-6.4912,1,1,0.000603,0.00000036
1771742657.547036,20.160000,0.010000,0.000933,0.079542,0.006594,0.3778,-0.755348,-0.085676,-1.255399,-0.083865,-0.083865,-4.8051,-4.8051,1,1,0.000933,0.00000087
1771742657.557036,20.170000,0.010000,0.001262,0.078771,0.006354,0.3641,-0.802193,-0.100151,-1.447540,-0.024235,-0.024235,-1.3886,-1.3886,1,1,0.001262,0.00000159
1771742657.567036,20.180000,0.010000,0.001587,0.078186,0.005916,0.3389,-0.821674,-0.112306,-1.215466,0.054717,0.054717,3.1351,3.1351,1,1,0.001587,0.00000252
1771742657.577036,20.190000,0.010000,0.001909,0.077081,0.004915,0.2816,-0.880238,-0.126432,-1.412599,0.066352,0.066352,3.8017,3.8017,1,1,0.001909,0.00000364
1771742657.587036,20.200000,0.010000,0.002227,0.076402,0.003650,0.2091,-0.907044,-0.142283,-1.585090,0.196589,0.196589,11.2637,11.2637,1,1,0.002227,0.00000496
1771742657.597036,20.210000,0.010000,0.002541,0.075269,0.001801,0.1032,-0.968272,-0.158773,-1.648973,0.273302,0.273302,15.6590,15.6590,1,1,0.002541,0.00000645
1771742657.607036,20.220000,0.010000,0.002843,0.073809,0.000020,0.0011,-0.959662,-0.170870,-1.209706,0.309236,0.309236,17.7179,17.7179,1,1,0.002843,0.00000808
1771742657.617036,20.230000,0.010000,0.003151,0.074059,-0.002263,-0.1297,-1.012223,-0.177964,-0.709427,0.297796,0.297796,17.0625,17.0625,1,1,0.003151,0.00000993
1771742657.627036,20.240000,0.010000,0.003395,0.066786,-0.003622,-0.2076,-0.911987,-0.180681,-0.271683,0.253374,0.253374,14.5173,14.5173,1,1,0.003395,0.00001153
1771742657.637036,20.250000,0.010000,0.003697,0.072545,-0.006595,-0.3779,-1.084049,-0.179567,0.111343,0.209649,0.209649,12.0120,12.0120,1,1,0.003697,0.00001367
1771742657.647036,20.260000,0.010000,0.003895,0.060985,-0.008038,-0.4605,-0.918927,-0.175102,0.446491,0.095134,0.095134,5.4507,5.4507,1,1,0.003895,0.00001517
1771742657.657036,20.270000,0.010000,0.004091,0.060356,-0.009802,-0.5616,-0.952734,-0.170045,0.505737,0.053373,0.053373,3.0580,3.0580,1,1,0.004091,0.00001674
1771742657.667036,20.280000,0.010000,0.004200,0.050651,-0.010425,-0.5973,-0.829610,-0.162951,0.709414,0.046711,0.046711,2.6763,2.6763,1,1,0.004200,0.00001764
1771742657.677036,20.290000,0.010000,0.004355,0.055318,-0.012305,-0.7050,-0.963993,-0.153253,0.969803,0.011828,0.011828,0.6777,0.6777,1,1,0.004355,0.00001897
1771742657.687036,20.300000,0.010000,0.004418,0.044927,-0.012985,-0.7440,-0.834948,-0.141276,1.197644,0.035592,0.035592,2.0393,2.0393,1,1,0.004418,0.00001952
1771742657.697036,20.310000,0.010000,0.004409,0.036924,-0.012880,-0.7380,-0.750401,-0.127306,1.397004,-0.044297,-0.044297,-2.5380,-2.5380,1,1,0.004409,0.00001944
1771742657.707036,20.320000,0.010000,0.004361,0.032336,-0.012551,-0.7191,-0.726516,-0.111592,1.571444,-0.118714,-0.118714,-6.8018,-6.8018,1,1,0.004361,0.00001902
1771742657.717036,20.330000,0.010000,0.004262,0.026536,-0.011790,-0.6755,-0.680380,-0.094351,1.724080,-0.147985,-0.147985,-8.4789,-8.4789,1,1,0.004262,0.00001816
1771742657.727036,20.340000,0.010000,0.004121,0.021858,-0.010758,-0.6164,-0.652335,-0.075775,1.857636,-0.180906,-0.180906,-10.3652,-10.3652,1,1,0.004121,0.00001698
1771742657.737036,20.350000,0.010000,0.003946,0.017978,-0.009565,-0.5480,-0.635762,-0.056030,1.974497,-0.192287,-0.192287,-11.0172,-11.0172,1,1,0.003946,0.00001557
1771742657.747036,20.360000,0.010000,0.003744,0.014713,-0.008281,-0.4745,-0.626824,-0.035262,2.076751,-0.188349,-0.188349,-10.7916,-10.7916,1,1,0.003744,0.00001401
1771742657.757036,20.370000,0.010000,0.003517,0.011963,-0.006957,-0.3986,-0.623303,-0.013600,2.166223,-0.146470,-0.146470,-8.3921,-8.3921,1,1,0.003517,0.00001237
1771742657.767036,20.380000,0.010000,0.003269,0.009660,-0.005626,-0.3224,-0.623715,0.008845,2.244511,-0.127451,-0.127451,-7.3024,-7.3024,1,1,0.003269,0.00001069
1771742657.777036,20.390000,0.010000,0.003005,0.007761,-0.004316,-0.2473,-0.627049,0.024994,1.614881,-0.103608,-0.103608,-5.9363,-5.9363,1,1,0.003005,0.00000903
1771742657.787036,20.400000,0.010000,0.002728,0.006232,-0.003046,-0.1745,-0.632608,0.035633,1.063955,0.040205,0.040205,2.3036,2.3036,1,1,0.002728,0.00000744
1771742657.797036,20.410000,0.010000,0.002440,0.005052,-0.001832,-0.1050,-0.639894,0.041452,0.581895,0.133199,0.133199,7.6317,7.6317,1,1,0.002440,0.00000595
1771742657.807036,20.420000,0.010000,0.002144,0.004200,-0.000686,-0.0393,-0.648550,0.043053,0.160092,0.176180,0.176180,10.0944,10.0944,1,1,0.002144,0.00000460
1771742657.817036,20.430000,0.010000,0.001843,0.003662,0.000383,0.0219,-0.658305,0.042121,-0.093267,0.174656,0.174656,10.0070,10.0070,1,1,0.001843,0.00000340
1771742657.827036,20.440000,0.010000,0.001539,0.003423,0.001366,0.0783,-0.668950,0.037814,-0.430674,0.196463,0.196463,11.2565,11.2565,1,1,0.001539,0.00000237
1771742657.837036,20.450000,0.010000,0.001235,0.003470,0.002257,0.1293,-0.680314,0.030555,-0.725906,0.236868,0.236868,13.5716,13.5716,1,1,0.001235,0.00000152
1771742657.847036,20.460000,0.010000,0.000933,0.003788,0.003050,0.1748,-0.692246,0.020712,-0.984233,0.279640,0.279640,16.0222,16.0222,1,1,0.000933,0.00000087
1771742657.857036,20.470000,0.010000,0.000635,0.004362,0.003742,0.2144,-0.704610,0.008610,-1.210270,0.324623,0.324623,18.5995,18.5995,1,1,0.000635,0.00000040
1771742657.867036,20.480000,0.010000,0.000343,0.005174,0.004329,0.2481,-0.717275,-0.005471,-1.408052,0.350655,0.350655,20.0910,20.0910,1,1,0.000343,0.00000012
1771742657.877036,20.490000,0.010000,0.000060,0.006210,0.004810,0.2756,-0.730197,-0.021282,-1.581112,0.360498,0.360498,20.6550,20.6550,1,1,0.000060,0.00000000
1771742657.887036,20.500000,0.010000,-0.000214,0.007448,0.005182,0.2969,-0.743236,-0.036930,-1.564848,0.367486,0.367486,21.0554,21.0554,1,1,0.000214,0.00000005
1771742657.897036,20.510000,0.010000,-0.000476,0.008869,0.005446,0.3120,-0.756279,-0.048246,-1.131509,0.369952,0.369952,21.1967,21.1967,1,1,0.000476,0.00000023
1771742657.907036,20.520000,0.010000,-0.000725,0.010449,0.005601,0.3209,-0.769218,-0.055166,-0.692033,0.354308,0.354308,20.3004,20.3004,1,1,0.000725,0.00000053
1771742657.917036,20.530000,0.010000,-0.000961,0.012168,0.005649,0.3237,-0.781958,-0.057730,-0.256463,0.321555,0.321555,18.4238,18.4238,1,1,0.000961,0.00000092
1771742657.927036,20.540000,0.010000,-0.001181,0.014005,0.005592,0.3204,-0.794421,-0.056484,0.124660,0.262183,0.262183,15.0220,15.0220,1,1,0.001181,0.00000139
1771742657.937036,20.550000,0.010000,-0.001385,0.015938,0.005433,0.3113,-0.806537,-0.051902,0.458144,0.172839,0.172839,9.9029,9.9029,1,1,0.001385,0.00000192
1771742657.947036,20.560000,0.010000,-0.001572,0.017948,0.005175,0.2965,-0.818243,-0.044403,0.749942,0.168283,0.168283,9.6419,9.6419,1,1,0.001572,0.00000247
1771742657.957036,20.570000,0.010000,-0.001743,0.020014,0.004821,0.2762,-0.829486,-0.034350,1.005265,0.167858,0.167858,9.6176,9.6176,1,1,0.001743,0.00000304
1771742657.967036,20.580000,0.010000,-0.001896,0.022116,0.004376,0.2507,-0.840218,-0.022064,1.228673,0.217875,0.217875,12.4833,12.4833,1,1,0.001896,0.00000359
1771742657.977036,20.590000,0.010000,-0.002031,0.024235,0.003844,0.2203,-0.850399,-0.007822,1.424154,0.266485,0.266485,15.2684,15.2684,1,1,0.002031,0.00000412
1771742657.987036,20.600000,0.010000,-0.002148,0.026352,0.003231,0.1851,-0.859997,0.008130,1.595201,0.282906,0.282906,16.2093,16.2093,1,1,0.002148,0.00000462
1771742657.997036,20.610000,0.010000,-0.002248,0.028450,0.002540,0.1456,-0.868985,0.025579,1.744867,0.230937,0.230937,13.2317,13.2317,1,1,0.002248,0.00000505
1771742658.007036,20.620000,0.010000,-0.002331,0.030512,0.001778,0.1019,-0.877344,0.044337,1.875824,0.150962,0.150962,8.6495,8.6495,1,1,0.002331,0.00000543
1771742658.017036,20.630000,0.010000,-0.002397,0.032521,0.000950,0.0544,-0.885061,0.064241,1.990412,0.067304,0.067304,3.8562,3.8562,1,1,0.002397,0.00000574
1771742658.027036,20.640000,0.010000,-0.002466,0.029557,0.000427,0.0245,-0.804404,0.085148,2.090676,-0.029839,-0.029839,-1.7097,-1.7097,1,1,0.002466,0.00000608
1771742658.037036,20.650000,0.010000,-0.002557,0.026580,0.000507,0.0290,-0.723747,0.106932,2.178408,-0.141960,-0.141960,-8.1337,-8.1337,1,1,0.002557,0.00000654
1771742658.047036,20.660000,0.010000,-0.002669,0.023553,0.001197,0.0686,-0.641358,0.129483,2.255173,-0.210627,-0.210627,-12.0680,-12.0680,1,1,0.002669,0.00000712
1771742658.057036,20.670000,0.010000,-0.002784,0.025027,0.002178,0.1248,-0.637450,0.146071,1.658745,-0.260838,-0.260838,-14.9449,-14.9449,1,1,0.002784,0.00000775
1771742658.067036,20.680000,0.010000,-0.002908,0.020860,0.003615,0.2071,-0.530315,0.157094,1.102336,-0.257710,-0.257710,-14.7657,-14.7657,1,1,0.002908,0.00000846
1771742658.077036,20.690000,0.010000,-0.003005,0.030508,0.004843,0.2775,-0.666707,0.163249,0.615478,-0.210237,-0.210237,-12.0457,-12.0457,1,1,0.003005,0.00000903
1771742658.087036,20.700000,0.010000,-0.003120,0.017920,0.006707,0.3843,-0.403266,0.165144,0.189478,-0.264963,-0.264963,-15.1813,-15.1813,1,1,0.003120,0.00000973
1771742658.097036,20.710000,0.010000,-0.003223,0.030415,0.008704,0.4987,-0.584123,0.170292,0.514859,-0.133058,-0.133058,-7.6237,-7.6237,1,1,0.003223,0.00001039
1771742658.107036,20.720000,0.010000,-0.003296,0.026917,0.010544,0.6041,-0.475380,0.178288,0.799567,-0.260066,-0.260066,-14.9007,-14.9007,1,1,0.003296,0.00001086
1771742658.117036,20.730000,0.010000,-0.003335,0.037406,0.012179,0.6978,-0.612889,0.188775,1.048687,-0.234174,-0.234174,-13.4172,-13.4172,1,1,0.003335,0.00001112
1771742658.127036,20.740000,0.010000,-0.003404,0.021095,0.014783,0.8470,-0.269456,0.194460,0.568535,-0.324809,-0.324809,-18.6102,-18.6102,1,1,0.003404,0.00001159
1771742658.137036,20.750000,0.010000,-0.003460,0.036787,0.017617,1.0094,-0.492918,0.195944,0.148403,-0.138784,-0.138784,-7.9517,-7.9517,1,1,0.003460,0.00001197
1771742658.147036,20.760000,0.010000,-0.003420,0.046330,0.019250,1.1029,-0.601404,0.193752,-0.219213,-0.257888,-0.257888,-14.7759,-14.7759,1,1,0.003420,0.00001170
1771742658.157036,20.770000,0.010000,-0.003366,0.041339,0.021160,1.2124,-0.448448,0.188343,-0.540878,-0.270617,-0.270617,-15.5052,-15.5052,1,1,0.003366,0.00001133
1771742658.167036,20.780000,0.010000,-0.003275,0.053660,0.022952,1.3151,-0.602145,0.180120,-0.822334,-0.140248,-0.140248,-8.0356,-8.0356,1,1,0.003275,0.00001073
1771742658.177036,20.790000,0.010000,-0.003102,0.062877,0.023838,1.3658,-0.698210,0.169434,-1.068608,-0.188045,-0.188045,-10.7742,-10.7742,1,1,0.003102,0.00000962
1771742658.187036,20.800000,0.010000,-0.002886,0.064932,0.024546,1.4064,-0.666460,0.156593,-1.284098,-0.176482,-0.176482,-10.1117,-10.1117,1,1,0.002886,0.00000833
1771742658.197036,20.810000,0.010000,-0.002630,0.072375,0.025095,1.4378,-0.731928,0.141867,-1.472651,-0.142790,-0.142790,-8.1813,-8.1813,1,1,0.002630,0.00000692
1771742658.207036,20.820000,0.010000,-0.002323,0.078147,0.025286,1.4488,-0.768870,0.125490,-1.637636,-0.166228,-0.166228,-9.5242,-9.5242,1,1,0.002323,0.00000540
1771742658.217036,20.830000,0.010000,-0.001981,0.082076,0.025322,1.4509,-0.783816,0.107670,-1.781997,-0.193167,-0.193167,-11.0677,-11.0677,1,1,0.001981,0.00000392
1771742658.227036,20.840000,0.010000,-0.001639,0.081961,0.025473,1.4595,-0.769901,0.088587,-1.908313,-0.230695,-0.230695,-13.2178,-13.2178,1,1,0.001639,0.00000269
1771742658.237036,20.850000,0.010000,-0.001298,0.081842,0.025737,1.4746,-0.755936,0.068399,-2.018840,-0.288169,-0.288169,-16.5109,-16.5109,1,1,0.001298,0.00000169
1771742658.247036,20.860000,0.010000,-0.000958,0.081722,0.026115,1.4963,-0.741805,0.047243,-2.115551,-0.330756,-0.330756,-18.9509,-18.9509,1,1,0.000958,0.00000092
1771742658.257036,20.870000,0.010000,-0.000618,0.081602,0.026611,1.5247,-0.727416,0.025241,-2.200173,-0.339083,-0.339083,-19.4280,-19.4280,1,1,0.000618,0.00000038
1771742658.267036,20.880000,0.010000,-0.000278,0.081482,0.027225,1.5599,-0.712696,0.004738,-2.050312,-0.322236,-0.322236,-18.4628,-18.4628,1,1,0.000278,0.00000008
1771742658.277036,20.890000,0.010000,0.000061,0.081364,0.027961,1.6020,-0.697586,-0.016693,-2.143089,-0.292321,-0.292321,-16.7488,-16.7488,1,1,0.000061,0.00000000
1771742658.287036,20.900000,0.010000,0.000399,0.081249,0.028822,1.6514,-0.682035,-0.038935,-2.224269,-0.233466,-0.233466,-13.3766,-13.3766,1,1,0.000399,0.00000016
1771742658.297036,20.910000,0.010000,0.000735,0.080417,0.029313,1.6795,-0.719626,-0.054907,-1.597169,-0.164328,-0.164328,-9.4153,-9.4153,1,1,0.000735,0.00000054
1771742658.307036,20.920000,0.010000,0.001065,0.079293,0.029230,1.6747,-0.779175,-0.071549,-1.664228,-0.165728,-0.165728,-9.4955,-9.4955,1,1,0.001065,0.00000113
1771742658.317036,20.930000,0.010000,0.001393,0.078780,0.028998,1.6614,-0.793231,-0.084666,-1.311655,-0.166810,-0.166810,-9.5575,-9.5575,1,1,0.001393,0.00000194
1771742658.327036,20.940000,0.010000,0.001719,0.078070,0.028480,1.6318,-0.822086,-0.092652,-0.798632,-0.135694,-0.135694,-7.7747,-7.7747,1,1,0.001719,0.00000295
1771742658.337036,20.950000,0.010000,0.002041,0.077482,0.027761,1.5906,-0.841855,-0.101849,-0.919705,-0.144177,-0.144177,-8.2607,-8.2607,1,1,0.002041,0.00000417
1771742658.347036,20.960000,0.010000,0.002361,0.076612,0.026645,1.5267,-0.882859,-0.113264,-1.141476,-0.123042,-0.123042,-7.0498,-7.0498,1,1,0.002361,0.00000557
1771742658.357036,20.970000,0.010000,0.002677,0.075892,0.025235,1.4459,-0.912802,-0.126742,-1.347858,-0.072653,-0.072653,-4.1627,-4.1627,1,1,0.002677,0.00000717
1771742658.367036,20.980000,0.010000,0.002989,0.074905,0.023343,1.3375,-0.963104,-0.142027,-1.528441,0.037964,0.037964,2.1752,2.1752,1,1,0.002989,0.00000893
1771742658.377036,20.990000,0.010000,0.003298,0.074099,0.021095,1.2087,-0.999975,-0.158891,-1.686452,0.136900,0.136900,7.8438,7.8438,1,1,0.003298,0.00001087
1771742658.387036,21.000000,0.010000,0.003602,0.073034,0.018307,1.0489,-1.056809,-0.177139,-1.824711,0.200797,0.200797,11.5048,11.5048,1,1,0.003602,0.00001297
1771742658.397036,21.010000,0.010000,0.003903,0.072278,0.015197,0.8707,-1.090383,-0.195276,-1.813724,0.248996,0.248996,14.2664,14.2664,1,1,0.003903,0.00001523
1771742658.407036,21.020000,0.010000,0.004202,0.071679,0.011878,0.6805,-1.111916,-0.207655,-1.237942,0.266630,0.266630,15.2768,15.2768,1,1,0.004202,0.00001766
1771742658.417036,21.030000,0.010000,0.004493,0.070643,0.008560,0.4905,-1.110962,-0.214997,-0.734134,0.257875,0.257875,14.7752,14.7752,1,1,0.004493,0.00002019
1771742658.427036,21.040000,0.010000,0.004772,0.069071,0.005266,0.3017,-1.107636,-0.217930,-0.293301,0.233069,0.233069,13.3539,13.3539,1,1,0.004772,0.00002277
1771742658.437036,21.050000,0.010000,0.005020,0.065378,0.002275,0.1303,-1.074322,-0.217005,0.092427,0.184089,0.184089,10.5475,10.5475,1,1,0.005020,0.00002520
1771742658.447036,21.060000,0.010000,0.005252,0.063341,-0.000748,-0.0428,-1.077074,-0.212706,0.429940,0.134553,0.134553,7.7093,7.7093,1,1,0.005252,0.00002758
1771742658.457036,21.070000,0.010000,0.005411,0.055050,-0.002832,-0.1623,-0.975834,-0.205453,0.725263,0.056445,0.056445,3.2341,3.2341,1,1,0.005411,0.00002928
1771742658.467036,21.080000,0.010000,0.005612,0.059336,-0.006091,-0.3490,-1.101565,-0.197794,0.765955,0.030939,0.030939,1.7727,1.7727,1,1,0.005612,0.00003150
1771742658.477036,21.090000,0.010000,0.005680,0.044465,-0.007431,-0.4258,-0.895299,-0.188450,0.934396,0.067966,0.067966,3.8942,3.8942,1,1,0.005680,0.00003226
1771742658.487036,21.100000,0.010000,0.005795,0.049180,-0.010100,-0.5787,-1.038074,-0.176783,1.166662,0.074937,0.074937,4.2936,4.2936,1,1,0.005795,0.00003358
1771742658.497036,21.110000,0.010000,0.005783,0.035189,-0.011066,-0.6340,-0.855426,-0.163084,1.369896,0.098613,0.098613,5.6501,5.6501,1,1,0.005783,0.00003345
1771742658.507036,21.120000,0.010000,0.005724,0.029707,-0.011739,-0.6726,-0.825177,-0.147607,1.547724,0.058436,0.058436,3.3481,3.3481,1,1,0.005724,0.00003277
1771742658.517036,21.130000,0.010000,0.005583,0.020465,-0.011511,-0.6595,-0.729453,-0.130574,1.703325,0.052711,0.052711,3.0201,3.0201,1,1,0.005583,0.00003117
1771742658.527036,21.140000,0.010000,0.005430,0.018877,-0.011635,-0.6667,-0.767510,-0.112179,1.839475,-0.050949,-0.050949,-2.9191,-2.9191,1,1,0.005430,0.00002948
1771742658.537036,21.150000,0.010000,0.005203,0.010752,-0.011013,-0.6310,-0.689088,-0.092593,1.958606,-0.003015,-0.003015,-0.1727,-0.1727,1,1,0.005203,0.00002708
1771742658.547036,21.160000,0.010000,0.004922,0.004483,-0.009931,-0.5690,-0.640996,-0.071964,2.062847,-0.084289,-0.084289,-4.8294,-4.8294,1,1,0.004922,0.00002422
1771742658.557036,21.170000,0.010000,0.004598,0.000003,-0.008590,-0.4922,-0.615971,-0.050424,2.154057,-0.134230,-0.134230,-7.6908,-7.6908,1,1,0.004598,0.00002114
1771742658.567036,21.180000,0.010000,0.004258,0.000003,-0.007212,-0.4132,-0.625779,-0.028085,2.233865,-0.143042,-0.143042,-8.1957,-8.1957,1,1,0.004258,0.00001813
1771742658.577036,21.190000,0.010000,0.003918,0.000002,-0.005911,-0.3387,-0.634572,-0.007755,2.032976,-0.124440,-0.124440,-7.1299,-7.1299,1,1,0.003918,0.00001535
1771742658.587036,21.200000,0.010000,0.003579,0.000002,-0.004681,-0.2682,-0.642655,0.006542,1.429788,-0.037921,-0.037921,-2.1727,-2.1727,1,1,0.003579,0.00001281
1771742658.597036,21.210000,0.010000,0.003241,0.000001,-0.003519,-0.2016,-0.650256,0.015562,0.901999,0.058773,0.058773,3.3675,3.3675,1,1,0.003241,0.00001050
1771742658.607036,21.220000,0.010000,0.002903,0.000000,-0.002420,-0.1387,-0.657549,0.022113,0.655046,0.136143,0.136143,7.8004,7.8004,1,1,0.002903,0.00000843
1771742658.617036,21.230000,0.010000,0.002566,-0.000000,-0.001385,-0.0794,-0.664666,0.028716,0.660305,0.154415,0.154415,8.8473,8.8473,1,1,0.002566,0.00000659
1771742658.627036,21.240000,0.010000,0.002230,-0.000001,-0.000413,-0.0237,-0.671708,0.037453,0.873711,0.190127,0.190127,10.8935,10.8935,1,1,0.002230,0.00000497
1771742658.637036,21.250000,0.010000,0.001895,-0.000002,0.000497,0.0284,-0.678752,0.041607,0.415431,0.229848,0.229848,13.1693,13.1693,1,1,0.001895,0.00000359
1771742658.647036,21.260000,0.010000,0.001561,-0.000002,0.001343,0.0769,-0.685860,0.042995,0.138793,0.231377,0.231377,13.2569,13.2569,1,1,0.001561,0.00000244
1771742658.657036,21.270000,0.010000,0.001227,0.000028,0.002123,0.1217,-0.693272,0.040719,-0.227622,0.247005,0.247005,14.1524,14.1524,1,1,0.001227,0.00000151
1771742658.667036,21.280000,0.010000,0.000895,0.000184,0.002834,0.1624,-0.701582,0.035252,-0.546674,0.257706,0.257706,14.7655,14.7655,1,1,0.000895,0.00000080
1771742658.677036,21.290000,0.010000,0.000566,0.000577,0.003464,0.1985,-0.711367,0.026978,-0.827405,0.279479,0.279479,16.0129,16.0129,1,1,0.000566,0.00000032
1771742658.687036,21.300000,0.010000,0.000243,0.001337,0.004001,0.2292,-0.723158,0.016248,-1.073045,0.321785,0.321785,18.4369,18.4369,1,1,0.000243,0.00000006
1771742658.697036,21.310000,0.010000,-0.000073,0.002399,0.004432,0.2539,-0.736218,0.003368,-1.287981,0.355527,0.355527,20.3702,20.3702,1,1,0.000073,0.00000001
1771742658.707036,21.320000,0.010000,-0.000377,0.003713,0.004749,0.2721,-0.750002,-0.011392,-1.476049,0.375744,0.375744,21.5286,21.5286,1,1,0.000377,0.00000014
1771742658.717036,21.330000,0.010000,-0.000670,0.005242,0.004949,0.2836,-0.764147,-0.020817,-0.942477,0.377112,0.377112,21.6069,21.6069,1,1,0.000670,0.00000045
1771742658.727036,21.340000,0.010000,-0.000949,0.006957,0.005030,0.2882,-0.778425,-0.025573,-0.475601,0.358000,0.358000,20.5119,20.5119,1,1,0.000949,0.00000090
1771742658.737036,21.350000,0.010000,-0.001212,0.008829,0.004992,0.2860,-0.792644,-0.026244,-0.067085,0.318396,0.318396,18.2427,18.2427,1,1,0.001212,0.00000147
1771742658.747036,21.360000,0.010000,-0.001459,0.010831,0.004836,0.2771,-0.806659,-0.023340,0.290366,0.266982,0.266982,15.2970,15.2970,1,1,0.001459,0.00000213
1771742658.757036,21.370000,0.010000,-0.001688,0.012938,0.004564,0.2615,-0.820364,-0.017309,0.603136,0.240326,0.240326,13.7696,13.7696,1,1,0.001688,0.00000285
1771742658.767036,21.380000,0.010000,-0.001900,0.015127,0.004179,0.2394,-0.833672,-0.008541,0.876810,0.238010,0.238010,13.6370,13.6370,1,1,0.001900,0.00000361
1771742658.777036,21.390000,0.010000,-0.002092,0.017374,0.003685,0.2111,-0.846511,0.002622,1.116275,0.278573,0.278573,15.9611,15.9611,1,1,0.002092,0.00000438
1771742658.787036,21.400000,0.010000,-0.002266,0.019657,0.003087,0.1769,-0.858823,0.015880,1.325806,0.311876,0.311876,17.8692,17.8692,1,1,0.002266,0.00000513
1771742658.797036,21.410000,0.010000,-0.002420,0.021954,0.002388,0.1368,-0.870562,0.030971,1.509146,0.271927,0.271927,15.5803,15.5803,1,1,0.002420,0.00000586
1771742658.807036,21.420000,0.010000,-0.002556,0.024244,0.001595,0.0914,-0.881689,0.047667,1.669569,0.186288,0.186288,10.6735,10.6735,1,1,0.002556,0.00000653
1771742658.817036,21.430000,0.010000,-0.002672,0.026509,0.000712,0.0408,-0.892178,0.065766,1.809939,0.118480,0.118480,6.7884,6.7884,1,1,0.002672,0.00000714
1771742658.827036,21.440000,0.010000,-0.002798,0.021960,0.000249,0.0142,-0.781103,0.085094,1.932762,0.035697,0.035697,2.0453,2.0453,1,1,0.002798,0.00000783
1771742658.837036,21.450000,0.010000,-0.002930,0.023665,0.000151,0.0086,-0.781413,0.105496,2.040233,-0.076580,-0.076580,-4.3877,-4.3877,1,1,0.002930,0.00000859
1771742658.847036,21.460000,0.010000,-0.003105,0.011565,0.001075,0.0616,-0.534252,0.126839,2.134269,-0.180832,-0.180832,-10.3609,-10.3609,1,1,0.003105,0.00000964
1771742658.857036,21.470000,0.010000,-0.003279,0.021378,0.002237,0.1282,-0.675597,0.149005,2.216552,-0.207960,-0.207960,-11.9152,-11.9152,1,1,0.003279,0.00001075
1771742658.867036,21.480000,0.010000,-0.003498,0.001870,0.004527,0.2594,-0.289203,0.170179,2.117391,-0.279908,-0.279908,-16.0375,-16.0375,1,1,0.003498,0.00001223
1771742658.877036,21.490000,0.010000,-0.003717,0.017100,0.007158,0.4101,-0.518799,0.185215,1.503651,-0.115094,-0.115094,-6.5944,-6.5944,1,1,0.003717,0.00001382
1771742658.887036,21.500000,0.010000,-0.003899,0.013048,0.009511,0.5449,-0.398562,0.194881,0.966629,-0.264762,-0.264762,-15.1697,-15.1697,1,1,0.003899,0.00001520
1771742658.897036,21.510000,0.010000,-0.004034,0.026871,0.011462,0.6567,-0.591686,0.200272,0.539108,-0.180654,-0.180654,-10.3507,-10.3507,1,1,0.004034,0.00001627
1771742658.907036,21.520000,0.010000,-0.004213,0.004214,0.014678,0.8410,-0.131258,0.208480,0.820785,-0.296310,-0.296310,-16.9773,-16.9773,1,1,0.004213,0.00001775
1771742658.917036,21.530000,0.010000,-0.004385,0.023791,0.018255,1.0459,-0.416962,0.219153,1.067253,-0.016503,-0.016503,-0.9455,-0.9455,1,1,0.004385,0.00001923
1771742658.927036,21.540000,0.010000,-0.004476,0.026169,0.020984,1.2023,-0.389129,0.225750,0.659677,-0.268490,-0.268490,-15.3833,-15.3833,1,1,0.004476,0.00002004
1771742658.937036,21.550000,0.010000,-0.004524,0.034082,0.023536,1.3485,-0.454847,0.228031,0.228152,-0.257795,-0.257795,-14.7706,-14.7706,1,1,0.004524,0.00002046
1771742658.947036,21.560000,0.010000,-0.004544,0.033170,0.026268,1.5050,-0.359279,0.226537,-0.149433,-0.276004,-0.276004,-15.8139,-15.8139,1,1,0.004544,0.00002065
1771742658.957036,21.570000,0.010000,-0.004498,0.049097,0.028496,1.6327,-0.558929,0.221739,-0.479820,-0.180235,-0.180235,-10.3267,-10.3267,1,1,0.004498,0.00002023
1771742658.967036,21.580000,0.010000,-0.004425,0.041640,0.030977,1.7749,-0.339347,0.214049,-0.768908,-0.260909,-0.260909,-14.9490,-14.9490,1,1,0.004425,0.00001958
1771742658.977036,21.590000,0.010000,-0.004306,0.057880,0.033374,1.9122,-0.538679,0.203831,-1.021860,-0.059151,-0.059151,-3.3891,-3.3891,1,1,0.004306,0.00001854
1771742658.987036,21.600000,0.010000,-0.004078,0.070079,0.034600,1.9824,-0.662847,0.191399,-1.243194,-0.167759,-0.167759,-9.6119,-9.6119,1,1,0.004078,0.00001663
1771742658.997036,21.610000,0.010000,-0.003794,0.072987,0.035594,2.0394,-0.621357,0.177030,-1.436860,-0.221915,-0.221915,-12.7148,-12.7148,1,1,0.003794,0.00001439
1771742659.007036,21.620000,0.010000,-0.003454,0.082957,0.036383,2.0846,-0.706579,0.160967,-1.606319,-0.179494,-0.179494,-10.2843,-10.2843,1,1,0.003454,0.00001193
1771742659.017036,21.630000,0.010000,-0.003104,0.083954,0.037052,2.1229,-0.717597,0.143421,-1.754595,-0.237488,-0.237488,-13.6071,-13.6071,1,1,0.003104,0.00000963
1771742659.027036,21.640000,0.010000,-0.002755,0.083690,0.037728,2.1616,-0.715110,0.124578,-1.884336,-0.233645,-0.233645,-13.3869,-13.3869,1,1,0.002755,0.00000759
1771742659.037036,21.650000,0.010000,-0.002407,0.083467,0.038439,2.2024,-0.709427,0.104599,-1.997860,-0.227050,-0.227050,-13.0090,-13.0090,1,1,0.002407,0.00000580
1771742659.047036,21.660000,0.010000,-0.002060,0.083274,0.039209,2.2465,-0.701217,0.089461,-1.513774,-0.248348,-0.248348,-14.2293,-14.2293,1,1,0.002060,0.00000425
1771742659.057036,21.670000,0.010000,-0.001714,0.083105,0.040056,2.2951,-0.690975,0.072725,-1.673618,-0.223839,-0.223839,-12.8250,-12.8250,1,1,0.001714,0.00000294
1771742659.067036,21.680000,0.010000,-0.001369,0.082956,0.040996,2.3489,-0.679063,0.054590,-1.813482,-0.264507,-0.264507,-15.1551,-15.1551,1,1,0.001369,0.00000187
1771742659.077036,21.690000,0.010000,-0.001023,0.082822,0.042041,2.4088,-0.665749,0.035232,-1.935862,-0.279161,-0.279161,-15.9947,-15.9947,1,1,0.001023,0.00000105
1771742659.087036,21.700000,0.010000,-0.000679,0.082700,0.043201,2.4753,-0.651226,0.014802,-2.042945,-0.270395,-0.270395,-15.4925,-15.4925,1,1,0.000679,0.00000046
1771742659.097036,21.710000,0.010000,-0.000335,0.082590,0.044487,2.5489,-0.635633,-0.006564,-2.136643,-0.253640,-0.253640,-14.5325,-14.5325,1,1,0.000335,0.00000011
1771742659.107036,21.720000,0.010000,0.000007,0.082037,0.045593,2.6123,-0.652585,-0.021769,-1.520497,-0.229802,-0.229802,-13.1667,-13.1667,1,1,0.000007,0.00000000
1771742659.117036,21.730000,0.010000,0.000343,0.080582,0.045895,2.6296,-0.736626,-0.038564,-1.679500,-0.170520,-0.170520,-9.7701,-9.7701,1,1,0.000343,0.00000012
1771742659.127036,21.740000,0.010000,0.000676,0.079976,0.045981,2.6345,-0.757746,-0.056750,-1.818629,-0.229084,-0.229084,-13.1255,-13.1255,1,1,0.000676,0.00000046
1771742659.137036,21.750000,0.010000,0.001004,0.078763,0.045430,2.6030,-0.824277,-0.072093,-1.534302,-0.208541,-0.208541,-11.9485,-11.9485,1,1,0.001004,0.00000101
1771742659.147036,21.760000,0.010000,0.001330,0.078080,0.044610,2.5560,-0.851461,-0.089009,-1.691581,-0.198273,-0.198273,-11.3602,-11.3602,1,1,0.001330,0.00000177
1771742659.157036,21.770000,0.010000,0.001650,0.076798,0.043102,2.4695,-0.923741,-0.107089,-1.807952,-0.176106,-0.176106,-10.0901,-10.0901,1,1,0.001650,0.00000272
1771742659.167036,21.780000,0.010000,0.001968,0.076406,0.041528,2.3794,-0.929318,-0.122084,-1.499511,-0.120805,-0.120805,-6.9216,-6.9216,1,1,0.001968,0.00000387
1771742659.177036,21.790000,0.010000,0.002281,0.075070,0.039225,2.2474,-1.006253,-0.137867,-1.578305,-0.101421,-0.101421,-5.8110,-5.8110,1,1,0.002281,0.00000520
1771742659.187036,21.800000,0.010000,0.002594,0.075122,0.037171,2.1298,-0.978386,-0.148613,-1.074647,-0.022634,-0.022634,-1.2968,-1.2968,1,1,0.002594,0.00000673
1771742659.197036,21.810000,0.010000,0.002901,0.073602,0.034256,1.9627,-1.069680,-0.161507,-1.289382,-0.024905,-0.024905,-1.4269,-1.4269,1,1,0.002901,0.00000841
1771742659.207036,21.820000,0.010000,0.003207,0.073506,0.031539,1.8070,-1.047398,-0.176214,-1.470669,0.072156,0.072156,4.1342,4.1342,1,1,0.003207,0.00001028
1771742659.217036,21.830000,0.010000,0.003508,0.072261,0.028098,1.6099,-1.124172,-0.187986,-1.177269,0.134617,0.134617,7.7130,7.7130,1,1,0.003508,0.00001230
1771742659.227036,21.840000,0.010000,0.003780,0.069137,0.025284,1.4486,-1.056129,-0.196193,-0.820672,0.161975,0.161975,9.2805,9.2805,1,1,0.003780,0.00001429
1771742659.237036,21.850000,0.010000,0.004076,0.071031,0.021374,1.2247,-1.172844,-0.200394,-0.420107,0.154630,0.154630,8.8597,8.8597,1,1,0.004076,0.00001662
1771742659.247036,21.860000,0.010000,0.004250,0.057799,0.019627,1.1246,-0.940268,-0.200580,-0.018528,0.057389,0.057389,3.2882,3.2882,1,1,0.004250,0.00001807
1771742659.257036,21.870000,0.010000,0.004535,0.068322,0.014111,0.8085,-1.344380,-0.204143,-0.356305,0.090744,0.090744,5.1993,5.1993,1,1,0.004535,0.00002057
1771742659.267036,21.880000,0.010000,0.004660,0.050892,0.011320,0.6486,-1.051971,-0.204692,-0.054982,0.157382,0.157382,9.0173,9.0173,1,1,0.004660,0.00002171
1771742659.277036,21.890000,0.010000,0.004812,0.053676,0.007857,0.4502,-1.124101,-0.203890,0.080236,0.228264,0.228264,13.0786,13.0786,1,1,0.004812,0.00002315
1771742659.287036,21.900000,0.010000,0.004839,0.039935,0.006391,0.3662,-0.909910,-0.200417,0.347296,0.192819,0.192819,11.0477,11.0477,1,1,0.004839,0.00002341
1771742659.297036,21.910000,0.010000,0.005051,0.059705,0.001370,0.0785,-1.291843,-0.193888,0.652950,0.177965,0.177965,10.1967,10.1967,1,1,0.005051,0.00002551
1771742659.307036,21.920000,0.010000,0.005104,0.042201,-0.001135,-0.0651,-1.022103,-0.184684,0.920397,0.141147,0.141147,8.0871,8.0871,1,1,0.005104,0.00002605
1771742659.317036,21.930000,0.010000,0.005044,0.029802,-0.002015,-0.1155,-0.848236,-0.173139,1.154413,0.090474,0.090474,5.1838,5.1838,1,1,0.005044,0.00002544
1771742659.327036,21.940000,0.010000,0.005061,0.037776,-0.004638,-0.2657,-1.035916,-0.159548,1.359178,0.064672,0.064672,3.7054,3.7054,1,1,0.005061,0.00002561
1771742659.337036,21.950000,0.010000,0.004962,0.025186,-0.005637,-0.3230,-0.863501,-0.144164,1.538346,0.086078,0.086078,4.9319,4.9319,1,1,0.004962,0.00002463
1771742659.347036,21.960000,0.010000,0.004782,0.016082,-0.005607,-0.3213,-0.754159,-0.127213,1.695119,0.049319,0.049319,2.8258,2.8258,1,1,0.004782,0.00002287
1771742659.357036,21.970000,0.010000,0.004574,0.012863,-0.005511,-0.3158,-0.747672,-0.108890,1.832295,-0.028751,-0.028751,-1.6473,-1.6473,1,1,0.004574,0.00002092
1771742659.367036,21.980000,0.010000,0.004309,0.006578,-0.004816,-0.2759,-0.685025,-0.089367,1.952324,-0.036901,-0.036901,-2.1142,-2.1142,1,1,0.004309,0.00001856
1771742659.377036,21.990000,0.010000,0.004001,0.001892,-0.003761,-0.2155,-0.647797,-0.071022,1.834454,-0.105713,-0.105713,-6.0569,-6.0569,1,1,0.004001,0.00001601
1771742659.387036,22.000000,0.010000,0.003670,0.000002,-0.002547,-0.1459,-0.637771,-0.051480,1.954213,-0.122373,-0.122373,-7.0115,-7.0115,1,1,0.003670,0.00001347
1771742659.397036,22.010000,0.010000,0.003331,0.000001,-0.001330,-0.0762,-0.643141,-0.030890,2.059002,-0.132002,-0.132002,-7.5632,-7.5632,1,1,0.003331,0.00001110
1771742659.407036,22.020000,0.010000,0.002994,0.000001,-0.000162,-0.0093,-0.648634,-0.009383,2.150693,-0.078488,-0.078488,-4.4970,-4.4970,1,1,0.002994,0.00000896
1771742659.417036,22.030000,0.010000,0.002657,-0.000000,0.000955,0.0547,-0.654267,0.012926,2.230922,-0.009011,-0.009011,-0.5163,-0.5163,1,1,0.002657,0.00000706
1771742659.427036,22.040000,0.010000,0.002321,-0.000001,0.002020,0.1157,-0.660056,0.033556,2.062993,0.037477,0.037477,2.1473,2.1473,1,1,0.002321,0.00000539
1771742659.437036,22.050000,0.010000,0.001987,-0.000001,0.003031,0.1736,-0.666014,0.048116,1.456053,0.099156,0.099156,5.6812,5.6812,1,1,0.001987,0.00000395
1771742659.447036,22.060000,0.010000,0.001652,-0.000002,0.003986,0.2284,-0.672154,0.057366,0.924980,0.159058,0.159058,9.1133,9.1133,1,1,0.001652,0.00000273
1771742659.457036,22.070000,0.010000,0.001319,0.000065,0.004883,0.2798,-0.678908,0.061969,0.460292,0.216681,0.216681,12.4149,12.4149,1,1,0.001319,0.00000174
1771742659.467036,22.080000,0.010000,0.000988,0.000297,0.005714,0.3274,-0.686823,0.064983,0.301356,0.249978,0.249978,14.3227,14.3227,1,1,0.000988,0.00000098
1771742659.477036,22.090000,0.010000,0.000662,0.000917,0.006464,0.3703,-0.697087,0.064129,-0.085380,0.250891,0.250891,14.3750,14.3750,1,1,0.000662,0.00000044
1771742659.487036,22.100000,0.010000,0.000342,0.001884,0.007119,0.4079,-0.708965,0.059891,-0.423773,0.258859,0.258859,14.8315,14.8315,1,1,0.000342,0.00000012
1771742659.497036,22.110000,0.010000,0.000033,0.003143,0.007669,0.4394,-0.721833,0.052693,-0.719867,0.274988,0.274988,15.7556,15.7556,1,1,0.000033,0.00000000
1771742659.507036,22.120000,0.010000,-0.000264,0.004648,0.008109,0.4646,-0.735233,0.042903,-0.978950,0.282183,0.282183,16.1679,16.1679,1,1,0.000264,0.00000007
1771742659.517036,22.130000,0.010000,-0.000548,0.006365,0.008435,0.4833,-0.748860,0.030847,-1.205647,0.303989,0.303989,17.4173,17.4173,1,1,0.000548,0.00000030
1771742659.527036,22.140000,0.010000,-0.000816,0.008267,0.008648,0.4955,-0.762501,0.016807,-1.404007,0.323914,0.323914,18.5589,18.5589,1,1,0.000816,0.00000067
1771742659.537036,22.150000,0.010000,-0.001067,0.010326,0.008747,0.5012,-0.775974,0.004895,-1.191182,0.347586,0.347586,19.9152,19.9152,1,1,0.001067,0.00000114
1771742659.547036,22.160000,0.010000,-0.001301,0.012514,0.008735,0.5005,-0.789141,-0.002037,-0.693219,0.342436,0.342436,19.6201,19.6201,1,1,0.001301,0.00000169
1771742659.557036,22.170000,0.010000,-0.001515,0.014806,0.008616,0.4937,-0.801895,-0.004612,-0.257500,0.293547,0.293547,16.8190,16.8190,1,1,0.001515,0.00000230
1771742659.567036,22.180000,0.010000,-0.001710,0.017178,0.008392,0.4808,-0.814149,-0.003375,0.123753,0.259124,0.259124,14.8467,14.8467,1,1,0.001710,0.00000292
1771742659.577036,22.190000,0.010000,-0.001884,0.019607,0.008069,0.4623,-0.825831,0.001199,0.457350,0.242791,0.242791,13.9109,13.9109,1,1,0.001884,0.00000355
1771742659.587036,22.200000,0.010000,-0.002038,0.022071,0.007652,0.4384,-0.836883,0.008691,0.749247,0.247238,0.247238,14.1657,14.1657,1,1,0.002038,0.00000415
1771742659.597036,22.210000,0.010000,-0.002171,0.024549,0.007146,0.4095,-0.847255,0.018738,1.004657,0.287830,0.287830,16.4914,16.4914,1,1,0.002171,0.00000471
1771742659.607036,22.220000,0.010000,-0.002284,0.027018,0.006558,0.3757,-0.856908,0.031019,1.228141,0.301736,0.301736,17.2882,17.2882,1,1,0.002284,0.00000522
1771742659.617036,22.230000,0.010000,-0.002376,0.029460,0.005893,0.3376,-0.865813,0.045256,1.423689,0.251988,0.251988,14.4379,14.4379,1,1,0.002376,0.00000565
1771742659.627036,22.240000,0.010000,-0.002448,0.031856,0.005158,0.2955,-0.873947,0.061204,1.594794,0.162283,0.162283,9.2981,9.2981,1,1,0.002448,0.00000599
1771742659.637036,22.250000,0.010000,-0.002501,0.034188,0.004359,0.2498,-0.881295,0.078649,1.744510,0.062140,0.062140,3.5603,3.5603,1,1,0.002501,0.00000625
1771742659.647036,22.260000,0.010000,-0.002575,0.026665,0.004232,0.2425,-0.713127,0.097404,1.875512,-0.048894,-0.048894,-2.8014,-2.8014,1,1,0.002575,0.00000663
1771742659.657036,22.270000,0.010000,-0.002649,0.032282,0.004391,0.2516,-0.779531,0.117305,1.990139,-0.135503,-0.135503,-7.7638,-7.7638,1,1,0.002649,0.00000702
1771742659.667036,22.280000,0.010000,-0.002768,0.016764,0.005624,0.3222,-0.467292,0.138210,2.090438,-0.237625,-0.237625,-13.6149,-13.6149,1,1,0.002768,0.00000766
1771742659.677036,22.290000,0.010000,-0.002892,0.027464,0.007266,0.4163,-0.620963,0.159992,2.178199,-0.237425,-0.237425,-13.6034,-13.6034,1,1,0.002892,0.00000836
1771742659.687036,22.300000,0.010000,-0.003019,0.017609,0.009293,0.5325,-0.403799,0.176686,1.669441,-0.318801,-0.318801,-18.2659,-18.2659,1,1,0.003019,0.00000912
1771742659.697036,22.310000,0.010000,-0.003126,0.030000,0.011317,0.6484,-0.579943,0.187803,1.111695,-0.217214,-0.217214,-12.4454,-12.4454,1,1,0.003126,0.00000977
1771742659.707036,22.320000,0.010000,-0.003234,0.018915,0.013776,0.7893,-0.332898,0.194677,0.687351,-0.307688,-0.307688,-17.6292,-17.6292,1,1,0.003234,0.00001046
1771742659.717036,22.330000,0.010000,-0.003318,0.033103,0.016237,0.9303,-0.532541,0.201247,0.657018,-0.172599,-0.172599,-9.8892,-9.8892,1,1,0.003318,0.00001101
1771742659.727036,22.340000,0.010000,-0.003389,0.024009,0.018945,1.0855,-0.312137,0.210486,0.923957,-0.296951,-0.296951,-17.0140,-17.0140,1,1,0.003389,0.00001148
1771742659.737036,22.350000,0.010000,-0.003425,0.038949,0.021550,1.2347,-0.516062,0.221893,1.140625,-0.213034,-0.213034,-12.2059,-12.2059,1,1,0.003425,0.00001173
1771742659.747036,22.360000,0.010000,-0.003465,0.025396,0.024757,1.4185,-0.207393,0.228382,0.648981,-0.341104,-0.341104,-19.5438,-19.5438,1,1,0.003465,0.00001201
1771742659.757036,22.370000,0.010000,-0.003476,0.042606,0.028031,1.6061,-0.442671,0.230570,0.218793,-0.236076,-0.236076,-13.5262,-13.5262,1,1,0.003476,0.00001208
1771742659.767036,22.380000,0.010000,-0.003408,0.046667,0.030538,1.7497,-0.437968,0.228994,-0.157622,-0.300615,-0.300615,-17.2240,-17.2240,1,1,0.003408,0.00001161
1771742659.777036,22.390000,0.010000,-0.003281,0.056653,0.032664,1.8715,-0.535735,0.224124,-0.486985,-0.266559,-0.266559,-15.2727,-15.2727,1,1,0.003281,0.00001077
1771742659.787036,22.400000,0.010000,-0.003121,0.055974,0.034866,1.9977,-0.440991,0.216373,-0.775178,-0.279709,-0.279709,-16.0262,-16.0262,1,1,0.003121,0.00000974
1771742659.797036,22.410000,0.010000,-0.002907,0.068380,0.036828,2.1101,-0.578085,0.206099,-1.027347,-0.185494,-0.185494,-10.6280,-10.6280,1,1,0.002907,0.00000845
1771742659.807036,22.420000,0.010000,-0.002610,0.077785,0.038008,2.1777,-0.660258,0.193619,-1.247994,-0.234100,-0.234100,-13.4129,-13.4129,1,1,0.002610,0.00000681
1771742659.817036,22.430000,0.010000,-0.002262,0.083493,0.038816,2.2240,-0.698360,0.179209,-1.441061,-0.258689,-0.258689,-14.8218,-14.8218,1,1,0.002262,0.00000512
1771742659.827036,22.440000,0.010000,-0.001915,0.083287,0.039674,2.2731,-0.690932,0.163109,-1.609994,-0.267740,-0.267740,-15.3404,-15.3404,1,1,0.001915,0.00000367
1771742659.837036,22.450000,0.010000,-0.001569,0.083110,0.040605,2.3265,-0.681198,0.145531,-1.757811,-0.245859,-0.245859,-14.0867,-14.0867,1,1,0.001569,0.00000246
1771742659.847036,22.460000,0.010000,-0.001223,0.082954,0.041624,2.3849,-0.669587,0.126659,-1.887150,-0.225262,-0.225262,-12.9066,-12.9066,1,1,0.001223,0.00000150
1771742659.857036,22.470000,0.010000,-0.000878,0.082816,0.042747,2.4492,-0.656417,0.106656,-2.000322,-0.209615,-0.209615,-12.0101,-12.0101,1,1,0.000878,0.00000077
1771742659.867036,22.480000,0.010000,-0.000534,0.082692,0.043985,2.5202,-0.641918,0.085662,-2.099348,-0.238384,-0.238384,-13.6584,-13.6584,1,1,0.000534,0.00000028
1771742659.877036,22.490000,0.010000,-0.000190,0.082581,0.045348,2.5983,-0.626255,0.063802,-2.185995,-0.254860,-0.254860,-14.6024,-14.6024,1,1,0.000190,0.00000004
1771742659.887036,22.500000,0.010000,0.000154,0.082480,0.046845,2.6840,-0.609547,0.041184,-2.261812,-0.259655,-0.259655,-14.8771,-14.8771,1,1,0.000154,0.00000002
1771742659.897036,22.510000,0.010000,0.000497,0.082389,0.048485,2.7780,-0.591876,0.017903,-2.328151,-0.249682,-0.249682,-14.3057,-14.3057,1,1,0.000497,0.00000025
1771742659.907036,22.520000,0.010000,0.000838,0.081741,0.049883,2.8581,-0.615312,-0.005959,-2.386198,-0.213946,-0.213946,-12.2582,-12.2582,1,1,0.000838,0.00000070
1771742659.917036,22.530000,0.010000,0.001170,0.079755,0.050108,2.8710,-0.738806,-0.030329,-2.436989,-0.201917,-0.201917,-11.5690,-11.5690,1,1,0.001170,0.00000137
1771742659.927036,22.540000,0.010000,0.001502,0.079584,0.050424,2.8891,-0.727069,-0.049725,-1.939559,-0.255310,-0.255310,-14.6282,-14.6282,1,1,0.001502,0.00000226
1771742659.937036,22.550000,0.010000,0.001825,0.077514,0.049503,2.8363,-0.857814,-0.070187,-2.046180,-0.201754,-0.201754,-11.5597,-11.5597,1,1,0.001825,0.00000333
1771742659.947036,22.560000,0.010000,0.002147,0.077360,0.048685,2.7894,-0.845109,-0.091581,-2.139473,-0.215237,-0.215237,-12.3322,-12.3322,1,1,0.002147,0.00000461
1771742659.957036,22.570000,0.010000,0.002461,0.075242,0.046589,2.6693,-0.980685,-0.113601,-2.201985,-0.143349,-0.143349,-8.2133,-8.2133,1,1,0.002461,0.00000606
1771742659.967036,22.580000,0.010000,0.002769,0.074823,0.045008,2.5788,-0.924124,-0.130133,-1.653220,-0.124990,-0.124990,-7.1614,-7.1614,1,1,0.002769,0.00000767
1771742659.977036,22.590000,0.010000,0.003076,0.073695,0.042239,2.4201,-1.050314,-0.142024,-1.189113,-0.079186,-0.079186,-4.5370,-4.5370,1,1,0.003076,0.00000946
1771742659.987036,22.600000,0.010000,0.003332,0.068234,0.040713,2.3327,-0.916045,-0.150473,-0.844883,-0.083887,-0.083887,-4.8064,-4.8064,1,1,0.003332,0.00001110
1771742659.997036,22.610000,0.010000,0.003631,0.071587,0.036723,2.1041,-1.179404,-0.161357,-1.088338,-0.033166,-0.033166,-1.9002,-1.9002,1,1,0.003631,0.00001318
1771742660.007036,22.620000,0.010000,0.003815,0.059271,0.034993,2.0050,-0.936279,-0.173045,-1.168794,-0.001587,-0.001587,-0.0909,-0.0909,1,1,0.003815,0.00001455
1771742660.017036,22.630000,0.010000,0.004104,0.069344,0.029854,1.7105,-1.301739,-0.183871,-1.082632,0.183239,0.183239,10.4988,10.4988,1,1,0.004104,0.00001684
1771742660.027036,22.640000,0.010000,0.004248,0.053768,0.027384,1.5690,-1.015081,-0.192097,-0.822632,0.137533,0.137533,7.8800,7.8800,1,1,0.004248,0.00001805
1771742660.037036,22.650000,0.010000,0.004526,0.068021,0.022577,1.2936,-1.265730,-0.195805,-0.370737,0.269119,0.269119,15.4194,15.4194,1,1,0.004526,0.00002048
1771742660.047036,22.660000,0.010000,0.004659,0.052319,0.020322,1.1644,-0.991659,-0.196569,-0.076407,0.092860,0.092860,5.3205,5.3205,1,1,0.004659,0.00002171
1771742660.057036,22.670000,0.010000,0.004938,0.067762,0.015277,0.8753,-1.290922,-0.200728,-0.415922,0.158764,0.158764,9.0965,9.0965,1,1,0.004938,0.00002438
1771742660.067036,22.680000,0.010000,0.005061,0.050765,0.012862,0.7369,-1.008466,-0.200877,-0.014866,0.149039,0.149039,8.5393,8.5393,1,1,0.005061,0.00002561
1771742660.077036,22.690000,0.010000,0.005279,0.060857,0.008561,0.4905,-1.210886,-0.202672,-0.179505,0.194501,0.194501,11.1441,11.1441,1,1,0.005279,0.00002787
1771742660.087036,22.700000,0.010000,0.005351,0.044725,0.006622,0.3794,-0.957263,-0.200752,0.191999,0.195548,0.195548,11.2041,11.2041,1,1,0.005351,0.00002863
1771742660.097036,22.710000,0.010000,0.005533,0.056386,0.002432,0.1394,-1.199063,-0.195581,0.517065,0.205156,0.205156,11.7546,11.7546,1,1,0.005533,0.00003061
1771742660.107036,22.720000,0.010000,0.005565,0.039951,0.000549,0.0315,-0.951603,-0.187566,0.801498,0.112047,0.112047,6.4198,6.4198,1,1,0.005565,0.00003097
1771742660.117036,22.730000,0.010000,0.005595,0.039346,-0.001667,-0.0955,-0.987764,-0.177062,1.050376,0.081345,0.081345,4.6607,4.6607,1,1,0.005595,0.00003130
1771742660.127036,22.740000,0.010000,0.005511,0.026973,-0.002300,-0.1318,-0.819983,-0.164381,1.268145,0.063840,0.063840,3.6578,3.6578,1,1,0.005511,0.00003037
1771742660.137036,22.750000,0.010000,0.005497,0.034031,-0.004577,-0.2623,-0.995755,-0.149794,1.458693,0.009276,0.009276,0.5315,0.5315,1,1,0.005497,0.00003021
1771742660.147036,22.760000,0.010000,0.005368,0.021555,-0.005287,-0.3029,-0.829581,-0.133540,1.625422,0.050876,0.050876,2.9150,2.9150,1,1,0.005368,0.00002882
1771742660.157036,22.770000,0.010000,0.005158,0.012485,-0.005006,-0.2868,-0.724303,-0.115827,1.771310,0.012662,0.012662,0.7255,0.7255,1,1,0.005158,0.00002660
1771742660.167036,22.780000,0.010000,0.004909,0.008038,-0.004479,-0.2566,-0.698841,-0.096837,1.898962,-0.095304,-0.095304,-5.4605,-5.4605,1,1,0.004909,0.00002409
1771742660.177036,22.790000,0.010000,0.004606,0.002175,-0.003443,-0.1973,-0.645778,-0.076730,2.010658,-0.114990,-0.114990,-6.5885,-6.5885,1,1,0.004606,0.00002122
1771742660.187036,22.800000,0.010000,0.004274,0.000003,-0.002166,-0.1241,-0.629046,-0.055646,2.108391,-0.164938,-0.164938,-9.4503,-9.4503,1,1,0.004274,0.00001827
1771742660.197036,22.810000,0.010000,0.003934,0.000002,-0.000848,-0.0486,-0.630908,-0.033707,2.193908,-0.168450,-0.168450,-9.6515,-9.6515,1,1,0.003934,0.00001548
1771742660.207036,22.820000,0.010000,0.003596,0.000002,0.000445,0.0255,-0.633573,-0.011020,2.268736,-0.125345,-0.125345,-7.1817,-7.1817,1,1,0.003596,0.00001293
1771742660.217036,22.830000,0.010000,0.003258,0.000001,0.001708,0.0978,-0.636878,0.012322,2.334210,-0.064670,-0.064670,-3.7053,-3.7053,1,1,0.003258,0.00001061
1771742660.227036,22.840000,0.010000,0.002921,0.000000,0.002934,0.1681,-0.640703,0.036237,2.391499,-0.015671,-0.015671,-0.8979,-0.8979,1,1,0.002921,0.00000853
1771742660.237036,22.850000,0.010000,0.002585,-0.000000,0.004122,0.2362,-0.644961,0.053672,1.743496,-0.014600,-0.014600,-0.8365,-0.8365,1,1,0.002585,0.00000668
1771742660.247036,22.860000,0.010000,0.002250,-0.000001,0.005267,0.3018,-0.649587,0.065437,1.176493,0.087036,0.087036,4.9868,4.9868,1,1,0.002250,0.00000506
1771742660.257036,22.870000,0.010000,0.001916,-0.000002,0.006366,0.3648,-0.654536,0.072241,0.680366,0.135887,0.135887,7.7858,7.7858,1,1,0.001916,0.00000367
1771742660.267036,22.880000,0.010000,0.001583,0.000071,0.007416,0.4249,-0.660229,0.074703,0.246254,0.179659,0.179659,10.2937,10.2937,1,1,0.001583,0.00000251
1771742660.277036,22.890000,0.010000,0.001252,0.000314,0.008407,0.4817,-0.667176,0.073367,-0.133594,0.191618,0.191618,10.9789,10.9789,1,1,0.001252,0.00000157
1771742660.287036,22.900000,0.010000,0.000926,0.000971,0.009326,0.5343,-0.676663,0.068708,-0.465960,0.208531,0.208531,11.9480,11.9480,1,1,0.000926,0.00000086
1771742660.297036,22.910000,0.010000,0.000607,0.001992,0.010155,0.5818,-0.687843,0.061140,-0.756781,0.225481,0.225481,12.9191,12.9191,1,1,0.000607,0.00000037
1771742660.307036,22.920000,0.010000,0.000299,0.003318,0.010886,0.6237,-0.700005,0.051027,-1.011249,0.245431,0.245431,14.0622,14.0622,1,1,0.000299,0.00000009
1771742660.317036,22.930000,0.010000,0.000004,0.004906,0.011511,0.6595,-0.712724,0.038688,-1.233909,0.268262,0.268262,15.3703,15.3703,1,1,0.000004,0.00000000
1771742660.327036,22.940000,0.010000,-0.000277,0.006722,0.012030,0.6892,-0.725677,0.024401,-1.428736,0.283295,0.283295,16.2316,16.2316,1,1,0.000277,0.00000008
1771742660.337036,22.950000,0.010000,-0.000542,0.008736,0.012440,0.7128,-0.738631,0.008409,-1.599210,0.311555,0.311555,17.8508,17.8508,1,1,0.000542,0.00000029
1771742660.347036,22.960000,0.010000,-0.000788,0.010919,0.012743,0.7301,-0.751385,-0.002094,-1.050243,0.330469,0.330469,18.9345,18.9345,1,1,0.000788,0.00000062
1771742660.357036,22.970000,0.010000,-0.001016,0.013243,0.012942,0.7415,-0.763785,-0.007793,-0.569897,0.295473,0.295473,16.9294,16.9294,1,1,0.001016,0.00000103
1771742660.367036,22.980000,0.010000,-0.001223,0.015683,0.013039,0.7471,-0.775714,-0.009289,-0.149594,0.222936,0.222936,12.7733,12.7733,1,1,0.001223,0.00000150
1771742660.377036,22.990000,0.010000,-0.001409,0.018212,0.013041,0.7472,-0.787071,-0.007107,0.218171,0.181735,0.181735,10.4127,10.4127,1,1,0.001409,0.00000199
1771742660.387036,23.000000,0.010000,-0.001574,0.020809,0.012951,0.7420,-0.797780,-0.001707,0.539966,0.178845,0.178845,10.2471,10.2471,1,1,0.001574,0.00000248
1771742660.397036,23.010000,0.010000,-0.001717,0.023450,0.012775,0.7320,-0.807778,0.006508,0.821536,0.227964,0.227964,13.0614,13.0614,1,1,0.001717,0.00000295
1771742660.407036,23.020000,0.010000,-0.001838,0.026113,0.012520,0.7174,-0.817009,0.017187,1.067910,0.282704,0.282704,16.1978,16.1978,1,1,0.001838,0.00000338
1771742660.417036,23.030000,0.010000,-0.001936,0.028778,0.012193,0.6986,-0.825426,0.030022,1.283487,0.310354,0.310354,17.7819,17.7819,1,1,0.001936,0.00000375
1771742660.427036,23.040000,0.010000,-0.002013,0.031424,0.011801,0.6761,-0.832996,0.044743,1.472117,0.286309,0.286309,16.4043,16.4043,1,1,0.002013,0.00000405
1771742660.437036,23.050000,0.010000,-0.002067,0.034033,0.011350,0.6503,-0.839686,0.061115,1.637168,0.210741,0.210741,12.0746,12.0746,1,1,0.002067,0.00000427
1771742660.447036,23.060000,0.010000,-0.002100,0.036586,0.010849,0.6216,-0.845471,0.078931,1.781588,0.070067,0.070067,4.0146,4.0146,1,1,0.002100,0.00000441
1771742660.457036,23.070000,0.010000,-0.002113,0.039066,0.010306,0.5905,-0.850339,0.098010,1.907955,-0.072224,-0.072224,-4.1381,-4.1381,1,1,0.002113,0.00000446
1771742660.467036,23.080000,0.010000,-0.002158,0.028674,0.010680,0.6119,-0.625481,0.118196,2.018527,-0.192731,-0.192731,-11.0427,-11.0427,1,1,0.002158,0.00000466
1771742660.477036,23.090000,0.010000,-0.002208,0.035497,0.011468,0.6571,-0.707938,0.139349,2.115277,-0.246893,-0.246893,-14.1459,-14.1459,1,1,0.002208,0.00000488
1771742660.487036,23.100000,0.010000,-0.002276,0.025309,0.012909,0.7396,-0.484294,0.158864,1.951562,-0.313658,-0.313658,-17.9713,-17.9713,1,1,0.002276,0.00000518
1771742660.497036,23.110000,0.010000,-0.002335,0.035095,0.014557,0.8340,-0.615451,0.172450,1.358550,-0.270722,-0.270722,-15.5112,-15.5112,1,1,0.002335,0.00000545
1771742660.507036,23.120000,0.010000,-0.002382,0.029602,0.016370,0.9379,-0.470164,0.180846,0.839666,-0.325314,-0.325314,-18.6391,-18.6391,1,1,0.002382,0.00000567
1771742660.517036,23.130000,0.010000,-0.002402,0.039902,0.018115,1.0379,-0.604320,0.184703,0.385642,-0.248863,-0.248863,-14.2588,-14.2588,1,1,0.002402,0.00000577
1771742660.527036,23.140000,0.010000,-0.002413,0.033189,0.020133,1.1535,-0.431294,0.190110,0.540767,-0.298774,-0.298774,-17.1185,-17.1185,1,1,0.002413,0.00000582
1771742660.537036,23.150000,0.010000,-0.002397,0.044373,0.022137,1.2684,-0.575386,0.198333,0.822237,-0.248980,-0.248980,-14.2655,-14.2655,1,1,0.002397,0.00000575
1771742660.547036,23.160000,0.010000,-0.002385,0.033881,0.024689,1.4146,-0.328810,0.209018,1.068523,-0.333514,-0.333514,-19.1089,-19.1089,1,1,0.002385,0.00000569
1771742660.557036,23.170000,0.010000,-0.002351,0.047109,0.027353,1.5672,-0.503045,0.218679,0.966136,-0.283333,-0.283333,-16.2338,-16.2338,1,1,0.002351,0.00000553
1771742660.567036,23.180000,0.010000,-0.002281,0.044183,0.029931,1.7149,-0.384452,0.223642,0.496303,-0.362471,-0.362471,-20.7680,-20.7680,1,1,0.002281,0.00000520
1771742660.577036,23.190000,0.010000,-0.002169,0.056294,0.032305,1.8510,-0.531788,0.224494,0.085199,-0.330786,-0.330786,-18.9527,-18.9527,1,1,0.002169,0.00000470
1771742660.587036,23.200000,0.010000,-0.002024,0.053419,0.034708,1.9886,-0.408236,0.221749,-0.274516,-0.332640,-0.332640,-19.0588,-19.0588,1,1,0.002024,0.00000410
1771742660.597036,23.210000,0.010000,-0.001839,0.064786,0.037001,2.1200,-0.537503,0.215857,-0.589268,-0.262007,-0.262007,-15.0119,-15.0119,1,1,0.001839,0.00000338
1771742660.607036,23.220000,0.010000,-0.001577,0.073424,0.038545,2.2085,-0.616051,0.207210,-0.864675,-0.285214,-0.285214,-16.3415,-16.3415,1,1,0.001577,0.00000249
1771742660.617036,23.230000,0.010000,-0.001268,0.077019,0.039889,2.2855,-0.604101,0.196153,-1.105657,-0.295538,-0.295538,-16.9331,-16.9331,1,1,0.001268,0.00000161
1771742660.627036,23.240000,0.010000,-0.000925,0.082742,0.041152,2.3578,-0.642267,0.182988,-1.316515,-0.262180,-0.262180,-15.0218,-15.0218,1,1,0.000925,0.00000085
1771742660.637036,23.250000,0.010000,-0.000579,0.082832,0.042463,2.4329,-0.634847,0.167978,-1.501017,-0.265317,-0.265317,-15.2016,-15.2016,1,1,0.000579,0.00000034
1771742660.647036,23.260000,0.010000,-0.000235,0.082671,0.043865,2.5133,-0.622833,0.151353,-1.662456,-0.239362,-0.239362,-13.7144,-13.7144,1,1,0.000235,0.00000006
1771742660.657036,23.270000,0.010000,0.000109,0.082532,0.045374,2.5998,-0.608918,0.133316,-1.803714,-0.216401,-0.216401,-12.3988,-12.3988,1,1,0.000109,0.00000001
1771742660.667036,23.280000,0.010000,0.000452,0.082411,0.047007,2.6933,-0.593406,0.114043,-1.927316,-0.195311,-0.195311,-11.1905,-11.1905,1,1,0.000452,0.00000020
1771742660.677036,23.290000,0.010000,0.000795,0.082306,0.048773,2.7945,-0.576513,0.093688,-2.035467,-0.203485,-0.203485,-11.6588,-11.6588,1,1,0.000795,0.00000063
1771742660.687036,23.300000,0.010000,0.001138,0.082214,0.050685,2.9041,-0.558397,0.072387,-2.130100,-0.212962,-0.212962,-12.2018,-12.2018,1,1,0.001138,0.00000130
1771742660.697036,23.310000,0.010000,0.001480,0.082133,0.052752,3.0225,-0.539168,0.050258,-2.212903,-0.198577,-0.198577,-11.3776,-11.3776,1,1,0.001480,0.00000219
1771742660.707036,23.320000,0.010000,0.001822,0.082063,0.054983,3.1503,-0.518899,0.027405,-2.285356,-0.183169,-0.183169,-10.4948,-10.4948,1,1,0.001822,0.00000332
1771742660.717036,23.330000,0.010000,0.002156,0.079972,0.055968,3.2067,-0.649816,0.003917,-2.348752,-0.125943,-0.125943,-7.2160,-7.2160,1,1,0.002156,0.00000465
1771742660.727036,23.340000,0.010000,0.002487,0.079478,0.056822,3.2557,-0.661567,-0.020125,-2.404224,-0.233297,-0.233297,-13.3669,-13.3669,1,1,0.002487,0.00000618
1771742660.737036,23.350000,0.010000,0.002809,0.077369,0.056410,3.2320,-0.795203,-0.044653,-2.452762,-0.197299,-0.197299,-11.3044,-11.3044,1,1,0.002809,0.00000789
1771742660.747036,23.360000,0.010000,0.003130,0.076935,0.055908,3.2033,-0.802955,-0.069605,-2.495233,-0.242304,-0.242304,-13.8830,-13.8830,1,1,0.003130,0.00000980
1771742660.757036,23.370000,0.010000,0.003442,0.074911,0.054191,3.1049,-0.931557,-0.093677,-2.407191,-0.181818,-0.181818,-10.4174,-10.4174,1,1,0.003442,0.00001185
1771742660.767036,23.380000,0.010000,0.003753,0.074769,0.052591,3.0133,-0.917607,-0.115132,-2.145507,-0.178939,-0.178939,-10.2525,-10.2525,1,1,0.003753,0.00001409
1771742660.777036,23.390000,0.010000,0.004058,0.073202,0.050094,2.8702,-1.012569,-0.130661,-1.552872,-0.124366,-0.124366,-7.1256,-7.1256,1,1,0.004058,0.00001647
1771742660.787036,23.400000,0.010000,0.004355,0.072443,0.048084,2.7550,-0.959088,-0.141378,-1.071751,-0.131794,-0.131794,-7.5512,-7.5512,1,1,0.004355,0.00001897
1771742660.797036,23.410000,0.010000,0.004656,0.072038,0.045186,2.5889,-1.053193,-0.148120,-0.674157,-0.133465,-0.133465,-7.6470,-7.6470,1,1,0.004656,0.00002167
1771742660.807036,23.420000,0.010000,0.004914,0.067600,0.043265,2.4789,-0.947188,-0.155040,-0.692070,-0.167182,-0.167182,-9.5788,-9.5788,1,1,0.004914,0.00002415
1771742660.817036,23.430000,0.010000,0.005207,0.070277,0.039509,2.2637,-1.143355,-0.162281,-0.724019,-0.094929,-0.094929,-5.4391,-5.4391,1,1,0.005207,0.00002711
1771742660.827036,23.440000,0.010000,0.005370,0.056268,0.038188,2.1880,-0.881154,-0.166818,-0.453700,-0.114535,-0.114535,-6.5624,-6.5624,1,1,0.005370,0.00002884
1771742660.837036,23.450000,0.010000,0.005654,0.068024,0.033140,1.8988,-1.280792,-0.168862,-0.204393,0.009942,0.009942,0.5696,0.5696,1,1,0.005654,0.00003196
1771742660.847036,23.460000,0.010000,0.005775,0.050520,0.030985,1.7753,-0.969886,-0.167159,0.170222,-0.128333,-0.128333,-7.3530,-7.3530,1,1,0.005775,0.00003336
1771742660.857036,23.470000,0.010000,0.005975,0.058808,0.027436,1.5720,-1.119495,-0.169161,-0.200122,-0.091103,-0.091103,-5.2198,-5.2198,1,1,0.005975,0.00003570
1771742660.867036,23.480000,0.010000,0.006037,0.043794,0.026256,1.5044,-0.864801,-0.172678,-0.351734,-0.021597,-0.021597,-1.2374,-1.2374,1,1,0.006037,0.00003644
1771742660.877036,23.490000,0.010000,0.006313,0.066213,0.020488,1.1739,-1.356598,-0.179246,-0.656833,0.165449,0.165449,9.4795,9.4795,1,1,0.006313,0.00003985
1771742660.887036,23.500000,0.010000,0.006402,0.045939,0.017853,1.0229,-1.021208,-0.181503,-0.225663,0.130513,0.130513,7.4778,7.4778,1,1,0.006402,0.00004099
1771742660.897036,23.510000,0.010000,0.006469,0.043305,0.015391,0.8818,-1.002739,-0.181182,0.032044,0.233420,0.233420,13.3740,13.3740,1,1,0.006469,0.00004185
1771742660.907036,23.520000,0.010000,0.006512,0.040540,0.013086,0.7498,-0.986269,-0.177411,0.377104,0.167231,0.167231,9.5816,9.5816,1,1,0.006512,0.00004241
1771742660.917036,23.530000,0.010000,0.006519,0.036395,0.011128,0.6376,-0.949471,-0.171709,0.570216,0.038352,0.038352,2.1974,2.1974,1,1,0.006519,0.00004250
1771742660.927036,23.540000,0.010000,0.006518,0.035249,0.009001,0.5157,-0.968534,-0.166929,0.478050,0.017276,0.017276,0.9899,0.9899,1,1,0.006518,0.00004248
1771742660.937036,23.550000,0.010000,0.006462,0.029269,0.007473,0.4282,-0.905868,-0.166236,0.069228,0.052286,0.052286,2.9958,2.9958,1,1,0.006462,0.00004176
1771742660.947036,23.560000,0.010000,0.006430,0.031467,0.005171,0.2963,-0.988902,-0.162140,0.409640,0.240185,0.240185,13.7616,13.7616,1,1,0.006430,0.00004135
1771742660.957036,23.570000,0.010000,0.006274,0.017965,0.004662,0.2671,-0.799078,-0.156189,0.595060,0.136067,0.136067,7.7961,7.7961,1,1,0.006274,0.00003936
1771742660.967036,23.580000,0.010000,0.006235,0.030233,0.001697,0.0972,-1.062329,-0.147492,0.869744,0.084385,0.084385,4.8349,4.8349,1,1,0.006235,0.00003887
1771742660.977036,23.590000,0.010000,0.006060,0.015457,0.000703,0.0403,-0.853016,-0.143372,0.411960,0.085521,0.085521,4.9000,4.9000,1,1,0.006060,0.00003672
1771742660.987036,23.600000,0.010000,0.005844,0.010788,0.000004,0.0002,-0.822616,-0.136839,0.653364,0.185579,0.185579,10.6329,10.6329,1,1,0.005844,0.00003415
1771742660.997036,23.610000,0.010000,0.005592,0.006647,-0.000477,-0.0273,-0.800934,-0.127631,0.920759,0.123555,0.123555,7.0792,7.0792,1,1,0.005592,0.00003127
1771742661.007036,23.620000,0.010000,0.005283,0.000418,-0.000389,-0.0223,-0.741749,-0.116084,1.154730,0.083311,0.083311,4.7734,4.7734,1,1,0.005283,0.00002791
1771742661.017036,23.630000,0.010000,0.004962,0.000007,-0.000399,-0.0229,-0.760690,-0.102489,1.359455,0.019835,0.019835,1.1365,1.1365,1,1,0.004962,0.00002462
1771742661.027036,23.640000,0.010000,0.004615,0.000005,0.000109,0.0062,-0.725598,-0.087103,1.538589,0.025399,0.025399,1.4552,1.4552,1,1,0.004615,0.00002129
1771742661.037036,23.650000,0.010000,0.004270,0.000004,0.000829,0.0475,-0.700531,-0.070150,1.695331,-0.014554,-0.014554,-0.8339,-0.8339,1,1,0.004270,0.00001823
1771742661.047036,23.660000,0.010000,0.003927,0.000003,0.001698,0.0973,-0.682991,-0.056587,1.356282,-0.076136,-0.076136,-4.3622,-4.3622,1,1,0.003927,0.00001542
1771742661.057036,23.670000,0.010000,0.003586,0.000002,0.002665,0.1527,-0.671113,-0.047354,0.923294,-0.058158,-0.058158,-3.3322,-3.3322,1,1,0.003586,0.00001286
1771742661.067036,23.680000,0.010000,0.003246,0.000001,0.003696,0.2118,-0.663504,-0.035785,1.156948,-0.027948,-0.027948,-1.6013,-1.6013,1,1,0.003246,0.00001054
1771742661.077036,23.690000,0.010000,0.002908,0.000001,0.004761,0.2728,-0.659124,-0.022171,1.361395,-0.050256,-0.050256,-2.8794,-2.8794,1,1,0.002908,0.00000846
1771742661.087036,23.700000,0.010000,0.002572,-0.000000,0.005840,0.3346,-0.657197,-0.006768,1.540287,-0.011184,-0.011184,-0.6408,-0.6408,1,1,0.002572,0.00000661
1771742661.097036,23.710000,0.010000,0.002236,-0.000001,0.006916,0.3963,-0.657147,0.004626,1.139408,0.059999,0.059999,3.4377,3.4377,1,1,0.002236,0.00000500
1771742661.107036,23.720000,0.010000,0.001902,-0.000001,0.007977,0.4571,-0.658542,0.014738,1.011194,0.122467,0.122467,7.0168,7.0168,1,1,0.001902,0.00000362
1771742661.117036,23.730000,0.010000,0.001569,0.000037,0.009012,0.5164,-0.661306,0.027077,1.233860,0.170463,0.170463,9.7668,9.7668,1,1,0.001569,0.00000246
1771742661.127036,23.740000,0.010000,0.001238,0.000316,0.010007,0.5733,-0.666432,0.039136,1.205978,0.237100,0.237100,13.5848,13.5848,1,1,0.001238,0.00000153
1771742661.137036,23.750000,0.010000,0.000912,0.001051,0.010939,0.6267,-0.674761,0.046198,0.706165,0.256481,0.256481,14.6953,14.6953,1,1,0.000912,0.00000083
1771742661.147036,23.760000,0.010000,0.000595,0.002171,0.011789,0.6755,-0.685154,0.048886,0.268828,0.272059,0.272059,15.5878,15.5878,1,1,0.000595,0.00000035
1771742661.157036,23.770000,0.010000,0.000289,0.003605,0.012546,0.7188,-0.696716,0.047748,-0.113841,0.260129,0.260129,14.9043,14.9043,1,1,0.000289,0.00000008
1771742661.167036,23.780000,0.010000,-0.000004,0.005311,0.013202,0.7564,-0.708981,0.043261,-0.448677,0.225712,0.225712,12.9323,12.9323,1,1,0.000004,0.00000000
1771742661.177036,23.790000,0.010000,-0.000280,0.007249,0.013754,0.7880,-0.721550,0.035844,-0.741658,0.217404,0.217404,12.4563,12.4563,1,1,0.000280,0.00000008
1771742661.187036,23.800000,0.010000,-0.000540,0.009387,0.014201,0.8136,-0.734139,0.025864,-0.998017,0.232236,0.232236,13.3062,13.3062,1,1,0.000540,0.00000029
1771742661.197036,23.810000,0.010000,-0.000780,0.011695,0.014544,0.8333,-0.746520,0.019138,-0.672656,0.245771,0.245771,14.0817,14.0817,1,1,0.000780,0.00000061
1771742661.207036,23.820000,0.010000,-0.001000,0.014141,0.014785,0.8471,-0.758520,0.010464,-0.867420,0.220431,0.220431,12.6297,12.6297,1,1,0.001000,0.00000100
1771742661.217036,23.830000,0.010000,-0.001199,0.016700,0.014930,0.8554,-0.770004,0.006364,-0.409926,0.228834,0.228834,13.1112,13.1112,1,1,0.001199,0.00000144
1771742661.227036,23.840000,0.010000,-0.001377,0.019346,0.014982,0.8584,-0.780874,0.006268,-0.009620,0.197255,0.197255,11.3019,11.3019,1,1,0.001377,0.00000189
1771742661.237036,23.850000,0.010000,-0.001531,0.022057,0.014947,0.8564,-0.791049,0.009675,0.340649,0.198453,0.198453,11.3705,11.3705,1,1,0.001531,0.00000234
1771742661.247036,23.860000,0.010000,-0.001663,0.024807,0.014831,0.8498,-0.800457,0.016146,0.647133,0.233369,0.233369,13.3711,13.3711,1,1,0.001663,0.00000277
1771742661.257036,23.870000,0.010000,-0.001772,0.027576,0.014642,0.8389,-0.809039,0.025299,0.915308,0.294478,0.294478,16.8723,16.8723,1,1,0.001772,0.00000314
1771742661.267036,23.880000,0.010000,-0.001858,0.030342,0.014386,0.8242,-0.816748,0.036799,1.149960,0.308976,0.308976,17.7030,17.7030,1,1,0.001858,0.00000345
1771742661.277036,23.890000,0.010000,-0.001920,0.033085,0.014071,0.8062,-0.823545,0.050351,1.355281,0.292305,0.292305,16.7479,16.7479,1,1,0.001920,0.00000369
1771742661.287036,23.900000,0.010000,-0.001960,0.035786,0.013705,0.7852,-0.829404,0.065701,1.534937,0.216836,0.216836,12.4238,12.4238,1,1,0.001960,0.00000384
1771742661.297036,23.910000,0.010000,-0.001978,0.038428,0.013295,0.7618,-0.834302,0.082622,1.692135,0.083658,0.083658,4.7933,4.7933,1,1,0.001978,0.00000391
1771742661.307036,23.920000,0.010000,-0.001975,0.040993,0.012851,0.7363,-0.838219,0.099470,1.684771,-0.078379,-0.078379,-4.4908,-4.4908,1,1,0.001975,0.00000390
1771742661.317036,23.930000,0.010000,-0.001981,0.036139,0.012928,0.7407,-0.709946,0.116066,1.659582,-0.159167,-0.159167,-9.1196,-9.1196,1,1,0.001981,0.00000392
1771742661.327036,23.940000,0.010000,-0.001981,0.041107,0.013238,0.7585,-0.757449,0.132279,1.621321,-0.226935,-0.226935,-13.0024,-13.0024,1,1,0.001981,0.00000392
1771742661.337036,23.950000,0.010000,-0.001994,0.033550,0.014127,0.8094,-0.580160,0.143298,1.101897,-0.286089,-0.286089,-16.3917,-16.3917,1,1,0.001994,0.00000397
1771742661.347036,23.960000,0.010000,-0.001999,0.041077,0.015234,0.8728,-0.671640,0.153990,1.069205,-0.249800,-0.249800,-14.3125,-14.3125,1,1,0.001999,0.00000399
1771742661.357036,23.970000,0.010000,-0.001982,0.039701,0.016326,0.9354,-0.601925,0.159855,0.586488,-0.304995,-0.304995,-17.4750,-17.4750,1,1,0.001982,0.00000393
1771742661.367036,23.980000,0.010000,-0.001938,0.046840,0.017317,0.9922,-0.683205,0.164680,0.482481,-0.270943,-0.270943,-15.5239,-15.5239,1,1,0.001938,0.00000376
1771742661.377036,23.990000,0.010000,-0.001909,0.037116,0.018963,1.0865,-0.461381,0.172392,0.771237,-0.306634,-0.306634,-17.5688,-17.5688,1,1,0.001909,0.00000364
1771742661.387036,24.000000,0.010000,-0.001870,0.046922,0.020836,1.1938,-0.587303,0.182631,1.023898,-0.255611,-0.255611,-14.6454,-14.6454,1,1,0.001870,0.00000350
1771742661.397036,24.010000,0.010000,-0.001814,0.042511,0.022839,1.3086,-0.456015,0.195081,1.244977,-0.337711,-0.337711,-19.3494,-19.3494,1,1,0.001814,0.00000329
1771742661.407036,24.020000,0.010000,-0.001729,0.052362,0.024784,1.4200,-0.577861,0.207234,1.215309,-0.326088,-0.326088,-18.6835,-18.6835,1,1,0.001729,0.00000299
1771742661.417036,24.030000,0.010000,-0.001659,0.040528,0.027447,1.5726,-0.308904,0.214377,0.714330,-0.371462,-0.371462,-21.2832,-21.2832,1,1,0.001659,0.00000275
1771742661.427036,24.040000,0.010000,-0.001573,0.053095,0.030338,1.7382,-0.474092,0.217137,0.275972,-0.314049,-0.314049,-17.9937,-17.9937,1,1,0.001573,0.00000248
1771742661.437036,24.050000,0.010000,-0.001404,0.062398,0.032254,1.8480,-0.577184,0.216061,-0.107590,-0.329220,-0.329220,-18.8629,-18.8629,1,1,0.001404,0.00000197
1771742661.447036,24.060000,0.010000,-0.001219,0.058354,0.034408,1.9714,-0.439509,0.211629,-0.443207,-0.325702,-0.325702,-18.6614,-18.6614,1,1,0.001219,0.00000148
1771742661.457036,24.070000,0.010000,-0.001004,0.067874,0.036605,2.0973,-0.543802,0.204260,-0.736872,-0.240466,-0.240466,-13.7777,-13.7777,1,1,0.001004,0.00000101
1771742661.467036,24.080000,0.010000,-0.000726,0.075099,0.038207,2.1891,-0.605597,0.194322,-0.993829,-0.267879,-0.267879,-15.3483,-15.3483,1,1,0.000726,0.00000053
1771742661.477036,24.090000,0.010000,-0.000401,0.080304,0.039497,2.2630,-0.637029,0.182135,-1.218666,-0.267993,-0.267993,-15.3548,-15.3548,1,1,0.000401,0.00000016
1771742661.487036,24.100000,0.010000,-0.000058,0.082274,0.040743,2.3344,-0.639594,0.167981,-1.415399,-0.263843,-0.263843,-15.1171,-15.1171,1,1,0.000058,0.00000000
1771742661.497036,24.110000,0.010000,0.000284,0.082159,0.042114,2.4129,-0.623850,0.152106,-1.587540,-0.247153,-0.247153,-14.1608,-14.1608,1,1,0.000284,0.00000008
1771742661.507036,24.120000,0.010000,0.000626,0.082055,0.043619,2.4992,-0.607077,0.134724,-1.738163,-0.218129,-0.218129,-12.4979,-12.4979,1,1,0.000626,0.00000039
1771742661.517036,24.130000,0.010000,0.000968,0.081960,0.045268,2.5936,-0.589352,0.116025,-1.869959,-0.198090,-0.198090,-11.3497,-11.3497,1,1,0.000968,0.00000094
1771742661.527036,24.140000,0.010000,0.001309,0.081874,0.047066,2.6967,-0.570727,0.096172,-1.985280,-0.204652,-0.204652,-11.7257,-11.7257,1,1,0.001309,0.00000171
1771742661.537036,24.150000,0.010000,0.001650,0.081796,0.049022,2.8087,-0.551235,0.075310,-2.086185,-0.213511,-0.213511,-12.2333,-12.2333,1,1,0.001650,0.00000272
1771742661.547036,24.160000,0.010000,0.001990,0.081726,0.051143,2.9303,-0.530893,0.053565,-2.174478,-0.195172,-0.195172,-11.1825,-11.1825,1,1,0.001990,0.00000396
1771742661.557036,24.170000,0.010000,0.002331,0.081664,0.053435,3.0616,-0.509705,0.031048,-2.251734,-0.177191,-0.177191,-10.1523,-10.1523,1,1,0.002331,0.00000543
1771742661.567036,24.180000,0.010000,0.002663,0.079795,0.054637,3.1305,-0.623963,0.007854,-2.319333,-0.120162,-0.120162,-6.8848,-6.8848,1,1,0.002663,0.00000709
1771742661.577036,24.190000,0.010000,0.002993,0.079082,0.055555,3.1831,-0.651957,-0.015930,-2.378482,-0.211033,-0.211033,-12.0913,-12.0913,1,1,0.002993,0.00000896
1771742661.587036,24.200000,0.010000,0.003315,0.077204,0.055368,3.1724,-0.768266,-0.040233,-2.430238,-0.197221,-0.197221,-11.2999,-11.2999,1,1,0.003315,0.00001099
1771742661.597036,24.210000,0.010000,0.003634,0.076539,0.054929,3.1472,-0.793343,-0.064988,-2.475524,-0.237337,-0.237337,-13.5984,-13.5984,1,1,0.003634,0.00001320
1771742661.607036,24.220000,0.010000,0.003945,0.074658,0.053376,3.0582,-0.911193,-0.090140,-2.515149,-0.188201,-0.188201,-10.7831,-10.7831,1,1,0.003945,0.00001556
1771742661.617036,24.230000,0.010000,0.004254,0.074341,0.051816,2.9688,-0.910356,-0.111852,-2.171290,-0.170424,-0.170424,-9.7646,-9.7646,1,1,0.004254,0.00001810
1771742661.627036,24.240000,0.010000,0.004558,0.072838,0.049403,2.8306,-1.000476,-0.128765,-1.691263,-0.120820,-0.120820,-6.9225,-6.9225,1,1,0.004558,0.00002077
1771742661.637036,24.250000,0.010000,0.004856,0.072275,0.047377,2.7145,-0.957704,-0.140073,-1.130789,-0.116281,-0.116281,-6.6624,-6.6624,1,1,0.004856,0.00002358
1771742661.647036,24.260000,0.010000,0.005154,0.071683,0.044573,2.5539,-1.040045,-0.147325,-0.725218,-0.129249,-0.129249,-7.4054,-7.4054,1,1,0.005154,0.00002657
1771742661.657036,24.270000,0.010000,0.005421,0.068194,0.042540,2.4374,-0.956154,-0.154491,-0.716589,-0.161483,-0.161483,-9.2523,-9.2523,1,1,0.005421,0.00002938
1771742661.667036,24.280000,0.010000,0.005713,0.070077,0.038996,2.2343,-1.117352,-0.161868,-0.737747,-0.102068,-0.102068,-5.8481,-5.8481,1,1,0.005713,0.00003263
1771742661.677036,24.290000,0.010000,0.005872,0.055774,0.037883,2.1705,-0.855526,-0.166031,-0.416290,-0.111639,-0.111639,-6.3964,-6.3964,1,1,0.005872,0.00003449
1771742661.687036,24.300000,0.010000,0.006164,0.068647,0.032621,1.8690,-1.300578,-0.167426,-0.139501,0.004129,0.004129,0.2366,0.2366,1,1,0.006164,0.00003800
1771742661.697036,24.310000,0.010000,0.006284,0.049959,0.030395,1.7415,-0.974189,-0.165156,0.227003,-0.143027,-0.143027,-8.1948,-8.1948,1,1,0.006284,0.00003949
1771742661.707036,24.320000,0.010000,0.006453,0.055113,0.027245,1.5610,-1.073411,-0.166661,-0.150438,-0.104602,-0.104602,-5.9932,-5.9932,1,1,0.006453,0.00004164
1771742661.717036,24.330000,0.010000,0.006507,0.042632,0.026003,1.4899,-0.868194,-0.170481,-0.381997,-0.027479,-0.027479,-1.5745,-1.5745,1,1,0.006507,0.00004234
1771742661.727036,24.340000,0.010000,0.006781,0.065866,0.020367,1.1670,-1.339796,-0.177314,-0.683313,0.172641,0.172641,9.8916,9.8916,1,1,0.006781,0.00004598
1771742661.737036,24.350000,0.010000,0.006865,0.045192,0.017880,1.0245,-1.001949,-0.179802,-0.248833,0.124862,0.124862,7.1541,7.1541,1,1,0.006865,0.00004713
1771742661.747036,24.360000,0.010000,0.006940,0.043977,0.015300,0.8766,-1.012212,-0.178630,0.117222,0.235787,0.235787,13.5096,13.5096,1,1,0.006940,0.00004817
1771742661.757036,24.370000,0.010000,0.006953,0.037034,0.013521,0.7747,-0.926451,-0.174114,0.451635,0.098561,0.098561,5.6471,5.6471,1,1,0.006953,0.00004835
1771742661.767036,24.380000,0.010000,0.007002,0.040607,0.010799,0.6187,-1.028309,-0.166885,0.722906,0.023682,0.023682,1.3569,1.3569,1,1,0.007002,0.00004903
1771742661.777036,24.390000,0.010000,0.006912,0.025547,0.010151,0.5816,-0.807615,-0.162180,0.470440,-0.048363,-0.048363,-2.7710,-2.7710,1,1,0.006912,0.00004778
1771742661.787036,24.400000,0.010000,0.007013,0.045755,0.005786,0.3315,-1.206372,-0.161554,0.062569,0.037157,0.037157,2.1289,2.1289,1,1,0.007013,0.00004918
1771742661.797036,24.410000,0.010000,0.006943,0.027055,0.004025,0.2306,-0.928038,-0.157516,0.403814,0.187069,0.187069,10.7183,10.7183,1,1,0.006943,0.00004820
1771742661.807036,24.420000,0.010000,0.006785,0.017378,0.003362,0.1926,-0.811950,-0.151782,0.573471,0.149968,0.149968,8.5926,8.5926,1,1,0.006785,0.00004604
1771742661.817036,24.430000,0.010000,0.006689,0.023681,0.001169,0.0670,-0.976223,-0.143273,0.850853,0.086434,0.086434,4.9523,4.9523,1,1,0.006689,0.00004474
1771742661.827036,24.440000,0.010000,0.006466,0.009911,0.000736,0.0422,-0.790178,-0.139319,0.395431,0.075528,0.075528,4.3275,4.3275,1,1,0.006466,0.00004182
1771742661.837036,24.450000,0.010000,0.006292,0.014782,-0.001006,-0.0576,-0.930969,-0.134979,0.433966,0.160180,0.160180,9.1776,9.1776,1,1,0.006292,0.00003959
1771742661.847036,24.460000,0.010000,0.006004,0.002430,-0.001218,-0.0698,-0.770042,-0.127691,0.728786,0.213848,0.213848,12.2526,12.2526,1,1,0.006004,0.00003605
1771742661.857036,24.470000,0.010000,0.005711,0.001539,-0.001788,-0.1024,-0.809380,-0.117824,0.986754,0.107076,0.107076,6.1350,6.1350,1,1,0.005711,0.00003261
1771742661.867036,24.480000,0.010000,0.005365,0.000008,-0.001524,-0.0873,-0.749385,-0.105699,1.212475,0.094467,0.094467,5.4126,5.4126,1,1,0.005365,0.00002879
1771742661.877036,24.490000,0.010000,0.005017,0.000006,-0.000924,-0.0530,-0.714816,-0.091599,1.409982,0.023580,0.023580,1.3510,1.3510,1,1,0.005017,0.00002517
1771742661.887036,24.500000,0.010000,0.004671,0.000005,-0.000114,-0.0065,-0.690054,-0.075771,1.582800,-0.018765,-0.018765,-1.0751,-1.0751,1,1,0.004671,0.00002182
1771742661.897036,24.510000,0.010000,0.004328,0.000004,0.000843,0.0483,-0.672656,-0.063340,1.243162,-0.075774,-0.075774,-4.3416,-4.3416,1,1,0.004328,0.00001873
1771742661.907036,24.520000,0.010000,0.003986,0.000003,0.001899,0.1088,-0.660794,-0.055953,0.738701,-0.072443,-0.072443,-4.1507,-4.1507,1,1,0.003986,0.00001589
1771742661.917036,24.530000,0.010000,0.003646,0.000002,0.003019,0.1730,-0.653104,-0.045998,0.995429,-0.021445,-0.021445,-1.2287,-1.2287,1,1,0.003646,0.00001329
1771742661.927036,24.540000,0.010000,0.003307,0.000001,0.004175,0.2392,-0.648567,-0.033798,1.220066,-0.068243,-0.068243,-3.9100,-3.9100,1,1,0.003307,0.00001094
1771742661.937036,24.550000,0.010000,0.002970,0.000001,0.005347,0.3064,-0.646424,-0.019631,1.416624,-0.083868,-0.083868,-4.8053,-4.8053,1,1,0.002970,0.00000882
1771742661.947036,24.560000,0.010000,0.002633,-0.000000,0.006518,0.3735,-0.646108,-0.006373,1.325822,-0.027775,-0.027775,-1.5914,-1.5914,1,1,0.002633,0.00000693
1771742661.957036,24.570000,0.010000,0.002298,-0.000001,0.007677,0.4399,-0.647198,0.003865,1.023769,0.044364,0.044364,2.5418,2.5418,1,1,0.002298,0.00000528
1771742661.967036,24.580000,0.010000,0.001964,-0.000001,0.008814,0.5050,-0.649381,0.016313,1.244864,0.098078,0.098078,5.6195,5.6195,1,1,0.001964,0.00000386
1771742661.977036,24.590000,0.010000,0.001632,0.000112,0.009918,0.5683,-0.653133,0.030696,1.438322,0.171811,0.171811,9.8441,9.8441,1,1,0.001632,0.00000266
1771742661.987036,24.600000,0.010000,0.001302,0.000464,0.010976,0.6289,-0.658935,0.040244,0.954740,0.231843,0.231843,13.2836,13.2836,1,1,0.001302,0.00000169
1771742661.997036,24.610000,0.010000,0.000978,0.001273,0.011967,0.6857,-0.667713,0.047022,0.677793,0.253367,0.253367,14.5168,14.5168,1,1,0.000978,0.00000096
1771742662.007036,24.620000,0.010000,0.000663,0.002453,0.012875,0.7377,-0.678274,0.049462,0.244003,0.267109,0.267109,15.3042,15.3042,1,1,0.000663,0.00000044
1771742662.017036,24.630000,0.010000,0.000359,0.003940,0.013689,0.7843,-0.689844,0.048106,-0.135563,0.252015,0.252015,14.4394,14.4394,1,1,0.000359,0.00000013
1771742662.027036,24.640000,0.010000,0.000070,0.005696,0.014403,0.8252,-0.701989,0.043429,-0.467684,0.207904,0.207904,11.9120,11.9120,1,1,0.000070,0.00000000
1771742662.037036,24.650000,0.010000,-0.000203,0.007683,0.015014,0.8603,-0.714363,0.035846,-0.758289,0.200629,0.200629,11.4952,11.4952,1,1,0.000203,0.00000004
1771742662.047036,24.660000,0.010000,-0.000458,0.009870,0.015523,0.8894,-0.726698,0.028685,-0.716147,0.215500,0.215500,12.3472,12.3472,1,1,0.000458,0.00000021
1771742662.057036,24.670000,0.010000,-0.000695,0.012226,0.015930,0.9127,-0.738779,0.018928,-0.975694,0.207740,0.207740,11.9026,11.9026,1,1,0.000695,0.00000048
1771742662.067036,24.680000,0.010000,-0.000910,0.014722,0.016238,0.9304,-0.750438,0.006900,-1.202798,0.218712,0.218712,12.5313,12.5313,1,1,0.000910,0.00000083
1771742662.077036,24.690000,0.010000,-0.001104,0.017332,0.016452,0.9427,-0.761544,-0.000134,-0.703383,0.245967,0.245967,14.0929,14.0929,1,1,0.001104,0.00000122
1771742662.087036,24.700000,0.010000,-0.001276,0.020030,0.016578,0.9498,-0.772002,-0.002798,-0.266394,0.182749,0.182749,10.4708,10.4708,1,1,0.001276,0.00000163
1771742662.097036,24.710000,0.010000,-0.001424,0.022793,0.016620,0.9522,-0.781729,-0.001638,0.115971,0.166118,0.166118,9.5179,9.5179,1,1,0.001424,0.00000203
1771742662.107036,24.720000,0.010000,-0.001550,0.025598,0.016585,0.9503,-0.790656,0.002867,0.450541,0.160804,0.160804,9.2134,9.2134,1,1,0.001550,0.00000240
1771742662.117036,24.730000,0.010000,-0.001652,0.028423,0.016481,0.9443,-0.798723,0.010300,0.743289,0.221516,0.221516,12.6919,12.6919,1,1,0.001652,0.00000273
1771742662.127036,24.740000,0.010000,-0.001730,0.031245,0.016315,0.9348,-0.805880,0.020295,0.999444,0.287036,0.287036,16.4459,16.4459,1,1,0.001730,0.00000299
1771742662.137036,24.750000,0.010000,-0.001785,0.034046,0.016095,0.9222,-0.812088,0.032531,1.223579,0.305171,0.305171,17.4850,17.4850,1,1,0.001785,0.00000319
1771742662.147036,24.760000,0.010000,-0.001817,0.036807,0.015829,0.9069,-0.817317,0.046727,1.419698,0.294610,0.294610,16.8799,16.8799,1,1,0.001817,0.00000330
1771742662.157036,24.770000,0.010000,-0.001826,0.039510,0.015525,0.8895,-0.821546,0.062640,1.591301,0.216197,0.216197,12.3872,12.3872,1,1,0.001826,0.00000333
1771742662.167036,24.780000,0.010000,-0.001813,0.042138,0.015193,0.8705,-0.824756,0.079889,1.724851,0.083684,0.083684,4.7947,4.7947,1,1,0.001813,0.00000329
1771742662.177036,24.790000,0.010000,-0.001778,0.044678,0.014840,0.8503,-0.826937,0.096840,1.695136,-0.090844,-0.090844,-5.2050,-5.2050,1,1,0.001778,0.00000316
1771742662.187036,24.800000,0.010000,-0.001725,0.046852,0.014495,0.8305,-0.823394,0.110703,1.386248,-0.175219,-0.175219,-10.0393,-10.0393,1,1,0.001725,0.00000297
1771742662.197036,24.810000,0.010000,-0.001687,0.040871,0.014783,0.8470,-0.674707,0.124204,1.350119,-0.195550,-0.195550,-11.2042,-11.2042,1,1,0.001687,0.00000285
1771742662.207036,24.820000,0.010000,-0.001646,0.046112,0.015356,0.8798,-0.727117,0.139424,1.522040,-0.251504,-0.251504,-14.4101,-14.4101,1,1,0.001646,0.00000271
1771742662.217036,24.830000,0.010000,-0.001602,0.041969,0.016240,0.9305,-0.610805,0.149252,0.982719,-0.317458,-0.317458,-18.1890,-18.1890,1,1,0.001602,0.00000257
1771742662.227036,24.840000,0.010000,-0.001545,0.048350,0.017222,0.9868,-0.682284,0.154360,0.510814,-0.288890,-0.288890,-16.5522,-16.5522,1,1,0.001545,0.00000239
1771742662.237036,24.850000,0.010000,-0.001458,0.049747,0.018047,1.0340,-0.663420,0.155339,0.097896,-0.293549,-0.293549,-16.8191,-16.8191,1,1,0.001458,0.00000213
1771742662.247036,24.860000,0.010000,-0.001354,0.052399,0.018928,1.0845,-0.666641,0.159686,0.434725,-0.253355,-0.253355,-14.5162,-14.5162,1,1,0.001354,0.00000183
1771742662.257036,24.870000,0.010000,-0.001246,0.050607,0.020124,1.1530,-0.589783,0.166980,0.729450,-0.304684,-0.304684,-17.4571,-17.4571,1,1,0.001246,0.00000155
1771742662.267036,24.880000,0.010000,-0.001117,0.056936,0.021304,1.2206,-0.657876,0.176854,0.987335,-0.311516,-0.311516,-17.8486,-17.8486,1,1,0.001117,0.00000125
1771742662.277036,24.890000,0.010000,-0.001016,0.044752,0.023366,1.3388,-0.393060,0.188984,1.212984,-0.354585,-0.354585,-20.3162,-20.3162,1,1,0.001016,0.00000103
1771742662.287036,24.900000,0.010000,-0.000912,0.054609,0.025793,1.4778,-0.521868,0.196107,0.712295,-0.312055,-0.312055,-17.8794,-17.8794,1,1,0.000912,0.00000083
1771742662.297036,24.910000,0.010000,-0.000744,0.061867,0.027465,1.5736,-0.601383,0.198849,0.274192,-0.335338,-0.335338,-19.2134,-19.2134,1,1,0.000744,0.00000055
1771742662.307036,24.920000,0.010000,-0.000561,0.059002,0.029310,1.6794,-0.498074,0.197757,-0.109148,-0.340187,-0.340187,-19.4913,-19.4913,1,1,0.000561,0.00000031
1771742662.317036,24.930000,0.010000,-0.000356,0.066259,0.031193,1.7872,-0.575680,0.193311,-0.444570,-0.281835,-0.281835,-16.1479,-16.1479,1,1,0.000356,0.00000013
1771742662.327036,24.940000,0.010000,-0.000102,0.071739,0.032641,1.8702,-0.620534,0.185931,-0.738065,-0.285819,-0.285819,-16.3762,-16.3762,1,1,0.000102,0.00000001
1771742662.337036,24.950000,0.010000,0.000190,0.075993,0.033856,1.9398,-0.643601,0.175982,-0.994872,-0.283156,-0.283156,-16.2236,-16.2236,1,1,0.000190,0.00000004
1771742662.347036,24.960000,0.010000,0.000503,0.078390,0.035018,2.0064,-0.647237,0.163786,-1.219579,-0.265527,-0.265527,-15.2136,-15.2136,1,1,0.000503,0.00000025
1771742662.357036,24.970000,0.010000,0.000828,0.079643,0.036229,2.0758,-0.639693,0.149624,-1.416198,-0.248912,-0.248912,-14.2616,-14.2616,1,1,0.000828,0.00000068
1771742662.367036,24.980000,0.010000,0.001163,0.080803,0.037521,2.1498,-0.628834,0.133742,-1.588239,-0.228810,-0.228810,-13.1099,-13.1099,1,1,0.001163,0.00000135
1771742662.377036,24.990000,0.010000,0.001501,0.081135,0.038960,2.2322,-0.610702,0.116354,-1.738775,-0.208399,-0.208399,-11.9404,-11.9404,1,1,0.001501,0.00000225
1771742662.387036,25.000000,0.010000,0.001839,0.081079,0.040572,2.3246,-0.589574,0.097649,-1.870494,-0.221045,-0.221045,-12.6650,-12.6650,1,1,0.001839,0.00000338
1771742662.397036,25.010000,0.010000,0.002176,0.081021,0.042359,2.4270,-0.568357,0.077792,-1.985748,-0.237284,-0.237284,-13.5954,-13.5954,1,1,0.002176,0.00000474
1771742662.407036,25.020000,0.010000,0.002514,0.080964,0.044321,2.5394,-0.546878,0.056926,-2.086595,-0.221117,-0.221117,-12.6691,-12.6691,1,1,0.002514,0.00000632
1771742662.417036,25.030000,0.010000,0.002851,0.080908,0.046461,2.6620,-0.524998,0.035177,-2.174837,-0.200355,-0.200355,-11.4795,-11.4795,1,1,0.002851,0.00000813
1771742662.427036,25.040000,0.010000,0.003185,0.080328,0.048413,2.7739,-0.542390,0.012657,-2.252048,-0.147933,-0.147933,-8.4759,-8.4759,1,1,0.003185,0.00001015
1771742662.437036,25.050000,0.010000,0.003512,0.078319,0.049173,2.8174,-0.667702,-0.010539,-2.319608,-0.123928,-0.123928,-7.1005,-7.1005,1,1,0.003512,0.00001233
1771742662.447036,25.060000,0.010000,0.003836,0.077781,0.049772,2.8517,-0.682542,-0.034326,-2.378723,-0.230620,-0.230620,-13.2136,-13.2136,1,1,0.003836,0.00001471
1771742662.457036,25.070000,0.010000,0.004152,0.075756,0.049159,2.8166,-0.810576,-0.058631,-2.430448,-0.182752,-0.182752,-10.4709,-10.4709,1,1,0.004152,0.00001724
1771742662.467036,25.080000,0.010000,0.004465,0.075273,0.048422,2.7744,-0.821897,-0.083388,-2.475708,-0.209105,-0.209105,-11.9808,-11.9808,1,1,0.004465,0.00001994
1771742662.477036,25.090000,0.010000,0.004771,0.073422,0.046587,2.6692,-0.938134,-0.106155,-2.276741,-0.127376,-0.127376,-7.2981,-7.2981,1,1,0.004771,0.00002276
1771742662.487036,25.100000,0.010000,0.005075,0.073200,0.044966,2.5764,-0.913659,-0.124000,-1.784460,-0.109082,-0.109082,-6.2499,-6.2499,1,1,0.005075,0.00002576
1771742662.497036,25.110000,0.010000,0.005375,0.071870,0.042461,2.4328,-1.007244,-0.137101,-1.310127,-0.057622,-0.057622,-3.3015,-3.3015,1,1,0.005375,0.00002889
1771742662.507036,25.120000,0.010000,0.005641,0.068292,0.040692,2.3315,-0.926924,-0.146013,-0.891218,-0.067311,-0.067311,-3.8566,-3.8566,1,1,0.005641,0.00003183
1771742662.517036,25.130000,0.010000,0.005933,0.070088,0.037320,2.1383,-1.097944,-0.155392,-0.937897,-0.066567,-0.066567,-3.8140,-3.8140,1,1,0.005933,0.00003521
1771742662.527036,25.140000,0.010000,0.006105,0.057004,0.036135,2.0704,-0.862164,-0.165629,-1.023646,-0.070562,-0.070562,-4.0429,-4.0429,1,1,0.006105,0.00003727
1771742662.537036,25.150000,0.010000,0.006411,0.070170,0.030726,1.7605,-1.315376,-0.172565,-0.693607,0.130464,0.130464,7.4750,7.4750,1,1,0.006411,0.00004110
1771742662.547036,25.160000,0.010000,0.006539,0.050771,0.028423,1.6285,-0.981415,-0.176039,-0.347370,-0.039811,-0.039811,-2.2810,-2.2810,1,1,0.006539,0.00004276
1771742662.557036,25.170000,0.010000,0.006734,0.057864,0.024833,1.4228,-1.119445,-0.175588,0.045117,0.119623,0.119623,6.8539,6.8539,1,1,0.006734,0.00004535
1771742662.567036,25.180000,0.010000,0.006781,0.041616,0.023713,1.3586,-0.853853,-0.171702,0.388543,-0.067370,-0.067370,-3.8600,-3.8600,1,1,0.006781,0.00004598
1771742662.577036,25.190000,0.010000,0.007040,0.064221,0.018412,1.0549,-1.303166,-0.171793,-0.009090,-0.052644,-0.052644,-3.0163,-3.0163,1,1,0.007040,0.00004956
1771742662.587036,25.200000,0.010000,0.007113,0.043810,0.016160,0.9259,-0.975427,-0.173163,-0.136992,0.010592,0.010592,0.6069,0.6069,1,1,0.007113,0.00005059
1771742662.597036,25.210000,0.010000,0.007203,0.045508,0.013297,0.7619,-1.041369,-0.177656,-0.449272,0.197891,0.197891,11.3383,11.3383,1,1,0.007203,0.00005189
1771742662.607036,25.220000,0.010000,0.007190,0.034013,0.011936,0.6839,-0.880908,-0.178096,-0.044047,0.312673,0.312673,17.9149,17.9149,1,1,0.007190,0.00005169
1771742662.617036,25.230000,0.010000,0.007316,0.048773,0.007764,0.4449,-1.182946,-0.174991,0.310525,0.210771,0.210771,12.0763,12.0763,1,1,0.007316,0.00005352
1771742662.627036,25.240000,0.010000,0.007271,0.030167,0.006186,0.3544,-0.906213,-0.168783,0.620775,0.069821,0.069821,4.0004,4.0004,1,1,0.007271,0.00005287
1771742662.637036,25.250000,0.010000,0.007222,0.029234,0.004268,0.2445,-0.942732,-0.159861,0.892244,0.049367,0.049367,2.8285,2.8285,1,1,0.007222,0.00005215
1771742662.647036,25.260000,0.010000,0.007045,0.015384,0.004113,0.2357,-0.755626,-0.148563,1.129779,0.005182,0.005182,0.2969,0.2969,1,1,0.007045,0.00004964
1771742662.657036,25.270000,0.010000,0.007003,0.029433,0.001151,0.0659,-1.056763,-0.138813,0.975006,-0.072608,-0.072608,-4.1601,-4.1601,1,1,0.007003,0.00004904
1771742662.667036,25.280000,0.010000,0.006815,0.013565,0.000265,0.0152,-0.836101,-0.126791,1.202196,0.045094,0.045094,2.5837,2.5837,1,1,0.006815,0.00004644
1771742662.677036,25.290000,0.010000,0.006525,0.002261,0.000692,0.0396,-0.697040,-0.115918,1.087252,-0.021034,-0.021034,-1.2052,-1.2052,1,1,0.006525,0.00004257
1771742662.687036,25.300000,0.010000,0.006279,0.006799,-0.000144,-0.0083,-0.833242,-0.102914,1.300411,-0.052675,-0.052675,-3.0181,-3.0181,1,1,0.006279,0.00003942
1771742662.697036,25.310000,0.010000,0.005952,0.000009,0.000148,0.0085,-0.728134,-0.095026,0.788794,-0.012005,-0.012005,-0.6878,-0.6878,1,1,0.005952,0.00003543
1771742662.707036,25.320000,0.010000,0.005607,0.000007,0.000844,0.0484,-0.699001,-0.089728,0.529783,0.007164,0.007164,0.4104,0.4104,1,1,0.005607,0.00003144
1771742662.717036,25.330000,0.010000,0.005267,0.000006,0.001617,0.0926,-0.686518,-0.081602,0.812626,0.045529,0.045529,2.6086,2.6086,1,1,0.005267,0.00002775
1771742662.727036,25.340000,0.010000,0.004922,0.000005,0.002649,0.1518,-0.662886,-0.071001,1.060113,-0.034821,-0.034821,-1.9951,-1.9951,1,1,0.004922,0.00002423
1771742662.737036,25.350000,0.010000,0.004579,0.000004,0.003822,0.2190,-0.646099,-0.058234,1.276665,-0.109129,-0.109129,-6.2526,-6.2526,1,1,0.004579,0.00002097
1771742662.747036,25.360000,0.010000,0.004238,0.000003,0.005093,0.2918,-0.634453,-0.043573,1.466148,-0.142417,-0.142417,-8.1599,-8.1599,1,1,0.004238,0.00001796
1771742662.757036,25.370000,0.010000,0.003899,0.000002,0.006428,0.3683,-0.626674,-0.029399,1.417420,-0.162878,-0.162878,-9.3322,-9.3322,1,1,0.003899,0.00001520
1771742662.767036,25.380000,0.010000,0.003561,0.000002,0.007801,0.4469,-0.621811,-0.019553,0.984573,-0.132143,-0.132143,-7.5712,-7.5712,1,1,0.003561,0.00001268
1771742662.777036,25.390000,0.010000,0.003224,0.000001,0.009193,0.5267,-0.619154,-0.014429,0.512436,-0.097048,-0.097048,-5.5604,-5.5604,1,1,0.003224,0.00001039
1771742662.787036,25.400000,0.010000,0.002888,0.000000,0.010591,0.6068,-0.618174,-0.013436,0.099315,-0.042342,-0.042342,-2.4260,-2.4260,1,1,0.002888,0.00000834
1771742662.797036,25.410000,0.010000,0.002554,-0.000000,0.011982,0.6865,-0.618475,-0.009076,0.435967,0.011221,0.011221,0.6429,0.6429,1,1,0.002554,0.00000652
1771742662.807036,25.420000,0.010000,0.002220,0.000030,0.013358,0.7654,-0.619958,-0.008752,0.032405,-0.031034,-0.031034,-1.7781,-1.7781,1,1,0.002220,0.00000493
1771742662.817036,25.430000,0.010000,0.001889,0.000244,0.014706,0.8426,-0.623326,-0.011959,-0.320711,0.022071,0.022071,1.2646,1.2646,1,1,0.001889,0.00000357
1771742662.827036,25.440000,0.010000,0.001562,0.000907,0.016007,0.9171,-0.629841,-0.011965,-0.000575,0.099200,0.099200,5.6837,5.6837,1,1,0.001562,0.00000244
1771742662.837036,25.450000,0.010000,0.001244,0.002005,0.017239,0.9877,-0.638718,-0.009574,0.239104,0.023993,0.023993,1.3747,1.3747,1,1,0.001244,0.00000155
1771742662.847036,25.460000,0.010000,0.000936,0.003461,0.018390,1.0537,-0.648945,-0.003991,0.558282,-0.008017,-0.008017,-0.4593,-0.4593,1,1,0.000936,0.00000088
1771742662.857036,25.470000,0.010000,0.000643,0.005222,0.019452,1.1145,-0.659886,-0.002596,0.139431,-0.004154,-0.004154,-0.2380,-0.2380,1,1,0.000643,0.00000041
1771742662.867036,25.480000,0.010000,0.000366,0.007251,0.020421,1.1700,-0.671125,-0.004867,-0.227064,0.027680,0.027680,1.5859,1.5859,1,1,0.000366,0.00000013
1771742662.877036,25.490000,0.010000,0.000108,0.009515,0.021296,1.2202,-0.682395,-0.010345,-0.547747,0.069558,0.069558,3.9854,3.9854,1,1,0.000108,0.00000001
1771742662.887036,25.500000,0.010000,-0.000130,0.011983,0.022079,1.2650,-0.693458,-0.018628,-0.828344,0.102533,0.102533,5.8747,5.8747,1,1,0.000130,0.00000002
1771742662.897036,25.510000,0.010000,-0.000347,0.014624,0.022772,1.3047,-0.704099,-0.029367,-1.073867,0.186921,0.186921,10.7098,10.7098,1,1,0.000347,0.00000012
1771742662.907036,25.520000,0.010000,-0.000541,0.017409,0.023380,1.3396,-0.714167,-0.037827,-0.846012,0.250804,0.250804,14.3700,14.3700,1,1,0.000541,0.00000029
1771742662.917036,25.530000,0.010000,-0.000711,0.020314,0.023908,1.3698,-0.723534,-0.041739,-0.391194,0.212264,0.212264,12.1618,12.1618,1,1,0.000711,0.00000051
1771742662.927036,25.540000,0.010000,-0.000856,0.023311,0.024363,1.3959,-0.732087,-0.041671,0.006771,0.088171,0.088171,5.0518,5.0518,1,1,0.000856,0.00000073
1771742662.937036,25.550000,0.010000,-0.000975,0.026377,0.024752,1.4182,-0.739742,-0.040341,0.132959,-0.010334,-0.010334,-0.5921,-0.5921,1,1,0.000975,0.00000095
1771742662.947036,25.560000,0.010000,-0.001069,0.029489,0.025082,1.4371,-0.746420,-0.035687,0.465405,-0.025968,-0.025968,-1.4878,-1.4878,1,1,0.001069,0.00000114
1771742662.957036,25.570000,0.010000,-0.001137,0.032623,0.025364,1.4532,-0.752058,-0.028124,0.756295,-0.007325,-0.007325,-0.4197,-0.4197,1,1,0.001137,0.00000129
1771742662.967036,25.580000,0.010000,-0.001178,0.035758,0.025605,1.4670,-0.756600,-0.021610,0.651466,0.084991,0.084991,4.8696,4.8696,1,1,0.001178,0.00000139
1771742662.977036,25.590000,0.010000,-0.001193,0.038876,0.025815,1.4791,-0.760001,-0.019400,0.220967,0.118818,0.118818,6.8078,6.8078,1,1,0.001193,0.00000142
1771742662.987036,25.600000,0.010000,-0.001183,0.041956,0.026004,1.4899,-0.762223,-0.017494,0.190572,0.040076,0.040076,2.2962,2.2962,1,1,0.001183,0.00000140
1771742662.997036,25.610000,0.010000,-0.001147,0.044981,0.026182,1.5001,-0.763236,-0.012336,0.515816,0.036191,0.036191,2.0736,2.0736,1,1,0.001147,0.00000132
1771742663.007036,25.620000,0.010000,-0.001087,0.047937,0.026359,1.5103,-0.763016,-0.004332,0.800405,0.137563,0.137563,7.8818,7.8818,1,1,0.001087,0.00000118
1771742663.017036,25.630000,0.010000,-0.001002,0.050807,0.026547,1.5210,-0.761547,0.006162,1.049420,0.221782,0.221782,12.7071,12.7071,1,1,0.001002,0.00000100
1771742663.027036,25.640000,0.010000,-0.000895,0.053580,0.026754,1.5329,-0.758820,0.018835,1.267308,0.266406,0.266406,15.2640,15.2640,1,1,0.000895,0.00000080
1771742663.037036,25.650000,0.010000,-0.000764,0.056244,0.026993,1.5466,-0.754828,0.033415,1.457961,0.265198,0.265198,15.1947,15.1947,1,1,0.000764,0.00000058
1771742663.047036,25.660000,0.010000,-0.000613,0.058789,0.027273,1.5626,-0.749574,0.049662,1.624782,0.195519,0.195519,11.2024,11.2024,1,1,0.000613,0.00000038
1771742663.057036,25.670000,0.010000,-0.000440,0.061208,0.027605,1.5816,-0.743063,0.060389,1.072618,0.047852,0.047852,2.7417,2.7417,1,1,0.000440,0.00000019
1771742663.067036,25.680000,0.010000,-0.000249,0.063495,0.027999,1.6042,-0.735306,0.066283,0.589475,0.090814,0.090814,5.2032,5.2032,1,1,0.000249,0.00000006
1771742663.077036,25.690000,0.010000,-0.000039,0.065645,0.028466,1.6310,-0.726318,0.067951,0.166725,0.110497,0.110497,6.3310,6.3310,1,1,0.000039,0.00000000
1771742663.087036,25.700000,0.010000,0.000187,0.067654,0.029016,1.6625,-0.716115,0.065919,-0.203182,0.068950,0.068950,3.9506,3.9506,1,1,0.000187,0.00000004
1771742663.097036,25.710000,0.010000,0.000430,0.069522,0.029658,1.6993,-0.704718,0.067632,0.171282,0.017798,0.017798,1.0197,1.0197,1,1,0.000430,0.00000018
1771742663.107036,25.720000,0.010000,0.000687,0.071248,0.030402,1.7419,-0.692148,0.072621,0.498937,0.016396,0.016396,0.9394,0.9394,1,1,0.000687,0.00000047
1771742663.117036,25.730000,0.010000,0.000958,0.072875,0.031255,1.7908,-0.678723,0.073496,0.087504,-0.051541,-0.051541,-2.9531,-2.9531,1,1,0.000958,0.00000092
1771742663.127036,25.740000,0.010000,0.001235,0.073598,0.032260,1.8484,-0.660551,0.070771,-0.272499,-0.063409,-0.063409,-3.6331,-3.6331,1,1,0.001235,0.00000153
1771742663.137036,25.750000,0.010000,0.001518,0.074259,0.033415,1.9145,-0.642512,0.071877,0.110629,-0.109512,-0.109512,-6.2746,-6.2746,1,1,0.001518,0.00000230
1771742663.147036,25.760000,0.010000,0.001806,0.074855,0.034720,1.9893,-0.624314,0.076336,0.445866,-0.093228,-0.093228,-5.3416,-5.3416,1,1,0.001806,0.00000326
1771742663.157036,25.770000,0.010000,0.002097,0.075241,0.036187,2.0733,-0.604873,0.083728,0.739199,-0.135378,-0.135378,-7.7566,-7.7566,1,1,0.002097,0.00000440
1771742663.167036,25.780000,0.010000,0.002392,0.075557,0.037816,2.1667,-0.585124,0.093687,0.995865,-0.209838,-0.209838,-12.0228,-12.0228,1,1,0.002392,0.00000572
1771742663.177036,25.790000,0.010000,0.002688,0.075817,0.039611,2.2695,-0.565007,0.105891,1.220447,-0.281939,-0.281939,-16.1539,-16.1539,1,1,0.002688,0.00000723
1771742663.187036,25.800000,0.010000,0.002986,0.076026,0.041575,2.3821,-0.544412,0.113079,0.718826,-0.358965,-0.358965,-20.5672,-20.5672,1,1,0.002986,0.00000892
1771742663.197036,25.810000,0.010000,0.003286,0.076191,0.043712,2.5045,-0.523283,0.115878,0.279907,-0.322823,-0.322823,-18.4964,-18.4964,1,1,0.003286,0.00001080
1771742663.207036,25.820000,0.010000,0.003587,0.076316,0.046028,2.6372,-0.501540,0.115206,-0.067269,-0.301153,-0.301153,-17.2548,-17.2548,1,1,0.003587,0.00001287
1771742663.217036,25.830000,0.010000,0.003889,0.076407,0.048527,2.7804,-0.479149,0.111127,-0.407926,-0.281276,-0.281276,-16.1159,-16.1159,1,1,0.003889,0.00001512
1771742663.227036,25.840000,0.010000,0.004191,0.076475,0.051214,2.9344,-0.456102,0.104067,-0.706001,-0.254108,-0.254108,-14.5593,-14.5593,1,1,0.004191,0.00001757
1771742663.237036,25.850000,0.010000,0.004494,0.076526,0.054096,3.0995,-0.432357,0.094398,-0.966817,-0.203776,-0.203776,-11.6755,-11.6755,1,1,0.004494,0.00002020
1771742663.247036,25.860000,0.010000,0.004798,0.076570,0.057178,3.2761,-0.407911,0.082448,-1.195031,-0.149462,-0.149462,-8.5636,-8.5636,1,1,0.004798,0.00002302
1771742663.257036,25.870000,0.010000,0.005101,0.076615,0.060466,3.4645,-0.382733,0.068501,-1.394718,-0.110099,-0.110099,-6.3082,-6.3082,1,1,0.005101,0.00002603
1771742663.267036,25.880000,0.010000,0.005428,0.078262,0.062472,3.5794,-0.517344,0.052806,-1.569444,-0.104840,-0.104840,-6.0069,-6.0069,1,1,0.005428,0.00002946
1771742663.277036,25.890000,0.010000,0.005745,0.077384,0.064970,3.7225,-0.461493,0.035583,-1.722329,-0.122603,-0.122603,-7.0246,-7.0246,1,1,0.005745,0.00003300
1771742663.287036,25.900000,0.010000,0.006096,0.079878,0.065482,3.7518,-0.671951,0.017022,-1.856104,-0.092196,-0.092196,-5.2825,-5.2825,1,1,0.006096,0.00003716
1771742663.297036,25.910000,0.010000,0.006393,0.074200,0.067303,3.8562,-0.528670,-0.002709,-1.973157,-0.192609,-0.192609,-11.0357,-11.0357,1,1,0.006393,0.00004087
1771742663.307036,25.920000,0.010000,0.006810,0.085861,0.065588,3.7579,-0.905924,-0.023465,-2.075578,-0.105359,-0.105359,-6.0366,-6.0366,1,1,0.006810,0.00004637
1771742663.317036,25.930000,0.010000,0.007104,0.072511,0.066151,3.7902,-0.658749,-0.045117,-2.165197,-0.216541,-0.216541,-12.4069,-12.4069,1,1,0.007104,0.00005046
1771742663.327036,25.940000,0.010000,0.007503,0.082774,0.063393,3.6322,-1.013435,-0.067553,-2.243613,-0.162362,-0.162362,-9.3026,-9.3026,1,1,0.007503,0.00005630
1771742663.337036,25.950000,0.010000,0.007769,0.068273,0.063264,3.6248,-0.728971,-0.090676,-2.312227,-0.215887,-0.215887,-12.3694,-12.3694,1,1,0.007769,0.00006035
1771742663.347036,25.960000,0.010000,0.008224,0.087556,0.058211,3.3352,-1.256426,-0.114398,-2.372265,-0.093365,-0.093365,-5.3494,-5.3494,1,1,0.008224,0.00006764
1771742663.357036,25.970000,0.010000,0.008482,0.065981,0.056686,3.2479,-0.875455,-0.131862,-1.746378,-0.278345,-0.278345,-15.9480,-15.9480,1,1,0.008482,0.00007194
1771742663.367036,25.980000,0.010000,0.008801,0.071438,0.052527,3.0096,-1.157599,-0.143652,-1.179015,-0.099192,-0.099192,-5.6833,-5.6833,1,1,0.008801,0.00007745
1771742663.377036,25.990000,0.010000,0.008940,0.051925,0.051570,2.9547,-0.812270,-0.150478,-0.682572,-0.206826,-0.206826,-11.8503,-11.8503,1,1,0.008940,0.00007993
1771742663.387036,26.000000,0.010000,0.009251,0.069041,0.045882,2.6288,-1.318925,-0.152960,-0.248185,-0.091249,-0.091249,-5.2282,-5.2282,1,1,0.009251,0.00008558
1771742663.397036,26.010000,0.010000,0.009345,0.045595,0.043937,2.5174,-0.917487,-0.151641,0.131904,-0.215912,-0.215912,-12.3708,-12.3708,1,1,0.009345,0.00008734
1771742663.407036,26.020000,0.010000,0.009520,0.054102,0.040498,2.3204,-1.077999,-0.148011,0.362970,-0.171959,-0.171959,-9.8525,-9.8525,1,1,0.009520,0.00009062
1771742663.417036,26.030000,0.010000,0.009518,0.034880,0.039999,2.2918,-0.762807,-0.141344,0.666665,-0.193143,-0.193143,-11.0663,-11.0663,1,1,0.009518,0.00009059
1771742663.427036,26.040000,0.010000,0.009765,0.061544,0.034704,1.9884,-1.277817,-0.139002,0.234266,-0.171161,-0.171161,-9.8068,-9.8068,1,1,0.009765,0.00009536
1771742663.437036,26.050000,0.010000,0.009797,0.037855,0.032979,1.8896,-0.893504,-0.134796,0.420539,-0.194318,-0.194318,-11.1336,-11.1336,1,1,0.009797,0.00009598
1771742663.447036,26.060000,0.010000,0.009821,0.036893,0.031112,1.7826,-0.909619,-0.134607,0.018906,-0.170453,-0.170453,-9.7662,-9.7662,1,1,0.009821,0.00009645
1771742663.457036,26.070000,0.010000,0.009818,0.033793,0.029423,1.6858,-0.891609,-0.137932,-0.332523,-0.123309,-0.123309,-7.0651,-7.0651,1,1,0.009818,0.00009639
1771742663.467036,26.080000,0.010000,0.009841,0.036354,0.026968,1.5452,-0.974072,-0.144333,-0.640024,0.017082,0.017082,0.9787,0.9787,1,1,0.009841,0.00009685
1771742663.477036,26.090000,0.010000,0.009751,0.023925,0.026147,1.4981,-0.800403,-0.146442,-0.210955,0.173185,0.173185,9.9228,9.9228,1,1,0.009751,0.00009508
1771742663.487036,26.100000,0.010000,0.009859,0.045132,0.021505,1.2321,-1.210597,-0.151779,-0.533652,0.045975,0.045975,2.6342,2.6342,1,1,0.009859,0.00009720
1771742663.497036,26.110000,0.010000,0.009760,0.022465,0.020092,1.1512,-0.865331,-0.152958,-0.117879,0.090391,0.090391,5.1790,5.1790,1,1,0.009760,0.00009527
1771742663.507036,26.120000,0.010000,0.009749,0.031626,0.016724,0.9582,-1.075454,-0.157480,-0.452210,0.098035,0.098035,5.6170,5.6170,1,1,0.009749,0.00009505
1771742663.517036,26.130000,0.010000,0.009556,0.011702,0.016084,0.9215,-0.785533,-0.157946,-0.046618,0.271951,0.271951,15.5816,15.5816,1,1,0.009556,0.00009131
1771742663.527036,26.140000,0.010000,0.009587,0.035661,0.011056,0.6334,-1.257072,-0.161844,-0.389857,0.126098,0.126098,7.2249,7.2249,1,1,0.009587,0.00009191
1771742663.537036,26.150000,0.010000,0.009404,0.012237,0.009265,0.5308,-0.911343,-0.163109,-0.126430,0.251228,0.251228,14.3943,14.3943,1,1,0.009404,0.00008844
1771742663.547036,26.160000,0.010000,0.009228,0.012673,0.006815,0.3905,-0.983593,-0.166863,-0.375432,0.258544,0.258544,14.8135,14.8135,1,1,0.009228,0.00008516
1771742663.557036,26.170000,0.010000,0.008934,0.000020,0.005899,0.3380,-0.824191,-0.167400,-0.053725,0.350992,0.350992,20.1103,20.1103,1,1,0.008934,0.00007982
1771742663.567036,26.180000,0.010000,0.008803,0.017005,0.001610,0.0922,-1.185772,-0.170765,-0.336468,0.281296,0.281296,16.1171,16.1171,1,1,0.008803,0.00007749
1771742663.577036,26.190000,0.010000,0.008496,0.000024,0.000005,0.0003,-0.914853,-0.170726,0.003905,0.386685,0.386685,22.1554,22.1554,1,1,0.008496,0.00007219
1771742663.587036,26.200000,0.010000,0.008192,0.000025,-0.001866,-0.1069,-0.944700,-0.167201,0.352483,0.334910,0.334910,19.1889,19.1889,1,1,0.008192,0.00006710
1771742663.597036,26.210000,0.010000,0.007839,0.000019,-0.002716,-0.1556,-0.870748,-0.160626,0.657488,0.293560,0.293560,16.8198,16.8198,1,1,0.007839,0.00006145
1771742663.607036,26.220000,0.010000,0.007524,0.000019,-0.003984,-0.2283,-0.888921,-0.151383,0.924368,0.196803,0.196803,11.2760,11.2760,1,1,0.007524,0.00005661
1771742663.617036,26.230000,0.010000,0.007163,0.000015,-0.004192,-0.2402,-0.808602,-0.139804,1.157888,0.167551,0.167551,9.5999,9.5999,1,1,0.007163,0.00005131
1771742663.627036,26.240000,0.010000,0.006832,0.000013,-0.004539,-0.2601,-0.802067,-0.126181,1.362218,0.086088,0.086088,4.9325,4.9325,1,1,0.006832,0.00004667
1771742663.637036,26.250000,0.010000,0.006477,0.000010,-0.004218,-0.2417,-0.747316,-0.110771,1.541006,0.057699,0.057699,3.3059,3.3059,1,1,0.006477,0.00004195
1771742663.647036,26.260000,0.010000,0.006125,0.000008,-0.003555,-0.2037,-0.707214,-0.093797,1.697446,0.001372,0.001372,0.0786,0.0786,1,1,0.006125,0.00003752
1771742663.657036,26.270000,0.010000,0.005777,0.000007,-0.002644,-0.1515,-0.678096,-0.075454,1.834331,-0.059802,-0.059802,-3.4264,-3.4264,1,1,0.005777,0.00003337
1771742663.667036,26.280000,0.010000,0.005431,0.000006,-0.001555,-0.0891,-0.657218,-0.055913,1.954106,-0.125808,-0.125808,-7.2082,-7.2082,1,1,0.005431,0.00002949
1771742663.677036,26.290000,0.010000,0.005086,0.000005,-0.000343,-0.0197,-0.642525,-0.035324,2.058908,-0.153432,-0.153432,-8.7910,-8.7910,1,1,0.005086,0.00002587
1771742663.687036,26.300000,0.010000,0.004744,0.000004,0.000953,0.0546,-0.632483,-0.013817,2.150611,-0.117629,-0.117629,-6.7396,-6.7396,1,1,0.004744,0.00002250
1771742663.697036,26.310000,0.010000,0.004403,0.000003,0.002303,0.1320,-0.625944,0.008491,2.230850,-0.069028,-0.069028,-3.9550,-3.9550,1,1,0.004403,0.00001938
1771742663.707036,26.320000,0.010000,0.004063,0.000002,0.003684,0.2111,-0.622050,0.031502,2.301060,-0.024153,-0.024153,-1.3839,-1.3839,1,1,0.004063,0.00001651
1771742663.717036,26.330000,0.010000,0.003724,0.000002,0.005078,0.2909,-0.620162,0.055127,2.362493,-0.031598,-0.031598,-1.8105,-1.8105,1,1,0.003724,0.00001387
1771742663.727036,26.340000,0.010000,0.003387,0.000001,0.006472,0.3708,-0.619802,0.079289,2.416247,-0.108029,-0.108029,-6.1896,-6.1896,1,1,0.003387,0.00001147
1771742663.737036,26.350000,0.010000,0.003051,0.000001,0.007856,0.4501,-0.620615,0.096941,1.765151,-0.177306,-0.177306,-10.1589,-10.1589,1,1,0.003051,0.00000931
1771742663.747036,26.360000,0.010000,0.002715,-0.000000,0.009222,0.5284,-0.622338,0.108895,1.195441,-0.138211,-0.138211,-7.9189,-7.9189,1,1,0.002715,0.00000737
1771742663.757036,26.370000,0.010000,0.002381,-0.000001,0.010564,0.6053,-0.624775,0.115864,0.696945,-0.092610,-0.092610,-5.3062,-5.3062,1,1,0.002381,0.00000567
1771742663.767036,26.380000,0.010000,0.002048,0.000067,0.011874,0.6803,-0.628201,0.118472,0.260761,-0.046494,-0.046494,-2.6639,-2.6639,1,1,0.002048,0.00000420
1771742663.777036,26.390000,0.010000,0.001718,0.000317,0.013143,0.7531,-0.633156,0.117263,-0.120900,-0.025997,-0.025997,-1.4895,-1.4895,1,1,0.001718,0.00000295
1771742663.787036,26.400000,0.010000,0.001392,0.001021,0.014354,0.8224,-0.641022,0.112715,-0.454853,-0.004964,-0.004964,-0.2844,-0.2844,1,1,0.001392,0.00000194
1771742663.797036,26.410000,0.010000,0.001074,0.002131,0.015488,0.8874,-0.650860,0.105244,-0.747063,0.057072,0.057072,3.2700,3.2700,1,1,0.001074,0.00000115
1771742663.807036,26.420000,0.010000,0.000768,0.003574,0.016534,0.9473,-0.661782,0.095216,-1.002746,0.125951,0.125951,7.2165,7.2165,1,1,0.000768,0.00000059
1771742663.817036,26.430000,0.010000,0.000475,0.005304,0.017485,1.0018,-0.673264,0.082952,-1.226468,0.167957,0.167957,9.6232,9.6232,1,1,0.000475,0.00000023
1771742663.827036,26.440000,0.010000,0.000199,0.007287,0.018340,1.0508,-0.684977,0.068730,-1.422226,0.186977,0.186977,10.7130,10.7130,1,1,0.000199,0.00000004
1771742663.837036,26.450000,0.010000,-0.000060,0.009496,0.019097,1.0942,-0.696694,0.057119,-1.161035,0.191917,0.191917,10.9960,10.9960,1,1,0.000060,0.00000000
1771742663.847036,26.460000,0.010000,-0.000298,0.011896,0.019758,1.1321,-0.708173,0.046029,-1.108969,0.177393,0.177393,10.1639,10.1639,1,1,0.000298,0.00000009
1771742663.857036,26.470000,0.010000,-0.000516,0.014459,0.020326,1.1646,-0.719224,0.032835,-1.319414,0.168961,0.168961,9.6807,9.6807,1,1,0.000516,0.00000027
1771742663.867036,26.480000,0.010000,-0.000712,0.017158,0.020805,1.1920,-0.729712,0.017800,-1.503553,0.165853,0.165853,9.5027,9.5027,1,1,0.000712,0.00000051
1771742663.877036,26.490000,0.010000,-0.000885,0.019967,0.021200,1.2147,-0.739520,0.001153,-1.664675,0.171691,0.171691,9.8372,9.8372,1,1,0.000885,0.00000078
1771742663.887036,26.500000,0.010000,-0.001033,0.022861,0.021519,1.2329,-0.748553,-0.010567,-1.172043,0.210566,0.210566,12.0645,12.0645,1,1,0.001033,0.00000107
1771742663.897036,26.510000,0.010000,-0.001157,0.025817,0.021766,1.2471,-0.756730,-0.017332,-0.676472,0.175311,0.175311,10.0446,10.0446,1,1,0.001157,0.00000134
1771742663.907036,26.520000,0.010000,-0.001256,0.028811,0.021952,1.2577,-0.763979,-0.019761,-0.242847,0.096189,0.096189,5.5112,5.5112,1,1,0.001256,0.00000158
1771742663.917036,26.530000,0.010000,-0.001330,0.031822,0.022082,1.2652,-0.770244,-0.018395,0.136575,0.059766,0.059766,3.4243,3.4243,1,1,0.001330,0.00000177
1771742663.927036,26.540000,0.010000,-0.001379,0.034829,0.022167,1.2701,-0.775472,-0.013709,0.468569,0.054921,0.054921,3.1467,3.1467,1,1,0.001379,0.00000190
1771742663.937036,26.550000,0.010000,-0.001403,0.037812,0.022214,1.2728,-0.779624,-0.006118,0.759063,0.142924,0.142924,8.1890,8.1890,1,1,0.001403,0.00000197
1771742663.947036,26.560000,0.010000,-0.001402,0.040753,0.022234,1.2739,-0.782667,0.004014,1.013246,0.245774,0.245774,14.0818,14.0818,1,1,0.001402,0.00000197
1771742663.957036,26.570000,0.010000,-0.001377,0.043635,0.022235,1.2740,-0.784574,0.016371,1.235656,0.288608,0.288608,16.5360,16.5360,1,1,0.001377,0.00000190
1771742663.967036,26.580000,0.010000,-0.001329,0.046442,0.022228,1.2736,-0.785327,0.030673,1.430265,0.297347,0.297347,17.0367,17.0367,1,1,0.001329,0.00000177
1771742663.977036,26.590000,0.010000,-0.001258,0.049159,0.022222,1.2732,-0.784914,0.046679,1.600548,0.259924,0.259924,14.8926,14.8926,1,1,0.001258,0.00000158
1771742663.987036,26.600000,0.010000,-0.001165,0.051776,0.022227,1.2735,-0.783330,0.061964,1.528527,0.149883,0.149883,8.5876,8.5876,1,1,0.001165,0.00000136
1771742663.997036,26.610000,0.010000,-0.001050,0.054279,0.022253,1.2750,-0.780574,0.074950,1.298608,0.043200,0.043200,2.4752,2.4752,1,1,0.001050,0.00000110
1771742664.007036,26.620000,0.010000,-0.000916,0.056660,0.022309,1.2782,-0.776650,0.087043,1.209265,-0.008553,-0.008553,-0.4901,-0.4901,1,1,0.000916,0.00000084
1771742664.017036,26.630000,0.010000,-0.000763,0.058912,0.022406,1.2838,-0.771567,0.101114,1.407173,-0.093781,-0.093781,-5.3733,-5.3733,1,1,0.000763,0.00000058
1771742664.027036,26.640000,0.010000,-0.000591,0.061026,0.022553,1.2922,-0.765340,0.110389,0.927458,-0.257822,-0.257822,-14.7721,-14.7721,1,1,0.000591,0.00000035
1771742664.037036,26.650000,0.010000,-0.000403,0.063000,0.022758,1.3040,-0.757990,0.115014,0.462459,-0.215414,-0.215414,-12.3423,-12.3423,1,1,0.000403,0.00000016
1771742664.047036,26.660000,0.010000,-0.000200,0.064830,0.023033,1.3197,-0.749539,0.115569,0.055586,-0.153298,-0.153298,-8.7833,-8.7833,1,1,0.000200,0.00000004
1771742664.057036,26.670000,0.010000,0.000018,0.066515,0.023384,1.3398,-0.740013,0.112565,-0.300428,-0.125722,-0.125722,-7.2033,-7.2033,1,1,0.000018,0.00000000
1771742664.067036,26.680000,0.010000,0.000249,0.068053,0.023822,1.3649,-0.729434,0.113427,0.086191,-0.128357,-0.128357,-7.3543,-7.3543,1,1,0.000249,0.00000006
1771742664.077036,26.690000,0.010000,0.000492,0.069448,0.024354,1.3954,-0.717837,0.117672,0.424483,-0.149864,-0.149864,-8.5866,-8.5866,1,1,0.000492,0.00000024
1771742664.087036,26.700000,0.010000,0.000745,0.070698,0.024990,1.4318,-0.705231,0.124877,0.720489,-0.232799,-0.232799,-13.3384,-13.3384,1,1,0.000745,0.00000056
1771742664.097036,26.710000,0.010000,0.001009,0.071815,0.025735,1.4745,-0.691701,0.134672,0.979494,-0.313696,-0.313696,-17.9734,-17.9734,1,1,0.001009,0.00000102
1771742664.107036,26.720000,0.010000,0.001280,0.072806,0.026599,1.5240,-0.677271,0.146733,1.206123,-0.344440,-0.344440,-19.7350,-19.7350,1,1,0.001280,0.00000164
1771742664.117036,26.730000,0.010000,0.001558,0.073433,0.027596,1.5811,-0.661044,0.153796,0.706292,-0.366233,-0.366233,-20.9836,-20.9836,1,1,0.001558,0.00000243
1771742664.127036,26.740000,0.010000,0.001838,0.073762,0.028739,1.6466,-0.643319,0.156485,0.268939,-0.349694,-0.349694,-20.0360,-20.0360,1,1,0.001838,0.00000338
1771742664.137036,26.750000,0.010000,0.002120,0.074026,0.030031,1.7206,-0.625401,0.155348,-0.113744,-0.328795,-0.328795,-18.8386,-18.8386,1,1,0.002120,0.00000450
1771742664.147036,26.760000,0.010000,0.002403,0.074072,0.031481,1.8037,-0.606189,0.150862,-0.448592,-0.302622,-0.302622,-17.3390,-17.3390,1,1,0.002403,0.00000578
1771742664.157036,26.770000,0.010000,0.002686,0.074062,0.033092,1.8960,-0.586801,0.143446,-0.741584,-0.273638,-0.273638,-15.6783,-15.6783,1,1,0.002686,0.00000722
1771742664.167036,26.780000,0.010000,0.002969,0.074005,0.034864,1.9976,-0.567131,0.133467,-0.997952,-0.225766,-0.225766,-12.9354,-12.9354,1,1,0.002969,0.00000882
1771742664.177036,26.790000,0.010000,0.003251,0.073904,0.036801,2.1086,-0.547086,0.121244,-1.222274,-0.188466,-0.188466,-10.7983,-10.7983,1,1,0.003251,0.00001057
1771742664.187036,26.800000,0.010000,0.003532,0.073766,0.038906,2.2292,-0.526604,0.107058,-1.418555,-0.160126,-0.160126,-9.1745,-9.1745,1,1,0.003532,0.00001248
1771742664.197036,26.810000,0.010000,0.003812,0.073599,0.041184,2.3597,-0.505641,0.091155,-1.590302,-0.128597,-0.128597,-7.3681,-7.3681,1,1,0.003812,0.00001453
1771742664.207036,26.820000,0.010000,0.004090,0.073413,0.043637,2.5002,-0.484188,0.073749,-1.740580,-0.126906,-0.126906,-7.2712,-7.2712,1,1,0.004090,0.00001673
1771742664.217036,26.830000,0.010000,0.004367,0.073215,0.046270,2.6511,-0.462195,0.055029,-1.872073,-0.096302,-0.096302,-5.5177,-5.5177,1,1,0.004367,0.00001907
1771742664.227036,26.840000,0.010000,0.004649,0.073752,0.048862,2.7996,-0.463925,0.035157,-1.987130,-0.054126,-0.054126,-3.1012,-3.1012,1,1,0.004649,0.00002161
1771742664.237036,26.850000,0.010000,0.004971,0.077330,0.049937,2.8612,-0.624063,0.014279,-2.087804,-0.043489,-0.043489,-2.4917,-2.4917,1,1,0.004971,0.00002472
1771742664.247036,26.860000,0.010000,0.005264,0.074168,0.051792,2.9675,-0.537846,-0.007480,-2.175895,-0.191376,-0.191376,-10.9651,-10.9651,1,1,0.005264,0.00002771
1771742664.257036,26.870000,0.010000,0.005627,0.080497,0.050817,2.9116,-0.839159,-0.030009,-2.252974,-0.075879,-0.075879,-4.3475,-4.3475,1,1,0.005627,0.00003167
1771742664.267036,26.880000,0.010000,0.005911,0.071977,0.051470,2.9490,-0.662157,-0.053213,-2.320418,-0.288461,-0.288461,-16.5276,-16.5276,1,1,0.005911,0.00003494
1771742664.277036,26.890000,0.010000,0.006280,0.079848,0.049017,2.8085,-0.993701,-0.077008,-2.379432,-0.090788,-0.090788,-5.2018,-5.2018,1,1,0.006280,0.00003944
1771742664.287036,26.900000,0.010000,0.006533,0.067281,0.048786,2.7952,-0.753354,-0.101318,-2.431068,-0.229378,-0.229378,-13.1424,-13.1424,1,1,0.006533,0.00004268
1771742664.297036,26.910000,0.010000,0.006903,0.078588,0.044815,2.5677,-1.153450,-0.119100,-1.778119,0.036710,0.036710,2.1033,2.1033,1,1,0.006903,0.00004765
1771742664.307036,26.920000,0.010000,0.007119,0.061877,0.043645,2.5007,-0.851260,-0.131168,-1.206788,-0.185546,-0.185546,-10.6310,-10.6310,1,1,0.007119,0.00005068
1771742664.317036,26.930000,0.010000,0.007404,0.068417,0.040107,2.2980,-1.104667,-0.138236,-0.706874,-0.017887,-0.017887,-1.0249,-1.0249,1,1,0.007404,0.00005482
1771742664.327036,26.940000,0.010000,0.007536,0.051770,0.039251,2.2489,-0.815592,-0.140931,-0.269449,-0.154147,-0.154147,-8.8320,-8.8320,1,1,0.007536,0.00005679
1771742664.337036,26.950000,0.010000,0.007815,0.067047,0.035036,2.0074,-1.176027,-0.139798,0.113298,-0.089802,-0.089802,-5.1452,-5.1452,1,1,0.007815,0.00006108
1771742664.347036,26.960000,0.010000,0.007923,0.048277,0.033750,1.9337,-0.860456,-0.135316,0.448202,-0.185881,-0.185881,-10.6502,-10.6502,1,1,0.007923,0.00006277
1771742664.357036,26.970000,0.010000,0.008073,0.052802,0.031563,1.8084,-0.957027,-0.127903,0.741242,-0.170168,-0.170168,-9.7499,-9.7499,1,1,0.008073,0.00006518
1771742664.367036,26.980000,0.010000,0.008087,0.037781,0.031612,1.8112,-0.716248,-0.117927,0.997653,-0.180840,-0.180840,-10.3614,-10.3614,1,1,0.008087,0.00006540
1771742664.377036,26.990000,0.010000,0.008295,0.058706,0.028050,1.6072,-1.104318,-0.112688,0.523880,-0.197081,-0.197081,-11.2919,-11.2919,1,1,0.008295,0.00006881
1771742664.387036,27.000000,0.010000,0.008337,0.040526,0.027192,1.5580,-0.814364,-0.108087,0.460119,-0.135070,-0.135070,-7.7390,-7.7390,1,1,0.008337,0.00006951
1771742664.397036,27.010000,0.010000,0.008362,0.038446,0.026381,1.5115,-0.809163,-0.107551,0.053539,-0.145093,-0.145093,-8.3132,-8.3132,1,1,0.008362,0.00006993
1771742664.407036,27.020000,0.010000,0.008363,0.035716,0.025713,1.4732,-0.794109,-0.105456,0.209542,-0.109078,-0.109078,-6.2497,-6.2497,1,1,0.008363,0.00006995
1771742664.417036,27.030000,0.010000,0.008371,0.036159,0.024658,1.4128,-0.835425,-0.107113,-0.165717,-0.117398,-0.117398,-6.7264,-6.7264,1,1,0.008371,0.00007007
1771742664.427036,27.040000,0.010000,0.008300,0.027615,0.024675,1.4137,-0.721631,-0.105073,0.204064,-0.043195,-0.043195,-2.4749,-2.4749,1,1,0.008300,0.00006889
1771742664.437036,27.050000,0.010000,0.008350,0.040342,0.022292,1.2772,-0.978515,-0.106778,-0.170510,-0.123346,-0.123346,-7.0672,-7.0672,1,1,0.008350,0.00006972
1771742664.447036,27.060000,0.010000,0.008254,0.024453,0.022157,1.2695,-0.738911,-0.104779,0.199869,-0.069275,-0.069275,-3.9692,-3.9692,1,1,0.008254,0.00006813
1771742664.457036,27.070000,0.010000,0.008236,0.032630,0.020332,1.1649,-0.919789,-0.106521,-0.174180,-0.108330,-0.108330,-6.2069,-6.2069,1,1,0.008236,0.00006783
1771742664.467036,27.080000,0.010000,0.008084,0.018036,0.020528,1.1761,-0.705291,-0.104554,0.196658,-0.008516,-0.008516,-0.4879,-0.4879,1,1,0.008084,0.00006535
1771742664.477036,27.090000,0.010000,0.008059,0.031496,0.018162,1.0406,-0.979718,-0.106324,-0.176990,-0.096791,-0.096791,-5.5457,-5.5457,1,1,0.008059,0.00006495
1771742664.487036,27.100000,0.010000,0.007891,0.015919,0.017965,1.0293,-0.749207,-0.111363,-0.503932,0.012644,0.012644,0.7245,0.7245,1,1,0.007891,0.00006227
1771742664.497036,27.110000,0.010000,0.007830,0.027211,0.015545,0.8906,-0.987927,-0.119263,-0.790006,0.220166,0.220166,12.6146,12.6146,1,1,0.007830,0.00006131
1771742664.507036,27.120000,0.010000,0.007627,0.011785,0.015255,0.8740,-0.761908,-0.128991,-0.972723,0.322612,0.322612,18.4843,18.4843,1,1,0.007627,0.00005817
1771742664.517036,27.130000,0.010000,0.007571,0.027482,0.012010,0.6881,-1.079524,-0.134011,-0.502067,0.333802,0.333802,19.1255,19.1255,1,1,0.007571,0.00005733
1771742664.527036,27.140000,0.010000,0.007361,0.010566,0.011115,0.6368,-0.829678,-0.135397,-0.138520,0.302646,0.302646,17.3403,17.3403,1,1,0.007361,0.00005418
1771742664.537036,27.150000,0.010000,0.007164,0.011815,0.009588,0.5493,-0.898663,-0.133118,0.227861,0.232097,0.232097,13.2982,13.2982,1,1,0.007164,0.00005132
1771742664.547036,27.160000,0.010000,0.006855,0.000011,0.009669,0.5540,-0.731657,-0.131153,0.196496,0.138776,0.138776,7.9513,7.9513,1,1,0.006855,0.00004699
1771742664.557036,27.170000,0.010000,0.006689,0.014927,0.006874,0.3938,-1.038728,-0.125943,0.521000,0.123357,0.123357,7.0678,7.0678,1,1,0.006689,0.00004474
1771742664.567036,27.180000,0.010000,0.006386,0.000013,0.006104,0.3497,-0.824086,-0.124875,0.106809,0.122505,0.122505,7.0190,7.0190,1,1,0.006386,0.00004078
1771742664.577036,27.190000,0.010000,0.006055,0.000011,0.005693,0.3262,-0.807550,-0.120450,0.442524,0.221968,0.221968,12.7178,12.7178,1,1,0.006055,0.00003667
1771742664.587036,27.200000,0.010000,0.005735,0.000011,0.005147,0.2949,-0.815970,-0.118935,0.151493,0.122972,0.122972,7.0458,7.0458,1,1,0.005735,0.00003289
1771742664.597036,27.210000,0.010000,0.005394,0.000009,0.005088,0.2915,-0.779512,-0.114119,0.481623,0.219268,0.219268,12.5632,12.5632,1,1,0.005394,0.00002909
1771742664.607036,27.220000,0.010000,0.005078,0.000009,0.004615,0.2644,-0.805694,-0.111953,0.216600,0.110501,0.110501,6.3313,6.3313,1,1,0.005078,0.00002579
1771742664.617036,27.230000,0.010000,0.004729,0.000006,0.004870,0.2790,-0.753658,-0.106567,0.538591,0.205306,0.205306,11.7631,11.7631,1,1,0.004729,0.00002236
1771742664.627036,27.240000,0.010000,0.004400,0.000005,0.004952,0.2837,-0.756326,-0.098363,0.820333,0.093308,0.093308,5.3461,5.3461,1,1,0.004400,0.00001936
1771742664.637036,27.250000,0.010000,0.004055,0.000004,0.005491,0.3146,-0.720392,-0.087695,1.066857,0.033577,0.033577,1.9238,1.9238,1,1,0.004055,0.00001644
1771742664.647036,27.260000,0.010000,0.003712,0.000003,0.006249,0.3581,-0.694609,-0.074869,1.282566,-0.052518,-0.052518,-3.0091,-3.0091,1,1,0.003712,0.00001378
1771742664.657036,27.270000,0.010000,0.003371,0.000002,0.007160,0.4103,-0.676442,-0.060156,1.471311,-0.074298,-0.074298,-4.2570,-4.2570,1,1,0.003371,0.00001136
1771742664.667036,27.280000,0.010000,0.003032,0.000001,0.008175,0.4684,-0.663999,-0.043791,1.636463,-0.108754,-0.108754,-6.2311,-6.2311,1,1,0.003032,0.00000920
1771742664.677036,27.290000,0.010000,0.002695,0.000000,0.009255,0.5303,-0.655867,-0.025982,1.780971,-0.092958,-0.092958,-5.3261,-5.3261,1,1,0.002695,0.00000726
1771742664.687036,27.300000,0.010000,0.002359,-0.000001,0.010375,0.5944,-0.650990,-0.007314,1.866732,-0.014474,-0.014474,-0.8293,-0.8293,1,1,0.002359,0.00000557
1771742664.697036,27.310000,0.010000,0.002025,-0.000001,0.011511,0.6595,-0.648583,0.008913,1.622737,0.079116,0.079116,4.5330,4.5330,1,1,0.002025,0.00000410
1771742664.707036,27.320000,0.010000,0.001692,0.000077,0.012646,0.7246,-0.648548,0.026603,1.768961,0.162423,0.162423,9.3061,9.3061,1,1,0.001692,0.00000286
1771742664.717036,27.330000,0.010000,0.001363,0.000490,0.013757,0.7882,-0.651973,0.038649,1.204619,0.198254,0.198254,11.3591,11.3591,1,1,0.001363,0.00000186
1771742664.727036,27.340000,0.010000,0.001039,0.001410,0.014817,0.8490,-0.659147,0.052680,1.403108,0.261491,0.261491,14.9823,14.9823,1,1,0.001039,0.00000108
1771742664.737036,27.350000,0.010000,0.000726,0.002730,0.015804,0.9055,-0.668561,0.061466,0.878653,0.225633,0.225633,12.9278,12.9278,1,1,0.000726,0.00000053
1771742664.747036,27.360000,0.010000,0.000426,0.004376,0.016704,0.9571,-0.679240,0.072645,1.117887,0.258323,0.258323,14.8008,14.8008,1,1,0.000426,0.00000018
1771742664.757036,27.370000,0.010000,0.000142,0.006303,0.017511,1.0033,-0.690622,0.078936,0.629086,0.218816,0.218816,12.5372,12.5372,1,1,0.000142,0.00000002
1771742664.767036,27.380000,0.010000,-0.000125,0.008472,0.018222,1.0440,-0.702321,0.080950,0.201384,0.239741,0.239741,13.7361,13.7361,1,1,0.000125,0.00000002
1771742664.777036,27.390000,0.010000,-0.000373,0.010845,0.018835,1.0791,-0.713990,0.079222,-0.172855,0.223757,0.223757,12.8203,12.8203,1,1,0.000373,0.00000014
1771742664.787036,27.400000,0.010000,-0.000600,0.013390,0.019352,1.1088,-0.725371,0.074218,-0.500314,0.202110,0.202110,11.5801,11.5801,1,1,0.000600,0.00000036
1771742664.797036,27.410000,0.010000,-0.000804,0.016076,0.019777,1.1331,-0.736287,0.066350,-0.786840,0.171552,0.171552,9.8292,9.8292,1,1,0.000804,0.00000065
1771742664.807036,27.420000,0.010000,-0.000986,0.018877,0.020114,1.1525,-0.746591,0.055974,-1.037551,0.171925,0.171925,9.8506,9.8506,1,1,0.000986,0.00000097
1771742664.817036,27.430000,0.010000,-0.001143,0.021766,0.020370,1.1671,-0.756171,0.047168,-0.880611,0.161716,0.161716,9.2656,9.2656,1,1,0.001143,0.00000131
1771742664.827036,27.440000,0.010000,-0.001277,0.024718,0.020550,1.1774,-0.764934,0.042954,-0.421468,0.158939,0.158939,9.1065,9.1065,1,1,0.001277,0.00000163
1771742664.837036,27.450000,0.010000,-0.001385,0.027710,0.020663,1.1839,-0.772801,0.042756,-0.019719,0.168574,0.168574,9.6586,9.6586,1,1,0.001385,0.00000192
1771742664.847036,27.460000,0.010000,-0.001468,0.030719,0.020715,1.1869,-0.779709,0.046075,0.331812,0.234763,0.234763,13.4509,13.4509,1,1,0.001468,0.00000215
1771742664.857036,27.470000,0.010000,-0.001526,0.033724,0.020716,1.1870,-0.785605,0.052469,0.639401,0.293895,0.293895,16.8390,16.8390,1,1,0.001526,0.00000233
1771742664.867036,27.480000,0.010000,-0.001559,0.036705,0.020675,1.1846,-0.790447,0.061554,0.908542,0.297413,0.297413,17.0405,17.0405,1,1,0.001559,0.00000243
1771742664.877036,27.490000,0.010000,-0.001568,0.039641,0.020599,1.1802,-0.794201,0.072994,1.144040,0.260074,0.260074,14.9012,14.9012,1,1,0.001568,0.00000246
1771742664.887036,27.500000,0.010000,-0.001552,0.042517,0.020499,1.1745,-0.796841,0.086495,1.350101,0.158294,0.158294,9.0696,9.0696,1,1,0.001552,0.00000241
1771742664.897036,27.510000,0.010000,-0.001513,0.045316,0.020384,1.1679,-0.798348,0.101799,1.530404,0.002443,0.002443,0.1400,0.1400,1,1,0.001513,0.00000229
1771742664.907036,27.520000,0.010000,-0.001451,0.048024,0.020264,1.1610,-0.798715,0.117044,1.524472,-0.189683,-0.189683,-10.8680,-10.8680,1,1,0.001451,0.00000211
1771742664.917036,27.530000,0.010000,-0.001375,0.048795,0.020285,1.1623,-0.765076,0.127677,1.063328,-0.270040,-0.270040,-15.4722,-15.4722,1,1,0.001375,0.00000189
1771742664.927036,27.540000,0.010000,-0.001282,0.051871,0.020388,1.1682,-0.773452,0.133491,0.581346,-0.260931,-0.260931,-14.9502,-14.9502,1,1,0.001282,0.00000164
1771742664.937036,27.550000,0.010000,-0.001182,0.050562,0.020757,1.1893,-0.703857,0.138295,0.480431,-0.238970,-0.238970,-13.6920,-13.6920,1,1,0.001182,0.00000140
1771742664.947036,27.560000,0.010000,-0.001068,0.054598,0.021254,1.2178,-0.730563,0.141223,0.292760,-0.250062,-0.250062,-14.3275,-14.3275,1,1,0.001068,0.00000114
1771742664.957036,27.570000,0.010000,-0.000925,0.057952,0.021606,1.2379,-0.745359,0.143437,0.221452,-0.252768,-0.252768,-14.4826,-14.4826,1,1,0.000925,0.00000085
1771742664.967036,27.580000,0.010000,-0.000770,0.057467,0.022137,1.2684,-0.692029,0.146580,0.314213,-0.264275,-0.264275,-15.1418,-15.1418,1,1,0.000770,0.00000059
1771742664.977036,27.590000,0.010000,-0.000601,0.061128,0.022765,1.3043,-0.713839,0.152820,0.624002,-0.286194,-0.286194,-16.3977,-16.3977,1,1,0.000601,0.00000036
1771742664.987036,27.600000,0.010000,-0.000433,0.057653,0.023769,1.3619,-0.608013,0.161770,0.895068,-0.324947,-0.324947,-18.6181,-18.6181,1,1,0.000433,0.00000019
1771742664.997036,27.610000,0.010000,-0.000255,0.062455,0.024960,1.4301,-0.651119,0.173093,1.132250,-0.335349,-0.335349,-19.2141,-19.2141,1,1,0.000255,0.00000006
1771742665.007036,27.620000,0.010000,-0.000078,0.057860,0.026541,1.5207,-0.525002,0.183965,1.087271,-0.369314,-0.369314,-21.1601,-21.1601,1,1,0.000078,0.00000001
1771742665.017036,27.630000,0.010000,0.000109,0.063784,0.028297,1.6213,-0.587524,0.189988,0.602296,-0.369149,-0.369149,-21.1507,-21.1507,1,1,0.000109,0.00000001
1771742665.027036,27.640000,0.010000,0.000335,0.068119,0.029717,1.7027,-0.620680,0.191768,0.177944,-0.354769,-0.354769,-20.3268,-20.3268,1,1,0.000335,0.00000011
1771742665.037036,27.650000,0.010000,0.000581,0.069028,0.031157,1.7852,-0.592182,0.189834,-0.193365,-0.342920,-0.342920,-19.6479,-19.6479,1,1,0.000581,0.00000034
1771742665.047036,27.660000,0.010000,0.000847,0.072729,0.032614,1.8687,-0.614273,0.184652,-0.518260,-0.313510,-0.313510,-17.9628,-17.9628,1,1,0.000847,0.00000072
1771742665.057036,27.670000,0.010000,0.001134,0.075078,0.034003,1.9482,-0.619611,0.176626,-0.802544,-0.300294,-0.300294,-17.2056,-17.2056,1,1,0.001134,0.00000129
1771742665.067036,27.680000,0.010000,0.001429,0.076018,0.035442,2.0307,-0.612035,0.166113,-1.051292,-0.278602,-0.278602,-15.9627,-15.9627,1,1,0.001429,0.00000204
1771742665.077036,27.690000,0.010000,0.001732,0.076801,0.036965,2.1180,-0.600745,0.153424,-1.268946,-0.242836,-0.242836,-13.9135,-13.9135,1,1,0.001732,0.00000300
1771742665.087036,27.700000,0.010000,0.002040,0.077451,0.038599,2.2116,-0.586618,0.138830,-1.459394,-0.213895,-0.213895,-12.2553,-12.2553,1,1,0.002040,0.00000416
1771742665.097036,27.710000,0.010000,0.002354,0.077993,0.040362,2.3126,-0.570301,0.122569,-1.626035,-0.187436,-0.187436,-10.7393,-10.7393,1,1,0.002354,0.00000554
1771742665.107036,27.720000,0.010000,0.002671,0.078440,0.042271,2.4219,-0.552201,0.104851,-1.771847,-0.168491,-0.168491,-9.6538,-9.6538,1,1,0.002671,0.00000714
1771742665.117036,27.730000,0.010000,0.002992,0.078810,0.044337,2.5403,-0.532637,0.085857,-1.899432,-0.195772,-0.195772,-11.2169,-11.2169,1,1,0.002992,0.00000895
1771742665.127036,27.740000,0.010000,0.003316,0.079114,0.046572,2.6684,-0.511809,0.065746,-2.011069,-0.179833,-0.179833,-10.3037,-10.3037,1,1,0.003316,0.00001099
1771742665.137036,27.750000,0.010000,0.003641,0.079359,0.048986,2.8067,-0.489837,0.044658,-2.108751,-0.148792,-0.148792,-8.5251,-8.5251,1,1,0.003641,0.00001326
1771742665.147036,27.760000,0.010000,0.003973,0.079654,0.050996,2.9219,-0.530296,0.022716,-2.194223,-0.107342,-0.107342,-6.1502,-6.1502,1,1,0.003973,0.00001579
1771742665.157036,27.770000,0.010000,0.004299,0.078079,0.052117,2.9861,-0.622962,0.000026,-2.269011,-0.118010,-0.118010,-6.7615,-6.7615,1,1,0.004299,0.00001848
1771742665.167036,27.780000,0.010000,0.004620,0.077118,0.052780,3.0241,-0.669700,-0.023318,-2.334450,-0.197952,-0.197952,-11.3418,-11.3418,1,1,0.004620,0.00002134
1771742665.177036,27.790000,0.010000,0.004935,0.075543,0.052545,3.0106,-0.763733,-0.047235,-2.391710,-0.196829,-0.196829,-11.2775,-11.2775,1,1,0.004935,0.00002435
1771742665.187036,27.800000,0.010000,0.005246,0.074612,0.051870,2.9719,-0.809022,-0.071654,-2.441812,-0.212947,-0.212947,-12.2009,-12.2009,1,1,0.005246,0.00002752
1771742665.197036,27.810000,0.010000,0.005550,0.073046,0.050296,2.8818,-0.903734,-0.096510,-2.485651,-0.165648,-0.165648,-9.4909,-9.4909,1,1,0.005550,0.00003080
1771742665.207036,27.820000,0.010000,0.005853,0.072684,0.048687,2.7896,-0.905988,-0.114801,-1.829073,-0.136160,-0.136160,-7.8014,-7.8014,1,1,0.005853,0.00003426
1771742665.217036,27.830000,0.010000,0.006151,0.071566,0.046497,2.6641,-0.966884,-0.127315,-1.251373,-0.091847,-0.091847,-5.2624,-5.2624,1,1,0.006151,0.00003784
1771742665.227036,27.840000,0.010000,0.006439,0.070379,0.044645,2.5580,-0.929170,-0.134830,-0.751522,-0.128736,-0.128736,-7.3760,-7.3760,1,1,0.006439,0.00004146
1771742665.237036,27.850000,0.010000,0.006733,0.070549,0.042161,2.4157,-0.995654,-0.139037,-0.420767,-0.160213,-0.160213,-9.1795,-9.1795,1,1,0.006733,0.00004533
1771742665.247036,27.860000,0.010000,0.006994,0.066880,0.040317,2.3100,-0.925761,-0.146129,-0.709180,-0.183295,-0.183295,-10.5021,-10.5021,1,1,0.006994,0.00004891
1771742665.257036,27.870000,0.010000,0.007282,0.069172,0.037258,2.1347,-1.055010,-0.150342,-0.421293,-0.113078,-0.113078,-6.4789,-6.4789,1,1,0.007282,0.00005302
1771742665.267036,27.880000,0.010000,0.007428,0.053708,0.036656,2.1002,-0.790032,-0.150538,-0.019566,-0.153245,-0.153245,-8.7803,-8.7803,1,1,0.007428,0.00005518
1771742665.277036,27.890000,0.010000,0.007705,0.066526,0.031990,1.8329,-1.226045,-0.147218,0.331946,-0.089857,-0.089857,-5.1484,-5.1484,1,1,0.007705,0.00005937
1771742665.287036,27.900000,0.010000,0.007803,0.046891,0.030368,1.7400,-0.898484,-0.143567,0.365101,-0.177580,-0.177580,-10.1746,-10.1746,1,1,0.007803,0.00006088
1771742665.297036,27.910000,0.010000,0.007943,0.051343,0.027824,1.5942,-0.997529,-0.143863,-0.029602,-0.143920,-0.143920,-8.2460,-8.2460,1,1,0.007943,0.00006309
1771742665.307036,27.920000,0.010000,0.007965,0.038427,0.027137,1.5548,-0.797527,-0.147613,-0.374968,-0.108891,-0.108891,-6.2390,-6.2390,1,1,0.007965,0.00006345
1771742665.317036,27.930000,0.010000,0.008215,0.062688,0.022038,1.2627,-1.272033,-0.154385,-0.677163,0.105857,0.105857,6.0652,6.0652,1,1,0.008215,0.00006749
1771742665.327036,27.940000,0.010000,0.008269,0.041161,0.020116,1.1526,-0.930274,-0.156819,-0.243452,0.057404,0.057404,3.2890,3.2890,1,1,0.008269,0.00006838
1771742665.337036,27.950000,0.010000,0.008312,0.039715,0.018062,1.0349,-0.944848,-0.155459,0.136046,0.139259,0.139259,7.9789,7.9789,1,1,0.008312,0.00006908
1771742665.347036,27.960000,0.010000,0.008286,0.032133,0.016851,0.9655,-0.855971,-0.150778,0.468106,-0.001493,-0.001493,-0.0855,-0.0855,1,1,0.008286,0.00006865
1771742665.357036,27.970000,0.010000,0.008320,0.038268,0.014217,0.8146,-1.008186,-0.148023,0.275518,-0.068973,-0.068973,-3.9519,-3.9519,1,1,0.008320,0.00006922
1771742665.367036,27.980000,0.010000,0.008202,0.021732,0.013838,0.7929,-0.768733,-0.149102,-0.107988,-0.011408,-0.011408,-0.6536,-0.6536,1,1,0.008202,0.00006728
1771742665.377036,27.990000,0.010000,0.008302,0.044821,0.009243,0.5296,-1.220795,-0.153377,-0.427413,0.155450,0.155450,8.9066,8.9066,1,1,0.008302,0.00006892
1771742665.387036,28.000000,0.010000,0.008211,0.023960,0.007544,0.4322,-0.911074,-0.153626,-0.024920,0.233636,0.233636,13.3864,13.3864,1,1,0.008211,0.00006742
1771742665.397036,28.010000,0.010000,0.008070,0.018251,0.006242,0.3576,-0.869924,-0.153578,0.004763,0.234132,0.234132,13.4148,13.4148,1,1,0.008070,0.00006512
1771742665.407036,28.020000,0.010000,0.007924,0.017501,0.004518,0.2589,-0.916281,-0.150046,0.353234,0.232192,0.232192,13.3036,13.3036,1,1,0.007924,0.00006279
1771742665.417036,28.030000,0.010000,0.007693,0.008005,0.003794,0.2174,-0.811376,-0.150446,-0.039986,0.154997,0.154997,8.8807,8.8807,1,1,0.007693,0.00005918
1771742665.427036,28.040000,0.010000,0.007545,0.016684,0.001102,0.0631,-1.023420,-0.149630,0.081569,0.269721,0.269721,15.4538,15.4538,1,1,0.007545,0.00005692
1771742665.437036,28.050000,0.010000,0.007250,0.000659,0.000467,0.0267,-0.805943,-0.145426,0.420439,0.310078,0.310078,17.7662,17.7662,1,1,0.007250,0.00005257
1771742665.447036,28.060000,0.010000,0.006981,0.003149,-0.001144,-0.0655,-0.911730,-0.138256,0.716950,0.183186,0.183186,10.4958,10.4958,1,1,0.006981,0.00004874
1771742665.457036,28.070000,0.010000,0.006634,0.000013,-0.001431,-0.0820,-0.807785,-0.128492,0.976397,0.173581,0.173581,9.9455,9.9455,1,1,0.006634,0.00004401
1771742665.467036,28.080000,0.010000,0.006286,0.000010,-0.001303,-0.0747,-0.763265,-0.116458,1.203413,0.081500,0.081500,4.6696,4.6696,1,1,0.006286,0.00003951
1771742665.477036,28.090000,0.010000,0.005940,0.000009,-0.000873,-0.0500,-0.728942,-0.102437,1.402052,0.007688,0.007688,0.4405,0.4405,1,1,0.005940,0.00003528
1771742665.487036,28.100000,0.010000,0.005601,0.000007,-0.000381,-0.0218,-0.716576,-0.093660,0.877730,-0.042942,-0.042942,-2.4604,-2.4604,1,1,0.005601,0.00003137
1771742665.497036,28.110000,0.010000,0.005254,0.000006,0.000459,0.0263,-0.685931,-0.083379,1.028154,-0.007649,-0.007649,-0.4382,-0.4382,1,1,0.005254,0.00002760
1771742665.507036,28.120000,0.010000,0.004909,0.000005,0.001485,0.0851,-0.663934,-0.070892,1.248701,-0.074180,-0.074180,-4.2502,-4.2502,1,1,0.004909,0.00002410
1771742665.517036,28.130000,0.010000,0.004566,0.000004,0.002642,0.1514,-0.648427,-0.056475,1.441679,-0.117063,-0.117063,-6.7072,-6.7072,1,1,0.004566,0.00002085
1771742665.527036,28.140000,0.010000,0.004225,0.000003,0.003888,0.2228,-0.637798,-0.040369,1.610535,-0.145452,-0.145452,-8.3338,-8.3338,1,1,0.004225,0.00001785
1771742665.537036,28.150000,0.010000,0.003885,0.000002,0.005191,0.2974,-0.630842,-0.022787,1.758284,-0.147933,-0.147933,-8.4760,-8.4760,1,1,0.003885,0.00001509
1771742665.547036,28.160000,0.010000,0.003547,0.000002,0.006526,0.3739,-0.626659,-0.003911,1.887564,-0.065661,-0.065661,-3.7621,-3.7621,1,1,0.003547,0.00001258
1771742665.557036,28.170000,0.010000,0.003209,0.000001,0.007876,0.4513,-0.624577,0.016096,2.000685,0.016530,0.016530,0.9471,0.9471,1,1,0.003209,0.00001030
1771742665.567036,28.180000,0.010000,0.002874,0.000000,0.009227,0.5287,-0.624098,0.037093,2.099665,0.079978,0.079978,4.5824,4.5824,1,1,0.002874,0.00000826
1771742665.577036,28.190000,0.010000,0.002539,-0.000000,0.010568,0.6055,-0.624847,0.055354,1.826169,0.071550,0.071550,4.0995,4.0995,1,1,0.002539,0.00000644
1771742665.587036,28.200000,0.010000,0.002205,-0.000001,0.011891,0.6813,-0.626548,0.070133,1.477838,0.088053,0.088053,5.0451,5.0451,1,1,0.002205,0.00000486
1771742665.597036,28.210000,0.010000,0.001873,0.000178,0.013184,0.7554,-0.630119,0.079573,0.944043,0.094492,0.094492,5.4140,5.4140,1,1,0.001873,0.00000351
1771742665.607036,28.220000,0.010000,0.001545,0.000686,0.014431,0.8269,-0.636121,0.084343,0.476972,0.158515,0.158515,9.0823,9.0823,1,1,0.001545,0.00000239
1771742665.617036,28.230000,0.010000,0.001224,0.001649,0.015613,0.8946,-0.644794,0.085026,0.068284,0.182559,0.182559,10.4599,10.4599,1,1,0.001224,0.00000150
1771742665.627036,28.240000,0.010000,0.000913,0.002980,0.016713,0.9576,-0.655015,0.082132,-0.289317,0.174828,0.174828,10.0169,10.0169,1,1,0.000913,0.00000083
1771742665.637036,28.250000,0.010000,0.000615,0.004622,0.017724,1.0155,-0.666075,0.076110,-0.602218,0.143867,0.143867,8.2430,8.2430,1,1,0.000615,0.00000038
1771742665.647036,28.260000,0.010000,0.000332,0.006535,0.018640,1.0680,-0.677533,0.067350,-0.876007,0.148886,0.148886,8.5305,8.5305,1,1,0.000332,0.00000011
1771742665.657036,28.270000,0.010000,0.000067,0.008687,0.019460,1.1150,-0.689119,0.056194,-1.115572,0.155032,0.155032,8.8827,8.8827,1,1,0.000067,0.00000000
1771742665.667036,28.280000,0.010000,-0.000179,0.011047,0.020184,1.1565,-0.700568,0.042943,-1.325191,0.168183,0.168183,9.6362,9.6362,1,1,0.000179,0.00000003
1771742665.677036,28.290000,0.010000,-0.000404,0.013583,0.020815,1.1926,-0.711669,0.029367,-1.357545,0.166379,0.166379,9.5328,9.5328,1,1,0.000404,0.00000016
1771742665.687036,28.300000,0.010000,-0.000607,0.016266,0.021357,1.2237,-0.722253,0.020979,-0.838786,0.166510,0.166510,9.5403,9.5403,1,1,0.000607,0.00000037
1771742665.697036,28.310000,0.010000,-0.000787,0.019070,0.021814,1.2498,-0.732193,0.017131,-0.384872,0.137264,0.137264,7.8647,7.8647,1,1,0.000787,0.00000062
1771742665.707036,28.320000,0.010000,-0.000943,0.021970,0.022192,1.2715,-0.741379,0.017254,0.012303,0.133552,0.133552,7.6519,7.6519,1,1,0.000943,0.00000089
1771742665.717036,28.330000,0.010000,-0.001074,0.024942,0.022499,1.2891,-0.749726,0.020852,0.359831,0.166014,0.166014,9.5119,9.5119,1,1,0.001074,0.00000115
1771742665.727036,28.340000,0.010000,-0.001181,0.027961,0.022742,1.3030,-0.757156,0.027491,0.663918,0.263295,0.263295,15.0857,15.0857,1,1,0.001181,0.00000139
1771742665.737036,28.350000,0.010000,-0.001262,0.031006,0.022928,1.3137,-0.763604,0.036791,0.929994,0.308209,0.308209,17.6591,17.6591,1,1,0.001262,0.00000159
1771742665.747036,28.360000,0.010000,-0.001317,0.034056,0.023067,1.3217,-0.769016,0.048419,1.162811,0.317386,0.317386,18.1849,18.1849,1,1,0.001317,0.00000173
1771742665.757036,28.370000,0.010000,-0.001347,0.037089,0.023168,1.3274,-0.773347,0.062084,1.366525,0.293977,0.293977,16.8436,16.8436,1,1,0.001347,0.00000181
1771742665.767036,28.380000,0.010000,-0.001352,0.040087,0.023239,1.3315,-0.776559,0.072307,1.022279,0.200745,0.200745,11.5018,11.5018,1,1,0.001352,0.00000183
1771742665.777036,28.390000,0.010000,-0.001332,0.043033,0.023290,1.3344,-0.778622,0.081879,0.957230,0.204113,0.204113,11.6948,11.6948,1,1,0.001332,0.00000178
1771742665.787036,28.400000,0.010000,-0.001289,0.045909,0.023332,1.3368,-0.779515,0.091024,0.914408,0.150153,0.150153,8.6031,8.6031,1,1,0.001289,0.00000166
1771742665.797036,28.410000,0.010000,-0.001222,0.048703,0.023374,1.3392,-0.779222,0.100669,0.964497,0.077466,0.077466,4.4385,4.4385,1,1,0.001222,0.00000149
1771742665.807036,28.420000,0.010000,-0.001132,0.051399,0.023426,1.3422,-0.777733,0.108882,0.821387,-0.032328,-0.032328,-1.8522,-1.8522,1,1,0.001132,0.00000128
1771742665.817036,28.430000,0.010000,-0.001020,0.053987,0.023498,1.3463,-0.775045,0.116086,0.720349,-0.085352,-0.085352,-4.8903,-4.8903,1,1,0.001020,0.00000104
1771742665.827036,28.440000,0.010000,-0.000888,0.056457,0.023600,1.3522,-0.771163,0.118898,0.281240,-0.140230,-0.140230,-8.0346,-8.0346,1,1,0.000888,0.00000079
1771742665.837036,28.450000,0.010000,-0.000735,0.058799,0.023743,1.3604,-0.766092,0.120730,0.183166,-0.113729,-0.113729,-6.5162,-6.5162,1,1,0.000735,0.00000054
1771742665.847036,28.460000,0.010000,-0.000564,0.061008,0.023935,1.3714,-0.759843,0.125823,0.509336,-0.128613,-0.128613,-7.3690,-7.3690,1,1,0.000564,0.00000032
1771742665.857036,28.470000,0.010000,-0.000376,0.063078,0.024187,1.3858,-0.752434,0.133771,0.794735,-0.229622,-0.229622,-13.1564,-13.1564,1,1,0.000376,0.00000014
1771742665.867036,28.480000,0.010000,-0.000171,0.065006,0.024509,1.4042,-0.743885,0.144215,1.044459,-0.307889,-0.307889,-17.6407,-17.6407,1,1,0.000171,0.00000003
1771742665.877036,28.490000,0.010000,0.000024,0.060888,0.025351,1.4525,-0.627931,0.156845,1.262968,-0.341089,-0.341089,-19.5430,-19.5430,1,1,0.000024,0.00000000
1771742665.887036,28.500000,0.010000,0.000222,0.064632,0.026485,1.5175,-0.654114,0.171387,1.454162,-0.358951,-0.358951,-20.5664,-20.5664,1,1,0.000222,0.00000005
1771742665.897036,28.510000,0.010000,0.000428,0.062973,0.027838,1.5950,-0.583137,0.180620,0.923326,-0.385005,-0.385005,-22.0592,-22.0592,1,1,0.000428,0.00000018
1771742665.907036,28.520000,0.010000,0.000645,0.067015,0.029309,1.6793,-0.614843,0.185208,0.458845,-0.368492,-0.368492,-21.1131,-21.1131,1,1,0.000645,0.00000042
1771742665.917036,28.530000,0.010000,0.000890,0.070136,0.030623,1.7546,-0.629929,0.185732,0.052423,-0.352421,-0.352421,-20.1922,-20.1922,1,1,0.000890,0.00000079
1771742665.927036,28.540000,0.010000,0.001158,0.072614,0.031882,1.8267,-0.633866,0.182701,-0.303196,-0.334726,-0.334726,-19.1784,-19.1784,1,1,0.001158,0.00000134
1771742665.937036,28.550000,0.010000,0.001435,0.073733,0.033198,1.9021,-0.625842,0.176557,-0.614362,-0.315207,-0.315207,-18.0600,-18.0600,1,1,0.001435,0.00000206
1771742665.947036,28.560000,0.010000,0.001718,0.074367,0.034615,1.9833,-0.612962,0.167691,-0.886633,-0.294497,-0.294497,-16.8734,-16.8734,1,1,0.001718,0.00000295
1771742665.957036,28.570000,0.010000,0.002006,0.074894,0.036149,2.0712,-0.598112,0.156442,-1.124869,-0.253576,-0.253576,-14.5288,-14.5288,1,1,0.002006,0.00000402
1771742665.967036,28.580000,0.010000,0.002297,0.075334,0.037816,2.1667,-0.581693,0.143109,-1.333327,-0.217401,-0.217401,-12.4562,-12.4562,1,1,0.002297,0.00000528
1771742665.977036,28.590000,0.010000,0.002592,0.075695,0.039626,2.2704,-0.563939,0.127951,-1.515727,-0.186118,-0.186118,-10.6637,-10.6637,1,1,0.002592,0.00000672
1771742665.987036,28.600000,0.010000,0.002890,0.075988,0.041590,2.3829,-0.545034,0.111198,-1.675327,-0.153932,-0.153932,-8.8196,-8.8196,1,1,0.002890,0.00000835
1771742665.997036,28.610000,0.010000,0.003190,0.076221,0.043717,2.5048,-0.525088,0.093048,-1.814977,-0.164117,-0.164117,-9.4032,-9.4032,1,1,0.003190,0.00001017
1771742666.007036,28.620000,0.010000,0.003491,0.076405,0.046013,2.6364,-0.504213,0.073677,-1.937170,-0.161943,-0.161943,-9.2787,-9.2787,1,1,0.003491,0.00001219
1771742666.017036,28.630000,0.010000,0.003794,0.076552,0.048487,2.7781,-0.482467,0.053236,-2.044090,-0.134383,-0.134383,-7.6996,-7.6996,1,1,0.003794,0.00001439
1771742666.027036,28.640000,0.010000,0.004104,0.077254,0.050965,2.9201,-0.479240,0.031859,-2.137645,-0.097256,-0.097256,-5.5723,-5.5723,1,1,0.004104,0.00001684
1771742666.037036,28.650000,0.010000,0.004428,0.077807,0.051984,2.9785,-0.633026,0.009664,-2.219505,-0.068367,-0.068367,-3.9171,-3.9171,1,1,0.004428,0.00001961
1771742666.047036,28.660000,0.010000,0.004749,0.077449,0.053328,3.0555,-0.595716,-0.013247,-2.291133,-0.210072,-0.210072,-12.0363,-12.0363,1,1,0.004749,0.00002255
1771742666.057036,28.670000,0.010000,0.005091,0.078599,0.052751,3.0224,-0.799414,-0.036785,-2.353807,-0.138183,-0.138183,-7.9173,-7.9173,1,1,0.005091,0.00002592
1771742666.067036,28.680000,0.010000,0.005387,0.073529,0.053307,3.0542,-0.675715,-0.060872,-2.408647,-0.263401,-0.263401,-15.0918,-15.0918,1,1,0.005387,0.00002902
1771742666.077036,28.690000,0.010000,0.005796,0.084582,0.050239,2.8785,-1.062641,-0.085438,-2.456632,-0.082438,-0.082438,-4.7234,-4.7234,1,1,0.005796,0.00003360
1771742666.087036,28.700000,0.010000,0.006078,0.070684,0.049581,2.8408,-0.802116,-0.106455,-2.101725,-0.263042,-0.263042,-15.0712,-15.0712,1,1,0.006078,0.00003694
1771742666.097036,28.710000,0.010000,0.006419,0.075800,0.046260,2.6505,-1.086504,-0.121355,-1.489943,-0.031785,-0.031785,-1.8211,-1.8211,1,1,0.006419,0.00004120
1771742666.107036,28.720000,0.010000,0.006625,0.061163,0.045459,2.6046,-0.814675,-0.130901,-0.954634,-0.179229,-0.179229,-10.2691,-10.2691,1,1,0.006625,0.00004389
1771742666.117036,28.730000,0.010000,0.006912,0.068639,0.041527,2.3793,-1.149952,-0.135763,-0.486239,-0.068142,-0.068142,-3.9042,-3.9042,1,1,0.006912,0.00004777
1771742666.127036,28.740000,0.010000,0.007045,0.051909,0.040355,2.3122,-0.852613,-0.139308,-0.354420,-0.167580,-0.167580,-9.6016,-9.6016,1,1,0.007045,0.00004963
1771742666.137036,28.750000,0.010000,0.007327,0.067759,0.036297,2.0796,-1.162265,-0.142137,-0.282947,-0.099026,-0.099026,-5.6738,-5.6738,1,1,0.007327,0.00005368
1771742666.147036,28.760000,0.010000,0.007447,0.050032,0.035056,2.0085,-0.858801,-0.141168,0.096923,-0.162284,-0.162284,-9.2982,-9.2982,1,1,0.007447,0.00005545
1771742666.157036,28.770000,0.010000,0.007669,0.060963,0.031921,1.8290,-1.061843,-0.136829,0.433873,-0.134144,-0.134144,-7.6859,-7.6859,1,1,0.007669,0.00005881
1771742666.167036,28.780000,0.010000,0.007741,0.044549,0.031295,1.7931,-0.791657,-0.129542,0.728705,-0.172324,-0.172324,-9.8735,-9.8735,1,1,0.007741,0.00005992
1771742666.177036,28.790000,0.010000,0.007954,0.059647,0.028024,1.6057,-1.075596,-0.126657,0.288551,-0.173563,-0.173563,-9.9444,-9.9444,1,1,0.007954,0.00006326
1771742666.187036,28.800000,0.010000,0.008010,0.042508,0.027310,1.5648,-0.800996,-0.127622,-0.096584,-0.156633,-0.156633,-8.9744,-8.9744,1,1,0.008010,0.00006417
1771742666.197036,28.810000,0.010000,0.008195,0.056156,0.024111,1.3815,-1.067228,-0.131958,-0.433577,-0.054295,-0.054295,-3.1109,-3.1109,1,1,0.008195,0.00006716
1771742666.207036,28.820000,0.010000,0.008222,0.038835,0.023436,1.3428,-0.797567,-0.132261,-0.030314,-0.045547,-0.045547,-2.6097,-2.6097,1,1,0.008222,0.00006760
1771742666.217036,28.830000,0.010000,0.008380,0.052810,0.020147,1.1544,-1.076652,-0.136017,-0.375590,-0.040208,-0.040208,-2.3037,-2.3037,1,1,0.008380,0.00007023
1771742666.227036,28.840000,0.010000,0.008375,0.034933,0.019404,1.1118,-0.804719,-0.135813,0.020424,0.004234,0.004234,0.2426,0.2426,1,1,0.008375,0.00007014
1771742666.237036,28.850000,0.010000,0.008483,0.046829,0.016324,0.9353,-1.054551,-0.139125,-0.331195,-0.004417,-0.004417,-0.2531,-0.2531,1,1,0.008483,0.00007197
1771742666.247036,28.860000,0.010000,0.008430,0.029149,0.015697,0.8994,-0.792895,-0.138532,0.059271,0.078090,0.078090,4.4742,4.4742,1,1,0.008430,0.00007107
1771742666.257036,28.870000,0.010000,0.008502,0.042312,0.012475,0.7148,-1.070705,-0.141504,-0.297204,0.041687,0.041687,2.3885,2.3885,1,1,0.008502,0.00007228
1771742666.267036,28.880000,0.010000,0.008408,0.024192,0.011726,0.6719,-0.807137,-0.140614,0.089012,0.143339,0.143339,8.2127,8.2127,1,1,0.008408,0.00007069
1771742666.277036,28.890000,0.010000,0.008404,0.033610,0.008940,0.5122,-1.025371,-0.143323,-0.270869,0.098450,0.098450,5.6408,5.6408,1,1,0.008404,0.00007064
1771742666.287036,28.900000,0.010000,0.008244,0.016458,0.008431,0.4830,-0.783575,-0.142202,0.112056,0.242327,0.242327,13.8843,13.8843,1,1,0.008244,0.00006797
1771742666.297036,28.910000,0.010000,0.008206,0.029270,0.005300,0.3037,-1.064842,-0.144712,-0.251017,0.127355,0.127355,7.2969,7.2969,1,1,0.008206,0.00006734
1771742666.307036,28.920000,0.010000,0.008006,0.011542,0.004508,0.2583,-0.816357,-0.148319,-0.360636,0.291106,0.291106,16.6791,16.6791,1,1,0.008006,0.00006409
1771742666.317036,28.930000,0.010000,0.007879,0.019119,0.001914,0.1097,-1.010300,-0.149358,-0.103932,0.316231,0.316231,18.1187,18.1187,1,1,0.007879,0.00006208
1771742666.327036,28.940000,0.010000,0.007604,0.002888,0.001396,0.0800,-0.790839,-0.146777,0.258126,0.334961,0.334961,19.1919,19.1919,1,1,0.007604,0.00005781
1771742666.337036,28.950000,0.010000,0.007393,0.009521,-0.000788,-0.0451,-0.970274,-0.141028,0.574926,0.207369,0.207369,11.8813,11.8813,1,1,0.007393,0.00005465
1771742666.347036,28.960000,0.010000,0.007068,0.000014,-0.001267,-0.0726,-0.809272,-0.132506,0.852126,0.193164,0.193164,11.0675,11.0675,1,1,0.007068,0.00004996
1771742666.357036,28.970000,0.010000,0.006732,0.000013,-0.001466,-0.0840,-0.788770,-0.121560,1.094676,0.091303,0.091303,5.2313,5.2313,1,1,0.006732,0.00004532
1771742666.367036,28.980000,0.010000,0.006378,0.000010,-0.001046,-0.0599,-0.734561,-0.108490,1.306907,0.034199,0.034199,1.9594,1.9594,1,1,0.006378,0.00004068
1771742666.377036,28.990000,0.010000,0.006033,0.000008,-0.000424,-0.0243,-0.705965,-0.093564,1.492610,-0.040721,-0.040721,-2.3331,-2.3331,1,1,0.006033,0.00003640
1771742666.387036,29.000000,0.010000,0.005685,0.000007,0.000513,0.0294,-0.674131,-0.077013,1.655099,-0.089357,-0.089357,-5.1198,-5.1198,1,1,0.005685,0.00003232
1771742666.397036,29.010000,0.010000,0.005339,0.000005,0.001645,0.0943,-0.651101,-0.059041,1.797278,-0.145483,-0.145483,-8.3355,-8.3355,1,1,0.005339,0.00002851
1771742666.407036,29.020000,0.010000,0.004996,0.000004,0.002916,0.1671,-0.634673,-0.039824,1.921684,-0.177569,-0.177569,-10.1739,-10.1739,1,1,0.004996,0.00002496
1771742666.417036,29.030000,0.010000,0.004654,0.000004,0.004282,0.2454,-0.623202,-0.019518,2.030539,-0.137249,-0.137249,-7.8638,-7.8638,1,1,0.004654,0.00002166
1771742666.427036,29.040000,0.010000,0.004313,0.000003,0.005713,0.3273,-0.615458,-0.001159,1.835922,-0.085573,-0.085573,-4.9030,-4.9030,1,1,0.004313,0.00001861
1771742666.437036,29.050000,0.010000,0.003974,0.000002,0.007182,0.4115,-0.610521,0.018396,1.955497,-0.000131,-0.000131,-0.0075,-0.0075,1,1,0.003974,0.00001580
1771742666.447036,29.060000,0.010000,0.003637,0.000002,0.008673,0.4969,-0.607705,0.038997,2.060126,0.058047,0.058047,3.3259,3.3259,1,1,0.003637,0.00001323
1771742666.457036,29.070000,0.010000,0.003300,0.000001,0.010170,0.5827,-0.606498,0.060514,2.151676,0.038397,0.038397,2.2000,2.2000,1,1,0.003300,0.00001089
1771742666.467036,29.080000,0.010000,0.002965,0.000000,0.011664,0.6683,-0.606519,0.078871,1.835685,-0.049622,-0.049622,-2.8431,-2.8431,1,1,0.002965,0.00000879
1771742666.477036,29.090000,0.010000,0.002631,-0.000000,0.013145,0.7532,-0.607483,0.093157,1.428661,-0.056402,-0.056402,-3.2316,-3.2316,1,1,0.002631,0.00000692
1771742666.487036,29.100000,0.010000,0.002298,0.000070,0.014607,0.8369,-0.609618,0.102167,0.901012,-0.022925,-0.022925,-1.3135,-1.3135,1,1,0.002298,0.00000528
1771742666.497036,29.110000,0.010000,0.001968,0.000349,0.016036,0.9188,-0.613554,0.106561,0.439320,0.044832,0.044832,2.5687,2.5687,1,1,0.001968,0.00000387
1771742666.507036,29.120000,0.010000,0.001642,0.001115,0.017414,0.9977,-0.620649,0.106914,0.035339,0.080034,0.080034,4.5856,4.5856,1,1,0.001642,0.00000270
1771742666.517036,29.130000,0.010000,0.001326,0.002303,0.018721,1.0726,-0.629782,0.103733,-0.318144,0.073617,0.073617,4.2179,4.2179,1,1,0.001326,0.00000176
1771742666.527036,29.140000,0.010000,0.001022,0.003839,0.019946,1.1428,-0.640040,0.097458,-0.627442,0.062210,0.062210,3.5644,3.5644,1,1,0.001022,0.00000104
1771742666.537036,29.150000,0.010000,0.000732,0.005675,0.021083,1.2079,-0.650854,0.088477,-0.898078,0.086395,0.086395,4.9500,4.9500,1,1,0.000732,0.00000054
1771742666.547036,29.160000,0.010000,0.000460,0.007778,0.022128,1.2678,-0.661878,0.077129,-1.134884,0.112486,0.112486,6.4450,6.4450,1,1,0.000460,0.00000021
1771742666.557036,29.170000,0.010000,0.000206,0.010115,0.023082,1.3225,-0.672829,0.063708,-1.342089,0.123975,0.123975,7.1033,7.1033,1,1,0.000206,0.00000004
1771742666.567036,29.180000,0.010000,-0.000027,0.012657,0.023947,1.3721,-0.683512,0.055455,-0.825262,0.123246,0.123246,7.0615,7.0615,1,1,0.000027,0.00000000
1771742666.577036,29.190000,0.010000,-0.000237,0.015372,0.024726,1.4167,-0.693721,0.051725,-0.373039,0.105424,0.105424,6.0404,6.0404,1,1,0.000237,0.00000006
1771742666.587036,29.200000,0.010000,-0.000424,0.018233,0.025423,1.4567,-0.703305,0.050059,-0.166599,0.119381,0.119381,6.8400,6.8400,1,1,0.000424,0.00000018
1771742666.597036,29.210000,0.010000,-0.000587,0.021215,0.026046,1.4923,-0.712141,0.045110,-0.494840,0.180496,0.180496,10.3417,10.3417,1,1,0.000587,0.00000034
1771742666.607036,29.220000,0.010000,-0.000724,0.024290,0.026599,1.5240,-0.720120,0.037290,-0.782051,0.103116,0.103116,5.9081,5.9081,1,1,0.000724,0.00000052
1771742666.617036,29.230000,0.010000,-0.000835,0.027436,0.027092,1.5522,-0.727147,0.029763,-0.752682,0.075680,0.075680,4.3361,4.3361,1,1,0.000835,0.00000070
1771742666.627036,29.240000,0.010000,-0.000919,0.030627,0.027532,1.5775,-0.733148,0.026668,-0.309531,0.062405,0.062405,3.5756,3.5756,1,1,0.000919,0.00000084
1771742666.637036,29.250000,0.010000,-0.000977,0.033843,0.027929,1.6002,-0.738059,0.027450,0.078226,0.098274,0.098274,5.6307,5.6307,1,1,0.000977,0.00000095
1771742666.647036,29.260000,0.010000,-0.001008,0.037062,0.028292,1.6210,-0.741823,0.031625,0.417514,0.224430,0.224430,12.8589,12.8589,1,1,0.001008,0.00000102
1771742666.657036,29.270000,0.010000,-0.001012,0.040263,0.028631,1.6404,-0.744393,0.035448,0.382309,0.286612,0.286612,16.4217,16.4217,1,1,0.001012,0.00000102
1771742666.667036,29.280000,0.010000,-0.000989,0.043430,0.028956,1.6591,-0.745727,0.041816,0.636830,0.280254,0.280254,16.0574,16.0574,1,1,0.000989,0.00000098
1771742666.677036,29.290000,0.010000,-0.000941,0.046543,0.029278,1.6775,-0.745795,0.050650,0.883369,0.289082,0.289082,16.5632,16.5632,1,1,0.000941,0.00000089
1771742666.687036,29.300000,0.010000,-0.000867,0.049587,0.029608,1.6964,-0.744571,0.059816,0.916566,0.263932,0.263932,15.1222,15.1222,1,1,0.000867,0.00000075
1771742666.697036,29.310000,0.010000,-0.000768,0.052549,0.029956,1.7164,-0.742036,0.067745,0.792881,0.226396,0.226396,12.9715,12.9715,1,1,0.000768,0.00000059
1771742666.707036,29.320000,0.010000,-0.000645,0.055415,0.030334,1.7380,-0.738177,0.072455,0.470995,0.197322,0.197322,11.3057,11.3057,1,1,0.000645,0.00000042
1771742666.717036,29.330000,0.010000,-0.000499,0.058175,0.030753,1.7620,-0.732989,0.078320,0.586579,0.174045,0.174045,9.9720,9.9720,1,1,0.000499,0.00000025
1771742666.727036,29.340000,0.010000,-0.000331,0.060818,0.031223,1.7890,-0.726468,0.086944,0.862323,0.128703,0.128703,7.3741,7.3741,1,1,0.000331,0.00000011
1771742666.737036,29.350000,0.010000,-0.000141,0.063339,0.031757,1.8195,-0.718619,0.090998,0.405467,-0.026269,-0.026269,-1.5051,-1.5051,1,1,0.000141,0.00000002
1771742666.747036,29.360000,0.010000,0.000069,0.065730,0.032364,1.8543,-0.709448,0.091055,0.005717,0.001345,0.001345,0.0771,0.0771,1,1,0.000069,0.00000000
1771742666.757036,29.370000,0.010000,0.000298,0.067987,0.033056,1.8939,-0.698967,0.087615,-0.344063,-0.017947,-0.017947,-1.0283,-1.0283,1,1,0.000298,0.00000009
1771742666.767036,29.380000,0.010000,0.000545,0.070104,0.033843,1.9391,-0.687165,0.088095,0.048011,-0.053317,-0.053317,-3.0548,-3.0548,1,1,0.000545,0.00000030
1771742666.777036,29.390000,0.010000,0.000808,0.072092,0.034736,1.9902,-0.674139,0.092006,0.391075,-0.053879,-0.053879,-3.0870,-3.0870,1,1,0.000808,0.00000065
1771742666.787036,29.400000,0.010000,0.001081,0.073128,0.035780,2.0500,-0.656150,0.098918,0.691257,-0.102103,-0.102103,-5.8501,-5.8501,1,1,0.001081,0.00000117
1771742666.797036,29.410000,0.010000,0.001360,0.074001,0.036977,2.1186,-0.637764,0.108457,0.953915,-0.191684,-0.191684,-10.9827,-10.9827,1,1,0.001360,0.00000185
1771742666.807036,29.420000,0.010000,0.001647,0.074815,0.038327,2.1960,-0.619318,0.120295,1.183742,-0.283662,-0.283662,-16.2526,-16.2526,1,1,0.001647,0.00000271
1771742666.817036,29.430000,0.010000,0.001939,0.075415,0.039840,2.2827,-0.599623,0.134143,1.384840,-0.365590,-0.365590,-20.9468,-20.9468,1,1,0.001939,0.00000376
1771742666.827036,29.440000,0.010000,0.002235,0.075955,0.041518,2.3788,-0.579682,0.145675,1.153156,-0.395286,-0.395286,-22.6482,-22.6482,1,1,0.002235,0.00000500
1771742666.837036,29.450000,0.010000,0.002536,0.076438,0.043364,2.4846,-0.559336,0.152274,0.659946,-0.399266,-0.399266,-22.8763,-22.8763,1,1,0.002536,0.00000643
1771742666.847036,29.460000,0.010000,0.002840,0.076872,0.045381,2.6001,-0.538477,0.154995,0.272133,-0.376796,-0.376796,-21.5888,-21.5888,1,1,0.002840,0.00000807
1771742666.857036,29.470000,0.010000,0.003148,0.077259,0.047573,2.7258,-0.517008,0.153886,-0.110949,-0.347493,-0.347493,-19.9099,-19.9099,1,1,0.003148,0.00000991
1771742666.867036,29.480000,0.010000,0.003459,0.077601,0.049948,2.8618,-0.494840,0.149425,-0.446146,-0.321451,-0.321451,-18.4178,-18.4178,1,1,0.003459,0.00001196
1771742666.877036,29.490000,0.010000,0.003772,0.077908,0.052510,3.0086,-0.471950,0.142030,-0.739444,-0.299982,-0.299982,-17.1877,-17.1877,1,1,0.003772,0.00001423
1771742666.887036,29.500000,0.010000,0.004088,0.078186,0.055265,3.1665,-0.448301,0.132069,-0.996079,-0.280299,-0.280299,-16.0600,-16.0600,1,1,0.004088,0.00001671
1771742666.897036,29.510000,0.010000,0.004406,0.078441,0.058221,3.3358,-0.423850,0.119863,-1.220635,-0.250088,-0.250088,-14.3290,-14.3290,1,1,0.004406,0.00001941
1771742666.907036,29.520000,0.010000,0.004726,0.078680,0.061383,3.5170,-0.398583,0.105692,-1.417122,-0.212504,-0.212504,-12.1756,-12.1756,1,1,0.004726,0.00002233
1771742666.917036,29.530000,0.010000,0.005048,0.078913,0.064758,3.7104,-0.372484,0.089801,-1.589047,-0.167823,-0.167823,-9.6155,-9.6155,1,1,0.005048,0.00002548
1771742666.927036,29.540000,0.010000,0.005379,0.079591,0.067647,3.8759,-0.421435,0.072406,-1.739482,-0.151895,-0.151895,-8.7029,-8.7029,1,1,0.005379,0.00002894
1771742666.937036,29.550000,0.010000,0.005706,0.078417,0.069929,4.0066,-0.483481,0.053695,-1.871113,-0.135674,-0.135674,-7.7735,-7.7735,1,1,0.005706,0.00003256
1771742666.947036,29.560000,0.010000,0.006028,0.077243,0.071601,4.1024,-0.545986,0.033832,-1.986290,-0.138232,-0.138232,-7.9201,-7.9201,1,1,0.006028,0.00003634
1771742666.957036,29.570000,0.010000,0.006345,0.076042,0.072641,4.1620,-0.611084,0.012962,-2.087069,-0.163137,-0.163137,-9.3470,-9.3470,1,1,0.006345,0.00004026
1771742666.967036,29.580000,0.010000,0.006657,0.074853,0.073056,4.1858,-0.675792,-0.008791,-2.175251,-0.187388,-0.187388,-10.7365,-10.7365,1,1,0.006657,0.00004432
1771742666.977036,29.590000,0.010000,0.006964,0.073647,0.072829,4.1728,-0.742478,-0.031315,-2.252411,-0.217020,-0.217020,-12.4343,-12.4343,1,1,0.006964,0.00004850
1771742666.987036,29.600000,0.010000,0.007266,0.072461,0.071972,4.1237,-0.808127,-0.054514,-2.319925,-0.219281,-0.219281,-12.5639,-12.5639,1,1,0.007266,0.00005279
1771742666.997036,29.610000,0.010000,0.007563,0.071264,0.070472,4.0378,-0.875319,-0.078304,-2.379001,-0.193687,-0.193687,-11.0974,-11.0974,1,1,0.007563,0.00005720
1771742667.007036,29.620000,0.010000,0.007855,0.070093,0.068348,3.9160,-0.940979,-0.102611,-2.430691,-0.201707,-0.201707,-11.5570,-11.5570,1,1,0.007855,0.00006170
1771742667.017036,29.630000,0.010000,0.008143,0.069104,0.065727,3.7659,-0.992914,-0.124822,-2.221104,-0.211877,-0.211877,-12.1397,-12.1397,1,1,0.008143,0.00006630
1771742667.027036,29.640000,0.010000,0.008428,0.068440,0.062848,3.6009,-1.019441,-0.140766,-1.594400,-0.206956,-0.206956,-11.8577,-11.8577,1,1,0.008428,0.00007103
1771742667.037036,29.650000,0.010000,0.008711,0.067878,0.059786,3.4255,-1.037976,-0.151226,-1.046035,-0.192716,-0.192716,-11.0418,-11.0418,1,1,0.008711,0.00007587
1771742667.047036,29.660000,0.010000,0.008992,0.067582,0.056737,3.2508,-1.035480,-0.156889,-0.566214,-0.206742,-0.206742,-11.8455,-11.8455,1,1,0.008992,0.00008086
1771742667.057036,29.670000,0.010000,0.009270,0.067039,0.053750,3.0797,-1.027643,-0.158352,-0.146372,-0.220969,-0.220969,-12.6606,-12.6606,1,1,0.009270,0.00008593
1771742667.067036,29.680000,0.010000,0.009535,0.065515,0.051022,2.9234,-0.998689,-0.156142,0.220991,-0.221569,-0.221569,-12.6950,-12.6950,1,1,0.009535,0.00009092
1771742667.077036,29.690000,0.010000,0.009799,0.065149,0.048194,2.7613,-1.008273,-0.153904,0.223883,-0.211485,-0.211485,-12.1172,-12.1172,1,1,0.009799,0.00009602
1771742667.087036,29.700000,0.010000,0.010042,0.062743,0.045662,2.6162,-0.975393,-0.155058,-0.115412,-0.206377,-0.206377,-11.8245,-11.8245,1,1,0.010042,0.00010085
1771742667.097036,29.710000,0.010000,0.010302,0.064133,0.042466,2.4331,-1.045776,-0.159099,-0.404130,-0.201744,-0.201744,-11.5591,-11.5591,1,1,0.010302,0.00010614
1771742667.107036,29.720000,0.010000,0.010498,0.056933,0.040228,2.3049,-0.941795,-0.166126,-0.702680,-0.184842,-0.184842,-10.5907,-10.5907,1,1,0.010498,0.00011020
1771742667.117036,29.730000,0.010000,0.010764,0.063843,0.035875,2.0555,-1.168682,-0.172770,-0.664436,-0.045172,-0.045172,-2.5881,-2.5881,1,1,0.010764,0.00011586
1771742667.127036,29.740000,0.010000,0.010820,0.040773,0.034915,2.0005,-0.802905,-0.175385,-0.261454,-0.121109,-0.121109,-6.9390,-6.9390,1,1,0.010820,0.00011707
1771742667.137036,29.750000,0.010000,0.011078,0.061055,0.028379,1.6260,-1.397473,-0.178675,-0.329032,-0.025797,-0.025797,-1.4780,-1.4780,1,1,0.011078,0.00012273
1771742667.147036,29.760000,0.010000,0.011079,0.032976,0.025996,1.4894,-0.956366,-0.182825,-0.415028,-0.069265,-0.069265,-3.9686,-3.9686,1,1,0.011079,0.00012274
1771742667.157036,29.770000,0.010000,0.011167,0.042226,0.021669,1.2416,-1.166488,-0.185842,-0.301629,0.170826,0.170826,9.7876,9.7876,1,1,0.011167,0.00012470
1771742667.167036,29.780000,0.010000,0.011039,0.018506,0.020639,1.1825,-0.814462,-0.186701,-0.085936,0.125284,0.125284,7.1782,7.1782,1,1,0.011039,0.00012186
1771742667.177036,29.790000,0.010000,0.011223,0.051584,0.013699,0.7849,-1.442361,-0.189206,-0.250517,0.097782,0.097782,5.6025,5.6025,1,1,0.011223,0.00012595
1771742667.187036,29.800000,0.010000,0.011136,0.022212,0.010943,0.6270,-1.001444,-0.193177,-0.397039,0.159240,0.159240,9.1238,9.1238,1,1,0.011136,0.00012401
1771742667.197036,29.810000,0.010000,0.011039,0.020744,0.007755,0.4443,-1.049372,-0.196726,-0.354902,0.324224,0.324224,18.5767,18.5767,1,1,0.011039,0.00012186
1771742667.207036,29.820000,0.010000,0.010846,0.010036,0.005589,0.3202,-0.942088,-0.198570,-0.184494,0.344441,0.344441,19.7350,19.7350,1,1,0.010846,0.00011764
1771742667.217036,29.830000,0.010000,0.010733,0.018188,0.001386,0.0794,-1.162041,-0.199546,-0.097580,0.325383,0.325383,18.6430,18.6430,1,1,0.010733,0.00011519
1771742667.227036,29.840000,0.010000,0.010428,0.000028,0.000062,0.0035,-0.875089,-0.199821,-0.027467,0.368725,0.368725,21.1264,21.1264,1,1,0.010428,0.00010874
1771742667.237036,29.850000,0.010000,0.010307,0.016983,-0.004937,-0.2829,-1.252915,-0.197949,0.187235,0.326110,0.326110,18.6847,18.6847,1,1,0.010307,0.00010623
1771742667.247036,29.860000,0.010000,0.009993,0.000033,-0.006958,-0.3986,-0.963310,-0.192820,0.512896,0.376756,0.376756,21.5866,21.5866,1,1,0.009993,0.00009987
1771742667.257036,29.870000,0.010000,0.009672,0.000031,-0.008831,-0.5060,-0.954774,-0.184841,0.797850,0.308731,0.308731,17.6890,17.6890,1,1,0.009672,0.00009355
1771742667.267036,29.880000,0.010000,0.009325,0.000026,-0.009982,-0.5719,-0.896271,-0.174369,1.047185,0.270207,0.270207,15.4817,15.4817,1,1,0.009325,0.00008696
1771742667.277036,29.890000,0.010000,0.008993,0.000024,-0.011054,-0.6333,-0.877724,-0.161716,1.265352,0.214022,0.214022,12.2626,12.2626,1,1,0.008993,0.00008087
1771742667.287036,29.900000,0.010000,0.008635,0.000019,-0.011314,-0.6482,-0.808968,-0.147153,1.456249,0.185081,0.185081,10.6044,10.6044,1,1,0.008635,0.00007456
1771742667.297036,29.910000,0.010000,0.008292,0.000016,-0.011452,-0.6561,-0.783925,-0.130920,1.623284,0.123000,0.123000,7.0474,7.0474,1,1,0.008292,0.00006876
1771742667.307036,29.920000,0.010000,0.007934,0.000013,-0.010977,-0.6289,-0.729259,-0.113226,1.769439,0.080684,0.080684,4.6229,4.6229,1,1,0.007934,0.00006296
1771742667.317036,29.930000,0.010000,0.007580,0.000011,-0.010157,-0.5820,-0.689057,-0.094253,1.897325,0.003442,0.003442,0.1972,0.1972,1,1,0.007580,0.00005746
1771742667.327036,29.940000,0.010000,0.007228,0.000009,-0.009087,-0.5207,-0.659704,-0.074161,2.009225,-0.075291,-0.075291,-4.3139,-4.3139,1,1,0.007228,0.00005225
1771742667.337036,29.950000,0.010000,0.006879,0.000008,-0.007836,-0.4490,-0.638491,-0.053089,2.107138,-0.140503,-0.140503,-8.0502,-8.0502,1,1,0.006879,0.00004732
1771742667.347036,29.960000,0.010000,0.006531,0.000007,-0.006457,-0.3699,-0.623387,-0.031161,2.192812,-0.167102,-0.167102,-9.5743,-9.5743,1,1,0.006531,0.00004266
1771742667.357036,29.970000,0.010000,0.006185,0.000006,-0.004988,-0.2858,-0.612874,-0.008483,2.267776,-0.162289,-0.162289,-9.2985,-9.2985,1,1,0.006185,0.00003826
1771742667.367036,29.980000,0.010000,0.005841,0.000005,-0.003461,-0.1983,-0.605814,0.014850,2.333370,-0.140338,-0.140338,-8.0408,-8.0408,1,1,0.005841,0.00003412
1771742667.377036,29.990000,0.010000,0.005498,0.000005,-0.001898,-0.1087,-0.601357,0.038758,2.390765,-0.126793,-0.126793,-7.2647,-7.2647,1,1,0.005498,0.00003023
