time,time_rel,dt,x,xdot,theta,theta_deg,thdot,theta_cmd,theta_cmd_dot,action_raw,action_used,setpoint_desired,setpoint_sent,armed,rl_enabled,error,error_sq
# Experiment: B (Step Response)
# Trial: 1
# Controller: RL (Simulation)
# Start time: 2026-02-22 13:43:38
# Notes: Ball starts at +10.0cm
1771742618.712233,0.000000,0.010000,0.098509,-0.123020,0.067465,3.8655,3.437105,0.019126,1.912574,-0.424946,-0.424946,-24.3476,-24.3476,1,1,0.098509,0.00970400
1771742618.722233,0.010000,0.010000,0.098134,-0.019508,0.088881,5.0925,2.297081,0.019126,0.000000,-0.400749,-0.400749,-22.9613,-22.9613,1,1,0.098134,0.00963033
1771742618.732233,0.020000,0.010000,0.098232,0.019032,0.102767,5.8881,1.476613,0.019126,0.000000,-0.430307,-0.430307,-24.6548,-24.6548,1,1,0.098232,0.00964957
1771742618.742233,0.030000,0.010000,0.098522,0.039668,0.110868,6.3523,0.813356,0.019126,0.000000,-0.424192,-0.424192,-24.3044,-24.3044,1,1,0.098522,0.00970654
1771742618.752233,0.040000,0.010000,0.098955,0.055881,0.114088,6.5368,0.251782,0.019126,0.000000,-0.428124,-0.428124,-24.5297,-24.5297,1,1,0.098955,0.00979219
1771742618.762233,0.050000,0.010000,0.099482,0.063704,0.113746,6.5172,-0.085828,0.019126,0.000000,-0.423000,-0.423000,-24.2361,-24.2361,1,1,0.099482,0.00989673
1771742618.772233,0.060000,0.010000,0.099976,0.058089,0.113218,6.4869,-0.065220,0.019126,0.000000,-0.423522,-0.423522,-24.2660,-24.2660,1,1,0.099976,0.00999519
1771742618.782233,0.070000,0.010000,0.100428,0.052982,0.112705,6.4575,-0.060976,0.019126,0.000000,-0.424028,-0.424028,-24.2950,-24.2950,1,1,0.100428,0.01008578
1771742618.792233,0.080000,0.010000,0.100837,0.047829,0.112216,6.4295,-0.057926,0.019126,0.000000,-0.424145,-0.424145,-24.3017,-24.3017,1,1,0.100837,0.01016817
1771742618.802233,0.090000,0.010000,0.101203,0.042609,0.111750,6.4028,-0.055189,0.019126,0.000000,-0.424112,-0.424112,-24.2998,-24.2998,1,1,0.101203,0.01024211
1771742618.812232,0.100000,0.010000,0.101525,0.037326,0.111306,6.3774,-0.052691,0.019126,0.000000,-0.423862,-0.423862,-24.2855,-24.2855,1,1,0.101525,0.01030740
1771742618.822232,0.110000,0.010000,0.101803,0.031988,0.110881,6.3530,-0.050411,0.019126,0.000000,-0.423606,-0.423606,-24.2708,-24.2708,1,1,0.101803,0.01036386
1771742618.832232,0.120000,0.010000,0.102036,0.026600,0.110474,6.3297,-0.048341,0.019126,0.000000,-0.423199,-0.423199,-24.2475,-24.2475,1,1,0.102036,0.01041134
1771742618.842233,0.130000,0.010000,0.102227,0.021547,0.109986,6.3018,-0.056726,0.015635,-0.349066,-0.422823,-0.422823,-24.2260,-24.2260,1,1,0.102227,0.01045042
1771742618.852233,0.140000,0.010000,0.102379,0.016783,0.109340,6.2647,-0.074467,0.009090,-0.654498,-0.423073,-0.423073,-24.2403,-24.2403,1,1,0.102379,0.01048154
1771742618.862233,0.150000,0.010000,0.102494,0.012251,0.108470,6.2149,-0.100168,-0.000127,-0.921752,-0.422338,-0.422338,-24.1982,-24.1982,1,1,0.102494,0.01050507
1771742618.872233,0.160000,0.010000,0.102573,0.007901,0.107322,6.1491,-0.132603,-0.011683,-1.155599,-0.424542,-0.424542,-24.3244,-24.3244,1,1,0.102573,0.01052128
1771742618.882233,0.170000,0.010000,0.102618,0.003782,0.105847,6.0646,-0.170935,-0.025286,-1.360215,-0.422973,-0.422973,-24.2345,-24.2345,1,1,0.102618,0.01053046
1771742618.892233,0.180000,0.010000,0.102636,0.001090,0.103993,5.9584,-0.217127,-0.040678,-1.539254,-0.421557,-0.421557,-24.1534,-24.1534,1,1,0.102636,0.01053409
1771742618.902233,0.190000,0.010000,0.102643,0.000534,0.101720,5.8281,-0.267688,-0.057637,-1.695913,-0.421641,-0.421641,-24.1582,-24.1582,1,1,0.102643,0.01053564
1771742618.912233,0.200000,0.010000,0.102649,0.000414,0.099023,5.6736,-0.318264,-0.075967,-1.832990,-0.422370,-0.422370,-24.2000,-24.2000,1,1,0.102649,0.01053679
1771742618.922233,0.210000,0.010000,0.102654,0.000346,0.095885,5.4938,-0.370935,-0.095496,-1.952932,-0.422468,-0.422468,-24.2056,-24.2056,1,1,0.102654,0.01053777
1771742618.932233,0.220000,0.010000,0.102658,0.000298,0.092288,5.2877,-0.425598,-0.116075,-2.057881,-0.422872,-0.422872,-24.2288,-24.2288,1,1,0.102658,0.01053860
1771742618.942233,0.230000,0.010000,0.102661,0.000265,0.088220,5.0546,-0.481821,-0.137572,-2.149712,-0.424016,-0.424016,-24.2943,-24.2943,1,1,0.102661,0.01053931
1771742618.952233,0.240000,0.010000,0.102664,0.000247,0.083672,4.7941,-0.539202,-0.159873,-2.230064,-0.424573,-0.424573,-24.3263,-24.3263,1,1,0.102664,0.01053993
1771742618.962233,0.250000,0.010000,0.102667,0.000242,0.078637,4.5056,-0.597393,-0.182877,-2.300372,-0.425217,-0.425217,-24.3632,-24.3632,1,1,0.102667,0.01054046
1771742618.972233,0.260000,0.010000,0.102669,0.000237,0.073108,4.1888,-0.656577,-0.206496,-2.361891,-0.425993,-0.425993,-24.4076,-24.4076,1,1,0.102669,0.01054092
1771742618.982233,0.270000,0.010000,0.102671,0.000264,0.067088,3.8439,-0.715546,-0.230653,-2.415721,-0.427494,-0.427494,-24.4936,-24.4936,1,1,0.102671,0.01054135
1771742618.992233,0.280000,0.010000,0.102673,0.000292,0.060591,3.4716,-0.772471,-0.254613,-2.396061,-0.432065,-0.432065,-24.7555,-24.7555,1,1,0.102673,0.01054175
1771742619.002233,0.290000,0.010000,0.102675,0.000317,0.053701,3.0768,-0.819732,-0.275854,-2.124102,-0.432085,-0.432085,-24.7566,-24.7566,1,1,0.102675,0.01054212
1771742619.012233,0.300000,0.010000,0.102676,0.000337,0.046500,2.6643,-0.856918,-0.294244,-1.838978,-0.430569,-0.430569,-24.6698,-24.6698,1,1,0.102676,0.01054245
1771742619.022233,0.310000,0.010000,0.102678,0.000352,0.039061,2.2380,-0.885725,-0.310158,-1.591410,-0.428582,-0.428582,-24.5559,-24.5559,1,1,0.102678,0.01054278
1771742619.032233,0.320000,0.010000,0.102680,0.000364,0.031438,1.8013,-0.907756,-0.324094,-1.393529,-0.426486,-0.426486,-24.4358,-24.4358,1,1,0.102680,0.01054312
1771742619.042233,0.330000,0.010000,0.102681,0.000373,0.023680,1.3567,-0.924184,-0.336378,-1.228454,-0.423835,-0.423835,-24.2839,-24.2839,1,1,0.102681,0.01054345
1771742619.052233,0.340000,0.010000,0.102683,0.000378,0.015827,0.9068,-0.935539,-0.347139,-1.076120,-0.418810,-0.418810,-23.9960,-23.9960,1,1,0.102683,0.01054379
1771742619.062232,0.350000,0.010000,0.102685,0.000380,0.007916,0.4536,-0.942642,-0.356606,-0.946656,-0.401390,-0.401390,-22.9980,-22.9980,1,1,0.102685,0.01054412
1771742619.072232,0.360000,0.010000,0.102686,0.000381,-0.000025,-0.0014,-0.946380,-0.365032,-0.842623,-0.355120,-0.355120,-20.3469,-20.3469,1,1,0.102686,0.01054445
1771742619.082232,0.370000,0.010000,0.102688,0.000367,-0.007970,-0.4567,-0.947006,-0.372475,-0.744266,-0.311846,-0.311846,-17.8674,-17.8674,1,1,0.102688,0.01054476
1771742619.092233,0.380000,0.010000,0.102689,0.000358,-0.015898,-0.9109,-0.944993,-0.379068,-0.659280,-0.276204,-0.276204,-15.8253,-15.8253,1,1,0.102689,0.01054505
1771742619.102233,0.390000,0.010000,0.102690,0.000335,-0.023790,-1.3631,-0.940831,-0.384933,-0.586569,-0.261284,-0.261284,-14.9705,-14.9705,1,1,0.102690,0.01054532
1771742619.112233,0.400000,0.010000,0.102691,0.000306,-0.031634,-1.8125,-0.935077,-0.390253,-0.532009,-0.248970,-0.248970,-14.2649,-14.2649,1,1,0.102691,0.01054554
1771742619.122233,0.410000,0.010000,0.102692,0.000287,-0.039428,-2.2590,-0.929166,-0.395480,-0.522648,-0.229811,-0.229811,-13.1672,-13.1672,1,1,0.102692,0.01054572
1771742619.132233,0.420000,0.010000,0.102693,0.000274,-0.047156,-2.7018,-0.921411,-0.400055,-0.457560,-0.208034,-0.208034,-11.9195,-11.9195,1,1,0.102693,0.01054589
1771742619.142233,0.430000,0.010000,0.102694,0.000277,-0.054804,-3.1400,-0.912338,-0.403870,-0.381415,-0.186151,-0.186151,-10.6657,-10.6657,1,1,0.102694,0.01054605
1771742619.152233,0.440000,0.010000,0.102695,0.000278,-0.062345,-3.5721,-0.899686,-0.406959,-0.308900,-0.164235,-0.164235,-9.4100,-9.4100,1,1,0.102695,0.01054624
1771742619.162233,0.450000,0.010000,0.102696,0.000255,-0.069774,-3.9978,-0.886020,-0.409399,-0.244086,-0.142149,-0.142149,-8.1445,-8.1445,1,1,0.102696,0.01054640
1771742619.172233,0.460000,0.010000,0.102696,0.000228,-0.077078,-4.4163,-0.871399,-0.411204,-0.180438,-0.121333,-0.121333,-6.9519,-6.9519,1,1,0.102696,0.01054652
1771742619.182233,0.470000,0.010000,0.102697,0.000245,-0.084229,-4.8260,-0.853330,-0.412155,-0.095076,-0.108012,-0.108012,-6.1886,-6.1886,1,1,0.102697,0.01054669
1771742619.192233,0.480000,0.010000,0.102698,0.000225,-0.091179,-5.2242,-0.828977,-0.410809,0.134555,-0.097832,-0.097832,-5.6054,-5.6054,1,1,0.102698,0.01054682
1771742619.202233,0.490000,0.010000,0.102698,0.000214,-0.097842,-5.6060,-0.794980,-0.406141,0.466801,-0.078667,-0.078667,-4.5073,-4.5073,1,1,0.102698,0.01054691
1771742619.212233,0.500000,0.010000,0.102699,0.000190,-0.104152,-5.9674,-0.753186,-0.398566,0.757517,-0.051603,-0.051603,-2.9566,-2.9566,1,1,0.102699,0.01054700
1771742619.222233,0.510000,0.010000,0.102698,0.000178,-0.110049,-6.3054,-0.705036,-0.388447,1.011893,-0.028234,-0.028234,-1.6177,-1.6177,1,1,0.102698,0.01054680
1771742619.232233,0.520000,0.010000,0.102694,0.000162,-0.115489,-6.6170,-0.652651,-0.376102,1.234472,-0.002826,-0.002826,-0.1619,-0.1619,1,1,0.102694,0.01054601
1771742619.242233,0.530000,0.010000,0.102686,0.000132,-0.120430,-6.9002,-0.596739,-0.361810,1.429229,0.024461,0.024461,1.4015,1.4015,1,1,0.102686,0.01054434
1771742619.252233,0.540000,0.010000,0.102673,0.000106,-0.124842,-7.1529,-0.537090,-0.345814,1.599641,0.064745,0.064745,3.7096,3.7096,1,1,0.102673,0.01054172
1771742619.262233,0.550000,0.010000,0.102655,-0.000328,-0.128699,-7.3739,-0.473355,-0.328591,1.722245,0.077796,0.077796,4.4574,4.4574,1,1,0.102655,0.01053795
1771742619.272233,0.560000,0.010000,0.102628,-0.001252,-0.132000,-7.5630,-0.407951,-0.310786,1.780502,0.090446,0.090446,5.1821,5.1821,1,1,0.102628,0.01053261
1771742619.282233,0.570000,0.010000,0.102592,-0.002462,-0.134746,-7.7204,-0.342655,-0.292467,1.831887,0.094566,0.094566,5.4182,5.4182,1,1,0.102592,0.01052519
1771742619.292233,0.580000,0.010000,0.102544,-0.003918,-0.136939,-7.8461,-0.277318,-0.273677,1.878978,0.082997,0.082997,4.7554,4.7554,1,1,0.102544,0.01051527
1771742619.302233,0.590000,0.010000,0.102482,-0.005519,-0.138588,-7.9405,-0.212645,-0.254634,1.904300,0.072489,0.072489,4.1533,4.1533,1,1,0.102482,0.01050262
1771742619.312232,0.600000,0.010000,0.102409,-0.007010,-0.139726,-8.0057,-0.151380,-0.236307,1.832777,0.133077,0.133077,7.6247,7.6247,1,1,0.102409,0.01048751
1771742619.322232,0.610000,0.010000,0.102325,-0.008266,-0.140394,-8.0440,-0.094580,-0.218997,1.730928,0.199135,0.199135,11.4096,11.4096,1,1,0.102325,0.01047035
1771742619.332232,0.620000,0.010000,0.102231,-0.009485,-0.140595,-8.0555,-0.038936,-0.201456,1.754135,0.230282,0.230282,13.1942,13.1942,1,1,0.102231,0.01045109
1771742619.342233,0.630000,0.010000,0.102124,-0.010842,-0.140305,-8.0389,0.018526,-0.182724,1.873161,0.273260,0.273260,15.6567,15.6567,1,1,0.102124,0.01042936
1771742619.352233,0.640000,0.010000,0.102006,-0.012192,-0.139523,-7.9941,0.076480,-0.163413,1.931134,0.310617,0.310617,17.7970,17.7970,1,1,0.102006,0.01040520
1771742619.362233,0.650000,0.010000,0.101876,-0.013513,-0.138241,-7.9206,0.135273,-0.143340,2.007343,0.300849,0.300849,17.2374,17.2374,1,1,0.101876,0.01037863
1771742619.372233,0.660000,0.010000,0.101734,-0.014785,-0.136448,-7.8179,0.195287,-0.122365,2.097504,0.215590,0.215590,12.3524,12.3524,1,1,0.101734,0.01034971
1771742619.382233,0.670000,0.010000,0.101580,-0.015953,-0.134135,-7.6853,0.256450,-0.100521,2.184382,0.100465,0.100465,5.7562,5.7562,1,1,0.101580,0.01031858
1771742619.392233,0.680000,0.010000,0.101418,-0.016882,-0.131302,-7.5231,0.317597,-0.078231,2.228961,0.019570,0.019570,1.1213,1.1213,1,1,0.101418,0.01028568
1771742619.402233,0.690000,0.010000,0.101253,-0.017199,-0.128000,-7.3339,0.374242,-0.057147,2.108459,-0.023485,-0.023485,-1.3456,-1.3456,1,1,0.101253,0.01025221
1771742619.412233,0.700000,0.010000,0.101093,-0.016659,-0.124299,-7.1218,0.423514,-0.038183,1.896406,-0.039284,-0.039284,-2.2508,-2.2508,1,1,0.101093,0.01021970
1771742619.422233,0.710000,0.010000,0.100948,-0.014899,-0.120311,-6.8933,0.460753,-0.023035,1.514742,-0.053426,-0.053426,-3.0611,-3.0611,1,1,0.100948,0.01019042
1771742619.432233,0.720000,0.010000,0.100828,-0.012000,-0.116125,-6.6535,0.487220,-0.011095,1.194056,-0.066059,-0.066059,-3.7849,-3.7849,1,1,0.100828,0.01016623
1771742619.442233,0.730000,0.010000,0.100731,-0.008965,-0.111680,-6.3988,0.516921,0.002844,1.393865,-0.095937,-0.095937,-5.4968,-5.4968,1,1,0.100731,0.01014682
1771742619.452233,0.740000,0.010000,0.100659,-0.005853,-0.106934,-6.1269,0.551052,0.018531,1.568697,-0.150278,-0.150278,-8.6103,-8.6103,1,1,0.100659,0.01013222
1771742619.462233,0.750000,0.010000,0.100611,-0.002600,-0.101856,-5.8359,0.589024,0.035748,1.721676,-0.198392,-0.198392,-11.3670,-11.3670,1,1,0.100611,0.01012267
1771742619.472233,0.760000,0.010000,0.100588,0.000159,-0.096410,-5.5239,0.632688,0.054303,1.855532,-0.231927,-0.231927,-13.2884,-13.2884,1,1,0.100588,0.01011791
1771742619.482233,0.770000,0.010000,0.100576,0.000189,-0.090548,-5.1880,0.686620,0.074030,1.972657,-0.252894,-0.252894,-14.4897,-14.4897,1,1,0.100576,0.01011553
1771742619.492233,0.780000,0.010000,0.100568,0.000217,-0.084288,-4.8293,0.737269,0.094781,2.075140,-0.258935,-0.258935,-14.8359,-14.8359,1,1,0.100568,0.01011393
1771742619.502233,0.790000,0.010000,0.100569,0.000220,-0.077789,-4.4570,0.772805,0.109882,1.510109,-0.266485,-0.266485,-15.2684,-15.2684,1,1,0.100569,0.01011409
1771742619.512233,0.800000,0.010000,0.100570,0.000213,-0.071198,-4.0793,0.784787,0.119605,0.972280,-0.326009,-0.326009,-18.6789,-18.6789,1,1,0.100570,0.01011424
1771742619.522233,0.810000,0.010000,0.100570,0.000203,-0.064637,-3.7034,0.781936,0.124622,0.501679,-0.380371,-0.380371,-21.7937,-21.7937,1,1,0.100570,0.01011437
1771742619.532233,0.820000,0.010000,0.100571,0.000190,-0.058210,-3.3352,0.766443,0.125521,0.089903,-0.405035,-0.405035,-23.2068,-23.2068,1,1,0.100571,0.01011449
1771742619.542233,0.830000,0.010000,0.100571,0.000174,-0.052008,-2.9799,0.740191,0.122817,-0.270401,-0.414927,-0.414927,-23.7736,-23.7736,1,1,0.100571,0.01011459
1771742619.552233,0.840000,0.010000,0.100572,0.000155,-0.046107,-2.6417,0.704824,0.116960,-0.585666,-0.415828,-0.415828,-23.8252,-23.8252,1,1,0.100572,0.01011468
1771742619.562232,0.850000,0.010000,0.100572,0.000135,-0.040570,-2.3245,0.661772,0.108345,-0.861524,-0.416491,-0.416491,-23.8632,-23.8632,1,1,0.100572,0.01011475
1771742619.572232,0.860000,0.010000,0.100572,0.000114,-0.035450,-2.0311,0.612281,0.097316,-1.102899,-0.415783,-0.415783,-23.8226,-23.8226,1,1,0.100572,0.01011480
1771742619.582232,0.870000,0.010000,0.100573,0.000093,-0.030793,-1.7643,0.557434,0.084175,-1.314103,-0.414376,-0.414376,-23.7420,-23.7420,1,1,0.100573,0.01011485
1771742619.592233,0.880000,0.010000,0.100573,0.000073,-0.026635,-1.5261,0.498173,0.069186,-1.498906,-0.409064,-0.409064,-23.4376,-23.4376,1,1,0.100573,0.01011488
1771742619.602233,0.890000,0.010000,0.100573,0.000054,-0.023006,-1.3181,0.435316,0.052580,-1.660608,-0.403671,-0.403671,-23.1287,-23.1287,1,1,0.100573,0.01011490
1771742619.612233,0.900000,0.010000,0.100573,0.000038,-0.019930,-1.1419,0.369571,0.034559,-1.802098,-0.405888,-0.405888,-23.2557,-23.2557,1,1,0.100573,0.01011491
1771742619.622233,0.910000,0.010000,0.100573,0.000024,-0.017425,-0.9984,0.301553,0.015300,-1.925902,-0.414542,-0.414542,-23.7515,-23.7515,1,1,0.100573,0.01011492
1771742619.632233,0.920000,0.010000,0.100573,0.000012,-0.015507,-0.8885,0.231794,-0.005043,-2.034230,-0.421101,-0.421101,-24.1273,-24.1273,1,1,0.100573,0.01011492
1771742619.642233,0.930000,0.010000,0.100573,0.000004,-0.014185,-0.8128,0.160754,-0.026333,-2.129017,-0.421712,-0.421712,-24.1623,-24.1623,1,1,0.100573,0.01011492
1771742619.652233,0.940000,0.010000,0.100573,-0.000000,-0.013468,-0.7716,0.088829,-0.048452,-2.211956,-0.421095,-0.421095,-24.1270,-24.1270,1,1,0.100573,0.01011491
1771742619.662233,0.950000,0.010000,0.100573,-0.000002,-0.013358,-0.7654,0.016359,-0.071298,-2.284527,-0.419704,-0.419704,-24.0473,-24.0473,1,1,0.100573,0.01011491
1771742619.672233,0.960000,0.010000,0.100573,0.000000,-0.013859,-0.7941,-0.056361,-0.094778,-2.348027,-0.416674,-0.416674,-23.8736,-23.8736,1,1,0.100573,0.01011491
1771742619.682233,0.970000,0.010000,0.100573,0.000005,-0.014971,-0.8578,-0.129081,-0.118814,-2.403590,-0.414064,-0.414064,-23.7241,-23.7241,1,1,0.100573,0.01011491
1771742619.692233,0.980000,0.010000,0.100573,0.000014,-0.016691,-0.9563,-0.201587,-0.143336,-2.452207,-0.407431,-0.407431,-23.3441,-23.3441,1,1,0.100573,0.01011492
1771742619.702233,0.990000,0.010000,0.100573,0.000025,-0.019016,-1.0895,-0.273697,-0.168283,-2.494747,-0.411758,-0.411758,-23.5920,-23.5920,1,1,0.100573,0.01011494
1771742619.712233,1.000000,0.010000,0.100573,0.000040,-0.021941,-1.2571,-0.345257,-0.193603,-2.531969,-0.420196,-0.420196,-24.0754,-24.0754,1,1,0.100573,0.01011497
1771742619.722233,1.010000,0.010000,0.100573,0.000059,-0.025461,-1.4588,-0.416137,-0.219248,-2.564539,-0.417737,-0.417737,-23.9345,-23.9345,1,1,0.100573,0.01011501
1771742619.732233,1.020000,0.010000,0.100574,0.000076,-0.029491,-1.6897,-0.477426,-0.242301,-2.305288,-0.408362,-0.408362,-23.3974,-23.3974,1,1,0.100574,0.01011506
1771742619.742233,1.030000,0.010000,0.100574,0.000093,-0.033953,-1.9454,-0.529249,-0.262750,-2.044832,-0.374999,-0.374999,-21.4858,-21.4858,1,1,0.100574,0.01011512
1771742619.752233,1.040000,0.010000,0.100574,0.000109,-0.038799,-2.2230,-0.575290,-0.281724,-1.897409,-0.314984,-0.314984,-18.0473,-18.0473,1,1,0.100574,0.01011519
1771742619.762233,1.050000,0.010000,0.100575,0.000123,-0.043980,-2.5199,-0.615470,-0.299146,-1.742218,-0.253828,-0.253828,-14.5433,-14.5433,1,1,0.100575,0.01011527
1771742619.772233,1.060000,0.010000,0.100575,0.000135,-0.049433,-2.8323,-0.648248,-0.314467,-1.532084,-0.170322,-0.170322,-9.7587,-9.7587,1,1,0.100575,0.01011536
1771742619.782233,1.070000,0.010000,0.100576,0.000145,-0.055101,-3.1570,-0.674120,-0.327795,-1.332859,-0.145914,-0.145914,-8.3603,-8.3603,1,1,0.100576,0.01011545
1771742619.792233,1.080000,0.010000,0.100576,0.000152,-0.060930,-3.4911,-0.693717,-0.339284,-1.148862,-0.148053,-0.148053,-8.4828,-8.4828,1,1,0.100576,0.01011553
1771742619.802233,1.090000,0.010000,0.100576,0.000156,-0.066871,-3.8314,-0.707267,-0.348958,-0.967373,-0.148873,-0.148873,-8.5298,-8.5298,1,1,0.100576,0.01011562
1771742619.812232,1.100000,0.010000,0.100577,0.000158,-0.072882,-4.1758,-0.715768,-0.357096,-0.813836,-0.144192,-0.144192,-8.2616,-8.2616,1,1,0.100577,0.01011571
1771742619.822232,1.110000,0.010000,0.100577,0.000157,-0.078912,-4.5213,-0.718393,-0.363388,-0.629186,-0.130314,-0.130314,-7.4664,-7.4664,1,1,0.100577,0.01011580
1771742619.832232,1.120000,0.010000,0.100578,0.000157,-0.084956,-4.8676,-0.720172,-0.369434,-0.604628,-0.107965,-0.107965,-6.1860,-6.1860,1,1,0.100578,0.01011588
1771742619.842233,1.130000,0.010000,0.100578,0.000157,-0.091023,-5.2153,-0.722824,-0.375779,-0.634519,-0.091160,-0.091160,-5.2231,-5.2231,1,1,0.100578,0.01011597
1771742619.852233,1.140000,0.010000,0.100579,0.000155,-0.097083,-5.5624,-0.722061,-0.381024,-0.524468,-0.081663,-0.081663,-4.6789,-4.6789,1,1,0.100579,0.01011605
1771742619.862233,1.150000,0.010000,0.100579,0.000143,-0.103088,-5.9065,-0.715928,-0.384441,-0.341732,-0.068668,-0.068668,-3.9344,-3.9344,1,1,0.100579,0.01011612
1771742619.872233,1.160000,0.010000,0.100579,0.000149,-0.108933,-6.2414,-0.697509,-0.383941,0.050051,-0.050057,-0.050057,-2.8681,-2.8681,1,1,0.100579,0.01011620
1771742619.882233,1.170000,0.010000,0.100580,0.000141,-0.114538,-6.5625,-0.668953,-0.380012,0.392860,-0.016494,-0.016494,-0.9450,-0.9450,1,1,0.100580,0.01011624
1771742619.892233,1.180000,0.010000,0.100580,0.000123,-0.119829,-6.8657,-0.632243,-0.373084,0.692819,0.013295,0.013295,0.7618,0.7618,1,1,0.100580,0.01011626
1771742619.902233,1.190000,0.010000,0.100577,0.000126,-0.124747,-7.1475,-0.589801,-0.363531,0.955282,0.051090,0.051090,2.9272,2.9272,1,1,0.100577,0.01011569
1771742619.912233,1.200000,0.010000,0.100570,0.000106,-0.129242,-7.4050,-0.543153,-0.351682,1.184938,0.099142,0.099142,5.6804,5.6804,1,1,0.100570,0.01011427
1771742619.922233,1.210000,0.010000,0.100558,0.000076,-0.133272,-7.6360,-0.491918,-0.337823,1.385886,0.146407,0.146407,8.3885,8.3885,1,1,0.100558,0.01011183
1771742619.932233,1.220000,0.010000,0.100538,-0.000601,-0.136795,-7.8378,-0.434405,-0.322206,1.561716,0.172915,0.172915,9.9073,9.9073,1,1,0.100538,0.01010785
1771742619.942233,1.230000,0.010000,0.100506,-0.001931,-0.139784,-8.0090,-0.372586,-0.305050,1.715568,0.163916,0.163916,9.3917,9.3917,1,1,0.100506,0.01010154
1771742619.952233,1.240000,0.010000,0.100459,-0.003707,-0.142218,-8.1485,-0.308225,-0.286548,1.850188,0.153723,0.153723,8.8077,8.8077,1,1,0.100459,0.01009210
1771742619.962233,1.250000,0.010000,0.100394,-0.005872,-0.144081,-8.2552,-0.241498,-0.266868,1.967980,0.150536,0.150536,8.6251,8.6251,1,1,0.100394,0.01007894
1771742619.972233,1.260000,0.010000,0.100307,-0.008314,-0.145362,-8.3286,-0.173195,-0.246158,2.071048,0.175017,0.175017,10.0277,10.0277,1,1,0.100307,0.01006158
1771742619.982233,1.270000,0.010000,0.100201,-0.010742,-0.146083,-8.3699,-0.106518,-0.225596,2.056189,0.272201,0.272201,15.5960,15.5960,1,1,0.100201,0.01004015
1771742619.992233,1.280000,0.010000,0.100076,-0.012921,-0.146285,-8.3815,-0.043955,-0.205980,1.961605,0.311610,0.311610,17.8539,17.8539,1,1,0.100076,0.01001517
1771742620.002233,1.290000,0.010000,0.099934,-0.014935,-0.145981,-8.3641,0.016326,-0.186490,1.949034,0.323378,0.323378,18.5282,18.5282,1,1,0.099934,0.00998682
1771742620.012233,1.300000,0.010000,0.099774,-0.016980,-0.145154,-8.3167,0.077660,-0.165945,2.054471,0.338657,0.338657,19.4036,19.4036,1,1,0.099774,0.00995490
1771742620.022233,1.310000,0.010000,0.099596,-0.019017,-0.143792,-8.2387,0.140243,-0.144478,2.146728,0.336452,0.336452,19.2773,19.2773,1,1,0.099596,0.00991941
1771742620.032233,1.320000,0.010000,0.099401,-0.020971,-0.141888,-8.1296,0.203742,-0.122203,2.227452,0.295979,0.295979,16.9584,16.9584,1,1,0.099401,0.00988049
1771742620.042233,1.330000,0.010000,0.099189,-0.022764,-0.139437,-7.9892,0.267809,-0.099222,2.298087,0.197761,0.197761,11.3309,11.3309,1,1,0.099189,0.00983840
1771742620.052233,1.340000,0.010000,0.098962,-0.024322,-0.136438,-7.8173,0.332172,-0.075623,2.359892,0.062428,0.062428,3.5768,3.5768,1,1,0.098962,0.00979352
1771742620.062232,1.350000,0.010000,0.098724,-0.025575,-0.132890,-7.6140,0.396579,-0.051484,2.413971,-0.033238,-0.033238,-1.9044,-1.9044,1,1,0.098724,0.00974637
1771742620.072232,1.360000,0.010000,0.098476,-0.026456,-0.128794,-7.3794,0.460819,-0.026871,2.461291,-0.114577,-0.114577,-6.5648,-6.5648,1,1,0.098476,0.00969755
1771742620.082232,1.370000,0.010000,0.098228,-0.026464,-0.124226,-7.1176,0.518578,-0.004296,2.257421,-0.161811,-0.161811,-9.2711,-9.2711,1,1,0.098228,0.00964877
1771742620.092233,1.380000,0.010000,0.097991,-0.025294,-0.119284,-6.8344,0.566026,0.015058,1.935407,-0.170882,-0.170882,-9.7908,-9.7908,1,1,0.097991,0.00960215
1771742620.102233,1.390000,0.010000,0.097766,-0.023577,-0.113950,-6.5288,0.612333,0.035053,1.999495,-0.178234,-0.178234,-10.2121,-10.2121,1,1,0.097766,0.00955814
1771742620.112233,1.400000,0.010000,0.097556,-0.021457,-0.108204,-6.1997,0.659967,0.056039,2.098624,-0.211628,-0.211628,-12.1254,-12.1254,1,1,0.097556,0.00951726
1771742620.122233,1.410000,0.010000,0.097366,-0.018904,-0.102036,-5.8462,0.709042,0.077892,2.185362,-0.219270,-0.219270,-12.5632,-12.5632,1,1,0.097366,0.00948016
1771742620.132233,1.420000,0.010000,0.097199,-0.015862,-0.095434,-5.4680,0.759285,0.100505,2.261257,-0.215092,-0.215092,-12.3239,-12.3239,1,1,0.097199,0.00944760
1771742620.142233,1.430000,0.010000,0.097059,-0.012270,-0.088394,-5.0646,0.810409,0.123782,2.327666,-0.199143,-0.199143,-11.4101,-11.4101,1,1,0.097059,0.00942046
1771742620.152233,1.440000,0.010000,0.096952,-0.008073,-0.080911,-4.6358,0.862160,0.147639,2.385774,-0.221323,-0.221323,-12.6809,-12.6809,1,1,0.096952,0.00939967
1771742620.162233,1.450000,0.010000,0.096895,-0.002239,-0.073152,-4.1913,0.899964,0.166182,1.854248,-0.276522,-0.276522,-15.8436,-15.8436,1,1,0.096895,0.00938862
1771742620.172233,1.460000,0.010000,0.096883,0.000337,-0.065209,-3.7362,0.936908,0.178916,1.273401,-0.350660,-0.350660,-20.0913,-20.0913,1,1,0.096883,0.00938638
1771742620.182233,1.470000,0.010000,0.096885,0.000314,-0.057240,-3.2796,0.948088,0.186567,0.765160,-0.401574,-0.401574,-23.0085,-23.0085,1,1,0.096885,0.00938662
1771742620.192233,1.480000,0.010000,0.096886,0.000290,-0.049386,-2.8296,0.936091,0.189772,0.320449,-0.419140,-0.419140,-24.0150,-24.0150,1,1,0.096886,0.00938681
1771742620.202233,1.490000,0.010000,0.096886,0.000266,-0.041741,-2.3916,0.912198,0.189085,-0.068673,-0.425738,-0.425738,-24.3930,-24.3930,1,1,0.096886,0.00938697
1771742620.212233,1.500000,0.010000,0.096887,0.000242,-0.034385,-1.9701,0.878345,0.184994,-0.409155,-0.428417,-0.428417,-24.5465,-24.5465,1,1,0.096887,0.00938711
1771742620.222233,1.510000,0.010000,0.096888,0.000217,-0.027390,-1.5693,0.836084,0.177923,-0.707076,-0.428819,-0.428819,-24.5695,-24.5695,1,1,0.096888,0.00938723
1771742620.232233,1.520000,0.010000,0.096888,0.000190,-0.020813,-1.1925,0.786763,0.168245,-0.967757,-0.428250,-0.428250,-24.5369,-24.5369,1,1,0.096888,0.00938734
1771742620.242233,1.530000,0.010000,0.096889,0.000163,-0.014703,-0.8424,0.731556,0.156287,-1.195854,-0.427457,-0.427457,-24.4915,-24.4915,1,1,0.096889,0.00938742
1771742620.252233,1.540000,0.010000,0.096889,0.000136,-0.009101,-0.5214,0.671484,0.142332,-1.395438,-0.426037,-0.426037,-24.4101,-24.4101,1,1,0.096889,0.00938749
1771742620.262233,1.550000,0.010000,0.096889,0.000111,-0.004039,-0.2314,0.607431,0.126632,-1.570074,-0.425072,-0.425072,-24.3548,-24.3548,1,1,0.096889,0.00938755
1771742620.272233,1.560000,0.010000,0.096890,0.000087,0.000456,0.0261,0.540168,0.109403,-1.722880,-0.422277,-0.422277,-24.1947,-24.1947,1,1,0.096890,0.00938759
1771742620.282233,1.570000,0.010000,0.096890,0.000065,0.004363,0.2500,0.470360,0.090837,-1.856586,-0.416314,-0.416314,-23.8531,-23.8531,1,1,0.096890,0.00938762
1771742620.292233,1.580000,0.010000,0.096890,0.000046,0.007666,0.4392,0.398586,0.071101,-1.973579,-0.413697,-0.413697,-23.7031,-23.7031,1,1,0.096890,0.00938764
1771742620.302233,1.590000,0.010000,0.096890,0.000029,0.010353,0.5932,0.325343,0.050342,-2.075947,-0.417652,-0.417652,-23.9297,-23.9297,1,1,0.096890,0.00938765
1771742620.312232,1.600000,0.010000,0.096890,0.000016,0.012416,0.7114,0.251062,0.028687,-2.165520,-0.421806,-0.421806,-24.1677,-24.1677,1,1,0.096890,0.00938765
1771742620.322232,1.610000,0.010000,0.096890,0.000007,0.013849,0.7935,0.176115,0.006248,-2.243896,-0.424584,-0.424584,-24.3268,-24.3268,1,1,0.096890,0.00938765
1771742620.332232,1.620000,0.010000,0.096890,0.000001,0.014649,0.8393,0.100819,-0.016877,-2.312475,-0.425624,-0.425624,-24.3865,-24.3865,1,1,0.096890,0.00938764
1771742620.342233,1.630000,0.010000,0.096890,-0.000001,0.014816,0.8489,0.025448,-0.040602,-2.372481,-0.427597,-0.427597,-24.4995,-24.4995,1,1,0.096890,0.00938764
1771742620.352233,1.640000,0.010000,0.096890,0.000000,0.014352,0.8223,-0.049764,-0.064852,-2.424987,-0.428900,-0.428900,-24.5742,-24.5742,1,1,0.096890,0.00938764
1771742620.362233,1.650000,0.010000,0.096890,0.000005,0.013259,0.7597,-0.124617,-0.089561,-2.470929,-0.428666,-0.428666,-24.5608,-24.5608,1,1,0.096890,0.00938764
1771742620.372233,1.660000,0.010000,0.096890,0.000013,0.011543,0.6613,-0.198945,-0.114672,-2.511129,-0.424999,-0.424999,-24.3506,-24.3506,1,1,0.096890,0.00938765
1771742620.382233,1.670000,0.010000,0.096890,0.000024,0.009208,0.5276,-0.272603,-0.140135,-2.546304,-0.421161,-0.421161,-24.1307,-24.1307,1,1,0.096890,0.00938767
1771742620.392233,1.680000,0.010000,0.096890,0.000039,0.006262,0.3588,-0.345474,-0.165906,-2.577082,-0.421457,-0.421457,-24.1477,-24.1477,1,1,0.096890,0.00938770
1771742620.402233,1.690000,0.010000,0.096890,0.000057,0.002711,0.1553,-0.417458,-0.191946,-2.604012,-0.425438,-0.425438,-24.3758,-24.3758,1,1,0.096890,0.00938774
1771742620.412233,1.700000,0.010000,0.096891,0.000078,-0.001435,-0.0822,-0.488474,-0.218222,-2.627577,-0.427724,-0.427724,-24.5068,-24.5068,1,1,0.096891,0.00938779
1771742620.422233,1.710000,0.010000,0.096891,0.000099,-0.006112,-0.3502,-0.552255,-0.242657,-2.443441,-0.426278,-0.426278,-24.4239,-24.4239,1,1,0.096891,0.00938786
1771742620.432233,1.720000,0.010000,0.096891,0.000119,-0.011241,-0.6440,-0.606696,-0.264531,-2.187437,-0.423721,-0.423721,-24.2774,-24.2774,1,1,0.096891,0.00938794
1771742620.442233,1.730000,0.010000,0.096892,0.000137,-0.016753,-0.9599,-0.653024,-0.284190,-1.965940,-0.410583,-0.410583,-23.5247,-23.5247,1,1,0.096892,0.00938803
1771742620.452233,1.740000,0.010000,0.096892,0.000152,-0.022587,-1.2941,-0.691765,-0.301740,-1.754915,-0.376864,-0.376864,-21.5927,-21.5927,1,1,0.096892,0.00938812
1771742620.462233,1.750000,0.010000,0.096893,0.000165,-0.028680,-1.6433,-0.723246,-0.317225,-1.548556,-0.324169,-0.324169,-18.5735,-18.5735,1,1,0.096893,0.00938822
1771742620.472233,1.760000,0.010000,0.096893,0.000175,-0.034984,-2.0044,-0.748775,-0.331022,-1.379647,-0.243493,-0.243493,-13.9511,-13.9511,1,1,0.096893,0.00938833
1771742620.482233,1.770000,0.010000,0.096894,0.000183,-0.041454,-2.3751,-0.768898,-0.343256,-1.223484,-0.200724,-0.200724,-11.5007,-11.5007,1,1,0.096894,0.00938844
1771742620.492233,1.780000,0.010000,0.096895,0.000189,-0.048045,-2.7528,-0.783758,-0.353933,-1.067624,-0.179804,-0.179804,-10.3020,-10.3020,1,1,0.096895,0.00938855
1771742620.502233,1.790000,0.010000,0.096895,0.000191,-0.054708,-3.1346,-0.792769,-0.362816,-0.888329,-0.155940,-0.155940,-8.9347,-8.9347,1,1,0.096895,0.00938866
1771742620.512233,1.800000,0.010000,0.096896,0.000192,-0.061401,-3.5180,-0.796673,-0.370109,-0.729314,-0.142824,-0.142824,-8.1832,-8.1832,1,1,0.096896,0.00938876
1771742620.522233,1.810000,0.010000,0.096896,0.000191,-0.068101,-3.9019,-0.797764,-0.376528,-0.641848,-0.127469,-0.127469,-7.3034,-7.3034,1,1,0.096896,0.00938887
1771742620.532233,1.820000,0.010000,0.096897,0.000189,-0.074802,-4.2858,-0.797871,-0.382641,-0.611378,-0.103434,-0.103434,-5.9263,-5.9263,1,1,0.096897,0.00938897
1771742620.542233,1.830000,0.010000,0.096897,0.000188,-0.081490,-4.6690,-0.796518,-0.388277,-0.563529,-0.085036,-0.085036,-4.8722,-4.8722,1,1,0.096897,0.00938907
1771742620.552233,1.840000,0.010000,0.096898,0.000185,-0.088143,-5.0502,-0.792501,-0.393027,-0.475018,-0.069393,-0.069393,-3.9759,-3.9759,1,1,0.096898,0.00938917
1771742620.562232,1.850000,0.010000,0.096898,0.000169,-0.094739,-5.4281,-0.786091,-0.396864,-0.383678,-0.051802,-0.051802,-2.9680,-2.9680,1,1,0.096898,0.00938925
1771742620.572232,1.860000,0.010000,0.096899,0.000184,-0.101219,-5.7994,-0.772804,-0.398578,-0.171489,-0.032550,-0.032550,-1.8650,-1.8650,1,1,0.096899,0.00938936
1771742620.582232,1.870000,0.010000,0.096899,0.000178,-0.107491,-6.1588,-0.748461,-0.396588,0.199013,-0.008878,-0.008878,-0.5087,-0.5087,1,1,0.096899,0.00938943
1771742620.592233,1.880000,0.010000,0.096899,0.000161,-0.113477,-6.5018,-0.715113,-0.391356,0.523202,0.028059,0.028059,1.6076,1.6076,1,1,0.096899,0.00938950
1771742620.602233,1.890000,0.010000,0.096899,0.000151,-0.119110,-6.8245,-0.674412,-0.383288,0.806868,0.069112,0.069112,3.9598,3.9598,1,1,0.096899,0.00938933
1771742620.612233,1.900000,0.010000,0.096894,0.000142,-0.124337,-7.1240,-0.629202,-0.372737,1.055075,0.124368,0.124368,7.1257,7.1257,1,1,0.096894,0.00938847
1771742620.622233,1.910000,0.010000,0.096884,0.000116,-0.129110,-7.3974,-0.580089,-0.360014,1.272256,0.171758,0.171758,9.8410,9.8410,1,1,0.096884,0.00938660
1771742620.632233,1.920000,0.010000,0.096869,0.000037,-0.133390,-7.6427,-0.526451,-0.345391,1.462290,0.215301,0.215301,12.3358,12.3358,1,1,0.096869,0.00938360
1771742620.642233,1.930000,0.010000,0.096845,-0.000786,-0.137139,-7.8575,-0.466611,-0.329106,1.628570,0.212452,0.212452,12.1726,12.1726,1,1,0.096845,0.00937888
1771742620.652233,1.940000,0.010000,0.096807,-0.002234,-0.140332,-8.0404,-0.402963,-0.311365,1.774064,0.191711,0.191711,10.9842,10.9842,1,1,0.096807,0.00937166
1771742620.662233,1.950000,0.010000,0.096753,-0.004143,-0.142953,-8.1906,-0.336807,-0.292351,1.901372,0.193367,0.193367,11.0791,11.0791,1,1,0.096753,0.00936118
1771742620.672233,1.960000,0.010000,0.096679,-0.006437,-0.144987,-8.3071,-0.268550,-0.272224,2.012767,0.179753,0.179753,10.2991,10.2991,1,1,0.096679,0.00934685
1771742620.682233,1.970000,0.010000,0.096583,-0.009011,-0.146424,-8.3895,-0.198889,-0.251121,2.110237,0.194649,0.194649,11.1526,11.1526,1,1,0.096583,0.00932825
1771742620.692233,1.980000,0.010000,0.096463,-0.011769,-0.147258,-8.4373,-0.128315,-0.229166,2.195523,0.283793,0.283793,16.2602,16.2602,1,1,0.096463,0.00930507
1771742620.702233,1.990000,0.010000,0.096318,-0.014626,-0.147486,-8.4503,-0.057202,-0.206465,2.270148,0.331806,0.331806,19.0111,19.0111,1,1,0.096318,0.00927717
1771742620.712233,2.000000,0.010000,0.096148,-0.017499,-0.147105,-8.4285,0.014115,-0.183110,2.335446,0.336590,0.336590,19.2852,19.2852,1,1,0.096148,0.00924449
1771742620.722233,2.010000,0.010000,0.095954,-0.020305,-0.146116,-8.3718,0.085345,-0.159184,2.392581,0.343957,0.343957,19.7073,19.7073,1,1,0.095954,0.00920716
1771742620.732233,2.020000,0.010000,0.095736,-0.022976,-0.144522,-8.2805,0.156342,-0.134759,2.442574,0.322696,0.322696,18.4891,18.4891,1,1,0.095736,0.00916541
1771742620.742233,2.030000,0.010000,0.095496,-0.025434,-0.142327,-8.1547,0.226870,-0.109895,2.486318,0.280871,0.280871,16.0927,16.0927,1,1,0.095496,0.00911956
1771742620.752233,2.040000,0.010000,0.095237,-0.027610,-0.139535,-7.9948,0.296765,-0.084649,2.524594,0.156185,0.156185,8.9487,8.9487,1,1,0.095237,0.00907008
1771742620.762233,2.050000,0.010000,0.094961,-0.029436,-0.136154,-7.8011,0.365879,-0.059069,2.558086,0.021513,0.021513,1.2326,1.2326,1,1,0.094961,0.00901753
1771742620.772233,2.060000,0.010000,0.094671,-0.030850,-0.132190,-7.5740,0.434111,-0.033195,2.587391,-0.107049,-0.107049,-6.1335,-6.1335,1,1,0.094671,0.00896255
1771742620.782233,2.070000,0.010000,0.094371,-0.031791,-0.127652,-7.3139,0.501370,-0.007064,2.613033,-0.174675,-0.174675,-10.0081,-10.0081,1,1,0.094371,0.00890588
1771742620.792233,2.080000,0.010000,0.094068,-0.031994,-0.122586,-7.0236,0.564629,0.017990,2.505389,-0.221194,-0.221194,-12.6735,-12.6735,1,1,0.094068,0.00884887
1771742620.802233,2.090000,0.010000,0.093778,-0.030782,-0.117141,-6.7117,0.614826,0.038210,2.022045,-0.232204,-0.232204,-13.3043,-13.3043,1,1,0.093778,0.00879428
1771742620.812232,2.100000,0.010000,0.093505,-0.028668,-0.111336,-6.3791,0.659464,0.057765,1.955485,-0.222774,-0.222774,-12.7640,-12.7640,1,1,0.093505,0.00874309
1771742620.822232,2.110000,0.010000,0.093251,-0.026029,-0.105143,-6.0242,0.704243,0.078366,2.060115,-0.235130,-0.235130,-13.4720,-13.4720,1,1,0.093251,0.00869574
1771742620.832232,2.120000,0.010000,0.093021,-0.022908,-0.098547,-5.6463,0.750280,0.099883,2.151667,-0.221539,-0.221539,-12.6932,-12.6932,1,1,0.093021,0.00865285
1771742620.842233,2.130000,0.010000,0.092818,-0.019272,-0.091537,-5.2447,0.797602,0.122200,2.231774,-0.204068,-0.204068,-11.6923,-11.6923,1,1,0.092818,0.00861517
1771742620.852233,2.140000,0.010000,0.092647,-0.015070,-0.084105,-4.8189,0.845994,0.145219,2.301868,-0.203299,-0.203299,-11.6482,-11.6482,1,1,0.092647,0.00858354
1771742620.862233,2.150000,0.010000,0.092517,-0.010034,-0.076287,-4.3709,0.892096,0.167404,2.218459,-0.262170,-0.262170,-15.0212,-15.0212,1,1,0.092517,0.00855943
1771742620.872233,2.160000,0.010000,0.092446,-0.003276,-0.068273,-3.9117,0.923415,0.183325,1.592086,-0.323803,-0.323803,-18.5525,-18.5525,1,1,0.092446,0.00854635
1771742620.882233,2.170000,0.010000,0.092431,0.000334,-0.060144,-3.4460,0.954522,0.193765,1.044009,-0.376931,-0.376931,-21.5966,-21.5966,1,1,0.092431,0.00854342
1771742620.892233,2.180000,0.010000,0.092432,0.000310,-0.052035,-2.9814,0.963710,0.199409,0.564442,-0.412569,-0.412569,-23.6385,-23.6385,1,1,0.092432,0.00854364
1771742620.902233,2.190000,0.010000,0.092433,0.000284,-0.044095,-2.5265,0.946472,0.200857,0.144821,-0.423819,-0.423819,-24.2830,-24.2830,1,1,0.092433,0.00854382
1771742620.912233,2.200000,0.010000,0.092434,0.000260,-0.036407,-2.0860,0.917826,0.198634,-0.222348,-0.428713,-0.428713,-24.5634,-24.5634,1,1,0.092434,0.00854398
1771742620.922233,2.210000,0.010000,0.092434,0.000235,-0.029047,-1.6642,0.879898,0.193198,-0.543620,-0.429627,-0.429627,-24.6158,-24.6158,1,1,0.092434,0.00854411
1771742620.932233,2.220000,0.010000,0.092435,0.000210,-0.022078,-1.2650,0.834165,0.184950,-0.824733,-0.429523,-0.429523,-24.6098,-24.6098,1,1,0.092435,0.00854422
1771742620.942233,2.230000,0.010000,0.092436,0.000183,-0.015555,-0.8912,0.781899,0.174243,-1.070707,-0.428867,-0.428867,-24.5723,-24.5723,1,1,0.092436,0.00854432
1771742620.952233,2.240000,0.010000,0.092436,0.000156,-0.009521,-0.5455,0.724206,0.161384,-1.285935,-0.427722,-0.427722,-24.5066,-24.5066,1,1,0.092436,0.00854440
1771742620.962233,2.250000,0.010000,0.092436,0.000130,-0.004015,-0.2300,0.662047,0.146641,-1.474259,-0.426127,-0.426127,-24.4153,-24.4153,1,1,0.092436,0.00854447
1771742620.972233,2.260000,0.010000,0.092437,0.000105,0.000935,0.0536,0.596255,0.130251,-1.639042,-0.424671,-0.424671,-24.3319,-24.3319,1,1,0.092437,0.00854452
1771742620.982233,2.270000,0.010000,0.092437,0.000082,0.005305,0.3040,0.527554,0.112419,-1.783228,-0.421373,-0.421373,-24.1429,-24.1429,1,1,0.092437,0.00854456
1771742620.992233,2.280000,0.010000,0.092437,0.000061,0.009076,0.5200,0.456571,0.093325,-1.909390,-0.415952,-0.415952,-23.8323,-23.8323,1,1,0.092437,0.00854459
1771742621.002233,2.290000,0.010000,0.092437,0.000042,0.012234,0.7010,0.383848,0.073127,-2.019782,-0.414433,-0.414433,-23.7453,-23.7453,1,1,0.092437,0.00854461
1771742621.012233,2.300000,0.010000,0.092437,0.000027,0.014769,0.8462,0.309854,0.051963,-2.116375,-0.417870,-0.417870,-23.9422,-23.9422,1,1,0.092437,0.00854462
1771742621.022233,2.310000,0.010000,0.092437,0.000015,0.016674,0.9553,0.234992,0.029954,-2.200894,-0.421274,-0.421274,-24.1372,-24.1372,1,1,0.092437,0.00854462
1771742621.032233,2.320000,0.010000,0.092437,0.000006,0.017945,1.0282,0.159611,0.007206,-2.274848,-0.423423,-0.423423,-24.2604,-24.2604,1,1,0.092437,0.00854462
1771742621.042233,2.330000,0.010000,0.092437,0.000001,0.018580,1.0645,0.084008,-0.016190,-2.339558,-0.424243,-0.424243,-24.3074,-24.3074,1,1,0.092437,0.00854462
1771742621.052233,2.340000,0.010000,0.092437,-0.000001,0.018579,1.0645,0.008440,-0.040152,-2.396179,-0.426614,-0.426614,-24.4432,-24.4432,1,1,0.092437,0.00854461
1771742621.062232,2.350000,0.010000,0.092437,0.000001,0.017946,1.0282,-0.066876,-0.064609,-2.445723,-0.427446,-0.427446,-24.4909,-24.4909,1,1,0.092437,0.00854462
1771742621.072232,2.360000,0.010000,0.092437,0.000006,0.016684,0.9559,-0.141753,-0.089500,-2.489073,-0.426987,-0.426987,-24.4645,-24.4645,1,1,0.092437,0.00854462
1771742621.082232,2.370000,0.010000,0.092437,0.000015,0.014798,0.8479,-0.216035,-0.114770,-2.527005,-0.421962,-0.421962,-24.1766,-24.1766,1,1,0.092437,0.00854463
1771742621.092233,2.380000,0.010000,0.092437,0.000026,0.012294,0.7044,-0.289590,-0.140372,-2.560195,-0.417387,-0.417387,-23.9145,-23.9145,1,1,0.092437,0.00854465
1771742621.102233,2.390000,0.010000,0.092437,0.000041,0.009180,0.5260,-0.362308,-0.166264,-2.589237,-0.419995,-0.419995,-24.0640,-24.0640,1,1,0.092437,0.00854468
1771742621.112233,2.400000,0.010000,0.092438,0.000059,0.005463,0.3130,-0.434098,-0.192411,-2.614648,-0.424510,-0.424510,-24.3227,-24.3227,1,1,0.092438,0.00854472
1771742621.122233,2.410000,0.010000,0.092438,0.000080,0.001153,0.0660,-0.504884,-0.218779,-2.636883,-0.428478,-0.428478,-24.5500,-24.5500,1,1,0.092438,0.00854477
1771742621.132233,2.420000,0.010000,0.092438,0.000100,-0.003685,-0.2111,-0.568349,-0.243236,-2.445668,-0.427306,-0.427306,-24.4828,-24.4828,1,1,0.092438,0.00854483
1771742621.142233,2.430000,0.010000,0.092439,0.000120,-0.008967,-0.5138,-0.622329,-0.265065,-2.182926,-0.424855,-0.424855,-24.3424,-24.3424,1,1,0.092439,0.00854491
1771742621.152233,2.440000,0.010000,0.092439,0.000137,-0.014624,-0.8379,-0.667932,-0.284591,-1.952613,-0.413762,-0.413762,-23.7068,-23.7068,1,1,0.092439,0.00854500
1771742621.162233,2.450000,0.010000,0.092440,0.000152,-0.020593,-1.1799,-0.705776,-0.301945,-1.735397,-0.380515,-0.380515,-21.8019,-21.8019,1,1,0.092440,0.00854509
1771742621.172233,2.460000,0.010000,0.092440,0.000164,-0.026812,-1.5362,-0.736371,-0.317233,-1.528724,-0.322971,-0.322971,-18.5049,-18.5049,1,1,0.092440,0.00854519
1771742621.182233,2.470000,0.010000,0.092441,0.000174,-0.033234,-1.9042,-0.761244,-0.330905,-1.367263,-0.239463,-0.239463,-13.7202,-13.7202,1,1,0.092441,0.00854529
1771742621.192233,2.480000,0.010000,0.092441,0.000182,-0.039814,-2.2812,-0.780603,-0.342973,-1.206761,-0.168161,-0.168161,-9.6349,-9.6349,1,1,0.092441,0.00854539
1771742621.202233,2.490000,0.010000,0.092442,0.000187,-0.046507,-2.6647,-0.794697,-0.353475,-1.050172,-0.133628,-0.133628,-7.6563,-7.6563,1,1,0.092442,0.00854550
1771742621.212233,2.500000,0.010000,0.092442,0.000189,-0.053261,-3.0516,-0.802542,-0.362036,-0.856092,-0.106605,-0.106605,-6.1080,-6.1080,1,1,0.092442,0.00854561
1771742621.222233,2.510000,0.010000,0.092443,0.000189,-0.060031,-3.4395,-0.805134,-0.368955,-0.691898,-0.076403,-0.076403,-4.3776,-4.3776,1,1,0.092443,0.00854571
1771742621.232233,2.520000,0.010000,0.092444,0.000189,-0.066806,-3.8277,-0.805901,-0.375335,-0.638010,-0.049751,-0.049751,-2.8505,-2.8505,1,1,0.092444,0.00854581
1771742621.242233,2.530000,0.010000,0.092444,0.000188,-0.073580,-4.2158,-0.805906,-0.381482,-0.614697,-0.032058,-0.032058,-1.8368,-1.8368,1,1,0.092444,0.00854591
1771742621.252233,2.540000,0.010000,0.092445,0.000186,-0.080347,-4.6035,-0.805084,-0.387356,-0.587452,-0.025865,-0.025865,-1.4820,-1.4820,1,1,0.092445,0.00854601
1771742621.262233,2.550000,0.010000,0.092445,0.000184,-0.087082,-4.9894,-0.801644,-0.392350,-0.499372,-0.015943,-0.015943,-0.9135,-0.9135,1,1,0.092445,0.00854611
1771742621.272233,2.560000,0.010000,0.092446,0.000180,-0.093762,-5.3722,-0.795439,-0.396413,-0.406313,0.001681,0.001681,0.0963,0.0963,1,1,0.092446,0.00854620
1771742621.282233,2.570000,0.010000,0.092446,0.000167,-0.100339,-5.7490,-0.783885,-0.398582,-0.216869,0.022600,0.022600,1.2949,1.2949,1,1,0.092446,0.00854628
1771742621.292233,2.580000,0.010000,0.092447,0.000169,-0.106712,-6.1141,-0.760868,-0.396989,0.159306,0.048773,0.048773,2.7945,2.7945,1,1,0.092447,0.00854637
1771742621.302233,2.590000,0.010000,0.092447,0.000159,-0.112803,-6.4631,-0.728162,-0.392104,0.488459,0.086402,0.086402,4.9505,4.9505,1,1,0.092447,0.00854643
1771742621.312232,2.600000,0.010000,0.092446,0.000152,-0.118546,-6.7922,-0.688440,-0.384339,0.776467,0.138059,0.138059,7.9102,7.9102,1,1,0.092446,0.00854626
1771742621.322232,2.610000,0.010000,0.092441,0.000143,-0.123886,-7.0981,-0.644565,-0.374055,1.028475,0.188471,0.188471,10.7986,10.7986,1,1,0.092441,0.00854537
1771742621.332232,2.620000,0.010000,0.092431,0.000117,-0.128775,-7.3783,-0.597117,-0.361565,1.248981,0.228646,0.228646,13.1005,13.1005,1,1,0.092431,0.00854340
1771742621.342233,2.630000,0.010000,0.092413,0.000097,-0.133175,-7.6304,-0.545513,-0.347146,1.441924,0.238884,0.238884,13.6870,13.6870,1,1,0.092413,0.00854022
1771742621.352233,2.640000,0.010000,0.092387,-0.000489,-0.137046,-7.8521,-0.487999,-0.331038,1.610750,0.210420,0.210420,12.0562,12.0562,1,1,0.092387,0.00853545
1771742621.362233,2.650000,0.010000,0.092349,-0.001790,-0.140360,-8.0421,-0.425659,-0.313453,1.758472,0.206199,0.206199,11.8143,11.8143,1,1,0.092349,0.00852835
1771742621.372233,2.660000,0.010000,0.092294,-0.003573,-0.143102,-8.1992,-0.360605,-0.294576,1.887729,0.211930,0.211930,12.1427,12.1427,1,1,0.092294,0.00851823
1771742621.382233,2.670000,0.010000,0.092220,-0.005767,-0.145257,-8.3226,-0.293203,-0.274568,2.000828,0.211893,0.211893,12.1405,12.1405,1,1,0.092220,0.00850451
1771742621.392233,2.680000,0.010000,0.092124,-0.008262,-0.146814,-8.4118,-0.224224,-0.253570,2.099791,0.211983,0.211983,12.1457,12.1457,1,1,0.092124,0.00848675
1771742621.402233,2.690000,0.010000,0.092004,-0.010959,-0.147768,-8.4665,-0.154209,-0.231706,2.186383,0.276244,0.276244,15.8276,15.8276,1,1,0.092004,0.00846466
1771742621.412233,2.700000,0.010000,0.091859,-0.013772,-0.148113,-8.4863,-0.083570,-0.209085,2.262151,0.316724,0.316724,18.1470,18.1470,1,1,0.091859,0.00843806
1771742621.422233,2.710000,0.010000,0.091689,-0.016614,-0.147849,-8.4711,-0.012698,-0.185800,2.328448,0.320216,0.320216,18.3470,18.3470,1,1,0.091689,0.00840692
1771742621.432233,2.720000,0.010000,0.091495,-0.019403,-0.146977,-8.4211,0.058101,-0.161935,2.386458,0.316179,0.316179,18.1157,18.1157,1,1,0.091495,0.00837131
1771742621.442233,2.730000,0.010000,0.091277,-0.022068,-0.145497,-8.3364,0.128680,-0.137563,2.437216,0.297938,0.297938,17.0706,17.0706,1,1,0.091277,0.00833143
1771742621.452233,2.740000,0.010000,0.091036,-0.024533,-0.143415,-8.2171,0.198785,-0.112747,2.481630,0.266443,0.266443,15.2661,15.2661,1,1,0.091036,0.00828760
1771742621.462233,2.750000,0.010000,0.090776,-0.026726,-0.140735,-8.0635,0.268227,-0.087542,2.520492,0.211629,0.211629,12.1254,12.1254,1,1,0.090776,0.00824023
1771742621.472233,2.760000,0.010000,0.090498,-0.028580,-0.137465,-7.8761,0.336865,-0.061997,2.554497,0.092262,0.092262,5.2862,5.2862,1,1,0.090498,0.00818982
1771742621.482233,2.770000,0.010000,0.090205,-0.030033,-0.133610,-7.6553,0.404589,-0.036155,2.584250,-0.068783,-0.068783,-3.9410,-3.9410,1,1,0.090205,0.00813700
1771742621.492233,2.780000,0.010000,0.089902,-0.031023,-0.129179,-7.4014,0.471305,-0.010052,2.610285,-0.171906,-0.171906,-9.8495,-9.8495,1,1,0.089902,0.00808243
1771742621.502233,2.790000,0.010000,0.089593,-0.031494,-0.124180,-7.1150,0.536944,0.016279,2.633065,-0.220114,-0.220114,-12.6116,-12.6116,1,1,0.089593,0.00802691
1771742621.512233,2.800000,0.010000,0.089286,-0.031123,-0.118682,-6.8000,0.597574,0.040731,2.445171,-0.266589,-0.266589,-15.2745,-15.2745,1,1,0.089286,0.00797201
1771742621.522233,2.810000,0.010000,0.088993,-0.029637,-0.112782,-6.4619,0.649740,0.062137,2.140652,-0.259899,-0.259899,-14.8911,-14.8911,1,1,0.088993,0.00791971
1771742621.532233,2.820000,0.010000,0.088716,-0.027436,-0.106459,-6.0996,0.699585,0.084358,2.222137,-0.240591,-0.240591,-13.7848,-13.7848,1,1,0.088716,0.00787052
1771742621.542233,2.830000,0.010000,0.088460,-0.024629,-0.099702,-5.7125,0.749164,0.107293,2.293435,-0.224539,-0.224539,-12.8651,-12.8651,1,1,0.088460,0.00782512
1771742621.552233,2.840000,0.010000,0.088229,-0.021216,-0.092504,-5.3001,0.799006,0.130851,2.355822,-0.200512,-0.200512,-11.4885,-11.4885,1,1,0.088229,0.00778430
1771742621.562232,2.850000,0.010000,0.088030,-0.017053,-0.084888,-4.8637,0.847546,0.154017,2.316603,-0.204126,-0.204126,-11.6956,-11.6956,1,1,0.088030,0.00774928
1771742621.572232,2.860000,0.010000,0.087880,-0.011497,-0.077014,-4.4126,0.885730,0.172007,1.799017,-0.267984,-0.267984,-15.3544,-15.3544,1,1,0.087880,0.00772296
1771742621.582232,2.870000,0.010000,0.087797,-0.004257,-0.069041,-3.9558,0.909252,0.184258,1.225074,-0.337509,-0.337509,-19.3379,-19.3379,1,1,0.087797,0.00770824
1771742621.592233,2.880000,0.010000,0.087775,0.000311,-0.061042,-3.4974,0.932557,0.191487,0.722874,-0.393091,-0.393091,-22.5225,-22.5225,1,1,0.087775,0.00770450
1771742621.602233,2.890000,0.010000,0.087776,0.000285,-0.053119,-3.0435,0.940158,0.194321,0.283449,-0.416680,-0.416680,-23.8740,-23.8740,1,1,0.087776,0.00770470
1771742621.612233,2.900000,0.010000,0.087777,0.000257,-0.045434,-2.6032,0.916968,0.193311,-0.101048,-0.425270,-0.425270,-24.3662,-24.3662,1,1,0.087777,0.00770485
1771742621.622233,2.910000,0.010000,0.087778,0.000231,-0.038051,-2.1802,0.882758,0.188936,-0.437483,-0.428600,-0.428600,-24.5569,-24.5569,1,1,0.087778,0.00770498
1771742621.632233,2.920000,0.010000,0.087779,0.000207,-0.031039,-1.7784,0.840152,0.181617,-0.731863,-0.427786,-0.427786,-24.5103,-24.5103,1,1,0.087779,0.00770510
1771742621.642233,2.930000,0.010000,0.087779,0.000182,-0.024453,-1.4010,0.790555,0.171723,-0.989446,-0.426519,-0.426519,-24.4377,-24.4377,1,1,0.087779,0.00770519
1771742621.652233,2.940000,0.010000,0.087780,0.000156,-0.018341,-1.0509,0.735135,0.159574,-1.214831,-0.425471,-0.425471,-24.3777,-24.3777,1,1,0.087780,0.00770527
1771742621.662233,2.950000,0.010000,0.087780,0.000131,-0.012743,-0.7301,0.674904,0.145454,-1.412043,-0.424680,-0.424680,-24.3324,-24.3324,1,1,0.087780,0.00770534
1771742621.672233,2.960000,0.010000,0.087780,0.000107,-0.007690,-0.4406,0.610741,0.129608,-1.584604,-0.422785,-0.422785,-24.2238,-24.2238,1,1,0.087780,0.00770539
1771742621.682233,2.970000,0.010000,0.087781,0.000084,-0.003208,-0.1838,0.543407,0.112252,-1.735594,-0.418127,-0.418127,-23.9569,-23.9569,1,1,0.087781,0.00770543
1771742621.692233,2.980000,0.010000,0.087781,0.000064,0.000683,0.0391,0.473563,0.093575,-1.867711,-0.411075,-0.411075,-23.5529,-23.5529,1,1,0.087781,0.00770546
1771742621.702233,2.990000,0.010000,0.087781,0.000045,0.003967,0.2273,0.401781,0.073742,-1.983313,-0.407019,-0.407019,-23.3205,-23.3205,1,1,0.087781,0.00770548
1771742621.712233,3.000000,0.010000,0.087781,0.000030,0.006632,0.3800,0.328555,0.052897,-2.084464,-0.407929,-0.407929,-23.3726,-23.3726,1,1,0.087781,0.00770549
1771742621.722233,3.010000,0.010000,0.087781,0.000017,0.008672,0.4969,0.254312,0.031167,-2.172972,-0.413272,-0.413272,-23.6787,-23.6787,1,1,0.087781,0.00770550
1771742621.732233,3.020000,0.010000,0.087781,0.000008,0.010080,0.5776,0.179418,0.008663,-2.250417,-0.416772,-0.416772,-23.8793,-23.8793,1,1,0.087781,0.00770550
1771742621.742233,3.030000,0.010000,0.087781,0.000002,0.010855,0.6220,0.104191,-0.014518,-2.318180,-0.418230,-0.418230,-23.9628,-23.9628,1,1,0.087781,0.00770550
1771742621.752233,3.040000,0.010000,0.087781,-0.000000,0.010996,0.6300,0.028900,-0.038293,-2.377474,-0.418889,-0.418889,-24.0006,-24.0006,1,1,0.087781,0.00770550
1771742621.762233,3.050000,0.010000,0.087781,0.000001,0.010505,0.6019,-0.046223,-0.062587,-2.429355,-0.418515,-0.418515,-23.9791,-23.9791,1,1,0.087781,0.00770549
1771742621.772233,3.060000,0.010000,0.087781,0.000004,0.009386,0.5378,-0.120980,-0.087334,-2.474752,-0.416966,-0.416966,-23.8904,-23.8904,1,1,0.087781,0.00770550
1771742621.782233,3.070000,0.010000,0.087781,0.000012,0.007642,0.4379,-0.195205,-0.112479,-2.514474,-0.412270,-0.412270,-23.6214,-23.6214,1,1,0.087781,0.00770551
1771742621.792233,3.080000,0.010000,0.087781,0.000021,0.005281,0.3026,-0.268757,-0.137971,-2.549230,-0.408916,-0.408916,-23.4291,-23.4291,1,1,0.087781,0.00770552
1771742621.802233,3.090000,0.010000,0.087781,0.000034,0.002308,0.1322,-0.341519,-0.163768,-2.579642,-0.413401,-0.413401,-23.6861,-23.6861,1,1,0.087781,0.00770554
1771742621.812232,3.100000,0.010000,0.087781,0.000050,-0.001269,-0.0727,-0.413391,-0.189830,-2.606253,-0.421690,-0.421690,-24.1610,-24.1610,1,1,0.087781,0.00770558
1771742621.822232,3.110000,0.010000,0.087782,0.000069,-0.005440,-0.3117,-0.484294,-0.216126,-2.629537,-0.426393,-0.426393,-24.4305,-24.4305,1,1,0.087782,0.00770562
1771742621.832232,3.120000,0.010000,0.087782,0.000088,-0.010125,-0.5801,-0.546551,-0.239987,-2.386168,-0.425315,-0.425315,-24.3688,-24.3688,1,1,0.087782,0.00770568
1771742621.842233,3.130000,0.010000,0.087782,0.000105,-0.015233,-0.8728,-0.598652,-0.260980,-2.099277,-0.419540,-0.419540,-24.0379,-24.0379,1,1,0.087782,0.00770574
1771742621.852233,3.140000,0.010000,0.087783,0.000120,-0.020709,-1.1865,-0.643367,-0.280017,-1.903646,-0.396379,-0.396379,-22.7108,-22.7108,1,1,0.087783,0.00770581
1771742621.862233,3.150000,0.010000,0.087783,0.000134,-0.026491,-1.5178,-0.681063,-0.297111,-1.709440,-0.331937,-0.331937,-19.0186,-19.0186,1,1,0.087783,0.00770589
1771742621.872233,3.160000,0.010000,0.087784,0.000146,-0.032524,-1.8635,-0.711882,-0.312251,-1.513986,-0.241205,-0.241205,-13.8200,-13.8200,1,1,0.087784,0.00770598
1771742621.882233,3.170000,0.010000,0.087784,0.000155,-0.038755,-2.2205,-0.736401,-0.325581,-1.332981,-0.118279,-0.118279,-6.7769,-6.7769,1,1,0.087784,0.00770606
1771742621.892233,3.180000,0.010000,0.087785,0.000162,-0.045135,-2.5860,-0.755076,-0.337197,-1.161679,-0.071165,-0.071165,-4.0775,-4.0775,1,1,0.087785,0.00770615
1771742621.902233,3.190000,0.010000,0.087785,0.000167,-0.051618,-2.9575,-0.768254,-0.347168,-0.997103,-0.033360,-0.033360,-1.9114,-1.9114,1,1,0.087785,0.00770625
1771742621.912233,3.200000,0.010000,0.087786,0.000169,-0.058155,-3.3320,-0.775538,-0.355306,-0.813775,0.011956,0.011956,0.6851,0.6851,1,1,0.087786,0.00770634
1771742621.922233,3.210000,0.010000,0.087786,0.000169,-0.064707,-3.7074,-0.778179,-0.362007,-0.670119,0.053841,0.053841,3.0848,3.0848,1,1,0.087786,0.00770643
1771742621.932233,3.220000,0.010000,0.087787,0.000169,-0.071271,-4.0835,-0.779698,-0.368432,-0.642422,0.070011,0.070011,4.0113,4.0113,1,1,0.087787,0.00770652
1771742621.942233,3.230000,0.010000,0.087787,0.000170,-0.077853,-4.4606,-0.781797,-0.375089,-0.665728,0.078443,0.078443,4.4945,4.4945,1,1,0.087787,0.00770660
1771742621.952233,3.240000,0.010000,0.087788,0.000170,-0.084446,-4.8384,-0.783185,-0.381502,-0.641300,0.079814,0.079814,4.5730,4.5730,1,1,0.087788,0.00770670
1771742621.962233,3.250000,0.010000,0.087788,0.000169,-0.091023,-5.2153,-0.781806,-0.386979,-0.547668,0.081571,0.081571,4.6737,4.6737,1,1,0.087788,0.00770678
1771742621.972233,3.260000,0.010000,0.087789,0.000166,-0.097548,-5.5891,-0.776243,-0.391049,-0.407021,0.091335,0.091335,5.2331,5.2331,1,1,0.087789,0.00770687
1771742621.982233,3.270000,0.010000,0.087789,0.000158,-0.103929,-5.9547,-0.760744,-0.391715,-0.066622,0.101423,0.101423,5.8111,5.8111,1,1,0.087789,0.00770694
1771742621.992233,3.280000,0.010000,0.087789,0.000156,-0.110077,-6.3069,-0.734502,-0.388807,0.290772,0.129322,0.129322,7.4096,7.4096,1,1,0.087789,0.00770699
1771742622.002233,3.290000,0.010000,0.087790,0.000141,-0.115917,-6.6415,-0.699517,-0.382772,0.603491,0.184809,0.184809,10.5888,10.5888,1,1,0.087790,0.00770705
1771742622.012233,3.300000,0.010000,0.087787,0.000140,-0.121388,-6.9550,-0.659488,-0.374001,0.877121,0.217645,0.217645,12.4702,12.4702,1,1,0.087787,0.00770654
1771742622.022233,3.310000,0.010000,0.087778,0.000124,-0.126441,-7.2446,-0.616591,-0.362836,1.116546,0.261404,0.261404,14.9773,14.9773,1,1,0.087778,0.00770503
1771742622.032233,3.320000,0.010000,0.087762,0.000101,-0.131031,-7.5075,-0.570093,-0.349575,1.326044,0.251837,0.251837,14.4292,14.4292,1,1,0.087762,0.00770221
1771742622.042233,3.330000,0.010000,0.087738,0.000074,-0.135119,-7.7418,-0.519631,-0.334482,1.509354,0.223894,0.223894,12.8282,12.8282,1,1,0.087738,0.00769801
1771742622.052233,3.340000,0.010000,0.087704,-0.000568,-0.138669,-7.9451,-0.463228,-0.317784,1.669751,0.221324,0.221324,12.6809,12.6809,1,1,0.087704,0.00769204
1771742622.062232,3.350000,0.010000,0.087656,-0.001887,-0.141657,-8.1163,-0.402057,-0.299683,1.810098,0.219882,0.219882,12.5983,12.5983,1,1,0.087656,0.00768364
1771742622.072232,3.360000,0.010000,0.087591,-0.003658,-0.144067,-8.2545,-0.338130,-0.280354,1.932901,0.224789,0.224789,12.8795,12.8795,1,1,0.087591,0.00767221
1771742622.082232,3.370000,0.010000,0.087506,-0.005804,-0.145889,-8.3588,-0.271860,-0.259951,2.040355,0.214473,0.214473,12.2884,12.2884,1,1,0.087506,0.00765728
1771742622.092233,3.380000,0.010000,0.087399,-0.008209,-0.147112,-8.4289,-0.204096,-0.238607,2.134376,0.229636,0.229636,13.1572,13.1572,1,1,0.087399,0.00763851
1771742622.102233,3.390000,0.010000,0.087268,-0.010776,-0.147732,-8.4644,-0.135402,-0.216440,2.216645,0.276942,0.276942,15.8676,15.8676,1,1,0.087268,0.00761568
1771742622.112233,3.400000,0.010000,0.087113,-0.013417,-0.147746,-8.4652,-0.066207,-0.193554,2.288630,0.288093,0.288093,16.5065,16.5065,1,1,0.087113,0.00758870
1771742622.122233,3.410000,0.010000,0.086934,-0.016044,-0.147153,-8.4312,0.003074,-0.170038,2.351617,0.285999,0.285999,16.3865,16.3865,1,1,0.086934,0.00755759
1771742622.132233,3.420000,0.010000,0.086732,-0.018585,-0.145954,-8.3626,0.072281,-0.145971,2.406731,0.261940,0.261940,15.0081,15.0081,1,1,0.086732,0.00752249
1771742622.142233,3.430000,0.010000,0.086508,-0.020965,-0.144152,-8.2593,0.141157,-0.121421,2.454955,0.217236,0.217236,12.4467,12.4467,1,1,0.086508,0.00748362
1771742622.152233,3.440000,0.010000,0.086263,-0.023109,-0.141752,-8.1218,0.209470,-0.096450,2.497152,0.218027,0.218027,12.4920,12.4920,1,1,0.086263,0.00744134
1771742622.162233,3.450000,0.010000,0.086000,-0.024948,-0.138759,-7.9503,0.277040,-0.071109,2.534074,0.167431,0.167431,9.5931,9.5931,1,1,0.086000,0.00739608
1771742622.172233,3.460000,0.010000,0.085723,-0.026416,-0.135180,-7.7453,0.343716,-0.045445,2.566380,0.022446,0.022446,1.2861,1.2861,1,1,0.085723,0.00734838
1771742622.182233,3.470000,0.010000,0.085433,-0.027449,-0.131023,-7.5070,0.409374,-0.019499,2.594649,-0.129094,-0.129094,-7.3965,-7.3965,1,1,0.085433,0.00729884
1771742622.192233,3.480000,0.010000,0.085136,-0.027989,-0.126294,-7.2361,0.473923,0.006695,2.619383,-0.211196,-0.211196,-12.1006,-12.1006,1,1,0.085136,0.00724815
1771742622.202233,3.490000,0.010000,0.084836,-0.027979,-0.121004,-6.9330,0.537293,0.033106,2.641026,-0.255652,-0.255652,-14.6478,-14.6478,1,1,0.084836,0.00719707
1771742622.212233,3.500000,0.010000,0.084544,-0.026991,-0.115272,-6.6046,0.593844,0.055776,2.267093,-0.284070,-0.284070,-16.2760,-16.2760,1,1,0.084544,0.00714773
1771742622.222233,3.510000,0.010000,0.084269,-0.025098,-0.109131,-6.2528,0.645062,0.077509,2.173249,-0.269462,-0.269462,-15.4390,-15.4390,1,1,0.084269,0.00710123
1771742622.232233,3.520000,0.010000,0.084013,-0.022483,-0.102566,-5.8766,0.694091,0.100016,2.250659,-0.248418,-0.248418,-14.2333,-14.2333,1,1,0.084013,0.00705814
1771742622.242233,3.530000,0.010000,0.083780,-0.019209,-0.095566,-5.4755,0.742356,0.123199,2.318392,-0.224925,-0.224925,-12.8872,-12.8872,1,1,0.083780,0.00701916
1771742622.252233,3.540000,0.010000,0.083583,-0.014987,-0.088223,-5.0548,0.785993,0.143549,2.034992,-0.203365,-0.203365,-11.6520,-11.6520,1,1,0.083583,0.00698618
1771742622.262233,3.550000,0.010000,0.083438,-0.009450,-0.080697,-4.6236,0.819696,0.158348,1.479882,-0.257721,-0.257721,-14.7663,-14.7663,1,1,0.083438,0.00696189
1771742622.272233,3.560000,0.010000,0.083360,-0.002423,-0.073135,-4.1903,0.840801,0.167807,0.945830,-0.331125,-0.331125,-18.9721,-18.9721,1,1,0.083360,0.00694883
1771742622.282233,3.570000,0.010000,0.083335,0.000263,-0.065532,-3.7547,0.870950,0.174084,0.627755,-0.389870,-0.389870,-22.3379,-22.3379,1,1,0.083335,0.00694474
1771742622.292233,3.580000,0.010000,0.083336,0.000243,-0.058041,-3.3255,0.885658,0.176086,0.200220,-0.410461,-0.410461,-23.5177,-23.5177,1,1,0.083336,0.00694491
1771742622.302233,3.590000,0.010000,0.083337,0.000218,-0.050806,-2.9110,0.863357,0.174348,-0.173874,-0.421237,-0.421237,-24.1351,-24.1351,1,1,0.083337,0.00694503
1771742622.312232,3.600000,0.010000,0.083338,0.000196,-0.043883,-2.5143,0.829041,0.169335,-0.501205,-0.424124,-0.424124,-24.3005,-24.3005,1,1,0.083338,0.00694514
1771742622.322232,3.610000,0.010000,0.083338,0.000174,-0.037334,-2.1391,0.786394,0.161459,-0.787620,-0.422892,-0.422892,-24.2299,-24.2299,1,1,0.083338,0.00694523
1771742622.332232,3.620000,0.010000,0.083339,0.000152,-0.031215,-1.7885,0.736928,0.151077,-1.038234,-0.419782,-0.419782,-24.0517,-24.0517,1,1,0.083339,0.00694531
1771742622.342233,3.630000,0.010000,0.083339,0.000130,-0.025571,-1.4651,0.681798,0.138502,-1.257520,-0.417583,-0.417583,-23.9258,-23.9258,1,1,0.083339,0.00694537
1771742622.352233,3.640000,0.010000,0.083339,0.000108,-0.020439,-1.1711,0.621993,0.124008,-1.449396,-0.415238,-0.415238,-23.7914,-23.7914,1,1,0.083339,0.00694543
1771742622.362233,3.650000,0.010000,0.083339,0.000087,-0.015851,-0.9082,0.558369,0.107835,-1.617288,-0.410849,-0.410849,-23.5399,-23.5399,1,1,0.083339,0.00694547
1771742622.372233,3.660000,0.010000,0.083340,0.000067,-0.011830,-0.6778,0.491671,0.090193,-1.764192,-0.399586,-0.399586,-22.8946,-22.8946,1,1,0.083340,0.00694550
1771742622.382233,3.670000,0.010000,0.083340,0.000049,-0.008397,-0.4811,0.422542,0.071266,-1.892734,-0.388685,-0.388685,-22.2700,-22.2700,1,1,0.083340,0.00694552
1771742622.392233,3.680000,0.010000,0.083340,0.000034,-0.005565,-0.3188,0.351542,0.051214,-2.005208,-0.386949,-0.386949,-22.1706,-22.1706,1,1,0.083340,0.00694553
1771742622.402233,3.690000,0.010000,0.083340,0.000021,-0.003345,-0.1917,0.279151,0.030177,-2.103623,-0.386423,-0.386423,-22.1404,-22.1404,1,1,0.083340,0.00694554
1771742622.412233,3.700000,0.010000,0.083340,0.000011,-0.001746,-0.1001,0.205786,0.008280,-2.189736,-0.380414,-0.380414,-21.7961,-21.7961,1,1,0.083340,0.00694554
1771742622.422233,3.710000,0.010000,0.083340,0.000005,-0.000772,-0.0442,0.131803,-0.014371,-2.265085,-0.377285,-0.377285,-21.6168,-21.6168,1,1,0.083340,0.00694554
1771742622.432233,3.720000,0.010000,0.083340,0.000001,-0.000424,-0.0243,0.057514,-0.037681,-2.331015,-0.375339,-0.375339,-21.5054,-21.5054,1,1,0.083340,0.00694554
1771742622.442233,3.730000,0.010000,0.083340,-0.000000,-0.000703,-0.0403,-0.016820,-0.061568,-2.388704,-0.381698,-0.381698,-21.8697,-21.8697,1,1,0.083340,0.00694554
1771742622.452233,3.740000,0.010000,0.083340,0.000002,-0.001606,-0.0920,-0.090973,-0.085960,-2.439182,-0.381227,-0.381227,-21.8427,-21.8427,1,1,0.083340,0.00694554
1771742622.462233,3.750000,0.010000,0.083340,0.000007,-0.003130,-0.1793,-0.164752,-0.110793,-2.483350,-0.386057,-0.386057,-22.1195,-22.1195,1,1,0.083340,0.00694555
1771742622.472233,3.760000,0.010000,0.083340,0.000016,-0.005271,-0.3020,-0.237997,-0.136013,-2.521997,-0.391836,-0.391836,-22.4506,-22.4506,1,1,0.083340,0.00694556
1771742622.482233,3.770000,0.010000,0.083340,0.000026,-0.008022,-0.4596,-0.310569,-0.161572,-2.555813,-0.401507,-0.401507,-23.0046,-23.0046,1,1,0.083340,0.00694558
1771742622.492233,3.780000,0.010000,0.083340,0.000040,-0.011376,-0.6518,-0.382353,-0.187426,-2.585403,-0.414531,-0.414531,-23.7509,-23.7509,1,1,0.083340,0.00694560
1771742622.502233,3.790000,0.010000,0.083340,0.000057,-0.015327,-0.8782,-0.453255,-0.213538,-2.611293,-0.422210,-0.422210,-24.1909,-24.1909,1,1,0.083340,0.00694564
1771742622.512233,3.800000,0.010000,0.083341,0.000072,-0.019738,-1.1309,-0.510845,-0.235432,-2.189337,-0.418127,-0.418127,-23.9569,-23.9569,1,1,0.083341,0.00694568
1771742622.522233,3.810000,0.010000,0.083341,0.000086,-0.024525,-1.4052,-0.557795,-0.254372,-1.893967,-0.384488,-0.384488,-22.0296,-22.0296,1,1,0.083341,0.00694573
1771742622.532233,3.820000,0.010000,0.083341,0.000097,-0.029618,-1.6970,-0.596019,-0.270878,-1.650638,-0.300179,-0.300179,-17.1990,-17.1990,1,1,0.083341,0.00694579
1771742622.542233,3.830000,0.010000,0.083342,0.000107,-0.034937,-2.0018,-0.624821,-0.284570,-1.369196,-0.165278,-0.165278,-9.4697,-9.4697,1,1,0.083342,0.00694585
1771742622.552233,3.840000,0.010000,0.083342,0.000113,-0.040424,-2.3161,-0.646317,-0.296159,-1.158941,-0.019915,-0.019915,-1.1410,-1.1410,1,1,0.083342,0.00694591
1771742622.562232,3.850000,0.010000,0.083343,0.000118,-0.046031,-2.6374,-0.661994,-0.306057,-0.989752,0.056737,0.056737,3.2508,3.2508,1,1,0.083343,0.00694597
1771742622.572232,3.860000,0.010000,0.083343,0.000123,-0.051750,-2.9650,-0.675585,-0.315512,-0.945519,0.098340,0.098340,5.6345,5.6345,1,1,0.083343,0.00694604
1771742622.582232,3.870000,0.010000,0.083343,0.000126,-0.057542,-3.2969,-0.685254,-0.323726,-0.821442,0.132802,0.132802,7.6090,7.6090,1,1,0.083343,0.00694610
1771742622.592233,3.880000,0.010000,0.083344,0.000129,-0.063399,-3.6325,-0.693191,-0.331518,-0.779137,0.159615,0.159615,9.1453,9.1453,1,1,0.083344,0.00694617
1771742622.602233,3.890000,0.010000,0.083344,0.000131,-0.069312,-3.9713,-0.700107,-0.339058,-0.753981,0.186144,0.186144,10.6653,10.6653,1,1,0.083344,0.00694624
1771742622.612233,3.900000,0.010000,0.083344,0.000134,-0.075288,-4.3137,-0.707528,-0.346864,-0.780615,0.198522,0.198522,11.3745,11.3745,1,1,0.083344,0.00694631
1771742622.622233,3.910000,0.010000,0.083345,0.000137,-0.081344,-4.6607,-0.716654,-0.355322,-0.845843,0.197669,0.197669,11.3256,11.3256,1,1,0.083345,0.00694638
1771742622.632233,3.920000,0.010000,0.083345,0.000140,-0.087474,-5.0119,-0.725474,-0.363683,-0.836103,0.189963,0.189963,10.8841,10.8841,1,1,0.083345,0.00694645
1771742622.642233,3.930000,0.010000,0.083346,0.000142,-0.093632,-5.3647,-0.729763,-0.370489,-0.680545,0.180308,0.180308,10.3309,10.3309,1,1,0.083346,0.00694652
1771742622.652233,3.940000,0.010000,0.083346,0.000137,-0.099697,-5.7122,-0.721493,-0.372953,-0.246411,0.182724,0.182724,10.4693,10.4693,1,1,0.083346,0.00694659
1771742622.662233,3.950000,0.010000,0.083347,0.000129,-0.105574,-6.0489,-0.701709,-0.371618,0.133456,0.212987,0.212987,12.2032,12.2032,1,1,0.083347,0.00694665
1771742622.672233,3.960000,0.010000,0.083347,0.000122,-0.111182,-6.3703,-0.672000,-0.366960,0.465840,0.244327,0.244327,13.9989,13.9989,1,1,0.083347,0.00694669
1771742622.682233,3.970000,0.010000,0.083346,0.000116,-0.116457,-6.6725,-0.635255,-0.359393,0.756676,0.281074,0.281074,16.1043,16.1043,1,1,0.083346,0.00694651
1771742622.692233,3.980000,0.010000,0.083339,0.000110,-0.121345,-6.9525,-0.596141,-0.349281,1.011157,0.292438,0.292438,16.7555,16.7555,1,1,0.083339,0.00694545
1771742622.702233,3.990000,0.010000,0.083325,0.000095,-0.125797,-7.2076,-0.554725,-0.336943,1.233829,0.257821,0.257821,14.7721,14.7721,1,1,0.083325,0.00694310
1771742622.712233,4.000000,0.010000,0.083302,0.000076,-0.129773,-7.4354,-0.510131,-0.322656,1.428666,0.239008,0.239008,13.6941,13.6941,1,1,0.083302,0.00693922
1771742622.722233,4.010000,0.010000,0.083269,0.000062,-0.133240,-7.6341,-0.462107,-0.306665,1.599148,0.228204,0.228204,13.0751,13.0751,1,1,0.083269,0.00693375
1771742622.732233,4.020000,0.010000,0.083226,-0.000144,-0.136167,-7.8018,-0.409915,-0.289182,1.748321,0.208145,0.208145,11.9258,11.9258,1,1,0.083226,0.00692663
1771742622.742233,4.030000,0.010000,0.083171,-0.000907,-0.138530,-7.9372,-0.352888,-0.270393,1.878847,0.211568,0.211568,12.1219,12.1219,1,1,0.083171,0.00691748
1771742622.752233,4.040000,0.010000,0.083101,-0.002127,-0.140316,-8.0395,-0.292535,-0.250463,1.993057,0.181629,0.181629,10.4066,10.4066,1,1,0.083101,0.00690585
1771742622.762233,4.050000,0.010000,0.083015,-0.003642,-0.141513,-8.1081,-0.230036,-0.229533,2.092990,0.202614,0.202614,11.6089,11.6089,1,1,0.083015,0.00689142
1771742622.772233,4.060000,0.010000,0.082909,-0.005373,-0.142115,-8.1426,-0.165773,-0.207729,2.180432,0.226217,0.226217,12.9613,12.9613,1,1,0.082909,0.00687395
1771742622.782233,4.070000,0.010000,0.082785,-0.007218,-0.142118,-8.1428,-0.100405,-0.185159,2.256944,0.225266,0.225266,12.9068,12.9068,1,1,0.082785,0.00685334
1771742622.792233,4.080000,0.010000,0.082641,-0.009081,-0.141521,-8.1086,-0.034501,-0.161920,2.323892,0.219439,0.219439,12.5729,12.5729,1,1,0.082641,0.00682960
1771742622.802233,4.090000,0.010000,0.082479,-0.010880,-0.140324,-8.0400,0.031629,-0.138095,2.382471,0.183283,0.183283,10.5014,10.5014,1,1,0.082479,0.00680283
1771742622.812232,4.100000,0.010000,0.082300,-0.012535,-0.138529,-7.9371,0.097622,-0.113758,2.433728,0.164088,0.164088,9.4016,9.4016,1,1,0.082300,0.00677324
1771742622.822232,4.110000,0.010000,0.082104,-0.013967,-0.136139,-7.8002,0.163190,-0.088972,2.478578,0.130829,0.130829,7.4960,7.4960,1,1,0.082104,0.00674114
1771742622.832232,4.120000,0.010000,0.081896,-0.015105,-0.133161,-7.6295,0.228099,-0.063794,2.517822,0.058343,0.058343,3.3428,3.3428,1,1,0.081896,0.00670692
1771742622.842233,4.130000,0.010000,0.081677,-0.015881,-0.129599,-7.4255,0.292149,-0.038273,2.552160,-0.091524,-0.091524,-5.2440,-5.2440,1,1,0.081677,0.00667105
1771742622.852233,4.140000,0.010000,0.081450,-0.016229,-0.125461,-7.1884,0.355196,-0.012451,2.582206,-0.208308,-0.208308,-11.9351,-11.9351,1,1,0.081450,0.00663411
1771742622.862233,4.150000,0.010000,0.081220,-0.016091,-0.120755,-6.9187,0.417124,0.013634,2.608496,-0.264585,-0.264585,-15.1596,-15.1596,1,1,0.081220,0.00659671
1771742622.872233,4.160000,0.010000,0.080994,-0.015305,-0.115531,-6.6195,0.476257,0.038376,2.474164,-0.283991,-0.283991,-16.2715,-16.2715,1,1,0.080994,0.00656005
1771742622.882233,4.170000,0.010000,0.080789,-0.013436,-0.109985,-6.3016,0.526539,0.056534,1.815828,-0.283389,-0.283389,-16.2370,-16.2370,1,1,0.080789,0.00652692
1771742622.892233,4.180000,0.010000,0.080610,-0.010676,-0.104114,-5.9653,0.571147,0.074794,1.825996,-0.260094,-0.260094,-14.9023,-14.9023,1,1,0.080610,0.00649795
1771742622.902233,4.190000,0.010000,0.080459,-0.007171,-0.097906,-5.6096,0.612585,0.093722,1.892780,-0.246843,-0.246843,-14.1431,-14.1431,1,1,0.080459,0.00647365
1771742622.912233,4.200000,0.010000,0.080346,-0.002810,-0.091434,-5.2388,0.649510,0.110165,1.644296,-0.230240,-0.230240,-13.1918,-13.1918,1,1,0.080346,0.00645554
1771742622.922233,4.210000,0.010000,0.080273,0.000160,-0.084745,-4.8555,0.689367,0.123824,1.365921,-0.219875,-0.219875,-12.5979,-12.5979,1,1,0.080273,0.00644367
1771742622.932233,4.220000,0.010000,0.080230,0.000175,-0.077956,-4.4665,0.733734,0.132285,0.846115,-0.285116,-0.285116,-16.3359,-16.3359,1,1,0.080230,0.00643680
1771742622.942233,4.230000,0.010000,0.080215,0.000187,-0.071233,-4.0814,0.767774,0.136261,0.397537,-0.358880,-0.358880,-20.5623,-20.5623,1,1,0.080215,0.00643449
1771742622.952233,4.240000,0.010000,0.080216,0.000175,-0.064699,-3.7070,0.773050,0.136249,-0.001221,-0.387693,-0.387693,-22.2132,-22.2132,1,1,0.080216,0.00643460
1771742622.962233,4.250000,0.010000,0.080216,0.000157,-0.058440,-3.3484,0.748381,0.132747,-0.350134,-0.394327,-0.394327,-22.5933,-22.5933,1,1,0.080216,0.00643469
1771742622.972233,4.260000,0.010000,0.080217,0.000140,-0.052511,-3.0086,0.712434,0.126193,-0.655433,-0.395733,-0.395733,-22.6738,-22.6738,1,1,0.080217,0.00643476
1771742622.982233,4.270000,0.010000,0.080217,0.000122,-0.046967,-2.6910,0.668702,0.116967,-0.922570,-0.388567,-0.388567,-22.2632,-22.2632,1,1,0.080217,0.00643482
1771742622.992233,4.280000,0.010000,0.080218,0.000104,-0.041860,-2.3984,0.618661,0.105404,-1.156315,-0.372807,-0.372807,-21.3603,-21.3603,1,1,0.080218,0.00643487
1771742623.002233,4.290000,0.010000,0.080218,0.000086,-0.037231,-2.1332,0.563403,0.091796,-1.360841,-0.354800,-0.354800,-20.3285,-20.3285,1,1,0.080218,0.00643491
1771742623.012233,4.300000,0.010000,0.080218,0.000069,-0.033114,-1.8973,0.503853,0.076398,-1.539802,-0.312770,-0.312770,-17.9204,-17.9204,1,1,0.080218,0.00643494
1771742623.022233,4.310000,0.010000,0.080218,0.000053,-0.029537,-1.6923,0.440813,0.059434,-1.696392,-0.250619,-0.250619,-14.3594,-14.3594,1,1,0.080218,0.00643496
1771742623.032233,4.320000,0.010000,0.080218,0.000038,-0.026522,-1.5196,0.374976,0.041100,-1.833409,-0.197997,-0.197997,-11.3444,-11.3444,1,1,0.080218,0.00643498
1771742623.042233,4.330000,0.010000,0.080218,0.000025,-0.024085,-1.3800,0.306942,0.021567,-1.953299,-0.157188,-0.157188,-9.0062,-9.0062,1,1,0.080218,0.00643499
1771742623.052233,4.340000,0.010000,0.080218,0.000015,-0.022241,-1.2743,0.237233,0.000985,-2.058202,-0.134675,-0.134675,-7.7163,-7.7163,1,1,0.080218,0.00643499
1771742623.062232,4.350000,0.010000,0.080218,0.000007,-0.020997,-1.2031,0.166296,-0.020515,-2.149993,-0.117445,-0.117445,-6.7291,-6.7291,1,1,0.080218,0.00643499
1771742623.072232,4.360000,0.010000,0.080218,0.000002,-0.020362,-1.1666,0.094520,-0.042818,-2.230310,-0.137014,-0.137014,-7.8503,-7.8503,1,1,0.080218,0.00643499
1771742623.082232,4.370000,0.010000,0.080218,0.000001,-0.020337,-1.1652,0.022238,-0.065824,-2.300587,-0.183490,-0.183490,-10.5132,-10.5132,1,1,0.080218,0.00643499
1771742623.092233,4.380000,0.010000,0.080218,0.000001,-0.020924,-1.1989,-0.050262,-0.089445,-2.362079,-0.240191,-0.240191,-13.7619,-13.7619,1,1,0.080218,0.00643499
1771742623.102233,4.390000,0.010000,0.080218,0.000004,-0.022123,-1.2676,-0.122737,-0.113604,-2.415885,-0.273933,-0.273933,-15.6952,-15.6952,1,1,0.080218,0.00643500
1771742623.112233,4.400000,0.010000,0.080218,0.000010,-0.023931,-1.3711,-0.194976,-0.138234,-2.462965,-0.313281,-0.313281,-17.9497,-17.9497,1,1,0.080218,0.00643500
1771742623.122233,4.410000,0.010000,0.080219,0.000018,-0.026344,-1.5094,-0.266803,-0.163275,-2.504161,-0.349632,-0.349632,-20.0324,-20.0324,1,1,0.080219,0.00643502
1771742623.132233,4.420000,0.010000,0.080219,0.000028,-0.029315,-1.6796,-0.334142,-0.187216,-2.394061,-0.366989,-0.366989,-21.0269,-21.0269,1,1,0.080219,0.00643504
1771742623.142233,4.430000,0.010000,0.080219,0.000038,-0.032647,-1.8706,-0.382152,-0.204673,-1.745737,-0.341395,-0.341395,-19.5605,-19.5605,1,1,0.080219,0.00643506
1771742623.152233,4.440000,0.010000,0.080219,0.000044,-0.036187,-2.0734,-0.411634,-0.216458,-1.178454,-0.195108,-0.195108,-11.1789,-11.1789,1,1,0.080219,0.00643508
1771742623.162233,4.450000,0.010000,0.080219,0.000046,-0.039803,-2.2805,-0.424972,-0.223279,-0.682082,-0.020233,-0.020233,-1.1593,-1.1593,1,1,0.080219,0.00643511
1771742623.172233,4.460000,0.010000,0.080219,0.000046,-0.043383,-2.4856,-0.424451,-0.225756,-0.247756,-0.001600,-0.001600,-0.0916,-0.0916,1,1,0.080219,0.00643513
1771742623.182233,4.470000,0.010000,0.080219,0.000043,-0.046832,-2.6833,-0.412085,-0.224433,0.132280,-0.034448,-0.034448,-1.9737,-1.9737,1,1,0.080219,0.00643515
1771742623.192233,4.480000,0.010000,0.080219,0.000037,-0.050069,-2.8687,-0.389636,-0.219785,0.464811,-0.092716,-0.092716,-5.3123,-5.3123,1,1,0.080219,0.00643516
1771742623.202233,4.490000,0.010000,0.080220,0.000031,-0.053025,-3.0381,-0.358636,-0.212227,0.755775,-0.141587,-0.141587,-8.1123,-8.1123,1,1,0.080220,0.00643517
1771742623.212233,4.500000,0.010000,0.080220,0.000027,-0.055829,-3.1988,-0.337906,-0.208635,0.359219,-0.175207,-0.175207,-10.0386,-10.0386,1,1,0.080220,0.00643519
1771742623.222233,4.510000,0.010000,0.080220,0.000026,-0.058589,-3.3569,-0.329407,-0.208983,-0.034749,-0.090936,-0.090936,-5.2103,-5.2103,1,1,0.080220,0.00643520
1771742623.232233,4.520000,0.010000,0.080220,0.000027,-0.061394,-3.5176,-0.331798,-0.212777,-0.379471,0.009509,0.009509,0.5448,0.5448,1,1,0.080220,0.00643521
1771742623.242233,4.530000,0.010000,0.080220,0.000029,-0.064319,-3.6852,-0.343538,-0.219588,-0.681103,0.122416,0.122416,7.0139,7.0139,1,1,0.080220,0.00643522
1771742623.252233,4.540000,0.010000,0.080220,0.000033,-0.067428,-3.8633,-0.363239,-0.229039,-0.945031,0.231974,0.231974,13.2911,13.2911,1,1,0.080220,0.00643524
1771742623.262233,4.550000,0.010000,0.080220,0.000039,-0.070775,-4.0551,-0.389686,-0.240798,-1.175968,0.282706,0.282706,16.1979,16.1979,1,1,0.080220,0.00643526
1771742623.272233,4.560000,0.010000,0.080220,0.000045,-0.074372,-4.2612,-0.418581,-0.253373,-1.257453,0.307429,0.307429,17.6144,17.6144,1,1,0.080220,0.00643528
1771742623.282233,4.570000,0.010000,0.080220,0.000048,-0.078064,-4.4727,-0.433580,-0.260885,-0.751206,0.317503,0.317503,18.1916,18.1916,1,1,0.080220,0.00643531
1771742623.292233,4.580000,0.010000,0.080221,0.000048,-0.081734,-4.6830,-0.434721,-0.263967,-0.308239,0.329329,0.329329,18.8692,18.8692,1,1,0.080221,0.00643533
1771742623.302233,4.590000,0.010000,0.080221,0.000045,-0.085285,-4.8865,-0.423779,-0.263174,0.079357,0.321811,0.321811,18.4384,18.4384,1,1,0.080221,0.00643535
1771742623.312232,4.600000,0.010000,0.080221,0.000040,-0.088633,-5.0783,-0.402518,-0.258989,0.418503,0.277434,0.277434,15.8958,15.8958,1,1,0.080221,0.00643537
1771742623.322232,4.610000,0.010000,0.080221,0.000033,-0.091709,-5.2545,-0.372497,-0.251836,0.715256,0.213980,0.213980,12.2601,12.2601,1,1,0.080221,0.00643538
1771742623.332232,4.620000,0.010000,0.080221,0.000026,-0.094452,-5.4117,-0.335273,-0.242087,0.974915,0.140797,0.140797,8.0670,8.0670,1,1,0.080221,0.00643536
1771742623.342233,4.630000,0.010000,0.080221,0.000021,-0.096917,-5.5529,-0.301315,-0.233727,0.836007,0.067305,0.067305,3.8563,3.8563,1,1,0.080221,0.00643537
1771742623.352233,4.640000,0.010000,0.080218,0.000017,-0.099043,-5.6748,-0.265355,-0.222921,1.080572,0.082122,0.082122,4.7053,4.7053,1,1,0.080218,0.00643492
1771742623.362233,4.650000,0.010000,0.080209,0.000015,-0.100783,-5.7745,-0.228055,-0.209976,1.294566,-0.014965,-0.014965,-0.8574,-0.8574,1,1,0.080209,0.00643351
1771742623.372233,4.660000,0.010000,0.080193,0.000008,-0.102098,-5.8498,-0.188633,-0.195158,1.481811,-0.055187,-0.055187,-3.1620,-3.1620,1,1,0.080193,0.00643086
1771742623.382233,4.670000,0.010000,0.080168,0.000005,-0.102953,-5.8988,-0.146609,-0.178701,1.645651,-0.024442,-0.024442,-1.4004,-1.4004,1,1,0.080168,0.00642684
1771742623.392233,4.680000,0.010000,0.080134,0.000002,-0.103324,-5.9200,-0.101765,-0.160811,1.789010,0.015678,0.015678,0.8983,0.8983,1,1,0.080134,0.00642142
1771742623.402233,4.690000,0.010000,0.080091,-0.000001,-0.103189,-5.9123,-0.054191,-0.141666,1.914450,0.044421,0.044421,2.5451,2.5451,1,1,0.080091,0.00641464
1771742623.412233,4.700000,0.010000,0.080041,-0.000001,-0.102531,-5.8746,-0.004262,-0.121424,2.024209,-0.035150,-0.035150,-2.0140,-2.0140,1,1,0.080041,0.00640657
1771742623.422233,4.710000,0.010000,0.079983,-0.000001,-0.101339,-5.8063,0.047912,-0.100222,2.120249,-0.133934,-0.133934,-7.6739,-7.6739,1,1,0.079983,0.00639732
1771742623.432233,4.720000,0.010000,0.079919,0.000002,-0.099604,-5.7069,0.102141,-0.078179,2.204284,-0.175236,-0.175236,-10.0403,-10.0403,1,1,0.079919,0.00638701
1771742623.442233,4.730000,0.010000,0.079848,0.000007,-0.097319,-5.5760,0.158214,-0.055401,2.277814,-0.199694,-0.199694,-11.4416,-11.4416,1,1,0.079848,0.00637575
1771742623.452233,4.740000,0.010000,0.079773,0.000014,-0.094481,-5.4133,0.215911,-0.031979,2.342153,-0.204125,-0.204125,-11.6955,-11.6955,1,1,0.079773,0.00636372
1771742623.462233,4.750000,0.010000,0.079697,0.000025,-0.091152,-5.2226,0.273505,-0.010382,2.159699,-0.233031,-0.233031,-13.3517,-13.3517,1,1,0.079697,0.00635166
1771742623.472233,4.760000,0.010000,0.079633,0.000036,-0.087506,-5.0138,0.327010,0.005024,1.540670,-0.211279,-0.211279,-12.1054,-12.1054,1,1,0.079633,0.00634136
1771742623.482233,4.770000,0.010000,0.079586,0.000048,-0.083695,-4.7954,0.373981,0.015015,0.999021,-0.157392,-0.157392,-9.0179,-9.0179,1,1,0.079586,0.00633396
1771742623.492233,4.780000,0.010000,0.079563,0.000055,-0.079846,-4.5748,0.412570,0.020265,0.525077,-0.100371,-0.100371,-5.7508,-5.7508,1,1,0.079563,0.00633021
1771742623.502233,4.790000,0.010000,0.079563,0.000058,-0.076069,-4.3585,0.439870,0.021369,0.110377,-0.012596,-0.012596,-0.7217,-0.7217,1,1,0.079563,0.00633024
1771742623.512233,4.800000,0.010000,0.079563,0.000053,-0.072489,-4.1533,0.427616,0.018844,-0.252486,0.074896,0.074896,4.2912,4.2912,1,1,0.079563,0.00633027
1771742623.522233,4.810000,0.010000,0.079563,0.000049,-0.069003,-3.9536,0.416286,0.018448,-0.039572,0.114524,0.114524,6.5618,6.5618,1,1,0.079563,0.00633030
1771742623.532233,4.820000,0.010000,0.079563,0.000048,-0.065506,-3.7532,0.414730,0.021593,0.314440,0.089688,0.089688,5.1387,5.1387,1,1,0.079563,0.00633033
1771742623.542233,4.830000,0.010000,0.079564,0.000046,-0.062121,-3.5593,0.404092,0.020854,-0.073931,-0.016583,-0.016583,-0.9501,-0.9501,1,1,0.079564,0.00633036
1771742623.552233,4.840000,0.010000,0.079564,0.000041,-0.058933,-3.3766,0.383476,0.016716,-0.413755,0.058443,0.058443,3.3486,3.3486,1,1,0.079564,0.00633038
1771742623.562232,4.850000,0.010000,0.079564,0.000035,-0.056013,-3.2093,0.354105,0.009605,-0.711102,0.097783,0.097783,5.6026,5.6026,1,1,0.079564,0.00633039
1771742623.572232,4.860000,0.010000,0.079564,0.000028,-0.053422,-3.0609,0.317300,-0.000108,-0.971280,0.122834,0.122834,7.0379,7.0379,1,1,0.079564,0.00633041
1771742623.582232,4.870000,0.010000,0.079564,0.000021,-0.051209,-2.9340,0.274248,-0.012097,-1.198936,0.167022,0.167022,9.5696,9.5696,1,1,0.079564,0.00633041
1771742623.592233,4.880000,0.010000,0.079564,0.000014,-0.049415,-2.8313,0.225983,-0.026078,-1.398135,0.186332,0.186332,10.6760,10.6760,1,1,0.079564,0.00633042
1771742623.602233,4.890000,0.010000,0.079564,0.000009,-0.048075,-2.7545,0.173404,-0.041803,-1.572434,0.204655,0.204655,11.7259,11.7259,1,1,0.079564,0.00633042
1771742623.612233,4.900000,0.010000,0.079564,0.000005,-0.047136,-2.7007,0.124758,-0.056251,-1.444859,0.223610,0.223610,12.8119,12.8119,1,1,0.079564,0.00633043
1771742623.622233,4.910000,0.010000,0.079564,0.000003,-0.046440,-2.6608,0.091709,-0.065403,-0.915186,0.221448,0.221448,12.6881,12.6881,1,1,0.079564,0.00633043
1771742623.632233,4.920000,0.010000,0.079564,0.000002,-0.045861,-2.6276,0.073643,-0.069921,-0.451722,0.175252,0.175252,10.0412,10.0412,1,1,0.079564,0.00633043
1771742623.642233,4.930000,0.010000,0.079564,0.000002,-0.045293,-2.5951,0.068633,-0.070382,-0.046191,0.062274,0.062274,3.5680,3.5680,1,1,0.079564,0.00633043
1771742623.652233,4.940000,0.010000,0.079564,0.000003,-0.044647,-2.5581,0.074820,-0.067296,0.308649,-0.023744,-0.023744,-1.3604,-1.3604,1,1,0.079564,0.00633043
1771742623.662233,4.950000,0.010000,0.079564,0.000004,-0.043846,-2.5122,0.090558,-0.061105,0.619134,-0.074658,-0.074658,-4.2776,-4.2776,1,1,0.079564,0.00633044
1771742623.672233,4.960000,0.010000,0.079564,0.000004,-0.042921,-2.4592,0.105509,-0.055539,0.556525,-0.120397,-0.120397,-6.8983,-6.8983,1,1,0.079564,0.00633044
1771742623.682233,4.970000,0.010000,0.079564,0.000006,-0.041793,-2.3946,0.127496,-0.047179,0.836025,-0.114519,-0.114519,-6.5614,-6.5614,1,1,0.079564,0.00633045
1771742623.692233,4.980000,0.010000,0.079564,0.000009,-0.040405,-2.3150,0.156433,-0.036373,1.080588,-0.162713,-0.162713,-9.3228,-9.3228,1,1,0.079564,0.00633045
1771742623.702233,4.990000,0.010000,0.079564,0.000012,-0.038708,-2.2178,0.191354,-0.023427,1.294580,-0.212634,-0.212634,-12.1830,-12.1830,1,1,0.079564,0.00633046
1771742623.712233,5.000000,0.010000,0.079564,0.000017,-0.036662,-2.1006,0.231301,-0.008609,1.481823,-0.261736,-0.261736,-14.9964,-14.9964,1,1,0.079564,0.00633047
1771742623.722233,5.010000,0.010000,0.079564,0.000023,-0.034233,-1.9614,0.275420,0.007847,1.645661,-0.297924,-0.297924,-17.0698,-17.0698,1,1,0.079564,0.00633049
1771742623.732233,5.020000,0.010000,0.079564,0.000031,-0.031396,-1.7988,0.322893,0.025738,1.789020,-0.286034,-0.286034,-16.3886,-16.3886,1,1,0.079564,0.00633049
1771742623.742233,5.030000,0.010000,0.079564,0.000040,-0.028128,-1.6116,0.372020,0.044882,1.914458,-0.262000,-0.262000,-15.0115,-15.0115,1,1,0.079564,0.00633036
1771742623.752233,5.040000,0.010000,0.079561,0.000055,-0.024412,-1.3987,0.422464,0.065124,2.024217,-0.262770,-0.262770,-15.0556,-15.0556,1,1,0.079561,0.00632994
1771742623.762233,5.050000,0.010000,0.079561,0.000063,-0.020428,-1.1704,0.461269,0.079346,1.422124,-0.282641,-0.282641,-16.1941,-16.1941,1,1,0.079561,0.00632998
1771742623.772233,5.060000,0.010000,0.079561,0.000067,-0.016327,-0.9354,0.480554,0.088299,0.895292,-0.337275,-0.337275,-19.3245,-19.3245,1,1,0.079561,0.00633002
1771742623.782233,5.070000,0.010000,0.079562,0.000067,-0.012226,-0.7005,0.484708,0.092642,0.434315,-0.379240,-0.379240,-21.7289,-21.7289,1,1,0.079562,0.00633006
1771742623.792233,5.080000,0.010000,0.079562,0.000064,-0.008228,-0.4714,0.476127,0.092951,0.030960,-0.387557,-0.387557,-22.2054,-22.2054,1,1,0.079562,0.00633010
1771742623.802233,5.090000,0.010000,0.079562,0.000059,-0.004419,-0.2532,0.456717,0.089732,-0.321976,-0.395223,-0.395223,-22.6446,-22.6446,1,1,0.079562,0.00633013
1771742623.812232,5.100000,0.010000,0.079562,0.000052,-0.000873,-0.0500,0.428115,0.083424,-0.630795,-0.398089,-0.398089,-22.8088,-22.8088,1,1,0.079562,0.00633016
1771742623.822232,5.110000,0.010000,0.079562,0.000043,0.002348,0.1345,0.391744,0.074413,-0.901011,-0.400223,-0.400223,-22.9311,-22.9311,1,1,0.079562,0.00633018
1771742623.832232,5.120000,0.010000,0.079563,0.000034,0.005192,0.2975,0.348841,0.063039,-1.137451,-0.403202,-0.403202,-23.1018,-23.1018,1,1,0.079563,0.00633019
1771742623.842233,5.130000,0.010000,0.079563,0.000025,0.007614,0.4362,0.300485,0.049596,-1.344335,-0.404348,-0.404348,-23.1674,-23.1674,1,1,0.079563,0.00633021
1771742623.852233,5.140000,0.010000,0.079563,0.000017,0.009580,0.5489,0.247611,0.034342,-1.525359,-0.407416,-0.407416,-23.3432,-23.3432,1,1,0.079563,0.00633021
1771742623.862233,5.150000,0.010000,0.079563,0.000010,0.011059,0.6336,0.191034,0.017504,-1.683755,-0.411112,-0.411112,-23.5550,-23.5550,1,1,0.079563,0.00633022
1771742623.872233,5.160000,0.010000,0.079563,0.000005,0.012029,0.6892,0.131459,-0.000719,-1.822352,-0.412195,-0.412195,-23.6170,-23.6170,1,1,0.079563,0.00633022
1771742623.882233,5.170000,0.010000,0.079563,0.000002,0.012470,0.7145,0.069499,-0.020155,-1.943624,-0.407680,-0.407680,-23.3584,-23.3584,1,1,0.079563,0.00633022
1771742623.892233,5.180000,0.010000,0.079563,0.000000,0.012368,0.7086,0.005685,-0.040653,-2.049736,-0.404571,-0.404571,-23.1802,-23.1802,1,1,0.079563,0.00633022
1771742623.902233,5.190000,0.010000,0.079563,0.000001,0.011712,0.6711,-0.059526,-0.062079,-2.142585,-0.400990,-0.400990,-22.9750,-22.9750,1,1,0.079563,0.00633022
1771742623.912233,5.200000,0.010000,0.079563,0.000004,0.010495,0.6013,-0.125739,-0.084317,-2.223828,-0.392821,-0.392821,-22.5070,-22.5070,1,1,0.079563,0.00633022
1771742623.922233,5.210000,0.010000,0.079563,0.000010,0.008713,0.4992,-0.192616,-0.107266,-2.294915,-0.390113,-0.390113,-22.3518,-22.3518,1,1,0.079563,0.00633023
1771742623.932233,5.220000,0.010000,0.079563,0.000017,0.006362,0.3645,-0.259858,-0.130837,-2.357117,-0.385953,-0.385953,-22.1135,-22.1135,1,1,0.079563,0.00633024
1771742623.942233,5.230000,0.010000,0.079563,0.000028,0.003442,0.1972,-0.327218,-0.154953,-2.411543,-0.393107,-0.393107,-22.5234,-22.5234,1,1,0.079563,0.00633026
1771742623.952233,5.240000,0.010000,0.079563,0.000041,-0.000046,-0.0026,-0.394481,-0.179544,-2.459166,-0.409344,-0.409344,-23.4537,-23.4537,1,1,0.079563,0.00633028
1771742623.962233,5.250000,0.010000,0.079563,0.000056,-0.004097,-0.2348,-0.461462,-0.204553,-2.500836,-0.419991,-0.419991,-24.0637,-24.0637,1,1,0.079563,0.00633032
1771742623.972233,5.260000,0.010000,0.079564,0.000073,-0.008699,-0.4984,-0.526949,-0.229527,-2.497442,-0.424544,-0.424544,-24.3246,-24.3246,1,1,0.079564,0.00633036
1771742623.982233,5.270000,0.010000,0.079564,0.000090,-0.013757,-0.7882,-0.583613,-0.251763,-2.223616,-0.421591,-0.421591,-24.1554,-24.1554,1,1,0.079564,0.00633042
1771742623.992233,5.280000,0.010000,0.079564,0.000105,-0.019203,-1.1002,-0.631835,-0.271682,-1.991862,-0.392088,-0.392088,-22.4650,-22.4650,1,1,0.079564,0.00633048
1771742624.002233,5.290000,0.010000,0.079565,0.000119,-0.024966,-1.4304,-0.671741,-0.289246,-1.756418,-0.306922,-0.306922,-17.5853,-17.5853,1,1,0.079565,0.00633054
1771742624.012233,5.300000,0.010000,0.079565,0.000129,-0.030966,-1.7742,-0.702435,-0.304050,-1.480427,-0.162128,-0.162128,-9.2892,-9.2892,1,1,0.079565,0.00633061
1771742624.022233,5.310000,0.010000,0.079566,0.000137,-0.037142,-2.1281,-0.725384,-0.316615,-1.256508,0.014223,0.014223,0.8149,0.8149,1,1,0.079566,0.00633068
1771742624.032233,5.320000,0.010000,0.079566,0.000143,-0.043438,-2.4888,-0.741517,-0.327162,-1.054683,0.080180,0.080180,4.5940,4.5940,1,1,0.079566,0.00633076
1771742624.042233,5.330000,0.010000,0.079567,0.000146,-0.049790,-2.8528,-0.750237,-0.335369,-0.820735,0.120694,0.120694,6.9153,6.9153,1,1,0.079567,0.00633083
1771742624.052233,5.340000,0.010000,0.079567,0.000147,-0.056165,-3.2180,-0.754217,-0.342212,-0.684295,0.157742,0.157742,9.0380,9.0380,1,1,0.079567,0.00633091
1771742624.062232,5.350000,0.010000,0.079567,0.000146,-0.062526,-3.5825,-0.753862,-0.347680,-0.546758,0.186082,0.186082,10.6617,10.6617,1,1,0.079567,0.00633098
1771742624.072232,5.360000,0.010000,0.079568,0.000146,-0.068885,-3.9468,-0.753536,-0.353358,-0.567833,0.206349,0.206349,11.8229,11.8229,1,1,0.079568,0.00633105
1771742624.082232,5.370000,0.010000,0.079568,0.000147,-0.075279,-4.3132,-0.756742,-0.360357,-0.699818,0.218424,0.218424,12.5148,12.5148,1,1,0.079568,0.00633113
1771742624.092233,5.380000,0.010000,0.079569,0.000149,-0.081717,-4.6820,-0.761546,-0.367811,-0.745432,0.214223,0.214223,12.2741,12.2741,1,1,0.079569,0.00633120
1771742624.102233,5.390000,0.010000,0.079569,0.000150,-0.088186,-5.0527,-0.765491,-0.374902,-0.709159,0.203449,0.203449,11.6568,11.6568,1,1,0.079569,0.00633127
1771742624.112233,5.400000,0.010000,0.079570,0.000150,-0.094651,-5.4231,-0.765908,-0.380739,-0.583610,0.197458,0.197458,11.3135,11.3135,1,1,0.079570,0.00633135
1771742624.122233,5.410000,0.010000,0.079570,0.000145,-0.100993,-5.7865,-0.754632,-0.382354,-0.161593,0.203816,0.203816,11.6778,11.6778,1,1,0.079570,0.00633142
1771742624.132233,5.420000,0.010000,0.079571,0.000136,-0.107121,-6.1376,-0.732284,-0.380278,0.207672,0.238594,0.238594,13.6705,13.6705,1,1,0.079571,0.00633148
1771742624.142233,5.430000,0.010000,0.079571,0.000128,-0.112957,-6.4719,-0.700335,-0.374970,0.530779,0.275585,0.275585,15.7898,15.7898,1,1,0.079571,0.00633152
1771742624.152233,5.440000,0.010000,0.079568,0.000128,-0.118440,-6.7861,-0.663643,-0.366835,0.813498,0.313918,0.313918,17.9862,17.9862,1,1,0.079568,0.00633107
1771742624.162233,5.450000,0.010000,0.079558,0.000116,-0.123520,-7.0772,-0.626082,-0.356226,1.060876,0.308305,0.308305,17.6646,17.6646,1,1,0.079558,0.00632950
1771742624.172233,5.460000,0.010000,0.079538,0.000101,-0.128150,-7.3424,-0.587098,-0.343453,1.277333,0.273146,0.273146,15.6501,15.6501,1,1,0.079538,0.00632632
1771742624.182233,5.470000,0.010000,0.079507,0.000083,-0.132290,-7.5797,-0.545946,-0.328786,1.466732,0.264198,0.264198,15.1374,15.1374,1,1,0.079507,0.00632128
1771742624.192233,5.480000,0.010000,0.079462,0.000070,-0.135910,-7.7871,-0.502295,-0.312461,1.632456,0.258942,0.258942,14.8363,14.8363,1,1,0.079462,0.00631426
1771742624.202233,5.490000,0.010000,0.079405,-0.000002,-0.138983,-7.9632,-0.456183,-0.294686,1.777465,0.233471,0.233471,13.3769,13.3769,1,1,0.079405,0.00630519
1771742624.212233,5.500000,0.010000,0.079334,-0.000438,-0.141485,-8.1065,-0.406422,-0.275643,1.904348,0.206838,0.206838,11.8509,11.8509,1,1,0.079334,0.00629381
1771742624.222233,5.510000,0.010000,0.079245,-0.001361,-0.143400,-8.2162,-0.352916,-0.255489,2.015370,0.190380,0.190380,10.9080,10.9080,1,1,0.079245,0.00627974
1771742624.232233,5.520000,0.010000,0.079137,-0.002622,-0.144718,-8.2918,-0.297000,-0.234364,2.112515,0.162714,0.162714,9.3229,9.3229,1,1,0.079137,0.00626266
1771742624.242233,5.530000,0.010000,0.079009,-0.004096,-0.145435,-8.3328,-0.239438,-0.212389,2.197516,0.190507,0.190507,10.9152,10.9152,1,1,0.079009,0.00624237
1771742624.252233,5.540000,0.010000,0.078859,-0.005690,-0.145547,-8.3392,-0.180788,-0.189670,2.271893,0.183345,0.183345,10.5049,10.5049,1,1,0.078859,0.00621876
1771742624.262233,5.550000,0.010000,0.078688,-0.007307,-0.145053,-8.3109,-0.121587,-0.166300,2.336972,0.160701,0.160701,9.2075,9.2075,1,1,0.078688,0.00619185
1771742624.272233,5.560000,0.010000,0.078497,-0.008855,-0.143955,-8.2480,-0.062329,-0.142361,2.393916,0.150006,0.150006,8.5947,8.5947,1,1,0.078497,0.00616174
1771742624.282233,5.570000,0.010000,0.078286,-0.010241,-0.142255,-8.1506,-0.003538,-0.117924,2.443743,0.140199,0.140199,8.0328,8.0328,1,1,0.078286,0.00612866
1771742624.292233,5.580000,0.010000,0.078057,-0.011373,-0.139959,-8.0190,0.054306,-0.093050,2.487341,0.075691,0.075691,4.3368,4.3368,1,1,0.078057,0.00609289
1771742624.302233,5.590000,0.010000,0.077816,-0.010993,-0.137131,-7.8570,0.087905,-0.067795,2.525489,0.018059,0.018059,1.0347,1.0347,1,1,0.077816,0.00605536
1771742624.312232,5.600000,0.010000,0.077556,-0.008490,-0.133902,-7.6720,0.013181,-0.042207,2.558869,-0.124426,-0.124426,-7.1291,-7.1291,1,1,0.077556,0.00601496
1771742624.322232,5.610000,0.010000,0.077152,-0.016434,-0.128697,-7.3738,0.033857,-0.016326,2.588076,-0.266081,-0.266081,-15.2453,-15.2453,1,1,0.077152,0.00595239
1771742624.332232,5.620000,0.010000,0.076594,-0.036492,-0.121126,-6.9400,0.416189,0.009810,2.613632,-0.250530,-0.250530,-14.3543,-14.3543,1,1,0.076594,0.00586660
1771742624.342233,5.630000,0.010000,0.076246,-0.019731,-0.116101,-6.6521,0.303138,0.034439,2.462840,-0.235122,-0.235122,-13.4715,-13.4715,1,1,0.076246,0.00581347
1771742624.352233,5.640000,0.010000,0.075913,-0.013626,-0.110889,-6.3535,0.190944,0.053932,1.949269,-0.249082,-0.249082,-14.2713,-14.2713,1,1,0.075913,0.00576275
1771742624.362233,5.650000,0.010000,0.075457,-0.021451,-0.103685,-5.9407,0.277648,0.067529,1.359787,-0.237723,-0.237723,-13.6205,-13.6205,1,1,0.075457,0.00569369
1771742624.372233,5.660000,0.010000,0.074982,-0.030421,-0.095660,-5.4809,0.605115,0.082902,1.537215,-0.219301,-0.219301,-12.5650,-12.5650,1,1,0.074982,0.00562237
1771742624.382233,5.670000,0.010000,0.074715,-0.022936,-0.089790,-5.1446,0.598808,0.095457,1.255549,-0.244965,-0.244965,-14.0355,-14.0355,1,1,0.074715,0.00558239
1771742624.392233,5.680000,0.010000,0.074506,-0.014923,-0.083861,-4.8049,0.591808,0.103613,0.815554,-0.234618,-0.234618,-13.4426,-13.4426,1,1,0.074506,0.00555115
1771742624.402233,5.690000,0.010000,0.074363,-0.006376,-0.077932,-4.4652,0.583980,0.109412,0.579922,-0.245872,-0.245872,-14.0874,-14.0874,1,1,0.074363,0.00552979
1771742624.412233,5.700000,0.010000,0.074282,0.000105,-0.072013,-4.1260,0.585499,0.113260,0.384842,-0.262148,-0.262148,-15.0200,-15.0200,1,1,0.074282,0.00551774
1771742624.422233,5.710000,0.010000,0.074239,0.000123,-0.066130,-3.7890,0.613273,0.113137,-0.012329,-0.288582,-0.288582,-16.5345,-16.5345,1,1,0.074239,0.00551149
1771742624.432233,5.720000,0.010000,0.074230,0.000129,-0.060479,-3.4652,0.640503,0.109538,-0.359853,-0.303244,-0.303244,-17.3746,-17.3746,1,1,0.074230,0.00551008
1771742624.442233,5.730000,0.010000,0.074230,0.000111,-0.055177,-3.1614,0.630433,0.102899,-0.663938,-0.309699,-0.309699,-17.7445,-17.7445,1,1,0.074230,0.00551014
1771742624.452233,5.740000,0.010000,0.074231,0.000094,-0.050274,-2.8805,0.593683,0.093599,-0.930011,-0.284275,-0.284275,-16.2878,-16.2878,1,1,0.074231,0.00551019
1771742624.462233,5.750000,0.010000,0.074231,0.000079,-0.045799,-2.6241,0.546894,0.081971,-1.162826,-0.219842,-0.219842,-12.5960,-12.5960,1,1,0.074231,0.00551023
1771742624.472233,5.760000,0.010000,0.074231,0.000064,-0.041791,-2.3945,0.494090,0.068305,-1.366538,-0.110850,-0.110850,-6.3512,-6.3512,1,1,0.074231,0.00551026
1771742624.482233,5.770000,0.010000,0.074231,0.000050,-0.038283,-2.1935,0.436768,0.052857,-1.544787,-0.005740,-0.005740,-0.3289,-0.3289,1,1,0.074231,0.00551028
1771742624.492233,5.780000,0.010000,0.074231,0.000037,-0.035302,-2.0227,0.375843,0.035850,-1.700754,0.071834,0.071834,4.1158,4.1158,1,1,0.074231,0.00551029
1771742624.502233,5.790000,0.010000,0.074231,0.000025,-0.032870,-1.8833,0.312037,0.017478,-1.837226,0.125363,0.125363,7.1828,7.1828,1,1,0.074231,0.00551030
1771742624.512233,5.800000,0.010000,0.074231,0.000014,-0.031005,-1.7765,0.245962,-0.002089,-1.956639,0.155606,0.155606,8.9156,8.9156,1,1,0.074231,0.00551031
1771742624.522233,5.810000,0.010000,0.074231,0.000007,-0.029720,-1.7028,0.178139,-0.022700,-2.061125,0.164535,0.164535,9.4271,9.4271,1,1,0.074231,0.00551031
1771742624.532233,5.820000,0.010000,0.074231,0.000002,-0.029023,-1.6629,0.109024,-0.044226,-2.152550,0.158483,0.158483,9.0804,9.0804,1,1,0.074231,0.00551031
1771742624.542233,5.830000,0.010000,0.074231,-0.000001,-0.028922,-1.6571,0.039009,-0.066551,-2.232547,0.108825,0.108825,6.2352,6.2352,1,1,0.074231,0.00551030
1771742624.552233,5.840000,0.010000,0.074231,-0.000001,-0.029420,-1.6856,-0.031570,-0.089576,-2.302544,0.048716,0.048716,2.7912,2.7912,1,1,0.074231,0.00551030
1771742624.562232,5.850000,0.010000,0.074231,0.000000,-0.030518,-1.7486,-0.102422,-0.113214,-2.363792,-0.003560,-0.003560,-0.2040,-0.2040,1,1,0.074231,0.00551031
1771742624.572232,5.860000,0.010000,0.074231,0.000006,-0.032216,-1.8459,-0.173302,-0.137388,-2.417384,-0.132019,-0.132019,-7.5641,-7.5641,1,1,0.074231,0.00551031
1771742624.582232,5.870000,0.010000,0.074232,0.000010,-0.034331,-1.9670,-0.228510,-0.155749,-1.836090,-0.208287,-0.208287,-11.9340,-11.9340,1,1,0.074232,0.00551032
1771742624.592233,5.880000,0.010000,0.074232,0.000015,-0.036698,-2.1026,-0.265477,-0.168324,-1.257513,-0.026782,-0.026782,-1.5345,-1.5345,1,1,0.074232,0.00551033
1771742624.602233,5.890000,0.010000,0.074232,0.000019,-0.039183,-2.2450,-0.285862,-0.175837,-0.751258,0.077167,0.077167,4.4214,4.4214,1,1,0.074232,0.00551034
1771742624.612233,5.900000,0.010000,0.074232,0.000020,-0.041672,-2.3876,-0.291840,-0.178920,-0.308285,0.055505,0.055505,3.1802,3.1802,1,1,0.074232,0.00551034
1771742624.622233,5.910000,0.010000,0.074232,0.000018,-0.044067,-2.5249,-0.285460,-0.178127,0.079317,-0.021838,-0.021838,-1.2512,-1.2512,1,1,0.074232,0.00551035
1771742624.632233,5.920000,0.010000,0.074232,0.000016,-0.046284,-2.6519,-0.268532,-0.173942,0.418468,-0.083547,-0.083547,-4.7869,-4.7869,1,1,0.074232,0.00551036
1771742624.642233,5.930000,0.010000,0.074232,0.000013,-0.048252,-2.7647,-0.242645,-0.166790,0.715225,-0.142800,-0.142800,-8.1819,-8.1819,1,1,0.074232,0.00551036
1771742624.652233,5.940000,0.010000,0.074232,0.000009,-0.049913,-2.8598,-0.209172,-0.157041,0.974888,-0.171629,-0.171629,-9.8336,-9.8336,1,1,0.074232,0.00551036
1771742624.662233,5.950000,0.010000,0.074232,0.000007,-0.051215,-2.9344,-0.169320,-0.145020,1.202093,-0.190459,-0.190459,-10.9125,-10.9125,1,1,0.074232,0.00551036
1771742624.672233,5.960000,0.010000,0.074231,0.000001,-0.052119,-2.9862,-0.125288,-0.131011,1.400897,-0.215093,-0.215093,-12.3239,-12.3239,1,1,0.074231,0.00551024
1771742624.682233,5.970000,0.010000,0.074226,0.000002,-0.052596,-3.0135,-0.081944,-0.115262,1.574851,-0.242338,-0.242338,-13.8849,-13.8849,1,1,0.074226,0.00550945
1771742624.692233,5.980000,0.010000,0.074219,0.000001,-0.052701,-3.0195,-0.039462,-0.101300,1.396277,-0.240585,-0.240585,-13.7845,-13.7845,1,1,0.074219,0.00550850
1771742624.702233,5.990000,0.010000,0.074219,0.000001,-0.052582,-3.0127,-0.000935,-0.092573,0.872676,-0.199323,-0.199323,-11.4204,-11.4204,1,1,0.074219,0.00550849
1771742624.712233,6.000000,0.010000,0.074219,0.000001,-0.052385,-3.0014,0.016567,-0.088428,0.414526,-0.105376,-0.105376,-6.0376,-6.0376,1,1,0.074219,0.00550849
1771742624.722233,6.010000,0.010000,0.074219,0.000001,-0.052004,-2.9796,0.037067,-0.081310,0.711776,-0.023910,-0.023910,-1.3700,-1.3700,1,1,0.074219,0.00550850
1771742624.732233,6.020000,0.010000,0.074219,0.000002,-0.051372,-2.9434,0.064140,-0.071591,0.971870,-0.061940,-0.061940,-3.5489,-3.5489,1,1,0.074219,0.00550849
1771742624.742233,6.030000,0.010000,0.074219,0.000004,-0.050438,-2.8899,0.097544,-0.059597,1.199452,-0.085389,-0.085389,-4.8924,-4.8924,1,1,0.074219,0.00550850
1771742624.752233,6.040000,0.010000,0.074219,0.000005,-0.049358,-2.8280,0.119207,-0.052592,0.700455,-0.114939,-0.114939,-6.5855,-6.5855,1,1,0.074219,0.00550850
1771742624.762233,6.050000,0.010000,0.074219,0.000006,-0.048252,-2.7646,0.127502,-0.049954,0.263832,-0.035488,-0.035488,-2.0333,-2.0333,1,1,0.074219,0.00550850
1771742624.772233,6.060000,0.010000,0.074219,0.000006,-0.047217,-2.7054,0.123722,-0.051136,-0.118213,0.022574,0.022574,1.2934,1.2934,1,1,0.074219,0.00550851
1771742624.782233,6.070000,0.010000,0.074219,0.000004,-0.046337,-2.6549,0.109516,-0.055661,-0.452502,0.083649,0.083649,4.7928,4.7928,1,1,0.074219,0.00550851
1771742624.792233,6.080000,0.010000,0.074219,0.000003,-0.045681,-2.6174,0.086422,-0.063111,-0.745005,0.132461,0.132461,7.5895,7.5895,1,1,0.074219,0.00550851
1771742624.802233,6.090000,0.010000,0.074219,0.000002,-0.045310,-2.5960,0.055794,-0.073120,-1.000945,0.193332,0.193332,11.0771,11.0771,1,1,0.074219,0.00550852
1771742624.812232,6.100000,0.010000,0.074219,0.000000,-0.045271,-2.5939,0.018824,-0.085369,-1.224893,0.227406,0.227406,13.0294,13.0294,1,1,0.074219,0.00550852
1771742624.822232,6.110000,0.010000,0.074219,-0.000002,-0.045608,-2.6132,-0.023459,-0.099578,-1.420847,0.229517,0.229517,13.1503,13.1503,1,1,0.074219,0.00550851
1771742624.832232,6.120000,0.010000,0.074219,-0.000000,-0.046255,-2.6502,-0.061649,-0.112046,-1.246817,0.212682,0.212682,12.1858,12.1858,1,1,0.074219,0.00550851
1771742624.842233,6.130000,0.010000,0.074219,0.000002,-0.047061,-2.6964,-0.085907,-0.119465,-0.741899,0.193403,0.193403,11.0812,11.0812,1,1,0.074219,0.00550852
1771742624.852233,6.140000,0.010000,0.074219,0.000002,-0.047909,-2.7450,-0.096207,-0.122466,-0.300095,0.141027,0.141027,8.0803,8.0803,1,1,0.074219,0.00550852
1771742624.862233,6.150000,0.010000,0.074219,0.000002,-0.048699,-2.7903,-0.094175,-0.121601,0.086482,0.074886,0.074886,4.2907,4.2907,1,1,0.074219,0.00550852
1771742624.872233,6.160000,0.010000,0.074219,0.000001,-0.049348,-2.8274,-0.081539,-0.117354,0.424738,-0.000985,-0.000985,-0.0564,-0.0564,1,1,0.074219,0.00550852
1771742624.882233,6.170000,0.010000,0.074219,0.000002,-0.049983,-2.8638,-0.076887,-0.117052,0.030178,-0.071345,-0.071345,-4.0878,-4.0878,1,1,0.074219,0.00550852
1771742624.892233,6.180000,0.010000,0.074219,0.000002,-0.050498,-2.8933,-0.065306,-0.113297,0.375472,0.027291,0.027291,1.5637,1.5637,1,1,0.074219,0.00550852
1771742624.902233,6.190000,0.010000,0.074219,0.000001,-0.050814,-2.9115,-0.045205,-0.106521,0.677604,-0.046419,-0.046419,-2.6596,-2.6596,1,1,0.074219,0.00550852
1771742624.912233,6.200000,0.010000,0.074219,0.000001,-0.050870,-2.9147,-0.017376,-0.097101,0.941969,-0.114306,-0.114306,-6.5493,-6.5493,1,1,0.074219,0.00550852
1771742624.922233,6.210000,0.010000,0.074219,0.000001,-0.050613,-2.8999,0.017066,-0.085369,1.173289,-0.131272,-0.131272,-7.5213,-7.5213,1,1,0.074219,0.00550852
1771742624.932233,6.220000,0.010000,0.074219,0.000002,-0.049999,-2.8648,0.056904,-0.071612,1.375694,-0.146847,-0.146847,-8.4137,-8.4137,1,1,0.074219,0.00550850
1771742624.942233,6.230000,0.010000,0.074216,0.000001,-0.048997,-2.8073,0.097645,-0.056084,1.552798,-0.165494,-0.165494,-9.4821,-9.4821,1,1,0.074216,0.00550807
1771742624.952233,6.240000,0.010000,0.074208,0.000007,-0.047577,-2.7260,0.138380,-0.039006,1.707764,-0.203237,-0.203237,-11.6446,-11.6446,1,1,0.074208,0.00550685
1771742624.962233,6.250000,0.010000,0.074193,0.000011,-0.045714,-2.6192,0.179346,-0.020572,1.843359,-0.257133,-0.257133,-14.7326,-14.7326,1,1,0.074193,0.00550463
1771742624.972233,6.260000,0.010000,0.074170,0.000016,-0.043387,-2.4859,0.220755,-0.000952,1.962005,-0.279200,-0.279200,-15.9970,-15.9970,1,1,0.074170,0.00550124
1771742624.982233,6.270000,0.010000,0.074144,0.000022,-0.040656,-2.3294,0.262449,0.016795,1.774742,-0.269314,-0.269314,-15.4306,-15.4306,1,1,0.074144,0.00549733
1771742624.992233,6.280000,0.010000,0.074125,0.000029,-0.037677,-2.1587,0.303878,0.028833,1.203834,-0.259603,-0.259603,-14.8742,-14.8742,1,1,0.074125,0.00549450
1771742625.002233,6.290000,0.010000,0.074122,0.000034,-0.034587,-1.9817,0.344548,0.035876,0.704289,-0.260908,-0.260908,-14.9489,-14.9489,1,1,0.074122,0.00549410
1771742625.012233,6.300000,0.010000,0.074122,0.000035,-0.031536,-1.8069,0.356064,0.038548,0.267187,-0.215568,-0.215568,-12.3511,-12.3511,1,1,0.074122,0.00549412
1771742625.022233,6.310000,0.010000,0.074122,0.000033,-0.028610,-1.6392,0.348650,0.037395,-0.115278,-0.202790,-0.202790,-11.6190,-11.6190,1,1,0.074122,0.00549414
1771742625.032233,6.320000,0.010000,0.074123,0.000030,-0.025883,-1.4830,0.329575,0.032896,-0.449934,-0.176579,-0.176579,-10.1172,-10.1172,1,1,0.074123,0.00549415
1771742625.042233,6.330000,0.010000,0.074123,0.000025,-0.023425,-1.3422,0.301462,0.025469,-0.742758,-0.153200,-0.153200,-8.7777,-8.7777,1,1,0.074123,0.00549417
1771742625.052233,6.340000,0.010000,0.074123,0.000019,-0.021292,-1.2200,0.265875,0.015479,-0.998979,-0.132982,-0.132982,-7.6193,-7.6193,1,1,0.074123,0.00549418
1771742625.062232,6.350000,0.010000,0.074123,0.000014,-0.019534,-1.1192,0.224040,0.003247,-1.223172,-0.102897,-0.102897,-5.8955,-5.8955,1,1,0.074123,0.00549418
1771742625.072232,6.360000,0.010000,0.074123,0.000009,-0.018191,-1.0423,0.176994,-0.010946,-1.419342,-0.078807,-0.078807,-4.5153,-4.5153,1,1,0.074123,0.00549418
1771742625.082232,6.370000,0.010000,0.074123,0.000005,-0.017297,-0.9910,0.125636,-0.026856,-1.590990,-0.055283,-0.055283,-3.1675,-3.1675,1,1,0.074123,0.00549418
1771742625.092233,6.380000,0.010000,0.074123,0.000002,-0.016879,-0.9671,0.070746,-0.044268,-1.741182,-0.047360,-0.047360,-2.7135,-2.7135,1,1,0.074123,0.00549419
1771742625.102233,6.390000,0.010000,0.074123,0.000001,-0.016959,-0.9717,0.012999,-0.062994,-1.872600,-0.063031,-0.063031,-3.6114,-3.6114,1,1,0.074123,0.00549419
1771742625.112233,6.400000,0.010000,0.074123,-0.000001,-0.017554,-1.0058,-0.047016,-0.082870,-1.987591,-0.104317,-0.104317,-5.9769,-5.9769,1,1,0.074123,0.00549419
1771742625.122233,6.410000,0.010000,0.074123,0.000001,-0.018678,-1.0702,-0.108797,-0.103752,-2.088208,-0.134990,-0.134990,-7.7343,-7.7343,1,1,0.074123,0.00549419
1771742625.132233,6.420000,0.010000,0.074123,0.000005,-0.020280,-1.1619,-0.166693,-0.123397,-1.964442,-0.176043,-0.176043,-10.0865,-10.0865,1,1,0.074123,0.00549419
1771742625.142233,6.430000,0.010000,0.074123,0.000011,-0.022177,-1.2707,-0.208133,-0.137095,-1.369821,-0.184525,-0.184525,-10.5725,-10.5725,1,1,0.074123,0.00549420
1771742625.152233,6.440000,0.010000,0.074123,0.000012,-0.024230,-1.3883,-0.232883,-0.145590,-0.849528,-0.109019,-0.109019,-6.2463,-6.2463,1,1,0.074123,0.00549421
1771742625.162233,6.450000,0.010000,0.074123,0.000013,-0.026317,-1.5079,-0.242824,-0.149533,-0.394271,-0.116072,-0.116072,-6.6505,-6.6505,1,1,0.074123,0.00549421
1771742625.172233,6.460000,0.010000,0.074123,0.000013,-0.028353,-1.6245,-0.241216,-0.149991,-0.045845,-0.159104,-0.159104,-9.1160,-9.1160,1,1,0.074123,0.00549422
1771742625.182233,6.470000,0.010000,0.074123,0.000012,-0.030276,-1.7347,-0.231107,-0.147865,0.212619,-0.196680,-0.196680,-11.2689,-11.2689,1,1,0.074123,0.00549422
1771742625.192233,6.480000,0.010000,0.074123,0.000010,-0.032003,-1.8336,-0.211657,-0.142514,0.535108,-0.224935,-0.224935,-12.8878,-12.8878,1,1,0.074123,0.00549422
1771742625.202233,6.490000,0.010000,0.074123,0.000008,-0.033473,-1.9179,-0.184392,-0.134551,0.796337,-0.254056,-0.254056,-14.5563,-14.5563,1,1,0.074123,0.00549423
1771742625.212233,6.500000,0.010000,0.074123,0.000005,-0.034646,-1.9850,-0.151387,-0.124642,0.990841,-0.269135,-0.269135,-15.4203,-15.4203,1,1,0.074123,0.00549423
1771742625.222233,6.510000,0.010000,0.074123,0.000003,-0.035541,-2.0363,-0.118538,-0.114982,0.966025,-0.277058,-0.277058,-15.8743,-15.8743,1,1,0.074123,0.00549423
1771742625.232233,6.520000,0.010000,0.074123,0.000002,-0.036257,-2.0774,-0.094131,-0.108488,0.649385,-0.259497,-0.259497,-14.8681,-14.8681,1,1,0.074123,0.00549422
1771742625.242233,6.530000,0.010000,0.074123,0.000002,-0.036915,-2.1151,-0.082359,-0.106297,0.219146,-0.211969,-0.211969,-12.1449,-12.1449,1,1,0.074123,0.00549422
1771742625.252233,6.540000,0.010000,0.074123,0.000002,-0.037613,-2.1551,-0.082453,-0.107870,-0.157313,-0.133811,-0.133811,-7.6668,-7.6668,1,1,0.074123,0.00549423
1771742625.262233,6.550000,0.010000,0.074123,0.000002,-0.038433,-2.2021,-0.092883,-0.112737,-0.486715,-0.041351,-0.041351,-2.3692,-2.3692,1,1,0.074123,0.00549423
1771742625.272233,6.560000,0.010000,0.074123,0.000003,-0.039446,-2.2601,-0.112153,-0.120486,-0.774941,0.042921,0.042921,2.4592,2.4592,1,1,0.074123,0.00549423
1771742625.282233,6.570000,0.010000,0.074123,0.000003,-0.040508,-2.3209,-0.121748,-0.123776,-0.329008,0.093230,0.093230,5.3417,5.3417,1,1,0.074123,0.00549423
1771742625.292233,6.580000,0.010000,0.074123,0.000004,-0.041514,-2.3786,-0.119740,-0.123165,0.061184,0.013323,0.013323,0.7634,0.7634,1,1,0.074123,0.00549423
1771742625.302233,6.590000,0.010000,0.074123,0.000004,-0.042582,-2.4398,-0.124365,-0.126120,-0.295530,-0.063044,-0.063044,-3.6121,-3.6121,1,1,0.074123,0.00549423
1771742625.312232,6.600000,0.010000,0.074123,0.000004,-0.043793,-2.5091,-0.137829,-0.132196,-0.607654,0.021267,0.021267,1.2185,1.2185,1,1,0.074123,0.00549424
1771742625.322232,6.610000,0.010000,0.074123,0.000006,-0.045213,-2.5905,-0.159424,-0.141004,-0.880763,0.086414,0.086414,4.9512,4.9512,1,1,0.074123,0.00549424
1771742625.332232,6.620000,0.010000,0.074123,0.000008,-0.046898,-2.6871,-0.188017,-0.152201,-1.119734,0.146942,0.146942,8.4192,8.4192,1,1,0.074123,0.00549424
1771742625.342233,6.630000,0.010000,0.074123,0.000009,-0.048895,-2.8015,-0.222528,-0.165490,-1.328833,0.174889,0.174889,10.0204,10.0204,1,1,0.074123,0.00549425
1771742625.352233,6.640000,0.010000,0.074123,0.000014,-0.051208,-2.9340,-0.259122,-0.179436,-1.394610,0.151883,0.151883,8.7023,8.7023,1,1,0.074123,0.00549426
1771742625.362233,6.650000,0.010000,0.074123,0.000018,-0.053713,-3.0775,-0.285726,-0.189443,-1.000761,0.163392,0.163392,9.3617,9.3617,1,1,0.074123,0.00549427
1771742625.372233,6.660000,0.010000,0.074123,0.000021,-0.056279,-3.2245,-0.298278,-0.194709,-0.526600,0.194947,0.194947,11.1697,11.1697,1,1,0.074123,0.00549428
1771742625.382233,6.670000,0.010000,0.074123,0.000020,-0.058796,-3.3688,-0.297738,-0.195826,-0.111709,0.137227,0.137227,7.8625,7.8625,1,1,0.074123,0.00549429
1771742625.392233,6.680000,0.010000,0.074123,0.000018,-0.061176,-3.5051,-0.285813,-0.193313,0.251321,0.066528,0.066528,3.8118,3.8118,1,1,0.074123,0.00549429
1771742625.402233,6.690000,0.010000,0.074124,0.000016,-0.063340,-3.6291,-0.264160,-0.187624,0.568971,-0.000887,-0.000887,-0.0508,-0.0508,1,1,0.074124,0.00549430
1771742625.412233,6.700000,0.010000,0.074124,0.000012,-0.065223,-3.7370,-0.234244,-0.179154,0.846916,-0.049921,-0.049921,-2.8602,-2.8602,1,1,0.074124,0.00549430
1771742625.422233,6.710000,0.010000,0.074124,0.000009,-0.066772,-3.8258,-0.197361,-0.168253,1.090117,-0.068793,-0.068793,-3.9415,-3.9415,1,1,0.074124,0.00549430
1771742625.432233,6.720000,0.010000,0.074121,0.000003,-0.067944,-3.8929,-0.157891,-0.155224,1.302918,-0.072794,-0.072794,-4.1708,-4.1708,1,1,0.074121,0.00549395
1771742625.442233,6.730000,0.010000,0.074113,0.000004,-0.068705,-3.9365,-0.119157,-0.140333,1.489119,-0.098562,-0.098562,-5.6472,-5.6472,1,1,0.074113,0.00549268
1771742625.452233,6.740000,0.010000,0.074096,0.000002,-0.069021,-3.9546,-0.080909,-0.123812,1.652045,-0.127600,-0.127600,-7.3109,-7.3109,1,1,0.074096,0.00549015
1771742625.462233,6.750000,0.010000,0.074068,0.000001,-0.068867,-3.9458,-0.042888,-0.105866,1.794606,-0.156823,-0.156823,-8.9853,-8.9853,1,1,0.074068,0.00548605
1771742625.472233,6.760000,0.010000,0.074028,0.000001,-0.068222,-3.9088,-0.005101,-0.086673,1.919346,-0.199184,-0.199184,-11.4124,-11.4124,1,1,0.074028,0.00548018
1771742625.482233,6.770000,0.010000,0.073975,0.000001,-0.067069,-3.8428,0.032176,-0.066388,2.028493,-0.251199,-0.251199,-14.3927,-14.3927,1,1,0.073975,0.00547236
1771742625.492233,6.780000,0.010000,0.073908,0.000003,-0.065396,-3.7469,0.068989,-0.045148,2.123997,-0.254342,-0.254342,-14.5728,-14.5728,1,1,0.073908,0.00546244
1771742625.502233,6.790000,0.010000,0.073826,0.000005,-0.063195,-3.6208,0.105328,-0.023072,2.207564,-0.243407,-0.243407,-13.9462,-13.9462,1,1,0.073826,0.00545031
1771742625.512233,6.800000,0.010000,0.073733,0.000009,-0.060529,-3.4680,0.141167,-0.003035,2.003738,-0.242913,-0.242913,-13.9179,-13.9179,1,1,0.073733,0.00543661
1771742625.522233,6.810000,0.010000,0.073641,0.000012,-0.057564,-3.2982,0.176628,0.011007,1.404205,-0.233319,-0.233319,-13.3682,-13.3682,1,1,0.073641,0.00542299
1771742625.532233,6.820000,0.010000,0.073559,0.000017,-0.054442,-3.1193,0.212006,0.019803,0.879613,-0.213589,-0.213589,-12.2377,-12.2377,1,1,0.073559,0.00541086
1771742625.542233,6.830000,0.010000,0.073494,0.000022,-0.051284,-2.9383,0.247750,0.024009,0.420596,-0.102734,-0.102734,-5.8862,-5.8862,1,1,0.073494,0.00540144
1771742625.552233,6.840000,0.010000,0.073456,0.000028,-0.048193,-2.7612,0.284347,0.024199,0.018955,-0.022766,-0.022766,-1.3044,-1.3044,1,1,0.073456,0.00539582
1771742625.562232,6.850000,0.010000,0.073450,0.000034,-0.045258,-2.5931,0.321024,0.020874,-0.332480,0.053139,0.053139,3.0446,3.0446,1,1,0.073450,0.00539492
1771742625.572232,6.860000,0.010000,0.073450,0.000029,-0.042612,-2.4415,0.315057,0.014474,-0.639986,0.106528,0.106528,6.1036,6.1036,1,1,0.073450,0.00539494
1771742625.582232,6.870000,0.010000,0.073450,0.000023,-0.040292,-2.3085,0.285874,0.005384,-0.909053,0.137247,0.137247,7.8637,7.8637,1,1,0.073450,0.00539495
1771742625.592233,6.880000,0.010000,0.073450,0.000017,-0.038335,-2.1964,0.246937,-0.006061,-1.144488,0.169279,0.169279,9.6990,9.6990,1,1,0.073450,0.00539496
1771742625.602233,6.890000,0.010000,0.073450,0.000012,-0.036781,-2.1074,0.201794,-0.019566,-1.350493,0.182504,0.182504,10.4567,10.4567,1,1,0.073450,0.00539496
1771742625.612233,6.900000,0.010000,0.073450,0.000005,-0.035667,-2.0435,0.151897,-0.034874,-1.530747,0.205972,0.205972,11.8013,11.8013,1,1,0.073450,0.00539496
1771742625.622233,6.910000,0.010000,0.073450,0.000001,-0.035020,-2.0065,0.098158,-0.051758,-1.688469,0.215865,0.215865,12.3681,12.3681,1,1,0.073450,0.00539496
1771742625.632233,6.920000,0.010000,0.073450,-0.000001,-0.034865,-1.9976,0.041312,-0.070023,-1.826476,0.207929,0.207929,11.9134,11.9134,1,1,0.073450,0.00539496
1771742625.642233,6.930000,0.010000,0.073450,-0.000001,-0.035222,-2.0180,-0.018017,-0.089496,-1.947233,0.181699,0.181699,10.4106,10.4106,1,1,0.073450,0.00539496
1771742625.652233,6.940000,0.010000,0.073450,-0.000001,-0.036029,-2.0643,-0.073087,-0.107473,-1.797790,0.134076,0.134076,7.6820,7.6820,1,1,0.073450,0.00539496
1771742625.662233,6.950000,0.010000,0.073450,0.000002,-0.037145,-2.1282,-0.114824,-0.120738,-1.326442,0.133448,0.133448,7.6460,7.6460,1,1,0.073450,0.00539496
1771742625.672233,6.960000,0.010000,0.073450,0.000005,-0.038424,-2.2015,-0.140633,-0.128854,-0.811571,0.156240,0.156240,8.9519,8.9519,1,1,0.073450,0.00539497
1771742625.682233,6.970000,0.010000,0.073450,0.000005,-0.039748,-2.2774,-0.151861,-0.132464,-0.361058,0.093547,0.093547,5.3598,5.3598,1,1,0.073450,0.00539497
1771742625.692233,6.980000,0.010000,0.073450,0.000005,-0.041016,-2.3501,-0.150421,-0.132133,0.033140,0.004213,0.004213,0.2414,0.2414,1,1,0.073450,0.00539497
1771742625.702233,6.990000,0.010000,0.073450,0.000004,-0.042143,-2.4146,-0.138122,-0.128352,0.378063,-0.064276,-0.064276,-3.6828,-3.6828,1,1,0.073450,0.00539497
1771742625.712233,7.000000,0.010000,0.073450,0.000003,-0.043056,-2.4669,-0.116581,-0.121553,0.679871,-0.121050,-0.121050,-6.9357,-6.9357,1,1,0.073450,0.00539497
1771742625.722233,7.010000,0.010000,0.073450,0.000002,-0.043694,-2.5035,-0.087199,-0.112114,0.943953,-0.174557,-0.174557,-10.0014,-10.0014,1,1,0.073450,0.00539497
1771742625.732233,7.020000,0.010000,0.073450,0.000001,-0.044004,-2.5212,-0.051201,-0.100364,1.175025,-0.203135,-0.203135,-11.6388,-11.6388,1,1,0.073450,0.00539497
1771742625.742233,7.030000,0.010000,0.073450,0.000001,-0.043943,-2.5177,-0.009736,-0.086591,1.377213,-0.204985,-0.204985,-11.7448,-11.7448,1,1,0.073450,0.00539496
1771742625.752233,7.040000,0.010000,0.073448,-0.000002,-0.043480,-2.4912,0.033155,-0.071050,1.554127,-0.210849,-0.210849,-12.0808,-12.0808,1,1,0.073448,0.00539462
1771742625.762233,7.050000,0.010000,0.073441,0.000003,-0.042586,-2.4400,0.075513,-0.053961,1.708927,-0.234231,-0.234231,-13.4204,-13.4204,1,1,0.073441,0.00539352
1771742625.772233,7.060000,0.010000,0.073426,0.000005,-0.041238,-2.3628,0.117518,-0.035517,1.844377,-0.271916,-0.271916,-15.5796,-15.5796,1,1,0.073426,0.00539141
1771742625.782233,7.070000,0.010000,0.073403,0.000009,-0.039414,-2.2583,0.159338,-0.015888,1.962896,-0.302466,-0.302466,-17.3300,-17.3300,1,1,0.073403,0.00538807
1771742625.792233,7.080000,0.010000,0.073375,0.000014,-0.037151,-2.1286,0.201067,0.002779,1.866706,-0.310236,-0.310236,-17.7752,-17.7752,1,1,0.073375,0.00538387
1771742625.802233,7.090000,0.010000,0.073340,0.000020,-0.034446,-1.9736,0.242627,0.021961,1.918262,-0.299832,-0.299832,-17.1791,-17.1791,1,1,0.073340,0.00537878
1771742625.812232,7.100000,0.010000,0.073311,0.000026,-0.031461,-1.8026,0.284453,0.035256,1.329413,-0.295997,-0.295997,-16.9594,-16.9594,1,1,0.073311,0.00537444
1771742625.822232,7.110000,0.010000,0.073296,0.000032,-0.028334,-1.6234,0.326430,0.043397,0.814171,-0.316489,-0.316489,-18.1335,-18.1335,1,1,0.073296,0.00537227
1771742625.832232,7.120000,0.010000,0.073296,0.000036,-0.025200,-1.4438,0.357498,0.047031,0.363333,-0.284743,-0.284743,-16.3146,-16.3146,1,1,0.073296,0.00537229
1771742625.842233,7.130000,0.010000,0.073296,0.000035,-0.022188,-1.2713,0.356248,0.046719,-0.031149,-0.273698,-0.273698,-15.6818,-15.6818,1,1,0.073296,0.00537231
1771742625.852233,7.140000,0.010000,0.073296,0.000031,-0.019363,-1.1094,0.340212,0.042956,-0.376321,-0.262676,-0.262676,-15.0502,-15.0502,1,1,0.073296,0.00537233
1771742625.862233,7.150000,0.010000,0.073296,0.000027,-0.016793,-0.9622,0.314206,0.036172,-0.678347,-0.258279,-0.258279,-14.7983,-14.7983,1,1,0.073296,0.00537234
1771742625.872233,7.160000,0.010000,0.073296,0.000021,-0.014537,-0.8329,0.280292,0.026746,-0.942619,-0.228365,-0.228365,-13.0844,-13.0844,1,1,0.073296,0.00537235
1771742625.882233,7.170000,0.010000,0.073296,0.000016,-0.012647,-0.7246,0.239828,0.015008,-1.173858,-0.208748,-0.208748,-11.9604,-11.9604,1,1,0.073296,0.00537236
1771742625.892233,7.180000,0.010000,0.073296,0.000011,-0.011164,-0.6397,0.193910,0.001246,-1.376191,-0.202384,-0.202384,-11.5958,-11.5958,1,1,0.073296,0.00537236
1771742625.902233,7.190000,0.010000,0.073296,0.000007,-0.010124,-0.5801,0.143471,-0.014287,-1.553233,-0.177114,-0.177114,-10.1479,-10.1479,1,1,0.073296,0.00537237
1771742625.912233,7.200000,0.010000,0.073296,0.000003,-0.009556,-0.5475,0.089320,-0.031368,-1.708145,-0.138729,-0.138729,-7.9486,-7.9486,1,1,0.073296,0.00537237
1771742625.922233,7.210000,0.010000,0.073296,0.000001,-0.009481,-0.5432,0.032157,-0.049805,-1.843693,-0.148415,-0.148415,-8.5036,-8.5036,1,1,0.073296,0.00537237
1771742625.932233,7.220000,0.010000,0.073296,0.000001,-0.009920,-0.5684,-0.027413,-0.069428,-1.962297,-0.165212,-0.165212,-9.4659,-9.4659,1,1,0.073296,0.00537237
1771742625.942233,7.230000,0.010000,0.073296,-0.000000,-0.010885,-0.6237,-0.088861,-0.090089,-2.066076,-0.202354,-0.202354,-11.5940,-11.5940,1,1,0.073296,0.00537237
1771742625.952233,7.240000,0.010000,0.073296,0.000003,-0.012387,-0.7097,-0.151737,-0.111657,-2.156882,-0.226223,-0.226223,-12.9616,-12.9616,1,1,0.073296,0.00537237
1771742625.962233,7.250000,0.010000,0.073296,0.000009,-0.014414,-0.8258,-0.213885,-0.133293,-2.163570,-0.267117,-0.267117,-15.3047,-15.3047,1,1,0.073296,0.00537238
1771742625.972233,7.260000,0.010000,0.073297,0.000015,-0.016832,-0.9644,-0.264815,-0.150844,-1.755064,-0.296671,-0.296671,-16.9980,-16.9980,1,1,0.073297,0.00537238
1771742625.982233,7.270000,0.010000,0.073297,0.000021,-0.019540,-1.1196,-0.303900,-0.164823,-1.397904,-0.236587,-0.236587,-13.5554,-13.5554,1,1,0.073297,0.00537240
1771742625.992233,7.280000,0.010000,0.073297,0.000026,-0.022476,-1.2878,-0.334324,-0.176505,-1.168200,-0.172448,-0.172448,-9.8805,-9.8805,1,1,0.073297,0.00537241
1771742626.002233,7.290000,0.010000,0.073297,0.000028,-0.025499,-1.4610,-0.350447,-0.183236,-0.673109,-0.113741,-0.113741,-6.5169,-6.5169,1,1,0.073297,0.00537242
1771742626.012233,7.300000,0.010000,0.073297,0.000029,-0.028518,-1.6340,-0.354833,-0.186425,-0.318899,-0.106133,-0.106133,-6.0810,-6.0810,1,1,0.073297,0.00537244
1771742626.022233,7.310000,0.010000,0.073297,0.000029,-0.031512,-1.8055,-0.353908,-0.188420,-0.199494,-0.134200,-0.134200,-7.6891,-7.6891,1,1,0.073297,0.00537245
1771742626.032233,7.320000,0.010000,0.073297,0.000027,-0.034386,-1.9702,-0.343677,-0.187007,0.141329,-0.125572,-0.125572,-7.1947,-7.1947,1,1,0.073297,0.00537246
1771742626.042233,7.330000,0.010000,0.073297,0.000024,-0.037058,-2.1233,-0.323748,-0.182279,0.472729,-0.169537,-0.169537,-9.7138,-9.7138,1,1,0.073297,0.00537247
1771742626.052233,7.340000,0.010000,0.073297,0.000021,-0.039557,-2.2664,-0.303464,-0.178046,0.423301,-0.203605,-0.203605,-11.6657,-11.6657,1,1,0.073297,0.00537248
1771742626.062232,7.350000,0.010000,0.073297,0.000019,-0.041964,-2.4044,-0.289864,-0.176442,0.160432,-0.186412,-0.186412,-10.6806,-10.6806,1,1,0.073297,0.00537248
1771742626.072232,7.360000,0.010000,0.073297,0.000018,-0.044381,-2.5429,-0.286803,-0.178529,-0.208688,-0.117546,-0.117546,-6.7349,-6.7349,1,1,0.073297,0.00537249
1771742626.082232,7.370000,0.010000,0.073297,0.000019,-0.046892,-2.6867,-0.293730,-0.183846,-0.531668,-0.009523,-0.009523,-0.5456,-0.5456,1,1,0.073297,0.00537250
1771742626.092233,7.380000,0.010000,0.073297,0.000022,-0.049566,-2.8399,-0.309370,-0.191988,-0.814275,0.075658,0.075658,4.3349,4.3349,1,1,0.073297,0.00537251
1771742626.102233,7.390000,0.010000,0.073297,0.000025,-0.052460,-3.0057,-0.332450,-0.202604,-1.061557,0.161348,0.161348,9.2446,9.2446,1,1,0.073297,0.00537252
1771742626.112233,7.400000,0.010000,0.073298,0.000027,-0.055423,-3.1755,-0.344894,-0.208402,-0.579796,0.225779,0.225779,12.9362,12.9362,1,1,0.073298,0.00537254
1771742626.122233,7.410000,0.010000,0.073298,0.000027,-0.058342,-3.3427,-0.344764,-0.209984,-0.158256,0.189019,0.189019,10.8300,10.8300,1,1,0.073298,0.00537255
1771742626.132233,7.420000,0.010000,0.073298,0.000025,-0.061122,-3.5021,-0.333190,-0.207878,0.210592,0.111367,0.111367,6.3808,6.3808,1,1,0.073298,0.00537256
1771742626.142233,7.430000,0.010000,0.073298,0.000022,-0.063687,-3.6490,-0.311728,-0.202545,0.533334,0.029785,0.029785,1.7066,1.7066,1,1,0.073298,0.00537257
1771742626.152233,7.440000,0.010000,0.073298,0.000017,-0.065970,-3.7798,-0.281853,-0.194388,0.815733,-0.035764,-0.035764,-2.0491,-2.0491,1,1,0.073298,0.00537257
1771742626.162233,7.450000,0.010000,0.073298,0.000013,-0.067974,-3.8946,-0.249780,-0.185786,0.860199,-0.079733,-0.079733,-4.5684,-4.5684,1,1,0.073298,0.00537257
1771742626.172233,7.460000,0.010000,0.073298,0.000011,-0.069840,-4.0015,-0.228948,-0.181750,0.403609,-0.069249,-0.069249,-3.9677,-3.9677,1,1,0.073298,0.00537258
1771742626.182233,7.470000,0.010000,0.073298,0.000010,-0.071677,-4.1068,-0.220428,-0.181709,0.004092,0.043285,0.043285,2.4800,2.4800,1,1,0.073298,0.00537258
1771742626.192233,7.480000,0.010000,0.073298,0.000011,-0.073490,-4.2107,-0.216046,-0.182297,-0.058790,0.114669,0.114669,6.5701,6.5701,1,1,0.073298,0.00537258
1771742626.202233,7.490000,0.010000,0.073298,0.000010,-0.075175,-4.3072,-0.203926,-0.179320,0.297625,0.129243,0.129243,7.4051,7.4051,1,1,0.073298,0.00537258
1771742626.212233,7.500000,0.010000,0.073298,0.000008,-0.076651,-4.3918,-0.182925,-0.173226,0.609487,0.073463,0.073463,4.2091,4.2091,1,1,0.073298,0.00537259
1771742626.222233,7.510000,0.010000,0.073298,0.000006,-0.077853,-4.4607,-0.153931,-0.164402,0.882367,0.040968,0.040968,2.3473,2.3473,1,1,0.073298,0.00537259
1771742626.232233,7.520000,0.010000,0.073297,0.000000,-0.078731,-4.5110,-0.119714,-0.153191,1.121137,0.043033,0.043033,2.4656,2.4656,1,1,0.073297,0.00537242
1771742626.242233,7.530000,0.010000,0.073290,0.000002,-0.079246,-4.5405,-0.086351,-0.139890,1.330061,0.031057,0.031057,1.7794,1.7794,1,1,0.073290,0.00537141
1771742626.252233,7.540000,0.010000,0.073274,0.000001,-0.079359,-4.5469,-0.053757,-0.124761,1.512869,-0.003492,-0.003492,-0.2001,-0.2001,1,1,0.073274,0.00536910
1771742626.262233,7.550000,0.010000,0.073247,0.000001,-0.079038,-4.5285,-0.021801,-0.108033,1.672826,-0.049194,-0.049194,-2.8186,-2.8186,1,1,0.073247,0.00536515
1771742626.272233,7.560000,0.010000,0.073208,0.000001,-0.078281,-4.4852,0.009551,-0.090806,1.722729,-0.136102,-0.136102,-7.7981,-7.7981,1,1,0.073208,0.00535948
1771742626.282233,7.570000,0.010000,0.073168,0.000002,-0.077243,-4.4257,0.040412,-0.079222,1.158322,-0.165140,-0.165140,-9.4618,-9.4618,1,1,0.073168,0.00535362
1771742626.292233,7.580000,0.010000,0.073136,0.000003,-0.076058,-4.3578,0.071134,-0.072578,0.664466,0.006273,0.006273,0.3594,0.3594,1,1,0.073136,0.00534888
1771742626.302233,7.590000,0.010000,0.073119,0.000005,-0.074840,-4.2880,0.101755,-0.070254,0.232342,0.100964,0.100964,5.7848,5.7848,1,1,0.073119,0.00534641
1771742626.312232,7.600000,0.010000,0.073112,0.000006,-0.073507,-4.2116,0.132316,-0.064731,0.552365,0.156276,0.156276,8.9540,8.9540,1,1,0.073112,0.00534536
1771742626.322232,7.610000,0.010000,0.073110,0.000006,-0.071990,-4.1247,0.162862,-0.056407,0.832385,0.140065,0.140065,8.0251,8.0251,1,1,0.073110,0.00534507
1771742626.332232,7.620000,0.010000,0.073109,0.000008,-0.070229,-4.0238,0.193342,-0.045633,1.077403,0.114614,0.114614,6.5669,6.5669,1,1,0.073109,0.00534492
1771742626.342233,7.630000,0.010000,0.073106,0.000014,-0.068176,-3.9062,0.223895,-0.032715,1.291793,0.092463,0.092463,5.2977,5.2977,1,1,0.073106,0.00534442
1771742626.352233,7.640000,0.010000,0.073106,0.000018,-0.065934,-3.7778,0.252767,-0.023505,0.921039,0.012184,0.012184,0.6981,0.6981,1,1,0.073106,0.00534443
1771742626.362233,7.650000,0.010000,0.073106,0.000021,-0.063540,-3.6406,0.273991,-0.015187,0.831713,0.086352,0.086352,4.9476,4.9476,1,1,0.073106,0.00534445
1771742626.372233,7.660000,0.010000,0.073106,0.000023,-0.061063,-3.4986,0.287143,-0.009407,0.578051,0.078840,0.078840,4.5172,4.5172,1,1,0.073106,0.00534446
1771742626.382233,7.670000,0.010000,0.073106,0.000023,-0.058618,-3.3586,0.288242,-0.007840,0.156729,0.121851,0.121851,6.9816,6.9816,1,1,0.073106,0.00534447
1771742626.392233,7.680000,0.010000,0.073106,0.000021,-0.056300,-3.2258,0.277978,-0.009959,-0.211928,0.185571,0.185571,10.6324,10.6324,1,1,0.073106,0.00534448
1771742626.402233,7.690000,0.010000,0.073106,0.000018,-0.054188,-3.1047,0.257817,-0.015304,-0.534503,0.221719,0.221719,12.7036,12.7036,1,1,0.073106,0.00534449
1771742626.412233,7.700000,0.010000,0.073106,0.000014,-0.052347,-2.9993,0.229212,-0.023471,-0.816756,0.221988,0.221988,12.7190,12.7190,1,1,0.073106,0.00534450
1771742626.422233,7.710000,0.010000,0.073106,0.000013,-0.050633,-2.9010,0.210338,-0.027127,-0.365596,0.243034,0.243034,13.9248,13.9248,1,1,0.073106,0.00534451
1771742626.432233,7.720000,0.010000,0.073106,0.000012,-0.048936,-2.8038,0.203322,-0.026836,0.029170,0.186827,0.186827,10.7044,10.7044,1,1,0.073106,0.00534451
1771742626.442233,7.730000,0.010000,0.073106,0.000012,-0.047168,-2.7025,0.207173,-0.023090,0.374589,0.125192,0.125192,7.1730,7.1730,1,1,0.073106,0.00534452
1771742626.452233,7.740000,0.010000,0.073106,0.000014,-0.045255,-2.5929,0.220446,-0.016322,0.676831,0.060645,0.060645,3.4747,3.4747,1,1,0.073106,0.00534453
1771742626.462233,7.750000,0.010000,0.073106,0.000016,-0.043133,-2.4713,0.241765,-0.006909,0.941293,-0.004008,-0.004008,-0.2297,-0.2297,1,1,0.073106,0.00534454
1771742626.472233,7.760000,0.010000,0.073106,0.000020,-0.040749,-2.3347,0.269901,0.004818,1.172698,-0.083965,-0.083965,-4.8108,-4.8108,1,1,0.073106,0.00534455
1771742626.482233,7.770000,0.010000,0.073107,0.000023,-0.038260,-2.1921,0.286910,0.011589,0.677045,-0.189989,-0.189989,-10.8856,-10.8856,1,1,0.073107,0.00534457
1771742626.492233,7.780000,0.010000,0.073107,0.000026,-0.035583,-2.0388,0.307579,0.020934,0.934541,-0.113780,-0.113780,-6.5191,-6.5191,1,1,0.073107,0.00534458
1771742626.502233,7.790000,0.010000,0.073107,0.000029,-0.032788,-1.8786,0.323508,0.028172,0.723822,-0.206868,-0.206868,-11.8527,-11.8527,1,1,0.073107,0.00534460
1771742626.512233,7.800000,0.010000,0.073107,0.000032,-0.029798,-1.7073,0.344432,0.037997,0.982410,-0.202841,-0.202841,-11.6219,-11.6219,1,1,0.073107,0.00534462
1771742626.522233,7.810000,0.010000,0.073107,0.000037,-0.026558,-1.5217,0.371443,0.050083,1.208675,-0.264208,-0.264208,-15.1380,-15.1380,1,1,0.073107,0.00534464
1771742626.532233,7.820000,0.010000,0.073107,0.000044,-0.023024,-1.3192,0.403959,0.064150,1.406656,-0.314678,-0.314678,-18.0297,-18.0297,1,1,0.073107,0.00534467
1771742626.542233,7.830000,0.010000,0.073107,0.000052,-0.019158,-1.0976,0.441162,0.079949,1.579890,-0.320434,-0.320434,-18.3595,-18.3595,1,1,0.073107,0.00534470
1771742626.552233,7.840000,0.010000,0.073108,0.000062,-0.014930,-0.8554,0.482259,0.097263,1.731470,-0.341290,-0.341290,-19.5545,-19.5545,1,1,0.073108,0.00534473
1771742626.562232,7.850000,0.010000,0.073108,0.000069,-0.010517,-0.6026,0.509750,0.108923,1.165970,-0.362613,-0.362613,-20.7762,-20.7762,1,1,0.073108,0.00534478
1771742626.572232,7.860000,0.010000,0.073108,0.000072,-0.006054,-0.3469,0.522006,0.115635,0.671158,-0.394277,-0.394277,-22.5904,-22.5904,1,1,0.073108,0.00534482
1771742626.582232,7.870000,0.010000,0.073109,0.000071,-0.001652,-0.0946,0.520496,0.118017,0.238197,-0.401176,-0.401176,-22.9857,-22.9857,1,1,0.073109,0.00534486
1771742626.592233,7.880000,0.010000,0.073109,0.000068,0.002595,0.1487,0.507081,0.116610,-0.140643,-0.403543,-0.403543,-23.1213,-23.1213,1,1,0.073109,0.00534489
1771742626.602233,7.890000,0.010000,0.073109,0.000062,0.006607,0.3785,0.483503,0.111889,-0.472129,-0.404224,-0.404224,-23.1604,-23.1604,1,1,0.073109,0.00534492
1771742626.612233,7.900000,0.010000,0.073109,0.000054,0.010315,0.5910,0.451303,0.104267,-0.762178,-0.406758,-0.406758,-23.3055,-23.3055,1,1,0.073109,0.00534495
1771742626.622233,7.910000,0.010000,0.073109,0.000045,0.013664,0.7829,0.411830,0.094107,-1.015972,-0.407484,-0.407484,-23.3471,-23.3471,1,1,0.073109,0.00534497
1771742626.632233,7.920000,0.010000,0.073109,0.000036,0.016606,0.9514,0.366260,0.081727,-1.238041,-0.407502,-0.407502,-23.3481,-23.3481,1,1,0.073109,0.00534498
1771742626.642233,7.930000,0.010000,0.073109,0.000027,0.019101,1.0944,0.315614,0.067404,-1.432352,-0.406223,-0.406223,-23.2749,-23.2749,1,1,0.073109,0.00534499
1771742626.652233,7.940000,0.010000,0.073110,0.000018,0.021117,1.2099,0.260781,0.051380,-1.602374,-0.404787,-0.404787,-23.1926,-23.1926,1,1,0.073110,0.00534500
1771742626.662233,7.950000,0.010000,0.073110,0.000011,0.022628,1.2965,0.202532,0.033868,-1.751143,-0.409831,-0.409831,-23.4816,-23.4816,1,1,0.073110,0.00534500
1771742626.672233,7.960000,0.010000,0.073110,0.000006,0.023612,1.3529,0.141535,0.015055,-1.881316,-0.411577,-0.411577,-23.5816,-23.5816,1,1,0.073110,0.00534501
1771742626.682233,7.970000,0.010000,0.073110,0.000002,0.024055,1.3782,0.078372,-0.004897,-1.995217,-0.409962,-0.409962,-23.4891,-23.4891,1,1,0.073110,0.00534501
1771742626.692233,7.980000,0.010000,0.073110,0.000000,0.023942,1.3718,0.013552,-0.025846,-2.094881,-0.404287,-0.404287,-23.1639,-23.1639,1,1,0.073110,0.00534501
1771742626.702233,7.990000,0.010000,0.073110,0.000001,0.023266,1.3330,-0.052504,-0.047667,-2.182087,-0.398554,-0.398554,-22.8355,-22.8355,1,1,0.073110,0.00534501
1771742626.712233,8.000000,0.010000,0.073110,0.000003,0.022020,1.2617,-0.119420,-0.070251,-2.258392,-0.386134,-0.386134,-22.1239,-22.1239,1,1,0.073110,0.00534502
1771742626.722233,8.010000,0.010000,0.073110,0.000008,0.020201,1.1575,-0.186876,-0.093502,-2.325159,-0.378846,-0.378846,-21.7063,-21.7063,1,1,0.073110,0.00534502
1771742626.732233,8.020000,0.010000,0.073110,0.000014,0.017808,1.0203,-0.254589,-0.117338,-2.383580,-0.378248,-0.378248,-21.6720,-21.6720,1,1,0.073110,0.00534503
1771742626.742233,8.030000,0.010000,0.073110,0.000024,0.014842,0.8504,-0.322324,-0.141685,-2.434698,-0.386326,-0.386326,-22.1348,-22.1348,1,1,0.073110,0.00534505
1771742626.752233,8.040000,0.010000,0.073110,0.000036,0.011303,0.6476,-0.389874,-0.166479,-2.479427,-0.400565,-0.400565,-22.9507,-22.9507,1,1,0.073110,0.00534508
1771742626.762233,8.050000,0.010000,0.073110,0.000050,0.007198,0.4124,-0.457068,-0.191665,-2.518564,-0.413567,-0.413567,-23.6957,-23.6957,1,1,0.073110,0.00534511
1771742626.772233,8.060000,0.010000,0.073111,0.000066,0.002528,0.1449,-0.523759,-0.217193,-2.552809,-0.423403,-0.423403,-24.2592,-24.2592,1,1,0.073111,0.00534515
1771742626.782233,8.070000,0.010000,0.073111,0.000082,-0.002629,-0.1506,-0.584146,-0.240642,-2.344923,-0.428573,-0.428573,-24.5554,-24.5554,1,1,0.073111,0.00534520
1771742626.792233,8.080000,0.010000,0.073111,0.000098,-0.008203,-0.4700,-0.636529,-0.261791,-2.114858,-0.421225,-0.421225,-24.1344,-24.1344,1,1,0.073111,0.00534525
1771742626.802233,8.090000,0.010000,0.073112,0.000112,-0.014118,-0.8089,-0.680462,-0.280514,-1.872326,-0.384676,-0.384676,-22.0403,-22.0403,1,1,0.073112,0.00534531
1771742626.812232,8.100000,0.010000,0.073112,0.000124,-0.020302,-1.1632,-0.715731,-0.296695,-1.618105,-0.278274,-0.278274,-15.9439,-15.9439,1,1,0.073112,0.00534538
1771742626.822232,8.110000,0.010000,0.073113,0.000133,-0.026677,-1.5285,-0.741996,-0.310144,-1.344900,-0.112848,-0.112848,-6.4657,-6.4657,1,1,0.073113,0.00534545
1771742626.832232,8.120000,0.010000,0.073113,0.000139,-0.033177,-1.9009,-0.760167,-0.321195,-1.105129,0.061576,0.061576,3.5280,3.5280,1,1,0.073113,0.00534551
1771742626.842233,8.130000,0.010000,0.073113,0.000142,-0.039723,-2.2759,-0.769279,-0.329313,-0.811737,0.120788,0.120788,6.9207,6.9207,1,1,0.073113,0.00534558
1771742626.852233,8.140000,0.010000,0.073114,0.000143,-0.046266,-2.6508,-0.771747,-0.335504,-0.619163,0.164898,0.164898,9.4480,9.4480,1,1,0.073114,0.00534565
1771742626.862233,8.150000,0.010000,0.073114,0.000142,-0.052789,-3.0246,-0.770784,-0.340847,-0.534295,0.194088,0.194088,11.1204,11.1204,1,1,0.073114,0.00534572
1771742626.872233,8.160000,0.010000,0.073115,0.000142,-0.059306,-3.3980,-0.769980,-0.346532,-0.568478,0.209598,0.209598,12.0091,12.0091,1,1,0.073115,0.00534578
1771742626.882233,8.170000,0.010000,0.073115,0.000142,-0.065847,-3.7728,-0.771813,-0.353286,-0.675409,0.226882,0.226882,12.9994,12.9994,1,1,0.073115,0.00534585
1771742626.892233,8.180000,0.010000,0.073116,0.000144,-0.072433,-4.1501,-0.776036,-0.360821,-0.753515,0.238587,0.238587,13.6700,13.6700,1,1,0.073116,0.00534592
1771742626.902233,8.190000,0.010000,0.073116,0.000146,-0.079067,-4.5302,-0.781360,-0.368644,-0.782271,0.245584,0.245584,14.0709,14.0709,1,1,0.073116,0.00534599
1771742626.912233,8.200000,0.010000,0.073117,0.000148,-0.085739,-4.9125,-0.786010,-0.376135,-0.749118,0.241052,0.241052,13.8113,13.8113,1,1,0.073117,0.00534606
1771742626.922233,8.210000,0.010000,0.073117,0.000147,-0.092393,-5.2937,-0.785955,-0.381771,-0.563625,0.236368,0.236368,13.5429,13.5429,1,1,0.073117,0.00534613
1771742626.932233,8.220000,0.010000,0.073118,0.000143,-0.098914,-5.6674,-0.774814,-0.383213,-0.144106,0.241469,0.241469,13.8352,13.8352,1,1,0.073118,0.00534619
1771742626.942233,8.230000,0.010000,0.073118,0.000134,-0.105211,-6.0281,-0.752776,-0.380983,0.222973,0.279945,0.279945,16.0396,16.0396,1,1,0.073118,0.00534625
1771742626.952233,8.240000,0.010000,0.073118,0.000127,-0.111207,-6.3717,-0.721163,-0.375541,0.544167,0.327243,0.327243,18.7496,18.7496,1,1,0.073118,0.00534629
1771742626.962233,8.250000,0.010000,0.073114,0.000128,-0.116845,-6.6947,-0.687084,-0.367289,0.825212,0.342024,0.342024,19.5965,19.5965,1,1,0.073114,0.00534567
1771742626.972233,8.260000,0.010000,0.073100,0.000116,-0.122078,-6.9945,-0.655306,-0.356578,1.071126,0.323320,0.323320,18.5249,18.5249,1,1,0.073100,0.00534365
1771742626.982233,8.270000,0.010000,0.073072,0.000106,-0.126860,-7.2686,-0.626116,-0.343715,1.286301,0.310422,0.310422,17.7859,17.7859,1,1,0.073072,0.00533953
1771742626.992233,8.280000,0.010000,0.073025,0.000097,-0.131154,-7.5146,-0.599590,-0.328969,1.474580,0.300764,0.300764,17.2325,17.2325,1,1,0.073025,0.00533271
1771742627.002233,8.290000,0.010000,0.072957,0.000091,-0.134931,-7.7310,-0.576655,-0.312576,1.639323,0.282319,0.282319,16.1757,16.1757,1,1,0.072957,0.00532267
1771742627.012233,8.300000,0.010000,0.072862,0.000084,-0.138167,-7.9164,-0.557613,-0.294741,1.783473,0.256130,0.256130,14.6752,14.6752,1,1,0.072862,0.00530888
1771742627.022233,8.310000,0.010000,0.072738,0.000082,-0.140842,-8.0697,-0.542969,-0.275645,1.909605,0.226535,0.226535,12.9795,12.9795,1,1,0.072738,0.00529086
1771742627.032233,8.320000,0.010000,0.072573,-0.001494,-0.142992,-8.1929,-0.558461,-0.255445,2.019970,0.225459,0.225459,12.9178,12.9178,1,1,0.072573,0.00526684
1771742627.042233,8.330000,0.010000,0.072299,-0.008338,-0.143913,-8.2456,-0.566247,-0.234280,2.116540,0.266677,0.266677,15.2795,15.2795,1,1,0.072299,0.00522711
1771742627.052233,8.340000,0.010000,0.071865,-0.023877,-0.142722,-8.1774,-0.338461,-0.212269,2.201038,0.313974,0.313974,17.9894,17.9894,1,1,0.071865,0.00516457
1771742627.062232,8.350000,0.010000,0.071496,-0.020452,-0.142307,-8.1536,-0.289158,-0.189520,2.274974,0.255644,0.255644,14.6473,14.6473,1,1,0.071496,0.00511165
1771742627.072232,8.360000,0.010000,0.071164,-0.014873,-0.142213,-8.1482,-0.380896,-0.166123,2.339668,0.235195,0.235195,13.4757,13.4757,1,1,0.071164,0.00506436
1771742627.082232,8.370000,0.010000,0.070676,-0.024632,-0.139790,-8.0094,-0.331953,-0.142160,2.396276,0.313383,0.313383,17.9555,17.9555,1,1,0.070676,0.00499515
1771742627.092233,8.380000,0.010000,0.070038,-0.047175,-0.135010,-7.7355,0.111461,-0.117702,2.445807,0.310406,0.310406,17.7850,17.7850,1,1,0.070038,0.00490526
1771742627.102233,8.390000,0.010000,0.069627,-0.033499,-0.133211,-7.6324,-0.004042,-0.092811,2.489147,0.129043,0.129043,7.3936,7.3936,1,1,0.069627,0.00484788
1771742627.112233,8.400000,0.010000,0.069213,-0.022682,-0.130971,-7.5041,-0.136578,-0.067540,2.527070,0.061726,0.061726,3.5367,3.5367,1,1,0.069213,0.00479050
1771742627.122233,8.410000,0.010000,0.068643,-0.029940,-0.126144,-7.2275,-0.127689,-0.041937,2.560252,0.068399,0.068399,3.9190,3.9190,1,1,0.068643,0.00471185
1771742627.132233,8.420000,0.010000,0.067938,-0.054349,-0.118947,-6.8152,0.412834,-0.016045,2.589286,0.040751,0.040751,2.3348,2.3348,1,1,0.067938,0.00461552
1771742627.142233,8.430000,0.010000,0.067487,-0.042367,-0.114930,-6.5850,0.326695,0.010102,2.614691,-0.002404,-0.002404,-0.1378,-0.1378,1,1,0.067487,0.00455443
1771742627.152233,8.440000,0.010000,0.067049,-0.030346,-0.110456,-6.3287,0.228220,0.036472,2.636921,-0.157654,-0.157654,-9.0329,-9.0329,1,1,0.067049,0.00449552
1771742627.162233,8.450000,0.010000,0.066561,-0.024735,-0.104721,-6.0001,0.111235,0.060095,2.362342,-0.183708,-0.183708,-10.5257,-10.5257,1,1,0.066561,0.00443035
1771742627.172233,8.460000,0.010000,0.065964,-0.036678,-0.096878,-5.5507,0.370037,0.084256,2.416115,-0.024780,-0.024780,-1.4198,-1.4198,1,1,0.065964,0.00435121
1771742627.182233,8.470000,0.010000,0.065444,-0.031967,-0.089411,-5.1229,0.471772,0.108888,2.463166,-0.165979,-0.165979,-9.5099,-9.5099,1,1,0.065444,0.00428290
1771742627.192233,8.480000,0.010000,0.065082,-0.013098,-0.083392,-4.7780,0.283530,0.127232,1.834459,-0.163353,-0.163353,-9.3594,-9.3594,1,1,0.065082,0.00423569
1771742627.202233,8.490000,0.010000,0.064635,-0.014833,-0.075434,-4.3220,0.257374,0.140728,1.349536,-0.276649,-0.276649,-15.8508,-15.8508,1,1,0.064635,0.00417769
1771742627.212233,8.500000,0.010000,0.064127,-0.027601,-0.065731,-3.7661,0.690728,0.156027,1.529910,-0.344935,-0.344935,-19.7633,-19.7633,1,1,0.064127,0.00411231
1771742627.222233,8.510000,0.010000,0.063900,-0.008059,-0.059037,-3.3826,0.552500,0.172904,1.687737,-0.236338,-0.236338,-13.5412,-13.5412,1,1,0.063900,0.00408317
1771742627.232233,8.520000,0.010000,0.063687,-0.000989,-0.052004,-2.9796,0.419763,0.184181,1.127704,-0.342937,-0.342937,-19.6488,-19.6488,1,1,0.063687,0.00405605
1771742627.242233,8.530000,0.010000,0.063388,-0.002610,-0.043587,-2.4973,0.407847,0.190558,0.637675,-0.397294,-0.397294,-22.7633,-22.7633,1,1,0.063388,0.00401802
1771742627.252233,8.540000,0.010000,0.063081,-0.004576,-0.034290,-1.9647,0.654346,0.192647,0.208900,-0.409424,-0.409424,-23.4583,-23.4583,1,1,0.063081,0.00397923
1771742627.262233,8.550000,0.010000,0.062990,0.000091,-0.027622,-1.5826,0.589519,0.190984,-0.166278,-0.418635,-0.418635,-23.9860,-23.9860,1,1,0.062990,0.00396776
1771742627.272233,8.560000,0.010000,0.062904,0.000077,-0.021192,-1.2142,0.546942,0.186039,-0.494559,-0.416158,-0.416158,-23.8441,-23.8441,1,1,0.062904,0.00395686
1771742627.282233,8.570000,0.010000,0.062819,0.000067,-0.015113,-0.8659,0.507033,0.178220,-0.781805,-0.416807,-0.416807,-23.8813,-23.8813,1,1,0.062819,0.00394617
1771742627.292233,8.580000,0.010000,0.062741,0.000058,-0.009434,-0.5406,0.474417,0.167889,-1.033146,-0.414823,-0.414823,-23.7676,-23.7676,1,1,0.062741,0.00393643
1771742627.302233,8.590000,0.010000,0.062679,0.000053,-0.004193,-0.2402,0.455584,0.155358,-1.253068,-0.411187,-0.411187,-23.5593,-23.5593,1,1,0.062679,0.00392866
1771742627.312232,8.600000,0.010000,0.062645,0.000053,0.000590,0.0338,0.459887,0.140903,-1.445501,-0.405628,-0.405628,-23.2408,-23.2408,1,1,0.062645,0.00392434
1771742627.322232,8.610000,0.010000,0.062645,0.000055,0.004873,0.2792,0.482743,0.124765,-1.613879,-0.397132,-0.397132,-22.7540,-22.7540,1,1,0.062645,0.00392437
1771742627.332232,8.620000,0.010000,0.062645,0.000048,0.008517,0.4880,0.451446,0.107152,-1.761210,-0.373563,-0.373563,-21.4036,-21.4036,1,1,0.062645,0.00392439
1771742627.342233,8.630000,0.010000,0.062645,0.000037,0.011552,0.6619,0.397999,0.088251,-1.890124,-0.340872,-0.340872,-19.5305,-19.5305,1,1,0.062645,0.00392440
1771742627.352233,8.640000,0.010000,0.062645,0.000026,0.013983,0.8012,0.335179,0.068222,-2.002925,-0.297833,-0.297833,-17.0646,-17.0646,1,1,0.062645,0.00392443
1771742627.362233,8.650000,0.010000,0.062649,0.000018,0.015815,0.9061,0.273824,0.047206,-2.101625,-0.282529,-0.282529,-16.1877,-16.1877,1,1,0.062649,0.00392490
1771742627.372233,8.660000,0.010000,0.062658,0.000011,0.017042,0.9764,0.214804,0.025326,-2.187988,-0.261212,-0.261212,-14.9664,-14.9664,1,1,0.062658,0.00392598
1771742627.382233,8.670000,0.010000,0.062672,0.000004,0.017658,1.0117,0.157665,0.002690,-2.263555,-0.235328,-0.235328,-13.4833,-13.4833,1,1,0.062672,0.00392779
1771742627.392233,8.680000,0.010000,0.062689,-0.000887,0.017676,1.0128,0.106227,-0.020606,-2.329677,-0.217122,-0.217122,-12.4402,-12.4402,1,1,0.062689,0.00392995
1771742627.402233,8.690000,0.010000,0.062701,-0.003437,0.017112,0.9805,0.064093,-0.044482,-2.387533,-0.201282,-0.201282,-11.5326,-11.5326,1,1,0.062701,0.00393139
1771742627.412233,8.700000,0.010000,0.062693,-0.008315,0.015979,0.9155,0.034496,-0.068863,-2.438157,-0.198083,-0.198083,-11.3493,-11.3493,1,1,0.062693,0.00393045
1771742627.422233,8.710000,0.010000,0.062648,-0.016393,0.014294,0.8190,0.021695,-0.093688,-2.482453,-0.198188,-0.198188,-11.3553,-11.3553,1,1,0.062648,0.00392480
1771742627.432233,8.720000,0.010000,0.062553,-0.023509,0.012019,0.6886,-0.033233,-0.118900,-2.521212,-0.220994,-0.220994,-12.6620,-12.6620,1,1,0.062553,0.00391289
1771742627.442233,8.730000,0.010000,0.062448,-0.025364,0.009153,0.5244,-0.095584,-0.144451,-2.555127,-0.291469,-0.291469,-16.6999,-16.6999,1,1,0.062448,0.00389970
1771742627.452233,8.740000,0.010000,0.062345,-0.024583,0.005684,0.3257,-0.174509,-0.170299,-2.584802,-0.333603,-0.333603,-19.1141,-19.1141,1,1,0.062345,0.00388695
1771742627.462233,8.750000,0.010000,0.062242,-0.024773,0.001647,0.0944,-0.242199,-0.195707,-2.540797,-0.368386,-0.368386,-21.1070,-21.1070,1,1,0.062242,0.00387411
1771742627.472233,8.760000,0.010000,0.062128,-0.027608,-0.002750,-0.1576,-0.265166,-0.214449,-1.874131,-0.383446,-0.383446,-21.9698,-21.9698,1,1,0.062128,0.00385984
1771742627.482233,8.770000,0.010000,0.062006,-0.029168,-0.007359,-0.4216,-0.280080,-0.227357,-1.290799,-0.247430,-0.247430,-14.1767,-14.1767,1,1,0.062006,0.00384479
1771742627.492233,8.780000,0.010000,0.061876,-0.031326,-0.012037,-0.6897,-0.273517,-0.235160,-0.780383,-0.141863,-0.141863,-8.1282,-8.1282,1,1,0.061876,0.00382865
1771742627.502233,8.790000,0.010000,0.061738,-0.033160,-0.016671,-0.9552,-0.255730,-0.238498,-0.333770,-0.110870,-0.110870,-6.3524,-6.3524,1,1,0.061738,0.00381161
1771742627.512233,8.800000,0.010000,0.061593,-0.035017,-0.021165,-1.2127,-0.226285,-0.238102,0.039623,-0.090333,-0.090333,-5.1757,-5.1757,1,1,0.061593,0.00379365
1771742627.522233,8.810000,0.010000,0.061442,-0.036300,-0.025469,-1.4593,-0.195220,-0.235479,0.262246,-0.091954,-0.091954,-5.2686,-5.2686,1,1,0.061442,0.00377508
1771742627.532233,8.820000,0.010000,0.061285,-0.037665,-0.029546,-1.6928,-0.158780,-0.231205,0.427474,-0.079575,-0.079575,-4.5593,-4.5593,1,1,0.061285,0.00375586
1771742627.542233,8.830000,0.010000,0.061126,-0.038226,-0.033404,-1.9139,-0.129176,-0.227064,0.414021,-0.064587,-0.064587,-3.7006,-3.7006,1,1,0.061126,0.00373639
1771742627.552233,8.840000,0.010000,0.060963,-0.039206,-0.037049,-2.1227,-0.096658,-0.223455,0.360956,-0.042816,-0.042816,-2.4532,-2.4532,1,1,0.060963,0.00371646
1771742627.562232,8.850000,0.010000,0.060799,-0.039122,-0.040598,-2.3261,-0.088042,-0.223147,0.030766,-0.023040,-0.023040,-1.3201,-1.3201,1,1,0.060799,0.00369654
1771742627.572232,8.860000,0.010000,0.060646,-0.036851,-0.044186,-2.5317,-0.110534,-0.226369,-0.322145,0.001513,0.001513,0.0867,0.0867,1,1,0.060646,0.00367792
1771742627.582232,8.870000,0.010000,0.060489,-0.037591,-0.047841,-2.7411,-0.113973,-0.232678,-0.630943,0.033076,0.033076,1.8951,1.8951,1,1,0.060489,0.00365898
1771742627.592233,8.880000,0.010000,0.060337,-0.036562,-0.051649,-2.9592,-0.141065,-0.241690,-0.901141,0.069450,0.069450,3.9792,3.9792,1,1,0.060337,0.00364060
1771742627.602233,8.890000,0.010000,0.060186,-0.036481,-0.055657,-3.1889,-0.166778,-0.253065,-1.137564,0.085886,0.085886,4.9209,4.9209,1,1,0.060186,0.00362232
1771742627.612233,8.900000,0.010000,0.060022,-0.039406,-0.059704,-3.4208,-0.150399,-0.259528,-0.646303,0.090281,0.090281,5.1727,5.1727,1,1,0.060022,0.00360262
1771742627.622233,8.910000,0.010000,0.059851,-0.041023,-0.063664,-3.6477,-0.127282,-0.261693,-0.216449,0.132835,0.132835,7.6109,7.6109,1,1,0.059851,0.00358216
1771742627.632233,8.920000,0.010000,0.059662,-0.045019,-0.067368,-3.8599,-0.065202,-0.260096,0.159673,0.154707,0.154707,8.8640,8.8640,1,1,0.059662,0.00355961
1771742627.642233,8.930000,0.010000,0.059455,-0.048568,-0.070771,-4.0549,-0.006568,-0.255208,0.488780,0.098718,0.098718,5.6561,5.6561,1,1,0.059455,0.00353492
1771742627.652233,8.940000,0.010000,0.059242,-0.049444,-0.073886,-4.2334,0.029369,-0.247441,0.776748,0.097816,0.097816,5.6045,5.6045,1,1,0.059242,0.00350961
1771742627.662233,8.950000,0.010000,0.059016,-0.052524,-0.076563,-4.3867,0.107994,-0.237153,1.028720,0.101122,0.101122,5.7939,5.7939,1,1,0.059016,0.00348283
1771742627.672233,8.960000,0.010000,0.058765,-0.057132,-0.078743,-4.5116,0.196425,-0.224662,1.249196,0.149333,0.149333,8.5561,8.5561,1,1,0.058765,0.00345328
1771742627.682233,8.970000,0.010000,0.058510,-0.056641,-0.080566,-4.6161,0.221557,-0.210240,1.442112,0.250794,0.250794,14.3694,14.3694,1,1,0.058510,0.00342341
1771742627.692233,8.980000,0.010000,0.058251,-0.058553,-0.081835,-4.6888,0.313586,-0.194131,1.610914,0.264266,0.264266,15.1413,15.1413,1,1,0.058251,0.00339322
1771742627.702233,8.990000,0.010000,0.057956,-0.066075,-0.082413,-4.7219,0.451077,-0.176545,1.758616,0.270567,0.270567,15.5023,15.5023,1,1,0.057956,0.00335884
1771742627.712233,9.000000,0.010000,0.057662,-0.062494,-0.082720,-4.7395,0.423241,-0.157667,1.887855,0.250612,0.250612,14.3590,14.3590,1,1,0.057662,0.00332486
1771742627.722233,9.010000,0.010000,0.057389,-0.061518,-0.082399,-4.7211,0.526427,-0.137657,2.000939,0.212209,0.212209,12.1587,12.1587,1,1,0.057389,0.00329348
1771742627.732233,9.020000,0.010000,0.057048,-0.076609,-0.081074,-4.6452,0.771719,-0.116658,2.099887,0.039871,0.039871,2.2844,2.2844,1,1,0.057048,0.00325446
1771742627.742233,9.030000,0.010000,0.056720,-0.066159,-0.079711,-4.5671,0.624996,-0.094794,2.186467,-0.233138,-0.233138,-13.3578,-13.3578,1,1,0.056720,0.00321718
1771742627.752233,9.040000,0.010000,0.056439,-0.064269,-0.077658,-4.4495,0.766694,-0.072171,2.262225,-0.239013,-0.239013,-13.6944,-13.6944,1,1,0.056439,0.00318534
1771742627.762233,9.050000,0.010000,0.056065,-0.085005,-0.074389,-4.2622,1.088487,-0.048886,2.328512,-0.353651,-0.353651,-20.2627,-20.2627,1,1,0.056065,0.00314331
1771742627.772233,9.060000,0.010000,0.055741,-0.062349,-0.071531,-4.0984,0.760361,-0.030436,1.845056,-0.384474,-0.384474,-22.0287,-22.0287,1,1,0.055741,0.00310701
1771742627.782233,9.070000,0.010000,0.055457,-0.067957,-0.067942,-3.8928,1.016862,-0.014404,1.603150,-0.353915,-0.353915,-20.2778,-20.2778,1,1,0.055457,0.00307552
1771742627.792233,9.080000,0.010000,0.055111,-0.079692,-0.063773,-3.6539,1.164464,0.000037,1.444075,-0.397691,-0.397691,-22.7860,-22.7860,1,1,0.055111,0.00303719
1771742627.802233,9.090000,0.010000,0.054874,-0.045656,-0.060354,-3.4580,0.723509,0.016163,1.612632,-0.394196,-0.394196,-22.5858,-22.5858,1,1,0.054874,0.00301119
1771742627.812232,9.100000,0.010000,0.054561,-0.075181,-0.055536,-3.1820,1.233538,0.033764,1.760119,-0.336962,-0.336962,-19.3065,-19.3065,1,1,0.054561,0.00297690
1771742627.822232,9.110000,0.010000,0.054191,-0.084669,-0.050145,-2.8731,1.356446,0.052656,1.889170,-0.410182,-0.410182,-23.5017,-23.5017,1,1,0.054191,0.00293665
1771742627.832232,9.120000,0.010000,0.053979,-0.038458,-0.045771,-2.6225,0.773630,0.072677,2.002089,-0.415587,-0.415587,-23.8114,-23.8114,1,1,0.053979,0.00291368
1771742627.842233,9.130000,0.010000,0.053753,-0.054063,-0.040459,-2.3182,1.109598,0.093686,2.100894,-0.339152,-0.339152,-19.4320,-19.4320,1,1,0.053753,0.00288938
1771742627.852233,9.140000,0.010000,0.053447,-0.073642,-0.034212,-1.9602,1.402435,0.108578,1.489216,-0.401603,-0.401603,-23.0102,-23.0102,1,1,0.053447,0.00285653
1771742627.862233,9.150000,0.010000,0.053176,-0.059742,-0.028346,-1.6241,1.198125,0.118118,0.953998,-0.421829,-0.421829,-24.1690,-24.1690,1,1,0.053176,0.00282764
1771742627.872233,9.160000,0.010000,0.052985,-0.045530,-0.022970,-1.3161,1.047431,0.122975,0.485683,-0.417385,-0.417385,-23.9144,-23.9144,1,1,0.052985,0.00280745
1771742627.882233,9.170000,0.010000,0.052736,-0.059922,-0.017201,-0.9856,1.228185,0.123734,0.075907,-0.404798,-0.404798,-23.1932,-23.1932,1,1,0.052736,0.00278114
1771742627.892233,9.180000,0.010000,0.052494,-0.057941,-0.011708,-0.6708,1.177520,0.120907,-0.282648,-0.419400,-0.419400,-24.0299,-24.0299,1,1,0.052494,0.00275562
1771742627.902233,9.190000,0.010000,0.052352,-0.034003,-0.007140,-0.4091,0.864361,0.114943,-0.596382,-0.418286,-0.418286,-23.9660,-23.9660,1,1,0.052352,0.00274073
1771742627.912233,9.200000,0.010000,0.052111,-0.057683,-0.002272,-0.1302,1.102661,0.106234,-0.870901,-0.368295,-0.368295,-21.1018,-21.1018,1,1,0.052111,0.00271560
1771742627.922233,9.210000,0.010000,0.051894,-0.052456,0.002121,0.1216,1.011416,0.095123,-1.111104,-0.406330,-0.406330,-23.2810,-23.2810,1,1,0.051894,0.00269304
1771742627.932233,9.220000,0.010000,0.051768,-0.030400,0.005459,0.3128,0.693061,0.081910,-1.321282,-0.372658,-0.372658,-21.3517,-21.3517,1,1,0.051768,0.00267989
1771742627.942233,9.230000,0.010000,0.051547,-0.052953,0.008861,0.5077,0.888277,0.066859,-1.505187,-0.129219,-0.129219,-7.4037,-7.4037,1,1,0.051547,0.00265707
1771742627.952233,9.240000,0.010000,0.051364,-0.044418,0.011626,0.6661,0.751200,0.050198,-1.666105,-0.202920,-0.202920,-11.6265,-11.6265,1,1,0.051364,0.00263824
1771742627.962233,9.250000,0.010000,0.051227,-0.032831,0.013499,0.7734,0.539042,0.032128,-1.806908,-0.015427,-0.015427,-0.8839,-0.8839,1,1,0.051227,0.00262419
1771742627.972233,9.260000,0.010000,0.051039,-0.045096,0.015057,0.8627,0.598669,0.012827,-1.930110,0.078509,0.078509,4.4982,4.4982,1,1,0.051039,0.00260497
1771742627.982233,9.270000,0.010000,0.050887,-0.036679,0.015918,0.9120,0.451060,-0.007552,-2.037912,0.122939,0.122939,7.0439,7.0439,1,1,0.050887,0.00258944
1771742627.992233,9.280000,0.010000,0.050725,-0.038840,0.016222,0.9294,0.398695,-0.028874,-2.132239,0.150081,0.150081,8.5990,8.5990,1,1,0.050725,0.00257299
1771742628.002233,9.290000,0.010000,0.050570,-0.037196,0.015923,0.9123,0.313779,-0.051022,-2.214775,0.166539,0.166539,9.5420,9.5420,1,1,0.050570,0.00255730
1771742628.012233,9.300000,0.010000,0.050414,-0.037339,0.015048,0.8622,0.245579,-0.073892,-2.286994,0.142588,0.142588,8.1697,8.1697,1,1,0.050414,0.00254159
1771742628.022233,9.310000,0.010000,0.050263,-0.036425,0.013574,0.7777,0.166574,-0.097394,-2.350185,0.071878,0.071878,4.1183,4.1183,1,1,0.050263,0.00252632
1771742628.032233,9.320000,0.010000,0.050111,-0.036356,0.011517,0.6599,0.095644,-0.121448,-2.405478,-0.038048,-0.038048,-2.1800,-2.1800,1,1,0.050111,0.00251113
1771742628.042233,9.330000,0.010000,0.049962,-0.035853,0.008869,0.5082,0.020397,-0.145987,-2.453859,-0.104378,-0.104378,-5.9804,-5.9804,1,1,0.049962,0.00249620
1771742628.052233,9.340000,0.010000,0.049813,-0.035770,0.005642,0.3233,-0.050609,-0.170949,-2.496193,-0.160485,-0.160485,-9.1951,-9.1951,1,1,0.049813,0.00248135
1771742628.062232,9.350000,0.010000,0.049666,-0.035309,0.001835,0.1051,-0.124525,-0.196163,-2.521364,-0.198216,-0.198216,-11.3570,-11.3570,1,1,0.049666,0.00246674
1771742628.072232,9.360000,0.010000,0.049505,-0.038812,-0.002298,-0.1317,-0.137515,-0.214734,-1.857128,-0.206235,-0.206235,-11.8164,-11.8164,1,1,0.049505,0.00245073
1771742628.082232,9.370000,0.010000,0.049339,-0.039909,-0.006641,-0.3805,-0.155286,-0.227493,-1.275921,-0.129777,-0.129777,-7.4357,-7.4357,1,1,0.049339,0.00243432
1771742628.092233,9.380000,0.010000,0.049162,-0.042526,-0.011031,-0.6320,-0.141811,-0.235167,-0.767365,-0.106995,-0.106995,-6.1304,-6.1304,1,1,0.049162,0.00241689
1771742628.102233,9.390000,0.010000,0.048978,-0.044193,-0.015369,-0.8806,-0.123749,-0.238391,-0.322378,-0.081671,-0.081671,-4.6794,-4.6794,1,1,0.048978,0.00239885
1771742628.112233,9.400000,0.010000,0.048785,-0.046430,-0.019545,-1.1199,-0.088109,-0.237721,0.066985,-0.041785,-0.041785,-2.3941,-2.3941,1,1,0.048785,0.00237997
1771742628.122233,9.410000,0.010000,0.048583,-0.048459,-0.023454,-1.3438,-0.039543,-0.233644,0.407678,-0.031687,-0.031687,-1.8155,-1.8155,1,1,0.048583,0.00236034
1771742628.132233,9.420000,0.010000,0.048366,-0.052054,-0.026977,-1.5457,0.035924,-0.226586,0.705784,-0.043307,-0.043307,-2.4813,-2.4813,1,1,0.048366,0.00233926
1771742628.142233,9.430000,0.010000,0.048140,-0.053638,-0.030129,-1.7263,0.089605,-0.216920,0.966627,-0.027944,-0.027944,-1.6011,-1.6011,1,1,0.048140,0.00231748
1771742628.152233,9.440000,0.010000,0.047910,-0.054647,-0.032868,-1.8832,0.147261,-0.204971,1.194864,-0.006457,-0.006457,-0.3699,-0.3699,1,1,0.047910,0.00229539
1771742628.162233,9.450000,0.010000,0.047663,-0.058433,-0.035065,-2.0091,0.242942,-0.191025,1.394572,0.003253,0.003253,0.1864,0.1864,1,1,0.047663,0.00227181
1771742628.172233,9.460000,0.010000,0.047422,-0.056466,-0.037024,-2.1213,0.246275,-0.180195,1.083093,-0.016423,-0.016423,-0.9410,-0.9410,1,1,0.047422,0.00224883
1771742628.182233,9.470000,0.010000,0.047205,-0.052054,-0.038884,-2.2279,0.231531,-0.174208,0.598641,0.020386,0.020386,1.1680,1.1680,1,1,0.047205,0.00222829
1771742628.192233,9.480000,0.010000,0.046968,-0.056453,-0.040515,-2.3213,0.295442,-0.172461,0.174745,0.048343,0.048343,2.7699,2.7699,1,1,0.046968,0.00220602
1771742628.202233,9.490000,0.010000,0.046749,-0.051914,-0.042292,-2.4232,0.234562,-0.174422,-0.196164,0.064877,0.064877,3.7172,3.7172,1,1,0.046749,0.00218543
1771742628.212233,9.500000,0.010000,0.046519,-0.055241,-0.043880,-2.5141,0.291518,-0.172648,0.177422,0.068971,0.068971,3.9517,3.9517,1,1,0.046519,0.00216398
1771742628.222233,9.510000,0.010000,0.046263,-0.060630,-0.045142,-2.5864,0.372009,-0.167605,0.504310,0.065185,0.065185,3.7348,3.7348,1,1,0.046263,0.00214027
1771742628.232233,9.520000,0.010000,0.046020,-0.056881,-0.046322,-2.6541,0.341402,-0.159702,0.790337,0.039598,0.039598,2.2688,2.2688,1,1,0.046020,0.00211787
1771742628.242233,9.530000,0.010000,0.045768,-0.060638,-0.047034,-2.6948,0.443426,-0.149295,1.040611,0.034355,0.034355,1.9684,1.9684,1,1,0.045768,0.00209467
1771742628.252233,9.540000,0.010000,0.045478,-0.067874,-0.047211,-2.7050,0.558639,-0.136699,1.259601,-0.064870,-0.064870,-3.7168,-3.7168,1,1,0.045478,0.00206827
1771742628.262233,9.550000,0.010000,0.045230,-0.056996,-0.047452,-2.7188,0.445999,-0.125025,1.167410,-0.185708,-0.185708,-10.6403,-10.6403,1,1,0.045230,0.00204572
1771742628.272233,9.560000,0.010000,0.044952,-0.066755,-0.046992,-2.6924,0.639091,-0.112890,1.213514,-0.088634,-0.088634,-5.0783,-5.0783,1,1,0.044952,0.00202064
1771742628.282233,9.570000,0.010000,0.044647,-0.070523,-0.046160,-2.6448,0.694226,-0.099586,1.330419,-0.255100,-0.255100,-14.6161,-14.6161,1,1,0.044647,0.00199331
1771742628.292233,9.580000,0.010000,0.044419,-0.053820,-0.045516,-2.6079,0.539058,-0.086731,1.285488,-0.299041,-0.299041,-17.1338,-17.1338,1,1,0.044419,0.00197306
1771742628.302233,9.590000,0.010000,0.044132,-0.068867,-0.044129,-2.5284,0.770190,-0.077943,0.878847,-0.162424,-0.162424,-9.3062,-9.3062,1,1,0.044132,0.00194765
1771742628.312232,9.600000,0.010000,0.043827,-0.070484,-0.042505,-2.4354,0.791116,-0.066762,1.118057,-0.307380,-0.307380,-17.6116,-17.6116,1,1,0.043827,0.00192081
1771742628.322232,9.610000,0.010000,0.043598,-0.055047,-0.041027,-2.3507,0.658073,-0.053488,1.327366,-0.337108,-0.337108,-19.3148,-19.3148,1,1,0.043598,0.00190075
1771742628.332232,9.620000,0.010000,0.043290,-0.073716,-0.038568,-2.2098,0.943931,-0.038693,1.479564,-0.275942,-0.275942,-15.8103,-15.8103,1,1,0.043290,0.00187404
1771742628.342233,9.630000,0.010000,0.042979,-0.071097,-0.035964,-2.0606,0.912450,-0.025235,1.345796,-0.357699,-0.357699,-20.4947,-20.4947,1,1,0.042979,0.00184715
1771742628.352233,9.640000,0.010000,0.042746,-0.055661,-0.033596,-1.9249,0.773045,-0.013932,1.130250,-0.362898,-0.362898,-20.7925,-20.7925,1,1,0.042746,0.00182725
1771742628.362233,9.650000,0.010000,0.042457,-0.069396,-0.030644,-1.7558,0.967749,-0.007241,0.669132,-0.334773,-0.334773,-19.1811,-19.1811,1,1,0.042457,0.00180261
1771742628.372233,9.660000,0.010000,0.042174,-0.066126,-0.027747,-1.5898,0.920791,-0.002042,0.519951,-0.346687,-0.346687,-19.8637,-19.8637,1,1,0.042174,0.00177861
1771742628.382233,9.670000,0.010000,0.041952,-0.053091,-0.025301,-1.4496,0.764225,-0.000983,0.105891,-0.336120,-0.336120,-19.2583,-19.2583,1,1,0.041952,0.00175999
1771742628.392233,9.680000,0.010000,0.041683,-0.064578,-0.022608,-1.2953,0.896218,-0.003547,-0.256411,-0.276969,-0.276969,-15.8692,-15.8692,1,1,0.041683,0.00173747
1771742628.402233,9.690000,0.010000,0.041431,-0.059754,-0.020245,-1.1599,0.814326,-0.009281,-0.573425,-0.297015,-0.297015,-17.0177,-17.0177,1,1,0.041431,0.00171654
1771742628.412233,9.700000,0.010000,0.041216,-0.051570,-0.018430,-1.0560,0.679570,-0.017789,-0.850813,-0.225966,-0.225966,-12.9469,-12.9469,1,1,0.041216,0.00169877
1771742628.422233,9.710000,0.010000,0.040969,-0.059225,-0.016726,-0.9583,0.731747,-0.028724,-1.093527,-0.046047,-0.046047,-2.6383,-2.6383,1,1,0.040969,0.00167848
1771742628.432233,9.720000,0.010000,0.040746,-0.053607,-0.015524,-0.8895,0.626531,-0.041783,-1.305902,-0.040083,-0.040083,-2.2966,-2.2966,1,1,0.040746,0.00166020
1771742628.442233,9.730000,0.010000,0.040525,-0.052800,-0.014785,-0.8471,0.562393,-0.056701,-1.491730,0.079377,0.079377,4.5480,4.5480,1,1,0.040525,0.00164231
1771742628.452233,9.740000,0.010000,0.040304,-0.053207,-0.014477,-0.8295,0.514354,-0.073244,-1.654330,0.102372,0.102372,5.8655,5.8655,1,1,0.040304,0.00162439
1771742628.462233,9.750000,0.010000,0.040089,-0.051580,-0.014673,-0.8407,0.441285,-0.091210,-1.796604,0.077410,0.077410,4.4353,4.4353,1,1,0.040089,0.00160711
1771742628.472233,9.760000,0.010000,0.039873,-0.051700,-0.015352,-0.8796,0.384259,-0.110421,-1.921095,0.047170,0.047170,2.7027,2.7027,1,1,0.039873,0.00158989
1771742628.482233,9.770000,0.010000,0.039663,-0.050590,-0.016561,-0.9489,0.311897,-0.130721,-2.030024,0.013722,0.013722,0.7862,0.7862,1,1,0.039663,0.00157313
1771742628.492233,9.780000,0.010000,0.039452,-0.050603,-0.018285,-1.0477,0.249926,-0.151975,-2.125337,-0.016217,-0.016217,-0.9292,-0.9292,1,1,0.039452,0.00155646
1771742628.502233,9.790000,0.010000,0.039244,-0.049876,-0.020552,-1.1775,0.178705,-0.174062,-2.208735,-0.016666,-0.016666,-0.9549,-0.9549,1,1,0.039244,0.00154012
1771742628.512233,9.800000,0.010000,0.039030,-0.051391,-0.023249,-1.3321,0.138620,-0.194319,-2.025729,-0.015902,-0.015902,-0.9111,-0.9111,1,1,0.039030,0.00152337
1771742628.522233,9.810000,0.010000,0.038806,-0.053795,-0.026191,-1.5007,0.127884,-0.208554,-1.423447,-0.019346,-0.019346,-1.1085,-1.1085,1,1,0.038806,0.00150594
1771742628.532233,9.820000,0.010000,0.038581,-0.054192,-0.029338,-1.6810,0.105808,-0.219611,-1.105764,-0.008699,-0.008699,-0.4984,-0.4984,1,1,0.038581,0.00148848
1771742628.542233,9.830000,0.010000,0.038342,-0.057414,-0.032492,-1.8617,0.130009,-0.225796,-0.618478,0.002002,0.002002,0.1147,0.1147,1,1,0.038342,0.00147010
1771742628.552233,9.840000,0.010000,0.038099,-0.058288,-0.035598,-2.0396,0.142163,-0.227717,-0.192102,-0.012316,-0.012316,-0.7056,-0.7056,1,1,0.038099,0.00145155
1771742628.562232,9.850000,0.010000,0.037845,-0.060977,-0.038514,-2.2067,0.186277,-0.225907,0.180977,-0.012966,-0.012966,-0.7429,-0.7429,1,1,0.037845,0.00143227
1771742628.572232,9.860000,0.010000,0.037586,-0.062212,-0.041191,-2.3600,0.224764,-0.220833,0.507420,-0.009990,-0.009990,-0.5724,-0.5724,1,1,0.037586,0.00141273
1771742628.582232,9.870000,0.010000,0.037316,-0.064865,-0.043517,-2.4933,0.288410,-0.212903,0.793059,0.002787,0.002787,0.1597,0.1597,1,1,0.037316,0.00139245
1771742628.592233,9.880000,0.010000,0.037038,-0.066259,-0.045483,-2.6060,0.340811,-0.202473,1.042992,0.013220,0.013220,0.7574,0.7574,1,1,0.037038,0.00137179
1771742628.602233,9.890000,0.010000,0.036753,-0.067907,-0.047021,-2.6941,0.406854,-0.189856,1.261684,0.006536,0.006536,0.3745,0.3745,1,1,0.036753,0.00135080
1771742628.612233,9.900000,0.010000,0.036457,-0.070250,-0.048084,-2.7550,0.480782,-0.175325,1.453039,0.002143,0.002143,0.1228,0.1228,1,1,0.036457,0.00132914
1771742628.622233,9.910000,0.010000,0.036158,-0.070880,-0.048687,-2.7896,0.540520,-0.159121,1.620475,-0.058855,-0.058855,-3.3721,-3.3721,1,1,0.036158,0.00130743
1771742628.632233,9.920000,0.010000,0.035850,-0.073200,-0.048744,-2.7928,0.626658,-0.141451,1.766982,-0.138115,-0.138115,-7.9134,-7.9134,1,1,0.035850,0.00128520
1771742628.642233,9.930000,0.010000,0.035543,-0.072176,-0.048447,-2.7758,0.655447,-0.125757,1.569359,-0.226557,-0.226557,-12.9807,-12.9807,1,1,0.035543,0.00126331
1771742628.652233,9.940000,0.010000,0.035244,-0.071427,-0.047802,-2.7389,0.700369,-0.112456,1.330137,-0.237294,-0.237294,-13.5960,-13.5960,1,1,0.035244,0.00124215
1771742628.662233,9.950000,0.010000,0.034932,-0.073878,-0.046776,-2.6801,0.763157,-0.099486,1.296955,-0.241970,-0.241970,-13.8639,-13.8639,1,1,0.034932,0.00122027
1771742628.672233,9.960000,0.010000,0.034632,-0.071318,-0.045525,-2.6084,0.769900,-0.086800,1.268606,-0.282398,-0.282398,-16.1802,-16.1802,1,1,0.034632,0.00119940
1771742628.682233,9.970000,0.010000,0.034330,-0.072255,-0.044019,-2.5221,0.812417,-0.077490,0.931059,-0.287756,-0.287756,-16.4872,-16.4872,1,1,0.034330,0.00117854
1771742628.692233,9.980000,0.010000,0.034029,-0.071513,-0.042374,-2.4279,0.820793,-0.069424,0.806547,-0.261590,-0.261590,-14.9880,-14.9880,1,1,0.034029,0.00115800
1771742628.702233,9.990000,0.010000,0.033734,-0.070837,-0.040580,-2.3250,0.838388,-0.061995,0.742924,-0.249598,-0.249598,-14.3009,-14.3009,1,1,0.033734,0.00113799
1771742628.712233,10.000000,0.010000,0.033427,-0.073298,-0.038545,-2.2085,0.887345,-0.053897,0.809773,-0.248876,-0.248876,-14.2595,-14.2595,1,1,0.033427,0.00111737
1771742628.722233,10.010000,0.010000,0.033129,-0.071125,-0.036414,-2.0863,0.880314,-0.045508,0.838965,-0.263096,-0.263096,-15.0743,-15.0743,1,1,0.033129,0.00109755
1771742628.732233,10.020000,0.010000,0.032830,-0.071710,-0.034134,-1.9558,0.906838,-0.039002,0.650545,-0.269696,-0.269696,-15.4525,-15.4525,1,1,0.032830,0.00107783
1771742628.742233,10.030000,0.010000,0.032533,-0.071202,-0.031792,-1.8216,0.909739,-0.033859,0.514315,-0.258293,-0.258293,-14.7991,-14.7991,1,1,0.032533,0.00105838
1771742628.752233,10.040000,0.010000,0.032247,-0.068433,-0.029553,-1.6933,0.876263,-0.032849,0.100960,-0.257630,-0.257630,-14.7611,-14.7611,1,1,0.032247,0.00103990
1771742628.762233,10.050000,0.010000,0.031961,-0.068683,-0.027422,-1.5712,0.866552,-0.035457,-0.260726,-0.204139,-0.204139,-11.6963,-11.6963,1,1,0.031961,0.00102151
1771742628.772233,10.060000,0.010000,0.031685,-0.066285,-0.025548,-1.4638,0.817215,-0.041229,-0.577201,-0.151389,-0.151389,-8.6740,-8.6740,1,1,0.031685,0.00100392
1771742628.782233,10.070000,0.010000,0.031408,-0.066321,-0.023933,-1.3712,0.787509,-0.049770,-0.854117,-0.097099,-0.097099,-5.5634,-5.5634,1,1,0.031408,0.00098648
1771742628.792233,10.080000,0.010000,0.031140,-0.064359,-0.022686,-1.2998,0.728139,-0.060734,-1.096418,-0.063609,-0.063609,-3.6445,-3.6445,1,1,0.031140,0.00096970
1771742628.802233,10.090000,0.010000,0.030872,-0.064290,-0.021803,-1.2492,0.684638,-0.073818,-1.308432,-0.022661,-0.022661,-1.2984,-1.2984,1,1,0.030872,0.00095309
1771742628.812232,10.100000,0.010000,0.030611,-0.062699,-0.021365,-1.2241,0.618883,-0.088758,-1.493944,0.003592,0.003592,0.2058,0.2058,1,1,0.030611,0.00093702
1771742628.822232,10.110000,0.010000,0.030350,-0.062602,-0.021362,-1.2240,0.566223,-0.105320,-1.656266,-0.001552,-0.001552,-0.0889,-0.0889,1,1,0.030350,0.00092112
1771742628.832232,10.120000,0.010000,0.030094,-0.061338,-0.021854,-1.2521,0.496857,-0.123303,-1.798299,-0.006953,-0.006953,-0.3984,-0.3984,1,1,0.030094,0.00090568
1771742628.842233,10.130000,0.010000,0.029830,-0.063455,-0.022678,-1.2994,0.474588,-0.139000,-1.569652,-0.011532,-0.011532,-0.6607,-0.6607,1,1,0.029830,0.00088984
1771742628.852233,10.140000,0.010000,0.029574,-0.061499,-0.023933,-1.3712,0.406911,-0.154512,-1.551200,-0.005759,-0.005759,-0.3300,-0.3300,1,1,0.029574,0.00087462
1771742628.862233,10.150000,0.010000,0.029308,-0.063865,-0.025461,-1.4588,0.393479,-0.168910,-1.439806,0.016323,0.016323,0.9352,0.9352,1,1,0.029308,0.00085896
1771742628.872233,10.160000,0.010000,0.029042,-0.063846,-0.027239,-1.5607,0.363269,-0.180083,-1.117285,0.049314,0.049314,2.8255,2.8255,1,1,0.029042,0.00084344
1771742628.882233,10.170000,0.010000,0.028771,-0.065126,-0.029187,-1.6723,0.353255,-0.189776,-0.969334,0.057367,0.057367,3.2869,3.2869,1,1,0.028771,0.00082776
1771742628.892233,10.180000,0.010000,0.028490,-0.067398,-0.031152,-1.7849,0.369745,-0.194767,-0.499102,0.065946,0.065946,3.7784,3.7784,1,1,0.028490,0.00081169
1771742628.902233,10.190000,0.010000,0.028204,-0.068701,-0.033054,-1.8939,0.387870,-0.195644,-0.087648,0.060309,0.060309,3.4554,3.4554,1,1,0.028204,0.00079546
1771742628.912233,10.200000,0.010000,0.027909,-0.070782,-0.034780,-1.9928,0.426076,-0.192920,0.272374,0.041125,0.041125,2.3563,2.3563,1,1,0.027909,0.00077892
1771742628.922233,10.210000,0.010000,0.027609,-0.072046,-0.036276,-2.0784,0.464203,-0.187046,0.587393,0.041300,0.041300,2.3663,2.3663,1,1,0.027609,0.00076226
1771742628.932233,10.220000,0.010000,0.027301,-0.073923,-0.037457,-2.1462,0.517506,-0.178416,0.863035,0.039189,0.039189,2.2454,2.2454,1,1,0.027301,0.00074535
1771742628.942233,10.230000,0.010000,0.026988,-0.075103,-0.038290,-2.1938,0.569467,-0.167374,1.104221,0.024095,0.024095,1.3805,1.3805,1,1,0.026988,0.00072836
1771742628.952233,10.240000,0.010000,0.026668,-0.076769,-0.038713,-2.2181,0.632860,-0.154221,1.315259,-0.035924,-0.035924,-2.0583,-2.0583,1,1,0.026668,0.00071120
1771742628.962233,10.250000,0.010000,0.026344,-0.077832,-0.038704,-2.2176,0.693995,-0.139222,1.499918,-0.119538,-0.119538,-6.8490,-6.8490,1,1,0.026344,0.00069401
1771742628.972233,10.260000,0.010000,0.026015,-0.078870,-0.038251,-2.1916,0.756830,-0.123260,1.596124,-0.203905,-0.203905,-11.6829,-11.6829,1,1,0.026015,0.00067680
1771742628.982233,10.270000,0.010000,0.025688,-0.078444,-0.037437,-2.1450,0.797432,-0.108573,1.468769,-0.252059,-0.252059,-14.4419,-14.4419,1,1,0.025688,0.00065990
1771742628.992233,10.280000,0.010000,0.025353,-0.080569,-0.036174,-2.0726,0.870112,-0.092961,1.561198,-0.242418,-0.242418,-13.8895,-13.8895,1,1,0.025353,0.00064276
1771742629.002233,10.290000,0.010000,0.025016,-0.080650,-0.034492,-1.9762,0.922409,-0.075810,1.715114,-0.233412,-0.233412,-13.3735,-13.3735,1,1,0.025016,0.00062583
1771742629.012233,10.300000,0.010000,0.024678,-0.081290,-0.032396,-1.8562,0.978760,-0.059163,1.664705,-0.202176,-0.202176,-11.5839,-11.5839,1,1,0.024678,0.00060899
1771742629.022233,10.310000,0.010000,0.024340,-0.080934,-0.029952,-1.7161,1.019166,-0.043524,1.563860,-0.141496,-0.141496,-8.1071,-8.1071,1,1,0.024340,0.00059245
1771742629.032233,10.320000,0.010000,0.024006,-0.080288,-0.027245,-1.5610,1.046996,-0.030545,1.297908,-0.106608,-0.106608,-6.1082,-6.1082,1,1,0.024006,0.00057626
1771742629.042233,10.330000,0.010000,0.023677,-0.078802,-0.024409,-1.3985,1.051669,-0.021586,0.895871,-0.124468,-0.124468,-7.1315,-7.1315,1,1,0.023677,0.00056060
1771742629.052233,10.340000,0.010000,0.023345,-0.079674,-0.021406,-1.2265,1.080691,-0.013726,0.786073,-0.169038,-0.169038,-9.6852,-9.6852,1,1,0.023345,0.00054498
1771742629.062232,10.350000,0.010000,0.023019,-0.078116,-0.018345,-1.0511,1.076404,-0.007111,0.661435,-0.200805,-0.200805,-11.5053,-11.5053,1,1,0.023019,0.00052988
1771742629.072232,10.360000,0.010000,0.022695,-0.077809,-0.015260,-0.8743,1.078460,-0.003210,0.390079,-0.219647,-0.219647,-12.5848,-12.5848,1,1,0.022695,0.00051505
1771742629.082232,10.370000,0.010000,0.022381,-0.075335,-0.012318,-0.7058,1.042070,-0.003288,-0.007747,-0.255611,-0.255611,-14.6454,-14.6454,1,1,0.022381,0.00050089
1771742629.092233,10.380000,0.010000,0.022068,-0.075020,-0.009543,-0.5468,1.021081,-0.006846,-0.355845,-0.214151,-0.214151,-12.2699,-12.2699,1,1,0.022068,0.00048699
1771742629.102233,10.390000,0.010000,0.021765,-0.072763,-0.007067,-0.4049,0.967649,-0.013451,-0.660430,-0.128920,-0.128920,-7.3866,-7.3866,1,1,0.021765,0.00047370
1771742629.112233,10.400000,0.010000,0.021462,-0.072489,-0.004893,-0.2803,0.930492,-0.022720,-0.926942,-0.046498,-0.046498,-2.6641,-2.6641,1,1,0.021462,0.00046064
1771742629.122233,10.410000,0.010000,0.021169,-0.070459,-0.003126,-0.1791,0.865608,-0.034321,-1.160140,0.011832,0.011832,0.6779,0.6779,1,1,0.021169,0.00044812
1771742629.132233,10.420000,0.010000,0.020876,-0.070262,-0.001756,-0.1006,0.817486,-0.047963,-1.364188,0.010921,0.010921,0.6257,0.6257,1,1,0.020876,0.00043580
1771742629.142233,10.430000,0.010000,0.020591,-0.068461,-0.000868,-0.0497,0.745358,-0.063391,-1.542731,0.006565,0.006565,0.3762,0.3762,1,1,0.020591,0.00042397
1771742629.152233,10.440000,0.010000,0.020287,-0.072855,-0.000122,-0.0070,0.766250,-0.073399,-1.000824,0.000737,0.000737,0.0422,0.0422,1,1,0.020287,0.00041156
1771742629.162233,10.450000,0.010000,0.019990,-0.071249,0.000425,0.0243,0.729483,-0.078665,-0.526655,-0.012316,-0.012316,-0.7057,-0.7057,1,1,0.019990,0.00039960
1771742629.172233,10.460000,0.010000,0.019688,-0.072419,0.000849,0.0486,0.725477,-0.084391,-0.572530,-0.005159,-0.005159,-0.2956,-0.2956,1,1,0.019688,0.00038763
1771742629.182233,10.470000,0.010000,0.019399,-0.069427,0.000954,0.0547,0.662510,-0.092891,-0.850030,-0.003357,-0.003357,-0.1923,-0.1923,1,1,0.019399,0.00037632
1771742629.192233,10.480000,0.010000,0.019105,-0.070592,0.000813,0.0466,0.643388,-0.103819,-1.092842,0.011982,0.011982,0.6865,0.6865,1,1,0.019105,0.00036500
1771742629.202233,10.490000,0.010000,0.018822,-0.067850,0.000256,0.0147,0.570596,-0.116872,-1.305302,0.002762,0.002762,0.1583,0.1583,1,1,0.018822,0.00035428
1771742629.212233,10.500000,0.010000,0.018535,-0.069053,-0.000633,-0.0363,0.541194,-0.131784,-1.491205,-0.007448,-0.007448,-0.4267,-0.4267,1,1,0.018535,0.00034353
1771742629.222233,10.510000,0.010000,0.018240,-0.070590,-0.001718,-0.0984,0.531027,-0.142080,-1.029581,-0.025950,-0.025950,-1.4869,-1.4869,1,1,0.018240,0.00033272
1771742629.232233,10.520000,0.010000,0.017939,-0.072261,-0.002866,-0.1642,0.537812,-0.147598,-0.551818,0.008183,0.008183,0.4688,0.4688,1,1,0.017939,0.00032182
1771742629.242233,10.530000,0.010000,0.017632,-0.073739,-0.003974,-0.2277,0.555395,-0.148936,-0.133775,0.046478,0.046478,2.6630,2.6630,1,1,0.017632,0.00031090
1771742629.252233,10.540000,0.010000,0.017318,-0.075319,-0.004946,-0.2834,0.585517,-0.146616,0.232013,0.070771,0.070771,4.0549,4.0549,1,1,0.017318,0.00029993
1771742629.262233,10.550000,0.010000,0.016999,-0.076692,-0.005708,-0.3271,0.622727,-0.141095,0.552077,0.055589,0.055589,3.1850,3.1850,1,1,0.016999,0.00028896
1771742629.272233,10.560000,0.010000,0.016673,-0.078145,-0.006191,-0.3547,0.669133,-0.132774,0.832133,0.019707,0.019707,1.1291,1.1291,1,1,0.016673,0.00027800
1771742629.282233,10.570000,0.010000,0.016343,-0.079380,-0.006345,-0.3635,0.719821,-0.122002,1.077183,-0.033858,-0.033858,-1.9399,-1.9399,1,1,0.016343,0.00026708
1771742629.292233,10.580000,0.010000,0.016006,-0.080677,-0.006120,-0.3506,0.777181,-0.109086,1.291601,-0.095427,-0.095427,-5.4676,-5.4676,1,1,0.016006,0.00025620
1771742629.302233,10.590000,0.010000,0.015671,-0.080584,-0.005566,-0.3189,0.816673,-0.096095,1.299094,-0.119762,-0.119762,-6.8619,-6.8619,1,1,0.015671,0.00024557
1771742629.312232,10.600000,0.010000,0.015334,-0.080803,-0.004719,-0.2704,0.854892,-0.084503,1.159232,-0.115226,-0.115226,-6.6020,-6.6020,1,1,0.015334,0.00023513
1771742629.322232,10.610000,0.010000,0.014993,-0.081732,-0.003548,-0.2033,0.902686,-0.072442,1.206057,-0.102711,-0.102711,-5.8849,-5.8849,1,1,0.014993,0.00022480
1771742629.332232,10.620000,0.010000,0.014660,-0.079851,-0.002222,-0.1273,0.906502,-0.063042,0.940055,-0.088601,-0.088601,-5.0765,-5.0765,1,1,0.014660,0.00021493
1771742629.342233,10.630000,0.010000,0.014324,-0.080665,-0.000720,-0.0413,0.935855,-0.056093,0.694925,-0.084468,-0.084468,-4.8397,-4.8397,1,1,0.014324,0.00020518
1771742629.352233,10.640000,0.010000,0.013999,-0.078106,0.000763,0.0437,0.912831,-0.052325,0.376775,-0.086653,-0.086653,-4.9649,-4.9649,1,1,0.013999,0.00019596
1771742629.362233,10.650000,0.010000,0.013654,-0.082717,0.002536,0.1453,0.988736,-0.045537,0.678744,-0.049824,-0.049824,-2.8547,-2.8547,1,1,0.013654,0.00018643
1771742629.372233,10.660000,0.010000,0.013320,-0.080027,0.004425,0.2536,0.980892,-0.036108,0.942967,-0.099010,-0.099010,-5.6729,-5.6729,1,1,0.013320,0.00017744
1771742629.382233,10.670000,0.010000,0.012968,-0.084540,0.006721,0.3851,1.070136,-0.024366,1.174162,-0.060662,-0.060662,-3.4757,-3.4757,1,1,0.012968,0.00016817
1771742629.392233,10.680000,0.010000,0.012638,-0.079226,0.009048,0.5184,1.029758,-0.014372,0.999444,-0.010700,-0.010700,-0.6131,-0.6131,1,1,0.012638,0.00015972
1771742629.402233,10.690000,0.010000,0.012297,-0.081690,0.011539,0.6611,1.072196,-0.009117,0.525448,-0.006039,-0.006039,-0.3460,-0.3460,1,1,0.012297,0.00015123
1771742629.412233,10.700000,0.010000,0.011979,-0.076364,0.013827,0.7922,1.003376,-0.008010,0.110701,-0.120893,-0.120893,-6.9267,-6.9267,1,1,0.011979,0.00014350
1771742629.422233,10.710000,0.010000,0.011650,-0.078995,0.016083,0.9215,1.023901,-0.010532,-0.252203,-0.084559,-0.084559,-4.8449,-4.8449,1,1,0.011650,0.00013572
1771742629.432233,10.720000,0.010000,0.011343,-0.073675,0.017966,1.0294,0.934404,-0.016230,-0.569743,-0.008437,-0.008437,-0.4834,-0.4834,1,1,0.011343,0.00012866
1771742629.442233,10.730000,0.010000,0.011024,-0.076534,0.019681,1.1276,0.940348,-0.024705,-0.847591,0.075449,0.075449,4.3229,4.3229,1,1,0.011024,0.00012153
1771742629.452233,10.740000,0.010000,0.010724,-0.071977,0.020956,1.2007,0.849027,-0.034456,-0.975071,0.083426,0.083426,4.7800,4.7800,1,1,0.010724,0.00011500
1771742629.462233,10.750000,0.010000,0.010400,-0.077723,0.022215,1.2728,0.898314,-0.041224,-0.676809,0.092322,0.092322,5.2896,5.2896,1,1,0.010400,0.00010816
1771742629.472233,10.760000,0.010000,0.010099,-0.072188,0.023123,1.3249,0.809030,-0.046630,-0.540549,0.067879,0.067879,3.8892,3.8892,1,1,0.010099,0.00010200
1771742629.482233,10.770000,0.010000,0.009776,-0.077653,0.024061,1.3786,0.861267,-0.051633,-0.500295,0.069693,0.069693,3.9931,3.9931,1,1,0.009776,0.00009556
1771742629.492233,10.780000,0.010000,0.009466,-0.074374,0.024846,1.4236,0.815231,-0.052520,-0.088692,0.049940,0.049940,2.8614,2.8614,1,1,0.009466,0.00008960
1771742629.502233,10.790000,0.010000,0.009151,-0.075439,0.025537,1.4631,0.814235,-0.056786,-0.426672,0.016894,0.016894,0.9680,0.9680,1,1,0.009151,0.00008375
1771742629.512233,10.800000,0.010000,0.008833,-0.076519,0.026234,1.5031,0.825403,-0.057271,-0.048443,0.046554,0.046554,2.6674,2.6674,1,1,0.008833,0.00007801
1771742629.522233,10.810000,0.010000,0.008509,-0.077669,0.027032,1.5488,0.848482,-0.054204,0.306678,-0.000225,-0.000225,-0.0129,-0.0129,1,1,0.008509,0.00007240
1771742629.532233,10.820000,0.010000,0.008182,-0.078552,0.027994,1.6039,0.877076,-0.048183,0.602062,-0.094522,-0.094522,-5.4157,-5.4157,1,1,0.008182,0.00006694
1771742629.542233,10.830000,0.010000,0.007868,-0.075197,0.028867,1.6540,0.837986,-0.046406,0.177738,-0.155725,-0.155725,-8.9224,-8.9224,1,1,0.007868,0.00006191
1771742629.552233,10.840000,0.010000,0.007550,-0.076255,0.029704,1.7019,0.843963,-0.048341,-0.193545,-0.060402,-0.060402,-3.4608,-3.4608,1,1,0.007550,0.00005701
1771742629.562232,10.850000,0.010000,0.007228,-0.077363,0.030604,1.7535,0.862235,-0.046544,0.179714,0.021965,0.021965,1.2585,1.2585,1,1,0.007228,0.00005224
1771742629.572232,10.860000,0.010000,0.006902,-0.078333,0.031644,1.8131,0.888738,-0.041481,0.506315,-0.071279,-0.071279,-4.0840,-4.0840,1,1,0.006902,0.00004763
1771742629.582232,10.870000,0.010000,0.006571,-0.079338,0.032896,1.8848,0.924214,-0.033560,0.792092,-0.154892,-0.154892,-8.8746,-8.8746,1,1,0.006571,0.00004318
1771742629.592233,10.880000,0.010000,0.006237,-0.080184,0.034414,1.9718,0.964904,-0.023139,1.042146,-0.155203,-0.155203,-8.8925,-8.8925,1,1,0.006237,0.00003890
1771742629.602233,10.890000,0.010000,0.005902,-0.080266,0.036191,2.0736,0.998099,-0.011762,1.137726,-0.094369,-0.094369,-5.4069,-5.4069,1,1,0.005902,0.00003484
1771742629.612233,10.900000,0.010000,0.005570,-0.079720,0.038169,2.1869,1.018871,-0.001580,1.018178,-0.031410,-0.031410,-1.7996,-1.7996,1,1,0.005570,0.00003103
1771742629.622233,10.910000,0.010000,0.005245,-0.078036,0.040208,2.3037,1.012870,0.004860,0.644000,-0.031048,-0.031048,-1.7789,-1.7789,1,1,0.005245,0.00002751
1771742629.632233,10.920000,0.010000,0.004925,-0.076910,0.042216,2.4188,1.001062,0.007005,0.214434,-0.112679,-0.112679,-6.4560,-6.4560,1,1,0.004925,0.00002425
1771742629.642233,10.930000,0.010000,0.004598,-0.079476,0.044416,2.5449,1.057521,0.011948,0.494373,-0.172498,-0.172498,-9.8834,-9.8834,1,1,0.004598,0.00002114
1771742629.652233,10.940000,0.010000,0.004300,-0.071568,0.046290,2.6522,0.940160,0.012783,0.083511,-0.134348,-0.134348,-7.6976,-7.6976,1,1,0.004300,0.00001849
1771742629.662233,10.950000,0.010000,0.004017,-0.074279,0.048075,2.7545,1.011793,0.010023,-0.275994,-0.176433,-0.176433,-10.1088,-10.1088,1,1,0.004017,0.00001614
1771742629.672233,10.960000,0.010000,0.003760,-0.066547,0.049629,2.8435,0.902463,0.004118,-0.590561,-0.151229,-0.151229,-8.6648,-8.6648,1,1,0.003760,0.00001414
1771742629.682233,10.970000,0.010000,0.003520,-0.069083,0.051140,2.9301,0.981229,-0.003947,-0.806503,-0.066294,-0.066294,-3.7984,-3.7984,1,1,0.003520,0.00001239
1771742629.692233,10.980000,0.010000,0.003323,-0.057428,0.052193,2.9905,0.811260,-0.007513,-0.356624,-0.077486,-0.077486,-4.4396,-4.4396,1,1,0.003323,0.00001104
1771742629.702233,10.990000,0.010000,0.003153,-0.060998,0.053112,3.0431,0.916732,-0.014125,-0.661112,-0.127650,-0.127650,-7.3138,-7.3138,1,1,0.003153,0.00000994
1771742629.712233,11.000000,0.010000,0.003022,-0.049398,0.053699,3.0767,0.754202,-0.023400,-0.927539,-0.077309,-0.077309,-4.4295,-4.4295,1,1,0.003022,0.00000914
1771742629.722233,11.010000,0.010000,0.002916,-0.053577,0.054243,3.1079,0.875835,-0.035007,-1.160662,0.003068,0.003068,0.1758,0.1758,1,1,0.002916,0.00000850
1771742629.732233,11.020000,0.010000,0.002869,-0.036472,0.054119,3.1008,0.619014,-0.042427,-0.742029,-0.011073,-0.011073,-0.6344,-0.6344,1,1,0.002869,0.00000823
1771742629.742233,11.030000,0.010000,0.002855,-0.043021,0.053825,3.0839,0.785397,-0.045429,-0.300210,-0.028804,-0.028804,-1.6503,-1.6503,1,1,0.002855,0.00000815
1771742629.752233,11.040000,0.010000,0.002829,-0.040890,0.054132,3.1015,0.796189,-0.044565,0.086383,-0.124491,-0.124491,-7.1328,-7.1328,1,1,0.002829,0.00000801
1771742629.762233,11.050000,0.010000,0.002839,-0.034937,0.054238,3.1076,0.739417,-0.047300,-0.273481,-0.247661,-0.247661,-14.1899,-14.1899,1,1,0.002839,0.00000806
1771742629.772233,11.060000,0.010000,0.002869,-0.035130,0.054377,3.1156,0.792667,-0.053184,-0.588362,-0.150006,-0.150006,-8.5947,-8.5947,1,1,0.002869,0.00000823
1771742629.782233,11.070000,0.010000,0.002963,-0.020425,0.053806,3.0828,0.579759,-0.061822,-0.863882,-0.095857,-0.095857,-5.4922,-5.4922,1,1,0.002963,0.00000878
1771742629.792233,11.080000,0.010000,0.003076,-0.027884,0.053282,3.0528,0.761302,-0.072872,-1.104963,-0.057241,-0.057241,-3.2796,-3.2796,1,1,0.003076,0.00000946
1771742629.802233,11.090000,0.010000,0.003254,-0.006931,0.051964,2.9773,0.424155,-0.082667,-0.979461,-0.004333,-0.004333,-0.2483,-0.2483,1,1,0.003254,0.00001059
1771742629.812232,11.100000,0.010000,0.003458,-0.017889,0.050515,2.8943,0.662983,-0.087746,-0.507963,-0.008182,-0.008182,-0.4688,-0.4688,1,1,0.003458,0.00001196
1771742629.822232,11.110000,0.010000,0.003652,-0.011451,0.049561,2.8396,0.587344,-0.088700,-0.095402,-0.048577,-0.048577,-2.7833,-2.7833,1,1,0.003652,0.00001334
1771742629.832232,11.120000,0.010000,0.003849,-0.016286,0.048869,2.8000,0.709497,-0.093026,-0.432542,-0.113415,-0.113415,-6.4982,-6.4982,1,1,0.003849,0.00001482
1771742629.842233,11.130000,0.010000,0.004081,-0.004441,0.047613,2.7280,0.474969,-0.093320,-0.029409,-0.038857,-0.038857,-2.2263,-2.2263,1,1,0.004081,0.00001665
1771742629.852233,11.140000,0.010000,0.004303,-0.015757,0.046543,2.6667,0.705914,-0.090086,0.323333,-0.101719,-0.101719,-5.8281,-5.8281,1,1,0.004303,0.00001851
1771742629.862233,11.150000,0.010000,0.004522,-0.007175,0.045732,2.6203,0.579194,-0.083767,0.631982,-0.206937,-0.206937,-11.8566,-11.8566,1,1,0.004522,0.00002045
1771742629.872233,11.160000,0.010000,0.004730,-0.017179,0.045338,2.5977,0.779604,-0.076896,0.687032,-0.281235,-0.281235,-16.1136,-16.1136,1,1,0.004730,0.00002237
1771742629.882233,11.170000,0.010000,0.004954,-0.005165,0.044663,2.5590,0.547792,-0.074375,0.252087,-0.324410,-0.324410,-18.5873,-18.5873,1,1,0.004954,0.00002454
1771742629.892233,11.180000,0.010000,0.005169,-0.016442,0.044123,2.5280,0.765346,-0.075660,-0.128489,-0.219814,-0.219814,-12.5944,-12.5944,1,1,0.005169,0.00002672
1771742629.902233,11.190000,0.010000,0.005400,-0.003641,0.043283,2.4799,0.515027,-0.080275,-0.461494,-0.139332,-0.139332,-7.9832,-7.9832,1,1,0.005400,0.00002916
1771742629.912233,11.200000,0.010000,0.005620,-0.016241,0.042588,2.4401,0.750046,-0.082223,-0.194768,-0.059240,-0.059240,-3.3942,-3.3942,1,1,0.005620,0.00003159
1771742629.922233,11.210000,0.010000,0.005845,-0.004640,0.041825,2.3964,0.541196,-0.080436,0.178644,-0.094098,-0.094098,-5.3914,-5.3914,1,1,0.005845,0.00003417
1771742629.932233,11.220000,0.010000,0.006055,-0.017423,0.041334,2.3682,0.773115,-0.075383,0.505379,-0.179302,-0.179302,-10.2732,-10.2732,1,1,0.006055,0.00003667
1771742629.942233,11.230000,0.010000,0.006254,-0.009609,0.041068,2.3530,0.637152,-0.067470,0.791273,-0.282034,-0.282034,-16.1593,-16.1593,1,1,0.006254,0.00003911
1771742629.952233,11.240000,0.010000,0.006430,-0.021155,0.041207,2.3610,0.841913,-0.064037,0.343298,-0.323331,-0.323331,-18.5255,-18.5255,1,1,0.006430,0.00004135
1771742629.962233,11.250000,0.010000,0.006632,-0.005492,0.040744,2.3345,0.529859,-0.064524,-0.048680,-0.269386,-0.269386,-15.4347,-15.4347,1,1,0.006632,0.00004398
1771742629.972233,11.260000,0.010000,0.006825,-0.019665,0.040272,2.3074,0.777678,-0.061459,0.306471,-0.142565,-0.142565,-8.1684,-8.1684,1,1,0.006825,0.00004659
1771742629.982233,11.270000,0.010000,0.006992,-0.014331,0.040230,2.3050,0.677541,-0.062268,-0.080904,-0.262167,-0.262167,-15.0211,-15.0211,1,1,0.006992,0.00004889
1771742629.992233,11.280000,0.010000,0.007135,-0.024114,0.040548,2.3233,0.843108,-0.066467,-0.419857,-0.165580,-0.165580,-9.4870,-9.4870,1,1,0.007135,0.00005091
1771742630.002233,11.290000,0.010000,0.007330,-0.003499,0.039674,2.2732,0.423156,-0.073631,-0.716441,-0.092779,-0.092779,-5.3159,-5.3159,1,1,0.007330,0.00005374
1771742630.012233,11.300000,0.010000,0.007520,-0.020752,0.038629,2.2133,0.718126,-0.083391,-0.975951,0.016316,0.016316,0.9348,0.9348,1,1,0.007520,0.00005656
1771742630.022233,11.310000,0.010000,0.007714,-0.005512,0.037397,2.1427,0.431839,-0.095421,-1.203023,0.019743,0.019743,1.1312,1.1312,1,1,0.007714,0.00005950
1771742630.032233,11.320000,0.010000,0.007884,-0.023198,0.036436,2.0876,0.727624,-0.102457,-0.703580,0.063319,0.063319,3.6279,3.6279,1,1,0.007884,0.00006216
1771742630.042233,11.330000,0.010000,0.008072,-0.004128,0.034841,1.9962,0.333578,-0.105122,-0.266566,0.034568,0.034568,1.9806,1.9806,1,1,0.008072,0.00006515
1771742630.052233,11.340000,0.010000,0.008237,-0.024263,0.033306,1.9083,0.666232,-0.103964,0.115820,0.055390,0.055390,3.1736,3.1736,1,1,0.008237,0.00006786
1771742630.062232,11.350000,0.010000,0.008375,-0.014158,0.032050,1.8363,0.461526,-0.106441,-0.247723,-0.040864,-0.040864,-2.3413,-2.3413,1,1,0.008375,0.00007014
1771742630.072232,11.360000,0.010000,0.008469,-0.032330,0.031315,1.7942,0.751984,-0.112100,-0.565823,0.036401,0.036401,2.0856,2.0856,1,1,0.008469,0.00007173
1771742630.082232,11.370000,0.010000,0.008625,-0.002474,0.029081,1.6662,0.158437,-0.120541,-0.844161,0.036540,0.036540,2.0936,2.0936,1,1,0.008625,0.00007439
1771742630.092233,11.380000,0.010000,0.008777,-0.026866,0.026502,1.5185,0.553934,-0.131418,-1.087707,0.105921,0.105921,6.0688,6.0688,1,1,0.008777,0.00007703
1771742630.102233,11.390000,0.010000,0.008865,-0.021571,0.024709,1.4157,0.420396,-0.137445,-0.602678,0.035079,0.035079,2.0099,2.0099,1,1,0.008865,0.00007859
1771742630.112233,11.400000,0.010000,0.008909,-0.035984,0.023339,1.3372,0.630179,-0.146209,-0.876409,0.058013,0.058013,3.3239,3.3239,1,1,0.008909,0.00007938
1771742630.122233,11.410000,0.010000,0.009006,-0.011245,0.020664,1.1840,0.149407,-0.150387,-0.417792,0.052659,0.052659,3.0172,3.0172,1,1,0.009006,0.00008111
1771742630.132233,11.420000,0.010000,0.009079,-0.036525,0.018019,1.0324,0.544895,-0.150552,-0.016502,0.092828,0.092828,5.3186,5.3186,1,1,0.009079,0.00008242
1771742630.142233,11.430000,0.010000,0.009077,-0.033211,0.016226,0.9297,0.431112,-0.147206,0.334626,0.066844,0.066844,3.8299,3.8299,1,1,0.009077,0.00008239
1771742630.152233,11.440000,0.010000,0.009000,-0.053288,0.015278,0.8754,0.725657,-0.140787,0.641864,0.060038,0.060038,3.4400,3.4400,1,1,0.009000,0.00008100
1771742630.162233,11.450000,0.010000,0.008950,-0.029878,0.013343,0.7645,0.254366,-0.131680,0.910697,0.031251,0.031251,1.7905,1.7905,1,1,0.008950,0.00008011
1771742630.172233,11.460000,0.010000,0.008880,-0.053249,0.011284,0.6465,0.605068,-0.120221,1.145926,0.054991,0.054991,3.1507,3.1507,1,1,0.008880,0.00007886
1771742630.182233,11.470000,0.010000,0.008659,-0.069781,0.011332,0.6493,0.830157,-0.106703,1.351751,-0.093254,-0.093254,-5.3431,-5.3431,1,1,0.008659,0.00007498
1771742630.192233,11.480000,0.010000,0.008452,-0.052452,0.010586,0.6065,0.460625,-0.098366,0.833716,-0.067208,-0.067208,-3.8507,-3.8507,1,1,0.008452,0.00007143
1771742630.202233,11.490000,0.010000,0.008223,-0.071260,0.009711,0.5564,0.729620,-0.087581,1.078567,0.042567,0.042567,2.4389,2.4389,1,1,0.008223,0.00006762
1771742630.212233,11.500000,0.010000,0.007873,-0.084560,0.010431,0.5976,0.899732,-0.074652,1.292812,-0.082221,-0.082221,-4.7109,-4.7109,1,1,0.007873,0.00006198
1771742630.222233,11.510000,0.010000,0.007522,-0.084136,0.011647,0.6673,0.952057,-0.059850,1.480277,-0.052713,-0.052713,-3.0202,-3.0202,1,1,0.007522,0.00005658
1771742630.232233,11.520000,0.010000,0.007183,-0.081296,0.013056,0.7481,0.951687,-0.047984,1.186602,0.017207,0.017207,0.9859,0.9859,1,1,0.007183,0.00005160
1771742630.242233,11.530000,0.010000,0.006838,-0.082993,0.014737,0.8444,1.000574,-0.034734,1.324956,-0.004076,-0.004076,-0.2336,-0.2336,1,1,0.006838,0.00004675
1771742630.252233,11.540000,0.010000,0.006494,-0.082424,0.016644,0.9536,1.024192,-0.023810,1.092419,0.070212,0.070212,4.0228,4.0228,1,1,0.006494,0.00004217
1771742630.262233,11.550000,0.010000,0.006153,-0.081934,0.018721,1.0726,1.041838,-0.010761,1.304933,0.052620,0.052620,3.0149,3.0149,1,1,0.006153,0.00003785
1771742630.272233,11.560000,0.010000,0.005813,-0.081504,0.020926,1.1990,1.055021,-0.001060,0.970062,0.134528,0.134528,7.7079,7.7079,1,1,0.005813,0.00003379
1771742630.282233,11.570000,0.010000,0.005475,-0.081116,0.023228,1.3308,1.064868,0.006577,0.763730,0.076664,0.076664,4.3925,4.3925,1,1,0.005475,0.00002997
1771742630.292233,11.580000,0.010000,0.005138,-0.080760,0.025603,1.4669,1.072226,0.009769,0.319198,0.036114,0.036114,2.0692,2.0692,1,1,0.005138,0.00002640
1771742630.302233,11.590000,0.010000,0.004803,-0.080426,0.028035,1.6063,1.077728,0.015422,0.565269,-0.061895,-0.061895,-3.5463,-3.5463,1,1,0.004803,0.00002307
1771742630.312232,11.600000,0.010000,0.004469,-0.080109,0.030510,1.7481,1.081850,0.016877,0.145544,0.001725,0.001725,0.0988,0.0988,1,1,0.004469,0.00001997
1771742630.322232,11.610000,0.010000,0.004137,-0.079803,0.033020,1.8919,1.084948,0.014660,-0.221715,-0.079929,-0.079929,-4.5796,-4.5796,1,1,0.004137,0.00001711
1771742630.332232,11.620000,0.010000,0.003811,-0.078323,0.035470,2.0323,1.066942,0.016211,0.155066,-0.094423,-0.094423,-5.4101,-5.4101,1,1,0.003811,0.00001452
1771742630.342233,11.630000,0.010000,0.003496,-0.076931,0.037803,2.1659,1.053347,0.014077,-0.213383,-0.105929,-0.105929,-6.0693,-6.0693,1,1,0.003496,0.00001222
1771742630.352233,11.640000,0.010000,0.003204,-0.072998,0.039861,2.2839,1.000975,0.008719,-0.535776,-0.105955,-0.105955,-6.0708,-6.0708,1,1,0.003204,0.00001026
1771742630.362233,11.650000,0.010000,0.002927,-0.073006,0.041835,2.3969,1.025123,0.007522,-0.119738,-0.049823,-0.049823,-2.8547,-2.8547,1,1,0.002927,0.00000857
1771742630.372233,11.660000,0.010000,0.002666,-0.069774,0.043761,2.5073,0.996925,0.006072,-0.144978,-0.145486,-0.145486,-8.3357,-8.3357,1,1,0.002666,0.00000711
1771742630.382233,11.670000,0.010000,0.002422,-0.068938,0.045670,2.6167,1.017003,0.008294,0.222210,-0.145511,-0.145511,-8.3372,-8.3372,1,1,0.002422,0.00000586
1771742630.392233,11.680000,0.010000,0.002190,-0.067277,0.047682,2.7320,1.027513,0.013729,0.543500,-0.198057,-0.198057,-11.3478,-11.3478,1,1,0.002190,0.00000480
1771742630.402233,11.690000,0.010000,0.001976,-0.065015,0.049744,2.8501,1.032511,0.021976,0.824628,-0.177969,-0.177969,-10.1969,-10.1969,1,1,0.001976,0.00000390
1771742630.412233,11.700000,0.010000,0.001783,-0.062283,0.051825,2.9694,1.034256,0.028812,0.683610,-0.134319,-0.134319,-7.6959,-7.6959,1,1,0.001783,0.00000318
1771742630.422233,11.710000,0.010000,0.001617,-0.059176,0.053909,3.0888,1.034274,0.031303,0.249093,-0.188842,-0.188842,-10.8199,-10.8199,1,1,0.001617,0.00000261
1771742630.432233,11.720000,0.010000,0.001477,-0.055765,0.055988,3.2079,1.033607,0.029992,-0.131109,-0.256257,-0.256257,-14.6824,-14.6824,1,1,0.001477,0.00000218
1771742630.442233,11.730000,0.010000,0.001368,-0.052107,0.058060,3.3266,1.032981,0.026458,-0.353332,-0.251446,-0.251446,-14.4068,-14.4068,1,1,0.001368,0.00000187
1771742630.452233,11.740000,0.010000,0.001306,-0.044753,0.059869,3.4302,0.970243,0.019876,-0.658231,-0.249215,-0.249215,-14.2790,-14.2790,1,1,0.001306,0.00000170
1771742630.462233,11.750000,0.010000,0.001286,-0.041212,0.061507,3.5241,0.979283,0.010626,-0.925018,-0.228702,-0.228702,-13.1037,-13.1037,1,1,0.001286,0.00000165
1771742630.472233,11.760000,0.010000,0.001338,-0.027558,0.062470,3.5793,0.809568,-0.000959,-1.158457,-0.216829,-0.216829,-12.4234,-12.4234,1,1,0.001338,0.00000179
1771742630.482233,11.770000,0.010000,0.001439,-0.027891,0.063209,3.6216,0.891820,-0.014083,-1.312449,-0.127867,-0.127867,-7.3262,-7.3262,1,1,0.001439,0.00000207
1771742630.492233,11.780000,0.010000,0.001595,-0.014895,0.063580,3.6429,0.735297,-0.022077,-0.799327,-0.118808,-0.118808,-6.8072,-6.8072,1,1,0.001595,0.00000254
1771742630.502233,11.790000,0.010000,0.001789,-0.017034,0.063906,3.6615,0.849265,-0.032561,-1.048477,-0.193651,-0.193651,-11.0954,-11.0954,1,1,0.001789,0.00000320
1771742630.512233,11.800000,0.010000,0.002039,-0.002766,0.063532,3.6401,0.587254,-0.045226,-1.266483,-0.133607,-0.133607,-7.6551,-7.6551,1,1,0.002039,0.00000416
1771742630.522233,11.810000,0.010000,0.002311,-0.008457,0.063010,3.6102,0.760598,-0.059799,-1.457239,-0.096055,-0.096055,-5.5036,-5.5036,1,1,0.002311,0.00000534
1771742630.532233,11.820000,0.010000,0.002602,0.000008,0.062005,3.5526,0.501891,-0.074570,-1.477130,-0.006049,-0.006049,-0.3466,-0.3466,1,1,0.002602,0.00000677
1771742630.542233,11.830000,0.010000,0.002881,-0.008228,0.061020,3.4962,0.713175,-0.084004,-0.943423,-0.035619,-0.035619,-2.0408,-2.0408,1,1,0.002881,0.00000830
1771742630.552233,11.840000,0.010000,0.003168,0.000007,0.059473,3.4075,0.404876,-0.095750,-1.174561,-0.033471,-0.033471,-1.9177,-1.9177,1,1,0.003168,0.00001004
1771742630.562232,11.850000,0.010000,0.003429,-0.011022,0.057948,3.3202,0.656994,-0.109518,-1.376806,-0.016878,-0.016878,-0.9670,-0.9670,1,1,0.003429,0.00001176
1771742630.572232,11.860000,0.010000,0.003712,0.002727,0.055491,3.1794,0.227421,-0.125055,-1.553771,0.060202,0.060202,3.4493,3.4493,1,1,0.003712,0.00001378
1771742630.582232,11.870000,0.010000,0.003967,-0.012632,0.052922,3.0322,0.546163,-0.140575,-1.551999,0.084684,0.084684,4.8521,4.8521,1,1,0.003967,0.00001574
1771742630.592233,11.880000,0.010000,0.004225,0.000004,0.049917,2.8600,0.181984,-0.151591,-1.101580,0.075488,0.075488,4.3251,4.3251,1,1,0.004225,0.00001785
1771742630.602233,11.890000,0.010000,0.004446,-0.017132,0.047095,2.6983,0.519325,-0.159746,-0.815473,0.091416,0.091416,5.2377,5.2377,1,1,0.004446,0.00001977
1771742630.612233,11.900000,0.010000,0.004681,0.000003,0.043789,2.5089,0.129273,-0.163391,-0.364473,0.064820,0.064820,3.7139,3.7139,1,1,0.004681,0.00002192
1771742630.622233,11.910000,0.010000,0.004891,-0.018964,0.040659,2.3296,0.486084,-0.163089,0.030152,0.082063,0.082063,4.7019,4.7019,1,1,0.004891,0.00002392
1771742630.632233,11.920000,0.010000,0.005110,-0.001220,0.037450,2.1457,0.177934,-0.166316,-0.322683,0.042149,0.042149,2.4150,2.4150,1,1,0.005110,0.00002612
1771742630.642233,11.930000,0.010000,0.005311,-0.020027,0.034625,1.9838,0.518402,-0.165649,0.066718,0.089421,0.089421,5.1234,5.1234,1,1,0.005311,0.00002820
1771742630.652233,11.940000,0.010000,0.005516,-0.003336,0.031719,1.8173,0.222710,-0.161574,0.407444,0.063494,0.063494,3.6379,3.6379,1,1,0.005516,0.00003043
1771742630.662233,11.950000,0.010000,0.005700,-0.022002,0.029175,1.6716,0.548360,-0.154519,0.705580,0.081629,0.081629,4.6770,4.6770,1,1,0.005700,0.00003249
1771742630.672233,11.960000,0.010000,0.005850,-0.014553,0.027136,1.5548,0.404802,-0.144854,0.966448,0.024181,0.024181,1.3855,1.3855,1,1,0.005850,0.00003422
1771742630.682233,11.970000,0.010000,0.005958,-0.030300,0.025712,1.4732,0.668101,-0.132907,1.194708,-0.022679,-0.022679,-1.2994,-1.2994,1,1,0.005958,0.00003550
1771742630.692233,11.980000,0.010000,0.006053,-0.020537,0.024376,1.3967,0.475672,-0.118963,1.394435,-0.121173,-0.121173,-6.9427,-6.9427,1,1,0.006053,0.00003664
1771742630.702233,11.990000,0.010000,0.006118,-0.035281,0.023391,1.3402,0.714916,-0.103271,1.569197,-0.116342,-0.116342,-6.6659,-6.6659,1,1,0.006118,0.00003743
1771742630.712233,12.000000,0.010000,0.006111,-0.040290,0.023467,1.3446,0.778481,-0.086050,1.722113,-0.248498,-0.248498,-14.2379,-14.2379,1,1,0.006111,0.00003735
1771742630.722233,12.010000,0.010000,0.006064,-0.045601,0.024049,1.3779,0.847245,-0.067490,1.855915,-0.240554,-0.240554,-13.7827,-13.7827,1,1,0.006064,0.00003678
1771742630.732233,12.020000,0.010000,0.005976,-0.050858,0.025148,1.4409,0.915927,-0.047761,1.972991,-0.206874,-0.206874,-11.8530,-11.8530,1,1,0.005976,0.00003571
1771742630.742233,12.030000,0.010000,0.005864,-0.052079,0.026475,1.5169,0.915193,-0.033688,1.407253,-0.111085,-0.111085,-6.3647,-6.3647,1,1,0.005864,0.00003439
1771742630.752233,12.040000,0.010000,0.005723,-0.057991,0.028154,1.6131,1.000471,-0.019219,1.446888,-0.153710,-0.153710,-8.8070,-8.8070,1,1,0.005723,0.00003275
1771742630.762233,12.050000,0.010000,0.005565,-0.057175,0.029988,1.7182,0.969879,-0.010050,0.916962,-0.059459,-0.059459,-3.4067,-3.4067,1,1,0.005565,0.00003097
1771742630.772233,12.060000,0.010000,0.005392,-0.061525,0.031990,1.8329,1.035104,0.001465,1.151407,-0.143382,-0.143382,-8.2152,-8.2152,1,1,0.005392,0.00002907
1771742630.782233,12.070000,0.010000,0.005193,-0.064176,0.034369,1.9692,1.074405,0.009218,0.775367,-0.038942,-0.038942,-2.2312,-2.2312,1,1,0.005193,0.00002696
1771742630.792233,12.080000,0.010000,0.004986,-0.063908,0.036847,2.1112,1.067089,0.018270,0.905138,-0.102675,-0.102675,-5.8829,-5.8829,1,1,0.004986,0.00002486
1771742630.802233,12.090000,0.010000,0.004775,-0.065360,0.039417,2.2584,1.095887,0.022699,0.442930,-0.061045,-0.061045,-3.4976,-3.4976,1,1,0.004775,0.00002280
1771742630.812232,12.100000,0.010000,0.004579,-0.060797,0.041777,2.3936,1.023474,0.023084,0.038498,-0.151975,-0.151975,-8.7075,-8.7075,1,1,0.004579,0.00002097
1771742630.822232,12.110000,0.010000,0.004394,-0.062391,0.044069,2.5249,1.066065,0.019930,-0.315380,-0.194496,-0.194496,-11.1438,-11.1438,1,1,0.004394,0.00001930
1771742630.832232,12.120000,0.010000,0.004240,-0.053900,0.045947,2.6326,0.934249,0.013680,-0.625024,-0.185664,-0.185664,-10.6377,-10.6377,1,1,0.004240,0.00001797
1771742630.842233,12.130000,0.010000,0.004104,-0.056623,0.047684,2.7321,1.006614,0.004720,-0.895962,-0.110481,-0.110481,-6.3301,-6.3301,1,1,0.004104,0.00001684
1771742630.852233,12.140000,0.010000,0.004017,-0.043243,0.048779,2.7949,0.795988,-0.006610,-1.133032,-0.110271,-0.110271,-6.3181,-6.3181,1,1,0.004017,0.00001614
1771742630.862233,12.150000,0.010000,0.003956,-0.048231,0.049666,2.8456,0.915425,-0.020015,-1.340469,0.020073,0.020073,1.1501,1.1501,1,1,0.003956,0.00001565
1771742630.872233,12.160000,0.010000,0.003940,-0.033810,0.050014,2.8656,0.690876,-0.031399,-1.138380,-0.004186,-0.004186,-0.2399,-0.2399,1,1,0.003940,0.00001553
1771742630.882233,12.170000,0.010000,0.003946,-0.040683,0.050259,2.8796,0.846773,-0.044850,-1.345148,0.007003,0.007003,0.4012,0.4012,1,1,0.003946,0.00001557
1771742630.892233,12.180000,0.010000,0.003999,-0.024195,0.049942,2.8614,0.586732,-0.053129,-0.827939,0.007181,0.007181,0.4114,0.4114,1,1,0.003999,0.00001599
1771742630.902233,12.190000,0.010000,0.004071,-0.033168,0.049558,2.8395,0.779734,-0.063865,-1.073512,-0.030339,-0.030339,-1.7383,-1.7383,1,1,0.004071,0.00001657
1771742630.912233,12.200000,0.010000,0.004176,-0.018436,0.048863,2.7996,0.549179,-0.069767,-0.590257,-0.012742,-0.012742,-0.7300,-0.7300,1,1,0.004176,0.00001744
1771742630.922233,12.210000,0.010000,0.004290,-0.028425,0.048264,2.7653,0.757167,-0.073881,-0.411350,-0.056891,-0.056891,-3.2596,-3.2596,1,1,0.004290,0.00001840
1771742630.932233,12.220000,0.010000,0.004423,-0.015899,0.047553,2.7246,0.562271,-0.073989,-0.010866,-0.084579,-0.084579,-4.8460,-4.8460,1,1,0.004423,0.00001956
1771742630.942233,12.230000,0.010000,0.004557,-0.026035,0.047055,2.6961,0.768627,-0.077575,-0.358573,-0.149271,-0.149271,-8.5526,-8.5526,1,1,0.004557,0.00002077
1771742630.952233,12.240000,0.010000,0.004738,-0.006748,0.045867,2.6280,0.436604,-0.084203,-0.662818,-0.082480,-0.082480,-4.7258,-4.7258,1,1,0.004738,0.00002245
1771742630.962233,12.250000,0.010000,0.004929,-0.019822,0.044631,2.5572,0.690187,-0.093494,-0.929031,-0.003176,-0.003176,-0.1820,-0.1820,1,1,0.004929,0.00002429
1771742630.972233,12.260000,0.010000,0.005129,-0.007149,0.043320,2.4821,0.465394,-0.098132,-0.463837,0.022758,0.022758,1.3039,1.3039,1,1,0.005129,0.00002630
1771742630.982233,12.270000,0.010000,0.005316,-0.020304,0.042290,2.4230,0.712957,-0.099649,-0.151741,-0.002995,-0.002995,-0.1716,-0.1716,1,1,0.005316,0.00002826
1771742630.992233,12.280000,0.010000,0.005517,-0.006254,0.040994,2.3488,0.447638,-0.097486,0.216293,-0.024490,-0.024490,-1.4031,-1.4031,1,1,0.005517,0.00003044
1771742631.002233,12.290000,0.010000,0.005705,-0.020376,0.039886,2.2853,0.705443,-0.092103,0.538322,-0.089777,-0.089777,-5.1439,-5.1439,1,1,0.005705,0.00003255
1771742631.012233,12.300000,0.010000,0.005865,-0.015612,0.039318,2.2528,0.624433,-0.083902,0.820098,-0.221164,-0.221164,-12.6718,-12.6718,1,1,0.005865,0.00003440
1771742631.022233,12.310000,0.010000,0.005993,-0.026865,0.039318,2.2528,0.824975,-0.073236,1.066651,-0.292073,-0.292073,-16.7345,-16.7345,1,1,0.005993,0.00003592
1771742631.032233,12.320000,0.010000,0.006146,-0.011918,0.038886,2.2280,0.559877,-0.067393,0.584254,-0.340249,-0.340249,-19.4949,-19.4949,1,1,0.006146,0.00003777
1771742631.042233,12.330000,0.010000,0.006294,-0.024844,0.038525,2.2073,0.787148,-0.060562,0.683143,-0.255792,-0.255792,-14.6558,-14.6558,1,1,0.006294,0.00003962
1771742631.052233,12.340000,0.010000,0.006407,-0.022834,0.038763,2.2209,0.747269,-0.058075,0.248684,-0.322698,-0.322698,-18.4893,-18.4893,1,1,0.006407,0.00004105
1771742631.062232,12.350000,0.010000,0.006509,-0.026612,0.039136,2.2423,0.809312,-0.059390,-0.131467,-0.245950,-0.245950,-14.0919,-14.0919,1,1,0.006509,0.00004237
1771742631.072232,12.360000,0.010000,0.006643,-0.016017,0.038920,2.2299,0.616838,-0.064031,-0.464100,-0.148832,-0.148832,-8.5275,-8.5275,1,1,0.006643,0.00004413
1771742631.082232,12.370000,0.010000,0.006759,-0.028569,0.038968,2.2327,0.832758,-0.066337,-0.230617,-0.053966,-0.053966,-3.0920,-3.0920,1,1,0.006759,0.00004569
1771742631.092233,12.380000,0.010000,0.006896,-0.013245,0.038580,2.2104,0.554397,-0.064864,0.147276,-0.107298,-0.107298,-6.1477,-6.1477,1,1,0.006896,0.00004756
1771742631.102233,12.390000,0.010000,0.007026,-0.027372,0.038275,2.1930,0.795718,-0.060085,0.477932,-0.177348,-0.177348,-10.1613,-10.1613,1,1,0.007026,0.00004936
1771742631.112233,12.400000,0.010000,0.007110,-0.026521,0.038673,2.2158,0.769652,-0.052948,0.713618,-0.288412,-0.288412,-16.5248,-16.5248,1,1,0.007110,0.00005055
1771742631.122233,12.410000,0.010000,0.007173,-0.032020,0.039353,2.2547,0.855614,-0.049391,0.355737,-0.332705,-0.332705,-19.0626,-19.0626,1,1,0.007173,0.00005145
1771742631.132233,12.420000,0.010000,0.007261,-0.021384,0.039496,2.2630,0.657057,-0.049769,-0.037796,-0.281252,-0.281252,-16.1146,-16.1146,1,1,0.007261,0.00005272
1771742631.142233,12.430000,0.010000,0.007331,-0.034046,0.039870,2.2844,0.869947,-0.053590,-0.382138,-0.164376,-0.164376,-9.4181,-9.4181,1,1,0.007331,0.00005374
1771742631.152233,12.440000,0.010000,0.007444,-0.013511,0.039399,2.2574,0.496434,-0.060425,-0.683436,-0.092815,-0.092815,-5.3179,-5.3179,1,1,0.007444,0.00005541
1771742631.162233,12.450000,0.010000,0.007558,-0.029518,0.038814,2.2239,0.767577,-0.069896,-0.947073,0.006682,0.006682,0.3829,0.3829,1,1,0.007558,0.00005712
1771742631.172233,12.460000,0.010000,0.007681,-0.014077,0.037948,2.1742,0.481268,-0.081673,-1.177754,0.002068,0.002068,0.1185,0.1185,1,1,0.007681,0.00005901
1771742631.182233,12.470000,0.010000,0.007787,-0.030750,0.037289,2.1365,0.759979,-0.095469,-1.379601,0.042776,0.042776,2.4509,2.4509,1,1,0.007787,0.00006063
1771742631.192233,12.480000,0.010000,0.007952,-0.002521,0.035231,2.0186,0.200043,-0.111031,-1.556217,0.048190,0.048190,2.7611,2.7611,1,1,0.007952,0.00006324
1771742631.202233,12.490000,0.010000,0.008116,-0.025033,0.032867,1.8832,0.577093,-0.121157,-1.012624,0.107823,0.107823,6.1778,6.1778,1,1,0.008116,0.00006587
1771742631.212233,12.500000,0.010000,0.008229,-0.018510,0.031196,1.7874,0.436177,-0.126527,-0.536980,0.037033,0.037033,2.1219,2.1219,1,1,0.008229,0.00006772
1771742631.222233,12.510000,0.010000,0.008285,-0.036981,0.030283,1.7351,0.732055,-0.127735,-0.120792,0.050234,0.050234,2.8782,2.8782,1,1,0.008285,0.00006865
1771742631.232233,12.520000,0.010000,0.008419,-0.003046,0.027640,1.5837,0.078936,-0.132283,-0.454758,0.043069,0.043069,2.4677,2.4677,1,1,0.008419,0.00007088
1771742631.242233,12.530000,0.010000,0.008558,-0.028703,0.024541,1.4061,0.496932,-0.139753,-0.746979,0.110008,0.110008,6.3030,6.3030,1,1,0.008558,0.00007324
1771742631.252233,12.540000,0.010000,0.008612,-0.027535,0.022598,1.2948,0.434984,-0.149779,-1.002673,0.050888,0.050888,2.9157,2.9157,1,1,0.008612,0.00007417
1771742631.262233,12.550000,0.010000,0.008654,-0.031109,0.020520,1.1757,0.453440,-0.162043,-1.226405,0.066048,0.066048,3.7843,3.7843,1,1,0.008654,0.00007489
1771742631.272233,12.560000,0.010000,0.008692,-0.028499,0.018105,1.0374,0.359789,-0.169284,-0.724038,0.065584,0.065584,3.7577,3.7577,1,1,0.008692,0.00007555
1771742631.282233,12.570000,0.010000,0.008678,-0.042620,0.016194,0.9278,0.556549,-0.172128,-0.284468,0.075023,0.075023,4.2985,4.2985,1,1,0.008678,0.00007530
1771742631.292233,12.580000,0.010000,0.008692,-0.023822,0.013327,0.7636,0.171327,-0.171127,0.100157,0.099821,0.099821,5.7193,5.7193,1,1,0.008692,0.00007555
1771742631.302233,12.590000,0.010000,0.008665,-0.048418,0.010728,0.6147,0.546456,-0.166760,0.436703,0.078561,0.078561,4.5012,4.5012,1,1,0.008665,0.00007508
1771742631.312232,12.600000,0.010000,0.008573,-0.043245,0.008735,0.5005,0.392224,-0.159448,0.731181,0.109322,0.109322,6.2637,6.2637,1,1,0.008573,0.00007350
1771742631.322232,12.610000,0.010000,0.008411,-0.063554,0.007440,0.4263,0.684405,-0.149560,0.988849,0.083346,0.083346,4.7754,4.7754,1,1,0.008411,0.00007075
1771742631.332232,12.620000,0.010000,0.008232,-0.050772,0.005888,0.3374,0.392193,-0.137416,1.214309,0.058937,0.058937,3.3769,3.3769,1,1,0.008232,0.00006777
1771742631.342233,12.630000,0.010000,0.008011,-0.070685,0.004535,0.2598,0.676124,-0.123301,1.411586,0.063011,0.063011,3.6103,3.6103,1,1,0.008011,0.00006417
1771742631.352233,12.640000,0.010000,0.007675,-0.081308,0.004604,0.2638,0.793492,-0.107459,1.584204,-0.029778,-0.029778,-1.7062,-1.7062,1,1,0.007675,0.00005890
1771742631.362233,12.650000,0.010000,0.007321,-0.084831,0.005210,0.2985,0.883183,-0.090106,1.735244,0.005989,0.005989,0.3431,0.3431,1,1,0.007321,0.00005360
1771742631.372233,12.660000,0.010000,0.006971,-0.084099,0.006223,0.3565,0.926779,-0.071432,1.867404,0.016637,0.016637,0.9532,0.9532,1,1,0.006971,0.00004859
1771742631.382233,12.670000,0.010000,0.006623,-0.083417,0.007538,0.4319,0.958408,-0.056142,1.529005,0.089548,0.089548,5.1307,5.1307,1,1,0.006623,0.00004387
1771742631.392233,12.680000,0.010000,0.006278,-0.082848,0.009077,0.5201,0.981626,-0.040868,1.527378,0.081634,0.081634,4.6773,4.6773,1,1,0.006278,0.00003941
1771742631.402233,12.690000,0.010000,0.005935,-0.082364,0.010781,0.6177,0.998536,-0.027562,1.330651,0.127474,0.127474,7.3037,7.3037,1,1,0.005935,0.00003522
1771742631.412233,12.700000,0.010000,0.005593,-0.081943,0.012605,0.7222,1.010714,-0.014739,1.282309,0.135309,0.135309,7.7526,7.7526,1,1,0.005593,0.00003129
1771742631.422233,12.710000,0.010000,0.005253,-0.081567,0.014515,0.8317,1.019339,-0.000419,1.431997,0.170723,0.170723,9.7817,9.7817,1,1,0.005253,0.00002760
1771742631.432233,12.720000,0.010000,0.004915,-0.081225,0.016488,0.9447,1.025293,0.009454,0.987239,0.235913,0.235913,13.5168,13.5168,1,1,0.004915,0.00002416
1771742631.442233,12.730000,0.010000,0.004578,-0.080908,0.018504,1.0602,1.029238,0.021583,1.212900,0.181916,0.181916,10.4230,10.4230,1,1,0.004578,0.00002096
1771742631.452233,12.740000,0.010000,0.004242,-0.080608,0.020550,1.1774,1.031667,0.029303,0.772045,0.247728,0.247728,14.1938,14.1938,1,1,0.004242,0.00001799
1771742631.462233,12.750000,0.010000,0.003907,-0.080321,0.022614,1.2957,1.032951,0.033007,0.370428,0.176769,0.176769,10.1281,10.1281,1,1,0.003907,0.00001527
1771742631.472233,12.760000,0.010000,0.003574,-0.080043,0.024689,1.4146,1.033367,0.036758,0.375045,0.081559,0.081559,4.6730,4.6730,1,1,0.003574,0.00001277
1771742631.482233,12.770000,0.010000,0.003241,-0.079771,0.026770,1.5338,1.033121,0.036549,-0.020902,0.085415,0.085415,4.8939,4.8939,1,1,0.003241,0.00001051
1771742631.492233,12.780000,0.010000,0.002911,-0.079344,0.028843,1.6526,1.031512,0.032875,-0.367355,0.028902,0.028902,1.6560,1.6560,1,1,0.002911,0.00000848
1771742631.502233,12.790000,0.010000,0.002587,-0.078610,0.030891,1.7699,1.028028,0.030846,-0.202977,0.001350,0.001350,0.0774,0.0774,1,1,0.002587,0.00000669
1771742631.512233,12.800000,0.010000,0.002271,-0.077361,0.032891,1.8845,1.022016,0.032560,0.171461,-0.004039,-0.004039,-0.2314,-0.2314,1,1,0.002271,0.00000516
1771742631.522233,12.810000,0.010000,0.001969,-0.075701,0.034831,1.9956,1.014680,0.037551,0.499094,-0.008059,-0.008059,-0.4618,-0.4618,1,1,0.001969,0.00000388
1771742631.532233,12.820000,0.010000,0.001684,-0.073666,0.036702,2.1029,1.006566,0.045409,0.785773,0.052522,0.052522,3.0093,3.0093,1,1,0.001684,0.00000283
1771742631.542233,12.830000,0.010000,0.001417,-0.071300,0.038502,2.2060,0.998188,0.055775,1.036617,0.147153,0.147153,8.4312,8.4312,1,1,0.001417,0.00000201
1771742631.552233,12.840000,0.010000,0.001172,-0.068643,0.040232,2.3051,0.989914,0.068336,1.256106,0.198941,0.198941,11.3985,11.3985,1,1,0.001172,0.00000137
1771742631.562232,12.850000,0.010000,0.000951,-0.065728,0.041895,2.4004,0.982024,0.082818,1.448159,0.197393,0.197393,11.3098,11.3098,1,1,0.000951,0.00000090
1771742631.572232,12.860000,0.010000,0.000756,-0.062586,0.043494,2.4920,0.974745,0.095205,1.238725,0.102715,0.102715,5.8851,5.8851,1,1,0.000756,0.00000057
1771742631.582232,12.870000,0.010000,0.000588,-0.059248,0.045038,2.5805,0.968262,0.109534,1.432950,0.002236,0.002236,0.1281,0.1281,1,1,0.000588,0.00000035
1771742631.592233,12.880000,0.010000,0.000449,-0.055741,0.046533,2.6661,0.962733,0.118582,0.904765,-0.153557,-0.153557,-8.7981,-8.7981,1,1,0.000449,0.00000020
1771742631.602233,12.890000,0.010000,0.000340,-0.052092,0.047989,2.7495,0.958295,0.123008,0.442604,-0.179616,-0.179616,-10.2912,-10.2912,1,1,0.000340,0.00000012
1771742631.612233,12.900000,0.010000,0.000263,-0.048329,0.049414,2.8312,0.955069,0.123390,0.038213,-0.221686,-0.221686,-12.7017,-12.7017,1,1,0.000263,0.00000007
1771742631.622233,12.910000,0.010000,0.000217,-0.044476,0.050821,2.9119,0.953163,0.120234,-0.315630,-0.236801,-0.236801,-13.5677,-13.5677,1,1,0.000217,0.00000005
1771742631.632233,12.920000,0.010000,0.000204,-0.040557,0.052221,2.9921,0.952672,0.113982,-0.625242,-0.204208,-0.204208,-11.7002,-11.7002,1,1,0.000204,0.00000004
1771742631.642233,12.930000,0.010000,0.000224,-0.036596,0.053626,3.0726,0.953680,0.105020,-0.896153,-0.196819,-0.196819,-11.2769,-11.2769,1,1,0.000224,0.00000005
1771742631.652233,12.940000,0.010000,0.000277,-0.032613,0.055049,3.1541,0.956260,0.093688,-1.133199,-0.187679,-0.187679,-10.7532,-10.7532,1,1,0.000277,0.00000008
1771742631.662233,12.950000,0.010000,0.000363,-0.028630,0.056504,3.2374,0.960477,0.087263,-0.642484,-0.179883,-0.179883,-10.3065,-10.3065,1,1,0.000363,0.00000013
1771742631.672233,12.960000,0.010000,0.000483,-0.024663,0.058004,3.3234,0.966384,0.085132,-0.213107,-0.261979,-0.261979,-15.0103,-15.0103,1,1,0.000483,0.00000023
1771742631.682233,12.970000,0.010000,0.000635,-0.020730,0.059565,3.4128,0.974027,0.086758,0.162597,-0.305932,-0.305932,-17.5286,-17.5286,1,1,0.000635,0.00000040
1771742631.692233,12.980000,0.010000,0.000819,-0.016844,0.061200,3.5065,0.983439,0.091671,0.491338,-0.326821,-0.326821,-18.7255,-18.7255,1,1,0.000819,0.00000067
1771742631.702233,12.990000,0.010000,0.001036,-0.013018,0.062925,3.6053,0.994642,0.093052,0.138043,-0.351377,-0.351377,-20.1324,-20.1324,1,1,0.001036,0.00000107
1771742631.712233,13.000000,0.010000,0.001279,-0.010500,0.064784,3.7118,1.014662,0.090769,-0.228279,-0.313692,-0.313692,-17.9732,-17.9732,1,1,0.001279,0.00000164
1771742631.722233,13.010000,0.010000,0.001539,-0.009002,0.066834,3.8293,1.040378,0.085281,-0.548810,-0.287422,-0.287422,-16.4681,-16.4681,1,1,0.001539,0.00000237
1771742631.732233,13.020000,0.010000,0.001812,-0.007458,0.069088,3.9585,1.064579,0.076988,-0.829274,-0.276840,-0.276840,-15.8618,-15.8618,1,1,0.001812,0.00000328
1771742631.742233,13.030000,0.010000,0.002097,-0.005893,0.071539,4.0989,1.088129,0.066241,-1.074681,-0.265135,-0.265135,-15.1911,-15.1911,1,1,0.002097,0.00000440
1771742631.752233,13.040000,0.010000,0.002402,-0.002992,0.074028,4.2415,1.073726,0.053347,-1.289412,-0.257352,-0.257352,-14.7452,-14.7452,1,1,0.002402,0.00000577
1771742631.762233,13.050000,0.010000,0.002729,0.000018,0.076002,4.3546,0.956969,0.038574,-1.477301,-0.248197,-0.248197,-14.2206,-14.2206,1,1,0.002729,0.00000745
1771742631.772233,13.060000,0.010000,0.003063,0.000019,0.077610,4.4467,0.958459,0.022157,-1.641704,-0.223103,-0.223103,-12.7828,-12.7828,1,1,0.003063,0.00000938
1771742631.782233,13.070000,0.010000,0.003396,0.000082,0.078620,4.5046,0.809115,0.004302,-1.785557,-0.193093,-0.193093,-11.0634,-11.0634,1,1,0.003396,0.00001153
1771742631.792233,13.080000,0.010000,0.003721,0.000017,0.079153,4.5351,0.810550,-0.014813,-1.911428,-0.123417,-0.123417,-7.0713,-7.0713,1,1,0.003721,0.00001385
1771742631.802233,13.090000,0.010000,0.004049,0.001053,0.079019,4.5275,0.645529,-0.035028,-2.021566,-0.060736,-0.060736,-3.4799,-3.4799,1,1,0.004049,0.00001640
1771742631.812232,13.100000,0.010000,0.004369,0.000014,0.078442,4.4944,0.668765,-0.056208,-2.117936,-0.067535,-0.067535,-3.8695,-3.8695,1,1,0.004369,0.00001909
1771742631.822232,13.110000,0.010000,0.004699,0.003673,0.077063,4.4154,0.453851,-0.078230,-2.202260,-0.012908,-0.012908,-0.7396,-0.7396,1,1,0.004699,0.00002208
1771742631.832232,13.120000,0.010000,0.005019,0.000013,0.075410,4.3207,0.558836,-0.100991,-2.276043,-0.023353,-0.023353,-1.3380,-1.3380,1,1,0.005019,0.00002519
1771742631.842233,13.130000,0.010000,0.005375,0.011723,0.072590,4.1591,0.190965,-0.124397,-2.340603,0.035628,0.035628,2.0414,2.0414,1,1,0.005375,0.00002889
1771742631.852233,13.140000,0.010000,0.005687,-0.006392,0.070115,4.0173,0.568743,-0.144775,-2.037813,0.081809,0.081809,4.6873,4.6873,1,1,0.005687,0.00003234
1771742631.862233,13.150000,0.010000,0.006076,0.026500,0.065734,3.7663,-0.196960,-0.161283,-1.650821,0.092610,0.092610,5.3062,5.3062,1,1,0.006076,0.00003692
1771742631.872233,13.160000,0.010000,0.006440,-0.003278,0.061083,3.4998,0.343117,-0.174265,-1.298152,0.108750,0.108750,6.2309,6.2309,1,1,0.006440,0.00004148
1771742631.882233,13.170000,0.010000,0.006720,0.000271,0.057199,3.2773,0.100784,-0.184650,-1.038595,0.057673,0.057673,3.3044,3.3044,1,1,0.006720,0.00004516
1771742631.892233,13.180000,0.010000,0.006923,-0.018879,0.054010,3.0945,0.462486,-0.192594,-0.794326,0.077391,0.077391,4.4342,4.4342,1,1,0.006923,0.00004792
1771742631.902233,13.190000,0.010000,0.007169,0.007307,0.049254,2.8221,-0.207292,-0.196407,-0.381362,0.052361,0.052361,3.0001,3.0001,1,1,0.007169,0.00005140
1771742631.912233,13.200000,0.010000,0.007370,-0.022147,0.044503,2.5498,0.323148,-0.196254,0.015374,0.053710,0.053710,3.0774,3.0774,1,1,0.007370,0.00005431
1771742631.922233,13.210000,0.010000,0.007521,-0.010497,0.040628,2.3278,0.116678,-0.192628,0.362518,0.067977,0.067977,3.8948,3.8948,1,1,0.007521,0.00005656
1771742631.932233,13.220000,0.010000,0.007613,-0.033859,0.037739,2.1623,0.521014,-0.185966,0.666269,0.068107,0.068107,3.9023,3.9023,1,1,0.007613,0.00005796
1771742631.942233,13.230000,0.010000,0.007751,-0.003602,0.033854,1.9397,-0.044347,-0.176645,0.932051,0.015682,0.015682,0.8985,0.8985,1,1,0.007751,0.00006008
1771742631.952233,13.240000,0.010000,0.007877,-0.030661,0.029984,1.7180,0.414334,-0.164999,1.164611,0.032362,0.032362,1.8542,1.8542,1,1,0.007877,0.00006205
1771742631.962233,13.250000,0.010000,0.007871,-0.039984,0.028219,1.6168,0.550667,-0.151318,1.368100,-0.000984,-0.000984,-0.0564,-0.0564,1,1,0.007871,0.00006195
1771742631.972233,13.260000,0.010000,0.007846,-0.036555,0.026518,1.5193,0.458989,-0.135857,1.546154,-0.068154,-0.068154,-3.9049,-3.9049,1,1,0.007846,0.00006156
1771742631.982233,13.270000,0.010000,0.007758,-0.054122,0.025659,1.4702,0.735051,-0.118837,1.701950,-0.062164,-0.062164,-3.5618,-3.5618,1,1,0.007758,0.00006019
1771742631.992233,13.280000,0.010000,0.007658,-0.042661,0.024725,1.4166,0.497574,-0.100454,1.838272,-0.158114,-0.158114,-9.0593,-9.0593,1,1,0.007658,0.00005864
1771742632.002233,13.290000,0.010000,0.007525,-0.059300,0.024073,1.3793,0.756029,-0.080879,1.957554,-0.093384,-0.093384,-5.3505,-5.3505,1,1,0.007525,0.00005663
1771742632.012233,13.300000,0.010000,0.007294,-0.069241,0.024852,1.4239,0.894674,-0.063560,1.731896,-0.200810,-0.200810,-11.5056,-11.5056,1,1,0.007294,0.00005320
1771742632.022233,13.310000,0.010000,0.007044,-0.065170,0.025648,1.4695,0.788456,-0.045941,1.761891,-0.115770,-0.115770,-6.6331,-6.6331,1,1,0.007044,0.00004962
1771742632.032233,13.320000,0.010000,0.006766,-0.075315,0.026702,1.5299,0.937113,-0.033653,1.228773,-0.093200,-0.093200,-5.3399,-5.3399,1,1,0.006766,0.00004578
1771742632.042233,13.330000,0.010000,0.006443,-0.077689,0.028296,1.6212,0.950644,-0.022733,1.092042,-0.074246,-0.074246,-4.2540,-4.2540,1,1,0.006443,0.00004151
1771742632.052233,13.340000,0.010000,0.006101,-0.082122,0.030195,1.7301,1.026441,-0.011394,1.133875,-0.049787,-0.049787,-2.8526,-2.8526,1,1,0.006101,0.00003722
1771742632.062232,13.350000,0.010000,0.005761,-0.081476,0.032368,1.8546,1.055198,-0.001456,0.993765,0.026135,0.026135,1.4974,1.4974,1,1,0.005761,0.00003319
1771742632.072232,13.360000,0.010000,0.005438,-0.077422,0.034493,1.9763,1.015171,0.003748,0.520478,0.009190,0.009190,0.5266,0.5266,1,1,0.005438,0.00002958
1771742632.082232,13.370000,0.010000,0.005105,-0.080241,0.036759,2.1062,1.060202,0.007325,0.357672,-0.100560,-0.100560,-5.7617,-5.7617,1,1,0.005105,0.00002606
1771742632.092233,13.380000,0.010000,0.004796,-0.073977,0.038745,2.2199,0.971055,0.006964,-0.036103,-0.119379,-0.119379,-6.8399,-6.8399,1,1,0.004796,0.00002301
1771742632.102233,13.390000,0.010000,0.004491,-0.077005,0.040725,2.3334,1.032322,0.003158,-0.380656,-0.115958,-0.115958,-6.6439,-6.6439,1,1,0.004491,0.00002017
1771742632.112233,13.400000,0.010000,0.004224,-0.065902,0.042128,2.4137,0.847777,-0.003664,-0.682140,-0.090425,-0.090425,-5.1810,-5.1810,1,1,0.004224,0.00001784
1771742632.122233,13.410000,0.010000,0.003978,-0.070367,0.043311,2.4815,0.945610,-0.013123,-0.945938,0.019226,0.019226,1.1016,1.1016,1,1,0.003978,0.00001582
1771742632.132233,13.420000,0.010000,0.003758,-0.060680,0.044183,2.5315,0.795175,-0.023156,-1.003254,0.014012,0.014012,0.8028,0.8028,1,1,0.003758,0.00001412
1771742632.142233,13.430000,0.010000,0.003554,-0.065404,0.045001,2.5784,0.905273,-0.035425,-1.226913,0.087605,0.087605,5.0194,5.0194,1,1,0.003554,0.00001263
1771742632.152233,13.440000,0.010000,0.003409,-0.047774,0.044988,2.5776,0.619714,-0.045468,-1.004316,0.051033,0.051033,2.9240,2.9240,1,1,0.003409,0.00001162
1771742632.162233,13.450000,0.010000,0.003294,-0.055335,0.044700,2.5611,0.785421,-0.051434,-0.596643,0.096431,0.096431,5.5251,5.5251,1,1,0.003294,0.00001085
1771742632.172233,13.460000,0.010000,0.003162,-0.053695,0.044970,2.5766,0.787274,-0.054286,-0.285142,0.031683,0.031683,1.8153,1.8153,1,1,0.003162,0.00001000
1771742632.182233,13.470000,0.010000,0.003044,-0.052026,0.045252,2.5927,0.790221,-0.053724,0.056237,-0.028581,-0.028581,-1.6376,-1.6376,1,1,0.003044,0.00000927
1771742632.192233,13.480000,0.010000,0.002933,-0.052241,0.045697,2.6183,0.828317,-0.049741,0.398273,-0.113208,-0.113208,-6.4863,-6.4863,1,1,0.002933,0.00000861
1771742632.202233,13.490000,0.010000,0.002834,-0.049924,0.046243,2.6495,0.822847,-0.042765,0.697555,-0.230512,-0.230512,-13.2073,-13.2073,1,1,0.002834,0.00000803
1771742632.212233,13.500000,0.010000,0.002744,-0.049833,0.046918,2.6882,0.858905,-0.040152,0.261295,-0.301864,-0.301864,-17.2955,-17.2955,1,1,0.002744,0.00000753
1771742632.222233,13.510000,0.010000,0.002688,-0.042192,0.047307,2.7105,0.761900,-0.041357,-0.120433,-0.232467,-0.232467,-13.3194,-13.3194,1,1,0.002688,0.00000723
1771742632.232233,13.520000,0.010000,0.002645,-0.045860,0.047814,2.7395,0.868252,-0.045901,-0.454445,-0.132577,-0.132577,-7.5961,-7.5961,1,1,0.002645,0.00000700
1771742632.242233,13.530000,0.010000,0.002659,-0.029596,0.047636,2.7293,0.619434,-0.051467,-0.556548,-0.076627,-0.076627,-4.3904,-4.3904,1,1,0.002659,0.00000707
1771742632.252233,13.540000,0.010000,0.002704,-0.035968,0.047274,2.7086,0.775184,-0.052846,-0.137914,-0.032927,-0.032927,-1.8866,-1.8866,1,1,0.002704,0.00000731
1771742632.262233,13.550000,0.010000,0.002724,-0.037003,0.047683,2.7321,0.834380,-0.050562,0.228391,-0.137483,-0.137483,-7.8772,-7.8772,1,1,0.002724,0.00000742
1771742632.272233,13.560000,0.010000,0.002769,-0.030833,0.048002,2.7503,0.765206,-0.045073,0.548908,-0.253525,-0.253525,-14.5259,-14.5259,1,1,0.002769,0.00000767
1771742632.282233,13.570000,0.010000,0.002820,-0.034541,0.048544,2.7813,0.872709,-0.036779,0.829361,-0.326534,-0.326534,-18.7090,-18.7090,1,1,0.002820,0.00000795
1771742632.292233,13.580000,0.010000,0.002867,-0.033030,0.049504,2.8364,0.887102,-0.026032,1.074756,-0.347593,-0.347593,-19.9156,-19.9156,1,1,0.002867,0.00000822
1771742632.302233,13.590000,0.010000,0.002922,-0.032664,0.050670,2.9032,0.922958,-0.018817,0.721427,-0.332792,-0.332792,-19.0676,-19.0676,1,1,0.002922,0.00000854
1771742632.312232,13.600000,0.010000,0.003004,-0.026835,0.051709,2.9627,0.862455,-0.015995,0.282183,-0.350887,-0.350887,-20.1044,-20.1044,1,1,0.003004,0.00000903
1771742632.322232,13.610000,0.010000,0.003099,-0.028930,0.052896,3.0307,0.944316,-0.017017,-0.102156,-0.331933,-0.331933,-19.0183,-19.0183,1,1,0.003099,0.00000961
1771742632.332232,13.620000,0.010000,0.003251,-0.014103,0.053446,3.0622,0.724984,-0.021402,-0.438452,-0.283669,-0.283669,-16.2530,-16.2530,1,1,0.003251,0.00001057
1771742632.342233,13.630000,0.010000,0.003433,-0.019199,0.053838,3.0847,0.860972,-0.028729,-0.732712,-0.234567,-0.234567,-13.4397,-13.4397,1,1,0.003433,0.00001178
1771742632.352233,13.640000,0.010000,0.003643,-0.008490,0.054012,3.0946,0.697027,-0.038631,-0.990189,-0.174910,-0.174910,-10.0216,-10.0216,1,1,0.003643,0.00001327
1771742632.362233,13.650000,0.010000,0.003864,-0.014709,0.054285,3.1103,0.850243,-0.050374,-1.174336,-0.092868,-0.092868,-5.3209,-5.3209,1,1,0.003864,0.00001493
1771742632.372233,13.660000,0.010000,0.004124,-0.000555,0.053766,3.0806,0.533448,-0.057159,-0.678478,-0.027539,-0.027539,-1.5779,-1.5779,1,1,0.004124,0.00001701
1771742632.382233,13.670000,0.010000,0.004386,-0.010663,0.053100,3.0424,0.751489,-0.059605,-0.244603,-0.116488,-0.116488,-6.6743,-6.6743,1,1,0.004386,0.00001924
1771742632.392233,13.680000,0.010000,0.004652,-0.001632,0.052606,3.0141,0.613706,-0.065236,-0.563093,-0.191182,-0.191182,-10.9539,-10.9539,1,1,0.004652,0.00002164
1771742632.402233,13.690000,0.010000,0.004910,-0.010980,0.052483,3.0071,0.811369,-0.073653,-0.841772,-0.110848,-0.110848,-6.3511,-6.3511,1,1,0.004910,0.00002411
1771742632.412233,13.700000,0.010000,0.005193,0.002498,0.051230,2.9352,0.377096,-0.084510,-1.085617,-0.039760,-0.039760,-2.2781,-2.2781,1,1,0.005193,0.00002696
1771742632.422233,13.710000,0.010000,0.005450,-0.012262,0.049722,2.8489,0.664729,-0.097499,-1.298980,0.002003,0.002003,0.1148,0.1148,1,1,0.005450,0.00002970
1771742632.432233,13.720000,0.010000,0.005708,0.000007,0.047854,2.7418,0.343134,-0.112356,-1.485674,0.058605,0.058605,3.3578,3.3578,1,1,0.005708,0.00003258
1771742632.442233,13.730000,0.010000,0.005935,-0.016248,0.046179,2.6459,0.647605,-0.128846,-1.649030,0.080887,0.080887,4.6345,4.6345,1,1,0.005935,0.00003522
1771742632.452233,13.740000,0.010000,0.006190,0.004006,0.043163,2.4731,0.077339,-0.146766,-1.791967,0.081374,0.081374,4.6624,4.6624,1,1,0.006190,0.00003832
1771742632.462233,13.750000,0.010000,0.006412,-0.018162,0.039892,2.2856,0.476555,-0.163879,-1.711287,0.106394,0.106394,6.0959,6.0959,1,1,0.006412,0.00004111
1771742632.472233,13.760000,0.010000,0.006633,0.000003,0.036379,2.0843,0.094033,-0.175362,-1.148311,0.054778,0.054778,3.1386,3.1386,1,1,0.006633,0.00004400
1771742632.482233,13.770000,0.010000,0.006818,-0.022645,0.033216,1.9032,0.487552,-0.181919,-0.655706,0.081251,0.081251,4.6553,4.6553,1,1,0.006818,0.00004649
1771742632.492233,13.780000,0.010000,0.007020,0.000002,0.029485,1.6894,0.031423,-0.184166,-0.224677,0.056636,0.056636,3.2450,3.2450,1,1,0.007020,0.00004928
1771742632.502233,13.790000,0.010000,0.007192,-0.024558,0.025940,1.4862,0.445468,-0.182641,0.152474,0.077462,0.077462,4.4383,4.4383,1,1,0.007192,0.00005173
1771742632.512233,13.800000,0.010000,0.007319,-0.015193,0.022990,1.3172,0.252287,-0.177816,0.482480,0.080850,0.080850,4.6323,4.6323,1,1,0.007319,0.00005356
1771742632.522233,13.810000,0.010000,0.007388,-0.036085,0.020785,1.1909,0.587989,-0.177085,0.073104,0.074896,0.074896,4.2912,4.2912,1,1,0.007388,0.00005459
1771742632.532233,13.820000,0.010000,0.007501,-0.008001,0.017494,1.0023,0.055157,-0.172955,0.413032,0.114837,0.114837,6.5797,6.5797,1,1,0.007501,0.00005627
1771742632.542233,13.830000,0.010000,0.007604,-0.033058,0.014069,0.8061,0.455892,-0.165850,0.710469,0.083298,0.083298,4.7726,4.7726,1,1,0.007604,0.00005782
1771742632.552233,13.840000,0.010000,0.007571,-0.044720,0.012642,0.7243,0.611884,-0.156143,0.970726,0.082185,0.082185,4.7089,4.7089,1,1,0.007571,0.00005731
1771742632.562232,13.850000,0.010000,0.007525,-0.037500,0.010982,0.6292,0.432366,-0.144158,1.198451,0.070052,0.070052,4.0137,4.0137,1,1,0.007525,0.00005663
1771742632.572232,13.860000,0.010000,0.007427,-0.055518,0.009822,0.5627,0.696538,-0.130181,1.397711,0.005330,0.005330,0.3054,0.3054,1,1,0.007427,0.00005516
1771742632.582232,13.870000,0.010000,0.007270,-0.054713,0.009238,0.5293,0.626161,-0.114461,1.572063,-0.052547,-0.052547,-3.0107,-3.0107,1,1,0.007270,0.00005285
1771742632.592233,13.880000,0.010000,0.007054,-0.068656,0.009212,0.5278,0.816722,-0.097215,1.724621,-0.099391,-0.099391,-5.6947,-5.6947,1,1,0.007054,0.00004976
1771742632.602233,13.890000,0.010000,0.006784,-0.070106,0.009688,0.5551,0.787285,-0.078633,1.858109,-0.036131,-0.036131,-2.0702,-2.0702,1,1,0.006784,0.00004602
1771742632.612233,13.900000,0.010000,0.006465,-0.080250,0.010589,0.6067,0.914501,-0.058884,1.974911,-0.045974,-0.045974,-2.6341,-2.6341,1,1,0.006465,0.00004179
1771742632.622233,13.910000,0.010000,0.006119,-0.082924,0.011996,0.6873,0.967959,-0.044444,1.444005,0.096762,0.096762,5.5441,5.5441,1,1,0.006119,0.00003744
1771742632.632233,13.920000,0.010000,0.005776,-0.082370,0.013615,0.7801,0.989764,-0.029206,1.523833,0.087234,0.087234,4.9982,4.9982,1,1,0.005776,0.00003336
1771742632.642233,13.930000,0.010000,0.005435,-0.081895,0.015388,0.8817,1.005661,-0.015449,1.375695,0.147025,0.147025,8.4239,8.4239,1,1,0.005435,0.00002953
1771742632.652233,13.940000,0.010000,0.005095,-0.081479,0.017275,0.9898,1.017126,-0.004156,1.129317,0.167982,0.167982,9.6247,9.6247,1,1,0.005095,0.00002596
1771742632.662233,13.950000,0.010000,0.004757,-0.081105,0.019245,1.1027,1.025268,0.009216,1.337218,0.154516,0.154516,8.8531,8.8531,1,1,0.004757,0.00002263
1771742632.672233,13.960000,0.010000,0.004420,-0.080763,0.021275,1.2189,1.030915,0.018477,0.926026,0.225453,0.225453,12.9175,12.9175,1,1,0.004420,0.00001954
1771742632.682233,13.970000,0.010000,0.004085,-0.080443,0.023346,1.3376,1.034686,0.026440,0.796359,0.169370,0.169370,9.7042,9.7042,1,1,0.004085,0.00001669
1771742632.692233,13.980000,0.010000,0.003751,-0.080140,0.025446,1.4580,1.037047,0.031892,0.545151,0.153055,0.153055,8.7694,8.7694,1,1,0.003751,0.00001407
1771742632.702233,13.990000,0.010000,0.003419,-0.079849,0.027566,1.5794,1.038343,0.033171,0.127941,0.097086,0.097086,5.5626,5.5626,1,1,0.003419,0.00001169
1771742632.712233,14.000000,0.010000,0.003088,-0.079491,0.029693,1.7013,1.038440,0.030800,-0.237118,0.014884,0.014884,0.8528,0.8528,1,1,0.003088,0.00000953
1771742632.722233,14.010000,0.010000,0.002761,-0.078879,0.031811,1.8226,1.036600,0.025234,-0.556544,-0.006974,-0.006974,-0.3996,-0.3996,1,1,0.002761,0.00000762
1771742632.732233,14.020000,0.010000,0.002443,-0.077717,0.033891,1.9418,1.031711,0.017564,-0.767074,-0.019473,-0.019473,-1.1157,-1.1157,1,1,0.002443,0.00000597
1771742632.742233,14.030000,0.010000,0.002137,-0.076099,0.035917,2.0579,1.025047,0.009621,-0.794228,0.005267,0.005267,0.3018,0.3018,1,1,0.002137,0.00000457
1771742632.752233,14.040000,0.010000,0.001848,-0.074097,0.037879,2.1703,1.017485,0.006163,-0.345884,0.006203,0.006203,0.3554,0.3554,1,1,0.001848,0.00000342
1771742632.762233,14.050000,0.010000,0.001578,-0.071746,0.039773,2.2788,1.009499,0.006627,0.046418,-0.046937,-0.046937,-2.6893,-2.6893,1,1,0.001578,0.00000249
1771742632.772233,14.060000,0.010000,0.001329,-0.069088,0.041600,2.3835,1.001517,0.010524,0.389681,-0.113054,-0.113054,-6.4775,-6.4775,1,1,0.001329,0.00000177
1771742632.782233,14.070000,0.010000,0.001105,-0.066158,0.043361,2.4844,0.993856,0.017424,0.690037,-0.142639,-0.142639,-8.1726,-8.1726,1,1,0.001105,0.00000122
1771742632.792233,14.080000,0.010000,0.000906,-0.062990,0.045061,2.5818,0.986769,0.026952,0.952848,-0.100969,-0.100969,-5.7851,-5.7851,1,1,0.000906,0.00000082
1771742632.802233,14.090000,0.010000,0.000735,-0.059613,0.046706,2.6761,0.980459,0.038781,1.182808,-0.033127,-0.033127,-1.8980,-1.8980,1,1,0.000735,0.00000054
1771742632.812232,14.100000,0.010000,0.000593,-0.056058,0.048304,2.7676,0.975096,0.052621,1.384023,0.011133,0.011133,0.6379,0.6379,1,1,0.000593,0.00000035
1771742632.822232,14.110000,0.010000,0.000482,-0.052351,0.049864,2.8570,0.970830,0.065175,1.255430,0.013296,0.013296,0.7618,0.7618,1,1,0.000482,0.00000023
1771742632.832232,14.120000,0.010000,0.000403,-0.048521,0.051395,2.9447,0.967788,0.072669,0.749436,-0.091737,-0.091737,-5.2561,-5.2561,1,1,0.000403,0.00000016
1771742632.842233,14.130000,0.010000,0.000356,-0.044592,0.052909,3.0315,0.966085,0.075736,0.306690,-0.210707,-0.210707,-12.0726,-12.0726,1,1,0.000356,0.00000013
1771742632.852233,14.140000,0.010000,0.000342,-0.040589,0.054418,3.1179,0.965821,0.074929,-0.080712,-0.281192,-0.281192,-16.1111,-16.1111,1,1,0.000342,0.00000012
1771742632.862233,14.150000,0.010000,0.000363,-0.036536,0.055934,3.2048,0.967086,0.070732,-0.419689,-0.290261,-0.290261,-16.6307,-16.6307,1,1,0.000363,0.00000013
1771742632.872233,14.160000,0.010000,0.000417,-0.032455,0.057471,3.2929,0.969958,0.063569,-0.716293,-0.267840,-0.267840,-15.3461,-15.3461,1,1,0.000417,0.00000017
1771742632.882233,14.170000,0.010000,0.000505,-0.028365,0.059042,3.3829,0.974506,0.056399,-0.717075,-0.253735,-0.253735,-14.5380,-14.5380,1,1,0.000505,0.00000025
1771742632.892233,14.180000,0.010000,0.000627,-0.024287,0.060661,3.4756,0.980787,0.046634,-0.976507,-0.272289,-0.272289,-15.6010,-15.6010,1,1,0.000627,0.00000039
1771742632.902233,14.190000,0.010000,0.000783,-0.020236,0.062344,3.5721,0.988851,0.034598,-1.203509,-0.265469,-0.265469,-15.2103,-15.2103,1,1,0.000783,0.00000061
1771742632.912233,14.200000,0.010000,0.000973,-0.016227,0.064106,3.6730,0.998732,0.020577,-1.402137,-0.255814,-0.255814,-14.6571,-14.6571,1,1,0.000973,0.00000095
1771742632.922233,14.210000,0.010000,0.001221,-0.006022,0.065259,3.7391,0.841720,0.005384,-1.519329,-0.232420,-0.232420,-13.3167,-13.3167,1,1,0.001221,0.00000149
1771742632.932233,14.220000,0.010000,0.001504,-0.006254,0.066218,3.7940,0.918366,-0.004420,-0.980347,-0.152029,-0.152029,-8.7106,-8.7106,1,1,0.001504,0.00000226
1771742632.942233,14.230000,0.010000,0.001813,-0.000214,0.067028,3.8404,0.817154,-0.009507,-0.508738,-0.249985,-0.249985,-14.3231,-14.3231,1,1,0.001813,0.00000329
1771742632.952233,14.240000,0.010000,0.002138,-0.001058,0.067901,3.8905,0.910455,-0.010468,-0.096080,-0.287097,-0.287097,-16.4495,-16.4495,1,1,0.002138,0.00000457
1771742632.962233,14.250000,0.010000,0.002467,0.000014,0.068643,3.9330,0.799535,-0.014799,-0.433135,-0.317654,-0.317654,-18.2003,-18.2003,1,1,0.002467,0.00000609
1771742632.972233,14.260000,0.010000,0.002794,0.000016,0.069268,3.9688,0.856757,-0.022080,-0.728059,-0.292539,-0.292539,-16.7613,-16.7613,1,1,0.002794,0.00000781
1771742632.982233,14.270000,0.010000,0.003123,0.000013,0.069517,3.9830,0.716321,-0.031941,-0.986118,-0.248251,-0.248251,-14.2238,-14.2238,1,1,0.003123,0.00000975
1771742632.992233,14.280000,0.010000,0.003445,0.000016,0.069510,3.9826,0.764405,-0.044060,-1.211919,-0.166218,-0.166218,-9.5236,-9.5236,1,1,0.003445,0.00001186
1771742633.002233,14.290000,0.010000,0.003767,0.000012,0.069024,3.9548,0.607171,-0.058155,-1.409495,-0.097946,-0.097946,-5.6119,-5.6119,1,1,0.003767,0.00001419
1771742633.012233,14.300000,0.010000,0.004081,0.000014,0.068207,3.9080,0.650935,-0.073979,-1.582374,-0.074750,-0.074750,-4.2829,-4.2829,1,1,0.004081,0.00001665
1771742633.022233,14.310000,0.010000,0.004398,0.000547,0.066826,3.8289,0.477200,-0.091315,-1.733643,-0.010605,-0.010605,-0.6076,-0.6076,1,1,0.004398,0.00001934
1771742633.032233,14.320000,0.010000,0.004706,-0.000054,0.065097,3.7298,0.531185,-0.109975,-1.866003,0.000379,0.000379,0.0217,0.0217,1,1,0.004706,0.00002215
1771742633.042233,14.330000,0.010000,0.005018,0.001234,0.062759,3.5958,0.338499,-0.128205,-1.822983,0.049017,0.049017,2.8085,2.8085,1,1,0.005018,0.00002518
1771742633.052233,14.340000,0.010000,0.005296,-0.005710,0.060480,3.4652,0.506301,-0.141232,-1.302691,0.057654,0.057654,3.3033,3.3033,1,1,0.005296,0.00002805
1771742633.062232,14.350000,0.010000,0.005583,0.001650,0.057477,3.2932,0.194730,-0.149140,-0.790789,0.058601,0.058601,3.3576,3.3576,1,1,0.005583,0.00003117
1771742633.072232,14.360000,0.010000,0.005808,-0.017049,0.054947,3.1482,0.558541,-0.159550,-1.041006,0.053679,0.053679,3.0756,3.0756,1,1,0.005808,0.00003373
1771742633.082232,14.370000,0.010000,0.006081,0.009756,0.050828,2.9122,-0.118677,-0.172149,-1.259946,0.079484,0.079484,4.5541,4.5541,1,1,0.006081,0.00003698
1771742633.092233,14.380000,0.010000,0.006325,-0.016180,0.046458,2.6618,0.360832,-0.186665,-1.451519,0.094230,0.094230,5.3990,5.3990,1,1,0.006325,0.00004001
1771742633.102233,14.390000,0.010000,0.006551,0.000002,0.042175,2.4165,0.000459,-0.199899,-1.323435,0.036453,0.036453,2.0886,2.0886,1,1,0.006551,0.00004291
1771742633.112233,14.400000,0.010000,0.006726,-0.024188,0.038471,2.2042,0.431024,-0.207988,-0.808939,0.070704,0.070704,4.0511,4.0511,1,1,0.006726,0.00004524
1771742633.122233,14.410000,0.010000,0.006919,0.000001,0.033778,1.9353,-0.155566,-0.211576,-0.358756,0.035089,0.035089,2.0104,2.0104,1,1,0.006919,0.00004787
1771742633.132233,14.420000,0.010000,0.007066,-0.028334,0.029183,1.6721,0.333927,-0.211224,0.035154,0.038024,0.038024,2.1786,2.1786,1,1,0.007066,0.00004993
1771742633.142233,14.430000,0.010000,0.007163,-0.017539,0.025314,1.4504,0.121948,-0.207426,0.379826,0.070652,0.070652,4.0481,4.0481,1,1,0.007163,0.00005131
1771742633.152233,14.440000,0.010000,0.007199,-0.040649,0.022309,1.2782,0.502375,-0.200612,0.681413,0.042263,0.042263,2.4215,2.4215,1,1,0.007199,0.00005182
1771742633.162233,14.450000,0.010000,0.007260,-0.015307,0.018582,1.0646,0.021743,-0.191159,0.945303,0.105759,0.105759,6.0595,6.0595,1,1,0.007260,0.00005270
1771742633.172233,14.460000,0.010000,0.007300,-0.040631,0.014930,0.8554,0.431092,-0.179397,1.176206,0.050565,0.050565,2.8971,2.8971,1,1,0.007300,0.00005329
1771742633.182233,14.470000,0.010000,0.007211,-0.050507,0.013182,0.7553,0.559496,-0.165614,1.378246,0.080657,0.080657,4.6213,4.6213,1,1,0.007211,0.00005200
1771742633.192233,14.480000,0.010000,0.007094,-0.048847,0.011534,0.6608,0.481799,-0.150064,1.555031,0.035299,0.035299,2.0225,2.0225,1,1,0.007094,0.00005032
1771742633.202233,14.490000,0.010000,0.006912,-0.065251,0.010620,0.6085,0.721670,-0.132967,1.709718,0.012255,0.012255,0.7022,0.7022,1,1,0.006912,0.00004777
1771742633.212233,14.500000,0.010000,0.006695,-0.059820,0.009882,0.5662,0.574758,-0.114516,1.845069,0.016100,0.016100,0.9225,0.9225,1,1,0.006695,0.00004483
1771742633.222233,14.510000,0.010000,0.006437,-0.073936,0.009482,0.5433,0.774711,-0.094881,1.963501,-0.062828,-0.062828,-3.5998,-3.5998,1,1,0.006437,0.00004143
1771742633.232233,14.520000,0.010000,0.006089,-0.083478,0.010226,0.5859,0.893379,-0.078464,1.641682,-0.026050,-0.026050,-1.4925,-1.4925,1,1,0.006089,0.00003708
1771742633.242233,14.530000,0.010000,0.005742,-0.083143,0.011310,0.6480,0.931761,-0.060609,1.785537,0.019965,0.019965,1.1439,1.1439,1,1,0.005742,0.00003298
1771742633.252233,14.540000,0.010000,0.005399,-0.082527,0.012644,0.7245,0.957644,-0.048476,1.213279,0.097670,0.097670,5.5961,5.5961,1,1,0.005399,0.00002914
1771742633.262233,14.550000,0.010000,0.005057,-0.082008,0.014162,0.8114,0.976390,-0.037664,1.081255,0.048070,0.048070,2.7542,2.7542,1,1,0.005057,0.00002557
1771742633.272233,14.560000,0.010000,0.004717,-0.081559,0.015812,0.9059,0.989781,-0.024712,1.295164,0.057443,0.057443,3.2913,3.2913,1,1,0.004717,0.00002225
1771742633.282233,14.570000,0.010000,0.004379,-0.081164,0.017557,1.0059,0.999149,-0.016340,0.837194,0.132376,0.132376,7.5846,7.5846,1,1,0.004379,0.00001917
1771742633.292233,14.580000,0.010000,0.004042,-0.080807,0.019369,1.1098,1.005494,-0.005524,1.081611,0.062635,0.062635,3.5887,3.5887,1,1,0.004042,0.00001634
1771742633.302233,14.590000,0.010000,0.003707,-0.080478,0.021227,1.2162,1.009560,0.001487,0.701110,0.146013,0.146013,8.3659,8.3659,1,1,0.003707,0.00001374
1771742633.312232,14.600000,0.010000,0.003373,-0.080170,0.023115,1.3244,1.011905,0.011112,0.962537,0.075925,0.075925,4.3502,4.3502,1,1,0.003373,0.00001137
1771742633.322232,14.610000,0.010000,0.003040,-0.079877,0.025021,1.4336,1.012947,0.016044,0.493154,0.159867,0.159867,9.1597,9.1597,1,1,0.003040,0.00000924
1771742633.332232,14.620000,0.010000,0.002709,-0.079520,0.026931,1.5430,1.012601,0.016868,0.082444,0.068202,0.068202,3.9077,3.9077,1,1,0.002709,0.00000734
1771742633.342233,14.630000,0.010000,0.002382,-0.078893,0.028827,1.6517,1.010070,0.016772,-0.009601,0.031294,0.031294,1.7930,1.7930,1,1,0.002382,0.00000567
1771742633.352233,14.640000,0.010000,0.002064,-0.077732,0.030679,1.7578,1.004474,0.013198,-0.357467,0.022153,0.022153,1.2693,1.2693,1,1,0.002064,0.00000426
1771742633.362233,14.650000,0.010000,0.001758,-0.076134,0.032471,1.8604,0.997095,0.008292,-0.490591,0.020983,0.020983,1.2022,1.2022,1,1,0.001758,0.00000309
1771742633.372233,14.660000,0.010000,0.001469,-0.074170,0.034194,1.9592,0.988806,0.007490,-0.080201,0.019592,0.019592,1.1225,1.1225,1,1,0.001469,0.00000216
1771742633.382233,14.670000,0.010000,0.001198,-0.071876,0.035843,2.0537,0.980073,0.010279,0.278890,-0.021255,-0.021255,-1.2179,-1.2179,1,1,0.001198,0.00000143
1771742633.392233,14.680000,0.010000,0.000948,-0.069294,0.037419,2.1439,0.971317,0.015003,0.472389,-0.073893,-0.073893,-4.2337,-4.2337,1,1,0.000948,0.00000090
1771742633.402233,14.690000,0.010000,0.000721,-0.066457,0.038922,2.2301,0.962847,0.020308,0.530510,-0.074955,-0.074955,-4.2946,-4.2946,1,1,0.000721,0.00000052
1771742633.412233,14.700000,0.010000,0.000519,-0.063400,0.040358,2.3123,0.954910,0.028440,0.813262,-0.082806,-0.082806,-4.7444,-4.7444,1,1,0.000519,0.00000027
1771742633.422233,14.710000,0.010000,0.000344,-0.060151,0.041731,2.3910,0.947699,0.032715,0.427434,0.003879,0.003879,0.2223,0.2223,1,1,0.000344,0.00000012
1771742633.432233,14.720000,0.010000,0.000197,-0.056741,0.043050,2.4666,0.941377,0.039945,0.723070,-0.124919,-0.124919,-7.1573,-7.1573,1,1,0.000197,0.00000004
1771742633.442233,14.730000,0.010000,0.000079,-0.053196,0.044322,2.5395,0.936085,0.044443,0.449745,-0.077865,-0.077865,-4.4614,-4.4614,1,1,0.000079,0.00000001
1771742633.452233,14.740000,0.010000,-0.000009,-0.049543,0.045557,2.6102,0.931941,0.051869,0.742592,-0.167200,-0.167200,-9.5799,-9.5799,1,1,0.000009,0.00000000
1771742633.462233,14.750000,0.010000,-0.000065,-0.045807,0.046765,2.6794,0.929041,0.054876,0.300702,-0.136911,-0.136911,-7.8444,-7.8444,1,1,0.000065,0.00000000
1771742633.472233,14.760000,0.010000,-0.000090,-0.042012,0.047957,2.7478,0.927489,0.054016,-0.085951,-0.227629,-0.227629,-13.0422,-13.0422,1,1,0.000090,0.00000001
1771742633.482233,14.770000,0.010000,-0.000083,-0.038181,0.049146,2.8158,0.927372,0.050033,-0.398293,-0.233777,-0.233777,-13.3944,-13.3944,1,1,0.000083,0.00000001
1771742633.492233,14.780000,0.010000,-0.000044,-0.034337,0.050342,2.8844,0.928765,0.046402,-0.363129,-0.216014,-0.216014,-12.3767,-12.3767,1,1,0.000044,0.00000000
1771742633.502233,14.790000,0.010000,0.000027,-0.030499,0.051560,2.9542,0.931732,0.043051,-0.335126,-0.244698,-0.244698,-14.0202,-14.0202,1,1,0.000027,0.00000000
1771742633.512233,14.800000,0.010000,0.000129,-0.026685,0.052813,3.0260,0.936326,0.036628,-0.642301,-0.270391,-0.270391,-15.4923,-15.4923,1,1,0.000129,0.00000002
1771742633.522233,14.810000,0.010000,0.000264,-0.022910,0.054114,3.1005,0.942526,0.027517,-0.911080,-0.249539,-0.249539,-14.2975,-14.2975,1,1,0.000264,0.00000007
1771742633.532233,14.820000,0.010000,0.000429,-0.019190,0.055477,3.1786,0.950414,0.016054,-1.146260,-0.232612,-0.232612,-13.3277,-13.3277,1,1,0.000429,0.00000018
1771742633.542233,14.830000,0.010000,0.000625,-0.015538,0.056917,3.2611,0.960010,0.003697,-1.235755,-0.226433,-0.226433,-12.9737,-12.9737,1,1,0.000625,0.00000039
1771742633.552233,14.840000,0.010000,0.000862,-0.009302,0.058157,3.3321,0.901660,-0.003625,-0.732220,-0.207610,-0.207610,-11.8952,-11.8952,1,1,0.000862,0.00000074
1771742633.562232,14.850000,0.010000,0.001131,-0.007028,0.059213,3.3926,0.901131,-0.013523,-0.989758,-0.261765,-0.261765,-14.9980,-14.9980,1,1,0.001131,0.00000128
1771742633.572232,14.860000,0.010000,0.001432,-0.001426,0.059892,3.4315,0.807726,-0.021566,-0.804281,-0.216475,-0.216475,-12.4031,-12.4031,1,1,0.001432,0.00000205
1771742633.582232,14.870000,0.010000,0.001755,-0.000712,0.060456,3.4639,0.851985,-0.032094,-1.052812,-0.216819,-0.216819,-12.4228,-12.4228,1,1,0.001755,0.00000308
1771742633.592233,14.880000,0.010000,0.002084,0.000011,0.060572,3.4705,0.704939,-0.044797,-1.270276,-0.159924,-0.159924,-9.1630,-9.1630,1,1,0.002084,0.00000434
1771742633.602233,14.890000,0.010000,0.002408,0.000012,0.060389,3.4600,0.748211,-0.059402,-1.460558,-0.064502,-0.064502,-3.6957,-3.6957,1,1,0.002408,0.00000580
1771742633.612233,14.900000,0.010000,0.002733,0.000010,0.059672,3.4189,0.581594,-0.075673,-1.627054,-0.000817,-0.000817,-0.0468,-0.0468,1,1,0.002733,0.00000747
1771742633.622233,14.910000,0.010000,0.003049,0.000011,0.058586,3.3567,0.624451,-0.093215,-1.754260,0.003618,0.003618,0.2073,0.2073,1,1,0.003049,0.00000930
1771742633.632233,14.920000,0.010000,0.003367,0.000106,0.056911,3.2608,0.445621,-0.112056,-1.884044,0.054241,0.054241,3.1078,3.1078,1,1,0.003367,0.00001134
1771742633.642233,14.930000,0.010000,0.003674,-0.000192,0.054850,3.1426,0.494464,-0.131848,-1.979191,0.059471,0.059471,3.4074,3.4074,1,1,0.003674,0.00001350
1771742633.652233,14.940000,0.010000,0.003982,0.000006,0.052334,2.9985,0.343768,-0.146559,-1.471136,0.084177,0.084177,4.8230,4.8230,1,1,0.003982,0.00001586
1771742633.662233,14.950000,0.010000,0.004264,-0.004688,0.049827,2.8549,0.465347,-0.157316,-1.075665,0.077323,0.077323,4.4303,4.4303,1,1,0.004264,0.00001818
1771742633.672233,14.960000,0.010000,0.004549,0.000005,0.046753,2.6788,0.229474,-0.165955,-0.863967,0.065675,0.065675,3.7629,3.7629,1,1,0.004549,0.00002070
1771742633.682233,14.970000,0.010000,0.004773,-0.016767,0.044238,2.5347,0.552543,-0.171162,-0.520684,0.085262,0.085262,4.8851,4.8851,1,1,0.004773,0.00002278
1771742633.692233,14.980000,0.010000,0.005026,0.003916,0.040404,2.3150,-0.026754,-0.179209,-0.804664,0.067326,0.067326,3.8575,3.8575,1,1,0.005026,0.00002527
1771742633.702233,14.990000,0.010000,0.005245,-0.018709,0.036352,2.0828,0.387598,-0.183867,-0.465825,0.082762,0.082762,4.7419,4.7419,1,1,0.005245,0.00002751
1771742633.712233,15.000000,0.010000,0.005434,-0.007208,0.032859,1.8827,0.187307,-0.187986,-0.411893,0.070230,0.070230,4.0239,4.0239,1,1,0.005434,0.00002953
1771742633.722233,15.010000,0.010000,0.005582,-0.026405,0.030097,1.7244,0.524939,-0.188099,-0.011341,0.074927,0.074927,4.2930,4.2930,1,1,0.005582,0.00003116
1771742633.732233,15.020000,0.010000,0.005772,-0.000533,0.026348,1.5096,0.014272,-0.184708,0.339143,0.087320,0.087320,5.0031,5.0031,1,1,0.005772,0.00003332
1771742633.742233,15.030000,0.010000,0.005950,-0.023709,0.022527,1.2907,0.410501,-0.178250,0.645816,0.086596,0.086596,4.9616,4.9616,1,1,0.005950,0.00003540
1771742633.752233,15.040000,0.010000,0.006020,-0.030271,0.020431,1.1706,0.503527,-0.169108,0.914155,0.079292,0.079292,4.5431,4.5431,1,1,0.006020,0.00003624
1771742633.762233,15.050000,0.010000,0.006072,-0.029107,0.018449,1.0570,0.455703,-0.157619,1.148951,0.079027,0.079027,4.5279,4.5279,1,1,0.006072,0.00003686
1771742633.772233,15.060000,0.010000,0.006062,-0.044401,0.017303,0.9914,0.695746,-0.144075,1.354398,0.017141,0.017141,0.9821,0.9821,1,1,0.006062,0.00003674
1771742633.782233,15.070000,0.010000,0.006059,-0.029932,0.015755,0.9027,0.406476,-0.128733,1.534164,-0.038705,-0.038705,-2.2176,-2.2176,1,1,0.006059,0.00003671
1771742633.792233,15.080000,0.010000,0.006036,-0.046215,0.014289,0.8187,0.660401,-0.111819,1.691460,0.018208,0.018208,1.0433,1.0433,1,1,0.006036,0.00003643
1771742633.802233,15.090000,0.010000,0.005909,-0.057521,0.014343,0.8218,0.822791,-0.093528,1.829093,-0.129971,-0.129971,-7.4468,-7.4468,1,1,0.005909,0.00003492
1771742633.812232,15.100000,0.010000,0.005741,-0.058104,0.014825,0.8494,0.795725,-0.074032,1.949522,-0.073298,-0.073298,-4.1997,-4.1997,1,1,0.005741,0.00003295
1771742633.822232,15.110000,0.010000,0.005534,-0.066416,0.015682,0.8985,0.907876,-0.056363,1.766985,-0.081133,-0.081133,-4.6486,-4.6486,1,1,0.005534,0.00003062
1771742633.832232,15.120000,0.010000,0.005274,-0.072197,0.017196,0.9853,0.977667,-0.038972,1.739054,0.019064,0.019064,1.0923,1.0923,1,1,0.005274,0.00002782
1771742633.842233,15.130000,0.010000,0.004985,-0.074562,0.018993,1.0882,0.991058,-0.025322,1.365023,0.106127,0.106127,6.0806,6.0806,1,1,0.004985,0.00002485
1771742633.852233,15.140000,0.010000,0.004673,-0.077907,0.020977,1.2019,1.026968,-0.012791,1.253114,0.084297,0.084297,4.8299,4.8299,1,1,0.004673,0.00002184
1771742633.862233,15.150000,0.010000,0.004341,-0.080096,0.023157,1.3268,1.047304,-0.000277,1.251384,0.117596,0.117596,6.7377,6.7377,1,1,0.004341,0.00001884
1771742633.872233,15.160000,0.010000,0.004007,-0.080164,0.025376,1.4539,1.050792,0.010582,1.085912,0.161517,0.161517,9.2542,9.2542,1,1,0.004007,0.00001606
1771742633.882233,15.170000,0.010000,0.003674,-0.079888,0.027604,1.5816,1.051158,0.019171,0.858872,0.153268,0.153268,8.7816,8.7816,1,1,0.003674,0.00001350
1771742633.892233,15.180000,0.010000,0.003342,-0.079615,0.029839,1.7096,1.051049,0.026653,0.748203,0.115480,0.115480,6.6165,6.6165,1,1,0.003342,0.00001117
1771742633.902233,15.190000,0.010000,0.003014,-0.079116,0.032064,1.8371,1.049340,0.029709,0.305612,0.104310,0.104310,5.9765,5.9765,1,1,0.003014,0.00000908
1771742633.912233,15.200000,0.010000,0.002693,-0.078093,0.034254,1.9626,1.044801,0.028893,-0.081655,0.005105,0.005105,0.2925,0.2925,1,1,0.002693,0.00000725
1771742633.922233,15.210000,0.010000,0.002383,-0.076594,0.036392,2.0851,1.038404,0.027557,-0.133553,-0.047566,-0.047566,-2.7253,-2.7253,1,1,0.002383,0.00000568
1771742633.932233,15.220000,0.010000,0.002089,-0.074701,0.038468,2.2041,1.031083,0.022898,-0.465925,-0.062558,-0.062558,-3.5843,-3.5843,1,1,0.002089,0.00000436
1771742633.942233,15.230000,0.010000,0.001813,-0.072443,0.040479,2.3193,1.023288,0.015330,-0.756750,-0.060108,-0.060108,-3.4440,-3.4440,1,1,0.001813,0.00000329
1771742633.952233,15.240000,0.010000,0.001558,-0.069864,0.042422,2.4306,1.015455,0.005218,-1.011222,-0.032949,-0.032949,-1.8879,-1.8879,1,1,0.001558,0.00000243
1771742633.962233,15.250000,0.010000,0.001336,-0.064785,0.044136,2.5288,0.968228,-0.000139,-0.535754,-0.008847,-0.008847,-0.5069,-0.5069,1,1,0.001336,0.00000178
1771742633.972233,15.260000,0.010000,0.001143,-0.062462,0.045714,2.6192,0.975229,-0.001337,-0.119719,-0.058894,-0.058894,-3.3744,-3.3744,1,1,0.001143,0.00000131
1771742633.982233,15.270000,0.010000,0.000973,-0.059656,0.047321,2.7113,0.977809,0.001106,0.244312,-0.164907,-0.164907,-9.4485,-9.4485,1,1,0.000973,0.00000095
1771742633.992233,15.280000,0.010000,0.000828,-0.056500,0.048934,2.8037,0.978203,0.006735,0.562839,-0.226180,-0.226180,-12.9591,-12.9591,1,1,0.000828,0.00000069
1771742634.002233,15.290000,0.010000,0.000712,-0.053078,0.050544,2.8960,0.977677,0.015150,0.841550,-0.230557,-0.230557,-13.2099,-13.2099,1,1,0.000712,0.00000051
1771742634.012233,15.300000,0.010000,0.000625,-0.049451,0.052149,2.9879,0.977043,0.026005,1.085422,-0.222004,-0.222004,-12.7199,-12.7199,1,1,0.000625,0.00000039
1771742634.022233,15.310000,0.010000,0.000569,-0.045666,0.053750,3.0797,0.976864,0.037189,1.118439,-0.202910,-0.202910,-11.6259,-11.6259,1,1,0.000569,0.00000032
1771742634.032233,15.320000,0.010000,0.000546,-0.041763,0.055355,3.1716,0.977537,0.045579,0.839008,-0.235829,-0.235829,-13.5120,-13.5120,1,1,0.000546,0.00000030
1771742634.042233,15.330000,0.010000,0.000556,-0.037775,0.056973,3.2643,0.979346,0.049430,0.385066,-0.298618,-0.298618,-17.1095,-17.1095,1,1,0.000556,0.00000031
1771742634.052233,15.340000,0.010000,0.000600,-0.033729,0.058614,3.3583,0.982500,0.049308,-0.012133,-0.344787,-0.344787,-19.7548,-19.7548,1,1,0.000600,0.00000036
1771742634.062232,15.350000,0.010000,0.000677,-0.029652,0.060290,3.4544,0.987153,0.045712,-0.359682,-0.329304,-0.329304,-18.8678,-18.8678,1,1,0.000677,0.00000046
1771742634.072232,15.360000,0.010000,0.000789,-0.025565,0.062015,3.5532,0.993423,0.039074,-0.663788,-0.307851,-0.307851,-17.6385,-17.6385,1,1,0.000789,0.00000062
1771742634.082232,15.370000,0.010000,0.000934,-0.021487,0.063803,3.6556,1.001401,0.030071,-0.900288,-0.287194,-0.287194,-16.4550,-16.4550,1,1,0.000934,0.00000087
1771742634.092233,15.380000,0.010000,0.001114,-0.017435,0.065669,3.7625,1.011152,0.025206,-0.486477,-0.274607,-0.274607,-15.7338,-15.7338,1,1,0.001114,0.00000124
1771742634.102233,15.390000,0.010000,0.001346,-0.008811,0.067179,3.8491,0.915301,0.017459,-0.774733,-0.293858,-0.293858,-16.8368,-16.8368,1,1,0.001346,0.00000181
1771742634.112233,15.400000,0.010000,0.001611,-0.008386,0.068629,3.9321,0.974169,0.007189,-1.026957,-0.274735,-0.274735,-15.7412,-15.7412,1,1,0.001611,0.00000259
1771742634.122233,15.410000,0.010000,0.001914,0.000011,0.069375,3.9749,0.754390,-0.005287,-1.247653,-0.258835,-0.258835,-14.8301,-14.8301,1,1,0.001914,0.00000366
1771742634.132233,15.420000,0.010000,0.002232,-0.002103,0.069895,4.0047,0.873731,-0.019695,-1.440762,-0.184105,-0.184105,-10.5484,-10.5484,1,1,0.002232,0.00000498
1771742634.142233,15.430000,0.010000,0.002560,0.001240,0.069915,4.0058,0.653681,-0.035792,-1.609733,-0.133757,-0.133757,-7.6637,-7.6637,1,1,0.002560,0.00000656
1771742634.152233,15.440000,0.010000,0.002877,-0.002145,0.069781,3.9981,0.790537,-0.053368,-1.757582,-0.086288,-0.086288,-4.9439,-4.9439,1,1,0.002877,0.00000828
1771742634.162233,15.450000,0.010000,0.003236,0.010101,0.068526,3.9262,0.407643,-0.072238,-1.886950,0.017095,0.017095,0.9795,0.9795,1,1,0.003236,0.00001047
1771742634.172233,15.460000,0.010000,0.003578,-0.001728,0.067109,3.8451,0.674830,-0.092239,-2.000147,-0.028795,-0.028795,-1.6498,-1.6498,1,1,0.003578,0.00001280
1771742634.182233,15.470000,0.010000,0.003950,0.014776,0.064664,3.7049,0.208889,-0.113231,-2.099195,0.060596,0.060596,3.4719,3.4719,1,1,0.003950,0.00001560
1771742634.192233,15.480000,0.010000,0.004298,-0.002286,0.062100,3.5581,0.554451,-0.135090,-2.185861,0.081260,0.081260,4.6559,4.6559,1,1,0.004298,0.00001847
1771742634.202233,15.490000,0.010000,0.004670,0.017496,0.058484,3.3509,0.019522,-0.156685,-2.159513,0.105222,0.105222,6.0288,6.0288,1,1,0.004670,0.00002181
1771742634.212233,15.500000,0.010000,0.005013,-0.003665,0.054792,3.1394,0.431960,-0.172998,-1.631365,0.109831,0.109831,6.2929,6.2929,1,1,0.005013,0.00002513
1771742634.222233,15.510000,0.010000,0.005335,0.008692,0.050785,2.9098,0.020533,-0.185700,-1.270106,0.058335,0.058335,3.3423,3.3423,1,1,0.005335,0.00002846
1771742634.232233,15.520000,0.010000,0.005598,-0.013154,0.047117,2.6996,0.433375,-0.199219,-1.351977,0.087738,0.087738,5.0270,5.0270,1,1,0.005598,0.00003134
1771742634.242233,15.530000,0.010000,0.005877,0.008544,0.042367,2.4274,-0.161804,-0.208659,-0.943949,0.027450,0.027450,1.5727,1.5727,1,1,0.005877,0.00003454
1771742634.252233,15.540000,0.010000,0.006106,-0.018247,0.037673,2.1585,0.322536,-0.214931,-0.627197,0.054308,0.054308,3.1116,3.1116,1,1,0.006106,0.00003729
1771742634.262233,15.550000,0.010000,0.006320,-0.000493,0.033124,1.8979,-0.024542,-0.216928,-0.199731,0.039937,0.039937,2.2882,2.2882,1,1,0.006320,0.00003994
1771742634.272233,15.560000,0.010000,0.006488,-0.025115,0.029190,1.6725,0.402571,-0.215185,0.174301,0.042241,0.042241,2.4202,2.4202,1,1,0.006488,0.00004209
1771742634.282233,15.570000,0.010000,0.006670,-0.001506,0.024851,1.4238,-0.039180,-0.210169,0.501579,0.077858,0.077858,4.4609,4.4609,1,1,0.006670,0.00004449
1771742634.292233,15.580000,0.010000,0.006823,-0.027142,0.020820,1.1929,0.390649,-0.202290,0.787948,0.044886,0.044886,2.5718,2.5718,1,1,0.006823,0.00004656
1771742634.302233,15.590000,0.010000,0.006905,-0.022977,0.017787,1.0191,0.284674,-0.191905,1.038520,0.086486,0.086486,4.9553,4.9553,1,1,0.006905,0.00004768
1771742634.312232,15.600000,0.010000,0.006917,-0.042778,0.015694,0.8992,0.596859,-0.179327,1.257771,0.065957,0.065957,3.7791,3.7791,1,1,0.006917,0.00004785
1771742634.322232,15.610000,0.010000,0.006942,-0.023125,0.013026,0.7463,0.207930,-0.164831,1.449615,0.094710,0.094710,5.4265,5.4265,1,1,0.006942,0.00004819
1771742634.332232,15.620000,0.010000,0.006942,-0.044559,0.010436,0.5979,0.542062,-0.148656,1.617479,0.068849,0.068849,3.9448,3.9448,1,1,0.006942,0.00004819
1771742634.342233,15.630000,0.010000,0.006805,-0.059545,0.009852,0.5645,0.756280,-0.131012,1.764360,-0.004148,-0.004148,-0.2377,-0.2377,1,1,0.006805,0.00004631
1771742634.352233,15.640000,0.010000,0.006655,-0.050180,0.009078,0.5201,0.539606,-0.112084,1.892881,-0.009306,-0.009306,-0.5332,-0.5332,1,1,0.006655,0.00004428
1771742634.362233,15.650000,0.010000,0.006472,-0.064933,0.008452,0.4843,0.750331,-0.092030,2.005337,-0.052146,-0.052146,-2.9878,-2.9878,1,1,0.006472,0.00004189
1771742634.372233,15.660000,0.010000,0.006195,-0.075275,0.009067,0.5195,0.882359,-0.077095,1.493497,-0.061453,-0.061453,-3.5210,-3.5210,1,1,0.006195,0.00003838
1771742634.382233,15.670000,0.010000,0.005873,-0.077463,0.010076,0.5773,0.872377,-0.060670,1.642534,-0.000500,-0.000500,-0.0286,-0.0286,1,1,0.005873,0.00003449
1771742634.392233,15.680000,0.010000,0.005528,-0.082796,0.011293,0.6470,0.945179,-0.048094,1.257583,0.044835,0.044835,2.5688,2.5688,1,1,0.005528,0.00003056
1771742634.402233,15.690000,0.010000,0.005185,-0.082244,0.012715,0.7285,0.966278,-0.036802,1.129184,0.058818,0.058818,3.3700,3.3700,1,1,0.005185,0.00002689
1771742634.412233,15.700000,0.010000,0.004844,-0.081773,0.014287,0.8186,0.981394,-0.023431,1.337101,0.068944,0.068944,3.9502,3.9502,1,1,0.004844,0.00002347
1771742634.422233,15.710000,0.010000,0.004505,-0.081361,0.015965,0.9147,0.992017,-0.014892,0.853964,0.151873,0.151873,8.7017,8.7017,1,1,0.004505,0.00002030
1771742634.432233,15.720000,0.010000,0.004168,-0.080992,0.017719,1.0152,0.999262,-0.003929,1.096285,0.082990,0.082990,4.7550,4.7550,1,1,0.004168,0.00001737
1771742634.442233,15.730000,0.010000,0.003832,-0.080656,0.019525,1.1187,1.003963,0.004807,0.873570,0.164558,0.164558,9.4285,9.4285,1,1,0.003832,0.00001468
1771742634.452233,15.740000,0.010000,0.003497,-0.080343,0.021365,1.2241,1.006741,0.015941,1.113440,0.134239,0.134239,7.6913,7.6913,1,1,0.003497,0.00001223
1771742634.462233,15.750000,0.010000,0.003163,-0.080047,0.023225,1.3307,1.008064,0.022555,0.661349,0.217915,0.217915,12.4856,12.4856,1,1,0.003163,0.00001001
1771742634.472233,15.760000,0.010000,0.002831,-0.079763,0.025096,1.4379,1.008278,0.024851,0.229614,0.130301,0.130301,7.4657,7.4657,1,1,0.002831,0.00000801
1771742634.482233,15.770000,0.010000,0.002501,-0.079312,0.026961,1.5447,1.006700,0.023369,-0.148153,0.052294,0.052294,2.9962,2.9962,1,1,0.002501,0.00000626
1771742634.492233,15.780000,0.010000,0.002178,-0.078465,0.028795,1.6498,1.002496,0.018582,-0.478700,0.049413,0.049413,2.8312,2.8312,1,1,0.002178,0.00000474
1771742634.502233,15.790000,0.010000,0.001864,-0.077127,0.030575,1.7518,0.995818,0.010903,-0.767928,0.038882,0.038882,2.2277,2.2277,1,1,0.001864,0.00000348
1771742634.512233,15.800000,0.010000,0.001565,-0.075400,0.032290,1.8501,0.987847,0.007674,-0.322872,0.060133,0.060133,3.4454,3.4454,1,1,0.001565,0.00000245
1771742634.522233,15.810000,0.010000,0.001282,-0.073320,0.033932,1.9442,0.979122,0.008340,0.066553,0.020238,0.020238,1.1596,1.1596,1,1,0.001282,0.00000164
1771742634.532233,15.820000,0.010000,0.001019,-0.070931,0.035499,2.0339,0.970148,0.012413,0.407300,-0.026515,-0.026515,-1.5192,-1.5192,1,1,0.001019,0.00000104
1771742634.542233,15.830000,0.010000,0.000777,-0.068272,0.036990,2.1194,0.961281,0.019468,0.705453,-0.056149,-0.056149,-3.2171,-3.2171,1,1,0.000777,0.00000060
1771742634.552233,15.840000,0.010000,0.000559,-0.065376,0.038410,2.2007,0.952804,0.029131,0.966337,-0.003392,-0.003392,-0.1944,-0.1944,1,1,0.000559,0.00000031
1771742634.562232,15.850000,0.010000,0.000367,-0.062276,0.039762,2.2782,0.944931,0.035863,0.673241,0.089633,0.089633,5.1356,5.1356,1,1,0.000367,0.00000013
1771742634.572232,15.860000,0.010000,0.000201,-0.059000,0.041053,2.3521,0.937839,0.045245,0.938152,-0.013545,-0.013545,-0.7761,-0.7761,1,1,0.000201,0.00000004
1771742634.582232,15.870000,0.010000,0.000064,-0.055576,0.042290,2.4230,0.931678,0.056369,1.112426,0.042733,0.042733,2.4484,2.4484,1,1,0.000064,0.00000000
1771742634.592233,15.880000,0.010000,-0.000044,-0.052031,0.043482,2.4914,0.926568,0.069594,1.322438,0.060871,0.060871,3.4877,3.4877,1,1,0.000044,0.00000000
1771742634.602233,15.890000,0.010000,-0.000122,-0.048390,0.044639,2.5576,0.922617,0.077674,0.808068,0.042217,0.042217,2.4189,2.4189,1,1,0.000122,0.00000001
1771742634.612233,15.900000,0.010000,-0.000169,-0.044678,0.045771,2.6225,0.919934,0.081254,0.357993,-0.094174,-0.094174,-5.3958,-5.3958,1,1,0.000169,0.00000003
1771742634.622233,15.910000,0.010000,-0.000185,-0.040921,0.046889,2.6866,0.918614,0.080896,-0.035822,-0.185908,-0.185908,-10.6517,-10.6517,1,1,0.000185,0.00000003
1771742634.632233,15.920000,0.010000,-0.000169,-0.037139,0.048005,2.7505,0.918734,0.077092,-0.380410,-0.226068,-0.226068,-12.9527,-12.9527,1,1,0.000169,0.00000003
1771742634.642233,15.930000,0.010000,-0.000122,-0.033354,0.049131,2.8150,0.920364,0.074972,-0.211981,-0.212698,-0.212698,-12.1867,-12.1867,1,1,0.000122,0.00000001
1771742634.652233,15.940000,0.010000,-0.000043,-0.029585,0.050281,2.8809,0.923561,0.069627,-0.534549,-0.253810,-0.253810,-14.5422,-14.5422,1,1,0.000043,0.00000000
1771742634.662233,15.950000,0.010000,0.000066,-0.025851,0.051467,2.9488,0.928370,0.061459,-0.816797,-0.231215,-0.231215,-13.2477,-13.2477,1,1,0.000066,0.00000000
1771742634.672233,15.960000,0.010000,0.000207,-0.022166,0.052703,3.0197,0.934831,0.050821,-1.063763,-0.214075,-0.214075,-12.2656,-12.2656,1,1,0.000207,0.00000004
1771742634.682233,15.970000,0.010000,0.000378,-0.018544,0.054004,3.0942,0.942963,0.044044,-0.677664,-0.200488,-0.200488,-11.4871,-11.4871,1,1,0.000378,0.00000014
1771742634.692233,15.980000,0.010000,0.000579,-0.014991,0.055382,3.1732,0.952668,0.041605,-0.243890,-0.278750,-0.278750,-15.9712,-15.9712,1,1,0.000579,0.00000034
1771742634.702233,15.990000,0.010000,0.000809,-0.011521,0.056852,3.2574,0.964071,0.035981,-0.562470,-0.320080,-0.320080,-18.3392,-18.3392,1,1,0.000809,0.00000065
1771742634.712233,16.000000,0.010000,0.001059,-0.009988,0.058471,3.3501,0.987607,0.034550,-0.143095,-0.298598,-0.298598,-17.1084,-17.1084,1,1,0.001059,0.00000112
1771742634.722233,16.010000,0.010000,0.001322,-0.008606,0.060282,3.4539,1.010838,0.036788,0.223858,-0.320987,-0.320987,-18.3912,-18.3912,1,1,0.001322,0.00000175
1771742634.732233,16.020000,0.010000,0.001597,-0.007208,0.062280,3.5684,1.033064,0.037467,0.067862,-0.342355,-0.342355,-19.6155,-19.6155,1,1,0.001597,0.00000255
1771742634.742233,16.030000,0.010000,0.001883,-0.005810,0.064461,3.6933,1.054932,0.034570,-0.289687,-0.327566,-0.327566,-18.7681,-18.7681,1,1,0.001883,0.00000355
1771742634.752233,16.040000,0.010000,0.002198,-0.000419,0.066360,3.8021,0.965445,0.028545,-0.602542,-0.298261,-0.298261,-17.0891,-17.0891,1,1,0.002198,0.00000483
1771742634.762233,16.050000,0.010000,0.002532,0.000019,0.068161,3.9053,1.009508,0.019782,-0.876290,-0.278922,-0.278922,-15.9811,-15.9811,1,1,0.002532,0.00000641
1771742634.772233,16.060000,0.010000,0.002868,0.000016,0.069538,3.9842,0.867507,0.008624,-1.115819,-0.265953,-0.265953,-15.2380,-15.2380,1,1,0.002868,0.00000823
1771742634.782233,16.070000,0.010000,0.003197,0.000018,0.070594,4.0448,0.900480,-0.004631,-1.325408,-0.239925,-0.239925,-13.7467,-13.7467,1,1,0.003197,0.00001022
1771742634.792233,16.080000,0.010000,0.003527,0.000015,0.071126,4.0752,0.743564,-0.019719,-1.508798,-0.201056,-0.201056,-11.5197,-11.5197,1,1,0.003527,0.00001244
1771742634.802233,16.090000,0.010000,0.003848,0.000016,0.071270,4.0834,0.773056,-0.036411,-1.669264,-0.104729,-0.104729,-6.0005,-6.0005,1,1,0.003848,0.00001481
1771742634.812232,16.100000,0.010000,0.004173,0.000861,0.070804,4.0568,0.599267,-0.054508,-1.809672,-0.037837,-0.037837,-2.1679,-2.1679,1,1,0.004173,0.00001741
1771742634.822232,16.110000,0.010000,0.004488,0.000014,0.069959,4.0084,0.645003,-0.073833,-1.932529,-0.039373,-0.039373,-2.2559,-2.2559,1,1,0.004488,0.00002015
1771742634.832232,16.120000,0.010000,0.004815,0.003251,0.068364,3.9170,0.424715,-0.094233,-2.040028,0.019292,0.019292,1.1053,1.1053,1,1,0.004815,0.00002319
1771742634.842233,16.130000,0.010000,0.005126,-0.001119,0.066560,3.8136,0.549833,-0.115574,-2.134091,0.017973,0.017973,1.0298,1.0298,1,1,0.005126,0.00002628
1771742634.852233,16.140000,0.010000,0.005473,0.010843,0.063581,3.6429,0.163724,-0.137738,-2.216395,0.076016,0.076016,4.3554,4.3554,1,1,0.005473,0.00002995
1771742634.862233,16.150000,0.010000,0.005772,-0.008150,0.060890,3.4888,0.542997,-0.160622,-2.288412,0.104357,0.104357,5.9792,5.9792,1,1,0.005772,0.00003332
1771742634.872233,16.160000,0.010000,0.006149,0.025913,0.056149,3.2171,-0.258487,-0.181490,-2.086794,0.095315,0.095315,5.4612,5.4612,1,1,0.006149,0.00003782
1771742634.882233,16.170000,0.010000,0.006503,-0.004361,0.051067,2.9260,0.290387,-0.196259,-1.476879,0.070307,0.070307,4.0283,4.0283,1,1,0.006503,0.00004228
1771742634.892233,16.180000,0.010000,0.006773,0.000003,0.046823,2.6828,0.061887,-0.206592,-1.033288,0.037107,0.037107,2.1261,2.1261,1,1,0.006773,0.00004588
1771742634.902233,16.190000,0.010000,0.006967,-0.020372,0.043343,2.4834,0.429639,-0.214012,-0.742018,0.062906,0.062906,3.6042,3.6042,1,1,0.006967,0.00004853
1771742634.912233,16.200000,0.010000,0.007196,0.005069,0.038306,2.1948,-0.242832,-0.217251,-0.323911,0.027637,0.027637,1.5835,1.5835,1,1,0.007196,0.00005178
1771742634.922233,16.210000,0.010000,0.007371,-0.025456,0.033284,1.9070,0.290483,-0.216595,0.065644,0.027821,0.027821,1.5940,1.5940,1,1,0.007371,0.00005432
1771742634.932233,16.220000,0.010000,0.007484,-0.015614,0.029200,1.6730,0.099472,-0.212530,0.406504,0.059127,0.059127,3.3877,3.3877,1,1,0.007484,0.00005602
1771742634.942233,16.230000,0.010000,0.007531,-0.039518,0.026123,1.4967,0.496955,-0.205482,0.704757,0.034767,0.034767,1.9920,1.9920,1,1,0.007531,0.00005671
1771742634.952233,16.240000,0.010000,0.007622,-0.008920,0.022007,1.2609,-0.072706,-0.195825,0.965728,0.089452,0.089452,5.1252,5.1252,1,1,0.007622,0.00005810
1771742634.962233,16.250000,0.010000,0.007699,-0.036687,0.017880,1.0244,0.382458,-0.183884,1.194078,0.019531,0.019531,1.1191,1.1191,1,1,0.007699,0.00005928
1771742634.972233,16.260000,0.010000,0.007626,-0.049700,0.016030,0.9185,0.567432,-0.169945,1.393884,0.069767,0.069767,3.9974,3.9974,1,1,0.007626,0.00005816
1771742634.982233,16.270000,0.010000,0.007543,-0.041271,0.013977,0.8008,0.371419,-0.154258,1.568714,0.024053,0.024053,1.3781,1.3781,1,1,0.007543,0.00005690
1771742634.992233,16.280000,0.010000,0.007406,-0.060410,0.012466,0.7142,0.659947,-0.137041,1.721691,0.032847,0.032847,1.8820,1.8820,1,1,0.007406,0.00005485
1771742635.002233,16.290000,0.010000,0.007198,-0.061537,0.011770,0.6744,0.627829,-0.118486,1.855545,0.015487,0.015487,0.8873,0.8873,1,1,0.007198,0.00005182
1771742635.012233,16.300000,0.010000,0.006927,-0.075275,0.011761,0.6739,0.819007,-0.098759,1.972668,-0.076212,-0.076212,-4.3666,-4.3666,1,1,0.006927,0.00004799
1771742635.022233,16.310000,0.010000,0.006624,-0.072799,0.012011,0.6882,0.738817,-0.081776,1.698323,-0.001132,-0.001132,-0.0649,-0.0649,1,1,0.006624,0.00004388
1771742635.032233,16.320000,0.010000,0.006278,-0.083626,0.012616,0.7228,0.882916,-0.063691,1.808520,-0.072853,-0.072853,-4.1742,-4.1742,1,1,0.006278,0.00003941
1771742635.042233,16.330000,0.010000,0.005931,-0.083330,0.013655,0.7824,0.928456,-0.051357,1.233389,0.044080,0.044080,2.5256,2.5256,1,1,0.005931,0.00003517
1771742635.052233,16.340000,0.010000,0.005586,-0.082649,0.014990,0.8589,0.959226,-0.041460,0.989722,0.020010,0.020010,1.1465,1.1465,1,1,0.005586,0.00003121
1771742635.062232,16.350000,0.010000,0.005244,-0.082079,0.016544,0.9479,0.981784,-0.029309,1.215073,0.027222,0.027222,1.5597,1.5597,1,1,0.005244,0.00002750
1771742635.072232,16.360000,0.010000,0.004904,-0.081592,0.018258,1.0461,0.998189,-0.021299,0.800950,0.077262,0.077262,4.4268,4.4268,1,1,0.004904,0.00002405
1771742635.082232,16.370000,0.010000,0.004566,-0.081165,0.020089,1.1510,1.009981,-0.010800,1.049897,0.029609,0.029609,1.6965,1.6965,1,1,0.004566,0.00002085
1771742635.092233,16.380000,0.010000,0.004229,-0.080784,0.022006,1.2608,1.018314,-0.005104,0.569594,0.099106,0.099106,5.6784,5.6784,1,1,0.004229,0.00001789
1771742635.102233,16.390000,0.010000,0.003894,-0.080435,0.023983,1.3741,1.024049,0.003370,0.847461,0.008824,0.008824,0.5056,0.5056,1,1,0.003894,0.00001516
1771742635.112233,16.400000,0.010000,0.003560,-0.080110,0.026004,1.4899,1.027832,0.007295,0.392463,0.079536,0.079536,4.5571,4.5571,1,1,0.003560,0.00001268
1771742635.122233,16.410000,0.010000,0.003228,-0.079802,0.028053,1.6073,1.030145,0.010489,0.319397,-0.007268,-0.007268,-0.4164,-0.4164,1,1,0.003228,0.00001042
1771742635.132233,16.420000,0.010000,0.002898,-0.079378,0.030114,1.7254,1.030655,0.011113,0.062473,-0.019332,-0.019332,-1.1076,-1.1076,1,1,0.002898,0.00000840
1771742635.142233,16.430000,0.010000,0.002573,-0.078608,0.032164,1.8429,1.028562,0.008169,-0.294402,-0.024285,-0.024285,-1.3914,-1.3914,1,1,0.002573,0.00000662
1771742635.152233,16.440000,0.010000,0.002258,-0.077297,0.034175,1.9581,1.023466,0.007007,-0.116267,-0.014340,-0.014340,-0.8216,-0.8216,1,1,0.002258,0.00000510
1771742635.162233,16.450000,0.010000,0.001957,-0.075558,0.036130,2.0701,1.016746,0.002499,-0.450799,-0.038019,-0.038019,-2.1783,-2.1783,1,1,0.001957,0.00000383
1771742635.172233,16.460000,0.010000,0.001673,-0.073432,0.038021,2.1785,1.009076,0.002045,-0.045384,-0.018950,-0.018950,-1.0858,-1.0858,1,1,0.001673,0.00000280
1771742635.182233,16.470000,0.010000,0.001409,-0.070971,0.039845,2.2829,1.001046,0.004291,0.224566,-0.082844,-0.082844,-4.7466,-4.7466,1,1,0.001409,0.00000199
1771742635.192233,16.480000,0.010000,0.001168,-0.068214,0.041600,2.3835,0.993074,0.007157,0.286647,-0.131173,-0.131173,-7.5157,-7.5157,1,1,0.001168,0.00000136
1771742635.202233,16.490000,0.010000,0.000951,-0.065199,0.043291,2.4804,0.985471,0.013156,0.599882,-0.153894,-0.153894,-8.8175,-8.8175,1,1,0.000951,0.00000090
1771742635.212233,16.500000,0.010000,0.000761,-0.061958,0.044921,2.5738,0.978488,0.015213,0.205660,-0.138122,-0.138122,-7.9138,-7.9138,1,1,0.000761,0.00000058
1771742635.222233,16.510000,0.010000,0.000599,-0.058521,0.046498,2.6641,0.972323,0.020503,0.529018,-0.181844,-0.181844,-10.4189,-10.4189,1,1,0.000599,0.00000036
1771742635.232233,16.520000,0.010000,0.000466,-0.054918,0.048029,2.7518,0.967143,0.021641,0.113825,-0.187577,-0.187577,-10.7474,-10.7474,1,1,0.000466,0.00000022
1771742635.242233,16.530000,0.010000,0.000365,-0.051177,0.049523,2.8375,0.963093,0.026128,0.448663,-0.226010,-0.226010,-12.9494,-12.9494,1,1,0.000365,0.00000013
1771742635.252233,16.540000,0.010000,0.000296,-0.047323,0.050992,2.9216,0.960298,0.026563,0.043514,-0.253306,-0.253306,-14.5134,-14.5134,1,1,0.000296,0.00000009
1771742635.262233,16.550000,0.010000,0.000259,-0.043383,0.052445,3.0049,0.958867,0.023453,-0.310991,-0.265717,-0.265717,-15.2245,-15.2245,1,1,0.000259,0.00000007
1771742635.272233,16.560000,0.010000,0.000255,-0.039381,0.053896,3.0880,0.958897,0.017486,-0.596724,-0.235507,-0.235507,-13.4936,-13.4936,1,1,0.000255,0.00000007
1771742635.282233,16.570000,0.010000,0.000286,-0.035340,0.055356,3.1717,0.960472,0.013507,-0.397823,-0.215297,-0.215297,-12.3356,-12.3356,1,1,0.000286,0.00000008
1771742635.292233,16.580000,0.010000,0.000350,-0.031282,0.056840,3.2567,0.963666,0.007067,-0.644076,-0.265682,-0.265682,-15.2224,-15.2224,1,1,0.000350,0.00000012
1771742635.302233,16.590000,0.010000,0.000447,-0.027225,0.058360,3.3438,0.968542,0.003814,-0.325208,-0.251262,-0.251262,-14.3962,-14.3962,1,1,0.000447,0.00000020
1771742635.312232,16.600000,0.010000,0.000603,-0.017357,0.059495,3.4088,0.870298,-0.002522,-0.633623,-0.299843,-0.299843,-17.1797,-17.1797,1,1,0.000603,0.00000036
1771742635.322232,16.610000,0.010000,0.000803,-0.015443,0.060497,3.4662,0.915285,-0.011557,-0.903486,-0.264041,-0.264041,-15.1284,-15.1284,1,1,0.000803,0.00000064
1771742635.332232,16.620000,0.010000,0.001056,-0.005113,0.060966,3.4931,0.748417,-0.022953,-1.139616,-0.226783,-0.226783,-12.9937,-12.9937,1,1,0.001056,0.00000111
1771742635.342233,16.630000,0.010000,0.001338,-0.006217,0.061290,3.5116,0.845494,-0.036415,-1.346230,-0.127470,-0.127470,-7.3035,-7.3035,1,1,0.001338,0.00000179
1771742635.352233,16.640000,0.010000,0.001645,0.000009,0.061025,3.4965,0.622744,-0.051685,-1.527017,-0.063169,-0.063169,-3.6193,-3.6193,1,1,0.001645,0.00000271
1771742635.362233,16.650000,0.010000,0.001949,-0.004444,0.060655,3.4753,0.774132,-0.068537,-1.685206,-0.048300,-0.048300,-2.7674,-2.7674,1,1,0.001949,0.00000380
1771742635.372233,16.660000,0.010000,0.002283,0.005860,0.059305,3.3979,0.413738,-0.086773,-1.823621,0.049131,0.049131,2.8150,2.8150,1,1,0.002283,0.00000521
1771742635.382233,16.670000,0.010000,0.002602,-0.003642,0.057727,3.3075,0.647066,-0.106221,-1.944734,0.018669,0.018669,1.0696,1.0696,1,1,0.002602,0.00000677
1771742635.392233,16.680000,0.010000,0.002939,0.007787,0.055335,3.1704,0.260555,-0.126158,-1.993701,0.094575,0.094575,5.4187,5.4187,1,1,0.002939,0.00000864
1771742635.402233,16.690000,0.010000,0.003249,-0.005769,0.052875,3.0295,0.554311,-0.140112,-1.395423,0.096639,0.096639,5.5370,5.5370,1,1,0.003249,0.00001056
1771742635.412233,16.700000,0.010000,0.003544,0.001410,0.050090,2.8699,0.236694,-0.149510,-0.939806,0.080385,0.080385,4.6057,4.6057,1,1,0.003544,0.00001256
1771742635.422233,16.710000,0.010000,0.003790,-0.013646,0.047521,2.7227,0.543581,-0.161224,-1.171396,0.078256,0.078256,4.4837,4.4837,1,1,0.003790,0.00001437
1771742635.432233,16.720000,0.010000,0.004054,0.002479,0.043952,2.5183,0.054017,-0.172479,-1.125470,0.070486,0.070486,4.0385,4.0385,1,1,0.004054,0.00001644
1771742635.442233,16.730000,0.010000,0.004281,-0.017002,0.040288,2.3084,0.426356,-0.185817,-1.333852,0.091724,0.091724,5.2554,5.2554,1,1,0.004281,0.00001833
1771742635.452233,16.740000,0.010000,0.004513,0.000002,0.036291,2.0793,0.044476,-0.195595,-0.977796,0.045306,0.045306,2.5958,2.5958,1,1,0.004513,0.00002037
1771742635.462233,16.750000,0.010000,0.004713,-0.020526,0.032572,1.8663,0.419787,-0.200660,-0.506506,0.077310,0.077310,4.4296,4.4296,1,1,0.004713,0.00002222
1771742635.472233,16.760000,0.010000,0.004929,0.000002,0.028513,1.6336,0.034016,-0.201602,-0.094127,0.066187,0.066187,3.7922,3.7922,1,1,0.004929,0.00002429
1771742635.482233,16.770000,0.010000,0.005122,-0.021515,0.024726,1.4167,0.411658,-0.198935,0.266705,0.069808,0.069808,3.9997,3.9997,1,1,0.005122,0.00002623
1771742635.492233,16.780000,0.010000,0.005282,-0.011605,0.021428,1.2278,0.223166,-0.193110,0.582433,0.100894,0.100894,5.7808,5.7808,1,1,0.005282,0.00002790
1771742635.502233,16.790000,0.010000,0.005398,-0.030150,0.018788,1.0765,0.533615,-0.184523,0.858695,0.078096,0.078096,4.4746,4.4746,1,1,0.005398,0.00002914
1771742635.512233,16.800000,0.010000,0.005511,-0.015338,0.016001,0.9168,0.246687,-0.173519,1.100424,0.128544,0.128544,7.3650,7.3650,1,1,0.005511,0.00003037
1771742635.522233,16.810000,0.010000,0.005595,-0.033890,0.013494,0.7732,0.547019,-0.160400,1.311936,0.065075,0.065075,3.7285,3.7285,1,1,0.005595,0.00003131
1771742635.532233,16.820000,0.010000,0.005595,-0.038608,0.012206,0.6994,0.596367,-0.145430,1.497010,0.037042,0.037042,2.1224,2.1224,1,1,0.005595,0.00003131
1771742635.542233,16.830000,0.010000,0.005546,-0.046297,0.011493,0.6585,0.696084,-0.128840,1.658950,-0.004106,-0.004106,-0.2353,-0.2353,1,1,0.005546,0.00003076
1771742635.552233,16.840000,0.010000,0.005460,-0.048464,0.011111,0.6366,0.696807,-0.110834,1.800647,-0.051587,-0.051587,-2.9557,-2.9557,1,1,0.005460,0.00002981
1771742635.562232,16.850000,0.010000,0.005324,-0.058338,0.011302,0.6476,0.834266,-0.091587,1.924632,-0.094244,-0.094244,-5.3998,-5.3998,1,1,0.005324,0.00002835
1771742635.572232,16.860000,0.010000,0.005140,-0.061568,0.012032,0.6894,0.854726,-0.071256,2.033119,-0.015820,-0.015820,-0.9064,-0.9064,1,1,0.005140,0.00002642
1771742635.582232,16.870000,0.010000,0.004918,-0.067903,0.013153,0.7536,0.932913,-0.056686,1.457025,0.016246,0.016246,0.9309,0.9309,1,1,0.004918,0.00002418
1771742635.592233,16.880000,0.010000,0.004656,-0.072082,0.014708,0.8427,0.976138,-0.040446,1.623963,0.028572,0.028572,1.6370,1.6370,1,1,0.004656,0.00002168
1771742635.602233,16.890000,0.010000,0.004366,-0.075296,0.016528,0.9470,1.006673,-0.027117,1.332915,0.113252,0.113252,6.4889,6.4889,1,1,0.004366,0.00001906
1771742635.612233,16.900000,0.010000,0.004056,-0.077463,0.018513,1.0607,1.023693,-0.015001,1.211564,0.115667,0.115667,6.6272,6.6272,1,1,0.004056,0.00001645
1771742635.622233,16.910000,0.010000,0.003734,-0.078798,0.020578,1.1791,1.031632,-0.000910,1.409184,0.132104,0.132104,7.5690,7.5690,1,1,0.003734,0.00001394
1771742635.632233,16.920000,0.010000,0.003404,-0.079501,0.022670,1.2989,1.033731,0.008966,0.987570,0.218203,0.218203,12.5021,12.5021,1,1,0.003404,0.00001159
1771742635.642233,16.930000,0.010000,0.003073,-0.079529,0.024745,1.4178,1.031093,0.021098,1.213190,0.159042,0.159042,9.1125,9.1125,1,1,0.003073,0.00000944
1771742635.652233,16.940000,0.010000,0.002745,-0.079149,0.026783,1.5345,1.026277,0.028223,0.712475,0.232807,0.232807,13.3389,13.3389,1,1,0.002745,0.00000753
1771742635.662233,16.950000,0.010000,0.002422,-0.078282,0.028764,1.6480,1.019347,0.030966,0.274350,0.138415,0.138415,7.9306,7.9306,1,1,0.002422,0.00000587
1771742635.672233,16.960000,0.010000,0.002110,-0.076989,0.030676,1.7576,1.011129,0.029876,-0.109010,0.045155,0.045155,2.5872,2.5872,1,1,0.002110,0.00000445
1771742635.682233,16.970000,0.010000,0.001812,-0.075339,0.032514,1.8629,1.002327,0.025432,-0.444449,0.009100,0.009100,0.5214,0.5214,1,1,0.001812,0.00000328
1771742635.692233,16.980000,0.010000,0.001529,-0.073350,0.034275,1.9638,0.993210,0.018052,-0.737959,0.002586,0.002586,0.1481,0.1481,1,1,0.001529,0.00000234
1771742635.702233,16.990000,0.010000,0.001264,-0.071059,0.035959,2.0603,0.984111,0.013818,-0.423400,0.020199,0.020199,1.1573,1.1573,1,1,0.001264,0.00000160
1771742635.712233,17.000000,0.010000,0.001021,-0.068497,0.037568,2.1525,0.975278,0.013604,-0.021409,-0.019793,-0.019793,-1.1341,-1.1341,1,1,0.001021,0.00000104
1771742635.722233,17.010000,0.010000,0.000800,-0.065692,0.039105,2.2406,0.966915,0.015475,0.187098,-0.064528,-0.064528,-3.6972,-3.6972,1,1,0.000800,0.00000064
1771742635.732233,17.020000,0.010000,0.000605,-0.062674,0.040576,2.3248,0.959200,0.020603,0.512777,-0.108893,-0.108893,-6.2391,-6.2391,1,1,0.000605,0.00000037
1771742635.742233,17.030000,0.010000,0.000435,-0.059470,0.041987,2.4057,0.952282,0.028580,0.797746,-0.116283,-0.116283,-6.6625,-6.6625,1,1,0.000435,0.00000019
1771742635.752233,17.040000,0.010000,0.000294,-0.056106,0.043346,2.4835,0.946296,0.039051,1.047093,-0.057899,-0.057899,-3.3174,-3.3174,1,1,0.000294,0.00000009
1771742635.762233,17.050000,0.010000,0.000181,-0.052609,0.044661,2.5589,0.941362,0.051704,1.265272,-0.006782,-0.006782,-0.3886,-0.3886,1,1,0.000181,0.00000003
1771742635.772233,17.060000,0.010000,0.000098,-0.049003,0.045943,2.6323,0.937588,0.065121,1.341732,0.026642,0.026642,1.5265,1.5265,1,1,0.000098,0.00000001
1771742635.782233,17.070000,0.010000,0.000046,-0.045314,0.047200,2.7044,0.935072,0.080352,1.523081,-0.027521,-0.027521,-1.5768,-1.5768,1,1,0.000046,0.00000000
1771742635.792233,17.080000,0.010000,0.000025,-0.041564,0.048445,2.7757,0.933902,0.090188,0.983630,-0.139086,-0.139086,-7.9690,-7.9690,1,1,0.000025,0.00000000
1771742635.802233,17.090000,0.010000,0.000035,-0.037775,0.049689,2.8470,0.934155,0.095304,0.511611,-0.181105,-0.181105,-10.3765,-10.3765,1,1,0.000035,0.00000000
1771742635.812232,17.100000,0.010000,0.000077,-0.033969,0.050945,2.9189,0.935901,0.096290,0.098594,-0.248154,-0.248154,-14.2182,-14.2182,1,1,0.000077,0.00000001
1771742635.822232,17.110000,0.010000,0.000151,-0.030165,0.052224,2.9922,0.939199,0.093662,-0.262796,-0.275887,-0.275887,-15.8072,-15.8072,1,1,0.000151,0.00000002
1771742635.832232,17.120000,0.010000,0.000256,-0.026382,0.053541,3.0677,0.944099,0.087872,-0.579013,-0.264003,-0.264003,-15.1262,-15.1262,1,1,0.000256,0.00000007
1771742635.842233,17.130000,0.010000,0.000393,-0.022634,0.054909,3.1460,0.950645,0.079315,-0.855702,-0.256720,-0.256720,-14.7090,-14.7090,1,1,0.000393,0.00000015
1771742635.852233,17.140000,0.010000,0.000560,-0.018937,0.056342,3.2281,0.958868,0.068337,-1.097805,-0.248571,-0.248571,-14.2421,-14.2421,1,1,0.000560,0.00000031
1771742635.862233,17.150000,0.010000,0.000759,-0.015303,0.057854,3.3148,0.968793,0.055241,-1.309645,-0.240241,-0.240241,-13.7648,-13.7648,1,1,0.000759,0.00000058
1771742635.872233,17.160000,0.010000,0.000986,-0.011741,0.059459,3.4068,0.980429,0.040291,-1.495006,-0.244402,-0.244402,-14.0032,-14.0032,1,1,0.000986,0.00000097
1771742635.882233,17.170000,0.010000,0.001236,-0.010053,0.061216,3.5074,1.003939,0.028017,-1.227374,-0.231132,-0.231132,-13.2429,-13.2429,1,1,0.001236,0.00000153
1771742635.892233,17.180000,0.010000,0.001499,-0.008437,0.063143,3.6178,1.022071,0.020768,-0.724886,-0.259752,-0.259752,-14.8827,-14.8827,1,1,0.001499,0.00000225
1771742635.902233,17.190000,0.010000,0.001791,-0.003295,0.064803,3.7129,0.939413,0.017916,-0.285210,-0.281963,-0.281963,-16.1553,-16.1553,1,1,0.001791,0.00000321
1771742635.912233,17.200000,0.010000,0.002101,-0.003009,0.066432,3.8063,0.994620,0.012236,-0.567963,-0.304934,-0.304934,-17.4714,-17.4714,1,1,0.002101,0.00000441
1771742635.922233,17.210000,0.010000,0.002425,0.000014,0.067645,3.8758,0.845909,0.003776,-0.846034,-0.281374,-0.281374,-16.1215,-16.1215,1,1,0.002425,0.00000588
1771742635.932233,17.220000,0.010000,0.002752,-0.000795,0.068734,3.9382,0.931868,-0.007117,-1.089345,-0.259883,-0.259883,-14.8902,-14.8902,1,1,0.002752,0.00000757
1771742635.942233,17.230000,0.010000,0.003092,0.002718,0.069194,3.9645,0.707066,-0.020140,-1.302243,-0.237691,-0.237691,-13.6187,-13.6187,1,1,0.003092,0.00000956
1771742635.952233,17.240000,0.010000,0.003415,-0.002089,0.069565,3.9858,0.863257,-0.035025,-1.488529,-0.138666,-0.138666,-7.9450,-7.9450,1,1,0.003415,0.00001166
1771742635.962233,17.250000,0.010000,0.003777,0.010512,0.068853,3.9450,0.473267,-0.051540,-1.651528,-0.069732,-0.069732,-3.9954,-3.9954,1,1,0.003777,0.00001427
1771742635.972233,17.260000,0.010000,0.004123,-0.001360,0.067915,3.8912,0.730332,-0.069482,-1.794153,-0.079498,-0.079498,-4.5549,-4.5549,1,1,0.004123,0.00001700
1771742635.982233,17.270000,0.010000,0.004481,0.010984,0.066236,3.7950,0.341115,-0.088671,-1.918950,0.031762,0.031762,1.8198,1.8198,1,1,0.004481,0.00002008
1771742635.992233,17.280000,0.010000,0.004814,-0.003157,0.064527,3.6971,0.645367,-0.107618,-1.894622,0.011337,0.011337,0.6496,0.6496,1,1,0.004814,0.00002317
1771742636.002233,17.290000,0.010000,0.005176,0.015224,0.061747,3.5378,0.139286,-0.124716,-1.709799,0.075621,0.075621,4.3328,4.3328,1,1,0.005176,0.00002679
1771742636.012233,17.300000,0.010000,0.005511,-0.003964,0.058861,3.3725,0.520505,-0.138018,-1.330199,0.094278,0.094278,5.4017,5.4017,1,1,0.005511,0.00003037
1771742636.022233,17.310000,0.010000,0.005828,0.007442,0.055653,3.1887,0.132364,-0.153148,-1.512990,0.064138,0.064138,3.6748,3.6748,1,1,0.005828,0.00003397
1771742636.032233,17.320000,0.010000,0.006091,-0.012856,0.052760,3.0229,0.519925,-0.169249,-1.610189,0.097781,0.097781,5.6024,5.6024,1,1,0.006091,0.00003710
1771742636.042233,17.330000,0.010000,0.006399,0.014706,0.048284,2.7665,-0.175209,-0.186210,-1.696060,0.067054,0.067054,3.8419,3.8419,1,1,0.006399,0.00004095
1771742636.052233,17.340000,0.010000,0.006673,-0.012989,0.043617,2.4991,0.329320,-0.198105,-1.189545,0.063525,0.063525,3.6397,3.6397,1,1,0.006673,0.00004453
1771742636.062232,17.350000,0.010000,0.006909,0.000003,0.039336,2.2538,0.023511,-0.205828,-0.772220,0.038738,0.038738,2.2195,2.2195,1,1,0.006909,0.00004773
1771742636.072232,17.360000,0.010000,0.007083,-0.024323,0.035796,2.0510,0.448936,-0.209811,-0.398290,0.060381,0.060381,3.4596,3.4596,1,1,0.007083,0.00005017
1771742636.082232,17.370000,0.010000,0.007275,0.000002,0.031201,1.7877,-0.149551,-0.209805,0.000562,0.051873,0.051873,2.9721,2.9721,1,1,0.007275,0.00005292
1771742636.092233,17.380000,0.010000,0.007419,-0.028762,0.026664,1.5278,0.340503,-0.206309,0.349557,0.036351,0.036351,2.0828,2.0828,1,1,0.007419,0.00005504
1771742636.102233,17.390000,0.010000,0.007489,-0.023272,0.023221,1.3304,0.215558,-0.199760,0.654929,0.071412,0.071412,4.0916,4.0916,1,1,0.007489,0.00005609
1771742636.112233,17.400000,0.010000,0.007485,-0.045101,0.020813,1.1925,0.566779,-0.190539,0.922128,0.053040,0.053040,3.0389,3.0389,1,1,0.007485,0.00005603
1771742636.122233,17.410000,0.010000,0.007522,-0.016961,0.017356,0.9944,0.032193,-0.178980,1.155928,0.088433,0.088433,5.0668,5.0668,1,1,0.007522,0.00005658
1771742636.132233,17.420000,0.010000,0.007547,-0.042483,0.013791,0.7902,0.440834,-0.165375,1.360503,0.036307,0.036307,2.0802,2.0802,1,1,0.007547,0.00005696
1771742636.142233,17.430000,0.010000,0.007410,-0.060222,0.012690,0.7271,0.703835,-0.149979,1.539506,0.030415,0.030415,1.7426,1.7426,1,1,0.007410,0.00005490
1771742636.152233,17.440000,0.010000,0.007278,-0.043922,0.011048,0.6330,0.364774,-0.133018,1.696134,-0.012275,-0.012275,-0.7033,-0.7033,1,1,0.007278,0.00005297
1771742636.162233,17.450000,0.010000,0.007120,-0.062877,0.009444,0.5411,0.648109,-0.114686,1.833183,0.056072,0.056072,3.2127,3.2127,1,1,0.007120,0.00005070
1771742636.172233,17.460000,0.010000,0.006841,-0.076113,0.009523,0.5457,0.827497,-0.095155,1.953101,-0.083411,-0.083411,-4.7791,-4.7791,1,1,0.006841,0.00004681
1771742636.182233,17.470000,0.010000,0.006515,-0.078309,0.010175,0.5830,0.835038,-0.075320,1.983510,0.002803,0.002803,0.1606,0.1606,1,1,0.006515,0.00004245
1771742636.192233,17.480000,0.010000,0.006167,-0.083588,0.011156,0.6392,0.922238,-0.061063,1.425722,0.016506,0.016506,0.9457,0.9457,1,1,0.006167,0.00003803
1771742636.202233,17.490000,0.010000,0.005821,-0.082901,0.012438,0.7126,0.953604,-0.045882,1.518055,0.027292,0.027292,1.5637,1.5637,1,1,0.005821,0.00003389
1771742636.212233,17.500000,0.010000,0.005478,-0.082328,0.013942,0.7988,0.976568,-0.033663,1.221940,0.093153,0.093153,5.3373,5.3373,1,1,0.005478,0.00003001
1771742636.222233,17.510000,0.010000,0.005137,-0.081839,0.015610,0.8944,0.993235,-0.024911,0.875180,0.084043,0.084043,4.8153,4.8153,1,1,0.005137,0.00002639
1771742636.232233,17.520000,0.010000,0.004798,-0.081412,0.017396,0.9967,1.005178,-0.013763,1.114848,0.045532,0.045532,2.6088,2.6088,1,1,0.004798,0.00002302
1771742636.242233,17.530000,0.010000,0.004460,-0.081031,0.019267,1.1039,1.013576,-0.005412,0.835028,0.116645,0.116645,6.6832,6.6832,1,1,0.004460,0.00001989
1771742636.252233,17.540000,0.010000,0.004124,-0.080684,0.021200,1.2147,1.019310,0.005385,1.079716,0.077706,0.077706,4.4522,4.4522,1,1,0.004124,0.00001701
1771742636.262233,17.550000,0.010000,0.003789,-0.080362,0.023175,1.3278,1.023038,0.011342,0.595685,0.167147,0.167147,9.5768,9.5768,1,1,0.003789,0.00001436
1771742636.272233,17.560000,0.010000,0.003456,-0.080057,0.025178,1.4426,1.025255,0.013726,0.238414,0.067431,0.067431,3.8635,3.8635,1,1,0.003456,0.00001194
1771742636.282233,17.570000,0.010000,0.003123,-0.079765,0.027198,1.5583,1.026329,0.012321,-0.140453,0.008253,0.008253,0.4728,0.4728,1,1,0.003123,0.00000975
1771742636.292233,17.580000,0.010000,0.002793,-0.079320,0.029220,1.6742,1.025663,0.014583,0.226169,0.023678,0.023678,1.3566,1.3566,1,1,0.002793,0.00000780
1771742636.302233,17.590000,0.010000,0.002469,-0.078503,0.031221,1.7888,1.022482,0.013071,-0.151168,-0.008362,-0.008362,-0.4791,-0.4791,1,1,0.002469,0.00000610
1771742636.312232,17.600000,0.010000,0.002156,-0.077170,0.033175,1.9008,1.016641,0.011788,-0.128356,-0.009337,-0.009337,-0.5350,-0.5350,1,1,0.002156,0.00000465
1771742636.322232,17.610000,0.010000,0.001856,-0.075428,0.035070,2.0093,1.009406,0.012377,0.058982,-0.024311,-0.024311,-1.3929,-1.3929,1,1,0.001856,0.00000344
1771742636.332232,17.620000,0.010000,0.001573,-0.073314,0.036897,2.1140,1.001352,0.014242,0.186435,-0.054177,-0.054177,-3.1041,-3.1041,1,1,0.001573,0.00000247
1771742636.342233,17.630000,0.010000,0.001310,-0.070874,0.038654,2.2147,0.993020,0.019364,0.512197,-0.079019,-0.079019,-4.5275,-4.5275,1,1,0.001310,0.00000172
1771742636.352233,17.640000,0.010000,0.001069,-0.068148,0.040340,2.3113,0.984791,0.027336,0.797238,-0.067327,-0.067327,-3.8576,-3.8576,1,1,0.001069,0.00000114
1771742636.362233,17.650000,0.010000,0.000853,-0.065170,0.041960,2.4041,0.976957,0.030821,0.348517,0.019793,0.019793,1.1341,1.1341,1,1,0.000853,0.00000073
1771742636.372233,17.660000,0.010000,0.000662,-0.061973,0.043518,2.4934,0.969751,0.037361,0.654019,-0.116904,-0.116904,-6.6981,-6.6981,1,1,0.000662,0.00000044
1771742636.382233,17.670000,0.010000,0.000500,-0.058586,0.045020,2.5795,0.963361,0.042405,0.504308,-0.067913,-0.067913,-3.8912,-3.8912,1,1,0.000500,0.00000025
1771742636.392233,17.680000,0.010000,0.000367,-0.055038,0.046475,2.6628,0.957946,0.050308,0.790335,-0.134458,-0.134458,-7.7039,-7.7039,1,1,0.000367,0.00000013
1771742636.402233,17.690000,0.010000,0.000264,-0.051357,0.047891,2.7440,0.953643,0.053733,0.342478,-0.097875,-0.097875,-5.6078,-5.6078,1,1,0.000264,0.00000007
1771742636.412233,17.700000,0.010000,0.000193,-0.047568,0.049279,2.8235,0.950574,0.053239,-0.049398,-0.215499,-0.215499,-12.3472,-12.3472,1,1,0.000193,0.00000004
1771742636.422233,17.710000,0.010000,0.000154,-0.043697,0.050650,2.9020,0.948843,0.049544,-0.369513,-0.234014,-0.234014,-13.4080,-13.4080,1,1,0.000154,0.00000002
1771742636.432233,17.720000,0.010000,0.000147,-0.039768,0.052015,2.9802,0.948543,0.042820,-0.672390,-0.217718,-0.217718,-12.4743,-12.4743,1,1,0.000147,0.00000002
1771742636.442233,17.730000,0.010000,0.000173,-0.035803,0.053387,3.0589,0.949756,0.036300,-0.651963,-0.194742,-0.194742,-11.1579,-11.1579,1,1,0.000173,0.00000003
1771742636.452233,17.740000,0.010000,0.000233,-0.031825,0.054779,3.1386,0.952553,0.028724,-0.757642,-0.219697,-0.219697,-12.5877,-12.5877,1,1,0.000233,0.00000005
1771742636.462233,17.750000,0.010000,0.000326,-0.027851,0.056204,3.2202,0.956996,0.018604,-1.012002,-0.225941,-0.225941,-12.9455,-12.9455,1,1,0.000326,0.00000011
1771742636.472233,17.760000,0.010000,0.000452,-0.023901,0.057677,3.3046,0.963135,0.006401,-1.220283,-0.215665,-0.215665,-12.3567,-12.3567,1,1,0.000452,0.00000020
1771742636.482233,17.770000,0.010000,0.000629,-0.015326,0.058862,3.3725,0.887175,-0.002815,-0.921597,-0.195740,-0.195740,-11.2151,-11.2151,1,1,0.000629,0.00000040
1771742636.492233,17.780000,0.010000,0.000848,-0.013138,0.059965,3.4357,0.926120,-0.007388,-0.457331,-0.226702,-0.226702,-12.9891,-12.9891,1,1,0.000848,0.00000072
1771742636.502233,17.790000,0.010000,0.001106,-0.006071,0.060771,3.4819,0.820599,-0.014881,-0.749231,-0.286054,-0.286054,-16.3897,-16.3897,1,1,0.001106,0.00000122
1771742636.512233,17.800000,0.010000,0.001388,-0.006244,0.061547,3.5264,0.895214,-0.021510,-0.662908,-0.237017,-0.237017,-13.5801,-13.5801,1,1,0.001388,0.00000193
1771742636.522233,17.810000,0.010000,0.001697,0.000010,0.061861,3.5444,0.720768,-0.030801,-0.929111,-0.254707,-0.254707,-14.5936,-14.5936,1,1,0.001697,0.00000288
1771742636.532233,17.820000,0.010000,0.002013,-0.002598,0.062099,3.5580,0.839936,-0.039185,-0.838429,-0.147919,-0.147919,-8.4751,-8.4751,1,1,0.002013,0.00000405
1771742636.542233,17.830000,0.010000,0.002332,0.000010,0.061964,3.5503,0.650616,-0.050012,-1.082691,-0.183016,-0.183016,-10.4860,-10.4860,1,1,0.002332,0.00000544
1771742636.552233,17.840000,0.010000,0.002636,-0.004100,0.061790,3.5403,0.790678,-0.062976,-1.296421,-0.094039,-0.094039,-5.3880,-5.3880,1,1,0.002636,0.00000695
1771742636.562232,17.850000,0.010000,0.002967,0.005295,0.060672,3.4763,0.447837,-0.077811,-1.483434,-0.007546,-0.007546,-0.4324,-0.4324,1,1,0.002967,0.00000880
1771742636.572232,17.860000,0.010000,0.003280,-0.004558,0.059392,3.4029,0.682822,-0.092427,-1.461647,-0.031359,-0.031359,-1.7967,-1.7967,1,1,0.003280,0.00001076
1771742636.582232,17.870000,0.010000,0.003597,0.004253,0.057512,3.2952,0.345854,-0.108336,-1.590876,0.038719,0.038719,2.2184,2.2184,1,1,0.003597,0.00001294
1771742636.592233,17.880000,0.010000,0.003882,-0.008598,0.055665,3.1894,0.623771,-0.123037,-1.470062,0.039001,0.039001,2.2346,2.2346,1,1,0.003882,0.00001507
1771742636.602233,17.890000,0.010000,0.004178,0.004278,0.053023,3.0380,0.206104,-0.134615,-1.157850,0.087096,0.087096,4.9903,4.9903,1,1,0.004178,0.00001745
1771742636.612233,17.900000,0.010000,0.004439,-0.012241,0.050364,2.8856,0.537597,-0.142256,-0.764066,0.073080,0.073080,4.1872,4.1872,1,1,0.004439,0.00001970
1771742636.622233,17.910000,0.010000,0.004696,0.000004,0.047410,2.7164,0.197180,-0.152432,-1.017624,0.050728,0.050728,2.9065,2.9065,1,1,0.004696,0.00002205
1771742636.632233,17.920000,0.010000,0.004914,-0.017591,0.044720,2.5623,0.534597,-0.164827,-1.239487,0.091766,0.091766,5.2578,5.2578,1,1,0.004914,0.00002415
1771742636.642233,17.930000,0.010000,0.005146,0.000002,0.041126,2.3563,0.043527,-0.173851,-0.902382,0.063687,0.063687,3.6490,3.6490,1,1,0.005146,0.00002648
1771742636.652233,17.940000,0.010000,0.005340,-0.021359,0.037510,2.1491,0.434955,-0.183958,-1.010700,0.083440,0.083440,4.7808,4.7808,1,1,0.005340,0.00002852
1771742636.662233,17.950000,0.010000,0.005548,-0.000579,0.033645,1.9277,0.058178,-0.189311,-0.535297,0.052097,0.052097,2.9849,2.9849,1,1,0.005548,0.00003078
1771742636.672233,17.960000,0.010000,0.005734,-0.022418,0.030115,1.7255,0.443296,-0.190504,-0.119319,0.071228,0.071228,4.0810,4.0810,1,1,0.005734,0.00003288
1771742636.682233,17.970000,0.010000,0.005917,-0.005247,0.026579,1.5229,0.129514,-0.188057,0.244662,0.076321,0.076321,4.3729,4.3729,1,1,0.005917,0.00003501
1771742636.692233,17.980000,0.010000,0.006068,-0.026403,0.023480,1.3453,0.488485,-0.182426,0.563145,0.080761,0.080761,4.6273,4.6273,1,1,0.006068,0.00003682
1771742636.702233,17.990000,0.010000,0.006194,-0.014982,0.020656,1.1835,0.263634,-0.174008,0.841818,0.097704,0.097704,5.5980,5.5980,1,1,0.006194,0.00003836
1771742636.712233,18.000000,0.010000,0.006277,-0.034094,0.018368,1.0524,0.574479,-0.163151,1.085656,0.071693,0.071693,4.1077,4.1077,1,1,0.006277,0.00003940
1771742636.722233,18.010000,0.010000,0.006326,-0.026470,0.016427,0.9412,0.406899,-0.150161,1.299015,0.054961,0.054961,3.1490,3.1490,1,1,0.006326,0.00004002
1771742636.732233,18.020000,0.010000,0.006329,-0.043118,0.015001,0.8595,0.665901,-0.135304,1.485704,-0.006276,-0.006276,-0.3596,-0.3596,1,1,0.006329,0.00004006
1771742636.742233,18.030000,0.010000,0.006279,-0.042221,0.014203,0.8138,0.611012,-0.118813,1.649057,-0.066796,-0.066796,-3.8271,-3.8271,1,1,0.006279,0.00003942
1771742636.752233,18.040000,0.010000,0.006176,-0.054893,0.013996,0.8019,0.795606,-0.100893,1.791991,-0.111043,-0.111043,-6.3623,-6.3623,1,1,0.006176,0.00003815
1771742636.762233,18.050000,0.010000,0.006027,-0.055432,0.014271,0.8176,0.765083,-0.081723,1.917058,-0.100719,-0.100719,-5.7708,-5.7708,1,1,0.006027,0.00003633
1771742636.772233,18.060000,0.010000,0.005836,-0.064769,0.014973,0.8579,0.892117,-0.063547,1.817625,-0.118028,-0.118028,-6.7625,-6.7625,1,1,0.005836,0.00003406
1771742636.782233,18.070000,0.010000,0.005587,-0.070974,0.016396,0.9394,0.965710,-0.045173,1.837333,0.002774,0.002774,0.1589,0.1589,1,1,0.005587,0.00003121
1771742636.792233,18.080000,0.010000,0.005315,-0.071143,0.017939,1.0278,0.936259,-0.032587,1.258601,0.092415,0.092415,5.2950,5.2950,1,1,0.005315,0.00002825
1771742636.802233,18.090000,0.010000,0.005021,-0.076063,0.019624,1.1244,0.995930,-0.019610,1.297684,0.008471,0.008471,0.4853,0.4853,1,1,0.005021,0.00002522
1771742636.812232,18.100000,0.010000,0.004698,-0.079359,0.021645,1.2402,1.031236,-0.007619,1.199139,0.089715,0.089715,5.1403,5.1403,1,1,0.004698,0.00002207
1771742636.822232,18.110000,0.010000,0.004362,-0.080515,0.023809,1.3642,1.045930,0.003429,1.104750,0.127944,0.127944,7.3306,7.3306,1,1,0.004362,0.00001903
1771742636.832232,18.120000,0.010000,0.004028,-0.080210,0.026005,1.4900,1.048677,0.015213,1.178444,0.137264,0.137264,7.8646,7.8646,1,1,0.004028,0.00001622
1771742636.842233,18.130000,0.010000,0.003695,-0.079916,0.028224,1.6171,1.050383,0.022273,0.706003,0.185536,0.185536,10.6304,10.6304,1,1,0.003695,0.00001365
1771742636.852233,18.140000,0.010000,0.003363,-0.079629,0.030458,1.7451,1.051306,0.026359,0.408598,0.079709,0.079709,4.5670,4.5670,1,1,0.003363,0.00001131
1771742636.862233,18.150000,0.010000,0.003034,-0.079130,0.032691,1.8731,1.050461,0.026444,0.008457,0.017537,0.017537,1.0048,1.0048,1,1,0.003034,0.00000921
1771742636.872233,18.160000,0.010000,0.002713,-0.078106,0.034895,1.9993,1.046577,0.023027,-0.341666,-0.041796,-0.041796,-2.3947,-2.3947,1,1,0.002713,0.00000736
1771742636.882233,18.170000,0.010000,0.002404,-0.076589,0.037051,2.1228,1.040606,0.016547,-0.648024,-0.046737,-0.046737,-2.6779,-2.6779,1,1,0.002404,0.00000578
1771742636.892233,18.180000,0.010000,0.002110,-0.074669,0.039147,2.2430,1.033584,0.007386,-0.916086,-0.031219,-0.031219,-1.7887,-1.7887,1,1,0.002110,0.00000445
1771742636.902233,18.190000,0.010000,0.001861,-0.066050,0.040708,2.3324,0.912688,-0.004121,-1.150641,-0.007975,-0.007975,-0.4569,-0.4569,1,1,0.001861,0.00000346
1771742636.912233,18.200000,0.010000,0.001645,-0.065691,0.041988,2.4057,0.944685,-0.010698,-0.657745,0.074669,0.074669,4.2782,4.2782,1,1,0.001645,0.00000270
1771742636.922233,18.210000,0.010000,0.001438,-0.064345,0.043445,2.4892,0.963003,-0.012963,-0.226461,-0.005421,-0.005421,-0.3106,-0.3106,1,1,0.001438,0.00000207
1771742636.932233,18.220000,0.010000,0.001254,-0.060684,0.044876,2.5712,0.943981,-0.011454,0.150912,-0.098551,-0.098551,-5.6465,-5.6465,1,1,0.001254,0.00000157
1771742636.942233,18.230000,0.010000,0.001093,-0.058679,0.046302,2.6529,0.958636,-0.006642,0.481114,-0.203193,-0.203193,-11.6421,-11.6421,1,1,0.001093,0.00000120
1771742636.952233,18.240000,0.010000,0.000953,-0.056098,0.047805,2.7390,0.966668,0.001058,0.770041,-0.235164,-0.235164,-13.4739,-13.4739,1,1,0.000953,0.00000091
1771742636.962233,18.250000,0.010000,0.000837,-0.053114,0.049351,2.8276,0.971114,0.011286,1.022851,-0.219260,-0.219260,-12.5627,-12.5627,1,1,0.000837,0.00000070
1771742636.972233,18.260000,0.010000,0.000748,-0.049831,0.050921,2.9176,0.973681,0.023727,1.244061,-0.193981,-0.193981,-11.1143,-11.1143,1,1,0.000748,0.00000056
1771742636.982233,18.270000,0.010000,0.000687,-0.046328,0.052508,3.0085,0.975520,0.031122,0.739487,-0.161847,-0.161847,-9.2731,-9.2731,1,1,0.000687,0.00000047
1771742636.992233,18.280000,0.010000,0.000657,-0.042659,0.054110,3.1003,0.977409,0.034102,0.297986,-0.267850,-0.267850,-15.3467,-15.3467,1,1,0.000657,0.00000043
1771742637.002233,18.290000,0.010000,0.000658,-0.038872,0.055731,3.1931,0.979885,0.033219,-0.088328,-0.318810,-0.318810,-18.2665,-18.2665,1,1,0.000658,0.00000043
1771742637.012233,18.300000,0.010000,0.000692,-0.035001,0.057378,3.2875,0.983321,0.028955,-0.426353,-0.301734,-0.301734,-17.2881,-17.2881,1,1,0.000692,0.00000048
1771742637.022233,18.310000,0.010000,0.000758,-0.031078,0.059062,3.3840,0.987982,0.021734,-0.722125,-0.280871,-0.280871,-16.0927,-16.0927,1,1,0.000758,0.00000057
1771742637.032233,18.320000,0.010000,0.000856,-0.027126,0.060793,3.4832,0.994058,0.018020,-0.371353,-0.268573,-0.268573,-15.3881,-15.3881,1,1,0.000856,0.00000073
1771742637.042233,18.330000,0.010000,0.000988,-0.023168,0.062584,3.5858,1.001688,0.018262,0.024132,-0.301923,-0.301923,-17.2989,-17.2989,1,1,0.000988,0.00000098
1771742637.052233,18.340000,0.010000,0.001170,-0.015248,0.064152,3.6757,0.939670,0.015301,-0.296029,-0.330091,-0.330091,-18.9128,-18.9128,1,1,0.001170,0.00000137
1771742637.062232,18.350000,0.010000,0.001391,-0.012756,0.065675,3.7629,0.975735,0.009220,-0.608091,-0.308660,-0.308660,-17.6849,-17.6849,1,1,0.001391,0.00000193
1771742637.072232,18.360000,0.010000,0.001659,-0.004147,0.066681,3.8205,0.819807,0.000409,-0.881146,-0.283387,-0.283387,-16.2369,-16.2369,1,1,0.001659,0.00000275
1771742637.082232,18.370000,0.010000,0.001952,-0.004979,0.067557,3.8708,0.910774,-0.010792,-1.120068,-0.251614,-0.251614,-14.4164,-14.4164,1,1,0.001952,0.00000381
1771742637.092233,18.380000,0.010000,0.002266,0.000011,0.067916,3.8913,0.709292,-0.024083,-1.329126,-0.221689,-0.221689,-12.7018,-12.7018,1,1,0.002266,0.00000513
1771742637.102233,18.390000,0.010000,0.002575,-0.003553,0.068193,3.9072,0.848981,-0.039204,-1.512051,-0.120079,-0.120079,-6.8800,-6.8800,1,1,0.002575,0.00000663
1771742637.112233,18.400000,0.010000,0.002915,0.006254,0.067538,3.8696,0.508648,-0.054534,-1.533039,-0.041369,-0.041369,-2.3702,-2.3702,1,1,0.002915,0.00000850
1771742637.122233,18.410000,0.010000,0.003245,-0.002200,0.066668,3.8198,0.728806,-0.071439,-1.690475,-0.081410,-0.081410,-4.6644,-4.6644,1,1,0.003245,0.00001053
1771742637.132233,18.420000,0.010000,0.003592,0.008422,0.065059,3.7276,0.370093,-0.089721,-1.828231,0.024947,0.024947,1.4294,1.4294,1,1,0.003592,0.00001290
1771742637.142233,18.430000,0.010000,0.003916,-0.003761,0.063411,3.6332,0.647488,-0.109209,-1.948768,0.003202,0.003202,0.1835,0.1835,1,1,0.003916,0.00001533
1771742637.152233,18.440000,0.010000,0.004281,0.015950,0.060497,3.4662,0.116806,-0.129751,-2.054238,0.086822,0.086822,4.9745,4.9745,1,1,0.004281,0.00001833
1771742637.162233,18.450000,0.010000,0.004626,-0.003000,0.057373,3.2872,0.492770,-0.147104,-1.735279,0.119496,0.119496,6.8466,6.8466,1,1,0.004626,0.00002140
1771742637.172233,18.460000,0.010000,0.004956,0.008893,0.053865,3.0863,0.094342,-0.165778,-1.867435,0.082697,0.082697,4.7382,4.7382,1,1,0.004956,0.00002456
1771742637.182233,18.470000,0.010000,0.005234,-0.010907,0.050623,2.9005,0.478615,-0.185609,-1.983071,0.083719,0.083719,4.7968,4.7968,1,1,0.005234,0.00002739
1771742637.192233,18.480000,0.010000,0.005556,0.015811,0.045845,2.6267,-0.202537,-0.200990,-1.538144,0.044519,0.044519,2.5507,2.5507,1,1,0.005556,0.00003087
1771742637.202233,18.490000,0.010000,0.005843,-0.011340,0.040909,2.3439,0.296574,-0.211290,-1.029953,0.046545,0.046545,2.6668,2.6668,1,1,0.005843,0.00003414
1771742637.212233,18.500000,0.010000,0.006087,0.000002,0.036470,2.0896,0.024289,-0.216811,-0.552143,0.036813,0.036813,2.1092,2.1092,1,1,0.006087,0.00003706
1771742637.222233,18.510000,0.010000,0.006269,-0.023201,0.032817,1.8803,0.433026,-0.218152,-0.134059,0.054433,0.054433,3.1188,3.1188,1,1,0.006269,0.00003930
1771742637.232233,18.520000,0.010000,0.006468,0.000001,0.028193,1.6153,-0.131596,-0.215834,0.231764,0.060964,0.060964,3.4930,3.4930,1,1,0.006468,0.00004184
1771742637.242233,18.530000,0.010000,0.006623,-0.027301,0.023641,1.3545,0.335214,-0.210316,0.551859,0.033950,0.033950,1.9452,1.9452,1,1,0.006623,0.00004386
1771742637.252233,18.540000,0.010000,0.006696,-0.024613,0.020320,1.1643,0.261342,-0.201996,0.831943,0.081430,0.081430,4.6656,4.6656,1,1,0.006696,0.00004483
1771742637.262233,18.550000,0.010000,0.006693,-0.044499,0.018077,1.0357,0.580775,-0.191226,1.077016,0.065845,0.065845,3.7726,3.7726,1,1,0.006693,0.00004480
1771742637.272233,18.560000,0.010000,0.006735,-0.017285,0.014751,0.8452,0.063686,-0.178312,1.291455,0.114325,0.114325,6.5503,6.5503,1,1,0.006735,0.00004536
1771742637.282233,18.570000,0.010000,0.006769,-0.041148,0.011267,0.6455,0.446010,-0.163521,1.479089,0.037635,0.037635,2.1563,2.1563,1,1,0.006769,0.00004582
1771742637.292233,18.580000,0.010000,0.006650,-0.057742,0.010087,0.5779,0.692013,-0.147088,1.643268,0.028336,0.028336,1.6235,1.6235,1,1,0.006650,0.00004422
1771742637.302233,18.590000,0.010000,0.006510,-0.048925,0.008867,0.5080,0.486987,-0.129219,1.786926,0.028217,0.028217,1.6167,1.6167,1,1,0.006510,0.00004238
1771742637.312232,18.600000,0.010000,0.006333,-0.064481,0.007901,0.4527,0.713193,-0.110093,1.912626,0.012594,0.012594,0.7216,0.7216,1,1,0.006333,0.00004011
1771742637.322232,18.610000,0.010000,0.006057,-0.075336,0.008266,0.4736,0.854923,-0.090766,1.932640,-0.053623,-0.053623,-3.0724,-3.0724,1,1,0.006057,0.00003669
1771742637.332232,18.620000,0.010000,0.005745,-0.074968,0.008874,0.5084,0.801653,-0.073602,1.716383,0.034289,0.034289,1.9646,1.9646,1,1,0.005745,0.00003300
1771742637.342233,18.630000,0.010000,0.005398,-0.083247,0.009725,0.5572,0.905116,-0.059800,1.380189,0.013892,0.013892,0.7960,0.7960,1,1,0.005398,0.00002914
1771742637.352233,18.640000,0.010000,0.005054,-0.082610,0.010840,0.6211,0.932241,-0.045521,1.427915,0.048697,0.048697,2.7901,2.7901,1,1,0.005054,0.00002554
1771742637.362233,18.650000,0.010000,0.004711,-0.082075,0.012145,0.6959,0.951700,-0.032211,1.331069,0.098488,0.098488,5.6429,5.6429,1,1,0.004711,0.00002220
1771742637.372233,18.660000,0.010000,0.004371,-0.081618,0.013587,0.7785,0.965400,-0.023940,0.827009,0.128663,0.128663,7.3719,7.3719,1,1,0.004371,0.00001911
1771742637.382233,18.670000,0.010000,0.004033,-0.081218,0.015125,0.8666,0.974771,-0.013213,1.072699,0.084087,0.084087,4.8179,4.8179,1,1,0.004033,0.00001626
1771742637.392233,18.680000,0.010000,0.003696,-0.080859,0.016729,0.9585,0.980878,-0.003331,0.988231,0.147006,0.147006,8.4228,8.4228,1,1,0.003696,0.00001366
1771742637.402233,18.690000,0.010000,0.003360,-0.080531,0.018376,1.0529,0.984521,0.008807,1.213768,0.161488,0.161488,9.2526,9.2526,1,1,0.003360,0.00001129
1771742637.412233,18.700000,0.010000,0.003026,-0.080227,0.020049,1.1487,0.986294,0.015936,0.712981,0.235553,0.235553,13.4962,13.4962,1,1,0.003026,0.00000916
1771742637.422233,18.710000,0.010000,0.002693,-0.079938,0.021733,1.2452,0.986643,0.018684,0.274792,0.150940,0.150940,8.6482,8.6482,1,1,0.002693,0.00000725
1771742637.432233,18.720000,0.010000,0.002361,-0.079621,0.023418,1.3418,0.985687,0.019876,0.119166,0.092814,0.092814,5.3179,5.3179,1,1,0.002361,0.00000558
1771742637.442233,18.730000,0.010000,0.002033,-0.079060,0.025084,1.4372,0.982554,0.018966,-0.091027,0.099022,0.099022,5.6736,5.6736,1,1,0.002033,0.00000413
1771742637.452233,18.740000,0.010000,0.001714,-0.077987,0.026701,1.5299,0.976329,0.014678,-0.428714,0.094261,0.094261,5.4007,5.4007,1,1,0.001714,0.00000294
1771742637.462233,18.750000,0.010000,0.001406,-0.076487,0.028252,1.6187,0.968224,0.014418,-0.026059,0.081821,0.081821,4.6880,4.6880,1,1,0.001406,0.00000198
1771742637.472233,18.760000,0.010000,0.001112,-0.074639,0.029728,1.7033,0.959155,0.014352,-0.006574,0.068570,0.068570,3.9288,3.9288,1,1,0.001112,0.00000124
1771742637.482233,18.770000,0.010000,0.000837,-0.072474,0.031124,1.7833,0.949571,0.017785,0.343313,0.057318,0.057318,3.2841,3.2841,1,1,0.000837,0.00000070
1771742637.492233,18.780000,0.010000,0.000581,-0.070033,0.032439,1.8586,0.939884,0.024280,0.649465,0.015020,0.015020,0.8606,0.8606,1,1,0.000581,0.00000034
1771742637.502233,18.790000,0.010000,0.000347,-0.067354,0.033674,1.9294,0.930421,0.033453,0.917348,0.069430,0.069430,3.9780,3.9780,1,1,0.000347,0.00000012
1771742637.512233,18.800000,0.010000,0.000136,-0.064468,0.034832,1.9957,0.921411,0.039783,0.632925,0.149244,0.149244,8.5511,8.5511,1,1,0.000136,0.00000002
1771742637.522233,18.810000,0.010000,-0.000049,-0.061404,0.035919,2.0580,0.913032,0.048811,0.902875,0.066975,0.066975,3.8374,3.8374,1,1,0.000049,0.00000000
1771742637.532233,18.820000,0.010000,-0.000208,-0.058190,0.036941,2.1165,0.905420,0.060202,1.139081,0.127854,0.127854,7.3255,7.3255,1,1,0.000208,0.00000004
1771742637.542233,18.830000,0.010000,-0.000339,-0.054853,0.037905,2.1718,0.898724,0.073660,1.345762,0.170490,0.170490,9.7684,9.7684,1,1,0.000339,0.00000011
1771742637.552233,18.840000,0.010000,-0.000441,-0.051420,0.038819,2.2242,0.893067,0.083320,0.966000,0.146027,0.146027,8.3667,8.3667,1,1,0.000441,0.00000019
1771742637.562232,18.850000,0.010000,-0.000515,-0.047917,0.039694,2.2743,0.888555,0.088282,0.496184,0.072160,0.072160,4.1345,4.1345,1,1,0.000515,0.00000027
1771742637.572232,18.860000,0.010000,-0.000559,-0.044367,0.040538,2.3227,0.885278,0.089624,0.134257,-0.050997,-0.050997,-2.9219,-2.9219,1,1,0.000559,0.00000031
1771742637.582232,18.870000,0.010000,-0.000574,-0.040793,0.041364,2.3700,0.883313,0.090204,0.057953,-0.129497,-0.129497,-7.4196,-7.4196,1,1,0.000574,0.00000033
1771742637.592233,18.880000,0.010000,-0.000558,-0.037217,0.042181,2.4168,0.882724,0.089156,-0.104790,-0.153740,-0.153740,-8.8086,-8.8086,1,1,0.000558,0.00000031
1771742637.602233,18.890000,0.010000,-0.000513,-0.033657,0.043003,2.4639,0.883567,0.086583,-0.257320,-0.172153,-0.172153,-9.8636,-9.8636,1,1,0.000513,0.00000026
1771742637.612233,18.900000,0.010000,-0.000438,-0.030134,0.043841,2.5119,0.885887,0.082925,-0.365809,-0.185251,-0.185251,-10.6141,-10.6141,1,1,0.000438,0.00000019
1771742637.622233,18.910000,0.010000,-0.000335,-0.026662,0.044707,2.5615,0.889720,0.076233,-0.669149,-0.198550,-0.198550,-11.3761,-11.3761,1,1,0.000335,0.00000011
1771742637.632233,18.920000,0.010000,-0.000202,-0.023258,0.045615,2.6136,0.895092,0.073869,-0.236439,-0.175184,-0.175184,-10.0373,-10.0373,1,1,0.000202,0.00000004
1771742637.642233,18.930000,0.010000,-0.000042,-0.019933,0.046577,2.6687,0.902024,0.075291,0.142182,-0.250922,-0.250922,-14.3768,-14.3768,1,1,0.000042,0.00000000
1771742637.652233,18.940000,0.010000,0.000145,-0.016700,0.047607,2.7277,0.910526,0.074251,-0.103948,-0.298729,-0.298729,-17.1159,-17.1159,1,1,0.000145,0.00000002
1771742637.662233,18.950000,0.010000,0.000358,-0.013565,0.048718,2.7913,0.920599,0.076832,0.258112,-0.293059,-0.293059,-16.7910,-16.7910,1,1,0.000358,0.00000013
1771742637.672233,18.960000,0.010000,0.000597,-0.010654,0.049925,2.8605,0.932900,0.082581,0.574913,-0.333592,-0.333592,-19.1134,-19.1134,1,1,0.000597,0.00000036
1771742637.682233,18.970000,0.010000,0.000852,-0.009470,0.051282,2.9382,0.955730,0.090512,0.793074,-0.336597,-0.336597,-19.2856,-19.2856,1,1,0.000852,0.00000073
1771742637.692233,18.980000,0.010000,0.001118,-0.008265,0.052818,3.0263,0.977019,0.093961,0.344874,-0.334117,-0.334117,-19.1435,-19.1435,1,1,0.001118,0.00000125
1771742637.702233,18.990000,0.010000,0.001393,-0.007067,0.054527,3.1242,0.997599,0.093488,-0.047301,-0.312663,-0.312663,-17.9143,-17.9143,1,1,0.001393,0.00000194
1771742637.712233,19.000000,0.010000,0.001679,-0.005893,0.056407,3.2319,1.018015,0.089583,-0.390454,-0.295184,-0.295184,-16.9128,-16.9128,1,1,0.001679,0.00000282
1771742637.722233,19.010000,0.010000,0.001974,-0.004748,0.058458,3.3494,1.038617,0.082676,-0.690714,-0.280369,-0.280369,-16.0639,-16.0639,1,1,0.001974,0.00000390
1771742637.732233,19.020000,0.010000,0.002278,-0.003636,0.060685,3.4770,1.059679,0.073142,-0.953440,-0.274827,-0.274827,-15.7464,-15.7464,1,1,0.002278,0.00000519
1771742637.742233,19.030000,0.010000,0.002592,-0.002559,0.063092,3.6149,1.081370,0.061308,-1.183326,-0.268402,-0.268402,-15.3783,-15.3783,1,1,0.002592,0.00000672
1771742637.752233,19.040000,0.010000,0.002914,-0.001512,0.065686,3.7636,1.103797,0.047464,-1.384476,-0.257921,-0.257921,-14.7778,-14.7778,1,1,0.002914,0.00000849
1771742637.762233,19.050000,0.010000,0.003247,0.000019,0.067697,3.8787,0.940441,0.031859,-1.560482,-0.246497,-0.246497,-14.1233,-14.1233,1,1,0.003247,0.00001054
1771742637.772233,19.060000,0.010000,0.003577,0.000022,0.069315,3.9714,0.973203,0.014714,-1.714488,-0.213516,-0.213516,-12.2336,-12.2336,1,1,0.003577,0.00001280
1771742637.782233,19.070000,0.010000,0.003917,0.002165,0.070233,4.0241,0.774008,-0.003778,-1.849243,-0.169719,-0.169719,-9.7242,-9.7242,1,1,0.003917,0.00001535
1771742637.792233,19.080000,0.010000,0.004247,0.000020,0.070813,4.0573,0.849098,-0.023450,-1.967153,-0.075908,-0.075908,-4.3492,-4.3492,1,1,0.004247,0.00001804
1771742637.802233,19.090000,0.010000,0.004603,0.007729,0.070415,4.0345,0.549484,-0.044153,-2.070325,0.006209,0.006209,0.3558,0.3558,1,1,0.004603,0.00002118
1771742637.812232,19.100000,0.010000,0.004932,-0.002687,0.070024,4.0121,0.789551,-0.065759,-2.160600,-0.044173,-0.044173,-2.5310,-2.5310,1,1,0.004932,0.00002433
1771742637.822232,19.110000,0.010000,0.005331,0.022123,0.067895,3.8901,0.174367,-0.088155,-2.239591,0.076949,0.076949,4.4088,4.4088,1,1,0.005331,0.00002842
1771742637.832232,19.120000,0.010000,0.005710,-0.000584,0.065380,3.7460,0.575840,-0.111242,-2.308708,0.087267,0.087267,5.0000,5.0000,1,1,0.005710,0.00003260
1771742637.842233,19.130000,0.010000,0.006069,0.013604,0.062444,3.5778,0.146444,-0.134235,-2.299268,0.096814,0.096814,5.5470,5.5470,1,1,0.006069,0.00003683
1771742637.852233,19.140000,0.010000,0.006383,-0.006609,0.059711,3.4212,0.540362,-0.152502,-1.826672,0.114786,0.114786,6.5768,6.5768,1,1,0.006383,0.00004075
1771742637.862233,19.150000,0.010000,0.006735,0.018841,0.055626,3.1871,-0.105946,-0.167792,-1.529063,0.106345,0.106345,6.0931,6.0931,1,1,0.006735,0.00004536
1771742637.872233,19.160000,0.010000,0.007052,-0.007628,0.051437,2.9471,0.384272,-0.180368,-1.257616,0.109011,0.109011,6.2458,6.2458,1,1,0.007052,0.00004973
1771742637.882233,19.170000,0.010000,0.007312,0.000176,0.047487,2.7208,0.049245,-0.190063,-0.969414,0.058549,0.058549,3.3546,3.3546,1,1,0.007312,0.00005346
1771742637.892233,19.180000,0.010000,0.007488,-0.024028,0.044208,2.5329,0.480866,-0.197117,-0.705434,0.075773,0.075773,4.3415,4.3415,1,1,0.007488,0.00005607
1771742637.902233,19.190000,0.010000,0.007685,0.001004,0.039619,2.2700,-0.184001,-0.199799,-0.268189,0.044020,0.044020,2.5222,2.5222,1,1,0.007685,0.00005906
1771742637.912233,19.200000,0.010000,0.007830,-0.028881,0.034994,2.0050,0.335043,-0.198655,0.114401,0.045434,0.045434,2.6031,2.6031,1,1,0.007830,0.00006131
1771742637.922233,19.210000,0.010000,0.007907,-0.020966,0.031412,1.7998,0.176700,-0.194163,0.449166,0.064765,0.064765,3.7108,3.7108,1,1,0.007907,0.00006253
1771742637.932233,19.220000,0.010000,0.007915,-0.043938,0.028873,1.6543,0.556695,-0.186742,0.742087,0.055599,0.055599,3.1856,3.1856,1,1,0.007915,0.00006265
1771742637.942233,19.230000,0.010000,0.007975,-0.012281,0.025161,1.4416,-0.030511,-0.176758,0.998392,0.046093,0.046093,2.6409,2.6409,1,1,0.007975,0.00006360
1771742637.952233,19.240000,0.010000,0.008027,-0.039540,0.021336,1.2224,0.416802,-0.164532,1.222658,0.043309,0.043309,2.4814,2.4814,1,1,0.008027,0.00006444
1771742637.962233,19.250000,0.010000,0.007917,-0.055893,0.020025,1.1474,0.662540,-0.150343,1.418892,0.017403,0.017403,0.9971,0.9971,1,1,0.007917,0.00006268
1771742637.972233,19.260000,0.010000,0.007817,-0.039721,0.018158,1.0404,0.333233,-0.134437,1.590596,-0.077813,-0.077813,-4.4583,-4.4583,1,1,0.007817,0.00006111
1771742637.982233,19.270000,0.010000,0.007687,-0.059882,0.016476,0.9440,0.643781,-0.117028,1.740838,0.036050,0.036050,2.0655,2.0655,1,1,0.007687,0.00005908
1771742637.992233,19.280000,0.010000,0.007430,-0.073298,0.016604,0.9513,0.831741,-0.098305,1.872299,-0.126556,-0.126556,-7.2511,-7.2511,1,1,0.007430,0.00005521
1771742638.002233,19.290000,0.010000,0.007157,-0.065924,0.016615,0.9520,0.653811,-0.078432,1.987327,-0.063357,-0.063357,-3.6301,-3.6301,1,1,0.007157,0.00005122
1771742638.012233,19.300000,0.010000,0.006853,-0.079054,0.016803,0.9627,0.841575,-0.061310,1.712263,-0.115120,-0.115120,-6.5959,-6.5959,1,1,0.006853,0.00004697
1771742638.022233,19.310000,0.010000,0.006504,-0.083682,0.017860,1.0233,0.933733,-0.044174,1.713537,-0.029417,-0.029417,-1.6854,-1.6854,1,1,0.006504,0.00004231
1771742638.032233,19.320000,0.010000,0.006159,-0.082894,0.019288,1.1051,0.972746,-0.032671,1.150279,0.069980,0.069980,4.0096,4.0096,1,1,0.006159,0.00003793
1771742638.042233,19.330000,0.010000,0.005816,-0.082240,0.020995,1.2029,1.001848,-0.022908,0.976312,0.008059,0.008059,0.4618,0.4618,1,1,0.005816,0.00003383
1771742638.052233,19.340000,0.010000,0.005476,-0.081687,0.022911,1.3127,1.023536,-0.011949,1.095917,0.000951,0.000951,0.0545,0.0545,1,1,0.005476,0.00002998
1771742638.062232,19.350000,0.010000,0.005137,-0.081208,0.024984,1.4315,1.039682,-0.003506,0.844355,0.068494,0.068494,3.9244,3.9244,1,1,0.005137,0.00002639
1771742638.072232,19.360000,0.010000,0.004801,-0.080783,0.027175,1.5570,1.051686,0.002694,0.619983,0.013971,0.013971,0.8005,0.8005,1,1,0.004801,0.00002305
1771742638.082232,19.370000,0.010000,0.004466,-0.080398,0.029455,1.6877,1.060598,0.007771,0.507688,-0.023834,-0.023834,-1.3656,-1.3656,1,1,0.004466,0.00001994
1771742638.092233,19.380000,0.010000,0.004132,-0.080043,0.031803,1.8222,1.067203,0.008975,0.120401,-0.039931,-0.039931,-2.2879,-2.2879,1,1,0.004132,0.00001707
1771742638.102233,19.390000,0.010000,0.003813,-0.076615,0.033972,1.9465,1.017040,0.006538,-0.243715,-0.089277,-0.089277,-5.1152,-5.1152,1,1,0.003813,0.00001454
1771742638.112233,19.400000,0.010000,0.003501,-0.077393,0.036079,2.0672,1.040063,0.007896,0.135815,-0.050560,-0.050560,-2.8969,-2.8969,1,1,0.003501,0.00001226
1771742638.122233,19.410000,0.010000,0.003197,-0.075205,0.038151,2.1859,1.016388,0.005594,-0.230228,-0.115414,-0.115414,-6.6127,-6.6127,1,1,0.003197,0.00001022
1771742638.132233,19.420000,0.010000,0.002915,-0.072291,0.040007,2.2923,0.985764,0.000089,-0.550515,-0.083545,-0.083545,-4.7868,-4.7868,1,1,0.002915,0.00000850
1771742638.142233,19.430000,0.010000,0.002661,-0.068295,0.041567,2.3816,0.941433,-0.008219,-0.830767,-0.030148,-0.030148,-1.7273,-1.7273,1,1,0.002661,0.00000708
1771742638.152233,19.440000,0.010000,0.002422,-0.068579,0.043123,2.4708,0.978443,-0.011998,-0.377855,0.015981,0.015981,0.9157,0.9157,1,1,0.002422,0.00000587
1771742638.162233,19.450000,0.010000,0.002213,-0.061638,0.044428,2.5456,0.890781,-0.011813,0.018443,-0.070529,-0.070529,-4.0410,-4.0410,1,1,0.002213,0.00000490
1771742638.172233,19.460000,0.010000,0.002028,-0.062158,0.045643,2.6152,0.940712,-0.009329,0.248405,-0.155442,-0.155442,-8.9062,-8.9062,1,1,0.002028,0.00000411
1771742638.182233,19.470000,0.010000,0.001848,-0.061368,0.047143,2.7011,0.970734,-0.008044,0.128496,-0.220802,-0.220802,-12.6510,-12.6510,1,1,0.001848,0.00000341
1771742638.192233,19.480000,0.010000,0.001685,-0.058376,0.048716,2.7912,0.965289,-0.003429,0.461500,-0.227835,-0.227835,-13.0540,-13.0540,1,1,0.001685,0.00000284
1771742638.202233,19.490000,0.010000,0.001542,-0.056525,0.050347,2.8847,0.984249,-0.001254,0.217499,-0.249717,-0.249717,-14.3077,-14.3077,1,1,0.001542,0.00000238
1771742638.212233,19.500000,0.010000,0.001439,-0.049234,0.051727,2.9638,0.909500,-0.002842,-0.158754,-0.257210,-0.257210,-14.7370,-14.7370,1,1,0.001439,0.00000207
1771742638.222233,19.510000,0.010000,0.001369,-0.048032,0.053013,3.0374,0.947077,-0.007478,-0.463614,-0.222225,-0.222225,-12.7325,-12.7325,1,1,0.001369,0.00000187
1771742638.232233,19.520000,0.010000,0.001349,-0.037640,0.053904,3.0885,0.822416,-0.015025,-0.754728,-0.189617,-0.189617,-10.8643,-10.8643,1,1,0.001349,0.00000182
1771742638.242233,19.530000,0.010000,0.001366,-0.037936,0.054664,3.1320,0.891085,-0.019467,-0.444187,-0.105196,-0.105196,-6.0273,-6.0273,1,1,0.001366,0.00000186
1771742638.252233,19.540000,0.010000,0.001423,-0.028661,0.055233,3.1646,0.789115,-0.026844,-0.737730,-0.199117,-0.199117,-11.4085,-11.4085,1,1,0.001423,0.00000202
1771742638.262233,19.550000,0.010000,0.001509,-0.029685,0.055808,3.1976,0.872216,-0.033932,-0.708760,-0.129857,-0.129857,-7.4403,-7.4403,1,1,0.001509,0.00000228
1771742638.272233,19.560000,0.010000,0.001650,-0.016651,0.055963,3.2064,0.703383,-0.036643,-0.271099,-0.160761,-0.160761,-9.2109,-9.2109,1,1,0.001650,0.00000272
1771742638.282233,19.570000,0.010000,0.001824,-0.019667,0.056049,3.2114,0.821242,-0.035524,0.111854,-0.241620,-0.241620,-13.8438,-13.8438,1,1,0.001824,0.00000333
1771742638.292233,19.580000,0.010000,0.002012,-0.014357,0.056401,3.2315,0.788418,-0.038036,-0.251194,-0.316147,-0.316147,-18.1139,-18.1139,1,1,0.002012,0.00000405
1771742638.302233,19.590000,0.010000,0.002235,-0.010806,0.056643,3.2454,0.786005,-0.043725,-0.568860,-0.248848,-0.248848,-14.2580,-14.2580,1,1,0.002235,0.00000500
1771742638.312232,19.600000,0.010000,0.002491,-0.006309,0.056579,3.2418,0.712017,-0.052193,-0.846819,-0.176242,-0.176242,-10.0979,-10.0979,1,1,0.002491,0.00000621
1771742638.322232,19.610000,0.010000,0.002766,-0.005129,0.056345,3.2284,0.728018,-0.063093,-1.090032,-0.101436,-0.101436,-5.8119,-5.8119,1,1,0.002766,0.00000765
1771742638.332232,19.620000,0.010000,0.003067,0.000010,0.055586,3.1848,0.585921,-0.076122,-1.302844,-0.038991,-0.038991,-2.2340,-2.2340,1,1,0.003067,0.00000941
1771742638.342233,19.630000,0.010000,0.003374,-0.002139,0.054730,3.1358,0.674903,-0.091012,-1.489054,-0.017494,-0.017494,-1.0024,-1.0024,1,1,0.003374,0.00001138
1771742638.352233,19.640000,0.010000,0.003688,0.001333,0.053159,3.0458,0.428008,-0.107414,-1.640157,0.052156,0.052156,2.9883,2.9883,1,1,0.003688,0.00001360
1771742638.362233,19.650000,0.010000,0.003957,-0.010169,0.051793,2.9675,0.674382,-0.118275,-1.086071,0.056409,0.056409,3.2320,3.2320,1,1,0.003957,0.00001566
1771742638.372233,19.660000,0.010000,0.004239,0.002229,0.049539,2.8384,0.259499,-0.124287,-0.601247,0.068913,0.068913,3.9484,3.9484,1,1,0.004239,0.00001797
1771742638.382233,19.670000,0.010000,0.004489,-0.013432,0.047188,2.7037,0.569837,-0.133039,-0.875157,0.034288,0.034288,1.9645,1.9645,1,1,0.004489,0.00002015
1771742638.392233,19.680000,0.010000,0.004742,0.000006,0.044723,2.5624,0.289604,-0.137206,-0.416696,0.059741,0.059741,3.4229,3.4229,1,1,0.004742,0.00002249
1771742638.402233,19.690000,0.010000,0.004971,-0.015937,0.042583,2.4399,0.592978,-0.140150,-0.294444,0.043325,0.043325,2.4824,2.4824,1,1,0.004971,0.00002471
1771742638.412233,19.700000,0.010000,0.005212,0.000004,0.039875,2.2847,0.209435,-0.146217,-0.606704,0.041441,0.041441,2.3744,2.3744,1,1,0.005212,0.00002717
1771742638.422233,19.710000,0.010000,0.005426,-0.018287,0.037270,2.1354,0.543314,-0.155016,-0.879932,0.094583,0.094583,5.4192,5.4192,1,1,0.005426,0.00002944
1771742638.432233,19.720000,0.010000,0.005653,0.000003,0.034076,1.9524,0.130479,-0.166206,-1.119006,0.066668,0.066668,3.8198,3.8198,1,1,0.005653,0.00003196
1771742638.442233,19.730000,0.010000,0.005852,-0.020586,0.031003,1.7764,0.492845,-0.172507,-0.630065,0.091652,0.091652,5.2513,5.2513,1,1,0.005852,0.00003425
1771742638.452233,19.740000,0.010000,0.006056,-0.002376,0.027775,1.5914,0.161355,-0.174529,-0.202241,0.065618,0.065618,3.7597,3.7597,1,1,0.006056,0.00003668
1771742638.462233,19.750000,0.010000,0.006234,-0.023100,0.024895,1.4264,0.513006,-0.172808,0.172105,0.087067,0.087067,4.9886,4.9886,1,1,0.006234,0.00003887
1771742638.472233,19.760000,0.010000,0.006395,-0.009985,0.022147,1.2689,0.258997,-0.167812,0.499658,0.092491,0.092491,5.2993,5.2993,1,1,0.006395,0.00004090
1771742638.482233,19.770000,0.010000,0.006518,-0.029446,0.019866,1.1382,0.576445,-0.159949,0.786267,0.082158,0.082158,4.7073,4.7073,1,1,0.006518,0.00004248
1771742638.492233,19.780000,0.010000,0.006610,-0.020278,0.017848,1.0226,0.382045,-0.149579,1.037049,0.076004,0.076004,4.3547,4.3547,1,1,0.006610,0.00004370
1771742638.502233,19.790000,0.010000,0.006660,-0.037784,0.016314,0.9347,0.655931,-0.137014,1.256484,0.010035,0.010035,0.5750,0.5750,1,1,0.006660,0.00004435
1771742638.512233,19.800000,0.010000,0.006660,-0.034833,0.015310,0.8772,0.564129,-0.122529,1.448489,-0.057121,-0.057121,-3.2728,-3.2728,1,1,0.006660,0.00004436
1771742638.522233,19.810000,0.010000,0.006610,-0.048948,0.014873,0.8522,0.772756,-0.106364,1.616494,-0.105178,-0.105178,-6.0263,-6.0263,1,1,0.006610,0.00004369
1771742638.532233,19.820000,0.010000,0.006515,-0.047973,0.014879,0.8525,0.713296,-0.088729,1.763498,-0.142064,-0.142064,-8.1397,-8.1397,1,1,0.006515,0.00004244
1771742638.542233,19.830000,0.010000,0.006374,-0.059012,0.015330,0.8784,0.867282,-0.072458,1.627131,-0.178659,-0.178659,-10.2364,-10.2364,1,1,0.006374,0.00004063
1771742638.552233,19.840000,0.010000,0.006180,-0.062742,0.016395,0.9394,0.892998,-0.054730,1.772805,-0.075887,-0.075887,-4.3480,-4.3480,1,1,0.006180,0.00003820
1771742638.562232,19.850000,0.010000,0.005943,-0.069778,0.017908,1.0261,0.980320,-0.039555,1.517471,-0.007381,-0.007381,-0.4229,-0.4229,1,1,0.005943,0.00003532
1771742638.572232,19.860000,0.010000,0.005672,-0.071862,0.019720,1.1299,0.983815,-0.023154,1.640086,0.021019,0.021019,1.2043,1.2043,1,1,0.005672,0.00003217
1771742638.582232,19.870000,0.010000,0.005375,-0.076346,0.021750,1.2462,1.034862,-0.012058,1.109657,0.118373,0.118373,6.7823,6.7823,1,1,0.005375,0.00002889
1771742638.592233,19.880000,0.010000,0.005050,-0.079382,0.024068,1.3790,1.065193,0.000333,1.239062,0.057574,0.057574,3.2987,3.2987,1,1,0.005050,0.00002551
1771742638.602233,19.890000,0.010000,0.004715,-0.080371,0.026500,1.5184,1.076962,0.011853,1.151970,0.140277,0.140277,8.0373,8.0373,1,1,0.004715,0.00002223
1771742638.612233,19.900000,0.010000,0.004382,-0.080083,0.028955,1.6590,1.078819,0.020641,0.878818,0.155650,0.155650,8.9181,8.9181,1,1,0.004382,0.00001920
1771742638.622233,19.910000,0.010000,0.004049,-0.079799,0.031428,1.8007,1.080128,0.027561,0.692034,0.103887,0.103887,5.9523,5.9523,1,1,0.004049,0.00001639
1771742638.632233,19.920000,0.010000,0.003718,-0.079492,0.033914,1.9431,1.080891,0.030126,0.256464,0.065784,0.065784,3.7692,3.7692,1,1,0.003718,0.00001382
1771742638.642233,19.930000,0.010000,0.003391,-0.078919,0.036396,2.0854,1.079945,0.028879,-0.124660,-0.038488,-0.038488,-2.2052,-2.2052,1,1,0.003391,0.00001150
1771742638.652233,19.940000,0.010000,0.003072,-0.077773,0.038848,2.2258,1.076040,0.024298,-0.458143,-0.092380,-0.092380,-5.2930,-5.2930,1,1,0.003072,0.00000944
1771742638.662233,19.950000,0.010000,0.002773,-0.074481,0.041130,2.3566,1.040746,0.016799,-0.749941,-0.098934,-0.098934,-5.6685,-5.6685,1,1,0.002773,0.00000769
1771742638.672233,19.960000,0.010000,0.002508,-0.069477,0.043037,2.4658,0.981247,0.006746,-1.005264,-0.057326,-0.057326,-3.2845,-3.2845,1,1,0.002508,0.00000629
1771742638.682233,19.970000,0.010000,0.002272,-0.067137,0.044710,2.5617,0.974905,-0.003583,-1.032907,-0.001379,-0.001379,-0.0790,-0.0790,1,1,0.002272,0.00000516
1771742638.692233,19.980000,0.010000,0.002071,-0.061343,0.046088,2.6407,0.911548,-0.009130,-0.554728,-0.003208,-0.003208,-0.1838,-0.1838,1,1,0.002071,0.00000429
1771742638.702233,19.990000,0.010000,0.001893,-0.061205,0.047424,2.7172,0.953521,-0.010494,-0.136321,-0.050095,-0.050095,-2.8702,-2.8702,1,1,0.001893,0.00000358
1771742638.712233,20.000000,0.010000,0.001731,-0.057997,0.048854,2.7991,0.944192,-0.008196,0.229785,-0.166420,-0.166420,-9.5352,-9.5352,1,1,0.001731,0.00000300
1771742638.722233,20.010000,0.010000,0.001589,-0.056624,0.050363,2.8856,0.971475,-0.002695,0.550128,-0.248255,-0.248255,-14.2240,-14.2240,1,1,0.001589,0.00000252
1771742638.732233,20.020000,0.010000,0.001463,-0.054457,0.052030,2.9811,0.988149,0.005610,0.830428,-0.257850,-0.257850,-14.7737,-14.7737,1,1,0.001463,0.00000214
1771742638.742233,20.030000,0.010000,0.001359,-0.051739,0.053795,3.0823,0.998699,0.016367,1.075690,-0.251207,-0.251207,-14.3931,-14.3931,1,1,0.001359,0.00000185
1771742638.752233,20.040000,0.010000,0.001280,-0.048621,0.055625,3.1871,1.005718,0.027307,1.094011,-0.233486,-0.233486,-13.3777,-13.3777,1,1,0.001280,0.00000164
1771742638.762233,20.050000,0.010000,0.001229,-0.045204,0.057502,3.2946,1.010935,0.033389,0.608194,-0.261752,-0.261752,-14.9973,-14.9973,1,1,0.001229,0.00000151
1771742638.772233,20.060000,0.010000,0.001208,-0.041567,0.059417,3.4043,1.015512,0.035220,0.183104,-0.330985,-0.330985,-18.9641,-18.9641,1,1,0.001208,0.00000146
1771742638.782233,20.070000,0.010000,0.001218,-0.037765,0.061370,3.5163,1.020240,0.033331,-0.188850,-0.339340,-0.339340,-19.4428,-19.4428,1,1,0.001218,0.00000148
1771742638.792233,20.080000,0.010000,0.001261,-0.033843,0.063367,3.6307,1.025662,0.028188,-0.514310,-0.314462,-0.314462,-18.0173,-18.0173,1,1,0.001261,0.00000159
1771742638.802233,20.090000,0.010000,0.001361,-0.024030,0.064982,3.7232,0.928008,0.020197,-0.799087,-0.288889,-0.288889,-16.5521,-16.5521,1,1,0.001361,0.00000185
1771742638.812232,20.100000,0.010000,0.001506,-0.022046,0.066462,3.8080,0.972334,0.016696,-0.350135,-0.267092,-0.267092,-15.3033,-15.3033,1,1,0.001506,0.00000227
1771742638.822232,20.110000,0.010000,0.001689,-0.015329,0.067935,3.8924,0.932675,0.014208,-0.248804,-0.300448,-0.300448,-17.2144,-17.2144,1,1,0.001689,0.00000285
1771742638.832232,20.120000,0.010000,0.001915,-0.011023,0.069291,3.9701,0.933613,0.008540,-0.566769,-0.313666,-0.313666,-17.9717,-17.9717,1,1,0.001915,0.00000367
1771742638.842233,20.130000,0.010000,0.002181,-0.005508,0.070298,4.0278,0.845862,0.000090,-0.844989,-0.283921,-0.283921,-16.2675,-16.2675,1,1,0.002181,0.00000476
1771742638.852233,20.140000,0.010000,0.002472,-0.004007,0.071137,4.0759,0.873092,-0.010794,-1.088431,-0.258130,-0.258130,-14.7898,-14.7898,1,1,0.002472,0.00000611
1771742638.862233,20.150000,0.010000,0.002786,0.000013,0.071453,4.0940,0.721724,-0.023808,-1.301443,-0.224524,-0.224524,-12.8643,-12.8643,1,1,0.002786,0.00000776
1771742638.872233,20.160000,0.010000,0.003108,-0.000124,0.071562,4.1002,0.790551,-0.038687,-1.487828,-0.137088,-0.137088,-7.8546,-7.8546,1,1,0.003108,0.00000966
1771742638.882233,20.170000,0.010000,0.003446,0.003268,0.071004,4.0682,0.571301,-0.055196,-1.650916,-0.063788,-0.063788,-3.6548,-3.6548,1,1,0.003446,0.00001188
1771742638.892233,20.180000,0.010000,0.003769,-0.001128,0.070317,4.0289,0.713885,-0.073132,-1.793617,-0.069468,-0.069468,-3.9802,-3.9802,1,1,0.003769,0.00001420
1771742638.902233,20.190000,0.010000,0.004132,0.011900,0.068467,3.9229,0.316155,-0.092317,-1.918481,0.019865,0.019865,1.1382,1.1382,1,1,0.004132,0.00001708
1771742638.912233,20.200000,0.010000,0.004471,-0.002612,0.066589,3.8153,0.627984,-0.112594,-2.027737,0.009585,0.009585,0.5492,0.5492,1,1,0.004471,0.00001999
1771742638.922233,20.210000,0.010000,0.004853,0.019342,0.063409,3.6331,0.060076,-0.133828,-2.123335,0.083435,0.083435,4.7805,4.7805,1,1,0.004853,0.00002355
1771742638.932233,20.220000,0.010000,0.005209,-0.002528,0.060051,3.4407,0.474364,-0.153210,-1.938267,0.127814,0.127814,7.3232,7.3232,1,1,0.005209,0.00002713
1771742638.942233,20.230000,0.010000,0.005543,0.010055,0.056402,3.2316,0.066595,-0.167446,-1.423524,0.090082,0.090082,5.1613,5.1613,1,1,0.005543,0.00003072
1771742638.952233,20.240000,0.010000,0.005822,-0.011075,0.053078,3.0412,0.472956,-0.183392,-1.594649,0.095830,0.095830,5.4906,5.4906,1,1,0.005822,0.00003389
1771742638.962233,20.250000,0.010000,0.006144,0.016538,0.048236,2.7637,-0.222166,-0.199676,-1.628425,0.045634,0.045634,2.6146,2.6146,1,1,0.006144,0.00003775
1771742638.972233,20.260000,0.010000,0.006429,-0.011828,0.043275,2.4795,0.296875,-0.210434,-1.075806,0.042132,0.042132,2.4140,2.4140,1,1,0.006429,0.00004133
1771742638.982233,20.270000,0.010000,0.006669,0.000002,0.038750,2.2202,-0.005132,-0.216396,-0.596198,0.034025,0.034025,1.9495,1.9495,1,1,0.006669,0.00004447
1771742638.992233,20.280000,0.010000,0.006842,-0.024559,0.035005,2.0057,0.425927,-0.218122,-0.172607,0.050814,0.050814,2.9114,2.9114,1,1,0.006842,0.00004681
1771742639.002233,20.290000,0.010000,0.007032,0.000002,0.030263,1.7339,-0.162718,-0.216142,0.198035,0.055794,0.055794,3.1968,3.1968,1,1,0.007032,0.00004945
1771742639.012233,20.300000,0.010000,0.007177,-0.028733,0.025617,1.4678,0.327706,-0.210919,0.522346,0.026254,0.026254,1.5043,1.5043,1,1,0.007177,0.00005151
1771742639.022233,20.310000,0.010000,0.007242,-0.024654,0.022166,1.2700,0.227974,-0.202857,0.806119,0.072361,0.072361,4.1460,4.1460,1,1,0.007242,0.00005244
1771742639.032233,20.320000,0.010000,0.007230,-0.045918,0.019797,1.1343,0.569778,-0.192313,1.054420,0.055451,0.055451,3.1771,3.1771,1,1,0.007230,0.00005227
1771742639.042233,20.330000,0.010000,0.007261,-0.017951,0.016360,0.9374,0.038381,-0.179596,1.271683,0.096154,0.096154,5.5092,5.5092,1,1,0.007261,0.00005272
1771742639.052233,20.340000,0.010000,0.007281,-0.043008,0.012795,0.7331,0.439620,-0.164978,1.461789,0.029203,0.029203,1.6732,1.6732,1,1,0.007281,0.00005301
1771742639.062232,20.350000,0.010000,0.007141,-0.060417,0.011648,0.6674,0.697703,-0.148697,1.628131,0.024670,0.024670,1.4135,1.4135,1,1,0.007141,0.00005099
1771742639.072232,20.360000,0.010000,0.006993,-0.047676,0.010205,0.5847,0.421864,-0.130960,1.773680,0.032486,0.032486,1.8613,1.8613,1,1,0.006993,0.00004891
1771742639.082232,20.370000,0.010000,0.006814,-0.065150,0.008910,0.5105,0.679954,-0.111950,1.901036,0.033297,0.033297,1.9078,1.9078,1,1,0.006814,0.00004643
1771742639.092233,20.380000,0.010000,0.006523,-0.077334,0.009141,0.5237,0.842479,-0.092252,1.969803,-0.067103,-0.067103,-3.8447,-3.8447,1,1,0.006523,0.00004256
1771742639.102233,20.390000,0.010000,0.006200,-0.077624,0.009773,0.5599,0.827267,-0.075454,1.679799,0.023895,0.023895,1.3691,1.3691,1,1,0.006200,0.00003844
1771742639.112233,20.400000,0.010000,0.005852,-0.083440,0.010708,0.6135,0.916039,-0.061769,1.368484,0.014221,0.014221,0.8148,0.8148,1,1,0.005852,0.00003425
1771742639.122233,20.410000,0.010000,0.005507,-0.082774,0.011928,0.6834,0.945650,-0.047696,1.407287,0.027616,0.027616,1.5823,1.5823,1,1,0.005507,0.00003033
1771742639.132233,20.420000,0.010000,0.005165,-0.082217,0.013357,0.7653,0.967172,-0.034760,1.293631,0.080315,0.080315,4.6017,4.6017,1,1,0.005165,0.00002667
1771742639.142233,20.430000,0.010000,0.004824,-0.081741,0.014939,0.8560,0.982626,-0.026931,0.782861,0.102628,0.102628,5.8801,5.8801,1,1,0.004824,0.00002327
1771742639.152233,20.440000,0.010000,0.004485,-0.081325,0.016631,0.9529,0.993524,-0.016591,1.034070,0.049279,0.049279,2.8235,2.8235,1,1,0.004485,0.00002012
1771742639.162233,20.450000,0.010000,0.004148,-0.080953,0.018399,1.0542,1.000998,-0.007585,0.900518,0.103983,0.103983,5.9578,5.9578,1,1,0.004148,0.00001720
1771742639.172233,20.460000,0.010000,0.003812,-0.080614,0.020222,1.1586,1.005894,0.003785,1.137019,0.099999,0.099999,5.7295,5.7295,1,1,0.003812,0.00001453
1771742639.182233,20.470000,0.010000,0.003477,-0.080298,0.022080,1.2651,1.008844,0.010243,0.645826,0.186199,0.186199,10.6684,10.6684,1,1,0.003477,0.00001209
1771742639.192233,20.480000,0.010000,0.003144,-0.080000,0.023960,1.3728,1.010322,0.012403,0.216032,0.094427,0.094427,5.4103,5.4103,1,1,0.003144,0.00000988
1771742639.202233,20.490000,0.010000,0.002812,-0.079714,0.025852,1.4812,1.010681,0.014914,0.251032,0.038704,0.038704,2.2176,2.2176,1,1,0.002812,0.00000791
1771742639.212233,20.500000,0.010000,0.002483,-0.079224,0.027737,1.5892,1.009034,0.017212,0.229793,0.027802,0.027802,1.5930,1.5930,1,1,0.002483,0.00000616
1771742639.222233,20.510000,0.010000,0.002160,-0.078279,0.029588,1.6952,1.004494,0.015732,-0.147997,0.024758,0.024758,1.4185,1.4185,1,1,0.002160,0.00000467
1771742639.232233,20.520000,0.010000,0.001849,-0.076858,0.031384,1.7982,0.997668,0.016752,0.102046,0.021179,0.021179,1.2135,1.2135,1,1,0.001849,0.00000342
1771742639.242233,20.530000,0.010000,0.001553,-0.075052,0.033114,1.8973,0.989644,0.016436,-0.031632,-0.000346,-0.000346,-0.0198,-0.0198,1,1,0.001553,0.00000241
1771742639.252233,20.540000,0.010000,0.001273,-0.072898,0.034771,1.9922,0.980955,0.017833,0.139753,-0.010327,-0.010327,-0.5917,-0.5917,1,1,0.001273,0.00000162
1771742639.262233,20.550000,0.010000,0.001014,-0.070440,0.036353,2.0829,0.972085,0.022547,0.471350,-0.035145,-0.035145,-2.0136,-2.0136,1,1,0.001014,0.00000103
1771742639.272233,20.560000,0.010000,0.000777,-0.067715,0.037862,2.1693,0.963376,0.030162,0.761497,-0.030254,-0.030254,-1.7334,-1.7334,1,1,0.000777,0.00000060
1771742639.282233,20.570000,0.010000,0.000564,-0.064758,0.039300,2.2517,0.955103,0.033334,0.317244,0.050287,0.050287,2.8812,2.8812,1,1,0.000564,0.00000032
1771742639.292233,20.580000,0.010000,0.000376,-0.061600,0.040673,2.3304,0.947474,0.039601,0.626654,-0.083283,-0.083283,-4.7718,-4.7718,1,1,0.000376,0.00000014
1771742639.302233,20.590000,0.010000,0.000217,-0.058269,0.041986,2.4056,0.940664,0.047150,0.754974,-0.031321,-0.031321,-1.7945,-1.7945,1,1,0.000217,0.00000005
1771742639.312232,20.600000,0.010000,0.000086,-0.054794,0.043249,2.4780,0.934820,0.057247,1.009668,-0.022094,-0.022094,-1.2659,-1.2659,1,1,0.000086,0.00000001
1771742639.322232,20.610000,0.010000,-0.000015,-0.051201,0.044470,2.5479,0.930066,0.062591,0.534393,0.016288,0.016288,0.9332,0.9332,1,1,0.000015,0.00000000
1771742639.332232,20.620000,0.010000,-0.000086,-0.047515,0.045659,2.6160,0.926504,0.063776,0.118528,-0.132736,-0.132736,-7.6052,-7.6052,1,1,0.000086,0.00000001
1771742639.342233,20.630000,0.010000,-0.000125,-0.043762,0.046825,2.6829,0.924240,0.061323,-0.245354,-0.205472,-0.205472,-11.7727,-11.7727,1,1,0.000125,0.00000002
1771742639.352233,20.640000,0.010000,-0.000133,-0.039965,0.047982,2.7492,0.923368,0.056752,-0.457065,-0.192681,-0.192681,-11.0398,-11.0398,1,1,0.000133,0.00000002
1771742639.362233,20.650000,0.010000,-0.000109,-0.036147,0.049140,2.8155,0.923966,0.052306,-0.444659,-0.189751,-0.189751,-10.8719,-10.8719,1,1,0.000109,0.00000001
1771742639.372233,20.660000,0.010000,-0.000054,-0.032328,0.050313,2.8827,0.926102,0.045724,-0.658148,-0.215330,-0.215330,-12.3375,-12.3375,1,1,0.000054,0.00000000
1771742639.382233,20.670000,0.010000,0.000034,-0.028528,0.051514,2.9515,0.929831,0.038718,-0.700639,-0.207399,-0.207399,-11.8831,-11.8831,1,1,0.000034,0.00000000
1771742639.392233,20.680000,0.010000,0.000153,-0.024764,0.052756,3.0227,0.935199,0.029485,-0.923279,-0.224019,-0.224019,-12.8353,-12.8353,1,1,0.000153,0.00000002
1771742639.402233,20.690000,0.010000,0.000303,-0.021049,0.054052,3.0970,0.942210,0.022018,-0.746732,-0.209918,-0.209918,-12.0274,-12.0274,1,1,0.000303,0.00000009
1771742639.412233,20.700000,0.010000,0.000483,-0.017395,0.055417,3.1752,0.950858,0.018974,-0.304325,-0.259835,-0.259835,-14.8874,-14.8874,1,1,0.000483,0.00000023
1771742639.422233,20.710000,0.010000,0.000694,-0.013817,0.056865,3.2581,0.961213,0.012821,-0.615350,-0.310781,-0.310781,-17.8064,-17.8064,1,1,0.000694,0.00000048
1771742639.432233,20.720000,0.010000,0.000931,-0.010951,0.058425,3.3475,0.976839,0.007303,-0.551767,-0.287753,-0.287753,-16.4870,-16.4870,1,1,0.000931,0.00000087
1771742639.442233,20.730000,0.010000,0.001195,-0.007280,0.059882,3.4310,0.935881,0.003628,-0.367468,-0.291390,-0.291390,-16.6954,-16.6954,1,1,0.001195,0.00000143
1771742639.452233,20.740000,0.010000,0.001475,-0.006542,0.061392,3.5175,0.978006,0.003904,0.027531,-0.299753,-0.299753,-17.1746,-17.1746,1,1,0.001475,0.00000218
1771742639.462233,20.750000,0.010000,0.001785,-0.000287,0.062587,3.5859,0.864480,0.000654,-0.324976,-0.324093,-0.324093,-18.5691,-18.5691,1,1,0.001785,0.00000319
1771742639.472233,20.760000,0.010000,0.002114,-0.000626,0.063723,3.6510,0.938132,-0.005680,-0.633420,-0.302864,-0.302864,-17.3528,-17.3528,1,1,0.002114,0.00000447
1771742639.482233,20.770000,0.010000,0.002446,0.000014,0.064574,3.6998,0.806078,-0.014713,-0.903308,-0.275663,-0.275663,-15.7943,-15.7943,1,1,0.002446,0.00000598
1771742639.492233,20.780000,0.010000,0.002774,0.000016,0.065186,3.7349,0.851111,-0.026108,-1.139461,-0.223352,-0.223352,-12.7971,-12.7971,1,1,0.002774,0.00000769
1771742639.502233,20.790000,0.010000,0.003102,0.000013,0.065325,3.7428,0.697081,-0.039569,-1.346094,-0.166334,-0.166334,-9.5303,-9.5303,1,1,0.003102,0.00000962
1771742639.512233,20.800000,0.010000,0.003423,0.000015,0.065128,3.7315,0.737022,-0.054838,-1.526898,-0.080226,-0.080226,-4.5966,-4.5966,1,1,0.003423,0.00001171
1771742639.522233,20.810000,0.010000,0.003744,0.000039,0.064381,3.6888,0.569352,-0.071689,-1.685102,-0.012537,-0.012537,-0.7183,-0.7183,1,1,0.003744,0.00001402
1771742639.532233,20.820000,0.010000,0.004056,0.000013,0.063277,3.6255,0.615574,-0.088967,-1.727864,-0.010518,-0.010518,-0.6026,-0.6026,1,1,0.004056,0.00001645
1771742639.542233,20.830000,0.010000,0.004372,0.000744,0.061570,3.5277,0.430789,-0.107577,-1.860947,0.033489,0.033489,1.9188,1.9188,1,1,0.004372,0.00001912
1771742639.552233,20.840000,0.010000,0.004677,-0.000560,0.059527,3.4106,0.496514,-0.127351,-1.977394,0.039380,0.039380,2.2563,2.2563,1,1,0.004677,0.00002187
1771742639.562232,20.850000,0.010000,0.004990,0.002353,0.056753,3.2517,0.265524,-0.147401,-2.005023,0.084927,0.084927,4.8660,4.8660,1,1,0.004990,0.00002490
1771742639.572232,20.860000,0.010000,0.005265,-0.006828,0.054039,3.0962,0.464733,-0.165400,-1.799864,0.075996,0.075996,4.3542,4.3542,1,1,0.005265,0.00002772
1771742639.582232,20.870000,0.010000,0.005574,0.008688,0.050043,2.8672,-0.005932,-0.182194,-1.679415,0.061972,0.061972,3.5507,3.5507,1,1,0.005574,0.00003107
1771742639.592233,20.880000,0.010000,0.005832,-0.014051,0.046240,2.6493,0.419565,-0.199931,-1.773733,0.092198,0.092198,5.2826,5.2826,1,1,0.005832,0.00003401
1771742639.602233,20.890000,0.010000,0.006102,0.007520,0.041397,2.3719,-0.175065,-0.212798,-1.286662,0.028350,0.028350,1.6243,1.6243,1,1,0.006102,0.00003723
1771742639.612233,20.900000,0.010000,0.006318,-0.019906,0.036649,2.0998,0.317152,-0.220656,-0.785816,0.028884,0.028884,1.6549,1.6549,1,1,0.006318,0.00003991
1771742639.622233,20.910000,0.010000,0.006525,0.000001,0.031854,1.8251,-0.081205,-0.224041,-0.338523,0.034435,0.034435,1.9730,1.9730,1,1,0.006525,0.00004258
1771742639.632233,20.920000,0.010000,0.006687,-0.026188,0.027618,1.5824,0.370402,-0.223513,0.052858,0.034678,0.034678,1.9869,1.9869,1,1,0.006687,0.00004472
1771742639.642233,20.930000,0.010000,0.006858,-0.002660,0.023067,1.3217,-0.065359,-0.219559,0.395317,0.081397,0.081397,4.6637,4.6637,1,1,0.006858,0.00004703
1771742639.652233,20.940000,0.010000,0.006995,-0.029174,0.018899,1.0828,0.375940,-0.212610,0.694968,0.028933,0.028933,1.6577,1.6577,1,1,0.006995,0.00004894
1771742639.662233,20.950000,0.010000,0.007073,-0.021777,0.015506,0.8884,0.208928,-0.203038,0.957163,0.101255,0.101255,5.8015,5.8015,1,1,0.007073,0.00005002
1771742639.672233,20.960000,0.010000,0.007083,-0.043321,0.012954,0.7422,0.547502,-0.191172,1.186583,0.066281,0.066281,3.7976,3.7976,1,1,0.007083,0.00005017
1771742639.682233,20.970000,0.010000,0.007089,-0.026584,0.010106,0.5790,0.205002,-0.177299,1.387326,0.127537,0.127537,7.3073,7.3073,1,1,0.007089,0.00005025
1771742639.692233,20.980000,0.010000,0.007058,-0.048351,0.007496,0.4295,0.539387,-0.161669,1.562976,0.059912,0.059912,3.4327,3.4327,1,1,0.007058,0.00004981
1771742639.702233,20.990000,0.010000,0.006909,-0.058536,0.006514,0.3732,0.663535,-0.144503,1.716670,0.041487,0.041487,2.3770,2.3770,1,1,0.006909,0.00004773
1771742639.712233,21.000000,0.010000,0.006720,-0.059227,0.005758,0.3299,0.619134,-0.125991,1.851152,0.038820,0.038820,2.2242,2.2242,1,1,0.006720,0.00004516
1771742639.722233,21.010000,0.010000,0.006471,-0.072583,0.005597,0.3207,0.799097,-0.106303,1.968824,-0.018293,-0.018293,-1.0481,-1.0481,1,1,0.006471,0.00004187
1771742639.732233,21.020000,0.010000,0.006171,-0.073672,0.005871,0.3364,0.762653,-0.089471,1.683155,0.018278,0.018278,1.0473,1.0473,1,1,0.006171,0.00003808
1771742639.742233,21.030000,0.010000,0.005824,-0.083541,0.006523,0.3737,0.884301,-0.074677,1.479437,-0.003698,-0.003698,-0.2119,-0.2119,1,1,0.005824,0.00003392
1771742639.752233,21.040000,0.010000,0.005478,-0.083134,0.007496,0.4295,0.917659,-0.061038,1.363899,0.032146,0.032146,1.8418,1.8418,1,1,0.005478,0.00003000
1771742639.762233,21.050000,0.010000,0.005134,-0.082560,0.008689,0.4979,0.940232,-0.049073,1.196448,0.058167,0.058167,3.3328,3.3328,1,1,0.005134,0.00002635
1771742639.772233,21.060000,0.010000,0.004792,-0.082075,0.010040,0.5753,0.956233,-0.035114,1.395958,0.079217,0.079217,4.5388,4.5388,1,1,0.004792,0.00002296
1771742639.782233,21.070000,0.010000,0.004451,-0.081654,0.011503,0.6591,0.967291,-0.026390,0.872397,0.138664,0.138664,7.9449,7.9449,1,1,0.004451,0.00001981
1771742639.792233,21.080000,0.010000,0.004113,-0.081283,0.013044,0.7473,0.974627,-0.015266,1.112413,0.099201,0.099201,5.6838,5.6838,1,1,0.004113,0.00001691
1771742639.802233,21.090000,0.010000,0.003775,-0.080946,0.014635,0.8385,0.979151,-0.005072,1.019331,0.157847,0.157847,9.0439,9.0439,1,1,0.003775,0.00001425
1771742639.812232,21.100000,0.010000,0.003439,-0.080637,0.016257,0.9314,0.981544,0.007337,1.240980,0.173420,0.173420,9.9362,9.9362,1,1,0.003439,0.00001183
1771742639.822232,21.110000,0.010000,0.003104,-0.080346,0.017895,1.0253,0.982316,0.014705,0.736792,0.246817,0.246817,14.1416,14.1416,1,1,0.003104,0.00000964
1771742639.832232,21.120000,0.010000,0.002771,-0.080069,0.019538,1.1195,0.981845,0.018053,0.334769,0.164583,0.164583,9.4299,9.4299,1,1,0.002771,0.00000768
1771742639.842233,21.130000,0.010000,0.002438,-0.079802,0.021178,1.2134,0.980414,0.020649,0.259586,0.111178,0.111178,6.3700,6.3700,1,1,0.002438,0.00000594
1771742639.852233,21.140000,0.010000,0.002108,-0.079375,0.022798,1.3062,0.977326,0.019430,-0.121928,0.112141,0.112141,6.4252,6.4252,1,1,0.002108,0.00000444
1771742639.862233,21.150000,0.010000,0.001784,-0.078591,0.024377,1.3967,0.971898,0.019286,-0.014391,0.123102,0.123102,7.0532,7.0532,1,1,0.001784,0.00000318
1771742639.872233,21.160000,0.010000,0.001469,-0.077346,0.025894,1.4836,0.964129,0.016413,-0.287294,0.112166,0.112166,6.4267,6.4267,1,1,0.001469,0.00000216
1771742639.882233,21.170000,0.010000,0.001167,-0.075725,0.027337,1.5663,0.955051,0.017390,0.097684,0.102016,0.102016,5.8451,5.8451,1,1,0.001167,0.00000136
1771742639.892233,21.180000,0.010000,0.000881,-0.073782,0.028698,1.6443,0.945317,0.021735,0.434539,0.088829,0.088829,5.0896,5.0896,1,1,0.000881,0.00000078
1771742639.902233,21.190000,0.010000,0.000613,-0.071549,0.029975,1.7175,0.935289,0.028920,0.718522,0.071118,0.071118,4.0748,4.0748,1,1,0.000613,0.00000038
1771742639.912233,21.200000,0.010000,0.000365,-0.069065,0.031169,1.7858,0.925341,0.038698,0.977773,0.138090,0.138090,7.9120,7.9120,1,1,0.000365,0.00000013
1771742639.922233,21.210000,0.010000,0.000139,-0.066364,0.032281,1.8496,0.915717,0.046261,0.756294,0.210786,0.210786,12.0771,12.0771,1,1,0.000139,0.00000002
1771742639.932233,21.220000,0.010000,-0.000063,-0.063473,0.033316,1.9089,0.906605,0.056369,1.010823,0.158217,0.158217,9.0652,9.0652,1,1,0.000063,0.00000000
1771742639.942233,21.230000,0.010000,-0.000240,-0.060421,0.034279,1.9640,0.898146,0.068704,1.233536,0.207893,0.207893,11.9114,11.9114,1,1,0.000240,0.00000006
1771742639.952233,21.240000,0.010000,-0.000390,-0.057235,0.035176,2.0155,0.890497,0.082988,1.428410,0.201389,0.201389,11.5387,11.5387,1,1,0.000390,0.00000015
1771742639.962233,21.250000,0.010000,-0.000514,-0.053943,0.036016,2.0636,0.883787,0.093188,1.019937,0.191618,0.191618,10.9789,10.9789,1,1,0.000514,0.00000026
1771742639.972233,21.260000,0.010000,-0.000609,-0.050570,0.036806,2.1088,0.878127,0.098622,0.543379,0.114925,0.114925,6.5847,6.5847,1,1,0.000609,0.00000037
1771742639.982233,21.270000,0.010000,-0.000676,-0.047141,0.037556,2.1518,0.873609,0.100312,0.168995,0.016598,0.016598,0.9510,0.9510,1,1,0.000676,0.00000046
1771742639.992233,21.280000,0.010000,-0.000715,-0.043678,0.038276,2.1931,0.870313,0.103160,0.284878,-0.057903,-0.057903,-3.3176,-3.3176,1,1,0.000715,0.00000051
1771742640.002233,21.290000,0.010000,-0.000724,-0.040204,0.038977,2.2332,0.868309,0.104286,0.112574,-0.063710,-0.063710,-3.6503,-3.6503,1,1,0.000724,0.00000052
1771742640.012233,21.300000,0.010000,-0.000704,-0.036738,0.039670,2.2729,0.867653,0.104002,-0.028380,-0.106179,-0.106179,-6.0836,-6.0836,1,1,0.000704,0.00000050
1771742640.022233,21.310000,0.010000,-0.000656,-0.033301,0.040365,2.3128,0.868393,0.102106,-0.189661,-0.134659,-0.134659,-7.7154,-7.7154,1,1,0.000656,0.00000043
1771742640.032233,21.320000,0.010000,-0.000579,-0.029909,0.041076,2.3535,0.870569,0.098232,-0.387341,-0.154174,-0.154174,-8.8335,-8.8335,1,1,0.000579,0.00000034
1771742640.042233,21.330000,0.010000,-0.000474,-0.026578,0.041814,2.3958,0.874209,0.098334,0.010142,-0.168498,-0.168498,-9.6542,-9.6542,1,1,0.000474,0.00000023
1771742640.052233,21.340000,0.010000,-0.000342,-0.023323,0.042591,2.4403,0.879337,0.101913,0.357940,-0.209551,-0.209551,-12.0064,-12.0064,1,1,0.000342,0.00000012
1771742640.062232,21.350000,0.010000,-0.000184,-0.020155,0.043421,2.4878,0.885966,0.108536,0.662263,-0.220771,-0.220771,-12.6492,-12.6492,1,1,0.000184,0.00000003
1771742640.072232,21.360000,0.010000,0.000000,-0.017085,0.044314,2.5390,0.894102,0.117821,0.928546,-0.237568,-0.237568,-13.6116,-13.6116,1,1,0.000000,0.00000000
1771742640.082232,21.370000,0.010000,0.000210,-0.014121,0.045285,2.5947,0.903745,0.128267,1.044595,-0.267039,-0.267039,-15.3002,-15.3002,1,1,0.000210,0.00000004
1771742640.092233,21.380000,0.010000,0.000443,-0.011274,0.046346,2.6555,0.914916,0.136186,0.791891,-0.301162,-0.301162,-17.2553,-17.2553,1,1,0.000443,0.00000020
1771742640.102233,21.390000,0.010000,0.000695,-0.009567,0.047534,2.7235,0.933345,0.139624,0.343838,-0.290459,-0.290459,-16.6420,-16.6420,1,1,0.000695,0.00000048
1771742640.112233,21.400000,0.010000,0.000959,-0.008472,0.048886,2.8010,0.954632,0.139142,-0.048207,-0.276199,-0.276199,-15.8251,-15.8251,1,1,0.000959,0.00000092
1771742640.122233,21.410000,0.010000,0.001231,-0.007385,0.050409,2.8882,0.974970,0.135230,-0.391247,-0.265339,-0.265339,-15.2028,-15.2028,1,1,0.001231,0.00000152
1771742640.132233,21.420000,0.010000,0.001513,-0.006317,0.052099,2.9851,0.994934,0.128316,-0.691407,-0.247141,-0.247141,-14.1602,-14.1602,1,1,0.001513,0.00000229
1771742640.142233,21.430000,0.010000,0.001804,-0.005285,0.053957,3.0915,1.014977,0.118775,-0.954047,-0.234471,-0.234471,-13.4342,-13.4342,1,1,0.001804,0.00000325
1771742640.152233,21.440000,0.010000,0.002102,-0.004289,0.055984,3.2076,1.035356,0.106937,-1.183857,-0.244620,-0.244620,-14.0157,-14.0157,1,1,0.002102,0.00000442
1771742640.162233,21.450000,0.010000,0.002409,-0.003333,0.058185,3.3338,1.056281,0.093087,-1.384941,-0.253107,-0.253107,-14.5020,-14.5020,1,1,0.002409,0.00000580
1771742640.172233,21.460000,0.010000,0.002724,-0.002418,0.060567,3.4702,1.077899,0.077478,-1.560889,-0.253907,-0.253907,-14.5478,-14.5478,1,1,0.002724,0.00000742
1771742640.182233,21.470000,0.010000,0.003046,-0.001535,0.063135,3.6174,1.100252,0.060330,-1.714844,-0.244727,-0.244727,-14.0218,-14.0218,1,1,0.003046,0.00000928
1771742640.192233,21.480000,0.010000,0.003378,0.000023,0.065518,3.7539,1.032774,0.041835,-1.849554,-0.229775,-0.229775,-13.1651,-13.1651,1,1,0.003378,0.00001141
1771742640.202233,21.490000,0.010000,0.003712,0.000021,0.067336,3.8581,0.946501,0.022160,-1.967426,-0.193369,-0.193369,-11.0792,-11.0792,1,1,0.003712,0.00001378
1771742640.212233,21.500000,0.010000,0.004041,0.000019,0.068545,3.9274,0.864878,0.001455,-2.070563,-0.135022,-0.135022,-7.7362,-7.7362,1,1,0.004041,0.00001633
1771742640.222233,21.510000,0.010000,0.004366,0.000017,0.069131,3.9609,0.776495,-0.020153,-2.160809,-0.043121,-0.043121,-2.4706,-2.4706,1,1,0.004366,0.00001906
1771742640.232233,21.520000,0.010000,0.004685,0.000016,0.069092,3.9587,0.693949,-0.042551,-2.239774,0.009269,0.009269,0.5311,0.5311,1,1,0.004685,0.00002195
1771742640.242233,21.530000,0.010000,0.005000,0.000013,0.068421,3.9202,0.605091,-0.065640,-2.308868,0.031568,0.031568,1.8087,1.8087,1,1,0.005000,0.00002500
1771742640.252233,21.540000,0.010000,0.005309,0.000011,0.067123,3.8459,0.523034,-0.089333,-2.369325,0.038303,0.038303,2.1946,2.1946,1,1,0.005309,0.00002819
1771742640.262233,21.550000,0.010000,0.005614,0.000010,0.065330,3.7431,0.467473,-0.109059,-1.972602,0.056063,0.056063,3.2122,3.2122,1,1,0.005614,0.00003151
1771742640.272233,21.560000,0.010000,0.005914,0.000009,0.063154,3.6184,0.417865,-0.124736,-1.567645,0.047387,0.047387,2.7151,2.7151,1,1,0.005914,0.00003498
1771742640.282233,21.570000,0.010000,0.006212,0.000008,0.060621,3.4733,0.370018,-0.139721,-1.498552,0.035176,0.035176,2.0155,2.0155,1,1,0.006212,0.00003859
1771742640.292233,21.580000,0.010000,0.006506,0.000008,0.057766,3.3097,0.328894,-0.153894,-1.417324,0.052108,0.052108,2.9856,2.9856,1,1,0.006506,0.00004233
1771742640.302233,21.590000,0.010000,0.006797,0.000007,0.054640,3.1306,0.295392,-0.166396,-1.250161,0.071427,0.071427,4.0924,4.0924,1,1,0.006797,0.00004620
1771742640.312232,21.600000,0.010000,0.007085,0.000007,0.051327,2.9408,0.275696,-0.176187,-0.979135,0.073845,0.073845,4.2310,4.2310,1,1,0.007085,0.00005020
1771742640.322232,21.610000,0.010000,0.007372,0.000005,0.047914,2.7452,0.265637,-0.182886,-0.669847,0.072508,0.072508,4.1544,4.1544,1,1,0.007372,0.00005434
1771742640.332232,21.620000,0.010000,0.007652,-0.000983,0.044552,2.5526,0.284571,-0.185256,-0.237050,0.070975,0.070975,4.0666,4.0666,1,1,0.007652,0.00005856
1771742640.342233,21.630000,0.010000,0.007925,-0.001768,0.041296,2.3661,0.292955,-0.183840,0.141647,0.064629,0.064629,3.7030,3.7030,1,1,0.007925,0.00006280
1771742640.352233,21.640000,0.010000,0.008175,-0.006129,0.038353,2.1975,0.359686,-0.179110,0.473007,0.048590,0.048590,2.7840,2.7840,1,1,0.008175,0.00006683
1771742640.362233,21.650000,0.010000,0.008412,-0.005371,0.035519,2.0351,0.329781,-0.171480,0.762947,0.027948,0.027948,1.6013,1.6013,1,1,0.008412,0.00007077
1771742640.372233,21.660000,0.010000,0.008595,-0.018501,0.033456,1.9169,0.537576,-0.161314,1.016644,0.016181,0.016181,0.9271,0.9271,1,1,0.008595,0.00007388
1771742640.382233,21.670000,0.010000,0.008788,-0.005061,0.030922,1.7717,0.254661,-0.148928,1.238630,-0.066085,-0.066085,-3.7864,-3.7864,1,1,0.008788,0.00007723
1771742640.392233,21.680000,0.010000,0.008929,-0.027800,0.028965,1.6596,0.621644,-0.134599,1.432867,-0.001916,-0.001916,-0.1098,-0.1098,1,1,0.008929,0.00007972
1771742640.402233,21.690000,0.010000,0.009020,-0.020506,0.027556,1.5788,0.454935,-0.118571,1.602824,-0.210407,-0.210407,-12.0555,-12.0555,1,1,0.009020,0.00008136
1771742640.412233,21.700000,0.010000,0.009054,-0.039802,0.026828,1.5371,0.752891,-0.101055,1.751537,-0.162223,-0.162223,-9.2947,-9.2947,1,1,0.009054,0.00008197
1771742640.422233,21.710000,0.010000,0.009043,-0.034362,0.026509,1.5189,0.613104,-0.082239,1.881661,-0.281325,-0.281325,-16.1188,-16.1188,1,1,0.009043,0.00008178
1771742640.432233,21.720000,0.010000,0.008980,-0.050686,0.026743,1.5323,0.855787,-0.063030,1.920816,-0.252737,-0.252737,-14.4807,-14.4807,1,1,0.008980,0.00008064
1771742640.442233,21.730000,0.010000,0.008862,-0.050209,0.027561,1.5791,0.802457,-0.045921,1.710948,-0.220899,-0.220899,-12.6566,-12.6566,1,1,0.008862,0.00007854
1771742640.452233,21.740000,0.010000,0.008693,-0.062611,0.028935,1.6578,0.977785,-0.031117,1.480366,-0.205030,-0.205030,-11.7473,-11.7473,1,1,0.008693,0.00007556
1771742640.462233,21.750000,0.010000,0.008505,-0.056480,0.030271,1.7344,0.829654,-0.018356,1.276158,-0.105028,-0.105028,-6.0176,-6.0176,1,1,0.008505,0.00007234
1771742640.472233,21.760000,0.010000,0.008290,-0.067835,0.031792,1.8215,0.993434,-0.007983,1.037306,-0.153972,-0.153972,-8.8219,-8.8219,1,1,0.008290,0.00006873
1771742640.482233,21.770000,0.010000,0.008034,-0.068396,0.033751,1.9338,0.970077,-0.000911,0.707160,-0.091746,-0.091746,-5.2567,-5.2567,1,1,0.008034,0.00006454
1771742640.492233,21.780000,0.010000,0.007751,-0.074016,0.035924,2.0583,1.040984,0.002696,0.360744,-0.154543,-0.154543,-8.8546,-8.8546,1,1,0.007751,0.00006008
1771742640.502233,21.790000,0.010000,0.007480,-0.066726,0.037691,2.1596,0.889210,0.004382,0.168558,-0.174239,-0.174239,-9.9831,-9.9831,1,1,0.007480,0.00005595
1771742640.512233,21.800000,0.010000,0.007198,-0.075311,0.039501,2.2632,1.023580,0.002366,-0.201577,-0.165003,-0.165003,-9.4540,-9.4540,1,1,0.007198,0.00005181
1771742640.522233,21.810000,0.010000,0.006920,-0.067476,0.041114,2.3556,0.872149,0.001831,-0.053526,-0.133529,-0.133529,-7.6506,-7.6506,1,1,0.006920,0.00004788
1771742640.532233,21.820000,0.010000,0.006636,-0.075497,0.042773,2.4507,1.006676,-0.002128,-0.395901,-0.134430,-0.134430,-7.7023,-7.7023,1,1,0.006636,0.00004403
1771742640.542233,21.830000,0.010000,0.006382,-0.061787,0.043843,2.5120,0.761102,-0.009083,-0.695479,-0.095572,-0.095572,-5.4759,-5.4759,1,1,0.006382,0.00004073
1771742640.552233,21.840000,0.010000,0.006138,-0.071088,0.044775,2.5654,0.927821,-0.018659,-0.957610,0.043514,0.043514,2.4932,2.4932,1,1,0.006138,0.00003767
1771742640.562232,21.850000,0.010000,0.005923,-0.056675,0.045210,2.5903,0.677542,-0.030529,-1.186975,0.022507,0.022507,1.2896,1.2896,1,1,0.005923,0.00003508
1771742640.572232,21.860000,0.010000,0.005716,-0.066870,0.045584,2.6118,0.866744,-0.044405,-1.387669,0.120276,0.120276,6.8913,6.8913,1,1,0.005716,0.00003267
1771742640.582232,21.870000,0.010000,0.005569,-0.044303,0.044956,2.5758,0.477140,-0.060038,-1.563276,0.066624,0.066624,3.8173,3.8173,1,1,0.005569,0.00003101
1771742640.592233,21.880000,0.010000,0.005444,-0.057832,0.044061,2.5245,0.729310,-0.070226,-1.018801,0.112706,0.112706,6.4576,6.4576,1,1,0.005444,0.00002964
1771742640.602233,21.890000,0.010000,0.005315,-0.047957,0.043321,2.4821,0.565275,-0.080694,-1.046818,0.050358,0.050358,2.8853,2.8853,1,1,0.005315,0.00002825
1771742640.612233,21.900000,0.010000,0.005172,-0.059454,0.042922,2.4592,0.780939,-0.086363,-0.566900,0.068675,0.068675,3.9348,3.9348,1,1,0.005172,0.00002675
1771742640.622233,21.910000,0.010000,0.005104,-0.032726,0.041303,2.3665,0.318332,-0.094814,-0.845103,0.017585,0.017585,1.0075,1.0075,1,1,0.005104,0.00002605
1771742640.632233,21.920000,0.010000,0.005059,-0.048710,0.039358,2.2550,0.613711,-0.104742,-0.992804,0.106057,0.106057,6.0766,6.0766,1,1,0.005059,0.00002560
1771742640.642233,21.930000,0.010000,0.004984,-0.043243,0.038029,2.1789,0.524740,-0.112275,-0.753261,0.034711,0.034711,1.9888,1.9888,1,1,0.004984,0.00002484
1771742640.652233,21.940000,0.010000,0.004889,-0.052722,0.037125,2.1271,0.700031,-0.115375,-0.310038,0.045015,0.045015,2.5792,2.5792,1,1,0.004889,0.00002390
1771742640.662233,21.950000,0.010000,0.004855,-0.030542,0.035179,2.0156,0.312175,-0.117757,-0.238177,0.009049,0.009049,0.5185,0.5185,1,1,0.004855,0.00002357
1771742640.672233,21.960000,0.010000,0.004830,-0.046421,0.033124,1.8979,0.598979,-0.116351,0.140661,0.098689,0.098689,5.6545,5.6545,1,1,0.004830,0.00002333
1771742640.682233,21.970000,0.010000,0.004740,-0.049141,0.032231,1.8467,0.648139,-0.111629,0.472144,0.019869,0.019869,1.1384,1.1384,1,1,0.004740,0.00002246
1771742640.692233,21.980000,0.010000,0.004642,-0.048791,0.031470,1.8031,0.642032,-0.104007,0.762192,-0.048461,-0.048461,-2.7766,-2.7766,1,1,0.004642,0.00002155
1771742640.702233,21.990000,0.010000,0.004514,-0.056627,0.031264,1.7913,0.781110,-0.093847,1.015984,-0.118232,-0.118232,-6.7742,-6.7742,1,1,0.004514,0.00002037
1771742640.712233,22.000000,0.010000,0.004395,-0.048055,0.030880,1.7693,0.628884,-0.081467,1.238052,-0.188540,-0.188540,-10.8025,-10.8025,1,1,0.004395,0.00001931
1771742640.722233,22.010000,0.010000,0.004267,-0.057246,0.030671,1.7573,0.793537,-0.067143,1.432361,-0.181333,-0.181333,-10.3896,-10.3896,1,1,0.004267,0.00001821
1771742640.732233,22.020000,0.010000,0.004085,-0.062985,0.031433,1.8010,0.897019,-0.052456,1.468762,-0.194204,-0.194204,-11.1271,-11.1271,1,1,0.004085,0.00001668
1771742640.742233,22.030000,0.010000,0.003887,-0.062156,0.032493,1.8617,0.886090,-0.037314,1.514132,-0.138100,-0.138100,-7.9125,-7.9125,1,1,0.003887,0.00001511
1771742640.752233,22.040000,0.010000,0.003679,-0.065552,0.033795,1.9363,0.953834,-0.027556,0.975800,-0.094274,-0.094274,-5.4015,-5.4015,1,1,0.003679,0.00001354
1771742640.762233,22.050000,0.010000,0.003455,-0.066959,0.035465,2.0320,0.989798,-0.015527,1.202891,-0.152105,-0.152105,-8.7150,-8.7150,1,1,0.003455,0.00001194
1771742640.772233,22.060000,0.010000,0.003234,-0.065298,0.037192,2.1310,0.975554,-0.008493,0.703464,-0.045715,-0.045715,-2.6193,-2.6193,1,1,0.003234,0.00001046
1771742640.782233,22.070000,0.010000,0.003018,-0.065875,0.038993,2.2341,1.005941,-0.001804,0.668851,-0.161778,-0.161778,-9.2692,-9.2692,1,1,0.003018,0.00000911
1771742640.792233,22.080000,0.010000,0.002807,-0.064702,0.040904,2.3437,1.009721,0.000557,0.236178,-0.156920,-0.156920,-8.9908,-8.9908,1,1,0.002807,0.00000788
1771742640.802233,22.090000,0.010000,0.002605,-0.063879,0.042886,2.4572,1.024607,0.006115,0.555722,-0.197910,-0.197910,-11.3394,-11.3394,1,1,0.002605,0.00000679
1771742640.812232,22.100000,0.010000,0.002419,-0.061291,0.044864,2.5705,1.012822,0.007834,0.171924,-0.182358,-0.182358,-10.4484,-10.4484,1,1,0.002419,0.00000585
1771742640.822232,22.110000,0.010000,0.002257,-0.058098,0.046724,2.6771,0.994962,0.005848,-0.198633,-0.213136,-0.213136,-12.2118,-12.2118,1,1,0.002257,0.00000509
1771742640.832232,22.120000,0.010000,0.002128,-0.053418,0.048354,2.7705,0.954842,0.000619,-0.522869,-0.199745,-0.199745,-11.4445,-11.4445,1,1,0.002128,0.00000453
1771742640.842233,22.130000,0.010000,0.002033,-0.049519,0.049754,2.8507,0.932447,-0.007447,-0.806577,-0.144699,-0.144699,-8.2906,-8.2906,1,1,0.002033,0.00000413
1771742640.852233,22.140000,0.010000,0.001986,-0.041906,0.050720,2.9060,0.846595,-0.017995,-1.054820,-0.092434,-0.092434,-5.2961,-5.2961,1,1,0.001986,0.00000394
1771742640.862233,22.150000,0.010000,0.001972,-0.040648,0.051522,2.9520,0.876540,-0.030715,-1.272034,-0.019891,-0.019891,-1.1397,-1.1397,1,1,0.001972,0.00000389
1771742640.872233,22.160000,0.010000,0.002030,-0.025071,0.051486,2.9499,0.651447,-0.044138,-1.342303,-0.015556,-0.015556,-0.8913,-0.8913,1,1,0.002030,0.00000412
1771742640.882233,22.170000,0.010000,0.002123,-0.029776,0.051270,2.9376,0.789147,-0.052393,-0.825449,-0.017590,-0.017590,-1.0078,-1.0078,1,1,0.002123,0.00000451
1771742640.892233,22.180000,0.010000,0.002252,-0.017682,0.050837,2.9128,0.624948,-0.063106,-1.071334,-0.068233,-0.068233,-3.9095,-3.9095,1,1,0.002252,0.00000507
1771742640.902233,22.190000,0.010000,0.002401,-0.023255,0.050482,2.8924,0.775202,-0.068990,-0.588351,-0.037028,-0.037028,-2.1215,-2.1215,1,1,0.002401,0.00000577
1771742640.912233,22.200000,0.010000,0.002602,-0.006733,0.049515,2.8370,0.506283,-0.077628,-0.863873,-0.079343,-0.079343,-4.5460,-4.5460,1,1,0.002602,0.00000677
1771742640.922233,22.210000,0.010000,0.002824,-0.015173,0.048471,2.7772,0.702638,-0.087540,-0.991138,-0.032979,-0.032979,-1.8895,-1.8895,1,1,0.002824,0.00000797
1771742640.932233,22.220000,0.010000,0.003072,-0.002170,0.047029,2.6946,0.446393,-0.099703,-1.216312,0.018892,0.018892,1.0825,1.0825,1,1,0.003072,0.00000944
1771742640.942233,22.230000,0.010000,0.003320,-0.012539,0.045660,2.6161,0.669168,-0.110035,-1.033189,0.043289,0.043289,2.4803,2.4803,1,1,0.003320,0.00001102
1771742640.952233,22.240000,0.010000,0.003585,0.000006,0.043642,2.5005,0.331292,-0.122566,-1.253106,0.063538,0.063538,3.6404,3.6404,1,1,0.003585,0.00001285
1771742640.962233,22.250000,0.010000,0.003830,-0.013435,0.041610,2.3841,0.599259,-0.132213,-0.964737,0.093530,0.093530,5.3589,5.3589,1,1,0.003830,0.00001467
1771742640.972233,22.260000,0.010000,0.004087,0.000006,0.039296,2.2515,0.313263,-0.137164,-0.495079,0.072604,0.072604,4.1599,4.1599,1,1,0.004087,0.00001670
1771742640.982233,22.270000,0.010000,0.004324,-0.014633,0.037185,2.1305,0.591489,-0.138005,-0.084128,0.065553,0.065553,3.7559,3.7559,1,1,0.004324,0.00001870
1771742640.992233,22.280000,0.010000,0.004569,-0.001130,0.035049,2.0081,0.358885,-0.135251,0.275453,0.050814,0.050814,2.9114,2.9114,1,1,0.004569,0.00002087
1771742641.002233,22.290000,0.010000,0.004797,-0.015704,0.033245,1.9048,0.625041,-0.129350,0.590088,0.019304,0.019304,1.1060,1.1060,1,1,0.004797,0.00002301
1771742641.012233,22.300000,0.010000,0.005009,-0.007801,0.031768,1.8202,0.486627,-0.120696,0.865392,-0.059194,-0.059194,-3.3916,-3.3916,1,1,0.005009,0.00002509
1771742641.022233,22.310000,0.010000,0.005193,-0.020631,0.030773,1.7631,0.712471,-0.114138,0.655790,-0.140923,-0.140923,-8.0743,-8.0743,1,1,0.005193,0.00002696
1771742641.032233,22.320000,0.010000,0.005382,-0.008756,0.029646,1.6986,0.496352,-0.104909,0.922882,-0.126660,-0.126660,-7.2571,-7.2571,1,1,0.005382,0.00002896
1771742641.042233,22.330000,0.010000,0.005555,-0.021998,0.028741,1.6467,0.722900,-0.100325,0.458456,-0.184837,-0.184837,-10.5904,-10.5904,1,1,0.005555,0.00003086
1771742641.052233,22.340000,0.010000,0.005702,-0.017222,0.028205,1.6160,0.626397,-0.092823,0.750215,-0.107658,-0.107658,-6.1684,-6.1684,1,1,0.005702,0.00003251
1771742641.062232,22.350000,0.010000,0.005817,-0.028462,0.028123,1.6113,0.811808,-0.082768,1.005504,-0.211427,-0.211427,-12.1139,-12.1139,1,1,0.005817,0.00003384
1771742641.072232,22.360000,0.010000,0.005918,-0.022630,0.028168,1.6139,0.692903,-0.070479,1.228882,-0.306172,-0.306172,-17.5424,-17.5424,1,1,0.005918,0.00003502
1771742641.082232,22.370000,0.010000,0.005994,-0.032898,0.028516,1.6339,0.858714,-0.056235,1.424337,-0.317771,-0.317771,-18.2069,-18.2069,1,1,0.005994,0.00003593
1771742641.092233,22.380000,0.010000,0.006016,-0.037674,0.029700,1.7017,0.926196,-0.040282,1.595361,-0.312168,-0.312168,-17.8859,-17.8859,1,1,0.006016,0.00003619
1771742641.102233,22.390000,0.010000,0.006016,-0.038346,0.031102,1.7820,0.922294,-0.026171,1.411073,-0.271806,-0.271806,-15.5733,-15.5733,1,1,0.006016,0.00003620
1771742641.112233,22.400000,0.010000,0.005990,-0.044233,0.032875,1.8836,1.012720,-0.014706,1.146548,-0.256265,-0.256265,-14.6829,-14.6829,1,1,0.005990,0.00003588
1771742641.122233,22.410000,0.010000,0.005962,-0.039604,0.034563,1.9803,0.919454,-0.006516,0.818992,-0.244315,-0.244315,-13.9982,-13.9982,1,1,0.005962,0.00003555
1771742641.132233,22.420000,0.010000,0.005925,-0.045421,0.036342,2.0822,1.014264,-0.002840,0.367552,-0.262042,-0.262042,-15.0139,-15.0139,1,1,0.005925,0.00003511
1771742641.142233,22.430000,0.010000,0.005891,-0.040067,0.038017,2.1782,0.913796,-0.003115,-0.027458,-0.272170,-0.272170,-15.5942,-15.5942,1,1,0.005891,0.00003471
1771742641.152233,22.440000,0.010000,0.005851,-0.045810,0.039776,2.2790,1.013080,-0.006846,-0.373092,-0.222336,-0.222336,-12.7389,-12.7389,1,1,0.005851,0.00003424
1771742641.162233,22.450000,0.010000,0.005852,-0.031349,0.040799,2.3376,0.757131,-0.013601,-0.675521,-0.199341,-0.199341,-11.4214,-11.4214,1,1,0.005852,0.00003425
1771742641.172233,22.460000,0.010000,0.005866,-0.040003,0.041619,2.3846,0.913211,-0.023002,-0.940147,-0.063314,-0.063314,-3.6276,-3.6276,1,1,0.005866,0.00003441
1771742641.182233,22.470000,0.010000,0.005896,-0.029071,0.042169,2.4161,0.722883,-0.033584,-1.058198,-0.044704,-0.044704,-2.5613,-2.5613,1,1,0.005896,0.00003477
1771742641.192233,22.480000,0.010000,0.005925,-0.038418,0.042795,2.4520,0.893006,-0.046334,-1.274989,0.019075,0.019075,1.0929,1.0929,1,1,0.005925,0.00003510
1771742641.202233,22.490000,0.010000,0.006029,-0.012646,0.042107,2.4126,0.441590,-0.060981,-1.464681,0.009385,0.009385,0.5377,0.5377,1,1,0.006029,0.00003635
1771742641.212233,22.500000,0.010000,0.006159,-0.027602,0.041032,2.3510,0.711133,-0.077288,-1.630662,0.048098,0.048098,2.7558,2.7558,1,1,0.006159,0.00003793
1771742641.222233,22.510000,0.010000,0.006296,-0.013415,0.039826,2.2819,0.461336,-0.095047,-1.775895,0.055969,0.055969,3.2068,3.2068,1,1,0.006296,0.00003964
1771742641.232233,22.520000,0.010000,0.006418,-0.028432,0.038889,2.2282,0.726088,-0.114076,-1.902974,0.074197,0.074197,4.2512,4.2512,1,1,0.006418,0.00004120
1771742641.242233,22.530000,0.010000,0.006608,0.000003,0.036217,2.0751,0.096923,-0.131850,-1.777361,0.064390,0.064390,3.6893,3.6893,1,1,0.006608,0.00004367
1771742641.252233,22.540000,0.010000,0.006794,-0.022557,0.033068,1.8946,0.488855,-0.145908,-1.405819,0.110215,0.110215,6.3148,6.3148,1,1,0.006794,0.00004616
1771742641.262233,22.550000,0.010000,0.006948,-0.011510,0.030372,1.7402,0.279273,-0.160425,-1.451670,0.057009,0.057009,3.2664,3.2664,1,1,0.006948,0.00004827
1771742641.272233,22.560000,0.010000,0.007056,-0.031030,0.028326,1.6230,0.604820,-0.174393,-1.396814,0.082530,0.082530,4.7286,4.7286,1,1,0.007056,0.00004979
1771742641.282233,22.570000,0.010000,0.007226,0.000001,0.024422,1.3993,-0.105649,-0.183124,-0.873146,0.093376,0.093376,5.3500,5.3500,1,1,0.007226,0.00005222
1771742641.292233,22.580000,0.010000,0.007377,-0.027889,0.020080,1.1505,0.359041,-0.187274,-0.414937,0.077630,0.077630,4.4479,4.4479,1,1,0.007377,0.00005442
1771742641.302233,22.590000,0.010000,0.007414,-0.032222,0.017439,0.9992,0.397530,-0.187414,-0.014004,0.084751,0.084751,4.8559,4.8559,1,1,0.007414,0.00005497
1771742641.312232,22.600000,0.010000,0.007427,-0.033821,0.014865,0.8517,0.383375,-0.184046,0.336812,0.096664,0.096664,5.5384,5.5384,1,1,0.007427,0.00005516
1771742641.322232,22.610000,0.010000,0.007390,-0.044104,0.012800,0.7334,0.518296,-0.177608,0.643777,0.090888,0.090888,5.2075,5.2075,1,1,0.007390,0.00005462
1771742641.332232,22.620000,0.010000,0.007343,-0.037921,0.010516,0.6025,0.359378,-0.168484,0.912370,0.115485,0.115485,6.6168,6.6168,1,1,0.007343,0.00005391
1771742641.342233,22.630000,0.010000,0.007234,-0.057081,0.008882,0.5089,0.645057,-0.157010,1.147390,0.087865,0.087865,5.0343,5.0343,1,1,0.007234,0.00005233
1771742641.352233,22.640000,0.010000,0.007097,-0.047828,0.007278,0.4170,0.426317,-0.143480,1.353032,0.083680,0.083680,4.7945,4.7945,1,1,0.007097,0.00005037
1771742641.362233,22.650000,0.010000,0.006916,-0.065434,0.006003,0.3439,0.681476,-0.128150,1.532969,0.051216,0.051216,2.9345,2.9345,1,1,0.006916,0.00004783
1771742641.372233,22.660000,0.010000,0.006642,-0.072869,0.005870,0.3363,0.754988,-0.111246,1.690414,-0.016722,-0.016722,-0.9581,-0.9581,1,1,0.006642,0.00004412
1771742641.382233,22.670000,0.010000,0.006315,-0.079069,0.006199,0.3552,0.808083,-0.092964,1.828178,0.004424,0.004424,0.2535,0.2535,1,1,0.006315,0.00003988
1771742641.392233,22.680000,0.010000,0.005966,-0.083849,0.006920,0.3965,0.892366,-0.074218,1.874668,0.028372,0.028372,1.6256,1.6256,1,1,0.005966,0.00003559
1771742641.402233,22.690000,0.010000,0.005620,-0.083155,0.007946,0.4553,0.923985,-0.054624,1.959349,0.090263,0.090263,5.1717,5.1717,1,1,0.005620,0.00003158
1771742641.412233,22.700000,0.010000,0.005275,-0.082579,0.009194,0.5268,0.946850,-0.036124,1.850001,0.155634,0.155634,8.9172,8.9172,1,1,0.005275,0.00002783
1771742641.422233,22.710000,0.010000,0.004933,-0.082091,0.010603,0.6075,0.963142,-0.021905,1.421931,0.200448,0.200448,11.4848,11.4848,1,1,0.004933,0.00002434
1771742641.432233,22.720000,0.010000,0.004593,-0.081669,0.012126,0.6948,0.974495,-0.008573,1.333203,0.187078,0.187078,10.7188,10.7188,1,1,0.004593,0.00002110
1771742641.442233,22.730000,0.010000,0.004254,-0.081295,0.013729,0.7866,0.982129,0.004582,1.315460,0.218326,0.218326,12.5092,12.5092,1,1,0.004254,0.00001810
1771742641.452233,22.740000,0.010000,0.003917,-0.080956,0.015385,0.8815,0.986958,0.015370,1.078833,0.255466,0.255466,14.6371,14.6371,1,1,0.003917,0.00001534
1771742641.462233,22.750000,0.010000,0.003581,-0.080644,0.017074,0.9783,0.989663,0.027884,1.251431,0.239826,0.239826,13.7410,13.7410,1,1,0.003581,0.00001282
1771742641.472233,22.760000,0.010000,0.003246,-0.080350,0.018783,1.0762,0.990754,0.035382,0.749759,0.289626,0.289626,16.5944,16.5944,1,1,0.003246,0.00001054
1771742641.482233,22.770000,0.010000,0.002912,-0.080071,0.020499,1.1745,0.990612,0.041419,0.603730,0.218462,0.218462,12.5169,12.5169,1,1,0.002912,0.00000848
1771742641.492233,22.780000,0.010000,0.002580,-0.079801,0.022214,1.2728,0.989522,0.043211,0.179198,0.196921,0.196921,11.2827,11.2827,1,1,0.002580,0.00000666
1771742641.502233,22.790000,0.010000,0.002250,-0.079376,0.023913,1.3701,0.986815,0.041289,-0.192267,0.117953,0.117953,6.7582,6.7582,1,1,0.002250,0.00000506
1771742641.512233,22.800000,0.010000,0.001925,-0.078602,0.025575,1.4654,0.981814,0.036680,-0.460808,0.105380,0.105380,6.0378,6.0378,1,1,0.001925,0.00000371
1771742641.522233,22.810000,0.010000,0.001610,-0.077355,0.027178,1.5572,0.974402,0.035642,-0.103861,0.083344,0.083344,4.7752,4.7752,1,1,0.001610,0.00000259
1771742641.532233,22.820000,0.010000,0.001309,-0.075723,0.028709,1.6449,0.965651,0.038224,0.258188,0.085597,0.085597,4.9044,4.9044,1,1,0.001309,0.00000171
1771742641.542233,22.830000,0.010000,0.001022,-0.073761,0.030160,1.7281,0.956228,0.043974,0.574980,0.084256,0.084256,4.8275,4.8275,1,1,0.001022,0.00000105
1771742641.552233,22.840000,0.010000,0.000755,-0.071503,0.031531,1.8066,0.946521,0.052495,0.852173,0.147119,0.147119,8.4293,8.4293,1,1,0.000755,0.00000057
1771742641.562232,22.850000,0.010000,0.000507,-0.068985,0.032820,1.8805,0.936875,0.063442,1.094718,0.215214,0.215214,12.3309,12.3309,1,1,0.000507,0.00000026
1771742641.572232,22.860000,0.010000,0.000282,-0.066241,0.034031,1.9498,0.927566,0.076512,1.306944,0.241927,0.241927,13.8614,13.8614,1,1,0.000282,0.00000008
1771742641.582232,22.870000,0.010000,0.000082,-0.063303,0.035167,2.0149,0.918795,0.091438,1.492642,0.221249,0.221249,12.6766,12.6766,1,1,0.000082,0.00000001
1771742641.592233,22.880000,0.010000,-0.000094,-0.060197,0.036234,2.0760,0.910712,0.107990,1.655127,0.204572,0.204572,11.7211,11.7211,1,1,0.000094,0.00000001
1771742641.602233,22.890000,0.010000,-0.000242,-0.056951,0.037238,2.1336,0.903454,0.125963,1.797302,0.107535,0.107535,6.1613,6.1613,1,1,0.000242,0.00000006
1771742641.612233,22.900000,0.010000,-0.000363,-0.053593,0.038188,2.1880,0.897158,0.138198,1.223574,-0.049180,-0.049180,-2.8178,-2.8178,1,1,0.000363,0.00000013
1771742641.622233,22.910000,0.010000,-0.000455,-0.050147,0.039092,2.2398,0.891939,0.145539,0.734029,-0.083924,-0.083924,-4.8085,-4.8085,1,1,0.000455,0.00000021
1771742641.632233,22.920000,0.010000,-0.000518,-0.046638,0.039960,2.2896,0.887894,0.148471,0.293210,-0.138196,-0.138196,-7.9181,-7.9181,1,1,0.000518,0.00000027
1771742641.642233,22.930000,0.010000,-0.000551,-0.043091,0.040802,2.3378,0.885109,0.147546,-0.092507,-0.154217,-0.154217,-8.8360,-8.8360,1,1,0.000551,0.00000030
1771742641.652233,22.940000,0.010000,-0.000555,-0.039527,0.041630,2.3852,0.883655,0.143246,-0.430010,-0.153361,-0.153361,-8.7869,-8.7869,1,1,0.000555,0.00000031
1771742641.662233,22.950000,0.010000,-0.000529,-0.035967,0.042453,2.4324,0.883595,0.136040,-0.720601,-0.116136,-0.116136,-6.6541,-6.6541,1,1,0.000529,0.00000028
1771742641.672233,22.960000,0.010000,-0.000474,-0.032430,0.043286,2.4801,0.884978,0.129567,-0.647299,-0.089092,-0.089092,-5.1046,-5.1046,1,1,0.000474,0.00000022
1771742641.682233,22.970000,0.010000,-0.000389,-0.028934,0.044139,2.5290,0.887847,0.127393,-0.217321,-0.122495,-0.122495,-7.0184,-7.0184,1,1,0.000389,0.00000015
1771742641.692233,22.980000,0.010000,-0.000275,-0.025494,0.045025,2.5797,0.892235,0.128982,0.158910,-0.182850,-0.182850,-10.4765,-10.4765,1,1,0.000275,0.00000008
1771742641.702233,22.990000,0.010000,-0.000134,-0.022125,0.045957,2.6331,0.898166,0.133864,0.488112,-0.230939,-0.230939,-13.2318,-13.2318,1,1,0.000134,0.00000002
1771742641.712233,23.000000,0.010000,0.000036,-0.018840,0.046948,2.6899,0.905657,0.141625,0.776164,-0.267679,-0.267679,-15.3369,-15.3369,1,1,0.000036,0.00000000
1771742641.722233,23.010000,0.010000,0.000232,-0.015647,0.048012,2.7509,0.914716,0.149494,0.786840,-0.275640,-0.275640,-15.7930,-15.7930,1,1,0.000232,0.00000005
1771742641.732233,23.020000,0.010000,0.000454,-0.012555,0.049161,2.8167,0.925341,0.152888,0.339419,-0.295006,-0.295006,-16.9026,-16.9026,1,1,0.000454,0.00000021
1771742641.742233,23.030000,0.010000,0.000698,-0.010293,0.050425,2.8892,0.941609,0.152367,-0.052074,-0.262875,-0.262875,-15.0616,-15.0616,1,1,0.000698,0.00000049
1771742641.752233,23.040000,0.010000,0.000956,-0.009105,0.051851,2.9708,0.963893,0.148421,-0.394631,-0.253092,-0.253092,-14.5011,-14.5011,1,1,0.000956,0.00000091
1771742641.762233,23.050000,0.010000,0.001225,-0.007906,0.053454,3.0627,0.984917,0.141477,-0.694368,-0.242897,-0.242897,-13.9170,-13.9170,1,1,0.001225,0.00000150
1771742641.772233,23.060000,0.010000,0.001503,-0.006718,0.055228,3.1643,1.005426,0.131911,-0.956637,-0.224763,-0.224763,-12.8780,-12.8780,1,1,0.001503,0.00000226
1771742641.782233,23.070000,0.010000,0.001791,-0.005553,0.057174,3.2758,1.025880,0.120049,-1.186124,-0.222402,-0.222402,-12.7427,-12.7427,1,1,0.001791,0.00000321
1771742641.792233,23.080000,0.010000,0.002089,-0.004422,0.059292,3.3972,1.046649,0.106180,-1.386924,-0.238680,-0.238680,-13.6753,-13.6753,1,1,0.002089,0.00000437
1771742641.802233,23.090000,0.010000,0.002396,-0.003326,0.061587,3.5287,1.067942,0.090554,-1.562624,-0.246441,-0.246441,-14.1200,-14.1200,1,1,0.002396,0.00000574
1771742641.812232,23.100000,0.010000,0.002712,-0.002264,0.064066,3.6707,1.089910,0.073390,-1.716362,-0.244189,-0.244189,-13.9910,-13.9910,1,1,0.002712,0.00000736
1771742641.822232,23.110000,0.010000,0.003037,-0.001225,0.066733,3.8235,1.112609,0.054882,-1.850883,-0.231024,-0.231024,-13.2367,-13.2367,1,1,0.003037,0.00000922
1771742641.832232,23.120000,0.010000,0.003371,0.000020,0.068812,3.9426,0.947827,0.035196,-1.968588,-0.212497,-0.212497,-12.1752,-12.1752,1,1,0.003371,0.00001136
1771742641.842233,23.130000,0.010000,0.003702,0.000021,0.070382,4.0326,0.953500,0.014480,-2.071581,-0.157211,-0.157211,-9.0075,-9.0075,1,1,0.003702,0.00001370
1771742641.852233,23.140000,0.010000,0.004039,0.001839,0.071191,4.0790,0.761710,-0.007137,-2.161699,-0.105124,-0.105124,-6.0232,-6.0232,1,1,0.004039,0.00001631
1771742641.862233,23.150000,0.010000,0.004367,0.000019,0.071558,4.1000,0.806085,-0.029543,-2.240552,-0.032182,-0.032182,-1.8439,-1.8439,1,1,0.004367,0.00001907
1771742641.872233,23.160000,0.010000,0.004714,0.006320,0.070955,4.0654,0.533054,-0.052638,-2.309549,0.044860,0.044860,2.5703,2.5703,1,1,0.004714,0.00002222
1771742641.882233,23.170000,0.010000,0.005039,-0.002036,0.070278,4.0266,0.732376,-0.076337,-2.369921,-0.008958,-0.008958,-0.5132,-0.5132,1,1,0.005039,0.00002539
1771742641.892233,23.180000,0.010000,0.005424,0.018868,0.068022,3.8974,0.188757,-0.097157,-2.081998,0.090807,0.090807,5.2028,5.2028,1,1,0.005424,0.00002942
1771742641.902233,23.190000,0.010000,0.005784,-0.001952,0.065566,3.7566,0.577057,-0.113108,-1.595068,0.078098,0.078098,4.4747,4.4747,1,1,0.005784,0.00003345
1771742641.912233,23.200000,0.010000,0.006115,0.008314,0.062944,3.6064,0.219922,-0.126770,-1.366175,0.039692,0.039692,2.2742,2.2742,1,1,0.006115,0.00003739
1771742641.922233,23.210000,0.010000,0.006394,-0.010543,0.060669,3.4761,0.589720,-0.140759,-1.398873,0.050400,0.050400,2.8877,2.8877,1,1,0.006394,0.00004088
1771742641.932233,23.220000,0.010000,0.006718,0.015610,0.056911,3.2608,-0.067922,-0.153969,-1.321029,0.084573,0.084573,4.8457,4.8457,1,1,0.006718,0.00004513
1771742641.942233,23.230000,0.010000,0.007014,-0.009971,0.052943,3.0334,0.408251,-0.165246,-1.127752,0.120326,0.120326,6.8942,6.8942,1,1,0.007014,0.00004919
1771742641.952233,23.240000,0.010000,0.007264,0.000004,0.049374,2.8289,0.120964,-0.173469,-0.822224,0.071765,0.071765,4.1118,4.1118,1,1,0.007264,0.00005277
1771742641.962233,23.250000,0.010000,0.007448,-0.022722,0.046540,2.6666,0.529188,-0.178347,-0.487855,0.091176,0.091176,5.2240,5.2240,1,1,0.007448,0.00005548
1771742641.972233,23.260000,0.010000,0.007649,0.000012,0.042528,2.4367,-0.085611,-0.179125,-0.077807,0.057175,0.057175,3.2759,3.2759,1,1,0.007649,0.00005851
1771742641.982233,23.270000,0.010000,0.007801,-0.027606,0.038473,2.2043,0.397020,-0.176315,0.280985,0.074100,0.074100,4.2456,4.2456,1,1,0.007801,0.00006086
1771742641.992233,23.280000,0.010000,0.007886,-0.021209,0.035497,2.0338,0.270241,-0.170366,0.594927,0.053336,0.053336,3.0559,3.0559,1,1,0.007886,0.00006219
1771742642.002233,23.290000,0.010000,0.007904,-0.042266,0.033556,1.9226,0.622089,-0.161670,0.869627,0.066326,0.066326,3.8002,3.8002,1,1,0.007904,0.00006247
1771742642.012233,23.300000,0.010000,0.007974,-0.012030,0.030481,1.7464,0.066353,-0.150570,1.109990,-0.037174,-0.037174,-2.1299,-2.1299,1,1,0.007974,0.00006359
1771742642.022233,23.310000,0.010000,0.008042,-0.037229,0.027269,1.5624,0.484451,-0.137367,1.320307,0.029829,0.029829,1.7091,1.7091,1,1,0.008042,0.00006468
1771742642.032233,23.320000,0.010000,0.007950,-0.054521,0.026587,1.5233,0.754811,-0.122323,1.504334,-0.074461,-0.074461,-4.2663,-4.2663,1,1,0.007950,0.00006321
1771742642.042233,23.330000,0.010000,0.007879,-0.035167,0.025236,1.4459,0.378327,-0.105670,1.665358,-0.202773,-0.202773,-11.6180,-11.6180,1,1,0.007879,0.00006209
1771742642.052233,23.340000,0.010000,0.007793,-0.054389,0.023886,1.3685,0.681950,-0.087607,1.806254,-0.006985,-0.006985,-0.4002,-0.4002,1,1,0.007793,0.00006072
1771742642.062232,23.350000,0.010000,0.007584,-0.067602,0.024353,1.3953,0.876175,-0.068312,1.929539,-0.234060,-0.234060,-13.4106,-13.4106,1,1,0.007584,0.00005752
1771742642.072232,23.360000,0.010000,0.007338,-0.065690,0.025169,1.4421,0.805005,-0.047938,2.037412,-0.110608,-0.110608,-6.3374,-6.3374,1,1,0.007338,0.00005384
1771742642.082232,23.370000,0.010000,0.007054,-0.075941,0.026355,1.5100,0.952077,-0.032975,1.496283,-0.052632,-0.052632,-3.0156,-3.0156,1,1,0.007054,0.00004976
1771742642.092233,23.380000,0.010000,0.006724,-0.079145,0.028138,1.6122,0.984026,-0.017456,1.551883,-0.015949,-0.015949,-0.9138,-0.9138,1,1,0.006724,0.00004521
1771742642.102233,23.390000,0.010000,0.006382,-0.082061,0.030208,1.7308,1.045775,-0.007368,1.008831,0.081527,0.081527,4.6712,4.6712,1,1,0.006382,0.00004073
1771742642.112233,23.400000,0.010000,0.006046,-0.080532,0.032467,1.8602,1.056500,0.002816,1.018348,-0.000964,-0.000964,-0.0552,-0.0552,1,1,0.006046,0.00003656
1771742642.122233,23.410000,0.010000,0.005717,-0.079092,0.034786,1.9931,1.052654,0.009131,0.631502,0.028313,0.028313,1.6222,1.6222,1,1,0.005717,0.00003268
1771742642.132233,23.420000,0.010000,0.005380,-0.080717,0.037281,2.1361,1.089798,0.016280,0.714937,-0.070726,-0.070726,-4.0523,-4.0523,1,1,0.005380,0.00002895
1771742642.142233,23.430000,0.010000,0.005062,-0.076359,0.039648,2.2717,1.037567,0.019045,0.276504,-0.041180,-0.041180,-2.3595,-2.3595,1,1,0.005062,0.00002563
1771742642.152233,23.440000,0.010000,0.004743,-0.078495,0.042072,2.4105,1.081244,0.020393,0.134801,-0.129919,-0.129919,-7.4438,-7.4438,1,1,0.004743,0.00002249
1771742642.162233,23.450000,0.010000,0.004448,-0.071247,0.044143,2.5292,0.964137,0.018082,-0.231115,-0.151686,-0.151686,-8.6910,-8.6910,1,1,0.004448,0.00001978
1771742642.172233,23.460000,0.010000,0.004169,-0.073767,0.046077,2.6400,1.027786,0.012569,-0.551291,-0.131781,-0.131781,-7.5505,-7.5505,1,1,0.004169,0.00001738
1771742642.182233,23.470000,0.010000,0.003906,-0.068433,0.047915,2.7453,0.956834,0.010125,-0.244429,-0.107735,-0.107735,-6.1728,-6.1728,1,1,0.003906,0.00001526
1771742642.192233,23.480000,0.010000,0.003656,-0.070168,0.049761,2.8511,1.017274,0.004495,-0.562941,-0.153466,-0.153466,-8.7929,-8.7929,1,1,0.003656,0.00001337
1771742642.202233,23.490000,0.010000,0.003464,-0.055343,0.050841,2.9130,0.787466,-0.003921,-0.841639,-0.131515,-0.131515,-7.5352,-7.5352,1,1,0.003464,0.00001200
1771742642.212233,23.500000,0.010000,0.003307,-0.059616,0.051622,2.9577,0.902235,-0.010010,-0.608889,0.002573,0.002573,0.1474,0.1474,1,1,0.003307,0.00001094
1771742642.222233,23.510000,0.010000,0.003141,-0.058910,0.052900,3.0310,0.930534,-0.011847,-0.183712,-0.079252,-0.079252,-4.5408,-4.5408,1,1,0.003141,0.00000987
1771742642.232233,23.520000,0.010000,0.003002,-0.053595,0.054056,3.0972,0.879999,-0.009964,0.188318,-0.197770,-0.197770,-11.3314,-11.3314,1,1,0.003002,0.00000901
1771742642.242233,23.530000,0.010000,0.002876,-0.055293,0.055365,3.1722,0.957814,-0.008839,0.112499,-0.273897,-0.273897,-15.6931,-15.6931,1,1,0.002876,0.00000827
1771742642.252233,23.540000,0.010000,0.002782,-0.047075,0.056527,3.2388,0.861540,-0.004364,0.447503,-0.276943,-0.276943,-15.8677,-15.8677,1,1,0.002782,0.00000774
1771742642.262233,23.550000,0.010000,0.002710,-0.048749,0.057716,3.3069,0.944798,-0.003939,0.042499,-0.321760,-0.321760,-18.4355,-18.4355,1,1,0.002710,0.00000735
1771742642.272233,23.560000,0.010000,0.002675,-0.039427,0.058717,3.3642,0.833918,-0.007058,-0.311879,-0.288039,-0.288039,-16.5034,-16.5034,1,1,0.002675,0.00000716
1771742642.282233,23.570000,0.010000,0.002666,-0.041422,0.059739,3.4228,0.927305,-0.013277,-0.621960,-0.250836,-0.250836,-14.3719,-14.3719,1,1,0.002666,0.00000711
1771742642.292233,23.580000,0.010000,0.002725,-0.024054,0.060027,3.4393,0.676228,-0.022210,-0.893281,-0.202775,-0.202775,-11.6181,-11.6181,1,1,0.002725,0.00000742
1771742642.302233,23.590000,0.010000,0.002824,-0.029144,0.060105,3.4437,0.826748,-0.033517,-1.130687,-0.116828,-0.116828,-6.6937,-6.6937,1,1,0.002824,0.00000797
1771742642.312232,23.600000,0.010000,0.002962,-0.016014,0.059959,3.4354,0.650906,-0.042794,-0.927728,-0.084276,-0.084276,-4.8286,-4.8286,1,1,0.002962,0.00000877
1771742642.322232,23.610000,0.010000,0.003122,-0.021956,0.059910,3.4326,0.814418,-0.054403,-1.160828,-0.108024,-0.108024,-6.1893,-6.1893,1,1,0.003122,0.00000975
1771742642.332232,23.620000,0.010000,0.003344,-0.002944,0.058959,3.3781,0.465016,-0.064042,-0.963900,-0.041984,-0.041984,-2.4055,-2.4055,1,1,0.003344,0.00001118
1771742642.342233,23.630000,0.010000,0.003586,-0.013088,0.057817,3.3127,0.698770,-0.068985,-0.494347,-0.071442,-0.071442,-4.0933,-4.0933,1,1,0.003586,0.00001286
1771742642.352233,23.640000,0.010000,0.003823,-0.006292,0.057171,3.2757,0.626518,-0.070268,-0.128332,-0.117829,-0.117829,-6.7511,-6.7511,1,1,0.003823,0.00001462
1771742642.362233,23.650000,0.010000,0.004071,-0.009719,0.056736,3.2508,0.733288,-0.074882,-0.461356,-0.198980,-0.198980,-11.4007,-11.4007,1,1,0.004071,0.00001657
1771742642.372233,23.660000,0.010000,0.004348,0.000010,0.055608,3.1861,0.477955,-0.082409,-0.752752,-0.115240,-0.115240,-6.6028,-6.6028,1,1,0.004348,0.00001891
1771742642.382233,23.670000,0.010000,0.004606,-0.011462,0.054644,3.1309,0.721023,-0.092487,-1.007724,-0.067429,-0.067429,-3.8634,-3.8634,1,1,0.004606,0.00002122
1771742642.392233,23.680000,0.010000,0.004874,0.000122,0.052860,3.0286,0.325238,-0.104795,-1.230825,0.015708,0.015708,0.9000,0.9000,1,1,0.004874,0.00002376
1771742642.402233,23.690000,0.010000,0.005108,-0.015136,0.051009,2.9226,0.627150,-0.119055,-1.426037,0.037622,0.037622,2.1556,2.1556,1,1,0.005108,0.00002610
1771742642.412233,23.700000,0.010000,0.005354,0.000004,0.048388,2.7724,0.196235,-0.135024,-1.596849,0.086634,0.086634,4.9638,4.9638,1,1,0.005354,0.00002867
1771742642.422233,23.710000,0.010000,0.005566,-0.018552,0.045778,2.6229,0.546106,-0.145506,-1.048177,0.097091,0.097091,5.5629,5.5629,1,1,0.005566,0.00003098
1771742642.432233,23.720000,0.010000,0.005793,0.000004,0.042784,2.4513,0.169542,-0.151186,-0.568089,0.064591,0.064591,3.7008,3.7008,1,1,0.005793,0.00003355
1771742642.442233,23.730000,0.010000,0.005996,-0.019834,0.040025,2.2933,0.529986,-0.152667,-0.148012,0.094408,0.094408,5.4092,5.4092,1,1,0.005996,0.00003595
1771742642.452233,23.740000,0.010000,0.006201,-0.003268,0.037276,2.1358,0.239323,-0.150471,0.219556,0.044790,0.044790,2.5663,2.5663,1,1,0.006201,0.00003845
1771742642.462233,23.750000,0.010000,0.006381,-0.022479,0.034955,2.0028,0.576528,-0.145059,0.541177,0.066529,0.066529,3.8118,3.8118,1,1,0.006381,0.00004072
1771742642.472233,23.760000,0.010000,0.006547,-0.009888,0.032812,1.8800,0.345130,-0.136833,0.822596,-0.001353,-0.001353,-0.0775,-0.0775,1,1,0.006547,0.00004287
1771742642.482233,23.770000,0.010000,0.006681,-0.027666,0.031148,1.7846,0.646726,-0.133126,0.370705,-0.014945,-0.014945,-0.8563,-0.8563,1,1,0.006681,0.00004464
1771742642.492233,23.780000,0.010000,0.006838,-0.007287,0.028936,1.6579,0.270001,-0.133373,-0.024699,0.026941,0.026941,1.5436,1.5436,1,1,0.006838,0.00004676
1771742642.502233,23.790000,0.010000,0.006981,-0.027022,0.026822,1.5368,0.598234,-0.131107,0.226663,0.090400,0.090400,5.1795,5.1795,1,1,0.006981,0.00004874
1771742642.512233,23.800000,0.010000,0.007070,-0.023743,0.025460,1.4588,0.514076,-0.125633,0.547396,0.044229,0.044229,2.5342,2.5342,1,1,0.007070,0.00004998
1771742642.522233,23.810000,0.010000,0.007103,-0.039169,0.024836,1.4230,0.757527,-0.117352,0.828037,0.000279,0.000279,0.0160,0.0160,1,1,0.007103,0.00005045
1771742642.532233,23.820000,0.010000,0.007158,-0.021147,0.023569,1.3504,0.408394,-0.106616,1.073598,-0.118215,-0.118215,-6.7732,-6.7732,1,1,0.007158,0.00005124
1771742642.542233,23.830000,0.010000,0.007199,-0.038803,0.022302,1.2778,0.688302,-0.093732,1.288464,-0.055542,-0.055542,-3.1823,-3.1823,1,1,0.007199,0.00005182
1771742642.552233,23.840000,0.010000,0.007127,-0.051076,0.022725,1.3020,0.869072,-0.078967,1.476472,-0.259074,-0.259074,-14.8438,-14.8438,1,1,0.007127,0.00005079
1771742642.562232,23.850000,0.010000,0.007046,-0.042897,0.023004,1.3180,0.689231,-0.062557,1.640979,-0.229638,-0.229638,-13.1573,-13.1573,1,1,0.007046,0.00004964
1771742642.572232,23.860000,0.010000,0.006940,-0.055022,0.023436,1.3428,0.869849,-0.044708,1.784922,-0.220384,-0.220384,-12.6271,-12.6271,1,1,0.006940,0.00004817
1771742642.582232,23.870000,0.010000,0.006758,-0.063388,0.024940,1.4290,0.984393,-0.032580,1.212741,-0.089137,-0.089137,-5.1072,-5.1072,1,1,0.006758,0.00004567
1771742642.592233,23.880000,0.010000,0.006560,-0.060338,0.026478,1.5170,0.900494,-0.020192,1.238868,-0.103745,-0.103745,-5.9441,-5.9441,1,1,0.006560,0.00004303
1771742642.602233,23.890000,0.010000,0.006340,-0.067593,0.028160,1.6134,1.003175,-0.012842,0.734944,-0.085843,-0.085843,-4.9184,-4.9184,1,1,0.006340,0.00004020
1771742642.612233,23.900000,0.010000,0.006104,-0.065709,0.029945,1.7157,0.948031,-0.009902,0.294010,-0.125324,-0.125324,-7.1805,-7.1805,1,1,0.006104,0.00003726
1771742642.622233,23.910000,0.010000,0.005851,-0.071294,0.031883,1.8268,1.030084,-0.005297,0.460540,-0.141541,-0.141541,-8.1097,-8.1097,1,1,0.005851,0.00003424
1771742642.632233,23.920000,0.010000,0.005585,-0.069955,0.033935,1.9443,0.994146,0.002224,0.752038,-0.148252,-0.148252,-8.4942,-8.4942,1,1,0.005585,0.00003119
1771742642.642233,23.930000,0.010000,0.005308,-0.073792,0.036117,2.0694,1.055538,0.007474,0.525073,-0.100086,-0.100086,-5.7345,-5.7345,1,1,0.005308,0.00002818
1771742642.652233,23.940000,0.010000,0.005038,-0.069197,0.038149,2.1858,0.972739,0.008578,0.110373,-0.119399,-0.119399,-6.8411,-6.8411,1,1,0.005038,0.00002538
1771742642.662233,23.950000,0.010000,0.004771,-0.072552,0.040164,2.3012,1.036958,0.006053,-0.252489,-0.152342,-0.152342,-8.7285,-8.7285,1,1,0.004771,0.00002276
1771742642.672233,23.960000,0.010000,0.004532,-0.063394,0.041745,2.3918,0.884012,0.000353,-0.569994,-0.134794,-0.134794,-7.7231,-7.7231,1,1,0.004532,0.00002054
1771742642.682233,23.970000,0.010000,0.004307,-0.067629,0.043184,2.4743,0.974292,-0.008125,-0.847811,-0.023241,-0.023241,-1.3316,-1.3316,1,1,0.004307,0.00001855
1771742642.692233,23.980000,0.010000,0.004122,-0.055337,0.044081,2.5257,0.774466,-0.019034,-1.090900,-0.025529,-0.025529,-1.4627,-1.4627,1,1,0.004122,0.00001699
1771742642.702233,23.990000,0.010000,0.003956,-0.061009,0.044817,2.5678,0.898028,-0.032070,-1.303603,0.091019,0.091019,5.2150,5.2150,1,1,0.003956,0.00001565
1771742642.712233,24.000000,0.010000,0.003826,-0.047939,0.045093,2.5836,0.690166,-0.039986,-0.791587,0.058626,0.058626,3.3590,3.3590,1,1,0.003826,0.00001464
1771742642.722233,24.010000,0.010000,0.003715,-0.054768,0.045286,2.5947,0.838901,-0.047956,-0.796987,0.055726,0.055726,3.1929,3.1929,1,1,0.003715,0.00001380
1771742642.732233,24.020000,0.010000,0.003627,-0.043972,0.045285,2.5947,0.674555,-0.052692,-0.473591,0.025812,0.025812,1.4789,1.4789,1,1,0.003627,0.00001315
1771742642.742233,24.030000,0.010000,0.003548,-0.050796,0.045360,2.5989,0.825458,-0.060326,-0.763458,-0.000839,-0.000839,-0.0481,-0.0481,1,1,0.003548,0.00001259
1771742642.752233,24.040000,0.010000,0.003530,-0.031200,0.044602,2.5555,0.505958,-0.070478,-1.015182,0.018824,0.018824,1.0785,1.0785,1,1,0.003530,0.00001246
1771742642.762233,24.050000,0.010000,0.003538,-0.041150,0.043633,2.5000,0.712982,-0.080200,-0.972169,0.055784,0.055784,3.1962,3.1962,1,1,0.003538,0.00001251
1771742642.772233,24.060000,0.010000,0.003545,-0.033357,0.042894,2.4577,0.601766,-0.085216,-0.501582,0.023368,0.023368,1.3389,1.3389,1,1,0.003545,0.00001257
1771742642.782233,24.070000,0.010000,0.003547,-0.041519,0.042499,2.4350,0.774045,-0.089488,-0.427296,0.011984,0.011984,0.6866,0.6866,1,1,0.003547,0.00001258
1771742642.792233,24.080000,0.010000,0.003626,-0.016665,0.040937,2.3455,0.356941,-0.096718,-0.722950,-0.003800,-0.003800,-0.2177,-0.2177,1,1,0.003626,0.00001315
1771742642.802233,24.090000,0.010000,0.003735,-0.029724,0.039047,2.2372,0.613544,-0.101478,-0.475951,0.076679,0.076679,4.3934,4.3934,1,1,0.003735,0.00001395
1771742642.812232,24.100000,0.010000,0.003790,-0.032152,0.038283,2.1934,0.676269,-0.102151,-0.067391,0.023156,0.023156,1.3267,1.3267,1,1,0.003790,0.00001437
1771742642.822232,24.110000,0.010000,0.003864,-0.026013,0.037344,2.1397,0.584657,-0.099250,0.290098,0.006575,0.006575,0.3767,0.3767,1,1,0.003864,0.00001493
1771742642.832232,24.120000,0.010000,0.003920,-0.035111,0.036845,2.1111,0.762543,-0.093221,0.602902,-0.065821,-0.065821,-3.7713,-3.7713,1,1,0.003920,0.00001537
1771742642.842233,24.130000,0.010000,0.003992,-0.024237,0.036190,2.0735,0.583114,-0.084455,0.876605,-0.182238,-0.182238,-10.4415,-10.4415,1,1,0.003992,0.00001594
1771742642.852233,24.140000,0.010000,0.004062,-0.033586,0.035689,2.0448,0.762599,-0.073294,1.116095,-0.245263,-0.245263,-14.0525,-14.0525,1,1,0.004062,0.00001650
1771742642.862233,24.150000,0.010000,0.004081,-0.038409,0.036192,2.0737,0.859541,-0.060906,1.238832,-0.319150,-0.319150,-18.2859,-18.2859,1,1,0.004081,0.00001665
1771742642.872233,24.160000,0.010000,0.004117,-0.030367,0.036476,2.0899,0.727869,-0.053398,0.750841,-0.312169,-0.312169,-17.8860,-17.8860,1,1,0.004117,0.00001695
1771742642.882233,24.170000,0.010000,0.004152,-0.037102,0.036875,2.1128,0.859647,-0.044370,0.902771,-0.306617,-0.306617,-17.5679,-17.5679,1,1,0.004152,0.00001724
1771742642.892233,24.180000,0.010000,0.004148,-0.041253,0.038069,2.1812,0.945241,-0.032980,1.138991,-0.320569,-0.320569,-18.3672,-18.3672,1,1,0.004148,0.00001721
1771742642.902233,24.190000,0.010000,0.004161,-0.033966,0.039071,2.2386,0.828903,-0.025937,0.704352,-0.304690,-0.304690,-17.4575,-17.4575,1,1,0.004161,0.00001731
1771742642.912233,24.200000,0.010000,0.004179,-0.038757,0.040109,2.2981,0.929214,-0.021197,0.474005,-0.311117,-0.311117,-17.8257,-17.8257,1,1,0.004179,0.00001746
1771742642.922233,24.210000,0.010000,0.004188,-0.037143,0.041428,2.3736,0.916584,-0.019022,0.217453,-0.303970,-0.303970,-17.4162,-17.4162,1,1,0.004188,0.00001754
1771742642.932233,24.220000,0.010000,0.004191,-0.040051,0.043003,2.4639,0.986334,-0.013629,0.539337,-0.272184,-0.272184,-15.5950,-15.5950,1,1,0.004191,0.00001757
1771742642.942233,24.230000,0.010000,0.004217,-0.032369,0.044328,2.5398,0.869791,-0.009031,0.459807,-0.319015,-0.319015,-18.2782,-18.2782,1,1,0.004217,0.00001779
1771742642.952233,24.240000,0.010000,0.004254,-0.036334,0.045658,2.6160,0.962554,-0.007080,0.195065,-0.321660,-0.321660,-18.4297,-18.4297,1,1,0.004254,0.00001809
1771742642.962233,24.250000,0.010000,0.004300,-0.030911,0.046994,2.6926,0.889651,-0.008864,-0.178384,-0.295597,-0.295597,-16.9364,-16.9364,1,1,0.004300,0.00001849
1771742642.972233,24.260000,0.010000,0.004353,-0.033956,0.048427,2.7747,0.969165,-0.013915,-0.505152,-0.248708,-0.248708,-14.2499,-14.2499,1,1,0.004353,0.00001895
1771742642.982233,24.270000,0.010000,0.004469,-0.016838,0.048973,2.8059,0.691628,-0.021826,-0.791074,-0.224700,-0.224700,-12.8744,-12.8744,1,1,0.004469,0.00001997
1771742642.992233,24.280000,0.010000,0.004611,-0.024512,0.049279,2.8235,0.855516,-0.032239,-1.041255,-0.111997,-0.111997,-6.4169,-6.4169,1,1,0.004611,0.00002126
1771742643.002233,24.290000,0.010000,0.004780,-0.011933,0.049320,2.8258,0.658298,-0.044840,-1.260164,-0.083930,-0.083930,-4.8088,-4.8088,1,1,0.004780,0.00002285
1771742643.012233,24.300000,0.010000,0.004955,-0.020706,0.049463,2.8340,0.839489,-0.059357,-1.451710,-0.044667,-0.044667,-2.5592,-2.5592,1,1,0.004955,0.00002455
1771742643.022233,24.310000,0.010000,0.005188,0.000008,0.048335,2.7694,0.387293,-0.075550,-1.619312,0.044849,0.044849,2.5697,2.5697,1,1,0.005188,0.00002692
1771742643.032233,24.320000,0.010000,0.005425,-0.014624,0.046869,2.6854,0.668275,-0.093210,-1.765964,0.041446,0.041446,2.3747,2.3747,1,1,0.005425,0.00002944
1771742643.042233,24.330000,0.010000,0.005674,0.000007,0.045024,2.5797,0.347485,-0.112153,-1.894284,0.080255,0.080255,4.5982,4.5982,1,1,0.005674,0.00003219
1771742643.052233,24.340000,0.010000,0.005901,-0.016180,0.043352,2.4839,0.646876,-0.132218,-2.006564,0.097916,0.097916,5.6102,5.6102,1,1,0.005901,0.00003482
1771742643.062232,24.350000,0.010000,0.006155,0.003596,0.040341,2.3113,0.081137,-0.149714,-1.749567,0.069430,0.069430,3.9780,3.9780,1,1,0.006155,0.00003789
1771742643.072232,24.360000,0.010000,0.006374,-0.018514,0.037069,2.1239,0.475469,-0.168514,-1.879937,0.104634,0.104634,5.9951,5.9951,1,1,0.006374,0.00004063
1771742643.082232,24.370000,0.010000,0.006594,0.000002,0.033257,1.9055,0.025403,-0.187657,-1.914326,0.057041,0.057041,3.2682,3.2682,1,1,0.006594,0.00004348
1771742643.092233,24.380000,0.010000,0.006771,-0.023979,0.029650,1.6988,0.438614,-0.201149,-1.349247,0.066208,0.066208,3.7935,3.7935,1,1,0.006771,0.00004584
1771742643.102233,24.390000,0.010000,0.006964,0.000001,0.025265,1.4476,-0.083004,-0.209465,-0.831525,0.060629,0.060629,3.4738,3.4738,1,1,0.006964,0.00004850
1771742643.112233,24.400000,0.010000,0.007121,-0.027003,0.021026,1.2047,0.369408,-0.213250,-0.378519,0.051322,0.051322,2.9405,2.9405,1,1,0.007121,0.00005070
1771742643.122233,24.410000,0.010000,0.007245,-0.012509,0.017084,0.9788,0.079664,-0.213071,0.017862,0.081636,0.081636,4.6774,4.6774,1,1,0.007245,0.00005249
1771742643.132233,24.420000,0.010000,0.007315,-0.036740,0.013775,0.7892,0.467319,-0.209424,0.364695,0.059087,0.059087,3.3854,3.3854,1,1,0.007315,0.00005352
1771742643.142233,24.430000,0.010000,0.007384,-0.016723,0.010106,0.5790,0.067414,-0.202742,0.668174,0.129925,0.129925,7.4442,7.4442,1,1,0.007384,0.00005453
1771742643.152233,24.440000,0.010000,0.007416,-0.041547,0.006691,0.3834,0.454058,-0.193405,0.933718,0.058108,0.058108,3.3293,3.3293,1,1,0.007416,0.00005500
1771742643.162233,24.450000,0.010000,0.007354,-0.043177,0.004443,0.2546,0.423981,-0.181745,1.166069,0.127920,0.127920,7.3293,7.3293,1,1,0.007354,0.00005408
1771742643.172233,24.460000,0.010000,0.007211,-0.060733,0.003121,0.1788,0.671818,-0.168051,1.369376,0.110792,0.110792,6.3479,6.3479,1,1,0.007211,0.00005200
1771742643.182233,24.470000,0.010000,0.007070,-0.045285,0.001215,0.0696,0.335350,-0.152578,1.547270,0.119148,0.119148,6.8267,6.8267,1,1,0.007070,0.00004999
1771742643.192233,24.480000,0.010000,0.006898,-0.064735,-0.000662,-0.0379,0.614928,-0.135549,1.702927,0.107340,0.107340,6.1501,6.1501,1,1,0.006898,0.00004759
1771742643.202233,24.490000,0.010000,0.006601,-0.078525,-0.000881,-0.0505,0.791344,-0.117157,1.839127,0.038866,0.038866,2.2268,2.2268,1,1,0.006601,0.00004357
1771742643.212233,24.500000,0.010000,0.006259,-0.082093,-0.000438,-0.0251,0.840192,-0.097574,1.958302,0.073086,0.073086,4.1875,4.1875,1,1,0.006259,0.00003917
1771742643.222233,24.510000,0.010000,0.005910,-0.083813,0.000298,0.0171,0.891541,-0.077102,2.047284,0.080097,0.080097,4.5892,4.5892,1,1,0.005910,0.00003492
1771742643.232233,24.520000,0.010000,0.005563,-0.083222,0.001268,0.0727,0.915584,-0.059885,1.721628,0.147884,0.147884,8.4732,8.4732,1,1,0.005563,0.00003095
1771742643.242233,24.530000,0.010000,0.005218,-0.082727,0.002405,0.1378,0.932476,-0.045984,1.390090,0.139513,0.139513,7.9935,7.9935,1,1,0.005218,0.00002723
1771742643.252233,24.540000,0.010000,0.004875,-0.082304,0.003658,0.2096,0.943982,-0.030331,1.565395,0.126666,0.126666,7.2574,7.2574,1,1,0.004875,0.00002377
1771742643.262233,24.550000,0.010000,0.004534,-0.081933,0.004989,0.2859,0.951426,-0.019153,1.117718,0.203505,0.203505,11.6600,11.6600,1,1,0.004534,0.00002056
1771742643.272233,24.560000,0.010000,0.004194,-0.081602,0.006371,0.3650,0.955792,-0.005883,1.327069,0.165013,0.165013,9.4546,9.4546,1,1,0.004194,0.00001759
1771742643.282233,24.570000,0.010000,0.003855,-0.081300,0.007780,0.4458,0.957818,0.002239,0.812120,0.250327,0.250327,14.3427,14.3427,1,1,0.003855,0.00001486
1771742643.292233,24.580000,0.010000,0.003517,-0.081019,0.009201,0.5272,0.958055,0.012835,1.059671,0.194069,0.194069,11.1193,11.1193,1,1,0.003517,0.00001237
1771742643.302233,24.590000,0.010000,0.003181,-0.080753,0.010621,0.6085,0.956913,0.025080,1.224455,0.260802,0.260802,14.9429,14.9429,1,1,0.003181,0.00001012
1771742643.312232,24.600000,0.010000,0.002845,-0.080500,0.012030,0.6893,0.954699,0.036838,1.175853,0.312568,0.312568,17.9088,17.9088,1,1,0.002845,0.00000810
1771742643.322232,24.610000,0.010000,0.002511,-0.080254,0.013421,0.7690,0.951639,0.045651,0.881265,0.320215,0.320215,18.3470,18.3470,1,1,0.002511,0.00000630
1771742643.332232,24.620000,0.010000,0.002178,-0.080015,0.014788,0.8473,0.947902,0.049871,0.422041,0.295052,0.295052,16.9052,16.9052,1,1,0.002178,0.00000474
1771742643.342233,24.630000,0.010000,0.001845,-0.079747,0.016123,0.9238,0.943439,0.052773,0.290177,0.224563,0.224563,12.8665,12.8665,1,1,0.001845,0.00000341
1771742643.352233,24.640000,0.010000,0.001516,-0.079325,0.017417,0.9979,0.937705,0.056189,0.341546,0.210038,0.210038,12.0343,12.0343,1,1,0.001516,0.00000230
1771742643.362233,24.650000,0.010000,0.001192,-0.078517,0.018647,1.0684,0.929706,0.062668,0.647919,0.223949,0.223949,12.8313,12.8313,1,1,0.001192,0.00000142
1771742643.372233,24.660000,0.010000,0.000878,-0.077311,0.019797,1.1343,0.919899,0.071828,0.915995,0.279104,0.279104,15.9915,15.9915,1,1,0.000878,0.00000077
1771742643.382233,24.670000,0.010000,0.000576,-0.075775,0.020859,1.1951,0.909087,0.078682,0.685472,0.311333,0.311333,17.8381,17.8381,1,1,0.000576,0.00000033
1771742643.392233,24.680000,0.010000,0.000289,-0.073956,0.021826,1.2505,0.897771,0.088171,0.948854,0.287109,0.287109,16.4501,16.4501,1,1,0.000289,0.00000008
1771742643.402233,24.690000,0.010000,0.000018,-0.071886,0.022697,1.3004,0.886276,0.097776,0.960527,0.304147,0.304147,17.4263,17.4263,1,1,0.000018,0.00000000
1771742643.412233,24.700000,0.010000,-0.000234,-0.069596,0.023472,1.3449,0.874818,0.109672,1.189527,0.288011,0.288011,16.5018,16.5018,1,1,0.000234,0.00000005
1771742643.422233,24.710000,0.010000,-0.000465,-0.067117,0.024153,1.3839,0.863625,0.120221,1.054965,0.272679,0.272679,15.6233,15.6233,1,1,0.000465,0.00000022
1771742643.432233,24.720000,0.010000,-0.000675,-0.064479,0.024744,1.4177,0.852885,0.132943,1.272160,0.239241,0.239241,13.7075,13.7075,1,1,0.000675,0.00000046
1771742643.442233,24.730000,0.010000,-0.000862,-0.061708,0.025249,1.4467,0.842731,0.147565,1.462206,0.198285,0.198285,11.3609,11.3609,1,1,0.000862,0.00000074
1771742643.452233,24.740000,0.010000,-0.001098,-0.066545,0.026972,1.5454,0.972364,0.163850,1.628496,0.128451,0.128451,7.3597,7.3597,1,1,0.001098,0.00000120
1771742643.462233,24.750000,0.010000,-0.001283,-0.060751,0.028170,1.6140,0.915418,0.180250,1.640029,-0.082705,-0.082705,-4.7386,-4.7386,1,1,0.001283,0.00000164
1771742643.472233,24.760000,0.010000,-0.001508,-0.064686,0.030509,1.7481,1.037150,0.191110,1.085960,-0.185849,-0.185849,-10.6484,-10.6484,1,1,0.001508,0.00000227
1771742643.482233,24.770000,0.010000,-0.001664,-0.056916,0.032079,1.8380,0.954084,0.197121,0.601149,-0.288922,-0.288922,-16.5540,-16.5540,1,1,0.001664,0.00000277
1771742643.492233,24.780000,0.010000,-0.001819,-0.056273,0.034107,1.9542,1.002921,0.200475,0.335348,-0.234354,-0.234354,-13.4275,-13.4275,1,1,0.001819,0.00000331
1771742643.502233,24.790000,0.010000,-0.001911,-0.049096,0.035541,2.0364,0.939003,0.206900,0.642495,-0.257993,-0.257993,-14.7819,-14.7819,1,1,0.001911,0.00000365
1771742643.512233,24.800000,0.010000,-0.002079,-0.056791,0.038895,2.2285,1.144898,0.216012,0.911249,-0.232531,-0.232531,-13.3230,-13.3230,1,1,0.002079,0.00000432
1771742643.522233,24.810000,0.010000,-0.002149,-0.045852,0.041113,2.3556,1.023223,0.224899,0.888712,-0.372031,-0.372031,-21.3158,-21.3158,1,1,0.002149,0.00000462
1771742643.532233,24.820000,0.010000,-0.002218,-0.045158,0.043942,2.5177,1.089158,0.234805,0.990593,-0.334347,-0.334347,-19.1567,-19.1567,1,1,0.002218,0.00000492
1771742643.542233,24.830000,0.010000,-0.002197,-0.034969,0.045840,2.6265,0.989944,0.241456,0.665070,-0.376865,-0.376865,-21.5928,-21.5928,1,1,0.002197,0.00000483
1771742643.552233,24.840000,0.010000,-0.002254,-0.042892,0.049854,2.8564,1.217712,0.245359,0.390284,-0.356395,-0.356395,-20.4200,-20.4200,1,1,0.002254,0.00000508
1771742643.562232,24.850000,0.010000,-0.002196,-0.030026,0.052571,3.0121,1.079701,0.245283,-0.007568,-0.399717,-0.399717,-22.9021,-22.9021,1,1,0.002196,0.00000482
1771742643.572232,24.860000,0.010000,-0.002049,-0.019863,0.054475,3.1212,0.993768,0.241726,-0.355688,-0.364825,-0.364825,-20.9029,-20.9029,1,1,0.002049,0.00000420
1771742643.582232,24.870000,0.010000,-0.001884,-0.017496,0.056878,3.2589,1.048935,0.235123,-0.660293,-0.317020,-0.317020,-18.1639,-18.1639,1,1,0.001884,0.00000355
1771742643.592233,24.880000,0.010000,-0.001638,-0.008309,0.058660,3.3610,0.984160,0.225855,-0.926822,-0.310386,-0.310386,-17.7838,-17.7838,1,1,0.001638,0.00000268
1771742643.602233,24.890000,0.010000,-0.001337,-0.003193,0.060147,3.4462,0.962360,0.214255,-1.160035,-0.232941,-0.232941,-13.3465,-13.3465,1,1,0.001337,0.00000179
1771742643.612233,24.900000,0.010000,-0.001002,0.000003,0.061572,3.5278,0.961371,0.200614,-1.364096,-0.158698,-0.158698,-9.0928,-9.0928,1,1,0.001002,0.00000100
1771742643.622233,24.910000,0.010000,-0.000656,0.000005,0.063119,3.6165,0.987747,0.185187,-1.542650,-0.132136,-0.132136,-7.5708,-7.5708,1,1,0.000656,0.00000043
1771742643.632233,24.920000,0.010000,-0.000309,0.000006,0.064878,3.7172,1.012901,0.168198,-1.698885,-0.130753,-0.130753,-7.4916,-7.4916,1,1,0.000309,0.00000010
1771742643.642233,24.930000,0.010000,0.000038,0.000008,0.066841,3.8297,1.037349,0.149842,-1.835590,-0.140899,-0.140899,-8.0729,-8.0729,1,1,0.000038,0.00000000
1771742643.652233,24.940000,0.010000,0.000384,0.000010,0.069006,3.9538,1.061483,0.130290,-1.955207,-0.177583,-0.177583,-10.1748,-10.1748,1,1,0.000384,0.00000015
1771742643.662233,24.950000,0.010000,0.000731,0.000011,0.071373,4.0894,1.085605,0.109692,-2.059872,-0.204763,-0.204763,-11.7321,-11.7321,1,1,0.000731,0.00000053
1771742643.672233,24.960000,0.010000,0.001077,0.000013,0.073942,4.2366,1.109949,0.088177,-2.151454,-0.206938,-0.206938,-11.8567,-11.8567,1,1,0.001077,0.00000116
1771742643.682233,24.970000,0.010000,0.001424,0.000016,0.076718,4.3956,1.134698,0.065861,-2.231588,-0.198489,-0.198489,-11.3726,-11.3726,1,1,0.001424,0.00000203
1771742643.692233,24.980000,0.010000,0.001786,0.003730,0.078706,4.5095,0.920298,0.042844,-2.301705,-0.179879,-0.179879,-10.3063,-10.3063,1,1,0.001786,0.00000319
1771742643.702233,24.990000,0.010000,0.002137,0.000016,0.080302,4.6010,0.994310,0.019214,-2.363058,-0.140753,-0.140753,-8.0645,-8.0645,1,1,0.002137,0.00000457
1771742643.712233,25.000000,0.010000,0.002528,0.012644,0.080617,4.6190,0.622239,-0.004954,-2.416742,-0.084116,-0.084116,-4.8195,-4.8195,1,1,0.002528,0.00000639
1771742643.722233,25.010000,0.010000,0.002900,0.000016,0.080667,4.6219,0.854470,-0.029591,-2.463715,-0.094113,-0.094113,-5.3923,-5.3923,1,1,0.002900,0.00000841
1771742643.732233,25.020000,0.010000,0.003314,0.020424,0.079371,4.5476,0.339714,-0.054639,-2.504816,0.052015,0.052015,2.9802,2.9802,1,1,0.003314,0.00001098
1771742643.742233,25.030000,0.010000,0.003704,0.000014,0.077812,4.4583,0.688349,-0.073066,-1.842648,-0.035790,-0.035790,-2.0506,-2.0506,1,1,0.003704,0.00001372
1771742643.752233,25.040000,0.010000,0.004064,0.010078,0.076057,4.3577,0.356091,-0.085698,-1.263252,-0.015175,-0.015175,-0.8695,-0.8695,1,1,0.004064,0.00001652
1771742643.762233,25.050000,0.010000,0.004396,-0.002967,0.074457,4.2660,0.658649,-0.093261,-0.756279,-0.078411,-0.078411,-4.4926,-4.4926,1,1,0.004396,0.00001932
1771742643.772233,25.060000,0.010000,0.004735,0.008972,0.072336,4.1446,0.286143,-0.099216,-0.595476,-0.107968,-0.107968,-6.1861,-6.1861,1,1,0.004735,0.00002242
1771742643.782233,25.070000,0.010000,0.005042,-0.006377,0.070363,4.0315,0.619967,-0.107917,-0.870107,-0.072996,-0.072996,-4.1824,-4.1824,1,1,0.005042,0.00002542
1771742643.792233,25.080000,0.010000,0.005363,0.008979,0.067684,3.8780,0.177760,-0.119021,-1.110410,-0.058535,-0.058535,-3.3538,-3.3538,1,1,0.005363,0.00002876
1771742643.802233,25.090000,0.010000,0.005650,-0.009489,0.065093,3.7296,0.554680,-0.130010,-1.098967,0.034257,0.034257,1.9628,1.9628,1,1,0.005650,0.00003192
1771742643.812232,25.100000,0.010000,0.005930,0.003716,0.062067,3.5562,0.142842,-0.138570,-0.855976,0.016187,0.016187,0.9275,0.9275,1,1,0.005930,0.00003517
1771742643.822232,25.110000,0.010000,0.006163,-0.016379,0.059293,3.3972,0.535215,-0.143734,-0.516361,0.054963,0.054963,3.1491,3.1491,1,1,0.006163,0.00003798
1771742643.832232,25.120000,0.010000,0.006396,0.000004,0.056160,3.2178,0.129877,-0.144761,-0.102750,0.000302,0.000302,0.0173,0.0173,1,1,0.006396,0.00004091
1771742643.842233,25.130000,0.010000,0.006591,-0.021156,0.053323,3.0552,0.528133,-0.142170,0.259159,0.038383,0.038383,2.1992,2.1992,1,1,0.006591,0.00004344
1771742643.852233,25.140000,0.010000,0.006789,-0.002924,0.050563,2.8971,0.222996,-0.136411,0.575830,-0.054865,-0.054865,-3.1435,-3.1435,1,1,0.006789,0.00004610
1771742643.862233,25.150000,0.010000,0.006967,-0.022987,0.048304,2.7676,0.589593,-0.127882,0.852917,-0.011153,-0.011153,-0.6390,-0.6390,1,1,0.006967,0.00004853
1771742643.872233,25.160000,0.010000,0.007130,-0.009763,0.046340,2.6551,0.362167,-0.116929,1.095369,-0.226552,-0.226552,-12.9805,-12.9805,1,1,0.007130,0.00005084
1771742643.882233,25.170000,0.010000,0.007263,-0.027736,0.044942,2.5750,0.681796,-0.104209,1.271920,-0.159554,-0.159554,-9.1418,-9.1418,1,1,0.007263,0.00005276
1771742643.892233,25.180000,0.010000,0.007394,-0.013536,0.043572,2.4965,0.429250,-0.096571,0.763864,-0.310870,-0.310870,-17.8115,-17.8115,1,1,0.007394,0.00005467
1771742643.902233,25.190000,0.010000,0.007501,-0.030663,0.042598,2.4407,0.727117,-0.093378,0.319315,-0.194387,-0.194387,-11.1376,-11.1376,1,1,0.007501,0.00005627
1771742643.912233,25.200000,0.010000,0.007620,-0.013894,0.041356,2.3695,0.423644,-0.090830,0.254773,-0.168520,-0.168520,-9.6555,-9.6555,1,1,0.007620,0.00005806
1771742643.922233,25.210000,0.010000,0.007721,-0.031502,0.040360,2.3125,0.724760,-0.086793,0.403692,-0.089477,-0.089477,-5.1267,-5.1267,1,1,0.007721,0.00005961
1771742643.932233,25.220000,0.010000,0.007793,-0.023709,0.039746,2.2773,0.574259,-0.079770,0.702296,-0.207092,-0.207092,-11.8655,-11.8655,1,1,0.007793,0.00006074
1771742643.942233,25.230000,0.010000,0.007829,-0.038705,0.039680,2.2735,0.824381,-0.070134,0.963575,-0.257792,-0.257792,-14.7704,-14.7704,1,1,0.007829,0.00006129
1771742643.952233,25.240000,0.010000,0.007860,-0.027385,0.039549,2.2660,0.609170,-0.058212,1.192194,-0.327371,-0.327371,-18.7570,-18.7570,1,1,0.007860,0.00006179
1771742643.962233,25.250000,0.010000,0.007869,-0.041826,0.039706,2.2750,0.848401,-0.050898,0.731424,-0.297838,-0.297838,-17.0649,-17.0649,1,1,0.007869,0.00006192
1771742643.972233,25.260000,0.010000,0.007847,-0.037146,0.040246,2.3059,0.749468,-0.041007,0.989062,-0.317020,-0.317020,-18.1639,-18.1639,1,1,0.007847,0.00006158
1771742643.982233,25.270000,0.010000,0.007792,-0.048831,0.041257,2.3639,0.940277,-0.035844,0.516364,-0.308539,-0.308539,-17.6780,-17.6780,1,1,0.007792,0.00006071
1771742643.992233,25.280000,0.010000,0.007768,-0.031783,0.041594,2.3831,0.625948,-0.032757,0.308640,-0.297499,-0.297499,-17.0454,-17.0454,1,1,0.007768,0.00006034
1771742644.002233,25.290000,0.010000,0.007743,-0.045723,0.041855,2.3981,0.860030,-0.033547,-0.079006,-0.224369,-0.224369,-12.8554,-12.8554,1,1,0.007743,0.00005995
1771742644.012233,25.300000,0.010000,0.007697,-0.039377,0.042380,2.4282,0.735885,-0.037729,-0.418196,-0.152492,-0.152492,-8.7372,-8.7372,1,1,0.007697,0.00005924
1771742644.022233,25.310000,0.010000,0.007627,-0.050081,0.043234,2.4771,0.913966,-0.044879,-0.714987,-0.049058,-0.049058,-2.8108,-2.8108,1,1,0.007627,0.00005817
1771742644.032233,25.320000,0.010000,0.007636,-0.022306,0.042600,2.4408,0.415178,-0.054626,-0.974680,-0.040007,-0.040007,-2.2922,-2.2922,1,1,0.007636,0.00005832
1771742644.042233,25.330000,0.010000,0.007666,-0.040070,0.041563,2.3814,0.720704,-0.066645,-1.201911,0.087922,0.087922,5.0376,5.0376,1,1,0.007666,0.00005877
1771742644.052233,25.340000,0.010000,0.007653,-0.035767,0.041191,2.3601,0.633775,-0.073671,-0.702606,0.042196,0.042196,2.4176,2.4176,1,1,0.007653,0.00005856
1771742644.062232,25.350000,0.010000,0.007631,-0.041097,0.040871,2.3417,0.716611,-0.083310,-0.963846,0.027719,0.027719,1.5882,1.5882,1,1,0.007631,0.00005824
1771742644.072232,25.360000,0.010000,0.007661,-0.024353,0.039545,2.2658,0.409984,-0.095234,-1.192431,0.020395,0.020395,1.1686,1.1686,1,1,0.007661,0.00005870
1771742644.082232,25.370000,0.010000,0.007673,-0.042324,0.038458,2.2035,0.714447,-0.109158,-1.392443,0.064164,0.064164,3.6763,3.6763,1,1,0.007673,0.00005887
1771742644.092233,25.380000,0.010000,0.007762,-0.008836,0.035866,2.0550,0.109460,-0.124833,-1.567454,0.044563,0.044563,2.5533,2.5533,1,1,0.007762,0.00006025
1771742644.102233,25.390000,0.010000,0.007864,-0.032790,0.032930,1.8867,0.515136,-0.142039,-1.720588,0.105270,0.105270,6.0315,6.0315,1,1,0.007864,0.00006185
1771742644.112233,25.400000,0.010000,0.007954,-0.015910,0.030022,1.7202,0.194441,-0.160585,-1.854580,0.052559,0.052559,3.0114,3.0114,1,1,0.007954,0.00006327
1771742644.122233,25.410000,0.010000,0.008005,-0.038644,0.027589,1.5807,0.567707,-0.177699,-1.711423,0.066454,0.066454,3.8075,3.8075,1,1,0.008005,0.00006409
1771742644.132233,25.420000,0.010000,0.008134,-0.001219,0.023369,1.3390,-0.159659,-0.189183,-1.148429,0.076467,0.076467,4.3813,4.3813,1,1,0.008134,0.00006616
1771742644.142233,25.430000,0.010000,0.008258,-0.031577,0.018824,1.0785,0.339579,-0.195741,-0.655810,0.064338,0.064338,3.6863,3.6863,1,1,0.008258,0.00006819
1771742644.152233,25.440000,0.010000,0.008274,-0.032484,0.015795,0.9050,0.309172,-0.197989,-0.224768,0.078504,0.078504,4.4980,4.4980,1,1,0.008274,0.00006845
1771742644.162233,25.450000,0.010000,0.008244,-0.042201,0.013156,0.7538,0.429093,-0.196465,0.152394,0.084082,0.084082,4.8176,4.8176,1,1,0.008244,0.00006796
1771742644.172233,25.460000,0.010000,0.008205,-0.035842,0.010210,0.5850,0.261878,-0.191641,0.482411,0.102662,0.102662,5.8821,5.8821,1,1,0.008205,0.00006733
1771742644.182233,25.470000,0.010000,0.008094,-0.058095,0.008083,0.4631,0.594662,-0.183929,0.771175,0.084379,0.084379,4.8346,4.8346,1,1,0.008094,0.00006551
1771742644.192233,25.480000,0.010000,0.007988,-0.038048,0.005321,0.3048,0.178874,-0.173691,1.023844,0.144561,0.144561,8.2827,8.2827,1,1,0.007988,0.00006380
1771742644.202233,25.490000,0.010000,0.007849,-0.061699,0.002627,0.1505,0.531539,-0.161241,1.244930,0.080864,0.080864,4.6331,4.6331,1,1,0.007849,0.00006160
1771742644.212233,25.500000,0.010000,0.007573,-0.074577,0.001758,0.1007,0.688988,-0.146858,1.438379,0.097284,0.097284,5.5740,5.5740,1,1,0.007573,0.00005735
1771742644.222233,25.510000,0.010000,0.007276,-0.071330,0.000931,0.0533,0.591419,-0.130781,1.607648,0.055063,0.055063,3.1549,3.1549,1,1,0.007276,0.00005294
1771742644.232233,25.520000,0.010000,0.006918,-0.086022,0.000632,0.0362,0.784456,-0.113224,1.755758,0.018984,0.018984,1.0877,1.0877,1,1,0.006918,0.00004785
1771742644.242233,25.530000,0.010000,0.006563,-0.084991,0.000870,0.0499,0.840853,-0.094370,1.885354,0.050789,0.050789,2.9100,2.9100,1,1,0.006563,0.00004308
1771742644.252233,25.540000,0.010000,0.006213,-0.084167,0.001504,0.0862,0.882154,-0.074383,1.998750,0.066021,0.066021,3.7827,3.7827,1,1,0.006213,0.00003860
1771742644.262233,25.550000,0.010000,0.005865,-0.083497,0.002428,0.1391,0.912128,-0.055526,1.885623,0.129783,0.129783,7.4360,7.4360,1,1,0.005865,0.00003439
1771742644.272233,25.560000,0.010000,0.005519,-0.082943,0.003561,0.2040,0.933594,-0.040543,1.498309,0.164507,0.164507,9.4256,9.4256,1,1,0.005519,0.00003046
1771742644.282233,25.570000,0.010000,0.005175,-0.082473,0.004843,0.2775,0.948665,-0.025662,1.488096,0.144148,0.144148,8.2591,8.2591,1,1,0.005175,0.00002678
1771742644.292233,25.580000,0.010000,0.004833,-0.082067,0.006229,0.3569,0.958920,-0.011944,1.371807,0.197302,0.197302,11.3046,11.3046,1,1,0.004833,0.00002336
1771742644.302233,25.590000,0.010000,0.004493,-0.081709,0.007686,0.4404,0.965541,0.002382,1.432583,0.228388,0.228388,13.0857,13.0857,1,1,0.004493,0.00002019
1771742644.312232,25.600000,0.010000,0.004154,-0.081385,0.009188,0.5264,0.969411,0.012631,1.024972,0.287869,0.287869,16.4937,16.4937,1,1,0.004154,0.00001725
1771742644.322232,25.610000,0.010000,0.003816,-0.081086,0.010715,0.6139,0.971189,0.025090,1.245917,0.244563,0.244563,14.0124,14.0124,1,1,0.003816,0.00001456
1771742644.332232,25.620000,0.010000,0.003479,-0.080806,0.012252,0.7020,0.971370,0.032502,0.741111,0.308567,0.308567,17.6796,17.6796,1,1,0.003479,0.00001210
1771742644.342233,25.630000,0.010000,0.003144,-0.080540,0.013790,0.7901,0.970319,0.040599,0.809783,0.233832,0.233832,13.3976,13.3976,1,1,0.003144,0.00000988
1771742644.352233,25.640000,0.010000,0.002809,-0.080284,0.015318,0.8776,0.968312,0.044194,0.359495,0.271155,0.271155,15.5360,15.5360,1,1,0.002809,0.00000789
1771742644.362233,25.650000,0.010000,0.002475,-0.080035,0.016830,0.9643,0.965551,0.043849,-0.034508,0.188073,0.188073,10.7758,10.7758,1,1,0.002475,0.00000613
1771742644.372233,25.660000,0.010000,0.002143,-0.079772,0.018320,1.0496,0.962089,0.044717,0.086746,0.179157,0.179157,10.2649,10.2649,1,1,0.002143,0.00000459
1771742644.382233,25.670000,0.010000,0.001813,-0.079353,0.019775,1.1330,0.957290,0.047380,0.266298,0.172611,0.172611,9.8899,9.8899,1,1,0.001813,0.00000329
1771742644.392233,25.680000,0.010000,0.001489,-0.078572,0.021176,1.2133,0.950333,0.053201,0.582076,0.180403,0.180403,10.3363,10.3363,1,1,0.001489,0.00000222
1771742644.402233,25.690000,0.010000,0.001175,-0.077366,0.022505,1.2894,0.941378,0.061784,0.858382,0.240598,0.240598,13.7853,13.7853,1,1,0.001175,0.00000138
1771742644.412233,25.700000,0.010000,0.000872,-0.075809,0.023751,1.3608,0.931312,0.072080,1.029551,0.287846,0.287846,16.4924,16.4924,1,1,0.000872,0.00000076
1771742644.422233,25.710000,0.010000,0.000585,-0.073954,0.024908,1.4271,0.920706,0.084579,1.249923,0.303996,0.303996,17.4177,17.4177,1,1,0.000585,0.00000034
1771742644.432233,25.720000,0.010000,0.000315,-0.071827,0.025975,1.4882,0.909858,0.099007,1.442749,0.303745,0.303745,17.4033,17.4033,1,1,0.000315,0.00000010
1771742644.442233,25.730000,0.010000,0.000064,-0.069468,0.026951,1.5442,0.899103,0.115121,1.611471,0.281025,0.281025,16.1016,16.1016,1,1,0.000064,0.00000000
1771742644.452233,25.740000,0.010000,-0.000166,-0.066902,0.027839,1.5951,0.888615,0.131301,1.618020,0.240826,0.240826,13.7983,13.7983,1,1,0.000166,0.00000003
1771742644.462233,25.750000,0.010000,-0.000374,-0.064162,0.028642,1.6411,0.878592,0.148950,1.764834,0.162639,0.162639,9.3185,9.3185,1,1,0.000374,0.00000014
1771742644.472233,25.760000,0.010000,-0.000558,-0.061275,0.029366,1.6826,0.869183,0.160901,1.195163,0.028366,0.028366,1.6253,1.6253,1,1,0.000558,0.00000031
1771742644.482233,25.770000,0.010000,-0.000782,-0.065299,0.031201,1.7877,0.987510,0.174683,1.378165,-0.022705,-0.022705,-1.3009,-1.3009,1,1,0.000782,0.00000061
1771742644.492233,25.780000,0.010000,-0.000957,-0.059607,0.032557,1.8654,0.935609,0.183251,0.856829,-0.228624,-0.228624,-13.0992,-13.0992,1,1,0.000957,0.00000092
1771742644.502233,25.790000,0.010000,-0.001105,-0.056278,0.033866,1.9404,0.930023,0.187258,0.400659,-0.210794,-0.210794,-12.0776,-12.0776,1,1,0.001105,0.00000122
1771742644.512233,25.800000,0.010000,-0.001226,-0.053002,0.035167,2.0149,0.928809,0.187273,0.001511,-0.215292,-0.215292,-12.3353,-12.3353,1,1,0.001226,0.00000150
1771742644.522233,25.810000,0.010000,-0.001310,-0.048622,0.036303,2.0800,0.910889,0.186414,-0.085874,-0.196367,-0.196367,-11.2510,-11.2510,1,1,0.001310,0.00000172
1771742644.532233,25.820000,0.010000,-0.001392,-0.048012,0.037928,2.1731,0.963311,0.189154,0.273926,-0.182143,-0.182143,-10.4360,-10.4360,1,1,0.001392,0.00000194
1771742644.542233,25.830000,0.010000,-0.001419,-0.041686,0.039114,2.2411,0.916266,0.195041,0.588751,-0.245633,-0.245633,-14.0737,-14.0737,1,1,0.001419,0.00000201
1771742644.552233,25.840000,0.010000,-0.001489,-0.045882,0.041640,2.3858,1.060375,0.203683,0.864223,-0.228388,-0.228388,-13.0857,-13.0857,1,1,0.001489,0.00000222
1771742644.562232,25.850000,0.010000,-0.001485,-0.037441,0.043431,2.4884,0.981932,0.214736,1.105261,-0.346388,-0.346388,-19.8466,-19.8466,1,1,0.001485,0.00000221
1771742644.572232,25.860000,0.010000,-0.001487,-0.037690,0.045964,2.6335,1.062247,0.223022,0.828619,-0.341013,-0.341013,-19.5386,-19.5386,1,1,0.001487,0.00000221
1771742644.582232,25.870000,0.010000,-0.001414,-0.029119,0.047796,2.7385,0.988008,0.226782,0.375976,-0.367949,-0.367949,-21.0819,-21.0819,1,1,0.001414,0.00000200
1771742644.592233,25.880000,0.010000,-0.001333,-0.027915,0.050178,2.8750,1.048145,0.226581,-0.020087,-0.332566,-0.332566,-19.0547,-19.0547,1,1,0.001333,0.00000178
1771742644.602233,25.890000,0.010000,-0.001181,-0.019764,0.051972,2.9778,0.986315,0.222915,-0.366642,-0.328564,-0.328564,-18.8254,-18.8254,1,1,0.001181,0.00000139
1771742644.612233,25.900000,0.010000,-0.000970,-0.013003,0.053420,3.0607,0.950753,0.216216,-0.669877,-0.270026,-0.270026,-15.4714,-15.4714,1,1,0.000970,0.00000094
1771742644.622233,25.910000,0.010000,-0.000709,-0.007260,0.054686,3.1333,0.933207,0.206864,-0.935209,-0.200921,-0.200921,-11.5119,-11.5119,1,1,0.000709,0.00000050
1771742644.632233,25.920000,0.010000,-0.000415,-0.004888,0.055948,3.2056,0.942924,0.195190,-1.167373,-0.155472,-0.155472,-8.9079,-8.9079,1,1,0.000415,0.00000017
1771742644.642233,25.930000,0.010000,-0.000103,-0.002644,0.057309,3.2835,0.955313,0.181485,-1.370518,-0.143743,-0.143743,-8.2359,-8.2359,1,1,0.000103,0.00000001
1771742644.652233,25.940000,0.010000,0.000227,-0.000409,0.058785,3.3681,0.969173,0.166002,-1.548269,-0.133911,-0.133911,-7.6725,-7.6725,1,1,0.000227,0.00000005
1771742644.662233,25.950000,0.010000,0.000568,0.000010,0.060442,3.4631,0.997294,0.148964,-1.703801,-0.131110,-0.131110,-7.5121,-7.5121,1,1,0.000568,0.00000032
1771742644.672233,25.960000,0.010000,0.000911,0.000012,0.062335,3.5715,1.026829,0.130565,-1.839892,-0.175823,-0.175823,-10.0739,-10.0739,1,1,0.000911,0.00000083
1771742644.682233,25.970000,0.010000,0.001254,0.000014,0.064463,3.6935,1.054782,0.110976,-1.958971,-0.202611,-0.202611,-11.6087,-11.6087,1,1,0.001254,0.00000157
1771742644.692233,25.980000,0.010000,0.001597,0.000016,0.066818,3.8284,1.081779,0.090344,-2.063166,-0.217428,-0.217428,-12.4577,-12.4577,1,1,0.001597,0.00000255
1771742644.702233,25.990000,0.010000,0.001940,0.000018,0.069395,3.9760,1.108293,0.068801,-2.154336,-0.209924,-0.209924,-12.0277,-12.0277,1,1,0.001940,0.00000376
1771742644.712233,26.000000,0.010000,0.002283,0.000018,0.071808,4.1143,1.042443,0.046459,-2.234110,-0.190852,-0.190852,-10.9350,-10.9350,1,1,0.002283,0.00000521
1771742644.722233,26.010000,0.010000,0.002622,0.000016,0.073507,4.2116,0.918784,0.023420,-2.303912,-0.138159,-0.138159,-7.9159,-7.9159,1,1,0.002622,0.00000688
1771742644.732233,26.020000,0.010000,0.002955,0.000016,0.074545,4.2711,0.855105,-0.000230,-2.364989,-0.079415,-0.079415,-4.5502,-4.5502,1,1,0.002955,0.00000873
1771742644.742233,26.030000,0.010000,0.003283,0.000013,0.074870,4.2897,0.731136,-0.024414,-2.418431,-0.002824,-0.002824,-0.1618,-0.1618,1,1,0.003283,0.00001078
1771742644.752233,26.040000,0.010000,0.003605,0.000013,0.074621,4.2755,0.689544,-0.046477,-2.206343,0.011324,0.011324,0.6488,0.6488,1,1,0.003605,0.00001299
1771742644.762233,26.050000,0.010000,0.003923,0.000012,0.073929,4.2358,0.613337,-0.062292,-1.581484,0.008265,0.008265,0.4735,0.4735,1,1,0.003923,0.00001539
1771742644.772233,26.060000,0.010000,0.004237,0.000013,0.073004,4.1828,0.615495,-0.072639,-1.034733,-0.063154,-0.063154,-3.6184,-3.6184,1,1,0.004237,0.00001795
1771742644.782233,26.070000,0.010000,0.004550,0.000012,0.071863,4.1174,0.558699,-0.080298,-0.765894,-0.105595,-0.105595,-6.0502,-6.0502,1,1,0.004550,0.00002070
1771742644.792233,26.080000,0.010000,0.004859,0.000013,0.070604,4.0453,0.573244,-0.086650,-0.635147,-0.124252,-0.124252,-7.1191,-7.1191,1,1,0.004859,0.00002361
1771742644.802233,26.090000,0.010000,0.005168,0.000011,0.069084,3.9582,0.496104,-0.095698,-0.904819,-0.121694,-0.121694,-6.9726,-6.9726,1,1,0.005168,0.00002671
1771742644.812232,26.100000,0.010000,0.005472,0.000012,0.067323,3.8573,0.497502,-0.107106,-1.140783,-0.078928,-0.078928,-4.5222,-4.5222,1,1,0.005472,0.00002994
1771742644.822232,26.110000,0.010000,0.005775,0.000009,0.065194,3.7353,0.405423,-0.120578,-1.347251,-0.027203,-0.027203,-1.5586,-1.5586,1,1,0.005775,0.00003335
1771742644.832232,26.120000,0.010000,0.006072,0.000010,0.062860,3.6016,0.428307,-0.131747,-1.116816,0.008501,0.008501,0.4871,0.4871,1,1,0.006072,0.00003687
1771742644.842233,26.130000,0.010000,0.006369,0.000009,0.060340,3.4572,0.362549,-0.139135,-0.738816,0.013459,0.013459,0.7712,0.7712,1,1,0.006369,0.00004057
1771742644.852233,26.140000,0.010000,0.006652,-0.002583,0.057922,3.3187,0.438349,-0.142109,-0.297398,-0.000627,-0.000627,-0.0359,-0.0359,1,1,0.006652,0.00004425
1771742644.862233,26.150000,0.010000,0.006936,0.000009,0.055376,3.1728,0.343885,-0.141220,0.088842,-0.034654,-0.034654,-1.9855,-1.9855,1,1,0.006936,0.00004811
1771742644.872233,26.160000,0.010000,0.007174,-0.012527,0.053516,3.0663,0.582844,-0.136952,0.426803,-0.043653,-0.043653,-2.5011,-2.5011,1,1,0.007174,0.00005147
1771742644.882233,26.170000,0.010000,0.007421,0.000006,0.051030,2.9238,0.236918,-0.129727,0.722518,-0.124527,-0.124527,-7.1349,-7.1349,1,1,0.007421,0.00005507
1771742644.892233,26.180000,0.010000,0.007618,-0.020681,0.048936,2.8038,0.609514,-0.119914,0.981269,-0.061696,-0.061696,-3.5349,-3.5349,1,1,0.007618,0.00005803
1771742644.902233,26.190000,0.010000,0.007808,-0.005239,0.046980,2.6917,0.339118,-0.112819,0.709510,-0.276339,-0.276339,-15.8331,-15.8331,1,1,0.007808,0.00006097
1771742644.912233,26.200000,0.010000,0.007970,-0.024605,0.045528,2.6086,0.678403,-0.110102,0.271755,-0.125395,-0.125395,-7.1846,-7.1846,1,1,0.007970,0.00006352
1771742644.922233,26.210000,0.010000,0.008156,-0.002691,0.043461,2.4901,0.253739,-0.111215,-0.111280,-0.130022,-0.130022,-7.4497,-7.4497,1,1,0.008156,0.00006651
1771742644.932233,26.220000,0.010000,0.008324,-0.024270,0.041507,2.3782,0.624289,-0.112524,-0.130993,0.035524,0.035524,2.0354,2.0354,1,1,0.008324,0.00006929
1771742644.942233,26.230000,0.010000,0.008465,-0.012773,0.039905,2.2864,0.406888,-0.110180,0.234447,-0.005544,-0.005544,-0.3177,-0.3177,1,1,0.008465,0.00007166
1771742644.952233,26.240000,0.010000,0.008565,-0.031931,0.038901,2.2288,0.725848,-0.104638,0.554207,-0.039829,-0.039829,-2.2820,-2.2820,1,1,0.008565,0.00007336
1771742644.962233,26.250000,0.010000,0.008676,-0.013175,0.037505,2.1489,0.374438,-0.096298,0.833997,-0.187937,-0.187937,-10.7680,-10.7680,1,1,0.008676,0.00007527
1771742644.972233,26.260000,0.010000,0.008766,-0.033305,0.036312,2.0805,0.705355,-0.085510,1.078813,-0.137452,-0.137452,-7.8754,-7.8754,1,1,0.008766,0.00007684
1771742644.982233,26.270000,0.010000,0.008783,-0.033979,0.036161,2.0719,0.689478,-0.074900,1.061036,-0.314460,-0.314460,-18.0173,-18.0173,1,1,0.008783,0.00007715
1771742644.992233,26.280000,0.010000,0.008767,-0.041083,0.036367,2.0837,0.786234,-0.069106,0.579341,-0.317159,-0.317159,-18.1719,-18.1719,1,1,0.008767,0.00007686
1771742645.002233,26.290000,0.010000,0.008760,-0.032805,0.036174,2.0726,0.612693,-0.065924,0.318163,-0.265614,-0.265614,-15.2186,-15.2186,1,1,0.008760,0.00007674
1771742645.012233,26.300000,0.010000,0.008714,-0.048524,0.036439,2.0878,0.861481,-0.066631,-0.070673,-0.170305,-0.170305,-9.7578,-9.7578,1,1,0.008714,0.00007594
1771742645.022233,26.310000,0.010000,0.008705,-0.026831,0.035824,2.0526,0.452350,-0.066014,0.061685,-0.060036,-0.060036,-3.4398,-3.4398,1,1,0.008705,0.00007577
1771742645.032233,26.320000,0.010000,0.008690,-0.045554,0.035100,2.0111,0.755112,-0.068965,-0.295091,-0.017680,-0.017680,-1.0130,-1.0130,1,1,0.008690,0.00007551
1771742645.042233,26.330000,0.010000,0.008641,-0.038067,0.034718,1.9892,0.594365,-0.075038,-0.607271,0.008529,0.008529,0.4887,0.4887,1,1,0.008641,0.00007467
1771742645.052233,26.340000,0.010000,0.008550,-0.054001,0.034845,1.9965,0.845883,-0.081911,-0.687295,0.056034,0.056034,3.2105,3.2105,1,1,0.008550,0.00007310
1771742645.062232,26.350000,0.010000,0.008527,-0.024674,0.033537,1.9215,0.301626,-0.084434,-0.252317,0.006546,0.006546,0.3751,0.3751,1,1,0.008527,0.00007271
1771742645.072232,26.360000,0.010000,0.008513,-0.046078,0.031853,1.8250,0.650826,-0.083151,0.128288,0.098723,0.098723,5.6564,5.6564,1,1,0.008513,0.00007247
1771742645.082232,26.370000,0.010000,0.008376,-0.057745,0.032060,1.8369,0.823740,-0.078538,0.461318,-0.022074,-0.022074,-1.2647,-1.2647,1,1,0.008376,0.00007016
1771742645.092233,26.380000,0.010000,0.008277,-0.038857,0.031323,1.7947,0.459925,-0.077992,0.054587,-0.136091,-0.136091,-7.7975,-7.7975,1,1,0.008277,0.00006851
1771742645.102233,26.390000,0.010000,0.008166,-0.056941,0.030562,1.7511,0.748378,-0.081005,-0.301302,0.061983,0.061983,3.5514,3.5514,1,1,0.008166,0.00006669
1771742645.112233,26.400000,0.010000,0.008034,-0.047085,0.029904,1.7134,0.543173,-0.087132,-0.612705,0.041284,0.041284,2.3654,2.3654,1,1,0.008034,0.00006455
1771742645.122233,26.410000,0.010000,0.007867,-0.063268,0.029613,1.6967,0.797570,-0.095984,-0.885183,0.072346,0.072346,4.1451,4.1451,1,1,0.007867,0.00006189
1771742645.132233,26.420000,0.010000,0.007771,-0.032882,0.027800,1.5928,0.231654,-0.107220,-1.123601,0.004614,0.004614,0.2644,0.2644,1,1,0.007771,0.00006040
1771742645.142233,26.430000,0.010000,0.007687,-0.054693,0.025557,1.4643,0.586619,-0.115106,-0.788561,0.115140,0.115140,6.5970,6.5970,1,1,0.007687,0.00005909
1771742645.152233,26.440000,0.010000,0.007514,-0.058001,0.024599,1.4094,0.610593,-0.118515,-0.340925,0.033859,0.033859,1.9399,1.9399,1,1,0.007514,0.00005646
1771742645.162233,26.450000,0.010000,0.007327,-0.058359,0.023592,1.3517,0.582409,-0.118007,0.050757,0.041050,0.041050,2.3520,2.3520,1,1,0.007327,0.00005368
1771742645.172233,26.460000,0.010000,0.007100,-0.067248,0.022988,1.3171,0.704771,-0.114073,0.393478,0.050975,0.050975,2.9206,2.9206,1,1,0.007100,0.00005042
1771742645.182233,26.470000,0.010000,0.006876,-0.059546,0.022070,1.2645,0.534631,-0.107139,0.693359,-0.001018,-0.001018,-0.0583,-0.0583,1,1,0.006876,0.00004727
1771742645.192233,26.480000,0.010000,0.006614,-0.074414,0.021531,1.2336,0.764470,-0.097581,0.955755,-0.005945,-0.005945,-0.3406,-0.3406,1,1,0.006614,0.00004375
1771742645.202233,26.490000,0.010000,0.006315,-0.071734,0.021416,1.2271,0.689802,-0.085728,1.185351,-0.115455,-0.115455,-6.6151,-6.6151,1,1,0.006315,0.00003988
1771742645.212233,26.500000,0.010000,0.005976,-0.082824,0.021748,1.2460,0.855562,-0.077771,0.795673,-0.131535,-0.131535,-7.5364,-7.5364,1,1,0.005976,0.00003572
1771742645.222233,26.510000,0.010000,0.005669,-0.073710,0.021984,1.2596,0.750957,-0.074300,0.347148,-0.102163,-0.102163,-5.8535,-5.8535,1,1,0.005669,0.00003214
1771742645.232233,26.520000,0.010000,0.005328,-0.082653,0.022612,1.2956,0.885135,-0.067771,0.652821,0.004622,0.004622,0.2648,0.2648,1,1,0.005328,0.00002839
1771742645.242233,26.530000,0.010000,0.005003,-0.077955,0.023372,1.3391,0.853202,-0.058569,0.920284,-0.079516,-0.079516,-4.5559,-4.5559,1,1,0.005003,0.00002503
1771742645.252233,26.540000,0.010000,0.004661,-0.082302,0.024467,1.4018,0.933067,-0.047026,1.154314,-0.071150,-0.071150,-4.0766,-4.0766,1,1,0.004661,0.00002172
1771742645.262233,26.550000,0.010000,0.004330,-0.079355,0.025693,1.4721,0.924003,-0.040416,0.660959,-0.066083,-0.066083,-3.7863,-3.7863,1,1,0.004330,0.00001875
1771742645.272233,26.560000,0.010000,0.003991,-0.081258,0.027152,1.5557,0.970057,-0.031142,0.927405,-0.061437,-0.061437,-3.5201,-3.5201,1,1,0.003991,0.00001593
1771742645.282233,26.570000,0.010000,0.003655,-0.080665,0.028803,1.6503,0.989333,-0.023017,0.812505,-0.061674,-0.061674,-3.5336,-3.5336,1,1,0.003655,0.00001336
1771742645.292233,26.580000,0.010000,0.003321,-0.080237,0.030600,1.7532,1.004347,-0.015008,0.800832,-0.060980,-0.060980,-3.4939,-3.4939,1,1,0.003321,0.00001103
1771742645.302233,26.590000,0.010000,0.002988,-0.079813,0.032503,1.8623,1.014870,-0.006761,0.824793,-0.050235,-0.050235,-2.8783,-2.8783,1,1,0.002988,0.00000893
1771742645.312232,26.600000,0.010000,0.002658,-0.079300,0.034476,1.9754,1.021604,-0.003034,0.372628,-0.031179,-0.031179,-1.7864,-1.7864,1,1,0.002658,0.00000707
1771742645.322232,26.610000,0.010000,0.002343,-0.076567,0.036348,2.0826,0.993369,-0.003264,-0.023016,-0.095524,-0.095524,-5.4731,-5.4731,1,1,0.002343,0.00000549
1771742645.332232,26.620000,0.010000,0.002045,-0.075219,0.038126,2.1844,0.996145,-0.006957,-0.369205,-0.056665,-0.056665,-3.2467,-3.2467,1,1,0.002045,0.00000418
1771742645.342233,26.630000,0.010000,0.001784,-0.067991,0.039499,2.2631,0.899235,-0.013678,-0.672120,-0.026300,-0.026300,-1.5069,-1.5069,1,1,0.001784,0.00000318
1771742645.352233,26.640000,0.010000,0.001551,-0.067802,0.040679,2.3308,0.933202,-0.023049,-0.937171,0.042926,0.042926,2.4595,2.4595,1,1,0.001551,0.00000240
1771742645.362233,26.650000,0.010000,0.001349,-0.061098,0.041637,2.3856,0.854344,-0.027759,-0.470959,0.052516,0.052516,3.0089,3.0089,1,1,0.001349,0.00000182
1771742645.372233,26.660000,0.010000,0.001172,-0.061055,0.042507,2.4354,0.898441,-0.034229,-0.646960,0.021565,0.021565,1.2356,1.2356,1,1,0.001172,0.00000137
1771742645.382233,26.670000,0.010000,0.001035,-0.052311,0.043063,2.4673,0.789370,-0.038844,-0.461518,0.017733,0.017733,1.0160,1.0160,1,1,0.001035,0.00000107
1771742645.392233,26.680000,0.010000,0.000926,-0.053007,0.043510,2.4929,0.852020,-0.042249,-0.340493,0.020699,0.020699,1.1859,1.1859,1,1,0.000926,0.00000086
1771742645.402233,26.690000,0.010000,0.000839,-0.048108,0.044013,2.5217,0.815908,-0.044647,-0.239859,-0.016683,-0.016683,-0.9558,-0.9558,1,1,0.000839,0.00000070
1771742645.412233,26.700000,0.010000,0.000772,-0.047866,0.044597,2.5552,0.865104,-0.046776,-0.212830,-0.037379,-0.037379,-2.1416,-2.1416,1,1,0.000772,0.00000060
1771742645.422233,26.710000,0.010000,0.000751,-0.037535,0.044799,2.5668,0.734589,-0.048551,-0.177551,-0.069966,-0.069966,-4.0087,-4.0087,1,1,0.000751,0.00000056
1771742645.432233,26.720000,0.010000,0.000762,-0.038817,0.044891,2.5721,0.813255,-0.048762,-0.021055,-0.067851,-0.067851,-3.8876,-3.8876,1,1,0.000762,0.00000058
1771742645.442233,26.730000,0.010000,0.000773,-0.038563,0.045461,2.6048,0.864444,-0.046564,0.219778,-0.135290,-0.135290,-7.7516,-7.7516,1,1,0.000773,0.00000060
1771742645.452233,26.740000,0.010000,0.000831,-0.027980,0.045647,2.6154,0.730844,-0.048131,-0.156760,-0.227365,-0.227365,-13.0271,-13.0271,1,1,0.000831,0.00000069
1771742645.462233,26.750000,0.010000,0.000920,-0.029438,0.045732,2.6202,0.813318,-0.049198,-0.106666,-0.132357,-0.132357,-7.5835,-7.5835,1,1,0.000920,0.00000085
1771742645.472233,26.760000,0.010000,0.001012,-0.028430,0.046254,2.6502,0.850818,-0.046641,0.255733,-0.167152,-0.167152,-9.5771,-9.5771,1,1,0.001012,0.00000102
1771742645.482233,26.770000,0.010000,0.001127,-0.024085,0.046812,2.6821,0.828349,-0.040912,0.572832,-0.280591,-0.280591,-16.0767,-16.0767,1,1,0.001127,0.00000127
1771742645.492233,26.780000,0.010000,0.001259,-0.024080,0.047533,2.7234,0.883564,-0.032410,0.850294,-0.341776,-0.341776,-19.5823,-19.5823,1,1,0.001259,0.00000158
1771742645.502233,26.790000,0.010000,0.001399,-0.022544,0.048558,2.7822,0.911120,-0.025663,0.674684,-0.356882,-0.356882,-20.4478,-20.4478,1,1,0.001399,0.00000196
1771742645.512233,26.800000,0.010000,0.001563,-0.018698,0.049629,2.8435,0.897441,-0.020238,0.542443,-0.357880,-0.357880,-20.5050,-20.5050,1,1,0.001563,0.00000244
1771742645.522233,26.810000,0.010000,0.001744,-0.017953,0.050840,2.9129,0.939434,-0.015121,0.511710,-0.352774,-0.352774,-20.2125,-20.2125,1,1,0.001744,0.00000304
1771742645.532233,26.820000,0.010000,0.001959,-0.011062,0.051917,2.9746,0.871467,-0.014134,0.098681,-0.352559,-0.352559,-20.2001,-20.2001,1,1,0.001959,0.00000384
1771742645.542233,26.830000,0.010000,0.002196,-0.011520,0.053038,3.0389,0.933010,-0.016762,-0.262720,-0.323917,-0.323917,-18.5591,-18.5591,1,1,0.002196,0.00000482
1771742645.552233,26.840000,0.010000,0.002462,-0.004662,0.053775,3.0811,0.788732,-0.022551,-0.578946,-0.287642,-0.287642,-16.4807,-16.4807,1,1,0.002462,0.00000606
1771742645.562232,26.850000,0.010000,0.002739,-0.007317,0.054463,3.1205,0.889238,-0.028214,-0.566251,-0.232323,-0.232323,-13.3111,-13.3111,1,1,0.002739,0.00000750
1771742645.572232,26.860000,0.010000,0.003038,0.000013,0.054746,3.1367,0.707405,-0.036659,-0.844535,-0.237449,-0.237449,-13.6048,-13.6048,1,1,0.003038,0.00000923
1771742645.582232,26.870000,0.010000,0.003337,-0.005071,0.055014,3.1521,0.847341,-0.047539,-1.088034,-0.131596,-0.131596,-7.5399,-7.5399,1,1,0.003337,0.00001114
1771742645.592233,26.880000,0.010000,0.003642,0.000011,0.054727,3.1356,0.597274,-0.058141,-1.060217,-0.079036,-0.079036,-4.5284,-4.5284,1,1,0.003642,0.00001326
1771742645.602233,26.890000,0.010000,0.003922,-0.008117,0.054398,3.1168,0.785895,-0.070909,-1.276756,-0.065693,-0.065693,-3.7639,-3.7639,1,1,0.003922,0.00001538
1771742645.612233,26.900000,0.010000,0.004215,0.001535,0.053216,3.0491,0.425651,-0.085571,-1.466227,0.020267,0.020267,1.1612,1.1612,1,1,0.004215,0.00001776
1771742645.622233,26.910000,0.010000,0.004480,-0.010799,0.051900,2.9737,0.681972,-0.101891,-1.632015,0.015285,0.015285,0.8758,0.8758,1,1,0.004480,0.00002007
1771742645.632233,26.920000,0.010000,0.004753,0.000925,0.049779,2.8521,0.278942,-0.119662,-1.777079,0.095551,0.095551,5.4747,5.4747,1,1,0.004753,0.00002259
1771742645.642233,26.930000,0.010000,0.004989,-0.015119,0.047610,2.7278,0.591549,-0.138702,-1.904010,0.098294,0.098294,5.6318,5.6318,1,1,0.004989,0.00002489
1771742645.652233,26.940000,0.010000,0.005245,0.002638,0.044331,2.5400,0.070623,-0.158853,-2.015074,0.072185,0.072185,4.1359,4.1359,1,1,0.005245,0.00002751
1771742645.662233,26.950000,0.010000,0.005464,-0.018263,0.040914,2.3442,0.457720,-0.179976,-2.112256,0.096143,0.096143,5.5086,5.5086,1,1,0.005464,0.00002985
1771742645.672233,26.960000,0.010000,0.005687,0.000001,0.036733,2.1046,-0.039736,-0.197968,-1.799263,0.052390,0.052390,3.0017,3.0017,1,1,0.005687,0.00003235
1771742645.682233,26.970000,0.010000,0.005864,-0.023961,0.032662,1.8714,0.386860,-0.210221,-1.225289,0.057486,0.057486,3.2937,3.2937,1,1,0.005864,0.00003439
1771742645.692233,26.980000,0.010000,0.006059,0.000001,0.028026,1.6058,-0.091870,-0.217452,-0.723062,0.053968,0.053968,3.0922,3.0922,1,1,0.006059,0.00003672
1771742645.702233,26.990000,0.010000,0.006224,-0.025847,0.023648,1.3549,0.352321,-0.220288,-0.283614,0.046318,0.046318,2.6538,2.6538,1,1,0.006224,0.00003874
1771742645.712233,27.000000,0.010000,0.006369,-0.009419,0.019437,1.1136,0.038875,-0.219279,0.100904,0.083681,0.083681,4.7945,4.7945,1,1,0.006369,0.00004056
1771742645.722233,27.010000,0.010000,0.006469,-0.033129,0.015789,0.9046,0.428875,-0.214905,0.437357,0.046097,0.046097,2.6412,2.6412,1,1,0.006469,0.00004185
1771742645.732233,27.020000,0.010000,0.006556,-0.016341,0.012065,0.6913,0.095130,-0.207588,0.731753,0.126878,0.126878,7.2696,7.2696,1,1,0.006556,0.00004298
1771742645.742233,27.030000,0.010000,0.006603,-0.039409,0.008733,0.5003,0.460866,-0.197694,0.989350,0.067336,0.067336,3.8581,3.8581,1,1,0.006603,0.00004360
1771742645.752233,27.040000,0.010000,0.006581,-0.036590,0.006214,0.3560,0.361896,-0.185547,1.214747,0.135460,0.135460,7.7613,7.7613,1,1,0.006581,0.00004331
1771742645.762233,27.050000,0.010000,0.006490,-0.054688,0.004470,0.2561,0.629261,-0.171427,1.411969,0.104648,0.104648,5.9959,5.9959,1,1,0.006490,0.00004213
1771742645.772233,27.060000,0.010000,0.006378,-0.044772,0.002645,0.1515,0.398243,-0.155582,1.584539,0.129553,0.129553,7.4228,7.4228,1,1,0.006378,0.00004068
1771742645.782233,27.070000,0.010000,0.006226,-0.061983,0.001078,0.0618,0.646227,-0.138226,1.735538,0.092708,0.092708,5.3118,5.3118,1,1,0.006226,0.00003876
1771742645.792233,27.080000,0.010000,0.005962,-0.074126,0.000974,0.0558,0.802035,-0.119550,1.867661,0.052022,0.052022,2.9806,2.9806,1,1,0.005962,0.00003555
1771742645.802233,27.090000,0.010000,0.005664,-0.072226,0.001003,0.0575,0.710232,-0.099717,1.983269,0.065446,0.065446,3.7498,3.7498,1,1,0.005664,0.00003208
1771742645.812232,27.100000,0.010000,0.005327,-0.082450,0.001241,0.0711,0.836372,-0.080067,1.965038,0.048563,0.048563,2.7825,2.7825,1,1,0.005327,0.00002838
1771742645.822232,27.110000,0.010000,0.004980,-0.083303,0.001872,0.1072,0.877270,-0.063312,1.675437,0.110164,0.110164,6.3119,6.3119,1,1,0.004980,0.00002480
1771742645.832232,27.120000,0.010000,0.004635,-0.082742,0.002710,0.1553,0.898373,-0.049608,1.370380,0.117498,0.117498,6.7322,6.7322,1,1,0.004635,0.00002148
1771742645.842233,27.130000,0.010000,0.004292,-0.082271,0.003694,0.2116,0.912815,-0.034127,1.548148,0.122146,0.122146,6.9985,6.9985,1,1,0.004292,0.00001842
1771742645.852233,27.140000,0.010000,0.003951,-0.081866,0.004775,0.2736,0.922235,-0.024071,1.005564,0.187115,0.187115,10.7209,10.7209,1,1,0.003951,0.00001561
1771742645.862233,27.150000,0.010000,0.003611,-0.081510,0.005920,0.3392,0.927853,-0.011782,1.228934,0.161666,0.161666,9.2628,9.2628,1,1,0.003611,0.00001304
1771742645.872233,27.160000,0.010000,0.003273,-0.081191,0.007101,0.4068,0.930584,-0.001892,0.988981,0.210459,0.210459,12.0584,12.0584,1,1,0.003273,0.00001071
1771742645.882233,27.170000,0.010000,0.002936,-0.080899,0.008297,0.4754,0.931109,0.010252,1.214424,0.209824,0.209824,12.0220,12.0220,1,1,0.002936,0.00000862
1771742645.892233,27.180000,0.010000,0.002600,-0.080627,0.009493,0.5439,0.929935,0.022052,1.179952,0.289181,0.289181,16.5689,16.5689,1,1,0.002600,0.00000676
1771742645.902233,27.190000,0.010000,0.002265,-0.080370,0.010677,0.6117,0.927441,0.035489,1.343762,0.308013,0.308013,17.6478,17.6478,1,1,0.002265,0.00000513
1771742645.912233,27.200000,0.010000,0.001931,-0.080124,0.011839,0.6783,0.923907,0.043756,0.826725,0.338808,0.338808,19.4123,19.4123,1,1,0.001931,0.00000373
1771742645.922233,27.210000,0.010000,0.001598,-0.079886,0.012973,0.7433,0.919543,0.047500,0.374319,0.290148,0.290148,16.6242,16.6242,1,1,0.001598,0.00000255
1771742645.932233,27.220000,0.010000,0.001268,-0.079512,0.014064,0.8058,0.913732,0.049743,0.224326,0.235580,0.235580,13.4977,13.4977,1,1,0.001268,0.00000161
1771742645.942233,27.230000,0.010000,0.000941,-0.078875,0.015096,0.8649,0.906089,0.049595,-0.014746,0.232292,0.232292,13.3093,13.3093,1,1,0.000941,0.00000089
1771742645.952233,27.240000,0.010000,0.000623,-0.077827,0.016049,0.9195,0.896217,0.052957,0.336163,0.247377,0.247377,14.1737,14.1737,1,1,0.000623,0.00000039
1771742645.962233,27.250000,0.010000,0.000316,-0.076443,0.016910,0.9689,0.885035,0.059389,0.643208,0.242358,0.242358,13.8861,13.8861,1,1,0.000316,0.00000010
1771742645.972233,27.260000,0.010000,0.000022,-0.074779,0.017673,1.0126,0.873166,0.067234,0.784465,0.290672,0.290672,16.6543,16.6543,1,1,0.000022,0.00000000
1771742645.982233,27.270000,0.010000,-0.000256,-0.072866,0.018334,1.0505,0.860919,0.077589,1.035473,0.308097,0.308097,17.6527,17.6527,1,1,0.000256,0.00000007
1771742645.992233,27.280000,0.010000,-0.000517,-0.070739,0.018893,1.0825,0.848581,0.088098,1.050973,0.330225,0.330225,18.9205,18.9205,1,1,0.000517,0.00000027
1771742646.002233,27.290000,0.010000,-0.000759,-0.068430,0.019350,1.1087,0.836406,0.100785,1.268667,0.322596,0.322596,18.4834,18.4834,1,1,0.000759,0.00000058
1771742646.012233,27.300000,0.010000,-0.000981,-0.065969,0.019707,1.1291,0.824574,0.114415,1.362991,0.318954,0.318954,18.2747,18.2747,1,1,0.000981,0.00000096
1771742646.022233,27.310000,0.010000,-0.001182,-0.063385,0.019970,1.1442,0.813242,0.129832,1.541683,0.297570,0.297570,17.0495,17.0495,1,1,0.001182,0.00000140
1771742646.032233,27.320000,0.010000,-0.001420,-0.067032,0.021205,1.2150,0.916481,0.146812,1.698039,0.250499,0.250499,14.3525,14.3525,1,1,0.001420,0.00000202
1771742646.042233,27.330000,0.010000,-0.001613,-0.061947,0.021986,1.2597,0.866853,0.165161,1.834850,0.173661,0.173661,9.9500,9.9500,1,1,0.001613,0.00000260
1771742646.052233,27.340000,0.010000,-0.001902,-0.071799,0.024843,1.4234,1.088527,0.180784,1.562339,0.019542,0.019542,1.1197,1.1197,1,1,0.001902,0.00000362
1771742646.062232,27.350000,0.010000,-0.002108,-0.062545,0.026640,1.5264,0.974224,0.190964,1.017981,-0.232793,-0.232793,-13.3380,-13.3380,1,1,0.002108,0.00000445
1771742646.072232,27.360000,0.010000,-0.002281,-0.058524,0.028296,1.6213,0.958508,0.196380,0.541667,-0.189052,-0.189052,-10.8319,-10.8319,1,1,0.002281,0.00000520
1771742646.082232,27.370000,0.010000,-0.002466,-0.059356,0.030659,1.7567,1.033829,0.202755,0.637462,-0.216167,-0.216167,-12.3855,-12.3855,1,1,0.002466,0.00000608
1771742646.092233,27.380000,0.010000,-0.002569,-0.050150,0.032101,1.8392,0.934696,0.207705,0.495038,-0.265920,-0.265920,-15.2361,-15.2361,1,1,0.002569,0.00000660
1771742646.102233,27.390000,0.010000,-0.002761,-0.059222,0.035697,2.0453,1.165707,0.215528,0.782224,-0.218899,-0.218899,-12.5420,-12.5420,1,1,0.002761,0.00000762
1771742646.112233,27.400000,0.010000,-0.002843,-0.046886,0.037942,2.1739,1.020889,0.225863,1.033512,-0.359609,-0.359609,-20.6041,-20.6041,1,1,0.002843,0.00000808
1771742646.122233,27.410000,0.010000,-0.002950,-0.049096,0.041296,2.3661,1.140204,0.238397,1.253389,-0.331364,-0.331364,-18.9858,-18.9858,1,1,0.002950,0.00000871
1771742646.132233,27.420000,0.010000,-0.002949,-0.036834,0.043404,2.4869,1.007026,0.248922,1.052488,-0.393848,-0.393848,-22.5658,-22.5658,1,1,0.002949,0.00000869
1771742646.142233,27.430000,0.010000,-0.003058,-0.048306,0.048242,2.7640,1.300684,0.257676,0.875400,-0.367766,-0.367766,-21.0714,-21.0714,1,1,0.003058,0.00000935
1771742646.152233,27.440000,0.010000,-0.003028,-0.032614,0.051362,2.9428,1.117442,0.262662,0.498675,-0.417374,-0.417374,-23.9138,-23.9138,1,1,0.003028,0.00000917
1771742646.162233,27.450000,0.010000,-0.002916,-0.023366,0.053878,3.0870,1.053923,0.263535,0.087274,-0.404700,-0.404700,-23.1876,-23.1876,1,1,0.002916,0.00000851
1771742646.172233,27.460000,0.010000,-0.002804,-0.022673,0.057235,3.2793,1.145848,0.260808,-0.272701,-0.394740,-0.394740,-22.6169,-22.6169,1,1,0.002804,0.00000786
1771742646.182233,27.470000,0.010000,-0.002580,-0.010176,0.059506,3.4094,1.031118,0.254931,-0.587679,-0.394389,-0.394389,-22.5968,-22.5968,1,1,0.002580,0.00000666
1771742646.192233,27.480000,0.010000,-0.002299,-0.003484,0.061669,3.5334,1.021793,0.246298,-0.863285,-0.359752,-0.359752,-20.6123,-20.6123,1,1,0.002299,0.00000529
1771742646.202233,27.490000,0.010000,-0.001960,-0.000001,0.063421,3.6338,0.999884,0.235254,-1.104440,-0.331601,-0.331601,-18.9993,-18.9993,1,1,0.001960,0.00000384
1771742646.212233,27.500000,0.010000,-0.001609,0.000000,0.065168,3.7339,1.012225,0.222100,-1.315451,-0.272734,-0.272734,-15.6265,-15.6265,1,1,0.001609,0.00000259
1771742646.222233,27.510000,0.010000,-0.001258,0.000002,0.067034,3.8408,1.026764,0.207099,-1.500085,-0.235126,-0.235126,-13.4717,-13.4717,1,1,0.001258,0.00000158
1771742646.232233,27.520000,0.010000,-0.000907,0.000003,0.069036,3.9555,1.043144,0.190482,-1.661641,-0.206859,-0.206859,-11.8522,-11.8522,1,1,0.000907,0.00000082
1771742646.242233,27.530000,0.010000,-0.000557,0.000005,0.071185,4.0786,1.061104,0.172452,-1.803001,-0.169006,-0.169006,-9.6833,-9.6833,1,1,0.000557,0.00000031
1771742646.252233,27.540000,0.010000,-0.000207,0.000007,0.073496,4.2110,1.080459,0.153185,-1.926692,-0.152902,-0.152902,-8.7606,-8.7606,1,1,0.000207,0.00000004
1771742646.262233,27.550000,0.010000,0.000143,0.000008,0.075976,4.3531,1.101079,0.132836,-2.034921,-0.181747,-0.181747,-10.4133,-10.4133,1,1,0.000143,0.00000002
1771742646.272233,27.560000,0.010000,0.000492,0.000010,0.078638,4.5056,1.122874,0.111540,-2.129622,-0.202534,-0.202534,-11.6043,-11.6043,1,1,0.000492,0.00000024
1771742646.282233,27.570000,0.010000,0.000841,0.000012,0.081489,4.6690,1.145790,0.089415,-2.212485,-0.201315,-0.201315,-11.5345,-11.5345,1,1,0.000841,0.00000071
1771742646.292233,27.580000,0.010000,0.001191,0.000013,0.084161,4.8221,1.078862,0.066565,-2.284990,-0.191290,-0.191290,-10.9601,-10.9601,1,1,0.001191,0.00000142
1771742646.302233,27.590000,0.010000,0.001536,0.000012,0.086098,4.9331,0.951404,0.043081,-2.348432,-0.164019,-0.164019,-9.3976,-9.3976,1,1,0.001536,0.00000236
1771742646.312232,27.600000,0.010000,0.001874,0.000013,0.087360,5.0054,0.887228,0.019041,-2.403944,-0.137811,-0.137811,-7.8960,-7.8960,1,1,0.001874,0.00000351
1771742646.322232,27.610000,0.010000,0.002209,0.000011,0.087893,5.0359,0.759826,-0.005484,-2.452517,-0.075712,-0.075712,-4.3380,-4.3380,1,1,0.002209,0.00000488
1771742646.332232,27.620000,0.010000,0.002536,0.000011,0.087763,5.0285,0.699417,-0.030434,-2.495018,-0.053808,-0.053808,-3.0829,-3.0829,1,1,0.002536,0.00000643
1771742646.342233,27.630000,0.010000,0.002859,0.000009,0.086917,4.9800,0.572709,-0.055756,-2.532207,-0.042374,-0.042374,-2.4279,-2.4279,1,1,0.002859,0.00000818
1771742646.352233,27.640000,0.010000,0.003176,0.000009,0.085522,4.9001,0.540256,-0.078177,-2.242121,-0.052948,-0.052948,-3.0337,-3.0337,1,1,0.003176,0.00001009
1771742646.362233,27.650000,0.010000,0.003490,0.000008,0.083700,4.7956,0.461126,-0.094305,-1.612790,-0.048161,-0.048161,-2.7594,-2.7594,1,1,0.003490,0.00001218
1771742646.372233,27.660000,0.010000,0.003799,0.000009,0.081671,4.6794,0.472914,-0.104926,-1.062126,-0.085421,-0.085421,-4.8942,-4.8942,1,1,0.003799,0.00001443
1771742646.382233,27.670000,0.010000,0.004108,0.000008,0.079499,4.5550,0.426702,-0.110923,-0.599695,-0.107423,-0.107423,-6.1549,-6.1549,1,1,0.004108,0.00001687
1771742646.392233,27.680000,0.010000,0.004413,0.000009,0.077157,4.4208,0.420964,-0.119661,-0.873799,-0.132420,-0.132420,-7.5871,-7.5871,1,1,0.004413,0.00001948
1771742646.402233,27.690000,0.010000,0.004717,0.000008,0.074565,4.2723,0.363260,-0.130020,-1.035904,-0.088753,-0.088753,-5.0852,-5.0852,1,1,0.004717,0.00002225
1771742646.412233,27.700000,0.010000,0.005017,0.000008,0.071820,4.1150,0.371053,-0.138932,-0.891182,-0.051787,-0.051787,-2.9672,-2.9672,1,1,0.005017,0.00002517
1771742646.422233,27.710000,0.010000,0.005316,0.000007,0.068938,3.9499,0.330090,-0.145477,-0.654478,-0.042479,-0.042479,-2.4339,-2.4339,1,1,0.005316,0.00002826
1771742646.432233,27.720000,0.010000,0.005612,-0.000059,0.066098,3.7871,0.371077,-0.147795,-0.231770,-0.035555,-0.035555,-2.0371,-2.0371,1,1,0.005612,0.00003150
1771742646.442233,27.730000,0.010000,0.005908,0.000009,0.063325,3.6283,0.352282,-0.146547,0.124800,-0.062749,-0.062749,-3.5952,-3.5952,1,1,0.005908,0.00003491
1771742646.452233,27.740000,0.010000,0.006192,-0.002668,0.060854,3.4867,0.437854,-0.141964,0.458266,-0.080389,-0.080389,-4.6059,-4.6059,1,1,0.006192,0.00003834
1771742646.462233,27.750000,0.010000,0.006478,0.000008,0.058443,3.3485,0.380656,-0.134464,0.750049,-0.145978,-0.145978,-8.3639,-8.3639,1,1,0.006478,0.00004196
1771742646.472233,27.760000,0.010000,0.006721,-0.012108,0.056847,3.2571,0.620486,-0.124410,1.005358,-0.173430,-0.173430,-9.9368,-9.9368,1,1,0.006721,0.00004517
1771742646.482233,27.770000,0.010000,0.006973,0.000008,0.054689,3.1335,0.289238,-0.115477,0.893280,-0.314029,-0.314029,-17.9925,-17.9925,1,1,0.006973,0.00004862
1771742646.492233,27.780000,0.010000,0.007182,-0.018954,0.052885,3.0301,0.640437,-0.107063,0.841451,-0.156448,-0.156448,-8.9638,-8.9638,1,1,0.007182,0.00005157
1771742646.502233,27.790000,0.010000,0.007395,-0.002071,0.051054,2.9252,0.347669,-0.103191,0.387204,-0.308413,-0.308413,-17.6708,-17.6708,1,1,0.007395,0.00005469
1771742646.512233,27.800000,0.010000,0.007589,-0.020599,0.049634,2.8438,0.681748,-0.103293,-0.010263,-0.116522,-0.116522,-6.6762,-6.6762,1,1,0.007589,0.00005759
1771742646.522233,27.810000,0.010000,0.007805,0.000006,0.047623,2.7286,0.267361,-0.106874,-0.358046,-0.092694,-0.092694,-5.3110,-5.3110,1,1,0.007805,0.00006091
1771742646.532233,27.820000,0.010000,0.008001,-0.020720,0.045738,2.6206,0.632050,-0.106516,0.035776,0.033007,0.033007,1.8912,1.8912,1,1,0.008001,0.00006402
1771742646.542233,27.830000,0.010000,0.008172,-0.009768,0.044262,2.5360,0.432803,-0.102712,0.380370,-0.077852,-0.077852,-4.4606,-4.4606,1,1,0.008172,0.00006678
1771742646.552233,27.840000,0.010000,0.008303,-0.027914,0.043409,2.4872,0.742792,-0.095893,0.681889,-0.119492,-0.119492,-6.8464,-6.8464,1,1,0.008303,0.00006894
1771742646.562232,27.850000,0.010000,0.008455,-0.007694,0.042076,2.4108,0.374322,-0.088351,0.754232,-0.280439,-0.280439,-16.0679,-16.0679,1,1,0.008455,0.00007149
1771742646.572232,27.860000,0.010000,0.008594,-0.027413,0.040886,2.3426,0.706676,-0.085151,0.320027,-0.161216,-0.161216,-9.2370,-9.2370,1,1,0.008594,0.00007385
1771742646.582232,27.870000,0.010000,0.008702,-0.018080,0.040054,2.2949,0.523474,-0.084556,0.059523,-0.199809,-0.199809,-11.4482,-11.4482,1,1,0.008702,0.00007573
1771742646.592233,27.880000,0.010000,0.008770,-0.035334,0.039792,2.2799,0.806222,-0.087525,-0.296983,-0.091280,-0.091280,-5.2300,-5.2300,1,1,0.008770,0.00007691
1771742646.602233,27.890000,0.010000,0.008907,-0.004257,0.038049,2.1801,0.224414,-0.093615,-0.608926,-0.039271,-0.039271,-2.2501,-2.2501,1,1,0.008907,0.00007934
1771742646.612233,27.900000,0.010000,0.009051,-0.027568,0.035970,2.0609,0.611145,-0.102433,-0.881876,0.083784,0.083784,4.8005,4.8005,1,1,0.009051,0.00008192
1771742646.622233,27.910000,0.010000,0.009134,-0.022481,0.034708,1.9886,0.492630,-0.109185,-0.675186,0.016047,0.016047,0.9194,0.9194,1,1,0.009134,0.00008343
1771742646.632233,27.920000,0.010000,0.009187,-0.033656,0.033732,1.9327,0.657502,-0.118584,-0.939853,0.033338,0.033338,1.9101,1.9101,1,1,0.009187,0.00008440
1771742646.642233,27.930000,0.010000,0.009286,-0.013102,0.031661,1.8140,0.263214,-0.123317,-0.473306,0.023174,0.023174,1.3278,1.3278,1,1,0.009286,0.00008623
1771742646.652233,27.940000,0.010000,0.009356,-0.036338,0.029821,1.7086,0.635665,-0.123968,-0.065077,0.096498,0.096498,5.5289,5.5289,1,1,0.009356,0.00008753
1771742646.662233,27.950000,0.010000,0.009396,-0.024040,0.028159,1.6134,0.379084,-0.121046,0.292124,0.023450,0.023450,1.3436,1.3436,1,1,0.009396,0.00008829
1771742646.672233,27.960000,0.010000,0.009388,-0.045304,0.027019,1.5481,0.709816,-0.115647,0.539924,0.034047,0.034047,1.9508,1.9508,1,1,0.009388,0.00008813
1771742646.682233,27.970000,0.010000,0.009385,-0.026183,0.025390,1.4548,0.328605,-0.114413,0.123368,-0.095344,-0.095344,-5.4628,-5.4628,1,1,0.009385,0.00008808
1771742646.692233,27.980000,0.010000,0.009352,-0.048458,0.023921,1.3706,0.673485,-0.116825,-0.241119,0.071373,0.071373,4.0894,4.0894,1,1,0.009352,0.00008746
1771742646.702233,27.990000,0.010000,0.009306,-0.033055,0.022267,1.2758,0.353368,-0.122374,-0.554893,0.025934,0.025934,1.4859,1.4859,1,1,0.009306,0.00008660
1771742646.712233,28.000000,0.010000,0.009219,-0.054823,0.020918,1.1985,0.685181,-0.130720,-0.834597,0.079985,0.079985,4.5828,4.5828,1,1,0.009219,0.00008499
1771742646.722233,28.010000,0.010000,0.009151,-0.032033,0.018782,1.0761,0.231959,-0.134532,-0.381207,0.039546,0.039546,2.2658,2.2658,1,1,0.009151,0.00008374
1771742646.732233,28.020000,0.010000,0.009059,-0.055979,0.016647,0.9538,0.599197,-0.134377,0.015510,0.088231,0.088231,5.0553,5.0553,1,1,0.009059,0.00008207
1771742646.742233,28.030000,0.010000,0.008890,-0.054560,0.015387,0.8816,0.515966,-0.130750,0.362637,0.054711,0.054711,3.1347,3.1347,1,1,0.008890,0.00007902
1771742646.752233,28.040000,0.010000,0.008647,-0.072770,0.014930,0.8554,0.777228,-0.124086,0.666373,0.062241,0.062241,3.5662,3.5662,1,1,0.008647,0.00007476
1771742646.762233,28.050000,0.010000,0.008431,-0.051864,0.013570,0.7775,0.359356,-0.114765,0.932143,-0.007573,-0.007573,-0.4339,-0.4339,1,1,0.008431,0.00007107
1771742646.772233,28.060000,0.010000,0.008195,-0.072502,0.012091,0.6928,0.665850,-0.103118,1.164691,0.073593,0.073593,4.2166,4.2166,1,1,0.008195,0.00006716
1771742646.782233,28.070000,0.010000,0.007838,-0.085714,0.012373,0.7089,0.853381,-0.089436,1.368170,-0.083914,-0.083914,-4.8079,-4.8079,1,1,0.007838,0.00006143
1771742646.792233,28.080000,0.010000,0.007492,-0.083000,0.013120,0.7517,0.886464,-0.075326,1.411081,-0.064896,-0.064896,-3.7183,-3.7183,1,1,0.007492,0.00005613
1771742646.802233,28.090000,0.010000,0.007151,-0.081864,0.014163,0.8115,0.913130,-0.061654,1.367160,-0.054134,-0.054134,-3.1016,-3.1016,1,1,0.007151,0.00005113
1771742646.812232,28.100000,0.010000,0.006816,-0.080410,0.015349,0.8794,0.918851,-0.053182,0.847199,-0.026769,-0.026769,-1.5337,-1.5337,1,1,0.006816,0.00004645
1771742646.822232,28.110000,0.010000,0.006470,-0.083016,0.016843,0.9651,0.980051,-0.042278,1.090365,-0.036543,-0.036543,-2.0938,-2.0938,1,1,0.006470,0.00004186
1771742646.832232,28.120000,0.010000,0.006134,-0.080680,0.018474,1.0585,0.977221,-0.033752,0.852650,-0.014167,-0.014167,-0.8117,-0.8117,1,1,0.006134,0.00003762
1771742646.842233,28.130000,0.010000,0.005792,-0.082036,0.020309,1.1636,1.015242,-0.022800,1.095135,-0.029099,-0.029099,-1.6672,-1.6672,1,1,0.005792,0.00003354
1771742646.852233,28.140000,0.010000,0.005452,-0.081537,0.022317,1.2787,1.033013,-0.015007,0.779331,0.036055,0.036055,2.0658,2.0658,1,1,0.005452,0.00002972
1771742646.862233,28.150000,0.010000,0.005114,-0.081099,0.024453,1.4011,1.046210,-0.004697,1.030981,-0.018078,-0.018078,-1.0358,-1.0358,1,1,0.005114,0.00002615
1771742646.872233,28.160000,0.010000,0.004778,-0.080705,0.026687,1.5290,1.055988,0.002729,0.742605,0.070270,0.070270,4.0262,4.0262,1,1,0.004778,0.00002283
1771742646.882233,28.170000,0.010000,0.004443,-0.080343,0.028993,1.6612,1.063215,0.010168,0.743910,0.004680,0.004680,0.2681,0.2681,1,1,0.004443,0.00001974
1771742646.892233,28.180000,0.010000,0.004109,-0.080005,0.031356,1.7965,1.068537,0.013186,0.301855,0.020640,0.020640,1.1826,1.1826,1,1,0.004109,0.00001689
1771742646.902233,28.190000,0.010000,0.003777,-0.079683,0.033760,1.9343,1.072442,0.019318,0.613189,-0.070560,-0.070560,-4.0428,-4.0428,1,1,0.003777,0.00001427
1771742646.912233,28.200000,0.010000,0.003448,-0.079198,0.036189,2.0735,1.074350,0.021193,0.187475,-0.000462,-0.000462,-0.0265,-0.0265,1,1,0.003448,0.00001189
1771742646.922233,28.210000,0.010000,0.003126,-0.078273,0.038613,2.2124,1.073258,0.019343,-0.185026,-0.093646,-0.093646,-5.3655,-5.3655,1,1,0.003126,0.00000977
1771742646.932233,28.220000,0.010000,0.002826,-0.073985,0.040798,2.3376,1.019304,0.014233,-0.510963,-0.113674,-0.113674,-6.5131,-6.5131,1,1,0.002826,0.00000799
1771742646.942233,28.230000,0.010000,0.002547,-0.073047,0.042845,2.4548,1.031472,0.009108,-0.512526,-0.065576,-0.065576,-3.7572,-3.7572,1,1,0.002547,0.00000649
1771742646.952233,28.240000,0.010000,0.002302,-0.066464,0.044575,2.5540,0.948449,0.003401,-0.570638,-0.085135,-0.085135,-4.8779,-4.8779,1,1,0.002302,0.00000530
1771742646.962233,28.250000,0.010000,0.002083,-0.066004,0.046153,2.6444,0.980074,0.001205,-0.219604,-0.054446,-0.054446,-3.1195,-3.1195,1,1,0.002083,0.00000434
1771742646.972233,28.260000,0.010000,0.001883,-0.062484,0.047751,2.7359,0.961356,-0.002583,-0.378801,-0.149919,-0.149919,-8.5897,-8.5897,1,1,0.001883,0.00000354
1771742646.982233,28.270000,0.010000,0.001703,-0.061041,0.049376,2.8290,0.984198,-0.002406,0.017615,-0.130448,-0.130448,-7.4741,-7.4741,1,1,0.001703,0.00000290
1771742646.992233,28.280000,0.010000,0.001564,-0.053441,0.050725,2.9063,0.900860,-0.004365,-0.195889,-0.225407,-0.225407,-12.9149,-12.9149,1,1,0.001564,0.00000244
1771742647.002233,28.290000,0.010000,0.001456,-0.052621,0.051966,2.9774,0.942520,-0.002589,0.177663,-0.190707,-0.190707,-10.9267,-10.9267,1,1,0.001456,0.00000212
1771742647.012233,28.300000,0.010000,0.001361,-0.050783,0.053454,3.0627,0.968822,-0.001680,0.090856,-0.269190,-0.269190,-15.4234,-15.4234,1,1,0.001361,0.00000185
1771742647.022233,28.310000,0.010000,0.001294,-0.046443,0.054964,3.1492,0.953419,0.001110,0.279007,-0.272084,-0.272084,-15.5892,-15.5892,1,1,0.001294,0.00000167
1771742647.032233,28.320000,0.010000,0.001259,-0.042984,0.056438,3.2337,0.956766,0.000061,-0.104935,-0.308268,-0.308268,-17.6625,-17.6625,1,1,0.001259,0.00000158
1771742647.042233,28.330000,0.010000,0.001260,-0.037817,0.057822,3.3129,0.932037,-0.000005,-0.006531,-0.277999,-0.277999,-15.9281,-15.9281,1,1,0.001260,0.00000159
1771742647.052233,28.340000,0.010000,0.001299,-0.033675,0.059109,3.3867,0.927807,-0.003553,-0.354781,-0.306742,-0.306742,-17.5750,-17.5750,1,1,0.001299,0.00000169
1771742647.062232,28.350000,0.010000,0.001391,-0.025142,0.060046,3.4404,0.846424,-0.010148,-0.659499,-0.272952,-0.272952,-15.6390,-15.6390,1,1,0.001391,0.00000193
1771742647.072232,28.360000,0.010000,0.001515,-0.024897,0.061000,3.4950,0.914279,-0.017076,-0.692859,-0.231755,-0.231755,-13.2786,-13.2786,1,1,0.001515,0.00000230
1771742647.082232,28.370000,0.010000,0.001713,-0.008160,0.061203,3.5067,0.678087,-0.025584,-0.850739,-0.227871,-0.227871,-13.0561,-13.0561,1,1,0.001713,0.00000293
1771742647.092233,28.380000,0.010000,0.001955,-0.011648,0.061179,3.5053,0.811598,-0.029537,-0.395331,-0.174342,-0.174342,-9.9891,-9.9891,1,1,0.001955,0.00000382
1771742647.102233,28.390000,0.010000,0.002205,-0.007283,0.061456,3.5211,0.773342,-0.036487,-0.694980,-0.262375,-0.262375,-15.0330,-15.0330,1,1,0.002205,0.00000486
1771742647.112233,28.400000,0.010000,0.002484,-0.004202,0.061495,3.5234,0.744412,-0.046058,-0.957174,-0.180683,-0.180683,-10.3524,-10.3524,1,1,0.002484,0.00000617
1771742647.122233,28.410000,0.010000,0.002791,0.000012,0.061160,3.5042,0.674902,-0.057924,-1.186593,-0.110578,-0.110578,-6.3357,-6.3357,1,1,0.002791,0.00000779
1771742647.132233,28.420000,0.010000,0.003111,0.000013,0.060595,3.4719,0.672565,-0.071798,-1.387334,-0.057740,-0.057740,-3.3083,-3.3083,1,1,0.003111,0.00000968
1771742647.142233,28.430000,0.010000,0.003430,0.000011,0.059567,3.4130,0.559999,-0.087427,-1.562983,-0.009189,-0.009189,-0.5265,-0.5265,1,1,0.003430,0.00001177
1771742647.152233,28.440000,0.010000,0.003743,0.000011,0.058142,3.3313,0.552482,-0.104594,-1.716676,0.014994,0.014994,0.8591,0.8591,1,1,0.003743,0.00001401
1771742647.162233,28.450000,0.010000,0.004055,0.000008,0.056195,3.2197,0.430646,-0.123106,-1.851158,0.054406,0.054406,3.1172,3.1172,1,1,0.004055,0.00001644
1771742647.172233,28.460000,0.010000,0.004359,0.000009,0.053818,3.0836,0.423500,-0.142467,-1.936159,0.068534,0.068534,3.9267,3.9267,1,1,0.004359,0.00001900
1771742647.182233,28.470000,0.010000,0.004662,0.000006,0.050889,2.9157,0.294412,-0.162899,-2.043205,0.079895,0.079895,4.5777,4.5777,1,1,0.004662,0.00002174
1771742647.192233,28.480000,0.010000,0.004954,-0.001217,0.047750,2.7359,0.346629,-0.177287,-1.438738,0.062881,0.062881,3.6028,3.6028,1,1,0.004954,0.00002454
1771742647.202233,28.490000,0.010000,0.005246,0.000005,0.044299,2.5381,0.227674,-0.186385,-0.909830,0.052810,0.052810,3.0258,3.0258,1,1,0.005246,0.00002752
1771742647.212233,28.500000,0.010000,0.005501,-0.008597,0.041154,2.3580,0.396065,-0.191571,-0.518577,0.067035,0.067035,3.8408,3.8408,1,1,0.005501,0.00003026
1771742647.222233,28.510000,0.010000,0.005762,0.000004,0.037442,2.1453,0.122256,-0.192618,-0.104689,0.058001,0.058001,3.3232,3.3232,1,1,0.005762,0.00003320
1771742647.232233,28.520000,0.010000,0.005960,-0.020825,0.034355,1.9684,0.492856,-0.197024,-0.440669,0.070329,0.070329,4.0295,4.0295,1,1,0.005960,0.00003552
1771742647.242233,28.530000,0.010000,0.006172,0.000002,0.030263,1.7340,-0.049177,-0.197390,-0.036519,0.060407,0.060407,3.4611,3.4611,1,1,0.006172,0.00003809
1771742647.252233,28.540000,0.010000,0.006342,-0.025017,0.026154,1.4985,0.382276,-0.194219,0.317112,0.064906,0.064906,3.7189,3.7189,1,1,0.006342,0.00004022
1771742647.262233,28.550000,0.010000,0.006442,-0.021277,0.023125,1.3250,0.295509,-0.187953,0.626539,0.081082,0.081082,4.6457,4.6457,1,1,0.006442,0.00004149
1771742647.272233,28.560000,0.010000,0.006474,-0.040078,0.021079,1.2077,0.602010,-0.178980,0.897287,0.072174,0.072174,4.1353,4.1353,1,1,0.006474,0.00004192
1771742647.282233,28.570000,0.010000,0.006551,-0.013790,0.018003,1.0315,0.107182,-0.167638,1.134192,0.095367,0.095367,5.4642,5.4642,1,1,0.006551,0.00004292
1771742647.292233,28.580000,0.010000,0.006621,-0.036482,0.014785,0.8471,0.475036,-0.154224,1.341484,0.060002,0.060002,3.4378,3.4378,1,1,0.006621,0.00004384
1771742647.302233,28.590000,0.010000,0.006547,-0.052245,0.013792,0.7902,0.712787,-0.138995,1.522864,0.003739,0.003739,0.2142,0.2142,1,1,0.006547,0.00004286
1771742647.312232,28.600000,0.010000,0.006462,-0.041460,0.012613,0.7227,0.479281,-0.122179,1.681572,-0.050645,-0.050645,-2.9017,-2.9017,1,1,0.006462,0.00004176
1771742647.322232,28.610000,0.010000,0.006348,-0.057006,0.011619,0.6657,0.711401,-0.103975,1.820441,-0.024026,-0.024026,-1.3766,-1.3766,1,1,0.006348,0.00004029
1771742647.332232,28.620000,0.010000,0.006134,-0.067835,0.012002,0.6877,0.858168,-0.084555,1.941952,-0.118511,-0.118511,-6.7902,-6.7902,1,1,0.006134,0.00003763
1771742647.342233,28.630000,0.010000,0.005877,-0.069024,0.012779,0.7322,0.836019,-0.065606,1.894884,-0.005465,-0.005465,-0.3131,-0.3131,1,1,0.005877,0.00003454
1771742647.352233,28.640000,0.010000,0.005583,-0.076820,0.013886,0.7956,0.934339,-0.050155,1.545095,-0.002413,-0.002413,-0.1383,-0.1383,1,1,0.005583,0.00003117
1771742647.362233,28.650000,0.010000,0.005241,-0.081932,0.015542,0.8905,0.992401,-0.035095,1.506049,0.053896,0.053896,3.0880,3.0880,1,1,0.005241,0.00002747
1771742647.372233,28.660000,0.010000,0.004902,-0.081492,0.017326,0.9927,1.005334,-0.023157,1.193773,0.119373,0.119373,6.8396,6.8396,1,1,0.004902,0.00002403
1771742647.382233,28.670000,0.010000,0.004564,-0.081102,0.019203,1.1002,1.014500,-0.012149,1.100794,0.100473,0.100473,5.7567,5.7567,1,1,0.004564,0.00002083
1771742647.392233,28.680000,0.010000,0.004227,-0.080747,0.021145,1.2115,1.020837,-0.000495,1.165392,0.111166,0.111166,6.3694,6.3694,1,1,0.004227,0.00001787
1771742647.402233,28.690000,0.010000,0.003892,-0.080419,0.023135,1.3255,1.025048,0.008588,0.908368,0.163243,0.163243,9.3532,9.3532,1,1,0.003892,0.00001515
1771742647.412233,28.700000,0.010000,0.003558,-0.080110,0.025156,1.4413,1.027657,0.019436,1.084739,0.124013,0.124013,7.1054,7.1054,1,1,0.003558,0.00001266
1771742647.422233,28.710000,0.010000,0.003226,-0.079815,0.027198,1.5583,1.029057,0.025437,0.600081,0.193322,0.193322,11.0765,11.0765,1,1,0.003226,0.00001040
1771742647.432233,28.720000,0.010000,0.002895,-0.079421,0.029247,1.6757,1.028960,0.027197,0.176005,0.084796,0.084796,4.8585,4.8585,1,1,0.002895,0.00000838
1771742647.442233,28.730000,0.010000,0.002570,-0.078703,0.031280,1.7922,1.026504,0.025246,-0.195061,0.009972,0.009972,0.5713,0.5713,1,1,0.002570,0.00000660
1771742647.452233,28.740000,0.010000,0.002254,-0.077448,0.033271,1.9063,1.021123,0.020049,-0.519745,-0.006304,-0.006304,-0.3612,-0.3612,1,1,0.002254,0.00000508
1771742647.462233,28.750000,0.010000,0.001951,-0.075759,0.035205,2.0171,1.014118,0.012010,-0.803842,-0.013683,-0.013683,-0.7840,-0.7840,1,1,0.001951,0.00000381
1771742647.472233,28.760000,0.010000,0.001665,-0.073697,0.037073,2.1242,1.006273,0.008467,-0.354296,0.016063,0.016063,0.9204,0.9204,1,1,0.001665,0.00000277
1771742647.482233,28.770000,0.010000,0.001399,-0.071300,0.038872,2.2272,0.998062,0.007107,-0.136002,-0.036050,-0.036050,-2.0655,-2.0655,1,1,0.001399,0.00000196
1771742647.492233,28.780000,0.010000,0.001154,-0.068608,0.040602,2.3263,0.989895,0.009408,0.230064,-0.078596,-0.078596,-4.5032,-4.5032,1,1,0.001154,0.00000133
1771742647.502233,28.790000,0.010000,0.000933,-0.065656,0.042265,2.4216,0.982080,0.014911,0.550372,-0.133186,-0.133186,-7.6310,-7.6310,1,1,0.000933,0.00000087
1771742647.512233,28.800000,0.010000,0.000739,-0.062478,0.043865,2.5133,0.974860,0.023218,0.830641,-0.128873,-0.128873,-7.3839,-7.3839,1,1,0.000739,0.00000055
1771742647.522233,28.810000,0.010000,0.000572,-0.059102,0.045410,2.6018,0.968432,0.033977,1.075877,-0.062202,-0.062202,-3.5639,-3.5639,1,1,0.000572,0.00000033
1771742647.532233,28.820000,0.010000,0.000435,-0.055559,0.046907,2.6876,0.962961,0.046881,1.290458,-0.014710,-0.014710,-0.8428,-0.8428,1,1,0.000435,0.00000019
1771742647.542233,28.830000,0.010000,0.000328,-0.051876,0.048365,2.7711,0.958590,0.056523,0.964147,0.022191,0.022191,1.2715,1.2715,1,1,0.000328,0.00000011
1771742647.552233,28.840000,0.010000,0.000252,-0.048079,0.049793,2.8530,0.955442,0.068450,1.192694,-0.111317,-0.111317,-6.3780,-6.3780,1,1,0.000252,0.00000006
1771742647.562232,28.850000,0.010000,0.000209,-0.044193,0.051204,2.9338,0.953627,0.075395,0.694542,-0.124066,-0.124066,-7.1085,-7.1085,1,1,0.000209,0.00000004
1771742647.572232,28.860000,0.010000,0.000198,-0.040244,0.052608,3.0142,0.953241,0.077982,0.258658,-0.231917,-0.231917,-13.2878,-13.2878,1,1,0.000198,0.00000004
1771742647.582232,28.870000,0.010000,0.000221,-0.036254,0.054019,3.0951,0.954367,0.076754,-0.122740,-0.291364,-0.291364,-16.6939,-16.6939,1,1,0.000221,0.00000005
1771742647.592233,28.880000,0.010000,0.000277,-0.032245,0.055449,3.1770,0.957082,0.072190,-0.456463,-0.289186,-0.289186,-16.5692,-16.5692,1,1,0.000277,0.00000008
1771742647.602233,28.890000,0.010000,0.000366,-0.028236,0.056911,3.2608,0.961447,0.065174,-0.701578,-0.270227,-0.270227,-15.4829,-15.4829,1,1,0.000366,0.00000013
1771742647.612233,28.900000,0.010000,0.000489,-0.024246,0.058420,3.3472,0.967517,0.055544,-0.962946,-0.263627,-0.263627,-15.1047,-15.1047,1,1,0.000489,0.00000024
1771742647.622233,28.910000,0.010000,0.000645,-0.020292,0.059991,3.4372,0.975336,0.043628,-1.191644,-0.250017,-0.250017,-14.3249,-14.3249,1,1,0.000645,0.00000042
1771742647.632233,28.920000,0.010000,0.000834,-0.016386,0.061638,3.5316,0.984938,0.029710,-1.391754,-0.252889,-0.252889,-14.4895,-14.4895,1,1,0.000834,0.00000069
1771742647.642233,28.930000,0.010000,0.001059,-0.011426,0.063294,3.6265,0.976328,0.014042,-1.566851,-0.236614,-0.236614,-13.5570,-13.5570,1,1,0.001059,0.00000112
1771742647.652233,28.940000,0.010000,0.001327,-0.005728,0.064558,3.6989,0.886043,0.003823,-1.021929,-0.191788,-0.191788,-10.9886,-10.9886,1,1,0.001327,0.00000176
1771742647.662233,28.950000,0.010000,0.001615,-0.005599,0.065802,3.7702,0.950263,-0.001629,-0.545122,-0.246066,-0.246066,-14.0985,-14.0985,1,1,0.001615,0.00000261
1771742647.672233,28.960000,0.010000,0.001929,0.000013,0.066805,3.8276,0.836836,-0.002908,-0.127916,-0.283366,-0.283366,-16.2357,-16.2357,1,1,0.001929,0.00000372
1771742647.682233,28.970000,0.010000,0.002257,-0.000711,0.067812,3.8854,0.925563,-0.007518,-0.460992,-0.324300,-0.324300,-18.5810,-18.5810,1,1,0.002257,0.00000509
1771742647.692233,28.980000,0.010000,0.002588,0.000014,0.068543,3.9272,0.783425,-0.015042,-0.752434,-0.284036,-0.284036,-16.2741,-16.2741,1,1,0.002588,0.00000670
1771742647.702233,28.990000,0.010000,0.002913,-0.000150,0.069095,3.9589,0.851035,-0.025116,-1.007445,-0.254017,-0.254017,-14.5541,-14.5541,1,1,0.002913,0.00000849
1771742647.712233,29.000000,0.010000,0.003243,0.000558,0.069166,3.9629,0.676938,-0.037422,-1.230581,-0.207077,-0.207077,-11.8647,-11.8647,1,1,0.003243,0.00001052
1771742647.722233,29.010000,0.010000,0.003562,-0.000465,0.068999,3.9533,0.756770,-0.051681,-1.425824,-0.120152,-0.120152,-6.8842,-6.8842,1,1,0.003562,0.00001269
1771742647.732233,29.020000,0.010000,0.003896,0.003536,0.068138,3.9040,0.522103,-0.067647,-1.596662,-0.045083,-0.045083,-2.5831,-2.5831,1,1,0.003896,0.00001518
1771742647.742233,29.030000,0.010000,0.004207,-0.003387,0.067272,3.8544,0.707073,-0.085109,-1.746145,-0.048295,-0.048295,-2.7671,-2.7671,1,1,0.004207,0.00001770
1771742647.752233,29.040000,0.010000,0.004567,0.013939,0.065036,3.7263,0.225631,-0.103878,-1.876943,0.037319,0.037319,2.1382,2.1382,1,1,0.004567,0.00002086
1771742647.762233,29.050000,0.010000,0.004907,-0.003020,0.062635,3.5887,0.572434,-0.122504,-1.862637,0.058363,0.058363,3.3440,3.3440,1,1,0.004907,0.00002408
1771742647.772233,29.060000,0.010000,0.005240,0.009086,0.059771,3.4246,0.178013,-0.136768,-1.426375,0.084289,0.084289,4.8294,4.8294,1,1,0.005240,0.00002746
1771742647.782233,29.070000,0.010000,0.005529,-0.009381,0.057114,3.2724,0.544406,-0.145758,-0.899012,0.074919,0.074919,4.2925,4.2925,1,1,0.005529,0.00003056
1771742647.792233,29.080000,0.010000,0.005824,0.007198,0.053677,3.0755,0.058714,-0.157115,-1.135702,0.048640,0.048640,2.7869,2.7869,1,1,0.005824,0.00003391
1771742647.802233,29.090000,0.010000,0.006075,-0.014556,0.050320,2.8831,0.469524,-0.170543,-1.342805,0.105819,0.105819,6.0630,6.0630,1,1,0.006075,0.00003690
1771742647.812232,29.100000,0.010000,0.006323,0.002526,0.046244,2.6496,-0.036939,-0.185784,-1.524020,0.060737,0.060737,3.4800,3.4800,1,1,0.006323,0.00003998
1771742647.822232,29.110000,0.010000,0.006517,-0.022057,0.042330,2.4253,0.409034,-0.198065,-1.228159,0.082874,0.082874,4.7483,4.7483,1,1,0.006517,0.00004247
1771742647.832232,29.120000,0.010000,0.006719,0.000001,0.037798,2.1656,-0.098515,-0.205321,-0.725573,0.022800,0.022800,1.3063,1.3063,1,1,0.006719,0.00004514
1771742647.842233,29.130000,0.010000,0.006877,-0.026704,0.033527,1.9210,0.369390,-0.208179,-0.285811,0.051675,0.051675,2.9608,2.9608,1,1,0.006877,0.00004729
1771742647.852233,29.140000,0.010000,0.007029,-0.006520,0.029268,1.6769,-0.000425,-0.207189,0.098981,0.060428,0.060428,3.4623,3.4623,1,1,0.007029,0.00004940
1771742647.862233,29.150000,0.010000,0.007143,-0.031698,0.025527,1.4626,0.424346,-0.202832,0.435675,0.043344,0.043344,2.4834,2.4834,1,1,0.007143,0.00005103
1771742647.872233,29.160000,0.010000,0.007239,-0.015083,0.021881,1.2537,0.103248,-0.195530,0.730281,0.083950,0.083950,4.8100,4.8100,1,1,0.007239,0.00005241
1771742647.882233,29.170000,0.010000,0.007292,-0.038741,0.018748,1.0742,0.487749,-0.185649,0.988062,0.061338,0.061338,3.5144,3.5144,1,1,0.007292,0.00005318
1771742647.892233,29.180000,0.010000,0.007298,-0.030390,0.016120,0.9236,0.300438,-0.173513,1.213620,0.085310,0.085310,4.8879,4.8879,1,1,0.007298,0.00005326
1771742647.902233,29.190000,0.010000,0.007246,-0.050488,0.014160,0.8113,0.611755,-0.159403,1.410983,0.054200,0.054200,3.1054,3.1054,1,1,0.007246,0.00005250
1771742647.912233,29.200000,0.010000,0.007155,-0.043048,0.012483,0.7153,0.432971,-0.143566,1.583676,-0.005597,-0.005597,-0.3207,-0.3207,1,1,0.007155,0.00005119
1771742647.922233,29.210000,0.010000,0.007014,-0.060488,0.011291,0.6469,0.692379,-0.126218,1.734783,0.020125,0.020125,1.1531,1.1531,1,1,0.007014,0.00004920
1771742647.932233,29.220000,0.010000,0.006798,-0.064184,0.011011,0.6309,0.706880,-0.107548,1.867001,-0.050070,-0.050070,-2.8688,-2.8688,1,1,0.006798,0.00004621
1771742647.942233,29.230000,0.010000,0.006519,-0.075828,0.011428,0.6548,0.863060,-0.087721,1.982691,-0.096308,-0.096308,-5.5180,-5.5180,1,1,0.006519,0.00004249
1771742647.952233,29.240000,0.010000,0.006204,-0.075618,0.012160,0.6967,0.822527,-0.066882,2.083921,0.012569,0.012569,0.7201,0.7201,1,1,0.006204,0.00003849
1771742647.962233,29.250000,0.010000,0.005857,-0.083312,0.013178,0.7551,0.925730,-0.052139,1.474365,0.028318,0.028318,1.6225,1.6225,1,1,0.005857,0.00003430
1771742647.972233,29.260000,0.010000,0.005512,-0.082638,0.014487,0.8300,0.955956,-0.039162,1.297671,0.051092,0.051092,2.9274,2.9274,1,1,0.005512,0.00003038
1771742647.982233,29.270000,0.010000,0.005170,-0.082073,0.016010,0.9173,0.978059,-0.026713,1.244871,0.069480,0.069480,3.9809,3.9809,1,1,0.005170,0.00002673
1771742647.992233,29.280000,0.010000,0.004830,-0.081590,0.017690,1.0136,0.994074,-0.017956,0.875712,0.100215,0.100215,5.7419,5.7419,1,1,0.004830,0.00002333
1771742648.002233,29.290000,0.010000,0.004492,-0.081167,0.019485,1.1164,1.005523,-0.006803,1.115314,0.055044,0.055044,3.1538,3.1538,1,1,0.004492,0.00002018
1771742648.012233,29.300000,0.010000,0.004155,-0.080789,0.021361,1.2239,1.013545,0.001715,0.851760,0.138099,0.138099,7.9125,7.9125,1,1,0.004155,0.00001727
1771742648.022233,29.310000,0.010000,0.003820,-0.080443,0.023297,1.3348,1.018993,0.012164,1.044937,0.092471,0.092471,5.2982,5.2982,1,1,0.003820,0.00001459
1771742648.032233,29.320000,0.010000,0.003486,-0.080121,0.025272,1.4480,1.022503,0.017817,0.565254,0.170794,0.170794,9.7858,9.7858,1,1,0.003486,0.00001215
1771742648.042233,29.330000,0.010000,0.003154,-0.079816,0.027275,1.5627,1.024554,0.019272,0.145531,0.071447,0.071447,4.0936,4.0936,1,1,0.003154,0.00000994
1771742648.052233,29.340000,0.010000,0.002823,-0.079400,0.029288,1.6781,1.024842,0.019379,0.010667,0.009761,0.009761,0.5593,0.5593,1,1,0.002823,0.00000797
1771742648.062232,29.350000,0.010000,0.002498,-0.078650,0.031288,1.7927,1.022575,0.015981,-0.339733,0.000133,0.000133,0.0076,0.0076,1,1,0.002498,0.00000624
1771742648.072232,29.360000,0.010000,0.002183,-0.077361,0.033247,1.9049,1.017295,0.009518,-0.646332,-0.002933,-0.002933,-0.1681,-0.1681,1,1,0.002183,0.00000477
1771742648.082232,29.370000,0.010000,0.001881,-0.075638,0.035148,2.0139,1.010333,0.007353,-0.216475,0.015915,0.015915,0.9118,0.9118,1,1,0.001881,0.00000354
1771742648.092233,29.380000,0.010000,0.001597,-0.073543,0.036985,2.1191,1.002496,0.008950,0.159651,-0.030446,-0.030446,-1.7445,-1.7445,1,1,0.001597,0.00000255
1771742648.102233,29.390000,0.010000,0.001332,-0.071115,0.038752,2.2203,0.994278,0.013837,0.488760,-0.083650,-0.083650,-4.7928,-4.7928,1,1,0.001332,0.00000177
1771742648.112233,29.400000,0.010000,0.001089,-0.068396,0.040450,2.3176,0.986101,0.020793,0.695539,-0.086242,-0.086242,-4.9413,-4.9413,1,1,0.001089,0.00000118
1771742648.122233,29.410000,0.010000,0.000870,-0.065421,0.042081,2.4110,0.978274,0.030369,0.957662,-0.046386,-0.046386,-2.6577,-2.6577,1,1,0.000870,0.00000076
1771742648.132233,29.420000,0.010000,0.000678,-0.062222,0.043649,2.5009,0.971047,0.035258,0.488889,0.044947,0.044947,2.5753,2.5753,1,1,0.000678,0.00000046
1771742648.142233,29.430000,0.010000,0.000513,-0.058831,0.045162,2.5876,0.964618,0.043027,0.776843,-0.118614,-0.118614,-6.7961,-6.7961,1,1,0.000513,0.00000026
1771742648.152233,29.440000,0.010000,0.000378,-0.055276,0.046627,2.6715,0.959152,0.049207,0.618052,-0.067422,-0.067422,-3.8630,-3.8630,1,1,0.000378,0.00000014
1771742648.162233,29.450000,0.010000,0.000273,-0.051585,0.048053,2.7532,0.954791,0.058106,0.889861,-0.137336,-0.137336,-7.8688,-7.8688,1,1,0.000273,0.00000007
1771742648.172233,29.460000,0.010000,0.000200,-0.047785,0.049450,2.8333,0.951660,0.062401,0.429563,-0.121506,-0.121506,-6.9618,-6.9618,1,1,0.000200,0.00000004
1771742648.182233,29.470000,0.010000,0.000159,-0.043901,0.050830,2.9123,0.949866,0.062669,0.026802,-0.229137,-0.229137,-13.1286,-13.1286,1,1,0.000159,0.00000003
1771742648.192233,29.480000,0.010000,0.000151,-0.039957,0.052203,2.9910,0.949504,0.059413,-0.325614,-0.267910,-0.267910,-15.3501,-15.3501,1,1,0.000151,0.00000002
1771742648.202233,29.490000,0.010000,0.000176,-0.035976,0.053582,3.0700,0.950656,0.053073,-0.633978,-0.247282,-0.247282,-14.1682,-14.1682,1,1,0.000176,0.00000003
1771742648.212233,29.500000,0.010000,0.000234,-0.031979,0.054981,3.1502,0.953396,0.048429,-0.464485,-0.227147,-0.227147,-13.0146,-13.0146,1,1,0.000234,0.00000005
1771742648.222233,29.510000,0.010000,0.000326,-0.027987,0.056413,3.2322,0.957785,0.040874,-0.755490,-0.270134,-0.270134,-15.4776,-15.4776,1,1,0.000326,0.00000011
1771742648.232233,29.520000,0.010000,0.000451,-0.024017,0.057892,3.3170,0.963877,0.030773,-1.010120,-0.252812,-0.252812,-14.4851,-14.4851,1,1,0.000451,0.00000020
1771742648.242233,29.530000,0.010000,0.000608,-0.020086,0.059433,3.4052,0.971712,0.018443,-1.232921,-0.245939,-0.245939,-14.0913,-14.0913,1,1,0.000608,0.00000037
1771742648.252233,29.540000,0.010000,0.000798,-0.016207,0.061050,3.4979,0.981324,0.010340,-0.810362,-0.232710,-0.232710,-13.3333,-13.3333,1,1,0.000798,0.00000064
1771742648.262233,29.550000,0.010000,0.001033,-0.009390,0.062449,3.5781,0.918574,0.006740,-0.360001,-0.278573,-0.278573,-15.9611,-15.9611,1,1,0.001033,0.00000107
1771742648.272233,29.560000,0.010000,0.001296,-0.008362,0.063814,3.6563,0.957443,0.000099,-0.664067,-0.303540,-0.303540,-17.3915,-17.3915,1,1,0.001296,0.00000168
1771742648.282233,29.570000,0.010000,0.001599,-0.000073,0.064630,3.7030,0.790593,-0.008341,-0.844009,-0.280254,-0.280254,-16.0574,-16.0574,1,1,0.001599,0.00000256
1771742648.292233,29.580000,0.010000,0.001925,-0.001083,0.065299,3.7413,0.886422,-0.019217,-1.087573,-0.246433,-0.246433,-14.1196,-14.1196,1,1,0.001925,0.00000370
1771742648.302233,29.590000,0.010000,0.002253,0.000011,0.065619,3.7597,0.721620,-0.032003,-1.278615,-0.207824,-0.207824,-11.9075,-11.9075,1,1,0.002253,0.00000508
1771742648.312232,29.600000,0.010000,0.002578,0.000014,0.065660,3.7620,0.783598,-0.046681,-1.467854,-0.101754,-0.101754,-5.8301,-5.8301,1,1,0.002578,0.00000664
1771742648.322232,29.610000,0.010000,0.002912,0.001844,0.065093,3.7296,0.584141,-0.063016,-1.633438,-0.029775,-0.029775,-1.7060,-1.7060,1,1,0.002912,0.00000848
1771742648.332232,29.620000,0.010000,0.003233,-0.000517,0.064287,3.6834,0.684532,-0.080799,-1.778324,-0.032474,-0.032474,-1.8606,-1.8606,1,1,0.003233,0.00001045
1771742648.342233,29.630000,0.010000,0.003577,0.006384,0.062605,3.5870,0.389862,-0.099093,-1.829346,0.040520,0.040520,2.3216,2.3216,1,1,0.003577,0.00001279
1771742648.352233,29.640000,0.010000,0.003885,-0.005463,0.061059,3.4984,0.657593,-0.118590,-1.949743,0.020665,0.020665,1.1840,1.1840,1,1,0.003885,0.00001510
1771742648.362233,29.650000,0.010000,0.004251,0.017582,0.057946,3.3201,0.062601,-0.135368,-1.677781,0.110702,0.110702,6.3428,6.3428,1,1,0.004251,0.00001807
1771742648.372233,29.660000,0.010000,0.004601,-0.002816,0.054480,3.1215,0.456303,-0.149189,-1.382144,0.120300,0.120300,6.8927,6.8927,1,1,0.004601,0.00002117
1771742648.382233,29.670000,0.010000,0.004893,0.000005,0.051511,2.9514,0.255077,-0.159629,-1.044011,0.069748,0.069748,3.9963,3.9963,1,1,0.004893,0.00002394
1771742648.392233,29.680000,0.010000,0.005142,-0.010800,0.048792,2.7956,0.476104,-0.172255,-1.262576,0.081538,0.081538,4.6718,4.6718,1,1,0.005142,0.00002644
1771742648.402233,29.690000,0.010000,0.005421,0.005383,0.044780,2.5657,-0.014588,-0.186793,-1.453820,0.059436,0.059436,3.4054,3.4054,1,1,0.005421,0.00002939
1771742648.412233,29.700000,0.010000,0.005651,-0.017446,0.040874,2.3419,0.406171,-0.198476,-1.168260,0.087415,0.087415,5.0085,5.0085,1,1,0.005651,0.00003193
1771742648.422233,29.710000,0.010000,0.005875,0.000002,0.036536,2.0934,-0.037814,-0.205208,-0.673161,0.032188,0.032188,1.8443,1.8443,1,1,0.005875,0.00003451
1771742648.432233,29.720000,0.010000,0.006050,-0.024194,0.032498,1.8620,0.390907,-0.207607,-0.239950,0.059900,0.059900,3.4320,3.4320,1,1,0.006050,0.00003661
1771742648.442233,29.730000,0.010000,0.006233,-0.002486,0.028262,1.6193,-0.001138,-0.206216,0.139109,0.064091,0.064091,3.6721,3.6721,1,1,0.006233,0.00003886
1771742648.452233,29.740000,0.010000,0.006389,-0.026577,0.024416,1.3989,0.410042,-0.201508,0.470787,0.053711,0.053711,3.0774,3.0774,1,1,0.006389,0.00004082
1771742648.462233,29.750000,0.010000,0.006508,-0.015338,0.021031,1.2050,0.187773,-0.193898,0.761004,0.089320,0.089320,5.1177,5.1177,1,1,0.006508,0.00004235
1771742648.472233,29.760000,0.010000,0.006576,-0.036351,0.018320,1.0496,0.530343,-0.183749,1.014944,0.066669,0.066669,3.8199,3.8199,1,1,0.006576,0.00004324
1771742648.482233,29.770000,0.010000,0.006628,-0.022720,0.015610,0.8944,0.254559,-0.171377,1.237142,0.104464,0.104464,5.9854,5.9854,1,1,0.006628,0.00004393
1771742648.492233,29.780000,0.010000,0.006640,-0.042749,0.013285,0.7612,0.570229,-0.157061,1.431565,0.051980,0.051980,2.9782,2.9782,1,1,0.006640,0.00004410
1771742648.502233,29.790000,0.010000,0.006572,-0.045637,0.012039,0.6898,0.577612,-0.141045,1.601686,0.006629,0.006629,0.3798,0.3798,1,1,0.006572,0.00004319
1771742648.512233,29.800000,0.010000,0.006434,-0.059244,0.011633,0.6665,0.772984,-0.123539,1.750541,-0.026069,-0.026069,-1.4937,-1.4937,1,1,0.006434,0.00004140
1771742648.522233,29.810000,0.010000,0.006285,-0.050616,0.011046,0.6329,0.574849,-0.104731,1.880789,-0.053251,-0.053251,-3.0510,-3.0510,1,1,0.006285,0.00003951
1771742648.532233,29.820000,0.010000,0.006108,-0.064108,0.010604,0.6076,0.769324,-0.084784,1.994756,-0.087781,-0.087781,-5.0295,-5.0295,1,1,0.006108,0.00003730
1771742648.542233,29.830000,0.010000,0.005844,-0.073501,0.011305,0.6477,0.890991,-0.063839,2.094477,-0.060082,-0.060082,-3.4425,-3.4425,1,1,0.005844,0.00003415
1771742648.552233,29.840000,0.010000,0.005519,-0.080190,0.012725,0.7291,0.967238,-0.049003,1.483602,0.084222,0.084222,4.8256,4.8256,1,1,0.005519,0.00003046
1771742648.562232,29.850000,0.010000,0.005178,-0.081825,0.014426,0.8266,0.996616,-0.035390,1.361288,0.080312,0.080312,4.6015,4.6015,1,1,0.005178,0.00002682
1771742648.572232,29.860000,0.010000,0.004839,-0.081422,0.016230,0.9299,1.006858,-0.022955,1.243515,0.107435,0.107435,6.1556,6.1556,1,1,0.004839,0.00002342
1771742648.582232,29.870000,0.010000,0.004501,-0.081059,0.018107,1.0375,1.013950,-0.013372,0.958320,0.123580,0.123580,7.0806,7.0806,1,1,0.004501,0.00002026
1771742648.592233,29.880000,0.010000,0.004165,-0.080726,0.020036,1.1480,1.018672,-0.001496,1.187596,0.081847,0.081847,4.6895,4.6895,1,1,0.004165,0.00001735
1771742648.602233,29.890000,0.010000,0.003830,-0.080415,0.021999,1.2604,1.021608,0.007025,0.852063,0.174038,0.174038,9.9717,9.9717,1,1,0.003830,0.00001467
1771742648.612233,29.900000,0.010000,0.003496,-0.080119,0.023984,1.3742,1.023193,0.017971,1.094621,0.114101,0.114101,6.5375,6.5375,1,1,0.003496,0.00001222
1771742648.622233,29.910000,0.010000,0.003163,-0.079834,0.025983,1.4887,1.023755,0.024058,0.608727,0.200729,0.200729,11.5009,11.5009,1,1,0.003163,0.00001001
1771742648.632233,29.920000,0.010000,0.002833,-0.079463,0.027983,1.6033,1.023030,0.025894,0.183570,0.097222,0.097222,5.5704,5.5704,1,1,0.002833,0.00000802
1771742648.642233,29.930000,0.010000,0.002506,-0.078797,0.029964,1.7168,1.020195,0.024010,-0.188442,0.022708,0.022708,1.3011,1.3011,1,1,0.002506,0.00000628
1771742648.652233,29.940000,0.010000,0.002189,-0.077601,0.031901,1.8278,1.014497,0.018870,-0.513952,0.007393,0.007393,0.4236,0.4236,1,1,0.002189,0.00000479
1771742648.662233,29.950000,0.010000,0.001885,-0.075973,0.033777,1.9353,1.007182,0.010882,-0.798774,0.001075,0.001075,0.0616,0.0616,1,1,0.001885,0.00000355
1771742648.672233,29.960000,0.010000,0.001597,-0.073978,0.035585,2.0389,0.999046,0.002012,-0.887060,0.030277,0.030277,1.7348,1.7348,1,1,0.001597,0.00000255
1771742648.682233,29.970000,0.010000,0.001328,-0.071651,0.037322,2.1384,0.990536,-0.002259,-0.427111,0.036446,0.036446,2.0882,2.0882,1,1,0.001328,0.00000176
1771742648.692233,29.980000,0.010000,0.001080,-0.069032,0.038987,2.2338,0.982055,-0.002506,-0.024657,-0.013363,-0.013363,-0.7656,-0.7656,1,1,0.001080,0.00000117
1771742648.702233,29.990000,0.010000,0.000855,-0.066155,0.040582,2.3252,0.973900,0.000769,0.327491,-0.090547,-0.090547,-5.1880,-5.1880,1,1,0.000855,0.00000073
